Datetime,Open,High,Low,Close,Volume,Dividends,Stock Splits
2024-03-31 18:00:00-04:00,5314.25,5326.75,5312.0,5326.0,10792,0.0,0.0
2024-03-31 19:00:00-04:00,5326.0,5333.5,5325.75,5332.5,9902,0.0,0.0
2024-03-31 20:00:00-04:00,5332.25,5332.5,5327.25,5329.0,11139,0.0,0.0
2024-03-31 21:00:00-04:00,5328.75,5329.75,5326.75,5327.25,5084,0.0,0.0
2024-03-31 22:00:00-04:00,5327.25,5327.25,5325.0,5326.75,5535,0.0,0.0
2024-03-31 23:00:00-04:00,5326.5,5328.5,5325.25,5328.25,3371,0.0,0.0
2024-04-01 00:00:00-04:00,5328.5,5329.5,5327.75,5329.25,2685,0.0,0.0
2024-04-01 01:00:00-04:00,5329.5,5329.75,5326.25,5326.5,2686,0.0,0.0
2024-04-01 02:00:00-04:00,5326.5,5328.25,5326.25,5326.75,4271,0.0,0.0
2024-04-01 03:00:00-04:00,5327.25,5330.5,5327.0,5329.75,6417,0.0,0.0
2024-04-01 04:00:00-04:00,5329.75,5329.75,5325.5,5329.0,7953,0.0,0.0
2024-04-01 05:00:00-04:00,5329.0,5329.5,5326.25,5327.5,4905,0.0,0.0
2024-04-01 06:00:00-04:00,5327.5,5329.5,5327.0,5329.0,5807,0.0,0.0
2024-04-01 07:00:00-04:00,5328.75,5328.75,5321.25,5323.25,13008,0.0,0.0
2024-04-01 08:00:00-04:00,5323.25,5323.5,5310.25,5315.25,32406,0.0,0.0
2024-04-01 09:00:00-04:00,5315.25,5317.25,5307.75,5314.5,145905,0.0,0.0
2024-04-01 10:00:00-04:00,5313.75,5315.25,5293.75,5296.0,204753,0.0,0.0
2024-04-01 11:00:00-04:00,5296.0,5297.0,5283.5,5283.5,140001,0.0,0.0
2024-04-01 12:00:00-04:00,5283.75,5295.0,5282.25,5291.75,88347,0.0,0.0
2024-04-01 13:00:00-04:00,5291.75,5292.0,5283.0,5290.0,76573,0.0,0.0
2024-04-01 14:00:00-04:00,5289.75,5294.25,5287.25,5291.25,57982,0.0,0.0
2024-04-01 15:00:00-04:00,5291.5,5300.75,5288.5,5294.5,178451,0.0,0.0
2024-04-01 16:00:00-04:00,5294.25,5296.25,5291.5,5293.75,49783,0.0,0.0
2024-04-01 18:00:00-04:00,5294.5,5294.5,5289.0,5289.5,0,0.0,0.0
2024-04-01 19:00:00-04:00,5289.5,5291.25,5286.5,5289.5,5772,0.0,0.0
2024-04-01 20:00:00-04:00,5289.5,5291.0,5287.25,5288.75,6635,0.0,0.0
2024-04-01 21:00:00-04:00,5288.75,5291.75,5287.0,5289.5,6777,0.0,0.0
2024-04-01 22:00:00-04:00,5289.75,5292.25,5288.25,5291.75,4544,0.0,0.0
2024-04-01 23:00:00-04:00,5291.5,5292.25,5289.25,5289.25,3628,0.0,0.0
2024-04-02 00:00:00-04:00,5289.5,5289.75,5287.5,5288.5,3258,0.0,0.0
2024-04-02 01:00:00-04:00,5288.5,5288.75,5285.25,5287.5,4146,0.0,0.0
2024-04-02 02:00:00-04:00,5287.25,5292.25,5287.0,5288.25,8233,0.0,0.0
2024-04-02 03:00:00-04:00,5288.25,5293.0,5285.0,5287.75,18400,0.0,0.0
2024-04-02 04:00:00-04:00,5288.25,5296.0,5286.75,5289.5,19004,0.0,0.0
2024-04-02 05:00:00-04:00,5289.25,5292.75,5286.75,5287.25,13283,0.0,0.0
2024-04-02 06:00:00-04:00,5287.25,5287.25,5279.25,5283.0,19296,0.0,0.0
2024-04-02 07:00:00-04:00,5282.75,5283.75,5274.0,5274.25,22485,0.0,0.0
2024-04-02 08:00:00-04:00,5274.5,5276.5,5258.75,5260.0,59022,0.0,0.0
2024-04-02 09:00:00-04:00,5259.75,5261.0,5238.5,5246.75,242726,0.0,0.0
2024-04-02 10:00:00-04:00,5247.0,5251.0,5235.0,5240.0,250818,0.0,0.0
2024-04-02 11:00:00-04:00,5240.0,5249.25,5239.0,5241.75,130665,0.0,0.0
2024-04-02 12:00:00-04:00,5241.75,5251.0,5239.5,5250.5,100236,0.0,0.0
2024-04-02 13:00:00-04:00,5250.5,5252.5,5244.5,5248.5,76502,0.0,0.0
2024-04-02 14:00:00-04:00,5248.5,5252.5,5247.5,5249.0,62037,0.0,0.0
2024-04-02 15:00:00-04:00,5249.0,5261.75,5248.5,5261.0,237153,0.0,0.0
2024-04-02 16:00:00-04:00,5260.75,5263.25,5260.0,5262.0,47990,0.0,0.0
2024-04-02 18:00:00-04:00,5262.5,5262.75,5258.75,5259.25,0,0.0,0.0
2024-04-02 19:00:00-04:00,5259.25,5260.25,5258.0,5258.5,3095,0.0,0.0
2024-04-02 20:00:00-04:00,5258.5,5258.5,5252.75,5254.25,9227,0.0,0.0
2024-04-02 21:00:00-04:00,5254.25,5254.75,5251.5,5251.5,8826,0.0,0.0
2024-04-02 22:00:00-04:00,5251.75,5254.25,5251.5,5252.5,4560,0.0,0.0
2024-04-02 23:00:00-04:00,5252.5,5255.25,5252.5,5255.0,4263,0.0,0.0
2024-04-03 00:00:00-04:00,5255.0,5255.0,5251.25,5253.5,3182,0.0,0.0
2024-04-03 01:00:00-04:00,5253.5,5254.0,5248.25,5248.75,5093,0.0,0.0
2024-04-03 02:00:00-04:00,5248.5,5252.75,5246.5,5251.25,8648,0.0,0.0
2024-04-03 03:00:00-04:00,5251.25,5254.5,5247.5,5248.0,17351,0.0,0.0
2024-04-03 04:00:00-04:00,5248.0,5255.75,5247.75,5252.5,11611,0.0,0.0
2024-04-03 05:00:00-04:00,5252.25,5254.75,5247.75,5248.5,9068,0.0,0.0
2024-04-03 06:00:00-04:00,5248.5,5250.75,5246.75,5249.75,9028,0.0,0.0
2024-04-03 07:00:00-04:00,5249.5,5258.25,5249.5,5257.25,16516,0.0,0.0
2024-04-03 08:00:00-04:00,5257.25,5261.25,5245.75,5250.25,47429,0.0,0.0
2024-04-03 09:00:00-04:00,5250.0,5257.0,5244.5,5255.0,152606,0.0,0.0
2024-04-03 10:00:00-04:00,5255.25,5279.5,5255.25,5277.75,230107,0.0,0.0
2024-04-03 11:00:00-04:00,5277.75,5280.75,5272.0,5272.75,99658,0.0,0.0
2024-04-03 12:00:00-04:00,5273.0,5279.5,5264.5,5273.75,190601,0.0,0.0
2024-04-03 13:00:00-04:00,5274.0,5279.0,5273.5,5276.5,62994,0.0,0.0
2024-04-03 14:00:00-04:00,5276.75,5279.0,5269.25,5270.5,73419,0.0,0.0
2024-04-03 15:00:00-04:00,5270.25,5271.25,5248.25,5265.75,287599,0.0,0.0
2024-04-03 16:00:00-04:00,5265.5,5271.75,5265.25,5266.5,61776,0.0,0.0
2024-04-03 18:00:00-04:00,5270.75,5270.75,5267.0,5268.5,0,0.0,0.0
2024-04-03 19:00:00-04:00,5268.75,5284.75,5268.25,5278.75,12440,0.0,0.0
2024-04-03 20:00:00-04:00,5278.5,5278.75,5274.75,5275.25,7068,0.0,0.0
2024-04-03 21:00:00-04:00,5275.5,5276.5,5274.5,5276.0,4600,0.0,0.0
2024-04-03 22:00:00-04:00,5276.25,5278.75,5275.5,5278.0,3448,0.0,0.0
2024-04-03 23:00:00-04:00,5278.0,5280.0,5277.5,5280.0,3795,0.0,0.0
2024-04-04 00:00:00-04:00,5280.0,5282.5,5280.0,5280.5,4281,0.0,0.0
2024-04-04 01:00:00-04:00,5280.5,5280.75,5277.0,5277.0,4224,0.0,0.0
2024-04-04 02:00:00-04:00,5277.0,5277.5,5274.75,5276.0,6302,0.0,0.0
2024-04-04 03:00:00-04:00,5276.25,5281.75,5274.75,5280.75,13254,0.0,0.0
2024-04-04 04:00:00-04:00,5280.75,5284.5,5280.0,5281.0,13212,0.0,0.0
2024-04-04 05:00:00-04:00,5281.0,5283.75,5279.75,5282.25,6243,0.0,0.0
2024-04-04 06:00:00-04:00,5282.5,5285.5,5280.0,5285.5,8917,0.0,0.0
2024-04-04 07:00:00-04:00,5285.5,5285.75,5281.25,5283.0,12808,0.0,0.0
2024-04-04 08:00:00-04:00,5283.25,5301.0,5280.75,5300.0,50992,0.0,0.0
2024-04-04 09:00:00-04:00,5300.0,5307.0,5295.25,5298.0,173476,0.0,0.0
2024-04-04 10:00:00-04:00,5298.0,5300.25,5294.25,5296.75,114749,0.0,0.0
2024-04-04 11:00:00-04:00,5296.5,5302.5,5292.75,5302.0,94230,0.0,0.0
2024-04-04 12:00:00-04:00,5302.25,5308.5,5301.25,5304.0,88405,0.0,0.0
2024-04-04 13:00:00-04:00,5304.25,5304.5,5286.0,5287.5,100782,0.0,0.0
2024-04-04 14:00:00-04:00,5287.5,5287.75,5222.25,5226.5,537946,0.0,0.0
2024-04-04 15:00:00-04:00,5226.25,5228.5,5194.25,5197.5,480396,0.0,0.0
2024-04-04 16:00:00-04:00,5197.25,5204.25,5192.5,5197.25,90684,0.0,0.0
2024-04-04 18:00:00-04:00,5199.75,5207.75,5198.25,5201.5,0,0.0,0.0
2024-04-04 19:00:00-04:00,5201.5,5205.25,5199.5,5200.75,7839,0.0,0.0
2024-04-04 20:00:00-04:00,5200.75,5205.0,5191.5,5200.5,19076,0.0,0.0
2024-04-04 21:00:00-04:00,5200.5,5202.0,5195.5,5196.75,13243,0.0,0.0
2024-04-04 22:00:00-04:00,5196.75,5201.25,5195.75,5201.0,7577,0.0,0.0
2024-04-04 23:00:00-04:00,5201.0,5205.75,5199.5,5205.25,8732,0.0,0.0
2024-04-05 00:00:00-04:00,5205.5,5206.25,5202.5,5204.5,5202,0.0,0.0
2024-04-05 01:00:00-04:00,5204.75,5207.5,5202.75,5206.0,7831,0.0,0.0
2024-04-05 02:00:00-04:00,5205.75,5211.5,5205.5,5209.75,16159,0.0,0.0
2024-04-05 03:00:00-04:00,5209.5,5211.75,5206.5,5210.75,20214,0.0,0.0
2024-04-05 04:00:00-04:00,5210.75,5214.0,5208.0,5211.75,19916,0.0,0.0
2024-04-05 05:00:00-04:00,5212.0,5214.0,5209.25,5212.25,14985,0.0,0.0
2024-04-05 06:00:00-04:00,5212.25,5213.0,5208.5,5212.5,12955,0.0,0.0
2024-04-05 07:00:00-04:00,5212.25,5219.5,5210.75,5214.25,21439,0.0,0.0
2024-04-05 08:00:00-04:00,5214.25,5224.5,5195.5,5211.0,133899,0.0,0.0
2024-04-05 09:00:00-04:00,5211.25,5231.25,5205.25,5226.25,232993,0.0,0.0
2024-04-05 10:00:00-04:00,5226.25,5248.5,5215.5,5248.25,260638,0.0,0.0
2024-04-05 11:00:00-04:00,5248.0,5265.25,5231.25,5262.25,231135,0.0,0.0
2024-04-05 12:00:00-04:00,5262.5,5272.5,5258.75,5271.5,154723,0.0,0.0
2024-04-05 13:00:00-04:00,5271.25,5272.25,5241.75,5245.75,184376,0.0,0.0
2024-04-05 14:00:00-04:00,5245.75,5261.0,5237.0,5246.5,205441,0.0,0.0
2024-04-05 15:00:00-04:00,5246.75,5260.75,5244.5,5251.25,195081,0.0,0.0
2024-04-05 16:00:00-04:00,5251.25,5256.0,5249.0,5255.75,50820,0.0,0.0
2024-04-07 18:00:00-04:00,5263.25,5269.25,5255.5,5256.75,8374,0.0,0.0
2024-04-07 19:00:00-04:00,5256.5,5260.0,5256.25,5258.75,7156,0.0,0.0
2024-04-07 20:00:00-04:00,5259.25,5259.5,5249.25,5254.5,11298,0.0,0.0
2024-04-07 21:00:00-04:00,5254.5,5258.0,5253.0,5255.25,10079,0.0,0.0
2024-04-07 22:00:00-04:00,5255.25,5256.0,5253.5,5255.25,5002,0.0,0.0
2024-04-07 23:00:00-04:00,5255.25,5255.5,5243.75,5245.75,9477,0.0,0.0
2024-04-08 00:00:00-04:00,5246.5,5248.5,5246.0,5247.25,3042,0.0,0.0
2024-04-08 01:00:00-04:00,5247.5,5250.5,5245.25,5247.75,6758,0.0,0.0
2024-04-08 02:00:00-04:00,5248.0,5250.75,5244.25,5245.25,8848,0.0,0.0
2024-04-08 03:00:00-04:00,5245.5,5259.25,5243.0,5255.5,23661,0.0,0.0
2024-04-08 04:00:00-04:00,5255.75,5257.75,5236.5,5244.25,28195,0.0,0.0
2024-04-08 05:00:00-04:00,5244.5,5251.75,5241.75,5250.0,15837,0.0,0.0
2024-04-08 06:00:00-04:00,5249.75,5253.5,5244.75,5253.0,11946,0.0,0.0
2024-04-08 07:00:00-04:00,5253.0,5256.25,5248.0,5253.5,17221,0.0,0.0
2024-04-08 08:00:00-04:00,5253.0,5266.25,5249.5,5265.0,35140,0.0,0.0
2024-04-08 09:00:00-04:00,5265.0,5266.75,5246.5,5254.75,168977,0.0,0.0
2024-04-08 10:00:00-04:00,5254.75,5268.75,5248.5,5267.0,168899,0.0,0.0
2024-04-08 11:00:00-04:00,5267.0,5268.5,5249.25,5253.75,119244,0.0,0.0
2024-04-08 12:00:00-04:00,5254.0,5261.25,5245.25,5261.25,104038,0.0,0.0
2024-04-08 13:00:00-04:00,5261.25,5261.5,5253.25,5260.0,65396,0.0,0.0
2024-04-08 14:00:00-04:00,5260.0,5261.75,5253.5,5259.5,71245,0.0,0.0
2024-04-08 15:00:00-04:00,5259.75,5264.25,5249.5,5254.5,173689,0.0,0.0
2024-04-08 16:00:00-04:00,5254.25,5258.25,5253.75,5257.0,40664,0.0,0.0
2024-04-08 18:00:00-04:00,5258.0,5260.0,5256.25,5257.75,0,0.0,0.0
2024-04-08 19:00:00-04:00,5257.75,5258.25,5255.0,5255.25,2259,0.0,0.0
2024-04-08 20:00:00-04:00,5255.0,5256.25,5253.25,5253.5,5217,0.0,0.0
2024-04-08 21:00:00-04:00,5253.75,5255.5,5252.0,5252.25,4148,0.0,0.0
2024-04-08 22:00:00-04:00,5252.25,5254.0,5251.75,5253.0,3834,0.0,0.0
2024-04-08 23:00:00-04:00,5253.25,5255.0,5253.0,5254.5,2826,0.0,0.0
2024-04-09 00:00:00-04:00,5255.0,5257.5,5254.75,5257.0,2800,0.0,0.0
2024-04-09 01:00:00-04:00,5257.25,5259.0,5256.0,5256.0,2951,0.0,0.0
2024-04-09 02:00:00-04:00,5256.0,5258.25,5254.75,5255.5,5650,0.0,0.0
2024-04-09 03:00:00-04:00,5255.0,5257.5,5248.5,5249.0,17137,0.0,0.0
2024-04-09 04:00:00-04:00,5249.25,5254.0,5248.25,5253.25,14064,0.0,0.0
2024-04-09 05:00:00-04:00,5253.25,5259.25,5252.0,5256.25,13799,0.0,0.0
2024-04-09 06:00:00-04:00,5256.25,5258.5,5246.0,5249.75,20421,0.0,0.0
2024-04-09 07:00:00-04:00,5250.0,5261.5,5249.75,5261.0,17781,0.0,0.0
2024-04-09 08:00:00-04:00,5261.0,5268.5,5261.0,5266.0,34709,0.0,0.0
2024-04-09 09:00:00-04:00,5266.0,5274.25,5254.0,5255.0,185523,0.0,0.0
2024-04-09 10:00:00-04:00,5255.5,5259.0,5208.25,5220.5,361470,0.0,0.0
2024-04-09 11:00:00-04:00,5220.5,5237.25,5217.0,5234.0,204416,0.0,0.0
2024-04-09 12:00:00-04:00,5234.25,5244.25,5231.75,5233.75,121102,0.0,0.0
2024-04-09 13:00:00-04:00,5234.0,5242.75,5232.0,5232.75,92700,0.0,0.0
2024-04-09 14:00:00-04:00,5233.0,5239.25,5228.25,5231.5,95644,0.0,0.0
2024-04-09 15:00:00-04:00,5231.25,5261.75,5223.0,5260.0,265990,0.0,0.0
2024-04-09 16:00:00-04:00,5260.0,5272.0,5259.25,5265.5,115116,0.0,0.0
2024-04-09 18:00:00-04:00,5264.25,5265.5,5262.0,5263.5,0,0.0,0.0
2024-04-09 19:00:00-04:00,5263.5,5264.0,5261.75,5262.0,2220,0.0,0.0
2024-04-09 20:00:00-04:00,5262.0,5265.25,5261.25,5264.75,4700,0.0,0.0
2024-04-09 21:00:00-04:00,5264.25,5265.25,5261.75,5265.0,3311,0.0,0.0
2024-04-09 22:00:00-04:00,5265.0,5265.25,5263.0,5264.75,3167,0.0,0.0
2024-04-09 23:00:00-04:00,5264.75,5265.0,5263.5,5264.25,2186,0.0,0.0
2024-04-10 00:00:00-04:00,5264.25,5266.0,5264.25,5264.75,2341,0.0,0.0
2024-04-10 01:00:00-04:00,5265.0,5267.25,5262.0,5262.25,3964,0.0,0.0
2024-04-10 02:00:00-04:00,5262.25,5265.25,5262.0,5263.75,6214,0.0,0.0
2024-04-10 03:00:00-04:00,5264.5,5267.5,5262.75,5265.25,11016,0.0,0.0
2024-04-10 04:00:00-04:00,5265.25,5269.75,5263.0,5268.75,11446,0.0,0.0
2024-04-10 05:00:00-04:00,5268.75,5270.25,5260.5,5260.75,12706,0.0,0.0
2024-04-10 06:00:00-04:00,5261.0,5265.25,5257.75,5265.0,14451,0.0,0.0
2024-04-10 07:00:00-04:00,5265.0,5268.0,5264.25,5267.75,13663,0.0,0.0
2024-04-10 08:00:00-04:00,5267.75,5285.0,5176.5,5192.25,250029,0.0,0.0
2024-04-10 09:00:00-04:00,5192.5,5209.5,5179.75,5204.5,381483,0.0,0.0
2024-04-10 10:00:00-04:00,5204.5,5226.5,5198.5,5209.25,325749,0.0,0.0
2024-04-10 11:00:00-04:00,5209.25,5209.75,5194.0,5197.5,171921,0.0,0.0
2024-04-10 12:00:00-04:00,5197.5,5208.25,5193.75,5206.0,109012,0.0,0.0
2024-04-10 13:00:00-04:00,5206.0,5216.0,5185.0,5202.0,363768,0.0,0.0
2024-04-10 14:00:00-04:00,5202.25,5211.0,5189.5,5190.0,212569,0.0,0.0
2024-04-10 15:00:00-04:00,5190.25,5215.0,5188.25,5205.5,308369,0.0,0.0
2024-04-10 16:00:00-04:00,5205.25,5207.25,5195.5,5203.75,64872,0.0,0.0
2024-04-10 18:00:00-04:00,5202.0,5202.0,5196.0,5199.0,0,0.0,0.0
2024-04-10 19:00:00-04:00,5199.0,5199.0,5192.0,5196.25,7028,0.0,0.0
2024-04-10 20:00:00-04:00,5196.25,5202.0,5195.75,5198.25,9510,0.0,0.0
2024-04-10 21:00:00-04:00,5198.0,5204.0,5196.5,5202.25,9824,0.0,0.0
2024-04-10 22:00:00-04:00,5202.25,5205.0,5202.0,5203.25,4638,0.0,0.0
2024-04-10 23:00:00-04:00,5203.0,5207.75,5202.25,5206.5,5088,0.0,0.0
2024-04-11 00:00:00-04:00,5206.5,5208.25,5205.5,5207.75,3266,0.0,0.0
2024-04-11 01:00:00-04:00,5208.0,5209.0,5206.75,5207.25,3782,0.0,0.0
2024-04-11 02:00:00-04:00,5206.75,5209.75,5202.75,5203.0,9343,0.0,0.0
2024-04-11 03:00:00-04:00,5203.25,5208.5,5202.25,5205.75,18355,0.0,0.0
2024-04-11 04:00:00-04:00,5205.75,5208.0,5194.75,5194.75,17129,0.0,0.0
2024-04-11 05:00:00-04:00,5195.0,5198.25,5190.75,5194.75,21383,0.0,0.0
2024-04-11 06:00:00-04:00,5194.5,5196.0,5189.75,5194.5,15142,0.0,0.0
2024-04-11 07:00:00-04:00,5194.25,5196.25,5178.5,5182.0,32362,0.0,0.0
2024-04-11 08:00:00-04:00,5182.0,5216.25,5173.5,5212.25,134514,0.0,0.0
2024-04-11 09:00:00-04:00,5212.25,5222.5,5202.25,5207.5,242405,0.0,0.0
2024-04-11 10:00:00-04:00,5207.75,5208.25,5181.75,5193.75,265089,0.0,0.0
2024-04-11 11:00:00-04:00,5193.75,5216.5,5192.75,5215.25,154521,0.0,0.0
2024-04-11 12:00:00-04:00,5215.25,5218.5,5209.25,5215.0,121318,0.0,0.0
2024-04-11 13:00:00-04:00,5214.75,5244.0,5210.5,5242.75,200316,0.0,0.0
2024-04-11 14:00:00-04:00,5242.75,5257.5,5241.75,5249.25,153367,0.0,0.0
2024-04-11 15:00:00-04:00,5249.25,5256.0,5241.75,5242.5,204130,0.0,0.0
2024-04-11 16:00:00-04:00,5242.25,5245.75,5240.0,5243.25,54032,0.0,0.0
2024-04-11 18:00:00-04:00,5244.0,5247.75,5242.25,5245.75,0,0.0,0.0
2024-04-11 19:00:00-04:00,5246.0,5246.75,5240.5,5244.5,4790,0.0,0.0
2024-04-11 20:00:00-04:00,5244.75,5246.75,5240.75,5246.0,5812,0.0,0.0
2024-04-11 21:00:00-04:00,5246.0,5247.5,5243.25,5247.25,6436,0.0,0.0
2024-04-11 22:00:00-04:00,5247.25,5247.25,5244.75,5245.5,2765,0.0,0.0
2024-04-11 23:00:00-04:00,5245.5,5248.0,5244.25,5244.5,3618,0.0,0.0
2024-04-12 00:00:00-04:00,5244.25,5246.0,5244.0,5244.25,2735,0.0,0.0
2024-04-12 01:00:00-04:00,5244.25,5246.0,5243.25,5243.5,4449,0.0,0.0
2024-04-12 02:00:00-04:00,5243.5,5248.75,5242.0,5246.5,10708,0.0,0.0
2024-04-12 03:00:00-04:00,5246.5,5248.75,5242.75,5245.0,18744,0.0,0.0
2024-04-12 04:00:00-04:00,5245.0,5247.5,5239.25,5239.75,18234,0.0,0.0
2024-04-12 05:00:00-04:00,5239.75,5240.5,5233.5,5236.0,19651,0.0,0.0
2024-04-12 06:00:00-04:00,5236.0,5236.5,5214.5,5220.0,36830,0.0,0.0
2024-04-12 07:00:00-04:00,5220.0,5232.5,5217.25,5229.25,36441,0.0,0.0
2024-04-12 08:00:00-04:00,5229.0,5233.5,5202.25,5203.0,77675,0.0,0.0
2024-04-12 09:00:00-04:00,5203.25,5218.75,5194.25,5213.75,222167,0.0,0.0
2024-04-12 10:00:00-04:00,5213.75,5214.0,5179.75,5182.75,285623,0.0,0.0
2024-04-12 11:00:00-04:00,5182.75,5200.75,5181.5,5194.0,171903,0.0,0.0
2024-04-12 12:00:00-04:00,5194.25,5195.5,5164.5,5165.25,223518,0.0,0.0
2024-04-12 13:00:00-04:00,5165.0,5172.0,5152.25,5164.25,216012,0.0,0.0
2024-04-12 14:00:00-04:00,5164.25,5174.0,5154.75,5155.5,174172,0.0,0.0
2024-04-12 15:00:00-04:00,5155.5,5169.25,5150.0,5167.75,298230,0.0,0.0
2024-04-12 16:00:00-04:00,5167.75,5171.0,5166.25,5166.5,63342,0.0,0.0
2024-04-14 18:00:00-04:00,5166.5,5187.5,5164.25,5182.25,30658,0.0,0.0
2024-04-14 19:00:00-04:00,5182.0,5187.75,5180.5,5183.0,15779,0.0,0.0
2024-04-14 20:00:00-04:00,5183.25,5185.0,5171.25,5180.0,21622,0.0,0.0
2024-04-14 21:00:00-04:00,5179.75,5180.0,5172.25,5178.5,13699,0.0,0.0
2024-04-14 22:00:00-04:00,5178.25,5181.25,5177.75,5178.0,10787,0.0,0.0
2024-04-14 23:00:00-04:00,5178.25,5183.25,5175.75,5181.5,7011,0.0,0.0
2024-04-15 00:00:00-04:00,5181.0,5186.5,5180.25,5186.25,5873,0.0,0.0
2024-04-15 01:00:00-04:00,5186.0,5190.0,5185.5,5189.0,8879,0.0,0.0
2024-04-15 02:00:00-04:00,5188.75,5193.75,5185.75,5189.75,15277,0.0,0.0
2024-04-15 03:00:00-04:00,5189.75,5198.5,5185.75,5196.0,30897,0.0,0.0
2024-04-15 04:00:00-04:00,5195.75,5197.25,5191.0,5192.0,24099,0.0,0.0
2024-04-15 05:00:00-04:00,5192.25,5197.25,5187.0,5189.75,20051,0.0,0.0
2024-04-15 06:00:00-04:00,5190.0,5193.75,5187.0,5188.75,14723,0.0,0.0
2024-04-15 07:00:00-04:00,5188.75,5198.0,5188.0,5195.75,27275,0.0,0.0
2024-04-15 08:00:00-04:00,5195.75,5212.0,5189.5,5207.25,80075,0.0,0.0
2024-04-15 09:00:00-04:00,5207.0,5213.25,5201.75,5209.0,207503,0.0,0.0
2024-04-15 10:00:00-04:00,5209.0,5210.75,5169.75,5170.5,327615,0.0,0.0
2024-04-15 11:00:00-04:00,5170.5,5185.5,5167.25,5182.75,170879,0.0,0.0
2024-04-15 12:00:00-04:00,5182.5,5185.5,5153.75,5159.5,145946,0.0,0.0
2024-04-15 13:00:00-04:00,5159.5,5164.75,5108.0,5122.25,328286,0.0,0.0
2024-04-15 14:00:00-04:00,5122.5,5123.75,5102.5,5109.75,234210,0.0,0.0
2024-04-15 15:00:00-04:00,5109.5,5111.5,5094.0,5103.25,323839,0.0,0.0
2024-04-15 16:00:00-04:00,5103.25,5104.25,5094.25,5101.0,87309,0.0,0.0
2024-04-15 18:00:00-04:00,5101.25,5106.25,5101.25,5105.25,0,0.0,0.0
2024-04-15 19:00:00-04:00,5105.25,5105.5,5094.5,5102.75,10924,0.0,0.0
2024-04-15 20:00:00-04:00,5103.0,5107.75,5101.5,5102.75,14082,0.0,0.0
2024-04-15 21:00:00-04:00,5102.75,5103.75,5095.5,5100.25,12947,0.0,0.0
2024-04-15 22:00:00-04:00,5100.25,5101.25,5081.25,5092.25,23350,0.0,0.0
2024-04-15 23:00:00-04:00,5092.25,5093.5,5086.75,5092.5,7767,0.0,0.0
2024-04-16 00:00:00-04:00,5093.25,5094.75,5088.5,5093.5,6150,0.0,0.0
2024-04-16 01:00:00-04:00,5093.75,5100.5,5093.0,5098.25,8241,0.0,0.0
2024-04-16 02:00:00-04:00,5098.25,5099.5,5089.0,5092.25,15655,0.0,0.0
2024-04-16 03:00:00-04:00,5092.25,5101.75,5090.25,5101.25,34864,0.0,0.0
2024-04-16 04:00:00-04:00,5101.25,5103.25,5097.0,5100.75,23799,0.0,0.0
2024-04-16 05:00:00-04:00,5100.5,5103.5,5089.0,5096.75,28768,0.0,0.0
2024-04-16 06:00:00-04:00,5096.75,5102.75,5088.0,5101.75,32879,0.0,0.0
2024-04-16 07:00:00-04:00,5102.0,5120.25,5100.25,5118.0,52002,0.0,0.0
2024-04-16 08:00:00-04:00,5117.75,5120.0,5103.25,5112.25,59782,0.0,0.0
2024-04-16 09:00:00-04:00,5112.0,5116.0,5087.0,5102.25,265354,0.0,0.0
2024-04-16 10:00:00-04:00,5102.25,5110.5,5081.5,5088.25,243326,0.0,0.0
2024-04-16 11:00:00-04:00,5088.5,5111.25,5086.0,5100.0,172468,0.0,0.0
2024-04-16 12:00:00-04:00,5100.0,5108.5,5092.0,5103.0,136321,0.0,0.0
2024-04-16 13:00:00-04:00,5103.0,5108.0,5078.75,5096.5,273415,0.0,0.0
2024-04-16 14:00:00-04:00,5096.75,5123.25,5083.25,5115.75,288600,0.0,0.0
2024-04-16 15:00:00-04:00,5116.0,5116.5,5089.75,5092.0,261258,0.0,0.0
2024-04-16 16:00:00-04:00,5092.0,5095.25,5088.0,5094.5,55185,0.0,0.0
2024-04-16 18:00:00-04:00,5096.25,5101.25,5095.75,5099.0,0,0.0,0.0
2024-04-16 19:00:00-04:00,5098.75,5107.0,5096.75,5106.5,9194,0.0,0.0
2024-04-16 20:00:00-04:00,5106.5,5106.5,5093.25,5098.0,13540,0.0,0.0
2024-04-16 21:00:00-04:00,5098.0,5102.25,5096.0,5101.0,15579,0.0,0.0
2024-04-16 22:00:00-04:00,5100.75,5105.0,5099.5,5104.0,5196,0.0,0.0
2024-04-16 23:00:00-04:00,5104.25,5105.75,5103.0,5104.25,3190,0.0,0.0
2024-04-17 00:00:00-04:00,5104.5,5105.5,5102.75,5105.25,2764,0.0,0.0
2024-04-17 01:00:00-04:00,5105.0,5105.0,5088.25,5091.0,11028,0.0,0.0
2024-04-17 02:00:00-04:00,5091.0,5092.5,5075.75,5085.5,25381,0.0,0.0
2024-04-17 03:00:00-04:00,5085.75,5100.75,5085.0,5099.5,25348,0.0,0.0
2024-04-17 04:00:00-04:00,5099.5,5111.75,5097.25,5108.75,22406,0.0,0.0
2024-04-17 05:00:00-04:00,5109.0,5112.0,5102.0,5111.75,17707,0.0,0.0
2024-04-17 06:00:00-04:00,5111.75,5117.0,5109.5,5112.5,17191,0.0,0.0
2024-04-17 07:00:00-04:00,5112.5,5114.5,5106.0,5106.75,21152,0.0,0.0
2024-04-17 08:00:00-04:00,5107.0,5112.75,5101.5,5110.5,35844,0.0,0.0
2024-04-17 09:00:00-04:00,5110.25,5120.5,5106.75,5109.75,212708,0.0,0.0
2024-04-17 10:00:00-04:00,5110.0,5110.25,5078.0,5085.0,225287,0.0,0.0
2024-04-17 11:00:00-04:00,5085.25,5096.5,5066.0,5073.25,212639,0.0,0.0
2024-04-17 12:00:00-04:00,5073.0,5074.0,5047.0,5055.0,234244,0.0,0.0
2024-04-17 13:00:00-04:00,5055.25,5082.25,5053.0,5080.25,206171,0.0,0.0
2024-04-17 14:00:00-04:00,5080.25,5097.0,5069.0,5072.0,203505,0.0,0.0
2024-04-17 15:00:00-04:00,5072.25,5074.25,5059.5,5061.0,283884,0.0,0.0
2024-04-17 16:00:00-04:00,5061.0,5062.25,5056.0,5061.5,67445,0.0,0.0
2024-04-17 18:00:00-04:00,5063.0,5065.75,5062.0,5065.0,0,0.0,0.0
2024-04-17 19:00:00-04:00,5065.0,5067.0,5063.0,5066.25,4070,0.0,0.0
2024-04-17 20:00:00-04:00,5066.5,5069.0,5064.5,5067.5,5989,0.0,0.0
2024-04-17 21:00:00-04:00,5067.75,5070.5,5066.75,5070.25,5680,0.0,0.0
2024-04-17 22:00:00-04:00,5070.5,5075.0,5069.5,5073.5,6537,0.0,0.0
2024-04-17 23:00:00-04:00,5073.5,5077.25,5073.5,5076.25,4146,0.0,0.0
2024-04-18 00:00:00-04:00,5076.5,5078.0,5075.25,5075.75,2757,0.0,0.0
2024-04-18 01:00:00-04:00,5076.0,5081.0,5072.75,5079.5,8139,0.0,0.0
2024-04-18 02:00:00-04:00,5079.5,5084.25,5079.25,5082.0,11937,0.0,0.0
2024-04-18 03:00:00-04:00,5082.0,5082.75,5076.5,5079.5,16050,0.0,0.0
2024-04-18 04:00:00-04:00,5079.5,5081.0,5071.25,5074.0,16481,0.0,0.0
2024-04-18 05:00:00-04:00,5073.75,5075.5,5063.75,5072.25,14989,0.0,0.0
2024-04-18 06:00:00-04:00,5072.25,5077.0,5067.5,5073.5,23617,0.0,0.0
2024-04-18 07:00:00-04:00,5073.5,5079.5,5070.75,5076.0,20051,0.0,0.0
2024-04-18 08:00:00-04:00,5076.25,5076.75,5063.25,5069.75,47886,0.0,0.0
2024-04-18 09:00:00-04:00,5070.0,5077.25,5050.75,5065.5,232893,0.0,0.0
2024-04-18 10:00:00-04:00,5065.5,5092.25,5056.75,5087.75,240567,0.0,0.0
2024-04-18 11:00:00-04:00,5087.75,5095.25,5080.0,5082.75,161133,0.0,0.0
2024-04-18 12:00:00-04:00,5082.75,5087.5,5059.25,5061.25,156139,0.0,0.0
2024-04-18 13:00:00-04:00,5061.0,5065.0,5041.75,5049.25,210222,0.0,0.0
2024-04-18 14:00:00-04:00,5049.5,5058.0,5038.5,5042.75,162558,0.0,0.0
2024-04-18 15:00:00-04:00,5042.75,5062.25,5042.75,5048.25,218263,0.0,0.0
2024-04-18 16:00:00-04:00,5048.5,5055.0,5043.25,5048.0,77010,0.0,0.0
2024-04-18 18:00:00-04:00,5047.25,5051.5,5046.75,5047.5,0,0.0,0.0
2024-04-18 19:00:00-04:00,5047.5,5047.75,5036.25,5040.0,9842,0.0,0.0
2024-04-18 20:00:00-04:00,5040.0,5041.75,5021.25,5024.25,33769,0.0,0.0
2024-04-18 21:00:00-04:00,5024.25,5026.5,4973.5,4985.75,86982,0.0,0.0
2024-04-18 22:00:00-04:00,4985.75,4989.0,4963.5,4987.0,73092,0.0,0.0
2024-04-18 23:00:00-04:00,4987.0,5005.75,4982.75,5001.0,42678,0.0,0.0
2024-04-19 00:00:00-04:00,5000.5,5010.0,5000.5,5004.25,16203,0.0,0.0
2024-04-19 01:00:00-04:00,5004.5,5010.0,4998.25,5007.25,14566,0.0,0.0
2024-04-19 02:00:00-04:00,5007.25,5024.5,5003.0,5021.25,34443,0.0,0.0
2024-04-19 03:00:00-04:00,5021.25,5029.25,5019.75,5026.5,34151,0.0,0.0
2024-04-19 04:00:00-04:00,5026.5,5031.5,5018.25,5023.25,24375,0.0,0.0
2024-04-19 05:00:00-04:00,5023.25,5034.0,5022.75,5028.5,20732,0.0,0.0
2024-04-19 06:00:00-04:00,5028.75,5037.0,5021.75,5030.5,24137,0.0,0.0
2024-04-19 07:00:00-04:00,5030.25,5047.0,5025.25,5044.25,46665,0.0,0.0
2024-04-19 08:00:00-04:00,5044.0,5056.5,5037.5,5047.0,56706,0.0,0.0
2024-04-19 09:00:00-04:00,5047.0,5058.0,5038.25,5049.25,245419,0.0,0.0
2024-04-19 10:00:00-04:00,5049.25,5054.5,5028.25,5038.0,257531,0.0,0.0
2024-04-19 11:00:00-04:00,5038.0,5042.5,5022.0,5023.5,179665,0.0,0.0
2024-04-19 12:00:00-04:00,5023.25,5030.25,5002.75,5023.5,215492,0.0,0.0
2024-04-19 13:00:00-04:00,5023.25,5037.5,5017.0,5025.75,182256,0.0,0.0
2024-04-19 14:00:00-04:00,5025.75,5026.25,4992.5,5001.75,236035,0.0,0.0
2024-04-19 15:00:00-04:00,5001.75,5009.75,4991.25,5003.25,344708,0.0,0.0
2024-04-19 16:00:00-04:00,5003.25,5006.0,4999.5,5003.5,79392,0.0,0.0
2024-04-21 18:00:00-04:00,5014.25,5021.25,5009.25,5020.0,19787,0.0,0.0
2024-04-21 19:00:00-04:00,5019.75,5022.75,5016.25,5021.75,9290,0.0,0.0
2024-04-21 20:00:00-04:00,5021.5,5023.75,5009.75,5011.5,16445,0.0,0.0
2024-04-21 21:00:00-04:00,5011.5,5018.75,5009.5,5017.0,11565,0.0,0.0
2024-04-21 22:00:00-04:00,5017.0,5019.0,5014.75,5017.0,6140,0.0,0.0
2024-04-21 23:00:00-04:00,5016.75,5019.0,5014.75,5016.0,3947,0.0,0.0
2024-04-22 00:00:00-04:00,5015.5,5021.0,5015.25,5020.0,4295,0.0,0.0
2024-04-22 01:00:00-04:00,5020.25,5023.5,5018.25,5023.25,5328,0.0,0.0
2024-04-22 02:00:00-04:00,5023.25,5030.25,5023.0,5029.5,13754,0.0,0.0
2024-04-22 03:00:00-04:00,5029.25,5030.0,5017.25,5019.0,18671,0.0,0.0
2024-04-22 04:00:00-04:00,5018.75,5024.25,5016.0,5021.75,15679,0.0,0.0
2024-04-22 05:00:00-04:00,5021.75,5033.0,5021.25,5030.25,17506,0.0,0.0
2024-04-22 06:00:00-04:00,5030.25,5034.75,5028.0,5030.0,14533,0.0,0.0
2024-04-22 07:00:00-04:00,5030.0,5036.5,5026.75,5032.5,20995,0.0,0.0
2024-04-22 08:00:00-04:00,5032.5,5034.5,5020.5,5032.0,38410,0.0,0.0
2024-04-22 09:00:00-04:00,5032.25,5034.75,5019.25,5027.75,175250,0.0,0.0
2024-04-22 10:00:00-04:00,5027.75,5034.25,5011.75,5013.75,200525,0.0,0.0
2024-04-22 11:00:00-04:00,5013.75,5025.75,5006.0,5025.75,155109,0.0,0.0
2024-04-22 12:00:00-04:00,5025.75,5037.25,5024.5,5036.0,126491,0.0,0.0
2024-04-22 13:00:00-04:00,5036.25,5072.0,5034.5,5067.25,180202,0.0,0.0
2024-04-22 14:00:00-04:00,5067.25,5076.75,5058.75,5065.75,149516,0.0,0.0
2024-04-22 15:00:00-04:00,5065.75,5066.25,5040.75,5048.75,270538,0.0,0.0
2024-04-22 16:00:00-04:00,5048.5,5049.5,5041.5,5049.0,51934,0.0,0.0
2024-04-22 18:00:00-04:00,5051.0,5054.0,5045.75,5048.25,0,0.0,0.0
2024-04-22 19:00:00-04:00,5048.25,5049.0,5037.75,5046.0,7241,0.0,0.0
2024-04-22 20:00:00-04:00,5046.0,5049.0,5044.25,5048.0,4892,0.0,0.0
2024-04-22 21:00:00-04:00,5048.0,5048.5,5039.0,5042.0,9882,0.0,0.0
2024-04-22 22:00:00-04:00,5042.0,5046.5,5041.0,5045.0,9434,0.0,0.0
2024-04-22 23:00:00-04:00,5045.25,5048.25,5042.5,5047.75,4044,0.0,0.0
2024-04-23 00:00:00-04:00,5047.25,5049.5,5045.5,5046.25,2788,0.0,0.0
2024-04-23 01:00:00-04:00,5046.25,5048.5,5043.5,5047.25,4261,0.0,0.0
2024-04-23 02:00:00-04:00,5047.25,5050.5,5042.5,5050.0,6288,0.0,0.0
2024-04-23 03:00:00-04:00,5050.0,5054.5,5048.25,5051.5,19562,0.0,0.0
2024-04-23 04:00:00-04:00,5051.5,5059.0,5050.25,5052.5,15899,0.0,0.0
2024-04-23 05:00:00-04:00,5052.5,5057.25,5049.75,5051.5,11251,0.0,0.0
2024-04-23 06:00:00-04:00,5051.5,5064.25,5051.0,5063.5,16143,0.0,0.0
2024-04-23 07:00:00-04:00,5063.75,5066.25,5056.0,5057.75,19291,0.0,0.0
2024-04-23 08:00:00-04:00,5058.0,5067.5,5051.25,5065.25,34042,0.0,0.0
2024-04-23 09:00:00-04:00,5065.5,5088.75,5063.75,5082.25,213698,0.0,0.0
2024-04-23 10:00:00-04:00,5082.5,5105.5,5078.5,5104.25,251726,0.0,0.0
2024-04-23 11:00:00-04:00,5104.25,5105.25,5092.25,5095.25,144870,0.0,0.0
2024-04-23 12:00:00-04:00,5095.25,5108.0,5094.0,5103.75,96513,0.0,0.0
2024-04-23 13:00:00-04:00,5103.75,5112.75,5097.5,5111.75,92585,0.0,0.0
2024-04-23 14:00:00-04:00,5111.75,5112.75,5104.5,5109.25,79054,0.0,0.0
2024-04-23 15:00:00-04:00,5109.0,5109.75,5101.25,5108.0,192739,0.0,0.0
2024-04-23 16:00:00-04:00,5108.0,5113.5,5103.5,5112.25,67978,0.0,0.0
2024-04-23 18:00:00-04:00,5115.25,5117.5,5111.5,5114.25,0,0.0,0.0
2024-04-23 19:00:00-04:00,5114.0,5119.75,5113.25,5116.25,8336,0.0,0.0
2024-04-23 20:00:00-04:00,5116.25,5120.75,5113.75,5120.0,8261,0.0,0.0
2024-04-23 21:00:00-04:00,5119.75,5122.0,5118.0,5121.75,6271,0.0,0.0
2024-04-23 22:00:00-04:00,5121.5,5123.75,5121.0,5123.25,6480,0.0,0.0
2024-04-23 23:00:00-04:00,5123.25,5127.25,5122.75,5125.25,7189,0.0,0.0
2024-04-24 00:00:00-04:00,5125.25,5125.5,5123.5,5124.5,2666,0.0,0.0
2024-04-24 01:00:00-04:00,5124.5,5128.75,5124.0,5127.5,4343,0.0,0.0
2024-04-24 02:00:00-04:00,5127.5,5127.5,5119.5,5121.5,9622,0.0,0.0
2024-04-24 03:00:00-04:00,5121.5,5122.5,5116.0,5118.75,18435,0.0,0.0
2024-04-24 04:00:00-04:00,5118.75,5119.75,5113.25,5113.5,16875,0.0,0.0
2024-04-24 05:00:00-04:00,5113.75,5115.5,5106.5,5108.75,17184,0.0,0.0
2024-04-24 06:00:00-04:00,5108.75,5114.75,5108.5,5110.5,15182,0.0,0.0
2024-04-24 07:00:00-04:00,5110.5,5120.5,5109.75,5119.25,20666,0.0,0.0
2024-04-24 08:00:00-04:00,5119.5,5124.75,5109.75,5111.25,45875,0.0,0.0
2024-04-24 09:00:00-04:00,5111.0,5124.75,5108.5,5113.5,174643,0.0,0.0
2024-04-24 10:00:00-04:00,5113.75,5122.5,5100.75,5103.25,197340,0.0,0.0
2024-04-24 11:00:00-04:00,5103.0,5105.0,5086.75,5088.0,189473,0.0,0.0
2024-04-24 12:00:00-04:00,5088.0,5095.25,5082.0,5094.0,134645,0.0,0.0
2024-04-24 13:00:00-04:00,5093.75,5116.5,5091.25,5115.5,127238,0.0,0.0
2024-04-24 14:00:00-04:00,5115.5,5116.0,5095.0,5095.0,150832,0.0,0.0
2024-04-24 15:00:00-04:00,5095.0,5113.0,5093.0,5105.75,191435,0.0,0.0
2024-04-24 16:00:00-04:00,5105.25,5109.0,5072.25,5079.75,95641,0.0,0.0
2024-04-24 18:00:00-04:00,5070.0,5077.75,5070.0,5074.25,0,0.0,0.0
2024-04-24 19:00:00-04:00,5074.25,5078.0,5071.5,5075.0,7362,0.0,0.0
2024-04-24 20:00:00-04:00,5075.0,5082.0,5074.5,5081.0,9054,0.0,0.0
2024-04-24 21:00:00-04:00,5081.25,5081.5,5074.5,5074.75,6641,0.0,0.0
2024-04-24 22:00:00-04:00,5074.75,5077.75,5073.25,5074.75,4257,0.0,0.0
2024-04-24 23:00:00-04:00,5074.75,5075.25,5073.25,5074.25,2731,0.0,0.0
2024-04-25 00:00:00-04:00,5074.5,5076.0,5073.25,5074.25,2146,0.0,0.0
2024-04-25 01:00:00-04:00,5074.25,5074.75,5067.25,5069.0,7675,0.0,0.0
2024-04-25 02:00:00-04:00,5069.0,5076.75,5066.5,5075.75,9747,0.0,0.0
2024-04-25 03:00:00-04:00,5075.75,5078.25,5069.0,5072.75,18647,0.0,0.0
2024-04-25 04:00:00-04:00,5072.5,5081.75,5071.75,5079.25,15474,0.0,0.0
2024-04-25 05:00:00-04:00,5079.0,5082.5,5077.5,5080.0,11874,0.0,0.0
2024-04-25 06:00:00-04:00,5080.0,5081.5,5072.0,5072.75,16690,0.0,0.0
2024-04-25 07:00:00-04:00,5073.0,5077.0,5068.5,5076.5,19507,0.0,0.0
2024-04-25 08:00:00-04:00,5076.25,5080.5,5042.75,5044.75,113518,0.0,0.0
2024-04-25 09:00:00-04:00,5045.0,5047.5,5026.0,5029.25,293396,0.0,0.0
2024-04-25 10:00:00-04:00,5029.5,5046.0,5022.25,5031.5,279361,0.0,0.0
2024-04-25 11:00:00-04:00,5031.5,5051.75,5030.75,5050.0,163933,0.0,0.0
2024-04-25 12:00:00-04:00,5050.25,5068.25,5046.5,5065.5,169881,0.0,0.0
2024-04-25 13:00:00-04:00,5065.5,5086.5,5057.25,5083.0,167175,0.0,0.0
2024-04-25 14:00:00-04:00,5083.0,5085.25,5064.5,5072.75,156138,0.0,0.0
2024-04-25 15:00:00-04:00,5072.5,5090.75,5072.0,5082.5,219157,0.0,0.0
2024-04-25 16:00:00-04:00,5082.5,5132.75,5079.0,5131.75,131184,0.0,0.0
2024-04-25 18:00:00-04:00,5132.0,5134.75,5119.25,5123.25,0,0.0,0.0
2024-04-25 19:00:00-04:00,5123.0,5123.75,5116.75,5119.5,6198,0.0,0.0
2024-04-25 20:00:00-04:00,5119.5,5121.5,5116.75,5120.25,6633,0.0,0.0
2024-04-25 21:00:00-04:00,5120.25,5125.0,5117.75,5123.0,6526,0.0,0.0
2024-04-25 22:00:00-04:00,5123.25,5124.75,5119.5,5122.0,5758,0.0,0.0
2024-04-25 23:00:00-04:00,5121.5,5127.25,5121.5,5124.25,4318,0.0,0.0
2024-04-26 00:00:00-04:00,5124.5,5126.0,5123.5,5124.0,2283,0.0,0.0
2024-04-26 01:00:00-04:00,5124.0,5128.0,5122.25,5127.5,5121,0.0,0.0
2024-04-26 02:00:00-04:00,5127.5,5129.75,5125.25,5125.5,9675,0.0,0.0
2024-04-26 03:00:00-04:00,5125.5,5126.0,5119.0,5121.5,17610,0.0,0.0
2024-04-26 04:00:00-04:00,5121.5,5123.5,5115.75,5117.25,12209,0.0,0.0
2024-04-26 05:00:00-04:00,5117.5,5118.25,5112.25,5117.0,10790,0.0,0.0
2024-04-26 06:00:00-04:00,5117.25,5120.25,5113.75,5116.5,10414,0.0,0.0
2024-04-26 07:00:00-04:00,5116.75,5123.25,5116.5,5119.75,15351,0.0,0.0
2024-04-26 08:00:00-04:00,5119.5,5140.25,5111.25,5119.25,103689,0.0,0.0
2024-04-26 09:00:00-04:00,5119.5,5130.25,5104.5,5126.0,236257,0.0,0.0
2024-04-26 10:00:00-04:00,5126.25,5138.0,5124.0,5135.75,228571,0.0,0.0
2024-04-26 11:00:00-04:00,5135.75,5143.5,5124.75,5134.0,163681,0.0,0.0
2024-04-26 12:00:00-04:00,5134.0,5143.25,5129.25,5143.25,98685,0.0,0.0
2024-04-26 13:00:00-04:00,5143.25,5146.5,5138.5,5141.75,104327,0.0,0.0
2024-04-26 14:00:00-04:00,5141.75,5142.5,5133.25,5141.5,94654,0.0,0.0
2024-04-26 15:00:00-04:00,5141.25,5144.0,5128.75,5129.5,181727,0.0,0.0
2024-04-26 16:00:00-04:00,5129.75,5132.25,5128.75,5131.75,49121,0.0,0.0
2024-04-28 18:00:00-04:00,5140.25,5141.0,5135.0,5136.75,6566,0.0,0.0
2024-04-28 19:00:00-04:00,5137.0,5141.75,5136.0,5141.75,4587,0.0,0.0
2024-04-28 20:00:00-04:00,5141.75,5143.0,5138.75,5142.0,6812,0.0,0.0
2024-04-28 21:00:00-04:00,5142.0,5147.0,5141.25,5146.0,6475,0.0,0.0
2024-04-28 22:00:00-04:00,5146.25,5146.25,5142.75,5144.5,5284,0.0,0.0
2024-04-28 23:00:00-04:00,5144.5,5145.5,5143.5,5143.75,2864,0.0,0.0
2024-04-29 00:00:00-04:00,5143.5,5147.0,5142.75,5145.5,4619,0.0,0.0
2024-04-29 01:00:00-04:00,5145.25,5146.75,5144.0,5146.75,5507,0.0,0.0
2024-04-29 02:00:00-04:00,5146.5,5147.0,5140.5,5140.75,7366,0.0,0.0
2024-04-29 03:00:00-04:00,5140.75,5144.25,5139.25,5143.75,13151,0.0,0.0
2024-04-29 04:00:00-04:00,5143.75,5145.25,5139.5,5140.75,9697,0.0,0.0
2024-04-29 05:00:00-04:00,5140.75,5141.75,5135.0,5135.75,18155,0.0,0.0
2024-04-29 06:00:00-04:00,5135.75,5142.75,5134.5,5141.25,12405,0.0,0.0
2024-04-29 07:00:00-04:00,5141.0,5145.75,5138.75,5144.0,13533,0.0,0.0
2024-04-29 08:00:00-04:00,5144.0,5146.5,5141.0,5145.5,20152,0.0,0.0
2024-04-29 09:00:00-04:00,5145.5,5154.25,5136.75,5142.5,169557,0.0,0.0
2024-04-29 10:00:00-04:00,5142.5,5153.25,5142.0,5145.75,146913,0.0,0.0
2024-04-29 11:00:00-04:00,5145.5,5146.0,5136.5,5143.75,107865,0.0,0.0
2024-04-29 12:00:00-04:00,5143.75,5150.0,5142.25,5146.25,73375,0.0,0.0
2024-04-29 13:00:00-04:00,5146.25,5152.0,5142.5,5148.75,74434,0.0,0.0
2024-04-29 14:00:00-04:00,5148.5,5148.5,5132.25,5142.0,101763,0.0,0.0
2024-04-29 15:00:00-04:00,5142.0,5148.75,5118.75,5147.25,267721,0.0,0.0
2024-04-29 16:00:00-04:00,5147.0,5151.5,5145.75,5147.25,50597,0.0,0.0
2024-04-29 18:00:00-04:00,5148.5,5148.5,5143.0,5144.25,0,0.0,0.0
2024-04-29 19:00:00-04:00,5144.25,5145.5,5143.5,5144.75,2631,0.0,0.0
2024-04-29 20:00:00-04:00,5144.75,5144.75,5141.75,5142.25,4582,0.0,0.0
2024-04-29 21:00:00-04:00,5142.25,5144.5,5142.0,5143.0,3526,0.0,0.0
2024-04-29 22:00:00-04:00,5143.0,5144.25,5141.75,5141.75,2683,0.0,0.0
2024-04-29 23:00:00-04:00,5141.75,5143.5,5141.25,5143.0,2882,0.0,0.0
2024-04-30 00:00:00-04:00,5143.25,5143.25,5141.0,5141.75,2014,0.0,0.0
2024-04-30 01:00:00-04:00,5141.5,5142.25,5135.25,5140.5,5724,0.0,0.0
2024-04-30 02:00:00-04:00,5140.5,5144.25,5139.5,5142.75,7035,0.0,0.0
2024-04-30 03:00:00-04:00,5142.75,5144.25,5139.5,5141.75,8987,0.0,0.0
2024-04-30 04:00:00-04:00,5141.5,5143.0,5136.25,5136.5,9540,0.0,0.0
2024-04-30 05:00:00-04:00,5136.75,5141.0,5135.25,5139.0,17197,0.0,0.0
2024-04-30 06:00:00-04:00,5139.25,5145.25,5138.25,5145.0,9838,0.0,0.0
2024-04-30 07:00:00-04:00,5144.75,5145.5,5140.75,5141.5,13819,0.0,0.0
2024-04-30 08:00:00-04:00,5141.25,5145.25,5120.5,5127.0,81839,0.0,0.0
2024-04-30 09:00:00-04:00,5127.0,5141.25,5124.0,5137.25,154670,0.0,0.0
2024-04-30 10:00:00-04:00,5137.0,5141.25,5126.25,5132.0,178589,0.0,0.0
2024-04-30 11:00:00-04:00,5130.5,5130.5,5105.25,5110.75,205832,0.0,0.0
2024-04-30 12:00:00-04:00,5111.0,5115.25,5092.5,5097.5,148344,0.0,0.0
2024-04-30 13:00:00-04:00,5097.75,5107.5,5091.5,5105.75,108283,0.0,0.0
2024-04-30 14:00:00-04:00,5106.0,5110.25,5088.5,5092.5,126286,0.0,0.0
2024-04-30 15:00:00-04:00,5092.75,5097.75,5065.0,5065.0,325427,0.0,0.0
2024-04-30 16:00:00-04:00,5065.25,5077.25,5051.0,5055.0,160646,0.0,0.0
2024-04-30 18:00:00-04:00,5050.0,5057.25,5048.5,5055.75,0,0.0,0.0
2024-04-30 19:00:00-04:00,5055.5,5060.0,5052.75,5057.75,7732,0.0,0.0
2024-04-30 20:00:00-04:00,5058.0,5060.0,5056.5,5059.5,6372,0.0,0.0
2024-04-30 21:00:00-04:00,5059.25,5060.75,5057.75,5060.25,5831,0.0,0.0
2024-04-30 22:00:00-04:00,5060.25,5062.75,5057.5,5061.5,4203,0.0,0.0
2024-04-30 23:00:00-04:00,5061.75,5065.0,5061.75,5065.0,4317,0.0,0.0
2024-05-01 00:00:00-04:00,5064.75,5065.5,5063.0,5065.0,2389,0.0,0.0
2024-05-01 01:00:00-04:00,5064.75,5064.75,5060.5,5061.0,3186,0.0,0.0
2024-05-01 02:00:00-04:00,5061.0,5063.25,5053.5,5056.5,6663,0.0,0.0
2024-05-01 03:00:00-04:00,5056.75,5059.0,5048.5,5051.0,10991,0.0,0.0
2024-05-01 04:00:00-04:00,5051.25,5055.0,5049.75,5053.0,10528,0.0,0.0
2024-05-01 05:00:00-04:00,5053.0,5053.0,5041.5,5044.0,23360,0.0,0.0
2024-05-01 06:00:00-04:00,5044.0,5047.0,5037.75,5046.75,16227,0.0,0.0
2024-05-01 07:00:00-04:00,5046.5,5050.5,5042.25,5043.75,14846,0.0,0.0
2024-05-01 08:00:00-04:00,5044.0,5057.25,5042.75,5053.0,43896,0.0,0.0
2024-05-01 09:00:00-04:00,5053.0,5062.25,5048.0,5052.0,145014,0.0,0.0
2024-05-01 10:00:00-04:00,5052.5,5060.0,5044.5,5057.25,202053,0.0,0.0
2024-05-01 11:00:00-04:00,5057.5,5058.25,5044.25,5046.25,117652,0.0,0.0
2024-05-01 12:00:00-04:00,5046.5,5055.25,5042.25,5048.0,99636,0.0,0.0
2024-05-01 13:00:00-04:00,5047.75,5055.0,5042.75,5053.25,86040,0.0,0.0
2024-05-01 14:00:00-04:00,5053.75,5118.75,5051.5,5117.75,483083,0.0,0.0
2024-05-01 15:00:00-04:00,5118.0,5126.75,5043.75,5046.0,515041,0.0,0.0
2024-05-01 16:00:00-04:00,5046.25,5055.0,5045.0,5053.75,78811,0.0,0.0
2024-05-01 18:00:00-04:00,5057.0,5062.0,5056.25,5060.0,0,0.0,0.0
2024-05-01 19:00:00-04:00,5060.0,5067.5,5059.25,5066.75,5915,0.0,0.0
2024-05-01 20:00:00-04:00,5066.75,5072.0,5064.75,5069.75,8470,0.0,0.0
2024-05-01 21:00:00-04:00,5070.0,5072.5,5066.5,5071.5,9593,0.0,0.0
2024-05-01 22:00:00-04:00,5071.5,5076.0,5071.0,5074.0,5682,0.0,0.0
2024-05-01 23:00:00-04:00,5073.75,5074.5,5070.75,5072.0,3376,0.0,0.0
2024-05-02 00:00:00-04:00,5071.75,5072.5,5070.25,5072.25,2464,0.0,0.0
2024-05-02 01:00:00-04:00,5072.25,5074.75,5070.75,5071.5,4269,0.0,0.0
2024-05-02 02:00:00-04:00,5071.5,5074.25,5067.5,5068.75,9004,0.0,0.0
2024-05-02 03:00:00-04:00,5069.0,5079.5,5066.0,5076.0,20673,0.0,0.0
2024-05-02 04:00:00-04:00,5075.75,5082.5,5072.25,5072.25,16655,0.0,0.0
2024-05-02 05:00:00-04:00,5072.5,5078.25,5072.5,5078.0,8656,0.0,0.0
2024-05-02 06:00:00-04:00,5078.0,5083.0,5075.25,5081.25,11245,0.0,0.0
2024-05-02 07:00:00-04:00,5081.25,5085.5,5076.25,5077.5,15828,0.0,0.0
2024-05-02 08:00:00-04:00,5077.5,5090.0,5073.25,5079.5,47672,0.0,0.0
2024-05-02 09:00:00-04:00,5079.75,5088.75,5057.75,5061.0,190475,0.0,0.0
2024-05-02 10:00:00-04:00,5061.5,5068.0,5036.25,5065.75,306977,0.0,0.0
2024-05-02 11:00:00-04:00,5065.75,5073.0,5055.0,5069.0,157482,0.0,0.0
2024-05-02 12:00:00-04:00,5069.25,5070.0,5054.5,5064.25,114926,0.0,0.0
2024-05-02 13:00:00-04:00,5064.25,5085.25,5064.0,5080.0,122528,0.0,0.0
2024-05-02 14:00:00-04:00,5080.25,5098.25,5078.25,5096.25,113909,0.0,0.0
2024-05-02 15:00:00-04:00,5096.25,5100.75,5080.0,5091.75,235050,0.0,0.0
2024-05-02 16:00:00-04:00,5091.75,5113.0,5087.0,5111.0,88294,0.0,0.0
2024-05-02 18:00:00-04:00,5110.25,5118.0,5104.0,5106.25,0,0.0,0.0
2024-05-02 19:00:00-04:00,5106.25,5108.25,5104.25,5106.75,4230,0.0,0.0
2024-05-02 20:00:00-04:00,5107.0,5111.0,5103.25,5109.0,9257,0.0,0.0
2024-05-02 21:00:00-04:00,5109.25,5112.25,5108.0,5108.25,5457,0.0,0.0
2024-05-02 22:00:00-04:00,5108.25,5109.0,5105.5,5106.0,3134,0.0,0.0
2024-05-02 23:00:00-04:00,5106.0,5108.0,5105.25,5107.0,2436,0.0,0.0
2024-05-03 00:00:00-04:00,5106.75,5107.0,5103.5,5104.0,2244,0.0,0.0
2024-05-03 01:00:00-04:00,5104.0,5106.75,5103.0,5106.0,3145,0.0,0.0
2024-05-03 02:00:00-04:00,5106.0,5106.0,5102.0,5104.0,7141,0.0,0.0
2024-05-03 03:00:00-04:00,5104.25,5104.75,5099.25,5104.0,10694,0.0,0.0
2024-05-03 04:00:00-04:00,5104.25,5109.5,5103.25,5107.75,8370,0.0,0.0
2024-05-03 05:00:00-04:00,5107.5,5109.75,5105.25,5109.5,6755,0.0,0.0
2024-05-03 06:00:00-04:00,5109.5,5113.75,5108.0,5108.0,8239,0.0,0.0
2024-05-03 07:00:00-04:00,5108.0,5112.5,5105.25,5107.5,11919,0.0,0.0
2024-05-03 08:00:00-04:00,5107.25,5157.0,5106.25,5148.0,122150,0.0,0.0
2024-05-03 09:00:00-04:00,5148.0,5161.5,5137.25,5157.25,255102,0.0,0.0
2024-05-03 10:00:00-04:00,5157.75,5166.75,5127.75,5132.75,407534,0.0,0.0
2024-05-03 11:00:00-04:00,5133.0,5150.75,5126.75,5146.25,170393,0.0,0.0
2024-05-03 12:00:00-04:00,5146.25,5155.5,5145.5,5148.75,102423,0.0,0.0
2024-05-03 13:00:00-04:00,5148.75,5157.75,5147.5,5154.75,86637,0.0,0.0
2024-05-03 14:00:00-04:00,5154.5,5161.75,5154.0,5157.0,83182,0.0,0.0
2024-05-03 15:00:00-04:00,5157.25,5160.25,5152.75,5154.25,162869,0.0,0.0
2024-05-03 16:00:00-04:00,5154.25,5162.25,5154.0,5161.5,55965,0.0,0.0
2024-05-05 18:00:00-04:00,5166.75,5169.75,5162.25,5163.5,4696,0.0,0.0
2024-05-05 19:00:00-04:00,5163.5,5164.75,5158.75,5159.25,4582,0.0,0.0
2024-05-05 20:00:00-04:00,5159.5,5161.25,5156.0,5159.25,10257,0.0,0.0
2024-05-05 21:00:00-04:00,5159.0,5160.75,5158.0,5160.75,4662,0.0,0.0
2024-05-05 22:00:00-04:00,5160.75,5161.0,5158.5,5159.0,3260,0.0,0.0
2024-05-05 23:00:00-04:00,5158.75,5160.25,5157.5,5159.75,3511,0.0,0.0
2024-05-06 00:00:00-04:00,5160.0,5160.0,5157.25,5157.75,2273,0.0,0.0
2024-05-06 01:00:00-04:00,5157.5,5159.0,5155.75,5158.25,4589,0.0,0.0
2024-05-06 02:00:00-04:00,5158.0,5163.0,5158.0,5162.0,6447,0.0,0.0
2024-05-06 03:00:00-04:00,5162.0,5164.0,5159.5,5159.5,8381,0.0,0.0
2024-05-06 04:00:00-04:00,5159.75,5165.75,5158.75,5164.5,8648,0.0,0.0
2024-05-06 05:00:00-04:00,5164.5,5168.5,5164.0,5168.0,8839,0.0,0.0
2024-05-06 06:00:00-04:00,5168.25,5174.75,5167.75,5173.5,12098,0.0,0.0
2024-05-06 07:00:00-04:00,5173.25,5173.25,5170.75,5172.0,10130,0.0,0.0
2024-05-06 08:00:00-04:00,5172.25,5177.75,5171.0,5175.0,19531,0.0,0.0
2024-05-06 09:00:00-04:00,5175.25,5184.75,5173.25,5183.5,141300,0.0,0.0
2024-05-06 10:00:00-04:00,5183.25,5187.75,5181.75,5184.25,126902,0.0,0.0
2024-05-06 11:00:00-04:00,5184.25,5186.75,5179.75,5185.0,85364,0.0,0.0
2024-05-06 12:00:00-04:00,5185.0,5188.75,5178.25,5188.0,94273,0.0,0.0
2024-05-06 13:00:00-04:00,5187.75,5191.75,5183.5,5190.25,77537,0.0,0.0
2024-05-06 14:00:00-04:00,5190.25,5199.5,5189.5,5195.5,92665,0.0,0.0
2024-05-06 15:00:00-04:00,5195.25,5207.5,5190.0,5207.25,169555,0.0,0.0
2024-05-06 16:00:00-04:00,5207.0,5207.75,5203.0,5205.25,73790,0.0,0.0
2024-05-06 18:00:00-04:00,5204.75,5207.25,5202.25,5206.75,0,0.0,0.0
2024-05-06 19:00:00-04:00,5206.75,5208.0,5204.25,5205.5,4970,0.0,0.0
2024-05-06 20:00:00-04:00,5205.5,5207.25,5204.25,5206.0,4522,0.0,0.0
2024-05-06 21:00:00-04:00,5205.75,5206.75,5203.5,5206.5,5173,0.0,0.0
2024-05-06 22:00:00-04:00,5206.25,5207.75,5204.75,5206.0,3402,0.0,0.0
2024-05-06 23:00:00-04:00,5206.0,5208.75,5205.75,5208.25,3557,0.0,0.0
2024-05-07 00:00:00-04:00,5208.75,5208.75,5206.75,5207.25,3526,0.0,0.0
2024-05-07 01:00:00-04:00,5207.25,5208.25,5206.0,5206.5,3723,0.0,0.0
2024-05-07 02:00:00-04:00,5206.5,5208.75,5206.25,5208.25,6358,0.0,0.0
2024-05-07 03:00:00-04:00,5208.25,5209.75,5203.0,5203.5,13765,0.0,0.0
2024-05-07 04:00:00-04:00,5203.75,5212.75,5202.25,5212.25,16778,0.0,0.0
2024-05-07 05:00:00-04:00,5212.0,5213.25,5207.25,5208.75,10567,0.0,0.0
2024-05-07 06:00:00-04:00,5209.0,5210.5,5207.25,5210.0,9482,0.0,0.0
2024-05-07 07:00:00-04:00,5210.0,5210.75,5205.0,5207.5,12927,0.0,0.0
2024-05-07 08:00:00-04:00,5207.25,5213.25,5206.75,5213.0,17722,0.0,0.0
2024-05-07 09:00:00-04:00,5212.75,5220.25,5212.25,5213.0,160462,0.0,0.0
2024-05-07 10:00:00-04:00,5213.0,5223.5,5210.5,5222.5,147589,0.0,0.0
2024-05-07 11:00:00-04:00,5222.5,5224.0,5218.0,5221.75,97123,0.0,0.0
2024-05-07 12:00:00-04:00,5222.0,5224.0,5216.5,5220.0,80188,0.0,0.0
2024-05-07 13:00:00-04:00,5219.75,5226.75,5208.75,5211.0,110068,0.0,0.0
2024-05-07 14:00:00-04:00,5211.0,5215.25,5205.5,5211.25,121945,0.0,0.0
2024-05-07 15:00:00-04:00,5211.0,5219.5,5207.5,5212.25,185704,0.0,0.0
2024-05-07 16:00:00-04:00,5212.25,5215.75,5210.75,5212.0,39961,0.0,0.0
2024-05-07 18:00:00-04:00,5211.75,5214.5,5208.25,5214.5,0,0.0,0.0
2024-05-07 19:00:00-04:00,5214.25,5215.75,5212.75,5214.0,4075,0.0,0.0
2024-05-07 20:00:00-04:00,5214.25,5216.0,5213.0,5214.5,5474,0.0,0.0
2024-05-07 21:00:00-04:00,5214.5,5215.5,5212.25,5213.0,4416,0.0,0.0
2024-05-07 22:00:00-04:00,5213.0,5214.0,5210.25,5212.25,4577,0.0,0.0
2024-05-07 23:00:00-04:00,5212.25,5214.0,5210.75,5212.75,3334,0.0,0.0
2024-05-08 00:00:00-04:00,5212.75,5213.0,5210.5,5210.75,2844,0.0,0.0
2024-05-08 01:00:00-04:00,5211.0,5213.25,5210.0,5213.0,3641,0.0,0.0
2024-05-08 02:00:00-04:00,5213.0,5214.25,5210.75,5213.5,5436,0.0,0.0
2024-05-08 03:00:00-04:00,5213.25,5218.0,5213.0,5214.25,11908,0.0,0.0
2024-05-08 04:00:00-04:00,5214.25,5216.5,5211.0,5211.75,11079,0.0,0.0
2024-05-08 05:00:00-04:00,5211.5,5215.5,5211.25,5213.75,8462,0.0,0.0
2024-05-08 06:00:00-04:00,5213.5,5214.5,5208.25,5208.25,11171,0.0,0.0
2024-05-08 07:00:00-04:00,5208.5,5209.25,5202.75,5204.5,22677,0.0,0.0
2024-05-08 08:00:00-04:00,5204.5,5204.75,5188.75,5194.0,42592,0.0,0.0
2024-05-08 09:00:00-04:00,5194.0,5205.25,5191.0,5205.0,135072,0.0,0.0
2024-05-08 10:00:00-04:00,5204.75,5217.25,5200.25,5213.75,157664,0.0,0.0
2024-05-08 11:00:00-04:00,5214.0,5216.75,5206.25,5208.0,109786,0.0,0.0
2024-05-08 12:00:00-04:00,5207.75,5211.25,5202.25,5206.0,82418,0.0,0.0
2024-05-08 13:00:00-04:00,5206.25,5211.0,5200.75,5210.75,80845,0.0,0.0
2024-05-08 14:00:00-04:00,5210.75,5214.25,5208.75,5210.0,72835,0.0,0.0
2024-05-08 15:00:00-04:00,5210.25,5217.0,5205.5,5211.5,146001,0.0,0.0
2024-05-08 16:00:00-04:00,5211.5,5212.25,5208.0,5210.0,40541,0.0,0.0
2024-05-08 18:00:00-04:00,5209.25,5213.0,5208.0,5211.5,0,0.0,0.0
2024-05-08 19:00:00-04:00,5211.5,5212.0,5209.5,5210.25,2216,0.0,0.0
2024-05-08 20:00:00-04:00,5210.25,5211.0,5207.5,5209.75,4688,0.0,0.0
2024-05-08 21:00:00-04:00,5209.75,5212.0,5208.0,5211.5,4083,0.0,0.0
2024-05-08 22:00:00-04:00,5211.75,5211.75,5208.75,5209.75,2891,0.0,0.0
2024-05-08 23:00:00-04:00,5209.75,5210.5,5207.75,5208.0,1965,0.0,0.0
2024-05-09 00:00:00-04:00,5208.0,5208.5,5206.25,5206.25,2390,0.0,0.0
2024-05-09 01:00:00-04:00,5206.25,5207.25,5204.75,5205.5,3480,0.0,0.0
2024-05-09 02:00:00-04:00,5205.75,5206.0,5202.0,5202.25,5515,0.0,0.0
2024-05-09 03:00:00-04:00,5202.0,5206.5,5200.0,5201.25,10253,0.0,0.0
2024-05-09 04:00:00-04:00,5201.5,5204.75,5199.75,5200.0,8263,0.0,0.0
2024-05-09 05:00:00-04:00,5199.75,5201.25,5195.0,5199.75,10683,0.0,0.0
2024-05-09 06:00:00-04:00,5199.75,5205.5,5199.25,5201.75,8320,0.0,0.0
2024-05-09 07:00:00-04:00,5201.5,5207.75,5200.0,5205.5,13301,0.0,0.0
2024-05-09 08:00:00-04:00,5205.25,5215.0,5201.5,5211.25,39046,0.0,0.0
2024-05-09 09:00:00-04:00,5211.5,5216.25,5204.25,5213.25,131792,0.0,0.0
2024-05-09 10:00:00-04:00,5213.25,5230.5,5212.25,5229.25,197424,0.0,0.0
2024-05-09 11:00:00-04:00,5229.0,5232.75,5220.75,5222.5,131889,0.0,0.0
2024-05-09 12:00:00-04:00,5222.25,5231.25,5221.0,5230.0,91003,0.0,0.0
2024-05-09 13:00:00-04:00,5229.75,5234.0,5225.5,5229.5,91341,0.0,0.0
2024-05-09 14:00:00-04:00,5229.5,5238.25,5226.75,5236.75,79490,0.0,0.0
2024-05-09 15:00:00-04:00,5236.75,5240.0,5233.5,5239.25,159668,0.0,0.0
2024-05-09 16:00:00-04:00,5239.25,5244.75,5238.75,5239.0,46787,0.0,0.0
2024-05-09 18:00:00-04:00,5240.75,5245.0,5239.25,5243.75,0,0.0,0.0
2024-05-09 19:00:00-04:00,5243.5,5246.0,5243.25,5243.5,3988,0.0,0.0
2024-05-09 20:00:00-04:00,5243.5,5245.0,5242.25,5244.75,5468,0.0,0.0
2024-05-09 21:00:00-04:00,5244.75,5245.5,5241.25,5241.25,5376,0.0,0.0
2024-05-09 22:00:00-04:00,5241.25,5242.25,5240.75,5241.75,3343,0.0,0.0
2024-05-09 23:00:00-04:00,5241.5,5242.25,5240.5,5241.25,1936,0.0,0.0
2024-05-10 00:00:00-04:00,5241.25,5244.75,5241.25,5244.25,3095,0.0,0.0
2024-05-10 01:00:00-04:00,5244.0,5245.75,5243.5,5243.75,4399,0.0,0.0
2024-05-10 02:00:00-04:00,5244.0,5248.25,5242.75,5247.75,6433,0.0,0.0
2024-05-10 03:00:00-04:00,5247.75,5252.0,5247.75,5249.25,15098,0.0,0.0
2024-05-10 04:00:00-04:00,5249.25,5256.75,5245.75,5256.75,14078,0.0,0.0
2024-05-10 05:00:00-04:00,5257.0,5260.75,5256.25,5259.25,17319,0.0,0.0
2024-05-10 06:00:00-04:00,5259.25,5259.5,5256.0,5256.5,9037,0.0,0.0
2024-05-10 07:00:00-04:00,5256.75,5258.5,5253.5,5254.75,10472,0.0,0.0
2024-05-10 08:00:00-04:00,5254.5,5258.25,5250.0,5250.25,24889,0.0,0.0
2024-05-10 09:00:00-04:00,5250.5,5264.0,5249.5,5262.0,141470,0.0,0.0
2024-05-10 10:00:00-04:00,5262.0,5262.0,5237.25,5241.75,235583,0.0,0.0
2024-05-10 11:00:00-04:00,5242.0,5243.75,5232.75,5240.75,128986,0.0,0.0
2024-05-10 12:00:00-04:00,5240.75,5244.75,5235.5,5242.5,87877,0.0,0.0
2024-05-10 13:00:00-04:00,5242.5,5245.5,5236.0,5245.0,75870,0.0,0.0
2024-05-10 14:00:00-04:00,5245.0,5246.5,5238.0,5246.25,78313,0.0,0.0
2024-05-10 15:00:00-04:00,5246.25,5250.75,5243.0,5245.5,143149,0.0,0.0
2024-05-10 16:00:00-04:00,5245.25,5246.0,5240.75,5241.5,37390,0.0,0.0
2024-05-12 18:00:00-04:00,5240.5,5243.5,5239.75,5242.75,4097,0.0,0.0
2024-05-12 19:00:00-04:00,5243.0,5244.25,5242.0,5242.75,1935,0.0,0.0
2024-05-12 20:00:00-04:00,5243.0,5245.25,5241.25,5245.0,4672,0.0,0.0
2024-05-12 21:00:00-04:00,5245.0,5245.5,5243.75,5245.5,3242,0.0,0.0
2024-05-12 22:00:00-04:00,5245.25,5245.75,5243.75,5244.0,3025,0.0,0.0
2024-05-12 23:00:00-04:00,5244.25,5250.0,5243.25,5249.0,6899,0.0,0.0
2024-05-13 00:00:00-04:00,5249.0,5251.0,5248.0,5250.75,4036,0.0,0.0
2024-05-13 01:00:00-04:00,5250.75,5252.25,5250.25,5251.75,3862,0.0,0.0
2024-05-13 02:00:00-04:00,5251.75,5253.25,5250.75,5251.0,5321,0.0,0.0
2024-05-13 03:00:00-04:00,5251.25,5252.75,5249.0,5252.25,7096,0.0,0.0
2024-05-13 04:00:00-04:00,5252.0,5253.25,5249.0,5250.0,9368,0.0,0.0
2024-05-13 05:00:00-04:00,5249.75,5253.75,5249.0,5252.25,6841,0.0,0.0
2024-05-13 06:00:00-04:00,5252.0,5255.0,5251.25,5254.75,5736,0.0,0.0
2024-05-13 07:00:00-04:00,5254.75,5260.0,5253.0,5259.5,12471,0.0,0.0
2024-05-13 08:00:00-04:00,5259.25,5261.0,5254.75,5259.75,15270,0.0,0.0
2024-05-13 09:00:00-04:00,5259.5,5264.0,5247.25,5253.0,151988,0.0,0.0
2024-05-13 10:00:00-04:00,5253.0,5254.75,5247.5,5249.0,117018,0.0,0.0
2024-05-13 11:00:00-04:00,5249.0,5251.0,5240.0,5246.75,113340,0.0,0.0
2024-05-13 12:00:00-04:00,5246.75,5250.0,5246.0,5246.25,61930,0.0,0.0
2024-05-13 13:00:00-04:00,5246.25,5246.5,5233.25,5243.0,117592,0.0,0.0
2024-05-13 14:00:00-04:00,5243.25,5246.25,5239.25,5245.5,59910,0.0,0.0
2024-05-13 15:00:00-04:00,5245.25,5247.75,5241.0,5245.75,137844,0.0,0.0
2024-05-13 16:00:00-04:00,5245.75,5247.75,5241.75,5243.0,36769,0.0,0.0
2024-05-13 18:00:00-04:00,5245.5,5245.5,5242.0,5244.0,0,0.0,0.0
2024-05-13 19:00:00-04:00,5244.0,5245.25,5243.25,5244.25,1669,0.0,0.0
2024-05-13 20:00:00-04:00,5244.5,5246.0,5242.5,5243.75,3635,0.0,0.0
2024-05-13 21:00:00-04:00,5243.5,5244.25,5241.5,5243.0,3260,0.0,0.0
2024-05-13 22:00:00-04:00,5243.25,5243.5,5242.25,5242.25,1776,0.0,0.0
2024-05-13 23:00:00-04:00,5242.25,5242.75,5240.75,5241.5,2771,0.0,0.0
2024-05-14 00:00:00-04:00,5241.5,5243.25,5241.25,5242.5,2598,0.0,0.0
2024-05-14 01:00:00-04:00,5242.5,5245.75,5242.25,5245.25,4024,0.0,0.0
2024-05-14 02:00:00-04:00,5245.25,5246.25,5244.25,5245.0,4364,0.0,0.0
2024-05-14 03:00:00-04:00,5245.25,5246.75,5243.5,5246.0,6502,0.0,0.0
2024-05-14 04:00:00-04:00,5246.0,5248.0,5245.0,5247.5,5382,0.0,0.0
2024-05-14 05:00:00-04:00,5247.5,5248.5,5245.0,5247.75,5974,0.0,0.0
2024-05-14 06:00:00-04:00,5247.75,5248.25,5245.5,5248.0,7573,0.0,0.0
2024-05-14 07:00:00-04:00,5248.0,5248.5,5245.5,5246.75,9228,0.0,0.0
2024-05-14 08:00:00-04:00,5246.75,5250.0,5216.75,5244.25,105677,0.0,0.0
2024-05-14 09:00:00-04:00,5244.25,5252.75,5240.25,5248.5,146787,0.0,0.0
2024-05-14 10:00:00-04:00,5248.5,5260.0,5242.25,5253.25,249922,0.0,0.0
2024-05-14 11:00:00-04:00,5253.25,5257.25,5245.25,5246.5,116651,0.0,0.0
2024-05-14 12:00:00-04:00,5246.5,5248.75,5242.5,5245.5,68231,0.0,0.0
2024-05-14 13:00:00-04:00,5245.5,5250.5,5241.25,5248.5,70918,0.0,0.0
2024-05-14 14:00:00-04:00,5248.75,5271.5,5248.0,5268.5,143874,0.0,0.0
2024-05-14 15:00:00-04:00,5268.75,5274.25,5265.75,5268.75,177761,0.0,0.0
2024-05-14 16:00:00-04:00,5268.5,5270.0,5266.75,5269.0,46588,0.0,0.0
2024-05-14 18:00:00-04:00,5268.5,5273.75,5266.25,5273.25,0,0.0,0.0
2024-05-14 19:00:00-04:00,5273.25,5273.5,5271.25,5271.5,2730,0.0,0.0
2024-05-14 20:00:00-04:00,5271.5,5273.5,5269.0,5271.25,5331,0.0,0.0
2024-05-14 21:00:00-04:00,5271.25,5274.5,5270.5,5274.0,4061,0.0,0.0
2024-05-14 22:00:00-04:00,5274.0,5277.5,5273.75,5275.5,4075,0.0,0.0
2024-05-14 23:00:00-04:00,5275.5,5277.0,5275.25,5275.25,2311,0.0,0.0
2024-05-15 00:00:00-04:00,5275.25,5275.25,5272.5,5272.5,2852,0.0,0.0
2024-05-15 01:00:00-04:00,5272.5,5274.25,5271.5,5273.75,3072,0.0,0.0
2024-05-15 02:00:00-04:00,5273.5,5274.75,5271.5,5272.25,5514,0.0,0.0
2024-05-15 03:00:00-04:00,5272.0,5273.5,5268.5,5269.75,9439,0.0,0.0
2024-05-15 04:00:00-04:00,5269.75,5273.0,5269.0,5272.5,8466,0.0,0.0
2024-05-15 05:00:00-04:00,5272.5,5274.0,5271.0,5271.75,8215,0.0,0.0
2024-05-15 06:00:00-04:00,5271.75,5272.75,5270.5,5270.75,7771,0.0,0.0
2024-05-15 07:00:00-04:00,5271.0,5272.75,5270.0,5270.75,12098,0.0,0.0
2024-05-15 08:00:00-04:00,5270.75,5303.0,5266.25,5296.0,113537,0.0,0.0
2024-05-15 09:00:00-04:00,5296.25,5303.25,5286.75,5291.75,206387,0.0,0.0
2024-05-15 10:00:00-04:00,5292.0,5308.0,5291.25,5307.0,195147,0.0,0.0
2024-05-15 11:00:00-04:00,5306.75,5317.25,5306.75,5314.5,143449,0.0,0.0
2024-05-15 12:00:00-04:00,5314.5,5321.5,5309.75,5321.0,90639,0.0,0.0
2024-05-15 13:00:00-04:00,5321.0,5325.75,5319.0,5325.5,95858,0.0,0.0
2024-05-15 14:00:00-04:00,5325.5,5330.25,5321.75,5325.75,97209,0.0,0.0
2024-05-15 15:00:00-04:00,5325.75,5337.25,5322.75,5333.5,236823,0.0,0.0
2024-05-15 16:00:00-04:00,5333.5,5334.0,5325.25,5330.25,71639,0.0,0.0
2024-05-15 18:00:00-04:00,5331.5,5335.25,5329.25,5333.75,0,0.0,0.0
2024-05-15 19:00:00-04:00,5333.5,5339.5,5333.5,5337.75,8450,0.0,0.0
2024-05-15 20:00:00-04:00,5337.75,5340.75,5337.25,5340.5,7329,0.0,0.0
2024-05-15 21:00:00-04:00,5340.25,5341.25,5338.25,5339.5,5637,0.0,0.0
2024-05-15 22:00:00-04:00,5339.5,5340.75,5337.75,5340.5,4334,0.0,0.0
2024-05-15 23:00:00-04:00,5340.75,5343.25,5340.5,5342.25,4838,0.0,0.0
2024-05-16 00:00:00-04:00,5342.5,5342.5,5340.5,5340.5,2613,0.0,0.0
2024-05-16 01:00:00-04:00,5340.5,5342.0,5339.0,5339.25,4772,0.0,0.0
2024-05-16 02:00:00-04:00,5339.0,5339.25,5335.25,5337.25,8501,0.0,0.0
2024-05-16 03:00:00-04:00,5337.5,5339.5,5335.75,5337.25,11953,0.0,0.0
2024-05-16 04:00:00-04:00,5337.5,5338.25,5334.75,5336.5,8550,0.0,0.0
2024-05-16 05:00:00-04:00,5336.5,5338.25,5335.5,5335.75,8155,0.0,0.0
2024-05-16 06:00:00-04:00,5335.75,5336.75,5334.0,5335.5,8588,0.0,0.0
2024-05-16 07:00:00-04:00,5335.75,5339.75,5335.25,5336.25,13479,0.0,0.0
2024-05-16 08:00:00-04:00,5336.25,5342.5,5331.5,5333.25,34633,0.0,0.0
2024-05-16 09:00:00-04:00,5333.5,5336.75,5330.0,5335.75,115730,0.0,0.0
2024-05-16 10:00:00-04:00,5335.75,5348.5,5328.25,5347.5,167473,0.0,0.0
2024-05-16 11:00:00-04:00,5347.5,5349.0,5338.5,5342.75,136026,0.0,0.0
2024-05-16 12:00:00-04:00,5342.75,5342.75,5335.25,5340.5,97411,0.0,0.0
2024-05-16 13:00:00-04:00,5340.75,5342.0,5326.5,5334.0,152133,0.0,0.0
2024-05-16 14:00:00-04:00,5334.0,5334.75,5323.5,5334.5,107339,0.0,0.0
2024-05-16 15:00:00-04:00,5334.5,5335.75,5318.75,5320.0,193939,0.0,0.0
2024-05-16 16:00:00-04:00,5319.75,5322.0,5315.5,5316.25,56935,0.0,0.0
2024-05-16 18:00:00-04:00,5318.25,5320.25,5316.75,5319.5,0,0.0,0.0
2024-05-16 19:00:00-04:00,5319.5,5321.25,5318.0,5320.0,3434,0.0,0.0
2024-05-16 20:00:00-04:00,5320.0,5321.75,5318.5,5321.0,4836,0.0,0.0
2024-05-16 21:00:00-04:00,5321.25,5323.25,5320.75,5322.5,4764,0.0,0.0
2024-05-16 22:00:00-04:00,5322.5,5322.75,5318.75,5319.25,4777,0.0,0.0
2024-05-16 23:00:00-04:00,5319.5,5320.0,5318.25,5318.5,2866,0.0,0.0
2024-05-17 00:00:00-04:00,5318.5,5320.5,5318.0,5320.25,2129,0.0,0.0
2024-05-17 01:00:00-04:00,5320.25,5321.25,5319.0,5320.75,3609,0.0,0.0
2024-05-17 02:00:00-04:00,5321.0,5324.0,5320.75,5321.25,6866,0.0,0.0
2024-05-17 03:00:00-04:00,5321.25,5323.25,5319.25,5319.75,11068,0.0,0.0
2024-05-17 04:00:00-04:00,5319.75,5320.25,5313.25,5315.75,13729,0.0,0.0
2024-05-17 05:00:00-04:00,5316.0,5321.5,5315.75,5318.75,11473,0.0,0.0
2024-05-17 06:00:00-04:00,5319.0,5320.75,5316.5,5320.75,8423,0.0,0.0
2024-05-17 07:00:00-04:00,5320.75,5324.0,5318.25,5322.0,11502,0.0,0.0
2024-05-17 08:00:00-04:00,5321.75,5326.0,5320.5,5325.75,22364,0.0,0.0
2024-05-17 09:00:00-04:00,5325.75,5326.0,5315.75,5320.0,133690,0.0,0.0
2024-05-17 10:00:00-04:00,5320.0,5325.5,5316.0,5323.75,119718,0.0,0.0
2024-05-17 11:00:00-04:00,5323.5,5323.75,5315.0,5320.75,106357,0.0,0.0
2024-05-17 12:00:00-04:00,5320.75,5323.0,5312.75,5320.5,84863,0.0,0.0
2024-05-17 13:00:00-04:00,5320.5,5321.75,5317.5,5319.75,64658,0.0,0.0
2024-05-17 14:00:00-04:00,5320.0,5322.25,5305.75,5320.75,151727,0.0,0.0
2024-05-17 15:00:00-04:00,5321.0,5328.75,5318.75,5327.75,171784,0.0,0.0
2024-05-17 16:00:00-04:00,5327.5,5328.25,5324.0,5328.25,40500,0.0,0.0
2024-05-19 18:00:00-04:00,5329.25,5334.25,5329.0,5332.5,5368,0.0,0.0
2024-05-19 19:00:00-04:00,5332.5,5336.5,5332.5,5335.25,3897,0.0,0.0
2024-05-19 20:00:00-04:00,5335.5,5336.25,5332.25,5335.0,5840,0.0,0.0
2024-05-19 21:00:00-04:00,5334.75,5335.5,5333.5,5334.0,4044,0.0,0.0
2024-05-19 22:00:00-04:00,5334.0,5336.0,5332.75,5335.5,4211,0.0,0.0
2024-05-19 23:00:00-04:00,5335.75,5336.25,5334.0,5334.25,3120,0.0,0.0
2024-05-20 00:00:00-04:00,5334.5,5335.5,5333.75,5334.75,2090,0.0,0.0
2024-05-20 01:00:00-04:00,5335.0,5336.0,5334.5,5335.75,3073,0.0,0.0
2024-05-20 02:00:00-04:00,5335.5,5335.5,5332.0,5332.25,6341,0.0,0.0
2024-05-20 03:00:00-04:00,5332.25,5333.25,5330.5,5332.25,9022,0.0,0.0
2024-05-20 04:00:00-04:00,5332.25,5333.75,5330.25,5332.0,7818,0.0,0.0
2024-05-20 05:00:00-04:00,5332.0,5333.75,5330.5,5333.5,5662,0.0,0.0
2024-05-20 06:00:00-04:00,5333.5,5335.0,5332.25,5334.75,4674,0.0,0.0
2024-05-20 07:00:00-04:00,5334.75,5337.0,5333.0,5336.0,9666,0.0,0.0
2024-05-20 08:00:00-04:00,5336.0,5337.25,5328.5,5329.75,27587,0.0,0.0
2024-05-20 09:00:00-04:00,5329.75,5345.0,5326.75,5344.0,135445,0.0,0.0
2024-05-20 10:00:00-04:00,5344.0,5347.5,5339.5,5345.25,133071,0.0,0.0
2024-05-20 11:00:00-04:00,5345.0,5348.25,5340.75,5342.5,107010,0.0,0.0
2024-05-20 12:00:00-04:00,5342.75,5345.0,5339.0,5344.5,84528,0.0,0.0
2024-05-20 13:00:00-04:00,5344.75,5345.5,5333.0,5334.75,99057,0.0,0.0
2024-05-20 14:00:00-04:00,5334.75,5336.75,5323.75,5331.0,115482,0.0,0.0
2024-05-20 15:00:00-04:00,5331.25,5336.25,5327.5,5333.25,160769,0.0,0.0
2024-05-20 16:00:00-04:00,5333.0,5335.75,5329.5,5331.75,48366,0.0,0.0
2024-05-20 18:00:00-04:00,5331.75,5333.25,5329.5,5330.25,0,0.0,0.0
2024-05-20 19:00:00-04:00,5330.5,5331.75,5330.0,5331.5,2031,0.0,0.0
2024-05-20 20:00:00-04:00,5331.5,5334.25,5331.0,5333.0,4682,0.0,0.0
2024-05-20 21:00:00-04:00,5333.0,5333.5,5330.25,5331.0,4508,0.0,0.0
2024-05-20 22:00:00-04:00,5331.0,5332.75,5330.75,5331.5,2941,0.0,0.0
2024-05-20 23:00:00-04:00,5331.5,5332.75,5331.5,5332.25,2380,0.0,0.0
2024-05-21 00:00:00-04:00,5332.25,5333.75,5332.25,5333.25,1645,0.0,0.0
2024-05-21 01:00:00-04:00,5333.5,5334.25,5331.75,5332.5,3325,0.0,0.0
2024-05-21 02:00:00-04:00,5332.25,5334.0,5331.75,5332.5,4624,0.0,0.0
2024-05-21 03:00:00-04:00,5332.5,5335.5,5332.0,5333.75,8194,0.0,0.0
2024-05-21 04:00:00-04:00,5333.75,5334.0,5330.0,5331.5,7222,0.0,0.0
2024-05-21 05:00:00-04:00,5331.5,5332.5,5329.0,5329.5,6478,0.0,0.0
2024-05-21 06:00:00-04:00,5329.75,5333.5,5329.75,5333.5,6777,0.0,0.0
2024-05-21 07:00:00-04:00,5333.5,5334.25,5332.25,5333.0,8760,0.0,0.0
2024-05-21 08:00:00-04:00,5333.0,5334.0,5326.75,5327.75,23408,0.0,0.0
2024-05-21 09:00:00-04:00,5327.75,5329.75,5322.5,5327.0,151427,0.0,0.0
2024-05-21 10:00:00-04:00,5327.0,5337.75,5327.0,5335.25,123044,0.0,0.0
2024-05-21 11:00:00-04:00,5335.25,5339.25,5330.0,5331.25,104175,0.0,0.0
2024-05-21 12:00:00-04:00,5331.5,5335.0,5329.5,5331.25,85048,0.0,0.0
2024-05-21 13:00:00-04:00,5331.0,5339.75,5328.0,5339.25,88723,0.0,0.0
2024-05-21 14:00:00-04:00,5339.5,5339.75,5333.25,5336.25,79446,0.0,0.0
2024-05-21 15:00:00-04:00,5336.0,5347.5,5334.25,5346.0,188536,0.0,0.0
2024-05-21 16:00:00-04:00,5346.0,5346.75,5342.75,5344.0,38980,0.0,0.0
2024-05-21 18:00:00-04:00,5343.5,5346.75,5343.25,5346.0,0,0.0,0.0
2024-05-21 19:00:00-04:00,5346.0,5347.25,5346.0,5346.5,1761,0.0,0.0
2024-05-21 20:00:00-04:00,5346.5,5348.0,5345.75,5346.0,3733,0.0,0.0
2024-05-21 21:00:00-04:00,5346.25,5348.25,5345.0,5347.75,3773,0.0,0.0
2024-05-21 22:00:00-04:00,5347.75,5349.25,5346.0,5346.75,3471,0.0,0.0
2024-05-21 23:00:00-04:00,5346.75,5346.75,5345.5,5345.75,2232,0.0,0.0
2024-05-22 00:00:00-04:00,5345.75,5346.5,5345.25,5345.5,1450,0.0,0.0
2024-05-22 01:00:00-04:00,5345.75,5347.25,5345.25,5346.75,2016,0.0,0.0
2024-05-22 02:00:00-04:00,5347.0,5347.0,5342.0,5343.0,6921,0.0,0.0
2024-05-22 03:00:00-04:00,5343.0,5343.0,5338.25,5342.25,12361,0.0,0.0
2024-05-22 04:00:00-04:00,5342.0,5343.25,5338.75,5340.0,7208,0.0,0.0
2024-05-22 05:00:00-04:00,5340.0,5341.25,5336.75,5337.75,6722,0.0,0.0
2024-05-22 06:00:00-04:00,5337.75,5339.0,5334.5,5335.75,9729,0.0,0.0
2024-05-22 07:00:00-04:00,5336.0,5341.25,5334.75,5335.0,15611,0.0,0.0
2024-05-22 08:00:00-04:00,5335.0,5338.25,5334.25,5337.5,17005,0.0,0.0
2024-05-22 09:00:00-04:00,5337.25,5343.0,5335.0,5342.5,100475,0.0,0.0
2024-05-22 10:00:00-04:00,5342.25,5344.0,5339.0,5342.5,102596,0.0,0.0
2024-05-22 11:00:00-04:00,5342.75,5345.0,5332.5,5338.0,94145,0.0,0.0
2024-05-22 12:00:00-04:00,5338.0,5342.75,5337.25,5339.75,70588,0.0,0.0
2024-05-22 13:00:00-04:00,5339.5,5343.5,5325.25,5330.75,125138,0.0,0.0
2024-05-22 14:00:00-04:00,5331.0,5331.0,5306.75,5316.25,236983,0.0,0.0
2024-05-22 15:00:00-04:00,5316.5,5329.75,5308.75,5329.25,264490,0.0,0.0
2024-05-22 16:00:00-04:00,5329.25,5347.0,5310.25,5331.0,111035,0.0,0.0
2024-05-22 18:00:00-04:00,5339.0,5342.25,5334.0,5337.0,0,0.0,0.0
2024-05-22 19:00:00-04:00,5337.0,5341.5,5336.5,5341.0,4050,0.0,0.0
2024-05-22 20:00:00-04:00,5341.25,5342.0,5339.0,5340.0,5813,0.0,0.0
2024-05-22 21:00:00-04:00,5340.0,5347.0,5338.5,5345.25,8730,0.0,0.0
2024-05-22 22:00:00-04:00,5345.25,5356.5,5344.25,5356.5,10080,0.0,0.0
2024-05-22 23:00:00-04:00,5356.5,5361.75,5354.5,5361.25,12761,0.0,0.0
2024-05-23 00:00:00-04:00,5361.0,5362.75,5360.0,5360.25,4777,0.0,0.0
2024-05-23 01:00:00-04:00,5360.0,5360.75,5357.0,5357.5,6180,0.0,0.0
2024-05-23 02:00:00-04:00,5357.5,5358.5,5354.5,5356.25,7501,0.0,0.0
2024-05-23 03:00:00-04:00,5356.25,5357.5,5353.5,5354.0,14532,0.0,0.0
2024-05-23 04:00:00-04:00,5354.25,5355.25,5350.5,5352.0,12788,0.0,0.0
2024-05-23 05:00:00-04:00,5352.0,5356.0,5350.5,5354.75,9228,0.0,0.0
2024-05-23 06:00:00-04:00,5355.0,5359.25,5354.0,5359.25,12222,0.0,0.0
2024-05-23 07:00:00-04:00,5359.25,5364.0,5358.5,5363.25,23468,0.0,0.0
2024-05-23 08:00:00-04:00,5363.0,5368.25,5362.5,5365.0,33939,0.0,0.0
2024-05-23 09:00:00-04:00,5364.75,5365.25,5322.25,5326.75,303909,0.0,0.0
2024-05-23 10:00:00-04:00,5326.75,5337.25,5317.0,5317.75,286585,0.0,0.0
2024-05-23 11:00:00-04:00,5317.75,5342.25,5316.75,5338.0,166605,0.0,0.0
2024-05-23 12:00:00-04:00,5338.0,5341.5,5322.5,5322.5,140802,0.0,0.0
2024-05-23 13:00:00-04:00,5322.5,5325.5,5292.5,5294.0,245270,0.0,0.0
2024-05-23 14:00:00-04:00,5294.0,5295.25,5275.0,5275.75,261203,0.0,0.0
2024-05-23 15:00:00-04:00,5275.75,5289.25,5273.5,5286.25,305023,0.0,0.0
2024-05-23 16:00:00-04:00,5286.25,5288.25,5281.75,5286.5,52919,0.0,0.0
2024-05-23 18:00:00-04:00,5285.75,5288.5,5285.75,5287.25,0,0.0,0.0
2024-05-23 19:00:00-04:00,5287.5,5291.0,5286.5,5287.75,5248,0.0,0.0
2024-05-23 20:00:00-04:00,5287.5,5293.25,5286.5,5292.5,7141,0.0,0.0
2024-05-23 21:00:00-04:00,5292.5,5295.25,5291.75,5294.25,8307,0.0,0.0
2024-05-23 22:00:00-04:00,5294.25,5296.0,5292.75,5295.0,5681,0.0,0.0
2024-05-23 23:00:00-04:00,5295.0,5295.5,5292.25,5292.5,3233,0.0,0.0
2024-05-24 00:00:00-04:00,5292.5,5294.25,5291.75,5293.5,2741,0.0,0.0
2024-05-24 01:00:00-04:00,5293.25,5293.5,5290.5,5292.25,5160,0.0,0.0
2024-05-24 02:00:00-04:00,5292.25,5292.5,5286.75,5287.5,9846,0.0,0.0
2024-05-24 03:00:00-04:00,5287.75,5293.25,5286.0,5292.5,14546,0.0,0.0
2024-05-24 04:00:00-04:00,5292.75,5299.5,5292.25,5297.75,14413,0.0,0.0
2024-05-24 05:00:00-04:00,5298.0,5298.75,5295.25,5297.5,10625,0.0,0.0
2024-05-24 06:00:00-04:00,5297.5,5301.0,5296.5,5299.5,9806,0.0,0.0
2024-05-24 07:00:00-04:00,5299.75,5302.25,5297.25,5301.75,13448,0.0,0.0
2024-05-24 08:00:00-04:00,5301.75,5305.25,5294.5,5300.5,35013,0.0,0.0
2024-05-24 09:00:00-04:00,5300.25,5307.0,5294.75,5298.25,162567,0.0,0.0
2024-05-24 10:00:00-04:00,5298.0,5317.5,5298.0,5316.75,197580,0.0,0.0
2024-05-24 11:00:00-04:00,5316.75,5329.25,5315.0,5320.75,185946,0.0,0.0
2024-05-24 12:00:00-04:00,5320.75,5326.75,5318.75,5318.75,93109,0.0,0.0
2024-05-24 13:00:00-04:00,5319.0,5325.5,5317.0,5322.25,78464,0.0,0.0
2024-05-24 14:00:00-04:00,5322.0,5327.75,5317.0,5317.75,88906,0.0,0.0
2024-05-24 15:00:00-04:00,5317.5,5322.5,5309.25,5321.75,192559,0.0,0.0
2024-05-24 16:00:00-04:00,5321.75,5323.75,5320.0,5320.75,52391,0.0,0.0
2024-05-26 18:00:00-04:00,5321.75,5324.25,5321.0,5322.0,2287,0.0,0.0
2024-05-26 19:00:00-04:00,5321.75,5321.75,5315.25,5315.75,3883,0.0,0.0
2024-05-26 20:00:00-04:00,5316.0,5317.75,5314.75,5316.75,3454,0.0,0.0
2024-05-26 21:00:00-04:00,5316.75,5319.0,5315.5,5318.5,3439,0.0,0.0
2024-05-26 22:00:00-04:00,5318.25,5318.5,5312.75,5316.0,3282,0.0,0.0
2024-05-26 23:00:00-04:00,5316.25,5317.75,5316.25,5317.0,1233,0.0,0.0
2024-05-28 00:00:00-04:00,5329.5,5330.75,5328.0,5328.0,2391,0.0,0.0
2024-05-28 01:00:00-04:00,5328.25,5329.5,5326.75,5329.0,3241,0.0,0.0
2024-05-28 02:00:00-04:00,5328.75,5331.75,5326.0,5331.0,6342,0.0,0.0
2024-05-28 03:00:00-04:00,5331.0,5333.5,5326.0,5329.0,12412,0.0,0.0
2024-05-28 04:00:00-04:00,5328.75,5339.0,5328.25,5337.75,20435,0.0,0.0
2024-05-28 05:00:00-04:00,5338.0,5338.75,5336.0,5337.0,10017,0.0,0.0
2024-05-28 06:00:00-04:00,5337.0,5337.25,5324.75,5327.25,18344,0.0,0.0
2024-05-28 07:00:00-04:00,5327.25,5329.75,5325.0,5328.5,12956,0.0,0.0
2024-05-28 08:00:00-04:00,5328.5,5331.75,5324.25,5329.0,22773,0.0,0.0
2024-05-28 09:00:00-04:00,5329.0,5331.25,5317.25,5319.75,160713,0.0,0.0
2024-05-28 10:00:00-04:00,5319.75,5328.0,5316.0,5325.25,160332,0.0,0.0
2024-05-28 11:00:00-04:00,5325.25,5327.25,5319.75,5326.5,94034,0.0,0.0
2024-05-28 12:00:00-04:00,5326.25,5329.25,5322.25,5323.75,85662,0.0,0.0
2024-05-28 13:00:00-04:00,5324.0,5325.5,5311.0,5313.75,123200,0.0,0.0
2024-05-28 14:00:00-04:00,5314.0,5319.75,5296.75,5309.0,194736,0.0,0.0
2024-05-28 15:00:00-04:00,5309.0,5326.0,5306.75,5325.5,235257,0.0,0.0
2024-05-28 16:00:00-04:00,5325.5,5330.75,5322.25,5324.0,72133,0.0,0.0
2024-05-28 18:00:00-04:00,5323.75,5324.0,5319.5,5321.75,0,0.0,0.0
2024-05-28 19:00:00-04:00,5321.5,5322.0,5318.0,5318.75,2726,0.0,0.0
2024-05-28 20:00:00-04:00,5319.0,5320.0,5312.75,5314.25,8508,0.0,0.0
2024-05-28 21:00:00-04:00,5314.25,5315.5,5311.75,5314.0,8329,0.0,0.0
2024-05-28 22:00:00-04:00,5313.75,5314.75,5309.5,5309.5,4939,0.0,0.0
2024-05-28 23:00:00-04:00,5309.75,5310.0,5305.75,5307.5,6100,0.0,0.0
2024-05-29 00:00:00-04:00,5307.25,5310.0,5306.5,5309.75,3793,0.0,0.0
2024-05-29 01:00:00-04:00,5309.75,5310.25,5300.25,5300.75,8320,0.0,0.0
2024-05-29 02:00:00-04:00,5301.0,5306.5,5298.25,5304.75,11560,0.0,0.0
2024-05-29 03:00:00-04:00,5304.75,5307.25,5296.25,5297.25,20851,0.0,0.0
2024-05-29 04:00:00-04:00,5297.25,5302.75,5292.25,5295.75,24031,0.0,0.0
2024-05-29 05:00:00-04:00,5295.75,5297.0,5289.75,5292.5,16856,0.0,0.0
2024-05-29 06:00:00-04:00,5292.5,5295.5,5291.0,5292.0,12230,0.0,0.0
2024-05-29 07:00:00-04:00,5292.0,5296.0,5287.75,5292.5,21251,0.0,0.0
2024-05-29 08:00:00-04:00,5292.5,5296.75,5284.25,5285.25,37417,0.0,0.0
2024-05-29 09:00:00-04:00,5285.0,5289.25,5278.75,5287.0,208705,0.0,0.0
2024-05-29 10:00:00-04:00,5286.75,5298.25,5283.75,5295.5,224610,0.0,0.0
2024-05-29 11:00:00-04:00,5295.5,5296.0,5285.5,5291.0,129409,0.0,0.0
2024-05-29 12:00:00-04:00,5291.25,5298.25,5285.0,5296.5,103096,0.0,0.0
2024-05-29 13:00:00-04:00,5296.25,5297.5,5286.75,5295.25,122677,0.0,0.0
2024-05-29 14:00:00-04:00,5295.25,5297.0,5285.75,5287.0,102751,0.0,0.0
2024-05-29 15:00:00-04:00,5287.25,5297.75,5281.5,5287.25,224810,0.0,0.0
2024-05-29 16:00:00-04:00,5287.5,5289.25,5268.25,5270.0,79195,0.0,0.0
2024-05-29 18:00:00-04:00,5270.5,5273.75,5265.5,5267.25,0,0.0,0.0
2024-05-29 19:00:00-04:00,5267.25,5268.0,5262.75,5266.75,7575,0.0,0.0
2024-05-29 20:00:00-04:00,5266.75,5267.5,5263.5,5264.0,9973,0.0,0.0
2024-05-29 21:00:00-04:00,5264.0,5266.5,5262.25,5264.25,9149,0.0,0.0
2024-05-29 22:00:00-04:00,5264.25,5265.75,5258.25,5260.25,8972,0.0,0.0
2024-05-29 23:00:00-04:00,5260.0,5260.25,5256.0,5258.0,8549,0.0,0.0
2024-05-30 00:00:00-04:00,5258.25,5258.25,5254.0,5256.25,4940,0.0,0.0
2024-05-30 01:00:00-04:00,5256.0,5256.0,5250.5,5253.75,9819,0.0,0.0
2024-05-30 02:00:00-04:00,5254.0,5256.5,5250.75,5251.0,11151,0.0,0.0
2024-05-30 03:00:00-04:00,5251.0,5260.25,5251.0,5259.0,21957,0.0,0.0
2024-05-30 04:00:00-04:00,5259.0,5264.0,5257.25,5263.25,17059,0.0,0.0
2024-05-30 05:00:00-04:00,5263.5,5264.5,5259.5,5261.0,10229,0.0,0.0
2024-05-30 06:00:00-04:00,5261.0,5265.75,5258.25,5264.5,13110,0.0,0.0
2024-05-30 07:00:00-04:00,5264.5,5266.0,5262.0,5263.0,17108,0.0,0.0
2024-05-30 08:00:00-04:00,5262.75,5272.5,5262.0,5268.5,47987,0.0,0.0
2024-05-30 09:00:00-04:00,5268.5,5274.25,5263.25,5270.25,175786,0.0,0.0
2024-05-30 10:00:00-04:00,5270.25,5272.75,5254.75,5258.25,247910,0.0,0.0
2024-05-30 11:00:00-04:00,5258.25,5268.25,5253.0,5261.5,129902,0.0,0.0
2024-05-30 12:00:00-04:00,5261.5,5272.0,5261.25,5271.5,100086,0.0,0.0
2024-05-30 13:00:00-04:00,5271.5,5277.0,5269.5,5272.5,84237,0.0,0.0
2024-05-30 14:00:00-04:00,5272.5,5273.25,5260.75,5265.5,104684,0.0,0.0
2024-05-30 15:00:00-04:00,5265.5,5267.25,5238.25,5251.5,296562,0.0,0.0
2024-05-30 16:00:00-04:00,5251.5,5253.0,5243.0,5253.0,63998,0.0,0.0
2024-05-30 18:00:00-04:00,5250.5,5250.75,5243.0,5245.5,0,0.0,0.0
2024-05-30 19:00:00-04:00,5245.5,5246.5,5241.75,5243.0,4502,0.0,0.0
2024-05-30 20:00:00-04:00,5242.75,5245.0,5234.5,5239.25,12716,0.0,0.0
2024-05-30 21:00:00-04:00,5239.5,5244.5,5239.0,5244.0,9720,0.0,0.0
2024-05-30 22:00:00-04:00,5244.25,5245.25,5238.5,5239.0,5880,0.0,0.0
2024-05-30 23:00:00-04:00,5239.0,5247.5,5239.0,5246.0,6914,0.0,0.0
2024-05-31 00:00:00-04:00,5246.0,5253.0,5242.5,5244.0,3260,0.0,0.0
2024-05-31 01:00:00-04:00,5244.0,5247.5,5241.0,5241.5,8099,0.0,0.0
2024-05-31 02:00:00-04:00,5241.25,5246.0,5241.25,5244.25,9273,0.0,0.0
2024-05-31 03:00:00-04:00,5244.5,5246.75,5239.5,5241.0,17200,0.0,0.0
2024-05-31 04:00:00-04:00,5241.25,5249.75,5240.25,5244.0,16439,0.0,0.0
2024-05-31 05:00:00-04:00,5244.0,5244.5,5239.5,5241.5,13735,0.0,0.0
2024-05-31 06:00:00-04:00,5241.75,5244.0,5230.75,5239.25,20617,0.0,0.0
2024-05-31 07:00:00-04:00,5239.5,5248.5,5237.25,5247.5,18995,0.0,0.0
2024-05-31 08:00:00-04:00,5247.5,5272.25,5246.25,5268.25,79926,0.0,0.0
2024-05-31 09:00:00-04:00,5268.25,5270.25,5251.25,5253.25,211222,0.0,0.0
2024-05-31 10:00:00-04:00,5253.25,5254.0,5224.0,5230.5,367561,0.0,0.0
2024-05-31 11:00:00-04:00,5230.5,5231.5,5218.0,5218.75,212516,0.0,0.0
2024-05-31 12:00:00-04:00,5218.75,5220.0,5205.5,5217.25,193631,0.0,0.0
2024-05-31 13:00:00-04:00,5217.0,5232.75,5217.0,5231.0,157378,0.0,0.0
2024-05-31 14:00:00-04:00,5231.0,5240.5,5227.75,5237.0,146876,0.0,0.0
2024-05-31 15:00:00-04:00,5237.0,5299.5,5232.75,5296.75,586915,0.0,0.0
2024-05-31 16:00:00-04:00,5296.75,5307.0,5291.0,5299.25,187479,0.0,0.0
2024-06-02 18:00:00-04:00,5299.5,5304.25,5290.25,5296.75,12954,0.0,0.0
2024-06-02 19:00:00-04:00,5296.5,5304.0,5295.75,5302.25,9893,0.0,0.0
2024-06-02 20:00:00-04:00,5302.0,5311.0,5301.75,5307.25,14936,0.0,0.0
2024-06-02 21:00:00-04:00,5307.25,5309.5,5302.5,5304.75,9241,0.0,0.0
2024-06-02 22:00:00-04:00,5304.75,5308.75,5304.75,5308.5,5342,0.0,0.0
2024-06-02 23:00:00-04:00,5308.25,5309.75,5306.0,5307.75,5517,0.0,0.0
2024-06-03 00:00:00-04:00,5307.5,5311.0,5307.5,5309.5,3166,0.0,0.0
2024-06-03 01:00:00-04:00,5309.25,5310.5,5306.25,5308.0,5951,0.0,0.0
2024-06-03 02:00:00-04:00,5308.0,5313.25,5305.75,5309.5,13584,0.0,0.0
2024-06-03 03:00:00-04:00,5309.5,5311.25,5297.0,5298.25,26054,0.0,0.0
2024-06-03 04:00:00-04:00,5298.25,5308.0,5295.0,5305.5,25634,0.0,0.0
2024-06-03 05:00:00-04:00,5305.25,5306.5,5299.0,5302.75,13026,0.0,0.0
2024-06-03 06:00:00-04:00,5302.75,5304.5,5300.5,5302.0,11380,0.0,0.0
2024-06-03 07:00:00-04:00,5302.25,5308.75,5301.0,5308.0,19129,0.0,0.0
2024-06-03 08:00:00-04:00,5307.75,5310.0,5304.75,5306.0,25790,0.0,0.0
2024-06-03 09:00:00-04:00,5306.0,5313.25,5295.0,5300.5,185855,0.0,0.0
2024-06-03 10:00:00-04:00,5301.5,5312.5,5278.25,5281.25,319751,0.0,0.0
2024-06-03 11:00:00-04:00,5281.5,5288.0,5275.0,5282.0,166484,0.0,0.0
2024-06-03 12:00:00-04:00,5281.75,5285.5,5253.0,5258.75,223283,0.0,0.0
2024-06-03 13:00:00-04:00,5258.75,5276.75,5246.75,5273.25,196475,0.0,0.0
2024-06-03 14:00:00-04:00,5273.0,5282.5,5267.5,5278.75,135404,0.0,0.0
2024-06-03 15:00:00-04:00,5278.75,5300.0,5277.25,5299.25,237728,0.0,0.0
2024-06-03 16:00:00-04:00,5299.25,5304.0,5297.25,5300.5,68956,0.0,0.0
2024-06-03 18:00:00-04:00,5300.25,5302.0,5298.25,5300.0,0,0.0,0.0
2024-06-03 19:00:00-04:00,5300.0,5301.25,5296.5,5296.75,4123,0.0,0.0
2024-06-03 20:00:00-04:00,5296.75,5303.5,5296.75,5302.25,7981,0.0,0.0
2024-06-03 21:00:00-04:00,5302.25,5303.0,5298.5,5301.25,6219,0.0,0.0
2024-06-03 22:00:00-04:00,5301.0,5301.0,5298.25,5299.25,4548,0.0,0.0
2024-06-03 23:00:00-04:00,5299.5,5300.25,5295.75,5299.25,4562,0.0,0.0
2024-06-04 00:00:00-04:00,5299.25,5300.5,5297.5,5297.5,3436,0.0,0.0
2024-06-04 01:00:00-04:00,5297.5,5298.5,5295.75,5298.0,5735,0.0,0.0
2024-06-04 02:00:00-04:00,5298.25,5298.25,5287.0,5288.25,13979,0.0,0.0
2024-06-04 03:00:00-04:00,5288.5,5293.0,5282.0,5289.0,24324,0.0,0.0
2024-06-04 04:00:00-04:00,5289.25,5289.25,5269.25,5270.75,32949,0.0,0.0
2024-06-04 05:00:00-04:00,5271.0,5272.75,5262.0,5267.25,35941,0.0,0.0
2024-06-04 06:00:00-04:00,5267.5,5271.5,5263.0,5270.5,19594,0.0,0.0
2024-06-04 07:00:00-04:00,5270.5,5280.25,5270.25,5279.75,20635,0.0,0.0
2024-06-04 08:00:00-04:00,5279.75,5282.75,5272.0,5281.75,28814,0.0,0.0
2024-06-04 09:00:00-04:00,5281.5,5288.5,5277.75,5285.0,165765,0.0,0.0
2024-06-04 10:00:00-04:00,5285.0,5298.0,5277.75,5279.5,315567,0.0,0.0
2024-06-04 11:00:00-04:00,5281.0,5286.5,5271.5,5272.5,177293,0.0,0.0
2024-06-04 12:00:00-04:00,5272.5,5289.75,5269.5,5285.0,144064,0.0,0.0
2024-06-04 13:00:00-04:00,5285.0,5291.75,5277.0,5288.75,119864,0.0,0.0
2024-06-04 14:00:00-04:00,5288.5,5312.25,5287.25,5304.25,168890,0.0,0.0
2024-06-04 15:00:00-04:00,5304.25,5306.0,5286.5,5304.25,281309,0.0,0.0
2024-06-04 16:00:00-04:00,5304.0,5306.75,5300.5,5304.0,51563,0.0,0.0
2024-06-04 18:00:00-04:00,5305.0,5308.5,5302.5,5308.5,0,0.0,0.0
2024-06-04 19:00:00-04:00,5308.25,5312.5,5308.25,5311.5,7209,0.0,0.0
2024-06-04 20:00:00-04:00,5311.25,5312.25,5309.0,5309.25,6932,0.0,0.0
2024-06-04 21:00:00-04:00,5309.25,5313.25,5307.25,5311.5,9461,0.0,0.0
2024-06-04 22:00:00-04:00,5311.5,5314.75,5311.0,5313.0,10103,0.0,0.0
2024-06-04 23:00:00-04:00,5312.75,5314.75,5312.0,5313.25,4016,0.0,0.0
2024-06-05 00:00:00-04:00,5313.5,5313.75,5312.5,5313.25,3038,0.0,0.0
2024-06-05 01:00:00-04:00,5313.0,5314.75,5310.75,5313.25,5608,0.0,0.0
2024-06-05 02:00:00-04:00,5313.5,5313.75,5308.0,5308.25,11244,0.0,0.0
2024-06-05 03:00:00-04:00,5308.25,5311.5,5305.5,5308.25,15146,0.0,0.0
2024-06-05 04:00:00-04:00,5308.25,5312.0,5306.75,5310.25,12829,0.0,0.0
2024-06-05 05:00:00-04:00,5310.5,5315.75,5310.0,5315.5,13765,0.0,0.0
2024-06-05 06:00:00-04:00,5315.5,5317.25,5313.25,5315.0,15450,0.0,0.0
2024-06-05 07:00:00-04:00,5314.75,5321.5,5312.25,5320.25,26393,0.0,0.0
2024-06-05 08:00:00-04:00,5320.25,5324.75,5315.0,5324.75,41041,0.0,0.0
2024-06-05 09:00:00-04:00,5324.5,5328.5,5314.75,5320.5,165348,0.0,0.0
2024-06-05 10:00:00-04:00,5319.75,5331.0,5306.5,5329.25,258399,0.0,0.0
2024-06-05 11:00:00-04:00,5329.25,5344.5,5329.25,5340.25,161780,0.0,0.0
2024-06-05 12:00:00-04:00,5340.0,5348.0,5337.25,5346.5,98554,0.0,0.0
2024-06-05 13:00:00-04:00,5346.25,5352.75,5341.5,5352.75,101141,0.0,0.0
2024-06-05 14:00:00-04:00,5352.75,5360.0,5350.0,5358.75,88322,0.0,0.0
2024-06-05 15:00:00-04:00,5358.5,5367.0,5352.0,5366.5,230291,0.0,0.0
2024-06-05 16:00:00-04:00,5366.5,5368.25,5361.5,5365.75,88541,0.0,0.0
2024-06-05 18:00:00-04:00,5367.75,5370.5,5364.0,5370.0,0,0.0,0.0
2024-06-05 19:00:00-04:00,5369.75,5372.75,5369.0,5369.75,3400,0.0,0.0
2024-06-05 20:00:00-04:00,5369.75,5369.75,5364.25,5368.0,6077,0.0,0.0
2024-06-05 21:00:00-04:00,5367.75,5372.0,5366.25,5370.75,6469,0.0,0.0
2024-06-05 22:00:00-04:00,5370.75,5371.75,5369.25,5370.0,3300,0.0,0.0
2024-06-05 23:00:00-04:00,5370.0,5372.75,5369.75,5369.75,3875,0.0,0.0
2024-06-06 00:00:00-04:00,5369.75,5369.75,5368.25,5369.0,2059,0.0,0.0
2024-06-06 01:00:00-04:00,5369.25,5369.25,5365.0,5366.0,5558,0.0,0.0
2024-06-06 02:00:00-04:00,5366.0,5367.0,5363.0,5366.75,8322,0.0,0.0
2024-06-06 03:00:00-04:00,5366.75,5368.25,5363.25,5366.25,11814,0.0,0.0
2024-06-06 04:00:00-04:00,5366.75,5369.75,5364.25,5364.5,12164,0.0,0.0
2024-06-06 05:00:00-04:00,5364.5,5366.75,5362.5,5364.25,8745,0.0,0.0
2024-06-06 06:00:00-04:00,5364.25,5366.5,5364.0,5366.0,5752,0.0,0.0
2024-06-06 07:00:00-04:00,5366.0,5368.0,5365.25,5367.5,8915,0.0,0.0
2024-06-06 08:00:00-04:00,5367.5,5371.5,5358.5,5366.0,46859,0.0,0.0
2024-06-06 09:00:00-04:00,5366.0,5373.25,5362.25,5362.5,168063,0.0,0.0
2024-06-06 10:00:00-04:00,5362.75,5371.0,5362.5,5363.5,181620,0.0,0.0
2024-06-06 11:00:00-04:00,5363.75,5366.75,5359.5,5360.25,111940,0.0,0.0
2024-06-06 12:00:00-04:00,5360.25,5361.75,5351.25,5353.25,125243,0.0,0.0
2024-06-06 13:00:00-04:00,5353.25,5363.5,5351.75,5360.5,101950,0.0,0.0
2024-06-06 14:00:00-04:00,5360.75,5364.5,5345.25,5362.75,148086,0.0,0.0
2024-06-06 15:00:00-04:00,5362.75,5366.0,5358.75,5365.5,177819,0.0,0.0
2024-06-06 16:00:00-04:00,5365.25,5365.5,5359.5,5363.25,0,0.0,0.0
2024-06-06 18:00:00-04:00,5362.0,5365.0,5361.25,5364.5,3049,0.0,0.0
2024-06-06 19:00:00-04:00,5364.25,5365.25,5363.25,5364.25,1941,0.0,0.0
2024-06-06 20:00:00-04:00,5364.25,5365.5,5363.0,5365.25,3552,0.0,0.0
2024-06-06 21:00:00-04:00,5365.5,5367.75,5364.5,5367.0,4182,0.0,0.0
2024-06-06 22:00:00-04:00,5366.75,5369.0,5366.25,5368.5,3307,0.0,0.0
2024-06-06 23:00:00-04:00,5368.5,5368.75,5366.5,5366.75,2566,0.0,0.0
2024-06-07 00:00:00-04:00,5366.75,5369.5,5366.75,5369.0,1995,0.0,0.0
2024-06-07 01:00:00-04:00,5369.0,5372.0,5368.75,5370.25,4243,0.0,0.0
2024-06-07 02:00:00-04:00,5370.25,5371.75,5368.75,5369.5,6676,0.0,0.0
2024-06-07 03:00:00-04:00,5369.75,5371.75,5365.25,5366.75,9194,0.0,0.0
2024-06-07 04:00:00-04:00,5366.5,5368.5,5361.75,5363.25,10561,0.0,0.0
2024-06-07 05:00:00-04:00,5363.25,5365.5,5361.5,5364.0,7802,0.0,0.0
2024-06-07 06:00:00-04:00,5364.0,5365.0,5360.0,5361.0,7883,0.0,0.0
2024-06-07 07:00:00-04:00,5361.25,5367.0,5357.25,5365.25,13991,0.0,0.0
2024-06-07 08:00:00-04:00,5365.25,5380.0,5329.0,5339.75,133597,0.0,0.0
2024-06-07 09:00:00-04:00,5339.5,5359.5,5337.5,5356.5,214479,0.0,0.0
2024-06-07 10:00:00-04:00,5356.5,5380.75,5354.75,5369.75,208041,0.0,0.0
2024-06-07 11:00:00-04:00,5369.75,5371.0,5356.0,5368.5,164006,0.0,0.0
2024-06-07 12:00:00-04:00,5368.5,5380.5,5364.5,5380.0,123371,0.0,0.0
2024-06-07 13:00:00-04:00,5380.0,5385.5,5373.75,5375.25,101348,0.0,0.0
2024-06-07 14:00:00-04:00,5375.25,5375.5,5351.25,5367.25,196867,0.0,0.0
2024-06-07 15:00:00-04:00,5367.25,5370.75,5353.75,5356.0,231866,0.0,0.0
2024-06-07 16:00:00-04:00,5356.0,5356.5,5351.0,5353.5,55374,0.0,0.0
2024-06-09 18:00:00-04:00,5351.5,5360.5,5348.25,5356.75,8182,0.0,0.0
2024-06-09 19:00:00-04:00,5356.75,5356.75,5352.5,5353.25,3518,0.0,0.0
2024-06-09 20:00:00-04:00,5353.5,5357.0,5351.75,5354.5,5998,0.0,0.0
2024-06-09 21:00:00-04:00,5354.5,5355.5,5353.25,5355.5,2765,0.0,0.0
2024-06-09 22:00:00-04:00,5355.5,5355.75,5353.75,5355.0,2132,0.0,0.0
2024-06-09 23:00:00-04:00,5355.25,5359.0,5355.25,5356.0,3960,0.0,0.0
2024-06-10 00:00:00-04:00,5356.0,5357.75,5355.0,5357.25,2122,0.0,0.0
2024-06-10 01:00:00-04:00,5357.25,5358.25,5355.5,5357.0,3245,0.0,0.0
2024-06-10 02:00:00-04:00,5357.0,5357.0,5345.5,5346.75,12139,0.0,0.0
2024-06-10 03:00:00-04:00,5346.75,5351.25,5343.5,5350.25,25806,0.0,0.0
2024-06-10 04:00:00-04:00,5350.25,5351.25,5342.25,5343.75,16185,0.0,0.0
2024-06-10 05:00:00-04:00,5343.75,5345.5,5338.25,5343.75,13887,0.0,0.0
2024-06-10 06:00:00-04:00,5344.0,5351.75,5341.75,5348.25,14710,0.0,0.0
2024-06-10 07:00:00-04:00,5348.25,5353.75,5347.75,5351.0,13185,0.0,0.0
2024-06-10 08:00:00-04:00,5350.75,5354.75,5345.25,5346.5,20393,0.0,0.0
2024-06-10 09:00:00-04:00,5346.25,5348.25,5341.0,5346.5,142626,0.0,0.0
2024-06-10 10:00:00-04:00,5346.25,5354.5,5345.5,5352.75,137496,0.0,0.0
2024-06-10 11:00:00-04:00,5352.75,5366.25,5352.5,5361.75,124939,0.0,0.0
2024-06-10 12:00:00-04:00,5361.75,5367.0,5361.0,5364.0,79006,0.0,0.0
2024-06-10 13:00:00-04:00,5364.0,5372.75,5357.5,5368.25,126917,0.0,0.0
2024-06-10 14:00:00-04:00,5368.25,5371.25,5358.25,5365.5,137348,0.0,0.0
2024-06-10 15:00:00-04:00,5365.5,5375.75,5362.25,5372.5,208220,0.0,0.0
2024-06-10 16:00:00-04:00,5372.75,5373.5,5365.0,5369.5,43741,0.0,0.0
2024-06-10 18:00:00-04:00,5369.75,5371.25,5369.0,5369.0,0,0.0,0.0
2024-06-10 19:00:00-04:00,5369.25,5369.75,5365.0,5366.25,3610,0.0,0.0
2024-06-10 20:00:00-04:00,5366.25,5366.75,5363.75,5364.25,3720,0.0,0.0
2024-06-10 21:00:00-04:00,5364.25,5367.25,5363.5,5367.0,4434,0.0,0.0
2024-06-10 22:00:00-04:00,5366.75,5367.0,5364.25,5365.0,3106,0.0,0.0
2024-06-10 23:00:00-04:00,5365.0,5366.25,5363.75,5366.0,2367,0.0,0.0
2024-06-11 00:00:00-04:00,5366.0,5367.25,5365.0,5366.0,1724,0.0,0.0
2024-06-11 01:00:00-04:00,5366.0,5369.75,5365.5,5369.75,3166,0.0,0.0
2024-06-11 02:00:00-04:00,5369.5,5374.0,5369.5,5370.0,7319,0.0,0.0
2024-06-11 03:00:00-04:00,5370.0,5371.25,5366.0,5367.25,10428,0.0,0.0
2024-06-11 04:00:00-04:00,5367.25,5369.5,5360.0,5360.75,10695,0.0,0.0
2024-06-11 05:00:00-04:00,5360.75,5363.25,5355.5,5355.5,15768,0.0,0.0
2024-06-11 06:00:00-04:00,5355.5,5359.5,5352.5,5358.0,15474,0.0,0.0
2024-06-11 07:00:00-04:00,5358.0,5358.25,5350.0,5355.5,22809,0.0,0.0
2024-06-11 08:00:00-04:00,5355.5,5359.75,5353.25,5356.0,27880,0.0,0.0
2024-06-11 09:00:00-04:00,5356.0,5358.75,5334.5,5341.75,222377,0.0,0.0
2024-06-11 10:00:00-04:00,5341.75,5361.5,5339.75,5361.5,219228,0.0,0.0
2024-06-11 11:00:00-04:00,5361.25,5362.5,5351.0,5352.75,173270,0.0,0.0
2024-06-11 12:00:00-04:00,5353.0,5357.25,5350.0,5355.5,91051,0.0,0.0
2024-06-11 13:00:00-04:00,5355.5,5367.0,5351.5,5366.5,120789,0.0,0.0
2024-06-11 14:00:00-04:00,5366.5,5381.0,5363.75,5376.5,150558,0.0,0.0
2024-06-11 15:00:00-04:00,5376.5,5385.25,5370.5,5383.75,200557,0.0,0.0
2024-06-11 16:00:00-04:00,5384.0,5386.25,5380.5,5383.75,46812,0.0,0.0
2024-06-11 18:00:00-04:00,5384.5,5385.5,5380.0,5385.5,0,0.0,0.0
2024-06-11 19:00:00-04:00,5385.25,5387.5,5384.0,5384.75,2932,0.0,0.0
2024-06-11 20:00:00-04:00,5384.75,5386.0,5381.25,5382.5,3701,0.0,0.0
2024-06-11 21:00:00-04:00,5382.75,5386.75,5382.5,5385.25,3497,0.0,0.0
2024-06-11 22:00:00-04:00,5385.25,5386.25,5384.5,5385.5,2302,0.0,0.0
2024-06-11 23:00:00-04:00,5385.5,5387.5,5385.0,5387.25,2343,0.0,0.0
2024-06-12 00:00:00-04:00,5387.25,5387.25,5385.5,5386.25,1481,0.0,0.0
2024-06-12 01:00:00-04:00,5386.0,5390.0,5386.0,5389.5,3842,0.0,0.0
2024-06-12 02:00:00-04:00,5389.25,5392.0,5386.25,5386.25,7259,0.0,0.0
2024-06-12 03:00:00-04:00,5386.5,5387.5,5385.0,5387.0,11386,0.0,0.0
2024-06-12 04:00:00-04:00,5386.75,5390.0,5385.5,5388.5,11029,0.0,0.0
2024-06-12 05:00:00-04:00,5388.75,5391.75,5387.75,5389.75,8690,0.0,0.0
2024-06-12 06:00:00-04:00,5389.75,5392.25,5388.25,5391.0,7497,0.0,0.0
2024-06-12 07:00:00-04:00,5390.75,5392.5,5388.75,5390.75,12795,0.0,0.0
2024-06-12 08:00:00-04:00,5390.5,5432.0,5387.5,5431.25,136694,0.0,0.0
2024-06-12 09:00:00-04:00,5431.25,5443.5,5426.0,5440.75,227187,0.0,0.0
2024-06-12 10:00:00-04:00,5440.5,5453.5,5439.25,5444.75,229912,0.0,0.0
2024-06-12 11:00:00-04:00,5444.75,5448.0,5439.0,5444.0,144147,0.0,0.0
2024-06-12 12:00:00-04:00,5444.0,5445.0,5438.0,5442.0,96041,0.0,0.0
2024-06-12 13:00:00-04:00,5442.0,5447.5,5435.5,5439.25,99106,0.0,0.0
2024-06-12 14:00:00-04:00,5439.5,5444.0,5422.0,5438.5,302639,0.0,0.0
2024-06-12 15:00:00-04:00,5438.5,5454.5,5416.25,5426.5,398314,0.0,0.0
2024-06-12 16:00:00-04:00,5426.5,5439.0,5423.75,5438.5,75084,0.0,0.0
2024-06-12 18:00:00-04:00,5436.25,5437.5,5433.25,5434.25,0,0.0,0.0
2024-06-12 19:00:00-04:00,5434.25,5436.75,5432.25,5436.0,3260,0.0,0.0
2024-06-12 20:00:00-04:00,5436.0,5438.5,5435.5,5437.5,5951,0.0,0.0
2024-06-12 21:00:00-04:00,5437.5,5439.25,5436.75,5437.5,5232,0.0,0.0
2024-06-12 22:00:00-04:00,5437.75,5438.0,5435.75,5437.75,3363,0.0,0.0
2024-06-12 23:00:00-04:00,5438.0,5441.25,5437.75,5441.0,4072,0.0,0.0
2024-06-13 00:00:00-04:00,5440.75,5441.25,5439.75,5440.5,2623,0.0,0.0
2024-06-13 01:00:00-04:00,5440.75,5440.75,5435.5,5436.75,4791,0.0,0.0
2024-06-13 02:00:00-04:00,5436.75,5441.5,5435.25,5441.0,7762,0.0,0.0
2024-06-13 03:00:00-04:00,5440.75,5443.75,5436.75,5438.25,18135,0.0,0.0
2024-06-13 04:00:00-04:00,5438.25,5440.5,5433.5,5435.75,16306,0.0,0.0
2024-06-13 05:00:00-04:00,5435.75,5438.75,5428.0,5429.0,17325,0.0,0.0
2024-06-13 06:00:00-04:00,5429.25,5433.0,5426.0,5432.5,21251,0.0,0.0
2024-06-13 07:00:00-04:00,5432.5,5435.75,5431.5,5432.75,18662,0.0,0.0
2024-06-13 08:00:00-04:00,5432.5,5452.75,5432.5,5442.0,87167,0.0,0.0
2024-06-13 09:00:00-04:00,5442.0,5445.5,5430.0,5432.75,215072,0.0,0.0
2024-06-13 10:00:00-04:00,5432.5,5435.5,5417.0,5418.25,270369,0.0,0.0
2024-06-13 11:00:00-04:00,5418.0,5429.25,5415.25,5424.5,173011,0.0,0.0
2024-06-13 12:00:00-04:00,5424.5,5424.75,5408.5,5419.75,188053,0.0,0.0
2024-06-13 13:00:00-04:00,5419.75,5432.25,5418.25,5429.25,123975,0.0,0.0
2024-06-13 14:00:00-04:00,5429.5,5438.5,5424.75,5437.5,100721,0.0,0.0
2024-06-13 15:00:00-04:00,5437.25,5445.75,5434.25,5436.25,228587,0.0,0.0
2024-06-13 16:00:00-04:00,5436.5,5443.0,5434.0,5436.25,71050,0.0,0.0
2024-06-13 18:00:00-04:00,5436.0,5438.0,5432.0,5436.5,0,0.0,0.0
2024-06-13 19:00:00-04:00,5436.75,5438.75,5435.0,5438.0,2597,0.0,0.0
2024-06-13 20:00:00-04:00,5437.75,5439.0,5436.75,5437.25,4166,0.0,0.0
2024-06-13 21:00:00-04:00,5437.25,5440.0,5437.0,5439.75,3784,0.0,0.0
2024-06-13 22:00:00-04:00,5439.5,5440.75,5438.75,5440.25,3148,0.0,0.0
2024-06-13 23:00:00-04:00,5440.25,5441.5,5439.75,5441.5,4702,0.0,0.0
2024-06-14 00:00:00-04:00,5441.25,5441.25,5439.0,5440.0,2538,0.0,0.0
2024-06-14 01:00:00-04:00,5440.0,5442.5,5439.5,5442.25,5177,0.0,0.0
2024-06-14 02:00:00-04:00,5442.25,5443.0,5435.0,5436.0,9809,0.0,0.0
2024-06-14 03:00:00-04:00,5435.75,5437.5,5429.0,5432.75,24127,0.0,0.0
2024-06-14 04:00:00-04:00,5433.0,5435.5,5426.25,5426.75,26860,0.0,0.0
2024-06-14 05:00:00-04:00,5426.75,5428.75,5413.5,5413.5,34016,0.0,0.0
2024-06-14 06:00:00-04:00,5413.5,5414.25,5402.0,5406.5,59286,0.0,0.0
2024-06-14 07:00:00-04:00,5406.25,5417.5,5397.75,5410.75,61282,0.0,0.0
2024-06-14 08:00:00-04:00,5410.75,5418.75,5408.75,5414.75,44122,0.0,0.0
2024-06-14 09:00:00-04:00,5414.75,5426.25,5412.5,5425.0,219776,0.0,0.0
2024-06-14 10:00:00-04:00,5424.75,5424.75,5408.5,5422.25,300096,0.0,0.0
2024-06-14 11:00:00-04:00,5422.0,5428.25,5413.0,5424.25,213073,0.0,0.0
2024-06-14 12:00:00-04:00,5424.0,5429.25,5419.5,5428.25,159450,0.0,0.0
2024-06-14 13:00:00-04:00,5428.25,5434.5,5425.75,5428.0,137209,0.0,0.0
2024-06-14 14:00:00-04:00,5427.75,5433.5,5421.75,5430.75,147532,0.0,0.0
2024-06-14 15:00:00-04:00,5430.75,5438.5,5428.5,5437.25,189536,0.0,0.0
2024-06-14 16:00:00-04:00,5437.5,5438.0,5433.5,5435.75,52184,0.0,0.0
2024-06-16 18:00:00-04:00,5435.5,5439.5,5432.0,5439.25,2664,0.0,0.0
2024-06-16 19:00:00-04:00,5439.25,5439.75,5436.25,5437.25,1428,0.0,0.0
2024-06-16 20:00:00-04:00,5437.5,5438.75,5435.75,5436.0,2410,0.0,0.0
2024-06-16 21:00:00-04:00,5436.0,5436.0,5432.75,5435.25,3315,0.0,0.0
2024-06-16 22:00:00-04:00,5435.25,5437.0,5434.0,5434.25,2326,0.0,0.0
2024-06-16 23:00:00-04:00,5434.25,5436.75,5434.25,5435.75,2135,0.0,0.0
2024-06-17 00:00:00-04:00,5436.0,5437.0,5433.75,5434.0,1584,0.0,0.0
2024-06-17 01:00:00-04:00,5434.25,5438.25,5433.0,5437.25,2733,0.0,0.0
2024-06-17 02:00:00-04:00,5437.5,5439.75,5431.75,5438.5,7567,0.0,0.0
2024-06-17 03:00:00-04:00,5438.5,5443.75,5437.5,5439.5,20879,0.0,0.0
2024-06-17 04:00:00-04:00,5439.25,5443.5,5430.5,5433.25,31211,0.0,0.0
2024-06-17 05:00:00-04:00,5433.25,5435.75,5431.75,5434.0,19804,0.0,0.0
2024-06-17 06:00:00-04:00,5434.0,5435.0,5427.75,5432.5,36930,0.0,0.0
2024-06-17 07:00:00-04:00,5432.75,5437.5,5432.5,5436.0,25377,0.0,0.0
2024-06-17 08:00:00-04:00,5436.0,5438.0,5429.0,5432.0,49053,0.0,0.0
2024-06-17 09:00:00-04:00,5431.75,5433.75,5424.75,5430.0,180315,0.0,0.0
2024-06-17 10:00:00-04:00,5430.0,5439.0,5427.75,5438.5,232111,0.0,0.0
2024-06-17 11:00:00-04:00,5438.25,5449.75,5438.25,5446.25,165923,0.0,0.0
2024-06-17 12:00:00-04:00,5446.0,5468.5,5445.75,5463.25,152396,0.0,0.0
2024-06-17 13:00:00-04:00,5463.25,5484.5,5463.25,5483.5,165186,0.0,0.0
2024-06-17 14:00:00-04:00,5483.25,5494.0,5482.75,5487.25,151626,0.0,0.0
2024-06-17 15:00:00-04:00,5487.0,5493.25,5476.5,5479.75,223926,0.0,0.0
2024-06-17 16:00:00-04:00,5479.75,5480.25,5475.25,5479.5,31997,0.0,0.0
2024-06-17 18:00:00-04:00,5480.25,5486.5,5479.25,5483.5,0,0.0,0.0
2024-06-17 19:00:00-04:00,5483.5,5485.5,5481.5,5485.0,3136,0.0,0.0
2024-06-17 20:00:00-04:00,5484.5,5485.0,5479.25,5480.0,3965,0.0,0.0
2024-06-17 21:00:00-04:00,5480.0,5480.0,5474.25,5475.5,3711,0.0,0.0
2024-06-17 22:00:00-04:00,5475.75,5478.75,5475.5,5478.25,3004,0.0,0.0
2024-06-17 23:00:00-04:00,5478.5,5480.5,5477.75,5478.25,2850,0.0,0.0
2024-06-18 00:00:00-04:00,5478.5,5479.25,5476.0,5477.0,2302,0.0,0.0
2024-06-18 01:00:00-04:00,5476.75,5480.25,5476.0,5480.25,3175,0.0,0.0
2024-06-18 02:00:00-04:00,5480.25,5481.75,5478.25,5479.75,9841,0.0,0.0
2024-06-18 03:00:00-04:00,5479.75,5481.5,5475.25,5475.5,16750,0.0,0.0
2024-06-18 04:00:00-04:00,5475.75,5480.0,5473.5,5477.5,16860,0.0,0.0
2024-06-18 05:00:00-04:00,5477.5,5483.0,5477.25,5480.0,22626,0.0,0.0
2024-06-18 06:00:00-04:00,5479.75,5482.75,5476.5,5477.5,16676,0.0,0.0
2024-06-18 07:00:00-04:00,5477.75,5478.5,5476.25,5477.5,17904,0.0,0.0
2024-06-18 08:00:00-04:00,5477.75,5485.75,5474.75,5477.0,39194,0.0,0.0
2024-06-18 09:00:00-04:00,5477.25,5489.75,5474.0,5483.0,105741,0.0,0.0
2024-06-18 10:00:00-04:00,5483.25,5487.5,5477.0,5478.75,132654,0.0,0.0
2024-06-18 11:00:00-04:00,5478.5,5486.0,5475.0,5485.75,83628,0.0,0.0
2024-06-18 12:00:00-04:00,5485.5,5488.5,5479.75,5486.25,61650,0.0,0.0
2024-06-18 13:00:00-04:00,5486.0,5494.0,5482.25,5488.75,49958,0.0,0.0
2024-06-18 14:00:00-04:00,5488.75,5489.25,5478.25,5487.75,61064,0.0,0.0
2024-06-18 15:00:00-04:00,5487.75,5492.75,5481.75,5492.75,78183,0.0,0.0
2024-06-18 16:00:00-04:00,5492.5,5494.0,5488.75,5493.0,17313,0.0,0.0
2024-06-18 18:00:00-04:00,5492.75,5498.0,5491.75,5497.5,0,0.0,0.0
2024-06-18 19:00:00-04:00,5497.0,5497.25,5494.25,5495.5,973,0.0,0.0
2024-06-18 20:00:00-04:00,5495.5,5495.75,5491.25,5492.25,1138,0.0,0.0
2024-06-18 21:00:00-04:00,5492.0,5493.5,5491.5,5492.0,929,0.0,0.0
2024-06-18 22:00:00-04:00,5492.25,5494.25,5492.0,5493.0,572,0.0,0.0
2024-06-18 23:00:00-04:00,5493.0,5494.0,5491.5,5492.5,493,0.0,0.0
2024-06-20 00:00:00-04:00,5501.75,5505.5,5501.0,5504.75,895,0.0,0.0
2024-06-20 01:00:00-04:00,5504.5,5509.5,5504.25,5508.25,2117,0.0,0.0
2024-06-20 02:00:00-04:00,5508.5,5509.25,5505.5,5505.75,3321,0.0,0.0
2024-06-20 03:00:00-04:00,5505.75,5514.75,5505.5,5511.25,6776,0.0,0.0
2024-06-20 04:00:00-04:00,5511.0,5513.0,5508.5,5512.25,7268,0.0,0.0
2024-06-20 05:00:00-04:00,5512.5,5513.25,5509.5,5512.25,7741,0.0,0.0
2024-06-20 06:00:00-04:00,5512.75,5514.5,5511.0,5512.5,6183,0.0,0.0
2024-06-20 07:00:00-04:00,5512.25,5514.75,5508.25,5509.75,7831,0.0,0.0
2024-06-20 08:00:00-04:00,5509.75,5511.75,5501.5,5502.75,13294,0.0,0.0
2024-06-20 09:00:00-04:00,5502.75,5508.25,5495.0,5502.75,48502,0.0,0.0
2024-06-20 10:00:00-04:00,5503.0,5505.25,5491.25,5499.25,58211,0.0,0.0
2024-06-20 11:00:00-04:00,5499.5,5502.5,5490.5,5490.5,40280,0.0,0.0
2024-06-20 12:00:00-04:00,5490.5,5493.5,5467.0,5479.5,75902,0.0,0.0
2024-06-20 13:00:00-04:00,5479.25,5479.25,5458.5,5477.0,55044,0.0,0.0
2024-06-20 14:00:00-04:00,5477.0,5488.5,5476.25,5478.5,30357,0.0,0.0
2024-06-20 15:00:00-04:00,5478.5,5484.75,5464.5,5477.0,61161,0.0,0.0
2024-06-20 16:00:00-04:00,5477.0,5478.25,5471.75,5477.0,16926,0.0,0.0
2024-06-20 18:00:00-04:00,5477.0,5478.75,5475.75,5477.0,0,0.0,0.0
2024-06-20 19:00:00-04:00,5477.25,5479.75,5476.0,5479.0,2218,0.0,0.0
2024-06-20 20:00:00-04:00,5479.0,5479.5,5473.75,5474.75,648,0.0,0.0
2024-06-20 21:00:00-04:00,5475.25,5476.5,5473.5,5476.0,413,0.0,0.0
2024-06-20 22:00:00-04:00,5476.75,5479.25,5475.75,5479.0,356,0.0,0.0
2024-06-20 23:00:00-04:00,5479.0,5480.5,5478.5,5479.25,247,0.0,0.0
2024-06-21 00:00:00-04:00,5478.75,5481.5,5478.75,5481.5,254,0.0,0.0
2024-06-21 01:00:00-04:00,5482.0,5483.25,5480.5,5482.5,331,0.0,0.0
2024-06-21 02:00:00-04:00,5482.0,5483.75,5480.0,5480.5,662,0.0,0.0
2024-06-21 03:00:00-04:00,5480.0,5480.0,5469.75,5470.75,1318,0.0,0.0
2024-06-21 04:00:00-04:00,5471.25,5472.75,5460.5,5464.75,1927,0.0,0.0
2024-06-21 05:00:00-04:00,5465.75,5471.25,5462.75,5469.25,1409,0.0,0.0
2024-06-21 06:00:00-04:00,5470.0,5472.5,5464.0,5470.5,973,0.0,0.0
2024-06-21 07:00:00-04:00,5471.25,5476.25,5467.0,5467.0,1418,0.0,0.0
2024-06-21 08:00:00-04:00,5466.0,5473.5,5463.0,5473.5,6569,0.0,0.0
2024-06-21 09:00:00-04:00,5473.0,5476.75,5460.75,5464.0,4690,0.0,0.0
2024-06-21 16:00:00-04:00,5536.5,5536.5,5536.5,5536.5,1228864,0.0,0.0
2024-06-23 18:00:00-04:00,5538.5,5539.75,5536.5,5537.5,3925,0.0,0.0
2024-06-23 19:00:00-04:00,5537.5,5539.5,5536.25,5536.75,2800,0.0,0.0
2024-06-23 20:00:00-04:00,5536.75,5538.25,5535.5,5536.5,3942,0.0,0.0
2024-06-23 21:00:00-04:00,5536.5,5537.0,5519.75,5526.0,17413,0.0,0.0
2024-06-23 22:00:00-04:00,5526.0,5528.0,5523.75,5525.0,4503,0.0,0.0
2024-06-23 23:00:00-04:00,5525.0,5528.75,5524.75,5526.75,3098,0.0,0.0
2024-06-24 00:00:00-04:00,5527.0,5529.5,5525.5,5529.0,2841,0.0,0.0
2024-06-24 01:00:00-04:00,5529.0,5534.5,5529.0,5533.75,6117,0.0,0.0
2024-06-24 02:00:00-04:00,5533.5,5537.0,5533.25,5535.25,8811,0.0,0.0
2024-06-24 03:00:00-04:00,5535.0,5543.75,5533.75,5542.5,15296,0.0,0.0
2024-06-24 04:00:00-04:00,5542.5,5546.0,5540.75,5542.5,14096,0.0,0.0
2024-06-24 05:00:00-04:00,5542.5,5544.0,5534.0,5537.0,11898,0.0,0.0
2024-06-24 06:00:00-04:00,5536.75,5541.5,5535.75,5540.75,10301,0.0,0.0
2024-06-24 07:00:00-04:00,5540.75,5542.75,5536.75,5537.5,13526,0.0,0.0
2024-06-24 08:00:00-04:00,5537.5,5540.0,5531.25,5531.75,24645,0.0,0.0
2024-06-24 09:00:00-04:00,5532.0,5547.0,5525.75,5545.5,143960,0.0,0.0
2024-06-24 10:00:00-04:00,5545.25,5558.5,5535.5,5548.75,267561,0.0,0.0
2024-06-24 11:00:00-04:00,5548.5,5552.5,5544.25,5551.0,122703,0.0,0.0
2024-06-24 12:00:00-04:00,5550.75,5551.5,5537.25,5539.75,88484,0.0,0.0
2024-06-24 13:00:00-04:00,5539.75,5541.75,5524.25,5528.0,166139,0.0,0.0
2024-06-24 14:00:00-04:00,5528.25,5534.5,5522.5,5530.75,119565,0.0,0.0
2024-06-24 15:00:00-04:00,5530.5,5535.0,5514.5,5514.5,214097,0.0,0.0
2024-06-24 16:00:00-04:00,5514.5,5517.5,5510.25,5515.75,73197,0.0,0.0
2024-06-24 18:00:00-04:00,5516.0,5519.0,5515.0,5517.0,0,0.0,0.0
2024-06-24 19:00:00-04:00,5517.0,5519.5,5516.5,5519.25,2982,0.0,0.0
2024-06-24 20:00:00-04:00,5519.25,5519.5,5515.25,5515.75,3800,0.0,0.0
2024-06-24 21:00:00-04:00,5516.0,5519.5,5513.25,5518.75,5667,0.0,0.0
2024-06-24 22:00:00-04:00,5518.75,5520.0,5518.25,5519.25,3610,0.0,0.0
2024-06-24 23:00:00-04:00,5519.25,5523.75,5519.25,5523.5,4868,0.0,0.0
2024-06-25 00:00:00-04:00,5523.5,5524.5,5522.75,5524.25,2520,0.0,0.0
2024-06-25 01:00:00-04:00,5524.5,5525.5,5523.75,5524.0,3765,0.0,0.0
2024-06-25 02:00:00-04:00,5524.0,5524.0,5519.25,5520.75,7704,0.0,0.0
2024-06-25 03:00:00-04:00,5520.75,5521.5,5512.5,5513.5,16523,0.0,0.0
2024-06-25 04:00:00-04:00,5513.25,5523.25,5511.0,5523.0,19145,0.0,0.0
2024-06-25 05:00:00-04:00,5523.0,5527.75,5522.0,5527.25,15088,0.0,0.0
2024-06-25 06:00:00-04:00,5527.5,5528.25,5523.5,5526.5,12380,0.0,0.0
2024-06-25 07:00:00-04:00,5526.5,5529.25,5521.75,5526.25,25943,0.0,0.0
2024-06-25 08:00:00-04:00,5526.5,5529.0,5522.5,5526.25,25601,0.0,0.0
2024-06-25 09:00:00-04:00,5526.25,5530.75,5517.5,5519.0,121713,0.0,0.0
2024-06-25 10:00:00-04:00,5518.5,5530.25,5517.75,5524.0,154225,0.0,0.0
2024-06-25 11:00:00-04:00,5524.0,5532.25,5522.5,5530.75,112521,0.0,0.0
2024-06-25 12:00:00-04:00,5530.75,5531.0,5512.25,5516.5,116953,0.0,0.0
2024-06-25 13:00:00-04:00,5516.5,5529.0,5511.75,5527.0,94633,0.0,0.0
2024-06-25 14:00:00-04:00,5527.0,5536.25,5525.25,5531.5,101611,0.0,0.0
2024-06-25 15:00:00-04:00,5531.5,5539.75,5528.75,5535.25,176341,0.0,0.0
2024-06-25 16:00:00-04:00,5535.25,5536.25,5531.75,5535.0,41181,0.0,0.0
2024-06-25 18:00:00-04:00,5535.0,5537.75,5533.5,5536.5,0,0.0,0.0
2024-06-25 19:00:00-04:00,5536.5,5536.5,5533.75,5534.0,2087,0.0,0.0
2024-06-25 20:00:00-04:00,5534.25,5538.5,5533.0,5538.0,4451,0.0,0.0
2024-06-25 21:00:00-04:00,5538.0,5541.0,5537.5,5540.5,5646,0.0,0.0
2024-06-25 22:00:00-04:00,5540.75,5541.75,5539.5,5540.5,3356,0.0,0.0
2024-06-25 23:00:00-04:00,5540.5,5542.0,5538.0,5539.75,3556,0.0,0.0
2024-06-26 00:00:00-04:00,5539.75,5541.75,5538.25,5540.5,3172,0.0,0.0
2024-06-26 01:00:00-04:00,5540.75,5543.75,5540.5,5543.0,5163,0.0,0.0
2024-06-26 02:00:00-04:00,5543.0,5545.75,5542.25,5542.5,7471,0.0,0.0
2024-06-26 03:00:00-04:00,5542.5,5551.25,5540.5,5551.0,19364,0.0,0.0
2024-06-26 04:00:00-04:00,5551.0,5551.75,5547.75,5548.75,11192,0.0,0.0
2024-06-26 05:00:00-04:00,5548.5,5549.25,5542.5,5542.5,11417,0.0,0.0
2024-06-26 06:00:00-04:00,5542.5,5543.5,5537.0,5537.5,14017,0.0,0.0
2024-06-26 07:00:00-04:00,5537.25,5538.25,5532.25,5536.75,21071,0.0,0.0
2024-06-26 08:00:00-04:00,5536.75,5536.75,5523.5,5524.5,36958,0.0,0.0
2024-06-26 09:00:00-04:00,5524.5,5530.25,5518.0,5527.25,145437,0.0,0.0
2024-06-26 10:00:00-04:00,5527.25,5534.5,5522.25,5528.5,144370,0.0,0.0
2024-06-26 11:00:00-04:00,5528.25,5541.5,5516.25,5539.75,157305,0.0,0.0
2024-06-26 12:00:00-04:00,5539.75,5541.0,5529.0,5534.0,101376,0.0,0.0
2024-06-26 13:00:00-04:00,5534.0,5536.5,5526.25,5534.75,79576,0.0,0.0
2024-06-26 14:00:00-04:00,5534.75,5537.5,5529.25,5532.0,76717,0.0,0.0
2024-06-26 15:00:00-04:00,5532.0,5549.0,5527.5,5541.5,184980,0.0,0.0
2024-06-26 16:00:00-04:00,5541.75,5542.0,5528.75,5533.5,81815,0.0,0.0
2024-06-26 18:00:00-04:00,5533.0,5536.0,5528.0,5529.5,0,0.0,0.0
2024-06-26 19:00:00-04:00,5529.25,5529.5,5523.0,5525.25,5268,0.0,0.0
2024-06-26 20:00:00-04:00,5525.25,5525.25,5515.75,5520.0,8748,0.0,0.0
2024-06-26 21:00:00-04:00,5520.0,5525.0,5519.5,5524.75,6603,0.0,0.0
2024-06-26 22:00:00-04:00,5524.75,5527.5,5524.25,5525.0,3718,0.0,0.0
2024-06-26 23:00:00-04:00,5525.0,5525.75,5522.5,5522.5,2469,0.0,0.0
2024-06-27 00:00:00-04:00,5522.25,5528.25,5522.0,5528.25,3128,0.0,0.0
2024-06-27 01:00:00-04:00,5528.25,5531.75,5527.0,5531.25,4377,0.0,0.0
2024-06-27 02:00:00-04:00,5531.25,5534.5,5531.25,5531.75,7888,0.0,0.0
2024-06-27 03:00:00-04:00,5532.0,5535.75,5532.0,5532.25,9396,0.0,0.0
2024-06-27 04:00:00-04:00,5532.25,5533.5,5528.0,5532.0,9867,0.0,0.0
2024-06-27 05:00:00-04:00,5531.75,5535.75,5530.5,5534.75,7935,0.0,0.0
2024-06-27 06:00:00-04:00,5534.5,5538.75,5534.25,5537.25,8544,0.0,0.0
2024-06-27 07:00:00-04:00,5537.25,5537.25,5532.25,5534.25,11170,0.0,0.0
2024-06-27 08:00:00-04:00,5534.5,5542.75,5532.25,5542.25,34417,0.0,0.0
2024-06-27 09:00:00-04:00,5542.0,5554.25,5536.5,5546.25,162493,0.0,0.0
2024-06-27 10:00:00-04:00,5546.25,5555.0,5541.5,5545.25,171708,0.0,0.0
2024-06-27 11:00:00-04:00,5545.25,5545.75,5531.0,5537.0,165692,0.0,0.0
2024-06-27 12:00:00-04:00,5536.75,5545.25,5535.25,5540.5,91026,0.0,0.0
2024-06-27 13:00:00-04:00,5540.5,5548.5,5540.5,5542.0,73581,0.0,0.0
2024-06-27 14:00:00-04:00,5542.25,5542.25,5530.0,5537.5,142340,0.0,0.0
2024-06-27 15:00:00-04:00,5537.25,5549.0,5535.75,5548.0,168648,0.0,0.0
2024-06-27 16:00:00-04:00,5548.0,5551.75,5546.75,5549.5,60105,0.0,0.0
2024-06-27 18:00:00-04:00,5548.25,5552.75,5547.5,5551.75,0,0.0,0.0
2024-06-27 19:00:00-04:00,5551.75,5554.75,5551.5,5554.75,2541,0.0,0.0
2024-06-27 20:00:00-04:00,5555.0,5556.5,5551.75,5552.25,6000,0.0,0.0
2024-06-27 21:00:00-04:00,5552.0,5561.5,5551.5,5560.75,11001,0.0,0.0
2024-06-27 22:00:00-04:00,5560.75,5563.5,5560.75,5561.5,5930,0.0,0.0
2024-06-27 23:00:00-04:00,5561.5,5562.25,5560.25,5561.25,3007,0.0,0.0
2024-06-28 00:00:00-04:00,5561.0,5561.0,5557.25,5558.25,4612,0.0,0.0
2024-06-28 01:00:00-04:00,5558.25,5558.75,5555.75,5557.25,4600,0.0,0.0
2024-06-28 02:00:00-04:00,5557.0,5562.75,5557.0,5560.75,8963,0.0,0.0
2024-06-28 03:00:00-04:00,5561.0,5563.75,5558.75,5559.5,11157,0.0,0.0
2024-06-28 04:00:00-04:00,5559.5,5563.5,5556.75,5563.0,11776,0.0,0.0
2024-06-28 05:00:00-04:00,5563.0,5567.25,5563.0,5565.5,12958,0.0,0.0
2024-06-28 06:00:00-04:00,5565.5,5566.75,5563.25,5566.5,8629,0.0,0.0
2024-06-28 07:00:00-04:00,5566.5,5566.5,5563.25,5564.75,13584,0.0,0.0
2024-06-28 08:00:00-04:00,5564.75,5573.0,5555.0,5556.5,69519,0.0,0.0
2024-06-28 09:00:00-04:00,5556.75,5563.75,5547.75,5562.0,159060,0.0,0.0
2024-06-28 10:00:00-04:00,5562.0,5585.0,5562.0,5568.25,282111,0.0,0.0
2024-06-28 11:00:00-04:00,5568.0,5568.25,5553.5,5558.25,194268,0.0,0.0
2024-06-28 12:00:00-04:00,5558.0,5559.5,5535.5,5544.0,170306,0.0,0.0
2024-06-28 13:00:00-04:00,5544.0,5551.0,5539.5,5541.5,102172,0.0,0.0
2024-06-28 14:00:00-04:00,5541.25,5547.25,5530.75,5532.5,126344,0.0,0.0
2024-06-28 15:00:00-04:00,5532.5,5536.5,5510.75,5523.25,404542,0.0,0.0
2024-06-28 16:00:00-04:00,5523.25,5534.25,5523.0,5532.25,99220,0.0,0.0
2024-06-30 18:00:00-04:00,5534.25,5536.5,5528.5,5534.25,10424,0.0,0.0
2024-06-30 19:00:00-04:00,5534.0,5534.25,5527.75,5529.25,8965,0.0,0.0
2024-06-30 20:00:00-04:00,5529.5,5535.5,5526.5,5535.25,8246,0.0,0.0
2024-06-30 21:00:00-04:00,5535.25,5536.5,5534.25,5536.0,6042,0.0,0.0
2024-06-30 22:00:00-04:00,5536.0,5538.0,5535.75,5536.5,4799,0.0,0.0
2024-06-30 23:00:00-04:00,5536.5,5538.25,5535.25,5536.25,4516,0.0,0.0
2024-07-01 00:00:00-04:00,5536.25,5536.5,5533.0,5534.0,3897,0.0,0.0
2024-07-01 01:00:00-04:00,5534.0,5539.0,5533.25,5538.5,4759,0.0,0.0
2024-07-01 02:00:00-04:00,5538.5,5541.0,5537.75,5538.75,9998,0.0,0.0
2024-07-01 03:00:00-04:00,5539.0,5541.0,5525.5,5528.5,24446,0.0,0.0
2024-07-01 04:00:00-04:00,5528.5,5535.75,5524.0,5525.5,20430,0.0,0.0
2024-07-01 05:00:00-04:00,5525.5,5528.5,5521.0,5528.0,16635,0.0,0.0
2024-07-01 06:00:00-04:00,5527.75,5532.25,5526.5,5531.5,10411,0.0,0.0
2024-07-01 07:00:00-04:00,5531.25,5536.25,5530.5,5535.5,13112,0.0,0.0
2024-07-01 08:00:00-04:00,5535.25,5537.75,5530.25,5534.25,25289,0.0,0.0
2024-07-01 09:00:00-04:00,5534.25,5539.25,5521.0,5528.25,171866,0.0,0.0
2024-07-01 10:00:00-04:00,5528.75,5534.75,5504.5,5513.0,301556,0.0,0.0
2024-07-01 11:00:00-04:00,5513.25,5525.0,5508.0,5524.75,155274,0.0,0.0
2024-07-01 12:00:00-04:00,5524.75,5534.25,5519.5,5531.0,126280,0.0,0.0
2024-07-01 13:00:00-04:00,5531.0,5533.25,5526.75,5529.75,79156,0.0,0.0
2024-07-01 14:00:00-04:00,5530.0,5537.5,5525.25,5528.0,94698,0.0,0.0
2024-07-01 15:00:00-04:00,5528.0,5539.5,5518.5,5534.0,206197,0.0,0.0
2024-07-01 16:00:00-04:00,5533.75,5535.0,5531.25,5532.0,43462,0.0,0.0
2024-07-01 18:00:00-04:00,5533.5,5535.0,5530.0,5530.25,0,0.0,0.0
2024-07-01 19:00:00-04:00,5530.0,5530.5,5527.0,5528.75,3785,0.0,0.0
2024-07-01 20:00:00-04:00,5529.0,5530.0,5521.0,5524.25,8067,0.0,0.0
2024-07-01 21:00:00-04:00,5524.5,5526.5,5523.25,5524.75,5924,0.0,0.0
2024-07-01 22:00:00-04:00,5525.0,5526.0,5519.25,5521.5,5231,0.0,0.0
2024-07-01 23:00:00-04:00,5521.5,5522.25,5519.0,5521.25,3790,0.0,0.0
2024-07-02 00:00:00-04:00,5521.5,5524.0,5521.5,5522.75,3182,0.0,0.0
2024-07-02 01:00:00-04:00,5523.0,5527.5,5521.75,5526.5,4553,0.0,0.0
2024-07-02 02:00:00-04:00,5526.5,5527.75,5520.0,5521.5,9021,0.0,0.0
2024-07-02 03:00:00-04:00,5521.5,5521.5,5508.75,5514.5,27731,0.0,0.0
2024-07-02 04:00:00-04:00,5514.5,5516.25,5508.0,5513.25,16009,0.0,0.0
2024-07-02 05:00:00-04:00,5513.5,5515.75,5509.0,5511.75,13856,0.0,0.0
2024-07-02 06:00:00-04:00,5512.0,5515.0,5510.5,5513.0,9708,0.0,0.0
2024-07-02 07:00:00-04:00,5513.25,5513.75,5502.75,5508.5,23549,0.0,0.0
2024-07-02 08:00:00-04:00,5508.5,5513.5,5507.0,5511.5,29441,0.0,0.0
2024-07-02 09:00:00-04:00,5511.25,5535.75,5511.0,5530.5,199703,0.0,0.0
2024-07-02 10:00:00-04:00,5530.5,5539.0,5523.75,5536.75,207464,0.0,0.0
2024-07-02 11:00:00-04:00,5536.5,5544.25,5533.5,5535.75,127909,0.0,0.0
2024-07-02 12:00:00-04:00,5535.5,5539.25,5530.25,5538.75,87845,0.0,0.0
2024-07-02 13:00:00-04:00,5538.75,5554.0,5538.0,5551.75,118039,0.0,0.0
2024-07-02 14:00:00-04:00,5552.0,5559.25,5551.5,5555.5,78332,0.0,0.0
2024-07-02 15:00:00-04:00,5555.5,5569.75,5554.0,5569.5,201182,0.0,0.0
2024-07-02 16:00:00-04:00,5569.75,5569.75,5560.75,5562.75,53321,0.0,0.0
2024-07-02 18:00:00-04:00,5563.75,5565.75,5561.0,5565.0,0,0.0,0.0
2024-07-02 19:00:00-04:00,5565.0,5565.75,5561.0,5562.0,3293,0.0,0.0
2024-07-02 20:00:00-04:00,5562.25,5566.5,5562.0,5565.0,4624,0.0,0.0
2024-07-02 21:00:00-04:00,5564.75,5565.0,5561.75,5563.0,5014,0.0,0.0
2024-07-02 22:00:00-04:00,5562.75,5564.5,5561.25,5563.5,3781,0.0,0.0
2024-07-02 23:00:00-04:00,5563.5,5565.0,5559.75,5561.25,5534,0.0,0.0
2024-07-03 09:30:00-04:00,5561.25,5574.0,5560.75,5574.0,111135,0.0,0.0
2024-07-03 10:30:00-04:00,5574.25,5580.0,5566.75,5575.75,161172,0.0,0.0
2024-07-03 11:30:00-04:00,5576.0,5582.5,5572.25,5581.0,116748,0.0,0.0
2024-07-03 12:30:00-04:00,5581.0,5595.75,5580.5,5591.25,178840,0.0,0.0
2024-07-05 00:00:00-04:00,5593.0,5595.0,5592.25,5593.75,72792,0.0,0.0
2024-07-05 01:00:00-04:00,5593.75,5596.25,5592.75,5595.75,4440,0.0,0.0
2024-07-05 02:00:00-04:00,5595.5,5598.75,5595.25,5596.75,7584,0.0,0.0
2024-07-05 03:00:00-04:00,5596.75,5598.5,5593.0,5595.25,16178,0.0,0.0
2024-07-05 04:00:00-04:00,5595.0,5596.25,5590.5,5591.25,11972,0.0,0.0
2024-07-05 05:00:00-04:00,5591.5,5594.0,5590.5,5591.75,7999,0.0,0.0
2024-07-05 06:00:00-04:00,5592.0,5594.0,5590.5,5591.0,9992,0.0,0.0
2024-07-05 07:00:00-04:00,5591.0,5593.0,5588.5,5590.0,15006,0.0,0.0
2024-07-05 08:00:00-04:00,5590.0,5605.0,5585.0,5591.0,61466,0.0,0.0
2024-07-05 09:00:00-04:00,5591.25,5600.25,5588.25,5600.25,147894,0.0,0.0
2024-07-05 10:00:00-04:00,5600.25,5603.25,5585.5,5598.5,190131,0.0,0.0
2024-07-05 11:00:00-04:00,5598.5,5612.5,5595.5,5610.75,106153,0.0,0.0
2024-07-05 12:00:00-04:00,5610.75,5612.75,5606.25,5610.5,73880,0.0,0.0
2024-07-05 13:00:00-04:00,5610.5,5621.0,5608.25,5618.0,79982,0.0,0.0
2024-07-05 14:00:00-04:00,5618.25,5619.5,5613.5,5618.75,66533,0.0,0.0
2024-07-05 15:00:00-04:00,5618.5,5626.0,5617.5,5622.25,174735,0.0,0.0
2024-07-05 16:00:00-04:00,5622.0,5622.25,5615.5,5615.75,63925,0.0,0.0
2024-07-07 18:00:00-04:00,5612.0,5618.0,5611.0,5615.0,4808,0.0,0.0
2024-07-07 19:00:00-04:00,5615.0,5616.25,5612.25,5612.75,2752,0.0,0.0
2024-07-07 20:00:00-04:00,5612.5,5615.0,5611.25,5612.0,5508,0.0,0.0
2024-07-07 21:00:00-04:00,5612.25,5614.75,5610.75,5613.5,5365,0.0,0.0
2024-07-07 22:00:00-04:00,5613.5,5615.25,5612.75,5614.5,2608,0.0,0.0
2024-07-07 23:00:00-04:00,5614.5,5615.25,5613.5,5614.25,1921,0.0,0.0
2024-07-08 00:00:00-04:00,5614.25,5614.25,5612.5,5612.5,1995,0.0,0.0
2024-07-08 01:00:00-04:00,5612.5,5613.75,5611.0,5611.0,4158,0.0,0.0
2024-07-08 02:00:00-04:00,5611.25,5614.5,5610.75,5614.0,7245,0.0,0.0
2024-07-08 03:00:00-04:00,5614.0,5618.5,5611.75,5618.5,14727,0.0,0.0
2024-07-08 04:00:00-04:00,5618.25,5621.25,5617.5,5618.75,11708,0.0,0.0
2024-07-08 05:00:00-04:00,5618.75,5620.5,5617.75,5619.25,8025,0.0,0.0
2024-07-08 06:00:00-04:00,5619.25,5620.25,5618.25,5618.5,7989,0.0,0.0
2024-07-08 07:00:00-04:00,5618.75,5623.5,5618.25,5623.5,16570,0.0,0.0
2024-07-08 08:00:00-04:00,5623.25,5626.75,5622.25,5626.5,18508,0.0,0.0
2024-07-08 09:00:00-04:00,5626.5,5637.5,5625.75,5635.25,121261,0.0,0.0
2024-07-08 10:00:00-04:00,5635.25,5635.5,5623.75,5626.75,147822,0.0,0.0
2024-07-08 11:00:00-04:00,5626.5,5630.0,5621.5,5625.25,100765,0.0,0.0
2024-07-08 12:00:00-04:00,5625.5,5625.5,5617.25,5622.25,83691,0.0,0.0
2024-07-08 13:00:00-04:00,5622.25,5628.0,5618.75,5626.5,59697,0.0,0.0
2024-07-08 14:00:00-04:00,5626.75,5627.0,5615.25,5623.5,74926,0.0,0.0
2024-07-08 15:00:00-04:00,5623.75,5629.25,5619.25,5627.0,159697,0.0,0.0
2024-07-08 16:00:00-04:00,5627.25,5629.75,5625.25,5628.5,51709,0.0,0.0
2024-07-08 18:00:00-04:00,5627.75,5631.25,5626.25,5629.75,0,0.0,0.0
2024-07-08 19:00:00-04:00,5630.0,5638.75,5630.0,5638.5,7376,0.0,0.0
2024-07-08 20:00:00-04:00,5638.5,5639.75,5635.5,5635.75,7899,0.0,0.0
2024-07-08 21:00:00-04:00,5636.0,5638.0,5633.5,5634.0,5685,0.0,0.0
2024-07-08 22:00:00-04:00,5634.25,5635.75,5632.75,5634.75,3709,0.0,0.0
2024-07-08 23:00:00-04:00,5634.75,5638.5,5634.75,5638.0,2961,0.0,0.0
2024-07-09 00:00:00-04:00,5638.25,5639.25,5637.25,5639.0,2871,0.0,0.0
2024-07-09 01:00:00-04:00,5639.0,5640.0,5637.0,5638.0,4870,0.0,0.0
2024-07-09 02:00:00-04:00,5638.0,5638.0,5634.25,5636.0,5703,0.0,0.0
2024-07-09 03:00:00-04:00,5635.75,5638.75,5633.5,5638.0,13258,0.0,0.0
2024-07-09 04:00:00-04:00,5638.0,5639.5,5636.0,5638.5,9711,0.0,0.0
2024-07-09 05:00:00-04:00,5638.5,5640.0,5638.0,5638.0,7253,0.0,0.0
2024-07-09 06:00:00-04:00,5638.25,5639.5,5637.25,5638.25,7984,0.0,0.0
2024-07-09 07:00:00-04:00,5638.0,5639.0,5635.25,5636.0,12035,0.0,0.0
2024-07-09 08:00:00-04:00,5636.25,5637.75,5632.75,5635.75,21835,0.0,0.0
2024-07-09 09:00:00-04:00,5635.5,5642.0,5634.25,5640.0,100757,0.0,0.0
2024-07-09 10:00:00-04:00,5640.25,5642.75,5630.0,5637.0,190089,0.0,0.0
2024-07-09 11:00:00-04:00,5636.75,5639.0,5630.75,5638.5,117573,0.0,0.0
2024-07-09 12:00:00-04:00,5638.75,5641.75,5634.75,5641.0,83944,0.0,0.0
2024-07-09 13:00:00-04:00,5641.0,5645.75,5631.0,5634.75,120766,0.0,0.0
2024-07-09 14:00:00-04:00,5634.75,5635.25,5629.5,5632.25,89360,0.0,0.0
2024-07-09 15:00:00-04:00,5632.25,5634.0,5628.25,5631.75,95787,0.0,0.0
2024-07-09 16:00:00-04:00,5633.25,5633.75,5630.5,5632.0,95646,0.0,0.0
2024-07-09 17:00:00-04:00,5632.0,5632.0,5632.0,5632.0,4,0.0,0.0
2024-07-09 18:00:00-04:00,5631.75,5634.0,5631.5,5633.25,0,0.0,0.0
2024-07-09 19:00:00-04:00,5633.5,5634.75,5633.5,5633.75,1579,0.0,0.0
2024-07-09 20:00:00-04:00,5633.5,5636.0,5633.5,5635.75,4080,0.0,0.0
2024-07-09 21:00:00-04:00,5635.75,5636.5,5633.0,5633.25,4226,0.0,0.0
2024-07-09 22:00:00-04:00,5633.5,5635.75,5633.25,5635.5,2669,0.0,0.0
2024-07-09 23:00:00-04:00,5635.5,5635.75,5634.25,5634.5,1661,0.0,0.0
2024-07-10 00:00:00-04:00,5634.5,5635.5,5633.25,5635.25,1940,0.0,0.0
2024-07-10 01:00:00-04:00,5635.25,5635.75,5630.75,5630.75,5266,0.0,0.0
2024-07-10 02:00:00-04:00,5630.75,5634.75,5630.75,5632.75,7761,0.0,0.0
2024-07-10 03:00:00-04:00,5633.0,5636.0,5632.5,5635.0,10271,0.0,0.0
2024-07-10 04:00:00-04:00,5635.25,5638.5,5634.5,5638.5,9669,0.0,0.0
2024-07-10 05:00:00-04:00,5638.5,5639.75,5637.5,5639.5,8055,0.0,0.0
2024-07-10 06:00:00-04:00,5639.25,5640.75,5638.5,5639.5,8206,0.0,0.0
2024-07-10 07:00:00-04:00,5639.5,5645.25,5638.5,5644.25,13629,0.0,0.0
2024-07-10 08:00:00-04:00,5644.25,5646.5,5643.5,5643.75,20574,0.0,0.0
2024-07-10 09:00:00-04:00,5643.75,5646.5,5640.5,5645.25,113175,0.0,0.0
2024-07-10 10:00:00-04:00,5646.5,5650.25,5641.5,5643.0,140477,0.0,0.0
2024-07-10 11:00:00-04:00,5643.0,5652.75,5640.25,5651.5,114240,0.0,0.0
2024-07-10 12:00:00-04:00,5651.5,5666.5,5651.0,5666.25,123661,0.0,0.0
2024-07-10 13:00:00-04:00,5666.25,5671.75,5664.0,5671.0,90941,0.0,0.0
2024-07-10 14:00:00-04:00,5671.25,5675.75,5667.25,5674.25,83494,0.0,0.0
2024-07-10 15:00:00-04:00,5674.0,5690.5,5670.75,5686.25,256286,0.0,0.0
2024-07-10 16:00:00-04:00,5686.25,5687.0,5683.0,5684.5,85246,0.0,0.0
2024-07-10 18:00:00-04:00,5684.25,5686.0,5682.75,5684.5,0,0.0,0.0
2024-07-10 19:00:00-04:00,5684.25,5684.75,5682.75,5683.5,2444,0.0,0.0
2024-07-10 20:00:00-04:00,5683.5,5683.75,5680.0,5680.5,6815,0.0,0.0
2024-07-10 21:00:00-04:00,5680.5,5684.25,5679.0,5683.5,4942,0.0,0.0
2024-07-10 22:00:00-04:00,5683.5,5684.5,5682.5,5682.75,2466,0.0,0.0
2024-07-10 23:00:00-04:00,5682.75,5685.25,5681.75,5684.75,2921,0.0,0.0
2024-07-11 00:00:00-04:00,5685.0,5685.0,5684.0,5684.5,1604,0.0,0.0
2024-07-11 01:00:00-04:00,5684.5,5686.75,5683.25,5683.5,4174,0.0,0.0
2024-07-11 02:00:00-04:00,5683.5,5685.75,5683.5,5684.75,6332,0.0,0.0
2024-07-11 03:00:00-04:00,5684.75,5685.25,5681.75,5684.5,10023,0.0,0.0
2024-07-11 04:00:00-04:00,5684.5,5685.75,5682.5,5683.25,10286,0.0,0.0
2024-07-11 05:00:00-04:00,5683.25,5683.5,5681.75,5682.5,7423,0.0,0.0
2024-07-11 06:00:00-04:00,5682.75,5683.25,5680.25,5681.25,9286,0.0,0.0
2024-07-11 07:00:00-04:00,5681.25,5682.25,5679.75,5680.0,10524,0.0,0.0
2024-07-11 08:00:00-04:00,5679.75,5707.75,5677.25,5684.5,123546,0.0,0.0
2024-07-11 09:00:00-04:00,5684.5,5692.25,5680.5,5692.0,177594,0.0,0.0
2024-07-11 10:00:00-04:00,5692.25,5695.75,5656.0,5657.0,334514,0.0,0.0
2024-07-11 11:00:00-04:00,5657.0,5664.75,5636.0,5639.5,313096,0.0,0.0
2024-07-11 12:00:00-04:00,5639.5,5649.75,5633.5,5635.25,218516,0.0,0.0
2024-07-11 13:00:00-04:00,5635.25,5643.25,5630.0,5631.0,154820,0.0,0.0
2024-07-11 14:00:00-04:00,5631.0,5645.0,5630.0,5643.5,143067,0.0,0.0
2024-07-11 15:00:00-04:00,5643.5,5647.75,5635.75,5636.5,274950,0.0,0.0
2024-07-11 16:00:00-04:00,5636.25,5642.0,5632.75,5640.0,71276,0.0,0.0
2024-07-11 18:00:00-04:00,5638.5,5642.0,5634.75,5640.75,0,0.0,0.0
2024-07-11 19:00:00-04:00,5641.0,5644.0,5635.25,5637.25,5654,0.0,0.0
2024-07-11 20:00:00-04:00,5637.5,5644.0,5636.0,5640.25,6568,0.0,0.0
2024-07-11 21:00:00-04:00,5640.0,5641.75,5638.5,5640.0,4226,0.0,0.0
2024-07-11 22:00:00-04:00,5640.0,5641.25,5637.5,5639.0,3571,0.0,0.0
2024-07-11 23:00:00-04:00,5639.25,5640.5,5637.75,5639.75,2738,0.0,0.0
2024-07-12 00:00:00-04:00,5640.0,5641.0,5636.5,5637.25,3807,0.0,0.0
2024-07-12 01:00:00-04:00,5637.5,5641.5,5634.25,5641.0,6284,0.0,0.0
2024-07-12 02:00:00-04:00,5641.25,5643.25,5639.75,5641.25,7232,0.0,0.0
2024-07-12 03:00:00-04:00,5641.25,5643.0,5637.0,5640.25,9874,0.0,0.0
2024-07-12 04:00:00-04:00,5640.25,5645.0,5640.25,5644.75,11879,0.0,0.0
2024-07-12 05:00:00-04:00,5644.75,5646.0,5641.25,5644.25,8736,0.0,0.0
2024-07-12 06:00:00-04:00,5644.25,5646.0,5638.5,5641.25,12445,0.0,0.0
2024-07-12 07:00:00-04:00,5641.5,5643.5,5637.25,5642.75,12787,0.0,0.0
2024-07-12 08:00:00-04:00,5642.5,5646.75,5621.25,5644.75,61715,0.0,0.0
2024-07-12 09:00:00-04:00,5644.75,5660.75,5640.5,5658.75,184473,0.0,0.0
2024-07-12 10:00:00-04:00,5659.0,5684.5,5656.0,5682.5,241002,0.0,0.0
2024-07-12 11:00:00-04:00,5682.5,5688.5,5677.75,5678.75,149508,0.0,0.0
2024-07-12 12:00:00-04:00,5678.5,5687.25,5671.75,5687.25,147592,0.0,0.0
2024-07-12 13:00:00-04:00,5687.25,5708.25,5685.75,5701.75,148144,0.0,0.0
2024-07-12 14:00:00-04:00,5701.75,5705.75,5697.25,5703.5,114024,0.0,0.0
2024-07-12 15:00:00-04:00,5703.5,5704.25,5660.0,5670.0,378042,0.0,0.0
2024-07-12 16:00:00-04:00,5670.0,5674.25,5666.0,5667.5,70067,0.0,0.0
2024-07-14 18:00:00-04:00,5681.0,5683.25,5665.5,5670.0,14743,0.0,0.0
2024-07-14 19:00:00-04:00,5670.0,5672.25,5667.0,5672.0,3741,0.0,0.0
2024-07-14 20:00:00-04:00,5672.25,5675.5,5669.25,5674.25,7098,0.0,0.0
2024-07-14 21:00:00-04:00,5674.5,5675.75,5673.5,5675.0,4603,0.0,0.0
2024-07-14 22:00:00-04:00,5675.0,5676.25,5672.75,5674.5,5681,0.0,0.0
2024-07-14 23:00:00-04:00,5674.25,5676.0,5673.75,5675.0,2968,0.0,0.0
2024-07-15 00:00:00-04:00,5675.5,5677.25,5674.75,5676.5,2077,0.0,0.0
2024-07-15 01:00:00-04:00,5676.5,5680.25,5676.0,5679.5,4123,0.0,0.0
2024-07-15 02:00:00-04:00,5679.25,5681.5,5677.75,5681.25,6883,0.0,0.0
2024-07-15 03:00:00-04:00,5681.25,5684.25,5680.0,5683.75,14820,0.0,0.0
2024-07-15 04:00:00-04:00,5684.0,5689.0,5683.75,5688.75,12261,0.0,0.0
2024-07-15 05:00:00-04:00,5688.75,5690.25,5687.75,5688.5,8124,0.0,0.0
2024-07-15 06:00:00-04:00,5688.25,5689.5,5686.0,5689.25,7187,0.0,0.0
2024-07-15 07:00:00-04:00,5689.25,5694.75,5687.25,5688.0,23204,0.0,0.0
2024-07-15 08:00:00-04:00,5688.25,5690.75,5684.0,5686.25,25774,0.0,0.0
2024-07-15 09:00:00-04:00,5686.5,5698.0,5683.25,5688.75,205444,0.0,0.0
2024-07-15 10:00:00-04:00,5688.75,5708.0,5688.75,5706.75,189227,0.0,0.0
2024-07-15 11:00:00-04:00,5706.75,5718.75,5701.5,5708.0,217522,0.0,0.0
2024-07-15 12:00:00-04:00,5707.75,5708.0,5691.25,5695.75,211933,0.0,0.0
2024-07-15 13:00:00-04:00,5695.75,5695.75,5676.75,5680.5,209031,0.0,0.0
2024-07-15 14:00:00-04:00,5680.5,5695.25,5676.5,5692.75,134401,0.0,0.0
2024-07-15 15:00:00-04:00,5692.75,5695.75,5666.0,5685.25,267039,0.0,0.0
2024-07-15 16:00:00-04:00,5685.5,5689.5,5682.25,5683.0,56393,0.0,0.0
2024-07-15 18:00:00-04:00,5688.75,5694.75,5688.0,5692.5,0,0.0,0.0
2024-07-15 19:00:00-04:00,5692.5,5694.0,5692.0,5692.25,2393,0.0,0.0
2024-07-15 20:00:00-04:00,5692.25,5693.0,5689.5,5690.75,4937,0.0,0.0
2024-07-15 21:00:00-04:00,5690.75,5692.0,5689.0,5690.75,5095,0.0,0.0
2024-07-15 22:00:00-04:00,5691.0,5693.75,5691.0,5693.5,3461,0.0,0.0
2024-07-15 23:00:00-04:00,5693.5,5694.5,5691.75,5693.25,2777,0.0,0.0
2024-07-16 00:00:00-04:00,5692.75,5693.75,5691.75,5692.75,2605,0.0,0.0
2024-07-16 01:00:00-04:00,5692.75,5694.75,5692.0,5693.75,4639,0.0,0.0
2024-07-16 02:00:00-04:00,5693.5,5693.5,5687.0,5688.25,6606,0.0,0.0
2024-07-16 03:00:00-04:00,5688.5,5688.5,5680.0,5680.75,15302,0.0,0.0
2024-07-16 04:00:00-04:00,5680.75,5686.25,5673.0,5685.0,15235,0.0,0.0
2024-07-16 05:00:00-04:00,5685.25,5687.25,5682.75,5686.5,9479,0.0,0.0
2024-07-16 06:00:00-04:00,5686.5,5692.25,5686.5,5689.25,13254,0.0,0.0
2024-07-16 07:00:00-04:00,5689.5,5692.25,5688.5,5691.5,8922,0.0,0.0
2024-07-16 08:00:00-04:00,5691.25,5698.25,5684.5,5694.25,37595,0.0,0.0
2024-07-16 09:00:00-04:00,5694.25,5705.75,5691.25,5700.25,182378,0.0,0.0
2024-07-16 10:00:00-04:00,5700.25,5706.75,5690.25,5701.75,262872,0.0,0.0
2024-07-16 11:00:00-04:00,5700.5,5714.25,5697.25,5700.25,184404,0.0,0.0
2024-07-16 12:00:00-04:00,5700.5,5705.5,5691.5,5704.75,156266,0.0,0.0
2024-07-16 13:00:00-04:00,5705.0,5705.0,5694.0,5701.5,98918,0.0,0.0
2024-07-16 14:00:00-04:00,5701.5,5715.5,5695.25,5715.0,133003,0.0,0.0
2024-07-16 15:00:00-04:00,5715.25,5721.25,5709.25,5717.75,216936,0.0,0.0
2024-07-16 16:00:00-04:00,5718.0,5718.0,5712.25,5715.5,50127,0.0,0.0
2024-07-16 18:00:00-04:00,5715.0,5717.75,5714.0,5716.75,0,0.0,0.0
2024-07-16 19:00:00-04:00,5716.75,5716.75,5711.5,5712.75,3658,0.0,0.0
2024-07-16 20:00:00-04:00,5713.0,5714.25,5710.5,5711.75,3962,0.0,0.0
2024-07-16 21:00:00-04:00,5712.0,5712.0,5710.0,5710.5,5000,0.0,0.0
2024-07-16 22:00:00-04:00,5710.75,5713.25,5710.25,5711.25,2632,0.0,0.0
2024-07-16 23:00:00-04:00,5711.0,5712.25,5707.0,5709.25,4712,0.0,0.0
2024-07-17 00:00:00-04:00,5709.5,5709.5,5706.5,5707.5,2744,0.0,0.0
2024-07-17 01:00:00-04:00,5707.75,5709.0,5703.75,5704.0,6381,0.0,0.0
2024-07-17 02:00:00-04:00,5704.25,5704.5,5685.75,5692.25,24386,0.0,0.0
2024-07-17 03:00:00-04:00,5692.25,5692.75,5677.5,5679.0,28051,0.0,0.0
2024-07-17 04:00:00-04:00,5679.25,5680.75,5668.25,5676.25,36885,0.0,0.0
2024-07-17 05:00:00-04:00,5676.5,5678.25,5672.0,5676.25,13881,0.0,0.0
2024-07-17 06:00:00-04:00,5676.25,5678.75,5669.25,5671.25,13756,0.0,0.0
2024-07-17 07:00:00-04:00,5671.5,5674.5,5655.0,5663.5,38920,0.0,0.0
2024-07-17 08:00:00-04:00,5663.5,5667.75,5656.75,5658.75,41570,0.0,0.0
2024-07-17 09:00:00-04:00,5658.75,5672.75,5652.75,5665.75,244034,0.0,0.0
2024-07-17 10:00:00-04:00,5666.0,5666.25,5646.25,5650.0,360553,0.0,0.0
2024-07-17 11:00:00-04:00,5650.0,5655.0,5645.0,5651.25,222399,0.0,0.0
2024-07-17 12:00:00-04:00,5651.5,5652.75,5637.75,5647.0,220270,0.0,0.0
2024-07-17 13:00:00-04:00,5647.25,5647.25,5633.25,5640.5,157348,0.0,0.0
2024-07-17 14:00:00-04:00,5640.75,5651.75,5635.75,5642.0,139696,0.0,0.0
2024-07-17 15:00:00-04:00,5642.0,5650.75,5637.25,5637.25,294819,0.0,0.0
2024-07-17 16:00:00-04:00,5637.25,5643.5,5631.75,5643.0,99166,0.0,0.0
2024-07-17 18:00:00-04:00,5644.0,5650.25,5643.0,5649.75,0,0.0,0.0
2024-07-17 19:00:00-04:00,5649.75,5650.0,5648.0,5649.0,4690,0.0,0.0
2024-07-17 20:00:00-04:00,5649.0,5653.75,5648.75,5651.75,7087,0.0,0.0
2024-07-17 21:00:00-04:00,5651.75,5654.5,5650.0,5653.5,6003,0.0,0.0
2024-07-17 22:00:00-04:00,5653.75,5654.0,5650.75,5652.75,5613,0.0,0.0
2024-07-17 23:00:00-04:00,5652.75,5653.25,5646.25,5650.5,4428,0.0,0.0
2024-07-18 00:00:00-04:00,5650.25,5650.75,5647.5,5649.5,3378,0.0,0.0
2024-07-18 01:00:00-04:00,5649.75,5651.5,5648.25,5651.0,5143,0.0,0.0
2024-07-18 02:00:00-04:00,5651.0,5664.0,5647.25,5661.5,22718,0.0,0.0
2024-07-18 03:00:00-04:00,5661.75,5662.0,5640.0,5649.25,26959,0.0,0.0
2024-07-18 04:00:00-04:00,5649.5,5656.25,5645.75,5656.25,19443,0.0,0.0
2024-07-18 05:00:00-04:00,5656.25,5656.75,5644.75,5646.5,13842,0.0,0.0
2024-07-18 06:00:00-04:00,5646.25,5647.25,5638.25,5646.5,16945,0.0,0.0
2024-07-18 07:00:00-04:00,5646.5,5649.75,5643.75,5649.25,11887,0.0,0.0
2024-07-18 08:00:00-04:00,5649.25,5656.0,5645.25,5654.75,39500,0.0,0.0
2024-07-18 09:00:00-04:00,5654.75,5658.25,5643.25,5653.5,201382,0.0,0.0
2024-07-18 10:00:00-04:00,5653.75,5661.75,5622.5,5635.25,438653,0.0,0.0
2024-07-18 11:00:00-04:00,5635.5,5638.0,5593.5,5595.75,402988,0.0,0.0
2024-07-18 12:00:00-04:00,5595.75,5609.25,5590.0,5609.0,235387,0.0,0.0
2024-07-18 13:00:00-04:00,5609.25,5615.5,5600.5,5602.75,177067,0.0,0.0
2024-07-18 14:00:00-04:00,5603.0,5603.5,5583.5,5589.75,224925,0.0,0.0
2024-07-18 15:00:00-04:00,5589.75,5605.0,5570.25,5593.0,467640,0.0,0.0
2024-07-18 16:00:00-04:00,5593.0,5602.5,5591.25,5594.5,91099,0.0,0.0
2024-07-18 18:00:00-04:00,5602.5,5606.0,5600.25,5603.75,0,0.0,0.0
2024-07-18 19:00:00-04:00,5603.75,5605.25,5600.75,5601.75,2722,0.0,0.0
2024-07-18 20:00:00-04:00,5601.75,5605.5,5599.25,5602.0,7474,0.0,0.0
2024-07-18 21:00:00-04:00,5602.0,5605.25,5601.0,5603.0,6523,0.0,0.0
2024-07-18 22:00:00-04:00,5603.25,5604.0,5600.5,5603.25,5276,0.0,0.0
2024-07-18 23:00:00-04:00,5603.25,5604.25,5601.75,5603.5,3594,0.0,0.0
2024-07-19 00:00:00-04:00,5602.75,5604.0,5602.0,5603.75,2695,0.0,0.0
2024-07-19 01:00:00-04:00,5603.75,5605.75,5602.0,5605.75,2954,0.0,0.0
2024-07-19 02:00:00-04:00,5605.75,5607.5,5591.5,5593.75,12268,0.0,0.0
2024-07-19 03:00:00-04:00,5594.0,5595.25,5568.5,5579.0,39999,0.0,0.0
2024-07-19 04:00:00-04:00,5579.0,5589.75,5574.0,5585.0,25068,0.0,0.0
2024-07-19 05:00:00-04:00,5585.0,5590.25,5577.75,5587.0,27989,0.0,0.0
2024-07-19 06:00:00-04:00,5587.0,5598.25,5586.25,5590.25,22684,0.0,0.0
2024-07-19 07:00:00-04:00,5590.25,5601.5,5589.5,5599.25,18981,0.0,0.0
2024-07-19 08:00:00-04:00,5599.25,5603.5,5592.75,5602.75,35932,0.0,0.0
2024-07-19 09:00:00-04:00,5602.75,5604.75,5581.5,5593.25,259749,0.0,0.0
2024-07-19 10:00:00-04:00,5593.25,5596.75,5570.0,5575.0,283444,0.0,0.0
2024-07-19 11:00:00-04:00,5575.25,5583.75,5555.25,5574.25,274643,0.0,0.0
2024-07-19 12:00:00-04:00,5574.0,5578.5,5552.5,5556.75,219445,0.0,0.0
2024-07-19 13:00:00-04:00,5557.0,5558.0,5542.0,5557.25,201140,0.0,0.0
2024-07-19 14:00:00-04:00,5557.25,5560.5,5543.5,5554.75,155701,0.0,0.0
2024-07-19 15:00:00-04:00,5554.75,5568.5,5545.5,5554.0,324121,0.0,0.0
2024-07-19 16:00:00-04:00,5553.75,5560.25,5547.25,5552.75,79719,0.0,0.0
2024-07-21 18:00:00-04:00,5564.5,5565.5,5557.25,5564.5,12357,0.0,0.0
2024-07-21 19:00:00-04:00,5564.5,5574.0,5564.5,5572.0,10636,0.0,0.0
2024-07-21 20:00:00-04:00,5572.25,5573.0,5564.75,5571.0,10015,0.0,0.0
2024-07-21 21:00:00-04:00,5571.25,5571.75,5555.75,5556.75,11321,0.0,0.0
2024-07-21 22:00:00-04:00,5557.0,5560.5,5553.5,5558.75,8969,0.0,0.0
2024-07-21 23:00:00-04:00,5559.0,5567.75,5558.75,5563.5,7533,0.0,0.0
2024-07-22 00:00:00-04:00,5563.25,5567.25,5557.5,5566.5,5253,0.0,0.0
2024-07-22 01:00:00-04:00,5566.75,5567.75,5563.25,5564.75,4532,0.0,0.0
2024-07-22 02:00:00-04:00,5564.75,5572.0,5560.25,5568.75,10390,0.0,0.0
2024-07-22 03:00:00-04:00,5569.0,5572.5,5561.5,5571.0,15872,0.0,0.0
2024-07-22 04:00:00-04:00,5570.75,5576.25,5568.5,5572.0,15386,0.0,0.0
2024-07-22 05:00:00-04:00,5571.75,5578.5,5570.5,5577.25,13192,0.0,0.0
2024-07-22 06:00:00-04:00,5577.0,5584.25,5576.0,5584.0,16692,0.0,0.0
2024-07-22 07:00:00-04:00,5584.5,5585.5,5580.0,5585.25,15254,0.0,0.0
2024-07-22 08:00:00-04:00,5585.5,5592.25,5584.75,5586.25,32244,0.0,0.0
2024-07-22 09:00:00-04:00,5586.0,5607.75,5585.75,5590.0,221667,0.0,0.0
2024-07-22 10:00:00-04:00,5589.75,5607.75,5576.5,5601.0,297767,0.0,0.0
2024-07-22 11:00:00-04:00,5603.25,5608.25,5572.75,5580.25,276117,0.0,0.0
2024-07-22 12:00:00-04:00,5580.25,5600.75,5575.25,5598.25,136492,0.0,0.0
2024-07-22 13:00:00-04:00,5598.5,5612.0,5598.5,5608.5,120491,0.0,0.0
2024-07-22 14:00:00-04:00,5608.75,5616.0,5604.75,5611.5,100221,0.0,0.0
2024-07-22 15:00:00-04:00,5611.75,5614.75,5604.75,5609.25,164333,0.0,0.0
2024-07-22 16:00:00-04:00,5611.75,5612.25,5605.75,5608.25,106188,0.0,0.0
2024-07-22 18:00:00-04:00,5607.75,5612.5,5606.5,5610.5,0,0.0,0.0
2024-07-22 19:00:00-04:00,5610.5,5610.5,5604.75,5605.5,6068,0.0,0.0
2024-07-22 20:00:00-04:00,5605.5,5606.25,5600.0,5601.75,6338,0.0,0.0
2024-07-22 21:00:00-04:00,5602.0,5607.0,5601.0,5604.25,5762,0.0,0.0
2024-07-22 22:00:00-04:00,5604.25,5604.75,5600.5,5603.25,3448,0.0,0.0
2024-07-22 23:00:00-04:00,5603.25,5603.75,5596.25,5599.75,6065,0.0,0.0
2024-07-23 00:00:00-04:00,5601.25,5603.5,5600.0,5601.75,2380,0.0,0.0
2024-07-23 01:00:00-04:00,5601.75,5603.75,5597.5,5599.75,4077,0.0,0.0
2024-07-23 02:00:00-04:00,5600.0,5602.0,5593.25,5600.75,11249,0.0,0.0
2024-07-23 03:00:00-04:00,5601.0,5601.5,5589.25,5591.5,16361,0.0,0.0
2024-07-23 04:00:00-04:00,5591.5,5601.0,5587.75,5599.0,12987,0.0,0.0
2024-07-23 05:00:00-04:00,5599.25,5608.75,5598.75,5606.5,9732,0.0,0.0
2024-07-23 06:00:00-04:00,5606.75,5614.25,5605.5,5612.0,12640,0.0,0.0
2024-07-23 07:00:00-04:00,5612.0,5618.25,5611.5,5615.25,16197,0.0,0.0
2024-07-23 08:00:00-04:00,5615.25,5615.5,5602.5,5609.0,28786,0.0,0.0
2024-07-23 09:00:00-04:00,5609.0,5620.75,5603.5,5617.5,156288,0.0,0.0
2024-07-23 10:00:00-04:00,5617.5,5626.5,5604.5,5612.0,236258,0.0,0.0
2024-07-23 11:00:00-04:00,5613.75,5629.75,5613.5,5624.25,166166,0.0,0.0
2024-07-23 12:00:00-04:00,5624.5,5626.0,5603.5,5608.0,159405,0.0,0.0
2024-07-23 13:00:00-04:00,5608.25,5615.75,5604.0,5614.5,115133,0.0,0.0
2024-07-23 14:00:00-04:00,5614.25,5617.75,5607.0,5613.0,82859,0.0,0.0
2024-07-23 15:00:00-04:00,5613.25,5615.75,5594.5,5599.0,187177,0.0,0.0
2024-07-23 16:00:00-04:00,5599.0,5611.25,5593.75,5602.25,84406,0.0,0.0
2024-07-23 18:00:00-04:00,5585.0,5585.0,5573.5,5579.75,0,0.0,0.0
2024-07-23 19:00:00-04:00,5580.0,5580.0,5574.75,5575.0,6940,0.0,0.0
2024-07-23 20:00:00-04:00,5575.0,5582.75,5575.0,5581.75,6659,0.0,0.0
2024-07-23 21:00:00-04:00,5581.75,5583.25,5579.0,5579.25,6552,0.0,0.0
2024-07-23 22:00:00-04:00,5579.5,5580.75,5577.5,5579.0,2740,0.0,0.0
2024-07-23 23:00:00-04:00,5579.0,5579.75,5574.25,5575.5,2812,0.0,0.0
2024-07-24 00:00:00-04:00,5575.0,5575.25,5560.25,5563.0,12060,0.0,0.0
2024-07-24 01:00:00-04:00,5563.0,5571.5,5562.75,5568.75,5387,0.0,0.0
2024-07-24 02:00:00-04:00,5569.0,5571.5,5558.25,5561.0,14671,0.0,0.0
2024-07-24 03:00:00-04:00,5561.0,5567.75,5558.0,5559.0,20392,0.0,0.0
2024-07-24 04:00:00-04:00,5559.25,5563.5,5551.75,5563.0,25207,0.0,0.0
2024-07-24 05:00:00-04:00,5563.0,5563.25,5554.25,5558.5,12675,0.0,0.0
2024-07-24 06:00:00-04:00,5558.75,5565.75,5557.5,5558.75,15771,0.0,0.0
2024-07-24 07:00:00-04:00,5559.0,5564.0,5553.25,5558.75,22577,0.0,0.0
2024-07-24 08:00:00-04:00,5558.75,5559.25,5543.75,5546.0,47114,0.0,0.0
2024-07-24 09:00:00-04:00,5546.0,5551.75,5522.75,5526.75,264466,0.0,0.0
2024-07-24 10:00:00-04:00,5527.0,5528.75,5511.5,5515.25,310623,0.0,0.0
2024-07-24 11:00:00-04:00,5515.25,5516.0,5500.5,5502.5,206793,0.0,0.0
2024-07-24 12:00:00-04:00,5502.75,5508.25,5495.25,5497.75,182812,0.0,0.0
2024-07-24 13:00:00-04:00,5497.75,5509.25,5496.25,5497.75,130338,0.0,0.0
2024-07-24 14:00:00-04:00,5497.75,5500.75,5476.75,5483.75,197186,0.0,0.0
2024-07-24 15:00:00-04:00,5483.5,5488.5,5462.0,5471.75,428283,0.0,0.0
2024-07-24 16:00:00-04:00,5471.75,5484.25,5470.5,5483.0,115160,0.0,0.0
2024-07-24 17:00:00-04:00,5483.25,5483.25,5483.25,5483.25,1,0.0,0.0
2024-07-24 18:00:00-04:00,5482.5,5489.25,5481.5,5485.75,0,0.0,0.0
2024-07-24 19:00:00-04:00,5486.0,5487.75,5483.5,5486.25,4063,0.0,0.0
2024-07-24 20:00:00-04:00,5472.0,5490.0,5472.0,5488.0,12152,0.0,0.0
2024-07-24 21:00:00-04:00,5487.75,5489.25,5480.0,5481.5,9024,0.0,0.0
2024-07-24 22:00:00-04:00,5481.75,5485.25,5473.25,5475.75,11743,0.0,0.0
2024-07-24 23:00:00-04:00,5475.75,5487.25,5475.5,5485.0,8812,0.0,0.0
2024-07-25 00:00:00-04:00,5485.0,5485.25,5481.25,5482.5,5690,0.0,0.0
2024-07-25 01:00:00-04:00,5482.75,5485.0,5477.75,5478.0,6613,0.0,0.0
2024-07-25 02:00:00-04:00,5478.25,5483.0,5461.5,5479.75,34174,0.0,0.0
2024-07-25 03:00:00-04:00,5479.75,5482.5,5462.25,5466.75,46266,0.0,0.0
2024-07-25 04:00:00-04:00,5467.0,5477.0,5451.0,5475.25,61099,0.0,0.0
2024-07-25 05:00:00-04:00,5475.5,5481.25,5461.25,5463.0,31631,0.0,0.0
2024-07-25 06:00:00-04:00,5463.0,5465.75,5454.5,5463.75,30011,0.0,0.0
2024-07-25 07:00:00-04:00,5464.0,5471.25,5457.5,5458.25,31660,0.0,0.0
2024-07-25 08:00:00-04:00,5458.25,5475.5,5452.25,5475.5,81236,0.0,0.0
2024-07-25 09:00:00-04:00,5475.5,5475.5,5454.0,5456.75,292758,0.0,0.0
2024-07-25 10:00:00-04:00,5457.0,5486.5,5432.5,5486.0,548921,0.0,0.0
2024-07-25 11:00:00-04:00,5486.0,5504.5,5478.5,5497.75,323280,0.0,0.0
2024-07-25 12:00:00-04:00,5497.75,5524.75,5491.0,5519.5,267268,0.0,0.0
2024-07-25 13:00:00-04:00,5519.5,5533.25,5499.25,5504.5,214846,0.0,0.0
2024-07-25 14:00:00-04:00,5504.5,5505.0,5463.25,5466.25,237188,0.0,0.0
2024-07-25 15:00:00-04:00,5466.0,5495.25,5439.0,5441.5,400735,0.0,0.0
2024-07-25 16:00:00-04:00,5441.5,5445.25,5433.25,5444.75,127016,0.0,0.0
2024-07-25 18:00:00-04:00,5446.0,5452.75,5445.25,5446.5,0,0.0,0.0
2024-07-25 19:00:00-04:00,5446.5,5451.75,5445.5,5451.5,5715,0.0,0.0
2024-07-25 20:00:00-04:00,5451.25,5458.75,5450.5,5454.75,7595,0.0,0.0
2024-07-25 21:00:00-04:00,5454.75,5463.5,5454.25,5462.25,7232,0.0,0.0
2024-07-25 22:00:00-04:00,5462.25,5464.75,5460.0,5460.5,4999,0.0,0.0
2024-07-25 23:00:00-04:00,5460.5,5463.75,5458.5,5461.25,4368,0.0,0.0
2024-07-26 00:00:00-04:00,5462.25,5467.25,5462.0,5466.25,4106,0.0,0.0
2024-07-26 01:00:00-04:00,5466.25,5469.0,5459.75,5460.0,7335,0.0,0.0
2024-07-26 02:00:00-04:00,5460.25,5468.75,5459.75,5463.0,9552,0.0,0.0
2024-07-26 03:00:00-04:00,5463.25,5474.75,5461.5,5474.5,22963,0.0,0.0
2024-07-26 04:00:00-04:00,5474.5,5488.0,5472.25,5487.75,20987,0.0,0.0
2024-07-26 05:00:00-04:00,5487.5,5487.75,5480.25,5482.0,14947,0.0,0.0
2024-07-26 06:00:00-04:00,5482.0,5486.75,5479.25,5480.5,10658,0.0,0.0
2024-07-26 07:00:00-04:00,5480.5,5488.0,5477.0,5488.0,16455,0.0,0.0
2024-07-26 08:00:00-04:00,5487.75,5492.75,5478.0,5481.25,44233,0.0,0.0
2024-07-26 09:00:00-04:00,5481.5,5487.0,5470.0,5484.0,210286,0.0,0.0
2024-07-26 10:00:00-04:00,5484.5,5501.75,5471.75,5489.75,335610,0.0,0.0
2024-07-26 11:00:00-04:00,5489.75,5505.25,5483.0,5504.0,199526,0.0,0.0
2024-07-26 12:00:00-04:00,5504.25,5525.0,5503.0,5523.75,178518,0.0,0.0
2024-07-26 13:00:00-04:00,5523.75,5528.25,5495.75,5505.0,213736,0.0,0.0
2024-07-26 14:00:00-04:00,5505.25,5510.25,5489.25,5491.5,158394,0.0,0.0
2024-07-26 15:00:00-04:00,5491.5,5506.5,5482.5,5499.5,348029,0.0,0.0
2024-07-26 16:00:00-04:00,5499.25,5502.5,5495.75,5499.25,57548,0.0,0.0
2024-07-28 18:00:00-04:00,5496.5,5511.75,5496.25,5510.75,9609,0.0,0.0
2024-07-28 19:00:00-04:00,5510.5,5514.75,5509.5,5512.75,5478,0.0,0.0
2024-07-28 20:00:00-04:00,5512.75,5530.0,5511.25,5524.75,13183,0.0,0.0
2024-07-28 21:00:00-04:00,5524.75,5527.25,5521.0,5522.25,10058,0.0,0.0
2024-07-28 22:00:00-04:00,5522.5,5525.75,5521.0,5521.5,5338,0.0,0.0
2024-07-28 23:00:00-04:00,5521.5,5525.25,5521.25,5523.75,3224,0.0,0.0
2024-07-29 00:00:00-04:00,5523.25,5525.0,5521.0,5522.25,2402,0.0,0.0
2024-07-29 01:00:00-04:00,5522.5,5527.0,5522.0,5525.25,4851,0.0,0.0
2024-07-29 02:00:00-04:00,5525.5,5527.75,5521.25,5526.5,8351,0.0,0.0
2024-07-29 03:00:00-04:00,5526.25,5526.5,5506.5,5507.75,21504,0.0,0.0
2024-07-29 04:00:00-04:00,5507.75,5517.0,5505.75,5511.25,15577,0.0,0.0
2024-07-29 05:00:00-04:00,5511.5,5518.25,5507.5,5518.0,10816,0.0,0.0
2024-07-29 06:00:00-04:00,5518.0,5522.75,5516.5,5519.5,7857,0.0,0.0
2024-07-29 07:00:00-04:00,5519.25,5526.5,5517.5,5523.25,14290,0.0,0.0
2024-07-29 08:00:00-04:00,5523.0,5534.5,5519.75,5522.75,28528,0.0,0.0
2024-07-29 09:00:00-04:00,5522.75,5522.75,5501.5,5520.75,230352,0.0,0.0
2024-07-29 10:00:00-04:00,5520.75,5525.0,5497.0,5497.5,291891,0.0,0.0
2024-07-29 11:00:00-04:00,5497.75,5512.5,5481.0,5510.75,235778,0.0,0.0
2024-07-29 12:00:00-04:00,5510.75,5522.5,5510.5,5517.25,166294,0.0,0.0
2024-07-29 13:00:00-04:00,5517.25,5525.25,5504.25,5509.5,137543,0.0,0.0
2024-07-29 14:00:00-04:00,5509.5,5509.75,5499.5,5506.25,161648,0.0,0.0
2024-07-29 15:00:00-04:00,5506.25,5515.75,5500.25,5503.0,210328,0.0,0.0
2024-07-29 16:00:00-04:00,5503.0,5506.0,5500.25,5504.5,48126,0.0,0.0
2024-07-29 18:00:00-04:00,5504.5,5508.75,5502.0,5504.25,0,0.0,0.0
2024-07-29 19:00:00-04:00,5504.5,5504.75,5485.75,5488.75,8727,0.0,0.0
2024-07-29 20:00:00-04:00,5488.5,5494.0,5487.0,5492.75,5740,0.0,0.0
2024-07-29 21:00:00-04:00,5493.0,5494.25,5481.25,5483.75,9310,0.0,0.0
2024-07-29 22:00:00-04:00,5484.0,5487.75,5479.5,5485.5,8744,0.0,0.0
2024-07-29 23:00:00-04:00,5485.5,5490.5,5484.75,5489.5,5296,0.0,0.0
2024-07-30 00:00:00-04:00,5492.75,5499.5,5492.25,5499.0,5485,0.0,0.0
2024-07-30 01:00:00-04:00,5499.25,5504.0,5497.25,5503.25,5954,0.0,0.0
2024-07-30 02:00:00-04:00,5503.0,5504.25,5498.25,5504.25,7875,0.0,0.0
2024-07-30 03:00:00-04:00,5504.25,5515.75,5504.25,5511.75,14228,0.0,0.0
2024-07-30 04:00:00-04:00,5512.0,5514.75,5504.5,5511.0,12278,0.0,0.0
2024-07-30 05:00:00-04:00,5511.25,5514.0,5505.0,5509.75,8249,0.0,0.0
2024-07-30 06:00:00-04:00,5509.75,5515.25,5508.25,5513.0,7926,0.0,0.0
2024-07-30 07:00:00-04:00,5513.0,5515.75,5511.5,5512.25,9049,0.0,0.0
2024-07-30 08:00:00-04:00,5512.25,5515.5,5509.75,5512.25,17944,0.0,0.0
2024-07-30 09:00:00-04:00,5512.5,5527.5,5511.5,5517.0,180795,0.0,0.0
2024-07-30 10:00:00-04:00,5517.0,5519.0,5490.5,5492.25,288114,0.0,0.0
2024-07-30 11:00:00-04:00,5492.25,5493.75,5457.5,5458.25,322159,0.0,0.0
2024-07-30 12:00:00-04:00,5458.5,5466.0,5441.0,5441.5,220348,0.0,0.0
2024-07-30 13:00:00-04:00,5441.5,5468.25,5438.0,5466.25,226509,0.0,0.0
2024-07-30 14:00:00-04:00,5466.25,5480.0,5463.0,5467.75,186976,0.0,0.0
2024-07-30 15:00:00-04:00,5467.75,5491.0,5460.75,5473.0,299031,0.0,0.0
2024-07-30 16:00:00-04:00,5472.75,5477.5,5433.0,5452.0,130383,0.0,0.0
2024-07-30 18:00:00-04:00,5454.75,5474.75,5451.5,5467.5,0,0.0,0.0
2024-07-30 19:00:00-04:00,5467.5,5482.0,5466.5,5480.5,7315,0.0,0.0
2024-07-30 20:00:00-04:00,5480.25,5486.25,5475.5,5485.25,9098,0.0,0.0
2024-07-30 21:00:00-04:00,5485.5,5487.5,5481.0,5485.0,6730,0.0,0.0
2024-07-30 22:00:00-04:00,5485.0,5493.25,5484.25,5492.5,8647,0.0,0.0
2024-07-30 23:00:00-04:00,5492.25,5496.5,5490.5,5495.75,6736,0.0,0.0
2024-07-31 00:00:00-04:00,5493.25,5495.75,5490.75,5494.0,12054,0.0,0.0
2024-07-31 01:00:00-04:00,5494.25,5514.25,5492.5,5512.5,17204,0.0,0.0
2024-07-31 02:00:00-04:00,5512.5,5519.5,5507.25,5517.5,22630,0.0,0.0
2024-07-31 03:00:00-04:00,5517.25,5522.5,5511.75,5522.25,23752,0.0,0.0
2024-07-31 04:00:00-04:00,5522.0,5528.75,5515.0,5523.75,30151,0.0,0.0
2024-07-31 05:00:00-04:00,5524.0,5526.5,5520.0,5523.0,13529,0.0,0.0
2024-07-31 06:00:00-04:00,5522.75,5528.5,5521.5,5527.75,15122,0.0,0.0
2024-07-31 07:00:00-04:00,5528.0,5529.25,5522.75,5526.25,21809,0.0,0.0
2024-07-31 08:00:00-04:00,5526.0,5543.75,5524.5,5541.5,49599,0.0,0.0
2024-07-31 09:00:00-04:00,5541.25,5547.75,5528.75,5540.75,247097,0.0,0.0
2024-07-31 10:00:00-04:00,5540.5,5566.75,5538.0,5559.25,287993,0.0,0.0
2024-07-31 11:00:00-04:00,5559.25,5571.0,5556.25,5560.25,158217,0.0,0.0
2024-07-31 12:00:00-04:00,5560.5,5564.75,5554.25,5555.0,105046,0.0,0.0
2024-07-31 13:00:00-04:00,5555.25,5563.5,5539.5,5555.75,147616,0.0,0.0
2024-07-31 14:00:00-04:00,5555.5,5588.5,5547.0,5584.0,225105,0.0,0.0
2024-07-31 15:00:00-04:00,5584.0,5587.5,5545.5,5556.75,481419,0.0,0.0
2024-07-31 16:00:00-04:00,5556.5,5582.75,5556.0,5570.25,108759,0.0,0.0
2024-07-31 18:00:00-04:00,5574.75,5585.0,5572.75,5583.0,0,0.0,0.0
2024-07-31 19:00:00-04:00,5583.0,5590.0,5581.75,5587.5,8565,0.0,0.0
2024-07-31 20:00:00-04:00,5587.75,5594.5,5581.25,5582.5,14655,0.0,0.0
2024-07-31 21:00:00-04:00,5582.5,5586.5,5578.75,5583.5,12409,0.0,0.0
2024-07-31 22:00:00-04:00,5583.5,5591.5,5580.75,5590.25,8744,0.0,0.0
2024-07-31 23:00:00-04:00,5590.0,5592.5,5588.25,5592.0,6177,0.0,0.0
2024-08-01 00:00:00-04:00,5592.0,5593.25,5588.75,5591.0,4939,0.0,0.0
2024-08-01 01:00:00-04:00,5591.0,5596.5,5587.75,5596.25,6030,0.0,0.0
2024-08-01 02:00:00-04:00,5596.0,5596.25,5575.75,5576.75,18668,0.0,0.0
2024-08-01 03:00:00-04:00,5577.0,5586.75,5572.75,5574.75,23588,0.0,0.0
2024-08-01 04:00:00-04:00,5574.75,5576.0,5558.5,5562.25,35368,0.0,0.0
2024-08-01 05:00:00-04:00,5562.5,5578.25,5560.75,5576.5,18444,0.0,0.0
2024-08-01 06:00:00-04:00,5576.5,5581.0,5574.5,5580.25,13084,0.0,0.0
2024-08-01 07:00:00-04:00,5580.25,5587.0,5576.25,5577.0,24870,0.0,0.0
2024-08-01 08:00:00-04:00,5577.25,5593.75,5575.25,5587.0,44426,0.0,0.0
2024-08-01 09:00:00-04:00,5587.0,5600.75,5573.25,5592.5,237591,0.0,0.0
2024-08-01 10:00:00-04:00,5591.75,5595.75,5524.0,5526.25,448627,0.0,0.0
2024-08-01 11:00:00-04:00,5526.5,5528.5,5493.0,5498.5,359016,0.0,0.0
2024-08-01 12:00:00-04:00,5498.75,5515.5,5482.5,5488.25,258182,0.0,0.0
2024-08-01 13:00:00-04:00,5488.5,5490.75,5455.25,5476.75,267680,0.0,0.0
2024-08-01 14:00:00-04:00,5476.75,5479.5,5444.75,5450.25,263499,0.0,0.0
2024-08-01 15:00:00-04:00,5450.25,5485.75,5447.0,5480.75,449303,0.0,0.0
2024-08-01 16:00:00-04:00,5480.75,5485.5,5450.0,5471.25,127837,0.0,0.0
2024-08-01 18:00:00-04:00,5464.25,5473.25,5446.0,5452.0,0,0.0,0.0
2024-08-01 19:00:00-04:00,5451.75,5468.0,5449.25,5461.0,10056,0.0,0.0
2024-08-01 20:00:00-04:00,5461.0,5464.5,5449.25,5457.5,14998,0.0,0.0
2024-08-01 21:00:00-04:00,5457.75,5461.75,5451.0,5456.0,10724,0.0,0.0
2024-08-01 22:00:00-04:00,5456.25,5457.0,5421.0,5435.75,39429,0.0,0.0
2024-08-01 23:00:00-04:00,5436.0,5444.25,5435.5,5442.5,11864,0.0,0.0
2024-08-02 00:00:00-04:00,5441.25,5443.0,5435.5,5438.5,7934,0.0,0.0
2024-08-02 01:00:00-04:00,5438.75,5445.0,5432.25,5436.5,11691,0.0,0.0
2024-08-02 02:00:00-04:00,5436.75,5439.5,5422.75,5423.25,28568,0.0,0.0
2024-08-02 03:00:00-04:00,5423.25,5433.0,5412.5,5431.5,44381,0.0,0.0
2024-08-02 04:00:00-04:00,5431.25,5433.25,5418.5,5431.5,26962,0.0,0.0
2024-08-02 05:00:00-04:00,5431.25,5432.0,5415.5,5417.0,18764,0.0,0.0
2024-08-02 06:00:00-04:00,5416.75,5426.0,5409.0,5419.25,29199,0.0,0.0
2024-08-02 07:00:00-04:00,5419.25,5424.0,5413.5,5416.25,25336,0.0,0.0
2024-08-02 08:00:00-04:00,5416.25,5434.75,5376.5,5393.0,171467,0.0,0.0
2024-08-02 09:00:00-04:00,5392.75,5417.25,5386.0,5391.0,384509,0.0,0.0
2024-08-02 10:00:00-04:00,5388.5,5388.75,5336.25,5338.75,590921,0.0,0.0
2024-08-02 11:00:00-04:00,5338.75,5374.25,5331.75,5367.75,432059,0.0,0.0
2024-08-02 12:00:00-04:00,5367.25,5381.75,5351.75,5358.25,306771,0.0,0.0
2024-08-02 13:00:00-04:00,5358.25,5366.5,5342.25,5348.25,228042,0.0,0.0
2024-08-02 14:00:00-04:00,5348.0,5370.5,5341.25,5355.0,208541,0.0,0.0
2024-08-02 15:00:00-04:00,5355.0,5378.5,5351.0,5376.5,405293,0.0,0.0
2024-08-02 16:00:00-04:00,5376.5,5376.75,5357.0,5359.75,98070,0.0,0.0
2024-08-04 18:00:00-04:00,5330.0,5345.5,5321.25,5337.25,26434,0.0,0.0
2024-08-04 19:00:00-04:00,5337.0,5338.25,5313.0,5324.0,26373,0.0,0.0
2024-08-04 20:00:00-04:00,5324.0,5324.5,5298.25,5304.0,48346,0.0,0.0
2024-08-04 21:00:00-04:00,5304.0,5306.25,5287.25,5304.0,41281,0.0,0.0
2024-08-04 22:00:00-04:00,5304.0,5314.5,5295.5,5302.75,25197,0.0,0.0
2024-08-04 23:00:00-04:00,5303.0,5307.5,5292.0,5292.75,19430,0.0,0.0
2024-08-05 00:00:00-04:00,5291.75,5296.0,5281.0,5281.25,32561,0.0,0.0
2024-08-05 01:00:00-04:00,5281.25,5283.0,5205.0,5221.25,74419,0.0,0.0
2024-08-05 02:00:00-04:00,5221.5,5240.25,5201.0,5227.5,60486,0.0,0.0
2024-08-05 03:00:00-04:00,5227.0,5258.5,5217.25,5255.75,60606,0.0,0.0
2024-08-05 04:00:00-04:00,5256.0,5277.75,5238.75,5244.0,55328,0.0,0.0
2024-08-05 05:00:00-04:00,5243.75,5254.5,5218.0,5244.5,39478,0.0,0.0
2024-08-05 06:00:00-04:00,5244.0,5245.5,5204.75,5226.75,54496,0.0,0.0
2024-08-05 07:00:00-04:00,5226.75,5235.0,5185.5,5194.75,85598,0.0,0.0
2024-08-05 08:00:00-04:00,5194.75,5206.5,5120.0,5151.5,223459,0.0,0.0
2024-08-05 09:00:00-04:00,5151.5,5220.5,5145.75,5195.25,408534,0.0,0.0
2024-08-05 10:00:00-04:00,5196.5,5254.0,5189.0,5207.0,480988,0.0,0.0
2024-08-05 11:00:00-04:00,5207.5,5264.0,5196.75,5247.5,315242,0.0,0.0
2024-08-05 12:00:00-04:00,5247.5,5279.5,5227.75,5232.75,255882,0.0,0.0
2024-08-05 13:00:00-04:00,5232.75,5252.25,5226.0,5234.0,188932,0.0,0.0
2024-08-05 14:00:00-04:00,5234.5,5237.5,5199.75,5200.75,218371,0.0,0.0
2024-08-05 15:00:00-04:00,5201.0,5223.0,5192.25,5218.75,412180,0.0,0.0
2024-08-05 16:00:00-04:00,5218.75,5250.75,5213.5,5248.25,127244,0.0,0.0
2024-08-05 18:00:00-04:00,5250.0,5273.5,5250.0,5261.5,0,0.0,0.0
2024-08-05 19:00:00-04:00,5261.25,5274.0,5256.75,5273.75,12392,0.0,0.0
2024-08-05 20:00:00-04:00,5274.0,5286.25,5257.25,5286.25,26378,0.0,0.0
2024-08-05 21:00:00-04:00,5286.0,5305.5,5275.75,5291.5,24456,0.0,0.0
2024-08-05 22:00:00-04:00,5291.25,5293.5,5279.75,5286.25,9732,0.0,0.0
2024-08-05 23:00:00-04:00,5286.0,5302.5,5285.5,5296.75,9924,0.0,0.0
2024-08-06 00:00:00-04:00,5296.0,5300.5,5286.25,5289.75,7167,0.0,0.0
2024-08-06 01:00:00-04:00,5289.5,5299.25,5272.5,5291.75,15311,0.0,0.0
2024-08-06 02:00:00-04:00,5291.75,5297.0,5268.5,5274.25,18742,0.0,0.0
2024-08-06 03:00:00-04:00,5274.5,5284.0,5262.0,5267.5,28084,0.0,0.0
2024-08-06 04:00:00-04:00,5267.5,5271.5,5246.75,5256.5,26606,0.0,0.0
2024-08-06 05:00:00-04:00,5256.5,5256.75,5227.5,5239.0,29681,0.0,0.0
2024-08-06 06:00:00-04:00,5238.75,5266.5,5232.75,5261.5,28716,0.0,0.0
2024-08-06 07:00:00-04:00,5261.5,5276.0,5247.75,5258.25,36805,0.0,0.0
2024-08-06 08:00:00-04:00,5258.75,5260.0,5233.5,5238.0,57743,0.0,0.0
2024-08-06 09:00:00-04:00,5237.75,5268.25,5221.75,5262.25,248767,0.0,0.0
2024-08-06 10:00:00-04:00,5262.25,5309.0,5255.0,5297.5,322887,0.0,0.0
2024-08-06 11:00:00-04:00,5297.25,5303.75,5267.0,5302.5,210078,0.0,0.0
2024-08-06 12:00:00-04:00,5302.5,5324.0,5298.5,5320.0,149729,0.0,0.0
2024-08-06 13:00:00-04:00,5320.25,5327.75,5314.25,5327.5,113054,0.0,0.0
2024-08-06 14:00:00-04:00,5322.5,5342.0,5312.5,5318.5,138840,0.0,0.0
2024-08-06 15:00:00-04:00,5318.25,5320.5,5262.5,5265.0,416385,0.0,0.0
2024-08-06 16:00:00-04:00,5265.0,5279.75,5238.25,5249.0,125869,0.0,0.0
2024-08-06 18:00:00-04:00,5241.5,5262.75,5236.25,5250.5,0,0.0,0.0
2024-08-06 19:00:00-04:00,5250.75,5255.5,5240.25,5243.5,9791,0.0,0.0
2024-08-06 20:00:00-04:00,5243.5,5268.75,5242.25,5263.75,17409,0.0,0.0
2024-08-06 21:00:00-04:00,5264.25,5289.75,5259.25,5288.25,25578,0.0,0.0
2024-08-06 22:00:00-04:00,5288.0,5304.25,5282.25,5298.0,19141,0.0,0.0
2024-08-06 23:00:00-04:00,5298.25,5313.5,5297.5,5310.5,16387,0.0,0.0
2024-08-07 00:00:00-04:00,5314.25,5319.5,5309.0,5314.75,10101,0.0,0.0
2024-08-07 01:00:00-04:00,5314.5,5316.5,5300.75,5302.75,13757,0.0,0.0
2024-08-07 02:00:00-04:00,5303.0,5306.25,5283.75,5299.25,17779,0.0,0.0
2024-08-07 03:00:00-04:00,5299.25,5304.5,5280.0,5289.25,33104,0.0,0.0
2024-08-07 04:00:00-04:00,5289.5,5318.75,5287.0,5318.75,22470,0.0,0.0
2024-08-07 05:00:00-04:00,5318.5,5327.5,5314.5,5322.75,22577,0.0,0.0
2024-08-07 06:00:00-04:00,5322.75,5331.25,5320.75,5329.25,20605,0.0,0.0
2024-08-07 07:00:00-04:00,5329.25,5334.0,5319.0,5321.75,24565,0.0,0.0
2024-08-07 08:00:00-04:00,5321.75,5329.0,5317.0,5326.5,31133,0.0,0.0
2024-08-07 09:00:00-04:00,5326.25,5354.75,5319.0,5353.5,221645,0.0,0.0
2024-08-07 10:00:00-04:00,5353.25,5359.25,5325.25,5347.5,310080,0.0,0.0
2024-08-07 11:00:00-04:00,5347.5,5354.5,5313.0,5323.0,197966,0.0,0.0
2024-08-07 12:00:00-04:00,5323.25,5323.75,5288.75,5292.75,201273,0.0,0.0
2024-08-07 13:00:00-04:00,5293.0,5296.25,5256.75,5262.5,226778,0.0,0.0
2024-08-07 14:00:00-04:00,5262.25,5264.25,5230.5,5236.75,228826,0.0,0.0
2024-08-07 15:00:00-04:00,5236.75,5263.0,5222.25,5226.0,265321,0.0,0.0
2024-08-07 16:00:00-04:00,5227.0,5233.75,5196.75,5202.0,187501,0.0,0.0
2024-08-07 17:00:00-04:00,5202.0,5202.25,5202.0,5202.25,61,0.0,0.0
2024-08-07 18:00:00-04:00,5208.25,5219.0,5202.75,5213.0,0,0.0,0.0
2024-08-07 19:00:00-04:00,5213.0,5214.25,5182.0,5202.25,27603,0.0,0.0
2024-08-07 20:00:00-04:00,5202.0,5220.5,5198.25,5210.0,22773,0.0,0.0
2024-08-07 21:00:00-04:00,5210.25,5224.0,5208.0,5222.25,12984,0.0,0.0
2024-08-07 22:00:00-04:00,5222.25,5232.5,5222.25,5230.25,14303,0.0,0.0
2024-08-07 23:00:00-04:00,5230.5,5239.0,5224.75,5226.5,10572,0.0,0.0
2024-08-08 00:00:00-04:00,5224.75,5234.25,5218.0,5225.75,12401,0.0,0.0
2024-08-08 01:00:00-04:00,5226.0,5232.25,5213.0,5213.5,11354,0.0,0.0
2024-08-08 02:00:00-04:00,5213.5,5237.25,5210.5,5234.5,16026,0.0,0.0
2024-08-08 03:00:00-04:00,5234.25,5235.25,5202.25,5207.25,27827,0.0,0.0
2024-08-08 04:00:00-04:00,5207.0,5227.0,5205.0,5226.25,18555,0.0,0.0
2024-08-08 05:00:00-04:00,5226.0,5231.75,5203.0,5210.25,15603,0.0,0.0
2024-08-08 06:00:00-04:00,5210.0,5226.0,5204.25,5221.5,17105,0.0,0.0
2024-08-08 07:00:00-04:00,5221.25,5235.75,5216.5,5233.0,21586,0.0,0.0
2024-08-08 08:00:00-04:00,5233.25,5276.75,5225.5,5265.5,90732,0.0,0.0
2024-08-08 09:00:00-04:00,5265.75,5292.5,5261.5,5292.25,257410,0.0,0.0
2024-08-08 10:00:00-04:00,5292.5,5326.75,5288.25,5324.25,290116,0.0,0.0
2024-08-08 11:00:00-04:00,5324.5,5327.25,5306.0,5318.75,163574,0.0,0.0
2024-08-08 12:00:00-04:00,5318.75,5332.5,5308.25,5320.25,127682,0.0,0.0
2024-08-08 13:00:00-04:00,5320.5,5347.25,5309.0,5344.5,142451,0.0,0.0
2024-08-08 14:00:00-04:00,5344.5,5355.5,5337.25,5343.5,123971,0.0,0.0
2024-08-08 15:00:00-04:00,5343.5,5352.5,5323.75,5348.5,298287,0.0,0.0
2024-08-08 16:00:00-04:00,5348.25,5361.0,5347.5,5353.0,90481,0.0,0.0
2024-08-08 18:00:00-04:00,5348.25,5356.0,5345.5,5351.75,0,0.0,0.0
2024-08-08 19:00:00-04:00,5351.75,5362.75,5349.25,5357.75,11434,0.0,0.0
2024-08-08 20:00:00-04:00,5357.5,5357.5,5336.75,5344.75,17085,0.0,0.0
2024-08-08 21:00:00-04:00,5344.5,5352.75,5343.0,5348.5,9414,0.0,0.0
2024-08-08 22:00:00-04:00,5348.5,5358.75,5345.0,5357.75,6118,0.0,0.0
2024-08-08 23:00:00-04:00,5357.75,5358.75,5349.75,5354.75,5355,0.0,0.0
2024-08-09 00:00:00-04:00,5357.25,5358.0,5328.5,5333.25,11307,0.0,0.0
2024-08-09 01:00:00-04:00,5334.0,5349.5,5329.0,5346.25,10349,0.0,0.0
2024-08-09 02:00:00-04:00,5346.5,5353.75,5340.0,5350.0,8317,0.0,0.0
2024-08-09 03:00:00-04:00,5350.25,5354.25,5342.25,5352.75,16669,0.0,0.0
2024-08-09 04:00:00-04:00,5352.75,5372.0,5352.25,5369.25,23474,0.0,0.0
2024-08-09 05:00:00-04:00,5369.5,5371.0,5359.75,5365.25,16184,0.0,0.0
2024-08-09 06:00:00-04:00,5365.25,5365.5,5352.25,5355.75,11695,0.0,0.0
2024-08-09 07:00:00-04:00,5356.0,5364.5,5341.0,5348.25,21533,0.0,0.0
2024-08-09 08:00:00-04:00,5348.5,5348.75,5319.5,5331.25,43860,0.0,0.0
2024-08-09 09:00:00-04:00,5329.0,5351.0,5324.75,5332.0,174115,0.0,0.0
2024-08-09 10:00:00-04:00,5331.75,5361.5,5327.5,5355.0,221739,0.0,0.0
2024-08-09 11:00:00-04:00,5355.0,5366.5,5341.5,5343.75,140224,0.0,0.0
2024-08-09 12:00:00-04:00,5344.75,5354.5,5337.75,5354.25,100211,0.0,0.0
2024-08-09 13:00:00-04:00,5354.25,5385.25,5352.75,5366.0,137307,0.0,0.0
2024-08-09 14:00:00-04:00,5366.25,5370.0,5355.5,5364.0,119986,0.0,0.0
2024-08-09 15:00:00-04:00,5363.75,5374.0,5358.25,5368.75,192386,0.0,0.0
2024-08-09 16:00:00-04:00,5368.5,5370.25,5361.75,5365.0,44493,0.0,0.0
2024-08-11 18:00:00-04:00,5364.25,5375.5,5350.25,5365.5,14839,0.0,0.0
2024-08-11 19:00:00-04:00,5365.25,5373.0,5362.0,5370.5,5328,0.0,0.0
2024-08-11 20:00:00-04:00,5370.25,5370.75,5363.0,5364.5,5234,0.0,0.0
2024-08-11 21:00:00-04:00,5364.5,5370.25,5360.0,5366.0,5404,0.0,0.0
2024-08-11 22:00:00-04:00,5366.25,5377.5,5365.25,5374.25,4965,0.0,0.0
2024-08-11 23:00:00-04:00,5374.5,5375.75,5364.5,5368.5,4122,0.0,0.0
2024-08-12 00:00:00-04:00,5369.0,5373.5,5366.75,5372.5,2440,0.0,0.0
2024-08-12 01:00:00-04:00,5372.5,5374.75,5370.75,5373.75,2890,0.0,0.0
2024-08-12 02:00:00-04:00,5373.75,5374.75,5367.0,5370.25,4721,0.0,0.0
2024-08-12 03:00:00-04:00,5370.5,5382.5,5366.25,5381.75,13460,0.0,0.0
2024-08-12 04:00:00-04:00,5381.5,5384.0,5371.0,5372.0,7768,0.0,0.0
2024-08-12 05:00:00-04:00,5371.75,5378.5,5370.75,5375.0,7027,0.0,0.0
2024-08-12 06:00:00-04:00,5375.0,5381.75,5372.25,5380.5,5536,0.0,0.0
2024-08-12 07:00:00-04:00,5381.0,5387.5,5378.25,5385.0,11945,0.0,0.0
2024-08-12 08:00:00-04:00,5384.75,5389.5,5380.25,5382.0,13913,0.0,0.0
2024-08-12 09:00:00-04:00,5381.75,5384.5,5347.75,5352.5,144509,0.0,0.0
2024-08-12 10:00:00-04:00,5352.5,5391.5,5350.25,5391.25,175167,0.0,0.0
2024-08-12 11:00:00-04:00,5391.5,5396.75,5357.25,5387.25,200816,0.0,0.0
2024-08-12 12:00:00-04:00,5387.25,5390.25,5366.0,5366.5,114128,0.0,0.0
2024-08-12 13:00:00-04:00,5366.5,5381.25,5356.25,5362.5,113568,0.0,0.0
2024-08-12 14:00:00-04:00,5362.75,5371.25,5360.75,5370.75,74278,0.0,0.0
2024-08-12 15:00:00-04:00,5371.0,5372.75,5356.25,5371.5,180884,0.0,0.0
2024-08-12 16:00:00-04:00,5371.75,5374.0,5365.75,5367.75,51947,0.0,0.0
2024-08-12 18:00:00-04:00,5372.5,5373.75,5369.0,5370.5,0,0.0,0.0
2024-08-12 19:00:00-04:00,5370.75,5375.75,5368.75,5372.5,3719,0.0,0.0
2024-08-12 20:00:00-04:00,5372.5,5378.75,5367.5,5375.5,7373,0.0,0.0
2024-08-12 21:00:00-04:00,5375.75,5376.25,5368.5,5372.0,5729,0.0,0.0
2024-08-12 22:00:00-04:00,5372.0,5376.5,5371.75,5376.5,2931,0.0,0.0
2024-08-12 23:00:00-04:00,5376.5,5380.5,5374.5,5375.5,5797,0.0,0.0
2024-08-13 00:00:00-04:00,5376.25,5380.75,5375.5,5379.5,2308,0.0,0.0
2024-08-13 01:00:00-04:00,5379.5,5383.0,5378.25,5381.25,4652,0.0,0.0
2024-08-13 02:00:00-04:00,5381.25,5388.5,5377.25,5388.5,5784,0.0,0.0
2024-08-13 03:00:00-04:00,5388.5,5401.75,5387.25,5395.25,17563,0.0,0.0
2024-08-13 04:00:00-04:00,5395.0,5396.75,5387.25,5390.25,8830,0.0,0.0
2024-08-13 05:00:00-04:00,5390.0,5396.0,5386.0,5391.25,8132,0.0,0.0
2024-08-13 06:00:00-04:00,5391.5,5392.0,5370.25,5372.0,17815,0.0,0.0
2024-08-13 07:00:00-04:00,5372.0,5384.25,5370.5,5384.25,13767,0.0,0.0
2024-08-13 08:00:00-04:00,5384.25,5409.25,5383.5,5403.25,60494,0.0,0.0
2024-08-13 09:00:00-04:00,5403.25,5423.0,5394.25,5413.0,163170,0.0,0.0
2024-08-13 10:00:00-04:00,5415.75,5423.75,5401.5,5422.0,189349,0.0,0.0
2024-08-13 11:00:00-04:00,5421.75,5431.5,5419.75,5428.5,94045,0.0,0.0
2024-08-13 12:00:00-04:00,5428.75,5450.25,5425.75,5449.25,116575,0.0,0.0
2024-08-13 13:00:00-04:00,5449.0,5449.25,5433.25,5446.0,99355,0.0,0.0
2024-08-13 14:00:00-04:00,5446.0,5453.5,5441.25,5452.75,78719,0.0,0.0
2024-08-13 15:00:00-04:00,5453.0,5461.25,5445.0,5458.75,219791,0.0,0.0
2024-08-13 16:00:00-04:00,5458.5,5459.25,5453.0,5455.5,68568,0.0,0.0
2024-08-13 18:00:00-04:00,5457.5,5459.75,5453.0,5455.75,0,0.0,0.0
2024-08-13 19:00:00-04:00,5455.5,5459.25,5454.75,5457.75,2810,0.0,0.0
2024-08-13 20:00:00-04:00,5457.5,5459.0,5453.5,5456.5,5292,0.0,0.0
2024-08-13 21:00:00-04:00,5456.25,5462.5,5455.0,5461.0,6926,0.0,0.0
2024-08-13 22:00:00-04:00,5460.75,5461.25,5452.0,5456.25,11693,0.0,0.0
2024-08-13 23:00:00-04:00,5456.5,5459.5,5456.0,5457.5,4066,0.0,0.0
2024-08-14 00:00:00-04:00,5458.5,5460.0,5457.75,5458.25,2928,0.0,0.0
2024-08-14 01:00:00-04:00,5458.25,5462.0,5457.0,5460.75,4036,0.0,0.0
2024-08-14 02:00:00-04:00,5460.75,5463.75,5458.5,5459.75,6637,0.0,0.0
2024-08-14 03:00:00-04:00,5460.0,5462.0,5456.75,5457.5,10274,0.0,0.0
2024-08-14 04:00:00-04:00,5457.25,5460.0,5453.5,5459.25,12976,0.0,0.0
2024-08-14 05:00:00-04:00,5459.5,5461.0,5458.0,5459.0,7625,0.0,0.0
2024-08-14 06:00:00-04:00,5459.25,5463.25,5458.0,5460.25,9398,0.0,0.0
2024-08-14 07:00:00-04:00,5460.5,5461.75,5457.25,5460.5,13744,0.0,0.0
2024-08-14 08:00:00-04:00,5460.25,5473.75,5448.5,5466.5,84716,0.0,0.0
2024-08-14 09:00:00-04:00,5466.75,5470.25,5450.5,5452.5,155907,0.0,0.0
2024-08-14 10:00:00-04:00,5452.75,5462.0,5438.75,5461.0,219678,0.0,0.0
2024-08-14 11:00:00-04:00,5461.25,5486.0,5459.75,5485.0,136912,0.0,0.0
2024-08-14 12:00:00-04:00,5485.0,5487.75,5455.75,5469.0,156083,0.0,0.0
2024-08-14 13:00:00-04:00,5468.75,5474.5,5462.75,5471.0,90748,0.0,0.0
2024-08-14 14:00:00-04:00,5471.0,5481.5,5464.0,5481.0,79992,0.0,0.0
2024-08-14 15:00:00-04:00,5480.75,5484.75,5465.5,5475.25,170725,0.0,0.0
2024-08-14 16:00:00-04:00,5475.25,5485.25,5474.5,5481.5,46019,0.0,0.0
2024-08-14 18:00:00-04:00,5481.25,5482.75,5476.25,5478.75,0,0.0,0.0
2024-08-14 19:00:00-04:00,5478.75,5481.5,5472.5,5474.75,4167,0.0,0.0
2024-08-14 20:00:00-04:00,5474.5,5485.0,5474.5,5483.25,8704,0.0,0.0
2024-08-14 21:00:00-04:00,5483.5,5486.0,5481.0,5485.25,6997,0.0,0.0
2024-08-14 22:00:00-04:00,5485.5,5491.75,5484.0,5491.0,8023,0.0,0.0
2024-08-14 23:00:00-04:00,5491.0,5492.0,5488.25,5490.5,3292,0.0,0.0
2024-08-15 00:00:00-04:00,5491.0,5491.75,5489.25,5489.75,2517,0.0,0.0
2024-08-15 01:00:00-04:00,5490.0,5490.0,5483.5,5486.5,5210,0.0,0.0
2024-08-15 02:00:00-04:00,5486.75,5487.25,5480.0,5486.75,7110,0.0,0.0
2024-08-15 03:00:00-04:00,5486.75,5492.0,5484.0,5491.25,9150,0.0,0.0
2024-08-15 04:00:00-04:00,5491.25,5491.75,5478.5,5482.75,10185,0.0,0.0
2024-08-15 05:00:00-04:00,5482.75,5486.5,5482.0,5485.75,8843,0.0,0.0
2024-08-15 06:00:00-04:00,5486.0,5487.5,5475.5,5475.75,13027,0.0,0.0
2024-08-15 07:00:00-04:00,5476.0,5491.25,5471.75,5489.25,23578,0.0,0.0
2024-08-15 08:00:00-04:00,5489.5,5534.75,5485.0,5527.75,100949,0.0,0.0
2024-08-15 09:00:00-04:00,5528.25,5540.75,5523.25,5539.75,183607,0.0,0.0
2024-08-15 10:00:00-04:00,5539.75,5551.0,5526.25,5547.0,211586,0.0,0.0
2024-08-15 11:00:00-04:00,5547.25,5559.5,5545.75,5554.25,120631,0.0,0.0
2024-08-15 12:00:00-04:00,5554.0,5565.25,5550.75,5557.5,110721,0.0,0.0
2024-08-15 13:00:00-04:00,5557.75,5565.0,5552.75,5564.75,88201,0.0,0.0
2024-08-15 14:00:00-04:00,5564.75,5569.0,5562.25,5567.25,91223,0.0,0.0
2024-08-15 15:00:00-04:00,5567.0,5571.75,5557.25,5568.75,242156,0.0,0.0
2024-08-15 16:00:00-04:00,5568.75,5570.75,5563.0,5567.0,82379,0.0,0.0
2024-08-15 18:00:00-04:00,5568.5,5575.75,5565.5,5573.75,0,0.0,0.0
2024-08-15 19:00:00-04:00,5573.75,5579.0,5572.25,5574.5,8350,0.0,0.0
2024-08-15 20:00:00-04:00,5574.5,5574.75,5566.5,5571.25,13443,0.0,0.0
2024-08-15 21:00:00-04:00,5571.0,5575.25,5568.25,5573.5,10687,0.0,0.0
2024-08-15 22:00:00-04:00,5573.5,5577.75,5573.0,5574.75,5428,0.0,0.0
2024-08-15 23:00:00-04:00,5575.0,5577.75,5574.0,5576.75,4646,0.0,0.0
2024-08-16 00:00:00-04:00,5576.25,5576.5,5572.25,5574.5,3458,0.0,0.0
2024-08-16 01:00:00-04:00,5574.5,5581.75,5574.25,5580.25,4710,0.0,0.0
2024-08-16 02:00:00-04:00,5580.25,5583.25,5579.5,5580.75,6528,0.0,0.0
2024-08-16 03:00:00-04:00,5580.5,5581.5,5572.5,5574.5,14883,0.0,0.0
2024-08-16 04:00:00-04:00,5574.75,5578.5,5569.5,5573.25,11892,0.0,0.0
2024-08-16 05:00:00-04:00,5573.25,5576.5,5569.5,5570.5,20748,0.0,0.0
2024-08-16 06:00:00-04:00,5570.75,5570.75,5559.5,5564.25,23982,0.0,0.0
2024-08-16 07:00:00-04:00,5564.25,5565.25,5557.25,5557.75,20159,0.0,0.0
2024-08-16 08:00:00-04:00,5558.0,5560.75,5536.5,5542.5,59392,0.0,0.0
2024-08-16 09:00:00-04:00,5542.25,5561.75,5541.5,5557.25,172399,0.0,0.0
2024-08-16 10:00:00-04:00,5558.0,5571.75,5551.75,5557.0,160469,0.0,0.0
2024-08-16 11:00:00-04:00,5557.0,5571.0,5555.0,5569.25,96685,0.0,0.0
2024-08-16 12:00:00-04:00,5569.25,5586.25,5567.25,5584.0,95777,0.0,0.0
2024-08-16 13:00:00-04:00,5584.25,5585.0,5575.75,5581.75,74956,0.0,0.0
2024-08-16 14:00:00-04:00,5581.75,5583.25,5574.0,5581.75,65299,0.0,0.0
2024-08-16 15:00:00-04:00,5581.75,5583.25,5571.25,5578.25,141726,0.0,0.0
2024-08-16 16:00:00-04:00,5578.25,5582.25,5576.5,5580.25,41381,0.0,0.0
2024-08-18 18:00:00-04:00,5584.0,5593.75,5581.5,5585.0,13152,0.0,0.0
2024-08-18 19:00:00-04:00,5585.25,5589.5,5581.0,5585.5,7640,0.0,0.0
2024-08-18 20:00:00-04:00,5585.5,5589.75,5582.25,5587.25,9152,0.0,0.0
2024-08-18 21:00:00-04:00,5587.25,5587.75,5583.25,5587.5,4972,0.0,0.0
2024-08-18 22:00:00-04:00,5587.0,5588.75,5585.75,5587.5,3025,0.0,0.0
2024-08-18 23:00:00-04:00,5587.75,5592.0,5584.25,5585.75,5402,0.0,0.0
2024-08-19 00:00:00-04:00,5585.75,5586.25,5575.75,5579.25,6491,0.0,0.0
2024-08-19 01:00:00-04:00,5579.0,5582.0,5574.0,5575.75,7558,0.0,0.0
2024-08-19 02:00:00-04:00,5575.25,5577.5,5570.75,5571.25,8281,0.0,0.0
2024-08-19 03:00:00-04:00,5571.5,5578.75,5571.25,5575.0,8612,0.0,0.0
2024-08-19 04:00:00-04:00,5575.25,5577.5,5565.25,5577.0,12708,0.0,0.0
2024-08-19 05:00:00-04:00,5577.25,5577.75,5572.0,5576.0,8604,0.0,0.0
2024-08-19 06:00:00-04:00,5576.0,5581.0,5575.25,5575.75,8487,0.0,0.0
2024-08-19 07:00:00-04:00,5575.5,5582.0,5575.25,5579.75,7155,0.0,0.0
2024-08-19 08:00:00-04:00,5580.0,5585.0,5579.75,5583.25,12968,0.0,0.0
2024-08-19 09:00:00-04:00,5583.25,5590.0,5580.25,5584.75,106116,0.0,0.0
2024-08-19 10:00:00-04:00,5584.75,5602.25,5573.5,5600.5,163516,0.0,0.0
2024-08-19 11:00:00-04:00,5600.5,5605.5,5593.25,5597.5,101259,0.0,0.0
2024-08-19 12:00:00-04:00,5597.75,5610.25,5594.5,5608.5,69210,0.0,0.0
2024-08-19 13:00:00-04:00,5608.5,5611.0,5604.5,5610.75,53117,0.0,0.0
2024-08-19 14:00:00-04:00,5610.75,5620.25,5608.75,5617.0,76943,0.0,0.0
2024-08-19 15:00:00-04:00,5617.0,5631.25,5613.25,5630.75,172257,0.0,0.0
2024-08-19 16:00:00-04:00,5630.75,5631.75,5624.0,5630.0,65192,0.0,0.0
2024-08-19 18:00:00-04:00,5629.5,5633.25,5627.0,5630.0,0,0.0,0.0
2024-08-19 19:00:00-04:00,5630.0,5631.0,5627.75,5628.5,2608,0.0,0.0
2024-08-19 20:00:00-04:00,5628.75,5630.0,5627.5,5629.5,3314,0.0,0.0
2024-08-19 21:00:00-04:00,5629.5,5632.0,5625.75,5632.0,4897,0.0,0.0
2024-08-19 22:00:00-04:00,5632.0,5637.0,5630.75,5636.5,4925,0.0,0.0
2024-08-19 23:00:00-04:00,5636.25,5636.25,5628.75,5629.5,3584,0.0,0.0
2024-08-20 00:00:00-04:00,5630.25,5633.25,5629.25,5631.5,2621,0.0,0.0
2024-08-20 01:00:00-04:00,5631.25,5633.25,5630.25,5632.75,2554,0.0,0.0
2024-08-20 02:00:00-04:00,5632.5,5636.5,5630.25,5635.25,5209,0.0,0.0
2024-08-20 03:00:00-04:00,5635.5,5641.25,5633.5,5638.75,10997,0.0,0.0
2024-08-20 04:00:00-04:00,5638.75,5639.0,5627.0,5633.5,11830,0.0,0.0
2024-08-20 05:00:00-04:00,5633.0,5636.75,5632.0,5632.75,6318,0.0,0.0
2024-08-20 06:00:00-04:00,5632.5,5636.75,5630.25,5634.75,6764,0.0,0.0
2024-08-20 07:00:00-04:00,5634.5,5637.25,5632.0,5634.25,7826,0.0,0.0
2024-08-20 08:00:00-04:00,5634.25,5636.0,5629.0,5630.5,17563,0.0,0.0
2024-08-20 09:00:00-04:00,5630.25,5643.75,5625.5,5642.5,114199,0.0,0.0
2024-08-20 10:00:00-04:00,5642.5,5643.25,5614.25,5618.5,217476,0.0,0.0
2024-08-20 11:00:00-04:00,5618.75,5628.0,5613.0,5627.5,113939,0.0,0.0
2024-08-20 12:00:00-04:00,5627.5,5629.0,5614.75,5615.0,101172,0.0,0.0
2024-08-20 13:00:00-04:00,5615.25,5619.5,5607.75,5617.75,81000,0.0,0.0
2024-08-20 14:00:00-04:00,5617.75,5632.25,5616.5,5625.25,77938,0.0,0.0
2024-08-20 15:00:00-04:00,5625.5,5627.0,5618.5,5621.0,133224,0.0,0.0
2024-08-20 16:00:00-04:00,5621.0,5625.75,5620.0,5620.0,37935,0.0,0.0
2024-08-20 18:00:00-04:00,5619.5,5622.0,5617.75,5620.0,0,0.0,0.0
2024-08-20 19:00:00-04:00,5620.25,5622.0,5618.5,5619.75,2689,0.0,0.0
2024-08-20 20:00:00-04:00,5619.75,5627.0,5619.75,5626.0,4647,0.0,0.0
2024-08-20 21:00:00-04:00,5626.0,5626.5,5622.5,5623.25,4175,0.0,0.0
2024-08-20 22:00:00-04:00,5623.25,5625.75,5621.5,5624.75,2772,0.0,0.0
2024-08-20 23:00:00-04:00,5624.75,5628.75,5624.5,5626.25,3303,0.0,0.0
2024-08-21 00:00:00-04:00,5626.25,5629.75,5626.0,5629.5,1658,0.0,0.0
2024-08-21 01:00:00-04:00,5629.5,5630.75,5625.0,5626.25,3727,0.0,0.0
2024-08-21 02:00:00-04:00,5626.25,5627.0,5622.5,5624.0,4261,0.0,0.0
2024-08-21 03:00:00-04:00,5623.75,5626.5,5621.75,5623.25,6084,0.0,0.0
2024-08-21 04:00:00-04:00,5623.5,5626.25,5619.75,5620.0,7405,0.0,0.0
2024-08-21 05:00:00-04:00,5620.0,5623.5,5619.25,5620.75,6009,0.0,0.0
2024-08-21 06:00:00-04:00,5621.0,5630.0,5620.5,5629.5,7632,0.0,0.0
2024-08-21 07:00:00-04:00,5629.25,5631.75,5627.0,5628.75,10411,0.0,0.0
2024-08-21 08:00:00-04:00,5629.0,5633.75,5627.0,5629.25,14101,0.0,0.0
2024-08-21 09:00:00-04:00,5629.5,5638.25,5627.5,5637.25,105664,0.0,0.0
2024-08-21 10:00:00-04:00,5637.25,5655.25,5619.5,5626.25,243224,0.0,0.0
2024-08-21 11:00:00-04:00,5625.75,5637.25,5619.25,5622.75,121471,0.0,0.0
2024-08-21 12:00:00-04:00,5622.5,5637.0,5613.5,5635.0,91885,0.0,0.0
2024-08-21 13:00:00-04:00,5635.25,5639.5,5632.5,5637.5,52554,0.0,0.0
2024-08-21 14:00:00-04:00,5637.75,5651.0,5635.25,5641.5,118584,0.0,0.0
2024-08-21 15:00:00-04:00,5641.25,5644.0,5626.0,5640.25,158974,0.0,0.0
2024-08-21 16:00:00-04:00,5640.0,5644.5,5635.5,5641.5,38859,0.0,0.0
2024-08-21 18:00:00-04:00,5642.0,5646.25,5640.25,5644.25,0,0.0,0.0
2024-08-21 19:00:00-04:00,5644.25,5645.5,5642.25,5645.25,2164,0.0,0.0
2024-08-21 20:00:00-04:00,5645.0,5647.25,5644.0,5644.5,3030,0.0,0.0
2024-08-21 21:00:00-04:00,5644.5,5645.0,5642.0,5644.0,2395,0.0,0.0
2024-08-21 22:00:00-04:00,5643.75,5643.75,5634.25,5635.0,5203,0.0,0.0
2024-08-21 23:00:00-04:00,5635.25,5635.5,5631.5,5633.0,3833,0.0,0.0
2024-08-22 00:00:00-04:00,5635.25,5636.5,5632.75,5636.5,2615,0.0,0.0
2024-08-22 01:00:00-04:00,5636.5,5638.5,5636.0,5637.5,2398,0.0,0.0
2024-08-22 02:00:00-04:00,5637.5,5642.5,5636.5,5642.0,3806,0.0,0.0
2024-08-22 03:00:00-04:00,5642.0,5645.5,5640.25,5644.0,7296,0.0,0.0
2024-08-22 04:00:00-04:00,5643.75,5647.0,5641.25,5645.5,5658,0.0,0.0
2024-08-22 05:00:00-04:00,5645.5,5649.25,5643.75,5644.25,4593,0.0,0.0
2024-08-22 06:00:00-04:00,5644.25,5650.25,5643.75,5650.0,5477,0.0,0.0
2024-08-22 07:00:00-04:00,5649.75,5655.0,5649.25,5653.75,11547,0.0,0.0
2024-08-22 08:00:00-04:00,5653.5,5656.25,5645.5,5655.25,22872,0.0,0.0
2024-08-22 09:00:00-04:00,5655.25,5665.25,5648.75,5656.0,129041,0.0,0.0
2024-08-22 10:00:00-04:00,5656.5,5657.75,5634.25,5638.0,175643,0.0,0.0
2024-08-22 11:00:00-04:00,5638.0,5645.25,5603.25,5610.0,194632,0.0,0.0
2024-08-22 12:00:00-04:00,5610.0,5633.5,5605.25,5608.75,157811,0.0,0.0
2024-08-22 13:00:00-04:00,5608.75,5617.0,5584.75,5586.75,155251,0.0,0.0
2024-08-22 14:00:00-04:00,5588.75,5605.75,5585.0,5592.5,126963,0.0,0.0
2024-08-22 15:00:00-04:00,5592.75,5604.75,5582.75,5595.0,247687,0.0,0.0
2024-08-22 16:00:00-04:00,5595.25,5602.25,5590.25,5598.5,61845,0.0,0.0
2024-08-22 18:00:00-04:00,5597.75,5604.25,5597.75,5603.5,0,0.0,0.0
2024-08-22 19:00:00-04:00,5603.5,5604.75,5601.5,5604.5,2605,0.0,0.0
2024-08-22 20:00:00-04:00,5604.75,5607.25,5602.75,5603.75,5613,0.0,0.0
2024-08-22 21:00:00-04:00,5603.75,5607.5,5603.0,5605.0,4245,0.0,0.0
2024-08-22 22:00:00-04:00,5605.25,5608.5,5604.0,5607.75,3356,0.0,0.0
2024-08-22 23:00:00-04:00,5608.0,5612.5,5607.5,5610.0,3428,0.0,0.0
2024-08-23 00:00:00-04:00,5612.5,5613.75,5611.5,5612.25,2764,0.0,0.0
2024-08-23 01:00:00-04:00,5612.25,5615.0,5611.75,5612.75,3026,0.0,0.0
2024-08-23 02:00:00-04:00,5613.0,5614.75,5612.0,5613.25,3978,0.0,0.0
2024-08-23 03:00:00-04:00,5613.5,5616.25,5610.75,5611.0,7504,0.0,0.0
2024-08-23 04:00:00-04:00,5611.0,5618.5,5610.0,5618.25,9051,0.0,0.0
2024-08-23 05:00:00-04:00,5618.5,5620.0,5614.5,5619.5,7699,0.0,0.0
2024-08-23 06:00:00-04:00,5619.5,5627.75,5618.25,5625.0,11256,0.0,0.0
2024-08-23 07:00:00-04:00,5624.75,5625.75,5621.25,5624.75,9335,0.0,0.0
2024-08-23 08:00:00-04:00,5624.75,5629.0,5621.25,5628.5,16351,0.0,0.0
2024-08-23 09:00:00-04:00,5628.25,5630.25,5618.75,5628.25,104651,0.0,0.0
2024-08-23 10:00:00-04:00,5628.25,5662.25,5614.25,5636.0,381231,0.0,0.0
2024-08-23 11:00:00-04:00,5636.0,5656.0,5625.75,5630.5,211924,0.0,0.0
2024-08-23 12:00:00-04:00,5630.5,5632.25,5603.0,5623.25,174536,0.0,0.0
2024-08-23 13:00:00-04:00,5623.25,5640.75,5620.0,5634.5,86827,0.0,0.0
2024-08-23 14:00:00-04:00,5634.75,5642.75,5632.5,5638.5,67021,0.0,0.0
2024-08-23 15:00:00-04:00,5638.5,5657.75,5632.25,5651.25,187310,0.0,0.0
2024-08-23 16:00:00-04:00,5651.25,5655.5,5648.5,5650.75,45337,0.0,0.0
2024-08-25 18:00:00-04:00,5650.5,5659.25,5642.5,5643.0,9634,0.0,0.0
2024-08-25 19:00:00-04:00,5643.25,5646.75,5640.25,5646.5,6780,0.0,0.0
2024-08-25 20:00:00-04:00,5646.5,5656.5,5643.75,5655.0,8654,0.0,0.0
2024-08-25 21:00:00-04:00,5655.0,5659.5,5652.25,5652.75,5970,0.0,0.0
2024-08-25 22:00:00-04:00,5652.75,5653.75,5649.25,5650.0,3086,0.0,0.0
2024-08-25 23:00:00-04:00,5649.75,5652.75,5644.25,5645.75,3930,0.0,0.0
2024-08-26 00:00:00-04:00,5645.75,5649.5,5645.5,5648.5,1756,0.0,0.0
2024-08-26 01:00:00-04:00,5648.25,5652.25,5646.25,5650.25,3232,0.0,0.0
2024-08-26 02:00:00-04:00,5650.25,5654.5,5650.25,5650.75,3894,0.0,0.0
2024-08-26 03:00:00-04:00,5651.0,5659.0,5650.25,5658.25,9009,0.0,0.0
2024-08-26 04:00:00-04:00,5658.25,5664.5,5656.0,5663.5,7765,0.0,0.0
2024-08-26 05:00:00-04:00,5663.5,5663.75,5659.25,5662.25,4578,0.0,0.0
2024-08-26 06:00:00-04:00,5662.25,5663.75,5658.5,5662.25,7164,0.0,0.0
2024-08-26 07:00:00-04:00,5662.25,5664.25,5652.25,5659.25,12162,0.0,0.0
2024-08-26 08:00:00-04:00,5659.0,5662.25,5655.0,5661.75,14538,0.0,0.0
2024-08-26 09:00:00-04:00,5661.5,5669.0,5656.5,5660.0,128487,0.0,0.0
2024-08-26 10:00:00-04:00,5660.0,5661.75,5631.0,5640.75,206179,0.0,0.0
2024-08-26 11:00:00-04:00,5640.5,5642.75,5627.0,5629.0,129585,0.0,0.0
2024-08-26 12:00:00-04:00,5629.0,5646.25,5626.5,5644.5,93959,0.0,0.0
2024-08-26 13:00:00-04:00,5644.5,5646.5,5621.25,5624.5,107711,0.0,0.0
2024-08-26 14:00:00-04:00,5624.5,5638.75,5619.75,5638.0,108601,0.0,0.0
2024-08-26 15:00:00-04:00,5637.75,5638.5,5628.25,5637.25,139566,0.0,0.0
2024-08-26 16:00:00-04:00,5637.25,5638.0,5627.75,5629.5,43402,0.0,0.0
2024-08-26 18:00:00-04:00,5630.0,5633.5,5623.25,5626.25,0,0.0,0.0
2024-08-26 19:00:00-04:00,5626.25,5633.5,5625.75,5632.0,3499,0.0,0.0
2024-08-26 20:00:00-04:00,5632.0,5636.0,5627.25,5628.5,5943,0.0,0.0
2024-08-26 21:00:00-04:00,5628.5,5632.25,5626.0,5631.25,4998,0.0,0.0
2024-08-26 22:00:00-04:00,5631.5,5636.5,5630.5,5634.5,3402,0.0,0.0
2024-08-26 23:00:00-04:00,5634.5,5636.0,5633.25,5634.75,2030,0.0,0.0
2024-08-27 00:00:00-04:00,5632.75,5636.5,5632.75,5636.0,1987,0.0,0.0
2024-08-27 01:00:00-04:00,5636.0,5638.75,5635.75,5638.5,2696,0.0,0.0
2024-08-27 02:00:00-04:00,5637.0,5639.0,5635.0,5637.5,3254,0.0,0.0
2024-08-27 03:00:00-04:00,5637.5,5640.0,5633.5,5639.75,7957,0.0,0.0
2024-08-27 04:00:00-04:00,5639.75,5645.75,5639.25,5641.25,9818,0.0,0.0
2024-08-27 05:00:00-04:00,5641.25,5645.5,5640.25,5641.25,4572,0.0,0.0
2024-08-27 06:00:00-04:00,5641.0,5642.0,5627.75,5629.75,9426,0.0,0.0
2024-08-27 07:00:00-04:00,5629.75,5640.25,5627.5,5635.5,13295,0.0,0.0
2024-08-27 08:00:00-04:00,5635.75,5635.75,5616.75,5620.75,29893,0.0,0.0
2024-08-27 09:00:00-04:00,5620.75,5631.25,5611.5,5627.0,153522,0.0,0.0
2024-08-27 10:00:00-04:00,5627.0,5646.0,5624.25,5645.0,176918,0.0,0.0
2024-08-27 11:00:00-04:00,5644.75,5649.5,5626.75,5635.5,154895,0.0,0.0
2024-08-27 12:00:00-04:00,5635.25,5640.5,5627.0,5636.75,77786,0.0,0.0
2024-08-27 13:00:00-04:00,5636.5,5649.0,5636.5,5648.0,78704,0.0,0.0
2024-08-27 14:00:00-04:00,5648.0,5649.25,5642.0,5644.5,60824,0.0,0.0
2024-08-27 15:00:00-04:00,5644.5,5647.25,5640.0,5643.75,129910,0.0,0.0
2024-08-27 16:00:00-04:00,5644.0,5647.0,5641.25,5643.0,34050,0.0,0.0
2024-08-27 18:00:00-04:00,5643.75,5645.25,5633.0,5636.0,0,0.0,0.0
2024-08-27 19:00:00-04:00,5636.0,5639.25,5630.5,5635.75,4581,0.0,0.0
2024-08-27 20:00:00-04:00,5635.75,5638.75,5634.25,5638.25,3414,0.0,0.0
2024-08-27 21:00:00-04:00,5638.5,5640.25,5635.0,5639.5,3811,0.0,0.0
2024-08-27 22:00:00-04:00,5639.25,5643.5,5637.75,5642.25,3142,0.0,0.0
2024-08-27 23:00:00-04:00,5642.0,5643.0,5641.0,5642.5,1712,0.0,0.0
2024-08-28 00:00:00-04:00,5642.25,5645.25,5642.25,5644.0,1442,0.0,0.0
2024-08-28 01:00:00-04:00,5644.0,5644.75,5642.25,5644.25,2160,0.0,0.0
2024-08-28 02:00:00-04:00,5644.25,5646.5,5643.0,5645.5,3575,0.0,0.0
2024-08-28 03:00:00-04:00,5645.75,5646.0,5641.75,5645.0,7082,0.0,0.0
2024-08-28 04:00:00-04:00,5645.0,5650.25,5641.75,5649.5,10212,0.0,0.0
2024-08-28 05:00:00-04:00,5649.5,5650.5,5646.25,5648.25,5428,0.0,0.0
2024-08-28 06:00:00-04:00,5648.25,5648.75,5645.5,5646.0,6535,0.0,0.0
2024-08-28 07:00:00-04:00,5646.0,5646.75,5637.25,5638.75,10306,0.0,0.0
2024-08-28 08:00:00-04:00,5638.75,5643.0,5636.0,5642.5,18369,0.0,0.0
2024-08-28 09:00:00-04:00,5642.5,5644.5,5633.75,5638.5,124633,0.0,0.0
2024-08-28 10:00:00-04:00,5638.25,5640.75,5622.0,5624.25,165634,0.0,0.0
2024-08-28 11:00:00-04:00,5624.0,5624.25,5604.0,5612.0,204500,0.0,0.0
2024-08-28 12:00:00-04:00,5612.0,5614.25,5596.0,5613.0,107249,0.0,0.0
2024-08-28 13:00:00-04:00,5613.0,5616.25,5579.25,5580.75,130327,0.0,0.0
2024-08-28 14:00:00-04:00,5580.75,5609.25,5577.5,5608.0,143812,0.0,0.0
2024-08-28 15:00:00-04:00,5607.75,5621.5,5599.0,5611.5,214480,0.0,0.0
2024-08-28 16:00:00-04:00,5611.5,5616.25,5576.0,5610.25,135076,0.0,0.0
2024-08-28 18:00:00-04:00,5580.5,5587.0,5561.25,5570.25,0,0.0,0.0
2024-08-28 19:00:00-04:00,5570.5,5573.5,5567.5,5572.0,5599,0.0,0.0
2024-08-28 20:00:00-04:00,5572.0,5584.75,5571.5,5582.75,9115,0.0,0.0
2024-08-28 21:00:00-04:00,5582.75,5584.25,5577.5,5580.25,6273,0.0,0.0
2024-08-28 22:00:00-04:00,5580.5,5589.25,5579.0,5588.25,4374,0.0,0.0
2024-08-28 23:00:00-04:00,5588.25,5590.5,5587.25,5589.0,3697,0.0,0.0
2024-08-29 00:00:00-04:00,5589.5,5592.75,5589.25,5592.5,3355,0.0,0.0
2024-08-29 01:00:00-04:00,5592.5,5598.5,5590.75,5597.25,6806,0.0,0.0
2024-08-29 02:00:00-04:00,5597.25,5602.75,5593.75,5602.0,9974,0.0,0.0
2024-08-29 03:00:00-04:00,5602.0,5611.0,5601.5,5607.75,14102,0.0,0.0
2024-08-29 04:00:00-04:00,5607.75,5615.75,5605.25,5613.5,19152,0.0,0.0
2024-08-29 05:00:00-04:00,5613.5,5627.75,5612.75,5625.5,16234,0.0,0.0
2024-08-29 06:00:00-04:00,5625.75,5629.75,5617.0,5620.0,14071,0.0,0.0
2024-08-29 07:00:00-04:00,5619.75,5629.5,5615.0,5624.25,18412,0.0,0.0
2024-08-29 08:00:00-04:00,5624.25,5635.75,5621.0,5625.0,40735,0.0,0.0
2024-08-29 09:00:00-04:00,5625.0,5639.75,5620.5,5638.25,184447,0.0,0.0
2024-08-29 10:00:00-04:00,5638.0,5655.0,5628.0,5648.0,225802,0.0,0.0
2024-08-29 11:00:00-04:00,5647.75,5659.25,5641.75,5651.75,150653,0.0,0.0
2024-08-29 12:00:00-04:00,5652.0,5663.75,5651.25,5658.25,122206,0.0,0.0
2024-08-29 13:00:00-04:00,5658.25,5658.25,5646.5,5655.5,99652,0.0,0.0
2024-08-29 14:00:00-04:00,5655.25,5655.25,5598.0,5611.5,256824,0.0,0.0
2024-08-29 15:00:00-04:00,5611.5,5626.5,5601.75,5610.25,227097,0.0,0.0
2024-08-29 16:00:00-04:00,5610.25,5620.75,5609.75,5618.0,56588,0.0,0.0
2024-08-29 18:00:00-04:00,5618.5,5621.75,5612.0,5615.75,0,0.0,0.0
2024-08-29 19:00:00-04:00,5615.5,5618.25,5613.75,5615.0,2194,0.0,0.0
2024-08-29 20:00:00-04:00,5615.0,5619.5,5608.25,5617.75,6716,0.0,0.0
2024-08-29 21:00:00-04:00,5618.0,5620.75,5614.5,5616.75,4456,0.0,0.0
2024-08-29 22:00:00-04:00,5616.75,5623.5,5616.25,5623.0,3891,0.0,0.0
2024-08-29 23:00:00-04:00,5623.0,5623.5,5615.75,5619.75,3376,0.0,0.0
2024-08-30 00:00:00-04:00,5618.25,5622.0,5616.75,5621.5,2826,0.0,0.0
2024-08-30 01:00:00-04:00,5621.25,5624.5,5619.0,5620.25,5386,0.0,0.0
2024-08-30 02:00:00-04:00,5620.75,5625.5,5619.75,5621.5,8632,0.0,0.0
2024-08-30 03:00:00-04:00,5621.5,5634.5,5620.25,5631.5,13528,0.0,0.0
2024-08-30 04:00:00-04:00,5631.25,5635.0,5629.5,5632.0,9673,0.0,0.0
2024-08-30 05:00:00-04:00,5631.75,5633.75,5629.75,5633.75,5248,0.0,0.0
2024-08-30 06:00:00-04:00,5633.75,5636.75,5626.5,5636.5,8246,0.0,0.0
2024-08-30 07:00:00-04:00,5636.25,5637.25,5628.5,5632.0,10306,0.0,0.0
2024-08-30 08:00:00-04:00,5632.25,5639.75,5625.75,5627.5,33499,0.0,0.0
2024-08-30 09:00:00-04:00,5627.75,5642.75,5625.5,5640.75,146407,0.0,0.0
2024-08-30 10:00:00-04:00,5640.5,5646.0,5622.25,5623.0,190529,0.0,0.0
2024-08-30 11:00:00-04:00,5623.0,5628.25,5604.25,5614.5,202319,0.0,0.0
2024-08-30 12:00:00-04:00,5614.5,5619.75,5594.25,5614.25,156314,0.0,0.0
2024-08-30 13:00:00-04:00,5614.0,5620.25,5608.75,5611.5,102837,0.0,0.0
2024-08-30 14:00:00-04:00,5611.75,5632.5,5608.75,5630.0,119232,0.0,0.0
2024-08-30 15:00:00-04:00,5630.0,5665.0,5624.5,5658.25,337524,0.0,0.0
2024-08-30 16:00:00-04:00,5658.25,5661.5,5653.25,5655.75,85714,0.0,0.0
2024-09-01 18:00:00-04:00,5656.25,5660.5,5652.0,5653.25,3993,0.0,0.0
2024-09-01 19:00:00-04:00,5653.25,5655.5,5652.0,5653.0,2370,0.0,0.0
2024-09-01 20:00:00-04:00,5653.0,5658.5,5651.75,5656.25,3417,0.0,0.0
2024-09-01 21:00:00-04:00,5656.25,5660.0,5656.25,5659.5,2959,0.0,0.0
2024-09-01 22:00:00-04:00,5659.0,5659.0,5653.25,5654.5,3496,0.0,0.0
2024-09-01 23:00:00-04:00,5654.25,5654.5,5650.0,5653.0,2613,0.0,0.0
2024-09-03 00:00:00-04:00,5653.0,5653.25,5650.5,5651.5,2206,0.0,0.0
2024-09-03 01:00:00-04:00,5651.5,5655.5,5651.5,5655.5,4796,0.0,0.0
2024-09-03 02:00:00-04:00,5655.5,5657.0,5646.75,5655.5,6975,0.0,0.0
2024-09-03 03:00:00-04:00,5655.25,5666.25,5655.25,5662.25,10852,0.0,0.0
2024-09-03 04:00:00-04:00,5662.5,5664.5,5639.25,5639.5,17196,0.0,0.0
2024-09-03 05:00:00-04:00,5639.5,5642.5,5628.0,5629.75,28164,0.0,0.0
2024-09-03 06:00:00-04:00,5629.75,5636.25,5626.5,5634.25,17873,0.0,0.0
2024-09-03 07:00:00-04:00,5634.75,5636.0,5627.25,5632.25,18052,0.0,0.0
2024-09-03 08:00:00-04:00,5632.25,5636.75,5627.75,5628.25,24528,0.0,0.0
2024-09-03 09:00:00-04:00,5628.0,5633.0,5603.0,5612.25,207888,0.0,0.0
2024-09-03 10:00:00-04:00,5612.0,5612.0,5572.5,5575.25,295793,0.0,0.0
2024-09-03 11:00:00-04:00,5575.25,5591.75,5573.25,5577.75,179409,0.0,0.0
2024-09-03 12:00:00-04:00,5577.75,5587.25,5569.0,5570.5,128815,0.0,0.0
2024-09-03 13:00:00-04:00,5570.5,5580.5,5564.0,5564.75,118996,0.0,0.0
2024-09-03 14:00:00-04:00,5564.75,5565.75,5546.5,5548.25,155840,0.0,0.0
2024-09-03 15:00:00-04:00,5548.0,5553.25,5516.75,5543.25,374003,0.0,0.0
2024-09-03 16:00:00-04:00,5543.25,5547.0,5532.25,5538.5,84763,0.0,0.0
2024-09-03 18:00:00-04:00,5538.5,5541.0,5529.5,5534.25,0,0.0,0.0
2024-09-03 19:00:00-04:00,5534.25,5537.0,5527.75,5532.75,7630,0.0,0.0
2024-09-03 20:00:00-04:00,5532.5,5538.5,5508.75,5510.75,23666,0.0,0.0
2024-09-03 21:00:00-04:00,5510.75,5527.25,5507.5,5519.25,23803,0.0,0.0
2024-09-03 22:00:00-04:00,5519.0,5526.0,5515.25,5518.5,12350,0.0,0.0
2024-09-03 23:00:00-04:00,5518.5,5522.5,5511.5,5514.75,7987,0.0,0.0
2024-09-04 00:00:00-04:00,5519.75,5520.5,5510.5,5511.5,6362,0.0,0.0
2024-09-04 01:00:00-04:00,5511.5,5515.75,5508.25,5510.25,12596,0.0,0.0
2024-09-04 02:00:00-04:00,5510.25,5519.75,5508.0,5508.0,21007,0.0,0.0
2024-09-04 03:00:00-04:00,5508.25,5525.75,5506.75,5522.75,32638,0.0,0.0
2024-09-04 04:00:00-04:00,5522.5,5529.5,5519.0,5522.5,25115,0.0,0.0
2024-09-04 05:00:00-04:00,5522.5,5530.5,5520.5,5525.5,13631,0.0,0.0
2024-09-04 06:00:00-04:00,5525.75,5527.5,5517.75,5518.5,14920,0.0,0.0
2024-09-04 07:00:00-04:00,5518.25,5525.0,5515.5,5519.25,22391,0.0,0.0
2024-09-04 08:00:00-04:00,5519.5,5529.0,5516.75,5526.75,31364,0.0,0.0
2024-09-04 09:00:00-04:00,5526.5,5546.5,5520.75,5545.5,204768,0.0,0.0
2024-09-04 10:00:00-04:00,5545.5,5560.75,5521.0,5560.25,331212,0.0,0.0
2024-09-04 11:00:00-04:00,5560.25,5565.0,5533.75,5538.75,188344,0.0,0.0
2024-09-04 12:00:00-04:00,5538.75,5551.5,5531.25,5543.75,127798,0.0,0.0
2024-09-04 13:00:00-04:00,5543.5,5543.75,5527.25,5530.0,100155,0.0,0.0
2024-09-04 14:00:00-04:00,5530.25,5538.0,5520.5,5521.0,144803,0.0,0.0
2024-09-04 15:00:00-04:00,5521.0,5540.0,5515.0,5528.0,266839,0.0,0.0
2024-09-04 16:00:00-04:00,5528.0,5528.75,5518.25,5527.25,70205,0.0,0.0
2024-09-04 18:00:00-04:00,5527.5,5532.5,5527.25,5530.25,0,0.0,0.0
2024-09-04 19:00:00-04:00,5530.25,5530.75,5515.0,5523.25,7144,0.0,0.0
2024-09-04 20:00:00-04:00,5523.25,5537.75,5522.75,5534.5,10973,0.0,0.0
2024-09-04 21:00:00-04:00,5534.5,5537.75,5531.5,5534.25,5206,0.0,0.0
2024-09-04 22:00:00-04:00,5534.25,5535.25,5528.25,5532.25,4953,0.0,0.0
2024-09-04 23:00:00-04:00,5532.0,5532.75,5520.75,5521.25,8395,0.0,0.0
2024-09-05 00:00:00-04:00,5523.25,5525.0,5521.0,5523.0,4998,0.0,0.0
2024-09-05 01:00:00-04:00,5523.0,5530.0,5518.75,5527.0,7905,0.0,0.0
2024-09-05 02:00:00-04:00,5526.75,5529.75,5518.0,5519.5,9143,0.0,0.0
2024-09-05 03:00:00-04:00,5519.75,5540.0,5517.0,5539.5,23858,0.0,0.0
2024-09-05 04:00:00-04:00,5539.25,5539.75,5534.25,5536.25,11256,0.0,0.0
2024-09-05 05:00:00-04:00,5536.0,5536.25,5523.5,5530.25,14164,0.0,0.0
2024-09-05 06:00:00-04:00,5530.0,5534.25,5527.25,5533.5,10786,0.0,0.0
2024-09-05 07:00:00-04:00,5533.25,5537.25,5525.25,5527.0,16534,0.0,0.0
2024-09-05 08:00:00-04:00,5526.75,5533.75,5512.0,5523.0,69651,0.0,0.0
2024-09-05 09:00:00-04:00,5523.0,5542.25,5521.5,5539.25,172481,0.0,0.0
2024-09-05 10:00:00-04:00,5538.5,5557.25,5522.75,5523.0,283927,0.0,0.0
2024-09-05 11:00:00-04:00,5523.25,5525.0,5492.5,5494.0,272938,0.0,0.0
2024-09-05 12:00:00-04:00,5494.0,5512.25,5490.0,5506.5,144590,0.0,0.0
2024-09-05 13:00:00-04:00,5506.5,5526.75,5496.5,5526.25,140864,0.0,0.0
2024-09-05 14:00:00-04:00,5526.25,5531.25,5518.0,5521.0,133308,0.0,0.0
2024-09-05 15:00:00-04:00,5521.0,5522.25,5500.0,5515.0,251629,0.0,0.0
2024-09-05 16:00:00-04:00,5514.75,5523.0,5508.75,5511.5,74399,0.0,0.0
2024-09-05 18:00:00-04:00,5513.0,5513.75,5506.25,5510.25,0,0.0,0.0
2024-09-05 19:00:00-04:00,5510.5,5510.75,5505.25,5510.0,3447,0.0,0.0
2024-09-05 20:00:00-04:00,5510.0,5510.75,5496.0,5496.25,11784,0.0,0.0
2024-09-05 21:00:00-04:00,5496.5,5507.5,5488.5,5506.5,18669,0.0,0.0
2024-09-05 22:00:00-04:00,5506.25,5509.5,5505.0,5508.25,5206,0.0,0.0
2024-09-05 23:00:00-04:00,5508.5,5511.0,5503.5,5505.0,5908,0.0,0.0
2024-09-06 00:00:00-04:00,5503.5,5508.75,5503.25,5507.75,3572,0.0,0.0
2024-09-06 01:00:00-04:00,5507.75,5507.75,5495.5,5504.0,6842,0.0,0.0
2024-09-06 02:00:00-04:00,5504.0,5506.5,5495.0,5497.25,10036,0.0,0.0
2024-09-06 03:00:00-04:00,5497.5,5497.5,5466.5,5478.75,47328,0.0,0.0
2024-09-06 04:00:00-04:00,5478.75,5482.75,5470.0,5474.25,27389,0.0,0.0
2024-09-06 05:00:00-04:00,5474.0,5481.0,5469.0,5479.25,19613,0.0,0.0
2024-09-06 06:00:00-04:00,5479.25,5480.5,5473.0,5475.5,14807,0.0,0.0
2024-09-06 07:00:00-04:00,5475.5,5484.5,5475.25,5483.75,24890,0.0,0.0
2024-09-06 08:00:00-04:00,5483.75,5520.0,5470.0,5513.75,138282,0.0,0.0
2024-09-06 09:00:00-04:00,5513.75,5532.5,5494.75,5495.25,266395,0.0,0.0
2024-09-06 10:00:00-04:00,5495.75,5499.25,5432.5,5438.5,419989,0.0,0.0
2024-09-06 11:00:00-04:00,5438.75,5469.5,5418.5,5421.75,410718,0.0,0.0
2024-09-06 12:00:00-04:00,5421.75,5428.0,5412.5,5417.0,171802,0.0,0.0
2024-09-06 13:00:00-04:00,5417.25,5436.0,5414.5,5422.0,142597,0.0,0.0
2024-09-06 14:00:00-04:00,5422.0,5424.5,5410.25,5420.25,117569,0.0,0.0
2024-09-06 15:00:00-04:00,5420.5,5434.75,5412.5,5420.5,308408,0.0,0.0
2024-09-06 16:00:00-04:00,5420.75,5421.0,5394.0,5400.5,99329,0.0,0.0
2024-09-08 18:00:00-04:00,5410.0,5416.5,5405.25,5413.0,15867,0.0,0.0
2024-09-08 19:00:00-04:00,5412.75,5420.5,5408.0,5417.75,10103,0.0,0.0
2024-09-08 20:00:00-04:00,5418.0,5429.0,5417.25,5424.75,14390,0.0,0.0
2024-09-08 21:00:00-04:00,5424.5,5433.0,5424.5,5430.75,12754,0.0,0.0
2024-09-08 22:00:00-04:00,5430.5,5433.5,5428.75,5431.75,6897,0.0,0.0
2024-09-08 23:00:00-04:00,5431.75,5435.75,5431.75,5435.0,7446,0.0,0.0
2024-09-09 00:00:00-04:00,5435.5,5445.0,5435.25,5441.75,9485,0.0,0.0
2024-09-09 01:00:00-04:00,5441.75,5442.0,5436.25,5438.5,8877,0.0,0.0
2024-09-09 02:00:00-04:00,5438.5,5444.0,5437.5,5442.75,9475,0.0,0.0
2024-09-09 03:00:00-04:00,5443.0,5454.5,5442.5,5454.0,23239,0.0,0.0
2024-09-09 04:00:00-04:00,5454.0,5454.25,5446.5,5451.75,20254,0.0,0.0
2024-09-09 05:00:00-04:00,5451.75,5459.0,5450.5,5458.5,20977,0.0,0.0
2024-09-09 06:00:00-04:00,5458.75,5463.75,5455.0,5457.0,20275,0.0,0.0
2024-09-09 07:00:00-04:00,5457.0,5464.25,5453.5,5455.75,19764,0.0,0.0
2024-09-09 08:00:00-04:00,5455.75,5457.5,5447.25,5456.25,24739,0.0,0.0
2024-09-09 09:00:00-04:00,5456.25,5470.75,5454.0,5468.75,197329,0.0,0.0
2024-09-09 10:00:00-04:00,5468.75,5479.75,5449.0,5449.0,250586,0.0,0.0
2024-09-09 11:00:00-04:00,5448.75,5475.75,5442.5,5475.75,163737,0.0,0.0
2024-09-09 12:00:00-04:00,5478.25,5492.5,5475.75,5490.75,129834,0.0,0.0
2024-09-09 13:00:00-04:00,5490.75,5493.0,5471.5,5473.25,118425,0.0,0.0
2024-09-09 14:00:00-04:00,5473.5,5474.25,5457.25,5466.75,149031,0.0,0.0
2024-09-09 15:00:00-04:00,5466.5,5480.75,5460.0,5479.5,239095,0.0,0.0
2024-09-09 16:00:00-04:00,5479.5,5490.25,5477.5,5487.5,66828,0.0,0.0
2024-09-09 18:00:00-04:00,5488.25,5491.5,5483.25,5483.5,0,0.0,0.0
2024-09-09 19:00:00-04:00,5483.75,5489.5,5483.5,5486.75,6702,0.0,0.0
2024-09-09 20:00:00-04:00,5486.5,5487.0,5473.75,5481.5,12698,0.0,0.0
2024-09-09 21:00:00-04:00,5481.25,5483.25,5477.0,5482.75,7406,0.0,0.0
2024-09-09 22:00:00-04:00,5482.75,5482.75,5475.25,5479.5,4447,0.0,0.0
2024-09-09 23:00:00-04:00,5479.5,5479.75,5474.25,5476.75,4514,0.0,0.0
2024-09-10 00:00:00-04:00,5477.75,5478.0,5468.75,5470.0,5115,0.0,0.0
2024-09-10 01:00:00-04:00,5470.25,5474.75,5468.75,5471.0,8735,0.0,0.0
2024-09-10 02:00:00-04:00,5471.25,5473.75,5466.5,5472.5,7235,0.0,0.0
2024-09-10 03:00:00-04:00,5472.75,5485.75,5468.0,5485.0,14610,0.0,0.0
2024-09-10 04:00:00-04:00,5485.25,5487.75,5474.5,5475.75,12026,0.0,0.0
2024-09-10 05:00:00-04:00,5475.5,5477.25,5462.5,5474.5,23300,0.0,0.0
2024-09-10 06:00:00-04:00,5474.5,5482.5,5468.25,5474.75,23135,0.0,0.0
2024-09-10 07:00:00-04:00,5474.5,5485.0,5474.25,5483.0,19411,0.0,0.0
2024-09-10 08:00:00-04:00,5483.0,5497.5,5482.25,5495.5,38604,0.0,0.0
2024-09-10 09:00:00-04:00,5496.25,5501.25,5491.25,5493.5,157519,0.0,0.0
2024-09-10 10:00:00-04:00,5493.75,5496.0,5470.25,5479.75,248406,0.0,0.0
2024-09-10 11:00:00-04:00,5480.0,5492.0,5455.5,5456.25,188423,0.0,0.0
2024-09-10 12:00:00-04:00,5456.25,5473.0,5449.25,5466.25,176116,0.0,0.0
2024-09-10 13:00:00-04:00,5466.0,5486.5,5464.75,5484.5,128146,0.0,0.0
2024-09-10 14:00:00-04:00,5484.5,5498.0,5484.5,5496.75,121991,0.0,0.0
2024-09-10 15:00:00-04:00,5497.0,5504.25,5494.25,5504.25,172795,0.0,0.0
2024-09-10 16:00:00-04:00,5500.25,5502.25,5495.75,5499.5,92659,0.0,0.0
2024-09-10 18:00:00-04:00,5499.25,5500.0,5496.75,5499.5,0,0.0,0.0
2024-09-10 19:00:00-04:00,5499.25,5501.75,5495.0,5497.25,3304,0.0,0.0
2024-09-10 20:00:00-04:00,5497.5,5498.75,5490.25,5492.25,6226,0.0,0.0
2024-09-10 21:00:00-04:00,5492.5,5495.0,5478.75,5484.0,19364,0.0,0.0
2024-09-10 22:00:00-04:00,5484.25,5487.25,5481.25,5485.0,11688,0.0,0.0
2024-09-10 23:00:00-04:00,5485.0,5486.5,5475.0,5478.0,10780,0.0,0.0
2024-09-11 00:00:00-04:00,5476.25,5477.75,5473.75,5475.75,5303,0.0,0.0
2024-09-11 01:00:00-04:00,5475.75,5479.0,5471.0,5478.5,8928,0.0,0.0
2024-09-11 02:00:00-04:00,5478.25,5489.75,5477.0,5486.75,11234,0.0,0.0
2024-09-11 03:00:00-04:00,5486.5,5495.25,5486.0,5492.0,14729,0.0,0.0
2024-09-11 04:00:00-04:00,5491.75,5492.5,5479.75,5481.5,13070,0.0,0.0
2024-09-11 05:00:00-04:00,5481.5,5490.0,5478.75,5489.0,8146,0.0,0.0
2024-09-11 06:00:00-04:00,5489.0,5491.25,5484.75,5489.0,13334,0.0,0.0
2024-09-11 07:00:00-04:00,5489.0,5497.25,5487.25,5496.0,20210,0.0,0.0
2024-09-11 08:00:00-04:00,5496.0,5498.75,5468.5,5496.75,90481,0.0,0.0
2024-09-11 09:00:00-04:00,5500.75,5507.5,5458.25,5460.25,267950,0.0,0.0
2024-09-11 10:00:00-04:00,5460.25,5461.0,5412.0,5424.25,351240,0.0,0.0
2024-09-11 11:00:00-04:00,5424.25,5464.75,5418.5,5458.0,300875,0.0,0.0
2024-09-11 12:00:00-04:00,5458.25,5489.0,5456.0,5486.75,242652,0.0,0.0
2024-09-11 13:00:00-04:00,5486.5,5521.75,5486.5,5513.5,211976,0.0,0.0
2024-09-11 14:00:00-04:00,5513.25,5541.0,5510.25,5530.25,215005,0.0,0.0
2024-09-11 15:00:00-04:00,5530.25,5567.5,5525.75,5556.75,286844,0.0,0.0
2024-09-11 16:00:00-04:00,5556.75,5562.75,5553.75,5557.75,83527,0.0,0.0
2024-09-11 18:00:00-04:00,5558.0,5558.75,5554.5,5557.25,0,0.0,0.0
2024-09-11 19:00:00-04:00,5557.0,5558.0,5555.25,5556.75,2866,0.0,0.0
2024-09-11 20:00:00-04:00,5556.75,5563.0,5555.25,5557.0,9053,0.0,0.0
2024-09-11 21:00:00-04:00,5556.75,5563.5,5554.5,5561.5,8882,0.0,0.0
2024-09-11 22:00:00-04:00,5561.25,5566.0,5559.25,5562.5,7479,0.0,0.0
2024-09-11 23:00:00-04:00,5562.25,5568.25,5560.25,5567.75,5507,0.0,0.0
2024-09-12 00:00:00-04:00,5567.5,5570.5,5566.5,5570.0,5268,0.0,0.0
2024-09-12 01:00:00-04:00,5569.75,5572.25,5568.25,5570.25,6682,0.0,0.0
2024-09-12 02:00:00-04:00,5570.0,5573.75,5566.5,5567.0,9370,0.0,0.0
2024-09-12 03:00:00-04:00,5567.25,5577.5,5565.25,5566.75,25014,0.0,0.0
2024-09-12 04:00:00-04:00,5566.75,5573.25,5562.0,5569.25,17691,0.0,0.0
2024-09-12 05:00:00-04:00,5569.25,5576.5,5567.75,5569.5,11701,0.0,0.0
2024-09-12 06:00:00-04:00,5569.5,5573.5,5567.25,5569.25,15877,0.0,0.0
2024-09-12 07:00:00-04:00,5569.0,5573.0,5566.5,5572.5,18801,0.0,0.0
2024-09-12 08:00:00-04:00,5572.5,5581.5,5562.75,5564.75,54850,0.0,0.0
2024-09-12 09:00:00-04:00,5564.75,5570.75,5540.25,5550.5,220120,0.0,0.0
2024-09-12 10:00:00-04:00,5550.75,5575.5,5545.75,5565.25,277939,0.0,0.0
2024-09-12 11:00:00-04:00,5559.75,5579.25,5554.5,5558.0,195365,0.0,0.0
2024-09-12 12:00:00-04:00,5558.0,5585.25,5556.25,5584.0,121169,0.0,0.0
2024-09-12 13:00:00-04:00,5584.25,5606.5,5583.0,5604.5,148697,0.0,0.0
2024-09-12 14:00:00-04:00,5604.25,5607.0,5578.0,5599.75,183915,0.0,0.0
2024-09-12 15:00:00-04:00,5600.0,5605.0,5594.0,5603.5,222146,0.0,0.0
2024-09-12 16:00:00-04:00,5603.5,5603.75,5594.25,5596.5,69704,0.0,0.0
2024-09-12 18:00:00-04:00,5598.5,5603.5,5597.25,5602.75,0,0.0,0.0
2024-09-12 19:00:00-04:00,5602.75,5608.5,5602.75,5605.5,5251,0.0,0.0
2024-09-12 20:00:00-04:00,5605.75,5609.5,5604.0,5606.25,5944,0.0,0.0
2024-09-12 21:00:00-04:00,5606.5,5607.0,5602.25,5603.25,5348,0.0,0.0
2024-09-12 22:00:00-04:00,5603.5,5604.0,5599.25,5600.5,3913,0.0,0.0
2024-09-12 23:00:00-04:00,5600.25,5605.75,5600.25,5605.0,3327,0.0,0.0
2024-09-13 00:00:00-04:00,5604.0,5605.5,5603.5,5605.0,1596,0.0,0.0
2024-09-13 01:00:00-04:00,5605.0,5612.75,5604.0,5604.0,5721,0.0,0.0
2024-09-13 02:00:00-04:00,5604.25,5605.75,5601.75,5604.25,5730,0.0,0.0
2024-09-13 03:00:00-04:00,5604.0,5614.75,5604.0,5606.5,19186,0.0,0.0
2024-09-13 04:00:00-04:00,5606.5,5612.0,5603.0,5608.5,14487,0.0,0.0
2024-09-13 05:00:00-04:00,5608.75,5617.75,5608.0,5613.75,12716,0.0,0.0
2024-09-13 06:00:00-04:00,5613.75,5616.25,5612.0,5616.0,10128,0.0,0.0
2024-09-13 07:00:00-04:00,5616.0,5616.5,5608.5,5612.75,15916,0.0,0.0
2024-09-13 08:00:00-04:00,5612.5,5615.5,5605.0,5612.5,37840,0.0,0.0
2024-09-13 09:00:00-04:00,5612.75,5623.5,5605.0,5620.25,199787,0.0,0.0
2024-09-13 10:00:00-04:00,5620.25,5636.75,5610.0,5629.5,278807,0.0,0.0
2024-09-13 11:00:00-04:00,5629.25,5639.0,5626.0,5637.75,176025,0.0,0.0
2024-09-13 12:00:00-04:00,5637.5,5640.5,5624.25,5633.0,182534,0.0,0.0
2024-09-13 13:00:00-04:00,5633.0,5641.5,5632.25,5636.5,141498,0.0,0.0
2024-09-13 14:00:00-04:00,5636.75,5641.0,5621.75,5625.25,199346,0.0,0.0
2024-09-13 15:00:00-04:00,5625.0,5634.25,5621.0,5630.25,244805,0.0,0.0
2024-09-13 16:00:00-04:00,5630.0,5631.75,5625.25,5627.25,53118,0.0,0.0
2024-09-15 18:00:00-04:00,5622.75,5630.0,5622.5,5626.5,7397,0.0,0.0
2024-09-15 19:00:00-04:00,5626.5,5634.25,5626.25,5633.0,3222,0.0,0.0
2024-09-15 20:00:00-04:00,5633.0,5633.5,5629.0,5630.25,3193,0.0,0.0
2024-09-15 21:00:00-04:00,5630.0,5632.25,5625.75,5631.75,2703,0.0,0.0
2024-09-15 22:00:00-04:00,5631.75,5632.75,5629.75,5631.25,2194,0.0,0.0
2024-09-15 23:00:00-04:00,5631.25,5633.25,5629.75,5632.75,1778,0.0,0.0
2024-09-16 00:00:00-04:00,5633.25,5633.5,5632.0,5632.25,928,0.0,0.0
2024-09-16 01:00:00-04:00,5632.5,5633.0,5629.5,5631.25,2102,0.0,0.0
2024-09-16 02:00:00-04:00,5631.0,5631.25,5625.0,5626.25,8382,0.0,0.0
2024-09-16 03:00:00-04:00,5626.25,5632.5,5625.0,5632.5,15649,0.0,0.0
2024-09-16 04:00:00-04:00,5632.5,5636.75,5630.75,5635.0,19759,0.0,0.0
2024-09-16 05:00:00-04:00,5635.0,5637.75,5632.75,5633.0,27792,0.0,0.0
2024-09-16 06:00:00-04:00,5633.0,5633.0,5626.75,5631.75,23401,0.0,0.0
2024-09-16 07:00:00-04:00,5631.75,5632.0,5625.25,5627.5,32919,0.0,0.0
2024-09-16 08:00:00-04:00,5627.5,5629.0,5623.5,5625.0,67472,0.0,0.0
2024-09-16 09:00:00-04:00,5626.75,5639.25,5618.25,5635.0,213171,0.0,0.0
2024-09-16 10:00:00-04:00,5635.0,5638.25,5609.25,5617.0,292830,0.0,0.0
2024-09-16 11:00:00-04:00,5617.25,5625.75,5611.75,5622.75,213229,0.0,0.0
2024-09-16 12:00:00-04:00,5622.75,5626.0,5613.25,5625.5,152277,0.0,0.0
2024-09-16 13:00:00-04:00,5625.75,5635.75,5622.0,5635.0,126543,0.0,0.0
2024-09-16 14:00:00-04:00,5635.25,5637.5,5628.25,5637.25,122364,0.0,0.0
2024-09-16 15:00:00-04:00,5637.0,5641.5,5630.0,5639.0,170698,0.0,0.0
2024-09-16 16:00:00-04:00,5639.0,5639.5,5633.25,5633.75,29768,0.0,0.0
2024-09-16 18:00:00-04:00,5633.25,5639.5,5633.25,5637.0,0,0.0,0.0
2024-09-16 19:00:00-04:00,5637.5,5639.0,5634.25,5635.0,1263,0.0,0.0
2024-09-16 20:00:00-04:00,5635.0,5637.0,5630.75,5631.5,2219,0.0,0.0
2024-09-16 21:00:00-04:00,5631.25,5633.5,5629.0,5633.0,3433,0.0,0.0
2024-09-16 22:00:00-04:00,5633.0,5634.0,5630.75,5633.25,1540,0.0,0.0
2024-09-16 23:00:00-04:00,5633.5,5634.0,5630.25,5632.25,1913,0.0,0.0
2024-09-17 00:00:00-04:00,5632.75,5636.25,5631.75,5636.25,3003,0.0,0.0
2024-09-17 01:00:00-04:00,5636.0,5639.0,5636.0,5638.25,2979,0.0,0.0
2024-09-17 02:00:00-04:00,5638.5,5641.25,5637.0,5640.75,4444,0.0,0.0
2024-09-17 03:00:00-04:00,5640.75,5652.0,5639.75,5648.25,12988,0.0,0.0
2024-09-17 04:00:00-04:00,5648.5,5653.5,5648.25,5651.75,17432,0.0,0.0
2024-09-17 05:00:00-04:00,5651.75,5659.75,5651.25,5657.25,15271,0.0,0.0
2024-09-17 06:00:00-04:00,5657.5,5660.0,5653.5,5654.0,26481,0.0,0.0
2024-09-17 07:00:00-04:00,5653.5,5664.5,5650.25,5661.75,31170,0.0,0.0
2024-09-17 08:00:00-04:00,5661.75,5665.5,5656.5,5663.0,45618,0.0,0.0
2024-09-17 09:00:00-04:00,5662.75,5665.75,5650.25,5654.25,141339,0.0,0.0
2024-09-17 10:00:00-04:00,5654.5,5675.5,5652.75,5661.25,155966,0.0,0.0
2024-09-17 11:00:00-04:00,5666.5,5669.25,5657.5,5659.25,97598,0.0,0.0
2024-09-17 12:00:00-04:00,5659.25,5661.5,5618.75,5627.75,138356,0.0,0.0
2024-09-17 13:00:00-04:00,5627.75,5640.0,5617.0,5636.0,83585,0.0,0.0
2024-09-17 14:00:00-04:00,5636.0,5641.0,5622.5,5629.5,77354,0.0,0.0
2024-09-17 15:00:00-04:00,5629.5,5641.5,5622.75,5640.75,122039,0.0,0.0
2024-09-17 16:00:00-04:00,5640.75,5645.0,5638.75,5640.0,23820,0.0,0.0
2024-09-17 18:00:00-04:00,5639.5,5642.5,5639.0,5640.75,0,0.0,0.0
2024-09-17 19:00:00-04:00,5641.0,5645.0,5639.5,5644.25,786,0.0,0.0
2024-09-17 20:00:00-04:00,5644.25,5645.0,5641.75,5643.5,1192,0.0,0.0
2024-09-17 21:00:00-04:00,5643.25,5646.5,5642.5,5645.75,1236,0.0,0.0
2024-09-17 22:00:00-04:00,5645.75,5646.5,5644.75,5645.5,1195,0.0,0.0
2024-09-17 23:00:00-04:00,5645.5,5645.5,5640.75,5641.25,1550,0.0,0.0
2024-09-18 00:00:00-04:00,5642.75,5645.0,5640.0,5641.25,873,0.0,0.0
2024-09-18 01:00:00-04:00,5641.25,5644.5,5639.75,5644.0,1398,0.0,0.0
2024-09-18 02:00:00-04:00,5644.0,5649.5,5643.25,5647.0,3438,0.0,0.0
2024-09-18 03:00:00-04:00,5647.0,5648.75,5640.75,5641.75,8938,0.0,0.0
2024-09-18 04:00:00-04:00,5641.5,5642.75,5637.25,5642.5,8090,0.0,0.0
2024-09-18 05:00:00-04:00,5642.5,5647.75,5641.5,5647.75,10277,0.0,0.0
2024-09-18 06:00:00-04:00,5647.25,5647.75,5645.0,5647.25,8401,0.0,0.0
2024-09-18 07:00:00-04:00,5647.0,5648.75,5642.75,5643.0,7226,0.0,0.0
2024-09-18 08:00:00-04:00,5643.25,5650.0,5637.75,5647.75,18475,0.0,0.0
2024-09-18 09:00:00-04:00,5647.75,5648.75,5633.5,5638.5,53006,0.0,0.0
2024-09-18 10:00:00-04:00,5638.75,5642.0,5629.75,5636.5,51942,0.0,0.0
2024-09-18 11:00:00-04:00,5636.5,5640.25,5624.0,5625.0,55742,0.0,0.0
2024-09-18 12:00:00-04:00,5625.75,5645.5,5622.0,5644.5,29405,0.0,0.0
2024-09-18 13:00:00-04:00,5644.75,5651.25,5637.0,5639.75,35511,0.0,0.0
2024-09-18 14:00:00-04:00,5639.75,5696.25,5622.0,5646.0,136221,0.0,0.0
2024-09-18 15:00:00-04:00,5646.25,5667.0,5613.75,5621.0,103226,0.0,0.0
2024-09-18 16:00:00-04:00,5621.25,5637.25,5618.75,5630.5,18881,0.0,0.0
2024-09-18 18:00:00-04:00,5631.5,5643.75,5631.5,5640.0,0,0.0,0.0
2024-09-18 19:00:00-04:00,5640.25,5660.0,5634.0,5659.25,3421,0.0,0.0
2024-09-18 20:00:00-04:00,5659.0,5670.5,5644.75,5647.0,9040,0.0,0.0
2024-09-18 21:00:00-04:00,5647.25,5653.25,5639.5,5653.25,4267,0.0,0.0
2024-09-18 22:00:00-04:00,5653.0,5674.5,5652.75,5671.0,4441,0.0,0.0
2024-09-18 23:00:00-04:00,5671.25,5678.0,5666.75,5676.5,3623,0.0,0.0
2024-09-19 00:00:00-04:00,5675.75,5678.0,5674.0,5676.5,2776,0.0,0.0
2024-09-19 01:00:00-04:00,5676.75,5679.75,5672.25,5678.25,2707,0.0,0.0
2024-09-19 02:00:00-04:00,5678.0,5685.75,5674.5,5684.0,4435,0.0,0.0
2024-09-19 03:00:00-04:00,5684.0,5692.5,5678.25,5692.25,11726,0.0,0.0
2024-09-19 04:00:00-04:00,5692.5,5698.5,5688.0,5696.75,13277,0.0,0.0
2024-09-19 05:00:00-04:00,5697.0,5708.5,5695.5,5707.25,8428,0.0,0.0
2024-09-19 06:00:00-04:00,5707.25,5715.25,5705.75,5713.75,7320,0.0,0.0
2024-09-19 07:00:00-04:00,5713.25,5719.5,5710.75,5713.75,21639,0.0,0.0
2024-09-19 08:00:00-04:00,5713.5,5714.75,5706.75,5708.5,15538,0.0,0.0
2024-09-19 09:00:00-04:00,5706.25,5717.25,5688.5,5703.75,49716,0.0,0.0
2024-09-19 10:00:00-04:00,5704.0,5727.5,5701.25,5707.25,59526,0.0,0.0
2024-09-19 11:00:00-04:00,5707.25,5720.0,5702.25,5712.25,37971,0.0,0.0
2024-09-19 12:00:00-04:00,5712.25,5729.0,5711.25,5723.25,27235,0.0,0.0
2024-09-19 13:00:00-04:00,5723.25,5737.5,5721.5,5733.25,27670,0.0,0.0
2024-09-19 14:00:00-04:00,5733.5,5735.75,5717.25,5727.25,34641,0.0,0.0
2024-09-19 15:00:00-04:00,5727.25,5729.25,5711.5,5717.25,54869,0.0,0.0
2024-09-19 16:00:00-04:00,5715.25,5717.0,5711.75,5713.0,16504,0.0,0.0
2024-09-19 18:00:00-04:00,5714.75,5717.25,5709.75,5712.5,0,0.0,0.0
2024-09-19 19:00:00-04:00,5712.5,5715.25,5709.75,5710.25,214,0.0,0.0
2024-09-19 20:00:00-04:00,5710.0,5712.0,5705.25,5707.5,889,0.0,0.0
2024-09-19 21:00:00-04:00,5707.25,5712.5,5706.75,5712.0,704,0.0,0.0
2024-09-19 22:00:00-04:00,5711.75,5713.75,5706.25,5707.0,442,0.0,0.0
2024-09-19 23:00:00-04:00,5707.5,5712.25,5706.0,5712.0,495,0.0,0.0
2024-09-20 00:00:00-04:00,5712.25,5714.0,5710.5,5712.75,366,0.0,0.0
2024-09-20 01:00:00-04:00,5712.75,5712.75,5707.5,5711.0,474,0.0,0.0
2024-09-20 02:00:00-04:00,5711.25,5712.25,5708.0,5708.25,984,0.0,0.0
2024-09-20 03:00:00-04:00,5708.5,5714.0,5706.75,5712.25,1416,0.0,0.0
2024-09-20 04:00:00-04:00,5713.0,5713.0,5703.75,5706.0,1573,0.0,0.0
2024-09-20 05:00:00-04:00,5705.25,5710.0,5704.25,5705.25,1345,0.0,0.0
2024-09-20 06:00:00-04:00,5705.25,5708.0,5701.0,5702.25,1097,0.0,0.0
2024-09-20 07:00:00-04:00,5702.5,5704.25,5699.25,5704.25,1747,0.0,0.0
2024-09-20 08:00:00-04:00,5704.0,5714.25,5703.75,5713.25,6596,0.0,0.0
2024-09-20 09:00:00-04:00,5712.75,5713.5,5701.0,5702.5,0,0.0,0.0
2024-09-20 16:00:00-04:00,5758.25,5758.25,5758.25,5758.25,1447611,0.0,0.0
2024-09-22 18:00:00-04:00,5762.0,5764.5,5755.5,5763.0,5651,0.0,0.0
2024-09-22 19:00:00-04:00,5762.75,5767.75,5760.5,5767.25,3595,0.0,0.0
2024-09-22 20:00:00-04:00,5767.25,5778.5,5765.75,5777.75,11491,0.0,0.0
2024-09-22 21:00:00-04:00,5777.75,5781.0,5776.25,5778.0,8823,0.0,0.0
2024-09-22 22:00:00-04:00,5778.0,5781.0,5776.5,5779.75,5050,0.0,0.0
2024-09-22 23:00:00-04:00,5779.75,5781.75,5778.5,5779.0,4070,0.0,0.0
2024-09-23 00:00:00-04:00,5779.0,5781.25,5778.75,5779.75,2465,0.0,0.0
2024-09-23 01:00:00-04:00,5779.75,5779.75,5774.25,5775.0,4149,0.0,0.0
2024-09-23 02:00:00-04:00,5775.0,5775.0,5770.0,5770.25,6215,0.0,0.0
2024-09-23 03:00:00-04:00,5770.5,5770.75,5745.25,5764.5,29394,0.0,0.0
2024-09-23 04:00:00-04:00,5764.75,5767.75,5758.75,5765.0,17894,0.0,0.0
2024-09-23 05:00:00-04:00,5765.25,5772.25,5760.25,5771.5,10110,0.0,0.0
2024-09-23 06:00:00-04:00,5771.5,5773.75,5769.25,5769.75,7635,0.0,0.0
2024-09-23 07:00:00-04:00,5769.5,5773.25,5763.75,5772.25,10589,0.0,0.0
2024-09-23 08:00:00-04:00,5772.0,5775.5,5767.0,5774.25,20077,0.0,0.0
2024-09-23 09:00:00-04:00,5774.0,5777.5,5763.5,5769.0,124482,0.0,0.0
2024-09-23 10:00:00-04:00,5768.75,5784.5,5765.0,5779.0,170558,0.0,0.0
2024-09-23 11:00:00-04:00,5777.75,5782.5,5768.0,5776.75,130430,0.0,0.0
2024-09-23 12:00:00-04:00,5776.75,5777.5,5763.0,5766.25,112767,0.0,0.0
2024-09-23 13:00:00-04:00,5766.25,5773.75,5761.0,5773.0,93121,0.0,0.0
2024-09-23 14:00:00-04:00,5772.75,5775.25,5768.0,5774.5,65545,0.0,0.0
2024-09-23 15:00:00-04:00,5774.5,5779.5,5770.25,5776.25,135792,0.0,0.0
2024-09-23 16:00:00-04:00,5776.25,5778.25,5773.0,5774.75,33657,0.0,0.0
2024-09-23 18:00:00-04:00,5774.0,5775.0,5770.0,5770.75,0,0.0,0.0
2024-09-23 19:00:00-04:00,5770.75,5774.0,5769.5,5772.75,2768,0.0,0.0
2024-09-23 20:00:00-04:00,5772.75,5774.5,5767.0,5770.0,5231,0.0,0.0
2024-09-23 21:00:00-04:00,5770.25,5777.5,5767.0,5768.5,11114,0.0,0.0
2024-09-23 22:00:00-04:00,5768.5,5769.25,5763.75,5767.5,6778,0.0,0.0
2024-09-23 23:00:00-04:00,5767.25,5769.25,5765.25,5768.0,4170,0.0,0.0
2024-09-24 00:00:00-04:00,5768.5,5773.5,5767.5,5773.5,4135,0.0,0.0
2024-09-24 01:00:00-04:00,5773.5,5779.5,5773.5,5778.25,6519,0.0,0.0
2024-09-24 02:00:00-04:00,5778.25,5786.75,5776.75,5785.0,8720,0.0,0.0
2024-09-24 03:00:00-04:00,5785.0,5789.0,5778.25,5788.75,12584,0.0,0.0
2024-09-24 04:00:00-04:00,5788.5,5793.5,5785.75,5792.25,11864,0.0,0.0
2024-09-24 05:00:00-04:00,5792.25,5792.25,5784.5,5786.25,8915,0.0,0.0
2024-09-24 06:00:00-04:00,5786.25,5790.0,5780.25,5780.5,10050,0.0,0.0
2024-09-24 07:00:00-04:00,5781.0,5785.5,5769.25,5780.25,28067,0.0,0.0
2024-09-24 08:00:00-04:00,5780.5,5784.0,5776.5,5781.75,22992,0.0,0.0
2024-09-24 09:00:00-04:00,5783.0,5787.75,5771.25,5772.5,104846,0.0,0.0
2024-09-24 10:00:00-04:00,5772.75,5776.25,5754.75,5774.0,253672,0.0,0.0
2024-09-24 11:00:00-04:00,5773.75,5790.5,5772.5,5785.25,150949,0.0,0.0
2024-09-24 12:00:00-04:00,5785.5,5791.25,5781.75,5783.75,84882,0.0,0.0
2024-09-24 13:00:00-04:00,5783.75,5789.5,5782.0,5784.0,69857,0.0,0.0
2024-09-24 14:00:00-04:00,5784.0,5786.5,5773.5,5784.0,96697,0.0,0.0
2024-09-24 15:00:00-04:00,5784.0,5794.25,5783.0,5792.75,158794,0.0,0.0
2024-09-24 16:00:00-04:00,5792.75,5793.75,5788.5,5792.75,46914,0.0,0.0
2024-09-24 18:00:00-04:00,5792.25,5794.5,5790.75,5792.75,0,0.0,0.0
2024-09-24 19:00:00-04:00,5792.75,5794.5,5791.5,5792.0,3263,0.0,0.0
2024-09-24 20:00:00-04:00,5792.0,5792.75,5784.5,5785.25,7353,0.0,0.0
2024-09-24 21:00:00-04:00,5785.25,5787.25,5780.25,5781.75,8400,0.0,0.0
2024-09-24 22:00:00-04:00,5781.75,5784.0,5780.5,5781.0,4142,0.0,0.0
2024-09-24 23:00:00-04:00,5781.0,5785.75,5779.25,5782.75,5146,0.0,0.0
2024-09-25 00:00:00-04:00,5783.5,5785.25,5782.5,5783.25,2904,0.0,0.0
2024-09-25 01:00:00-04:00,5783.0,5785.75,5776.0,5778.25,7650,0.0,0.0
2024-09-25 02:00:00-04:00,5778.25,5779.5,5773.5,5774.0,9594,0.0,0.0
2024-09-25 03:00:00-04:00,5774.25,5784.25,5774.25,5783.5,10800,0.0,0.0
2024-09-25 04:00:00-04:00,5783.25,5785.0,5780.5,5782.75,8996,0.0,0.0
2024-09-25 05:00:00-04:00,5782.5,5785.25,5779.25,5784.25,6901,0.0,0.0
2024-09-25 06:00:00-04:00,5784.25,5791.0,5784.25,5790.75,10035,0.0,0.0
2024-09-25 07:00:00-04:00,5791.0,5792.5,5786.5,5789.75,11115,0.0,0.0
2024-09-25 08:00:00-04:00,5790.25,5791.5,5787.0,5790.0,13437,0.0,0.0
2024-09-25 09:00:00-04:00,5790.0,5798.0,5788.0,5794.5,131865,0.0,0.0
2024-09-25 10:00:00-04:00,5794.5,5798.75,5785.0,5791.25,147164,0.0,0.0
2024-09-25 11:00:00-04:00,5791.5,5793.5,5782.5,5787.0,106758,0.0,0.0
2024-09-25 12:00:00-04:00,5786.75,5787.5,5778.25,5779.0,91536,0.0,0.0
2024-09-25 13:00:00-04:00,5779.0,5782.5,5768.0,5782.0,117544,0.0,0.0
2024-09-25 14:00:00-04:00,5782.0,5783.0,5769.0,5779.5,81280,0.0,0.0
2024-09-25 15:00:00-04:00,5779.75,5782.0,5772.5,5779.5,133850,0.0,0.0
2024-09-25 16:00:00-04:00,5779.5,5784.5,5778.0,5783.25,51057,0.0,0.0
2024-09-25 18:00:00-04:00,5783.5,5785.75,5780.75,5784.0,0,0.0,0.0
2024-09-25 19:00:00-04:00,5784.0,5790.75,5782.75,5789.0,5243,0.0,0.0
2024-09-25 20:00:00-04:00,5789.0,5796.5,5788.75,5794.25,10516,0.0,0.0
2024-09-25 21:00:00-04:00,5794.0,5799.25,5793.0,5797.75,6864,0.0,0.0
2024-09-25 22:00:00-04:00,5797.75,5799.75,5796.75,5799.25,5704,0.0,0.0
2024-09-25 23:00:00-04:00,5799.25,5806.75,5799.25,5805.25,8774,0.0,0.0
2024-09-26 00:00:00-04:00,5805.5,5807.5,5805.25,5807.25,5162,0.0,0.0
2024-09-26 01:00:00-04:00,5807.5,5816.5,5805.0,5815.25,13219,0.0,0.0
2024-09-26 02:00:00-04:00,5815.25,5823.0,5815.0,5820.75,18881,0.0,0.0
2024-09-26 03:00:00-04:00,5821.0,5826.75,5818.0,5825.5,18307,0.0,0.0
2024-09-26 04:00:00-04:00,5825.5,5828.0,5822.25,5825.0,17529,0.0,0.0
2024-09-26 05:00:00-04:00,5825.0,5826.5,5822.0,5824.0,10555,0.0,0.0
2024-09-26 06:00:00-04:00,5823.75,5828.25,5822.5,5828.0,9102,0.0,0.0
2024-09-26 07:00:00-04:00,5828.5,5828.5,5822.5,5823.25,16211,0.0,0.0
2024-09-26 08:00:00-04:00,5823.5,5828.5,5819.5,5826.25,38512,0.0,0.0
2024-09-26 09:00:00-04:00,5826.25,5830.0,5811.25,5815.75,168403,0.0,0.0
2024-09-26 10:00:00-04:00,5815.5,5821.75,5790.0,5792.0,256624,0.0,0.0
2024-09-26 11:00:00-04:00,5792.25,5805.5,5788.5,5803.75,165690,0.0,0.0
2024-09-26 12:00:00-04:00,5803.75,5804.0,5787.75,5790.25,110838,0.0,0.0
2024-09-26 13:00:00-04:00,5790.0,5797.25,5778.25,5795.0,114745,0.0,0.0
2024-09-26 14:00:00-04:00,5795.25,5807.0,5795.25,5802.0,92055,0.0,0.0
2024-09-26 15:00:00-04:00,5802.25,5808.25,5798.0,5803.25,143569,0.0,0.0
2024-09-26 16:00:00-04:00,5803.25,5806.25,5802.0,5803.75,36318,0.0,0.0
2024-09-26 18:00:00-04:00,5804.25,5812.0,5803.75,5808.5,0,0.0,0.0
2024-09-26 19:00:00-04:00,5808.5,5809.5,5802.5,5805.0,4698,0.0,0.0
2024-09-26 20:00:00-04:00,5805.25,5806.0,5799.0,5804.5,8894,0.0,0.0
2024-09-26 21:00:00-04:00,5804.5,5805.5,5797.0,5797.5,9586,0.0,0.0
2024-09-26 22:00:00-04:00,5797.75,5800.0,5796.0,5798.5,7048,0.0,0.0
2024-09-26 23:00:00-04:00,5798.25,5802.75,5796.5,5802.0,5152,0.0,0.0
2024-09-27 00:00:00-04:00,5804.5,5808.25,5802.5,5807.25,5240,0.0,0.0
2024-09-27 01:00:00-04:00,5807.25,5809.0,5798.5,5804.75,10116,0.0,0.0
2024-09-27 02:00:00-04:00,5804.75,5807.5,5795.0,5796.25,14451,0.0,0.0
2024-09-27 03:00:00-04:00,5796.25,5801.0,5790.75,5791.0,22047,0.0,0.0
2024-09-27 04:00:00-04:00,5791.0,5803.0,5790.75,5798.0,14914,0.0,0.0
2024-09-27 05:00:00-04:00,5797.75,5803.75,5795.5,5800.25,10248,0.0,0.0
2024-09-27 06:00:00-04:00,5800.25,5803.5,5797.0,5797.25,7641,0.0,0.0
2024-09-27 07:00:00-04:00,5797.25,5805.0,5797.0,5804.75,9027,0.0,0.0
2024-09-27 08:00:00-04:00,5804.5,5817.0,5803.75,5813.25,38520,0.0,0.0
2024-09-27 09:00:00-04:00,5813.25,5814.75,5805.5,5809.0,134569,0.0,0.0
2024-09-27 10:00:00-04:00,5808.5,5821.5,5805.0,5816.25,176589,0.0,0.0
2024-09-27 11:00:00-04:00,5816.25,5816.5,5802.0,5802.5,119730,0.0,0.0
2024-09-27 12:00:00-04:00,5802.25,5804.5,5796.5,5799.75,102901,0.0,0.0
2024-09-27 13:00:00-04:00,5799.5,5804.75,5793.0,5802.25,83411,0.0,0.0
2024-09-27 14:00:00-04:00,5802.25,5804.5,5782.0,5800.5,161364,0.0,0.0
2024-09-27 15:00:00-04:00,5800.25,5801.25,5790.0,5791.25,180164,0.0,0.0
2024-09-27 16:00:00-04:00,5791.0,5792.25,5785.25,5786.75,50732,0.0,0.0
2024-09-29 18:00:00-04:00,5784.0,5793.75,5779.0,5793.75,9424,0.0,0.0
2024-09-29 19:00:00-04:00,5793.75,5801.75,5792.75,5800.0,6679,0.0,0.0
2024-09-29 20:00:00-04:00,5800.0,5802.75,5797.25,5798.0,8886,0.0,0.0
2024-09-29 21:00:00-04:00,5798.0,5798.0,5787.25,5790.0,13338,0.0,0.0
2024-09-29 22:00:00-04:00,5790.0,5792.0,5785.5,5791.5,6768,0.0,0.0
2024-09-29 23:00:00-04:00,5791.75,5796.0,5791.5,5795.5,5460,0.0,0.0
2024-09-30 00:00:00-04:00,5795.25,5796.25,5791.5,5792.75,3521,0.0,0.0
2024-09-30 01:00:00-04:00,5792.75,5793.25,5786.75,5788.0,6366,0.0,0.0
2024-09-30 02:00:00-04:00,5788.0,5790.25,5782.75,5786.75,10642,0.0,0.0
2024-09-30 03:00:00-04:00,5786.5,5796.75,5785.25,5793.0,13709,0.0,0.0
2024-09-30 04:00:00-04:00,5792.5,5793.25,5785.25,5789.0,12698,0.0,0.0
2024-09-30 05:00:00-04:00,5789.0,5791.0,5783.0,5789.25,8139,0.0,0.0
2024-09-30 06:00:00-04:00,5789.25,5791.0,5783.5,5785.25,9348,0.0,0.0
2024-09-30 07:00:00-04:00,5785.5,5785.75,5774.25,5776.0,21540,0.0,0.0
2024-09-30 08:00:00-04:00,5776.25,5780.25,5775.25,5778.5,17693,0.0,0.0
2024-09-30 09:00:00-04:00,5778.75,5789.5,5776.75,5782.5,123533,0.0,0.0
2024-09-30 10:00:00-04:00,5782.5,5792.5,5778.5,5788.75,140788,0.0,0.0
2024-09-30 11:00:00-04:00,5788.75,5794.5,5783.25,5792.25,95379,0.0,0.0
2024-09-30 12:00:00-04:00,5792.0,5798.75,5791.25,5792.0,82267,0.0,0.0
2024-09-30 13:00:00-04:00,5792.0,5793.5,5785.25,5792.25,80037,0.0,0.0
2024-09-30 14:00:00-04:00,5792.25,5792.5,5756.25,5781.75,244929,0.0,0.0
2024-09-30 15:00:00-04:00,5781.75,5820.25,5775.25,5816.25,337167,0.0,0.0
2024-09-30 16:00:00-04:00,5816.25,5816.25,5805.5,5806.25,94894,0.0,0.0
2024-09-30 18:00:00-04:00,5807.0,5809.0,5801.5,5807.0,0,0.0,0.0
2024-09-30 19:00:00-04:00,5806.75,5809.0,5803.75,5808.25,2845,0.0,0.0
2024-09-30 20:00:00-04:00,5808.5,5815.0,5804.25,5813.0,7556,0.0,0.0
2024-09-30 21:00:00-04:00,5813.0,5822.5,5812.75,5821.5,8803,0.0,0.0
2024-09-30 22:00:00-04:00,5821.5,5822.5,5815.5,5817.0,5027,0.0,0.0
2024-09-30 23:00:00-04:00,5817.0,5817.25,5813.0,5815.0,4616,0.0,0.0
2024-10-01 00:00:00-04:00,5814.75,5815.0,5810.75,5811.25,3945,0.0,0.0
2024-10-01 01:00:00-04:00,5811.25,5813.5,5807.0,5810.25,5365,0.0,0.0
2024-10-01 02:00:00-04:00,5810.25,5815.5,5808.5,5812.75,6961,0.0,0.0
2024-10-01 03:00:00-04:00,5813.0,5813.75,5800.75,5812.75,16954,0.0,0.0
2024-10-01 04:00:00-04:00,5812.75,5813.75,5806.25,5808.5,9414,0.0,0.0
2024-10-01 05:00:00-04:00,5808.25,5810.5,5804.75,5809.5,7380,0.0,0.0
2024-10-01 06:00:00-04:00,5809.25,5817.5,5808.25,5817.0,9337,0.0,0.0
2024-10-01 07:00:00-04:00,5816.75,5819.25,5808.25,5810.75,12556,0.0,0.0
2024-10-01 08:00:00-04:00,5810.75,5814.0,5807.0,5811.0,14164,0.0,0.0
2024-10-01 09:00:00-04:00,5810.75,5812.25,5758.5,5768.5,289518,0.0,0.0
2024-10-01 10:00:00-04:00,5768.5,5777.0,5742.75,5753.75,362244,0.0,0.0
2024-10-01 11:00:00-04:00,5754.0,5768.25,5734.25,5757.0,232578,0.0,0.0
2024-10-01 12:00:00-04:00,5757.0,5769.75,5739.0,5757.75,221200,0.0,0.0
2024-10-01 13:00:00-04:00,5757.75,5767.75,5735.75,5767.25,192674,0.0,0.0
2024-10-01 14:00:00-04:00,5767.25,5783.75,5766.75,5778.25,162316,0.0,0.0
2024-10-01 15:00:00-04:00,5778.0,5779.25,5757.5,5760.25,202172,0.0,0.0
2024-10-01 16:00:00-04:00,5760.5,5767.25,5757.25,5758.25,68955,0.0,0.0
2024-10-01 18:00:00-04:00,5760.25,5763.5,5745.0,5749.0,0,0.0,0.0
2024-10-01 19:00:00-04:00,5748.75,5754.25,5742.5,5750.75,8729,0.0,0.0
2024-10-01 20:00:00-04:00,5751.0,5759.75,5749.5,5755.25,10654,0.0,0.0
2024-10-01 21:00:00-04:00,5755.5,5762.75,5754.0,5761.25,6936,0.0,0.0
2024-10-01 22:00:00-04:00,5761.5,5763.5,5755.0,5757.5,5765,0.0,0.0
2024-10-01 23:00:00-04:00,5757.25,5761.5,5752.25,5759.75,6018,0.0,0.0
2024-10-02 00:00:00-04:00,5759.5,5759.75,5746.75,5750.25,5639,0.0,0.0
2024-10-02 01:00:00-04:00,5750.0,5752.5,5738.75,5748.0,10533,0.0,0.0
2024-10-02 02:00:00-04:00,5748.0,5750.5,5741.0,5747.5,10374,0.0,0.0
2024-10-02 03:00:00-04:00,5747.5,5757.25,5742.5,5752.75,14950,0.0,0.0
2024-10-02 04:00:00-04:00,5752.75,5756.75,5748.5,5750.25,10783,0.0,0.0
2024-10-02 05:00:00-04:00,5750.5,5750.75,5738.5,5742.5,12555,0.0,0.0
2024-10-02 06:00:00-04:00,5742.25,5753.75,5735.75,5751.25,18609,0.0,0.0
2024-10-02 07:00:00-04:00,5751.5,5753.25,5742.5,5744.0,19365,0.0,0.0
2024-10-02 08:00:00-04:00,5744.0,5757.75,5742.0,5752.5,34279,0.0,0.0
2024-10-02 09:00:00-04:00,5752.5,5753.75,5724.0,5743.0,188486,0.0,0.0
2024-10-02 10:00:00-04:00,5743.25,5770.0,5741.5,5755.75,246086,0.0,0.0
2024-10-02 11:00:00-04:00,5755.75,5772.25,5753.75,5768.25,144105,0.0,0.0
2024-10-02 12:00:00-04:00,5768.25,5771.0,5750.75,5751.25,80494,0.0,0.0
2024-10-02 13:00:00-04:00,5751.25,5764.0,5748.0,5763.25,96054,0.0,0.0
2024-10-02 14:00:00-04:00,5763.25,5766.25,5749.75,5761.25,75229,0.0,0.0
2024-10-02 15:00:00-04:00,5761.25,5767.25,5759.25,5760.5,128126,0.0,0.0
2024-10-02 16:00:00-04:00,5760.75,5773.25,5758.5,5770.0,47444,0.0,0.0
2024-10-02 18:00:00-04:00,5769.5,5772.75,5767.25,5768.25,0,0.0,0.0
2024-10-02 19:00:00-04:00,5768.25,5770.0,5765.25,5769.25,3787,0.0,0.0
2024-10-02 20:00:00-04:00,5769.5,5769.5,5756.0,5759.75,11174,0.0,0.0
2024-10-02 21:00:00-04:00,5759.75,5762.25,5751.5,5756.0,12253,0.0,0.0
2024-10-02 22:00:00-04:00,5756.0,5758.0,5752.25,5753.0,6676,0.0,0.0
2024-10-02 23:00:00-04:00,5753.0,5756.25,5749.0,5750.5,8033,0.0,0.0
2024-10-03 00:00:00-04:00,5751.25,5752.0,5748.25,5748.5,3355,0.0,0.0
2024-10-03 01:00:00-04:00,5748.75,5752.5,5747.0,5747.75,6086,0.0,0.0
2024-10-03 02:00:00-04:00,5747.5,5754.0,5746.5,5751.75,7626,0.0,0.0
2024-10-03 03:00:00-04:00,5751.75,5752.75,5726.5,5732.25,33006,0.0,0.0
2024-10-03 04:00:00-04:00,5732.25,5743.0,5731.75,5739.25,19645,0.0,0.0
2024-10-03 05:00:00-04:00,5739.5,5743.25,5736.5,5741.25,8087,0.0,0.0
2024-10-03 06:00:00-04:00,5741.25,5746.75,5738.0,5746.5,8424,0.0,0.0
2024-10-03 07:00:00-04:00,5746.25,5755.25,5744.0,5755.25,13913,0.0,0.0
2024-10-03 08:00:00-04:00,5755.25,5759.25,5743.75,5744.25,35471,0.0,0.0
2024-10-03 09:00:00-04:00,5744.5,5754.25,5739.25,5749.5,150154,0.0,0.0
2024-10-03 10:00:00-04:00,5750.5,5770.0,5733.75,5737.75,313393,0.0,0.0
2024-10-03 11:00:00-04:00,5738.0,5761.5,5733.5,5756.5,150753,0.0,0.0
2024-10-03 12:00:00-04:00,5756.5,5763.5,5729.25,5735.0,143557,0.0,0.0
2024-10-03 13:00:00-04:00,5735.0,5745.5,5725.75,5742.0,134459,0.0,0.0
2024-10-03 14:00:00-04:00,5742.0,5745.5,5735.5,5739.0,67910,0.0,0.0
2024-10-03 15:00:00-04:00,5739.0,5754.25,5731.25,5749.25,168754,0.0,0.0
2024-10-03 16:00:00-04:00,5749.0,5754.25,5743.5,5744.0,53727,0.0,0.0
2024-10-03 18:00:00-04:00,5745.75,5751.75,5741.0,5748.75,0,0.0,0.0
2024-10-03 19:00:00-04:00,5749.0,5750.5,5745.25,5749.25,3976,0.0,0.0
2024-10-03 20:00:00-04:00,5749.0,5749.75,5742.0,5748.0,5523,0.0,0.0
2024-10-03 21:00:00-04:00,5748.0,5761.0,5745.25,5759.0,9715,0.0,0.0
2024-10-03 22:00:00-04:00,5759.0,5763.25,5756.5,5757.5,6955,0.0,0.0
2024-10-03 23:00:00-04:00,5757.75,5758.25,5751.75,5752.75,4406,0.0,0.0
2024-10-04 00:00:00-04:00,5753.75,5757.5,5749.25,5751.25,4888,0.0,0.0
2024-10-04 01:00:00-04:00,5751.5,5755.0,5750.75,5752.25,4940,0.0,0.0
2024-10-04 02:00:00-04:00,5752.25,5753.5,5747.0,5747.0,4864,0.0,0.0
2024-10-04 03:00:00-04:00,5743.5,5758.5,5743.5,5756.5,13720,0.0,0.0
2024-10-04 04:00:00-04:00,5756.5,5758.25,5750.0,5750.25,8566,0.0,0.0
2024-10-04 05:00:00-04:00,5750.5,5758.5,5750.0,5757.5,6657,0.0,0.0
2024-10-04 06:00:00-04:00,5757.75,5765.75,5757.5,5760.5,11480,0.0,0.0
2024-10-04 07:00:00-04:00,5760.75,5768.0,5759.25,5765.0,15676,0.0,0.0
2024-10-04 08:00:00-04:00,5765.0,5800.5,5762.0,5799.5,102307,0.0,0.0
2024-10-04 09:00:00-04:00,5799.5,5803.25,5768.75,5771.5,202476,0.0,0.0
2024-10-04 10:00:00-04:00,5771.5,5781.75,5749.5,5769.75,276244,0.0,0.0
2024-10-04 11:00:00-04:00,5769.5,5777.0,5752.0,5774.0,177739,0.0,0.0
2024-10-04 12:00:00-04:00,5774.25,5785.25,5763.75,5780.5,111338,0.0,0.0
2024-10-04 13:00:00-04:00,5780.75,5786.25,5765.75,5772.25,91639,0.0,0.0
2024-10-04 14:00:00-04:00,5772.5,5786.0,5767.0,5785.5,82904,0.0,0.0
2024-10-04 15:00:00-04:00,5785.25,5804.75,5781.75,5799.75,165757,0.0,0.0
2024-10-04 16:00:00-04:00,5799.75,5801.0,5794.5,5795.5,59059,0.0,0.0
2024-10-06 18:00:00-04:00,5802.0,5808.0,5799.5,5804.75,10436,0.0,0.0
2024-10-06 19:00:00-04:00,5804.75,5807.75,5801.5,5802.0,4733,0.0,0.0
2024-10-06 20:00:00-04:00,5802.0,5803.0,5795.25,5797.5,8220,0.0,0.0
2024-10-06 21:00:00-04:00,5797.5,5805.75,5795.75,5797.75,11960,0.0,0.0
2024-10-06 22:00:00-04:00,5797.75,5801.25,5795.75,5796.5,6982,0.0,0.0
2024-10-06 23:00:00-04:00,5796.5,5798.5,5793.5,5796.25,5095,0.0,0.0
2024-10-07 00:00:00-04:00,5796.0,5799.0,5794.75,5795.75,4243,0.0,0.0
2024-10-07 01:00:00-04:00,5795.75,5796.5,5790.5,5791.25,5796,0.0,0.0
2024-10-07 02:00:00-04:00,5791.0,5794.5,5786.75,5794.0,9206,0.0,0.0
2024-10-07 03:00:00-04:00,5794.25,5794.25,5776.0,5777.75,26873,0.0,0.0
2024-10-07 04:00:00-04:00,5777.75,5784.5,5773.25,5773.75,14892,0.0,0.0
2024-10-07 05:00:00-04:00,5773.5,5773.75,5762.75,5770.0,19474,0.0,0.0
2024-10-07 06:00:00-04:00,5770.0,5773.75,5766.5,5773.5,11346,0.0,0.0
2024-10-07 07:00:00-04:00,5773.25,5776.25,5768.75,5775.25,14377,0.0,0.0
2024-10-07 08:00:00-04:00,5775.25,5781.0,5773.75,5778.25,23459,0.0,0.0
2024-10-07 09:00:00-04:00,5778.25,5785.5,5774.0,5776.0,132953,0.0,0.0
2024-10-07 10:00:00-04:00,5776.0,5788.75,5775.5,5782.0,139752,0.0,0.0
2024-10-07 11:00:00-04:00,5782.0,5786.75,5775.0,5780.25,96831,0.0,0.0
2024-10-07 12:00:00-04:00,5780.25,5780.75,5769.75,5775.0,86220,0.0,0.0
2024-10-07 13:00:00-04:00,5777.0,5778.75,5766.75,5773.0,69054,0.0,0.0
2024-10-07 14:00:00-04:00,5773.0,5773.25,5734.25,5736.5,185070,0.0,0.0
2024-10-07 15:00:00-04:00,5736.5,5755.75,5735.0,5743.75,163618,0.0,0.0
2024-10-07 16:00:00-04:00,5750.0,5753.5,5746.5,5750.0,89288,0.0,0.0
2024-10-07 18:00:00-04:00,5752.5,5754.0,5725.25,5740.5,0,0.0,0.0
2024-10-07 19:00:00-04:00,5740.5,5749.75,5738.75,5744.25,9846,0.0,0.0
2024-10-07 20:00:00-04:00,5744.5,5754.5,5744.5,5751.25,7703,0.0,0.0
2024-10-07 21:00:00-04:00,5751.25,5752.25,5740.25,5745.5,12943,0.0,0.0
2024-10-07 22:00:00-04:00,5745.25,5749.25,5739.75,5747.0,11307,0.0,0.0
2024-10-07 23:00:00-04:00,5747.0,5749.0,5740.5,5742.0,6232,0.0,0.0
2024-10-08 00:00:00-04:00,5745.0,5748.5,5744.0,5747.0,2727,0.0,0.0
2024-10-08 01:00:00-04:00,5747.0,5748.75,5740.25,5743.25,7348,0.0,0.0
2024-10-08 02:00:00-04:00,5743.5,5745.75,5738.5,5745.0,9113,0.0,0.0
2024-10-08 03:00:00-04:00,5745.25,5753.5,5736.25,5748.25,22078,0.0,0.0
2024-10-08 04:00:00-04:00,5748.25,5754.25,5745.5,5753.25,14527,0.0,0.0
2024-10-08 05:00:00-04:00,5753.0,5768.0,5753.0,5764.75,18943,0.0,0.0
2024-10-08 06:00:00-04:00,5764.75,5769.0,5761.0,5769.0,14037,0.0,0.0
2024-10-08 07:00:00-04:00,5768.75,5770.75,5764.0,5768.5,17295,0.0,0.0
2024-10-08 08:00:00-04:00,5768.75,5770.25,5763.75,5766.0,23066,0.0,0.0
2024-10-08 09:00:00-04:00,5766.25,5778.25,5763.75,5776.5,154149,0.0,0.0
2024-10-08 10:00:00-04:00,5776.5,5795.0,5773.0,5787.5,180070,0.0,0.0
2024-10-08 11:00:00-04:00,5787.5,5793.0,5782.0,5792.5,89943,0.0,0.0
2024-10-08 12:00:00-04:00,5792.25,5793.0,5783.5,5788.5,68554,0.0,0.0
2024-10-08 13:00:00-04:00,5788.0,5788.25,5774.5,5786.75,86520,0.0,0.0
2024-10-08 14:00:00-04:00,5786.75,5798.25,5786.25,5796.5,66887,0.0,0.0
2024-10-08 15:00:00-04:00,5796.75,5806.75,5793.0,5800.75,180964,0.0,0.0
2024-10-08 16:00:00-04:00,5800.75,5801.5,5796.25,5798.25,61677,0.0,0.0
2024-10-08 18:00:00-04:00,5799.25,5799.75,5795.0,5798.75,0,0.0,0.0
2024-10-08 19:00:00-04:00,5798.75,5800.25,5795.0,5795.5,2389,0.0,0.0
2024-10-08 20:00:00-04:00,5795.75,5796.25,5793.75,5795.25,3217,0.0,0.0
2024-10-08 21:00:00-04:00,5795.5,5797.75,5793.5,5795.5,5687,0.0,0.0
2024-10-08 22:00:00-04:00,5795.25,5795.5,5789.25,5790.5,6748,0.0,0.0
2024-10-08 23:00:00-04:00,5790.75,5791.5,5789.0,5789.75,3589,0.0,0.0
2024-10-09 00:00:00-04:00,5791.0,5791.5,5787.5,5788.75,2324,0.0,0.0
2024-10-09 01:00:00-04:00,5789.0,5793.25,5787.25,5788.0,6682,0.0,0.0
2024-10-09 02:00:00-04:00,5788.0,5790.0,5783.75,5786.5,6828,0.0,0.0
2024-10-09 03:00:00-04:00,5786.5,5788.0,5780.75,5786.5,13302,0.0,0.0
2024-10-09 04:00:00-04:00,5786.5,5789.25,5782.0,5788.25,9260,0.0,0.0
2024-10-09 05:00:00-04:00,5788.25,5795.5,5787.75,5794.0,7286,0.0,0.0
2024-10-09 06:00:00-04:00,5793.75,5801.25,5792.5,5797.75,8235,0.0,0.0
2024-10-09 07:00:00-04:00,5797.75,5800.0,5795.0,5795.75,10303,0.0,0.0
2024-10-09 08:00:00-04:00,5795.75,5800.0,5792.5,5797.5,20540,0.0,0.0
2024-10-09 09:00:00-04:00,5797.75,5806.25,5793.75,5804.0,116823,0.0,0.0
2024-10-09 10:00:00-04:00,5804.25,5818.75,5803.0,5818.0,153758,0.0,0.0
2024-10-09 11:00:00-04:00,5818.0,5840.0,5818.0,5838.5,134708,0.0,0.0
2024-10-09 12:00:00-04:00,5838.5,5838.75,5824.5,5828.0,93074,0.0,0.0
2024-10-09 13:00:00-04:00,5828.0,5835.5,5823.5,5826.5,100755,0.0,0.0
2024-10-09 14:00:00-04:00,5826.5,5834.5,5823.5,5831.5,88436,0.0,0.0
2024-10-09 15:00:00-04:00,5831.25,5846.5,5826.25,5840.0,201807,0.0,0.0
2024-10-09 16:00:00-04:00,5839.75,5840.75,5831.5,5836.5,58298,0.0,0.0
2024-10-09 18:00:00-04:00,5836.0,5839.0,5834.25,5838.0,0,0.0,0.0
2024-10-09 19:00:00-04:00,5838.0,5840.5,5836.25,5838.75,3008,0.0,0.0
2024-10-09 20:00:00-04:00,5839.0,5841.0,5836.5,5839.5,4254,0.0,0.0
2024-10-09 21:00:00-04:00,5839.25,5842.0,5838.25,5839.75,5518,0.0,0.0
2024-10-09 22:00:00-04:00,5839.5,5842.5,5837.5,5841.5,4332,0.0,0.0
2024-10-09 23:00:00-04:00,5841.5,5842.75,5839.75,5842.5,3133,0.0,0.0
2024-10-10 00:00:00-04:00,5841.5,5841.75,5840.0,5840.75,1623,0.0,0.0
2024-10-10 01:00:00-04:00,5840.5,5842.25,5835.75,5836.0,4464,0.0,0.0
2024-10-10 02:00:00-04:00,5836.0,5838.25,5833.0,5836.5,6854,0.0,0.0
2024-10-10 03:00:00-04:00,5836.5,5838.5,5829.0,5830.5,14144,0.0,0.0
2024-10-10 04:00:00-04:00,5830.25,5834.0,5828.25,5830.5,10506,0.0,0.0
2024-10-10 05:00:00-04:00,5830.75,5834.0,5828.5,5833.75,8048,0.0,0.0
2024-10-10 06:00:00-04:00,5833.75,5834.75,5829.0,5829.5,9768,0.0,0.0
2024-10-10 07:00:00-04:00,5829.5,5834.75,5828.0,5834.75,16594,0.0,0.0
2024-10-10 08:00:00-04:00,5834.5,5844.0,5814.75,5820.75,85341,0.0,0.0
2024-10-10 09:00:00-04:00,5820.75,5830.5,5812.75,5821.0,145436,0.0,0.0
2024-10-10 10:00:00-04:00,5821.25,5834.0,5818.5,5821.75,129275,0.0,0.0
2024-10-10 11:00:00-04:00,5821.75,5837.25,5818.25,5837.0,84587,0.0,0.0
2024-10-10 12:00:00-04:00,5837.0,5843.25,5825.0,5829.25,114363,0.0,0.0
2024-10-10 13:00:00-04:00,5829.25,5834.25,5814.75,5829.5,112477,0.0,0.0
2024-10-10 14:00:00-04:00,5829.5,5829.5,5811.5,5820.0,79389,0.0,0.0
2024-10-10 15:00:00-04:00,5820.25,5833.0,5815.25,5829.0,159175,0.0,0.0
2024-10-10 16:00:00-04:00,5828.75,5833.0,5826.75,5831.0,53915,0.0,0.0
2024-10-10 18:00:00-04:00,5831.0,5832.5,5829.0,5830.75,0,0.0,0.0
2024-10-10 19:00:00-04:00,5831.0,5837.0,5831.0,5835.5,4007,0.0,0.0
2024-10-10 20:00:00-04:00,5835.25,5837.75,5833.0,5833.5,5114,0.0,0.0
2024-10-10 21:00:00-04:00,5833.5,5836.5,5832.75,5833.5,3550,0.0,0.0
2024-10-10 22:00:00-04:00,5833.5,5834.5,5831.25,5832.75,2265,0.0,0.0
2024-10-10 23:00:00-04:00,5832.75,5835.25,5831.25,5834.0,2719,0.0,0.0
2024-10-11 00:00:00-04:00,5833.0,5833.25,5829.5,5830.0,1981,0.0,0.0
2024-10-11 01:00:00-04:00,5830.0,5830.5,5826.5,5828.75,3036,0.0,0.0
2024-10-11 02:00:00-04:00,5829.0,5829.75,5826.0,5826.25,3694,0.0,0.0
2024-10-11 03:00:00-04:00,5826.5,5827.25,5817.75,5824.75,10135,0.0,0.0
2024-10-11 04:00:00-04:00,5824.5,5825.0,5816.0,5817.0,8607,0.0,0.0
2024-10-11 05:00:00-04:00,5817.25,5821.75,5816.25,5818.25,6281,0.0,0.0
2024-10-11 06:00:00-04:00,5818.25,5826.0,5816.75,5826.0,8502,0.0,0.0
2024-10-11 07:00:00-04:00,5825.75,5827.5,5822.0,5822.75,8345,0.0,0.0
2024-10-11 08:00:00-04:00,5822.75,5837.75,5821.75,5825.75,37810,0.0,0.0
2024-10-11 09:00:00-04:00,5826.0,5839.75,5822.75,5839.0,110536,0.0,0.0
2024-10-11 10:00:00-04:00,5838.25,5866.25,5834.25,5855.75,210354,0.0,0.0
2024-10-11 11:00:00-04:00,5855.5,5863.0,5854.75,5861.5,86695,0.0,0.0
2024-10-11 12:00:00-04:00,5861.25,5861.25,5845.0,5853.5,90440,0.0,0.0
2024-10-11 13:00:00-04:00,5853.5,5858.5,5848.5,5856.0,61768,0.0,0.0
2024-10-11 14:00:00-04:00,5856.0,5864.0,5852.75,5861.75,75768,0.0,0.0
2024-10-11 15:00:00-04:00,5862.0,5868.25,5859.0,5859.75,161765,0.0,0.0
2024-10-11 16:00:00-04:00,5859.5,5861.25,5852.75,5853.25,50313,0.0,0.0
2024-10-13 18:00:00-04:00,5854.5,5859.0,5852.0,5858.5,6273,0.0,0.0
2024-10-13 19:00:00-04:00,5858.5,5860.25,5855.0,5855.5,4144,0.0,0.0
2024-10-13 20:00:00-04:00,5855.5,5857.25,5853.75,5855.25,3933,0.0,0.0
2024-10-13 21:00:00-04:00,5855.0,5857.0,5852.75,5853.75,5490,0.0,0.0
2024-10-13 22:00:00-04:00,5853.75,5855.0,5850.0,5854.25,4005,0.0,0.0
2024-10-13 23:00:00-04:00,5854.5,5857.25,5852.25,5855.5,2631,0.0,0.0
2024-10-14 00:00:00-04:00,5855.5,5856.25,5854.5,5855.75,1238,0.0,0.0
2024-10-14 01:00:00-04:00,5856.0,5858.5,5855.75,5857.0,3299,0.0,0.0
2024-10-14 02:00:00-04:00,5857.0,5860.0,5856.0,5859.0,4404,0.0,0.0
2024-10-14 03:00:00-04:00,5859.25,5864.75,5856.0,5864.5,8044,0.0,0.0
2024-10-14 04:00:00-04:00,5864.25,5865.75,5862.0,5863.0,8835,0.0,0.0
2024-10-14 05:00:00-04:00,5863.0,5868.0,5863.0,5867.25,6736,0.0,0.0
2024-10-14 06:00:00-04:00,5867.25,5874.5,5867.25,5869.5,13420,0.0,0.0
2024-10-14 07:00:00-04:00,5869.5,5870.5,5866.75,5868.75,8666,0.0,0.0
2024-10-14 08:00:00-04:00,5869.0,5873.75,5868.0,5873.0,13498,0.0,0.0
2024-10-14 09:00:00-04:00,5873.25,5898.75,5873.0,5898.5,129160,0.0,0.0
2024-10-14 10:00:00-04:00,5898.75,5903.75,5891.75,5894.25,123925,0.0,0.0
2024-10-14 11:00:00-04:00,5894.0,5900.25,5888.75,5900.0,94709,0.0,0.0
2024-10-14 12:00:00-04:00,5900.25,5905.5,5899.5,5904.0,52108,0.0,0.0
2024-10-14 13:00:00-04:00,5904.0,5907.25,5901.0,5901.5,40001,0.0,0.0
2024-10-14 14:00:00-04:00,5901.5,5912.25,5898.5,5908.0,74353,0.0,0.0
2024-10-14 15:00:00-04:00,5908.25,5918.5,5905.5,5909.25,183783,0.0,0.0
2024-10-14 16:00:00-04:00,5909.25,5914.25,5906.5,5913.75,50042,0.0,0.0
2024-10-14 18:00:00-04:00,5914.25,5914.5,5909.75,5911.5,0,0.0,0.0
2024-10-14 19:00:00-04:00,5911.75,5913.75,5910.75,5912.75,2581,0.0,0.0
2024-10-14 20:00:00-04:00,5913.0,5913.5,5906.5,5909.5,7657,0.0,0.0
2024-10-14 21:00:00-04:00,5909.25,5914.5,5908.75,5913.75,5645,0.0,0.0
2024-10-14 22:00:00-04:00,5913.5,5915.5,5912.5,5912.75,3174,0.0,0.0
2024-10-14 23:00:00-04:00,5912.75,5914.25,5911.5,5914.0,3577,0.0,0.0
2024-10-15 00:00:00-04:00,5913.5,5914.25,5912.75,5913.5,1325,0.0,0.0
2024-10-15 01:00:00-04:00,5913.25,5913.75,5909.25,5909.5,4229,0.0,0.0
2024-10-15 02:00:00-04:00,5909.75,5911.25,5908.25,5908.5,5463,0.0,0.0
2024-10-15 03:00:00-04:00,5908.5,5911.75,5907.25,5909.5,9370,0.0,0.0
2024-10-15 04:00:00-04:00,5909.5,5909.5,5902.5,5904.75,13736,0.0,0.0
2024-10-15 05:00:00-04:00,5904.75,5906.75,5902.25,5904.0,9352,0.0,0.0
2024-10-15 06:00:00-04:00,5904.25,5910.5,5902.25,5908.75,13008,0.0,0.0
2024-10-15 07:00:00-04:00,5908.75,5910.5,5906.0,5908.5,12844,0.0,0.0
2024-10-15 08:00:00-04:00,5908.5,5911.25,5906.0,5910.25,18051,0.0,0.0
2024-10-15 09:00:00-04:00,5910.5,5914.0,5906.0,5907.25,111410,0.0,0.0
2024-10-15 10:00:00-04:00,5907.25,5911.5,5877.75,5884.5,281899,0.0,0.0
2024-10-15 11:00:00-04:00,5884.75,5893.25,5877.5,5879.0,149797,0.0,0.0
2024-10-15 12:00:00-04:00,5879.25,5890.75,5878.25,5883.0,94952,0.0,0.0
2024-10-15 13:00:00-04:00,5883.25,5884.75,5873.0,5874.75,99498,0.0,0.0
2024-10-15 14:00:00-04:00,5874.75,5879.0,5864.5,5866.0,99621,0.0,0.0
2024-10-15 15:00:00-04:00,5866.0,5867.0,5850.0,5862.75,277462,0.0,0.0
2024-10-15 16:00:00-04:00,5862.75,5864.75,5858.25,5860.75,49819,0.0,0.0
2024-10-15 18:00:00-04:00,5861.0,5863.5,5853.75,5863.0,0,0.0,0.0
2024-10-15 19:00:00-04:00,5863.0,5865.75,5862.5,5863.0,3933,0.0,0.0
2024-10-15 20:00:00-04:00,5863.25,5866.5,5861.5,5863.75,5974,0.0,0.0
2024-10-15 21:00:00-04:00,5863.5,5867.25,5860.75,5865.5,6598,0.0,0.0
2024-10-15 22:00:00-04:00,5865.5,5867.5,5864.5,5866.5,4045,0.0,0.0
2024-10-15 23:00:00-04:00,5866.25,5868.5,5865.5,5868.5,2723,0.0,0.0
2024-10-16 00:00:00-04:00,5868.75,5869.0,5866.75,5868.0,2451,0.0,0.0
2024-10-16 01:00:00-04:00,5868.0,5868.25,5864.75,5867.0,4402,0.0,0.0
2024-10-16 02:00:00-04:00,5867.0,5867.0,5862.25,5864.25,7351,0.0,0.0
2024-10-16 03:00:00-04:00,5864.25,5866.25,5855.75,5865.75,15203,0.0,0.0
2024-10-16 04:00:00-04:00,5865.75,5866.5,5859.25,5862.5,11073,0.0,0.0
2024-10-16 05:00:00-04:00,5862.5,5866.25,5861.0,5865.0,6677,0.0,0.0
2024-10-16 06:00:00-04:00,5865.0,5865.5,5862.0,5865.5,5554,0.0,0.0
2024-10-16 07:00:00-04:00,5865.5,5869.0,5863.75,5868.0,12219,0.0,0.0
2024-10-16 08:00:00-04:00,5868.0,5868.75,5862.25,5863.25,17425,0.0,0.0
2024-10-16 09:00:00-04:00,5863.25,5866.75,5853.25,5855.25,124541,0.0,0.0
2024-10-16 10:00:00-04:00,5855.25,5875.5,5854.25,5865.0,164515,0.0,0.0
2024-10-16 11:00:00-04:00,5865.0,5873.0,5861.5,5866.5,89875,0.0,0.0
2024-10-16 12:00:00-04:00,5866.25,5878.25,5866.0,5878.0,58306,0.0,0.0
2024-10-16 13:00:00-04:00,5878.25,5881.25,5873.25,5880.5,66253,0.0,0.0
2024-10-16 14:00:00-04:00,5880.75,5892.75,5879.0,5888.5,82523,0.0,0.0
2024-10-16 15:00:00-04:00,5888.5,5890.75,5884.75,5886.25,138456,0.0,0.0
2024-10-16 16:00:00-04:00,5886.25,5887.0,5882.75,5883.75,52979,0.0,0.0
2024-10-16 18:00:00-04:00,5882.75,5884.75,5880.5,5882.0,0,0.0,0.0
2024-10-16 19:00:00-04:00,5882.25,5882.5,5878.25,5879.0,2140,0.0,0.0
2024-10-16 20:00:00-04:00,5878.75,5881.25,5873.0,5878.75,7077,0.0,0.0
2024-10-16 21:00:00-04:00,5878.75,5880.75,5875.0,5878.5,4736,0.0,0.0
2024-10-16 22:00:00-04:00,5878.5,5879.5,5871.25,5875.75,5611,0.0,0.0
2024-10-16 23:00:00-04:00,5875.75,5877.25,5874.0,5874.0,2565,0.0,0.0
2024-10-17 00:00:00-04:00,5873.5,5874.5,5872.25,5873.75,2016,0.0,0.0
2024-10-17 01:00:00-04:00,5873.5,5881.75,5873.0,5880.75,5758,0.0,0.0
2024-10-17 02:00:00-04:00,5880.75,5895.5,5879.75,5892.75,20249,0.0,0.0
2024-10-17 03:00:00-04:00,5893.0,5899.5,5891.25,5898.0,14768,0.0,0.0
2024-10-17 04:00:00-04:00,5898.0,5908.5,5897.5,5908.0,15352,0.0,0.0
2024-10-17 05:00:00-04:00,5908.25,5912.0,5905.5,5911.0,10191,0.0,0.0
2024-10-17 06:00:00-04:00,5910.75,5914.25,5908.75,5913.75,10795,0.0,0.0
2024-10-17 07:00:00-04:00,5913.5,5913.5,5909.25,5910.5,11878,0.0,0.0
2024-10-17 08:00:00-04:00,5910.5,5919.75,5910.0,5918.75,42461,0.0,0.0
2024-10-17 09:00:00-04:00,5918.75,5927.25,5895.5,5903.5,209309,0.0,0.0
2024-10-17 10:00:00-04:00,5903.75,5907.25,5891.25,5894.0,188781,0.0,0.0
2024-10-17 11:00:00-04:00,5894.25,5910.75,5886.5,5910.25,112268,0.0,0.0
2024-10-17 12:00:00-04:00,5910.25,5913.5,5900.5,5907.25,78716,0.0,0.0
2024-10-17 13:00:00-04:00,5907.25,5910.5,5904.0,5907.0,66400,0.0,0.0
2024-10-17 14:00:00-04:00,5907.0,5907.5,5887.25,5896.25,137767,0.0,0.0
2024-10-17 15:00:00-04:00,5896.5,5897.0,5884.75,5886.25,153420,0.0,0.0
2024-10-17 16:00:00-04:00,5886.25,5892.25,5884.75,5887.5,58172,0.0,0.0
2024-10-17 18:00:00-04:00,5888.25,5893.75,5886.25,5892.0,0,0.0,0.0
2024-10-17 19:00:00-04:00,5891.75,5892.5,5890.25,5891.75,2098,0.0,0.0
2024-10-17 20:00:00-04:00,5891.5,5891.75,5876.25,5884.25,10866,0.0,0.0
2024-10-17 21:00:00-04:00,5884.25,5888.25,5882.75,5887.25,5469,0.0,0.0
2024-10-17 22:00:00-04:00,5887.25,5888.75,5884.5,5886.5,5057,0.0,0.0
2024-10-17 23:00:00-04:00,5886.25,5887.75,5882.75,5884.25,3196,0.0,0.0
2024-10-18 00:00:00-04:00,5884.25,5886.5,5883.5,5885.5,1917,0.0,0.0
2024-10-18 01:00:00-04:00,5885.5,5888.75,5884.75,5888.25,4693,0.0,0.0
2024-10-18 02:00:00-04:00,5888.5,5890.25,5887.25,5889.25,6573,0.0,0.0
2024-10-18 03:00:00-04:00,5889.25,5897.25,5889.0,5897.25,11288,0.0,0.0
2024-10-18 04:00:00-04:00,5897.25,5899.75,5895.0,5897.25,9558,0.0,0.0
2024-10-18 05:00:00-04:00,5897.5,5900.5,5893.5,5894.5,8014,0.0,0.0
2024-10-18 06:00:00-04:00,5894.25,5897.5,5892.0,5897.25,6121,0.0,0.0
2024-10-18 07:00:00-04:00,5897.0,5901.0,5894.25,5899.25,13427,0.0,0.0
2024-10-18 08:00:00-04:00,5899.25,5902.5,5896.5,5900.25,16561,0.0,0.0
2024-10-18 09:00:00-04:00,5900.25,5906.5,5886.5,5893.5,165668,0.0,0.0
2024-10-18 10:00:00-04:00,5893.5,5901.0,5891.25,5896.25,117402,0.0,0.0
2024-10-18 11:00:00-04:00,5896.75,5905.75,5895.75,5900.0,85995,0.0,0.0
2024-10-18 12:00:00-04:00,5900.0,5914.0,5897.75,5908.0,72955,0.0,0.0
2024-10-18 13:00:00-04:00,5908.0,5912.5,5906.0,5907.0,61954,0.0,0.0
2024-10-18 14:00:00-04:00,5907.0,5915.5,5899.25,5909.5,73825,0.0,0.0
2024-10-18 15:00:00-04:00,5909.5,5909.5,5901.25,5906.25,139367,0.0,0.0
2024-10-18 16:00:00-04:00,5906.0,5909.75,5904.25,5907.5,56165,0.0,0.0
2024-10-20 18:00:00-04:00,5911.5,5914.75,5910.75,5913.75,3383,0.0,0.0
2024-10-20 19:00:00-04:00,5913.75,5915.5,5911.75,5913.5,2612,0.0,0.0
2024-10-20 20:00:00-04:00,5913.75,5914.0,5910.75,5912.75,3235,0.0,0.0
2024-10-20 21:00:00-04:00,5912.75,5914.75,5911.75,5912.0,3267,0.0,0.0
2024-10-20 22:00:00-04:00,5912.0,5912.5,5908.75,5909.5,3149,0.0,0.0
2024-10-20 23:00:00-04:00,5909.5,5910.5,5907.5,5908.0,2596,0.0,0.0
2024-10-21 00:00:00-04:00,5908.0,5908.5,5905.25,5905.75,2411,0.0,0.0
2024-10-21 01:00:00-04:00,5905.75,5906.0,5902.25,5902.75,4940,0.0,0.0
2024-10-21 02:00:00-04:00,5902.5,5904.25,5899.0,5900.5,5584,0.0,0.0
2024-10-21 03:00:00-04:00,5900.75,5906.5,5900.25,5902.5,8147,0.0,0.0
2024-10-21 04:00:00-04:00,5902.5,5905.5,5902.0,5904.0,5647,0.0,0.0
2024-10-21 05:00:00-04:00,5904.0,5904.5,5896.0,5897.25,11304,0.0,0.0
2024-10-21 06:00:00-04:00,5897.25,5898.75,5887.0,5887.25,11218,0.0,0.0
2024-10-21 07:00:00-04:00,5887.0,5889.5,5883.0,5885.5,15447,0.0,0.0
2024-10-21 08:00:00-04:00,5885.5,5893.75,5883.75,5892.75,18320,0.0,0.0
2024-10-21 09:00:00-04:00,5892.75,5904.75,5892.0,5900.25,102577,0.0,0.0
2024-10-21 10:00:00-04:00,5900.25,5908.5,5880.0,5885.25,185023,0.0,0.0
2024-10-21 11:00:00-04:00,5885.25,5886.25,5865.0,5882.75,194868,0.0,0.0
2024-10-21 12:00:00-04:00,5882.75,5888.5,5877.25,5887.75,80056,0.0,0.0
2024-10-21 13:00:00-04:00,5888.0,5893.5,5885.5,5892.25,58759,0.0,0.0
2024-10-21 14:00:00-04:00,5892.5,5892.75,5881.75,5883.5,58209,0.0,0.0
2024-10-21 15:00:00-04:00,5883.5,5897.75,5881.25,5897.0,170766,0.0,0.0
2024-10-21 16:00:00-04:00,5897.0,5901.0,5894.75,5898.75,67907,0.0,0.0
2024-10-21 18:00:00-04:00,5900.75,5900.75,5896.0,5896.25,0,0.0,0.0
2024-10-21 19:00:00-04:00,5896.0,5897.5,5894.75,5895.75,2272,0.0,0.0
2024-10-21 20:00:00-04:00,5895.75,5896.0,5887.5,5888.0,8377,0.0,0.0
2024-10-21 21:00:00-04:00,5887.75,5889.75,5885.0,5887.25,7956,0.0,0.0
2024-10-21 22:00:00-04:00,5887.25,5890.25,5884.5,5885.0,4217,0.0,0.0
2024-10-21 23:00:00-04:00,5885.0,5888.5,5885.0,5885.25,2936,0.0,0.0
2024-10-22 00:00:00-04:00,5884.25,5887.0,5882.25,5882.5,3554,0.0,0.0
2024-10-22 01:00:00-04:00,5882.5,5886.75,5881.5,5883.25,4102,0.0,0.0
2024-10-22 02:00:00-04:00,5883.5,5885.0,5879.0,5882.75,5289,0.0,0.0
2024-10-22 03:00:00-04:00,5883.0,5887.75,5881.0,5882.5,12120,0.0,0.0
2024-10-22 04:00:00-04:00,5882.25,5884.75,5875.5,5875.5,11003,0.0,0.0
2024-10-22 05:00:00-04:00,5875.5,5877.25,5863.75,5865.5,19151,0.0,0.0
2024-10-22 06:00:00-04:00,5865.75,5871.5,5864.5,5866.75,14725,0.0,0.0
2024-10-22 07:00:00-04:00,5867.0,5873.5,5866.75,5869.5,15324,0.0,0.0
2024-10-22 08:00:00-04:00,5869.5,5876.75,5861.5,5867.5,30757,0.0,0.0
2024-10-22 09:00:00-04:00,5867.75,5873.5,5861.25,5871.5,140097,0.0,0.0
2024-10-22 10:00:00-04:00,5871.5,5881.0,5868.5,5878.25,163708,0.0,0.0
2024-10-22 11:00:00-04:00,5878.5,5884.0,5874.0,5879.0,85300,0.0,0.0
2024-10-22 12:00:00-04:00,5879.0,5885.5,5874.5,5884.75,75494,0.0,0.0
2024-10-22 13:00:00-04:00,5884.75,5899.25,5881.75,5899.0,88957,0.0,0.0
2024-10-22 14:00:00-04:00,5899.0,5904.25,5887.5,5889.25,86529,0.0,0.0
2024-10-22 15:00:00-04:00,5889.25,5901.75,5888.0,5892.5,138913,0.0,0.0
2024-10-22 16:00:00-04:00,5892.5,5892.75,5886.5,5887.0,70733,0.0,0.0
2024-10-22 18:00:00-04:00,5887.25,5887.25,5881.0,5884.25,0,0.0,0.0
2024-10-22 19:00:00-04:00,5884.5,5890.75,5883.0,5890.0,4272,0.0,0.0
2024-10-22 20:00:00-04:00,5890.25,5890.75,5883.25,5884.0,3570,0.0,0.0
2024-10-22 21:00:00-04:00,5884.0,5887.25,5882.0,5886.0,4702,0.0,0.0
2024-10-22 22:00:00-04:00,5886.0,5889.0,5885.25,5887.75,3264,0.0,0.0
2024-10-22 23:00:00-04:00,5888.0,5890.0,5886.0,5887.0,3573,0.0,0.0
2024-10-23 00:00:00-04:00,5886.75,5888.75,5886.5,5888.25,1753,0.0,0.0
2024-10-23 01:00:00-04:00,5888.25,5889.25,5886.25,5886.75,2714,0.0,0.0
2024-10-23 02:00:00-04:00,5886.75,5887.0,5884.0,5885.5,6415,0.0,0.0
2024-10-23 03:00:00-04:00,5885.75,5893.75,5884.75,5888.25,11679,0.0,0.0
2024-10-23 04:00:00-04:00,5888.0,5890.5,5882.5,5883.0,10916,0.0,0.0
2024-10-23 05:00:00-04:00,5882.75,5886.0,5880.75,5881.75,8526,0.0,0.0
2024-10-23 06:00:00-04:00,5881.75,5882.25,5875.5,5878.0,14219,0.0,0.0
2024-10-23 07:00:00-04:00,5877.75,5881.25,5876.25,5879.0,11786,0.0,0.0
2024-10-23 08:00:00-04:00,5879.0,5881.5,5870.75,5872.0,23416,0.0,0.0
2024-10-23 09:00:00-04:00,5872.25,5874.75,5867.25,5870.25,110990,0.0,0.0
2024-10-23 10:00:00-04:00,5870.0,5874.25,5858.0,5862.25,187438,0.0,0.0
2024-10-23 11:00:00-04:00,5862.5,5865.0,5845.0,5856.0,190727,0.0,0.0
2024-10-23 12:00:00-04:00,5856.0,5856.0,5833.5,5838.5,151369,0.0,0.0
2024-10-23 13:00:00-04:00,5838.75,5838.75,5815.5,5816.5,156135,0.0,0.0
2024-10-23 14:00:00-04:00,5816.75,5829.75,5801.0,5829.0,191388,0.0,0.0
2024-10-23 15:00:00-04:00,5829.0,5839.25,5824.25,5837.0,219713,0.0,0.0
2024-10-23 16:00:00-04:00,5837.25,5847.0,5834.5,5842.0,82914,0.0,0.0
2024-10-23 18:00:00-04:00,5844.0,5845.5,5840.5,5842.5,0,0.0,0.0
2024-10-23 19:00:00-04:00,5842.25,5843.75,5838.5,5842.75,2719,0.0,0.0
2024-10-23 20:00:00-04:00,5842.75,5852.5,5839.5,5852.25,8360,0.0,0.0
2024-10-23 21:00:00-04:00,5852.0,5852.0,5848.75,5850.0,6173,0.0,0.0
2024-10-23 22:00:00-04:00,5849.5,5853.25,5846.25,5852.0,5626,0.0,0.0
2024-10-23 23:00:00-04:00,5852.0,5854.25,5849.5,5849.75,4299,0.0,0.0
2024-10-24 00:00:00-04:00,5849.5,5850.5,5847.25,5849.5,2803,0.0,0.0
2024-10-24 01:00:00-04:00,5849.5,5850.25,5846.75,5849.5,3375,0.0,0.0
2024-10-24 02:00:00-04:00,5849.25,5854.5,5849.25,5849.5,5805,0.0,0.0
2024-10-24 03:00:00-04:00,5849.75,5863.25,5849.0,5861.75,14537,0.0,0.0
2024-10-24 04:00:00-04:00,5861.75,5866.75,5858.0,5862.0,14147,0.0,0.0
2024-10-24 05:00:00-04:00,5862.0,5864.25,5860.25,5862.0,6543,0.0,0.0
2024-10-24 06:00:00-04:00,5862.25,5866.25,5860.5,5862.0,7824,0.0,0.0
2024-10-24 07:00:00-04:00,5862.0,5868.5,5861.0,5867.5,13413,0.0,0.0
2024-10-24 08:00:00-04:00,5867.75,5870.0,5861.25,5862.75,24308,0.0,0.0
2024-10-24 09:00:00-04:00,5862.75,5866.75,5842.75,5851.0,135525,0.0,0.0
2024-10-24 10:00:00-04:00,5850.75,5856.5,5842.25,5845.0,168829,0.0,0.0
2024-10-24 11:00:00-04:00,5845.0,5851.0,5827.25,5837.25,151456,0.0,0.0
2024-10-24 12:00:00-04:00,5837.25,5847.25,5822.5,5846.0,137390,0.0,0.0
2024-10-24 13:00:00-04:00,5846.0,5853.0,5841.25,5842.0,91268,0.0,0.0
2024-10-24 14:00:00-04:00,5842.25,5850.75,5837.75,5845.25,82917,0.0,0.0
2024-10-24 15:00:00-04:00,5845.0,5856.25,5839.75,5849.25,174113,0.0,0.0
2024-10-24 16:00:00-04:00,5849.25,5856.75,5848.0,5852.75,51416,0.0,0.0
2024-10-24 18:00:00-04:00,5853.25,5854.5,5849.0,5850.5,0,0.0,0.0
2024-10-24 19:00:00-04:00,5850.5,5850.75,5847.0,5850.5,3824,0.0,0.0
2024-10-24 20:00:00-04:00,5850.75,5853.75,5848.0,5852.75,5676,0.0,0.0
2024-10-24 21:00:00-04:00,5852.75,5855.0,5851.25,5851.5,4552,0.0,0.0
2024-10-24 22:00:00-04:00,5851.25,5854.25,5850.75,5852.5,3038,0.0,0.0
2024-10-24 23:00:00-04:00,5852.5,5853.0,5846.5,5846.75,3914,0.0,0.0
2024-10-25 00:00:00-04:00,5845.5,5847.5,5844.75,5846.0,3032,0.0,0.0
2024-10-25 01:00:00-04:00,5846.0,5850.5,5844.25,5849.5,4517,0.0,0.0
2024-10-25 02:00:00-04:00,5849.5,5853.5,5849.25,5849.5,4903,0.0,0.0
2024-10-25 03:00:00-04:00,5849.5,5861.0,5848.5,5860.75,11211,0.0,0.0
2024-10-25 04:00:00-04:00,5860.5,5861.0,5853.0,5858.25,11498,0.0,0.0
2024-10-25 05:00:00-04:00,5858.0,5864.25,5858.0,5862.75,10887,0.0,0.0
2024-10-25 06:00:00-04:00,5862.75,5865.25,5861.0,5862.0,7617,0.0,0.0
2024-10-25 07:00:00-04:00,5861.75,5867.25,5858.0,5864.75,11518,0.0,0.0
2024-10-25 08:00:00-04:00,5864.5,5872.0,5864.25,5871.25,19427,0.0,0.0
2024-10-25 09:00:00-04:00,5871.5,5890.5,5869.5,5888.25,140603,0.0,0.0
2024-10-25 10:00:00-04:00,5888.75,5900.75,5885.75,5890.25,195695,0.0,0.0
2024-10-25 11:00:00-04:00,5890.25,5894.25,5872.0,5876.5,148888,0.0,0.0
2024-10-25 12:00:00-04:00,5876.5,5883.25,5872.5,5875.25,84975,0.0,0.0
2024-10-25 13:00:00-04:00,5875.25,5875.25,5839.75,5846.25,215966,0.0,0.0
2024-10-25 14:00:00-04:00,5846.5,5859.75,5835.0,5856.75,157986,0.0,0.0
2024-10-25 15:00:00-04:00,5857.0,5857.25,5840.0,5845.5,179129,0.0,0.0
2024-10-25 16:00:00-04:00,5845.25,5847.25,5839.75,5841.5,63240,0.0,0.0
2024-10-27 18:00:00-04:00,5857.0,5875.0,5857.0,5872.25,13953,0.0,0.0
2024-10-27 19:00:00-04:00,5872.25,5874.25,5868.5,5870.5,5818,0.0,0.0
2024-10-27 20:00:00-04:00,5870.75,5881.25,5869.75,5874.75,12680,0.0,0.0
2024-10-27 21:00:00-04:00,5874.5,5880.5,5873.75,5875.75,10405,0.0,0.0
2024-10-27 22:00:00-04:00,5875.5,5878.0,5873.5,5876.5,6051,0.0,0.0
2024-10-27 23:00:00-04:00,5876.5,5877.75,5870.0,5872.75,7212,0.0,0.0
2024-10-28 00:00:00-04:00,5872.25,5879.5,5871.75,5879.0,4681,0.0,0.0
2024-10-28 01:00:00-04:00,5879.25,5879.5,5869.25,5869.5,6032,0.0,0.0
2024-10-28 02:00:00-04:00,5869.75,5874.75,5868.5,5872.0,5429,0.0,0.0
2024-10-28 03:00:00-04:00,5871.75,5880.25,5871.25,5875.25,11463,0.0,0.0
2024-10-28 04:00:00-04:00,5875.5,5883.5,5871.0,5881.25,20895,0.0,0.0
2024-10-28 05:00:00-04:00,5881.5,5882.75,5878.0,5882.75,10309,0.0,0.0
2024-10-28 06:00:00-04:00,5882.5,5884.5,5876.0,5876.25,10809,0.0,0.0
2024-10-28 07:00:00-04:00,5876.25,5877.75,5870.5,5870.5,18597,0.0,0.0
2024-10-28 08:00:00-04:00,5870.5,5880.25,5864.25,5879.5,32474,0.0,0.0
2024-10-28 09:00:00-04:00,5879.25,5881.75,5867.75,5869.5,133897,0.0,0.0
2024-10-28 10:00:00-04:00,5869.5,5879.75,5866.5,5874.0,125058,0.0,0.0
2024-10-28 11:00:00-04:00,5874.0,5875.25,5862.0,5864.0,109441,0.0,0.0
2024-10-28 12:00:00-04:00,5862.75,5871.5,5860.0,5864.5,86181,0.0,0.0
2024-10-28 13:00:00-04:00,5864.75,5872.25,5860.0,5871.25,68727,0.0,0.0
2024-10-28 14:00:00-04:00,5871.5,5872.75,5862.75,5865.75,78805,0.0,0.0
2024-10-28 15:00:00-04:00,5865.5,5871.5,5859.5,5862.75,146412,0.0,0.0
2024-10-28 16:00:00-04:00,5862.5,5866.5,5860.75,5864.25,58203,0.0,0.0
2024-10-28 18:00:00-04:00,5867.0,5867.0,5858.5,5860.5,0,0.0,0.0
2024-10-28 19:00:00-04:00,5860.75,5862.75,5859.25,5861.25,3052,0.0,0.0
2024-10-28 20:00:00-04:00,5861.5,5863.25,5855.25,5861.0,6952,0.0,0.0
2024-10-28 21:00:00-04:00,5860.75,5862.0,5856.75,5860.0,8067,0.0,0.0
2024-10-28 22:00:00-04:00,5860.0,5861.5,5857.75,5859.25,5085,0.0,0.0
2024-10-28 23:00:00-04:00,5859.25,5862.75,5850.25,5852.0,7973,0.0,0.0
2024-10-29 00:00:00-04:00,5853.25,5857.5,5853.0,5857.25,5789,0.0,0.0
2024-10-29 01:00:00-04:00,5857.5,5860.75,5855.25,5859.5,5640,0.0,0.0
2024-10-29 02:00:00-04:00,5859.75,5867.25,5859.75,5866.25,5590,0.0,0.0
2024-10-29 03:00:00-04:00,5866.0,5869.5,5863.75,5863.75,8563,0.0,0.0
2024-10-29 04:00:00-04:00,5864.0,5869.5,5854.75,5864.5,20466,0.0,0.0
2024-10-29 05:00:00-04:00,5864.25,5865.25,5858.75,5863.0,12751,0.0,0.0
2024-10-29 06:00:00-04:00,5863.0,5863.5,5855.5,5859.25,10579,0.0,0.0
2024-10-29 07:00:00-04:00,5859.25,5860.25,5853.25,5853.75,21880,0.0,0.0
2024-10-29 08:00:00-04:00,5853.5,5855.0,5848.0,5850.25,34014,0.0,0.0
2024-10-29 09:00:00-04:00,5850.0,5854.25,5837.5,5852.75,157386,0.0,0.0
2024-10-29 10:00:00-04:00,5852.75,5872.25,5848.25,5868.0,193290,0.0,0.0
2024-10-29 11:00:00-04:00,5868.0,5870.0,5859.0,5867.5,108218,0.0,0.0
2024-10-29 12:00:00-04:00,5867.5,5874.75,5862.0,5873.75,103244,0.0,0.0
2024-10-29 13:00:00-04:00,5873.75,5881.75,5868.75,5873.5,91946,0.0,0.0
2024-10-29 14:00:00-04:00,5873.5,5883.0,5870.75,5878.5,79470,0.0,0.0
2024-10-29 15:00:00-04:00,5878.25,5883.25,5867.5,5871.75,159792,0.0,0.0
2024-10-29 16:00:00-04:00,5871.75,5883.75,5871.0,5878.0,80808,0.0,0.0
2024-10-29 18:00:00-04:00,5883.0,5887.5,5880.25,5886.25,0,0.0,0.0
2024-10-29 19:00:00-04:00,5886.25,5886.75,5881.5,5884.25,4439,0.0,0.0
2024-10-29 20:00:00-04:00,5884.5,5891.5,5883.5,5890.5,8338,0.0,0.0
2024-10-29 21:00:00-04:00,5890.25,5893.0,5887.5,5891.75,5924,0.0,0.0
2024-10-29 22:00:00-04:00,5891.75,5891.75,5884.5,5885.0,6489,0.0,0.0
2024-10-29 23:00:00-04:00,5885.0,5885.75,5880.0,5881.5,8516,0.0,0.0
2024-10-30 00:00:00-04:00,5880.0,5881.25,5877.0,5877.25,5939,0.0,0.0
2024-10-30 01:00:00-04:00,5877.0,5879.25,5874.5,5876.25,5744,0.0,0.0
2024-10-30 02:00:00-04:00,5876.0,5884.25,5875.25,5884.0,7861,0.0,0.0
2024-10-30 03:00:00-04:00,5884.0,5885.25,5881.0,5881.0,8859,0.0,0.0
2024-10-30 04:00:00-04:00,5881.0,5886.0,5878.25,5880.25,15946,0.0,0.0
2024-10-30 05:00:00-04:00,5879.75,5884.75,5877.75,5882.25,13708,0.0,0.0
2024-10-30 06:00:00-04:00,5882.0,5885.0,5872.75,5874.0,23200,0.0,0.0
2024-10-30 07:00:00-04:00,5874.25,5879.75,5870.25,5871.75,20603,0.0,0.0
2024-10-30 08:00:00-04:00,5871.75,5877.5,5866.5,5868.5,38509,0.0,0.0
2024-10-30 09:00:00-04:00,5868.5,5872.0,5845.5,5871.0,195403,0.0,0.0
2024-10-30 10:00:00-04:00,5871.0,5883.0,5870.25,5877.0,169258,0.0,0.0
2024-10-30 11:00:00-04:00,5877.0,5886.75,5869.0,5884.5,123024,0.0,0.0
2024-10-30 12:00:00-04:00,5884.5,5885.5,5872.75,5873.25,89380,0.0,0.0
2024-10-30 13:00:00-04:00,5873.0,5876.25,5855.25,5858.75,124866,0.0,0.0
2024-10-30 14:00:00-04:00,5858.75,5870.75,5858.75,5864.5,92803,0.0,0.0
2024-10-30 15:00:00-04:00,5864.75,5864.75,5846.25,5853.0,212085,0.0,0.0
2024-10-30 16:00:00-04:00,5853.0,5859.75,5840.25,5845.25,96249,0.0,0.0
2024-10-30 18:00:00-04:00,5840.0,5844.0,5832.5,5835.0,0,0.0,0.0
2024-10-30 19:00:00-04:00,5835.0,5836.75,5831.5,5831.75,6339,0.0,0.0
2024-10-30 20:00:00-04:00,5831.75,5834.25,5827.0,5832.0,9383,0.0,0.0
2024-10-30 21:00:00-04:00,5832.0,5838.25,5832.0,5832.5,7671,0.0,0.0
2024-10-30 22:00:00-04:00,5833.0,5833.75,5828.5,5830.5,7678,0.0,0.0
2024-10-30 23:00:00-04:00,5830.5,5831.75,5827.25,5827.5,6385,0.0,0.0
2024-10-31 00:00:00-04:00,5826.25,5827.75,5825.0,5826.0,5628,0.0,0.0
2024-10-31 01:00:00-04:00,5826.0,5826.5,5823.0,5823.0,7740,0.0,0.0
2024-10-31 02:00:00-04:00,5823.25,5824.0,5814.25,5814.5,10835,0.0,0.0
2024-10-31 03:00:00-04:00,5814.5,5814.5,5806.25,5807.5,20912,0.0,0.0
2024-10-31 04:00:00-04:00,5807.5,5808.75,5801.0,5805.25,33388,0.0,0.0
2024-10-31 05:00:00-04:00,5805.25,5807.25,5801.5,5806.5,17697,0.0,0.0
2024-10-31 06:00:00-04:00,5806.75,5809.75,5802.75,5809.0,14570,0.0,0.0
2024-10-31 07:00:00-04:00,5809.25,5817.0,5807.75,5816.5,23384,0.0,0.0
2024-10-31 08:00:00-04:00,5816.5,5820.0,5812.0,5813.25,44129,0.0,0.0
2024-10-31 09:00:00-04:00,5813.25,5815.5,5781.75,5788.25,240727,0.0,0.0
2024-10-31 10:00:00-04:00,5788.25,5788.75,5760.0,5761.25,274824,0.0,0.0
2024-10-31 11:00:00-04:00,5761.5,5767.25,5750.5,5756.5,194126,0.0,0.0
2024-10-31 12:00:00-04:00,5760.0,5769.0,5755.25,5763.25,129070,0.0,0.0
2024-10-31 13:00:00-04:00,5763.25,5770.0,5751.0,5754.0,103486,0.0,0.0
2024-10-31 14:00:00-04:00,5753.75,5758.75,5747.0,5756.5,142987,0.0,0.0
2024-10-31 15:00:00-04:00,5756.75,5770.5,5734.5,5735.5,389010,0.0,0.0
2024-10-31 16:00:00-04:00,5735.75,5755.5,5733.25,5738.5,150217,0.0,0.0
2024-10-31 18:00:00-04:00,5742.0,5751.5,5739.0,5746.0,0,0.0,0.0
2024-10-31 19:00:00-04:00,5746.0,5747.5,5740.0,5742.5,7544,0.0,0.0
2024-10-31 20:00:00-04:00,5742.75,5745.75,5737.0,5743.75,8610,0.0,0.0
2024-10-31 21:00:00-04:00,5743.5,5745.5,5739.5,5741.0,6743,0.0,0.0
2024-10-31 22:00:00-04:00,5741.0,5744.0,5732.5,5743.75,8505,0.0,0.0
2024-10-31 23:00:00-04:00,5744.0,5749.75,5743.0,5748.0,6279,0.0,0.0
2024-11-01 00:00:00-04:00,5748.75,5751.0,5746.0,5748.0,4667,0.0,0.0
2024-11-01 01:00:00-04:00,5748.0,5754.5,5747.5,5753.25,10989,0.0,0.0
2024-11-01 02:00:00-04:00,5753.5,5753.5,5744.25,5746.25,7460,0.0,0.0
2024-11-01 03:00:00-04:00,5746.5,5751.25,5740.5,5750.0,13421,0.0,0.0
2024-11-01 04:00:00-04:00,5750.0,5757.0,5748.5,5753.75,24361,0.0,0.0
2024-11-01 05:00:00-04:00,5753.75,5758.0,5752.75,5755.75,13810,0.0,0.0
2024-11-01 06:00:00-04:00,5755.75,5762.0,5755.0,5760.75,14981,0.0,0.0
2024-11-01 07:00:00-04:00,5760.75,5764.25,5756.5,5761.25,19499,0.0,0.0
2024-11-01 08:00:00-04:00,5761.5,5769.5,5753.75,5766.5,69127,0.0,0.0
2024-11-01 09:00:00-04:00,5766.5,5781.25,5755.5,5779.5,172329,0.0,0.0
2024-11-01 10:00:00-04:00,5779.5,5803.0,5773.75,5792.0,278158,0.0,0.0
2024-11-01 11:00:00-04:00,5792.0,5801.0,5781.0,5784.0,162651,0.0,0.0
2024-11-01 12:00:00-04:00,5784.0,5790.5,5773.75,5777.0,121429,0.0,0.0
2024-11-01 13:00:00-04:00,5777.0,5786.0,5762.75,5763.25,159457,0.0,0.0
2024-11-01 14:00:00-04:00,5763.0,5771.75,5757.75,5768.5,119648,0.0,0.0
2024-11-01 15:00:00-04:00,5768.5,5776.5,5752.5,5756.75,226818,0.0,0.0
2024-11-01 16:00:00-04:00,5756.75,5765.25,5756.0,5760.0,50571,0.0,0.0
2024-11-03 18:00:00-05:00,5741.75,5755.75,5740.0,5749.75,18269,0.0,0.0
2024-11-03 19:00:00-05:00,5750.0,5750.5,5743.75,5749.25,8576,0.0,0.0
2024-11-03 20:00:00-05:00,5749.5,5761.25,5748.0,5759.25,8795,0.0,0.0
2024-11-03 21:00:00-05:00,5759.5,5771.5,5758.75,5766.0,11557,0.0,0.0
2024-11-03 22:00:00-05:00,5766.0,5771.0,5765.25,5769.25,5064,0.0,0.0
2024-11-03 23:00:00-05:00,5769.0,5774.75,5768.5,5772.75,5094,0.0,0.0
2024-11-04 00:00:00-05:00,5772.75,5772.75,5768.75,5772.0,4669,0.0,0.0
2024-11-04 01:00:00-05:00,5772.0,5776.5,5771.5,5774.25,5612,0.0,0.0
2024-11-04 02:00:00-05:00,5774.0,5775.5,5761.25,5761.75,9828,0.0,0.0
2024-11-04 03:00:00-05:00,5761.75,5770.25,5758.0,5763.75,18797,0.0,0.0
2024-11-04 04:00:00-05:00,5764.0,5766.5,5758.75,5765.25,15873,0.0,0.0
2024-11-04 05:00:00-05:00,5765.25,5774.5,5764.5,5773.0,10270,0.0,0.0
2024-11-04 06:00:00-05:00,5773.0,5773.75,5766.25,5769.25,8960,0.0,0.0
2024-11-04 07:00:00-05:00,5769.25,5772.0,5755.5,5766.25,19766,0.0,0.0
2024-11-04 08:00:00-05:00,5766.25,5769.0,5760.75,5762.25,25056,0.0,0.0
2024-11-04 09:00:00-05:00,5762.25,5762.5,5738.5,5760.75,170084,0.0,0.0
2024-11-04 10:00:00-05:00,5760.75,5771.5,5758.0,5762.5,166977,0.0,0.0
2024-11-04 11:00:00-05:00,5762.5,5768.25,5728.25,5734.0,175815,0.0,0.0
2024-11-04 12:00:00-05:00,5734.25,5754.75,5724.25,5750.75,154389,0.0,0.0
2024-11-04 13:00:00-05:00,5750.75,5758.75,5737.75,5753.0,119294,0.0,0.0
2024-11-04 14:00:00-05:00,5753.0,5758.25,5747.0,5751.0,76267,0.0,0.0
2024-11-04 15:00:00-05:00,5751.25,5753.0,5737.5,5744.0,191668,0.0,0.0
2024-11-04 16:00:00-05:00,5744.25,5749.75,5741.0,5749.0,42096,0.0,0.0
2024-11-04 18:00:00-05:00,5752.25,5753.25,5742.5,5743.0,0,0.0,0.0
2024-11-04 19:00:00-05:00,5742.75,5743.25,5739.75,5740.75,5853,0.0,0.0
2024-11-04 20:00:00-05:00,5740.75,5749.0,5735.0,5747.0,11029,0.0,0.0
2024-11-04 21:00:00-05:00,5747.0,5750.25,5742.0,5747.75,6992,0.0,0.0
2024-11-04 22:00:00-05:00,5747.75,5749.5,5745.5,5745.75,3475,0.0,0.0
2024-11-04 23:00:00-05:00,5745.75,5747.25,5742.5,5742.75,3080,0.0,0.0
2024-11-05 00:00:00-05:00,5746.75,5747.75,5744.5,5746.75,3458,0.0,0.0
2024-11-05 01:00:00-05:00,5746.75,5751.0,5745.5,5750.25,3434,0.0,0.0
2024-11-05 02:00:00-05:00,5750.25,5755.0,5747.75,5751.5,6054,0.0,0.0
2024-11-05 03:00:00-05:00,5751.5,5754.0,5743.75,5753.75,13330,0.0,0.0
2024-11-05 04:00:00-05:00,5753.75,5756.75,5751.75,5753.5,12855,0.0,0.0
2024-11-05 05:00:00-05:00,5753.25,5754.25,5746.5,5753.0,9350,0.0,0.0
2024-11-05 06:00:00-05:00,5753.0,5758.5,5753.0,5754.0,7251,0.0,0.0
2024-11-05 07:00:00-05:00,5754.0,5757.5,5748.25,5752.0,12634,0.0,0.0
2024-11-05 08:00:00-05:00,5752.25,5757.0,5749.75,5750.5,16742,0.0,0.0
2024-11-05 09:00:00-05:00,5750.5,5787.0,5747.5,5786.5,156061,0.0,0.0
2024-11-05 10:00:00-05:00,5786.25,5798.75,5781.0,5786.25,182861,0.0,0.0
2024-11-05 11:00:00-05:00,5786.25,5802.75,5781.25,5801.0,131192,0.0,0.0
2024-11-05 12:00:00-05:00,5801.0,5811.0,5797.75,5807.25,91308,0.0,0.0
2024-11-05 13:00:00-05:00,5807.0,5810.75,5792.5,5799.0,113910,0.0,0.0
2024-11-05 14:00:00-05:00,5798.75,5805.5,5793.0,5796.25,91811,0.0,0.0
2024-11-05 15:00:00-05:00,5796.25,5813.5,5793.75,5813.25,183227,0.0,0.0
2024-11-05 16:00:00-05:00,5813.25,5823.25,5811.75,5822.25,68615,0.0,0.0
2024-11-05 18:00:00-05:00,5820.25,5824.5,5814.75,5816.0,0,0.0,0.0
2024-11-05 19:00:00-05:00,5815.75,5846.75,5815.25,5838.25,36044,0.0,0.0
2024-11-05 20:00:00-05:00,5838.0,5854.5,5835.5,5844.75,30474,0.0,0.0
2024-11-05 21:00:00-05:00,5844.5,5883.25,5841.25,5882.25,51472,0.0,0.0
2024-11-05 22:00:00-05:00,5882.5,5894.75,5872.75,5882.0,58925,0.0,0.0
2024-11-05 23:00:00-05:00,5882.25,5892.25,5874.0,5888.5,23641,0.0,0.0
2024-11-06 00:00:00-05:00,5879.5,5887.5,5866.5,5883.75,30460,0.0,0.0
2024-11-06 01:00:00-05:00,5883.75,5909.25,5878.25,5901.5,35314,0.0,0.0
2024-11-06 02:00:00-05:00,5901.75,5929.75,5901.5,5919.25,57213,0.0,0.0
2024-11-06 03:00:00-05:00,5919.0,5954.0,5915.0,5945.25,59420,0.0,0.0
2024-11-06 04:00:00-05:00,5945.5,5948.5,5932.5,5948.5,34580,0.0,0.0
2024-11-06 05:00:00-05:00,5948.5,5949.5,5939.75,5943.0,23973,0.0,0.0
2024-11-06 06:00:00-05:00,5942.75,5947.25,5919.5,5925.0,36896,0.0,0.0
2024-11-06 07:00:00-05:00,5925.25,5951.75,5921.75,5944.0,42765,0.0,0.0
2024-11-06 08:00:00-05:00,5944.0,5949.5,5931.75,5933.5,47179,0.0,0.0
2024-11-06 09:00:00-05:00,5933.25,5941.25,5900.75,5908.5,282657,0.0,0.0
2024-11-06 10:00:00-05:00,5908.25,5938.75,5908.25,5917.25,287671,0.0,0.0
2024-11-06 11:00:00-05:00,5917.5,5936.75,5910.5,5936.0,153539,0.0,0.0
2024-11-06 12:00:00-05:00,5936.25,5943.0,5931.25,5940.75,90765,0.0,0.0
2024-11-06 13:00:00-05:00,5940.5,5955.0,5939.5,5950.5,104090,0.0,0.0
2024-11-06 14:00:00-05:00,5950.5,5956.75,5945.5,5953.0,93568,0.0,0.0
2024-11-06 15:00:00-05:00,5953.0,5967.0,5952.0,5957.75,249494,0.0,0.0
2024-11-06 16:00:00-05:00,5957.5,5966.5,5955.75,5966.25,65398,0.0,0.0
2024-11-06 18:00:00-05:00,5963.5,5964.25,5955.75,5956.75,0,0.0,0.0
2024-11-06 19:00:00-05:00,5957.0,5961.75,5951.0,5952.75,8725,0.0,0.0
2024-11-06 20:00:00-05:00,5952.75,5963.25,5951.75,5960.5,8897,0.0,0.0
2024-11-06 21:00:00-05:00,5960.5,5962.25,5957.25,5958.75,6459,0.0,0.0
2024-11-06 22:00:00-05:00,5959.0,5967.5,5958.25,5964.0,7737,0.0,0.0
2024-11-06 23:00:00-05:00,5964.5,5968.75,5962.25,5965.75,4927,0.0,0.0
2024-11-07 00:00:00-05:00,5968.0,5970.25,5965.75,5969.25,6103,0.0,0.0
2024-11-07 01:00:00-05:00,5969.5,5971.75,5966.5,5967.25,5186,0.0,0.0
2024-11-07 02:00:00-05:00,5967.25,5968.25,5959.25,5961.5,9049,0.0,0.0
2024-11-07 03:00:00-05:00,5961.5,5973.0,5961.0,5967.75,20847,0.0,0.0
2024-11-07 04:00:00-05:00,5967.75,5973.0,5964.5,5967.5,15021,0.0,0.0
2024-11-07 05:00:00-05:00,5967.5,5971.5,5967.25,5971.0,12209,0.0,0.0
2024-11-07 06:00:00-05:00,5971.25,5971.25,5964.75,5971.0,11483,0.0,0.0
2024-11-07 07:00:00-05:00,5970.5,5975.25,5968.5,5973.25,18875,0.0,0.0
2024-11-07 08:00:00-05:00,5973.25,5977.0,5967.0,5973.25,34559,0.0,0.0
2024-11-07 09:00:00-05:00,5973.25,5986.75,5971.0,5986.0,146882,0.0,0.0
2024-11-07 10:00:00-05:00,5985.75,5996.25,5984.0,5994.5,157418,0.0,0.0
2024-11-07 11:00:00-05:00,5994.5,5999.25,5987.25,5997.75,106303,0.0,0.0
2024-11-07 12:00:00-05:00,5998.0,6002.0,5994.0,6000.5,74792,0.0,0.0
2024-11-07 13:00:00-05:00,6000.5,6001.0,5988.0,5994.0,85115,0.0,0.0
2024-11-07 14:00:00-05:00,5994.0,6006.75,5985.5,6006.75,155785,0.0,0.0
2024-11-07 15:00:00-05:00,6006.75,6013.0,5998.5,6002.5,239655,0.0,0.0
2024-11-07 16:00:00-05:00,6002.5,6009.5,6001.25,6006.5,70479,0.0,0.0
2024-11-07 18:00:00-05:00,6007.75,6009.0,6002.0,6007.25,0,0.0,0.0
2024-11-07 19:00:00-05:00,6007.25,6009.0,6003.25,6003.75,4772,0.0,0.0
2024-11-07 20:00:00-05:00,6004.0,6005.75,6002.0,6005.25,5778,0.0,0.0
2024-11-07 21:00:00-05:00,6005.25,6007.0,6001.25,6001.5,5303,0.0,0.0
2024-11-07 22:00:00-05:00,6001.5,6004.25,6001.5,6003.0,3558,0.0,0.0
2024-11-07 23:00:00-05:00,6002.75,6005.25,6002.0,6003.0,3193,0.0,0.0
2024-11-08 00:00:00-05:00,6003.0,6009.75,6003.0,6007.5,4389,0.0,0.0
2024-11-08 01:00:00-05:00,6007.5,6008.5,6002.75,6005.0,4210,0.0,0.0
2024-11-08 02:00:00-05:00,6005.25,6010.0,6003.75,6008.5,5434,0.0,0.0
2024-11-08 03:00:00-05:00,6008.5,6010.0,6002.25,6006.0,17986,0.0,0.0
2024-11-08 04:00:00-05:00,6006.0,6009.75,6005.0,6006.25,12016,0.0,0.0
2024-11-08 05:00:00-05:00,6006.5,6006.5,5990.5,5994.0,24352,0.0,0.0
2024-11-08 06:00:00-05:00,5994.25,5997.75,5990.25,5996.5,15730,0.0,0.0
2024-11-08 07:00:00-05:00,5996.75,6002.75,5995.75,6002.25,18092,0.0,0.0
2024-11-08 08:00:00-05:00,6002.0,6004.25,5997.75,5998.25,24265,0.0,0.0
2024-11-08 09:00:00-05:00,5998.25,6015.5,5997.5,6015.0,129174,0.0,0.0
2024-11-08 10:00:00-05:00,6014.5,6023.0,6008.5,6021.25,156969,0.0,0.0
2024-11-08 11:00:00-05:00,6021.0,6025.5,6016.75,6022.75,90987,0.0,0.0
2024-11-08 12:00:00-05:00,6023.0,6027.0,6017.75,6024.75,89179,0.0,0.0
2024-11-08 13:00:00-05:00,6024.75,6036.0,6023.25,6034.0,77035,0.0,0.0
2024-11-08 14:00:00-05:00,6034.0,6040.5,6030.75,6033.0,82903,0.0,0.0
2024-11-08 15:00:00-05:00,6033.0,6033.75,6020.0,6027.25,228701,0.0,0.0
2024-11-08 16:00:00-05:00,6027.0,6029.0,6023.25,6023.5,50784,0.0,0.0
2024-11-10 18:00:00-05:00,6030.0,6038.5,6029.5,6037.5,11519,0.0,0.0
2024-11-10 19:00:00-05:00,6037.5,6038.25,6032.25,6033.0,7163,0.0,0.0
2024-11-10 20:00:00-05:00,6032.75,6036.0,6031.25,6035.25,6336,0.0,0.0
2024-11-10 21:00:00-05:00,6035.25,6035.75,6032.25,6033.25,4404,0.0,0.0
2024-11-10 22:00:00-05:00,6033.0,6034.75,6032.75,6034.25,2420,0.0,0.0
2024-11-10 23:00:00-05:00,6034.25,6036.5,6034.25,6036.5,3780,0.0,0.0
2024-11-11 00:00:00-05:00,6036.5,6038.5,6036.0,6036.25,4181,0.0,0.0
2024-11-11 01:00:00-05:00,6036.5,6038.25,6035.75,6037.5,4123,0.0,0.0
2024-11-11 02:00:00-05:00,6037.25,6040.0,6035.5,6039.5,6824,0.0,0.0
2024-11-11 03:00:00-05:00,6039.5,6044.5,6038.75,6040.75,16895,0.0,0.0
2024-11-11 04:00:00-05:00,6040.75,6044.0,6038.75,6041.25,10975,0.0,0.0
2024-11-11 05:00:00-05:00,6041.25,6043.25,6039.5,6039.5,8565,0.0,0.0
2024-11-11 06:00:00-05:00,6039.75,6043.25,6039.5,6043.0,10231,0.0,0.0
2024-11-11 07:00:00-05:00,6043.0,6053.25,6042.75,6051.0,20881,0.0,0.0
2024-11-11 08:00:00-05:00,6051.0,6052.5,6041.0,6042.5,26494,0.0,0.0
2024-11-11 09:00:00-05:00,6042.5,6045.0,6032.5,6035.5,140623,0.0,0.0
2024-11-11 10:00:00-05:00,6035.5,6043.5,6029.0,6040.5,153225,0.0,0.0
2024-11-11 11:00:00-05:00,6040.5,6043.5,6033.25,6038.5,86055,0.0,0.0
2024-11-11 12:00:00-05:00,6038.25,6039.5,6026.0,6026.0,86477,0.0,0.0
2024-11-11 13:00:00-05:00,6026.0,6030.25,6013.5,6026.25,130818,0.0,0.0
2024-11-11 14:00:00-05:00,6026.25,6028.5,6024.0,6027.25,55479,0.0,0.0
2024-11-11 15:00:00-05:00,6027.25,6033.5,6023.5,6032.0,152058,0.0,0.0
2024-11-11 16:00:00-05:00,6032.25,6033.0,6026.0,6028.5,63773,0.0,0.0
2024-11-11 18:00:00-05:00,6029.25,6029.5,6025.0,6027.75,0,0.0,0.0
2024-11-11 19:00:00-05:00,6028.0,6029.0,6022.75,6026.0,7044,0.0,0.0
2024-11-11 20:00:00-05:00,6025.75,6032.5,6025.25,6028.0,7883,0.0,0.0
2024-11-11 21:00:00-05:00,6028.25,6030.75,6022.0,6024.25,10821,0.0,0.0
2024-11-11 22:00:00-05:00,6024.25,6027.5,6023.75,6024.25,4603,0.0,0.0
2024-11-11 23:00:00-05:00,6024.25,6027.25,6023.5,6027.25,3719,0.0,0.0
2024-11-12 00:00:00-05:00,6025.5,6025.75,6022.25,6023.25,5330,0.0,0.0
2024-11-12 01:00:00-05:00,6023.25,6025.0,6022.0,6024.25,4515,0.0,0.0
2024-11-12 02:00:00-05:00,6024.25,6027.25,6021.0,6026.5,10489,0.0,0.0
2024-11-12 03:00:00-05:00,6026.5,6031.75,6023.25,6029.5,15407,0.0,0.0
2024-11-12 04:00:00-05:00,6029.25,6029.75,6020.0,6020.5,17163,0.0,0.0
2024-11-12 05:00:00-05:00,6020.5,6020.75,6012.25,6018.5,26746,0.0,0.0
2024-11-12 06:00:00-05:00,6021.0,6024.0,6018.75,6021.25,16427,0.0,0.0
2024-11-12 07:00:00-05:00,6021.25,6027.5,6021.0,6024.0,16733,0.0,0.0
2024-11-12 08:00:00-05:00,6024.0,6031.25,6021.0,6030.75,31161,0.0,0.0
2024-11-12 09:00:00-05:00,6030.75,6036.5,6025.5,6032.75,115403,0.0,0.0
2024-11-12 10:00:00-05:00,6032.75,6033.5,6015.5,6015.75,169603,0.0,0.0
2024-11-12 11:00:00-05:00,6015.75,6019.5,6006.5,6008.0,158864,0.0,0.0
2024-11-12 12:00:00-05:00,6007.75,6010.75,5988.75,5990.0,155332,0.0,0.0
2024-11-12 13:00:00-05:00,5990.25,6021.25,5986.75,6017.5,162257,0.0,0.0
2024-11-12 14:00:00-05:00,6017.75,6027.75,6016.75,6024.0,108607,0.0,0.0
2024-11-12 15:00:00-05:00,6023.75,6025.75,6008.75,6012.5,210975,0.0,0.0
2024-11-12 16:00:00-05:00,6012.5,6017.0,6011.25,6012.25,62927,0.0,0.0
2024-11-12 18:00:00-05:00,6012.25,6013.25,6004.0,6008.0,0,0.0,0.0
2024-11-12 19:00:00-05:00,6008.25,6008.5,6003.0,6004.75,5621,0.0,0.0
2024-11-12 20:00:00-05:00,6004.75,6007.75,6002.5,6004.5,6429,0.0,0.0
2024-11-12 21:00:00-05:00,6004.5,6006.75,6002.0,6006.5,5831,0.0,0.0
2024-11-12 22:00:00-05:00,6006.5,6008.75,6004.25,6004.5,4520,0.0,0.0
2024-11-12 23:00:00-05:00,6004.75,6005.5,6002.0,6003.75,5367,0.0,0.0
2024-11-13 00:00:00-05:00,6004.0,6004.0,5999.0,5999.5,7066,0.0,0.0
2024-11-13 01:00:00-05:00,5999.5,6000.75,5993.0,5996.0,10872,0.0,0.0
2024-11-13 02:00:00-05:00,5995.75,6001.0,5994.75,5998.0,10909,0.0,0.0
2024-11-13 03:00:00-05:00,5998.25,6007.5,5996.5,6007.0,12690,0.0,0.0
2024-11-13 04:00:00-05:00,6006.75,6009.75,6005.0,6008.5,7994,0.0,0.0
2024-11-13 05:00:00-05:00,6008.5,6010.0,6001.5,6002.0,7749,0.0,0.0
2024-11-13 06:00:00-05:00,6002.25,6003.75,5996.5,5996.75,8831,0.0,0.0
2024-11-13 07:00:00-05:00,5996.75,6005.5,5995.5,6001.25,19547,0.0,0.0
2024-11-13 08:00:00-05:00,6001.25,6030.25,5999.75,6013.75,79824,0.0,0.0
2024-11-13 09:00:00-05:00,6013.75,6020.0,6005.5,6013.5,152188,0.0,0.0
2024-11-13 10:00:00-05:00,6013.5,6016.5,5991.75,6014.25,230014,0.0,0.0
2024-11-13 11:00:00-05:00,6014.25,6026.0,6009.25,6023.25,141432,0.0,0.0
2024-11-13 12:00:00-05:00,6023.5,6034.75,6022.0,6034.0,115577,0.0,0.0
2024-11-13 13:00:00-05:00,6034.25,6035.25,6026.25,6032.0,90966,0.0,0.0
2024-11-13 14:00:00-05:00,6032.25,6032.5,6013.25,6015.0,136551,0.0,0.0
2024-11-13 15:00:00-05:00,6015.0,6028.25,6008.0,6016.0,237600,0.0,0.0
2024-11-13 16:00:00-05:00,6015.75,6022.5,6013.0,6018.25,57224,0.0,0.0
2024-11-13 18:00:00-05:00,6017.75,6022.0,6015.5,6020.25,0,0.0,0.0
2024-11-13 19:00:00-05:00,6020.25,6021.25,6013.75,6017.25,5366,0.0,0.0
2024-11-13 20:00:00-05:00,6017.25,6017.25,6013.0,6013.0,6696,0.0,0.0
2024-11-13 21:00:00-05:00,6013.25,6013.25,6009.5,6010.25,6359,0.0,0.0
2024-11-13 22:00:00-05:00,6010.0,6013.75,6009.0,6010.75,4422,0.0,0.0
2024-11-13 23:00:00-05:00,6011.0,6015.25,6010.0,6012.25,4525,0.0,0.0
2024-11-14 00:00:00-05:00,6009.0,6010.25,6006.0,6010.0,5839,0.0,0.0
2024-11-14 01:00:00-05:00,6009.75,6011.0,6005.75,6005.75,4548,0.0,0.0
2024-11-14 02:00:00-05:00,6006.0,6014.75,6004.0,6013.75,9275,0.0,0.0
2024-11-14 03:00:00-05:00,6013.75,6021.5,6012.75,6019.25,16582,0.0,0.0
2024-11-14 04:00:00-05:00,6019.25,6024.5,6017.25,6018.0,13953,0.0,0.0
2024-11-14 05:00:00-05:00,6017.75,6022.25,6017.5,6019.0,8806,0.0,0.0
2024-11-14 06:00:00-05:00,6019.0,6024.5,6017.75,6024.25,10356,0.0,0.0
2024-11-14 07:00:00-05:00,6024.0,6025.25,6018.0,6018.5,14231,0.0,0.0
2024-11-14 08:00:00-05:00,6018.75,6024.75,6009.5,6014.25,48476,0.0,0.0
2024-11-14 09:00:00-05:00,6014.25,6020.5,5999.5,6005.5,198984,0.0,0.0
2024-11-14 10:00:00-05:00,6005.5,6011.25,5992.75,6003.25,205971,0.0,0.0
2024-11-14 11:00:00-05:00,6003.0,6011.5,5996.75,5998.5,122664,0.0,0.0
2024-11-14 12:00:00-05:00,5998.5,6000.5,5978.75,5992.0,177587,0.0,0.0
2024-11-14 13:00:00-05:00,5992.0,5999.25,5979.25,5980.75,111187,0.0,0.0
2024-11-14 14:00:00-05:00,5980.5,6000.5,5980.25,5995.25,115884,0.0,0.0
2024-11-14 15:00:00-05:00,5995.25,5995.25,5968.75,5977.0,312251,0.0,0.0
2024-11-14 16:00:00-05:00,5977.0,5977.75,5964.25,5974.25,64243,0.0,0.0
2024-11-14 18:00:00-05:00,5972.0,5974.25,5964.5,5967.25,0,0.0,0.0
2024-11-14 19:00:00-05:00,5967.0,5968.0,5958.75,5962.0,11963,0.0,0.0
2024-11-14 20:00:00-05:00,5961.5,5962.0,5955.0,5956.25,11424,0.0,0.0
2024-11-14 21:00:00-05:00,5956.25,5960.75,5954.75,5959.75,7031,0.0,0.0
2024-11-14 22:00:00-05:00,5960.0,5962.5,5957.75,5959.0,6143,0.0,0.0
2024-11-14 23:00:00-05:00,5959.0,5961.25,5956.0,5960.0,6980,0.0,0.0
2024-11-15 00:00:00-05:00,5961.0,5963.0,5955.25,5956.25,5722,0.0,0.0
2024-11-15 01:00:00-05:00,5956.25,5956.25,5942.5,5949.25,15475,0.0,0.0
2024-11-15 02:00:00-05:00,5949.0,5949.5,5941.0,5941.5,12166,0.0,0.0
2024-11-15 03:00:00-05:00,5941.5,5945.0,5930.75,5943.25,34977,0.0,0.0
2024-11-15 04:00:00-05:00,5943.0,5943.75,5937.5,5939.0,15161,0.0,0.0
2024-11-15 05:00:00-05:00,5939.0,5942.25,5936.25,5941.5,14291,0.0,0.0
2024-11-15 06:00:00-05:00,5941.5,5946.75,5941.0,5945.5,14605,0.0,0.0
2024-11-15 07:00:00-05:00,5945.5,5952.75,5944.75,5951.5,20493,0.0,0.0
2024-11-15 08:00:00-05:00,5951.25,5953.25,5940.75,5943.25,48321,0.0,0.0
2024-11-15 09:00:00-05:00,5943.0,5944.75,5924.5,5926.25,258026,0.0,0.0
2024-11-15 10:00:00-05:00,5926.25,5927.0,5899.0,5903.25,344835,0.0,0.0
2024-11-15 11:00:00-05:00,5903.5,5913.25,5893.75,5896.5,195519,0.0,0.0
2024-11-15 12:00:00-05:00,5896.5,5898.5,5885.0,5893.0,151039,0.0,0.0
2024-11-15 13:00:00-05:00,5892.75,5895.25,5876.75,5883.25,141377,0.0,0.0
2024-11-15 14:00:00-05:00,5883.5,5896.5,5878.5,5888.25,153926,0.0,0.0
2024-11-15 15:00:00-05:00,5888.25,5902.0,5886.5,5896.75,300173,0.0,0.0
2024-11-15 16:00:00-05:00,5896.75,5905.25,5896.5,5899.75,70185,0.0,0.0
2024-11-17 18:00:00-05:00,5899.75,5904.5,5891.75,5904.25,14248,0.0,0.0
2024-11-17 19:00:00-05:00,5904.5,5914.5,5903.0,5913.5,15804,0.0,0.0
2024-11-17 20:00:00-05:00,5913.5,5914.25,5910.75,5912.0,8492,0.0,0.0
2024-11-17 21:00:00-05:00,5911.75,5913.25,5908.75,5912.0,6817,0.0,0.0
2024-11-17 22:00:00-05:00,5912.0,5913.25,5909.75,5911.25,5169,0.0,0.0
2024-11-17 23:00:00-05:00,5911.25,5915.5,5911.0,5914.0,6857,0.0,0.0
2024-11-18 00:00:00-05:00,5914.0,5914.5,5910.5,5912.75,5497,0.0,0.0
2024-11-18 01:00:00-05:00,5912.5,5915.75,5910.25,5915.25,5322,0.0,0.0
2024-11-18 02:00:00-05:00,5915.25,5915.25,5899.5,5903.75,13841,0.0,0.0
2024-11-18 03:00:00-05:00,5903.5,5908.75,5898.75,5905.75,21284,0.0,0.0
2024-11-18 04:00:00-05:00,5906.0,5906.0,5894.5,5897.0,26488,0.0,0.0
2024-11-18 05:00:00-05:00,5897.25,5904.5,5895.5,5903.75,14113,0.0,0.0
2024-11-18 06:00:00-05:00,5903.75,5904.0,5895.25,5898.75,9835,0.0,0.0
2024-11-18 07:00:00-05:00,5899.0,5904.0,5897.0,5900.5,14448,0.0,0.0
2024-11-18 08:00:00-05:00,5900.5,5902.25,5886.5,5900.0,39026,0.0,0.0
2024-11-18 09:00:00-05:00,5900.0,5905.75,5891.25,5895.0,158792,0.0,0.0
2024-11-18 10:00:00-05:00,5894.75,5921.25,5894.0,5920.25,200607,0.0,0.0
2024-11-18 11:00:00-05:00,5920.25,5933.0,5917.0,5920.75,153480,0.0,0.0
2024-11-18 12:00:00-05:00,5920.75,5924.5,5914.75,5924.25,111740,0.0,0.0
2024-11-18 13:00:00-05:00,5924.25,5924.5,5907.5,5921.0,104575,0.0,0.0
2024-11-18 14:00:00-05:00,5921.0,5921.75,5908.25,5918.75,116127,0.0,0.0
2024-11-18 15:00:00-05:00,5918.5,5921.75,5913.0,5920.25,170751,0.0,0.0
2024-11-18 16:00:00-05:00,5920.25,5921.75,5916.0,5918.75,40337,0.0,0.0
2024-11-18 18:00:00-05:00,5919.0,5919.5,5911.75,5916.75,0,0.0,0.0
2024-11-18 19:00:00-05:00,5916.75,5923.5,5915.0,5918.0,7997,0.0,0.0
2024-11-18 20:00:00-05:00,5917.75,5921.25,5914.0,5920.5,5209,0.0,0.0
2024-11-18 21:00:00-05:00,5920.75,5924.75,5918.5,5924.25,5550,0.0,0.0
2024-11-18 22:00:00-05:00,5924.5,5931.5,5924.25,5929.5,7528,0.0,0.0
2024-11-18 23:00:00-05:00,5929.75,5933.75,5929.25,5930.25,5366,0.0,0.0
2024-11-19 00:00:00-05:00,5930.25,5930.25,5926.5,5928.25,4543,0.0,0.0
2024-11-19 01:00:00-05:00,5928.25,5929.5,5926.5,5927.5,4070,0.0,0.0
2024-11-19 02:00:00-05:00,5927.5,5929.75,5922.75,5927.25,6522,0.0,0.0
2024-11-19 03:00:00-05:00,5927.0,5931.5,5904.5,5915.75,31473,0.0,0.0
2024-11-19 04:00:00-05:00,5915.75,5920.0,5882.0,5890.5,62354,0.0,0.0
2024-11-19 05:00:00-05:00,5890.0,5900.5,5887.75,5897.25,23975,0.0,0.0
2024-11-19 06:00:00-05:00,5897.0,5899.75,5889.5,5896.5,14727,0.0,0.0
2024-11-19 07:00:00-05:00,5896.75,5908.25,5895.5,5906.75,25407,0.0,0.0
2024-11-19 08:00:00-05:00,5906.75,5907.25,5861.0,5862.0,79319,0.0,0.0
2024-11-19 09:00:00-05:00,5862.0,5894.5,5855.0,5888.75,251095,0.0,0.0
2024-11-19 10:00:00-05:00,5888.5,5917.5,5882.25,5913.5,247067,0.0,0.0
2024-11-19 11:00:00-05:00,5913.5,5929.0,5912.5,5925.0,147268,0.0,0.0
2024-11-19 12:00:00-05:00,5925.0,5932.25,5917.0,5927.75,113078,0.0,0.0
2024-11-19 13:00:00-05:00,5927.75,5947.5,5925.25,5945.75,119632,0.0,0.0
2024-11-19 14:00:00-05:00,5945.75,5946.5,5927.0,5932.25,140531,0.0,0.0
2024-11-19 15:00:00-05:00,5932.25,5942.25,5929.75,5939.0,191571,0.0,0.0
2024-11-19 16:00:00-05:00,5939.0,5944.5,5937.0,5937.5,48578,0.0,0.0
2024-11-19 18:00:00-05:00,5937.75,5945.75,5937.0,5945.0,0,0.0,0.0
2024-11-19 19:00:00-05:00,5945.25,5954.0,5944.5,5950.0,9911,0.0,0.0
2024-11-19 20:00:00-05:00,5949.75,5952.0,5943.25,5945.75,8378,0.0,0.0
2024-11-19 21:00:00-05:00,5945.75,5951.0,5944.75,5950.0,4886,0.0,0.0
2024-11-19 22:00:00-05:00,5949.75,5950.25,5941.75,5944.5,6627,0.0,0.0
2024-11-19 23:00:00-05:00,5944.25,5948.5,5944.25,5947.5,4428,0.0,0.0
2024-11-20 00:00:00-05:00,5946.25,5948.75,5944.75,5946.75,4220,0.0,0.0
2024-11-20 01:00:00-05:00,5947.0,5955.25,5946.25,5954.0,7791,0.0,0.0
2024-11-20 02:00:00-05:00,5953.75,5956.25,5947.5,5953.25,9745,0.0,0.0
2024-11-20 03:00:00-05:00,5953.25,5957.75,5949.75,5950.25,15744,0.0,0.0
2024-11-20 04:00:00-05:00,5950.25,5956.5,5946.75,5949.5,11305,0.0,0.0
2024-11-20 05:00:00-05:00,5949.25,5949.75,5938.75,5944.0,12727,0.0,0.0
2024-11-20 06:00:00-05:00,5944.0,5948.75,5940.75,5944.75,14915,0.0,0.0
2024-11-20 07:00:00-05:00,5945.0,5952.5,5944.0,5951.5,12069,0.0,0.0
2024-11-20 08:00:00-05:00,5951.5,5954.0,5943.0,5945.0,19180,0.0,0.0
2024-11-20 09:00:00-05:00,5944.75,5945.0,5908.5,5908.75,196610,0.0,0.0
2024-11-20 10:00:00-05:00,5908.5,5916.25,5880.0,5908.25,291268,0.0,0.0
2024-11-20 11:00:00-05:00,5908.25,5922.25,5889.5,5917.75,203074,0.0,0.0
2024-11-20 12:00:00-05:00,5917.5,5921.25,5895.5,5905.25,147605,0.0,0.0
2024-11-20 13:00:00-05:00,5905.25,5911.75,5895.75,5902.0,103126,0.0,0.0
2024-11-20 14:00:00-05:00,5902.0,5913.75,5896.5,5909.25,92268,0.0,0.0
2024-11-20 15:00:00-05:00,5909.25,5942.75,5906.25,5939.0,232982,0.0,0.0
2024-11-20 16:00:00-05:00,5939.25,5944.25,5911.0,5939.75,101470,0.0,0.0
2024-11-20 18:00:00-05:00,5937.25,5942.5,5927.75,5940.0,0,0.0,0.0
2024-11-20 19:00:00-05:00,5940.25,5941.75,5918.0,5918.5,12049,0.0,0.0
2024-11-20 20:00:00-05:00,5918.75,5923.25,5911.25,5914.0,10321,0.0,0.0
2024-11-20 21:00:00-05:00,5914.0,5921.0,5913.25,5917.75,6542,0.0,0.0
2024-11-20 22:00:00-05:00,5918.0,5925.5,5918.0,5919.75,6231,0.0,0.0
2024-11-20 23:00:00-05:00,5920.0,5925.25,5916.25,5924.0,4124,0.0,0.0
2024-11-21 00:00:00-05:00,5925.5,5929.75,5922.0,5925.5,4757,0.0,0.0
2024-11-21 01:00:00-05:00,5925.75,5928.75,5923.25,5927.75,4523,0.0,0.0
2024-11-21 02:00:00-05:00,5927.75,5935.5,5910.75,5924.25,25621,0.0,0.0
2024-11-21 03:00:00-05:00,5924.0,5930.75,5913.5,5922.5,29442,0.0,0.0
2024-11-21 04:00:00-05:00,5922.25,5922.5,5905.25,5916.25,30873,0.0,0.0
2024-11-21 05:00:00-05:00,5916.0,5925.0,5912.5,5923.25,13654,0.0,0.0
2024-11-21 06:00:00-05:00,5923.25,5942.5,5923.0,5941.25,24259,0.0,0.0
2024-11-21 07:00:00-05:00,5941.5,5960.5,5939.75,5949.75,40801,0.0,0.0
2024-11-21 08:00:00-05:00,5949.5,5970.75,5949.25,5962.75,48044,0.0,0.0
2024-11-21 09:00:00-05:00,5963.0,5971.5,5918.75,5930.75,300806,0.0,0.0
2024-11-21 10:00:00-05:00,5930.5,5950.5,5907.25,5950.25,365142,0.0,0.0
2024-11-21 11:00:00-05:00,5950.25,5965.5,5943.75,5953.0,212494,0.0,0.0
2024-11-21 12:00:00-05:00,5953.0,5975.75,5944.75,5971.5,151106,0.0,0.0
2024-11-21 13:00:00-05:00,5971.25,5982.5,5970.5,5978.5,121435,0.0,0.0
2024-11-21 14:00:00-05:00,5978.5,5981.25,5969.25,5979.75,114500,0.0,0.0
2024-11-21 15:00:00-05:00,5979.75,5985.0,5969.75,5970.0,172982,0.0,0.0
2024-11-21 16:00:00-05:00,5970.0,5972.5,5966.0,5966.5,80519,0.0,0.0
2024-11-21 18:00:00-05:00,5967.0,5968.75,5961.25,5964.25,0,0.0,0.0
2024-11-21 19:00:00-05:00,5964.25,5969.25,5962.0,5963.5,7055,0.0,0.0
2024-11-21 20:00:00-05:00,5963.75,5971.5,5963.5,5968.0,5678,0.0,0.0
2024-11-21 21:00:00-05:00,5968.0,5972.75,5966.25,5971.75,4472,0.0,0.0
2024-11-21 22:00:00-05:00,5971.5,5977.0,5960.0,5965.75,12968,0.0,0.0
2024-11-21 23:00:00-05:00,5966.0,5971.5,5964.5,5968.75,5449,0.0,0.0
2024-11-22 00:00:00-05:00,5969.25,5970.25,5960.5,5961.0,5730,0.0,0.0
2024-11-22 01:00:00-05:00,5961.0,5972.25,5960.75,5969.5,7486,0.0,0.0
2024-11-22 02:00:00-05:00,5969.25,5976.0,5967.25,5970.5,7613,0.0,0.0
2024-11-22 03:00:00-05:00,5970.75,5975.5,5966.25,5969.5,14941,0.0,0.0
2024-11-22 04:00:00-05:00,5969.5,5970.0,5941.25,5956.75,39100,0.0,0.0
2024-11-22 05:00:00-05:00,5956.75,5957.25,5940.75,5953.0,21203,0.0,0.0
2024-11-22 06:00:00-05:00,5953.0,5960.5,5947.75,5959.5,12695,0.0,0.0
2024-11-22 07:00:00-05:00,5959.25,5967.75,5959.25,5967.0,16892,0.0,0.0
2024-11-22 08:00:00-05:00,5967.0,5971.25,5962.5,5965.25,23865,0.0,0.0
2024-11-22 09:00:00-05:00,5965.25,5993.25,5963.0,5991.25,197254,0.0,0.0
2024-11-22 10:00:00-05:00,5990.75,5992.0,5962.75,5989.5,286789,0.0,0.0
2024-11-22 11:00:00-05:00,5989.75,5990.75,5968.75,5981.75,177911,0.0,0.0
2024-11-22 12:00:00-05:00,5982.0,5990.75,5978.25,5989.0,123895,0.0,0.0
2024-11-22 13:00:00-05:00,5989.0,5993.5,5980.75,5986.0,106437,0.0,0.0
2024-11-22 14:00:00-05:00,5986.0,5988.0,5973.25,5985.75,109796,0.0,0.0
2024-11-22 15:00:00-05:00,5985.75,5992.75,5972.75,5986.0,218827,0.0,0.0
2024-11-22 16:00:00-05:00,5985.75,5991.25,5984.5,5990.25,54426,0.0,0.0
2024-11-24 18:00:00-05:00,6006.0,6011.0,6005.5,6008.75,12388,0.0,0.0
2024-11-24 19:00:00-05:00,6009.0,6014.0,6008.75,6013.5,8696,0.0,0.0
2024-11-24 20:00:00-05:00,6013.5,6015.25,6012.75,6013.25,8718,0.0,0.0
2024-11-24 21:00:00-05:00,6013.5,6014.75,6013.0,6014.25,3899,0.0,0.0
2024-11-24 22:00:00-05:00,6014.25,6015.0,6012.25,6013.25,3147,0.0,0.0
2024-11-24 23:00:00-05:00,6013.5,6014.5,6013.25,6013.75,2995,0.0,0.0
2024-11-25 00:00:00-05:00,6013.5,6014.25,6012.25,6014.0,3698,0.0,0.0
2024-11-25 01:00:00-05:00,6014.0,6014.0,6011.5,6012.25,4397,0.0,0.0
2024-11-25 02:00:00-05:00,6012.25,6013.0,6009.0,6011.5,6268,0.0,0.0
2024-11-25 03:00:00-05:00,6011.75,6014.5,6010.75,6012.75,13577,0.0,0.0
2024-11-25 04:00:00-05:00,6012.75,6017.0,6011.0,6016.0,11961,0.0,0.0
2024-11-25 05:00:00-05:00,6016.0,6018.5,6014.5,6018.0,8140,0.0,0.0
2024-11-25 06:00:00-05:00,6018.0,6019.25,6015.25,6017.25,8121,0.0,0.0
2024-11-25 07:00:00-05:00,6017.0,6017.75,6011.25,6016.25,18150,0.0,0.0
2024-11-25 08:00:00-05:00,6016.25,6032.25,6014.75,6027.75,42377,0.0,0.0
2024-11-25 09:00:00-05:00,6027.5,6040.0,6018.0,6023.75,261315,0.0,0.0
2024-11-25 10:00:00-05:00,6023.75,6024.0,6006.0,6010.5,289396,0.0,0.0
2024-11-25 11:00:00-05:00,6010.5,6015.25,6002.0,6003.0,162018,0.0,0.0
2024-11-25 12:00:00-05:00,6003.0,6006.75,5982.5,5995.25,187766,0.0,0.0
2024-11-25 13:00:00-05:00,5995.25,6007.0,5994.75,6003.75,102155,0.0,0.0
2024-11-25 14:00:00-05:00,6003.75,6005.0,5995.5,6001.5,88610,0.0,0.0
2024-11-25 15:00:00-05:00,6001.75,6009.0,5997.5,6005.75,201320,0.0,0.0
2024-11-25 16:00:00-05:00,6006.0,6015.75,6001.75,6012.75,86782,0.0,0.0
2024-11-25 18:00:00-05:00,6013.25,6018.75,5987.25,5994.0,0,0.0,0.0
2024-11-25 19:00:00-05:00,5994.25,5994.75,5982.75,5985.0,30237,0.0,0.0
2024-11-25 20:00:00-05:00,5985.0,5997.0,5976.25,5996.0,24083,0.0,0.0
2024-11-25 21:00:00-05:00,5996.25,6004.5,5996.0,6002.5,11745,0.0,0.0
2024-11-25 22:00:00-05:00,6002.5,6008.25,6001.0,6006.25,7281,0.0,0.0
2024-11-25 23:00:00-05:00,6006.5,6011.0,6006.0,6007.5,5959,0.0,0.0
2024-11-26 00:00:00-05:00,6009.25,6009.25,6002.25,6003.75,6079,0.0,0.0
2024-11-26 01:00:00-05:00,6004.0,6012.0,6003.75,6008.0,5874,0.0,0.0
2024-11-26 02:00:00-05:00,6007.75,6009.25,6000.75,6001.25,10033,0.0,0.0
2024-11-26 03:00:00-05:00,6001.0,6005.0,5997.5,6000.5,20135,0.0,0.0
2024-11-26 04:00:00-05:00,6000.75,6007.25,5999.75,6006.0,11851,0.0,0.0
2024-11-26 05:00:00-05:00,6006.25,6010.5,6001.5,6010.0,11313,0.0,0.0
2024-11-26 06:00:00-05:00,6010.0,6022.0,6006.75,6020.0,15202,0.0,0.0
2024-11-26 07:00:00-05:00,6020.0,6022.75,6017.25,6022.0,24459,0.0,0.0
2024-11-26 08:00:00-05:00,6021.75,6023.25,6017.25,6019.75,30707,0.0,0.0
2024-11-26 09:00:00-05:00,6020.0,6027.0,6015.5,6021.0,172092,0.0,0.0
2024-11-26 10:00:00-05:00,6020.25,6025.75,6011.25,6021.25,199834,0.0,0.0
2024-11-26 11:00:00-05:00,6021.0,6029.5,6019.25,6028.25,118651,0.0,0.0
2024-11-26 12:00:00-05:00,6028.25,6032.0,6021.25,6031.5,79863,0.0,0.0
2024-11-26 13:00:00-05:00,6031.5,6032.75,6026.75,6032.25,62005,0.0,0.0
2024-11-26 14:00:00-05:00,6032.25,6034.75,6023.0,6030.75,112076,0.0,0.0
2024-11-26 15:00:00-05:00,6030.75,6044.0,6030.0,6037.25,203952,0.0,0.0
2024-11-26 16:00:00-05:00,6037.25,6043.5,6036.75,6041.5,79372,0.0,0.0
2024-11-26 18:00:00-05:00,6041.75,6043.25,6036.5,6040.5,0,0.0,0.0
2024-11-26 19:00:00-05:00,6040.5,6041.25,6036.75,6040.25,5851,0.0,0.0
2024-11-26 20:00:00-05:00,6040.0,6042.5,6039.5,6042.25,4548,0.0,0.0
2024-11-26 21:00:00-05:00,6042.25,6047.0,6041.5,6043.75,7668,0.0,0.0
2024-11-26 22:00:00-05:00,6043.75,6044.0,6038.75,6040.25,5420,0.0,0.0
2024-11-26 23:00:00-05:00,6040.25,6040.25,6034.25,6036.25,4805,0.0,0.0
2024-11-27 00:00:00-05:00,6036.5,6038.25,6034.25,6035.75,3963,0.0,0.0
2024-11-27 01:00:00-05:00,6036.0,6039.25,6035.25,6036.75,4314,0.0,0.0
2024-11-27 02:00:00-05:00,6036.75,6041.5,6035.75,6037.5,7614,0.0,0.0
2024-11-27 03:00:00-05:00,6037.5,6038.25,6026.75,6029.5,22227,0.0,0.0
2024-11-27 04:00:00-05:00,6029.5,6033.0,6024.5,6028.0,14164,0.0,0.0
2024-11-27 05:00:00-05:00,6028.25,6031.75,6025.75,6030.5,9376,0.0,0.0
2024-11-27 06:00:00-05:00,6030.5,6031.5,6024.25,6030.5,10359,0.0,0.0
2024-11-27 07:00:00-05:00,6030.5,6033.75,6027.5,6032.0,11127,0.0,0.0
2024-11-27 08:00:00-05:00,6032.0,6038.25,6031.0,6036.0,23031,0.0,0.0
2024-11-27 09:00:00-05:00,6036.0,6037.0,6027.75,6032.5,125125,0.0,0.0
2024-11-27 10:00:00-05:00,6032.0,6032.5,6013.75,6016.75,213457,0.0,0.0
2024-11-27 11:00:00-05:00,6017.25,6019.75,6008.25,6009.75,151491,0.0,0.0
2024-11-27 12:00:00-05:00,6009.75,6012.25,6000.25,6011.75,110809,0.0,0.0
2024-11-27 13:00:00-05:00,6011.5,6019.0,6009.5,6017.0,85167,0.0,0.0
2024-11-27 14:00:00-05:00,6017.25,6019.0,6012.0,6015.0,68308,0.0,0.0
2024-11-27 15:00:00-05:00,6015.0,6018.0,6007.25,6015.75,160668,0.0,0.0
2024-11-27 16:00:00-05:00,6015.75,6017.25,6013.75,6015.5,36840,0.0,0.0
2024-11-27 18:00:00-05:00,6015.0,6021.5,6014.75,6020.0,0,0.0,0.0
2024-11-27 19:00:00-05:00,6020.0,6022.75,6020.0,6022.0,3636,0.0,0.0
2024-11-27 20:00:00-05:00,6021.75,6023.25,6020.75,6021.75,5139,0.0,0.0
2024-11-27 21:00:00-05:00,6021.75,6023.5,6021.25,6023.0,2729,0.0,0.0
2024-11-27 22:00:00-05:00,6022.75,6023.5,6022.0,6023.0,2106,0.0,0.0
2024-11-27 23:00:00-05:00,6023.0,6024.0,6022.25,6022.5,3072,0.0,0.0
2024-11-29 09:30:00-05:00,6022.25,6033.0,6019.0,6033.0,106620,0.0,0.0
2024-11-29 10:30:00-05:00,6032.75,6045.0,6032.75,6044.5,144078,0.0,0.0
2024-11-29 11:30:00-05:00,6044.5,6055.25,6044.25,6053.5,107579,0.0,0.0
2024-11-29 12:30:00-05:00,6053.5,6060.0,6049.75,6051.25,192603,0.0,0.0
2024-12-01 18:00:00-05:00,6051.5,6054.5,6044.0,6045.5,10757,0.0,0.0
2024-12-01 19:00:00-05:00,6045.75,6049.5,6042.0,6044.75,8583,0.0,0.0
2024-12-01 20:00:00-05:00,6045.0,6047.0,6042.25,6042.5,5847,0.0,0.0
2024-12-01 21:00:00-05:00,6042.5,6043.0,6040.75,6041.5,5580,0.0,0.0
2024-12-01 22:00:00-05:00,6041.5,6043.0,6039.0,6039.75,5310,0.0,0.0
2024-12-01 23:00:00-05:00,6039.75,6043.0,6039.0,6040.25,5673,0.0,0.0
2024-12-02 00:00:00-05:00,6040.25,6042.0,6038.75,6039.0,4622,0.0,0.0
2024-12-02 01:00:00-05:00,6039.0,6039.5,6036.0,6039.5,5375,0.0,0.0
2024-12-02 02:00:00-05:00,6039.5,6040.25,6037.25,6039.75,6431,0.0,0.0
2024-12-02 03:00:00-05:00,6040.0,6042.0,6038.5,6041.75,10271,0.0,0.0
2024-12-02 04:00:00-05:00,6042.0,6042.5,6038.75,6039.75,8465,0.0,0.0
2024-12-02 05:00:00-05:00,6040.0,6042.0,6037.5,6040.25,9356,0.0,0.0
2024-12-02 06:00:00-05:00,6040.5,6044.25,6040.0,6044.0,10665,0.0,0.0
2024-12-02 07:00:00-05:00,6044.25,6051.5,6043.5,6049.25,16880,0.0,0.0
2024-12-02 08:00:00-05:00,6049.25,6053.0,6048.0,6051.75,22194,0.0,0.0
2024-12-02 09:00:00-05:00,6051.75,6062.0,6049.75,6054.0,143047,0.0,0.0
2024-12-02 10:00:00-05:00,6054.25,6061.25,6050.0,6052.5,146447,0.0,0.0
2024-12-02 11:00:00-05:00,6052.25,6064.0,6050.25,6061.75,94156,0.0,0.0
2024-12-02 12:00:00-05:00,6062.0,6065.0,6059.0,6061.0,62592,0.0,0.0
2024-12-02 13:00:00-05:00,6061.0,6064.0,6059.0,6063.0,52074,0.0,0.0
2024-12-02 14:00:00-05:00,6063.0,6065.0,6056.0,6064.5,64644,0.0,0.0
2024-12-02 15:00:00-05:00,6064.5,6068.5,6059.75,6062.25,182073,0.0,0.0
2024-12-02 16:00:00-05:00,6062.25,6067.75,6061.25,6063.0,55031,0.0,0.0
2024-12-02 18:00:00-05:00,6064.0,6066.25,6060.5,6063.5,0,0.0,0.0
2024-12-02 19:00:00-05:00,6063.5,6064.5,6061.0,6062.0,5002,0.0,0.0
2024-12-02 20:00:00-05:00,6061.75,6063.25,6060.5,6060.75,6124,0.0,0.0
2024-12-02 21:00:00-05:00,6060.75,6062.5,6060.0,6062.0,3354,0.0,0.0
2024-12-02 22:00:00-05:00,6061.75,6067.0,6061.75,6065.75,4282,0.0,0.0
2024-12-02 23:00:00-05:00,6065.75,6067.5,6064.75,6065.0,2989,0.0,0.0
2024-12-03 00:00:00-05:00,6064.25,6066.5,6064.25,6066.0,2519,0.0,0.0
2024-12-03 01:00:00-05:00,6066.0,6067.25,6062.75,6062.75,3321,0.0,0.0
2024-12-03 02:00:00-05:00,6062.75,6064.5,6061.5,6062.0,4681,0.0,0.0
2024-12-03 03:00:00-05:00,6061.75,6066.5,6061.5,6065.0,13234,0.0,0.0
2024-12-03 04:00:00-05:00,6065.0,6065.75,6062.25,6064.5,7795,0.0,0.0
2024-12-03 05:00:00-05:00,6064.75,6065.25,6060.5,6060.5,6064,0.0,0.0
2024-12-03 06:00:00-05:00,6060.5,6063.75,6057.5,6063.25,9118,0.0,0.0
2024-12-03 07:00:00-05:00,6063.25,6066.25,6060.75,6063.0,10555,0.0,0.0
2024-12-03 08:00:00-05:00,6063.0,6067.25,6060.75,6061.0,17971,0.0,0.0
2024-12-03 09:00:00-05:00,6061.25,6064.0,6052.0,6057.5,128867,0.0,0.0
2024-12-03 10:00:00-05:00,6057.5,6060.5,6047.5,6052.75,140431,0.0,0.0
2024-12-03 11:00:00-05:00,6053.0,6059.5,6047.75,6049.75,128197,0.0,0.0
2024-12-03 12:00:00-05:00,6049.75,6061.5,6049.5,6061.5,67376,0.0,0.0
2024-12-03 13:00:00-05:00,6061.5,6063.0,6057.0,6058.5,64737,0.0,0.0
2024-12-03 14:00:00-05:00,6058.5,6066.0,6055.75,6064.75,72959,0.0,0.0
2024-12-03 15:00:00-05:00,6064.5,6066.0,6059.5,6063.0,154290,0.0,0.0
2024-12-03 16:00:00-05:00,6062.75,6070.75,6061.25,6066.75,67298,0.0,0.0
2024-12-03 18:00:00-05:00,6067.0,6069.75,6063.0,6069.25,0,0.0,0.0
2024-12-03 19:00:00-05:00,6069.25,6069.25,6065.0,6066.75,5813,0.0,0.0
2024-12-03 20:00:00-05:00,6066.75,6068.0,6065.25,6066.5,4614,0.0,0.0
2024-12-03 21:00:00-05:00,6066.75,6070.5,6066.75,6069.75,4118,0.0,0.0
2024-12-03 22:00:00-05:00,6069.75,6070.25,6067.5,6069.75,3440,0.0,0.0
2024-12-03 23:00:00-05:00,6069.5,6072.25,6069.0,6071.75,3666,0.0,0.0
2024-12-04 00:00:00-05:00,6071.75,6073.75,6070.75,6072.5,3731,0.0,0.0
2024-12-04 01:00:00-05:00,6072.5,6073.0,6068.75,6071.75,4401,0.0,0.0
2024-12-04 02:00:00-05:00,6071.5,6072.5,6069.5,6071.75,5264,0.0,0.0
2024-12-04 03:00:00-05:00,6071.75,6076.75,6071.5,6076.5,12401,0.0,0.0
2024-12-04 04:00:00-05:00,6076.5,6080.0,6075.25,6077.25,12067,0.0,0.0
2024-12-04 05:00:00-05:00,6077.25,6079.75,6075.0,6078.5,7523,0.0,0.0
2024-12-04 06:00:00-05:00,6078.5,6082.25,6077.75,6081.5,10975,0.0,0.0
2024-12-04 07:00:00-05:00,6081.5,6082.75,6079.0,6079.5,11507,0.0,0.0
2024-12-04 08:00:00-05:00,6079.75,6085.0,6079.25,6084.75,26378,0.0,0.0
2024-12-04 09:00:00-05:00,6084.5,6086.0,6078.75,6082.75,105048,0.0,0.0
2024-12-04 10:00:00-05:00,6081.75,6086.75,6072.5,6085.5,190249,0.0,0.0
2024-12-04 11:00:00-05:00,6085.5,6088.25,6084.0,6087.0,83332,0.0,0.0
2024-12-04 12:00:00-05:00,6087.0,6088.75,6082.5,6087.5,74513,0.0,0.0
2024-12-04 13:00:00-05:00,6087.5,6089.0,6075.25,6083.0,109416,0.0,0.0
2024-12-04 14:00:00-05:00,6083.0,6094.75,6080.75,6092.75,110917,0.0,0.0
2024-12-04 15:00:00-05:00,6092.5,6102.25,6091.75,6099.25,181007,0.0,0.0
2024-12-04 16:00:00-05:00,6099.25,6099.5,6094.5,6095.5,76745,0.0,0.0
2024-12-04 18:00:00-05:00,6095.25,6096.75,6092.75,6094.0,0,0.0,0.0
2024-12-04 19:00:00-05:00,6094.0,6094.0,6091.25,6091.5,5753,0.0,0.0
2024-12-04 20:00:00-05:00,6091.5,6096.0,6091.0,6095.0,5435,0.0,0.0
2024-12-04 21:00:00-05:00,6095.0,6096.5,6092.75,6093.25,4330,0.0,0.0
2024-12-04 22:00:00-05:00,6093.25,6095.75,6092.75,6095.25,3209,0.0,0.0
2024-12-04 23:00:00-05:00,6095.25,6095.25,6092.25,6093.75,2465,0.0,0.0
2024-12-05 00:00:00-05:00,6093.75,6096.25,6093.5,6096.25,2275,0.0,0.0
2024-12-05 01:00:00-05:00,6096.25,6097.0,6095.0,6095.75,3726,0.0,0.0
2024-12-05 02:00:00-05:00,6095.75,6096.25,6093.5,6094.0,5460,0.0,0.0
2024-12-05 03:00:00-05:00,6094.0,6097.75,6093.25,6095.75,13009,0.0,0.0
2024-12-05 04:00:00-05:00,6095.75,6096.0,6093.0,6095.5,8419,0.0,0.0
2024-12-05 05:00:00-05:00,6095.5,6097.5,6093.25,6094.25,7007,0.0,0.0
2024-12-05 06:00:00-05:00,6094.25,6096.75,6093.75,6095.0,6261,0.0,0.0
2024-12-05 07:00:00-05:00,6095.0,6098.0,6094.5,6097.75,10954,0.0,0.0
2024-12-05 08:00:00-05:00,6098.0,6098.25,6092.75,6096.0,19606,0.0,0.0
2024-12-05 09:00:00-05:00,6096.25,6100.75,6095.5,6100.25,101353,0.0,0.0
2024-12-05 10:00:00-05:00,6100.25,6104.75,6090.25,6092.0,168686,0.0,0.0
2024-12-05 11:00:00-05:00,6091.75,6100.0,6090.75,6100.0,95716,0.0,0.0
2024-12-05 12:00:00-05:00,6100.0,6107.25,6098.5,6106.5,81539,0.0,0.0
2024-12-05 13:00:00-05:00,6106.5,6106.75,6091.0,6096.0,146488,0.0,0.0
2024-12-05 14:00:00-05:00,6096.0,6099.25,6091.5,6094.25,98916,0.0,0.0
2024-12-05 15:00:00-05:00,6094.25,6096.5,6085.5,6088.75,209636,0.0,0.0
2024-12-05 16:00:00-05:00,6089.0,6089.5,6081.5,6085.75,46424,0.0,0.0
2024-12-05 18:00:00-05:00,6085.5,6086.0,6079.5,6084.25,0,0.0,0.0
2024-12-05 19:00:00-05:00,6084.5,6084.5,6081.0,6082.75,3895,0.0,0.0
2024-12-05 20:00:00-05:00,6082.75,6084.25,6081.25,6083.25,5680,0.0,0.0
2024-12-05 21:00:00-05:00,6083.25,6086.75,6082.5,6085.25,3466,0.0,0.0
2024-12-05 22:00:00-05:00,6085.25,6086.0,6082.5,6082.75,3202,0.0,0.0
2024-12-05 23:00:00-05:00,6082.5,6084.75,6080.75,6084.75,3976,0.0,0.0
2024-12-06 00:00:00-05:00,6083.5,6085.0,6083.25,6084.75,2222,0.0,0.0
2024-12-06 01:00:00-05:00,6084.75,6086.25,6084.25,6085.0,2286,0.0,0.0
2024-12-06 02:00:00-05:00,6085.0,6086.75,6084.0,6085.25,4223,0.0,0.0
2024-12-06 03:00:00-05:00,6085.0,6089.0,6084.25,6087.5,8708,0.0,0.0
2024-12-06 04:00:00-05:00,6087.25,6088.0,6083.25,6084.75,7452,0.0,0.0
2024-12-06 05:00:00-05:00,6084.75,6086.0,6080.25,6080.75,5900,0.0,0.0
2024-12-06 06:00:00-05:00,6080.75,6083.0,6078.25,6082.75,7731,0.0,0.0
2024-12-06 07:00:00-05:00,6082.75,6086.5,6081.75,6083.5,10277,0.0,0.0
2024-12-06 08:00:00-05:00,6083.75,6100.75,6076.0,6094.5,54949,0.0,0.0
2024-12-06 09:00:00-05:00,6094.5,6111.0,6092.5,6110.25,145238,0.0,0.0
2024-12-06 10:00:00-05:00,6109.75,6111.0,6102.25,6107.0,146815,0.0,0.0
2024-12-06 11:00:00-05:00,6106.75,6107.5,6095.5,6098.25,132769,0.0,0.0
2024-12-06 12:00:00-05:00,6098.25,6098.75,6090.5,6093.5,112184,0.0,0.0
2024-12-06 13:00:00-05:00,6093.5,6103.75,6092.75,6100.5,104272,0.0,0.0
2024-12-06 14:00:00-05:00,6100.5,6100.75,6090.0,6093.25,102359,0.0,0.0
2024-12-06 15:00:00-05:00,6093.25,6101.25,6091.25,6098.75,157216,0.0,0.0
2024-12-06 16:00:00-05:00,6098.75,6099.5,6095.5,6096.75,46982,0.0,0.0
2024-12-08 18:00:00-05:00,6096.25,6103.0,6095.25,6101.5,6770,0.0,0.0
2024-12-08 19:00:00-05:00,6101.25,6101.75,6097.0,6097.75,4595,0.0,0.0
2024-12-08 20:00:00-05:00,6097.75,6098.5,6094.0,6097.75,5391,0.0,0.0
2024-12-08 21:00:00-05:00,6098.0,6099.0,6095.75,6097.0,3572,0.0,0.0
2024-12-08 22:00:00-05:00,6097.25,6098.0,6094.75,6095.0,3082,0.0,0.0
2024-12-08 23:00:00-05:00,6095.0,6095.75,6093.25,6094.25,2670,0.0,0.0
2024-12-09 00:00:00-05:00,6094.25,6095.75,6094.0,6095.5,2594,0.0,0.0
2024-12-09 01:00:00-05:00,6095.25,6097.25,6095.25,6096.25,2431,0.0,0.0
2024-12-09 02:00:00-05:00,6096.0,6104.5,6094.75,6103.25,9503,0.0,0.0
2024-12-09 03:00:00-05:00,6103.25,6105.5,6101.0,6103.5,11341,0.0,0.0
2024-12-09 04:00:00-05:00,6103.5,6103.75,6094.5,6096.0,13095,0.0,0.0
2024-12-09 05:00:00-05:00,6096.0,6096.25,6092.25,6093.5,8725,0.0,0.0
2024-12-09 06:00:00-05:00,6093.5,6095.75,6088.5,6095.0,18818,0.0,0.0
2024-12-09 07:00:00-05:00,6094.75,6098.75,6093.25,6097.0,13726,0.0,0.0
2024-12-09 08:00:00-05:00,6096.75,6098.0,6093.5,6096.5,12876,0.0,0.0
2024-12-09 09:00:00-05:00,6096.5,6098.5,6090.75,6093.5,117063,0.0,0.0
2024-12-09 10:00:00-05:00,6093.5,6094.5,6071.25,6072.75,245468,0.0,0.0
2024-12-09 11:00:00-05:00,6072.75,6080.0,6065.0,6078.75,184794,0.0,0.0
2024-12-09 12:00:00-05:00,6078.75,6079.5,6071.5,6072.0,96180,0.0,0.0
2024-12-09 13:00:00-05:00,6072.0,6083.25,6069.0,6078.75,103083,0.0,0.0
2024-12-09 14:00:00-05:00,6079.0,6079.0,6064.0,6069.0,117329,0.0,0.0
2024-12-09 15:00:00-05:00,6069.0,6069.5,6060.0,6065.75,236704,0.0,0.0
2024-12-09 16:00:00-05:00,6065.75,6066.0,6060.0,6063.25,56599,0.0,0.0
2024-12-09 18:00:00-05:00,6065.25,6065.25,6060.25,6062.0,0,0.0,0.0
2024-12-09 19:00:00-05:00,6061.75,6063.25,6060.25,6062.75,6194,0.0,0.0
2024-12-09 20:00:00-05:00,6062.75,6063.5,6059.5,6060.25,8318,0.0,0.0
2024-12-09 21:00:00-05:00,6060.5,6061.5,6060.0,6060.75,3439,0.0,0.0
2024-12-09 22:00:00-05:00,6060.75,6063.0,6060.5,6062.25,3020,0.0,0.0
2024-12-09 23:00:00-05:00,6062.5,6062.75,6060.5,6061.25,1867,0.0,0.0
2024-12-10 00:00:00-05:00,6062.5,6063.75,6060.25,6061.5,5816,0.0,0.0
2024-12-10 01:00:00-05:00,6061.5,6063.0,6060.0,6061.25,2789,0.0,0.0
2024-12-10 02:00:00-05:00,6061.0,6064.0,6061.0,6061.75,4403,0.0,0.0
2024-12-10 03:00:00-05:00,6062.0,6063.25,6059.25,6060.25,11319,0.0,0.0
2024-12-10 04:00:00-05:00,6060.25,6060.75,6057.5,6060.0,10651,0.0,0.0
2024-12-10 05:00:00-05:00,6059.75,6066.5,6059.75,6066.25,8521,0.0,0.0
2024-12-10 06:00:00-05:00,6066.25,6071.25,6065.75,6069.25,9581,0.0,0.0
2024-12-10 07:00:00-05:00,6069.5,6071.75,6068.5,6070.75,13838,0.0,0.0
2024-12-10 08:00:00-05:00,6070.75,6071.25,6065.25,6066.5,24542,0.0,0.0
2024-12-10 09:00:00-05:00,6066.75,6072.75,6061.0,6068.5,156850,0.0,0.0
2024-12-10 10:00:00-05:00,6068.75,6075.25,6066.75,6068.25,161016,0.0,0.0
2024-12-10 11:00:00-05:00,6068.0,6071.0,6061.25,6063.75,156310,0.0,0.0
2024-12-10 12:00:00-05:00,6063.75,6068.5,6060.0,6061.5,118204,0.0,0.0
2024-12-10 13:00:00-05:00,6061.75,6064.5,6058.5,6058.75,94268,0.0,0.0
2024-12-10 14:00:00-05:00,6059.0,6059.5,6054.0,6055.0,118355,0.0,0.0
2024-12-10 15:00:00-05:00,6055.0,6055.25,6039.75,6047.5,288098,0.0,0.0
2024-12-10 16:00:00-05:00,6047.5,6053.0,6047.25,6052.75,56998,0.0,0.0
2024-12-10 18:00:00-05:00,6052.75,6054.75,6049.5,6051.25,0,0.0,0.0
2024-12-10 19:00:00-05:00,6051.25,6052.0,6048.25,6050.25,4801,0.0,0.0
2024-12-10 20:00:00-05:00,6050.5,6052.25,6049.5,6050.75,3992,0.0,0.0
2024-12-10 21:00:00-05:00,6050.75,6051.25,6049.25,6050.25,2870,0.0,0.0
2024-12-10 22:00:00-05:00,6050.25,6051.25,6049.25,6050.0,2440,0.0,0.0
2024-12-10 23:00:00-05:00,6050.0,6050.25,6047.0,6050.0,3451,0.0,0.0
2024-12-11 00:00:00-05:00,6050.5,6051.5,6049.75,6051.0,2370,0.0,0.0
2024-12-11 01:00:00-05:00,6051.0,6052.75,6050.75,6052.5,3118,0.0,0.0
2024-12-11 02:00:00-05:00,6052.5,6053.0,6045.5,6047.75,8087,0.0,0.0
2024-12-11 03:00:00-05:00,6047.75,6052.5,6047.25,6050.5,8208,0.0,0.0
2024-12-11 04:00:00-05:00,6050.75,6053.5,6050.0,6051.5,9839,0.0,0.0
2024-12-11 05:00:00-05:00,6051.75,6052.25,6049.25,6051.0,6529,0.0,0.0
2024-12-11 06:00:00-05:00,6051.25,6054.0,6051.0,6052.0,6941,0.0,0.0
2024-12-11 07:00:00-05:00,6051.75,6053.25,6049.75,6051.25,10290,0.0,0.0
2024-12-11 08:00:00-05:00,6051.25,6071.5,6050.0,6070.75,65114,0.0,0.0
2024-12-11 09:00:00-05:00,6070.5,6084.0,6070.25,6083.75,175511,0.0,0.0
2024-12-11 10:00:00-05:00,6083.75,6090.25,6080.75,6085.25,201473,0.0,0.0
2024-12-11 11:00:00-05:00,6085.25,6096.75,6082.5,6095.5,124663,0.0,0.0
2024-12-11 12:00:00-05:00,6095.75,6100.0,6093.75,6099.25,108216,0.0,0.0
2024-12-11 13:00:00-05:00,6099.25,6102.5,6095.0,6096.0,90773,0.0,0.0
2024-12-11 14:00:00-05:00,6096.0,6100.0,6093.5,6097.25,102183,0.0,0.0
2024-12-11 15:00:00-05:00,6097.25,6098.75,6090.25,6092.5,192295,0.0,0.0
2024-12-11 16:00:00-05:00,6092.5,6093.0,6086.5,6087.25,64717,0.0,0.0
2024-12-11 18:00:00-05:00,6087.5,6088.25,6085.25,6086.75,0,0.0,0.0
2024-12-11 19:00:00-05:00,6086.5,6087.25,6082.0,6084.25,5018,0.0,0.0
2024-12-11 20:00:00-05:00,6084.25,6085.75,6082.5,6083.5,3602,0.0,0.0
2024-12-11 21:00:00-05:00,6083.5,6085.0,6082.5,6083.25,2918,0.0,0.0
2024-12-11 22:00:00-05:00,6083.25,6084.5,6082.75,6084.25,2687,0.0,0.0
2024-12-11 23:00:00-05:00,6084.0,6085.25,6083.75,6084.75,1675,0.0,0.0
2024-12-12 00:00:00-05:00,6084.75,6086.75,6084.25,6086.25,2582,0.0,0.0
2024-12-12 01:00:00-05:00,6086.5,6087.5,6083.5,6084.5,3885,0.0,0.0
2024-12-12 02:00:00-05:00,6084.5,6085.5,6082.25,6083.0,4584,0.0,0.0
2024-12-12 03:00:00-05:00,6083.0,6085.75,6081.5,6082.5,10362,0.0,0.0
2024-12-12 04:00:00-05:00,6082.75,6084.5,6081.0,6081.75,9562,0.0,0.0
2024-12-12 05:00:00-05:00,6081.75,6084.5,6081.25,6083.0,9935,0.0,0.0
2024-12-12 06:00:00-05:00,6082.75,6085.0,6079.5,6081.0,16680,0.0,0.0
2024-12-12 07:00:00-05:00,6081.25,6083.75,6079.5,6080.0,14126,0.0,0.0
2024-12-12 08:00:00-05:00,6080.0,6087.5,6071.0,6078.0,56056,0.0,0.0
2024-12-12 09:00:00-05:00,6078.0,6083.5,6073.5,6078.0,174892,0.0,0.0
2024-12-12 10:00:00-05:00,6078.0,6085.75,6067.5,6084.0,263772,0.0,0.0
2024-12-12 11:00:00-05:00,6083.75,6087.75,6073.5,6074.0,156570,0.0,0.0
2024-12-12 12:00:00-05:00,6074.0,6085.0,6073.5,6083.75,146769,0.0,0.0
2024-12-12 13:00:00-05:00,6083.75,6085.5,6073.0,6073.5,126345,0.0,0.0
2024-12-12 14:00:00-05:00,6073.5,6076.5,6064.0,6067.0,157972,0.0,0.0
2024-12-12 15:00:00-05:00,6066.75,6069.5,6059.5,6059.75,227522,0.0,0.0
2024-12-12 16:00:00-05:00,6059.75,6064.0,6055.5,6058.75,84010,0.0,0.0
2024-12-12 18:00:00-05:00,6065.0,6066.75,6062.25,6065.25,0,0.0,0.0
2024-12-12 19:00:00-05:00,6065.5,6071.0,6064.0,6068.75,6762,0.0,0.0
2024-12-12 20:00:00-05:00,6068.75,6069.25,6065.25,6065.75,5420,0.0,0.0
2024-12-12 21:00:00-05:00,6065.75,6066.5,6060.75,6065.5,5806,0.0,0.0
2024-12-12 22:00:00-05:00,6065.25,6065.75,6061.25,6062.5,3689,0.0,0.0
2024-12-12 23:00:00-05:00,6062.5,6066.75,6061.5,6066.5,3396,0.0,0.0
2024-12-13 00:00:00-05:00,6066.0,6066.0,6064.25,6065.25,1986,0.0,0.0
2024-12-13 01:00:00-05:00,6065.5,6069.75,6065.5,6069.75,3170,0.0,0.0
2024-12-13 02:00:00-05:00,6069.5,6071.5,6066.75,6070.0,5955,0.0,0.0
2024-12-13 03:00:00-05:00,6070.0,6076.25,6069.25,6074.75,9861,0.0,0.0
2024-12-13 04:00:00-05:00,6074.75,6079.25,6074.25,6079.0,11018,0.0,0.0
2024-12-13 05:00:00-05:00,6079.0,6081.5,6078.25,6080.5,10827,0.0,0.0
2024-12-13 06:00:00-05:00,6080.5,6082.0,6078.75,6079.75,13410,0.0,0.0
2024-12-13 07:00:00-05:00,6079.75,6083.25,6079.0,6082.25,25073,0.0,0.0
2024-12-13 08:00:00-05:00,6082.25,6085.25,6080.75,6082.0,31595,0.0,0.0
2024-12-13 09:00:00-05:00,6081.75,6084.75,6072.75,6075.25,262306,0.0,0.0
2024-12-13 10:00:00-05:00,6075.25,6075.75,6047.75,6048.0,382679,0.0,0.0
2024-12-13 11:00:00-05:00,6048.0,6060.0,6043.5,6051.25,288314,0.0,0.0
2024-12-13 12:00:00-05:00,6051.25,6053.25,6041.5,6042.25,188169,0.0,0.0
2024-12-13 13:00:00-05:00,6042.25,6057.5,6041.25,6054.5,165926,0.0,0.0
2024-12-13 14:00:00-05:00,6054.5,6059.75,6052.5,6056.5,125419,0.0,0.0
2024-12-13 15:00:00-05:00,6056.5,6060.25,6050.75,6055.75,253171,0.0,0.0
2024-12-13 16:00:00-05:00,6055.75,6056.0,6047.0,6050.5,61791,0.0,0.0
2024-12-15 18:00:00-05:00,6055.5,6058.75,6051.5,6056.75,5348,0.0,0.0
2024-12-15 19:00:00-05:00,6057.0,6060.5,6056.75,6059.0,4959,0.0,0.0
2024-12-15 20:00:00-05:00,6058.75,6061.0,6057.5,6061.0,4453,0.0,0.0
2024-12-15 21:00:00-05:00,6061.0,6062.75,6059.75,6061.75,3573,0.0,0.0
2024-12-15 22:00:00-05:00,6061.75,6062.25,6059.0,6059.5,2147,0.0,0.0
2024-12-15 23:00:00-05:00,6059.5,6061.25,6058.25,6058.5,1793,0.0,0.0
2024-12-16 00:00:00-05:00,6058.5,6058.75,6056.0,6056.5,2853,0.0,0.0
2024-12-16 01:00:00-05:00,6056.5,6059.25,6056.5,6059.25,3978,0.0,0.0
2024-12-16 02:00:00-05:00,6059.5,6060.5,6056.75,6058.25,5606,0.0,0.0
2024-12-16 03:00:00-05:00,6058.5,6061.0,6057.5,6058.25,13961,0.0,0.0
2024-12-16 04:00:00-05:00,6058.25,6063.75,6057.0,6063.5,18721,0.0,0.0
2024-12-16 05:00:00-05:00,6063.5,6069.0,6063.5,6066.0,16746,0.0,0.0
2024-12-16 06:00:00-05:00,6066.25,6066.75,6061.75,6066.0,19578,0.0,0.0
2024-12-16 07:00:00-05:00,6065.75,6070.5,6065.25,6069.0,27023,0.0,0.0
2024-12-16 08:00:00-05:00,6068.75,6076.25,6067.0,6075.75,80211,0.0,0.0
2024-12-16 09:00:00-05:00,6075.75,6076.75,6068.25,6075.25,219972,0.0,0.0
2024-12-16 10:00:00-05:00,6075.25,6083.25,6064.75,6079.75,288763,0.0,0.0
2024-12-16 11:00:00-05:00,6079.5,6082.5,6076.75,6082.25,160369,0.0,0.0
2024-12-16 12:00:00-05:00,6082.25,6086.25,6078.25,6085.25,162293,0.0,0.0
2024-12-16 13:00:00-05:00,6085.5,6090.5,6084.25,6089.0,127927,0.0,0.0
2024-12-16 14:00:00-05:00,6088.75,6089.5,6085.5,6087.75,107762,0.0,0.0
2024-12-16 15:00:00-05:00,6087.75,6090.5,6073.0,6080.0,210156,0.0,0.0
2024-12-16 16:00:00-05:00,6080.0,6081.75,6073.5,6076.5,39728,0.0,0.0
2024-12-16 18:00:00-05:00,6077.0,6077.0,6070.0,6073.5,0,0.0,0.0
2024-12-16 19:00:00-05:00,6073.5,6074.75,6071.25,6072.0,3398,0.0,0.0
2024-12-16 20:00:00-05:00,6072.0,6078.0,6070.5,6077.5,3521,0.0,0.0
2024-12-16 21:00:00-05:00,6077.5,6079.25,6077.0,6078.5,1897,0.0,0.0
2024-12-16 22:00:00-05:00,6078.5,6078.5,6075.75,6076.5,1166,0.0,0.0
2024-12-16 23:00:00-05:00,6076.5,6079.25,6075.75,6076.0,1790,0.0,0.0
2024-12-17 00:00:00-05:00,6075.5,6076.5,6072.5,6072.75,2364,0.0,0.0
2024-12-17 01:00:00-05:00,6073.0,6073.5,6067.25,6068.75,3620,0.0,0.0
2024-12-17 02:00:00-05:00,6068.75,6070.25,6061.5,6062.5,6300,0.0,0.0
2024-12-17 03:00:00-05:00,6062.5,6063.25,6058.75,6059.25,12874,0.0,0.0
2024-12-17 04:00:00-05:00,6059.5,6065.0,6059.0,6064.75,15626,0.0,0.0
2024-12-17 05:00:00-05:00,6064.75,6065.75,6060.75,6064.5,13444,0.0,0.0
2024-12-17 06:00:00-05:00,6064.75,6068.0,6059.25,6062.0,17028,0.0,0.0
2024-12-17 07:00:00-05:00,6062.0,6064.25,6057.5,6057.5,24526,0.0,0.0
2024-12-17 08:00:00-05:00,6057.5,6058.25,6051.0,6056.75,41359,0.0,0.0
2024-12-17 09:00:00-05:00,6056.75,6060.25,6047.25,6055.0,157895,0.0,0.0
2024-12-17 10:00:00-05:00,6055.0,6055.5,6043.0,6050.5,172032,0.0,0.0
2024-12-17 11:00:00-05:00,6050.5,6063.5,6049.75,6061.0,121038,0.0,0.0
2024-12-17 12:00:00-05:00,6061.25,6061.75,6054.25,6059.75,91162,0.0,0.0
2024-12-17 13:00:00-05:00,6059.75,6059.75,6051.75,6054.25,70323,0.0,0.0
2024-12-17 14:00:00-05:00,6054.25,6054.75,6044.25,6046.0,84915,0.0,0.0
2024-12-17 15:00:00-05:00,6046.0,6059.5,6040.75,6054.0,147734,0.0,0.0
2024-12-17 16:00:00-05:00,6054.0,6057.0,6048.5,6052.0,27791,0.0,0.0
2024-12-17 18:00:00-05:00,6053.5,6053.75,6040.0,6049.75,0,0.0,0.0
2024-12-17 19:00:00-05:00,6049.75,6054.0,6049.5,6052.5,1498,0.0,0.0
2024-12-17 20:00:00-05:00,6052.75,6059.75,6052.75,6059.25,2472,0.0,0.0
2024-12-17 21:00:00-05:00,6059.5,6061.5,6059.5,6060.75,1535,0.0,0.0
2024-12-17 22:00:00-05:00,6060.75,6061.25,6055.75,6056.75,1569,0.0,0.0
2024-12-17 23:00:00-05:00,6056.75,6063.0,6056.75,6062.5,1968,0.0,0.0
2024-12-18 00:00:00-05:00,6060.0,6063.5,6059.5,6062.75,864,0.0,0.0
2024-12-18 01:00:00-05:00,6062.75,6064.5,6059.75,6063.0,2133,0.0,0.0
2024-12-18 02:00:00-05:00,6063.0,6063.5,6060.25,6061.5,2427,0.0,0.0
2024-12-18 03:00:00-05:00,6061.75,6065.5,6059.0,6060.5,6613,0.0,0.0
2024-12-18 04:00:00-05:00,6060.25,6065.75,6058.5,6065.25,7606,0.0,0.0
2024-12-18 05:00:00-05:00,6065.25,6071.5,6065.25,6070.25,4777,0.0,0.0
2024-12-18 06:00:00-05:00,6070.25,6071.0,6068.0,6068.75,6740,0.0,0.0
2024-12-18 07:00:00-05:00,6068.5,6073.25,6067.75,6072.75,13074,0.0,0.0
2024-12-18 08:00:00-05:00,6072.25,6072.5,6057.75,6058.0,24312,0.0,0.0
2024-12-18 09:00:00-05:00,6058.0,6058.75,6045.0,6056.25,53418,0.0,0.0
2024-12-18 10:00:00-05:00,6056.5,6074.5,6055.0,6070.25,63157,0.0,0.0
2024-12-18 11:00:00-05:00,6070.25,6073.25,6057.0,6068.25,66795,0.0,0.0
2024-12-18 12:00:00-05:00,6068.25,6073.75,6062.75,6066.25,51599,0.0,0.0
2024-12-18 13:00:00-05:00,6066.0,6067.25,6061.75,6064.75,28954,0.0,0.0
2024-12-18 14:00:00-05:00,6066.0,6066.0,5970.75,5974.25,117493,0.0,0.0
2024-12-18 15:00:00-05:00,5974.5,5979.25,5865.25,5871.0,214824,0.0,0.0
2024-12-18 16:00:00-05:00,5870.5,5876.0,5840.0,5872.25,67065,0.0,0.0
2024-12-18 18:00:00-05:00,5881.75,5889.5,5872.75,5876.0,0,0.0,0.0
2024-12-18 19:00:00-05:00,5876.0,5887.75,5875.25,5886.25,6664,0.0,0.0
2024-12-18 20:00:00-05:00,5886.5,5891.25,5877.75,5885.0,4718,0.0,0.0
2024-12-18 21:00:00-05:00,5884.5,5886.0,5876.25,5878.0,2480,0.0,0.0
2024-12-18 22:00:00-05:00,5878.25,5882.25,5873.25,5880.5,5136,0.0,0.0
2024-12-18 23:00:00-05:00,5880.75,5883.5,5878.0,5881.0,1647,0.0,0.0
2024-12-19 00:00:00-05:00,5881.0,5884.0,5870.25,5871.0,1809,0.0,0.0
2024-12-19 01:00:00-05:00,5871.0,5880.75,5871.0,5876.5,3172,0.0,0.0
2024-12-19 02:00:00-05:00,5876.75,5895.5,5875.25,5893.5,8148,0.0,0.0
2024-12-19 03:00:00-05:00,5893.5,5899.0,5886.75,5898.25,8154,0.0,0.0
2024-12-19 04:00:00-05:00,5898.0,5899.75,5889.75,5897.25,6655,0.0,0.0
2024-12-19 05:00:00-05:00,5897.25,5904.5,5894.25,5894.5,7975,0.0,0.0
2024-12-19 06:00:00-05:00,5894.75,5902.25,5892.75,5899.75,6365,0.0,0.0
2024-12-19 07:00:00-05:00,5899.75,5921.75,5898.25,5921.5,9518,0.0,0.0
2024-12-19 08:00:00-05:00,5921.25,5924.25,5910.5,5911.25,18252,0.0,0.0
2024-12-19 09:00:00-05:00,5911.0,5938.0,5906.5,5913.75,59163,0.0,0.0
2024-12-19 10:00:00-05:00,5913.5,5917.75,5886.5,5906.5,70965,0.0,0.0
2024-12-19 11:00:00-05:00,5905.5,5922.5,5886.5,5907.0,51880,0.0,0.0
2024-12-19 12:00:00-05:00,5906.75,5910.0,5882.75,5899.0,34987,0.0,0.0
2024-12-19 13:00:00-05:00,5898.75,5921.0,5881.25,5920.75,35350,0.0,0.0
2024-12-19 14:00:00-05:00,5920.5,5920.75,5888.25,5888.25,30817,0.0,0.0
2024-12-19 15:00:00-05:00,5888.25,5902.0,5866.75,5869.25,50028,0.0,0.0
2024-12-19 16:00:00-05:00,5869.0,5878.0,5865.5,5875.0,15947,0.0,0.0
2024-12-19 18:00:00-05:00,5879.5,5879.5,5868.25,5869.75,0,0.0,0.0
2024-12-19 19:00:00-05:00,5871.5,5873.5,5849.5,5849.5,1034,0.0,0.0
2024-12-19 20:00:00-05:00,5850.75,5856.0,5848.5,5850.5,835,0.0,0.0
2024-12-19 21:00:00-05:00,5849.25,5849.25,5841.0,5847.5,584,0.0,0.0
2024-12-19 22:00:00-05:00,5847.5,5849.5,5837.5,5840.25,516,0.0,0.0
2024-12-19 23:00:00-05:00,5842.5,5849.25,5842.5,5848.5,342,0.0,0.0
2024-12-20 00:00:00-05:00,5850.0,5852.5,5848.0,5852.25,525,0.0,0.0
2024-12-20 01:00:00-05:00,5852.0,5861.75,5848.0,5861.25,315,0.0,0.0
2024-12-20 02:00:00-05:00,5861.0,5862.75,5851.75,5857.0,669,0.0,0.0
2024-12-20 03:00:00-05:00,5857.25,5857.25,5827.25,5837.5,3488,0.0,0.0
2024-12-20 04:00:00-05:00,5837.5,5838.0,5817.0,5820.5,4094,0.0,0.0
2024-12-20 05:00:00-05:00,5820.75,5827.5,5814.25,5823.5,3572,0.0,0.0
2024-12-20 06:00:00-05:00,5823.25,5828.75,5817.5,5819.25,2692,0.0,0.0
2024-12-20 07:00:00-05:00,5818.0,5821.75,5800.75,5821.0,6820,0.0,0.0
2024-12-20 08:00:00-05:00,5820.75,5848.5,5813.5,5838.5,9356,0.0,0.0
2024-12-20 09:00:00-05:00,5837.5,5848.75,5831.25,5840.75,6419,0.0,0.0
2024-12-20 16:00:00-05:00,5996.5,5996.5,5996.5,5996.5,2091064,0.0,0.0
2024-12-22 18:00:00-05:00,6001.75,6026.0,6001.75,6021.0,13291,0.0,0.0
2024-12-22 19:00:00-05:00,6021.25,6022.5,6011.25,6015.75,10685,0.0,0.0
2024-12-22 20:00:00-05:00,6015.75,6024.75,6012.5,6023.75,8817,0.0,0.0
2024-12-22 21:00:00-05:00,6023.75,6025.0,6020.0,6024.0,7427,0.0,0.0
2024-12-22 22:00:00-05:00,6023.75,6024.25,6020.0,6021.75,3718,0.0,0.0
2024-12-22 23:00:00-05:00,6021.5,6029.0,6021.5,6028.5,4283,0.0,0.0
2024-12-23 00:00:00-05:00,6028.5,6032.0,6026.0,6031.25,5031,0.0,0.0
2024-12-23 01:00:00-05:00,6031.25,6033.0,6029.0,6030.75,4674,0.0,0.0
2024-12-23 02:00:00-05:00,6031.0,6031.5,6022.75,6026.5,9902,0.0,0.0
2024-12-23 03:00:00-05:00,6026.75,6028.5,6016.5,6020.25,15084,0.0,0.0
2024-12-23 04:00:00-05:00,6020.5,6024.0,6016.25,6018.25,11509,0.0,0.0
2024-12-23 05:00:00-05:00,6018.0,6021.0,6005.5,6006.25,9688,0.0,0.0
2024-12-23 06:00:00-05:00,6006.25,6007.75,5992.5,5995.25,14278,0.0,0.0
2024-12-23 07:00:00-05:00,5995.5,6009.5,5995.5,6009.0,19173,0.0,0.0
2024-12-23 08:00:00-05:00,6008.5,6009.25,5983.0,5989.0,35504,0.0,0.0
2024-12-23 09:00:00-05:00,5989.25,6008.25,5981.25,5993.5,190095,0.0,0.0
2024-12-23 10:00:00-05:00,5993.5,5995.5,5965.0,5979.25,224146,0.0,0.0
2024-12-23 11:00:00-05:00,5979.0,6015.0,5977.75,6014.25,119262,0.0,0.0
2024-12-23 12:00:00-05:00,6014.5,6020.5,6002.5,6015.5,119370,0.0,0.0
2024-12-23 13:00:00-05:00,6015.5,6029.75,6013.5,6027.0,90465,0.0,0.0
2024-12-23 14:00:00-05:00,6027.0,6033.5,6019.0,6019.5,84248,0.0,0.0
2024-12-23 15:00:00-05:00,6019.25,6043.0,6012.0,6037.25,242922,0.0,0.0
2024-12-23 16:00:00-05:00,6037.0,6041.5,6030.0,6036.0,57241,0.0,0.0
2024-12-23 18:00:00-05:00,6037.75,6042.5,6034.0,6036.0,0,0.0,0.0
2024-12-23 19:00:00-05:00,6036.25,6036.5,6030.0,6035.25,4508,0.0,0.0
2024-12-23 20:00:00-05:00,6035.25,6036.5,6032.0,6034.25,3649,0.0,0.0
2024-12-23 21:00:00-05:00,6033.75,6036.0,6032.25,6035.5,2772,0.0,0.0
2024-12-23 22:00:00-05:00,6035.75,6038.0,6032.25,6034.5,2928,0.0,0.0
2024-12-23 23:00:00-05:00,6034.5,6035.75,6032.0,6035.5,1316,0.0,0.0
2024-12-24 09:30:00-05:00,6045.5,6060.0,6042.25,6059.0,104438,0.0,0.0
2024-12-24 10:30:00-05:00,6059.25,6081.25,6059.0,6079.0,128509,0.0,0.0
2024-12-24 11:30:00-05:00,6079.0,6085.5,6075.0,6077.0,85689,0.0,0.0
2024-12-24 12:30:00-05:00,6077.0,6099.5,6075.5,6098.5,165543,0.0,0.0
2024-12-26 00:00:00-05:00,6102.25,6104.25,6101.0,6102.75,2048,0.0,0.0
2024-12-26 01:00:00-05:00,6103.0,6103.5,6099.25,6099.25,2485,0.0,0.0
2024-12-26 02:00:00-05:00,6099.5,6102.25,6098.25,6101.25,2460,0.0,0.0
2024-12-26 03:00:00-05:00,6101.0,6101.25,6082.75,6085.0,14475,0.0,0.0
2024-12-26 04:00:00-05:00,6085.0,6087.0,6074.25,6076.25,12765,0.0,0.0
2024-12-26 05:00:00-05:00,6076.5,6076.5,6069.0,6073.75,9351,0.0,0.0
2024-12-26 06:00:00-05:00,6073.75,6077.75,6067.5,6077.0,10415,0.0,0.0
2024-12-26 07:00:00-05:00,6077.0,6080.25,6074.75,6077.75,10173,0.0,0.0
2024-12-26 08:00:00-05:00,6077.75,6080.25,6071.0,6076.75,18337,0.0,0.0
2024-12-26 09:00:00-05:00,6076.5,6086.5,6063.25,6082.0,133246,0.0,0.0
2024-12-26 10:00:00-05:00,6081.75,6090.75,6076.25,6090.5,130470,0.0,0.0
2024-12-26 11:00:00-05:00,6090.5,6101.25,6086.75,6100.5,79216,0.0,0.0
2024-12-26 12:00:00-05:00,6100.75,6107.5,6085.75,6092.0,95140,0.0,0.0
2024-12-26 13:00:00-05:00,6092.0,6100.75,6090.0,6095.75,83463,0.0,0.0
2024-12-26 14:00:00-05:00,6095.75,6100.5,6088.5,6100.0,64516,0.0,0.0
2024-12-26 15:00:00-05:00,6100.0,6104.0,6093.0,6095.0,117404,0.0,0.0
2024-12-26 16:00:00-05:00,6095.0,6098.5,6091.0,6091.5,34594,0.0,0.0
2024-12-26 18:00:00-05:00,6092.0,6095.25,6089.75,6095.0,0,0.0,0.0
2024-12-26 19:00:00-05:00,6095.25,6095.25,6083.0,6086.5,5438,0.0,0.0
2024-12-26 20:00:00-05:00,6086.5,6088.0,6083.75,6086.25,3744,0.0,0.0
2024-12-26 21:00:00-05:00,6086.25,6087.75,6084.75,6085.0,2106,0.0,0.0
2024-12-26 22:00:00-05:00,6085.0,6086.25,6082.5,6084.5,2973,0.0,0.0
2024-12-26 23:00:00-05:00,6084.5,6085.5,6082.5,6082.75,1851,0.0,0.0
2024-12-27 00:00:00-05:00,6085.0,6086.5,6082.5,6083.0,2509,0.0,0.0
2024-12-27 01:00:00-05:00,6082.75,6083.0,6077.5,6079.25,4507,0.0,0.0
2024-12-27 02:00:00-05:00,6079.25,6081.25,6075.75,6077.0,3264,0.0,0.0
2024-12-27 03:00:00-05:00,6077.0,6078.5,6070.5,6072.0,11970,0.0,0.0
2024-12-27 04:00:00-05:00,6071.75,6075.5,6070.25,6072.25,8215,0.0,0.0
2024-12-27 05:00:00-05:00,6072.5,6074.25,6070.75,6074.0,6536,0.0,0.0
2024-12-27 06:00:00-05:00,6074.0,6076.0,6072.0,6075.75,6457,0.0,0.0
2024-12-27 07:00:00-05:00,6075.5,6078.75,6073.5,6075.25,9250,0.0,0.0
2024-12-27 08:00:00-05:00,6075.25,6075.5,6065.0,6066.25,23715,0.0,0.0
2024-12-27 09:00:00-05:00,6066.5,6068.0,6041.25,6045.0,200591,0.0,0.0
2024-12-27 10:00:00-05:00,6044.75,6047.0,5997.75,6014.25,319559,0.0,0.0
2024-12-27 11:00:00-05:00,6013.75,6023.5,5992.0,5996.0,186221,0.0,0.0
2024-12-27 12:00:00-05:00,5996.0,6000.25,5982.75,5996.0,164338,0.0,0.0
2024-12-27 13:00:00-05:00,5996.0,6017.25,5993.75,6015.75,110356,0.0,0.0
2024-12-27 14:00:00-05:00,6015.5,6033.75,6012.25,6031.0,125536,0.0,0.0
2024-12-27 15:00:00-05:00,6030.75,6031.5,6003.0,6028.5,276446,0.0,0.0
2024-12-27 16:00:00-05:00,6028.75,6031.75,6027.0,6029.25,62996,0.0,0.0
2024-12-29 18:00:00-05:00,6028.75,6036.25,6017.5,6024.75,9829,0.0,0.0
2024-12-29 19:00:00-05:00,6024.75,6027.25,6018.25,6024.25,7057,0.0,0.0
2024-12-29 20:00:00-05:00,6024.25,6026.75,6019.25,6025.25,4889,0.0,0.0
2024-12-29 21:00:00-05:00,6025.25,6025.25,6019.5,6020.5,3169,0.0,0.0
2024-12-29 22:00:00-05:00,6020.5,6020.5,6015.75,6017.0,4006,0.0,0.0
2024-12-29 23:00:00-05:00,6017.25,6019.75,6015.25,6017.75,2867,0.0,0.0
2024-12-30 00:00:00-05:00,6017.75,6018.75,6011.5,6013.25,4361,0.0,0.0
2024-12-30 01:00:00-05:00,6013.5,6020.5,6012.5,6014.25,4072,0.0,0.0
2024-12-30 02:00:00-05:00,6014.0,6014.0,6003.5,6007.0,8298,0.0,0.0
2024-12-30 03:00:00-05:00,6006.5,6015.0,6004.5,6011.75,11049,0.0,0.0
2024-12-30 04:00:00-05:00,6011.75,6015.25,6009.0,6012.0,9269,0.0,0.0
2024-12-30 05:00:00-05:00,6011.75,6015.0,6011.0,6012.75,5807,0.0,0.0
2024-12-30 06:00:00-05:00,6013.0,6016.25,6011.75,6012.75,6742,0.0,0.0
2024-12-30 07:00:00-05:00,6013.0,6013.25,5962.75,5970.5,42031,0.0,0.0
2024-12-30 08:00:00-05:00,5970.5,5973.5,5945.25,5949.25,51903,0.0,0.0
2024-12-30 09:00:00-05:00,5949.25,5960.0,5926.5,5927.25,224077,0.0,0.0
2024-12-30 10:00:00-05:00,5927.25,5948.5,5918.25,5945.25,288970,0.0,0.0
2024-12-30 11:00:00-05:00,5945.25,5971.0,5938.5,5968.0,161611,0.0,0.0
2024-12-30 12:00:00-05:00,5968.0,5990.25,5966.5,5986.75,136838,0.0,0.0
2024-12-30 13:00:00-05:00,5987.0,5993.25,5975.25,5987.0,118530,0.0,0.0
2024-12-30 14:00:00-05:00,5987.0,5988.75,5969.0,5984.5,105052,0.0,0.0
2024-12-30 15:00:00-05:00,5984.25,5987.75,5956.25,5958.0,215007,0.0,0.0
2024-12-30 16:00:00-05:00,5958.25,5960.0,5948.0,5954.25,69166,0.0,0.0
2024-12-30 18:00:00-05:00,5955.0,5955.0,5944.0,5953.25,0,0.0,0.0
2024-12-30 19:00:00-05:00,5953.5,5954.75,5947.5,5948.5,3193,0.0,0.0
2024-12-30 20:00:00-05:00,5948.5,5960.75,5948.25,5959.75,4887,0.0,0.0
2024-12-30 21:00:00-05:00,5959.75,5966.25,5958.0,5959.25,4918,0.0,0.0
2024-12-30 22:00:00-05:00,5959.25,5960.25,5952.5,5956.25,4885,0.0,0.0
2024-12-30 23:00:00-05:00,5956.25,5956.75,5949.75,5955.25,3492,0.0,0.0
2024-12-31 00:00:00-05:00,5956.25,5957.0,5952.25,5956.25,2656,0.0,0.0
2024-12-31 01:00:00-05:00,5956.25,5956.25,5948.5,5951.75,2891,0.0,0.0
2024-12-31 02:00:00-05:00,5951.5,5957.5,5950.25,5954.0,4329,0.0,0.0
2024-12-31 03:00:00-05:00,5954.25,5956.75,5949.25,5953.25,6794,0.0,0.0
2024-12-31 04:00:00-05:00,5953.5,5977.75,5952.0,5975.0,13661,0.0,0.0
2024-12-31 05:00:00-05:00,5975.0,5979.75,5972.75,5976.75,5394,0.0,0.0
2024-12-31 06:00:00-05:00,5977.0,5980.25,5973.5,5978.25,7973,0.0,0.0
2024-12-31 07:00:00-05:00,5978.25,5983.25,5971.25,5972.25,15486,0.0,0.0
2024-12-31 08:00:00-05:00,5972.0,5980.0,5968.0,5973.0,18785,0.0,0.0
2024-12-31 09:00:00-05:00,5973.25,5980.0,5959.0,5973.75,128789,0.0,0.0
2024-12-31 10:00:00-05:00,5973.5,5980.25,5954.75,5960.0,170256,0.0,0.0
2024-12-31 11:00:00-05:00,5960.0,5961.25,5938.25,5943.25,145901,0.0,0.0
2024-12-31 12:00:00-05:00,5943.25,5947.0,5921.75,5945.5,139630,0.0,0.0
2024-12-31 13:00:00-05:00,5945.25,5950.25,5920.5,5926.5,132094,0.0,0.0
2024-12-31 14:00:00-05:00,5926.75,5938.75,5917.25,5937.0,125438,0.0,0.0
2024-12-31 15:00:00-05:00,5937.0,5949.0,5923.5,5935.0,261368,0.0,0.0
2024-12-31 16:00:00-05:00,5935.25,5941.25,5930.75,5938.25,55312,0.0,0.0
2025-01-02 00:00:00-05:00,5955.25,5965.5,5955.0,5963.75,5963,0.0,0.0
2025-01-02 01:00:00-05:00,5964.0,5968.0,5962.25,5967.0,4459,0.0,0.0
2025-01-02 02:00:00-05:00,5967.0,5969.5,5961.0,5961.5,6789,0.0,0.0
2025-01-02 03:00:00-05:00,5961.75,5975.0,5953.25,5964.25,19660,0.0,0.0
2025-01-02 04:00:00-05:00,5964.25,5972.5,5960.25,5972.0,12388,0.0,0.0
2025-01-02 05:00:00-05:00,5972.0,5974.0,5963.75,5972.25,11006,0.0,0.0
2025-01-02 06:00:00-05:00,5972.25,5989.75,5966.5,5989.25,16304,0.0,0.0
2025-01-02 07:00:00-05:00,5989.5,5995.25,5976.0,5983.5,27555,0.0,0.0
2025-01-02 08:00:00-05:00,5983.5,5988.0,5974.75,5978.25,23878,0.0,0.0
2025-01-02 09:00:00-05:00,5978.0,5978.75,5934.5,5974.75,238610,0.0,0.0
2025-01-02 10:00:00-05:00,5975.0,5985.0,5935.5,5948.0,292631,0.0,0.0
2025-01-02 11:00:00-05:00,5948.5,5960.0,5924.0,5951.25,175528,0.0,0.0
2025-01-02 12:00:00-05:00,5951.25,5959.25,5879.75,5899.0,251068,0.0,0.0
2025-01-02 13:00:00-05:00,5899.25,5901.25,5874.75,5889.0,179477,0.0,0.0
2025-01-02 14:00:00-05:00,5889.25,5911.0,5883.75,5892.5,134619,0.0,0.0
2025-01-02 15:00:00-05:00,5892.5,5925.25,5892.25,5917.25,213520,0.0,0.0
2025-01-02 16:00:00-05:00,5917.5,5925.25,5917.25,5920.0,42343,0.0,0.0
2025-01-02 18:00:00-05:00,5921.0,5922.75,5911.25,5914.75,0,0.0,0.0
2025-01-02 19:00:00-05:00,5914.5,5929.5,5913.25,5929.25,8563,0.0,0.0
2025-01-02 20:00:00-05:00,5929.25,5932.25,5922.75,5925.75,6800,0.0,0.0
2025-01-02 21:00:00-05:00,5925.75,5933.75,5925.5,5930.25,6304,0.0,0.0
2025-01-02 22:00:00-05:00,5930.25,5934.0,5930.25,5931.25,4259,0.0,0.0
2025-01-02 23:00:00-05:00,5931.25,5933.0,5927.0,5927.25,3086,0.0,0.0
2025-01-03 00:00:00-05:00,5926.0,5928.75,5923.75,5927.5,3266,0.0,0.0
2025-01-03 01:00:00-05:00,5927.25,5933.0,5925.5,5929.25,2833,0.0,0.0
2025-01-03 02:00:00-05:00,5929.0,5932.75,5924.0,5930.5,5636,0.0,0.0
2025-01-03 03:00:00-05:00,5930.5,5937.25,5924.25,5929.25,12516,0.0,0.0
2025-01-03 04:00:00-05:00,5929.25,5941.75,5927.5,5938.5,10440,0.0,0.0
2025-01-03 05:00:00-05:00,5938.5,5938.75,5927.75,5929.25,7549,0.0,0.0
2025-01-03 06:00:00-05:00,5929.25,5930.75,5924.75,5929.0,9060,0.0,0.0
2025-01-03 07:00:00-05:00,5929.0,5932.75,5923.75,5932.25,9332,0.0,0.0
2025-01-03 08:00:00-05:00,5932.0,5938.5,5930.25,5930.5,17885,0.0,0.0
2025-01-03 09:00:00-05:00,5930.5,5965.75,5930.25,5950.5,173124,0.0,0.0
2025-01-03 10:00:00-05:00,5950.5,5965.0,5934.0,5962.25,234827,0.0,0.0
2025-01-03 11:00:00-05:00,5962.0,5980.75,5951.5,5974.75,141777,0.0,0.0
2025-01-03 12:00:00-05:00,5974.75,5981.25,5969.25,5977.5,91536,0.0,0.0
2025-01-03 13:00:00-05:00,5977.5,5989.5,5972.25,5984.0,83682,0.0,0.0
2025-01-03 14:00:00-05:00,5984.0,5996.75,5981.75,5991.5,76757,0.0,0.0
2025-01-03 15:00:00-05:00,5991.5,5992.0,5980.75,5988.0,184939,0.0,0.0
2025-01-03 16:00:00-05:00,5988.25,5989.25,5983.0,5985.25,43811,0.0,0.0
2025-01-05 18:00:00-05:00,5994.5,5996.0,5986.0,5990.75,6757,0.0,0.0
2025-01-05 19:00:00-05:00,5991.0,5993.25,5982.0,5985.5,8838,0.0,0.0
2025-01-05 20:00:00-05:00,5985.5,5987.25,5981.25,5984.5,4754,0.0,0.0
2025-01-05 21:00:00-05:00,5984.5,5988.0,5980.75,5986.0,6222,0.0,0.0
2025-01-05 22:00:00-05:00,5986.0,5987.0,5983.5,5984.5,2943,0.0,0.0
2025-01-05 23:00:00-05:00,5984.5,5988.25,5984.25,5987.75,2642,0.0,0.0
2025-01-06 00:00:00-05:00,5987.5,5993.5,5987.0,5991.5,3610,0.0,0.0
2025-01-06 01:00:00-05:00,5991.5,5996.0,5990.25,5994.75,3479,0.0,0.0
2025-01-06 02:00:00-05:00,5994.75,6000.0,5992.75,5997.75,5686,0.0,0.0
2025-01-06 03:00:00-05:00,5998.25,6007.5,5997.0,6006.75,12344,0.0,0.0
2025-01-06 04:00:00-05:00,6006.75,6017.75,6006.5,6017.25,14515,0.0,0.0
2025-01-06 05:00:00-05:00,6017.25,6021.0,6013.25,6015.0,13253,0.0,0.0
2025-01-06 06:00:00-05:00,6014.75,6033.5,6007.5,6033.0,34916,0.0,0.0
2025-01-06 07:00:00-05:00,6032.75,6040.5,6028.0,6035.25,23814,0.0,0.0
2025-01-06 08:00:00-05:00,6035.25,6041.25,6031.75,6040.75,28977,0.0,0.0
2025-01-06 09:00:00-05:00,6041.0,6053.0,6015.75,6049.25,250748,0.0,0.0
2025-01-06 10:00:00-05:00,6049.25,6063.25,6047.0,6059.5,205401,0.0,0.0
2025-01-06 11:00:00-05:00,6059.75,6068.25,6056.25,6065.5,100027,0.0,0.0
2025-01-06 12:00:00-05:00,6065.5,6065.5,6043.5,6047.0,117294,0.0,0.0
2025-01-06 13:00:00-05:00,6047.25,6047.75,6025.0,6026.0,158639,0.0,0.0
2025-01-06 14:00:00-05:00,6026.0,6027.75,6011.25,6012.0,159680,0.0,0.0
2025-01-06 15:00:00-05:00,6011.75,6023.75,6004.0,6022.5,238082,0.0,0.0
2025-01-06 16:00:00-05:00,6022.25,6028.5,6022.0,6028.25,56326,0.0,0.0
2025-01-06 18:00:00-05:00,6028.0,6031.75,6025.0,6025.75,0,0.0,0.0
2025-01-06 19:00:00-05:00,6025.5,6027.25,6021.25,6023.5,5882,0.0,0.0
2025-01-06 20:00:00-05:00,6023.25,6024.25,6019.25,6023.0,6167,0.0,0.0
2025-01-06 21:00:00-05:00,6023.0,6026.5,6016.5,6017.0,5116,0.0,0.0
2025-01-06 22:00:00-05:00,6017.25,6021.0,6013.25,6020.75,4760,0.0,0.0
2025-01-06 23:00:00-05:00,6020.75,6020.75,6016.5,6017.5,3724,0.0,0.0
2025-01-07 00:00:00-05:00,6015.25,6017.0,6007.0,6014.75,6602,0.0,0.0
2025-01-07 01:00:00-05:00,6014.75,6017.0,6010.25,6011.5,3717,0.0,0.0
2025-01-07 02:00:00-05:00,6011.5,6018.25,6011.25,6018.0,5843,0.0,0.0
2025-01-07 03:00:00-05:00,6018.0,6026.5,6013.0,6023.75,14067,0.0,0.0
2025-01-07 04:00:00-05:00,6023.75,6027.75,6018.25,6019.75,9296,0.0,0.0
2025-01-07 05:00:00-05:00,6019.75,6028.5,6017.5,6027.75,6396,0.0,0.0
2025-01-07 06:00:00-05:00,6028.0,6029.5,6021.25,6024.0,8456,0.0,0.0
2025-01-07 07:00:00-05:00,6024.25,6032.5,6021.0,6027.5,14294,0.0,0.0
2025-01-07 08:00:00-05:00,6027.5,6037.5,6026.0,6037.5,21212,0.0,0.0
2025-01-07 09:00:00-05:00,6037.5,6045.5,6028.5,6032.0,146591,0.0,0.0
2025-01-07 10:00:00-05:00,6031.0,6031.0,5969.5,6001.5,436968,0.0,0.0
2025-01-07 11:00:00-05:00,6001.5,6004.5,5971.5,5973.75,247177,0.0,0.0
2025-01-07 12:00:00-05:00,5973.75,5984.25,5962.75,5975.75,155176,0.0,0.0
2025-01-07 13:00:00-05:00,5976.0,5991.0,5974.0,5977.25,113681,0.0,0.0
2025-01-07 14:00:00-05:00,5976.75,5983.0,5965.5,5967.25,107170,0.0,0.0
2025-01-07 15:00:00-05:00,5967.5,5968.5,5935.0,5955.0,306090,0.0,0.0
2025-01-07 16:00:00-05:00,5955.0,5959.5,5953.5,5954.75,50934,0.0,0.0
2025-01-07 18:00:00-05:00,5955.5,5958.75,5948.25,5958.25,0,0.0,0.0
2025-01-07 19:00:00-05:00,5958.0,5963.75,5957.0,5962.0,6944,0.0,0.0
2025-01-07 20:00:00-05:00,5962.0,5968.5,5960.5,5968.0,7511,0.0,0.0
2025-01-07 21:00:00-05:00,5967.75,5970.0,5963.25,5967.0,5913,0.0,0.0
2025-01-07 22:00:00-05:00,5966.75,5967.75,5961.75,5965.5,4814,0.0,0.0
2025-01-07 23:00:00-05:00,5965.75,5968.75,5963.0,5965.0,4267,0.0,0.0
2025-01-08 00:00:00-05:00,5966.25,5972.25,5965.25,5972.0,3888,0.0,0.0
2025-01-08 01:00:00-05:00,5972.0,5972.5,5963.75,5964.5,3858,0.0,0.0
2025-01-08 02:00:00-05:00,5964.5,5964.5,5957.5,5963.25,6683,0.0,0.0
2025-01-08 03:00:00-05:00,5963.25,5969.75,5961.0,5967.0,9923,0.0,0.0
2025-01-08 04:00:00-05:00,5967.0,5971.5,5966.0,5971.0,9476,0.0,0.0
2025-01-08 05:00:00-05:00,5971.0,5975.0,5970.25,5974.5,6067,0.0,0.0
2025-01-08 06:00:00-05:00,5974.25,5974.75,5936.25,5954.75,45374,0.0,0.0
2025-01-08 07:00:00-05:00,5954.75,5955.0,5926.5,5932.75,46175,0.0,0.0
2025-01-08 08:00:00-05:00,5933.0,5961.75,5932.25,5959.25,69228,0.0,0.0
2025-01-08 09:00:00-05:00,5959.25,5961.75,5931.25,5939.75,219572,0.0,0.0
2025-01-08 10:00:00-05:00,5939.5,5953.75,5925.5,5950.0,288939,0.0,0.0
2025-01-08 11:00:00-05:00,5950.0,5965.25,5937.75,5960.25,150887,0.0,0.0
2025-01-08 12:00:00-05:00,5960.25,5960.75,5917.0,5934.5,183107,0.0,0.0
2025-01-08 13:00:00-05:00,5934.5,5961.75,5933.75,5943.75,164222,0.0,0.0
2025-01-08 14:00:00-05:00,5944.25,5971.75,5937.0,5951.0,196089,0.0,0.0
2025-01-08 15:00:00-05:00,5951.25,5963.25,5944.5,5959.25,199756,0.0,0.0
2025-01-08 16:00:00-05:00,5959.25,5965.25,5950.75,5954.75,61397,0.0,0.0
2025-01-08 18:00:00-05:00,5955.0,5956.5,5948.0,5949.25,0,0.0,0.0
2025-01-08 19:00:00-05:00,5949.5,5951.25,5940.0,5946.75,7413,0.0,0.0
2025-01-08 20:00:00-05:00,5946.75,5948.75,5944.75,5945.25,5105,0.0,0.0
2025-01-08 21:00:00-05:00,5945.25,5952.5,5945.0,5952.0,3560,0.0,0.0
2025-01-08 22:00:00-05:00,5951.5,5952.0,5945.0,5945.0,3553,0.0,0.0
2025-01-08 23:00:00-05:00,5945.25,5946.75,5940.75,5944.5,4174,0.0,0.0
2025-01-09 00:00:00-05:00,5947.0,5949.75,5944.25,5949.0,3412,0.0,0.0
2025-01-09 01:00:00-05:00,5949.25,5950.0,5946.5,5948.5,2345,0.0,0.0
2025-01-09 02:00:00-05:00,5948.25,5948.5,5933.75,5935.0,7504,0.0,0.0
2025-01-09 03:00:00-05:00,5935.0,5952.0,5929.25,5949.75,12700,0.0,0.0
2025-01-09 04:00:00-05:00,5950.0,5954.25,5946.75,5952.5,7082,0.0,0.0
2025-01-09 05:00:00-05:00,5952.5,5957.0,5951.25,5953.75,6187,0.0,0.0
2025-01-09 06:00:00-05:00,5953.75,5953.75,5943.25,5947.5,8198,0.0,0.0
2025-01-09 07:00:00-05:00,5948.0,5951.5,5943.25,5950.75,7730,0.0,0.0
2025-01-09 08:00:00-05:00,5950.5,5954.75,5944.0,5946.25,15207,0.0,0.0
2025-01-09 09:00:00-05:00,5946.25,5946.25,5936.0,5944.75,14927,0.0,0.0
2025-01-09 18:00:00-05:00,5943.75,5945.25,5926.25,5930.5,0,0.0,0.0
2025-01-09 19:00:00-05:00,5930.75,5932.75,5920.5,5922.75,14822,0.0,0.0
2025-01-09 20:00:00-05:00,5923.0,5936.0,5922.75,5934.25,8372,0.0,0.0
2025-01-09 21:00:00-05:00,5934.25,5940.0,5932.25,5938.75,6094,0.0,0.0
2025-01-09 22:00:00-05:00,5938.75,5945.5,5938.5,5943.0,6427,0.0,0.0
2025-01-09 23:00:00-05:00,5942.75,5944.75,5940.0,5944.0,3752,0.0,0.0
2025-01-10 00:00:00-05:00,5945.5,5948.5,5944.0,5945.75,4899,0.0,0.0
2025-01-10 01:00:00-05:00,5946.0,5946.0,5937.25,5938.5,5656,0.0,0.0
2025-01-10 02:00:00-05:00,5938.25,5946.75,5935.5,5942.25,6048,0.0,0.0
2025-01-10 03:00:00-05:00,5942.25,5950.75,5940.0,5944.75,9796,0.0,0.0
2025-01-10 04:00:00-05:00,5944.75,5945.75,5934.5,5939.75,12239,0.0,0.0
2025-01-10 05:00:00-05:00,5939.5,5949.0,5937.0,5947.25,8269,0.0,0.0
2025-01-10 06:00:00-05:00,5947.0,5959.25,5946.75,5948.5,11990,0.0,0.0
2025-01-10 07:00:00-05:00,5948.75,5951.25,5936.5,5950.75,15650,0.0,0.0
2025-01-10 08:00:00-05:00,5950.75,5951.5,5888.0,5903.25,127763,0.0,0.0
2025-01-10 09:00:00-05:00,5903.0,5921.75,5884.0,5890.75,297606,0.0,0.0
2025-01-10 10:00:00-05:00,5890.25,5893.0,5852.0,5871.25,394737,0.0,0.0
2025-01-10 11:00:00-05:00,5871.25,5874.0,5848.0,5851.25,227010,0.0,0.0
2025-01-10 12:00:00-05:00,5851.25,5877.5,5845.25,5875.75,152077,0.0,0.0
2025-01-10 13:00:00-05:00,5875.75,5907.25,5870.0,5906.5,166843,0.0,0.0
2025-01-10 14:00:00-05:00,5906.5,5906.75,5873.5,5882.75,170819,0.0,0.0
2025-01-10 15:00:00-05:00,5882.75,5885.75,5858.0,5866.75,276680,0.0,0.0
2025-01-10 16:00:00-05:00,5866.5,5870.25,5858.5,5861.5,65129,0.0,0.0
2025-01-12 18:00:00-05:00,5864.5,5867.5,5848.0,5860.0,15923,0.0,0.0
2025-01-12 19:00:00-05:00,5859.75,5867.5,5855.25,5858.5,10130,0.0,0.0
2025-01-12 20:00:00-05:00,5858.5,5859.0,5838.5,5845.0,16502,0.0,0.0
2025-01-12 21:00:00-05:00,5844.75,5849.25,5841.25,5843.5,7027,0.0,0.0
2025-01-12 22:00:00-05:00,5843.25,5845.75,5831.0,5837.5,11727,0.0,0.0
2025-01-12 23:00:00-05:00,5837.5,5841.75,5837.25,5841.5,4742,0.0,0.0
2025-01-13 00:00:00-05:00,5841.25,5841.5,5835.0,5839.25,4736,0.0,0.0
2025-01-13 01:00:00-05:00,5839.25,5848.75,5839.25,5843.75,5979,0.0,0.0
2025-01-13 02:00:00-05:00,5843.75,5846.0,5836.5,5840.0,9719,0.0,0.0
2025-01-13 03:00:00-05:00,5840.0,5846.5,5823.5,5825.0,26331,0.0,0.0
2025-01-13 04:00:00-05:00,5825.25,5826.25,5809.0,5812.75,35223,0.0,0.0
2025-01-13 05:00:00-05:00,5812.75,5822.75,5810.0,5817.5,12834,0.0,0.0
2025-01-13 06:00:00-05:00,5817.5,5822.25,5813.25,5819.25,12689,0.0,0.0
2025-01-13 07:00:00-05:00,5819.0,5834.75,5811.75,5828.5,30322,0.0,0.0
2025-01-13 08:00:00-05:00,5828.5,5835.0,5821.25,5827.5,32617,0.0,0.0
2025-01-13 09:00:00-05:00,5827.5,5842.75,5813.0,5838.25,236552,0.0,0.0
2025-01-13 10:00:00-05:00,5838.25,5851.75,5818.75,5839.0,291428,0.0,0.0
2025-01-13 11:00:00-05:00,5838.75,5842.25,5818.75,5820.0,190971,0.0,0.0
2025-01-13 12:00:00-05:00,5819.75,5856.25,5816.5,5855.5,183638,0.0,0.0
2025-01-13 13:00:00-05:00,5855.25,5863.75,5849.25,5860.75,147909,0.0,0.0
2025-01-13 14:00:00-05:00,5860.75,5871.0,5850.25,5865.75,143926,0.0,0.0
2025-01-13 15:00:00-05:00,5865.5,5878.25,5859.5,5875.5,215346,0.0,0.0
2025-01-13 16:00:00-05:00,5875.25,5883.25,5872.0,5881.75,50982,0.0,0.0
2025-01-13 18:00:00-05:00,5887.25,5901.25,5886.75,5892.5,0,0.0,0.0
2025-01-13 19:00:00-05:00,5892.25,5893.75,5887.75,5892.5,8416,0.0,0.0
2025-01-13 20:00:00-05:00,5892.75,5892.75,5887.75,5889.0,5445,0.0,0.0
2025-01-13 21:00:00-05:00,5889.0,5890.5,5883.0,5890.0,6222,0.0,0.0
2025-01-13 22:00:00-05:00,5890.0,5891.0,5887.25,5887.25,4722,0.0,0.0
2025-01-13 23:00:00-05:00,5887.5,5892.75,5886.25,5892.25,2516,0.0,0.0
2025-01-14 00:00:00-05:00,5892.5,5896.0,5890.25,5896.0,3528,0.0,0.0
2025-01-14 01:00:00-05:00,5896.0,5897.5,5891.25,5892.75,4702,0.0,0.0
2025-01-14 02:00:00-05:00,5893.0,5897.75,5888.0,5895.75,6290,0.0,0.0
2025-01-14 03:00:00-05:00,5895.75,5913.5,5894.5,5908.5,18690,0.0,0.0
2025-01-14 04:00:00-05:00,5908.5,5911.0,5902.0,5905.5,13542,0.0,0.0
2025-01-14 05:00:00-05:00,5905.5,5907.25,5900.5,5905.5,6923,0.0,0.0
2025-01-14 06:00:00-05:00,5905.5,5905.5,5894.25,5896.0,9190,0.0,0.0
2025-01-14 07:00:00-05:00,5895.75,5898.5,5881.5,5889.5,19503,0.0,0.0
2025-01-14 08:00:00-05:00,5889.5,5918.5,5874.5,5897.25,93583,0.0,0.0
2025-01-14 09:00:00-05:00,5897.5,5909.75,5878.75,5882.25,196759,0.0,0.0
2025-01-14 10:00:00-05:00,5882.25,5906.0,5877.25,5877.5,256610,0.0,0.0
2025-01-14 11:00:00-05:00,5877.75,5879.25,5846.75,5846.75,231430,0.0,0.0
2025-01-14 12:00:00-05:00,5846.75,5864.75,5842.5,5861.5,165247,0.0,0.0
2025-01-14 13:00:00-05:00,5861.25,5898.0,5860.0,5895.0,138132,0.0,0.0
2025-01-14 14:00:00-05:00,5895.25,5898.75,5864.0,5865.5,157705,0.0,0.0
2025-01-14 15:00:00-05:00,5865.75,5883.25,5848.75,5882.0,353140,0.0,0.0
2025-01-14 16:00:00-05:00,5882.0,5895.0,5880.25,5891.5,61280,0.0,0.0
2025-01-14 18:00:00-05:00,5891.5,5891.5,5884.25,5886.5,0,0.0,0.0
2025-01-14 19:00:00-05:00,5886.5,5887.25,5884.25,5887.0,4505,0.0,0.0
2025-01-14 20:00:00-05:00,5886.75,5888.5,5885.25,5887.25,4785,0.0,0.0
2025-01-14 21:00:00-05:00,5887.25,5888.0,5883.25,5883.75,4355,0.0,0.0
2025-01-14 22:00:00-05:00,5883.75,5884.75,5882.75,5883.25,2251,0.0,0.0
2025-01-14 23:00:00-05:00,5883.25,5884.5,5881.0,5884.0,2898,0.0,0.0
2025-01-15 00:00:00-05:00,5883.5,5884.75,5882.5,5883.25,2839,0.0,0.0
2025-01-15 01:00:00-05:00,5883.25,5886.0,5882.75,5885.25,3218,0.0,0.0
2025-01-15 02:00:00-05:00,5885.0,5886.75,5883.25,5884.25,5763,0.0,0.0
2025-01-15 03:00:00-05:00,5884.5,5887.25,5879.5,5884.0,9913,0.0,0.0
2025-01-15 04:00:00-05:00,5884.25,5891.75,5883.0,5888.75,9448,0.0,0.0
2025-01-15 05:00:00-05:00,5889.0,5893.0,5883.75,5892.25,6685,0.0,0.0
2025-01-15 06:00:00-05:00,5892.25,5906.0,5891.5,5903.0,12911,0.0,0.0
2025-01-15 07:00:00-05:00,5902.75,5905.5,5897.75,5901.5,17697,0.0,0.0
2025-01-15 08:00:00-05:00,5901.75,5979.75,5900.0,5970.5,147725,0.0,0.0
2025-01-15 09:00:00-05:00,5970.75,5983.0,5952.5,5981.0,269591,0.0,0.0
2025-01-15 10:00:00-05:00,5981.0,5991.75,5972.5,5973.0,261169,0.0,0.0
2025-01-15 11:00:00-05:00,5973.25,5981.75,5955.75,5961.25,192193,0.0,0.0
2025-01-15 12:00:00-05:00,5961.0,5980.75,5959.5,5971.0,134081,0.0,0.0
2025-01-15 13:00:00-05:00,5971.25,5988.25,5971.0,5986.75,93292,0.0,0.0
2025-01-15 14:00:00-05:00,5987.0,5999.0,5986.0,5995.5,100442,0.0,0.0
2025-01-15 15:00:00-05:00,5995.75,6001.25,5987.75,5988.75,215986,0.0,0.0
2025-01-15 16:00:00-05:00,5988.75,5991.75,5985.25,5987.75,49982,0.0,0.0
2025-01-15 18:00:00-05:00,5988.5,5995.25,5986.5,5994.25,0,0.0,0.0
2025-01-15 19:00:00-05:00,5994.25,6002.0,5993.0,5997.5,8221,0.0,0.0
2025-01-15 20:00:00-05:00,5997.5,5997.5,5990.75,5991.5,6839,0.0,0.0
2025-01-15 21:00:00-05:00,5991.5,5992.5,5988.25,5991.25,4316,0.0,0.0
2025-01-15 22:00:00-05:00,5991.25,5995.0,5990.0,5991.5,5106,0.0,0.0
2025-01-15 23:00:00-05:00,5991.5,5993.0,5989.75,5990.25,2722,0.0,0.0
2025-01-16 00:00:00-05:00,5989.0,5990.0,5983.0,5985.5,5473,0.0,0.0
2025-01-16 01:00:00-05:00,5985.75,6001.25,5983.75,5997.25,16401,0.0,0.0
2025-01-16 02:00:00-05:00,5997.0,6017.25,5995.0,6016.25,20796,0.0,0.0
2025-01-16 03:00:00-05:00,6016.0,6017.5,6006.75,6008.0,21020,0.0,0.0
2025-01-16 04:00:00-05:00,6007.75,6010.5,5996.75,6001.75,21257,0.0,0.0
2025-01-16 05:00:00-05:00,6002.0,6010.0,5995.25,6007.25,15724,0.0,0.0
2025-01-16 06:00:00-05:00,6007.0,6008.75,6001.5,6006.5,11531,0.0,0.0
2025-01-16 07:00:00-05:00,6007.0,6007.25,5989.0,5990.5,24021,0.0,0.0
2025-01-16 08:00:00-05:00,5990.75,5999.0,5986.75,5996.25,50917,0.0,0.0
2025-01-16 09:00:00-05:00,5996.25,6003.25,5980.5,5981.75,186829,0.0,0.0
2025-01-16 10:00:00-05:00,5981.75,5995.0,5973.25,5994.75,268289,0.0,0.0
2025-01-16 11:00:00-05:00,5994.75,6004.25,5978.25,5995.25,200624,0.0,0.0
2025-01-16 12:00:00-05:00,5995.0,5998.5,5987.75,5989.5,114721,0.0,0.0
2025-01-16 13:00:00-05:00,5989.75,5995.5,5969.0,5973.5,133737,0.0,0.0
2025-01-16 14:00:00-05:00,5973.5,5991.0,5970.25,5989.25,118698,0.0,0.0
2025-01-16 15:00:00-05:00,5989.5,5993.5,5974.0,5976.25,208483,0.0,0.0
2025-01-16 16:00:00-05:00,5976.5,5977.0,5961.75,5969.5,57175,0.0,0.0
2025-01-16 18:00:00-05:00,5970.25,5974.75,5968.0,5974.5,0,0.0,0.0
2025-01-16 19:00:00-05:00,5974.25,5975.5,5972.0,5975.25,5225,0.0,0.0
2025-01-16 20:00:00-05:00,5975.25,5984.0,5975.0,5981.75,6360,0.0,0.0
2025-01-16 21:00:00-05:00,5982.0,5985.5,5977.5,5979.0,4572,0.0,0.0
2025-01-16 22:00:00-05:00,5979.0,5984.75,5977.0,5984.5,3333,0.0,0.0
2025-01-16 23:00:00-05:00,5984.25,5989.5,5984.0,5985.75,4766,0.0,0.0
2025-01-17 00:00:00-05:00,5986.75,5989.0,5984.5,5986.25,3858,0.0,0.0
2025-01-17 01:00:00-05:00,5986.5,5987.75,5983.0,5984.5,3899,0.0,0.0
2025-01-17 02:00:00-05:00,5984.75,5985.25,5977.0,5983.75,6301,0.0,0.0
2025-01-17 03:00:00-05:00,5983.5,5991.75,5983.0,5990.5,9241,0.0,0.0
2025-01-17 04:00:00-05:00,5990.5,5999.0,5989.5,5995.25,12174,0.0,0.0
2025-01-17 05:00:00-05:00,5995.25,5998.5,5992.25,5994.75,7872,0.0,0.0
2025-01-17 06:00:00-05:00,5994.75,6000.75,5992.75,5994.0,9810,0.0,0.0
2025-01-17 07:00:00-05:00,5994.0,5999.0,5990.0,5996.75,13742,0.0,0.0
2025-01-17 08:00:00-05:00,5996.75,6021.25,5996.5,6019.0,65394,0.0,0.0
2025-01-17 09:00:00-05:00,6019.0,6035.5,6012.75,6020.5,272514,0.0,0.0
2025-01-17 10:00:00-05:00,6020.5,6039.25,6017.75,6038.75,206720,0.0,0.0
2025-01-17 11:00:00-05:00,6039.25,6049.0,6035.0,6040.75,140502,0.0,0.0
2025-01-17 12:00:00-05:00,6040.5,6049.0,6035.75,6046.75,87557,0.0,0.0
2025-01-17 13:00:00-05:00,6046.75,6051.5,6039.75,6043.75,96365,0.0,0.0
2025-01-17 14:00:00-05:00,6043.75,6045.5,6037.5,6039.75,87677,0.0,0.0
2025-01-17 15:00:00-05:00,6039.75,6043.5,6031.0,6033.0,222688,0.0,0.0
2025-01-17 16:00:00-05:00,6033.25,6034.0,6029.0,6032.5,49040,0.0,0.0
2025-01-19 18:00:00-05:00,6032.25,6038.5,6020.0,6023.5,9151,0.0,0.0
2025-01-19 19:00:00-05:00,6023.5,6027.25,6022.25,6027.0,5038,0.0,0.0
2025-01-19 20:00:00-05:00,6026.75,6030.25,6023.5,6027.75,5429,0.0,0.0
2025-01-19 21:00:00-05:00,6027.25,6028.5,6025.25,6027.25,2921,0.0,0.0
2025-01-19 22:00:00-05:00,6027.25,6030.75,6025.5,6029.75,3277,0.0,0.0
2025-01-19 23:00:00-05:00,6029.75,6032.0,6029.0,6032.0,2482,0.0,0.0
2025-01-21 00:00:00-05:00,6043.0,6043.5,6036.25,6039.0,4389,0.0,0.0
2025-01-21 01:00:00-05:00,6039.0,6043.75,6036.25,6039.5,4562,0.0,0.0
2025-01-21 02:00:00-05:00,6039.25,6047.5,6036.0,6046.5,8028,0.0,0.0
2025-01-21 03:00:00-05:00,6046.5,6055.25,6040.5,6050.0,14771,0.0,0.0
2025-01-21 04:00:00-05:00,6050.0,6060.75,6049.0,6060.75,12232,0.0,0.0
2025-01-21 05:00:00-05:00,6060.75,6067.75,6055.75,6056.25,13899,0.0,0.0
2025-01-21 06:00:00-05:00,6056.25,6060.0,6049.75,6051.75,12472,0.0,0.0
2025-01-21 07:00:00-05:00,6052.0,6059.5,6045.5,6056.75,17924,0.0,0.0
2025-01-21 08:00:00-05:00,6056.75,6064.0,6054.25,6062.75,23469,0.0,0.0
2025-01-21 09:00:00-05:00,6062.75,6072.0,6052.0,6062.75,216103,0.0,0.0
2025-01-21 10:00:00-05:00,6062.5,6063.25,6043.5,6061.0,243697,0.0,0.0
2025-01-21 11:00:00-05:00,6061.0,6072.25,6055.5,6071.0,138264,0.0,0.0
2025-01-21 12:00:00-05:00,6071.0,6082.25,6066.75,6081.75,107101,0.0,0.0
2025-01-21 13:00:00-05:00,6081.75,6086.5,6078.0,6083.5,92177,0.0,0.0
2025-01-21 14:00:00-05:00,6083.75,6085.5,6074.25,6079.25,100630,0.0,0.0
2025-01-21 15:00:00-05:00,6079.25,6087.25,6077.25,6086.5,185545,0.0,0.0
2025-01-21 16:00:00-05:00,6086.5,6093.25,6086.0,6091.75,55832,0.0,0.0
2025-01-21 18:00:00-05:00,6094.0,6099.25,6087.0,6096.5,0,0.0,0.0
2025-01-21 19:00:00-05:00,6096.5,6102.0,6095.25,6101.25,7854,0.0,0.0
2025-01-21 20:00:00-05:00,6101.0,6101.25,6095.75,6100.0,6234,0.0,0.0
2025-01-21 21:00:00-05:00,6099.75,6102.5,6099.0,6100.0,3858,0.0,0.0
2025-01-21 22:00:00-05:00,6100.25,6102.75,6099.5,6102.25,3328,0.0,0.0
2025-01-21 23:00:00-05:00,6102.0,6105.0,6100.5,6104.25,3880,0.0,0.0
2025-01-22 00:00:00-05:00,6103.75,6103.75,6102.25,6102.75,2216,0.0,0.0
2025-01-22 01:00:00-05:00,6103.0,6103.5,6098.75,6099.0,3567,0.0,0.0
2025-01-22 02:00:00-05:00,6099.25,6102.75,6098.0,6099.75,6117,0.0,0.0
2025-01-22 03:00:00-05:00,6099.75,6110.0,6099.0,6109.5,13578,0.0,0.0
2025-01-22 04:00:00-05:00,6109.5,6114.75,6108.75,6110.75,17578,0.0,0.0
2025-01-22 05:00:00-05:00,6110.5,6112.75,6107.75,6111.75,8659,0.0,0.0
2025-01-22 06:00:00-05:00,6111.5,6115.25,6108.75,6110.25,10488,0.0,0.0
2025-01-22 07:00:00-05:00,6110.75,6116.5,6109.5,6112.5,14781,0.0,0.0
2025-01-22 08:00:00-05:00,6112.75,6119.0,6112.5,6118.75,22720,0.0,0.0
2025-01-22 09:00:00-05:00,6118.75,6122.75,6111.25,6122.25,168655,0.0,0.0
2025-01-22 10:00:00-05:00,6122.25,6128.0,6117.0,6122.5,186392,0.0,0.0
2025-01-22 11:00:00-05:00,6122.25,6135.0,6119.5,6133.5,134588,0.0,0.0
2025-01-22 12:00:00-05:00,6133.75,6135.75,6130.25,6130.5,74078,0.0,0.0
2025-01-22 13:00:00-05:00,6130.5,6133.25,6126.75,6127.25,94791,0.0,0.0
2025-01-22 14:00:00-05:00,6127.25,6133.25,6124.75,6133.0,96686,0.0,0.0
2025-01-22 15:00:00-05:00,6132.75,6133.25,6119.5,6120.0,210609,0.0,0.0
2025-01-22 16:00:00-05:00,6120.25,6122.0,6115.0,6120.25,49095,0.0,0.0
2025-01-22 18:00:00-05:00,6120.0,6120.0,6115.25,6116.0,0,0.0,0.0
2025-01-22 19:00:00-05:00,6116.25,6118.0,6114.0,6116.0,7869,0.0,0.0
2025-01-22 20:00:00-05:00,6116.0,6118.0,6113.0,6113.5,8061,0.0,0.0
2025-01-22 21:00:00-05:00,6113.75,6115.25,6109.75,6113.75,4119,0.0,0.0
2025-01-22 22:00:00-05:00,6113.75,6116.25,6111.75,6113.25,3719,0.0,0.0
2025-01-22 23:00:00-05:00,6113.5,6116.75,6113.0,6116.0,2175,0.0,0.0
2025-01-23 00:00:00-05:00,6116.25,6117.0,6113.5,6113.75,2127,0.0,0.0
2025-01-23 01:00:00-05:00,6113.5,6116.0,6111.5,6112.5,2732,0.0,0.0
2025-01-23 02:00:00-05:00,6112.75,6113.5,6108.25,6110.0,6276,0.0,0.0
2025-01-23 03:00:00-05:00,6109.75,6111.0,6102.75,6105.0,13811,0.0,0.0
2025-01-23 04:00:00-05:00,6105.0,6110.0,6101.5,6108.75,12011,0.0,0.0
2025-01-23 05:00:00-05:00,6108.5,6112.75,6106.5,6106.75,10449,0.0,0.0
2025-01-23 06:00:00-05:00,6106.75,6113.5,6106.0,6112.25,8689,0.0,0.0
2025-01-23 07:00:00-05:00,6112.5,6115.25,6107.75,6115.0,11823,0.0,0.0
2025-01-23 08:00:00-05:00,6115.0,6117.75,6109.75,6114.75,25706,0.0,0.0
2025-01-23 09:00:00-05:00,6115.25,6119.0,6111.25,6118.25,116505,0.0,0.0
2025-01-23 10:00:00-05:00,6118.5,6125.0,6112.0,6124.75,129733,0.0,0.0
2025-01-23 11:00:00-05:00,6124.75,6134.75,6119.75,6128.5,167621,0.0,0.0
2025-01-23 12:00:00-05:00,6128.5,6133.0,6124.75,6132.75,70909,0.0,0.0
2025-01-23 13:00:00-05:00,6132.75,6139.0,6131.75,6133.75,73290,0.0,0.0
2025-01-23 14:00:00-05:00,6133.75,6136.5,6129.25,6134.5,82584,0.0,0.0
2025-01-23 15:00:00-05:00,6134.25,6154.0,6132.5,6153.5,211074,0.0,0.0
2025-01-23 16:00:00-05:00,6153.5,6153.75,6146.5,6148.5,86633,0.0,0.0
2025-01-23 18:00:00-05:00,6148.0,6149.0,6145.25,6148.0,0,0.0,0.0
2025-01-23 19:00:00-05:00,6148.0,6148.5,6145.25,6146.75,6166,0.0,0.0
2025-01-23 20:00:00-05:00,6147.0,6150.5,6145.75,6148.0,16092,0.0,0.0
2025-01-23 21:00:00-05:00,6148.0,6155.75,6147.0,6154.5,14230,0.0,0.0
2025-01-23 22:00:00-05:00,6154.5,6156.0,6145.0,6147.25,7190,0.0,0.0
2025-01-23 23:00:00-05:00,6147.25,6148.5,6143.75,6146.5,4546,0.0,0.0
2025-01-24 00:00:00-05:00,6147.5,6147.75,6145.25,6146.0,2610,0.0,0.0
2025-01-24 01:00:00-05:00,6146.0,6148.75,6145.5,6146.5,3033,0.0,0.0
2025-01-24 02:00:00-05:00,6146.5,6147.25,6142.75,6144.75,6119,0.0,0.0
2025-01-24 03:00:00-05:00,6144.75,6147.75,6143.5,6144.5,10080,0.0,0.0
2025-01-24 04:00:00-05:00,6144.5,6149.5,6144.25,6145.25,9613,0.0,0.0
2025-01-24 05:00:00-05:00,6145.25,6146.0,6139.0,6143.25,19213,0.0,0.0
2025-01-24 06:00:00-05:00,6143.5,6144.5,6140.5,6144.25,9732,0.0,0.0
2025-01-24 07:00:00-05:00,6144.5,6149.25,6143.5,6146.0,11108,0.0,0.0
2025-01-24 08:00:00-05:00,6145.75,6146.25,6140.5,6143.25,16546,0.0,0.0
2025-01-24 09:00:00-05:00,6143.25,6162.25,6143.0,6157.0,137405,0.0,0.0
2025-01-24 10:00:00-05:00,6157.25,6159.5,6144.5,6145.75,166999,0.0,0.0
2025-01-24 11:00:00-05:00,6145.75,6157.5,6144.75,6149.5,117460,0.0,0.0
2025-01-24 12:00:00-05:00,6149.5,6154.5,6139.25,6141.0,111213,0.0,0.0
2025-01-24 13:00:00-05:00,6140.75,6143.25,6125.75,6128.25,139804,0.0,0.0
2025-01-24 14:00:00-05:00,6128.25,6133.25,6123.25,6127.75,130773,0.0,0.0
2025-01-24 15:00:00-05:00,6127.75,6135.0,6122.0,6132.75,195579,0.0,0.0
2025-01-24 16:00:00-05:00,6133.0,6133.5,6127.25,6132.0,46095,0.0,0.0
2025-01-26 18:00:00-05:00,6102.25,6105.25,6099.0,6103.25,24121,0.0,0.0
2025-01-26 19:00:00-05:00,6103.25,6104.0,6083.25,6085.0,25985,0.0,0.0
2025-01-26 20:00:00-05:00,6084.75,6089.75,6072.0,6077.5,24541,0.0,0.0
2025-01-26 21:00:00-05:00,6077.5,6080.75,6072.5,6078.75,11327,0.0,0.0
2025-01-26 22:00:00-05:00,6078.75,6085.75,6076.75,6081.5,11227,0.0,0.0
2025-01-26 23:00:00-05:00,6081.5,6082.0,6072.5,6075.75,8295,0.0,0.0
2025-01-27 00:00:00-05:00,6075.0,6076.25,6057.0,6060.0,16505,0.0,0.0
2025-01-27 01:00:00-05:00,6060.0,6061.25,6043.25,6048.25,17717,0.0,0.0
2025-01-27 02:00:00-05:00,6048.75,6051.75,6027.75,6029.0,31162,0.0,0.0
2025-01-27 03:00:00-05:00,6029.5,6037.75,6006.75,6017.5,53463,0.0,0.0
2025-01-27 04:00:00-05:00,6017.25,6020.75,6007.25,6010.5,43633,0.0,0.0
2025-01-27 05:00:00-05:00,6010.75,6011.5,5948.0,5973.5,90268,0.0,0.0
2025-01-27 06:00:00-05:00,5973.5,5991.75,5971.0,5982.0,62275,0.0,0.0
2025-01-27 07:00:00-05:00,5981.75,6006.5,5980.75,6000.0,59515,0.0,0.0
2025-01-27 08:00:00-05:00,6000.0,6014.75,5993.25,6007.5,72969,0.0,0.0
2025-01-27 09:00:00-05:00,6007.5,6037.75,5995.75,6037.0,295380,0.0,0.0
2025-01-27 10:00:00-05:00,6036.75,6048.0,6017.5,6031.75,317931,0.0,0.0
2025-01-27 11:00:00-05:00,6031.75,6033.5,6013.25,6019.25,228317,0.0,0.0
2025-01-27 12:00:00-05:00,6019.5,6033.5,6012.75,6013.25,175988,0.0,0.0
2025-01-27 13:00:00-05:00,6013.25,6026.0,6011.75,6017.5,131759,0.0,0.0
2025-01-27 14:00:00-05:00,6017.75,6043.25,6014.75,6021.75,176014,0.0,0.0
2025-01-27 15:00:00-05:00,6021.5,6048.75,6015.5,6046.75,328685,0.0,0.0
2025-01-27 16:00:00-05:00,6046.75,6056.5,6044.25,6050.25,75104,0.0,0.0
2025-01-27 18:00:00-05:00,6059.5,6059.5,6037.0,6052.5,0,0.0,0.0
2025-01-27 19:00:00-05:00,6052.5,6054.25,6039.25,6043.75,9916,0.0,0.0
2025-01-27 20:00:00-05:00,6044.0,6052.75,6033.5,6035.25,12424,0.0,0.0
2025-01-27 21:00:00-05:00,6035.25,6049.5,6032.25,6044.0,10287,0.0,0.0
2025-01-27 22:00:00-05:00,6044.0,6051.5,6042.75,6043.75,5571,0.0,0.0
2025-01-27 23:00:00-05:00,6043.5,6047.5,6041.75,6047.25,4225,0.0,0.0
2025-01-28 00:00:00-05:00,6044.0,6044.75,6036.25,6043.5,5175,0.0,0.0
2025-01-28 01:00:00-05:00,6043.75,6046.0,6037.5,6041.0,4730,0.0,0.0
2025-01-28 02:00:00-05:00,6040.75,6052.5,6037.0,6050.25,10236,0.0,0.0
2025-01-28 03:00:00-05:00,6050.25,6066.0,6043.5,6064.75,22218,0.0,0.0
2025-01-28 04:00:00-05:00,6064.5,6069.25,6058.75,6067.75,19990,0.0,0.0
2025-01-28 05:00:00-05:00,6067.75,6073.0,6066.75,6068.25,13973,0.0,0.0
2025-01-28 06:00:00-05:00,6068.25,6072.0,6057.5,6060.0,12454,0.0,0.0
2025-01-28 07:00:00-05:00,6060.25,6061.5,6046.0,6058.25,30963,0.0,0.0
2025-01-28 08:00:00-05:00,6058.0,6066.25,6051.5,6055.0,35207,0.0,0.0
2025-01-28 09:00:00-05:00,6054.75,6059.5,6023.5,6039.75,198730,0.0,0.0
2025-01-28 10:00:00-05:00,6039.75,6082.25,6038.75,6081.75,252148,0.0,0.0
2025-01-28 11:00:00-05:00,6082.0,6087.25,6060.25,6077.0,214834,0.0,0.0
2025-01-28 12:00:00-05:00,6076.75,6092.5,6075.0,6090.0,143101,0.0,0.0
2025-01-28 13:00:00-05:00,6090.0,6099.25,6086.5,6089.25,120011,0.0,0.0
2025-01-28 14:00:00-05:00,6089.5,6104.25,6083.75,6103.0,110394,0.0,0.0
2025-01-28 15:00:00-05:00,6102.75,6105.5,6095.25,6096.25,208582,0.0,0.0
2025-01-28 16:00:00-05:00,6096.0,6096.25,6089.75,6091.25,52671,0.0,0.0
2025-01-28 18:00:00-05:00,6090.75,6094.75,6086.5,6087.75,0,0.0,0.0
2025-01-28 19:00:00-05:00,6087.75,6093.5,6086.5,6092.25,4533,0.0,0.0
2025-01-28 20:00:00-05:00,6092.0,6094.0,6090.0,6091.75,2953,0.0,0.0
2025-01-28 21:00:00-05:00,6092.0,6095.75,6090.25,6094.5,2753,0.0,0.0
2025-01-28 22:00:00-05:00,6094.5,6094.75,6088.75,6094.25,3718,0.0,0.0
2025-01-28 23:00:00-05:00,6094.25,6099.75,6094.25,6097.0,4034,0.0,0.0
2025-01-29 00:00:00-05:00,6096.75,6098.25,6093.5,6094.25,2182,0.0,0.0
2025-01-29 01:00:00-05:00,6094.5,6111.5,6094.5,6107.5,14754,0.0,0.0
2025-01-29 02:00:00-05:00,6107.5,6107.75,6102.75,6105.0,5922,0.0,0.0
2025-01-29 03:00:00-05:00,6105.0,6107.25,6101.75,6102.5,14819,0.0,0.0
2025-01-29 04:00:00-05:00,6102.25,6103.75,6095.0,6101.5,13202,0.0,0.0
2025-01-29 05:00:00-05:00,6101.5,6105.0,6097.5,6103.5,8329,0.0,0.0
2025-01-29 06:00:00-05:00,6103.75,6106.75,6098.75,6105.0,7753,0.0,0.0
2025-01-29 07:00:00-05:00,6105.25,6105.25,6093.5,6096.25,9944,0.0,0.0
2025-01-29 08:00:00-05:00,6096.25,6096.5,6078.75,6085.75,31522,0.0,0.0
2025-01-29 09:00:00-05:00,6085.5,6090.5,6074.5,6083.0,138052,0.0,0.0
2025-01-29 10:00:00-05:00,6083.5,6091.25,6074.75,6078.25,152844,0.0,0.0
2025-01-29 11:00:00-05:00,6078.25,6082.0,6069.25,6072.75,125343,0.0,0.0
2025-01-29 12:00:00-05:00,6072.75,6084.5,6069.25,6070.75,86149,0.0,0.0
2025-01-29 13:00:00-05:00,6071.0,6076.75,6046.25,6065.25,189327,0.0,0.0
2025-01-29 14:00:00-05:00,6065.25,6083.5,6042.25,6073.5,281476,0.0,0.0
2025-01-29 15:00:00-05:00,6073.5,6087.5,6055.75,6068.5,282455,0.0,0.0
2025-01-29 16:00:00-05:00,6068.25,6081.5,6043.75,6076.5,111367,0.0,0.0
2025-01-29 18:00:00-05:00,6068.5,6075.75,6061.5,6068.75,0,0.0,0.0
2025-01-29 19:00:00-05:00,6068.75,6081.5,6066.75,6081.5,6887,0.0,0.0
2025-01-29 20:00:00-05:00,6081.25,6092.5,6079.25,6089.25,9473,0.0,0.0
2025-01-29 21:00:00-05:00,6089.25,6094.0,6089.25,6089.75,5333,0.0,0.0
2025-01-29 22:00:00-05:00,6089.75,6092.5,6089.25,6092.5,3282,0.0,0.0
2025-01-29 23:00:00-05:00,6092.5,6093.75,6090.0,6090.25,2811,0.0,0.0
2025-01-30 00:00:00-05:00,6087.5,6091.25,6087.0,6090.0,3740,0.0,0.0
2025-01-30 01:00:00-05:00,6090.0,6091.75,6086.0,6088.25,2823,0.0,0.0
2025-01-30 02:00:00-05:00,6088.0,6093.5,6084.75,6092.25,4700,0.0,0.0
2025-01-30 03:00:00-05:00,6091.75,6101.5,6090.5,6101.25,12642,0.0,0.0
2025-01-30 04:00:00-05:00,6101.25,6101.25,6089.25,6090.25,8324,0.0,0.0
2025-01-30 05:00:00-05:00,6090.5,6093.75,6086.0,6087.5,6787,0.0,0.0
2025-01-30 06:00:00-05:00,6087.5,6094.75,6086.0,6087.25,9613,0.0,0.0
2025-01-30 07:00:00-05:00,6087.25,6090.0,6074.25,6082.75,21923,0.0,0.0
2025-01-30 08:00:00-05:00,6082.75,6091.25,6078.5,6090.25,28445,0.0,0.0
2025-01-30 09:00:00-05:00,6090.5,6109.75,6080.5,6099.25,190695,0.0,0.0
2025-01-30 10:00:00-05:00,6099.25,6100.0,6063.5,6064.25,233470,0.0,0.0
2025-01-30 11:00:00-05:00,6064.25,6093.25,6056.5,6090.5,179435,0.0,0.0
2025-01-30 12:00:00-05:00,6090.5,6090.5,6070.25,6083.0,131112,0.0,0.0
2025-01-30 13:00:00-05:00,6083.25,6101.0,6081.5,6100.0,110818,0.0,0.0
2025-01-30 14:00:00-05:00,6100.0,6107.25,6095.75,6107.0,101491,0.0,0.0
2025-01-30 15:00:00-05:00,6106.75,6116.25,6067.75,6099.25,374908,0.0,0.0
2025-01-30 16:00:00-05:00,6099.5,6107.75,6085.5,6093.25,75893,0.0,0.0
2025-01-30 18:00:00-05:00,6106.0,6113.5,6100.5,6109.25,0,0.0,0.0
2025-01-30 19:00:00-05:00,6109.25,6111.0,6103.25,6108.5,5476,0.0,0.0
2025-01-30 20:00:00-05:00,6108.25,6118.5,6099.25,6117.75,13241,0.0,0.0
2025-01-30 21:00:00-05:00,6117.75,6119.75,6112.0,6112.25,6234,0.0,0.0
2025-01-30 22:00:00-05:00,6112.25,6115.25,6111.25,6111.25,2814,0.0,0.0
2025-01-30 23:00:00-05:00,6111.5,6114.75,6110.75,6111.75,2622,0.0,0.0
2025-01-31 00:00:00-05:00,6114.5,6115.25,6112.75,6113.75,2530,0.0,0.0
2025-01-31 01:00:00-05:00,6114.0,6119.75,6112.5,6118.0,4143,0.0,0.0
2025-01-31 02:00:00-05:00,6117.75,6124.75,6117.75,6122.0,7354,0.0,0.0
2025-01-31 03:00:00-05:00,6122.25,6124.0,6116.25,6118.5,10682,0.0,0.0
2025-01-31 04:00:00-05:00,6118.75,6128.5,6118.5,6124.5,9864,0.0,0.0
2025-01-31 05:00:00-05:00,6124.5,6126.75,6122.75,6124.25,6565,0.0,0.0
2025-01-31 06:00:00-05:00,6124.0,6129.0,6124.0,6129.0,6952,0.0,0.0
2025-01-31 07:00:00-05:00,6129.0,6130.0,6125.0,6125.5,13620,0.0,0.0
2025-01-31 08:00:00-05:00,6125.5,6129.75,6121.0,6127.25,25279,0.0,0.0
2025-01-31 09:00:00-05:00,6127.0,6129.25,6117.0,6129.0,137135,0.0,0.0
2025-01-31 10:00:00-05:00,6128.75,6144.25,6127.75,6142.5,185472,0.0,0.0
2025-01-31 11:00:00-05:00,6142.5,6147.75,6133.25,6137.0,138118,0.0,0.0
2025-01-31 12:00:00-05:00,6137.0,6145.5,6127.75,6139.0,144181,0.0,0.0
2025-01-31 13:00:00-05:00,6139.0,6141.5,6095.75,6101.75,299943,0.0,0.0
2025-01-31 14:00:00-05:00,6101.5,6106.75,6066.75,6083.5,281558,0.0,0.0
2025-01-31 15:00:00-05:00,6083.5,6083.5,6057.75,6064.75,369576,0.0,0.0
2025-01-31 16:00:00-05:00,6064.75,6069.0,6057.75,6063.0,80986,0.0,0.0
2025-02-02 18:00:00-05:00,5982.25,5982.5,5942.0,5968.0,79043,0.0,0.0
2025-02-02 19:00:00-05:00,5967.75,5976.0,5954.5,5967.25,36221,0.0,0.0
2025-02-02 20:00:00-05:00,5967.0,5973.75,5956.25,5961.5,32233,0.0,0.0
2025-02-02 21:00:00-05:00,5961.75,5962.25,5935.5,5947.0,32820,0.0,0.0
2025-02-02 22:00:00-05:00,5947.0,5953.0,5940.75,5948.25,15329,0.0,0.0
2025-02-02 23:00:00-05:00,5948.25,5951.25,5936.5,5943.5,13752,0.0,0.0
2025-02-03 00:00:00-05:00,5943.25,5953.0,5940.0,5952.25,9362,0.0,0.0
2025-02-03 01:00:00-05:00,5952.0,5958.5,5946.5,5952.0,17804,0.0,0.0
2025-02-03 02:00:00-05:00,5952.0,5967.75,5951.75,5959.75,23780,0.0,0.0
2025-02-03 03:00:00-05:00,5960.25,5988.75,5959.5,5980.5,40166,0.0,0.0
2025-02-03 04:00:00-05:00,5980.5,5983.75,5965.25,5966.75,29913,0.0,0.0
2025-02-03 05:00:00-05:00,5966.5,5982.5,5962.5,5979.75,21184,0.0,0.0
2025-02-03 06:00:00-05:00,5979.5,5988.0,5970.75,5976.5,23502,0.0,0.0
2025-02-03 07:00:00-05:00,5976.5,5979.5,5960.25,5963.75,39065,0.0,0.0
2025-02-03 08:00:00-05:00,5964.0,5983.0,5962.0,5969.75,60201,0.0,0.0
2025-02-03 09:00:00-05:00,5969.5,5987.25,5961.25,5965.25,274269,0.0,0.0
2025-02-03 10:00:00-05:00,5965.25,6032.0,5950.25,6025.0,511274,0.0,0.0
2025-02-03 11:00:00-05:00,6025.0,6038.5,6003.25,6019.0,243163,0.0,0.0
2025-02-03 12:00:00-05:00,6018.75,6033.0,6003.75,6019.25,195101,0.0,0.0
2025-02-03 13:00:00-05:00,6019.5,6036.25,6006.5,6034.25,125169,0.0,0.0
2025-02-03 14:00:00-05:00,6034.25,6049.25,6031.25,6043.25,99981,0.0,0.0
2025-02-03 15:00:00-05:00,6043.25,6046.75,6020.0,6023.0,198888,0.0,0.0
2025-02-03 16:00:00-05:00,6023.0,6062.0,6020.5,6055.5,109395,0.0,0.0
2025-02-03 18:00:00-05:00,6069.0,6069.0,6052.75,6057.0,0,0.0,0.0
2025-02-03 19:00:00-05:00,6056.75,6057.25,6048.0,6050.5,7245,0.0,0.0
2025-02-03 20:00:00-05:00,6050.75,6050.75,6035.75,6042.0,9249,0.0,0.0
2025-02-03 21:00:00-05:00,6042.5,6043.25,6033.25,6034.25,6233,0.0,0.0
2025-02-03 22:00:00-05:00,6034.25,6035.25,6025.25,6029.5,7604,0.0,0.0
2025-02-03 23:00:00-05:00,6029.75,6035.25,6027.5,6029.75,5705,0.0,0.0
2025-02-04 00:00:00-05:00,5998.25,6022.25,5988.75,6011.25,49752,0.0,0.0
2025-02-04 01:00:00-05:00,6011.25,6019.0,6003.0,6018.5,12676,0.0,0.0
2025-02-04 02:00:00-05:00,6018.25,6023.0,6014.25,6016.5,10724,0.0,0.0
2025-02-04 03:00:00-05:00,6016.75,6021.5,5994.0,6003.5,24708,0.0,0.0
2025-02-04 04:00:00-05:00,6003.75,6013.25,6003.25,6007.25,13684,0.0,0.0
2025-02-04 05:00:00-05:00,6007.0,6015.0,6004.5,6011.25,10048,0.0,0.0
2025-02-04 06:00:00-05:00,6011.5,6019.0,6008.25,6012.5,11679,0.0,0.0
2025-02-04 07:00:00-05:00,6013.0,6031.25,6012.75,6027.25,24411,0.0,0.0
2025-02-04 08:00:00-05:00,6026.75,6031.25,6019.0,6022.0,30378,0.0,0.0
2025-02-04 09:00:00-05:00,6022.0,6037.75,6018.0,6035.0,143570,0.0,0.0
2025-02-04 10:00:00-05:00,6035.0,6058.25,6034.25,6049.25,195813,0.0,0.0
2025-02-04 11:00:00-05:00,6049.25,6066.75,6049.25,6059.5,127022,0.0,0.0
2025-02-04 12:00:00-05:00,6059.5,6062.25,6039.25,6055.25,145254,0.0,0.0
2025-02-04 13:00:00-05:00,6055.5,6058.0,6046.25,6052.75,78027,0.0,0.0
2025-02-04 14:00:00-05:00,6052.5,6068.75,6051.0,6060.25,111748,0.0,0.0
2025-02-04 15:00:00-05:00,6060.0,6067.75,6055.0,6062.5,166628,0.0,0.0
2025-02-04 16:00:00-05:00,6062.75,6066.5,6042.5,6045.75,70788,0.0,0.0
2025-02-04 18:00:00-05:00,6042.75,6048.25,6038.25,6042.25,0,0.0,0.0
2025-02-04 19:00:00-05:00,6042.5,6053.0,6039.75,6049.5,7385,0.0,0.0
2025-02-04 20:00:00-05:00,6049.5,6053.0,6041.5,6042.0,7530,0.0,0.0
2025-02-04 21:00:00-05:00,6041.75,6044.75,6038.25,6039.0,5816,0.0,0.0
2025-02-04 22:00:00-05:00,6039.0,6041.25,6034.5,6035.75,4975,0.0,0.0
2025-02-04 23:00:00-05:00,6035.5,6037.5,6033.25,6037.5,3795,0.0,0.0
2025-02-05 00:00:00-05:00,6037.25,6038.5,6032.25,6033.25,4570,0.0,0.0
2025-02-05 01:00:00-05:00,6033.0,6036.75,6029.5,6031.0,6789,0.0,0.0
2025-02-05 02:00:00-05:00,6031.0,6032.5,6025.25,6030.5,8532,0.0,0.0
2025-02-05 03:00:00-05:00,6030.25,6040.25,6024.0,6029.0,20030,0.0,0.0
2025-02-05 04:00:00-05:00,6029.0,6036.5,6020.75,6022.0,17970,0.0,0.0
2025-02-05 05:00:00-05:00,6022.25,6031.75,6020.25,6031.25,8587,0.0,0.0
2025-02-05 06:00:00-05:00,6031.5,6037.25,6030.75,6036.5,9597,0.0,0.0
2025-02-05 07:00:00-05:00,6036.75,6039.5,6032.25,6038.5,13858,0.0,0.0
2025-02-05 08:00:00-05:00,6038.5,6046.25,6033.75,6044.25,36736,0.0,0.0
2025-02-05 09:00:00-05:00,6044.0,6055.5,6041.25,6054.0,72179,0.0,0.0
2025-02-05 10:00:00-05:00,6041.0,6054.25,6033.75,6050.0,270272,0.0,0.0
2025-02-05 11:00:00-05:00,6050.0,6073.5,6045.25,6071.25,160067,0.0,0.0
2025-02-05 12:00:00-05:00,6071.5,6076.75,6067.5,6071.25,101915,0.0,0.0
2025-02-05 13:00:00-05:00,6071.25,6078.75,6066.5,6074.0,83628,0.0,0.0
2025-02-05 14:00:00-05:00,6074.0,6081.5,6073.5,6075.75,66467,0.0,0.0
2025-02-05 15:00:00-05:00,6075.5,6088.5,6073.5,6086.25,176473,0.0,0.0
2025-02-05 16:00:00-05:00,6086.0,6092.0,6083.75,6090.0,50384,0.0,0.0
2025-02-05 18:00:00-05:00,6090.25,6090.5,6086.75,6090.0,0,0.0,0.0
2025-02-05 19:00:00-05:00,6090.0,6095.75,6089.5,6091.5,7514,0.0,0.0
2025-02-05 20:00:00-05:00,6091.5,6094.0,6090.25,6091.75,3982,0.0,0.0
2025-02-05 21:00:00-05:00,6091.5,6094.5,6090.0,6093.75,3346,0.0,0.0
2025-02-05 22:00:00-05:00,6093.5,6095.0,6092.0,6094.5,2685,0.0,0.0
2025-02-05 23:00:00-05:00,6094.25,6098.5,6094.0,6098.25,3688,0.0,0.0
2025-02-06 00:00:00-05:00,6098.75,6103.0,6098.25,6102.25,4892,0.0,0.0
2025-02-06 01:00:00-05:00,6102.5,6102.75,6098.25,6099.25,3456,0.0,0.0
2025-02-06 02:00:00-05:00,6099.0,6102.5,6094.5,6095.25,6133,0.0,0.0
2025-02-06 03:00:00-05:00,6095.5,6104.25,6092.5,6102.0,13519,0.0,0.0
2025-02-06 04:00:00-05:00,6102.25,6105.0,6097.75,6098.5,8947,0.0,0.0
2025-02-06 05:00:00-05:00,6098.75,6101.5,6094.25,6095.0,7592,0.0,0.0
2025-02-06 06:00:00-05:00,6094.75,6094.75,6086.5,6088.25,17159,0.0,0.0
2025-02-06 07:00:00-05:00,6088.0,6098.0,6086.25,6098.0,17526,0.0,0.0
2025-02-06 08:00:00-05:00,6098.0,6101.25,6094.75,6101.0,21633,0.0,0.0
2025-02-06 09:00:00-05:00,6101.0,6106.25,6093.25,6096.0,135104,0.0,0.0
2025-02-06 10:00:00-05:00,6096.25,6103.25,6085.25,6090.0,185014,0.0,0.0
2025-02-06 11:00:00-05:00,6090.0,6101.0,6089.5,6095.0,101082,0.0,0.0
2025-02-06 12:00:00-05:00,6095.25,6101.75,6091.25,6100.25,65090,0.0,0.0
2025-02-06 13:00:00-05:00,6100.25,6104.0,6094.25,6095.5,86811,0.0,0.0
2025-02-06 14:00:00-05:00,6095.25,6098.5,6070.0,6081.0,152754,0.0,0.0
2025-02-06 15:00:00-05:00,6080.75,6108.5,6078.75,6107.0,189056,0.0,0.0
2025-02-06 16:00:00-05:00,6107.0,6107.75,6075.25,6094.25,70746,0.0,0.0
2025-02-06 18:00:00-05:00,6089.75,6101.5,6084.5,6100.25,0,0.0,0.0
2025-02-06 19:00:00-05:00,6100.25,6103.75,6098.0,6103.25,3762,0.0,0.0
2025-02-06 20:00:00-05:00,6103.5,6108.25,6102.75,6106.75,4534,0.0,0.0
2025-02-06 21:00:00-05:00,6107.0,6108.0,6104.0,6106.5,2642,0.0,0.0
2025-02-06 22:00:00-05:00,6106.5,6107.5,6102.0,6102.5,3035,0.0,0.0
2025-02-06 23:00:00-05:00,6102.5,6103.0,6100.25,6100.5,1448,0.0,0.0
2025-02-07 00:00:00-05:00,6100.25,6101.5,6098.25,6099.25,2747,0.0,0.0
2025-02-07 01:00:00-05:00,6099.25,6100.25,6094.0,6100.25,4341,0.0,0.0
2025-02-07 02:00:00-05:00,6100.25,6103.25,6099.25,6100.75,4569,0.0,0.0
2025-02-07 03:00:00-05:00,6100.5,6106.75,6098.0,6099.75,8063,0.0,0.0
2025-02-07 04:00:00-05:00,6099.75,6106.0,6098.75,6104.5,6989,0.0,0.0
2025-02-07 05:00:00-05:00,6104.25,6106.0,6102.25,6103.75,5695,0.0,0.0
2025-02-07 06:00:00-05:00,6103.75,6109.5,6101.5,6107.5,4927,0.0,0.0
2025-02-07 07:00:00-05:00,6107.5,6108.25,6103.5,6104.5,6993,0.0,0.0
2025-02-07 08:00:00-05:00,6104.75,6114.75,6087.5,6109.25,64909,0.0,0.0
2025-02-07 09:00:00-05:00,6109.25,6123.25,6105.0,6120.5,126956,0.0,0.0
2025-02-07 10:00:00-05:00,6120.5,6120.5,6052.5,6075.5,361779,0.0,0.0
2025-02-07 11:00:00-05:00,6075.75,6086.5,6053.75,6056.75,274171,0.0,0.0
2025-02-07 12:00:00-05:00,6056.75,6069.5,6046.5,6062.25,228498,0.0,0.0
2025-02-07 13:00:00-05:00,6062.25,6078.5,6051.75,6053.25,123624,0.0,0.0
2025-02-07 14:00:00-05:00,6053.25,6056.75,6043.75,6052.0,125206,0.0,0.0
2025-02-07 15:00:00-05:00,6051.75,6053.75,6041.25,6049.25,191234,0.0,0.0
2025-02-07 16:00:00-05:00,6049.25,6054.25,6049.0,6050.0,52032,0.0,0.0
2025-02-09 18:00:00-05:00,6016.0,6061.25,6014.0,6059.5,24416,0.0,0.0
2025-02-09 19:00:00-05:00,6059.5,6069.5,6057.25,6069.25,12677,0.0,0.0
2025-02-09 20:00:00-05:00,6069.25,6070.0,6063.25,6064.0,8151,0.0,0.0
2025-02-09 21:00:00-05:00,6064.0,6064.75,6060.75,6063.5,4964,0.0,0.0
2025-02-09 22:00:00-05:00,6063.75,6066.75,6062.0,6066.5,3347,0.0,0.0
2025-02-09 23:00:00-05:00,6066.25,6068.0,6064.25,6064.25,3444,0.0,0.0
2025-02-10 00:00:00-05:00,6064.25,6071.5,6064.25,6067.5,6374,0.0,0.0
2025-02-10 01:00:00-05:00,6067.5,6067.75,6063.5,6065.5,4027,0.0,0.0
2025-02-10 02:00:00-05:00,6065.75,6066.5,6062.5,6064.0,5883,0.0,0.0
2025-02-10 03:00:00-05:00,6064.0,6069.0,6062.75,6067.75,9137,0.0,0.0
2025-02-10 04:00:00-05:00,6068.0,6072.5,6065.5,6071.0,7872,0.0,0.0
2025-02-10 05:00:00-05:00,6071.25,6077.0,6071.0,6074.75,8148,0.0,0.0
2025-02-10 06:00:00-05:00,6074.75,6078.0,6069.5,6077.25,9137,0.0,0.0
2025-02-10 07:00:00-05:00,6077.5,6079.0,6074.25,6078.5,10619,0.0,0.0
2025-02-10 08:00:00-05:00,6078.5,6085.75,6077.5,6085.25,21058,0.0,0.0
2025-02-10 09:00:00-05:00,6085.0,6087.0,6067.75,6075.5,131199,0.0,0.0
2025-02-10 10:00:00-05:00,6075.75,6094.5,6074.0,6089.75,152316,0.0,0.0
2025-02-10 11:00:00-05:00,6089.75,6092.5,6079.0,6084.75,105825,0.0,0.0
2025-02-10 12:00:00-05:00,6084.75,6087.25,6072.25,6086.75,88829,0.0,0.0
2025-02-10 13:00:00-05:00,6086.75,6093.5,6086.0,6091.5,62916,0.0,0.0
2025-02-10 14:00:00-05:00,6091.5,6096.0,6087.0,6090.25,86227,0.0,0.0
2025-02-10 15:00:00-05:00,6090.25,6093.0,6083.0,6088.5,159038,0.0,0.0
2025-02-10 16:00:00-05:00,6088.25,6088.75,6083.25,6087.75,31611,0.0,0.0
2025-02-10 18:00:00-05:00,6085.5,6087.25,6072.0,6077.0,0,0.0,0.0
2025-02-10 19:00:00-05:00,6077.0,6081.5,6074.5,6080.0,5552,0.0,0.0
2025-02-10 20:00:00-05:00,6079.75,6080.5,6074.75,6076.0,4984,0.0,0.0
2025-02-10 21:00:00-05:00,6076.25,6076.5,6068.25,6070.0,7579,0.0,0.0
2025-02-10 22:00:00-05:00,6070.25,6074.75,6068.25,6074.25,4112,0.0,0.0
2025-02-10 23:00:00-05:00,6074.5,6076.0,6073.25,6075.0,2383,0.0,0.0
2025-02-11 00:00:00-05:00,6077.5,6077.75,6076.0,6076.5,2320,0.0,0.0
2025-02-11 01:00:00-05:00,6076.5,6076.5,6072.0,6072.0,2707,0.0,0.0
2025-02-11 02:00:00-05:00,6072.25,6072.75,6065.25,6065.25,6729,0.0,0.0
2025-02-11 03:00:00-05:00,6065.25,6075.5,6062.75,6072.25,10985,0.0,0.0
2025-02-11 04:00:00-05:00,6072.0,6076.75,6067.5,6068.5,7898,0.0,0.0
2025-02-11 05:00:00-05:00,6068.5,6072.5,6064.75,6066.0,10553,0.0,0.0
2025-02-11 06:00:00-05:00,6065.75,6073.75,6065.5,6073.5,6593,0.0,0.0
2025-02-11 07:00:00-05:00,6073.25,6075.25,6067.0,6073.0,13112,0.0,0.0
2025-02-11 08:00:00-05:00,6072.75,6073.5,6058.5,6059.25,27703,0.0,0.0
2025-02-11 09:00:00-05:00,6059.25,6075.5,6057.75,6072.5,101706,0.0,0.0
2025-02-11 10:00:00-05:00,6072.5,6092.0,6066.5,6086.75,159235,0.0,0.0
2025-02-11 11:00:00-05:00,6086.75,6090.0,6080.0,6081.75,94451,0.0,0.0
2025-02-11 12:00:00-05:00,6081.75,6084.0,6070.5,6077.0,126357,0.0,0.0
2025-02-11 13:00:00-05:00,6077.0,6093.0,6074.75,6085.75,95084,0.0,0.0
2025-02-11 14:00:00-05:00,6085.75,6098.75,6083.75,6094.25,91718,0.0,0.0
2025-02-11 15:00:00-05:00,6094.25,6096.75,6086.25,6092.5,156817,0.0,0.0
2025-02-11 16:00:00-05:00,6092.75,6094.25,6089.0,6090.5,35350,0.0,0.0
2025-02-11 18:00:00-05:00,6090.75,6095.25,6086.25,6092.75,0,0.0,0.0
2025-02-11 19:00:00-05:00,6092.5,6096.5,6091.25,6093.25,4856,0.0,0.0
2025-02-11 20:00:00-05:00,6093.25,6096.25,6089.75,6095.0,8435,0.0,0.0
2025-02-11 21:00:00-05:00,6095.25,6095.75,6091.75,6091.75,2406,0.0,0.0
2025-02-11 22:00:00-05:00,6092.0,6092.0,6087.75,6088.25,3204,0.0,0.0
2025-02-11 23:00:00-05:00,6088.0,6089.5,6086.75,6087.25,3203,0.0,0.0
2025-02-12 00:00:00-05:00,6088.0,6088.25,6085.0,6086.25,3176,0.0,0.0
2025-02-12 01:00:00-05:00,6086.25,6089.0,6085.25,6087.75,2532,0.0,0.0
2025-02-12 02:00:00-05:00,6087.75,6089.5,6086.0,6089.25,3417,0.0,0.0
2025-02-12 03:00:00-05:00,6089.25,6092.25,6087.5,6088.25,6704,0.0,0.0
2025-02-12 04:00:00-05:00,6088.0,6088.0,6075.25,6082.5,11524,0.0,0.0
2025-02-12 05:00:00-05:00,6082.0,6086.75,6079.75,6086.5,6275,0.0,0.0
2025-02-12 06:00:00-05:00,6086.75,6087.75,6082.0,6085.75,6129,0.0,0.0
2025-02-12 07:00:00-05:00,6085.75,6093.75,6084.75,6093.0,12896,0.0,0.0
2025-02-12 08:00:00-05:00,6093.0,6098.0,6024.5,6031.0,138528,0.0,0.0
2025-02-12 09:00:00-05:00,6031.25,6056.0,6020.75,6052.75,225426,0.0,0.0
2025-02-12 10:00:00-05:00,6052.5,6072.25,6034.25,6063.0,274195,0.0,0.0
2025-02-12 11:00:00-05:00,6063.0,6074.5,6040.0,6073.25,173237,0.0,0.0
2025-02-12 12:00:00-05:00,6073.0,6084.5,6069.25,6083.25,154568,0.0,0.0
2025-02-12 13:00:00-05:00,6083.25,6084.75,6068.25,6071.0,103567,0.0,0.0
2025-02-12 14:00:00-05:00,6071.25,6081.5,6064.25,6078.25,101368,0.0,0.0
2025-02-12 15:00:00-05:00,6078.25,6079.75,6064.75,6072.75,177075,0.0,0.0
2025-02-12 16:00:00-05:00,6072.75,6080.75,6069.25,6079.75,54392,0.0,0.0
2025-02-12 18:00:00-05:00,6079.75,6085.75,6076.75,6084.0,0,0.0,0.0
2025-02-12 19:00:00-05:00,6084.0,6086.5,6080.75,6084.75,5426,0.0,0.0
2025-02-12 20:00:00-05:00,6084.75,6086.75,6082.0,6083.5,4790,0.0,0.0
2025-02-12 21:00:00-05:00,6083.5,6084.25,6079.75,6083.25,3191,0.0,0.0
2025-02-12 22:00:00-05:00,6083.25,6088.5,6083.0,6086.5,3972,0.0,0.0
2025-02-12 23:00:00-05:00,6086.75,6090.25,6086.5,6087.0,4514,0.0,0.0
2025-02-13 00:00:00-05:00,6087.75,6088.0,6084.0,6085.25,2506,0.0,0.0
2025-02-13 01:00:00-05:00,6085.25,6088.5,6083.25,6083.25,4209,0.0,0.0
2025-02-13 02:00:00-05:00,6083.25,6084.25,6074.75,6077.25,6386,0.0,0.0
2025-02-13 03:00:00-05:00,6077.25,6078.0,6057.0,6058.5,20308,0.0,0.0
2025-02-13 04:00:00-05:00,6058.25,6072.0,6053.5,6071.0,16888,0.0,0.0
2025-02-13 05:00:00-05:00,6070.75,6074.25,6067.25,6072.75,7580,0.0,0.0
2025-02-13 06:00:00-05:00,6072.75,6077.5,6064.5,6070.75,17274,0.0,0.0
2025-02-13 07:00:00-05:00,6070.5,6073.75,6064.75,6069.5,15041,0.0,0.0
2025-02-13 08:00:00-05:00,6069.75,6087.25,6063.0,6084.5,53941,0.0,0.0
2025-02-13 09:00:00-05:00,6084.5,6089.0,6070.25,6086.25,152179,0.0,0.0
2025-02-13 10:00:00-05:00,6086.5,6113.75,6080.5,6109.25,271720,0.0,0.0
2025-02-13 11:00:00-05:00,6109.5,6113.5,6095.75,6099.25,132924,0.0,0.0
2025-02-13 12:00:00-05:00,6099.25,6108.25,6095.25,6100.0,94485,0.0,0.0
2025-02-13 13:00:00-05:00,6100.25,6111.25,6088.0,6110.5,188901,0.0,0.0
2025-02-13 14:00:00-05:00,6110.5,6131.5,6109.0,6127.5,146455,0.0,0.0
2025-02-13 15:00:00-05:00,6127.5,6138.0,6126.5,6135.25,216813,0.0,0.0
2025-02-13 16:00:00-05:00,6135.25,6136.25,6130.75,6132.25,68903,0.0,0.0
2025-02-13 18:00:00-05:00,6131.75,6137.25,6131.25,6133.75,0,0.0,0.0
2025-02-13 19:00:00-05:00,6134.0,6137.0,6131.75,6135.25,5455,0.0,0.0
2025-02-13 20:00:00-05:00,6135.0,6143.5,6134.5,6143.25,8573,0.0,0.0
2025-02-13 21:00:00-05:00,6143.25,6144.75,6142.25,6143.25,4152,0.0,0.0
2025-02-13 22:00:00-05:00,6143.5,6144.25,6141.25,6143.25,3610,0.0,0.0
2025-02-13 23:00:00-05:00,6143.5,6143.5,6142.5,6143.5,1690,0.0,0.0
2025-02-14 00:00:00-05:00,6142.75,6143.25,6139.0,6139.5,3629,0.0,0.0
2025-02-14 01:00:00-05:00,6139.5,6141.5,6139.0,6141.0,2621,0.0,0.0
2025-02-14 02:00:00-05:00,6141.0,6146.75,6140.75,6143.0,6875,0.0,0.0
2025-02-14 03:00:00-05:00,6143.25,6143.25,6132.25,6135.5,15047,0.0,0.0
2025-02-14 04:00:00-05:00,6135.5,6140.5,6133.25,6134.75,15816,0.0,0.0
2025-02-14 05:00:00-05:00,6134.5,6134.75,6127.25,6129.0,12454,0.0,0.0
2025-02-14 06:00:00-05:00,6129.0,6129.0,6121.25,6124.75,14948,0.0,0.0
2025-02-14 07:00:00-05:00,6124.5,6128.5,6124.0,6128.25,14907,0.0,0.0
2025-02-14 08:00:00-05:00,6128.25,6134.0,6125.0,6133.0,24474,0.0,0.0
2025-02-14 09:00:00-05:00,6133.0,6141.75,6131.25,6140.0,108036,0.0,0.0
2025-02-14 10:00:00-05:00,6140.0,6145.25,6132.25,6140.25,150144,0.0,0.0
2025-02-14 11:00:00-05:00,6140.25,6143.75,6129.0,6137.75,116760,0.0,0.0
2025-02-14 12:00:00-05:00,6137.5,6137.75,6125.75,6134.25,94602,0.0,0.0
2025-02-14 13:00:00-05:00,6134.25,6143.0,6132.0,6140.25,73838,0.0,0.0
2025-02-14 14:00:00-05:00,6140.25,6142.5,6133.5,6137.75,73685,0.0,0.0
2025-02-14 15:00:00-05:00,6137.75,6138.0,6130.0,6132.0,163153,0.0,0.0
2025-02-14 16:00:00-05:00,6131.75,6134.25,6128.75,6134.0,44074,0.0,0.0
2025-02-16 18:00:00-05:00,6138.25,6139.5,6131.0,6134.75,6094,0.0,0.0
2025-02-16 19:00:00-05:00,6134.5,6137.25,6133.0,6136.5,6291,0.0,0.0
2025-02-16 20:00:00-05:00,6136.5,6140.5,6135.5,6138.75,7446,0.0,0.0
2025-02-16 21:00:00-05:00,6139.0,6142.0,6138.25,6141.75,3315,0.0,0.0
2025-02-16 22:00:00-05:00,6141.75,6142.25,6140.25,6142.0,2291,0.0,0.0
2025-02-16 23:00:00-05:00,6142.0,6144.75,6140.25,6144.5,2479,0.0,0.0
2025-02-18 00:00:00-05:00,6144.5,6144.75,6143.0,6144.0,2563,0.0,0.0
2025-02-18 01:00:00-05:00,6143.75,6154.5,6143.25,6154.0,7472,0.0,0.0
2025-02-18 02:00:00-05:00,6154.0,6157.0,6153.75,6156.25,6633,0.0,0.0
2025-02-18 03:00:00-05:00,6156.5,6156.5,6147.75,6151.75,13538,0.0,0.0
2025-02-18 04:00:00-05:00,6151.75,6153.75,6146.5,6147.5,9230,0.0,0.0
2025-02-18 05:00:00-05:00,6147.5,6152.5,6144.75,6152.0,8006,0.0,0.0
2025-02-18 06:00:00-05:00,6152.25,6153.75,6150.5,6152.25,4630,0.0,0.0
2025-02-18 07:00:00-05:00,6152.0,6156.25,6151.0,6154.5,8724,0.0,0.0
2025-02-18 08:00:00-05:00,6154.25,6157.75,6150.75,6156.5,16850,0.0,0.0
2025-02-18 09:00:00-05:00,6156.75,6157.25,6133.75,6135.75,155445,0.0,0.0
2025-02-18 10:00:00-05:00,6135.75,6140.5,6127.5,6140.0,173829,0.0,0.0
2025-02-18 11:00:00-05:00,6140.0,6143.5,6131.75,6137.0,102702,0.0,0.0
2025-02-18 12:00:00-05:00,6137.25,6140.0,6132.25,6138.0,66450,0.0,0.0
2025-02-18 13:00:00-05:00,6138.0,6141.25,6129.0,6131.0,83519,0.0,0.0
2025-02-18 14:00:00-05:00,6131.25,6135.0,6118.25,6133.25,133961,0.0,0.0
2025-02-18 15:00:00-05:00,6133.25,6148.5,6131.0,6148.0,174145,0.0,0.0
2025-02-18 16:00:00-05:00,6148.25,6149.5,6143.5,6144.75,60219,0.0,0.0
2025-02-18 18:00:00-05:00,6143.75,6152.75,6143.75,6149.5,0,0.0,0.0
2025-02-18 19:00:00-05:00,6149.5,6154.0,6148.5,6153.75,5790,0.0,0.0
2025-02-18 20:00:00-05:00,6153.75,6156.0,6153.75,6155.0,6657,0.0,0.0
2025-02-18 21:00:00-05:00,6154.75,6156.75,6152.5,6156.0,3919,0.0,0.0
2025-02-18 22:00:00-05:00,6156.0,6157.0,6155.5,6156.25,2431,0.0,0.0
2025-02-18 23:00:00-05:00,6156.0,6156.25,6152.0,6152.75,3601,0.0,0.0
2025-02-19 00:00:00-05:00,6152.5,6153.5,6151.25,6152.75,4470,0.0,0.0
2025-02-19 01:00:00-05:00,6152.75,6154.75,6152.0,6152.0,3317,0.0,0.0
2025-02-19 02:00:00-05:00,6151.75,6153.0,6150.0,6150.25,4153,0.0,0.0
2025-02-19 03:00:00-05:00,6150.25,6154.25,6149.5,6151.75,10499,0.0,0.0
2025-02-19 04:00:00-05:00,6152.0,6153.75,6148.5,6149.25,8513,0.0,0.0
2025-02-19 05:00:00-05:00,6149.5,6150.0,6139.0,6141.25,11360,0.0,0.0
2025-02-19 06:00:00-05:00,6141.75,6141.75,6135.0,6139.0,12150,0.0,0.0
2025-02-19 07:00:00-05:00,6139.0,6146.0,6138.5,6140.75,17238,0.0,0.0
2025-02-19 08:00:00-05:00,6140.75,6144.0,6131.75,6135.0,24894,0.0,0.0
2025-02-19 09:00:00-05:00,6135.25,6138.75,6130.25,6132.75,107210,0.0,0.0
2025-02-19 10:00:00-05:00,6133.0,6142.5,6129.25,6135.0,156216,0.0,0.0
2025-02-19 11:00:00-05:00,6135.0,6151.75,6134.75,6151.0,107379,0.0,0.0
2025-02-19 12:00:00-05:00,6150.75,6153.75,6142.25,6149.5,88931,0.0,0.0
2025-02-19 13:00:00-05:00,6149.75,6154.25,6140.25,6149.0,84343,0.0,0.0
2025-02-19 14:00:00-05:00,6149.25,6166.5,6147.75,6165.25,121686,0.0,0.0
2025-02-19 15:00:00-05:00,6165.25,6165.25,6152.0,6163.25,197361,0.0,0.0
2025-02-19 16:00:00-05:00,6163.25,6163.25,6152.5,6155.0,39716,0.0,0.0
2025-02-19 18:00:00-05:00,6153.75,6159.5,6152.25,6155.25,0,0.0,0.0
2025-02-19 19:00:00-05:00,6155.0,6157.5,6151.5,6157.5,5231,0.0,0.0
2025-02-19 20:00:00-05:00,6157.25,6157.25,6146.25,6147.5,9262,0.0,0.0
2025-02-19 21:00:00-05:00,6147.5,6149.75,6145.25,6149.5,7209,0.0,0.0
2025-02-19 22:00:00-05:00,6149.5,6150.0,6147.0,6147.0,3421,0.0,0.0
2025-02-19 23:00:00-05:00,6147.0,6147.25,6143.75,6145.25,4183,0.0,0.0
2025-02-20 00:00:00-05:00,6145.5,6146.25,6144.0,6144.25,3598,0.0,0.0
2025-02-20 01:00:00-05:00,6144.0,6145.25,6141.75,6144.25,4406,0.0,0.0
2025-02-20 02:00:00-05:00,6144.25,6146.5,6142.0,6142.5,6805,0.0,0.0
2025-02-20 03:00:00-05:00,6142.75,6149.25,6142.5,6148.0,9839,0.0,0.0
2025-02-20 04:00:00-05:00,6148.0,6153.0,6147.5,6152.25,7448,0.0,0.0
2025-02-20 05:00:00-05:00,6152.25,6155.0,6151.75,6151.75,5669,0.0,0.0
2025-02-20 06:00:00-05:00,6151.75,6152.75,6143.25,6144.25,12607,0.0,0.0
2025-02-20 07:00:00-05:00,6144.0,6148.75,6141.0,6147.75,13696,0.0,0.0
2025-02-20 08:00:00-05:00,6148.0,6148.75,6143.5,6146.5,15231,0.0,0.0
2025-02-20 09:00:00-05:00,6146.25,6150.5,6116.0,6116.75,184838,0.0,0.0
2025-02-20 10:00:00-05:00,6116.75,6128.0,6102.75,6106.0,313366,0.0,0.0
2025-02-20 11:00:00-05:00,6106.0,6117.5,6103.5,6107.0,160799,0.0,0.0
2025-02-20 12:00:00-05:00,6107.0,6123.75,6105.25,6113.0,110635,0.0,0.0
2025-02-20 13:00:00-05:00,6112.75,6120.25,6109.0,6118.75,93054,0.0,0.0
2025-02-20 14:00:00-05:00,6118.75,6134.0,6117.75,6131.5,119138,0.0,0.0
2025-02-20 15:00:00-05:00,6131.5,6139.75,6125.5,6137.25,201136,0.0,0.0
2025-02-20 16:00:00-05:00,6137.0,6137.75,6130.0,6133.0,41064,0.0,0.0
2025-02-20 18:00:00-05:00,6132.5,6139.75,6131.25,6137.5,0,0.0,0.0
2025-02-20 19:00:00-05:00,6137.25,6139.25,6135.25,6137.25,4211,0.0,0.0
2025-02-20 20:00:00-05:00,6137.0,6137.75,6132.25,6133.5,6057,0.0,0.0
2025-02-20 21:00:00-05:00,6133.5,6136.25,6133.5,6135.0,3427,0.0,0.0
2025-02-20 22:00:00-05:00,6135.25,6135.5,6132.75,6133.25,2626,0.0,0.0
2025-02-20 23:00:00-05:00,6133.25,6134.5,6130.75,6131.75,2339,0.0,0.0
2025-02-21 00:00:00-05:00,6129.5,6132.25,6129.25,6130.5,4505,0.0,0.0
2025-02-21 01:00:00-05:00,6130.25,6135.75,6130.0,6135.25,2769,0.0,0.0
2025-02-21 02:00:00-05:00,6135.25,6137.25,6132.0,6132.0,6986,0.0,0.0
2025-02-21 03:00:00-05:00,6132.25,6135.5,6127.25,6134.75,14352,0.0,0.0
2025-02-21 04:00:00-05:00,6134.75,6137.75,6133.25,6137.75,6824,0.0,0.0
2025-02-21 05:00:00-05:00,6137.75,6138.75,6135.25,6138.0,6784,0.0,0.0
2025-02-21 06:00:00-05:00,6138.25,6139.0,6135.0,6136.5,6193,0.0,0.0
2025-02-21 07:00:00-05:00,6136.5,6141.5,6132.25,6140.25,16733,0.0,0.0
2025-02-21 08:00:00-05:00,6140.25,6141.75,6137.5,6139.75,18050,0.0,0.0
2025-02-21 09:00:00-05:00,6139.5,6142.5,6113.0,6115.0,183706,0.0,0.0
2025-02-21 10:00:00-05:00,6115.5,6116.75,6087.5,6098.25,285290,0.0,0.0
2025-02-21 11:00:00-05:00,6098.25,6105.25,6091.75,6098.25,154675,0.0,0.0
2025-02-21 12:00:00-05:00,6098.5,6101.75,6066.25,6068.25,188772,0.0,0.0
2025-02-21 13:00:00-05:00,6068.25,6068.75,6045.5,6047.5,280959,0.0,0.0
2025-02-21 14:00:00-05:00,6047.5,6053.5,6024.5,6030.25,261389,0.0,0.0
2025-02-21 15:00:00-05:00,6030.0,6039.25,6025.0,6030.25,305121,0.0,0.0
2025-02-21 16:00:00-05:00,6030.25,6034.75,6027.5,6029.5,64252,0.0,0.0
2025-02-23 18:00:00-05:00,6040.75,6052.5,6034.0,6050.25,21729,0.0,0.0
2025-02-23 19:00:00-05:00,6050.5,6059.25,6049.25,6051.75,13961,0.0,0.0
2025-02-23 20:00:00-05:00,6051.75,6054.0,6047.25,6050.5,11263,0.0,0.0
2025-02-23 21:00:00-05:00,6050.5,6058.5,6049.75,6056.75,7293,0.0,0.0
2025-02-23 22:00:00-05:00,6057.0,6059.0,6055.75,6058.75,4483,0.0,0.0
2025-02-23 23:00:00-05:00,6059.0,6060.25,6057.75,6057.75,4699,0.0,0.0
2025-02-24 00:00:00-05:00,6058.25,6062.5,6057.75,6061.5,5003,0.0,0.0
2025-02-24 01:00:00-05:00,6061.25,6063.5,6058.5,6060.0,4835,0.0,0.0
2025-02-24 02:00:00-05:00,6060.0,6061.25,6050.75,6055.0,11587,0.0,0.0
2025-02-24 03:00:00-05:00,6055.0,6058.25,6041.5,6057.25,27990,0.0,0.0
2025-02-24 04:00:00-05:00,6057.0,6067.5,6056.0,6061.75,22688,0.0,0.0
2025-02-24 05:00:00-05:00,6062.0,6062.75,6058.25,6059.0,9922,0.0,0.0
2025-02-24 06:00:00-05:00,6059.0,6063.0,6055.5,6061.5,14383,0.0,0.0
2025-02-24 07:00:00-05:00,6061.5,6061.75,6053.5,6059.0,19864,0.0,0.0
2025-02-24 08:00:00-05:00,6059.0,6062.0,6058.0,6061.75,20617,0.0,0.0
2025-02-24 09:00:00-05:00,6061.5,6062.0,6016.0,6017.0,225758,0.0,0.0
2025-02-24 10:00:00-05:00,6017.25,6024.0,5994.5,6006.75,365773,0.0,0.0
2025-02-24 11:00:00-05:00,6006.75,6037.75,6004.25,6029.25,233664,0.0,0.0
2025-02-24 12:00:00-05:00,6029.25,6048.5,6027.75,6036.0,152860,0.0,0.0
2025-02-24 13:00:00-05:00,6036.25,6047.0,6033.25,6036.25,110578,0.0,0.0
2025-02-24 14:00:00-05:00,6036.25,6044.25,6023.5,6027.5,123288,0.0,0.0
2025-02-24 15:00:00-05:00,6027.5,6030.25,5996.0,6002.25,264608,0.0,0.0
2025-02-24 16:00:00-05:00,6002.5,6009.5,5999.25,6005.5,59351,0.0,0.0
2025-02-24 18:00:00-05:00,6006.5,6009.0,5995.25,5999.0,0,0.0,0.0
2025-02-24 19:00:00-05:00,5999.25,6011.5,5999.25,6009.75,13085,0.0,0.0
2025-02-24 20:00:00-05:00,6009.5,6014.0,6004.75,6013.75,19793,0.0,0.0
2025-02-24 21:00:00-05:00,6013.75,6015.5,6005.0,6014.0,9029,0.0,0.0
2025-02-24 22:00:00-05:00,6014.25,6016.0,6010.75,6011.0,4449,0.0,0.0
2025-02-24 23:00:00-05:00,6011.25,6013.75,6008.5,6009.0,4697,0.0,0.0
2025-02-25 00:00:00-05:00,6010.25,6011.5,6009.25,6010.5,3659,0.0,0.0
2025-02-25 01:00:00-05:00,6010.5,6012.25,6003.25,6005.5,6517,0.0,0.0
2025-02-25 02:00:00-05:00,6005.5,6006.25,5982.25,5982.75,23697,0.0,0.0
2025-02-25 03:00:00-05:00,5982.5,6004.75,5982.25,5987.25,28957,0.0,0.0
2025-02-25 04:00:00-05:00,5987.5,5999.25,5979.5,5980.0,25814,0.0,0.0
2025-02-25 05:00:00-05:00,5980.0,5989.5,5978.5,5980.5,18091,0.0,0.0
2025-02-25 06:00:00-05:00,5980.5,5999.75,5977.75,5996.75,23548,0.0,0.0
2025-02-25 07:00:00-05:00,5996.75,6008.0,5994.0,6007.25,22344,0.0,0.0
2025-02-25 08:00:00-05:00,6007.25,6010.75,6000.5,6002.75,35500,0.0,0.0
2025-02-25 09:00:00-05:00,6002.75,6007.75,5971.0,5981.25,241712,0.0,0.0
2025-02-25 10:00:00-05:00,5981.0,5981.75,5933.5,5951.75,444909,0.0,0.0
2025-02-25 11:00:00-05:00,5952.0,5967.5,5924.0,5960.25,293292,0.0,0.0
2025-02-25 12:00:00-05:00,5960.25,5976.75,5949.5,5976.75,156084,0.0,0.0
2025-02-25 13:00:00-05:00,5976.5,5990.5,5964.25,5976.0,191088,0.0,0.0
2025-02-25 14:00:00-05:00,5976.0,5984.75,5958.5,5981.25,199879,0.0,0.0
2025-02-25 15:00:00-05:00,5981.25,5995.5,5964.25,5970.5,316865,0.0,0.0
2025-02-25 16:00:00-05:00,5970.5,5983.0,5969.5,5979.75,54125,0.0,0.0
2025-02-25 18:00:00-05:00,5982.0,5990.25,5981.5,5985.5,0,0.0,0.0
2025-02-25 19:00:00-05:00,5985.5,5988.75,5982.75,5988.5,6923,0.0,0.0
2025-02-25 20:00:00-05:00,5988.75,5989.0,5979.75,5981.5,7031,0.0,0.0
2025-02-25 21:00:00-05:00,5981.5,5987.25,5977.5,5986.75,7533,0.0,0.0
2025-02-25 22:00:00-05:00,5986.5,5993.0,5986.0,5988.25,8564,0.0,0.0
2025-02-25 23:00:00-05:00,5988.25,5991.0,5987.25,5990.5,3760,0.0,0.0
2025-02-26 00:00:00-05:00,5991.25,5994.75,5991.0,5994.25,4917,0.0,0.0
2025-02-26 01:00:00-05:00,5994.25,5995.0,5991.25,5993.25,4862,0.0,0.0
2025-02-26 02:00:00-05:00,5993.25,5995.75,5990.5,5993.25,10433,0.0,0.0
2025-02-26 03:00:00-05:00,5993.25,5996.25,5990.0,5996.0,15833,0.0,0.0
2025-02-26 04:00:00-05:00,5996.0,6002.5,5994.75,5997.75,17610,0.0,0.0
2025-02-26 05:00:00-05:00,5998.0,6001.75,5996.25,6000.25,8309,0.0,0.0
2025-02-26 06:00:00-05:00,6000.5,6003.25,5992.75,5996.0,12439,0.0,0.0
2025-02-26 07:00:00-05:00,5995.75,5999.75,5990.25,5996.25,20288,0.0,0.0
2025-02-26 08:00:00-05:00,5996.0,6004.0,5989.0,5993.0,35295,0.0,0.0
2025-02-26 09:00:00-05:00,5992.75,6005.75,5978.25,6004.5,216291,0.0,0.0
2025-02-26 10:00:00-05:00,6004.75,6020.5,6000.0,6016.5,249375,0.0,0.0
2025-02-26 11:00:00-05:00,6016.5,6023.75,6006.0,6008.0,183083,0.0,0.0
2025-02-26 12:00:00-05:00,6008.0,6021.75,5978.5,5983.75,236552,0.0,0.0
2025-02-26 13:00:00-05:00,5983.75,5986.25,5948.5,5953.0,239992,0.0,0.0
2025-02-26 14:00:00-05:00,5952.75,5973.75,5945.5,5955.0,210158,0.0,0.0
2025-02-26 15:00:00-05:00,5955.0,5980.25,5951.5,5972.0,244641,0.0,0.0
2025-02-26 16:00:00-05:00,5972.0,5996.25,5950.5,5990.25,102538,0.0,0.0
2025-02-26 18:00:00-05:00,5980.0,5983.75,5965.75,5978.5,0,0.0,0.0
2025-02-26 19:00:00-05:00,5978.25,5982.25,5963.25,5964.5,17019,0.0,0.0
2025-02-26 20:00:00-05:00,5964.75,5974.0,5961.0,5970.25,11843,0.0,0.0
2025-02-26 21:00:00-05:00,5970.5,5981.75,5968.5,5975.5,9471,0.0,0.0
2025-02-26 22:00:00-05:00,5975.5,5980.0,5973.0,5973.0,4550,0.0,0.0
2025-02-26 23:00:00-05:00,5973.25,5974.5,5970.5,5974.5,4788,0.0,0.0
2025-02-27 00:00:00-05:00,5978.0,5995.0,5977.5,5990.0,9201,0.0,0.0
2025-02-27 01:00:00-05:00,5990.25,5996.25,5989.5,5993.75,8437,0.0,0.0
2025-02-27 02:00:00-05:00,5993.75,6002.75,5992.75,5994.25,11262,0.0,0.0
2025-02-27 03:00:00-05:00,5994.25,6005.0,5990.0,6004.0,17462,0.0,0.0
2025-02-27 04:00:00-05:00,6004.0,6007.0,5997.25,6005.25,11843,0.0,0.0
2025-02-27 05:00:00-05:00,6005.25,6008.25,6001.25,6004.75,7993,0.0,0.0
2025-02-27 06:00:00-05:00,6005.0,6011.0,6004.25,6010.75,12480,0.0,0.0
2025-02-27 07:00:00-05:00,6010.5,6014.5,6005.75,6006.75,19295,0.0,0.0
2025-02-27 08:00:00-05:00,6006.5,6009.75,5977.5,5986.0,94435,0.0,0.0
2025-02-27 09:00:00-05:00,5985.75,6007.25,5947.75,5951.0,283297,0.0,0.0
2025-02-27 10:00:00-05:00,5951.0,5991.75,5931.5,5961.0,484903,0.0,0.0
2025-02-27 11:00:00-05:00,5961.25,5989.0,5949.0,5951.0,247887,0.0,0.0
2025-02-27 12:00:00-05:00,5951.0,5971.25,5940.0,5960.75,198036,0.0,0.0
2025-02-27 13:00:00-05:00,5960.75,5978.25,5959.5,5963.5,166976,0.0,0.0
2025-02-27 14:00:00-05:00,5963.5,5965.0,5909.25,5918.75,301054,0.0,0.0
2025-02-27 15:00:00-05:00,5919.0,5919.75,5873.0,5877.5,478136,0.0,0.0
2025-02-27 16:00:00-05:00,5877.5,5887.25,5873.5,5881.0,86897,0.0,0.0
2025-02-27 18:00:00-05:00,5883.0,5890.0,5881.75,5887.5,0,0.0,0.0
2025-02-27 19:00:00-05:00,5887.5,5889.75,5874.75,5875.0,12710,0.0,0.0
2025-02-27 20:00:00-05:00,5875.25,5886.25,5859.75,5877.5,22191,0.0,0.0
2025-02-27 21:00:00-05:00,5877.5,5882.25,5866.75,5870.25,15731,0.0,0.0
2025-02-27 22:00:00-05:00,5870.5,5873.0,5858.75,5866.5,18947,0.0,0.0
2025-02-27 23:00:00-05:00,5866.5,5883.0,5863.25,5878.25,12917,0.0,0.0
2025-02-28 00:00:00-05:00,5883.0,5884.0,5876.5,5880.0,8369,0.0,0.0
2025-02-28 01:00:00-05:00,5879.75,5885.5,5874.5,5875.5,10670,0.0,0.0
2025-02-28 02:00:00-05:00,5875.5,5886.25,5869.5,5884.25,16824,0.0,0.0
2025-02-28 03:00:00-05:00,5884.25,5893.5,5881.75,5892.25,26442,0.0,0.0
2025-02-28 04:00:00-05:00,5892.5,5897.0,5888.25,5892.75,15678,0.0,0.0
2025-02-28 05:00:00-05:00,5892.75,5899.0,5891.0,5895.0,13134,0.0,0.0
2025-02-28 06:00:00-05:00,5895.0,5900.5,5894.0,5896.75,10812,0.0,0.0
2025-02-28 07:00:00-05:00,5896.75,5897.0,5883.75,5890.75,35803,0.0,0.0
2025-02-28 08:00:00-05:00,5890.5,5899.5,5881.25,5886.75,59301,0.0,0.0
2025-02-28 09:00:00-05:00,5887.0,5891.75,5857.0,5884.0,322279,0.0,0.0
2025-02-28 10:00:00-05:00,5884.25,5913.0,5876.0,5912.5,338147,0.0,0.0
2025-02-28 11:00:00-05:00,5912.5,5914.25,5881.75,5897.25,233114,0.0,0.0
2025-02-28 12:00:00-05:00,5897.25,5907.0,5859.5,5860.25,238163,0.0,0.0
2025-02-28 13:00:00-05:00,5860.25,5889.0,5848.0,5859.5,333181,0.0,0.0
2025-02-28 14:00:00-05:00,5859.5,5906.25,5859.0,5904.5,236536,0.0,0.0
2025-02-28 15:00:00-05:00,5904.5,5971.0,5900.25,5964.0,536808,0.0,0.0
2025-02-28 16:00:00-05:00,5964.0,5965.75,5953.75,5958.0,138786,0.0,0.0
2025-03-02 18:00:00-05:00,5967.5,5984.5,5964.25,5974.25,20135,0.0,0.0
2025-03-02 19:00:00-05:00,5974.5,5975.75,5947.0,5955.25,23936,0.0,0.0
2025-03-02 20:00:00-05:00,5955.25,5966.75,5951.5,5965.25,14415,0.0,0.0
2025-03-02 21:00:00-05:00,5965.25,5969.0,5959.75,5964.25,8773,0.0,0.0
2025-03-02 22:00:00-05:00,5964.25,5965.5,5957.5,5965.0,7757,0.0,0.0
2025-03-02 23:00:00-05:00,5964.75,5972.5,5964.25,5972.25,4650,0.0,0.0
2025-03-03 00:00:00-05:00,5972.0,5979.25,5970.75,5977.25,6337,0.0,0.0
2025-03-03 01:00:00-05:00,5977.25,5982.25,5971.75,5979.5,9076,0.0,0.0
2025-03-03 02:00:00-05:00,5979.75,5980.75,5964.75,5971.25,14147,0.0,0.0
2025-03-03 03:00:00-05:00,5971.0,5978.5,5955.75,5966.75,30633,0.0,0.0
2025-03-03 04:00:00-05:00,5967.0,5982.5,5962.25,5982.0,19676,0.0,0.0
2025-03-03 05:00:00-05:00,5982.0,5983.5,5974.75,5982.0,14035,0.0,0.0
2025-03-03 06:00:00-05:00,5982.0,5989.25,5980.75,5988.5,12361,0.0,0.0
2025-03-03 07:00:00-05:00,5988.25,6000.5,5986.25,5992.0,32855,0.0,0.0
2025-03-03 08:00:00-05:00,5991.75,5993.25,5980.25,5985.25,36747,0.0,0.0
2025-03-03 09:00:00-05:00,5985.25,5997.0,5947.75,5951.5,253362,0.0,0.0
2025-03-03 10:00:00-05:00,5951.25,5974.75,5930.5,5947.25,392721,0.0,0.0
2025-03-03 11:00:00-05:00,5947.5,5968.75,5934.5,5953.5,242787,0.0,0.0
2025-03-03 12:00:00-05:00,5953.5,5965.5,5937.25,5943.25,144189,0.0,0.0
2025-03-03 13:00:00-05:00,5943.25,5944.75,5897.75,5914.75,328729,0.0,0.0
2025-03-03 14:00:00-05:00,5914.5,5929.5,5882.5,5883.5,263585,0.0,0.0
2025-03-03 15:00:00-05:00,5883.75,5884.25,5821.75,5863.0,563167,0.0,0.0
2025-03-03 16:00:00-05:00,5862.75,5876.25,5861.0,5875.0,77186,0.0,0.0
2025-03-03 18:00:00-05:00,5874.0,5881.0,5867.5,5870.25,0,0.0,0.0
2025-03-03 19:00:00-05:00,5870.25,5879.5,5861.5,5877.0,16797,0.0,0.0
2025-03-03 20:00:00-05:00,5877.25,5881.5,5859.5,5861.5,19465,0.0,0.0
2025-03-03 21:00:00-05:00,5861.75,5873.75,5859.75,5871.0,10659,0.0,0.0
2025-03-03 22:00:00-05:00,5871.0,5877.75,5867.0,5874.0,9486,0.0,0.0
2025-03-03 23:00:00-05:00,5874.0,5878.0,5868.5,5871.0,8560,0.0,0.0
2025-03-04 00:00:00-05:00,5879.5,5880.5,5870.25,5877.75,20156,0.0,0.0
2025-03-04 01:00:00-05:00,5877.75,5881.5,5869.0,5878.25,11115,0.0,0.0
2025-03-04 02:00:00-05:00,5878.25,5879.25,5860.0,5863.25,16464,0.0,0.0
2025-03-04 03:00:00-05:00,5863.0,5878.5,5856.5,5867.75,29075,0.0,0.0
2025-03-04 04:00:00-05:00,5867.75,5876.75,5859.5,5863.25,22651,0.0,0.0
2025-03-04 05:00:00-05:00,5863.25,5866.0,5848.75,5855.75,25903,0.0,0.0
2025-03-04 06:00:00-05:00,5855.75,5861.0,5849.0,5856.0,18068,0.0,0.0
2025-03-04 07:00:00-05:00,5855.5,5855.75,5821.0,5823.75,62081,0.0,0.0
2025-03-04 08:00:00-05:00,5824.0,5828.5,5812.0,5820.75,89482,0.0,0.0
2025-03-04 09:00:00-05:00,5820.5,5835.75,5778.0,5779.0,464163,0.0,0.0
2025-03-04 10:00:00-05:00,5778.75,5783.75,5744.0,5762.5,572232,0.0,0.0
2025-03-04 11:00:00-05:00,5762.75,5787.5,5744.75,5781.5,368462,0.0,0.0
2025-03-04 12:00:00-05:00,5781.25,5807.25,5774.75,5786.75,276793,0.0,0.0
2025-03-04 13:00:00-05:00,5786.75,5830.25,5782.25,5824.5,263944,0.0,0.0
2025-03-04 14:00:00-05:00,5824.25,5853.25,5823.5,5850.5,253363,0.0,0.0
2025-03-04 15:00:00-05:00,5850.25,5875.75,5768.25,5790.75,510395,0.0,0.0
2025-03-04 16:00:00-05:00,5790.75,5840.0,5790.5,5825.0,165406,0.0,0.0
2025-03-04 18:00:00-05:00,5832.0,5838.0,5823.25,5834.0,0,0.0,0.0
2025-03-04 19:00:00-05:00,5834.25,5836.75,5814.75,5826.5,18276,0.0,0.0
2025-03-04 20:00:00-05:00,5826.75,5828.5,5808.0,5820.0,25019,0.0,0.0
2025-03-04 21:00:00-05:00,5820.0,5823.0,5807.75,5814.0,17447,0.0,0.0
2025-03-04 22:00:00-05:00,5814.25,5832.75,5809.0,5828.75,21209,0.0,0.0
2025-03-04 23:00:00-05:00,5828.5,5834.0,5825.0,5826.75,8631,0.0,0.0
2025-03-05 00:00:00-05:00,5828.75,5829.0,5817.5,5827.0,7526,0.0,0.0
2025-03-05 01:00:00-05:00,5827.0,5829.75,5818.25,5826.0,6638,0.0,0.0
2025-03-05 02:00:00-05:00,5825.75,5832.5,5821.0,5822.0,12248,0.0,0.0
2025-03-05 03:00:00-05:00,5822.25,5837.0,5817.25,5824.5,29946,0.0,0.0
2025-03-05 04:00:00-05:00,5824.75,5844.25,5820.0,5839.5,23194,0.0,0.0
2025-03-05 05:00:00-05:00,5840.0,5842.75,5822.5,5823.25,24555,0.0,0.0
2025-03-05 06:00:00-05:00,5823.5,5825.5,5796.25,5809.75,30909,0.0,0.0
2025-03-05 07:00:00-05:00,5810.0,5816.5,5797.5,5802.5,35681,0.0,0.0
2025-03-05 08:00:00-05:00,5802.5,5813.5,5783.75,5788.5,82759,0.0,0.0
2025-03-05 09:00:00-05:00,5788.5,5812.75,5770.25,5778.25,253533,0.0,0.0
2025-03-05 10:00:00-05:00,5780.0,5817.0,5774.5,5789.5,341477,0.0,0.0
2025-03-05 11:00:00-05:00,5789.25,5789.25,5750.75,5779.5,276471,0.0,0.0
2025-03-05 12:00:00-05:00,5779.25,5829.5,5778.0,5828.0,227682,0.0,0.0
2025-03-05 13:00:00-05:00,5828.0,5836.25,5797.75,5835.25,234345,0.0,0.0
2025-03-05 14:00:00-05:00,5835.0,5864.25,5828.75,5851.25,203552,0.0,0.0
2025-03-05 15:00:00-05:00,5851.25,5869.5,5834.0,5850.75,276921,0.0,0.0
2025-03-05 16:00:00-05:00,5850.75,5852.0,5841.25,5845.5,54646,0.0,0.0
2025-03-05 18:00:00-05:00,5844.75,5853.5,5841.5,5845.25,0,0.0,0.0
2025-03-05 19:00:00-05:00,5845.0,5850.0,5838.0,5839.5,7392,0.0,0.0
2025-03-05 20:00:00-05:00,5840.0,5845.0,5838.5,5843.25,8401,0.0,0.0
2025-03-05 21:00:00-05:00,5843.5,5846.75,5839.5,5840.75,5638,0.0,0.0
2025-03-05 22:00:00-05:00,5841.0,5847.25,5838.75,5846.5,4660,0.0,0.0
2025-03-05 23:00:00-05:00,5846.25,5850.0,5846.25,5849.25,7172,0.0,0.0
2025-03-06 00:00:00-05:00,5849.0,5850.0,5842.75,5843.0,5515,0.0,0.0
2025-03-06 01:00:00-05:00,5843.0,5849.5,5840.5,5848.25,5743,0.0,0.0
2025-03-06 02:00:00-05:00,5848.5,5850.0,5823.75,5824.5,16590,0.0,0.0
2025-03-06 03:00:00-05:00,5824.5,5830.75,5801.25,5804.0,36173,0.0,0.0
2025-03-06 04:00:00-05:00,5803.75,5813.5,5786.25,5792.5,37381,0.0,0.0
2025-03-06 05:00:00-05:00,5792.5,5797.75,5779.5,5781.5,25478,0.0,0.0
2025-03-06 06:00:00-05:00,5781.5,5797.25,5775.5,5796.75,24865,0.0,0.0
2025-03-06 07:00:00-05:00,5796.75,5797.75,5780.25,5784.75,29633,0.0,0.0
2025-03-06 08:00:00-05:00,5785.0,5790.75,5769.25,5779.5,59637,0.0,0.0
2025-03-06 09:00:00-05:00,5779.5,5788.75,5753.25,5763.5,246971,0.0,0.0
2025-03-06 10:00:00-05:00,5763.5,5820.0,5759.75,5806.5,380221,0.0,0.0
2025-03-06 11:00:00-05:00,5806.75,5821.25,5763.0,5764.25,303787,0.0,0.0
2025-03-06 12:00:00-05:00,5764.0,5768.75,5729.0,5749.5,321198,0.0,0.0
2025-03-06 13:00:00-05:00,5749.25,5760.25,5722.75,5740.0,221031,0.0,0.0
2025-03-06 14:00:00-05:00,5739.75,5768.5,5720.0,5729.0,271333,0.0,0.0
2025-03-06 15:00:00-05:00,5729.0,5761.75,5723.5,5747.75,387166,0.0,0.0
2025-03-06 16:00:00-05:00,5747.75,5771.75,5744.25,5761.25,73740,0.0,0.0
2025-03-06 18:00:00-05:00,5766.0,5769.75,5761.5,5764.75,0,0.0,0.0
2025-03-06 19:00:00-05:00,5765.0,5769.75,5756.25,5763.75,12399,0.0,0.0
2025-03-06 20:00:00-05:00,5764.0,5774.5,5761.25,5768.75,10001,0.0,0.0
2025-03-06 21:00:00-05:00,5768.75,5774.5,5763.25,5768.25,8196,0.0,0.0
2025-03-06 22:00:00-05:00,5768.5,5769.0,5760.75,5761.25,6657,0.0,0.0
2025-03-06 23:00:00-05:00,5761.25,5765.25,5757.5,5763.75,6333,0.0,0.0
2025-03-07 00:00:00-05:00,5760.25,5764.5,5754.5,5757.0,6227,0.0,0.0
2025-03-07 01:00:00-05:00,5757.25,5757.75,5750.0,5752.0,9982,0.0,0.0
2025-03-07 02:00:00-05:00,5752.0,5764.25,5750.5,5762.25,12450,0.0,0.0
2025-03-07 03:00:00-05:00,5762.5,5766.0,5753.75,5760.25,26479,0.0,0.0
2025-03-07 04:00:00-05:00,5760.0,5773.25,5758.25,5767.75,17288,0.0,0.0
2025-03-07 05:00:00-05:00,5768.0,5768.5,5756.5,5763.5,14421,0.0,0.0
2025-03-07 06:00:00-05:00,5763.5,5769.0,5758.0,5765.25,11628,0.0,0.0
2025-03-07 07:00:00-05:00,5765.0,5765.75,5745.5,5751.5,31664,0.0,0.0
2025-03-07 08:00:00-05:00,5751.25,5786.5,5729.25,5734.5,123483,0.0,0.0
2025-03-07 09:00:00-05:00,5734.25,5778.0,5721.0,5756.25,276705,0.0,0.0
2025-03-07 10:00:00-05:00,5756.5,5768.0,5701.25,5726.0,362354,0.0,0.0
2025-03-07 11:00:00-05:00,5726.0,5729.75,5673.0,5687.75,263078,0.0,0.0
2025-03-07 12:00:00-05:00,5688.0,5747.75,5674.5,5718.5,265665,0.0,0.0
2025-03-07 13:00:00-05:00,5718.75,5770.0,5718.0,5769.75,228248,0.0,0.0
2025-03-07 14:00:00-05:00,5769.75,5790.25,5758.25,5769.0,196883,0.0,0.0
2025-03-07 15:00:00-05:00,5769.0,5791.0,5745.25,5775.0,287003,0.0,0.0
2025-03-07 16:00:00-05:00,5775.25,5777.25,5760.25,5771.75,58558,0.0,0.0
2025-03-09 18:00:00-04:00,5753.0,5756.25,5722.75,5728.0,28715,0.0,0.0
2025-03-09 19:00:00-04:00,5728.0,5738.0,5710.5,5733.25,22175,0.0,0.0
2025-03-09 20:00:00-04:00,5733.5,5739.75,5726.25,5738.5,27741,0.0,0.0
2025-03-09 21:00:00-04:00,5738.75,5752.5,5737.5,5752.0,13077,0.0,0.0
2025-03-09 22:00:00-04:00,5751.75,5755.25,5748.0,5752.5,7441,0.0,0.0
2025-03-09 23:00:00-04:00,5752.25,5754.75,5744.5,5750.5,6876,0.0,0.0
2025-03-10 00:00:00-04:00,5750.5,5757.75,5745.0,5745.5,6509,0.0,0.0
2025-03-10 01:00:00-04:00,5746.0,5752.75,5741.25,5743.5,6910,0.0,0.0
2025-03-10 02:00:00-04:00,5743.75,5752.0,5743.75,5748.25,6794,0.0,0.0
2025-03-10 03:00:00-04:00,5748.0,5754.0,5742.25,5743.25,11683,0.0,0.0
2025-03-10 04:00:00-04:00,5743.75,5748.25,5703.0,5705.75,43004,0.0,0.0
2025-03-10 05:00:00-04:00,5705.5,5731.5,5703.0,5718.5,31610,0.0,0.0
2025-03-10 06:00:00-04:00,5719.0,5725.0,5706.0,5709.0,26092,0.0,0.0
2025-03-10 07:00:00-04:00,5709.0,5723.25,5701.75,5706.5,35083,0.0,0.0
2025-03-10 08:00:00-04:00,5706.75,5707.5,5687.25,5701.0,57162,0.0,0.0
2025-03-10 09:00:00-04:00,5701.25,5711.25,5679.25,5689.25,285205,0.0,0.0
2025-03-10 10:00:00-04:00,5689.5,5689.5,5646.5,5655.0,378256,0.0,0.0
2025-03-10 11:00:00-04:00,5655.0,5682.0,5651.75,5654.0,264654,0.0,0.0
2025-03-10 12:00:00-04:00,5653.75,5667.0,5640.0,5645.75,183278,0.0,0.0
2025-03-10 13:00:00-04:00,5645.75,5647.25,5616.75,5619.75,196332,0.0,0.0
2025-03-10 14:00:00-04:00,5619.75,5631.25,5586.25,5588.75,217627,0.0,0.0
2025-03-10 15:00:00-04:00,5588.75,5640.75,5571.5,5623.75,517379,0.0,0.0
2025-03-10 16:00:00-04:00,5623.5,5631.25,5613.5,5628.75,102080,0.0,0.0
2025-03-10 18:00:00-04:00,5622.0,5625.75,5605.5,5611.25,0,0.0,0.0
2025-03-10 19:00:00-04:00,5611.25,5615.25,5584.0,5602.0,21809,0.0,0.0
2025-03-10 20:00:00-04:00,5602.25,5607.25,5558.75,5573.5,30694,0.0,0.0
2025-03-10 21:00:00-04:00,5573.5,5589.25,5558.0,5586.5,25617,0.0,0.0
2025-03-10 22:00:00-04:00,5586.5,5620.75,5584.5,5613.5,24035,0.0,0.0
2025-03-10 23:00:00-04:00,5613.75,5637.0,5613.75,5624.5,19422,0.0,0.0
2025-03-11 00:00:00-04:00,5626.0,5637.5,5625.0,5630.5,8887,0.0,0.0
2025-03-11 01:00:00-04:00,5630.5,5636.75,5625.75,5633.75,7852,0.0,0.0
2025-03-11 02:00:00-04:00,5633.5,5639.0,5627.75,5630.0,11478,0.0,0.0
2025-03-11 03:00:00-04:00,5630.0,5636.5,5615.5,5633.5,15242,0.0,0.0
2025-03-11 04:00:00-04:00,5633.75,5644.0,5629.25,5644.0,32981,0.0,0.0
2025-03-11 05:00:00-04:00,5643.75,5647.0,5637.75,5640.75,35842,0.0,0.0
2025-03-11 06:00:00-04:00,5640.75,5644.75,5632.0,5639.5,33597,0.0,0.0
2025-03-11 07:00:00-04:00,5639.5,5651.0,5626.5,5651.0,33817,0.0,0.0
2025-03-11 08:00:00-04:00,5650.75,5651.75,5616.25,5619.25,58326,0.0,0.0
2025-03-11 09:00:00-04:00,5619.25,5631.75,5597.5,5613.25,241671,0.0,0.0
2025-03-11 10:00:00-04:00,5613.25,5635.75,5554.5,5562.5,410227,0.0,0.0
2025-03-11 11:00:00-04:00,5562.5,5614.75,5556.25,5586.5,283308,0.0,0.0
2025-03-11 12:00:00-04:00,5586.0,5591.25,5550.0,5557.0,223628,0.0,0.0
2025-03-11 13:00:00-04:00,5557.25,5568.5,5534.0,5557.25,212872,0.0,0.0
2025-03-11 14:00:00-04:00,5557.25,5643.75,5555.75,5630.25,303881,0.0,0.0
2025-03-11 15:00:00-04:00,5630.25,5641.0,5575.0,5576.0,385196,0.0,0.0
2025-03-11 16:00:00-04:00,5575.75,5589.5,5572.75,5576.75,88673,0.0,0.0
2025-03-11 18:00:00-04:00,5580.0,5594.5,5574.25,5591.75,0,0.0,0.0
2025-03-11 19:00:00-04:00,5591.5,5593.5,5582.5,5593.5,7171,0.0,0.0
2025-03-11 20:00:00-04:00,5593.5,5598.5,5585.75,5592.25,9209,0.0,0.0
2025-03-11 21:00:00-04:00,5592.0,5595.75,5585.5,5593.75,7175,0.0,0.0
2025-03-11 22:00:00-04:00,5593.75,5598.75,5589.5,5590.75,5311,0.0,0.0
2025-03-11 23:00:00-04:00,5591.0,5593.25,5585.0,5589.5,4556,0.0,0.0
2025-03-12 00:00:00-04:00,5588.25,5596.0,5587.75,5590.75,4620,0.0,0.0
2025-03-12 01:00:00-04:00,5591.0,5597.75,5589.5,5597.25,3421,0.0,0.0
2025-03-12 02:00:00-04:00,5597.0,5597.0,5579.0,5582.0,5777,0.0,0.0
2025-03-12 03:00:00-04:00,5582.25,5597.5,5577.5,5596.25,12667,0.0,0.0
2025-03-12 04:00:00-04:00,5596.25,5613.0,5586.0,5611.25,27679,0.0,0.0
2025-03-12 05:00:00-04:00,5611.0,5616.25,5607.0,5615.5,19104,0.0,0.0
2025-03-12 06:00:00-04:00,5615.5,5617.25,5605.5,5613.75,17141,0.0,0.0
2025-03-12 07:00:00-04:00,5613.75,5627.25,5613.0,5621.75,24348,0.0,0.0
2025-03-12 08:00:00-04:00,5621.75,5675.0,5616.5,5643.75,135218,0.0,0.0
2025-03-12 09:00:00-04:00,5644.0,5646.25,5597.0,5608.5,291907,0.0,0.0
2025-03-12 10:00:00-04:00,5608.0,5619.25,5568.25,5569.75,283469,0.0,0.0
2025-03-12 11:00:00-04:00,5569.5,5606.25,5550.25,5604.75,219891,0.0,0.0
2025-03-12 12:00:00-04:00,5605.0,5626.5,5595.75,5604.25,200752,0.0,0.0
2025-03-12 13:00:00-04:00,5604.5,5631.5,5592.75,5593.5,152282,0.0,0.0
2025-03-12 14:00:00-04:00,5593.75,5633.0,5591.75,5626.0,137240,0.0,0.0
2025-03-12 15:00:00-04:00,5625.75,5626.0,5595.25,5603.0,264036,0.0,0.0
2025-03-12 16:00:00-04:00,5602.75,5604.0,5595.0,5597.25,55621,0.0,0.0
2025-03-12 18:00:00-04:00,5596.5,5611.0,5595.5,5609.25,0,0.0,0.0
2025-03-12 19:00:00-04:00,5609.0,5621.25,5608.75,5620.5,6729,0.0,0.0
2025-03-12 20:00:00-04:00,5620.5,5623.0,5610.0,5611.0,7856,0.0,0.0
2025-03-12 21:00:00-04:00,5610.75,5613.75,5603.75,5612.25,9027,0.0,0.0
2025-03-12 22:00:00-04:00,5612.0,5613.0,5602.5,5603.25,5823,0.0,0.0
2025-03-12 23:00:00-04:00,5603.5,5604.0,5586.25,5589.25,11473,0.0,0.0
2025-03-13 00:00:00-04:00,5592.0,5593.25,5576.75,5580.75,10731,0.0,0.0
2025-03-13 01:00:00-04:00,5580.5,5584.5,5570.75,5577.5,10045,0.0,0.0
2025-03-13 02:00:00-04:00,5577.75,5585.0,5563.5,5582.0,14863,0.0,0.0
2025-03-13 03:00:00-04:00,5582.0,5585.0,5564.0,5567.0,16936,0.0,0.0
2025-03-13 04:00:00-04:00,5566.75,5580.5,5559.5,5580.0,28052,0.0,0.0
2025-03-13 05:00:00-04:00,5579.75,5605.5,5572.0,5604.5,26761,0.0,0.0
2025-03-13 06:00:00-04:00,5604.5,5609.75,5595.5,5599.75,24349,0.0,0.0
2025-03-13 07:00:00-04:00,5599.75,5603.0,5580.25,5590.75,50184,0.0,0.0
2025-03-13 08:00:00-04:00,5590.5,5604.0,5575.25,5594.75,71838,0.0,0.0
2025-03-13 09:00:00-04:00,5594.75,5602.75,5556.75,5563.0,201986,0.0,0.0
2025-03-13 10:00:00-04:00,5563.25,5603.75,5557.0,5572.75,290018,0.0,0.0
2025-03-13 11:00:00-04:00,5572.75,5582.5,5536.25,5537.5,281670,0.0,0.0
2025-03-13 12:00:00-04:00,5537.75,5558.75,5525.75,5538.75,236623,0.0,0.0
2025-03-13 13:00:00-04:00,5538.5,5546.0,5509.25,5513.25,172398,0.0,0.0
2025-03-13 14:00:00-04:00,5513.25,5555.5,5512.0,5552.0,186550,0.0,0.0
2025-03-13 15:00:00-04:00,5551.75,5559.0,5514.0,5528.25,309513,0.0,0.0
2025-03-13 16:00:00-04:00,5528.25,5545.0,5526.75,5537.5,75520,0.0,0.0
2025-03-13 18:00:00-04:00,5540.0,5557.0,5538.75,5552.5,0,0.0,0.0
2025-03-13 19:00:00-04:00,5552.5,5558.5,5550.25,5552.75,7965,0.0,0.0
2025-03-13 20:00:00-04:00,5553.0,5567.0,5547.5,5561.75,34994,0.0,0.0
2025-03-13 21:00:00-04:00,5561.75,5568.25,5558.5,5561.5,16623,0.0,0.0
2025-03-13 22:00:00-04:00,5561.5,5569.75,5561.25,5567.75,7252,0.0,0.0
2025-03-13 23:00:00-04:00,5568.0,5572.25,5567.5,5569.75,5880,0.0,0.0
2025-03-14 00:00:00-04:00,5569.5,5570.75,5565.75,5569.0,4275,0.0,0.0
2025-03-14 01:00:00-04:00,5568.75,5572.75,5561.5,5562.5,5855,0.0,0.0
2025-03-14 02:00:00-04:00,5562.25,5565.25,5556.25,5563.0,6359,0.0,0.0
2025-03-14 03:00:00-04:00,5563.0,5564.0,5553.25,5557.0,10875,0.0,0.0
2025-03-14 04:00:00-04:00,5557.25,5571.75,5552.75,5567.25,18114,0.0,0.0
2025-03-14 05:00:00-04:00,5567.5,5574.0,5566.5,5569.25,16707,0.0,0.0
2025-03-14 06:00:00-04:00,5569.5,5579.0,5558.5,5573.25,32725,0.0,0.0
2025-03-14 07:00:00-04:00,5573.0,5579.25,5564.5,5575.75,20078,0.0,0.0
2025-03-14 08:00:00-04:00,5575.75,5588.0,5573.75,5581.5,37148,0.0,0.0
2025-03-14 09:00:00-04:00,5581.5,5607.75,5568.5,5595.25,232803,0.0,0.0
2025-03-14 10:00:00-04:00,5595.25,5613.75,5564.0,5613.5,374590,0.0,0.0
2025-03-14 11:00:00-04:00,5613.5,5635.5,5610.25,5632.25,270312,0.0,0.0
2025-03-14 12:00:00-04:00,5632.0,5635.25,5611.0,5631.75,223358,0.0,0.0
2025-03-14 13:00:00-04:00,5631.5,5639.0,5615.5,5617.25,188334,0.0,0.0
2025-03-14 14:00:00-04:00,5617.25,5635.75,5613.0,5628.5,160140,0.0,0.0
2025-03-14 15:00:00-04:00,5628.5,5648.75,5624.0,5637.5,304998,0.0,0.0
2025-03-14 16:00:00-04:00,5637.5,5637.75,5621.75,5628.75,80291,0.0,0.0
2025-03-16 18:00:00-04:00,5626.75,5632.0,5604.75,5607.0,16577,0.0,0.0
2025-03-16 19:00:00-04:00,5607.25,5614.25,5602.5,5608.5,15487,0.0,0.0
2025-03-16 20:00:00-04:00,5608.75,5617.5,5606.0,5613.75,13835,0.0,0.0
2025-03-16 21:00:00-04:00,5613.5,5617.75,5612.25,5614.5,4930,0.0,0.0
2025-03-16 22:00:00-04:00,5614.25,5614.5,5609.25,5610.5,7926,0.0,0.0
2025-03-16 23:00:00-04:00,5610.5,5612.0,5607.25,5609.5,4093,0.0,0.0
2025-03-17 00:00:00-04:00,5609.25,5613.0,5608.25,5610.25,3282,0.0,0.0
2025-03-17 01:00:00-04:00,5610.25,5612.0,5608.5,5609.5,2413,0.0,0.0
2025-03-17 02:00:00-04:00,5609.5,5611.0,5601.25,5605.5,6981,0.0,0.0
2025-03-17 03:00:00-04:00,5605.75,5609.75,5599.0,5609.0,10418,0.0,0.0
2025-03-17 04:00:00-04:00,5609.5,5615.0,5603.0,5613.25,22975,0.0,0.0
2025-03-17 05:00:00-04:00,5613.0,5617.75,5610.0,5614.0,30944,0.0,0.0
2025-03-17 06:00:00-04:00,5613.75,5629.0,5611.75,5627.5,42376,0.0,0.0
2025-03-17 07:00:00-04:00,5627.25,5634.5,5624.0,5624.5,53209,0.0,0.0
2025-03-17 08:00:00-04:00,5624.25,5649.0,5615.5,5641.75,104030,0.0,0.0
2025-03-17 09:00:00-04:00,5641.5,5674.0,5631.75,5667.0,259385,0.0,0.0
2025-03-17 10:00:00-04:00,5667.0,5673.25,5646.75,5650.0,386123,0.0,0.0
2025-03-17 11:00:00-04:00,5650.25,5662.5,5638.0,5648.5,213361,0.0,0.0
2025-03-17 12:00:00-04:00,5648.5,5663.0,5642.5,5656.25,188788,0.0,0.0
2025-03-17 13:00:00-04:00,5656.0,5684.0,5649.5,5681.25,155851,0.0,0.0
2025-03-17 14:00:00-04:00,5681.25,5707.5,5681.0,5702.25,141922,0.0,0.0
2025-03-17 15:00:00-04:00,5702.0,5703.5,5678.25,5680.5,232232,0.0,0.0
2025-03-17 16:00:00-04:00,5680.5,5681.5,5674.0,5680.25,46256,0.0,0.0
2025-03-17 18:00:00-04:00,5680.0,5686.25,5678.75,5685.25,0,0.0,0.0
2025-03-17 19:00:00-04:00,5685.5,5686.0,5678.0,5679.5,8783,0.0,0.0
2025-03-17 20:00:00-04:00,5679.75,5681.25,5672.0,5675.0,13383,0.0,0.0
2025-03-17 21:00:00-04:00,5675.25,5677.25,5664.25,5665.0,14287,0.0,0.0
2025-03-17 22:00:00-04:00,5665.25,5667.75,5663.75,5666.25,4166,0.0,0.0
2025-03-17 23:00:00-04:00,5666.25,5667.0,5659.5,5660.5,1918,0.0,0.0
2025-03-18 00:00:00-04:00,5660.75,5663.5,5655.5,5657.75,2607,0.0,0.0
2025-03-18 01:00:00-04:00,5657.75,5662.0,5657.25,5661.75,1863,0.0,0.0
2025-03-18 02:00:00-04:00,5662.0,5668.25,5660.0,5667.5,3471,0.0,0.0
2025-03-18 03:00:00-04:00,5667.25,5671.5,5664.5,5667.75,4005,0.0,0.0
2025-03-18 04:00:00-04:00,5668.25,5683.25,5665.5,5680.0,16353,0.0,0.0
2025-03-18 05:00:00-04:00,5680.0,5683.25,5670.5,5671.5,29871,0.0,0.0
2025-03-18 06:00:00-04:00,5671.25,5671.75,5652.75,5667.75,38777,0.0,0.0
2025-03-18 07:00:00-04:00,5668.0,5672.75,5657.0,5669.75,24697,0.0,0.0
2025-03-18 08:00:00-04:00,5669.25,5670.75,5653.25,5654.5,27416,0.0,0.0
2025-03-18 09:00:00-04:00,5654.5,5659.75,5615.25,5616.75,196861,0.0,0.0
2025-03-18 10:00:00-04:00,5617.0,5629.75,5610.25,5616.75,150087,0.0,0.0
2025-03-18 11:00:00-04:00,5617.0,5618.5,5600.0,5605.0,114967,0.0,0.0
2025-03-18 12:00:00-04:00,5605.5,5627.25,5602.0,5617.5,99177,0.0,0.0
2025-03-18 13:00:00-04:00,5617.5,5624.5,5601.25,5617.5,78371,0.0,0.0
2025-03-18 14:00:00-04:00,5617.5,5631.25,5606.5,5623.0,64617,0.0,0.0
2025-03-18 15:00:00-04:00,5622.75,5626.25,5607.5,5620.25,137978,0.0,0.0
2025-03-18 16:00:00-04:00,5620.25,5627.5,5617.25,5618.25,26211,0.0,0.0
2025-03-18 18:00:00-04:00,5618.5,5622.25,5609.5,5619.25,0,0.0,0.0
2025-03-18 19:00:00-04:00,5619.5,5622.5,5616.0,5621.25,1740,0.0,0.0
2025-03-18 20:00:00-04:00,5621.25,5638.25,5620.0,5634.75,26038,0.0,0.0
2025-03-18 21:00:00-04:00,5634.75,5635.5,5628.75,5630.75,6250,0.0,0.0
2025-03-18 22:00:00-04:00,5630.25,5633.25,5628.0,5628.25,5993,0.0,0.0
2025-03-18 23:00:00-04:00,5628.25,5631.5,5627.0,5629.25,1713,0.0,0.0
2025-03-19 00:00:00-04:00,5626.75,5627.25,5623.25,5624.75,1279,0.0,0.0
2025-03-19 01:00:00-04:00,5624.75,5630.25,5622.25,5624.75,2753,0.0,0.0
2025-03-19 02:00:00-04:00,5625.25,5625.25,5620.0,5624.75,1525,0.0,0.0
2025-03-19 03:00:00-04:00,5624.5,5624.5,5606.25,5610.75,5642,0.0,0.0
2025-03-19 04:00:00-04:00,5610.75,5628.0,5610.0,5622.5,8812,0.0,0.0
2025-03-19 05:00:00-04:00,5622.0,5633.0,5617.25,5631.5,19489,0.0,0.0
2025-03-19 06:00:00-04:00,5631.5,5636.5,5629.0,5631.25,9208,0.0,0.0
2025-03-19 07:00:00-04:00,5631.25,5638.0,5627.25,5633.25,11158,0.0,0.0
2025-03-19 08:00:00-04:00,5633.25,5635.75,5624.25,5629.5,8359,0.0,0.0
2025-03-19 09:00:00-04:00,5629.25,5653.0,5624.75,5648.25,61462,0.0,0.0
2025-03-19 10:00:00-04:00,5648.25,5662.5,5641.75,5643.75,72900,0.0,0.0
2025-03-19 11:00:00-04:00,5643.75,5672.0,5642.25,5667.0,64133,0.0,0.0
2025-03-19 12:00:00-04:00,5666.75,5671.0,5655.5,5658.25,45048,0.0,0.0
2025-03-19 13:00:00-04:00,5658.25,5660.5,5635.5,5640.25,30564,0.0,0.0
2025-03-19 14:00:00-04:00,5639.0,5694.25,5632.0,5691.25,79069,0.0,0.0
2025-03-19 15:00:00-04:00,5691.0,5718.5,5674.75,5679.5,120530,0.0,0.0
2025-03-19 16:00:00-04:00,5679.75,5685.25,5678.0,5678.25,18752,0.0,0.0
2025-03-19 18:00:00-04:00,5680.0,5696.25,5680.0,5692.5,0,0.0,0.0
2025-03-19 19:00:00-04:00,5692.5,5697.0,5690.5,5696.25,1853,0.0,0.0
2025-03-19 20:00:00-04:00,5696.0,5701.0,5692.25,5699.25,1650,0.0,0.0
2025-03-19 21:00:00-04:00,5699.25,5701.25,5694.75,5695.5,1750,0.0,0.0
2025-03-19 22:00:00-04:00,5695.5,5703.25,5695.0,5701.75,2223,0.0,0.0
2025-03-19 23:00:00-04:00,5702.0,5708.25,5702.0,5704.5,1183,0.0,0.0
2025-03-20 00:00:00-04:00,5704.75,5707.0,5702.75,5704.25,1455,0.0,0.0
2025-03-20 01:00:00-04:00,5704.5,5706.5,5703.0,5706.25,925,0.0,0.0
2025-03-20 02:00:00-04:00,5706.0,5707.0,5698.75,5699.25,1908,0.0,0.0
2025-03-20 03:00:00-04:00,5699.25,5704.5,5697.25,5698.25,2586,0.0,0.0
2025-03-20 04:00:00-04:00,5698.25,5706.25,5698.25,5701.75,7093,0.0,0.0
2025-03-20 05:00:00-04:00,5702.25,5702.75,5675.0,5678.5,7025,0.0,0.0
2025-03-20 06:00:00-04:00,5679.0,5679.0,5631.5,5650.0,18958,0.0,0.0
2025-03-20 07:00:00-04:00,5650.25,5661.5,5644.75,5660.0,7836,0.0,0.0
2025-03-20 08:00:00-04:00,5660.0,5661.25,5650.75,5651.25,9540,0.0,0.0
2025-03-20 09:00:00-04:00,5651.25,5675.5,5633.5,5674.25,38189,0.0,0.0
2025-03-20 10:00:00-04:00,5674.25,5714.25,5672.5,5702.25,49300,0.0,0.0
2025-03-20 11:00:00-04:00,5702.5,5707.5,5685.0,5689.75,29852,0.0,0.0
2025-03-20 12:00:00-04:00,5689.75,5702.5,5664.25,5667.0,45824,0.0,0.0
2025-03-20 13:00:00-04:00,5667.0,5680.5,5655.0,5660.0,31064,0.0,0.0
2025-03-20 14:00:00-04:00,5660.0,5671.75,5645.25,5652.5,33982,0.0,0.0
2025-03-20 15:00:00-04:00,5651.75,5674.25,5651.25,5664.25,41701,0.0,0.0
2025-03-20 16:00:00-04:00,5664.25,5669.75,5662.75,5666.5,11625,0.0,0.0
2025-03-20 18:00:00-04:00,5664.0,5670.25,5663.75,5665.25,0,0.0,0.0
2025-03-20 19:00:00-04:00,5665.25,5665.75,5657.0,5665.0,1404,0.0,0.0
2025-03-20 20:00:00-04:00,5664.75,5673.25,5663.75,5670.0,721,0.0,0.0
2025-03-20 21:00:00-04:00,5670.75,5674.25,5666.5,5673.0,527,0.0,0.0
2025-03-20 22:00:00-04:00,5672.5,5673.0,5666.25,5669.25,358,0.0,0.0
2025-03-20 23:00:00-04:00,5668.75,5668.75,5662.25,5665.25,489,0.0,0.0
2025-03-21 00:00:00-04:00,5667.0,5667.25,5659.75,5660.75,547,0.0,0.0
2025-03-21 01:00:00-04:00,5660.75,5661.0,5650.0,5655.5,313,0.0,0.0
2025-03-21 02:00:00-04:00,5655.0,5666.5,5654.75,5666.0,487,0.0,0.0
2025-03-21 03:00:00-04:00,5666.25,5666.5,5648.5,5653.25,705,0.0,0.0
2025-03-21 04:00:00-04:00,5653.0,5661.5,5635.0,5642.5,2182,0.0,0.0
2025-03-21 05:00:00-04:00,5642.25,5647.25,5635.75,5643.75,1323,0.0,0.0
2025-03-21 06:00:00-04:00,5644.5,5655.25,5639.5,5646.5,1495,0.0,0.0
2025-03-21 07:00:00-04:00,5646.75,5651.75,5642.75,5644.25,3546,0.0,0.0
2025-03-21 08:00:00-04:00,5644.25,5653.0,5614.75,5616.0,9750,0.0,0.0
2025-03-21 09:00:00-04:00,5615.5,5616.5,5597.5,5615.0,9878,0.0,0.0
2025-03-21 16:00:00-04:00,5720.0,5720.0,5720.0,5720.0,0,0.0,0.0
2025-03-23 18:00:00-04:00,5740.0,5754.5,5739.0,5743.0,25392,0.0,0.0
2025-03-23 19:00:00-04:00,5742.75,5753.5,5741.0,5752.5,8904,0.0,0.0
2025-03-23 20:00:00-04:00,5752.5,5757.25,5750.75,5755.5,17325,0.0,0.0
2025-03-23 21:00:00-04:00,5755.5,5756.75,5751.75,5754.75,8276,0.0,0.0
2025-03-23 22:00:00-04:00,5754.25,5756.25,5751.75,5755.5,4415,0.0,0.0
2025-03-23 23:00:00-04:00,5755.5,5757.5,5753.0,5754.25,5044,0.0,0.0
2025-03-24 00:00:00-04:00,5754.0,5755.25,5752.25,5754.5,2361,0.0,0.0
2025-03-24 01:00:00-04:00,5754.75,5757.75,5754.75,5755.75,3069,0.0,0.0
2025-03-24 02:00:00-04:00,5755.75,5764.75,5755.0,5764.0,6363,0.0,0.0
2025-03-24 03:00:00-04:00,5763.75,5769.25,5763.25,5766.0,10544,0.0,0.0
2025-03-24 04:00:00-04:00,5765.5,5778.75,5765.0,5776.25,24418,0.0,0.0
2025-03-24 05:00:00-04:00,5776.25,5780.5,5769.5,5772.5,23041,0.0,0.0
2025-03-24 06:00:00-04:00,5772.25,5782.0,5770.75,5779.75,14387,0.0,0.0
2025-03-24 07:00:00-04:00,5779.5,5787.25,5778.0,5784.0,31273,0.0,0.0
2025-03-24 08:00:00-04:00,5783.75,5788.0,5780.5,5786.5,24882,0.0,0.0
2025-03-24 09:00:00-04:00,5786.5,5804.5,5776.0,5802.0,157318,0.0,0.0
2025-03-24 10:00:00-04:00,5802.0,5811.5,5794.5,5810.5,177113,0.0,0.0
2025-03-24 11:00:00-04:00,5810.5,5815.0,5805.5,5814.0,111968,0.0,0.0
2025-03-24 12:00:00-04:00,5813.75,5819.25,5802.5,5805.75,149820,0.0,0.0
2025-03-24 13:00:00-04:00,5806.0,5808.75,5798.5,5805.75,106517,0.0,0.0
2025-03-24 14:00:00-04:00,5805.75,5811.25,5795.0,5811.0,150958,0.0,0.0
2025-03-24 15:00:00-04:00,5811.0,5825.5,5809.25,5813.5,220383,0.0,0.0
2025-03-24 16:00:00-04:00,5813.75,5819.75,5812.75,5813.0,56000,0.0,0.0
2025-03-24 18:00:00-04:00,5813.0,5815.25,5809.25,5810.25,0,0.0,0.0
2025-03-24 19:00:00-04:00,5810.25,5814.25,5809.25,5811.5,3899,0.0,0.0
2025-03-24 20:00:00-04:00,5811.75,5814.75,5806.75,5814.25,13317,0.0,0.0
2025-03-24 21:00:00-04:00,5814.0,5816.0,5812.25,5813.25,7283,0.0,0.0
2025-03-24 22:00:00-04:00,5813.25,5813.25,5807.75,5809.5,5522,0.0,0.0
2025-03-24 23:00:00-04:00,5809.75,5810.75,5806.25,5807.0,3531,0.0,0.0
2025-03-25 00:00:00-04:00,5806.5,5807.5,5805.75,5806.5,2500,0.0,0.0
2025-03-25 01:00:00-04:00,5806.25,5808.0,5805.5,5807.0,2211,0.0,0.0
2025-03-25 02:00:00-04:00,5807.25,5808.75,5804.25,5808.75,3492,0.0,0.0
2025-03-25 03:00:00-04:00,5808.5,5813.75,5806.25,5806.5,8316,0.0,0.0
2025-03-25 04:00:00-04:00,5806.5,5809.25,5802.25,5805.75,17772,0.0,0.0
2025-03-25 05:00:00-04:00,5805.75,5811.5,5802.75,5811.25,12836,0.0,0.0
2025-03-25 06:00:00-04:00,5811.25,5819.25,5805.5,5818.5,16650,0.0,0.0
2025-03-25 07:00:00-04:00,5818.25,5829.5,5814.75,5828.75,28930,0.0,0.0
2025-03-25 08:00:00-04:00,5828.5,5834.0,5826.0,5827.0,23198,0.0,0.0
2025-03-25 09:00:00-04:00,5827.0,5832.75,5812.75,5819.75,121854,0.0,0.0
2025-03-25 10:00:00-04:00,5819.75,5837.25,5812.25,5832.75,154255,0.0,0.0
2025-03-25 11:00:00-04:00,5832.5,5835.0,5818.0,5820.25,93644,0.0,0.0
2025-03-25 12:00:00-04:00,5820.25,5823.75,5814.5,5822.25,87261,0.0,0.0
2025-03-25 13:00:00-04:00,5822.25,5828.25,5812.75,5813.75,89788,0.0,0.0
2025-03-25 14:00:00-04:00,5813.75,5822.25,5809.5,5811.75,97080,0.0,0.0
2025-03-25 15:00:00-04:00,5811.75,5828.5,5811.25,5826.25,181549,0.0,0.0
2025-03-25 16:00:00-04:00,5826.0,5832.25,5826.0,5832.0,38099,0.0,0.0
2025-03-25 18:00:00-04:00,5831.0,5835.0,5828.75,5830.25,0,0.0,0.0
2025-03-25 19:00:00-04:00,5830.25,5834.75,5830.0,5832.75,3125,0.0,0.0
2025-03-25 20:00:00-04:00,5832.5,5836.5,5830.25,5834.25,5557,0.0,0.0
2025-03-25 21:00:00-04:00,5834.25,5834.25,5830.0,5831.0,4836,0.0,0.0
2025-03-25 22:00:00-04:00,5830.75,5831.5,5823.5,5827.5,7393,0.0,0.0
2025-03-25 23:00:00-04:00,5827.5,5828.0,5823.0,5825.25,3683,0.0,0.0
2025-03-26 00:00:00-04:00,5825.0,5826.25,5824.0,5826.0,2071,0.0,0.0
2025-03-26 01:00:00-04:00,5826.0,5828.0,5819.0,5819.5,3520,0.0,0.0
2025-03-26 02:00:00-04:00,5819.5,5822.25,5817.25,5821.75,5046,0.0,0.0
2025-03-26 03:00:00-04:00,5821.75,5828.0,5821.5,5823.25,5721,0.0,0.0
2025-03-26 04:00:00-04:00,5823.5,5825.25,5816.25,5818.5,15124,0.0,0.0
2025-03-26 05:00:00-04:00,5818.75,5822.25,5814.75,5814.75,13367,0.0,0.0
2025-03-26 06:00:00-04:00,5814.5,5825.5,5813.75,5825.25,16442,0.0,0.0
2025-03-26 07:00:00-04:00,5825.25,5830.75,5822.25,5828.75,13052,0.0,0.0
2025-03-26 08:00:00-04:00,5828.5,5831.5,5822.25,5829.5,21675,0.0,0.0
2025-03-26 09:00:00-04:00,5829.5,5834.5,5805.5,5808.5,155311,0.0,0.0
2025-03-26 10:00:00-04:00,5808.5,5817.25,5797.0,5806.25,218906,0.0,0.0
2025-03-26 11:00:00-04:00,5806.5,5810.5,5772.5,5778.0,183570,0.0,0.0
2025-03-26 12:00:00-04:00,5778.25,5785.5,5764.0,5765.75,166326,0.0,0.0
2025-03-26 13:00:00-04:00,5765.75,5773.5,5750.5,5751.5,162472,0.0,0.0
2025-03-26 14:00:00-04:00,5751.5,5766.25,5743.0,5745.25,119838,0.0,0.0
2025-03-26 15:00:00-04:00,5745.25,5767.25,5743.25,5758.25,230813,0.0,0.0
2025-03-26 16:00:00-04:00,5758.25,5760.5,5751.5,5754.75,51268,0.0,0.0
2025-03-26 18:00:00-04:00,5737.25,5752.75,5730.0,5737.75,0,0.0,0.0
2025-03-26 19:00:00-04:00,5737.75,5749.5,5735.5,5747.25,7370,0.0,0.0
2025-03-26 20:00:00-04:00,5747.25,5754.75,5745.0,5750.25,10496,0.0,0.0
2025-03-26 21:00:00-04:00,5750.5,5755.0,5749.25,5753.75,8434,0.0,0.0
2025-03-26 22:00:00-04:00,5753.75,5762.5,5753.5,5761.25,7377,0.0,0.0
2025-03-26 23:00:00-04:00,5761.25,5768.25,5761.0,5766.75,5908,0.0,0.0
2025-03-27 00:00:00-04:00,5769.0,5769.5,5765.5,5768.0,5051,0.0,0.0
2025-03-27 01:00:00-04:00,5767.75,5771.75,5764.0,5764.25,7093,0.0,0.0
2025-03-27 02:00:00-04:00,5764.5,5772.75,5763.25,5764.5,10064,0.0,0.0
2025-03-27 03:00:00-04:00,5764.5,5766.75,5754.25,5755.25,13034,0.0,0.0
2025-03-27 04:00:00-04:00,5755.5,5764.75,5743.0,5764.0,24731,0.0,0.0
2025-03-27 05:00:00-04:00,5764.25,5767.75,5759.0,5765.5,13560,0.0,0.0
2025-03-27 06:00:00-04:00,5765.5,5770.0,5753.5,5753.75,11855,0.0,0.0
2025-03-27 07:00:00-04:00,5754.0,5760.25,5744.75,5757.75,20024,0.0,0.0
2025-03-27 08:00:00-04:00,5757.5,5761.0,5749.25,5752.0,31761,0.0,0.0
2025-03-27 09:00:00-04:00,5752.0,5755.25,5720.0,5754.0,199728,0.0,0.0
2025-03-27 10:00:00-04:00,5753.75,5778.75,5745.75,5778.75,207108,0.0,0.0
2025-03-27 11:00:00-04:00,5778.75,5779.75,5749.0,5750.25,160906,0.0,0.0
2025-03-27 12:00:00-04:00,5750.25,5770.0,5736.25,5736.75,156447,0.0,0.0
2025-03-27 13:00:00-04:00,5736.75,5752.5,5733.75,5737.0,133917,0.0,0.0
2025-03-27 14:00:00-04:00,5737.0,5762.75,5736.0,5746.25,140149,0.0,0.0
2025-03-27 15:00:00-04:00,5746.0,5771.25,5737.5,5740.5,260974,0.0,0.0
2025-03-27 16:00:00-04:00,5740.5,5745.75,5739.5,5741.25,51678,0.0,0.0
2025-03-27 18:00:00-04:00,5741.75,5744.75,5738.75,5739.75,0,0.0,0.0
2025-03-27 19:00:00-04:00,5739.75,5740.75,5731.75,5736.0,4970,0.0,0.0
2025-03-27 20:00:00-04:00,5736.0,5741.75,5727.75,5741.0,8337,0.0,0.0
2025-03-27 21:00:00-04:00,5741.0,5743.5,5737.25,5738.0,6789,0.0,0.0
2025-03-27 22:00:00-04:00,5738.25,5745.25,5737.5,5742.5,5000,0.0,0.0
2025-03-27 23:00:00-04:00,5742.5,5744.75,5739.75,5744.75,4079,0.0,0.0
2025-03-28 00:00:00-04:00,5741.5,5743.75,5740.0,5743.5,3934,0.0,0.0
2025-03-28 01:00:00-04:00,5743.75,5745.5,5739.75,5742.5,5234,0.0,0.0
2025-03-28 02:00:00-04:00,5742.25,5747.75,5729.5,5730.0,7798,0.0,0.0
2025-03-28 03:00:00-04:00,5730.25,5733.0,5711.5,5712.75,21781,0.0,0.0
2025-03-28 04:00:00-04:00,5712.5,5727.5,5712.25,5725.75,23168,0.0,0.0
2025-03-28 05:00:00-04:00,5725.75,5730.25,5721.75,5724.5,16040,0.0,0.0
2025-03-28 06:00:00-04:00,5724.75,5739.75,5724.5,5735.0,15595,0.0,0.0
2025-03-28 07:00:00-04:00,5735.0,5736.75,5725.75,5733.0,12080,0.0,0.0
2025-03-28 08:00:00-04:00,5733.25,5735.25,5712.0,5712.0,38557,0.0,0.0
2025-03-28 09:00:00-04:00,5712.25,5734.75,5705.5,5707.25,201848,0.0,0.0
2025-03-28 10:00:00-04:00,5707.5,5711.25,5649.5,5655.5,350099,0.0,0.0
2025-03-28 11:00:00-04:00,5655.5,5665.0,5644.5,5646.25,226596,0.0,0.0
2025-03-28 12:00:00-04:00,5646.25,5655.0,5631.0,5632.0,170758,0.0,0.0
2025-03-28 13:00:00-04:00,5632.0,5633.0,5618.75,5630.75,174057,0.0,0.0
2025-03-28 14:00:00-04:00,5630.75,5636.5,5619.75,5628.75,143085,0.0,0.0
2025-03-28 15:00:00-04:00,5628.75,5634.25,5617.25,5624.5,295029,0.0,0.0
2025-03-28 16:00:00-04:00,5624.5,5625.25,5602.25,5602.5,85426,0.0,0.0
2025-03-30 18:00:00-04:00,5590.0,5600.0,5580.25,5594.25,22300,0.0,0.0
2025-03-30 19:00:00-04:00,5594.5,5594.75,5581.75,5593.0,17130,0.0,0.0
2025-03-30 20:00:00-04:00,5592.75,5593.75,5574.25,5580.5,23879,0.0,0.0
2025-03-30 21:00:00-04:00,5580.75,5592.25,5580.5,5585.0,14562,0.0,0.0
2025-03-30 22:00:00-04:00,5585.5,5591.25,5579.0,5582.5,9310,0.0,0.0
2025-03-30 23:00:00-04:00,5582.75,5583.75,5574.25,5578.25,7637,0.0,0.0
2025-03-31 00:00:00-04:00,5579.5,5589.0,5577.75,5587.25,7645,0.0,0.0
2025-03-31 01:00:00-04:00,5587.0,5591.75,5582.75,5585.75,9604,0.0,0.0
2025-03-31 02:00:00-04:00,5585.5,5588.0,5576.25,5581.75,13367,0.0,0.0
2025-03-31 03:00:00-04:00,5581.0,5589.75,5572.5,5587.5,26615,0.0,0.0
2025-03-31 04:00:00-04:00,5587.5,5591.5,5572.25,5573.0,27325,0.0,0.0
2025-03-31 05:00:00-04:00,5573.0,5576.5,5562.5,5569.0,30231,0.0,0.0
2025-03-31 06:00:00-04:00,5569.0,5576.5,5566.0,5572.5,16325,0.0,0.0
2025-03-31 07:00:00-04:00,5572.75,5575.75,5552.0,5562.75,33487,0.0,0.0
2025-03-31 08:00:00-04:00,5563.0,5575.0,5557.25,5574.25,36657,0.0,0.0
2025-03-31 09:00:00-04:00,5574.25,5577.5,5533.75,5562.5,263495,0.0,0.0
2025-03-31 10:00:00-04:00,5562.75,5585.5,5559.25,5581.75,264498,0.0,0.0
2025-03-31 11:00:00-04:00,5581.75,5606.75,5577.75,5598.5,209953,0.0,0.0
2025-03-31 12:00:00-04:00,5598.5,5611.75,5584.5,5598.5,155166,0.0,0.0
2025-03-31 13:00:00-04:00,5598.75,5617.25,5592.25,5596.75,134528,0.0,0.0
2025-03-31 14:00:00-04:00,5596.75,5645.0,5595.25,5629.25,214446,0.0,0.0
2025-03-31 15:00:00-04:00,5629.25,5672.75,5628.75,5656.25,463166,0.0,0.0
2025-03-31 16:00:00-04:00,5656.25,5657.5,5640.75,5644.5,90762,0.0,0.0
2025-03-31 18:00:00-04:00,5644.25,5645.5,5625.75,5639.0,0,0.0,0.0
2025-03-31 19:00:00-04:00,5639.0,5645.75,5631.5,5635.75,10760,0.0,0.0
2025-03-31 20:00:00-04:00,5635.5,5635.75,5620.25,5626.25,14455,0.0,0.0
2025-03-31 21:00:00-04:00,5626.0,5632.25,5619.25,5631.0,10846,0.0,0.0
2025-03-31 22:00:00-04:00,5631.0,5640.75,5629.25,5640.5,8569,0.0,0.0
2025-03-31 23:00:00-04:00,5640.5,5642.0,5632.5,5634.75,6668,0.0,0.0
2025-04-01 00:00:00-04:00,5631.25,5634.5,5630.25,5634.0,5332,0.0,0.0
2025-04-01 01:00:00-04:00,5634.0,5642.0,5632.5,5633.5,8046,0.0,0.0
2025-04-01 02:00:00-04:00,5633.25,5650.75,5631.5,5649.75,11772,0.0,0.0
2025-04-01 03:00:00-04:00,5650.0,5661.5,5638.25,5639.5,23271,0.0,0.0
2025-04-01 04:00:00-04:00,5640.0,5654.5,5636.75,5653.75,19629,0.0,0.0
2025-04-01 05:00:00-04:00,5653.75,5663.5,5652.0,5659.5,15651,0.0,0.0
2025-04-01 06:00:00-04:00,5659.5,5660.5,5623.25,5638.25,39909,0.0,0.0
2025-04-01 07:00:00-04:00,5638.5,5639.25,5618.0,5626.5,28601,0.0,0.0
2025-04-01 08:00:00-04:00,5626.5,5637.25,5621.5,5634.75,39760,0.0,0.0
2025-04-01 09:00:00-04:00,5635.0,5650.0,5623.0,5636.5,184980,0.0,0.0
2025-04-01 10:00:00-04:00,5637.0,5662.75,5600.25,5661.5,311316,0.0,0.0
2025-04-01 11:00:00-04:00,5661.5,5683.5,5658.0,5680.75,226531,0.0,0.0
2025-04-01 12:00:00-04:00,5681.0,5694.75,5658.0,5671.75,192261,0.0,0.0
2025-04-01 13:00:00-04:00,5671.75,5676.5,5653.5,5654.25,124209,0.0,0.0
2025-04-01 14:00:00-04:00,5654.5,5656.25,5625.75,5641.0,163258,0.0,0.0
2025-04-01 15:00:00-04:00,5640.75,5679.75,5638.5,5674.75,281782,0.0,0.0
2025-04-01 16:00:00-04:00,5674.75,5679.5,5666.25,5672.25,66467,0.0,0.0
2025-04-01 18:00:00-04:00,5672.0,5695.75,5671.5,5683.0,0,0.0,0.0
2025-04-01 19:00:00-04:00,5683.0,5687.75,5680.0,5682.75,5308,0.0,0.0
2025-04-01 20:00:00-04:00,5682.75,5683.25,5662.5,5665.5,15720,0.0,0.0
2025-04-01 21:00:00-04:00,5665.5,5672.25,5663.5,5670.0,5351,0.0,0.0
2025-04-01 22:00:00-04:00,5670.25,5671.0,5666.0,5668.25,4424,0.0,0.0
2025-04-01 23:00:00-04:00,5668.0,5669.5,5664.5,5666.0,4650,0.0,0.0
2025-04-02 00:00:00-04:00,5665.75,5668.75,5664.5,5668.75,3739,0.0,0.0
2025-04-02 01:00:00-04:00,5668.75,5669.25,5661.25,5663.5,5853,0.0,0.0
2025-04-02 02:00:00-04:00,5663.5,5673.0,5661.0,5665.75,8692,0.0,0.0
2025-04-02 03:00:00-04:00,5666.0,5671.75,5656.0,5659.5,17458,0.0,0.0
2025-04-02 04:00:00-04:00,5659.5,5666.25,5652.25,5657.25,14286,0.0,0.0
2025-04-02 05:00:00-04:00,5657.25,5663.25,5653.25,5654.5,8989,0.0,0.0
2025-04-02 06:00:00-04:00,5654.5,5656.0,5639.5,5643.0,27284,0.0,0.0
2025-04-02 07:00:00-04:00,5643.0,5645.75,5633.75,5635.0,23476,0.0,0.0
2025-04-02 08:00:00-04:00,5635.0,5635.75,5612.0,5624.5,64579,0.0,0.0
2025-04-02 09:00:00-04:00,5624.5,5661.5,5610.75,5651.25,216139,0.0,0.0
2025-04-02 10:00:00-04:00,5650.75,5687.25,5646.5,5685.25,228042,0.0,0.0
2025-04-02 11:00:00-04:00,5685.25,5702.25,5673.0,5687.25,217776,0.0,0.0
2025-04-02 12:00:00-04:00,5687.5,5725.5,5685.25,5721.5,170420,0.0,0.0
2025-04-02 13:00:00-04:00,5721.75,5739.25,5696.75,5705.5,208779,0.0,0.0
2025-04-02 14:00:00-04:00,5705.5,5709.25,5673.75,5675.75,189408,0.0,0.0
2025-04-02 15:00:00-04:00,5675.75,5721.25,5675.5,5710.0,245891,0.0,0.0
2025-04-02 16:00:00-04:00,5710.0,5773.25,5566.25,5584.5,289042,0.0,0.0
2025-04-02 18:00:00-04:00,5550.5,5550.5,5481.0,5528.0,0,0.0,0.0
2025-04-02 19:00:00-04:00,5528.0,5528.5,5498.25,5512.0,26998,0.0,0.0
2025-04-02 20:00:00-04:00,5512.25,5557.75,5512.25,5531.75,38014,0.0,0.0
2025-04-02 21:00:00-04:00,5532.0,5564.5,5531.5,5551.5,25174,0.0,0.0
2025-04-02 22:00:00-04:00,5551.75,5563.75,5545.25,5562.75,17712,0.0,0.0
2025-04-02 23:00:00-04:00,5563.0,5564.25,5546.0,5553.25,11355,0.0,0.0
2025-04-03 00:00:00-04:00,5559.25,5564.75,5550.5,5556.25,12877,0.0,0.0
2025-04-03 01:00:00-04:00,5556.5,5562.0,5536.0,5537.25,15327,0.0,0.0
2025-04-03 02:00:00-04:00,5537.5,5548.25,5527.5,5529.25,25922,0.0,0.0
2025-04-03 03:00:00-04:00,5529.0,5548.0,5523.5,5542.75,32431,0.0,0.0
2025-04-03 04:00:00-04:00,5542.0,5558.25,5536.25,5551.5,24192,0.0,0.0
2025-04-03 05:00:00-04:00,5551.0,5556.5,5522.5,5525.5,21413,0.0,0.0
2025-04-03 06:00:00-04:00,5526.0,5530.0,5503.25,5516.5,36070,0.0,0.0
2025-04-03 07:00:00-04:00,5517.0,5529.5,5508.25,5520.5,39700,0.0,0.0
2025-04-03 08:00:00-04:00,5520.0,5537.75,5495.5,5497.25,65580,0.0,0.0
2025-04-03 09:00:00-04:00,5497.0,5540.5,5491.25,5508.75,271287,0.0,0.0
2025-04-03 10:00:00-04:00,5508.5,5512.5,5460.25,5461.25,338273,0.0,0.0
2025-04-03 11:00:00-04:00,5461.0,5504.75,5455.0,5495.25,286153,0.0,0.0
2025-04-03 12:00:00-04:00,5495.0,5524.5,5490.25,5494.75,198398,0.0,0.0
2025-04-03 13:00:00-04:00,5494.75,5504.25,5477.5,5478.5,135500,0.0,0.0
2025-04-03 14:00:00-04:00,5478.5,5485.25,5458.75,5478.0,165687,0.0,0.0
2025-04-03 15:00:00-04:00,5478.0,5479.75,5428.5,5436.25,379644,0.0,0.0
2025-04-03 16:00:00-04:00,5436.25,5438.5,5415.25,5421.0,104150,0.0,0.0
2025-04-03 18:00:00-04:00,5423.0,5432.0,5407.5,5420.25,0,0.0,0.0
2025-04-03 19:00:00-04:00,5420.75,5429.5,5412.5,5422.25,11675,0.0,0.0
2025-04-03 20:00:00-04:00,5422.5,5435.0,5416.5,5423.5,13756,0.0,0.0
2025-04-03 21:00:00-04:00,5423.5,5429.25,5413.0,5414.25,13655,0.0,0.0
2025-04-03 22:00:00-04:00,5414.5,5425.0,5414.0,5414.75,11277,0.0,0.0
2025-04-03 23:00:00-04:00,5414.75,5415.5,5390.75,5401.0,22856,0.0,0.0
2025-04-04 00:00:00-04:00,5399.0,5404.25,5383.0,5385.25,12656,0.0,0.0
2025-04-04 01:00:00-04:00,5385.25,5421.75,5380.5,5421.25,22101,0.0,0.0
2025-04-04 02:00:00-04:00,5421.0,5430.0,5407.25,5407.5,22123,0.0,0.0
2025-04-04 03:00:00-04:00,5407.5,5415.0,5397.0,5399.25,41589,0.0,0.0
2025-04-04 04:00:00-04:00,5399.0,5408.25,5386.75,5391.25,42529,0.0,0.0
2025-04-04 05:00:00-04:00,5391.5,5395.75,5375.0,5388.75,39651,0.0,0.0
2025-04-04 06:00:00-04:00,5388.75,5395.25,5261.25,5273.5,213799,0.0,0.0
2025-04-04 07:00:00-04:00,5273.5,5291.75,5210.5,5284.25,153064,0.0,0.0
2025-04-04 08:00:00-04:00,5284.25,5313.0,5256.25,5303.5,148116,0.0,0.0
2025-04-04 09:00:00-04:00,5304.0,5322.0,5246.0,5287.0,344261,0.0,0.0
2025-04-04 10:00:00-04:00,5287.0,5288.0,5153.5,5208.5,456121,0.0,0.0
2025-04-04 11:00:00-04:00,5208.25,5280.75,5192.25,5203.25,432027,0.0,0.0
2025-04-04 12:00:00-04:00,5203.5,5228.5,5161.75,5174.0,255542,0.0,0.0
2025-04-04 13:00:00-04:00,5174.25,5200.0,5136.0,5199.25,249588,0.0,0.0
2025-04-04 14:00:00-04:00,5199.75,5212.25,5107.5,5130.25,254276,0.0,0.0
2025-04-04 15:00:00-04:00,5130.5,5192.75,5103.0,5108.5,512645,0.0,0.0
2025-04-04 16:00:00-04:00,5108.75,5116.5,5074.0,5096.75,161770,0.0,0.0
2025-04-06 18:00:00-04:00,5007.0,5007.0,4832.0,4893.25,98305,0.0,0.0
2025-04-06 19:00:00-04:00,4893.0,4930.0,4851.75,4913.75,55951,0.0,0.0
2025-04-06 20:00:00-04:00,4914.25,4935.0,4871.0,4934.0,56397,0.0,0.0
2025-04-06 21:00:00-04:00,4933.75,4995.5,4925.5,4987.75,54512,0.0,0.0
2025-04-06 22:00:00-04:00,4987.5,4992.75,4953.5,4964.5,30159,0.0,0.0
2025-04-06 23:00:00-04:00,4964.5,4967.25,4922.5,4931.0,29788,0.0,0.0
2025-04-07 00:00:00-04:00,4935.5,4951.25,4903.25,4926.75,28183,0.0,0.0
2025-04-07 01:00:00-04:00,4927.75,4968.75,4912.25,4927.0,33470,0.0,0.0
2025-04-07 02:00:00-04:00,4926.75,4947.25,4855.0,4863.0,56128,0.0,0.0
2025-04-07 03:00:00-04:00,4863.0,4891.75,4842.5,4880.5,80876,0.0,0.0
2025-04-07 04:00:00-04:00,4880.5,4956.5,4877.25,4926.5,86135,0.0,0.0
2025-04-07 05:00:00-04:00,4926.25,4958.0,4895.0,4936.25,56247,0.0,0.0
2025-04-07 06:00:00-04:00,4936.5,5040.0,4926.25,4997.75,112484,0.0,0.0
2025-04-07 07:00:00-04:00,4997.25,5037.5,4971.0,4985.75,81862,0.0,0.0
2025-04-07 08:00:00-04:00,4985.75,5028.0,4955.0,5012.25,131494,0.0,0.0
2025-04-07 09:00:00-04:00,5012.5,5015.25,4867.0,5007.25,386159,0.0,0.0
2025-04-07 10:00:00-04:00,5007.75,5286.5,4983.75,5110.75,752557,0.0,0.0
2025-04-07 11:00:00-04:00,5110.5,5150.0,4975.0,5046.0,313499,0.0,0.0
2025-04-07 12:00:00-04:00,5045.25,5068.75,4996.75,5007.25,178195,0.0,0.0
2025-04-07 13:00:00-04:00,5007.25,5145.75,5006.25,5143.0,246572,0.0,0.0
2025-04-07 14:00:00-04:00,5143.25,5158.0,5075.5,5084.0,187920,0.0,0.0
2025-04-07 15:00:00-04:00,5084.25,5119.5,5052.75,5099.0,352133,0.0,0.0
2025-04-07 16:00:00-04:00,5099.0,5145.75,5091.0,5118.0,92784,0.0,0.0
2025-04-07 18:00:00-04:00,5126.5,5144.0,5115.0,5143.75,0,0.0,0.0
2025-04-07 19:00:00-04:00,5143.75,5156.75,5139.0,5148.25,17081,0.0,0.0
2025-04-07 20:00:00-04:00,5148.0,5174.0,5136.75,5140.5,26264,0.0,0.0
2025-04-07 21:00:00-04:00,5140.75,5187.0,5126.0,5185.25,34592,0.0,0.0
2025-04-07 22:00:00-04:00,5184.5,5187.0,5172.25,5178.5,15875,0.0,0.0
2025-04-07 23:00:00-04:00,5178.5,5182.75,5161.75,5169.5,12529,0.0,0.0
2025-04-08 00:00:00-04:00,5167.5,5171.5,5150.0,5166.0,11149,0.0,0.0
2025-04-08 01:00:00-04:00,5165.75,5167.0,5141.5,5163.25,11797,0.0,0.0
2025-04-08 02:00:00-04:00,5163.0,5176.75,5151.75,5171.75,21393,0.0,0.0
2025-04-08 03:00:00-04:00,5171.5,5191.5,5161.75,5187.0,41103,0.0,0.0
2025-04-08 04:00:00-04:00,5187.0,5188.75,5152.25,5181.0,30919,0.0,0.0
2025-04-08 05:00:00-04:00,5180.5,5183.75,5157.75,5159.5,20838,0.0,0.0
2025-04-08 06:00:00-04:00,5159.25,5181.5,5151.75,5170.25,23237,0.0,0.0
2025-04-08 07:00:00-04:00,5170.5,5238.0,5163.25,5235.25,72202,0.0,0.0
2025-04-08 08:00:00-04:00,5235.0,5248.0,5211.5,5223.5,64268,0.0,0.0
2025-04-08 09:00:00-04:00,5223.0,5287.0,5217.75,5280.0,266359,0.0,0.0
2025-04-08 10:00:00-04:00,5280.25,5305.25,5231.75,5231.75,252025,0.0,0.0
2025-04-08 11:00:00-04:00,5232.25,5246.75,5192.75,5220.75,224844,0.0,0.0
2025-04-08 12:00:00-04:00,5220.75,5226.25,5121.5,5123.75,248058,0.0,0.0
2025-04-08 13:00:00-04:00,5123.25,5142.75,5071.25,5118.75,252243,0.0,0.0
2025-04-08 14:00:00-04:00,5118.75,5129.25,5064.5,5067.5,178915,0.0,0.0
2025-04-08 15:00:00-04:00,5067.5,5072.25,4940.5,5017.5,399927,0.0,0.0
2025-04-08 16:00:00-04:00,5017.5,5037.5,4989.5,5012.0,90553,0.0,0.0
2025-04-08 17:00:00-04:00,5012.25,5012.25,5012.25,5012.25,3,0.0,0.0
2025-04-08 18:00:00-04:00,5006.25,5014.5,4948.75,4975.75,0,0.0,0.0
2025-04-08 19:00:00-04:00,4975.5,4975.5,4927.25,4956.75,29483,0.0,0.0
2025-04-08 20:00:00-04:00,4956.5,4957.25,4920.0,4931.75,33622,0.0,0.0
2025-04-08 21:00:00-04:00,4931.75,4993.0,4912.25,4980.0,32920,0.0,0.0
2025-04-08 22:00:00-04:00,4980.75,4999.5,4957.0,4961.5,24016,0.0,0.0
2025-04-08 23:00:00-04:00,4961.75,4971.5,4920.75,4923.75,18678,0.0,0.0
2025-04-09 00:00:00-04:00,4920.0,4933.0,4885.0,4902.5,33376,0.0,0.0
2025-04-09 01:00:00-04:00,4903.0,4916.75,4871.75,4914.75,23690,0.0,0.0
2025-04-09 02:00:00-04:00,4915.0,4968.75,4914.0,4951.0,42382,0.0,0.0
2025-04-09 03:00:00-04:00,4950.75,5057.25,4947.5,5034.0,75142,0.0,0.0
2025-04-09 04:00:00-04:00,5033.75,5050.0,4971.0,5029.5,42324,0.0,0.0
2025-04-09 05:00:00-04:00,5029.0,5041.5,4995.0,5005.5,29133,0.0,0.0
2025-04-09 06:00:00-04:00,5005.5,5032.75,4967.75,4995.75,33851,0.0,0.0
2025-04-09 07:00:00-04:00,4995.75,4998.75,4901.75,4925.75,92923,0.0,0.0
2025-04-09 08:00:00-04:00,4926.25,4990.0,4909.25,4962.75,76172,0.0,0.0
2025-04-09 09:00:00-04:00,4962.5,5070.5,4962.5,5048.25,243620,0.0,0.0
2025-04-09 10:00:00-04:00,5048.25,5087.25,4980.0,4981.5,218003,0.0,0.0
2025-04-09 11:00:00-04:00,4981.5,5047.5,4980.0,5009.25,153846,0.0,0.0
2025-04-09 12:00:00-04:00,5009.0,5076.75,4997.0,5062.75,118132,0.0,0.0
2025-04-09 13:00:00-04:00,5062.75,5420.5,5025.0,5403.5,578147,0.0,0.0
2025-04-09 14:00:00-04:00,5403.5,5454.25,5360.5,5364.25,357529,0.0,0.0
2025-04-09 15:00:00-04:00,5364.25,5520.0,5352.0,5490.5,452095,0.0,0.0
2025-04-09 16:00:00-04:00,5489.75,5517.75,5480.0,5513.5,137707,0.0,0.0
2025-04-09 18:00:00-04:00,5502.5,5519.75,5490.0,5519.5,0,0.0,0.0
2025-04-09 19:00:00-04:00,5519.25,5528.75,5509.0,5514.75,16176,0.0,0.0
2025-04-09 20:00:00-04:00,5514.25,5518.0,5475.5,5496.5,26901,0.0,0.0
2025-04-09 21:00:00-04:00,5496.25,5506.75,5464.25,5475.75,23746,0.0,0.0
2025-04-09 22:00:00-04:00,5475.75,5483.0,5465.0,5465.5,13833,0.0,0.0
2025-04-09 23:00:00-04:00,5465.25,5470.0,5444.5,5454.5,15763,0.0,0.0
2025-04-10 00:00:00-04:00,5447.25,5457.0,5441.0,5451.0,11666,0.0,0.0
2025-04-10 01:00:00-04:00,5451.25,5472.0,5442.25,5471.25,14042,0.0,0.0
2025-04-10 02:00:00-04:00,5471.5,5476.75,5450.25,5467.25,28114,0.0,0.0
2025-04-10 03:00:00-04:00,5467.5,5487.75,5390.25,5401.0,60400,0.0,0.0
2025-04-10 04:00:00-04:00,5401.25,5415.25,5359.5,5372.5,47840,0.0,0.0
2025-04-10 05:00:00-04:00,5372.0,5396.75,5360.0,5380.0,37108,0.0,0.0
2025-04-10 06:00:00-04:00,5380.0,5427.0,5378.25,5391.5,35292,0.0,0.0
2025-04-10 07:00:00-04:00,5391.5,5413.75,5386.75,5406.25,38044,0.0,0.0
2025-04-10 08:00:00-04:00,5406.0,5425.75,5362.75,5385.5,94680,0.0,0.0
2025-04-10 09:00:00-04:00,5385.5,5405.0,5338.0,5343.25,212482,0.0,0.0
2025-04-10 10:00:00-04:00,5343.25,5373.75,5314.0,5316.5,247509,0.0,0.0
2025-04-10 11:00:00-04:00,5316.5,5341.0,5231.5,5238.0,216719,0.0,0.0
2025-04-10 12:00:00-04:00,5238.25,5258.0,5146.75,5249.25,306769,0.0,0.0
2025-04-10 13:00:00-04:00,5248.75,5308.75,5180.25,5295.0,257057,0.0,0.0
2025-04-10 14:00:00-04:00,5295.5,5351.5,5255.75,5314.75,221889,0.0,0.0
2025-04-10 15:00:00-04:00,5315.25,5348.75,5234.5,5299.5,364691,0.0,0.0
2025-04-10 16:00:00-04:00,5299.5,5322.75,5288.75,5304.5,83392,0.0,0.0
2025-04-10 18:00:00-04:00,5299.25,5330.5,5297.75,5311.5,0,0.0,0.0
2025-04-10 19:00:00-04:00,5311.75,5315.5,5264.5,5274.5,22681,0.0,0.0
2025-04-10 20:00:00-04:00,5274.25,5277.75,5206.5,5231.75,30088,0.0,0.0
2025-04-10 21:00:00-04:00,5231.25,5273.5,5223.0,5270.5,21044,0.0,0.0
2025-04-10 22:00:00-04:00,5270.0,5288.75,5244.5,5268.75,15109,0.0,0.0
2025-04-10 23:00:00-04:00,5269.25,5315.75,5269.0,5299.75,13067,0.0,0.0
2025-04-11 00:00:00-04:00,5315.75,5320.0,5297.5,5308.0,9511,0.0,0.0
2025-04-11 01:00:00-04:00,5308.25,5361.25,5294.0,5357.75,18101,0.0,0.0
2025-04-11 02:00:00-04:00,5358.0,5379.0,5344.0,5349.75,31707,0.0,0.0
2025-04-11 03:00:00-04:00,5349.75,5353.0,5312.25,5315.0,32872,0.0,0.0
2025-04-11 04:00:00-04:00,5314.75,5327.25,5257.25,5276.25,55319,0.0,0.0
2025-04-11 05:00:00-04:00,5276.25,5342.0,5264.5,5341.25,36952,0.0,0.0
2025-04-11 06:00:00-04:00,5341.25,5359.0,5325.5,5340.75,28837,0.0,0.0
2025-04-11 07:00:00-04:00,5340.75,5348.5,5295.0,5321.0,32408,0.0,0.0
2025-04-11 08:00:00-04:00,5321.0,5349.75,5304.0,5307.25,42443,0.0,0.0
2025-04-11 09:00:00-04:00,5307.5,5340.5,5262.25,5316.75,184945,0.0,0.0
2025-04-11 10:00:00-04:00,5314.75,5336.75,5251.5,5282.75,204525,0.0,0.0
2025-04-11 11:00:00-04:00,5282.5,5325.5,5259.5,5321.25,138806,0.0,0.0
2025-04-11 12:00:00-04:00,5321.25,5381.25,5311.75,5369.75,142274,0.0,0.0
2025-04-11 13:00:00-04:00,5370.0,5418.25,5340.25,5399.25,185149,0.0,0.0
2025-04-11 14:00:00-04:00,5399.5,5403.0,5368.0,5374.5,127922,0.0,0.0
2025-04-11 15:00:00-04:00,5374.5,5410.0,5373.25,5390.25,235501,0.0,0.0
2025-04-11 16:00:00-04:00,5390.5,5401.25,5387.0,5395.75,56336,0.0,0.0
2025-04-13 18:00:00-04:00,5452.5,5474.75,5411.0,5415.5,25076,0.0,0.0
2025-04-13 19:00:00-04:00,5416.0,5442.0,5410.0,5429.75,11172,0.0,0.0
2025-04-13 20:00:00-04:00,5430.0,5442.0,5421.75,5426.75,12925,0.0,0.0
2025-04-13 21:00:00-04:00,5426.75,5432.75,5415.5,5428.0,11106,0.0,0.0
2025-04-13 22:00:00-04:00,5427.5,5441.25,5427.0,5440.0,7066,0.0,0.0
2025-04-13 23:00:00-04:00,5439.75,5445.5,5425.25,5437.0,9430,0.0,0.0
2025-04-14 00:00:00-04:00,5438.0,5457.25,5435.5,5454.5,7250,0.0,0.0
2025-04-14 01:00:00-04:00,5454.5,5457.5,5445.25,5447.25,6885,0.0,0.0
2025-04-14 02:00:00-04:00,5447.0,5469.5,5441.75,5458.25,13336,0.0,0.0
2025-04-14 03:00:00-04:00,5458.0,5468.75,5445.5,5467.0,16325,0.0,0.0
2025-04-14 04:00:00-04:00,5467.0,5473.75,5462.75,5468.0,11626,0.0,0.0
2025-04-14 05:00:00-04:00,5468.0,5474.5,5445.0,5455.25,13744,0.0,0.0
2025-04-14 06:00:00-04:00,5455.25,5467.0,5449.75,5466.25,10233,0.0,0.0
2025-04-14 07:00:00-04:00,5466.5,5483.5,5451.5,5452.75,24754,0.0,0.0
2025-04-14 08:00:00-04:00,5452.75,5481.5,5450.5,5480.25,29460,0.0,0.0
2025-04-14 09:00:00-04:00,5480.25,5497.75,5444.25,5457.75,159386,0.0,0.0
2025-04-14 10:00:00-04:00,5458.25,5492.25,5449.25,5477.0,143773,0.0,0.0
2025-04-14 11:00:00-04:00,5477.0,5484.5,5404.75,5409.5,156992,0.0,0.0
2025-04-14 12:00:00-04:00,5410.0,5432.25,5391.0,5407.75,138752,0.0,0.0
2025-04-14 13:00:00-04:00,5408.0,5448.0,5405.5,5442.5,104304,0.0,0.0
2025-04-14 14:00:00-04:00,5442.5,5466.25,5440.25,5460.5,79464,0.0,0.0
2025-04-14 15:00:00-04:00,5460.5,5479.0,5436.0,5442.5,186566,0.0,0.0
2025-04-14 16:00:00-04:00,5442.5,5447.75,5405.75,5432.25,59610,0.0,0.0
2025-04-14 18:00:00-04:00,5431.75,5435.0,5413.0,5415.0,0,0.0,0.0
2025-04-14 19:00:00-04:00,5415.0,5428.0,5413.25,5421.5,5856,0.0,0.0
2025-04-14 20:00:00-04:00,5421.25,5438.0,5421.0,5434.25,7980,0.0,0.0
2025-04-14 21:00:00-04:00,5434.0,5443.0,5430.75,5432.0,5719,0.0,0.0
2025-04-14 22:00:00-04:00,5432.25,5440.0,5426.25,5427.25,4650,0.0,0.0
2025-04-14 23:00:00-04:00,5427.5,5439.25,5425.25,5437.75,3614,0.0,0.0
2025-04-15 00:00:00-04:00,5437.5,5440.25,5432.25,5436.25,3456,0.0,0.0
2025-04-15 01:00:00-04:00,5436.25,5438.5,5425.0,5431.75,6316,0.0,0.0
2025-04-15 02:00:00-04:00,5431.75,5441.5,5428.0,5438.25,6440,0.0,0.0
2025-04-15 03:00:00-04:00,5438.5,5463.0,5437.5,5458.5,19091,0.0,0.0
2025-04-15 04:00:00-04:00,5459.25,5460.75,5442.5,5451.75,20895,0.0,0.0
2025-04-15 05:00:00-04:00,5451.5,5459.0,5440.0,5445.25,12232,0.0,0.0
2025-04-15 06:00:00-04:00,5445.0,5455.0,5438.5,5449.25,11108,0.0,0.0
2025-04-15 07:00:00-04:00,5449.25,5452.5,5419.25,5425.0,21050,0.0,0.0
2025-04-15 08:00:00-04:00,5425.5,5436.0,5413.0,5433.75,32496,0.0,0.0
2025-04-15 09:00:00-04:00,5433.75,5482.0,5433.75,5467.25,125773,0.0,0.0
2025-04-15 10:00:00-04:00,5467.5,5485.0,5433.0,5458.0,212676,0.0,0.0
2025-04-15 11:00:00-04:00,5458.25,5472.5,5446.5,5462.25,121878,0.0,0.0
2025-04-15 12:00:00-04:00,5462.25,5468.75,5436.75,5442.0,84356,0.0,0.0
2025-04-15 13:00:00-04:00,5442.0,5451.25,5425.25,5434.75,108969,0.0,0.0
2025-04-15 14:00:00-04:00,5435.0,5444.0,5419.5,5438.0,89032,0.0,0.0
2025-04-15 15:00:00-04:00,5438.25,5444.75,5422.75,5428.25,159701,0.0,0.0
2025-04-15 16:00:00-04:00,5428.0,5434.25,5420.75,5425.5,38885,0.0,0.0
2025-04-15 18:00:00-04:00,5403.75,5403.75,5375.0,5389.75,0,0.0,0.0
2025-04-15 19:00:00-04:00,5389.5,5392.25,5377.75,5386.25,8078,0.0,0.0
2025-04-15 20:00:00-04:00,5386.25,5388.25,5367.25,5377.5,12811,0.0,0.0
2025-04-15 21:00:00-04:00,5377.75,5390.75,5377.75,5385.5,6721,0.0,0.0
2025-04-15 22:00:00-04:00,5385.75,5389.75,5379.5,5382.75,6411,0.0,0.0
2025-04-15 23:00:00-04:00,5383.0,5387.5,5379.0,5379.75,4514,0.0,0.0
2025-04-16 00:00:00-04:00,5378.75,5380.25,5373.75,5376.25,4622,0.0,0.0
2025-04-16 01:00:00-04:00,5376.25,5376.5,5340.0,5346.75,17842,0.0,0.0
2025-04-16 02:00:00-04:00,5347.0,5365.5,5346.0,5358.5,12542,0.0,0.0
2025-04-16 03:00:00-04:00,5358.5,5368.5,5342.25,5344.75,18991,0.0,0.0
2025-04-16 04:00:00-04:00,5345.0,5425.0,5342.5,5389.5,59457,0.0,0.0
2025-04-16 05:00:00-04:00,5389.75,5405.5,5382.5,5383.0,22734,0.0,0.0
2025-04-16 06:00:00-04:00,5383.0,5396.5,5380.75,5388.0,16731,0.0,0.0
2025-04-16 07:00:00-04:00,5387.75,5395.75,5378.75,5387.5,18655,0.0,0.0
2025-04-16 08:00:00-04:00,5387.25,5392.25,5373.25,5376.0,25331,0.0,0.0
2025-04-16 09:00:00-04:00,5376.0,5388.75,5348.5,5348.75,143032,0.0,0.0
2025-04-16 10:00:00-04:00,5348.5,5379.25,5346.0,5372.0,151208,0.0,0.0
2025-04-16 11:00:00-04:00,5372.25,5401.0,5363.0,5366.75,142456,0.0,0.0
2025-04-16 12:00:00-04:00,5366.5,5370.25,5354.25,5358.25,94685,0.0,0.0
2025-04-16 13:00:00-04:00,5358.25,5366.5,5287.25,5289.0,177303,0.0,0.0
2025-04-16 14:00:00-04:00,5289.0,5317.0,5275.0,5276.25,169988,0.0,0.0
2025-04-16 15:00:00-04:00,5276.5,5310.75,5251.0,5305.5,285797,0.0,0.0
2025-04-16 16:00:00-04:00,5305.25,5316.5,5292.25,5299.5,69167,0.0,0.0
2025-04-16 18:00:00-04:00,5308.0,5312.5,5299.25,5307.75,0,0.0,0.0
2025-04-16 19:00:00-04:00,5307.75,5311.25,5293.25,5307.75,11161,0.0,0.0
2025-04-16 20:00:00-04:00,5307.75,5330.75,5301.25,5329.0,14470,0.0,0.0
2025-04-16 21:00:00-04:00,5328.25,5331.75,5322.75,5328.75,6771,0.0,0.0
2025-04-16 22:00:00-04:00,5328.75,5335.75,5323.75,5334.5,8138,0.0,0.0
2025-04-16 23:00:00-04:00,5334.5,5344.75,5334.25,5344.75,7267,0.0,0.0
2025-04-17 00:00:00-04:00,5344.75,5347.0,5343.25,5345.0,5305,0.0,0.0
2025-04-17 01:00:00-04:00,5345.0,5355.25,5342.25,5350.75,8472,0.0,0.0
2025-04-17 02:00:00-04:00,5350.25,5357.5,5344.0,5349.25,13875,0.0,0.0
2025-04-17 03:00:00-04:00,5349.25,5371.25,5348.25,5361.5,21206,0.0,0.0
2025-04-17 04:00:00-04:00,5361.75,5362.75,5344.5,5345.5,14509,0.0,0.0
2025-04-17 05:00:00-04:00,5345.75,5359.0,5341.75,5350.0,14926,0.0,0.0
2025-04-17 06:00:00-04:00,5349.5,5351.25,5323.25,5331.0,26652,0.0,0.0
2025-04-17 07:00:00-04:00,5331.0,5334.75,5318.5,5329.5,18778,0.0,0.0
2025-04-17 08:00:00-04:00,5329.5,5356.5,5327.0,5334.0,44771,0.0,0.0
2025-04-17 09:00:00-04:00,5334.0,5340.25,5309.75,5334.0,151608,0.0,0.0
2025-04-17 10:00:00-04:00,5333.75,5339.0,5285.5,5297.25,172269,0.0,0.0
2025-04-17 11:00:00-04:00,5297.5,5335.75,5297.0,5314.5,143948,0.0,0.0
2025-04-17 12:00:00-04:00,5314.75,5351.5,5309.0,5346.75,173101,0.0,0.0
2025-04-17 13:00:00-04:00,5346.75,5351.0,5323.25,5343.0,86157,0.0,0.0
2025-04-17 14:00:00-04:00,5343.0,5359.5,5332.25,5332.5,107447,0.0,0.0
2025-04-17 15:00:00-04:00,5332.75,5335.5,5304.25,5311.25,181371,0.0,0.0
2025-04-17 16:00:00-04:00,5311.0,5331.75,5308.5,5326.5,54837,0.0,0.0
2025-04-20 18:00:00-04:00,5283.75,5306.75,5279.0,5286.5,11150,0.0,0.0
2025-04-20 19:00:00-04:00,5286.75,5294.0,5283.5,5293.0,4786,0.0,0.0
2025-04-20 20:00:00-04:00,5292.75,5303.25,5285.5,5286.0,10222,0.0,0.0
2025-04-20 21:00:00-04:00,5286.0,5288.0,5273.0,5280.25,13018,0.0,0.0
2025-04-20 22:00:00-04:00,5280.5,5285.25,5259.25,5266.5,10882,0.0,0.0
2025-04-20 23:00:00-04:00,5266.75,5272.75,5264.75,5267.25,4951,0.0,0.0
2025-04-21 00:00:00-04:00,5267.75,5273.5,5266.75,5268.75,2945,0.0,0.0
2025-04-21 01:00:00-04:00,5268.75,5276.25,5267.0,5274.75,2938,0.0,0.0
2025-04-21 02:00:00-04:00,5274.5,5278.0,5265.75,5270.5,5221,0.0,0.0
2025-04-21 03:00:00-04:00,5270.5,5272.75,5252.75,5254.0,7968,0.0,0.0
2025-04-21 04:00:00-04:00,5254.0,5261.5,5252.0,5258.0,5760,0.0,0.0
2025-04-21 05:00:00-04:00,5258.25,5259.5,5250.0,5256.75,6543,0.0,0.0
2025-04-21 06:00:00-04:00,5256.5,5263.5,5252.25,5262.5,5284,0.0,0.0
2025-04-21 07:00:00-04:00,5262.5,5270.0,5238.0,5245.5,19279,0.0,0.0
2025-04-21 08:00:00-04:00,5245.25,5260.75,5243.75,5255.0,14663,0.0,0.0
2025-04-21 09:00:00-04:00,5254.75,5262.5,5220.25,5220.5,112453,0.0,0.0
2025-04-21 10:00:00-04:00,5220.25,5220.5,5188.25,5190.25,154019,0.0,0.0
2025-04-21 11:00:00-04:00,5190.0,5195.0,5151.75,5154.25,130400,0.0,0.0
2025-04-21 12:00:00-04:00,5154.25,5176.5,5153.75,5156.25,102118,0.0,0.0
2025-04-21 13:00:00-04:00,5156.25,5161.25,5130.25,5132.5,110772,0.0,0.0
2025-04-21 14:00:00-04:00,5132.5,5149.75,5127.25,5131.25,97796,0.0,0.0
2025-04-21 15:00:00-04:00,5131.25,5193.0,5130.5,5183.5,246211,0.0,0.0
2025-04-21 16:00:00-04:00,5183.75,5186.0,5174.5,5184.0,56239,0.0,0.0
2025-04-21 18:00:00-04:00,5182.5,5187.5,5171.75,5180.25,0,0.0,0.0
2025-04-21 19:00:00-04:00,5180.25,5206.0,5179.5,5205.25,9087,0.0,0.0
2025-04-21 20:00:00-04:00,5205.5,5209.25,5201.0,5206.0,10247,0.0,0.0
2025-04-21 21:00:00-04:00,5205.75,5224.25,5204.5,5214.0,12859,0.0,0.0
2025-04-21 22:00:00-04:00,5214.0,5218.75,5210.5,5213.75,6792,0.0,0.0
2025-04-21 23:00:00-04:00,5214.25,5216.0,5198.0,5203.5,7885,0.0,0.0
2025-04-22 00:00:00-04:00,5203.75,5206.0,5201.0,5204.0,3654,0.0,0.0
2025-04-22 01:00:00-04:00,5204.0,5211.0,5201.25,5207.0,4497,0.0,0.0
2025-04-22 02:00:00-04:00,5206.75,5251.25,5203.5,5248.0,16773,0.0,0.0
2025-04-22 03:00:00-04:00,5248.5,5254.5,5229.5,5231.0,19695,0.0,0.0
2025-04-22 04:00:00-04:00,5231.0,5240.0,5224.5,5236.75,15435,0.0,0.0
2025-04-22 05:00:00-04:00,5236.75,5239.0,5228.0,5233.25,8773,0.0,0.0
2025-04-22 06:00:00-04:00,5233.25,5237.75,5228.75,5232.25,12436,0.0,0.0
2025-04-22 07:00:00-04:00,5232.25,5234.0,5216.5,5220.25,16213,0.0,0.0
2025-04-22 08:00:00-04:00,5220.0,5238.75,5218.0,5238.25,23652,0.0,0.0
2025-04-22 09:00:00-04:00,5238.25,5267.5,5236.0,5263.75,147529,0.0,0.0
2025-04-22 10:00:00-04:00,5264.0,5294.5,5262.25,5292.0,181305,0.0,0.0
2025-04-22 11:00:00-04:00,5292.0,5311.25,5283.0,5307.25,174342,0.0,0.0
2025-04-22 12:00:00-04:00,5307.5,5339.25,5307.5,5321.0,192760,0.0,0.0
2025-04-22 13:00:00-04:00,5321.25,5332.5,5262.25,5263.0,225947,0.0,0.0
2025-04-22 14:00:00-04:00,5263.0,5319.75,5262.25,5313.0,125479,0.0,0.0
2025-04-22 15:00:00-04:00,5313.0,5321.0,5287.5,5314.25,225275,0.0,0.0
2025-04-22 16:00:00-04:00,5314.5,5332.25,5311.5,5314.5,54267,0.0,0.0
2025-04-22 18:00:00-04:00,5379.75,5417.25,5377.75,5416.5,0,0.0,0.0
2025-04-22 19:00:00-04:00,5416.75,5424.0,5404.0,5412.5,24076,0.0,0.0
2025-04-22 20:00:00-04:00,5412.75,5414.75,5388.5,5397.25,15791,0.0,0.0
2025-04-22 21:00:00-04:00,5397.0,5403.0,5378.0,5382.5,11841,0.0,0.0
2025-04-22 22:00:00-04:00,5382.25,5398.5,5378.75,5392.75,7074,0.0,0.0
2025-04-22 23:00:00-04:00,5392.5,5395.5,5387.0,5395.0,5027,0.0,0.0
2025-04-23 00:00:00-04:00,5398.25,5401.75,5394.25,5398.5,4875,0.0,0.0
2025-04-23 01:00:00-04:00,5398.5,5406.25,5388.0,5401.75,7532,0.0,0.0
2025-04-23 02:00:00-04:00,5402.0,5409.25,5398.75,5400.0,11483,0.0,0.0
2025-04-23 03:00:00-04:00,5399.75,5415.0,5392.75,5414.0,19009,0.0,0.0
2025-04-23 04:00:00-04:00,5414.0,5434.25,5412.5,5425.0,22505,0.0,0.0
2025-04-23 05:00:00-04:00,5425.25,5431.25,5418.25,5427.5,15293,0.0,0.0
2025-04-23 06:00:00-04:00,5427.25,5451.25,5425.25,5447.5,19516,0.0,0.0
2025-04-23 07:00:00-04:00,5447.0,5453.75,5431.5,5432.0,26908,0.0,0.0
2025-04-23 08:00:00-04:00,5432.25,5456.75,5430.5,5455.25,37447,0.0,0.0
2025-04-23 09:00:00-04:00,5455.5,5496.75,5436.0,5482.0,268121,0.0,0.0
2025-04-23 10:00:00-04:00,5482.0,5499.75,5453.5,5472.75,256056,0.0,0.0
2025-04-23 11:00:00-04:00,5472.75,5483.0,5401.5,5420.5,250232,0.0,0.0
2025-04-23 12:00:00-04:00,5420.5,5432.25,5385.0,5428.0,160242,0.0,0.0
2025-04-23 13:00:00-04:00,5427.75,5441.75,5407.5,5429.75,123470,0.0,0.0
2025-04-23 14:00:00-04:00,5429.75,5435.0,5403.5,5409.25,108478,0.0,0.0
2025-04-23 15:00:00-04:00,5409.25,5417.25,5383.75,5398.5,240402,0.0,0.0
2025-04-23 16:00:00-04:00,5398.5,5435.0,5396.5,5413.0,72731,0.0,0.0
2025-04-23 18:00:00-04:00,5409.0,5413.5,5388.75,5406.25,0,0.0,0.0
2025-04-23 19:00:00-04:00,5406.25,5416.25,5404.0,5412.0,5827,0.0,0.0
2025-04-23 20:00:00-04:00,5411.75,5421.0,5408.25,5411.5,6679,0.0,0.0
2025-04-23 21:00:00-04:00,5411.5,5413.75,5397.75,5398.0,7416,0.0,0.0
2025-04-23 22:00:00-04:00,5397.5,5404.25,5391.0,5392.0,6080,0.0,0.0
2025-04-23 23:00:00-04:00,5391.5,5394.75,5388.0,5393.0,3690,0.0,0.0
2025-04-24 00:00:00-04:00,5392.5,5396.5,5383.25,5394.25,4498,0.0,0.0
2025-04-24 01:00:00-04:00,5394.5,5399.5,5372.25,5381.25,8339,0.0,0.0
2025-04-24 02:00:00-04:00,5381.25,5398.25,5378.75,5390.0,11014,0.0,0.0
2025-04-24 03:00:00-04:00,5390.0,5393.0,5368.5,5374.0,24414,0.0,0.0
2025-04-24 04:00:00-04:00,5374.0,5380.25,5355.25,5365.0,18387,0.0,0.0
2025-04-24 05:00:00-04:00,5364.75,5379.25,5364.75,5376.75,13901,0.0,0.0
2025-04-24 06:00:00-04:00,5376.75,5409.75,5375.25,5404.75,28800,0.0,0.0
2025-04-24 07:00:00-04:00,5404.5,5405.25,5380.0,5387.5,34325,0.0,0.0
2025-04-24 08:00:00-04:00,5387.25,5408.25,5386.75,5404.75,33727,0.0,0.0
2025-04-24 09:00:00-04:00,5404.75,5441.5,5398.5,5439.5,124758,0.0,0.0
2025-04-24 10:00:00-04:00,5439.75,5478.75,5434.75,5470.0,220901,0.0,0.0
2025-04-24 11:00:00-04:00,5470.25,5484.75,5463.75,5473.25,157394,0.0,0.0
2025-04-24 12:00:00-04:00,5473.25,5504.5,5468.0,5500.0,142874,0.0,0.0
2025-04-24 13:00:00-04:00,5500.25,5502.0,5485.75,5498.75,95501,0.0,0.0
2025-04-24 14:00:00-04:00,5499.0,5514.75,5496.25,5506.75,101150,0.0,0.0
2025-04-24 15:00:00-04:00,5506.5,5520.0,5488.75,5510.5,228203,0.0,0.0
2025-04-24 16:00:00-04:00,5510.25,5541.5,5510.0,5519.75,60875,0.0,0.0
2025-04-24 18:00:00-04:00,5529.0,5535.0,5517.75,5530.25,0,0.0,0.0
2025-04-24 19:00:00-04:00,5530.0,5534.5,5526.5,5528.25,6585,0.0,0.0
2025-04-24 20:00:00-04:00,5528.25,5543.0,5524.0,5540.5,8972,0.0,0.0
2025-04-24 21:00:00-04:00,5540.25,5542.25,5527.5,5530.0,8157,0.0,0.0
2025-04-24 22:00:00-04:00,5529.75,5532.0,5520.25,5524.0,6064,0.0,0.0
2025-04-24 23:00:00-04:00,5524.0,5542.0,5520.75,5541.25,10195,0.0,0.0
2025-04-25 00:00:00-04:00,5548.25,5553.0,5530.5,5533.0,12580,0.0,0.0
2025-04-25 01:00:00-04:00,5533.0,5538.75,5531.25,5534.75,4140,0.0,0.0
2025-04-25 02:00:00-04:00,5535.25,5549.25,5532.5,5547.5,8110,0.0,0.0
2025-04-25 03:00:00-04:00,5547.5,5549.25,5523.0,5536.75,19514,0.0,0.0
2025-04-25 04:00:00-04:00,5536.5,5544.75,5527.5,5532.25,14544,0.0,0.0
2025-04-25 05:00:00-04:00,5532.5,5534.5,5518.5,5531.0,13370,0.0,0.0
2025-04-25 06:00:00-04:00,5531.0,5536.5,5486.75,5489.0,34360,0.0,0.0
2025-04-25 07:00:00-04:00,5489.0,5511.75,5488.5,5498.25,23255,0.0,0.0
2025-04-25 08:00:00-04:00,5498.25,5508.25,5493.0,5496.25,33791,0.0,0.0
2025-04-25 09:00:00-04:00,5496.0,5524.75,5489.0,5492.5,142934,0.0,0.0
2025-04-25 10:00:00-04:00,5492.25,5523.25,5480.25,5508.25,201304,0.0,0.0
2025-04-25 11:00:00-04:00,5507.75,5518.5,5500.0,5514.0,103181,0.0,0.0
2025-04-25 12:00:00-04:00,5514.25,5535.5,5512.75,5534.75,96567,0.0,0.0
2025-04-25 13:00:00-04:00,5534.75,5554.5,5511.25,5523.25,164155,0.0,0.0
2025-04-25 14:00:00-04:00,5523.25,5551.75,5519.0,5542.5,116317,0.0,0.0
2025-04-25 15:00:00-04:00,5542.25,5552.75,5531.5,5548.75,179861,0.0,0.0
2025-04-25 16:00:00-04:00,5548.5,5562.25,5545.5,5552.5,50613,0.0,0.0
2025-04-27 18:00:00-04:00,5544.0,5547.5,5532.0,5533.25,9082,0.0,0.0
2025-04-27 19:00:00-04:00,5533.25,5534.75,5527.0,5530.75,5107,0.0,0.0
2025-04-27 20:00:00-04:00,5531.0,5534.0,5519.5,5521.5,6864,0.0,0.0
2025-04-27 21:00:00-04:00,5521.5,5526.25,5517.75,5524.0,5698,0.0,0.0
2025-04-27 22:00:00-04:00,5524.25,5528.75,5519.5,5522.25,5836,0.0,0.0
2025-04-27 23:00:00-04:00,5522.75,5523.75,5516.25,5518.5,3815,0.0,0.0
2025-04-28 00:00:00-04:00,5518.5,5523.25,5518.25,5520.5,3334,0.0,0.0
2025-04-28 01:00:00-04:00,5521.0,5523.0,5516.5,5519.5,4123,0.0,0.0
2025-04-28 02:00:00-04:00,5519.5,5538.75,5519.5,5538.25,9172,0.0,0.0
2025-04-28 03:00:00-04:00,5538.75,5544.0,5530.5,5531.25,11166,0.0,0.0
2025-04-28 04:00:00-04:00,5531.5,5541.25,5527.5,5540.25,9929,0.0,0.0
2025-04-28 05:00:00-04:00,5540.75,5549.0,5536.5,5543.5,10078,0.0,0.0
2025-04-28 06:00:00-04:00,5543.75,5544.25,5530.5,5533.0,11452,0.0,0.0
2025-04-28 07:00:00-04:00,5532.5,5547.5,5530.0,5543.5,14929,0.0,0.0
2025-04-28 08:00:00-04:00,5543.5,5554.5,5533.25,5552.0,24668,0.0,0.0
2025-04-28 09:00:00-04:00,5552.25,5578.75,5544.25,5545.5,152616,0.0,0.0
2025-04-28 10:00:00-04:00,5545.5,5564.25,5539.25,5548.75,164857,0.0,0.0
2025-04-28 11:00:00-04:00,5548.25,5555.0,5513.0,5518.0,143315,0.0,0.0
2025-04-28 12:00:00-04:00,5517.75,5519.5,5499.75,5507.5,123091,0.0,0.0
2025-04-28 13:00:00-04:00,5507.5,5521.5,5492.0,5519.75,98855,0.0,0.0
2025-04-28 14:00:00-04:00,5520.0,5533.25,5516.5,5530.0,87590,0.0,0.0
2025-04-28 15:00:00-04:00,5530.5,5565.75,5529.0,5551.75,188062,0.0,0.0
2025-04-28 16:00:00-04:00,5551.75,5553.25,5542.75,5545.5,39967,0.0,0.0
2025-04-28 18:00:00-04:00,5543.0,5546.5,5537.5,5543.75,0,0.0,0.0
2025-04-28 19:00:00-04:00,5543.75,5555.75,5541.75,5555.25,5947,0.0,0.0
2025-04-28 20:00:00-04:00,5555.0,5560.0,5546.5,5558.5,5369,0.0,0.0
2025-04-28 21:00:00-04:00,5558.25,5568.25,5556.25,5567.25,5232,0.0,0.0
2025-04-28 22:00:00-04:00,5567.5,5573.5,5558.5,5561.0,6265,0.0,0.0
2025-04-28 23:00:00-04:00,5560.75,5565.0,5559.25,5562.25,3342,0.0,0.0
2025-04-29 00:00:00-04:00,5561.0,5567.5,5555.25,5557.25,4196,0.0,0.0
2025-04-29 01:00:00-04:00,5557.0,5561.75,5553.0,5553.75,4847,0.0,0.0
2025-04-29 02:00:00-04:00,5554.0,5561.5,5552.25,5555.75,4330,0.0,0.0
2025-04-29 03:00:00-04:00,5555.75,5573.75,5553.25,5570.5,10433,0.0,0.0
2025-04-29 04:00:00-04:00,5570.5,5571.25,5556.0,5566.25,9895,0.0,0.0
2025-04-29 05:00:00-04:00,5566.5,5567.75,5558.75,5563.75,8196,0.0,0.0
2025-04-29 06:00:00-04:00,5563.5,5567.0,5533.25,5548.0,21252,0.0,0.0
2025-04-29 07:00:00-04:00,5547.5,5556.75,5547.0,5551.25,13571,0.0,0.0
2025-04-29 08:00:00-04:00,5551.25,5558.25,5535.0,5536.5,38172,0.0,0.0
2025-04-29 09:00:00-04:00,5536.75,5559.25,5521.5,5549.0,146003,0.0,0.0
2025-04-29 10:00:00-04:00,5549.25,5573.0,5536.25,5572.5,187481,0.0,0.0
2025-04-29 11:00:00-04:00,5572.5,5575.5,5551.0,5560.0,125450,0.0,0.0
2025-04-29 12:00:00-04:00,5560.0,5577.25,5547.25,5553.0,106350,0.0,0.0
2025-04-29 13:00:00-04:00,5553.0,5594.25,5549.75,5590.25,121615,0.0,0.0
2025-04-29 14:00:00-04:00,5590.5,5597.25,5583.5,5586.25,113600,0.0,0.0
2025-04-29 15:00:00-04:00,5586.25,5596.5,5580.5,5583.5,181067,0.0,0.0
2025-04-29 16:00:00-04:00,5583.5,5590.5,5576.5,5582.75,41442,0.0,0.0
2025-04-29 18:00:00-04:00,5579.5,5583.0,5571.25,5572.25,0,0.0,0.0
2025-04-29 19:00:00-04:00,5572.25,5574.0,5568.0,5571.5,3043,0.0,0.0
2025-04-29 20:00:00-04:00,5571.5,5576.0,5560.0,5562.5,7701,0.0,0.0
2025-04-29 21:00:00-04:00,5562.25,5565.5,5556.25,5558.5,5309,0.0,0.0
2025-04-29 22:00:00-04:00,5558.25,5560.75,5554.75,5555.25,4271,0.0,0.0
2025-04-29 23:00:00-04:00,5555.25,5558.0,5548.75,5557.5,5505,0.0,0.0
2025-04-30 00:00:00-04:00,5555.75,5561.5,5555.75,5558.75,3210,0.0,0.0
2025-04-30 01:00:00-04:00,5559.25,5562.5,5555.0,5562.0,3968,0.0,0.0
2025-04-30 02:00:00-04:00,5561.75,5572.5,5561.0,5570.75,7772,0.0,0.0
2025-04-30 03:00:00-04:00,5570.75,5577.0,5570.25,5574.75,7914,0.0,0.0
2025-04-30 04:00:00-04:00,5574.5,5582.25,5568.75,5571.0,12697,0.0,0.0
2025-04-30 05:00:00-04:00,5571.0,5581.25,5570.5,5576.0,6462,0.0,0.0
2025-04-30 06:00:00-04:00,5576.25,5577.0,5564.25,5573.25,8367,0.0,0.0
2025-04-30 07:00:00-04:00,5573.0,5579.75,5562.75,5565.5,14558,0.0,0.0
2025-04-30 08:00:00-04:00,5565.25,5567.25,5502.25,5512.0,69794,0.0,0.0
2025-04-30 09:00:00-04:00,5512.0,5517.5,5455.5,5459.5,205416,0.0,0.0
2025-04-30 10:00:00-04:00,5459.5,5515.75,5457.0,5510.5,248353,0.0,0.0
2025-04-30 11:00:00-04:00,5510.5,5539.5,5509.25,5536.25,203851,0.0,0.0
2025-04-30 12:00:00-04:00,5535.75,5544.25,5515.0,5536.75,120578,0.0,0.0
2025-04-30 13:00:00-04:00,5537.0,5552.5,5512.25,5546.25,122083,0.0,0.0
2025-04-30 14:00:00-04:00,5546.25,5572.5,5532.25,5537.25,178412,0.0,0.0
2025-04-30 15:00:00-04:00,5537.25,5606.75,5534.75,5584.0,343012,0.0,0.0
2025-04-30 16:00:00-04:00,5584.0,5626.25,5571.5,5619.25,127262,0.0,0.0
2025-04-30 18:00:00-04:00,5617.5,5639.25,5615.0,5630.5,0,0.0,0.0
2025-04-30 19:00:00-04:00,5630.25,5636.25,5624.0,5634.25,7951,0.0,0.0
2025-04-30 20:00:00-04:00,5634.5,5643.75,5633.5,5640.75,9506,0.0,0.0
2025-04-30 21:00:00-04:00,5640.75,5643.0,5636.25,5641.25,6980,0.0,0.0
2025-04-30 22:00:00-04:00,5641.25,5645.5,5635.0,5636.25,4214,0.0,0.0
2025-04-30 23:00:00-04:00,5636.25,5648.0,5634.75,5647.75,7094,0.0,0.0
2025-05-01 00:00:00-04:00,5647.0,5647.75,5642.0,5644.0,4858,0.0,0.0
2025-05-01 01:00:00-04:00,5644.25,5653.25,5640.5,5641.25,8162,0.0,0.0
2025-05-01 02:00:00-04:00,5641.5,5648.0,5639.0,5639.75,7573,0.0,0.0
2025-05-01 03:00:00-04:00,5639.75,5650.0,5635.0,5644.75,11567,0.0,0.0
2025-05-01 04:00:00-04:00,5644.75,5652.5,5637.5,5651.5,12373,0.0,0.0
2025-05-01 05:00:00-04:00,5651.75,5662.0,5650.25,5660.25,10072,0.0,0.0
2025-05-01 06:00:00-04:00,5660.5,5662.25,5648.0,5652.25,13386,0.0,0.0
2025-05-01 07:00:00-04:00,5652.25,5658.75,5645.5,5654.75,19052,0.0,0.0
2025-05-01 08:00:00-04:00,5654.5,5659.75,5636.5,5639.5,32442,0.0,0.0
2025-05-01 09:00:00-04:00,5639.5,5654.75,5627.25,5629.0,147301,0.0,0.0
2025-05-01 10:00:00-04:00,5630.75,5675.5,5629.0,5675.0,197378,0.0,0.0
2025-05-01 11:00:00-04:00,5675.0,5682.5,5637.75,5645.0,166134,0.0,0.0
2025-05-01 12:00:00-04:00,5644.75,5653.75,5631.5,5637.5,133141,0.0,0.0
2025-05-01 13:00:00-04:00,5637.5,5660.75,5637.0,5646.75,91989,0.0,0.0
2025-05-01 14:00:00-04:00,5646.75,5668.25,5645.5,5658.5,98450,0.0,0.0
2025-05-01 15:00:00-04:00,5658.5,5665.75,5618.75,5625.0,213567,0.0,0.0
2025-05-01 16:00:00-04:00,5625.0,5639.0,5601.75,5611.75,87100,0.0,0.0
2025-05-01 18:00:00-04:00,5608.5,5613.0,5601.0,5610.0,0,0.0,0.0
2025-05-01 19:00:00-04:00,5609.75,5618.75,5608.25,5611.75,4051,0.0,0.0
2025-05-01 20:00:00-04:00,5611.75,5663.25,5605.5,5658.5,23357,0.0,0.0
2025-05-01 21:00:00-04:00,5658.0,5672.5,5654.25,5662.0,16380,0.0,0.0
2025-05-01 22:00:00-04:00,5662.0,5669.5,5655.0,5666.75,8320,0.0,0.0
2025-05-01 23:00:00-04:00,5667.0,5670.75,5666.0,5667.75,6147,0.0,0.0
2025-05-02 00:00:00-04:00,5670.5,5671.75,5664.25,5668.0,6113,0.0,0.0
2025-05-02 01:00:00-04:00,5668.25,5669.25,5656.75,5659.0,6188,0.0,0.0
2025-05-02 02:00:00-04:00,5659.0,5659.0,5646.75,5654.0,9550,0.0,0.0
2025-05-02 03:00:00-04:00,5654.25,5662.25,5647.75,5648.25,16683,0.0,0.0
2025-05-02 04:00:00-04:00,5648.0,5657.0,5635.5,5635.75,15482,0.0,0.0
2025-05-02 05:00:00-04:00,5635.75,5651.25,5633.5,5646.75,11319,0.0,0.0
2025-05-02 06:00:00-04:00,5646.5,5653.25,5644.25,5648.75,10165,0.0,0.0
2025-05-02 07:00:00-04:00,5648.75,5653.5,5640.0,5643.25,14481,0.0,0.0
2025-05-02 08:00:00-04:00,5643.25,5692.75,5641.25,5690.5,62727,0.0,0.0
2025-05-02 09:00:00-04:00,5690.5,5699.0,5663.0,5676.0,161247,0.0,0.0
2025-05-02 10:00:00-04:00,5676.0,5703.75,5672.0,5698.25,175208,0.0,0.0
2025-05-02 11:00:00-04:00,5698.5,5704.75,5684.75,5703.0,124359,0.0,0.0
2025-05-02 12:00:00-04:00,5703.0,5721.5,5702.0,5715.75,146514,0.0,0.0
2025-05-02 13:00:00-04:00,5715.75,5718.75,5704.0,5713.0,91401,0.0,0.0
2025-05-02 14:00:00-04:00,5713.0,5724.75,5705.0,5711.75,94072,0.0,0.0
2025-05-02 15:00:00-04:00,5711.5,5719.5,5700.25,5705.75,251931,0.0,0.0
2025-05-02 16:00:00-04:00,5706.0,5714.5,5705.0,5710.5,53341,0.0,0.0
2025-05-04 18:00:00-04:00,5705.0,5705.25,5685.0,5687.0,7955,0.0,0.0
2025-05-04 19:00:00-04:00,5686.75,5689.5,5671.0,5678.0,9528,0.0,0.0
2025-05-04 20:00:00-04:00,5678.25,5683.0,5675.75,5681.0,6195,0.0,0.0
2025-05-04 21:00:00-04:00,5681.0,5681.0,5660.25,5662.0,10201,0.0,0.0
2025-05-04 22:00:00-04:00,5661.75,5670.0,5660.75,5667.5,5840,0.0,0.0
2025-05-04 23:00:00-04:00,5667.5,5673.0,5662.75,5669.5,7044,0.0,0.0
2025-05-05 00:00:00-04:00,5669.75,5670.25,5662.5,5664.25,3884,0.0,0.0
2025-05-05 01:00:00-04:00,5664.25,5673.25,5664.25,5670.25,4019,0.0,0.0
2025-05-05 02:00:00-04:00,5670.25,5680.5,5670.25,5672.75,8109,0.0,0.0
2025-05-05 03:00:00-04:00,5672.5,5673.25,5666.0,5670.75,8901,0.0,0.0
2025-05-05 04:00:00-04:00,5671.0,5675.5,5655.25,5659.5,10956,0.0,0.0
2025-05-05 05:00:00-04:00,5659.25,5668.5,5655.25,5664.25,9664,0.0,0.0
2025-05-05 06:00:00-04:00,5664.25,5667.25,5660.0,5665.75,8643,0.0,0.0
2025-05-05 07:00:00-04:00,5666.0,5667.5,5656.25,5660.5,11712,0.0,0.0
2025-05-05 08:00:00-04:00,5660.5,5667.5,5657.25,5664.75,15740,0.0,0.0
2025-05-05 09:00:00-04:00,5664.75,5672.5,5655.25,5669.25,101007,0.0,0.0
2025-05-05 10:00:00-04:00,5669.5,5691.0,5662.75,5689.0,170729,0.0,0.0
2025-05-05 11:00:00-04:00,5688.75,5692.25,5677.25,5689.0,106244,0.0,0.0
2025-05-05 12:00:00-04:00,5689.0,5698.75,5687.0,5695.5,72583,0.0,0.0
2025-05-05 13:00:00-04:00,5695.25,5700.0,5687.25,5695.75,67529,0.0,0.0
2025-05-05 14:00:00-04:00,5695.75,5706.25,5694.5,5697.0,69572,0.0,0.0
2025-05-05 15:00:00-04:00,5697.25,5698.0,5669.25,5674.5,192755,0.0,0.0
2025-05-05 16:00:00-04:00,5674.5,5675.25,5665.25,5671.25,44484,0.0,0.0
2025-05-05 18:00:00-04:00,5666.25,5673.25,5664.0,5667.75,0,0.0,0.0
2025-05-05 19:00:00-04:00,5667.5,5671.0,5665.5,5666.5,3575,0.0,0.0
2025-05-05 20:00:00-04:00,5666.5,5671.5,5661.25,5665.25,4419,0.0,0.0
2025-05-05 21:00:00-04:00,5665.25,5667.75,5656.5,5658.75,6271,0.0,0.0
2025-05-05 22:00:00-04:00,5659.0,5660.25,5654.5,5657.5,4409,0.0,0.0
2025-05-05 23:00:00-04:00,5657.5,5663.0,5652.0,5662.75,4405,0.0,0.0
2025-05-06 00:00:00-04:00,5662.5,5662.5,5655.0,5659.0,2263,0.0,0.0
2025-05-06 01:00:00-04:00,5659.25,5660.0,5646.0,5649.0,4008,0.0,0.0
2025-05-06 02:00:00-04:00,5648.75,5659.5,5647.75,5659.5,6246,0.0,0.0
2025-05-06 03:00:00-04:00,5659.5,5660.5,5640.75,5641.75,12004,0.0,0.0
2025-05-06 04:00:00-04:00,5641.75,5642.5,5625.5,5634.75,19224,0.0,0.0
2025-05-06 05:00:00-04:00,5634.5,5635.25,5624.0,5633.5,14280,0.0,0.0
2025-05-06 06:00:00-04:00,5633.25,5640.25,5629.5,5639.75,12296,0.0,0.0
2025-05-06 07:00:00-04:00,5640.0,5643.25,5616.5,5625.5,28974,0.0,0.0
2025-05-06 08:00:00-04:00,5625.5,5630.0,5619.25,5627.0,23064,0.0,0.0
2025-05-06 09:00:00-04:00,5627.0,5634.0,5607.0,5611.25,144215,0.0,0.0
2025-05-06 10:00:00-04:00,5611.5,5652.75,5608.5,5645.25,179324,0.0,0.0
2025-05-06 11:00:00-04:00,5645.5,5657.5,5639.5,5641.5,115743,0.0,0.0
2025-05-06 12:00:00-04:00,5641.25,5671.75,5628.75,5629.75,165101,0.0,0.0
2025-05-06 13:00:00-04:00,5630.0,5643.75,5620.25,5622.0,95810,0.0,0.0
2025-05-06 14:00:00-04:00,5622.0,5648.5,5621.75,5648.5,118471,0.0,0.0
2025-05-06 15:00:00-04:00,5648.25,5651.5,5624.0,5625.5,216807,0.0,0.0
2025-05-06 16:00:00-04:00,5626.0,5627.75,5605.0,5615.0,64651,0.0,0.0
2025-05-06 18:00:00-04:00,5608.5,5689.75,5608.5,5672.25,0,0.0,0.0
2025-05-06 19:00:00-04:00,5672.5,5674.75,5663.0,5671.75,8432,0.0,0.0
2025-05-06 20:00:00-04:00,5671.5,5681.5,5658.75,5675.25,11871,0.0,0.0
2025-05-06 21:00:00-04:00,5675.25,5680.5,5665.25,5669.25,8004,0.0,0.0
2025-05-06 22:00:00-04:00,5669.5,5669.75,5652.5,5657.25,7020,0.0,0.0
2025-05-06 23:00:00-04:00,5657.25,5663.75,5656.75,5659.0,3841,0.0,0.0
2025-05-07 00:00:00-04:00,5662.0,5666.25,5658.25,5660.75,3419,0.0,0.0
2025-05-07 01:00:00-04:00,5661.0,5661.0,5651.0,5652.5,4969,0.0,0.0
2025-05-07 02:00:00-04:00,5652.5,5657.25,5646.25,5651.5,6817,0.0,0.0
2025-05-07 03:00:00-04:00,5651.5,5660.5,5649.5,5659.0,9770,0.0,0.0
2025-05-07 04:00:00-04:00,5659.0,5662.75,5651.25,5659.5,8471,0.0,0.0
2025-05-07 05:00:00-04:00,5659.75,5662.5,5652.5,5656.75,7072,0.0,0.0
2025-05-07 06:00:00-04:00,5656.75,5663.75,5651.5,5659.75,8123,0.0,0.0
2025-05-07 07:00:00-04:00,5660.0,5667.75,5655.25,5659.5,10483,0.0,0.0
2025-05-07 08:00:00-04:00,5659.5,5660.25,5642.0,5645.25,22350,0.0,0.0
2025-05-07 09:00:00-04:00,5645.0,5652.5,5631.25,5651.0,130323,0.0,0.0
2025-05-07 10:00:00-04:00,5651.0,5656.5,5626.25,5631.0,127145,0.0,0.0
2025-05-07 11:00:00-04:00,5631.0,5638.0,5620.0,5636.0,139021,0.0,0.0
2025-05-07 12:00:00-04:00,5636.0,5651.0,5627.25,5649.25,84592,0.0,0.0
2025-05-07 13:00:00-04:00,5649.25,5655.75,5624.5,5627.75,103917,0.0,0.0
2025-05-07 14:00:00-04:00,5627.75,5649.0,5596.0,5645.0,215358,0.0,0.0
2025-05-07 15:00:00-04:00,5645.25,5675.0,5611.25,5648.75,316044,0.0,0.0
2025-05-07 16:00:00-04:00,5648.75,5661.0,5642.75,5645.75,51012,0.0,0.0
2025-05-07 18:00:00-04:00,5643.25,5647.75,5636.5,5645.0,0,0.0,0.0
2025-05-07 19:00:00-04:00,5645.25,5651.75,5644.5,5645.75,2757,0.0,0.0
2025-05-07 20:00:00-04:00,5646.0,5669.25,5641.25,5664.5,12295,0.0,0.0
2025-05-07 21:00:00-04:00,5664.5,5684.5,5661.25,5671.0,17085,0.0,0.0
2025-05-07 22:00:00-04:00,5671.0,5683.0,5671.0,5680.5,5821,0.0,0.0
2025-05-07 23:00:00-04:00,5680.5,5697.75,5679.0,5696.75,9027,0.0,0.0
2025-05-08 00:00:00-04:00,5698.0,5700.5,5694.25,5697.75,6938,0.0,0.0
2025-05-08 01:00:00-04:00,5698.0,5699.0,5689.5,5691.5,5420,0.0,0.0
2025-05-08 02:00:00-04:00,5691.25,5691.5,5683.0,5687.5,8081,0.0,0.0
2025-05-08 03:00:00-04:00,5687.5,5700.0,5685.25,5692.25,13767,0.0,0.0
2025-05-08 04:00:00-04:00,5692.25,5706.75,5689.0,5706.0,15919,0.0,0.0
2025-05-08 05:00:00-04:00,5706.25,5715.75,5704.25,5711.75,12366,0.0,0.0
2025-05-08 06:00:00-04:00,5712.0,5717.25,5708.5,5717.0,12709,0.0,0.0
2025-05-08 07:00:00-04:00,5716.5,5717.5,5698.25,5701.0,22866,0.0,0.0
2025-05-08 08:00:00-04:00,5701.25,5706.0,5681.25,5693.25,56983,0.0,0.0
2025-05-08 09:00:00-04:00,5693.5,5695.0,5671.5,5677.75,106836,0.0,0.0
2025-05-08 10:00:00-04:00,5677.75,5688.0,5653.0,5662.0,178706,0.0,0.0
2025-05-08 11:00:00-04:00,5661.75,5733.5,5656.5,5721.25,254806,0.0,0.0
2025-05-08 12:00:00-04:00,5721.25,5741.0,5720.75,5739.0,124151,0.0,0.0
2025-05-08 13:00:00-04:00,5738.75,5739.75,5713.0,5714.25,94140,0.0,0.0
2025-05-08 14:00:00-04:00,5714.0,5728.75,5711.25,5720.75,91906,0.0,0.0
2025-05-08 15:00:00-04:00,5720.5,5732.0,5682.5,5686.5,244192,0.0,0.0
2025-05-08 16:00:00-04:00,5686.5,5693.25,5682.5,5684.5,52540,0.0,0.0
2025-05-08 18:00:00-04:00,5688.5,5690.5,5681.5,5685.75,0,0.0,0.0
2025-05-08 19:00:00-04:00,5685.5,5688.0,5676.0,5679.5,5420,0.0,0.0
2025-05-08 20:00:00-04:00,5679.0,5679.5,5665.25,5675.0,8902,0.0,0.0
2025-05-08 21:00:00-04:00,5675.25,5685.5,5673.5,5684.75,5504,0.0,0.0
2025-05-08 22:00:00-04:00,5685.0,5695.75,5682.75,5684.25,6855,0.0,0.0
2025-05-08 23:00:00-04:00,5684.0,5691.75,5676.25,5691.0,6382,0.0,0.0
2025-05-09 00:00:00-04:00,5691.0,5693.25,5687.75,5691.25,2222,0.0,0.0
2025-05-09 01:00:00-04:00,5691.25,5693.5,5683.5,5692.0,4940,0.0,0.0
2025-05-09 02:00:00-04:00,5691.75,5693.5,5685.75,5690.25,6624,0.0,0.0
2025-05-09 03:00:00-04:00,5690.0,5698.25,5683.75,5688.75,11203,0.0,0.0
2025-05-09 04:00:00-04:00,5689.25,5691.0,5682.5,5685.75,9089,0.0,0.0
2025-05-09 05:00:00-04:00,5685.75,5693.0,5685.25,5692.75,5634,0.0,0.0
2025-05-09 06:00:00-04:00,5692.75,5703.25,5692.25,5700.0,7798,0.0,0.0
2025-05-09 07:00:00-04:00,5700.5,5715.25,5676.0,5696.75,44003,0.0,0.0
2025-05-09 08:00:00-04:00,5696.5,5710.75,5694.5,5703.5,20063,0.0,0.0
2025-05-09 09:00:00-04:00,5703.5,5710.5,5693.0,5704.75,90787,0.0,0.0
2025-05-09 10:00:00-04:00,5704.75,5708.75,5662.5,5680.5,186269,0.0,0.0
2025-05-09 11:00:00-04:00,5680.5,5691.0,5673.5,5690.75,117455,0.0,0.0
2025-05-09 12:00:00-04:00,5690.75,5691.5,5665.5,5668.5,94694,0.0,0.0
2025-05-09 13:00:00-04:00,5668.75,5688.5,5663.0,5687.0,82803,0.0,0.0
2025-05-09 14:00:00-04:00,5687.0,5687.75,5675.5,5683.5,59384,0.0,0.0
2025-05-09 15:00:00-04:00,5683.25,5694.0,5676.0,5677.75,162098,0.0,0.0
2025-05-09 16:00:00-04:00,5678.0,5684.0,5674.25,5684.0,40998,0.0,0.0
2025-05-11 18:00:00-04:00,5761.0,5768.5,5734.25,5739.25,21174,0.0,0.0
2025-05-11 19:00:00-04:00,5739.75,5755.75,5738.0,5745.75,12254,0.0,0.0
2025-05-11 20:00:00-04:00,5745.5,5756.5,5743.5,5751.5,10161,0.0,0.0
2025-05-11 21:00:00-04:00,5751.5,5761.0,5750.25,5755.75,8741,0.0,0.0
2025-05-11 22:00:00-04:00,5755.5,5757.25,5752.5,5756.5,4097,0.0,0.0
2025-05-11 23:00:00-04:00,5756.25,5761.0,5755.0,5760.25,3637,0.0,0.0
2025-05-12 00:00:00-04:00,5760.25,5762.75,5759.0,5761.0,3068,0.0,0.0
2025-05-12 01:00:00-04:00,5761.5,5767.5,5758.75,5763.5,5154,0.0,0.0
2025-05-12 02:00:00-04:00,5763.75,5770.75,5759.25,5767.5,13398,0.0,0.0
2025-05-12 03:00:00-04:00,5767.0,5853.75,5766.75,5820.5,91332,0.0,0.0
2025-05-12 04:00:00-04:00,5820.75,5836.25,5815.25,5830.25,40157,0.0,0.0
2025-05-12 05:00:00-04:00,5830.5,5840.0,5829.0,5839.0,20405,0.0,0.0
2025-05-12 06:00:00-04:00,5839.0,5861.75,5835.0,5858.75,44230,0.0,0.0
2025-05-12 07:00:00-04:00,5858.5,5865.75,5838.0,5846.5,57412,0.0,0.0
2025-05-12 08:00:00-04:00,5846.25,5862.0,5845.0,5848.25,44521,0.0,0.0
2025-05-12 09:00:00-04:00,5848.5,5855.0,5819.0,5823.25,202109,0.0,0.0
2025-05-12 10:00:00-04:00,5829.0,5840.75,5807.25,5826.25,247295,0.0,0.0
2025-05-12 11:00:00-04:00,5826.5,5833.5,5816.25,5817.5,138874,0.0,0.0
2025-05-12 12:00:00-04:00,5817.75,5849.5,5815.75,5847.0,115466,0.0,0.0
2025-05-12 13:00:00-04:00,5847.0,5861.0,5846.0,5852.25,132516,0.0,0.0
2025-05-12 14:00:00-04:00,5854.25,5862.25,5849.25,5851.5,114720,0.0,0.0
2025-05-12 15:00:00-04:00,5851.75,5866.25,5844.0,5864.5,262547,0.0,0.0
2025-05-12 16:00:00-04:00,5864.25,5876.25,5863.75,5868.25,78317,0.0,0.0
2025-05-12 18:00:00-04:00,5868.0,5869.0,5859.0,5860.0,0,0.0,0.0
2025-05-12 19:00:00-04:00,5860.25,5869.75,5856.75,5856.75,4247,0.0,0.0
2025-05-12 20:00:00-04:00,5856.75,5856.75,5847.75,5849.0,7962,0.0,0.0
2025-05-12 21:00:00-04:00,5849.25,5853.5,5846.5,5850.0,6875,0.0,0.0
2025-05-12 22:00:00-04:00,5850.25,5854.5,5844.25,5848.75,7130,0.0,0.0
2025-05-12 23:00:00-04:00,5848.5,5849.5,5841.75,5842.75,5668,0.0,0.0
2025-05-13 00:00:00-04:00,5841.75,5843.75,5835.75,5840.5,7115,0.0,0.0
2025-05-13 01:00:00-04:00,5840.75,5847.0,5839.75,5845.75,4919,0.0,0.0
2025-05-13 02:00:00-04:00,5846.0,5851.0,5842.25,5843.25,8472,0.0,0.0
2025-05-13 03:00:00-04:00,5843.5,5846.75,5838.0,5841.0,13983,0.0,0.0
2025-05-13 04:00:00-04:00,5841.25,5848.0,5838.0,5839.0,10231,0.0,0.0
2025-05-13 05:00:00-04:00,5839.25,5850.5,5837.5,5850.0,8808,0.0,0.0
2025-05-13 06:00:00-04:00,5850.0,5853.75,5845.0,5847.0,16026,0.0,0.0
2025-05-13 07:00:00-04:00,5847.25,5857.25,5846.5,5856.25,15188,0.0,0.0
2025-05-13 08:00:00-04:00,5856.25,5885.5,5854.25,5868.5,53351,0.0,0.0
2025-05-13 09:00:00-04:00,5868.25,5890.25,5863.5,5888.5,147207,0.0,0.0
2025-05-13 10:00:00-04:00,5888.5,5915.0,5887.75,5906.75,220584,0.0,0.0
2025-05-13 11:00:00-04:00,5906.75,5920.25,5903.0,5912.25,143122,0.0,0.0
2025-05-13 12:00:00-04:00,5912.25,5919.5,5905.25,5915.75,106237,0.0,0.0
2025-05-13 13:00:00-04:00,5915.5,5927.0,5912.25,5915.0,108877,0.0,0.0
2025-05-13 14:00:00-04:00,5915.25,5923.25,5910.5,5922.0,103632,0.0,0.0
2025-05-13 15:00:00-04:00,5921.75,5926.75,5903.5,5909.25,164730,0.0,0.0
2025-05-13 16:00:00-04:00,5902.0,5904.25,5899.5,5900.75,94114,0.0,0.0
2025-05-13 18:00:00-04:00,5902.0,5905.0,5900.25,5904.0,0,0.0,0.0
2025-05-13 19:00:00-04:00,5902.75,5909.5,5900.75,5907.75,5991,0.0,0.0
2025-05-13 20:00:00-04:00,5907.5,5908.75,5902.0,5903.75,5416,0.0,0.0
2025-05-13 21:00:00-04:00,5903.75,5906.0,5898.5,5904.5,7599,0.0,0.0
2025-05-13 22:00:00-04:00,5904.5,5905.5,5899.5,5902.0,4878,0.0,0.0
2025-05-13 23:00:00-04:00,5902.25,5908.0,5902.0,5905.5,4274,0.0,0.0
2025-05-14 00:00:00-04:00,5903.75,5911.25,5903.5,5908.25,3253,0.0,0.0
2025-05-14 01:00:00-04:00,5908.25,5912.0,5906.75,5908.75,3824,0.0,0.0
2025-05-14 02:00:00-04:00,5908.75,5916.0,5905.5,5914.0,7340,0.0,0.0
2025-05-14 03:00:00-04:00,5914.25,5917.75,5904.0,5909.75,14134,0.0,0.0
2025-05-14 04:00:00-04:00,5909.5,5911.0,5902.5,5905.5,14129,0.0,0.0
2025-05-14 05:00:00-04:00,5905.5,5907.0,5896.5,5899.0,14934,0.0,0.0
2025-05-14 06:00:00-04:00,5898.75,5907.0,5896.25,5904.0,10443,0.0,0.0
2025-05-14 07:00:00-04:00,5904.25,5922.5,5904.0,5915.75,24420,0.0,0.0
2025-05-14 08:00:00-04:00,5915.5,5924.5,5913.5,5915.25,28821,0.0,0.0
2025-05-14 09:00:00-04:00,5915.25,5925.0,5899.5,5910.25,147242,0.0,0.0
2025-05-14 10:00:00-04:00,5910.5,5914.5,5898.75,5910.5,149602,0.0,0.0
2025-05-14 11:00:00-04:00,5910.25,5919.0,5892.5,5915.25,141956,0.0,0.0
2025-05-14 12:00:00-04:00,5915.25,5921.0,5906.0,5909.75,86938,0.0,0.0
2025-05-14 13:00:00-04:00,5909.75,5910.0,5890.0,5908.5,108502,0.0,0.0
2025-05-14 14:00:00-04:00,5908.25,5917.5,5900.5,5911.5,99883,0.0,0.0
2025-05-14 15:00:00-04:00,5911.5,5916.5,5898.75,5909.75,214582,0.0,0.0
2025-05-14 16:00:00-04:00,5909.5,5911.25,5905.5,5906.0,45301,0.0,0.0
2025-05-14 18:00:00-04:00,5904.0,5904.0,5900.0,5901.25,0,0.0,0.0
2025-05-14 19:00:00-04:00,5901.25,5901.75,5892.25,5896.75,7014,0.0,0.0
2025-05-14 20:00:00-04:00,5896.5,5901.75,5895.5,5899.5,4977,0.0,0.0
2025-05-14 21:00:00-04:00,5899.5,5902.25,5895.5,5897.25,5169,0.0,0.0
2025-05-14 22:00:00-04:00,5897.25,5903.0,5894.5,5901.5,4970,0.0,0.0
2025-05-14 23:00:00-04:00,5901.5,5902.0,5896.75,5898.0,2847,0.0,0.0
2025-05-15 00:00:00-04:00,5898.5,5899.0,5896.25,5898.5,2068,0.0,0.0
2025-05-15 01:00:00-04:00,5898.5,5899.0,5885.25,5888.5,6636,0.0,0.0
2025-05-15 02:00:00-04:00,5888.5,5896.5,5887.0,5891.5,7053,0.0,0.0
2025-05-15 03:00:00-04:00,5891.25,5895.0,5877.75,5878.75,16844,0.0,0.0
2025-05-15 04:00:00-04:00,5878.75,5883.25,5867.25,5870.5,17817,0.0,0.0
2025-05-15 05:00:00-04:00,5870.5,5882.5,5867.0,5882.25,14109,0.0,0.0
2025-05-15 06:00:00-04:00,5881.75,5881.75,5875.25,5879.75,10904,0.0,0.0
2025-05-15 07:00:00-04:00,5879.5,5889.5,5878.25,5884.5,20698,0.0,0.0
2025-05-15 08:00:00-04:00,5884.5,5898.25,5877.0,5887.0,38054,0.0,0.0
2025-05-15 09:00:00-04:00,5887.0,5898.5,5884.5,5895.25,121664,0.0,0.0
2025-05-15 10:00:00-04:00,5895.25,5905.5,5887.0,5900.5,159843,0.0,0.0
2025-05-15 11:00:00-04:00,5900.75,5929.0,5899.25,5925.25,159138,0.0,0.0
2025-05-15 12:00:00-04:00,5925.5,5936.75,5922.25,5936.5,118713,0.0,0.0
2025-05-15 13:00:00-04:00,5936.5,5944.5,5931.5,5933.25,106563,0.0,0.0
2025-05-15 14:00:00-04:00,5933.5,5937.75,5921.25,5931.75,127637,0.0,0.0
2025-05-15 15:00:00-04:00,5931.75,5939.0,5917.5,5938.25,221884,0.0,0.0
2025-05-15 16:00:00-04:00,5938.25,5941.5,5933.5,5934.0,50134,0.0,0.0
2025-05-15 17:00:00-04:00,5934.0,5934.0,5934.0,5934.0,1,0.0,0.0
2025-05-15 18:00:00-04:00,5935.0,5936.0,5930.75,5931.25,0,0.0,0.0
2025-05-15 19:00:00-04:00,5931.25,5936.75,5930.5,5936.0,3174,0.0,0.0
2025-05-15 20:00:00-04:00,5936.0,5940.0,5924.5,5925.25,7222,0.0,0.0
2025-05-15 21:00:00-04:00,5925.25,5928.75,5923.0,5926.75,5667,0.0,0.0
2025-05-15 22:00:00-04:00,5926.5,5934.0,5925.0,5933.0,3736,0.0,0.0
2025-05-15 23:00:00-04:00,5932.75,5935.75,5931.75,5933.25,2327,0.0,0.0
2025-05-16 00:00:00-04:00,5934.0,5935.5,5932.0,5933.0,2283,0.0,0.0
2025-05-16 01:00:00-04:00,5932.75,5934.0,5930.25,5930.5,2570,0.0,0.0
2025-05-16 02:00:00-04:00,5930.75,5936.25,5927.25,5929.0,5178,0.0,0.0
2025-05-16 03:00:00-04:00,5929.25,5945.75,5927.5,5944.25,9228,0.0,0.0
2025-05-16 04:00:00-04:00,5944.0,5952.5,5943.25,5948.5,12613,0.0,0.0
2025-05-16 05:00:00-04:00,5948.75,5950.25,5944.75,5945.25,7393,0.0,0.0
2025-05-16 06:00:00-04:00,5945.5,5952.25,5943.0,5948.5,9168,0.0,0.0
2025-05-16 07:00:00-04:00,5948.5,5956.5,5946.75,5954.75,11068,0.0,0.0
2025-05-16 08:00:00-04:00,5954.75,5958.0,5944.75,5945.25,22087,0.0,0.0
2025-05-16 09:00:00-04:00,5945.25,5951.25,5931.75,5945.0,153741,0.0,0.0
2025-05-16 10:00:00-04:00,5945.0,5948.25,5924.75,5936.5,173887,0.0,0.0
2025-05-16 11:00:00-04:00,5936.75,5948.5,5935.75,5942.5,100405,0.0,0.0
2025-05-16 12:00:00-04:00,5942.25,5957.25,5941.0,5954.5,93407,0.0,0.0
2025-05-16 13:00:00-04:00,5954.75,5967.25,5953.25,5960.5,90244,0.0,0.0
2025-05-16 14:00:00-04:00,5960.5,5972.75,5958.75,5968.0,87317,0.0,0.0
2025-05-16 15:00:00-04:00,5968.0,5977.5,5964.25,5975.25,208767,0.0,0.0
2025-05-16 16:00:00-04:00,5975.0,5975.5,5938.5,5948.5,62709,0.0,0.0
2025-05-18 18:00:00-04:00,5930.25,5940.75,5920.0,5939.0,13440,0.0,0.0
2025-05-18 19:00:00-04:00,5939.25,5948.0,5935.5,5940.5,6884,0.0,0.0
2025-05-18 20:00:00-04:00,5940.75,5941.25,5923.25,5931.75,13190,0.0,0.0
2025-05-18 21:00:00-04:00,5931.75,5935.5,5927.5,5928.75,7926,0.0,0.0
2025-05-18 22:00:00-04:00,5928.5,5934.75,5925.5,5925.75,5842,0.0,0.0
2025-05-18 23:00:00-04:00,5925.5,5926.5,5909.75,5911.5,8336,0.0,0.0
2025-05-19 00:00:00-04:00,5912.5,5916.75,5909.75,5913.0,5887,0.0,0.0
2025-05-19 01:00:00-04:00,5912.75,5918.5,5910.25,5917.0,5881,0.0,0.0
2025-05-19 02:00:00-04:00,5917.0,5923.5,5905.0,5905.5,12010,0.0,0.0
2025-05-19 03:00:00-04:00,5905.75,5913.0,5902.5,5906.0,12685,0.0,0.0
2025-05-19 04:00:00-04:00,5905.75,5907.75,5892.75,5897.75,19066,0.0,0.0
2025-05-19 05:00:00-04:00,5897.75,5907.75,5893.75,5903.5,13115,0.0,0.0
2025-05-19 06:00:00-04:00,5903.75,5912.75,5895.5,5909.5,12231,0.0,0.0
2025-05-19 07:00:00-04:00,5909.75,5918.0,5905.5,5916.0,15600,0.0,0.0
2025-05-19 08:00:00-04:00,5916.0,5919.0,5908.0,5917.5,26257,0.0,0.0
2025-05-19 09:00:00-04:00,5917.75,5945.5,5902.5,5943.75,166863,0.0,0.0
2025-05-19 10:00:00-04:00,5943.5,5964.75,5941.75,5951.5,181628,0.0,0.0
2025-05-19 11:00:00-04:00,5951.75,5969.5,5951.0,5962.5,104066,0.0,0.0
2025-05-19 12:00:00-04:00,5962.5,5979.5,5960.75,5977.25,90364,0.0,0.0
2025-05-19 13:00:00-04:00,5977.25,5987.5,5975.0,5975.25,121134,0.0,0.0
2025-05-19 14:00:00-04:00,5975.5,5977.5,5965.0,5975.75,100118,0.0,0.0
2025-05-19 15:00:00-04:00,5976.0,5984.5,5962.75,5981.0,204608,0.0,0.0
2025-05-19 16:00:00-04:00,5981.25,5982.5,5970.25,5980.5,42323,0.0,0.0
2025-05-19 18:00:00-04:00,5980.0,5981.25,5975.75,5979.75,0,0.0,0.0
2025-05-19 19:00:00-04:00,5979.75,5993.5,5978.75,5987.25,11641,0.0,0.0
2025-05-19 20:00:00-04:00,5987.0,5991.0,5982.0,5982.0,8569,0.0,0.0
2025-05-19 21:00:00-04:00,5982.0,5982.0,5964.75,5969.0,10103,0.0,0.0
2025-05-19 22:00:00-04:00,5969.0,5971.5,5965.25,5968.75,4823,0.0,0.0
2025-05-19 23:00:00-04:00,5968.5,5969.25,5963.75,5965.5,3827,0.0,0.0
2025-05-20 00:00:00-04:00,5965.25,5968.25,5963.0,5967.0,3554,0.0,0.0
2025-05-20 01:00:00-04:00,5967.0,5974.25,5959.25,5959.75,6900,0.0,0.0
2025-05-20 02:00:00-04:00,5959.5,5962.5,5955.25,5961.25,7916,0.0,0.0
2025-05-20 03:00:00-04:00,5961.0,5971.5,5957.0,5964.5,11133,0.0,0.0
2025-05-20 04:00:00-04:00,5964.75,5968.75,5959.0,5962.25,8321,0.0,0.0
2025-05-20 05:00:00-04:00,5962.25,5967.0,5959.0,5960.5,6812,0.0,0.0
2025-05-20 06:00:00-04:00,5960.75,5971.0,5958.5,5970.5,8613,0.0,0.0
2025-05-20 07:00:00-04:00,5970.5,5974.5,5969.5,5970.25,12197,0.0,0.0
2025-05-20 08:00:00-04:00,5970.0,5973.5,5962.5,5966.25,15032,0.0,0.0
2025-05-20 09:00:00-04:00,5966.25,5971.25,5950.75,5958.75,127760,0.0,0.0
2025-05-20 10:00:00-04:00,5959.0,5971.0,5953.75,5960.0,137383,0.0,0.0
2025-05-20 11:00:00-04:00,5960.0,5966.75,5955.0,5962.75,102383,0.0,0.0
2025-05-20 12:00:00-04:00,5962.5,5966.5,5952.75,5964.5,84479,0.0,0.0
2025-05-20 13:00:00-04:00,5964.75,5969.0,5955.25,5961.0,85017,0.0,0.0
2025-05-20 14:00:00-04:00,5960.75,5962.75,5936.25,5939.75,140085,0.0,0.0
2025-05-20 15:00:00-04:00,5939.5,5961.0,5926.75,5959.25,216397,0.0,0.0
2025-05-20 16:00:00-04:00,5959.25,5960.25,5951.5,5954.0,44033,0.0,0.0
2025-05-20 18:00:00-04:00,5953.5,5953.75,5936.0,5948.0,0,0.0,0.0
2025-05-20 19:00:00-04:00,5948.0,5955.0,5947.25,5955.0,3965,0.0,0.0
2025-05-20 20:00:00-04:00,5955.0,5958.25,5948.25,5953.0,6178,0.0,0.0
2025-05-20 21:00:00-04:00,5953.0,5955.5,5944.25,5948.0,6059,0.0,0.0
2025-05-20 22:00:00-04:00,5948.0,5948.75,5941.5,5942.75,4845,0.0,0.0
2025-05-20 23:00:00-04:00,5942.5,5945.75,5939.5,5943.0,3859,0.0,0.0
2025-05-21 00:00:00-04:00,5941.25,5942.25,5935.75,5938.0,3433,0.0,0.0
2025-05-21 01:00:00-04:00,5938.0,5943.5,5931.5,5932.0,4484,0.0,0.0
2025-05-21 02:00:00-04:00,5932.0,5933.5,5923.0,5924.75,10511,0.0,0.0
2025-05-21 03:00:00-04:00,5924.75,5934.25,5924.5,5932.5,9038,0.0,0.0
2025-05-21 04:00:00-04:00,5932.5,5934.0,5920.25,5926.75,8818,0.0,0.0
2025-05-21 05:00:00-04:00,5927.0,5930.25,5912.25,5914.5,11665,0.0,0.0
2025-05-21 06:00:00-04:00,5914.25,5919.5,5905.0,5919.25,15336,0.0,0.0
2025-05-21 07:00:00-04:00,5919.0,5934.0,5918.75,5930.75,18970,0.0,0.0
2025-05-21 08:00:00-04:00,5930.75,5931.5,5916.75,5923.0,27616,0.0,0.0
2025-05-21 09:00:00-04:00,5923.0,5935.25,5908.75,5928.25,131421,0.0,0.0
2025-05-21 10:00:00-04:00,5928.5,5944.25,5918.5,5936.5,165442,0.0,0.0
2025-05-21 11:00:00-04:00,5936.25,5952.75,5933.75,5947.5,130462,0.0,0.0
2025-05-21 12:00:00-04:00,5947.5,5956.25,5944.5,5946.25,85321,0.0,0.0
2025-05-21 13:00:00-04:00,5946.5,5948.0,5867.0,5891.25,319776,0.0,0.0
2025-05-21 14:00:00-04:00,5891.0,5893.5,5867.25,5869.75,163477,0.0,0.0
2025-05-21 15:00:00-04:00,5869.75,5876.0,5847.75,5859.25,275059,0.0,0.0
2025-05-21 16:00:00-04:00,5859.5,5861.5,5851.25,5858.75,60938,0.0,0.0
2025-05-21 18:00:00-04:00,5858.0,5865.75,5851.0,5858.25,0,0.0,0.0
2025-05-21 19:00:00-04:00,5858.0,5865.25,5856.0,5860.5,6889,0.0,0.0
2025-05-21 20:00:00-04:00,5860.75,5872.25,5858.5,5871.5,9393,0.0,0.0
2025-05-21 21:00:00-04:00,5871.5,5874.25,5862.75,5863.25,6654,0.0,0.0
2025-05-21 22:00:00-04:00,5863.0,5869.0,5861.25,5863.0,5823,0.0,0.0
2025-05-21 23:00:00-04:00,5863.25,5868.5,5863.0,5865.5,3973,0.0,0.0
2025-05-22 00:00:00-04:00,5864.0,5865.5,5861.75,5862.75,2340,0.0,0.0
2025-05-22 01:00:00-04:00,5862.5,5871.0,5861.0,5870.25,4399,0.0,0.0
2025-05-22 02:00:00-04:00,5870.0,5872.75,5863.75,5868.5,6141,0.0,0.0
2025-05-22 03:00:00-04:00,5868.5,5876.75,5864.0,5868.75,15010,0.0,0.0
2025-05-22 04:00:00-04:00,5868.75,5873.0,5865.25,5869.0,13021,0.0,0.0
2025-05-22 05:00:00-04:00,5869.0,5870.75,5863.25,5867.75,9524,0.0,0.0
2025-05-22 06:00:00-04:00,5867.5,5870.75,5861.5,5864.75,12675,0.0,0.0
2025-05-22 07:00:00-04:00,5864.25,5875.0,5838.0,5838.0,36332,0.0,0.0
2025-05-22 08:00:00-04:00,5838.25,5860.5,5828.75,5859.25,55832,0.0,0.0
2025-05-22 09:00:00-04:00,5859.5,5872.25,5842.75,5870.5,166347,0.0,0.0
2025-05-22 10:00:00-04:00,5870.5,5880.5,5843.5,5857.5,206179,0.0,0.0
2025-05-22 11:00:00-04:00,5857.75,5872.5,5851.75,5871.25,153344,0.0,0.0
2025-05-22 12:00:00-04:00,5871.0,5885.0,5858.75,5859.75,122580,0.0,0.0
2025-05-22 13:00:00-04:00,5859.75,5887.25,5854.75,5883.0,126735,0.0,0.0
2025-05-22 14:00:00-04:00,5883.0,5890.0,5877.75,5887.25,98918,0.0,0.0
2025-05-22 15:00:00-04:00,5887.25,5895.0,5853.75,5858.75,238634,0.0,0.0
2025-05-22 16:00:00-04:00,5858.5,5868.0,5856.25,5868.0,51848,0.0,0.0
2025-05-22 18:00:00-04:00,5869.25,5872.0,5851.0,5852.5,0,0.0,0.0
2025-05-22 19:00:00-04:00,5852.25,5860.75,5850.0,5859.5,5150,0.0,0.0
2025-05-22 20:00:00-04:00,5859.75,5865.25,5859.25,5865.25,5051,0.0,0.0
2025-05-22 21:00:00-04:00,5865.0,5865.0,5856.25,5858.0,5922,0.0,0.0
2025-05-22 22:00:00-04:00,5858.0,5868.0,5857.0,5863.25,4600,0.0,0.0
2025-05-22 23:00:00-04:00,5863.5,5867.5,5860.0,5862.0,4260,0.0,0.0
2025-05-23 00:00:00-04:00,5859.5,5860.25,5851.75,5854.0,4014,0.0,0.0
2025-05-23 01:00:00-04:00,5854.0,5860.5,5852.25,5854.75,3963,0.0,0.0
2025-05-23 02:00:00-04:00,5854.5,5854.75,5841.75,5850.25,9822,0.0,0.0
2025-05-23 03:00:00-04:00,5850.25,5870.25,5850.25,5866.5,12608,0.0,0.0
2025-05-23 04:00:00-04:00,5866.5,5871.5,5860.0,5860.75,8634,0.0,0.0
2025-05-23 05:00:00-04:00,5860.75,5861.25,5843.5,5858.0,11865,0.0,0.0
2025-05-23 06:00:00-04:00,5857.75,5859.75,5849.5,5856.75,7920,0.0,0.0
2025-05-23 07:00:00-04:00,5856.5,5858.75,5768.25,5775.75,110549,0.0,0.0
2025-05-23 08:00:00-04:00,5776.0,5784.75,5756.5,5774.75,92661,0.0,0.0
2025-05-23 09:00:00-04:00,5774.75,5806.5,5762.75,5792.75,225539,0.0,0.0
2025-05-23 10:00:00-04:00,5793.0,5814.5,5791.5,5796.0,195320,0.0,0.0
2025-05-23 11:00:00-04:00,5796.25,5822.25,5792.75,5805.25,146218,0.0,0.0
2025-05-23 12:00:00-04:00,5805.25,5821.25,5800.0,5815.0,108402,0.0,0.0
2025-05-23 13:00:00-04:00,5815.0,5840.0,5812.0,5833.75,107812,0.0,0.0
2025-05-23 14:00:00-04:00,5833.75,5843.75,5825.25,5832.75,116663,0.0,0.0
2025-05-23 15:00:00-04:00,5832.75,5840.0,5810.25,5817.0,219757,0.0,0.0
2025-05-23 16:00:00-04:00,5817.0,5817.5,5807.0,5814.75,50039,0.0,0.0
2025-05-25 18:00:00-04:00,5820.0,5876.75,5813.0,5859.5,23825,0.0,0.0
2025-05-25 19:00:00-04:00,5860.0,5871.5,5859.25,5865.5,5425,0.0,0.0
2025-05-25 20:00:00-04:00,5865.5,5873.0,5861.5,5865.5,6420,0.0,0.0
2025-05-25 21:00:00-04:00,5865.5,5873.0,5861.75,5872.5,5005,0.0,0.0
2025-05-25 22:00:00-04:00,5872.75,5878.0,5868.5,5869.25,4791,0.0,0.0
2025-05-25 23:00:00-04:00,5869.25,5877.75,5869.25,5875.0,3274,0.0,0.0
2025-05-26 00:00:00-04:00,5875.25,5879.75,5873.5,5878.25,2639,0.0,0.0
2025-05-26 01:00:00-04:00,5878.5,5879.0,5873.0,5873.75,3317,0.0,0.0
2025-05-26 02:00:00-04:00,5873.5,5886.0,5870.0,5883.25,10560,0.0,0.0
2025-05-26 03:00:00-04:00,5883.75,5892.25,5880.0,5890.75,9045,0.0,0.0
2025-05-26 04:00:00-04:00,5891.0,5895.0,5882.0,5883.25,8624,0.0,0.0
2025-05-26 05:00:00-04:00,5883.5,5887.75,5882.25,5884.0,3195,0.0,0.0
2025-05-26 06:00:00-04:00,5884.25,5889.75,5882.25,5885.5,3057,0.0,0.0
2025-05-26 07:00:00-04:00,5885.25,5890.75,5884.5,5889.5,4600,0.0,0.0
2025-05-26 08:00:00-04:00,5889.5,5892.25,5884.5,5884.75,4551,0.0,0.0
2025-05-26 09:00:00-04:00,5884.75,5893.0,5880.5,5885.5,11030,0.0,0.0
2025-05-26 10:00:00-04:00,5885.75,5886.5,5874.5,5875.75,11303,0.0,0.0
2025-05-26 11:00:00-04:00,5875.75,5888.25,5871.0,5887.25,10378,0.0,0.0
2025-05-26 12:00:00-04:00,5887.5,5892.5,5884.25,5891.0,7019,0.0,0.0
2025-05-26 18:00:00-04:00,5889.0,5890.5,5877.75,5878.75,7052,0.0,0.0
2025-05-26 19:00:00-04:00,5879.0,5881.25,5875.75,5879.0,4426,0.0,0.0
2025-05-26 20:00:00-04:00,5879.0,5882.5,5872.75,5882.25,6919,0.0,0.0
2025-05-26 21:00:00-04:00,5882.0,5882.0,5868.75,5869.0,7782,0.0,0.0
2025-05-26 22:00:00-04:00,5868.75,5870.75,5866.25,5870.25,4062,0.0,0.0
2025-05-26 23:00:00-04:00,5870.0,5872.0,5862.5,5864.25,3813,0.0,0.0
2025-05-27 00:00:00-04:00,5868.25,5869.75,5867.5,5869.0,2444,0.0,0.0
2025-05-27 01:00:00-04:00,5869.0,5877.5,5866.25,5875.5,5300,0.0,0.0
2025-05-27 02:00:00-04:00,5875.5,5886.0,5875.25,5883.0,5792,0.0,0.0
2025-05-27 03:00:00-04:00,5883.25,5912.5,5880.75,5906.5,19939,0.0,0.0
2025-05-27 04:00:00-04:00,5906.25,5908.5,5897.5,5900.75,11735,0.0,0.0
2025-05-27 05:00:00-04:00,5901.0,5910.0,5899.75,5905.25,11675,0.0,0.0
2025-05-27 06:00:00-04:00,5905.25,5909.5,5899.75,5900.0,9189,0.0,0.0
2025-05-27 07:00:00-04:00,5899.75,5904.75,5894.5,5900.75,15010,0.0,0.0
2025-05-27 08:00:00-04:00,5900.5,5902.5,5886.0,5891.75,25040,0.0,0.0
2025-05-27 09:00:00-04:00,5891.75,5900.25,5868.25,5886.25,138170,0.0,0.0
2025-05-27 10:00:00-04:00,5886.25,5911.25,5885.5,5905.75,172190,0.0,0.0
2025-05-27 11:00:00-04:00,5905.5,5916.5,5904.75,5915.0,109298,0.0,0.0
2025-05-27 12:00:00-04:00,5915.0,5932.25,5914.25,5924.75,116125,0.0,0.0
2025-05-27 13:00:00-04:00,5924.75,5936.25,5924.25,5935.75,75710,0.0,0.0
2025-05-27 14:00:00-04:00,5935.75,5938.75,5929.0,5929.25,78099,0.0,0.0
2025-05-27 15:00:00-04:00,5929.25,5936.25,5923.75,5936.0,203644,0.0,0.0
2025-05-27 16:00:00-04:00,5936.25,5941.75,5932.25,5940.25,58709,0.0,0.0
2025-05-27 18:00:00-04:00,5940.75,5941.5,5935.25,5939.0,0,0.0,0.0
2025-05-27 19:00:00-04:00,5939.0,5941.75,5937.25,5937.5,4457,0.0,0.0
2025-05-27 20:00:00-04:00,5937.25,5937.5,5934.5,5935.75,4981,0.0,0.0
2025-05-27 21:00:00-04:00,5936.0,5938.75,5933.5,5934.25,4529,0.0,0.0
2025-05-27 22:00:00-04:00,5934.0,5936.25,5933.0,5933.5,2987,0.0,0.0
2025-05-27 23:00:00-04:00,5933.5,5936.25,5929.25,5930.0,3929,0.0,0.0
2025-05-28 00:00:00-04:00,5930.25,5930.5,5928.0,5928.5,2554,0.0,0.0
2025-05-28 01:00:00-04:00,5928.5,5932.0,5927.0,5930.0,4207,0.0,0.0
2025-05-28 02:00:00-04:00,5930.0,5932.75,5925.0,5926.0,5499,0.0,0.0
2025-05-28 03:00:00-04:00,5926.0,5929.75,5923.0,5923.25,11230,0.0,0.0
2025-05-28 04:00:00-04:00,5923.25,5927.5,5922.0,5922.75,8101,0.0,0.0
2025-05-28 05:00:00-04:00,5922.75,5925.0,5918.5,5925.0,9024,0.0,0.0
2025-05-28 06:00:00-04:00,5924.75,5944.0,5923.5,5943.25,14574,0.0,0.0
2025-05-28 07:00:00-04:00,5943.25,5944.0,5935.0,5939.0,12740,0.0,0.0
2025-05-28 08:00:00-04:00,5939.0,5945.75,5937.5,5938.25,17562,0.0,0.0
2025-05-28 09:00:00-04:00,5938.5,5952.5,5929.75,5933.25,140828,0.0,0.0
2025-05-28 10:00:00-04:00,5934.75,5936.0,5916.25,5917.75,164314,0.0,0.0
2025-05-28 11:00:00-04:00,5917.75,5925.75,5913.75,5914.75,121934,0.0,0.0
2025-05-28 12:00:00-04:00,5915.0,5926.75,5914.5,5923.75,78311,0.0,0.0
2025-05-28 13:00:00-04:00,5923.75,5930.5,5918.5,5921.5,84292,0.0,0.0
2025-05-28 14:00:00-04:00,5921.25,5929.0,5903.25,5922.25,113735,0.0,0.0
2025-05-28 15:00:00-04:00,5922.0,5932.75,5894.5,5901.5,237785,0.0,0.0
2025-05-28 16:00:00-04:00,5901.5,5927.0,5890.0,5902.75,79187,0.0,0.0
2025-05-28 18:00:00-04:00,5923.5,5946.75,5916.5,5945.0,0,0.0,0.0
2025-05-28 19:00:00-04:00,5945.25,5997.5,5945.25,5991.75,53914,0.0,0.0
2025-05-28 20:00:00-04:00,5992.0,6002.75,5977.0,6000.25,25689,0.0,0.0
2025-05-28 21:00:00-04:00,6000.25,6000.5,5984.5,5998.25,14255,0.0,0.0
2025-05-28 22:00:00-04:00,5998.25,6004.25,5995.75,5998.0,13068,0.0,0.0
2025-05-28 23:00:00-04:00,5998.0,6005.75,5993.5,5994.5,9451,0.0,0.0
2025-05-29 00:00:00-04:00,5996.5,6000.0,5993.5,5999.0,6335,0.0,0.0
2025-05-29 01:00:00-04:00,5999.25,6003.25,5996.25,5998.75,6807,0.0,0.0
2025-05-29 02:00:00-04:00,5998.5,5998.75,5989.25,5991.0,10947,0.0,0.0
2025-05-29 03:00:00-04:00,5991.0,6005.25,5985.25,6005.25,19858,0.0,0.0
2025-05-29 04:00:00-04:00,6005.5,6008.0,5990.0,5991.25,16842,0.0,0.0
2025-05-29 05:00:00-04:00,5991.25,5994.5,5983.75,5984.25,11581,0.0,0.0
2025-05-29 06:00:00-04:00,5984.75,5985.25,5964.75,5970.25,22352,0.0,0.0
2025-05-29 07:00:00-04:00,5970.25,5970.5,5951.0,5951.75,26836,0.0,0.0
2025-05-29 08:00:00-04:00,5952.0,5959.5,5940.5,5946.75,46094,0.0,0.0
2025-05-29 09:00:00-04:00,5946.75,5957.75,5926.25,5936.25,162964,0.0,0.0
2025-05-29 10:00:00-04:00,5936.0,5940.0,5908.5,5932.75,193586,0.0,0.0
2025-05-29 11:00:00-04:00,5932.75,5933.75,5888.5,5895.0,157422,0.0,0.0
2025-05-29 12:00:00-04:00,5895.0,5925.25,5884.0,5921.5,130291,0.0,0.0
2025-05-29 13:00:00-04:00,5921.25,5928.25,5907.5,5909.0,88265,0.0,0.0
2025-05-29 14:00:00-04:00,5909.25,5919.0,5899.5,5911.5,107715,0.0,0.0
2025-05-29 15:00:00-04:00,5911.75,5930.75,5906.25,5923.5,192533,0.0,0.0
2025-05-29 16:00:00-04:00,5923.25,5926.25,5915.5,5917.25,40811,0.0,0.0
2025-05-29 18:00:00-04:00,5912.25,5919.5,5905.75,5911.25,0,0.0,0.0
2025-05-29 19:00:00-04:00,5911.25,5915.0,5904.25,5904.5,5255,0.0,0.0
2025-05-29 20:00:00-04:00,5904.5,5911.75,5904.25,5907.25,6952,0.0,0.0
2025-05-29 21:00:00-04:00,5907.5,5910.0,5891.0,5909.5,11084,0.0,0.0
2025-05-29 22:00:00-04:00,5909.5,5912.5,5907.25,5911.75,4180,0.0,0.0
2025-05-29 23:00:00-04:00,5912.0,5913.0,5906.75,5909.25,2969,0.0,0.0
2025-05-30 00:00:00-04:00,5911.0,5911.75,5906.5,5909.75,2354,0.0,0.0
2025-05-30 01:00:00-04:00,5910.0,5923.0,5909.5,5917.75,5252,0.0,0.0
2025-05-30 02:00:00-04:00,5917.75,5920.0,5906.5,5906.5,7049,0.0,0.0
2025-05-30 03:00:00-04:00,5906.75,5917.0,5903.0,5913.25,10326,0.0,0.0
2025-05-30 04:00:00-04:00,5913.0,5919.5,5910.0,5911.5,8950,0.0,0.0
2025-05-30 05:00:00-04:00,5912.0,5919.0,5910.25,5910.5,6417,0.0,0.0
2025-05-30 06:00:00-04:00,5910.5,5918.0,5907.75,5916.0,6536,0.0,0.0
2025-05-30 07:00:00-04:00,5916.25,5922.75,5913.75,5914.75,9770,0.0,0.0
2025-05-30 08:00:00-04:00,5915.0,5921.5,5876.5,5899.0,77251,0.0,0.0
2025-05-30 09:00:00-04:00,5899.0,5912.75,5885.0,5891.75,138912,0.0,0.0
2025-05-30 10:00:00-04:00,5891.5,5920.5,5890.75,5908.0,171781,0.0,0.0
2025-05-30 11:00:00-04:00,5908.25,5915.0,5894.5,5901.0,133193,0.0,0.0
2025-05-30 12:00:00-04:00,5901.25,5907.75,5853.25,5865.0,227438,0.0,0.0
2025-05-30 13:00:00-04:00,5865.0,5888.75,5860.75,5879.75,130506,0.0,0.0
2025-05-30 14:00:00-04:00,5879.75,5910.0,5879.25,5908.0,140539,0.0,0.0
2025-05-30 15:00:00-04:00,5908.25,5932.75,5907.0,5914.75,350159,0.0,0.0
2025-05-30 16:00:00-04:00,5915.0,5924.75,5905.5,5913.75,87803,0.0,0.0
2025-06-01 18:00:00-04:00,5898.75,5909.25,5896.0,5901.25,9009,0.0,0.0
2025-06-01 19:00:00-04:00,5901.5,5901.75,5893.25,5898.75,5424,0.0,0.0
2025-06-01 20:00:00-04:00,5899.0,5906.0,5896.75,5899.75,8751,0.0,0.0
2025-06-01 21:00:00-04:00,5900.0,5904.25,5894.25,5896.75,6483,0.0,0.0
2025-06-01 22:00:00-04:00,5897.0,5898.75,5891.0,5894.75,6809,0.0,0.0
2025-06-01 23:00:00-04:00,5894.75,5894.75,5886.5,5888.0,8041,0.0,0.0
2025-06-02 00:00:00-04:00,5887.25,5892.5,5884.25,5886.75,5755,0.0,0.0
2025-06-02 01:00:00-04:00,5887.0,5890.25,5881.5,5885.0,6264,0.0,0.0
2025-06-02 02:00:00-04:00,5884.75,5888.75,5877.75,5882.5,8557,0.0,0.0
2025-06-02 03:00:00-04:00,5882.25,5892.5,5867.5,5881.0,19658,0.0,0.0
2025-06-02 04:00:00-04:00,5880.75,5894.75,5879.5,5887.5,16152,0.0,0.0
2025-06-02 05:00:00-04:00,5887.5,5888.75,5876.5,5882.5,13856,0.0,0.0
2025-06-02 06:00:00-04:00,5882.5,5890.75,5880.75,5890.0,11617,0.0,0.0
2025-06-02 07:00:00-04:00,5889.75,5900.0,5887.0,5892.0,16261,0.0,0.0
2025-06-02 08:00:00-04:00,5892.25,5901.5,5889.25,5899.0,19231,0.0,0.0
2025-06-02 09:00:00-04:00,5899.0,5917.75,5886.0,5887.0,152990,0.0,0.0
2025-06-02 10:00:00-04:00,5886.75,5916.0,5870.5,5914.0,216279,0.0,0.0
2025-06-02 11:00:00-04:00,5914.0,5921.25,5901.5,5918.75,125094,0.0,0.0
2025-06-02 12:00:00-04:00,5918.75,5922.5,5910.25,5920.5,79586,0.0,0.0
2025-06-02 13:00:00-04:00,5920.5,5927.0,5915.5,5920.25,77236,0.0,0.0
2025-06-02 14:00:00-04:00,5920.25,5940.5,5916.0,5939.25,118097,0.0,0.0
2025-06-02 15:00:00-04:00,5939.5,5949.0,5937.25,5947.25,165126,0.0,0.0
2025-06-02 16:00:00-04:00,5947.25,5955.5,5946.75,5949.25,57526,0.0,0.0
2025-06-02 18:00:00-04:00,5949.0,5949.5,5941.75,5942.0,0,0.0,0.0
2025-06-02 19:00:00-04:00,5942.25,5947.5,5930.25,5935.0,10370,0.0,0.0
2025-06-02 20:00:00-04:00,5935.25,5936.5,5931.5,5933.5,5260,0.0,0.0
2025-06-02 21:00:00-04:00,5933.75,5935.75,5931.5,5932.75,5498,0.0,0.0
2025-06-02 22:00:00-04:00,5933.0,5933.75,5923.0,5927.75,8931,0.0,0.0
2025-06-02 23:00:00-04:00,5927.25,5927.25,5920.75,5925.25,5818,0.0,0.0
2025-06-03 00:00:00-04:00,5924.25,5925.0,5920.5,5923.25,3904,0.0,0.0
2025-06-03 01:00:00-04:00,5923.25,5927.25,5922.5,5927.0,4318,0.0,0.0
2025-06-03 02:00:00-04:00,5926.75,5927.75,5920.75,5926.5,6928,0.0,0.0
2025-06-03 03:00:00-04:00,5926.5,5928.5,5911.0,5918.25,21793,0.0,0.0
2025-06-03 04:00:00-04:00,5918.25,5920.5,5909.25,5920.0,17160,0.0,0.0
2025-06-03 05:00:00-04:00,5919.75,5925.0,5917.25,5922.25,8062,0.0,0.0
2025-06-03 06:00:00-04:00,5922.25,5930.75,5918.75,5930.5,9398,0.0,0.0
2025-06-03 07:00:00-04:00,5930.5,5940.0,5928.25,5938.25,14129,0.0,0.0
2025-06-03 08:00:00-04:00,5938.25,5943.75,5934.75,5940.25,20243,0.0,0.0
2025-06-03 09:00:00-04:00,5940.0,5952.75,5938.0,5944.5,126639,0.0,0.0
2025-06-03 10:00:00-04:00,5944.75,5964.5,5938.25,5963.75,158322,0.0,0.0
2025-06-03 11:00:00-04:00,5964.0,5977.5,5963.75,5976.75,129186,0.0,0.0
2025-06-03 12:00:00-04:00,5977.0,5987.25,5972.75,5985.25,89378,0.0,0.0
2025-06-03 13:00:00-04:00,5985.5,5991.25,5980.75,5981.25,92644,0.0,0.0
2025-06-03 14:00:00-04:00,5981.5,5985.0,5968.25,5983.5,135657,0.0,0.0
2025-06-03 15:00:00-04:00,5983.5,5985.5,5974.25,5981.75,193669,0.0,0.0
2025-06-03 16:00:00-04:00,5981.75,5982.75,5975.75,5980.25,45057,0.0,0.0
2025-06-03 18:00:00-04:00,5980.0,5987.25,5979.25,5983.75,0,0.0,0.0
2025-06-03 19:00:00-04:00,5983.75,5986.5,5980.75,5983.5,3734,0.0,0.0
2025-06-03 20:00:00-04:00,5983.5,5988.0,5980.75,5982.5,5702,0.0,0.0
2025-06-03 21:00:00-04:00,5982.5,5985.0,5976.5,5978.75,5924,0.0,0.0
2025-06-03 22:00:00-04:00,5979.0,5979.25,5975.25,5975.75,5158,0.0,0.0
2025-06-03 23:00:00-04:00,5975.75,5977.5,5974.75,5977.0,3311,0.0,0.0
2025-06-04 00:00:00-04:00,5976.25,5980.0,5976.0,5976.0,2911,0.0,0.0
2025-06-04 01:00:00-04:00,5976.0,5980.0,5975.25,5979.5,3583,0.0,0.0
2025-06-04 02:00:00-04:00,5979.75,5984.5,5977.25,5980.5,7881,0.0,0.0
2025-06-04 03:00:00-04:00,5980.75,5989.5,5977.5,5989.0,9958,0.0,0.0
2025-06-04 04:00:00-04:00,5989.0,5996.0,5988.25,5988.5,13543,0.0,0.0
2025-06-04 05:00:00-04:00,5988.75,5994.25,5987.5,5992.25,8620,0.0,0.0
2025-06-04 06:00:00-04:00,5992.25,5996.75,5988.5,5994.25,9079,0.0,0.0
2025-06-04 07:00:00-04:00,5994.0,5995.0,5988.75,5992.75,9375,0.0,0.0
2025-06-04 08:00:00-04:00,5993.0,5996.5,5974.0,5982.25,42359,0.0,0.0
2025-06-04 09:00:00-04:00,5982.25,5998.75,5980.5,5995.0,120823,0.0,0.0
2025-06-04 10:00:00-04:00,5994.75,5997.25,5974.25,5994.75,213756,0.0,0.0
2025-06-04 11:00:00-04:00,5994.5,5998.25,5983.25,5988.0,126348,0.0,0.0
2025-06-04 12:00:00-04:00,5988.0,5989.0,5977.0,5986.75,103087,0.0,0.0
2025-06-04 13:00:00-04:00,5986.75,5995.25,5986.75,5995.0,66614,0.0,0.0
2025-06-04 14:00:00-04:00,5995.25,5999.0,5987.5,5989.5,75850,0.0,0.0
2025-06-04 15:00:00-04:00,5989.5,5992.0,5978.0,5978.25,171952,0.0,0.0
2025-06-04 16:00:00-04:00,5978.25,5980.5,5975.25,5976.75,40570,0.0,0.0
2025-06-04 18:00:00-04:00,5974.25,5981.0,5972.25,5976.25,0,0.0,0.0
2025-06-04 19:00:00-04:00,5976.25,5978.0,5973.0,5974.0,3238,0.0,0.0
2025-06-04 20:00:00-04:00,5974.25,5981.0,5973.75,5976.5,4731,0.0,0.0
2025-06-04 21:00:00-04:00,5976.5,5979.0,5973.25,5978.5,4993,0.0,0.0
2025-06-04 22:00:00-04:00,5978.5,5979.0,5973.0,5975.0,3721,0.0,0.0
2025-06-04 23:00:00-04:00,5975.0,5977.5,5974.25,5976.5,3006,0.0,0.0
2025-06-05 00:00:00-04:00,5976.0,5978.75,5976.0,5977.75,2612,0.0,0.0
2025-06-05 01:00:00-04:00,5977.75,5978.0,5973.0,5975.25,4016,0.0,0.0
2025-06-05 02:00:00-04:00,5975.0,5976.25,5972.25,5974.5,3984,0.0,0.0
2025-06-05 03:00:00-04:00,5975.75,5994.0,5975.75,5990.75,16235,0.0,0.0
2025-06-05 04:00:00-04:00,5990.75,5996.5,5984.0,5987.0,11649,0.0,0.0
2025-06-05 05:00:00-04:00,5987.25,5988.0,5982.0,5984.0,9001,0.0,0.0
2025-06-05 06:00:00-04:00,5983.75,5989.5,5978.75,5983.25,8776,0.0,0.0
2025-06-05 07:00:00-04:00,5983.0,5984.75,5977.25,5982.0,10543,0.0,0.0
2025-06-05 08:00:00-04:00,5982.0,6016.5,5971.0,5996.75,60525,0.0,0.0
2025-06-05 09:00:00-04:00,5992.25,5997.75,5957.5,5961.25,160574,0.0,0.0
2025-06-05 10:00:00-04:00,5961.5,5994.75,5958.0,5991.5,224571,0.0,0.0
2025-06-05 11:00:00-04:00,5991.5,6009.0,5989.25,6006.5,120884,0.0,0.0
2025-06-05 12:00:00-04:00,6006.25,6008.25,5960.75,5966.0,185224,0.0,0.0
2025-06-05 13:00:00-04:00,5966.0,5988.0,5961.25,5976.5,133677,0.0,0.0
2025-06-05 14:00:00-04:00,5976.75,5979.25,5948.75,5971.0,182337,0.0,0.0
2025-06-05 15:00:00-04:00,5970.75,5973.5,5928.75,5948.0,312700,0.0,0.0
2025-06-05 16:00:00-04:00,5947.75,5955.5,5939.0,5939.75,46975,0.0,0.0
2025-06-05 18:00:00-04:00,5931.75,5948.0,5930.0,5947.25,0,0.0,0.0
2025-06-05 19:00:00-04:00,5947.5,5952.75,5943.75,5947.0,6316,0.0,0.0
2025-06-05 20:00:00-04:00,5946.75,5957.0,5946.75,5954.0,7471,0.0,0.0
2025-06-05 21:00:00-04:00,5954.0,5959.5,5951.5,5956.0,5866,0.0,0.0
2025-06-05 22:00:00-04:00,5955.75,5956.75,5953.0,5955.5,3870,0.0,0.0
2025-06-05 23:00:00-04:00,5955.25,5961.75,5953.75,5960.0,4431,0.0,0.0
2025-06-06 00:00:00-04:00,5959.0,5967.25,5958.25,5967.0,4616,0.0,0.0
2025-06-06 01:00:00-04:00,5966.75,5970.75,5966.25,5968.0,4645,0.0,0.0
2025-06-06 02:00:00-04:00,5968.25,5974.75,5963.5,5971.75,8119,0.0,0.0
2025-06-06 03:00:00-04:00,5971.75,5974.0,5967.5,5970.0,9358,0.0,0.0
2025-06-06 04:00:00-04:00,5970.0,5972.25,5965.0,5970.25,7034,0.0,0.0
2025-06-06 05:00:00-04:00,5970.5,5974.25,5967.75,5972.75,5853,0.0,0.0
2025-06-06 06:00:00-04:00,5973.0,5974.25,5966.75,5967.25,7015,0.0,0.0
2025-06-06 07:00:00-04:00,5967.5,5972.25,5962.5,5969.5,12450,0.0,0.0
2025-06-06 08:00:00-04:00,5969.5,5997.5,5969.0,5993.5,59949,0.0,0.0
2025-06-06 09:00:00-04:00,5993.25,6024.75,5990.25,6019.5,192972,0.0,0.0
2025-06-06 10:00:00-04:00,6019.75,6021.5,6002.75,6009.5,169860,0.0,0.0
2025-06-06 11:00:00-04:00,6009.5,6020.25,5988.75,6003.25,178037,0.0,0.0
2025-06-06 12:00:00-04:00,6003.5,6010.25,5984.5,5992.25,110523,0.0,0.0
2025-06-06 13:00:00-04:00,5992.25,6006.75,5987.25,6005.5,81476,0.0,0.0
2025-06-06 14:00:00-04:00,6005.75,6020.75,6005.5,6013.5,119196,0.0,0.0
2025-06-06 15:00:00-04:00,6013.5,6017.25,6005.25,6006.75,179145,0.0,0.0
2025-06-06 16:00:00-04:00,6006.75,6012.25,6004.5,6011.0,38259,0.0,0.0
2025-06-08 18:00:00-04:00,6010.0,6015.75,5995.0,5997.75,9165,0.0,0.0
2025-06-08 19:00:00-04:00,5997.75,6005.5,5995.25,6003.0,4816,0.0,0.0
2025-06-08 20:00:00-04:00,6003.25,6006.5,5999.0,5999.5,5267,0.0,0.0
2025-06-08 21:00:00-04:00,5999.75,6000.0,5995.25,5997.75,3640,0.0,0.0
2025-06-08 22:00:00-04:00,5997.75,6000.5,5992.75,5996.5,4685,0.0,0.0
2025-06-08 23:00:00-04:00,5996.5,5996.5,5992.25,5996.25,3177,0.0,0.0
2025-06-09 00:00:00-04:00,5996.25,5999.25,5994.5,5998.5,3895,0.0,0.0
2025-06-09 01:00:00-04:00,5998.25,5998.75,5994.5,5998.5,3795,0.0,0.0
2025-06-09 02:00:00-04:00,5998.5,6005.25,5995.25,6005.25,6347,0.0,0.0
2025-06-09 03:00:00-04:00,6005.0,6010.75,6000.25,6010.75,8915,0.0,0.0
2025-06-09 04:00:00-04:00,6010.5,6015.75,6005.75,6014.25,9129,0.0,0.0
2025-06-09 05:00:00-04:00,6014.5,6014.75,6010.0,6010.75,4615,0.0,0.0
2025-06-09 06:00:00-04:00,6010.25,6012.0,6006.5,6009.0,4794,0.0,0.0
2025-06-09 07:00:00-04:00,6008.75,6019.75,6008.5,6016.0,13136,0.0,0.0
2025-06-09 08:00:00-04:00,6016.0,6017.75,6011.5,6013.25,14222,0.0,0.0
2025-06-09 09:00:00-04:00,6013.5,6016.5,6000.0,6004.5,102717,0.0,0.0
2025-06-09 10:00:00-04:00,6004.5,6017.75,6004.5,6010.25,122878,0.0,0.0
2025-06-09 11:00:00-04:00,6010.5,6015.5,6006.25,6013.75,71533,0.0,0.0
2025-06-09 12:00:00-04:00,6014.0,6026.5,6010.0,6022.0,79949,0.0,0.0
2025-06-09 13:00:00-04:00,6022.25,6027.5,6016.25,6024.75,77308,0.0,0.0
2025-06-09 14:00:00-04:00,6024.75,6027.75,6020.0,6025.25,62568,0.0,0.0
2025-06-09 15:00:00-04:00,6025.0,6026.75,6008.5,6010.25,187245,0.0,0.0
2025-06-09 16:00:00-04:00,6010.0,6012.25,6007.0,6012.0,0,0.0,0.0
2025-06-09 18:00:00-04:00,6012.25,6017.0,6012.0,6012.75,3282,0.0,0.0
2025-06-09 19:00:00-04:00,6013.25,6014.75,6010.25,6013.5,2076,0.0,0.0
2025-06-09 20:00:00-04:00,6013.5,6021.0,6009.0,6019.5,5914,0.0,0.0
2025-06-09 21:00:00-04:00,6019.25,6040.75,6019.25,6038.75,18056,0.0,0.0
2025-06-09 22:00:00-04:00,6038.75,6040.75,6035.25,6037.75,7093,0.0,0.0
2025-06-09 23:00:00-04:00,6037.5,6039.0,6034.5,6035.0,3221,0.0,0.0
2025-06-10 00:00:00-04:00,6034.25,6034.75,6029.75,6030.75,3763,0.0,0.0
2025-06-10 01:00:00-04:00,6030.75,6033.5,5997.0,6012.75,26126,0.0,0.0
2025-06-10 02:00:00-04:00,6012.75,6015.25,6006.25,6008.0,9828,0.0,0.0
2025-06-10 03:00:00-04:00,6008.25,6011.75,5991.25,6004.5,17300,0.0,0.0
2025-06-10 04:00:00-04:00,6006.0,6010.25,5996.75,6008.25,11651,0.0,0.0
2025-06-10 05:00:00-04:00,6008.0,6014.0,6006.5,6011.75,6770,0.0,0.0
2025-06-10 06:00:00-04:00,6011.75,6017.75,6011.5,6015.25,6435,0.0,0.0
2025-06-10 07:00:00-04:00,6015.5,6019.25,6007.5,6019.0,12959,0.0,0.0
2025-06-10 08:00:00-04:00,6019.0,6022.25,6016.75,6019.0,18391,0.0,0.0
2025-06-10 09:00:00-04:00,6019.0,6025.25,6014.25,6019.75,105172,0.0,0.0
2025-06-10 10:00:00-04:00,6020.0,6030.75,6019.25,6027.25,114257,0.0,0.0
2025-06-10 11:00:00-04:00,6028.25,6028.5,6005.0,6027.0,149365,0.0,0.0
2025-06-10 12:00:00-04:00,6027.0,6037.5,6026.5,6036.0,80389,0.0,0.0
2025-06-10 13:00:00-04:00,6035.0,6041.25,6027.0,6027.5,80764,0.0,0.0
2025-06-10 14:00:00-04:00,6027.75,6044.5,6015.25,6038.75,119787,0.0,0.0
2025-06-10 15:00:00-04:00,6038.5,6049.5,6030.25,6045.0,183682,0.0,0.0
2025-06-10 16:00:00-04:00,6045.0,6045.75,6037.5,6040.5,43981,0.0,0.0
2025-06-10 18:00:00-04:00,6038.75,6048.0,6038.25,6045.5,0,0.0,0.0
2025-06-10 19:00:00-04:00,6045.75,6052.25,6032.25,6041.5,13018,0.0,0.0
2025-06-10 20:00:00-04:00,6041.5,6044.0,6032.0,6032.5,9143,0.0,0.0
2025-06-10 21:00:00-04:00,6032.5,6035.0,6024.25,6029.5,8057,0.0,0.0
2025-06-10 22:00:00-04:00,6029.5,6030.0,6026.0,6026.75,3416,0.0,0.0
2025-06-10 23:00:00-04:00,6026.75,6029.5,6025.25,6029.0,3328,0.0,0.0
2025-06-11 00:00:00-04:00,6028.75,6032.25,6023.0,6023.5,4330,0.0,0.0
2025-06-11 01:00:00-04:00,6023.75,6029.0,6021.5,6025.25,4405,0.0,0.0
2025-06-11 02:00:00-04:00,6025.25,6029.5,6023.75,6027.25,5999,0.0,0.0
2025-06-11 03:00:00-04:00,6027.25,6034.5,6024.75,6033.0,9998,0.0,0.0
2025-06-11 04:00:00-04:00,6033.25,6042.5,6031.75,6038.0,11827,0.0,0.0
2025-06-11 05:00:00-04:00,6038.0,6038.75,6031.5,6031.75,9124,0.0,0.0
2025-06-11 06:00:00-04:00,6032.0,6037.0,6030.5,6035.75,10226,0.0,0.0
2025-06-11 07:00:00-04:00,6035.75,6039.25,6024.5,6037.0,20078,0.0,0.0
2025-06-11 08:00:00-04:00,6037.25,6074.75,6026.5,6058.75,101689,0.0,0.0
2025-06-11 09:00:00-04:00,6059.25,6061.5,6035.75,6050.25,184539,0.0,0.0
2025-06-11 10:00:00-04:00,6050.25,6064.75,6046.5,6063.25,152316,0.0,0.0
2025-06-11 11:00:00-04:00,6061.5,6064.25,6048.5,6049.75,150075,0.0,0.0
2025-06-11 12:00:00-04:00,6050.0,6052.75,6033.5,6048.25,144041,0.0,0.0
2025-06-11 13:00:00-04:00,6048.0,6058.5,6037.5,6039.0,113178,0.0,0.0
2025-06-11 14:00:00-04:00,6039.0,6041.75,6006.25,6022.25,265358,0.0,0.0
2025-06-11 15:00:00-04:00,6022.0,6030.5,6011.0,6028.5,247004,0.0,0.0
2025-06-11 16:00:00-04:00,6028.5,6034.75,6024.75,6028.0,42511,0.0,0.0
2025-06-11 18:00:00-04:00,6022.25,6032.0,6016.0,6018.75,0,0.0,0.0
2025-06-11 19:00:00-04:00,6018.5,6024.75,6014.75,6018.5,6972,0.0,0.0
2025-06-11 20:00:00-04:00,6018.75,6020.5,6004.75,6008.75,14322,0.0,0.0
2025-06-11 21:00:00-04:00,6009.0,6013.25,5997.0,6004.5,14879,0.0,0.0
2025-06-11 22:00:00-04:00,6004.75,6006.25,6001.0,6003.75,5578,0.0,0.0
2025-06-11 23:00:00-04:00,6004.0,6012.75,6003.5,6009.0,4761,0.0,0.0
2025-06-12 00:00:00-04:00,6010.5,6013.75,6007.25,6013.0,3251,0.0,0.0
2025-06-12 01:00:00-04:00,6013.0,6016.5,6007.0,6013.25,6699,0.0,0.0
2025-06-12 02:00:00-04:00,6013.0,6017.75,6008.5,6016.25,7900,0.0,0.0
2025-06-12 03:00:00-04:00,6016.5,6020.5,5996.0,5999.25,18866,0.0,0.0
2025-06-12 04:00:00-04:00,5999.25,6005.5,5987.75,6004.25,21742,0.0,0.0
2025-06-12 05:00:00-04:00,6004.5,6008.75,6001.0,6003.0,12179,0.0,0.0
2025-06-12 06:00:00-04:00,6002.75,6005.0,5994.0,6000.5,16648,0.0,0.0
2025-06-12 07:00:00-04:00,6000.5,6002.0,5991.0,5991.0,18760,0.0,0.0
2025-06-12 08:00:00-04:00,5991.0,6015.0,5990.0,6013.5,44751,0.0,0.0
2025-06-12 09:00:00-04:00,6013.75,6026.25,6008.5,6021.25,156756,0.0,0.0
2025-06-12 10:00:00-04:00,6021.0,6045.0,6019.75,6040.0,169846,0.0,0.0
2025-06-12 11:00:00-04:00,6040.25,6050.0,6029.0,6038.25,186190,0.0,0.0
2025-06-12 12:00:00-04:00,6038.0,6047.75,6032.5,6037.75,128989,0.0,0.0
2025-06-12 13:00:00-04:00,6038.0,6049.5,6037.0,6044.75,80078,0.0,0.0
2025-06-12 14:00:00-04:00,6044.75,6048.0,6038.0,6047.0,89632,0.0,0.0
2025-06-12 15:00:00-04:00,6046.75,6051.0,6037.25,6050.75,181392,0.0,0.0
2025-06-12 16:00:00-04:00,6050.0,6050.75,6042.5,6042.5,49987,0.0,0.0
2025-06-12 18:00:00-04:00,6045.0,6045.0,6032.25,6037.0,0,0.0,0.0
2025-06-12 19:00:00-04:00,6037.0,6038.25,6014.25,6014.5,12259,0.0,0.0
2025-06-12 20:00:00-04:00,6014.5,6015.75,5950.0,5959.5,103687,0.0,0.0
2025-06-12 21:00:00-04:00,5959.75,5967.25,5937.75,5966.0,46390,0.0,0.0
2025-06-12 22:00:00-04:00,5965.75,5966.0,5927.75,5947.25,33653,0.0,0.0
2025-06-12 23:00:00-04:00,5947.5,5963.0,5943.75,5961.0,20861,0.0,0.0
2025-06-13 00:00:00-04:00,5954.0,5957.5,5946.75,5954.75,12252,0.0,0.0
2025-06-13 01:00:00-04:00,5954.5,5962.0,5949.75,5962.0,13039,0.0,0.0
2025-06-13 02:00:00-04:00,5962.0,5970.0,5955.5,5968.75,25594,0.0,0.0
2025-06-13 03:00:00-04:00,5968.75,5977.25,5961.25,5974.25,33360,0.0,0.0
2025-06-13 04:00:00-04:00,5974.0,5985.75,5969.75,5974.75,29996,0.0,0.0
2025-06-13 05:00:00-04:00,5974.75,5985.25,5968.5,5979.25,31601,0.0,0.0
2025-06-13 06:00:00-04:00,5979.0,5988.75,5974.0,5987.5,28471,0.0,0.0
2025-06-13 07:00:00-04:00,5987.75,5998.0,5986.0,5995.5,34560,0.0,0.0
2025-06-13 08:00:00-04:00,5995.5,6001.75,5989.25,5991.75,47840,0.0,0.0
2025-06-13 09:00:00-04:00,5992.0,6014.75,5983.25,5990.0,214486,0.0,0.0
2025-06-13 10:00:00-04:00,5993.5,6003.75,5977.25,6002.25,277562,0.0,0.0
2025-06-13 11:00:00-04:00,6002.5,6028.25,6000.25,6023.75,221800,0.0,0.0
2025-06-13 12:00:00-04:00,6023.5,6029.25,6013.75,6021.75,150744,0.0,0.0
2025-06-13 13:00:00-04:00,6021.5,6023.0,6000.5,6008.75,156156,0.0,0.0
2025-06-13 14:00:00-04:00,6009.0,6013.75,5967.0,5982.75,225279,0.0,0.0
2025-06-13 15:00:00-04:00,5982.75,5987.75,5965.25,5980.25,270392,0.0,0.0
2025-06-13 16:00:00-04:00,5981.5,5988.0,5976.5,5978.25,54385,0.0,0.0
2025-06-15 18:00:00-04:00,5949.0,5986.25,5944.0,5978.0,16554,0.0,0.0
2025-06-15 19:00:00-04:00,5978.25,5990.5,5971.25,5988.25,7382,0.0,0.0
2025-06-15 20:00:00-04:00,5988.0,5990.5,5982.75,5988.5,7243,0.0,0.0
2025-06-15 21:00:00-04:00,5989.0,5990.5,5984.25,5988.25,4457,0.0,0.0
2025-06-15 22:00:00-04:00,5988.25,5996.25,5986.5,5991.25,4460,0.0,0.0
2025-06-15 23:00:00-04:00,5991.25,5991.75,5985.5,5987.5,2459,0.0,0.0
2025-06-16 00:00:00-04:00,5987.0,5989.5,5985.5,5986.75,3398,0.0,0.0
2025-06-16 01:00:00-04:00,5987.0,5997.75,5986.75,5994.0,3461,0.0,0.0
2025-06-16 02:00:00-04:00,5993.75,6004.25,5993.0,6003.0,10894,0.0,0.0
2025-06-16 03:00:00-04:00,6003.25,6015.5,6002.5,6013.25,22711,0.0,0.0
2025-06-16 04:00:00-04:00,6013.5,6014.0,6005.25,6012.75,26118,0.0,0.0
2025-06-16 05:00:00-04:00,6012.5,6013.75,6001.25,6003.75,27326,0.0,0.0
2025-06-16 06:00:00-04:00,6003.5,6012.25,6002.75,6012.0,24005,0.0,0.0
2025-06-16 07:00:00-04:00,6012.25,6019.25,6005.0,6018.0,40940,0.0,0.0
2025-06-16 08:00:00-04:00,6018.0,6024.25,6015.75,6017.75,65929,0.0,0.0
2025-06-16 09:00:00-04:00,6017.5,6044.75,6013.5,6041.25,234053,0.0,0.0
2025-06-16 10:00:00-04:00,6041.25,6055.25,6040.5,6050.0,299909,0.0,0.0
2025-06-16 11:00:00-04:00,6049.75,6051.75,6038.5,6042.0,192379,0.0,0.0
2025-06-16 12:00:00-04:00,6042.25,6047.25,6035.5,6038.25,126628,0.0,0.0
2025-06-16 13:00:00-04:00,6038.5,6047.75,6031.75,6033.75,145649,0.0,0.0
2025-06-16 14:00:00-04:00,6033.75,6038.5,6029.0,6035.75,115356,0.0,0.0
2025-06-16 15:00:00-04:00,6035.5,6038.25,6027.0,6038.0,221599,0.0,0.0
2025-06-16 16:00:00-04:00,6038.0,6042.75,6036.25,6037.5,37470,0.0,0.0
2025-06-16 18:00:00-04:00,6038.5,6040.5,6013.25,6018.25,0,0.0,0.0
2025-06-16 19:00:00-04:00,6018.5,6026.25,5999.0,5999.25,13771,0.0,0.0
2025-06-16 20:00:00-04:00,5999.25,6017.5,5997.75,6016.75,10498,0.0,0.0
2025-06-16 21:00:00-04:00,6016.75,6020.0,6006.75,6014.0,5100,0.0,0.0
2025-06-16 22:00:00-04:00,6014.25,6023.5,6000.5,6022.75,8042,0.0,0.0
2025-06-16 23:00:00-04:00,6022.25,6022.75,6010.25,6015.25,3489,0.0,0.0
2025-06-17 00:00:00-04:00,6017.5,6017.75,6008.75,6012.0,2408,0.0,0.0
2025-06-17 01:00:00-04:00,6012.25,6017.75,6008.5,6014.5,2876,0.0,0.0
2025-06-17 02:00:00-04:00,6014.5,6021.5,6007.25,6009.25,5494,0.0,0.0
2025-06-17 03:00:00-04:00,6009.5,6015.25,5992.25,6000.25,21812,0.0,0.0
2025-06-17 04:00:00-04:00,6000.25,6012.5,5996.5,6007.5,19270,0.0,0.0
2025-06-17 05:00:00-04:00,6007.75,6012.5,5997.0,6000.5,19676,0.0,0.0
2025-06-17 06:00:00-04:00,6000.25,6005.5,5991.25,6002.75,22559,0.0,0.0
2025-06-17 07:00:00-04:00,6002.25,6013.5,6000.75,6012.75,21525,0.0,0.0
2025-06-17 08:00:00-04:00,6012.75,6017.25,6004.5,6006.0,47927,0.0,0.0
2025-06-17 09:00:00-04:00,6006.25,6019.0,6003.0,6018.0,118416,0.0,0.0
2025-06-17 10:00:00-04:00,6018.0,6026.25,6012.75,6014.25,113006,0.0,0.0
2025-06-17 11:00:00-04:00,6013.75,6027.0,6011.75,6016.5,71404,0.0,0.0
2025-06-17 12:00:00-04:00,6016.75,6025.5,6004.25,6007.5,71013,0.0,0.0
2025-06-17 13:00:00-04:00,6007.25,6011.5,5984.75,5989.5,67872,0.0,0.0
2025-06-17 14:00:00-04:00,5989.5,5991.25,5976.75,5990.5,61140,0.0,0.0
2025-06-17 15:00:00-04:00,5990.5,5997.75,5982.0,5985.0,89481,0.0,0.0
2025-06-17 16:00:00-04:00,5984.75,5991.25,5980.0,5984.5,22293,0.0,0.0
2025-06-17 18:00:00-04:00,5977.25,5985.0,5965.0,5966.25,0,0.0,0.0
2025-06-17 19:00:00-04:00,5966.5,5976.0,5964.75,5971.0,3134,0.0,0.0
2025-06-17 20:00:00-04:00,5971.25,5991.5,5971.0,5989.75,5383,0.0,0.0
2025-06-17 21:00:00-04:00,5989.75,5995.75,5986.75,5988.75,2931,0.0,0.0
2025-06-17 22:00:00-04:00,5988.75,5995.0,5986.75,5989.25,2001,0.0,0.0
2025-06-17 23:00:00-04:00,5989.25,5990.75,5987.0,5987.75,2219,0.0,0.0
2025-06-18 00:00:00-04:00,5990.25,5991.75,5983.5,5990.0,1848,0.0,0.0
2025-06-18 01:00:00-04:00,5990.0,5994.5,5990.0,5992.5,1184,0.0,0.0
2025-06-18 02:00:00-04:00,5992.5,6003.5,5990.75,5996.75,4515,0.0,0.0
2025-06-18 03:00:00-04:00,5996.5,6003.5,5995.5,5998.5,6728,0.0,0.0
2025-06-18 04:00:00-04:00,5998.75,6002.5,5994.75,6001.5,7041,0.0,0.0
2025-06-18 05:00:00-04:00,6001.75,6008.25,6000.0,6001.5,7178,0.0,0.0
2025-06-18 06:00:00-04:00,6001.5,6002.0,5981.5,5982.75,10571,0.0,0.0
2025-06-18 07:00:00-04:00,5982.75,6000.5,5981.5,5994.75,13832,0.0,0.0
2025-06-18 08:00:00-04:00,5995.0,5997.75,5987.75,5988.75,15422,0.0,0.0
2025-06-18 09:00:00-04:00,5989.0,6004.5,5981.5,5999.5,38322,0.0,0.0
2025-06-18 10:00:00-04:00,5998.25,6020.75,5998.0,6017.25,42625,0.0,0.0
2025-06-18 11:00:00-04:00,6015.5,6017.5,6004.5,6005.75,31988,0.0,0.0
2025-06-18 12:00:00-04:00,6005.75,6011.75,6002.0,6002.75,29818,0.0,0.0
2025-06-18 13:00:00-04:00,6002.5,6008.25,5988.5,6006.0,22275,0.0,0.0
2025-06-18 14:00:00-04:00,6015.25,6017.0,5975.25,5981.0,55796,0.0,0.0
2025-06-18 15:00:00-04:00,5981.0,5997.75,5973.25,5981.75,54415,0.0,0.0
2025-06-18 16:00:00-04:00,5987.5,5990.25,5982.5,5983.25,23414,0.0,0.0
2025-06-18 18:00:00-04:00,5982.5,5984.0,5974.0,5978.25,0,0.0,0.0
2025-06-18 19:00:00-04:00,5978.0,5981.5,5975.5,5981.0,607,0.0,0.0
2025-06-18 20:00:00-04:00,5981.5,5981.75,5961.25,5970.75,1465,0.0,0.0
2025-06-18 21:00:00-04:00,5970.75,5971.25,5947.25,5961.0,2938,0.0,0.0
2025-06-18 22:00:00-04:00,5961.0,5968.25,5957.75,5963.5,942,0.0,0.0
2025-06-18 23:00:00-04:00,5964.0,5973.5,5964.0,5972.5,938,0.0,0.0
2025-06-19 00:00:00-04:00,5972.5,5976.0,5970.5,5975.0,598,0.0,0.0
2025-06-19 01:00:00-04:00,5975.0,5975.0,5962.5,5963.5,708,0.0,0.0
2025-06-19 02:00:00-04:00,5963.0,5967.75,5956.25,5964.0,2256,0.0,0.0
2025-06-19 03:00:00-04:00,5964.0,5967.0,5944.25,5947.0,2523,0.0,0.0
2025-06-19 04:00:00-04:00,5947.5,5958.75,5947.5,5956.75,2373,0.0,0.0
2025-06-19 05:00:00-04:00,5956.5,5962.25,5956.0,5957.5,2040,0.0,0.0
2025-06-19 06:00:00-04:00,5957.25,5963.25,5952.5,5961.0,2040,0.0,0.0
2025-06-19 07:00:00-04:00,5961.0,5961.0,5947.25,5952.75,1269,0.0,0.0
2025-06-19 08:00:00-04:00,5952.75,5956.5,5937.5,5940.75,2152,0.0,0.0
2025-06-19 09:00:00-04:00,5940.75,5947.5,5920.5,5926.5,6445,0.0,0.0
2025-06-19 10:00:00-04:00,5926.25,5935.75,5924.0,5934.0,4143,0.0,0.0
2025-06-19 11:00:00-04:00,5934.0,5937.75,5921.5,5922.5,6070,0.0,0.0
2025-06-19 12:00:00-04:00,5922.25,5935.0,5922.25,5926.0,0,0.0,0.0
2025-06-19 18:00:00-04:00,5938.5,5972.5,5938.5,5965.75,45549,0.0,0.0
2025-06-19 19:00:00-04:00,5966.25,5969.0,5962.0,5964.0,559,0.0,0.0
2025-06-19 20:00:00-04:00,5965.25,5975.0,5963.5,5965.5,773,0.0,0.0
2025-06-19 21:00:00-04:00,5966.5,5968.25,5955.0,5961.75,560,0.0,0.0
2025-06-19 22:00:00-04:00,5960.5,5967.0,5960.0,5965.0,371,0.0,0.0
2025-06-19 23:00:00-04:00,5965.0,5971.25,5963.25,5968.5,470,0.0,0.0
2025-06-20 00:00:00-04:00,5968.0,5973.0,5966.75,5970.0,538,0.0,0.0
2025-06-20 01:00:00-04:00,5970.0,5973.75,5966.0,5973.25,1077,0.0,0.0
2025-06-20 02:00:00-04:00,5973.75,5978.5,5966.5,5970.25,1350,0.0,0.0
2025-06-20 03:00:00-04:00,5969.0,5977.0,5964.5,5975.0,1421,0.0,0.0
2025-06-20 04:00:00-04:00,5976.0,5981.25,5960.0,5961.0,1338,0.0,0.0
2025-06-20 05:00:00-04:00,5962.0,5973.0,5961.25,5972.25,798,0.0,0.0
2025-06-20 06:00:00-04:00,5971.75,5973.25,5965.5,5972.0,647,0.0,0.0
2025-06-20 07:00:00-04:00,5970.25,5998.25,5970.25,5983.5,3715,0.0,0.0
2025-06-20 08:00:00-04:00,5983.5,6002.5,5983.5,6000.25,6821,0.0,0.0
2025-06-20 09:00:00-04:00,6000.75,6019.25,6000.5,6009.25,0,0.0,0.0
2025-06-20 16:00:00-04:00,6025.0,6025.0,6025.0,6025.0,1564799,0.0,0.0
2025-06-22 18:00:00-04:00,5964.0,6007.75,5959.0,6001.0,28046,0.0,0.0
2025-06-22 19:00:00-04:00,6000.75,6002.5,5993.25,5999.25,7393,0.0,0.0
2025-06-22 20:00:00-04:00,5999.25,5999.75,5989.0,5993.5,7752,0.0,0.0
2025-06-22 21:00:00-04:00,5993.75,5998.0,5990.0,5996.25,5757,0.0,0.0
2025-06-22 22:00:00-04:00,5996.5,6002.5,5995.75,6000.25,4459,0.0,0.0
2025-06-22 23:00:00-04:00,5999.75,6003.5,5999.25,6001.0,2903,0.0,0.0
2025-06-23 00:00:00-04:00,6002.0,6003.75,6000.5,6001.75,3162,0.0,0.0
2025-06-23 01:00:00-04:00,6001.75,6012.25,6001.5,6009.0,5957,0.0,0.0
2025-06-23 02:00:00-04:00,6009.0,6014.5,6006.25,6011.25,7245,0.0,0.0
2025-06-23 03:00:00-04:00,6011.25,6030.0,6011.0,6028.25,16146,0.0,0.0
2025-06-23 04:00:00-04:00,6028.25,6039.25,6025.75,6033.0,14486,0.0,0.0
2025-06-23 05:00:00-04:00,6033.0,6038.0,6027.0,6029.25,9959,0.0,0.0
2025-06-23 06:00:00-04:00,6029.25,6038.0,6020.5,6021.5,17028,0.0,0.0
2025-06-23 07:00:00-04:00,6022.25,6023.5,6002.5,6013.25,17982,0.0,0.0
2025-06-23 08:00:00-04:00,6014.0,6027.75,6011.25,6026.75,16921,0.0,0.0
2025-06-23 09:00:00-04:00,6026.75,6041.75,6010.5,6041.5,123444,0.0,0.0
2025-06-23 10:00:00-04:00,6041.5,6058.25,6039.25,6039.75,156755,0.0,0.0
2025-06-23 11:00:00-04:00,6047.25,6051.75,6032.5,6033.5,111986,0.0,0.0
2025-06-23 12:00:00-04:00,6033.75,6036.0,5993.25,6010.75,235410,0.0,0.0
2025-06-23 13:00:00-04:00,6010.75,6069.75,6006.5,6061.5,194288,0.0,0.0
2025-06-23 14:00:00-04:00,6061.5,6067.5,6055.75,6061.25,85918,0.0,0.0
2025-06-23 15:00:00-04:00,6061.0,6081.5,6060.25,6076.75,173744,0.0,0.0
2025-06-23 16:00:00-04:00,6076.75,6079.0,6072.25,6077.5,45416,0.0,0.0
2025-06-23 18:00:00-04:00,6078.0,6105.5,6075.25,6101.5,0,0.0,0.0
2025-06-23 19:00:00-04:00,6101.5,6113.0,6100.75,6108.5,12118,0.0,0.0
2025-06-23 20:00:00-04:00,6109.0,6111.25,6099.25,6107.0,12573,0.0,0.0
2025-06-23 21:00:00-04:00,6106.75,6116.5,6103.25,6115.0,7788,0.0,0.0
2025-06-23 22:00:00-04:00,6114.75,6115.25,6104.0,6107.5,8496,0.0,0.0
2025-06-23 23:00:00-04:00,6107.25,6112.75,6106.75,6112.25,4392,0.0,0.0
2025-06-24 00:00:00-04:00,6111.75,6112.5,6106.0,6111.5,4550,0.0,0.0
2025-06-24 01:00:00-04:00,6111.5,6124.5,6111.25,6122.5,7461,0.0,0.0
2025-06-24 02:00:00-04:00,6122.5,6139.5,6122.5,6137.5,18181,0.0,0.0
2025-06-24 03:00:00-04:00,6138.0,6142.5,6114.5,6125.75,34999,0.0,0.0
2025-06-24 04:00:00-04:00,6126.0,6131.5,6120.0,6125.5,16633,0.0,0.0
2025-06-24 05:00:00-04:00,6125.5,6136.0,6125.0,6127.75,9530,0.0,0.0
2025-06-24 06:00:00-04:00,6127.5,6130.0,6120.75,6123.25,11071,0.0,0.0
2025-06-24 07:00:00-04:00,6123.0,6128.25,6115.5,6124.75,18883,0.0,0.0
2025-06-24 08:00:00-04:00,6124.75,6127.0,6113.25,6119.25,22379,0.0,0.0
2025-06-24 09:00:00-04:00,6119.25,6130.25,6113.5,6116.5,120159,0.0,0.0
2025-06-24 10:00:00-04:00,6116.5,6129.75,6113.0,6125.25,131814,0.0,0.0
2025-06-24 11:00:00-04:00,6130.5,6138.25,6125.75,6134.25,102262,0.0,0.0
2025-06-24 12:00:00-04:00,6134.25,6148.75,6133.0,6143.25,75772,0.0,0.0
2025-06-24 13:00:00-04:00,6143.25,6150.5,6139.75,6148.5,75952,0.0,0.0
2025-06-24 14:00:00-04:00,6148.75,6151.5,6145.25,6149.75,55247,0.0,0.0
2025-06-24 15:00:00-04:00,6149.75,6155.25,6144.0,6144.0,185916,0.0,0.0
2025-06-24 16:00:00-04:00,6144.0,6146.25,6142.25,6143.5,42917,0.0,0.0
2025-06-24 18:00:00-04:00,6144.75,6144.75,6138.25,6141.0,0,0.0,0.0
2025-06-24 19:00:00-04:00,6141.0,6147.5,6138.25,6146.0,3907,0.0,0.0
2025-06-24 20:00:00-04:00,6146.25,6148.75,6144.0,6147.75,4579,0.0,0.0
2025-06-24 21:00:00-04:00,6147.5,6147.5,6140.5,6142.0,4127,0.0,0.0
2025-06-24 22:00:00-04:00,6142.0,6143.25,6140.5,6142.25,2524,0.0,0.0
2025-06-24 23:00:00-04:00,6142.5,6146.5,6142.5,6143.5,2576,0.0,0.0
2025-06-25 00:00:00-04:00,6145.0,6148.0,6145.0,6148.0,1295,0.0,0.0
2025-06-25 01:00:00-04:00,6147.75,6149.75,6146.5,6148.5,3049,0.0,0.0
2025-06-25 02:00:00-04:00,6148.25,6149.75,6145.5,6145.5,4416,0.0,0.0
2025-06-25 03:00:00-04:00,6145.5,6149.0,6143.0,6146.5,8953,0.0,0.0
2025-06-25 04:00:00-04:00,6146.5,6148.5,6141.25,6148.0,8620,0.0,0.0
2025-06-25 05:00:00-04:00,6148.25,6151.75,6144.25,6144.5,7743,0.0,0.0
2025-06-25 06:00:00-04:00,6144.75,6149.5,6141.75,6147.5,9447,0.0,0.0
2025-06-25 07:00:00-04:00,6147.5,6156.75,6145.5,6156.0,13554,0.0,0.0
2025-06-25 08:00:00-04:00,6155.75,6157.25,6153.25,6157.0,15827,0.0,0.0
2025-06-25 09:00:00-04:00,6156.75,6160.25,6149.75,6157.0,109358,0.0,0.0
2025-06-25 10:00:00-04:00,6157.25,6159.5,6148.25,6153.75,129555,0.0,0.0
2025-06-25 11:00:00-04:00,6152.75,6153.0,6140.0,6144.75,102446,0.0,0.0
2025-06-25 12:00:00-04:00,6144.5,6148.5,6140.0,6143.0,61716,0.0,0.0
2025-06-25 13:00:00-04:00,6143.0,6147.25,6130.75,6138.5,92558,0.0,0.0
2025-06-25 14:00:00-04:00,6138.5,6141.5,6136.25,6140.0,58021,0.0,0.0
2025-06-25 15:00:00-04:00,6140.25,6149.75,6139.5,6147.5,171485,0.0,0.0
2025-06-25 16:00:00-04:00,6147.5,6148.0,6143.5,6146.0,36974,0.0,0.0
2025-06-25 18:00:00-04:00,6144.75,6150.5,6142.75,6146.5,0,0.0,0.0
2025-06-25 19:00:00-04:00,6146.75,6147.75,6141.25,6146.5,5470,0.0,0.0
2025-06-25 20:00:00-04:00,6146.75,6149.75,6144.5,6148.75,3699,0.0,0.0
2025-06-25 21:00:00-04:00,6148.75,6149.0,6144.75,6146.25,3012,0.0,0.0
2025-06-25 22:00:00-04:00,6146.5,6150.75,6146.0,6149.0,2577,0.0,0.0
2025-06-25 23:00:00-04:00,6149.25,6155.0,6149.25,6152.5,3310,0.0,0.0
2025-06-26 00:00:00-04:00,6152.5,6155.5,6150.75,6154.75,2358,0.0,0.0
2025-06-26 01:00:00-04:00,6154.75,6156.75,6152.75,6156.25,2826,0.0,0.0
2025-06-26 02:00:00-04:00,6156.25,6163.25,6156.0,6160.5,6468,0.0,0.0
2025-06-26 03:00:00-04:00,6160.75,6167.25,6159.25,6160.25,9383,0.0,0.0
2025-06-26 04:00:00-04:00,6160.25,6170.5,6159.75,6166.25,10102,0.0,0.0
2025-06-26 05:00:00-04:00,6166.5,6166.75,6162.25,6163.25,6570,0.0,0.0
2025-06-26 06:00:00-04:00,6163.25,6170.75,6161.5,6164.75,8561,0.0,0.0
2025-06-26 07:00:00-04:00,6164.5,6170.0,6164.0,6169.5,10322,0.0,0.0
2025-06-26 08:00:00-04:00,6169.75,6171.0,6157.75,6165.5,23742,0.0,0.0
2025-06-26 09:00:00-04:00,6166.25,6169.75,6159.25,6165.5,117433,0.0,0.0
2025-06-26 10:00:00-04:00,6171.75,6182.0,6166.5,6180.0,140246,0.0,0.0
2025-06-26 11:00:00-04:00,6179.75,6185.0,6174.25,6181.5,107392,0.0,0.0
2025-06-26 12:00:00-04:00,6181.5,6187.5,6180.75,6184.75,69626,0.0,0.0
2025-06-26 13:00:00-04:00,6184.75,6192.5,6182.5,6189.25,70786,0.0,0.0
2025-06-26 14:00:00-04:00,6189.0,6198.0,6187.25,6190.75,95460,0.0,0.0
2025-06-26 15:00:00-04:00,6191.0,6200.0,6188.5,6196.25,207009,0.0,0.0
2025-06-26 16:00:00-04:00,6196.25,6196.75,6189.25,6195.75,51497,0.0,0.0
2025-06-26 18:00:00-04:00,6197.5,6205.25,6195.25,6201.0,0,0.0,0.0
2025-06-26 19:00:00-04:00,6201.0,6202.5,6195.25,6196.5,4752,0.0,0.0
2025-06-26 20:00:00-04:00,6196.5,6199.75,6194.75,6195.75,4541,0.0,0.0
2025-06-26 21:00:00-04:00,6195.5,6200.25,6194.0,6198.25,4349,0.0,0.0
2025-06-26 22:00:00-04:00,6198.25,6202.0,6197.0,6202.0,2960,0.0,0.0
2025-06-26 23:00:00-04:00,6202.0,6204.25,6201.25,6201.5,3329,0.0,0.0
2025-06-27 00:00:00-04:00,6201.5,6202.25,6200.0,6200.0,2661,0.0,0.0
2025-06-27 01:00:00-04:00,6200.0,6206.0,6199.75,6204.25,3931,0.0,0.0
2025-06-27 02:00:00-04:00,6204.25,6214.0,6203.5,6211.0,11399,0.0,0.0
2025-06-27 03:00:00-04:00,6210.75,6215.0,6208.5,6210.0,9390,0.0,0.0
2025-06-27 04:00:00-04:00,6210.25,6212.5,6208.0,6212.0,8727,0.0,0.0
2025-06-27 05:00:00-04:00,6212.0,6212.5,6207.25,6210.5,8072,0.0,0.0
2025-06-27 06:00:00-04:00,6210.5,6211.0,6207.25,6209.75,6700,0.0,0.0
2025-06-27 07:00:00-04:00,6209.5,6218.75,6209.25,6218.25,11442,0.0,0.0
2025-06-27 08:00:00-04:00,6218.5,6220.75,6208.5,6209.5,28721,0.0,0.0
2025-06-27 09:00:00-04:00,6209.25,6221.5,6202.0,6218.25,105495,0.0,0.0
2025-06-27 10:00:00-04:00,6218.5,6230.75,6218.5,6222.75,176987,0.0,0.0
2025-06-27 11:00:00-04:00,6222.75,6236.0,6220.75,6234.0,92947,0.0,0.0
2025-06-27 12:00:00-04:00,6234.0,6239.0,6231.5,6234.75,87654,0.0,0.0
2025-06-27 13:00:00-04:00,6234.5,6234.75,6207.25,6216.5,152440,0.0,0.0
2025-06-27 14:00:00-04:00,6216.5,6218.75,6183.25,6187.25,205858,0.0,0.0
2025-06-27 15:00:00-04:00,6187.25,6226.75,6185.25,6223.5,259941,0.0,0.0
2025-06-27 16:00:00-04:00,6223.5,6223.5,6216.75,6220.0,66733,0.0,0.0
2025-06-29 18:00:00-04:00,6223.25,6243.25,6223.25,6239.25,14198,0.0,0.0
2025-06-29 19:00:00-04:00,6239.0,6245.0,6237.25,6238.0,9255,0.0,0.0
2025-06-29 20:00:00-04:00,6238.0,6242.0,6235.75,6240.25,6367,0.0,0.0
2025-06-29 21:00:00-04:00,6240.0,6241.0,6236.5,6238.75,5840,0.0,0.0
2025-06-29 22:00:00-04:00,6238.5,6248.75,6238.25,6246.25,8664,0.0,0.0
2025-06-29 23:00:00-04:00,6246.0,6249.25,6244.75,6247.75,4203,0.0,0.0
2025-06-30 00:00:00-04:00,6247.75,6250.0,6247.25,6247.75,4007,0.0,0.0
2025-06-30 01:00:00-04:00,6247.5,6251.75,6246.5,6250.75,4611,0.0,0.0
2025-06-30 02:00:00-04:00,6250.75,6255.0,6249.0,6250.75,9966,0.0,0.0
2025-06-30 03:00:00-04:00,6250.75,6250.75,6243.75,6246.5,12854,0.0,0.0
2025-06-30 04:00:00-04:00,6246.75,6251.0,6244.5,6246.75,10559,0.0,0.0
2025-06-30 05:00:00-04:00,6246.75,6253.25,6245.25,6247.0,9060,0.0,0.0
2025-06-30 06:00:00-04:00,6247.0,6252.0,6246.5,6250.25,8120,0.0,0.0
2025-06-30 07:00:00-04:00,6250.25,6253.5,6248.75,6250.0,13811,0.0,0.0
2025-06-30 08:00:00-04:00,6250.25,6250.75,6242.0,6245.25,19940,0.0,0.0
2025-06-30 09:00:00-04:00,6245.25,6250.5,6234.75,6238.5,127236,0.0,0.0
2025-06-30 10:00:00-04:00,6239.0,6242.75,6231.25,6234.75,138835,0.0,0.0
2025-06-30 11:00:00-04:00,6234.75,6244.0,6231.75,6239.25,108350,0.0,0.0
2025-06-30 12:00:00-04:00,6239.25,6245.75,6235.5,6241.0,77423,0.0,0.0
2025-06-30 13:00:00-04:00,6240.75,6242.75,6224.25,6232.5,102888,0.0,0.0
2025-06-30 14:00:00-04:00,6232.5,6243.5,6227.0,6243.5,117784,0.0,0.0
2025-06-30 15:00:00-04:00,6243.5,6265.5,6243.0,6251.5,358917,0.0,0.0
2025-06-30 16:00:00-04:00,6251.5,6254.5,6244.0,6245.25,78963,0.0,0.0
2025-06-30 18:00:00-04:00,6245.75,6250.0,6243.25,6244.25,0,0.0,0.0
2025-06-30 19:00:00-04:00,6244.0,6251.0,6242.25,6250.0,4540,0.0,0.0
2025-06-30 20:00:00-04:00,6250.25,6256.5,6250.25,6255.5,8705,0.0,0.0
2025-06-30 21:00:00-04:00,6255.5,6257.75,6252.5,6257.25,4800,0.0,0.0
2025-06-30 22:00:00-04:00,6257.0,6257.25,6248.25,6248.75,5306,0.0,0.0
2025-06-30 23:00:00-04:00,6248.5,6250.5,6246.75,6247.25,3978,0.0,0.0
2025-07-01 00:00:00-04:00,6248.5,6248.5,6243.5,6244.25,4513,0.0,0.0
2025-07-01 01:00:00-04:00,6244.25,6246.25,6241.5,6243.5,5227,0.0,0.0
2025-07-01 02:00:00-04:00,6243.25,6244.5,6240.25,6243.5,7624,0.0,0.0
2025-07-01 03:00:00-04:00,6243.5,6250.5,6238.0,6243.75,14310,0.0,0.0
2025-07-01 04:00:00-04:00,6243.75,6247.0,6238.5,6244.0,13056,0.0,0.0
2025-07-01 05:00:00-04:00,6243.75,6244.5,6236.25,6241.0,10649,0.0,0.0
2025-07-01 06:00:00-04:00,6241.25,6243.25,6238.5,6241.5,6606,0.0,0.0
2025-07-01 07:00:00-04:00,6241.5,6243.5,6237.25,6240.75,11912,0.0,0.0
2025-07-01 08:00:00-04:00,6240.75,6242.25,6227.25,6234.25,30279,0.0,0.0
2025-07-01 09:00:00-04:00,6234.25,6249.5,6231.75,6244.0,116218,0.0,0.0
2025-07-01 10:00:00-04:00,6243.75,6253.0,6233.25,6237.5,202508,0.0,0.0
2025-07-01 11:00:00-04:00,6237.25,6247.75,6227.5,6242.0,189249,0.0,0.0
2025-07-01 12:00:00-04:00,6242.0,6254.25,6239.75,6243.5,136573,0.0,0.0
2025-07-01 13:00:00-04:00,6243.5,6261.5,6242.5,6258.75,103515,0.0,0.0
2025-07-01 14:00:00-04:00,6259.0,6260.25,6252.25,6253.0,78177,0.0,0.0
2025-07-01 15:00:00-04:00,6252.75,6260.75,6240.0,6249.0,256636,0.0,0.0
2025-07-01 16:00:00-04:00,6249.0,6250.0,6244.0,6248.25,44557,0.0,0.0
2025-07-01 18:00:00-04:00,6247.75,6254.0,6245.0,6253.75,0,0.0,0.0
2025-07-01 19:00:00-04:00,6254.0,6255.0,6250.5,6252.0,2584,0.0,0.0
2025-07-01 20:00:00-04:00,6252.0,6255.0,6251.5,6253.0,3499,0.0,0.0
2025-07-01 21:00:00-04:00,6253.25,6253.75,6247.5,6247.75,3557,0.0,0.0
2025-07-01 22:00:00-04:00,6247.75,6259.0,6245.0,6258.75,5828,0.0,0.0
2025-07-01 23:00:00-04:00,6259.0,6260.75,6258.0,6259.0,3545,0.0,0.0
2025-07-02 00:00:00-04:00,6260.0,6267.75,6259.75,6265.5,5121,0.0,0.0
2025-07-02 01:00:00-04:00,6265.25,6265.25,6260.25,6264.5,3898,0.0,0.0
2025-07-02 02:00:00-04:00,6264.5,6270.75,6263.5,6269.5,8137,0.0,0.0
2025-07-02 03:00:00-04:00,6269.5,6270.25,6255.5,6257.25,10524,0.0,0.0
2025-07-02 04:00:00-04:00,6257.5,6260.25,6252.25,6255.0,10438,0.0,0.0
2025-07-02 05:00:00-04:00,6254.75,6257.25,6253.0,6257.0,6472,0.0,0.0
2025-07-02 06:00:00-04:00,6257.0,6257.25,6252.0,6255.0,8718,0.0,0.0
2025-07-02 07:00:00-04:00,6254.75,6258.5,6245.75,6249.5,15690,0.0,0.0
2025-07-02 08:00:00-04:00,6249.75,6253.5,6235.5,6240.0,42497,0.0,0.0
2025-07-02 09:00:00-04:00,6240.0,6248.5,6237.25,6245.0,123394,0.0,0.0
2025-07-02 10:00:00-04:00,6245.0,6264.0,6244.75,6259.5,182182,0.0,0.0
2025-07-02 11:00:00-04:00,6259.75,6266.75,6257.5,6264.75,106576,0.0,0.0
2025-07-02 12:00:00-04:00,6264.75,6268.25,6260.5,6268.0,74871,0.0,0.0
2025-07-02 13:00:00-04:00,6268.0,6269.25,6263.0,6266.0,68915,0.0,0.0
2025-07-02 14:00:00-04:00,6266.25,6271.5,6265.25,6270.5,70197,0.0,0.0
2025-07-02 15:00:00-04:00,6270.5,6276.5,6268.0,6275.25,168541,0.0,0.0
2025-07-02 16:00:00-04:00,6275.25,6279.5,6271.0,6277.0,56017,0.0,0.0
2025-07-02 18:00:00-04:00,6276.5,6278.75,6273.0,6276.75,0,0.0,0.0
2025-07-02 19:00:00-04:00,6276.75,6278.25,6276.0,6277.5,1467,0.0,0.0
2025-07-02 20:00:00-04:00,6277.5,6279.75,6275.5,6277.5,3322,0.0,0.0
2025-07-02 21:00:00-04:00,6277.0,6279.75,6274.75,6276.5,3504,0.0,0.0
2025-07-02 22:00:00-04:00,6276.5,6276.5,6270.5,6275.0,4749,0.0,0.0
2025-07-02 23:00:00-04:00,6275.0,6284.0,6274.75,6279.25,5172,0.0,0.0
2025-07-03 09:30:00-04:00,6285.25,6315.25,6285.0,6310.0,136788,0.0,0.0
2025-07-03 10:30:00-04:00,6317.0,6324.75,6315.0,6324.25,119055,0.0,0.0
2025-07-03 11:30:00-04:00,6323.0,6331.25,6322.0,6328.25,100422,0.0,0.0
2025-07-03 12:30:00-04:00,6329.75,6333.25,6318.75,6323.0,169883,0.0,0.0
2025-07-04 00:00:00-04:00,6308.5,6309.5,6304.25,6306.5,25036,0.0,0.0
2025-07-04 01:00:00-04:00,6306.75,6308.75,6303.5,6308.25,2963,0.0,0.0
2025-07-04 02:00:00-04:00,6308.5,6308.75,6302.25,6302.5,5083,0.0,0.0
2025-07-04 03:00:00-04:00,6302.5,6305.25,6290.0,6290.5,10601,0.0,0.0
2025-07-04 04:00:00-04:00,6290.75,6295.5,6285.5,6286.5,12312,0.0,0.0
2025-07-04 05:00:00-04:00,6286.25,6290.5,6283.75,6289.25,10545,0.0,0.0
2025-07-04 06:00:00-04:00,6289.25,6291.0,6276.5,6281.5,7386,0.0,0.0
2025-07-04 07:00:00-04:00,6281.25,6288.0,6280.0,6285.25,6754,0.0,0.0
2025-07-04 08:00:00-04:00,6285.25,6287.5,6282.25,6284.75,4757,0.0,0.0
2025-07-04 09:00:00-04:00,6285.0,6288.5,6279.25,6287.5,13174,0.0,0.0
2025-07-04 10:00:00-04:00,6287.25,6292.75,6284.5,6290.25,8934,0.0,0.0
2025-07-04 11:00:00-04:00,6290.25,6292.0,6285.0,6289.5,8094,0.0,0.0
2025-07-04 12:00:00-04:00,6289.5,6290.0,6282.5,6283.5,6343,0.0,0.0
2025-07-06 18:00:00-04:00,6307.75,6313.0,6295.5,6300.75,10476,0.0,0.0
2025-07-06 19:00:00-04:00,6300.75,6306.0,6298.5,6301.25,5032,0.0,0.0
2025-07-06 20:00:00-04:00,6301.25,6306.0,6299.25,6301.5,5462,0.0,0.0
2025-07-06 21:00:00-04:00,6301.5,6301.75,6291.0,6297.25,8836,0.0,0.0
2025-07-06 22:00:00-04:00,6297.5,6301.75,6296.5,6298.25,4386,0.0,0.0
2025-07-06 23:00:00-04:00,6298.25,6302.25,6294.0,6301.5,3295,0.0,0.0
2025-07-07 00:00:00-04:00,6301.75,6306.0,6296.5,6297.5,3453,0.0,0.0
2025-07-07 01:00:00-04:00,6297.25,6298.5,6294.5,6297.0,3414,0.0,0.0
2025-07-07 02:00:00-04:00,6296.75,6297.25,6290.75,6294.5,5833,0.0,0.0
2025-07-07 03:00:00-04:00,6294.75,6297.75,6292.0,6297.5,6471,0.0,0.0
2025-07-07 04:00:00-04:00,6297.5,6298.25,6292.25,6294.0,9683,0.0,0.0
2025-07-07 05:00:00-04:00,6294.0,6307.25,6292.75,6306.5,8684,0.0,0.0
2025-07-07 06:00:00-04:00,6306.5,6311.25,6304.75,6305.0,9106,0.0,0.0
2025-07-07 07:00:00-04:00,6305.25,6311.25,6304.5,6310.75,8561,0.0,0.0
2025-07-07 08:00:00-04:00,6310.5,6315.0,6301.0,6302.75,24305,0.0,0.0
2025-07-07 09:00:00-04:00,6302.75,6309.75,6297.25,6305.25,115292,0.0,0.0
2025-07-07 10:00:00-04:00,6305.0,6306.5,6287.75,6290.0,145110,0.0,0.0
2025-07-07 11:00:00-04:00,6289.75,6292.5,6279.75,6285.75,106838,0.0,0.0
2025-07-07 12:00:00-04:00,6285.5,6291.25,6260.25,6266.0,204260,0.0,0.0
2025-07-07 13:00:00-04:00,6266.0,6282.5,6263.5,6268.25,118261,0.0,0.0
2025-07-07 14:00:00-04:00,6271.0,6271.75,6246.25,6269.75,139078,0.0,0.0
2025-07-07 15:00:00-04:00,6269.5,6278.0,6261.5,6275.5,195853,0.0,0.0
2025-07-07 16:00:00-04:00,6275.5,6276.0,6258.5,6263.25,49217,0.0,0.0
2025-07-07 18:00:00-04:00,6262.5,6266.25,6254.5,6262.25,0,0.0,0.0
2025-07-07 19:00:00-04:00,6262.25,6269.25,6261.25,6268.25,5268,0.0,0.0
2025-07-07 20:00:00-04:00,6268.25,6275.75,6263.5,6273.75,8531,0.0,0.0
2025-07-07 21:00:00-04:00,6273.5,6277.5,6270.25,6272.0,6470,0.0,0.0
2025-07-07 22:00:00-04:00,6272.0,6280.0,6271.25,6279.5,3983,0.0,0.0
2025-07-07 23:00:00-04:00,6279.5,6279.75,6275.0,6276.25,2942,0.0,0.0
2025-07-08 00:00:00-04:00,6278.0,6279.75,6275.75,6276.25,2484,0.0,0.0
2025-07-08 01:00:00-04:00,6276.25,6281.75,6275.25,6281.5,3799,0.0,0.0
2025-07-08 02:00:00-04:00,6281.5,6284.25,6278.0,6283.25,7833,0.0,0.0
2025-07-08 03:00:00-04:00,6283.0,6289.0,6277.5,6287.0,10905,0.0,0.0
2025-07-08 04:00:00-04:00,6287.0,6287.25,6279.75,6283.0,7575,0.0,0.0
2025-07-08 05:00:00-04:00,6282.75,6285.0,6276.75,6278.0,6025,0.0,0.0
2025-07-08 06:00:00-04:00,6278.25,6286.0,6273.75,6283.25,8653,0.0,0.0
2025-07-08 07:00:00-04:00,6283.0,6286.75,6281.0,6282.25,6909,0.0,0.0
2025-07-08 08:00:00-04:00,6282.25,6284.0,6277.0,6282.25,14483,0.0,0.0
2025-07-08 09:00:00-04:00,6282.25,6284.5,6272.75,6274.0,110161,0.0,0.0
2025-07-08 10:00:00-04:00,6274.0,6282.5,6262.5,6268.0,204535,0.0,0.0
2025-07-08 11:00:00-04:00,6270.0,6279.75,6264.5,6278.0,122960,0.0,0.0
2025-07-08 12:00:00-04:00,6278.0,6288.75,6271.5,6275.25,141347,0.0,0.0
2025-07-08 13:00:00-04:00,6275.25,6280.75,6265.75,6279.25,92590,0.0,0.0
2025-07-08 14:00:00-04:00,6279.0,6280.75,6270.5,6272.75,64781,0.0,0.0
2025-07-08 15:00:00-04:00,6272.75,6276.25,6267.5,6271.5,91796,0.0,0.0
2025-07-08 16:00:00-04:00,6270.5,6274.25,6270.25,6271.75,97854,0.0,0.0
2025-07-08 18:00:00-04:00,6272.0,6276.0,6270.75,6273.25,0,0.0,0.0
2025-07-08 19:00:00-04:00,6273.25,6276.75,6268.75,6270.5,4010,0.0,0.0
2025-07-08 20:00:00-04:00,6270.25,6270.25,6262.25,6265.0,5439,0.0,0.0
2025-07-08 21:00:00-04:00,6264.75,6269.0,6260.0,6268.75,6240,0.0,0.0
2025-07-08 22:00:00-04:00,6268.5,6270.75,6266.5,6267.0,2982,0.0,0.0
2025-07-08 23:00:00-04:00,6267.25,6268.25,6264.25,6265.25,2549,0.0,0.0
2025-07-09 00:00:00-04:00,6264.5,6270.25,6264.25,6268.25,2946,0.0,0.0
2025-07-09 01:00:00-04:00,6268.25,6269.0,6263.5,6266.0,3443,0.0,0.0
2025-07-09 02:00:00-04:00,6265.75,6271.75,6260.5,6270.75,6897,0.0,0.0
2025-07-09 03:00:00-04:00,6271.0,6274.25,6266.25,6271.75,7323,0.0,0.0
2025-07-09 04:00:00-04:00,6271.75,6274.25,6269.5,6271.75,5972,0.0,0.0
2025-07-09 05:00:00-04:00,6272.0,6283.75,6272.0,6280.25,8750,0.0,0.0
2025-07-09 06:00:00-04:00,6280.5,6282.25,6277.0,6280.5,6979,0.0,0.0
2025-07-09 07:00:00-04:00,6280.75,6286.75,6279.25,6284.25,8488,0.0,0.0
2025-07-09 08:00:00-04:00,6284.25,6290.25,6282.5,6287.0,19543,0.0,0.0
2025-07-09 09:00:00-04:00,6286.75,6315.25,6285.0,6310.75,146159,0.0,0.0
2025-07-09 10:00:00-04:00,6312.25,6312.5,6277.5,6281.25,266227,0.0,0.0
2025-07-09 11:00:00-04:00,6282.5,6292.75,6276.0,6286.5,150430,0.0,0.0
2025-07-09 12:00:00-04:00,6286.25,6291.25,6282.5,6287.5,80370,0.0,0.0
2025-07-09 13:00:00-04:00,6287.25,6295.25,6283.0,6291.75,86206,0.0,0.0
2025-07-09 14:00:00-04:00,6291.5,6303.25,6291.0,6301.5,78263,0.0,0.0
2025-07-09 15:00:00-04:00,6301.5,6309.5,6298.25,6307.0,140759,0.0,0.0
2025-07-09 16:00:00-04:00,6307.0,6310.0,6302.75,6306.25,49325,0.0,0.0
2025-07-09 18:00:00-04:00,6306.0,6312.25,6303.5,6309.75,0,0.0,0.0
2025-07-09 19:00:00-04:00,6309.5,6310.0,6302.75,6303.5,4017,0.0,0.0
2025-07-09 20:00:00-04:00,6303.25,6303.5,6296.0,6296.5,6854,0.0,0.0
2025-07-09 21:00:00-04:00,6296.75,6298.0,6292.25,6292.75,7335,0.0,0.0
2025-07-09 22:00:00-04:00,6292.75,6299.5,6292.5,6298.25,3829,0.0,0.0
2025-07-09 23:00:00-04:00,6298.0,6298.0,6291.5,6292.75,4664,0.0,0.0
2025-07-10 00:00:00-04:00,6292.25,6293.0,6290.5,6292.0,2994,0.0,0.0
2025-07-10 01:00:00-04:00,6292.0,6294.0,6290.0,6293.25,3995,0.0,0.0
2025-07-10 02:00:00-04:00,6293.0,6294.25,6288.25,6290.5,7099,0.0,0.0
2025-07-10 03:00:00-04:00,6290.5,6295.5,6287.5,6294.25,10292,0.0,0.0
2025-07-10 04:00:00-04:00,6294.0,6301.5,6293.0,6300.5,8168,0.0,0.0
2025-07-10 05:00:00-04:00,6300.5,6301.5,6294.5,6298.0,7081,0.0,0.0
2025-07-10 06:00:00-04:00,6298.0,6304.0,6297.0,6302.0,5103,0.0,0.0
2025-07-10 07:00:00-04:00,6302.0,6311.25,6300.75,6309.0,10874,0.0,0.0
2025-07-10 08:00:00-04:00,6309.0,6309.25,6300.0,6302.5,18425,0.0,0.0
2025-07-10 09:00:00-04:00,6302.25,6308.5,6297.0,6300.0,113244,0.0,0.0
2025-07-10 10:00:00-04:00,6300.0,6317.25,6296.0,6314.75,166247,0.0,0.0
2025-07-10 11:00:00-04:00,6314.75,6324.5,6314.5,6323.0,103535,0.0,0.0
2025-07-10 12:00:00-04:00,6322.5,6324.25,6316.5,6322.0,75378,0.0,0.0
2025-07-10 13:00:00-04:00,6322.0,6334.5,6321.75,6332.5,72848,0.0,0.0
2025-07-10 14:00:00-04:00,6332.5,6335.5,6327.5,6329.25,62278,0.0,0.0
2025-07-10 15:00:00-04:00,6329.25,6333.25,6318.25,6324.5,152428,0.0,0.0
2025-07-10 16:00:00-04:00,6324.5,6325.25,6319.25,6321.5,37152,0.0,0.0
2025-07-10 18:00:00-04:00,6323.0,6328.5,6320.5,6328.25,0,0.0,0.0
2025-07-10 19:00:00-04:00,6328.25,6330.25,6326.75,6329.75,2938,0.0,0.0
2025-07-10 20:00:00-04:00,6329.75,6329.75,6283.0,6292.25,53911,0.0,0.0
2025-07-10 21:00:00-04:00,6292.5,6302.25,6287.75,6299.25,13614,0.0,0.0
2025-07-10 22:00:00-04:00,6299.0,6303.75,6298.0,6303.5,5784,0.0,0.0
2025-07-10 23:00:00-04:00,6303.25,6309.25,6302.75,6308.75,5500,0.0,0.0
2025-07-11 00:00:00-04:00,6307.5,6311.5,6307.25,6309.25,4024,0.0,0.0
2025-07-11 01:00:00-04:00,6309.25,6310.5,6301.75,6302.0,5112,0.0,0.0
2025-07-11 02:00:00-04:00,6302.25,6309.25,6302.25,6306.0,6133,0.0,0.0
2025-07-11 03:00:00-04:00,6306.0,6308.75,6290.0,6290.75,17687,0.0,0.0
2025-07-11 04:00:00-04:00,6290.75,6294.0,6284.75,6291.0,15992,0.0,0.0
2025-07-11 05:00:00-04:00,6291.0,6293.25,6279.25,6280.5,11015,0.0,0.0
2025-07-11 06:00:00-04:00,6280.25,6286.25,6276.75,6280.0,12843,0.0,0.0
2025-07-11 07:00:00-04:00,6280.0,6295.0,6279.25,6290.5,16071,0.0,0.0
2025-07-11 08:00:00-04:00,6290.5,6293.25,6284.5,6289.5,19707,0.0,0.0
2025-07-11 09:00:00-04:00,6289.25,6298.75,6278.5,6295.75,134683,0.0,0.0
2025-07-11 10:00:00-04:00,6295.75,6307.5,6293.25,6302.25,130910,0.0,0.0
2025-07-11 11:00:00-04:00,6302.0,6308.75,6290.5,6301.25,120721,0.0,0.0
2025-07-11 12:00:00-04:00,6301.5,6308.25,6294.75,6307.5,81058,0.0,0.0
2025-07-11 13:00:00-04:00,6307.25,6310.0,6301.5,6309.0,74890,0.0,0.0
2025-07-11 14:00:00-04:00,6309.0,6312.75,6304.75,6307.75,75634,0.0,0.0
2025-07-11 15:00:00-04:00,6307.5,6311.25,6295.0,6299.25,196042,0.0,0.0
2025-07-11 16:00:00-04:00,6299.25,6300.0,6293.25,6294.0,40342,0.0,0.0
2025-07-14 00:00:00-04:00,6272.5,6274.0,6270.75,6270.75,0,0.0,0.0
2025-07-14 01:00:00-04:00,6271.0,6273.75,6263.75,6264.75,4590,0.0,0.0
2025-07-14 02:00:00-04:00,6264.5,6268.5,6261.0,6266.25,7449,0.0,0.0
2025-07-14 03:00:00-04:00,6266.5,6277.75,6259.75,6277.0,13021,0.0,0.0
2025-07-14 04:00:00-04:00,6276.75,6281.75,6273.0,6279.0,8984,0.0,0.0
2025-07-14 05:00:00-04:00,6279.25,6283.75,6277.25,6283.25,5820,0.0,0.0
2025-07-14 06:00:00-04:00,6283.5,6284.0,6278.5,6280.0,5225,0.0,0.0
2025-07-14 07:00:00-04:00,6279.75,6285.75,6276.75,6281.5,10743,0.0,0.0
2025-07-14 08:00:00-04:00,6281.5,6285.75,6279.75,6282.5,12346,0.0,0.0
2025-07-14 09:00:00-04:00,6282.5,6297.25,6279.75,6289.0,139084,0.0,0.0
2025-07-14 10:00:00-04:00,6289.25,6299.75,6284.75,6297.5,148556,0.0,0.0
2025-07-14 11:00:00-04:00,6297.25,6306.25,6295.25,6302.0,107575,0.0,0.0
2025-07-14 12:00:00-04:00,6302.25,6307.75,6298.75,6305.5,62492,0.0,0.0
2025-07-14 13:00:00-04:00,6305.5,6313.25,6305.5,6310.0,64945,0.0,0.0
2025-07-14 14:00:00-04:00,6310.0,6315.0,6309.0,6312.75,52756,0.0,0.0
2025-07-14 15:00:00-04:00,6313.0,6314.5,6306.25,6310.75,155320,0.0,0.0
2025-07-14 16:00:00-04:00,6310.75,6312.0,6307.0,6309.5,31022,0.0,0.0
2025-07-14 18:00:00-04:00,6309.5,6309.75,6301.5,6301.75,0,0.0,0.0
2025-07-14 19:00:00-04:00,6301.75,6305.25,6300.75,6304.0,2508,0.0,0.0
2025-07-14 20:00:00-04:00,6304.0,6306.25,6301.25,6302.75,4440,0.0,0.0
2025-07-14 21:00:00-04:00,6302.75,6335.75,6301.0,6327.25,17909,0.0,0.0
2025-07-14 22:00:00-04:00,6327.5,6330.75,6308.25,6311.5,14921,0.0,0.0
2025-07-14 23:00:00-04:00,6311.25,6319.0,6308.75,6317.0,6326,0.0,0.0
2025-07-15 00:00:00-04:00,6316.5,6323.75,6316.0,6323.25,4427,0.0,0.0
2025-07-15 01:00:00-04:00,6323.25,6333.25,6322.5,6330.25,7831,0.0,0.0
2025-07-15 02:00:00-04:00,6330.5,6332.25,6326.75,6329.75,5903,0.0,0.0
2025-07-15 03:00:00-04:00,6330.0,6331.5,6325.75,6329.5,9568,0.0,0.0
2025-07-15 04:00:00-04:00,6329.5,6332.25,6325.75,6329.0,12170,0.0,0.0
2025-07-15 05:00:00-04:00,6328.75,6335.0,6327.5,6334.5,10366,0.0,0.0
2025-07-15 06:00:00-04:00,6334.5,6341.75,6332.25,6334.75,14052,0.0,0.0
2025-07-15 07:00:00-04:00,6334.75,6340.75,6330.25,6333.5,17851,0.0,0.0
2025-07-15 08:00:00-04:00,6333.75,6343.0,6325.0,6335.25,53799,0.0,0.0
2025-07-15 09:00:00-04:00,6335.5,6342.25,6318.0,6318.75,164946,0.0,0.0
2025-07-15 10:00:00-04:00,6319.0,6326.5,6300.0,6301.0,203372,0.0,0.0
2025-07-15 11:00:00-04:00,6300.75,6316.0,6300.75,6310.5,141607,0.0,0.0
2025-07-15 12:00:00-04:00,6310.5,6312.25,6292.0,6294.25,110495,0.0,0.0
2025-07-15 13:00:00-04:00,6294.0,6308.75,6291.25,6308.25,84808,0.0,0.0
2025-07-15 14:00:00-04:00,6308.5,6311.0,6294.75,6295.0,91964,0.0,0.0
2025-07-15 15:00:00-04:00,6297.0,6300.0,6286.75,6288.25,133053,0.0,0.0
2025-07-15 16:00:00-04:00,6284.5,6284.5,6272.5,6273.75,113483,0.0,0.0
2025-07-15 18:00:00-04:00,6273.75,6277.25,6264.25,6270.5,0,0.0,0.0
2025-07-15 19:00:00-04:00,6270.5,6273.75,6265.0,6272.5,5335,0.0,0.0
2025-07-15 20:00:00-04:00,6272.5,6273.75,6266.0,6272.5,6360,0.0,0.0
2025-07-15 21:00:00-04:00,6272.5,6278.25,6272.0,6277.0,6537,0.0,0.0
2025-07-15 22:00:00-04:00,6277.0,6277.75,6272.25,6273.75,3106,0.0,0.0
2025-07-15 23:00:00-04:00,6274.0,6276.5,6273.25,6273.25,2707,0.0,0.0
2025-07-16 00:00:00-04:00,6276.25,6277.5,6273.0,6274.5,2580,0.0,0.0
2025-07-16 01:00:00-04:00,6275.0,6279.5,6268.75,6272.0,7224,0.0,0.0
2025-07-16 02:00:00-04:00,6271.75,6272.25,6264.25,6265.5,6055,0.0,0.0
2025-07-16 03:00:00-04:00,6265.25,6272.0,6257.25,6271.75,14333,0.0,0.0
2025-07-16 04:00:00-04:00,6271.75,6281.25,6270.0,6279.0,9499,0.0,0.0
2025-07-16 05:00:00-04:00,6279.0,6280.0,6273.75,6278.75,6126,0.0,0.0
2025-07-16 06:00:00-04:00,6279.0,6282.5,6277.25,6280.5,6997,0.0,0.0
2025-07-16 07:00:00-04:00,6280.75,6283.5,6277.25,6283.25,11685,0.0,0.0
2025-07-16 08:00:00-04:00,6283.5,6300.5,6281.25,6297.25,37856,0.0,0.0
2025-07-16 09:00:00-04:00,6297.5,6302.0,6281.0,6281.75,152470,0.0,0.0
2025-07-16 10:00:00-04:00,6282.0,6295.0,6276.0,6282.75,228103,0.0,0.0
2025-07-16 11:00:00-04:00,6282.75,6295.0,6241.0,6281.0,414671,0.0,0.0
2025-07-16 12:00:00-04:00,6280.75,6292.75,6271.25,6292.25,118626,0.0,0.0
2025-07-16 13:00:00-04:00,6292.5,6299.5,6290.25,6292.5,86862,0.0,0.0
2025-07-16 14:00:00-04:00,6292.5,6305.25,6288.5,6305.25,78414,0.0,0.0
2025-07-16 15:00:00-04:00,6305.25,6308.75,6299.75,6303.0,155766,0.0,0.0
2025-07-16 16:00:00-04:00,6302.75,6303.5,6297.5,6299.0,39954,0.0,0.0
2025-07-16 18:00:00-04:00,6299.25,6300.5,6291.25,6292.25,0,0.0,0.0
2025-07-16 19:00:00-04:00,6292.5,6294.5,6291.25,6293.0,3091,0.0,0.0
2025-07-16 20:00:00-04:00,6293.25,6297.25,6290.25,6296.75,5823,0.0,0.0
2025-07-16 21:00:00-04:00,6296.5,6297.75,6289.5,6291.75,4516,0.0,0.0
2025-07-16 22:00:00-04:00,6291.75,6291.75,6289.0,6290.0,2682,0.0,0.0
2025-07-16 23:00:00-04:00,6290.25,6292.75,6288.25,6292.5,2478,0.0,0.0
2025-07-17 00:00:00-04:00,6293.25,6293.75,6290.75,6293.0,2052,0.0,0.0
2025-07-17 01:00:00-04:00,6293.25,6304.0,6293.0,6301.0,7045,0.0,0.0
2025-07-17 02:00:00-04:00,6301.0,6311.5,6301.0,6308.25,8621,0.0,0.0
2025-07-17 03:00:00-04:00,6308.5,6309.5,6302.25,6304.25,9039,0.0,0.0
2025-07-17 04:00:00-04:00,6304.0,6307.75,6301.75,6305.75,7826,0.0,0.0
2025-07-17 05:00:00-04:00,6306.0,6311.0,6306.0,6307.0,5417,0.0,0.0
2025-07-17 06:00:00-04:00,6307.0,6308.5,6302.25,6303.0,6299,0.0,0.0
2025-07-17 07:00:00-04:00,6303.25,6303.75,6297.0,6299.0,11478,0.0,0.0
2025-07-17 08:00:00-04:00,6299.0,6315.0,6297.5,6314.25,30443,0.0,0.0
2025-07-17 09:00:00-04:00,6314.0,6322.75,6302.0,6318.75,133791,0.0,0.0
2025-07-17 10:00:00-04:00,6318.5,6323.25,6308.75,6319.0,149476,0.0,0.0
2025-07-17 11:00:00-04:00,6319.0,6333.75,6318.5,6333.25,104568,0.0,0.0
2025-07-17 12:00:00-04:00,6333.25,6336.5,6326.0,6329.5,81433,0.0,0.0
2025-07-17 13:00:00-04:00,6329.5,6335.75,6327.5,6335.5,63938,0.0,0.0
2025-07-17 14:00:00-04:00,6335.5,6342.75,6332.25,6340.75,73412,0.0,0.0
2025-07-17 15:00:00-04:00,6341.0,6345.5,6337.5,6342.0,218091,0.0,0.0
2025-07-17 16:00:00-04:00,6342.0,6345.25,6338.75,6342.25,44430,0.0,0.0
2025-07-17 18:00:00-04:00,6342.5,6343.75,6338.5,6342.25,0,0.0,0.0
2025-07-17 19:00:00-04:00,6342.5,6350.75,6342.0,6349.25,5465,0.0,0.0
2025-07-17 20:00:00-04:00,6349.25,6350.5,6346.25,6347.0,4451,0.0,0.0
2025-07-17 21:00:00-04:00,6347.0,6348.5,6345.5,6346.5,3337,0.0,0.0
2025-07-17 22:00:00-04:00,6346.25,6351.75,6344.75,6350.25,3306,0.0,0.0
2025-07-17 23:00:00-04:00,6350.25,6352.75,6349.0,6350.0,4025,0.0,0.0
2025-07-18 00:00:00-04:00,6349.5,6351.5,6349.0,6350.75,2526,0.0,0.0
2025-07-18 01:00:00-04:00,6351.0,6356.25,6351.0,6355.75,5042,0.0,0.0
2025-07-18 02:00:00-04:00,6355.75,6357.0,6353.0,6354.25,5865,0.0,0.0
2025-07-18 03:00:00-04:00,6354.25,6354.75,6346.0,6346.25,11669,0.0,0.0
2025-07-18 04:00:00-04:00,6346.0,6350.5,6346.0,6348.75,7116,0.0,0.0
2025-07-18 05:00:00-04:00,6348.5,6350.25,6347.5,6348.25,4931,0.0,0.0
2025-07-18 06:00:00-04:00,6348.25,6348.75,6340.75,6342.75,8226,0.0,0.0
2025-07-18 07:00:00-04:00,6343.0,6345.0,6339.5,6343.25,10779,0.0,0.0
2025-07-18 08:00:00-04:00,6343.25,6348.75,6342.75,6348.0,20255,0.0,0.0
2025-07-18 09:00:00-04:00,6347.75,6353.5,6342.5,6345.0,136570,0.0,0.0
2025-07-18 10:00:00-04:00,6344.25,6353.5,6330.5,6332.5,164479,0.0,0.0
2025-07-18 11:00:00-04:00,6329.25,6340.25,6328.75,6340.0,105663,0.0,0.0
2025-07-18 12:00:00-04:00,6340.0,6340.5,6323.5,6325.25,132642,0.0,0.0
2025-07-18 13:00:00-04:00,6325.5,6334.25,6323.25,6329.75,89481,0.0,0.0
2025-07-18 14:00:00-04:00,6329.75,6333.0,6324.5,6331.25,65136,0.0,0.0
2025-07-18 15:00:00-04:00,6331.0,6337.0,6329.0,6334.75,144213,0.0,0.0
2025-07-18 16:00:00-04:00,6335.0,6336.0,6333.25,6335.25,38258,0.0,0.0
2025-07-20 18:00:00-04:00,6331.0,6339.25,6330.25,6338.0,4232,0.0,0.0
2025-07-20 19:00:00-04:00,6338.25,6343.0,6336.75,6342.75,3627,0.0,0.0
2025-07-20 20:00:00-04:00,6342.75,6343.75,6341.5,6341.75,3013,0.0,0.0
2025-07-20 21:00:00-04:00,6342.0,6345.0,6341.25,6342.0,3997,0.0,0.0
2025-07-20 22:00:00-04:00,6342.0,6343.25,6340.0,6340.75,2223,0.0,0.0
2025-07-20 23:00:00-04:00,6340.75,6341.75,6340.0,6340.5,870,0.0,0.0
2025-07-21 00:00:00-04:00,6340.75,6343.25,6340.75,6343.25,3056,0.0,0.0
2025-07-21 01:00:00-04:00,6343.0,6344.0,6341.25,6341.75,2321,0.0,0.0
2025-07-21 02:00:00-04:00,6341.75,6349.75,6341.25,6346.25,6167,0.0,0.0
2025-07-21 03:00:00-04:00,6346.25,6351.25,6346.0,6349.25,6884,0.0,0.0
2025-07-21 04:00:00-04:00,6349.0,6354.5,6349.0,6352.25,8416,0.0,0.0
2025-07-21 05:00:00-04:00,6352.0,6353.5,6350.5,6351.5,3611,0.0,0.0
2025-07-21 06:00:00-04:00,6351.5,6354.0,6347.75,6350.75,6639,0.0,0.0
2025-07-21 07:00:00-04:00,6350.75,6351.5,6348.0,6348.75,9001,0.0,0.0
2025-07-21 08:00:00-04:00,6349.0,6350.0,6341.75,6342.5,14677,0.0,0.0
2025-07-21 09:00:00-04:00,6342.25,6365.5,6339.75,6364.5,124119,0.0,0.0
2025-07-21 10:00:00-04:00,6366.25,6372.5,6362.25,6368.75,123308,0.0,0.0
2025-07-21 11:00:00-04:00,6368.75,6374.0,6367.25,6369.5,75595,0.0,0.0
2025-07-21 12:00:00-04:00,6370.25,6371.75,6363.5,6370.75,80460,0.0,0.0
2025-07-21 13:00:00-04:00,6371.0,6373.75,6369.25,6370.0,49637,0.0,0.0
2025-07-21 14:00:00-04:00,6369.75,6370.75,6361.0,6361.5,75654,0.0,0.0
2025-07-21 15:00:00-04:00,6361.5,6362.0,6341.0,6345.25,240362,0.0,0.0
2025-07-21 16:00:00-04:00,6345.25,6348.75,6343.75,6348.5,42264,0.0,0.0
2025-07-21 18:00:00-04:00,6347.0,6349.5,6346.0,6347.5,0,0.0,0.0
2025-07-21 19:00:00-04:00,6347.75,6349.0,6346.0,6348.25,2456,0.0,0.0
2025-07-21 20:00:00-04:00,6348.0,6351.5,6347.25,6347.75,5008,0.0,0.0
2025-07-21 21:00:00-04:00,6347.75,6352.0,6346.75,6351.75,5680,0.0,0.0
2025-07-21 22:00:00-04:00,6351.75,6352.0,6346.75,6347.25,2776,0.0,0.0
2025-07-21 23:00:00-04:00,6347.5,6348.5,6343.75,6345.5,3757,0.0,0.0
2025-07-22 00:00:00-04:00,6344.5,6344.75,6340.5,6341.5,4831,0.0,0.0
2025-07-22 01:00:00-04:00,6341.5,6342.5,6339.25,6341.5,3985,0.0,0.0
2025-07-22 02:00:00-04:00,6341.75,6342.75,6340.0,6341.75,3533,0.0,0.0
2025-07-22 03:00:00-04:00,6341.5,6346.75,6336.75,6339.5,12210,0.0,0.0
2025-07-22 04:00:00-04:00,6339.25,6344.0,6335.25,6337.25,13601,0.0,0.0
2025-07-22 05:00:00-04:00,6337.25,6339.0,6335.75,6337.5,6909,0.0,0.0
2025-07-22 06:00:00-04:00,6337.75,6341.0,6337.0,6340.25,7743,0.0,0.0
2025-07-22 07:00:00-04:00,6340.0,6346.75,6337.75,6346.25,16394,0.0,0.0
2025-07-22 08:00:00-04:00,6346.25,6349.25,6344.25,6348.0,14322,0.0,0.0
2025-07-22 09:00:00-04:00,6348.0,6349.5,6321.75,6326.0,191689,0.0,0.0
2025-07-22 10:00:00-04:00,6326.0,6337.75,6319.25,6336.75,190602,0.0,0.0
2025-07-22 11:00:00-04:00,6336.75,6338.5,6330.25,6335.5,86053,0.0,0.0
2025-07-22 12:00:00-04:00,6334.0,6338.5,6327.25,6336.0,96936,0.0,0.0
2025-07-22 13:00:00-04:00,6336.0,6349.75,6335.0,6341.0,96191,0.0,0.0
2025-07-22 14:00:00-04:00,6340.75,6352.75,6332.5,6350.75,105928,0.0,0.0
2025-07-22 15:00:00-04:00,6350.75,6353.75,6344.5,6345.5,167531,0.0,0.0
2025-07-22 16:00:00-04:00,6345.5,6347.5,6343.0,6347.25,51013,0.0,0.0
2025-07-22 18:00:00-04:00,6346.5,6350.25,6342.75,6344.75,0,0.0,0.0
2025-07-22 19:00:00-04:00,6344.75,6364.25,6344.5,6362.0,15098,0.0,0.0
2025-07-22 20:00:00-04:00,6362.0,6363.0,6349.75,6351.0,9933,0.0,0.0
2025-07-22 21:00:00-04:00,6350.75,6361.0,6349.0,6361.0,6644,0.0,0.0
2025-07-22 22:00:00-04:00,6360.75,6361.0,6356.5,6360.25,4359,0.0,0.0
2025-07-22 23:00:00-04:00,6360.25,6363.0,6357.75,6359.0,4040,0.0,0.0
2025-07-23 00:00:00-04:00,6358.5,6362.75,6357.5,6362.25,3584,0.0,0.0
2025-07-23 01:00:00-04:00,6362.25,6364.75,6361.5,6362.75,4540,0.0,0.0
2025-07-23 02:00:00-04:00,6362.75,6365.5,6360.0,6365.0,5861,0.0,0.0
2025-07-23 03:00:00-04:00,6365.0,6367.5,6360.5,6361.5,12340,0.0,0.0
2025-07-23 04:00:00-04:00,6361.5,6371.75,6361.25,6371.25,13479,0.0,0.0
2025-07-23 05:00:00-04:00,6371.0,6373.25,6368.0,6371.75,8970,0.0,0.0
2025-07-23 06:00:00-04:00,6372.0,6374.25,6369.75,6370.25,8547,0.0,0.0
2025-07-23 07:00:00-04:00,6370.0,6371.0,6363.0,6370.0,15489,0.0,0.0
2025-07-23 08:00:00-04:00,6369.75,6372.5,6366.25,6369.5,15922,0.0,0.0
2025-07-23 09:00:00-04:00,6369.5,6376.75,6354.0,6356.25,140963,0.0,0.0
2025-07-23 10:00:00-04:00,6356.25,6364.5,6353.5,6363.75,123489,0.0,0.0
2025-07-23 11:00:00-04:00,6363.25,6381.5,6359.5,6377.75,169360,0.0,0.0
2025-07-23 12:00:00-04:00,6377.5,6383.25,6370.0,6375.5,125103,0.0,0.0
2025-07-23 13:00:00-04:00,6375.5,6385.75,6371.75,6382.0,106941,0.0,0.0
2025-07-23 14:00:00-04:00,6382.25,6393.75,6382.25,6389.5,97838,0.0,0.0
2025-07-23 15:00:00-04:00,6389.75,6399.25,6386.5,6399.25,185562,0.0,0.0
2025-07-23 16:00:00-04:00,6399.0,6407.25,6392.25,6405.75,68491,0.0,0.0
2025-07-23 18:00:00-04:00,6404.0,6404.75,6400.5,6401.25,0,0.0,0.0
2025-07-23 19:00:00-04:00,6401.25,6405.0,6400.5,6404.0,2713,0.0,0.0
2025-07-23 20:00:00-04:00,6403.75,6404.5,6400.5,6402.0,4255,0.0,0.0
2025-07-23 21:00:00-04:00,6402.0,6406.75,6401.5,6405.0,4487,0.0,0.0
2025-07-23 22:00:00-04:00,6405.0,6406.75,6404.25,6405.0,2922,0.0,0.0
2025-07-23 23:00:00-04:00,6405.0,6405.0,6399.75,6400.75,3405,0.0,0.0
2025-07-24 00:00:00-04:00,6401.5,6402.25,6399.0,6401.0,2675,0.0,0.0
2025-07-24 01:00:00-04:00,6401.0,6402.0,6399.0,6399.0,2819,0.0,0.0
2025-07-24 02:00:00-04:00,6399.25,6403.5,6396.0,6396.5,6369,0.0,0.0
2025-07-24 03:00:00-04:00,6396.25,6397.75,6393.5,6395.75,9528,0.0,0.0
2025-07-24 04:00:00-04:00,6395.75,6402.0,6394.0,6400.75,9187,0.0,0.0
2025-07-24 05:00:00-04:00,6401.0,6404.0,6399.5,6403.0,7260,0.0,0.0
2025-07-24 06:00:00-04:00,6403.25,6404.5,6395.75,6398.5,9694,0.0,0.0
2025-07-24 07:00:00-04:00,6398.5,6406.75,6397.75,6403.75,11150,0.0,0.0
2025-07-24 08:00:00-04:00,6403.75,6404.5,6391.5,6398.0,27709,0.0,0.0
2025-07-24 09:00:00-04:00,6398.25,6410.25,6394.5,6406.75,127790,0.0,0.0
2025-07-24 10:00:00-04:00,6407.0,6412.5,6396.5,6411.5,140248,0.0,0.0
2025-07-24 11:00:00-04:00,6411.75,6415.5,6409.25,6411.75,100072,0.0,0.0
2025-07-24 12:00:00-04:00,6411.75,6412.25,6399.0,6405.5,108808,0.0,0.0
2025-07-24 13:00:00-04:00,6405.25,6416.75,6404.0,6409.0,79847,0.0,0.0
2025-07-24 14:00:00-04:00,6409.25,6418.25,6403.5,6409.0,94152,0.0,0.0
2025-07-24 15:00:00-04:00,6408.75,6414.5,6399.75,6401.75,206568,0.0,0.0
2025-07-24 16:00:00-04:00,6401.75,6407.5,6399.25,6406.5,53087,0.0,0.0
2025-07-24 18:00:00-04:00,6406.75,6413.25,6404.75,6410.0,0,0.0,0.0
2025-07-24 19:00:00-04:00,6409.75,6412.0,6407.5,6411.25,3205,0.0,0.0
2025-07-24 20:00:00-04:00,6411.25,6414.75,6410.25,6414.0,5168,0.0,0.0
2025-07-24 21:00:00-04:00,6414.0,6418.0,6413.0,6416.75,5052,0.0,0.0
2025-07-24 22:00:00-04:00,6416.75,6418.75,6416.0,6416.5,3734,0.0,0.0
2025-07-24 23:00:00-04:00,6416.75,6421.25,6416.5,6419.25,3963,0.0,0.0
2025-07-25 00:00:00-04:00,6418.25,6419.0,6410.5,6411.25,4171,0.0,0.0
2025-07-25 01:00:00-04:00,6411.5,6413.75,6411.25,6412.75,2603,0.0,0.0
2025-07-25 02:00:00-04:00,6412.5,6414.5,6408.25,6408.75,4516,0.0,0.0
2025-07-25 03:00:00-04:00,6409.0,6409.75,6402.75,6404.0,12017,0.0,0.0
2025-07-25 04:00:00-04:00,6405.0,6408.0,6401.0,6406.25,8246,0.0,0.0
2025-07-25 05:00:00-04:00,6406.25,6407.75,6403.75,6407.5,4469,0.0,0.0
2025-07-25 06:00:00-04:00,6407.75,6410.0,6405.5,6409.25,4975,0.0,0.0
2025-07-25 07:00:00-04:00,6409.25,6409.25,6404.0,6405.5,6079,0.0,0.0
2025-07-25 08:00:00-04:00,6405.5,6410.25,6404.5,6407.0,12371,0.0,0.0
2025-07-25 09:00:00-04:00,6407.0,6410.5,6402.0,6406.75,111048,0.0,0.0
2025-07-25 10:00:00-04:00,6406.75,6416.0,6402.75,6412.75,107506,0.0,0.0
2025-07-25 11:00:00-04:00,6412.75,6415.5,6410.5,6413.75,66268,0.0,0.0
2025-07-25 12:00:00-04:00,6413.75,6424.5,6412.25,6423.25,77395,0.0,0.0
2025-07-25 13:00:00-04:00,6423.25,6428.75,6421.5,6426.25,54665,0.0,0.0
2025-07-25 14:00:00-04:00,6426.5,6430.5,6424.75,6427.25,56582,0.0,0.0
2025-07-25 15:00:00-04:00,6427.0,6431.0,6421.25,6425.5,160221,0.0,0.0
2025-07-25 16:00:00-04:00,6425.75,6428.75,6421.75,6428.25,53984,0.0,0.0
2025-07-27 20:00:00-04:00,6449.5,6451.25,6447.75,6451.0,2829,0.0,0.0
2025-07-27 21:00:00-04:00,6451.0,6451.0,6448.0,6450.0,3911,0.0,0.0
2025-07-27 22:00:00-04:00,6449.75,6453.75,6448.75,6451.75,3928,0.0,0.0
2025-07-27 23:00:00-04:00,6451.75,6452.0,6450.0,6451.25,2695,0.0,0.0
2025-07-28 00:00:00-04:00,6451.25,6454.5,6451.0,6454.0,2338,0.0,0.0
2025-07-28 01:00:00-04:00,6453.75,6456.25,6453.5,6455.25,4522,0.0,0.0
2025-07-28 02:00:00-04:00,6455.25,6457.75,6451.0,6451.5,8078,0.0,0.0
2025-07-28 03:00:00-04:00,6451.5,6452.5,6444.25,6447.0,13589,0.0,0.0
2025-07-28 04:00:00-04:00,6446.75,6447.25,6443.75,6444.5,9608,0.0,0.0
2025-07-28 05:00:00-04:00,6444.5,6445.5,6440.0,6441.0,7264,0.0,0.0
2025-07-28 06:00:00-04:00,6441.0,6442.0,6433.5,6435.25,10091,0.0,0.0
2025-07-28 07:00:00-04:00,6435.0,6437.5,6434.0,6435.75,9897,0.0,0.0
2025-07-28 08:00:00-04:00,6435.75,6440.25,6433.25,6439.25,18988,0.0,0.0
2025-07-28 09:00:00-04:00,6439.25,6439.5,6424.25,6428.0,132568,0.0,0.0
2025-07-28 10:00:00-04:00,6427.75,6434.25,6425.75,6428.0,128008,0.0,0.0
2025-07-28 11:00:00-04:00,6427.75,6429.25,6417.0,6427.25,102804,0.0,0.0
2025-07-28 12:00:00-04:00,6427.5,6430.25,6421.0,6422.5,69777,0.0,0.0
2025-07-28 13:00:00-04:00,6422.25,6425.25,6414.25,6414.75,76496,0.0,0.0
2025-07-28 14:00:00-04:00,6414.5,6416.5,6408.75,6414.5,88272,0.0,0.0
2025-07-28 15:00:00-04:00,6414.25,6424.25,6410.5,6422.75,151508,0.0,0.0
2025-07-28 16:00:00-04:00,6422.75,6425.5,6421.75,6424.5,44614,0.0,0.0
2025-07-28 18:00:00-04:00,6424.25,6429.0,6423.25,6428.25,0,0.0,0.0
2025-07-28 19:00:00-04:00,6428.25,6429.0,6426.0,6428.25,2234,0.0,0.0
2025-07-28 20:00:00-04:00,6428.25,6428.5,6423.75,6427.25,4477,0.0,0.0
2025-07-28 21:00:00-04:00,6427.25,6430.25,6426.75,6427.75,3684,0.0,0.0
2025-07-28 22:00:00-04:00,6427.75,6430.0,6426.5,6430.0,3155,0.0,0.0
2025-07-28 23:00:00-04:00,6430.0,6431.75,6428.75,6431.25,2448,0.0,0.0
2025-07-29 00:00:00-04:00,6432.5,6433.5,6430.5,6431.75,2505,0.0,0.0
2025-07-29 01:00:00-04:00,6431.75,6434.25,6431.25,6432.75,1959,0.0,0.0
2025-07-29 02:00:00-04:00,6433.0,6434.75,6428.75,6429.25,4544,0.0,0.0
2025-07-29 03:00:00-04:00,6429.5,6439.5,6429.25,6437.75,10708,0.0,0.0
2025-07-29 04:00:00-04:00,6438.0,6439.5,6435.5,6436.75,7287,0.0,0.0
2025-07-29 05:00:00-04:00,6437.0,6440.75,6436.25,6440.0,10411,0.0,0.0
2025-07-29 06:00:00-04:00,6440.0,6441.5,6438.5,6440.25,7702,0.0,0.0
2025-07-29 07:00:00-04:00,6440.25,6442.5,6435.25,6438.25,10186,0.0,0.0
2025-07-29 08:00:00-04:00,6438.5,6440.25,6432.5,6434.25,13354,0.0,0.0
2025-07-29 09:00:00-04:00,6434.0,6440.0,6425.5,6432.75,129806,0.0,0.0
2025-07-29 10:00:00-04:00,6433.0,6434.5,6418.25,6419.75,133430,0.0,0.0
2025-07-29 11:00:00-04:00,6422.75,6423.25,6400.0,6412.25,207887,0.0,0.0
2025-07-29 12:00:00-04:00,6412.0,6415.5,6404.0,6415.0,102192,0.0,0.0
2025-07-29 13:00:00-04:00,6415.0,6419.25,6402.25,6409.0,113439,0.0,0.0
2025-07-29 14:00:00-04:00,6409.25,6411.75,6404.5,6406.5,77125,0.0,0.0
2025-07-29 15:00:00-04:00,6406.25,6409.25,6396.25,6406.0,187675,0.0,0.0
2025-07-29 16:00:00-04:00,6406.25,6407.25,6402.0,6403.5,35738,0.0,0.0
2025-07-29 18:00:00-04:00,6404.0,6409.25,6403.25,6407.5,0,0.0,0.0
2025-07-29 19:00:00-04:00,6407.75,6409.5,6405.75,6407.75,2407,0.0,0.0
2025-07-29 20:00:00-04:00,6407.75,6413.0,6407.0,6412.0,4535,0.0,0.0
2025-07-29 21:00:00-04:00,6412.0,6414.0,6407.75,6412.25,4108,0.0,0.0
2025-07-29 22:00:00-04:00,6412.25,6414.0,6410.75,6412.75,3072,0.0,0.0
2025-07-29 23:00:00-04:00,6412.75,6415.5,6412.75,6413.75,3091,0.0,0.0
2025-07-30 00:00:00-04:00,6414.75,6416.0,6414.25,6415.5,1650,0.0,0.0
2025-07-30 01:00:00-04:00,6415.5,6416.5,6412.5,6415.0,2825,0.0,0.0
2025-07-30 02:00:00-04:00,6414.75,6416.75,6412.75,6413.25,3689,0.0,0.0
2025-07-30 03:00:00-04:00,6413.25,6414.5,6406.75,6413.75,8604,0.0,0.0
2025-07-30 04:00:00-04:00,6413.75,6416.0,6405.0,6410.0,8206,0.0,0.0
2025-07-30 05:00:00-04:00,6410.0,6413.0,6408.25,6412.25,5110,0.0,0.0
2025-07-30 06:00:00-04:00,6412.5,6414.25,6411.25,6414.25,5142,0.0,0.0
2025-07-30 07:00:00-04:00,6414.5,6417.5,6412.75,6414.75,9542,0.0,0.0
2025-07-30 08:00:00-04:00,6414.75,6416.25,6406.5,6410.75,26990,0.0,0.0
2025-07-30 09:00:00-04:00,6410.75,6414.5,6405.0,6409.75,95541,0.0,0.0
2025-07-30 10:00:00-04:00,6409.5,6419.75,6406.25,6415.0,105289,0.0,0.0
2025-07-30 11:00:00-04:00,6416.0,6416.25,6402.25,6414.0,107375,0.0,0.0
2025-07-30 12:00:00-04:00,6413.75,6419.75,6412.25,6417.0,63953,0.0,0.0
2025-07-30 13:00:00-04:00,6417.0,6422.25,6413.5,6419.5,50511,0.0,0.0
2025-07-30 14:00:00-04:00,6419.25,6429.75,6378.0,6380.25,239099,0.0,0.0
2025-07-30 15:00:00-04:00,6380.25,6399.0,6366.75,6397.5,372132,0.0,0.0
2025-07-30 16:00:00-04:00,6397.5,6435.25,6393.5,6425.5,108219,0.0,0.0
2025-07-30 18:00:00-04:00,6435.5,6444.75,6431.0,6443.0,0,0.0,0.0
2025-07-30 19:00:00-04:00,6442.75,6446.75,6442.25,6442.5,5889,0.0,0.0
2025-07-30 20:00:00-04:00,6442.25,6448.25,6439.25,6447.5,8574,0.0,0.0
2025-07-30 21:00:00-04:00,6447.5,6452.25,6445.5,6449.75,6579,0.0,0.0
2025-07-30 22:00:00-04:00,6449.75,6455.0,6449.25,6453.75,4500,0.0,0.0
2025-07-30 23:00:00-04:00,6453.75,6456.25,6452.0,6455.5,3606,0.0,0.0
2025-07-31 00:00:00-04:00,6457.25,6459.25,6453.75,6458.0,5793,0.0,0.0
2025-07-31 01:00:00-04:00,6458.0,6458.5,6453.25,6457.25,4933,0.0,0.0
2025-07-31 02:00:00-04:00,6457.5,6459.25,6452.0,6454.5,8115,0.0,0.0
2025-07-31 03:00:00-04:00,6454.75,6468.5,6451.75,6465.25,18758,0.0,0.0
2025-07-31 04:00:00-04:00,6465.25,6467.0,6460.5,6461.5,13450,0.0,0.0
2025-07-31 05:00:00-04:00,6461.75,6462.5,6455.5,6456.75,9089,0.0,0.0
2025-07-31 06:00:00-04:00,6456.75,6461.5,6451.25,6451.75,10907,0.0,0.0
2025-07-31 07:00:00-04:00,6451.5,6456.0,6448.75,6451.0,20173,0.0,0.0
2025-07-31 08:00:00-04:00,6451.0,6458.5,6450.25,6456.0,31311,0.0,0.0
2025-07-31 09:00:00-04:00,6455.75,6456.25,6427.5,6445.5,212427,0.0,0.0
2025-07-31 10:00:00-04:00,6445.5,6450.0,6419.25,6419.25,214316,0.0,0.0
2025-07-31 11:00:00-04:00,6420.0,6427.5,6402.25,6427.5,210491,0.0,0.0
2025-07-31 12:00:00-04:00,6427.25,6435.25,6423.75,6430.0,92044,0.0,0.0
2025-07-31 13:00:00-04:00,6430.0,6430.0,6382.5,6386.5,209795,0.0,0.0
2025-07-31 14:00:00-04:00,6386.25,6403.0,6365.5,6393.25,184302,0.0,0.0
2025-07-31 15:00:00-04:00,6393.25,6400.0,6358.25,6371.0,361234,0.0,0.0
2025-07-31 16:00:00-04:00,6371.0,6394.75,6357.5,6368.75,102967,0.0,0.0
2025-07-31 18:00:00-04:00,6359.5,6373.5,6350.25,6358.75,0,0.0,0.0
2025-07-31 19:00:00-04:00,6359.0,6363.75,6355.0,6362.75,10602,0.0,0.0
2025-07-31 20:00:00-04:00,6362.5,6363.5,6346.25,6356.75,12478,0.0,0.0
2025-07-31 21:00:00-04:00,6356.5,6366.75,6355.25,6365.0,8710,0.0,0.0
2025-07-31 22:00:00-04:00,6365.0,6369.5,6362.5,6368.0,5267,0.0,0.0
2025-07-31 23:00:00-04:00,6368.25,6372.5,6362.0,6362.5,5661,0.0,0.0
2025-08-01 00:00:00-04:00,6364.0,6365.5,6361.25,6364.25,5027,0.0,0.0
2025-08-01 01:00:00-04:00,6364.25,6365.5,6357.25,6357.5,5234,0.0,0.0
2025-08-01 02:00:00-04:00,6357.25,6358.25,6348.25,6351.75,11577,0.0,0.0
2025-08-01 03:00:00-04:00,6351.75,6353.25,6312.0,6322.75,36613,0.0,0.0
2025-08-01 04:00:00-04:00,6322.5,6326.5,6304.5,6315.0,40364,0.0,0.0
2025-08-01 05:00:00-04:00,6315.0,6320.25,6308.75,6314.75,19922,0.0,0.0
2025-08-01 06:00:00-04:00,6314.75,6315.0,6295.0,6300.75,27120,0.0,0.0
2025-08-01 07:00:00-04:00,6301.0,6317.0,6298.5,6316.25,26039,0.0,0.0
2025-08-01 08:00:00-04:00,6316.25,6331.0,6300.0,6306.75,99983,0.0,0.0
2025-08-01 09:00:00-04:00,6306.5,6314.25,6258.0,6262.25,329372,0.0,0.0
2025-08-01 10:00:00-04:00,6262.25,6286.75,6243.75,6267.0,404048,0.0,0.0
2025-08-01 11:00:00-04:00,6266.75,6287.5,6260.5,6287.25,196865,0.0,0.0
2025-08-01 12:00:00-04:00,6287.0,6297.0,6258.75,6260.25,195878,0.0,0.0
2025-08-01 13:00:00-04:00,6260.0,6265.0,6248.5,6252.75,182512,0.0,0.0
2025-08-01 14:00:00-04:00,6252.75,6278.0,6239.5,6260.5,194738,0.0,0.0
2025-08-01 15:00:00-04:00,6260.75,6280.25,6255.0,6263.5,301045,0.0,0.0
2025-08-01 16:00:00-04:00,6263.75,6268.25,6262.25,6264.5,71972,0.0,0.0
2025-08-03 18:00:00-04:00,6264.5,6270.0,6252.0,6268.25,9104,0.0,0.0
2025-08-03 19:00:00-04:00,6268.5,6272.5,6261.0,6271.25,9816,0.0,0.0
2025-08-03 20:00:00-04:00,6271.25,6281.75,6269.75,6280.0,11023,0.0,0.0
2025-08-03 21:00:00-04:00,6280.5,6284.25,6275.5,6282.0,9843,0.0,0.0
2025-08-03 22:00:00-04:00,6281.75,6288.5,6280.75,6287.75,6716,0.0,0.0
2025-08-03 23:00:00-04:00,6287.75,6290.25,6285.25,6289.75,5871,0.0,0.0
2025-08-04 00:00:00-04:00,6289.75,6290.0,6279.75,6286.0,6711,0.0,0.0
2025-08-04 01:00:00-04:00,6285.75,6291.75,6283.5,6289.25,5961,0.0,0.0
2025-08-04 02:00:00-04:00,6289.25,6293.0,6279.25,6289.0,12126,0.0,0.0
2025-08-04 03:00:00-04:00,6289.5,6303.5,6286.0,6296.0,22195,0.0,0.0
2025-08-04 04:00:00-04:00,6296.0,6306.75,6295.25,6306.0,14731,0.0,0.0
2025-08-04 05:00:00-04:00,6306.0,6310.0,6304.0,6304.0,14267,0.0,0.0
2025-08-04 06:00:00-04:00,6304.25,6307.5,6300.25,6301.5,14360,0.0,0.0
2025-08-04 07:00:00-04:00,6301.75,6303.75,6294.5,6296.25,15648,0.0,0.0
2025-08-04 08:00:00-04:00,6296.5,6305.0,6294.75,6300.0,21165,0.0,0.0
2025-08-04 09:00:00-04:00,6300.0,6339.0,6298.25,6336.75,203846,0.0,0.0
2025-08-04 10:00:00-04:00,6337.0,6345.0,6329.5,6339.0,194406,0.0,0.0
2025-08-04 11:00:00-04:00,6338.75,6347.75,6333.25,6345.5,119442,0.0,0.0
2025-08-04 12:00:00-04:00,6345.5,6351.25,6342.75,6348.0,85868,0.0,0.0
2025-08-04 13:00:00-04:00,6348.0,6352.0,6340.0,6344.5,80597,0.0,0.0
2025-08-04 14:00:00-04:00,6344.25,6350.5,6343.5,6345.25,75342,0.0,0.0
2025-08-04 15:00:00-04:00,6345.25,6358.5,6343.5,6357.0,220764,0.0,0.0
2025-08-04 16:00:00-04:00,6357.0,6370.0,6355.0,6369.5,60543,0.0,0.0
2025-08-04 18:00:00-04:00,6370.0,6371.75,6363.0,6365.0,0,0.0,0.0
2025-08-04 19:00:00-04:00,6365.0,6369.25,6362.25,6364.0,5001,0.0,0.0
2025-08-04 20:00:00-04:00,6364.0,6376.0,6360.25,6368.5,10378,0.0,0.0
2025-08-04 21:00:00-04:00,6368.5,6373.0,6364.25,6365.25,6807,0.0,0.0
2025-08-04 22:00:00-04:00,6365.0,6367.0,6363.5,6365.5,3356,0.0,0.0
2025-08-04 23:00:00-04:00,6365.5,6368.75,6362.5,6365.75,3683,0.0,0.0
2025-08-05 00:00:00-04:00,6364.75,6369.0,6363.5,6368.75,3082,0.0,0.0
2025-08-05 01:00:00-04:00,6369.0,6371.25,6366.75,6370.0,3512,0.0,0.0
2025-08-05 02:00:00-04:00,6370.25,6375.75,6368.25,6374.75,6900,0.0,0.0
2025-08-05 03:00:00-04:00,6375.0,6377.5,6360.75,6362.0,13281,0.0,0.0
2025-08-05 04:00:00-04:00,6361.75,6366.0,6358.5,6363.0,12730,0.0,0.0
2025-08-05 05:00:00-04:00,6363.0,6367.75,6361.75,6365.75,9129,0.0,0.0
2025-08-05 06:00:00-04:00,6365.75,6374.5,6365.75,6373.0,11918,0.0,0.0
2025-08-05 07:00:00-04:00,6372.75,6374.5,6367.0,6371.75,11631,0.0,0.0
2025-08-05 08:00:00-04:00,6372.0,6376.75,6362.75,6364.25,31060,0.0,0.0
2025-08-05 09:00:00-04:00,6364.0,6371.75,6357.5,6364.75,138955,0.0,0.0
2025-08-05 10:00:00-04:00,6364.25,6364.25,6315.5,6324.25,316462,0.0,0.0
2025-08-05 11:00:00-04:00,6324.0,6332.0,6316.75,6325.75,179909,0.0,0.0
2025-08-05 12:00:00-04:00,6325.75,6342.0,6323.25,6334.5,136135,0.0,0.0
2025-08-05 13:00:00-04:00,6334.25,6348.75,6332.0,6346.75,82584,0.0,0.0
2025-08-05 14:00:00-04:00,6346.75,6347.75,6323.75,6329.5,127821,0.0,0.0
2025-08-05 15:00:00-04:00,6329.75,6336.75,6323.25,6325.25,185103,0.0,0.0
2025-08-05 16:00:00-04:00,6325.25,6332.5,6320.75,6324.5,52965,0.0,0.0
2025-08-05 18:00:00-04:00,6323.0,6328.5,6313.25,6323.0,0,0.0,0.0
2025-08-05 19:00:00-04:00,6322.75,6326.0,6316.5,6316.75,6654,0.0,0.0
2025-08-05 20:00:00-04:00,6316.5,6326.0,6316.0,6320.75,7753,0.0,0.0
2025-08-05 21:00:00-04:00,6321.0,6334.5,6319.0,6334.0,8112,0.0,0.0
2025-08-05 22:00:00-04:00,6334.0,6341.5,6331.5,6338.5,6707,0.0,0.0
2025-08-05 23:00:00-04:00,6338.75,6341.0,6335.5,6340.25,3517,0.0,0.0
2025-08-06 00:00:00-04:00,6342.0,6342.5,6339.75,6341.25,2865,0.0,0.0
2025-08-06 01:00:00-04:00,6341.25,6350.75,6340.0,6347.25,6019,0.0,0.0
2025-08-06 02:00:00-04:00,6347.5,6353.5,6345.75,6349.25,7365,0.0,0.0
2025-08-06 03:00:00-04:00,6349.25,6358.25,6349.25,6357.5,10821,0.0,0.0
2025-08-06 04:00:00-04:00,6357.5,6358.0,6343.75,6345.5,10319,0.0,0.0
2025-08-06 05:00:00-04:00,6345.5,6348.5,6337.5,6340.25,7749,0.0,0.0
2025-08-06 06:00:00-04:00,6340.25,6343.5,6331.75,6339.25,12168,0.0,0.0
2025-08-06 07:00:00-04:00,6339.25,6343.75,6337.25,6338.75,11541,0.0,0.0
2025-08-06 08:00:00-04:00,6338.5,6340.5,6330.75,6339.25,19139,0.0,0.0
2025-08-06 09:00:00-04:00,6339.25,6344.75,6327.25,6333.5,180434,0.0,0.0
2025-08-06 10:00:00-04:00,6333.5,6355.0,6325.75,6353.75,223732,0.0,0.0
2025-08-06 11:00:00-04:00,6353.75,6374.25,6348.75,6371.75,174029,0.0,0.0
2025-08-06 12:00:00-04:00,6371.75,6375.0,6363.25,6367.5,98104,0.0,0.0
2025-08-06 13:00:00-04:00,6367.5,6372.0,6364.25,6367.25,69347,0.0,0.0
2025-08-06 14:00:00-04:00,6367.25,6377.0,6366.75,6371.0,78471,0.0,0.0
2025-08-06 15:00:00-04:00,6371.0,6379.5,6368.75,6371.5,170761,0.0,0.0
2025-08-06 16:00:00-04:00,6371.75,6372.5,6367.75,6370.75,42709,0.0,0.0
2025-08-06 18:00:00-04:00,6371.0,6387.5,6364.25,6383.0,0,0.0,0.0
2025-08-06 19:00:00-04:00,6382.75,6387.5,6377.75,6380.5,5780,0.0,0.0
2025-08-06 20:00:00-04:00,6380.25,6388.5,6378.25,6385.75,6413,0.0,0.0
2025-08-06 21:00:00-04:00,6385.5,6391.5,6385.25,6388.75,5101,0.0,0.0
2025-08-06 22:00:00-04:00,6388.25,6391.25,6384.75,6386.5,3715,0.0,0.0
2025-08-06 23:00:00-04:00,6386.5,6389.75,6385.75,6387.75,3184,0.0,0.0
2025-08-07 00:00:00-04:00,6388.25,6389.0,6380.75,6382.75,3214,0.0,0.0
2025-08-07 01:00:00-04:00,6382.75,6385.5,6380.25,6385.25,3431,0.0,0.0
2025-08-07 02:00:00-04:00,6385.0,6389.75,6382.75,6384.0,5800,0.0,0.0
2025-08-07 03:00:00-04:00,6384.0,6395.25,6383.5,6394.25,10695,0.0,0.0
2025-08-07 04:00:00-04:00,6394.25,6409.75,6394.0,6405.75,18123,0.0,0.0
2025-08-07 05:00:00-04:00,6406.0,6420.5,6402.25,6418.25,15050,0.0,0.0
2025-08-07 06:00:00-04:00,6418.5,6426.75,6411.25,6412.75,20296,0.0,0.0
2025-08-07 07:00:00-04:00,6413.0,6417.0,6406.0,6406.5,17043,0.0,0.0
2025-08-07 08:00:00-04:00,6406.5,6413.5,6405.25,6407.75,22163,0.0,0.0
2025-08-07 09:00:00-04:00,6408.0,6414.5,6397.25,6409.25,156636,0.0,0.0
2025-08-07 10:00:00-04:00,6409.25,6412.75,6367.5,6371.25,270420,0.0,0.0
2025-08-07 11:00:00-04:00,6373.5,6374.5,6357.0,6362.25,166923,0.0,0.0
2025-08-07 12:00:00-04:00,6361.75,6369.5,6344.75,6355.75,149822,0.0,0.0
2025-08-07 13:00:00-04:00,6355.75,6362.5,6340.25,6351.0,127790,0.0,0.0
2025-08-07 14:00:00-04:00,6351.0,6354.0,6334.5,6348.75,118717,0.0,0.0
2025-08-07 15:00:00-04:00,6348.75,6368.5,6343.5,6367.5,186240,0.0,0.0
2025-08-07 16:00:00-04:00,6367.5,6375.5,6366.25,6373.75,63637,0.0,0.0
2025-08-07 18:00:00-04:00,6372.5,6382.75,6371.5,6379.5,0,0.0,0.0
2025-08-07 19:00:00-04:00,6379.75,6381.0,6375.75,6377.0,3382,0.0,0.0
2025-08-07 20:00:00-04:00,6376.75,6387.5,6373.75,6384.75,8214,0.0,0.0
2025-08-07 21:00:00-04:00,6384.5,6386.0,6381.0,6383.25,4467,0.0,0.0
2025-08-07 22:00:00-04:00,6383.25,6387.5,6383.25,6386.75,3182,0.0,0.0
2025-08-07 23:00:00-04:00,6386.5,6387.0,6381.25,6382.0,3587,0.0,0.0
2025-08-08 00:00:00-04:00,6379.75,6381.5,6377.25,6378.5,3854,0.0,0.0
2025-08-08 01:00:00-04:00,6378.75,6381.5,6369.25,6370.5,5967,0.0,0.0
2025-08-08 02:00:00-04:00,6370.5,6380.25,6370.25,6376.5,5403,0.0,0.0
2025-08-08 03:00:00-04:00,6376.75,6382.0,6375.75,6376.75,7172,0.0,0.0
2025-08-08 04:00:00-04:00,6376.75,6382.75,6376.75,6380.25,6666,0.0,0.0
2025-08-08 05:00:00-04:00,6380.25,6385.5,6379.75,6383.25,6634,0.0,0.0
2025-08-08 06:00:00-04:00,6383.25,6386.5,6383.25,6385.5,5010,0.0,0.0
2025-08-08 07:00:00-04:00,6385.75,6389.75,6384.0,6388.5,12547,0.0,0.0
2025-08-08 08:00:00-04:00,6388.75,6389.0,6376.25,6379.0,21811,0.0,0.0
2025-08-08 09:00:00-04:00,6379.25,6401.5,6377.0,6401.0,145056,0.0,0.0
2025-08-08 10:00:00-04:00,6401.0,6413.0,6399.25,6400.5,194729,0.0,0.0
2025-08-08 11:00:00-04:00,6400.25,6407.25,6390.5,6405.75,151164,0.0,0.0
2025-08-08 12:00:00-04:00,6406.0,6416.0,6405.0,6407.75,124222,0.0,0.0
2025-08-08 13:00:00-04:00,6408.0,6415.75,6403.5,6414.25,96484,0.0,0.0
2025-08-08 14:00:00-04:00,6414.5,6419.0,6411.5,6415.25,72941,0.0,0.0
2025-08-08 15:00:00-04:00,6415.0,6419.0,6402.75,6413.75,195010,0.0,0.0
2025-08-08 16:00:00-04:00,6413.75,6425.75,6413.25,6413.5,48890,0.0,0.0
2025-08-10 18:00:00-04:00,6422.75,6425.5,6413.5,6420.5,7174,0.0,0.0
2025-08-10 19:00:00-04:00,6420.5,6422.5,6413.0,6414.75,6087,0.0,0.0
2025-08-10 20:00:00-04:00,6414.75,6423.25,6414.5,6421.75,5688,0.0,0.0
2025-08-10 21:00:00-04:00,6421.75,6428.5,6421.0,6427.5,6123,0.0,0.0
2025-08-10 22:00:00-04:00,6427.75,6429.5,6425.25,6426.5,4719,0.0,0.0
2025-08-10 23:00:00-04:00,6426.25,6429.25,6423.75,6425.0,3364,0.0,0.0
2025-08-11 00:00:00-04:00,6424.75,6425.75,6420.25,6421.5,3262,0.0,0.0
2025-08-11 01:00:00-04:00,6421.5,6423.0,6420.0,6422.25,3566,0.0,0.0
2025-08-11 02:00:00-04:00,6422.25,6428.25,6420.0,6428.0,5628,0.0,0.0
2025-08-11 03:00:00-04:00,6428.0,6428.5,6412.5,6414.5,9878,0.0,0.0
2025-08-11 04:00:00-04:00,6414.5,6415.75,6408.5,6413.5,11858,0.0,0.0
2025-08-11 05:00:00-04:00,6413.5,6420.5,6413.25,6419.0,6866,0.0,0.0
2025-08-11 06:00:00-04:00,6419.0,6423.0,6417.5,6421.75,6650,0.0,0.0
2025-08-11 07:00:00-04:00,6421.75,6425.75,6420.75,6424.5,7838,0.0,0.0
2025-08-11 08:00:00-04:00,6424.5,6426.75,6415.75,6418.0,14116,0.0,0.0
2025-08-11 09:00:00-04:00,6418.0,6419.25,6410.0,6418.5,118606,0.0,0.0
2025-08-11 10:00:00-04:00,6418.25,6421.5,6408.0,6409.25,138358,0.0,0.0
2025-08-11 11:00:00-04:00,6409.25,6420.5,6406.75,6420.25,103281,0.0,0.0
2025-08-11 12:00:00-04:00,6420.25,6431.5,6414.5,6414.75,125074,0.0,0.0
2025-08-11 13:00:00-04:00,6414.75,6417.5,6405.25,6409.0,93701,0.0,0.0
2025-08-11 14:00:00-04:00,6409.0,6410.0,6396.25,6406.0,109936,0.0,0.0
2025-08-11 15:00:00-04:00,6406.25,6407.0,6387.5,6400.25,197387,0.0,0.0
2025-08-11 16:00:00-04:00,6400.0,6401.75,6394.75,6396.5,41936,0.0,0.0
2025-08-11 18:00:00-04:00,6396.0,6400.5,6393.0,6399.75,0,0.0,0.0
2025-08-11 19:00:00-04:00,6399.5,6401.25,6396.25,6398.75,3129,0.0,0.0
2025-08-11 20:00:00-04:00,6398.75,6406.25,6397.0,6401.25,7826,0.0,0.0
2025-08-11 21:00:00-04:00,6401.25,6405.0,6399.5,6404.5,3788,0.0,0.0
2025-08-11 22:00:00-04:00,6404.5,6406.25,6403.25,6404.0,3261,0.0,0.0
2025-08-11 23:00:00-04:00,6404.0,6406.75,6404.0,6404.75,2190,0.0,0.0
2025-08-12 00:00:00-04:00,6404.0,6409.75,6403.5,6409.0,2496,0.0,0.0
2025-08-12 01:00:00-04:00,6409.0,6409.25,6392.25,6400.75,12318,0.0,0.0
2025-08-12 02:00:00-04:00,6401.0,6411.0,6400.0,6405.25,7116,0.0,0.0
2025-08-12 03:00:00-04:00,6405.5,6410.5,6403.5,6408.5,8088,0.0,0.0
2025-08-12 04:00:00-04:00,6408.25,6409.0,6401.25,6402.25,5826,0.0,0.0
2025-08-12 05:00:00-04:00,6402.0,6405.0,6400.25,6400.5,6246,0.0,0.0
2025-08-12 06:00:00-04:00,6400.25,6401.5,6398.0,6398.75,5867,0.0,0.0
2025-08-12 07:00:00-04:00,6399.0,6399.0,6391.25,6398.0,11256,0.0,0.0
2025-08-12 08:00:00-04:00,6398.25,6442.0,6397.5,6431.75,88677,0.0,0.0
2025-08-12 09:00:00-04:00,6432.0,6439.75,6410.25,6414.0,233619,0.0,0.0
2025-08-12 10:00:00-04:00,6414.25,6443.25,6408.5,6439.5,218311,0.0,0.0
2025-08-12 11:00:00-04:00,6439.75,6453.75,6439.0,6453.25,152530,0.0,0.0
2025-08-12 12:00:00-04:00,6453.5,6461.25,6449.5,6458.0,79248,0.0,0.0
2025-08-12 13:00:00-04:00,6458.0,6462.5,6455.25,6461.75,66674,0.0,0.0
2025-08-12 14:00:00-04:00,6461.5,6467.25,6460.75,6461.5,73388,0.0,0.0
2025-08-12 15:00:00-04:00,6461.5,6470.0,6460.75,6467.5,176333,0.0,0.0
2025-08-12 16:00:00-04:00,6467.5,6469.75,6465.5,6468.5,47402,0.0,0.0
2025-08-12 18:00:00-04:00,6468.0,6468.5,6464.0,6465.0,0,0.0,0.0
2025-08-12 19:00:00-04:00,6464.75,6474.75,6464.5,6471.25,8357,0.0,0.0
2025-08-12 20:00:00-04:00,6471.25,6472.0,6465.25,6466.0,8169,0.0,0.0
2025-08-12 21:00:00-04:00,6466.0,6467.0,6461.25,6461.75,5571,0.0,0.0
2025-08-12 22:00:00-04:00,6461.75,6467.25,6461.0,6466.0,4226,0.0,0.0
2025-08-12 23:00:00-04:00,6465.75,6468.5,6465.25,6466.5,3174,0.0,0.0
2025-08-13 00:00:00-04:00,6467.75,6471.0,6467.75,6469.5,3595,0.0,0.0
2025-08-13 01:00:00-04:00,6469.5,6470.0,6466.0,6466.25,3106,0.0,0.0
2025-08-13 02:00:00-04:00,6466.75,6471.75,6463.25,6468.25,5656,0.0,0.0
2025-08-13 03:00:00-04:00,6468.5,6477.25,6468.25,6476.0,10356,0.0,0.0
2025-08-13 04:00:00-04:00,6476.25,6484.25,6474.75,6479.0,11429,0.0,0.0
2025-08-13 05:00:00-04:00,6479.25,6484.25,6477.5,6483.5,7944,0.0,0.0
2025-08-13 06:00:00-04:00,6483.25,6484.5,6478.75,6481.25,8048,0.0,0.0
2025-08-13 07:00:00-04:00,6481.0,6483.5,6479.25,6481.25,9267,0.0,0.0
2025-08-13 08:00:00-04:00,6481.25,6488.5,6480.0,6486.0,15944,0.0,0.0
2025-08-13 09:00:00-04:00,6486.25,6502.5,6485.0,6496.75,134617,0.0,0.0
2025-08-13 10:00:00-04:00,6496.75,6497.5,6475.5,6478.0,190553,0.0,0.0
2025-08-13 11:00:00-04:00,6478.0,6482.75,6470.5,6474.25,141824,0.0,0.0
2025-08-13 12:00:00-04:00,6474.0,6479.0,6466.75,6470.25,83914,0.0,0.0
2025-08-13 13:00:00-04:00,6470.25,6477.75,6467.0,6475.5,90097,0.0,0.0
2025-08-13 14:00:00-04:00,6475.75,6483.25,6472.5,6480.25,95459,0.0,0.0
2025-08-13 15:00:00-04:00,6480.5,6491.25,6478.5,6489.0,171975,0.0,0.0
2025-08-13 16:00:00-04:00,6489.0,6493.25,6483.75,6484.0,39400,0.0,0.0
2025-08-13 18:00:00-04:00,6485.0,6489.0,6479.75,6488.25,0,0.0,0.0
2025-08-13 19:00:00-04:00,6488.25,6490.5,6486.25,6487.25,3425,0.0,0.0
2025-08-13 20:00:00-04:00,6487.5,6489.25,6484.5,6484.75,5332,0.0,0.0
2025-08-13 21:00:00-04:00,6484.75,6485.5,6481.25,6484.0,5129,0.0,0.0
2025-08-13 22:00:00-04:00,6484.25,6486.25,6483.0,6486.0,2688,0.0,0.0
2025-08-13 23:00:00-04:00,6486.25,6486.75,6482.25,6483.0,2425,0.0,0.0
2025-08-14 00:00:00-04:00,6484.0,6486.0,6482.0,6485.5,2138,0.0,0.0
2025-08-14 01:00:00-04:00,6485.5,6485.5,6478.0,6480.0,4527,0.0,0.0
2025-08-14 02:00:00-04:00,6479.75,6480.75,6477.0,6479.5,5737,0.0,0.0
2025-08-14 03:00:00-04:00,6479.5,6485.0,6479.5,6485.0,8118,0.0,0.0
2025-08-14 04:00:00-04:00,6484.75,6488.0,6484.0,6485.0,5879,0.0,0.0
2025-08-14 05:00:00-04:00,6484.75,6488.75,6483.5,6487.0,5240,0.0,0.0
2025-08-14 06:00:00-04:00,6486.75,6488.0,6483.5,6485.25,4784,0.0,0.0
2025-08-14 07:00:00-04:00,6485.0,6491.25,6484.0,6490.75,7271,0.0,0.0
2025-08-14 08:00:00-04:00,6490.75,6491.75,6453.25,6465.75,72973,0.0,0.0
2025-08-14 09:00:00-04:00,6465.25,6482.0,6460.0,6479.5,166662,0.0,0.0
2025-08-14 10:00:00-04:00,6479.75,6495.25,6476.25,6487.0,163372,0.0,0.0
2025-08-14 11:00:00-04:00,6486.75,6487.5,6469.0,6479.75,153642,0.0,0.0
2025-08-14 12:00:00-04:00,6479.75,6482.25,6465.5,6481.0,108910,0.0,0.0
2025-08-14 13:00:00-04:00,6481.25,6490.25,6480.25,6486.75,89217,0.0,0.0
2025-08-14 14:00:00-04:00,6486.75,6489.0,6478.5,6485.5,92277,0.0,0.0
2025-08-14 15:00:00-04:00,6485.75,6496.0,6484.25,6488.75,162597,0.0,0.0
2025-08-14 16:00:00-04:00,6489.0,6491.25,6481.5,6489.75,66403,0.0,0.0
2025-08-14 18:00:00-04:00,6489.25,6492.75,6486.75,6492.5,0,0.0,0.0
2025-08-14 19:00:00-04:00,6492.5,6494.75,6490.25,6490.5,2947,0.0,0.0
2025-08-14 20:00:00-04:00,6490.75,6496.0,6487.5,6492.75,5053,0.0,0.0
2025-08-14 21:00:00-04:00,6492.5,6500.0,6492.0,6498.0,5411,0.0,0.0
2025-08-14 22:00:00-04:00,6498.0,6501.5,6498.0,6500.0,5671,0.0,0.0
2025-08-14 23:00:00-04:00,6499.75,6501.5,6498.0,6501.25,3574,0.0,0.0
2025-08-15 00:00:00-04:00,6504.25,6505.75,6501.75,6503.75,4005,0.0,0.0
2025-08-15 01:00:00-04:00,6503.75,6506.75,6502.25,6505.75,3847,0.0,0.0
2025-08-15 02:00:00-04:00,6505.75,6508.75,6504.0,6506.0,6897,0.0,0.0
2025-08-15 03:00:00-04:00,6506.25,6508.25,6503.25,6505.25,8151,0.0,0.0
2025-08-15 04:00:00-04:00,6505.25,6507.5,6494.0,6494.75,10874,0.0,0.0
2025-08-15 05:00:00-04:00,6494.5,6497.25,6491.75,6491.75,7900,0.0,0.0
2025-08-15 06:00:00-04:00,6492.0,6501.0,6490.0,6499.5,11589,0.0,0.0
2025-08-15 07:00:00-04:00,6499.5,6502.25,6498.75,6499.5,8055,0.0,0.0
2025-08-15 08:00:00-04:00,6499.75,6500.5,6492.0,6498.5,28560,0.0,0.0
2025-08-15 09:00:00-04:00,6498.25,6500.5,6473.5,6477.25,173042,0.0,0.0
2025-08-15 10:00:00-04:00,6477.0,6483.25,6468.25,6472.5,148470,0.0,0.0
2025-08-15 11:00:00-04:00,6472.5,6479.5,6461.5,6470.75,137270,0.0,0.0
2025-08-15 12:00:00-04:00,6470.5,6479.5,6467.25,6477.5,91270,0.0,0.0
2025-08-15 13:00:00-04:00,6477.25,6485.0,6474.0,6484.25,73323,0.0,0.0
2025-08-15 14:00:00-04:00,6484.5,6485.5,6474.75,6479.25,87226,0.0,0.0
2025-08-15 15:00:00-04:00,6479.25,6479.5,6467.75,6471.5,187723,0.0,0.0
2025-08-15 16:00:00-04:00,6471.5,6472.25,6464.0,6471.5,43979,0.0,0.0
2025-08-17 18:00:00-04:00,6467.0,6480.0,6466.25,6479.25,6106,0.0,0.0
2025-08-17 19:00:00-04:00,6479.25,6482.75,6477.75,6480.5,3464,0.0,0.0
2025-08-17 20:00:00-04:00,6480.5,6483.0,6479.5,6480.25,4785,0.0,0.0
2025-08-17 21:00:00-04:00,6480.25,6484.25,6479.5,6484.0,4055,0.0,0.0
2025-08-17 22:00:00-04:00,6484.0,6484.0,6481.25,6482.5,2354,0.0,0.0
2025-08-17 23:00:00-04:00,6482.5,6483.75,6479.75,6481.5,2436,0.0,0.0
2025-08-18 00:00:00-04:00,6480.25,6481.0,6478.0,6478.5,2539,0.0,0.0
2025-08-18 01:00:00-04:00,6478.25,6480.0,6477.0,6478.5,2950,0.0,0.0
2025-08-18 02:00:00-04:00,6478.25,6479.75,6461.25,6466.25,9669,0.0,0.0
2025-08-18 03:00:00-04:00,6466.5,6468.75,6459.0,6465.25,10464,0.0,0.0
2025-08-18 04:00:00-04:00,6465.25,6467.75,6456.75,6464.25,11810,0.0,0.0
2025-08-18 05:00:00-04:00,6464.5,6464.75,6456.0,6459.5,8058,0.0,0.0
2025-08-18 06:00:00-04:00,6459.75,6466.5,6459.25,6465.25,6663,0.0,0.0
2025-08-18 07:00:00-04:00,6465.25,6466.25,6461.25,6464.5,7688,0.0,0.0
2025-08-18 08:00:00-04:00,6464.5,6467.25,6461.0,6466.5,12073,0.0,0.0
2025-08-18 09:00:00-04:00,6466.5,6474.0,6461.0,6462.75,109337,0.0,0.0
2025-08-18 10:00:00-04:00,6462.75,6475.25,6458.5,6468.25,144335,0.0,0.0
2025-08-18 11:00:00-04:00,6468.0,6470.5,6460.75,6463.25,79050,0.0,0.0
2025-08-18 12:00:00-04:00,6463.0,6469.75,6457.25,6460.75,77672,0.0,0.0
2025-08-18 13:00:00-04:00,6460.75,6474.25,6460.5,6463.5,82120,0.0,0.0
2025-08-18 14:00:00-04:00,6463.75,6471.75,6460.0,6470.5,70285,0.0,0.0
2025-08-18 15:00:00-04:00,6470.25,6474.75,6466.5,6468.75,137850,0.0,0.0
2025-08-18 16:00:00-04:00,6469.0,6470.75,6466.0,6467.0,32074,0.0,0.0
2025-08-18 18:00:00-04:00,6468.5,6477.5,6467.75,6474.5,0,0.0,0.0
2025-08-18 19:00:00-04:00,6474.25,6475.25,6470.25,6471.5,2302,0.0,0.0
2025-08-18 20:00:00-04:00,6471.5,6471.75,6462.0,6465.75,6459,0.0,0.0
2025-08-18 21:00:00-04:00,6466.0,6469.0,6463.75,6463.75,3957,0.0,0.0
2025-08-18 22:00:00-04:00,6463.75,6466.25,6460.5,6460.75,3898,0.0,0.0
2025-08-18 23:00:00-04:00,6460.75,6466.0,6459.25,6460.25,4050,0.0,0.0
2025-08-19 00:00:00-04:00,6458.75,6460.0,6456.75,6459.0,3388,0.0,0.0
2025-08-19 01:00:00-04:00,6459.25,6460.5,6454.0,6455.25,4032,0.0,0.0
2025-08-19 02:00:00-04:00,6455.0,6460.75,6454.75,6459.5,4233,0.0,0.0
2025-08-19 03:00:00-04:00,6459.5,6461.75,6458.25,6460.25,6073,0.0,0.0
2025-08-19 04:00:00-04:00,6460.25,6465.5,6458.0,6465.25,5802,0.0,0.0
2025-08-19 05:00:00-04:00,6465.25,6469.0,6464.25,6465.75,5617,0.0,0.0
2025-08-19 06:00:00-04:00,6466.0,6466.0,6459.5,6461.5,9427,0.0,0.0
2025-08-19 07:00:00-04:00,6461.25,6467.75,6461.0,6467.25,9027,0.0,0.0
2025-08-19 08:00:00-04:00,6467.0,6468.75,6462.5,6463.25,15413,0.0,0.0
2025-08-19 09:00:00-04:00,6464.25,6469.5,6454.75,6463.75,131833,0.0,0.0
2025-08-19 10:00:00-04:00,6463.75,6476.25,6446.5,6446.75,247288,0.0,0.0
2025-08-19 11:00:00-04:00,6446.75,6453.75,6439.0,6442.25,143496,0.0,0.0
2025-08-19 12:00:00-04:00,6442.0,6446.0,6427.75,6431.25,130213,0.0,0.0
2025-08-19 13:00:00-04:00,6431.25,6435.75,6422.5,6432.75,107304,0.0,0.0
2025-08-19 14:00:00-04:00,6432.75,6433.5,6421.25,6425.75,84938,0.0,0.0
2025-08-19 15:00:00-04:00,6426.0,6434.25,6419.25,6432.5,190302,0.0,0.0
2025-08-19 16:00:00-04:00,6432.75,6436.5,6432.5,6435.0,44347,0.0,0.0
2025-08-19 18:00:00-04:00,6433.0,6438.0,6429.75,6432.25,0,0.0,0.0
2025-08-19 19:00:00-04:00,6432.25,6434.25,6424.25,6427.25,6568,0.0,0.0
2025-08-19 20:00:00-04:00,6427.5,6427.5,6422.25,6425.0,7270,0.0,0.0
2025-08-19 21:00:00-04:00,6424.75,6427.5,6417.75,6418.5,11370,0.0,0.0
2025-08-19 22:00:00-04:00,6418.5,6420.75,6415.5,6419.5,5379,0.0,0.0
2025-08-19 23:00:00-04:00,6419.5,6420.25,6409.25,6410.75,7499,0.0,0.0
2025-08-20 00:00:00-04:00,6412.5,6415.75,6411.25,6413.0,4352,0.0,0.0
2025-08-20 01:00:00-04:00,6412.75,6416.25,6409.0,6415.5,5197,0.0,0.0
2025-08-20 02:00:00-04:00,6415.5,6419.25,6411.25,6417.75,7710,0.0,0.0
2025-08-20 03:00:00-04:00,6417.75,6425.5,6417.25,6419.75,10158,0.0,0.0
2025-08-20 04:00:00-04:00,6420.0,6422.0,6412.5,6419.5,10721,0.0,0.0
2025-08-20 05:00:00-04:00,6419.75,6425.5,6417.75,6424.0,8648,0.0,0.0
2025-08-20 06:00:00-04:00,6424.25,6427.75,6420.75,6425.25,7602,0.0,0.0
2025-08-20 07:00:00-04:00,6425.0,6429.75,6418.5,6424.25,13816,0.0,0.0
2025-08-20 08:00:00-04:00,6424.25,6429.75,6421.5,6427.0,22033,0.0,0.0
2025-08-20 09:00:00-04:00,6427.0,6430.75,6383.0,6387.5,215021,0.0,0.0
2025-08-20 10:00:00-04:00,6387.25,6396.5,6362.75,6367.25,301669,0.0,0.0
2025-08-20 11:00:00-04:00,6367.5,6402.75,6365.25,6385.0,228988,0.0,0.0
2025-08-20 12:00:00-04:00,6385.0,6408.5,6384.5,6397.0,134295,0.0,0.0
2025-08-20 13:00:00-04:00,6396.75,6413.25,6395.0,6406.0,116176,0.0,0.0
2025-08-20 14:00:00-04:00,6406.0,6407.25,6385.5,6400.5,140715,0.0,0.0
2025-08-20 15:00:00-04:00,6400.5,6424.25,6400.25,6416.5,163801,0.0,0.0
2025-08-20 16:00:00-04:00,6413.5,6415.0,6411.0,6414.5,93135,0.0,0.0
2025-08-20 18:00:00-04:00,6414.25,6417.75,6410.0,6411.5,0,0.0,0.0
2025-08-20 19:00:00-04:00,6411.25,6412.75,6408.0,6411.25,3458,0.0,0.0
2025-08-20 20:00:00-04:00,6411.0,6411.5,6401.25,6405.5,6962,0.0,0.0
2025-08-20 21:00:00-04:00,6405.25,6416.75,6401.0,6416.25,6860,0.0,0.0
2025-08-20 22:00:00-04:00,6416.0,6419.0,6413.75,6417.25,5327,0.0,0.0
2025-08-20 23:00:00-04:00,6417.5,6418.75,6413.75,6414.5,2598,0.0,0.0
2025-08-21 00:00:00-04:00,6412.75,6414.5,6411.25,6412.0,2641,0.0,0.0
2025-08-21 01:00:00-04:00,6412.25,6414.0,6406.5,6413.25,4198,0.0,0.0
2025-08-21 02:00:00-04:00,6413.5,6418.75,6412.25,6416.25,4612,0.0,0.0
2025-08-21 03:00:00-04:00,6416.0,6417.0,6409.5,6413.0,8744,0.0,0.0
2025-08-21 04:00:00-04:00,6413.0,6416.75,6403.0,6403.25,9142,0.0,0.0
2025-08-21 05:00:00-04:00,6403.25,6408.25,6401.25,6403.75,7337,0.0,0.0
2025-08-21 06:00:00-04:00,6403.75,6404.5,6395.0,6403.0,10626,0.0,0.0
2025-08-21 07:00:00-04:00,6402.75,6408.25,6394.25,6397.75,15601,0.0,0.0
2025-08-21 08:00:00-04:00,6397.75,6398.0,6384.75,6387.0,29109,0.0,0.0
2025-08-21 09:00:00-04:00,6386.75,6397.75,6375.5,6384.0,179934,0.0,0.0
2025-08-21 10:00:00-04:00,6384.0,6412.25,6378.5,6404.25,196367,0.0,0.0
2025-08-21 11:00:00-04:00,6404.0,6408.5,6385.25,6388.25,159308,0.0,0.0
2025-08-21 12:00:00-04:00,6388.0,6392.75,6378.75,6381.0,115377,0.0,0.0
2025-08-21 13:00:00-04:00,6381.0,6394.5,6370.25,6391.5,112421,0.0,0.0
2025-08-21 14:00:00-04:00,6391.5,6395.25,6383.0,6393.75,82165,0.0,0.0
2025-08-21 15:00:00-04:00,6393.5,6397.5,6383.0,6388.5,155687,0.0,0.0
2025-08-21 16:00:00-04:00,6388.25,6392.25,6386.25,6390.75,31784,0.0,0.0
2025-08-21 18:00:00-04:00,6392.0,6397.5,6391.5,6396.75,0,0.0,0.0
2025-08-21 19:00:00-04:00,6396.5,6398.5,6394.25,6398.25,3298,0.0,0.0
2025-08-21 20:00:00-04:00,6398.0,6399.25,6385.25,6391.5,9117,0.0,0.0
2025-08-21 21:00:00-04:00,6391.5,6393.0,6387.75,6389.5,4732,0.0,0.0
2025-08-21 22:00:00-04:00,6390.0,6394.75,6388.75,6389.0,4979,0.0,0.0
2025-08-21 23:00:00-04:00,6389.0,6389.5,6385.5,6386.25,3140,0.0,0.0
2025-08-22 00:00:00-04:00,6388.0,6390.5,6387.5,6389.0,2115,0.0,0.0
2025-08-22 01:00:00-04:00,6389.0,6389.75,6382.75,6385.25,3485,0.0,0.0
2025-08-22 02:00:00-04:00,6385.25,6385.25,6364.0,6376.75,12413,0.0,0.0
2025-08-22 03:00:00-04:00,6376.75,6391.5,6375.0,6390.5,10015,0.0,0.0
2025-08-22 04:00:00-04:00,6390.25,6402.75,6388.75,6402.0,13252,0.0,0.0
2025-08-22 05:00:00-04:00,6402.0,6402.5,6398.75,6402.0,7361,0.0,0.0
2025-08-22 06:00:00-04:00,6402.25,6406.0,6401.25,6404.0,7780,0.0,0.0
2025-08-22 07:00:00-04:00,6404.0,6406.0,6398.0,6400.0,9024,0.0,0.0
2025-08-22 08:00:00-04:00,6399.75,6405.75,6399.25,6400.25,15977,0.0,0.0
2025-08-22 09:00:00-04:00,6400.25,6427.75,6399.25,6414.25,147629,0.0,0.0
2025-08-22 10:00:00-04:00,6414.5,6492.75,6414.5,6487.25,400053,0.0,0.0
2025-08-22 11:00:00-04:00,6487.5,6496.25,6484.0,6485.0,142835,0.0,0.0
2025-08-22 12:00:00-04:00,6485.25,6490.0,6473.75,6478.0,106276,0.0,0.0
2025-08-22 13:00:00-04:00,6477.75,6495.0,6477.75,6489.0,96280,0.0,0.0
2025-08-22 14:00:00-04:00,6489.0,6491.5,6483.75,6485.75,76607,0.0,0.0
2025-08-22 15:00:00-04:00,6485.75,6487.75,6474.0,6483.25,225819,0.0,0.0
2025-08-22 16:00:00-04:00,6483.25,6486.75,6480.0,6483.25,47370,0.0,0.0
2025-08-24 18:00:00-04:00,6493.0,6494.0,6479.0,6483.25,6368,0.0,0.0
2025-08-24 19:00:00-04:00,6483.25,6486.75,6480.75,6483.0,4251,0.0,0.0
2025-08-24 20:00:00-04:00,6483.25,6487.25,6477.75,6479.5,6700,0.0,0.0
2025-08-24 21:00:00-04:00,6479.25,6480.0,6474.5,6474.5,4989,0.0,0.0
2025-08-24 22:00:00-04:00,6474.5,6477.0,6471.75,6472.0,5915,0.0,0.0
2025-08-24 23:00:00-04:00,6471.75,6478.0,6471.5,6477.5,5198,0.0,0.0
2025-08-25 00:00:00-04:00,6477.5,6480.0,6476.75,6479.25,5113,0.0,0.0
2025-08-25 01:00:00-04:00,6479.25,6482.0,6478.25,6481.75,3888,0.0,0.0
2025-08-25 02:00:00-04:00,6481.75,6482.5,6473.25,6474.0,8228,0.0,0.0
2025-08-25 03:00:00-04:00,6474.25,6476.0,6471.75,6474.0,10675,0.0,0.0
2025-08-25 04:00:00-04:00,6474.0,6475.75,6470.75,6471.0,7849,0.0,0.0
2025-08-25 05:00:00-04:00,6471.25,6471.5,6467.0,6470.0,7696,0.0,0.0
2025-08-25 06:00:00-04:00,6470.0,6470.0,6462.5,6463.75,8468,0.0,0.0
2025-08-25 07:00:00-04:00,6463.75,6469.5,6462.75,6468.25,7486,0.0,0.0
2025-08-25 08:00:00-04:00,6468.0,6468.0,6460.75,6464.25,16793,0.0,0.0
2025-08-25 09:00:00-04:00,6464.5,6473.5,6463.75,6473.25,129663,0.0,0.0
2025-08-25 10:00:00-04:00,6473.0,6476.75,6466.75,6474.0,138869,0.0,0.0
2025-08-25 11:00:00-04:00,6473.75,6480.25,6471.75,6479.25,93412,0.0,0.0
2025-08-25 12:00:00-04:00,6479.25,6482.75,6477.5,6479.75,56432,0.0,0.0
2025-08-25 13:00:00-04:00,6479.5,6480.0,6469.75,6474.75,80042,0.0,0.0
2025-08-25 14:00:00-04:00,6474.5,6475.25,6468.5,6468.75,66052,0.0,0.0
2025-08-25 15:00:00-04:00,6469.0,6471.0,6453.25,6454.5,177397,0.0,0.0
2025-08-25 16:00:00-04:00,6454.75,6461.25,6453.0,6459.5,49714,0.0,0.0
2025-08-25 18:00:00-04:00,6460.25,6463.75,6458.5,6462.0,0,0.0,0.0
2025-08-25 19:00:00-04:00,6462.0,6463.0,6457.75,6460.0,3767,0.0,0.0
2025-08-25 20:00:00-04:00,6459.75,6463.25,6430.75,6441.25,40203,0.0,0.0
2025-08-25 21:00:00-04:00,6441.5,6449.75,6437.75,6441.75,11360,0.0,0.0
2025-08-25 22:00:00-04:00,6441.75,6453.0,6441.75,6446.5,6415,0.0,0.0
2025-08-25 23:00:00-04:00,6446.5,6448.25,6444.5,6447.0,3359,0.0,0.0
2025-08-26 00:00:00-04:00,6447.75,6448.75,6444.75,6447.75,2595,0.0,0.0
2025-08-26 01:00:00-04:00,6448.0,6454.75,6448.0,6453.25,4539,0.0,0.0
2025-08-26 02:00:00-04:00,6452.75,6454.25,6445.25,6447.0,7804,0.0,0.0
2025-08-26 03:00:00-04:00,6446.75,6447.5,6435.0,6442.25,16417,0.0,0.0
2025-08-26 04:00:00-04:00,6442.25,6448.75,6441.5,6446.25,8500,0.0,0.0
2025-08-26 05:00:00-04:00,6446.0,6450.5,6444.25,6449.5,6480,0.0,0.0
2025-08-26 06:00:00-04:00,6449.5,6453.5,6449.0,6451.75,8450,0.0,0.0
2025-08-26 07:00:00-04:00,6451.75,6452.75,6444.0,6449.25,10162,0.0,0.0
2025-08-26 08:00:00-04:00,6449.0,6452.0,6443.0,6450.75,18117,0.0,0.0
2025-08-26 09:00:00-04:00,6450.75,6457.5,6444.5,6454.0,131464,0.0,0.0
2025-08-26 10:00:00-04:00,6454.25,6461.75,6452.75,6456.0,132930,0.0,0.0
2025-08-26 11:00:00-04:00,6456.0,6458.0,6452.0,6456.5,85016,0.0,0.0
2025-08-26 12:00:00-04:00,6456.5,6464.75,6456.5,6462.25,72461,0.0,0.0
2025-08-26 13:00:00-04:00,6462.25,6465.25,6453.5,6457.75,75463,0.0,0.0
2025-08-26 14:00:00-04:00,6457.75,6469.5,6456.75,6468.25,71998,0.0,0.0
2025-08-26 15:00:00-04:00,6468.5,6485.0,6465.5,6480.75,271956,0.0,0.0
2025-08-26 16:00:00-04:00,6480.75,6487.5,6479.25,6487.0,53416,0.0,0.0
2025-08-26 18:00:00-04:00,6486.75,6488.75,6485.0,6486.75,0,0.0,0.0
2025-08-26 19:00:00-04:00,6487.0,6488.25,6485.75,6486.25,2269,0.0,0.0
2025-08-26 20:00:00-04:00,6486.5,6487.0,6483.25,6484.0,4465,0.0,0.0
2025-08-26 21:00:00-04:00,6484.0,6489.0,6483.75,6488.5,4413,0.0,0.0
2025-08-26 22:00:00-04:00,6488.75,6489.25,6486.0,6486.5,2600,0.0,0.0
2025-08-26 23:00:00-04:00,6486.5,6488.5,6486.25,6487.5,1942,0.0,0.0
2025-08-27 00:00:00-04:00,6486.5,6488.5,6486.25,6487.25,1810,0.0,0.0
2025-08-27 01:00:00-04:00,6487.25,6487.5,6483.0,6484.0,3059,0.0,0.0
2025-08-27 02:00:00-04:00,6484.0,6487.5,6483.25,6484.25,5371,0.0,0.0
2025-08-27 03:00:00-04:00,6484.5,6487.75,6478.5,6482.5,11475,0.0,0.0
2025-08-27 04:00:00-04:00,6482.75,6484.5,6478.0,6482.25,8200,0.0,0.0
2025-08-27 05:00:00-04:00,6482.25,6486.5,6481.5,6484.75,5485,0.0,0.0
2025-08-27 06:00:00-04:00,6485.0,6486.5,6484.0,6485.0,4196,0.0,0.0
2025-08-27 07:00:00-04:00,6484.75,6487.75,6483.5,6486.0,6104,0.0,0.0
2025-08-27 08:00:00-04:00,6486.0,6488.5,6477.75,6480.75,20427,0.0,0.0
2025-08-27 09:00:00-04:00,6480.5,6483.75,6472.25,6482.0,127364,0.0,0.0
2025-08-27 10:00:00-04:00,6482.0,6492.75,6481.0,6490.5,129480,0.0,0.0
2025-08-27 11:00:00-04:00,6490.5,6495.5,6487.5,6494.25,82818,0.0,0.0
2025-08-27 12:00:00-04:00,6494.25,6494.75,6482.0,6491.5,97941,0.0,0.0
2025-08-27 13:00:00-04:00,6491.5,6496.75,6488.75,6496.25,49431,0.0,0.0
2025-08-27 14:00:00-04:00,6496.25,6502.25,6494.25,6498.75,67466,0.0,0.0
2025-08-27 15:00:00-04:00,6499.0,6502.5,6486.5,6494.25,181330,0.0,0.0
2025-08-27 16:00:00-04:00,6494.5,6505.5,6459.25,6485.25,94884,0.0,0.0
2025-08-27 18:00:00-04:00,6485.0,6486.25,6474.25,6478.0,0,0.0,0.0
2025-08-27 19:00:00-04:00,6477.75,6479.5,6474.5,6476.0,4172,0.0,0.0
2025-08-27 20:00:00-04:00,6475.75,6480.0,6471.0,6479.0,8569,0.0,0.0
2025-08-27 21:00:00-04:00,6479.25,6487.5,6478.5,6486.5,6333,0.0,0.0
2025-08-27 22:00:00-04:00,6486.5,6489.75,6485.75,6487.75,4562,0.0,0.0
2025-08-27 23:00:00-04:00,6487.75,6493.75,6487.25,6493.0,4575,0.0,0.0
2025-08-28 00:00:00-04:00,6488.75,6491.0,6487.5,6488.25,2634,0.0,0.0
2025-08-28 01:00:00-04:00,6488.0,6490.0,6485.0,6485.5,2616,0.0,0.0
2025-08-28 02:00:00-04:00,6485.75,6499.75,6485.0,6497.0,8461,0.0,0.0
2025-08-28 03:00:00-04:00,6497.25,6504.25,6496.75,6504.25,10861,0.0,0.0
2025-08-28 04:00:00-04:00,6504.25,6506.75,6498.75,6499.0,11320,0.0,0.0
2025-08-28 05:00:00-04:00,6499.0,6501.75,6496.25,6497.75,5834,0.0,0.0
2025-08-28 06:00:00-04:00,6498.0,6499.5,6492.0,6495.75,7188,0.0,0.0
2025-08-28 07:00:00-04:00,6495.25,6497.75,6490.5,6497.25,10678,0.0,0.0
2025-08-28 08:00:00-04:00,6497.25,6503.25,6492.0,6498.75,29601,0.0,0.0
2025-08-28 09:00:00-04:00,6498.75,6508.5,6480.75,6487.0,188764,0.0,0.0
2025-08-28 10:00:00-04:00,6486.75,6499.5,6483.25,6496.5,167288,0.0,0.0
2025-08-28 11:00:00-04:00,6496.75,6504.25,6488.5,6498.0,130550,0.0,0.0
2025-08-28 12:00:00-04:00,6498.0,6513.0,6497.0,6504.25,105874,0.0,0.0
2025-08-28 13:00:00-04:00,6504.5,6513.0,6502.25,6511.75,65148,0.0,0.0
2025-08-28 14:00:00-04:00,6511.5,6518.5,6511.0,6517.75,72083,0.0,0.0
2025-08-28 15:00:00-04:00,6517.5,6523.0,6515.25,6517.0,193227,0.0,0.0
2025-08-28 16:00:00-04:00,6517.0,6519.25,6514.0,6516.25,53664,0.0,0.0
2025-08-28 18:00:00-04:00,6516.0,6518.0,6511.5,6513.0,0,0.0,0.0
2025-08-28 19:00:00-04:00,6512.75,6515.25,6511.75,6514.25,2668,0.0,0.0
2025-08-28 20:00:00-04:00,6514.0,6516.75,6512.5,6514.25,4272,0.0,0.0
2025-08-28 21:00:00-04:00,6514.25,6515.5,6511.5,6512.25,3715,0.0,0.0
2025-08-28 22:00:00-04:00,6512.0,6512.25,6509.75,6511.0,3090,0.0,0.0
2025-08-28 23:00:00-04:00,6511.0,6514.5,6511.0,6511.75,2777,0.0,0.0
2025-08-29 00:00:00-04:00,6510.75,6511.5,6509.5,6509.75,1693,0.0,0.0
2025-08-29 01:00:00-04:00,6510.0,6511.5,6509.0,6511.25,2396,0.0,0.0
2025-08-29 02:00:00-04:00,6511.5,6513.0,6508.5,6508.75,4479,0.0,0.0
2025-08-29 03:00:00-04:00,6508.75,6512.0,6502.75,6503.0,9744,0.0,0.0
2025-08-29 04:00:00-04:00,6503.0,6504.5,6492.0,6492.75,16056,0.0,0.0
2025-08-29 05:00:00-04:00,6493.0,6497.75,6488.75,6495.75,9598,0.0,0.0
2025-08-29 06:00:00-04:00,6496.0,6498.25,6492.25,6495.0,7937,0.0,0.0
2025-08-29 07:00:00-04:00,6494.75,6498.25,6494.0,6495.75,8377,0.0,0.0
2025-08-29 08:00:00-04:00,6495.5,6505.75,6491.75,6501.25,30989,0.0,0.0
2025-08-29 09:00:00-04:00,6501.0,6504.0,6477.0,6478.75,181959,0.0,0.0
2025-08-29 10:00:00-04:00,6476.25,6477.75,6455.5,6462.5,296551,0.0,0.0
2025-08-29 11:00:00-04:00,6462.25,6472.0,6461.0,6462.25,121785,0.0,0.0
2025-08-29 12:00:00-04:00,6462.0,6474.75,6461.75,6471.25,74347,0.0,0.0
2025-08-29 13:00:00-04:00,6471.25,6474.5,6458.5,6470.75,92824,0.0,0.0
2025-08-29 14:00:00-04:00,6470.5,6471.75,6465.75,6469.25,64642,0.0,0.0
2025-08-29 15:00:00-04:00,6469.0,6476.0,6462.25,6475.25,264676,0.0,0.0
2025-08-29 16:00:00-04:00,6475.25,6479.25,6470.75,6474.0,65733,0.0,0.0
2025-09-02 00:00:00-04:00,6469.25,6471.25,6467.25,6469.5,83122,0.0,0.0
2025-09-02 01:00:00-04:00,6469.5,6469.75,6463.0,6464.0,3743,0.0,0.0
2025-09-02 02:00:00-04:00,6464.25,6471.75,6463.25,6471.5,4824,0.0,0.0
2025-09-02 03:00:00-04:00,6471.5,6472.5,6427.75,6430.0,32074,0.0,0.0
2025-09-02 04:00:00-04:00,6430.25,6446.0,6428.25,6441.75,20283,0.0,0.0
2025-09-02 05:00:00-04:00,6441.75,6444.5,6437.5,6438.0,9265,0.0,0.0
2025-09-02 06:00:00-04:00,6438.0,6441.0,6421.0,6426.5,17817,0.0,0.0
2025-09-02 07:00:00-04:00,6426.75,6428.0,6420.75,6422.25,19630,0.0,0.0
2025-09-02 08:00:00-04:00,6422.25,6422.25,6387.25,6396.0,78397,0.0,0.0
2025-09-02 09:00:00-04:00,6396.0,6416.5,6383.25,6414.5,235634,0.0,0.0
2025-09-02 10:00:00-04:00,6414.0,6425.0,6395.0,6399.25,240499,0.0,0.0
2025-09-02 11:00:00-04:00,6399.25,6402.5,6371.75,6374.75,188791,0.0,0.0
2025-09-02 12:00:00-04:00,6374.5,6392.5,6372.5,6392.25,131957,0.0,0.0
2025-09-02 13:00:00-04:00,6392.5,6413.75,6388.0,6406.75,150740,0.0,0.0
2025-09-02 14:00:00-04:00,6406.75,6412.5,6396.0,6403.75,115552,0.0,0.0
2025-09-02 15:00:00-04:00,6403.75,6427.25,6403.5,6426.0,243929,0.0,0.0
2025-09-02 16:00:00-04:00,6426.25,6447.5,6424.25,6447.25,96561,0.0,0.0
2025-09-02 18:00:00-04:00,6448.0,6448.0,6435.75,6437.0,0,0.0,0.0
2025-09-02 19:00:00-04:00,6437.0,6438.0,6433.5,6435.0,5973,0.0,0.0
2025-09-02 20:00:00-04:00,6434.75,6435.5,6432.0,6434.5,6973,0.0,0.0
2025-09-02 21:00:00-04:00,6434.25,6434.75,6429.5,6433.5,5422,0.0,0.0
2025-09-02 22:00:00-04:00,6433.25,6434.0,6428.75,6430.5,4003,0.0,0.0
2025-09-02 23:00:00-04:00,6430.5,6433.0,6426.25,6430.0,5304,0.0,0.0
2025-09-03 00:00:00-04:00,6430.5,6432.0,6428.75,6431.0,2839,0.0,0.0
2025-09-03 01:00:00-04:00,6431.0,6431.25,6425.5,6426.75,5578,0.0,0.0
2025-09-03 02:00:00-04:00,6426.75,6437.5,6426.0,6434.0,15770,0.0,0.0
2025-09-03 03:00:00-04:00,6434.0,6444.0,6428.0,6442.5,18117,0.0,0.0
2025-09-03 04:00:00-04:00,6442.5,6454.0,6441.0,6451.75,20423,0.0,0.0
2025-09-03 05:00:00-04:00,6451.75,6457.5,6447.25,6455.25,9865,0.0,0.0
2025-09-03 06:00:00-04:00,6455.25,6458.25,6452.75,6457.25,8427,0.0,0.0
2025-09-03 07:00:00-04:00,6457.0,6460.25,6448.5,6449.75,18211,0.0,0.0
2025-09-03 08:00:00-04:00,6449.75,6456.0,6444.25,6445.75,25614,0.0,0.0
2025-09-03 09:00:00-04:00,6445.75,6454.5,6440.25,6441.5,175198,0.0,0.0
2025-09-03 10:00:00-04:00,6441.25,6463.75,6438.75,6461.0,212536,0.0,0.0
2025-09-03 11:00:00-04:00,6461.75,6464.25,6443.0,6445.5,183309,0.0,0.0
2025-09-03 12:00:00-04:00,6445.5,6453.25,6436.0,6440.0,129338,0.0,0.0
2025-09-03 13:00:00-04:00,6440.0,6450.5,6428.0,6431.75,123458,0.0,0.0
2025-09-03 14:00:00-04:00,6431.75,6434.75,6426.5,6431.0,107052,0.0,0.0
2025-09-03 15:00:00-04:00,6430.75,6459.25,6427.75,6458.5,222251,0.0,0.0
2025-09-03 16:00:00-04:00,6458.5,6462.75,6457.75,6460.5,75309,0.0,0.0
2025-09-03 18:00:00-04:00,6460.0,6460.5,6454.75,6455.0,0,0.0,0.0
2025-09-03 19:00:00-04:00,6455.25,6459.5,6454.5,6455.75,2775,0.0,0.0
2025-09-03 20:00:00-04:00,6455.75,6471.25,6454.5,6467.25,10376,0.0,0.0
2025-09-03 21:00:00-04:00,6467.25,6469.25,6463.0,6465.25,5842,0.0,0.0
2025-09-03 22:00:00-04:00,6465.5,6472.25,6461.25,6462.5,5868,0.0,0.0
2025-09-03 23:00:00-04:00,6462.5,6463.75,6458.5,6460.25,4191,0.0,0.0
2025-09-04 00:00:00-04:00,6463.25,6466.75,6463.0,6466.0,3407,0.0,0.0
2025-09-04 01:00:00-04:00,6465.75,6469.0,6460.5,6462.25,4458,0.0,0.0
2025-09-04 02:00:00-04:00,6462.25,6466.0,6459.0,6459.25,7107,0.0,0.0
2025-09-04 03:00:00-04:00,6459.25,6467.75,6458.5,6466.0,11544,0.0,0.0
2025-09-04 04:00:00-04:00,6466.25,6469.25,6463.5,6466.5,8408,0.0,0.0
2025-09-04 05:00:00-04:00,6466.5,6470.25,6465.5,6470.0,5376,0.0,0.0
2025-09-04 06:00:00-04:00,6470.0,6473.75,6467.25,6469.5,11473,0.0,0.0
2025-09-04 07:00:00-04:00,6469.25,6472.25,6462.75,6465.5,9860,0.0,0.0
2025-09-04 08:00:00-04:00,6465.75,6471.75,6461.5,6465.25,19431,0.0,0.0
2025-09-04 09:00:00-04:00,6465.0,6474.75,6461.25,6470.25,139819,0.0,0.0
2025-09-04 10:00:00-04:00,6470.5,6479.25,6456.25,6477.75,209974,0.0,0.0
2025-09-04 11:00:00-04:00,6478.0,6487.75,6474.75,6483.25,132371,0.0,0.0
2025-09-04 12:00:00-04:00,6483.25,6487.25,6479.5,6481.0,79835,0.0,0.0
2025-09-04 13:00:00-04:00,6481.0,6496.25,6480.75,6493.0,92888,0.0,0.0
2025-09-04 14:00:00-04:00,6493.0,6498.25,6492.25,6498.0,69624,0.0,0.0
2025-09-04 15:00:00-04:00,6497.75,6512.75,6497.5,6511.25,218869,0.0,0.0
2025-09-04 16:00:00-04:00,6511.25,6516.75,6508.5,6512.5,68721,0.0,0.0
2025-09-04 18:00:00-04:00,6515.75,6517.75,6513.0,6516.5,0,0.0,0.0
2025-09-04 19:00:00-04:00,6516.25,6518.0,6515.0,6515.75,3323,0.0,0.0
2025-09-04 20:00:00-04:00,6515.75,6519.75,6514.5,6519.5,5130,0.0,0.0
2025-09-04 21:00:00-04:00,6519.5,6521.0,6518.0,6519.75,3437,0.0,0.0
2025-09-04 22:00:00-04:00,6519.5,6520.75,6517.5,6519.5,2790,0.0,0.0
2025-09-04 23:00:00-04:00,6519.5,6520.25,6518.0,6520.0,2016,0.0,0.0
2025-09-05 00:00:00-04:00,6521.0,6522.5,6520.5,6520.5,2458,0.0,0.0
2025-09-05 01:00:00-04:00,6520.5,6527.75,6519.75,6525.25,4554,0.0,0.0
2025-09-05 02:00:00-04:00,6525.5,6531.0,6524.5,6526.5,8790,0.0,0.0
2025-09-05 03:00:00-04:00,6526.5,6528.0,6520.75,6522.25,12536,0.0,0.0
2025-09-05 04:00:00-04:00,6522.25,6527.5,6520.75,6526.25,8152,0.0,0.0
2025-09-05 05:00:00-04:00,6526.5,6526.75,6522.75,6523.25,7133,0.0,0.0
2025-09-05 06:00:00-04:00,6523.25,6525.5,6521.25,6522.75,6753,0.0,0.0
2025-09-05 07:00:00-04:00,6522.5,6526.5,6517.25,6517.5,10896,0.0,0.0
2025-09-05 08:00:00-04:00,6517.5,6535.75,6502.5,6535.5,82422,0.0,0.0
2025-09-05 09:00:00-04:00,6535.75,6541.75,6524.75,6530.0,204311,0.0,0.0
2025-09-05 10:00:00-04:00,6530.0,6530.25,6459.5,6460.25,425238,0.0,0.0
2025-09-05 11:00:00-04:00,6460.25,6488.0,6452.0,6475.75,247551,0.0,0.0
2025-09-05 12:00:00-04:00,6475.5,6486.25,6471.0,6483.5,124724,0.0,0.0
2025-09-05 13:00:00-04:00,6483.5,6484.25,6464.75,6470.25,111743,0.0,0.0
2025-09-05 14:00:00-04:00,6470.25,6482.0,6467.5,6481.75,85420,0.0,0.0
2025-09-05 15:00:00-04:00,6482.0,6493.0,6477.75,6490.75,232457,0.0,0.0
2025-09-05 16:00:00-04:00,6490.75,6491.5,6485.25,6488.75,45178,0.0,0.0
2025-09-07 18:00:00-04:00,6483.75,6502.5,6480.25,6498.75,13516,0.0,0.0
2025-09-07 19:00:00-04:00,6498.75,6506.0,6498.25,6505.0,6969,0.0,0.0
2025-09-07 20:00:00-04:00,6505.0,6507.5,6500.0,6500.25,7861,0.0,0.0
2025-09-07 21:00:00-04:00,6500.25,6503.75,6499.25,6501.5,5188,0.0,0.0
2025-09-07 22:00:00-04:00,6501.75,6502.0,6495.25,6496.75,3888,0.0,0.0
2025-09-07 23:00:00-04:00,6496.5,6501.5,6496.5,6499.75,4393,0.0,0.0
2025-09-08 00:00:00-04:00,6499.25,6499.5,6493.75,6494.75,3529,0.0,0.0
2025-09-08 01:00:00-04:00,6494.75,6498.5,6493.75,6494.0,3231,0.0,0.0
2025-09-08 02:00:00-04:00,6493.75,6501.5,6493.75,6498.5,9394,0.0,0.0
2025-09-08 03:00:00-04:00,6498.75,6507.0,6497.75,6500.25,10869,0.0,0.0
2025-09-08 04:00:00-04:00,6500.25,6505.25,6498.75,6503.5,8068,0.0,0.0
2025-09-08 05:00:00-04:00,6503.5,6506.75,6500.5,6506.0,5601,0.0,0.0
2025-09-08 06:00:00-04:00,6506.0,6508.25,6504.75,6505.0,6769,0.0,0.0
2025-09-08 07:00:00-04:00,6505.0,6507.0,6500.5,6501.0,9028,0.0,0.0
2025-09-08 08:00:00-04:00,6501.0,6505.5,6496.75,6504.75,17895,0.0,0.0
2025-09-08 09:00:00-04:00,6505.0,6509.0,6498.5,6501.75,159311,0.0,0.0
2025-09-08 10:00:00-04:00,6501.75,6516.0,6495.25,6512.0,169461,0.0,0.0
2025-09-08 11:00:00-04:00,6511.75,6516.5,6502.75,6512.0,132673,0.0,0.0
2025-09-08 12:00:00-04:00,6512.0,6512.0,6495.75,6503.5,123010,0.0,0.0
2025-09-08 13:00:00-04:00,6503.5,6505.75,6490.25,6493.75,91957,0.0,0.0
2025-09-08 14:00:00-04:00,6493.75,6503.75,6491.25,6500.25,85991,0.0,0.0
2025-09-08 15:00:00-04:00,6500.0,6508.0,6491.25,6507.0,201395,0.0,0.0
2025-09-08 16:00:00-04:00,6507.0,6508.5,6504.75,6507.0,40627,0.0,0.0
2025-09-08 18:00:00-04:00,6507.75,6513.5,6506.75,6513.0,0,0.0,0.0
2025-09-08 19:00:00-04:00,6513.25,6514.25,6509.25,6509.5,3424,0.0,0.0
2025-09-08 20:00:00-04:00,6509.75,6512.25,6507.75,6508.0,5580,0.0,0.0
2025-09-08 21:00:00-04:00,6508.0,6509.25,6504.0,6508.25,6058,0.0,0.0
2025-09-08 22:00:00-04:00,6508.25,6515.25,6508.25,6512.25,4959,0.0,0.0
2025-09-08 23:00:00-04:00,6512.25,6515.5,6512.0,6514.75,4169,0.0,0.0
2025-09-09 00:00:00-04:00,6514.0,6514.5,6512.0,6513.5,2684,0.0,0.0
2025-09-09 01:00:00-04:00,6513.5,6514.25,6508.5,6512.25,4090,0.0,0.0
2025-09-09 02:00:00-04:00,6512.25,6517.75,6511.5,6515.75,8486,0.0,0.0
2025-09-09 03:00:00-04:00,6515.75,6521.25,6513.75,6514.5,13179,0.0,0.0
2025-09-09 04:00:00-04:00,6514.75,6516.0,6511.0,6512.75,11309,0.0,0.0
2025-09-09 05:00:00-04:00,6512.75,6515.25,6511.0,6511.75,5469,0.0,0.0
2025-09-09 06:00:00-04:00,6511.75,6514.5,6510.0,6511.75,4654,0.0,0.0
2025-09-09 07:00:00-04:00,6511.5,6514.5,6507.0,6513.75,8504,0.0,0.0
2025-09-09 08:00:00-04:00,6513.5,6515.0,6510.5,6511.75,13277,0.0,0.0
2025-09-09 09:00:00-04:00,6511.5,6512.75,6502.0,6507.5,137912,0.0,0.0
2025-09-09 10:00:00-04:00,6507.5,6515.0,6489.25,6500.5,241936,0.0,0.0
2025-09-09 11:00:00-04:00,6500.25,6505.5,6495.0,6499.75,136549,0.0,0.0
2025-09-09 12:00:00-04:00,6499.75,6509.5,6498.75,6507.75,91286,0.0,0.0
2025-09-09 13:00:00-04:00,6507.75,6517.25,6507.25,6515.25,108313,0.0,0.0
2025-09-09 14:00:00-04:00,6515.5,6518.5,6513.0,6516.0,81335,0.0,0.0
2025-09-09 15:00:00-04:00,6516.0,6526.25,6513.0,6521.0,172190,0.0,0.0
2025-09-09 16:00:00-04:00,6521.25,6536.25,6516.75,6530.25,65741,0.0,0.0
2025-09-09 18:00:00-04:00,6532.25,6537.25,6531.0,6533.75,0,0.0,0.0
2025-09-09 19:00:00-04:00,6534.0,6534.0,6526.75,6529.75,8632,0.0,0.0
2025-09-09 20:00:00-04:00,6529.75,6534.0,6529.0,6531.25,5670,0.0,0.0
2025-09-09 21:00:00-04:00,6531.25,6537.0,6529.75,6535.5,6298,0.0,0.0
2025-09-09 22:00:00-04:00,6535.5,6537.0,6533.5,6536.25,4544,0.0,0.0
2025-09-09 23:00:00-04:00,6536.0,6537.75,6535.75,6537.25,2852,0.0,0.0
2025-09-10 00:00:00-04:00,6537.75,6539.5,6537.25,6539.5,3935,0.0,0.0
2025-09-10 01:00:00-04:00,6539.25,6539.75,6536.5,6538.0,4937,0.0,0.0
2025-09-10 02:00:00-04:00,6538.0,6541.5,6535.5,6539.5,8488,0.0,0.0
2025-09-10 03:00:00-04:00,6539.5,6543.75,6537.75,6541.0,12562,0.0,0.0
2025-09-10 04:00:00-04:00,6541.0,6541.75,6531.0,6532.75,11014,0.0,0.0
2025-09-10 05:00:00-04:00,6532.75,6536.0,6529.5,6535.75,8996,0.0,0.0
2025-09-10 06:00:00-04:00,6536.0,6540.0,6534.5,6540.0,8914,0.0,0.0
2025-09-10 07:00:00-04:00,6540.0,6545.5,6539.5,6543.5,13600,0.0,0.0
2025-09-10 08:00:00-04:00,6543.5,6565.25,6538.75,6554.75,63567,0.0,0.0
2025-09-10 09:00:00-04:00,6554.75,6559.25,6543.75,6552.75,195338,0.0,0.0
2025-09-10 10:00:00-04:00,6552.5,6562.25,6549.5,6550.75,193256,0.0,0.0
2025-09-10 11:00:00-04:00,6550.75,6553.0,6540.0,6549.5,169138,0.0,0.0
2025-09-10 12:00:00-04:00,6549.75,6550.75,6538.0,6546.0,103966,0.0,0.0
2025-09-10 13:00:00-04:00,6546.0,6551.0,6535.75,6540.0,111363,0.0,0.0
2025-09-10 14:00:00-04:00,6539.75,6540.75,6530.25,6536.5,109553,0.0,0.0
2025-09-10 15:00:00-04:00,6536.25,6543.5,6522.5,6539.0,235560,0.0,0.0
2025-09-10 16:00:00-04:00,6539.0,6541.25,6536.0,6536.75,42611,0.0,0.0
2025-09-10 18:00:00-04:00,6535.75,6547.5,6535.5,6544.0,0,0.0,0.0
2025-09-10 19:00:00-04:00,6544.25,6548.0,6542.75,6545.5,4381,0.0,0.0
2025-09-10 20:00:00-04:00,6545.5,6547.5,6539.5,6545.75,5328,0.0,0.0
2025-09-10 21:00:00-04:00,6545.75,6547.75,6544.25,6546.5,4381,0.0,0.0
2025-09-10 22:00:00-04:00,6546.5,6547.5,6544.0,6545.75,2965,0.0,0.0
2025-09-10 23:00:00-04:00,6545.75,6547.25,6545.25,6545.75,2195,0.0,0.0
2025-09-11 00:00:00-04:00,6546.5,6546.5,6539.5,6539.5,3529,0.0,0.0
2025-09-11 01:00:00-04:00,6539.75,6542.75,6537.25,6540.5,4067,0.0,0.0
2025-09-11 02:00:00-04:00,6540.5,6549.0,6539.0,6547.5,6382,0.0,0.0
2025-09-11 03:00:00-04:00,6547.75,6549.5,6544.5,6548.75,8518,0.0,0.0
2025-09-11 04:00:00-04:00,6548.75,6551.25,6546.5,6547.5,7465,0.0,0.0
2025-09-11 05:00:00-04:00,6547.5,6549.25,6546.25,6547.75,4821,0.0,0.0
2025-09-11 06:00:00-04:00,6548.0,6553.5,6547.25,6552.75,6681,0.0,0.0
2025-09-11 07:00:00-04:00,6552.75,6555.25,6551.75,6553.25,10131,0.0,0.0
2025-09-11 08:00:00-04:00,6553.0,6562.25,6535.5,6558.0,77350,0.0,0.0
2025-09-11 09:00:00-04:00,6557.75,6572.5,6552.0,6572.0,175781,0.0,0.0
2025-09-11 10:00:00-04:00,6572.0,6586.5,6570.0,6583.0,215368,0.0,0.0
2025-09-11 11:00:00-04:00,6582.75,6595.0,6581.75,6588.75,147822,0.0,0.0
2025-09-11 12:00:00-04:00,6588.75,6593.75,6585.0,6588.0,95310,0.0,0.0
2025-09-11 13:00:00-04:00,6588.0,6592.5,6585.0,6592.0,81555,0.0,0.0
2025-09-11 14:00:00-04:00,6592.0,6594.0,6588.0,6592.0,91356,0.0,0.0
2025-09-11 15:00:00-04:00,6591.75,6600.0,6590.25,6592.0,206371,0.0,0.0
2025-09-11 16:00:00-04:00,6592.25,6594.25,6590.25,6591.75,45592,0.0,0.0
2025-09-11 18:00:00-04:00,6596.25,6596.25,6590.25,6592.0,0,0.0,0.0
2025-09-11 19:00:00-04:00,6592.25,6594.75,6591.0,6593.0,2613,0.0,0.0
2025-09-11 20:00:00-04:00,6593.0,6593.25,6590.5,6591.0,4718,0.0,0.0
2025-09-11 21:00:00-04:00,6591.25,6592.0,6587.5,6587.75,4882,0.0,0.0
2025-09-11 22:00:00-04:00,6588.0,6590.0,6586.25,6589.0,4809,0.0,0.0
2025-09-11 23:00:00-04:00,6589.0,6591.0,6588.25,6590.5,2815,0.0,0.0
2025-09-12 00:00:00-04:00,6591.5,6593.5,6591.0,6591.5,2732,0.0,0.0
2025-09-12 01:00:00-04:00,6591.5,6594.25,6591.0,6593.25,4946,0.0,0.0
2025-09-12 02:00:00-04:00,6593.25,6593.5,6585.25,6589.25,9332,0.0,0.0
2025-09-12 03:00:00-04:00,6589.0,6591.25,6584.0,6584.75,14763,0.0,0.0
2025-09-12 04:00:00-04:00,6584.75,6586.25,6576.0,6583.25,16712,0.0,0.0
2025-09-12 05:00:00-04:00,6583.0,6585.25,6581.75,6583.5,7789,0.0,0.0
2025-09-12 06:00:00-04:00,6583.5,6586.5,6582.75,6586.25,8187,0.0,0.0
2025-09-12 07:00:00-04:00,6586.25,6589.5,6583.0,6589.25,12190,0.0,0.0
2025-09-12 08:00:00-04:00,6589.25,6591.0,6584.5,6590.5,31752,0.0,0.0
2025-09-12 09:00:00-04:00,6590.5,6594.5,6585.0,6593.0,171599,0.0,0.0
2025-09-12 10:00:00-04:00,6593.5,6598.75,6586.75,6597.75,214781,0.0,0.0
2025-09-12 11:00:00-04:00,6597.75,6598.0,6585.75,6589.75,170425,0.0,0.0
2025-09-12 12:00:00-04:00,6589.75,6595.75,6586.5,6594.25,142831,0.0,0.0
2025-09-12 13:00:00-04:00,6594.5,6598.5,6591.75,6597.25,128950,0.0,0.0
2025-09-12 14:00:00-04:00,6597.5,6606.0,6596.0,6602.0,140372,0.0,0.0
2025-09-12 15:00:00-04:00,6602.25,6603.5,6583.0,6587.5,334212,0.0,0.0
2025-09-12 16:00:00-04:00,6587.75,6590.0,6585.5,6588.5,53852,0.0,0.0
2025-09-14 18:00:00-04:00,6588.25,6592.5,6586.25,6591.5,2535,0.0,0.0
2025-09-14 19:00:00-04:00,6591.5,6592.25,6586.75,6588.0,1806,0.0,0.0
2025-09-14 20:00:00-04:00,6588.25,6589.5,6585.25,6588.5,3635,0.0,0.0
2025-09-14 21:00:00-04:00,6588.75,6591.5,6588.5,6591.0,2008,0.0,0.0
2025-09-14 22:00:00-04:00,6590.75,6592.25,6589.5,6592.0,3143,0.0,0.0
2025-09-14 23:00:00-04:00,6592.0,6593.75,6591.5,6592.25,3572,0.0,0.0
2025-09-15 00:00:00-04:00,6592.25,6594.0,6592.25,6594.0,2117,0.0,0.0
2025-09-15 01:00:00-04:00,6593.75,6596.5,6592.0,6595.75,2991,0.0,0.0
2025-09-15 02:00:00-04:00,6595.75,6599.25,6594.5,6598.5,6135,0.0,0.0
2025-09-15 03:00:00-04:00,6598.25,6600.0,6596.75,6598.5,18497,0.0,0.0
2025-09-15 04:00:00-04:00,6598.5,6598.75,6586.25,6594.25,34429,0.0,0.0
2025-09-15 05:00:00-04:00,6594.0,6595.0,6591.0,6594.5,15996,0.0,0.0
2025-09-15 06:00:00-04:00,6594.5,6599.0,6593.75,6598.5,18475,0.0,0.0
2025-09-15 07:00:00-04:00,6598.75,6602.5,6598.25,6602.0,18084,0.0,0.0
2025-09-15 08:00:00-04:00,6602.0,6609.75,6601.25,6609.5,51199,0.0,0.0
2025-09-15 09:00:00-04:00,6609.5,6619.75,6606.75,6619.5,181215,0.0,0.0
2025-09-15 10:00:00-04:00,6619.25,6623.0,6612.75,6622.5,240051,0.0,0.0
2025-09-15 11:00:00-04:00,6622.5,6623.5,6615.0,6619.0,193668,0.0,0.0
2025-09-15 12:00:00-04:00,6619.0,6621.75,6613.25,6613.75,140385,0.0,0.0
2025-09-15 13:00:00-04:00,6613.75,6619.5,6607.75,6619.0,137122,0.0,0.0
2025-09-15 14:00:00-04:00,6618.75,6619.0,6605.5,6612.75,130779,0.0,0.0
2025-09-15 15:00:00-04:00,6612.5,6622.75,6609.75,6621.75,188433,0.0,0.0
2025-09-15 16:00:00-04:00,6621.75,6622.5,6616.0,6616.75,33614,0.0,0.0
2025-09-15 18:00:00-04:00,6616.25,6617.5,6614.25,6614.25,0,0.0,0.0
2025-09-15 20:00:00-04:00,6618.75,6619.0,6618.25,6618.75,5988,0.0,0.0
2025-09-15 21:00:00-04:00,6619.0,6621.5,6618.0,6619.75,2171,0.0,0.0
2025-09-15 22:00:00-04:00,6620.0,6625.75,6620.0,6623.0,2562,0.0,0.0
2025-09-15 23:00:00-04:00,6623.25,6627.75,6623.0,6627.25,1942,0.0,0.0
2025-09-16 00:00:00-04:00,6626.75,6627.25,6626.0,6626.0,1262,0.0,0.0
2025-09-16 01:00:00-04:00,6626.75,6631.75,6626.5,6629.25,2280,0.0,0.0
2025-09-16 02:00:00-04:00,6629.25,6631.0,6625.5,6625.75,3468,0.0,0.0
2025-09-16 03:00:00-04:00,6625.75,6630.5,6625.25,6630.25,10428,0.0,0.0
2025-09-16 04:00:00-04:00,6630.0,6639.0,6629.75,6636.75,21068,0.0,0.0
2025-09-16 05:00:00-04:00,6637.0,6638.25,6632.5,6634.25,17836,0.0,0.0
2025-09-16 06:00:00-04:00,6634.5,6634.75,6632.75,6633.5,21212,0.0,0.0
2025-09-16 07:00:00-04:00,6633.5,6633.5,6629.75,6631.5,23726,0.0,0.0
2025-09-16 08:00:00-04:00,6631.75,6632.0,6624.0,6626.75,21717,0.0,0.0
2025-09-16 09:00:00-04:00,6626.75,6630.25,6612.5,6615.25,121034,0.0,0.0
2025-09-16 10:00:00-04:00,6615.0,6617.5,6608.25,6610.75,114817,0.0,0.0
2025-09-16 11:00:00-04:00,6611.0,6613.5,6604.25,6609.0,98721,0.0,0.0
2025-09-16 12:00:00-04:00,6608.75,6613.25,6607.0,6611.75,59531,0.0,0.0
2025-09-16 13:00:00-04:00,6611.75,6616.75,6611.5,6614.25,50080,0.0,0.0
2025-09-16 14:00:00-04:00,6614.0,6676.25,6612.5,6618.5,56626,0.0,0.0
2025-09-16 15:00:00-04:00,6618.25,6679.25,6610.5,6668.5,828398,0.0,0.0
2025-09-16 16:00:00-04:00,6668.25,6673.5,6667.75,6669.75,45462,0.0,0.0
2025-09-16 18:00:00-04:00,6669.5,6674.5,6668.0,6673.25,0,0.0,0.0
2025-09-16 19:00:00-04:00,6673.5,6674.25,6667.5,6672.25,2098,0.0,0.0
2025-09-16 20:00:00-04:00,6672.25,6674.25,6616.5,6672.0,4518,0.0,0.0
2025-09-16 21:00:00-04:00,6672.0,6672.75,6667.75,6668.0,4074,0.0,0.0
2025-09-16 22:00:00-04:00,6668.0,6668.75,6664.5,6666.5,4186,0.0,0.0
2025-09-16 23:00:00-04:00,6666.5,6666.75,6665.0,6665.0,2319,0.0,0.0
2025-09-17 00:00:00-04:00,6666.0,6666.75,6663.75,6665.5,2360,0.0,0.0
2025-09-17 01:00:00-04:00,6665.5,6666.5,6662.25,6665.25,3652,0.0,0.0
2025-09-17 02:00:00-04:00,6665.25,6669.25,6611.25,6668.5,6007,0.0,0.0
2025-09-17 03:00:00-04:00,6668.5,6673.0,6666.25,6671.5,13774,0.0,0.0
2025-09-17 04:00:00-04:00,6671.25,6671.75,6653.75,6665.5,30146,0.0,0.0
2025-09-17 05:00:00-04:00,6665.75,6669.5,6665.0,6666.75,15529,0.0,0.0
2025-09-17 06:00:00-04:00,6666.5,6668.0,6660.5,6662.0,11989,0.0,0.0
2025-09-17 07:00:00-04:00,6662.25,6665.75,6659.75,6662.75,16864,0.0,0.0
2025-09-17 08:00:00-04:00,6663.0,6668.25,6661.75,6667.75,24713,0.0,0.0
2025-09-17 09:00:00-04:00,6667.75,6675.75,6608.5,6667.5,163227,0.0,0.0
2025-09-17 10:00:00-04:00,6667.5,6668.5,6659.0,6661.75,169632,0.0,0.0
2025-09-17 11:00:00-04:00,6661.75,6665.25,6657.0,6661.25,113833,0.0,0.0
2025-09-17 12:00:00-04:00,6661.25,6662.25,6650.0,6652.0,109363,0.0,0.0
2025-09-17 13:00:00-04:00,6651.75,6667.0,6651.75,6665.5,77530,0.0,0.0
2025-09-17 14:00:00-04:00,6665.5,6686.5,6611.0,6645.75,448094,0.0,0.0
2025-09-17 15:00:00-04:00,6645.75,6676.0,6643.25,6660.25,371081,0.0,0.0
2025-09-17 16:00:00-04:00,6660.25,6669.25,6660.0,6665.75,48275,0.0,0.0
2025-09-17 18:00:00-04:00,6664.5,6682.75,6664.0,6681.0,0,0.0,0.0
2025-09-17 19:00:00-04:00,6681.25,6684.5,6680.75,6683.25,8377,0.0,0.0
2025-09-17 20:00:00-04:00,6683.25,6683.25,6623.25,6678.0,8154,0.0,0.0
2025-09-17 21:00:00-04:00,6677.75,6684.0,6677.5,6683.25,7880,0.0,0.0
2025-09-17 22:00:00-04:00,6683.5,6687.75,6681.75,6687.5,7453,0.0,0.0
2025-09-17 23:00:00-04:00,6687.25,6691.5,6687.25,6690.75,8011,0.0,0.0
2025-09-18 00:00:00-04:00,6688.75,6693.5,6688.75,6692.75,5201,0.0,0.0
2025-09-18 01:00:00-04:00,6692.5,6693.5,6684.75,6686.75,6859,0.0,0.0
2025-09-18 02:00:00-04:00,6686.5,6690.0,6624.25,6689.5,10763,0.0,0.0
2025-09-18 03:00:00-04:00,6689.5,6701.5,6688.25,6699.5,20114,0.0,0.0
2025-09-18 04:00:00-04:00,6699.5,6719.0,6698.25,6718.0,28539,0.0,0.0
2025-09-18 05:00:00-04:00,6718.0,6719.75,6714.0,6715.25,19079,0.0,0.0
2025-09-18 06:00:00-04:00,6715.25,6717.75,6707.5,6710.25,15074,0.0,0.0
2025-09-18 07:00:00-04:00,6710.5,6717.0,6706.25,6710.25,22320,0.0,0.0
2025-09-18 08:00:00-04:00,6710.25,6712.5,6692.75,6693.0,36161,0.0,0.0
2025-09-18 09:00:00-04:00,6693.25,6694.0,6629.5,6688.75,246594,0.0,0.0
2025-09-18 10:00:00-04:00,6688.75,6718.0,6688.0,6695.75,253641,0.0,0.0
2025-09-18 11:00:00-04:00,6696.0,6708.5,6640.25,6694.0,166069,0.0,0.0
2025-09-18 12:00:00-04:00,6694.0,6710.5,6691.0,6709.0,101249,0.0,0.0
2025-09-18 13:00:00-04:00,6709.0,6711.0,6693.5,6696.0,123208,0.0,0.0
2025-09-18 14:00:00-04:00,6696.25,6704.0,6691.5,6701.25,98716,0.0,0.0
2025-09-18 15:00:00-04:00,6701.25,6703.5,6688.25,6692.25,215071,0.0,0.0
2025-09-18 16:00:00-04:00,6692.25,6700.25,6691.0,6698.75,56973,0.0,0.0
2025-09-18 18:00:00-04:00,6700.0,6705.0,6697.25,6703.5,0,0.0,0.0
2025-09-18 19:00:00-04:00,6703.75,6705.5,6702.5,6703.0,3473,0.0,0.0
2025-09-18 20:00:00-04:00,6703.25,6705.75,6693.5,6696.5,7704,0.0,0.0
2025-09-18 21:00:00-04:00,6696.5,6701.0,6695.25,6699.25,5453,0.0,0.0
2025-09-18 22:00:00-04:00,6699.25,6700.5,6694.25,6696.5,4541,0.0,0.0
2025-09-18 23:00:00-04:00,6696.5,6703.0,6695.75,6697.25,5753,0.0,0.0
2025-09-19 00:00:00-04:00,6694.5,6699.25,6690.5,6698.75,6155,0.0,0.0
2025-09-19 01:00:00-04:00,6698.75,6699.5,6690.75,6692.75,5797,0.0,0.0
2025-09-19 02:00:00-04:00,6693.0,6694.75,6684.0,6684.0,11989,0.0,0.0
2025-09-19 03:00:00-04:00,6684.0,6689.25,6679.5,6688.0,12504,0.0,0.0
2025-09-19 04:00:00-04:00,6688.0,6695.5,6687.25,6693.0,8237,0.0,0.0
2025-09-19 05:00:00-04:00,6692.75,6697.75,6692.25,6693.25,7839,0.0,0.0
2025-09-19 06:00:00-04:00,6693.25,6697.5,6691.25,6696.25,8264,0.0,0.0
2025-09-19 07:00:00-04:00,6696.0,6700.0,6693.5,6699.75,11102,0.0,0.0
2025-09-19 08:00:00-04:00,6699.75,6706.25,6698.75,6702.5,25626,0.0,0.0
2025-09-19 09:00:00-04:00,6702.75,6712.5,6650.5,6705.75,190569,0.0,0.0
2025-09-19 10:00:00-04:00,6705.75,6708.25,6693.25,6699.5,153864,0.0,0.0
2025-09-19 11:00:00-04:00,6699.5,6703.25,6687.25,6700.0,138614,0.0,0.0
2025-09-19 12:00:00-04:00,6699.75,6712.25,6699.5,6710.0,107763,0.0,0.0
2025-09-19 13:00:00-04:00,6710.0,6714.0,6706.75,6712.0,70825,0.0,0.0
2025-09-19 14:00:00-04:00,6711.75,6717.0,6708.5,6717.0,73449,0.0,0.0
2025-09-19 15:00:00-04:00,6716.75,6731.5,6716.25,6721.75,293533,0.0,0.0
2025-09-19 16:00:00-04:00,6721.75,6724.75,6718.0,6722.5,70350,0.0,0.0
2025-09-21 18:00:00-04:00,6716.0,6722.5,6712.25,6716.5,5998,0.0,0.0
2025-09-21 19:00:00-04:00,6716.5,6717.25,6714.0,6714.75,2615,0.0,0.0
2025-09-21 20:00:00-04:00,6714.75,6720.0,6710.5,6711.5,8073,0.0,0.0
2025-09-21 21:00:00-04:00,6711.5,6716.5,6710.75,6714.25,6509,0.0,0.0
2025-09-21 22:00:00-04:00,6714.25,6716.5,6713.75,6716.0,3271,0.0,0.0
2025-09-21 23:00:00-04:00,6715.75,6719.0,6713.75,6717.75,3693,0.0,0.0
2025-09-22 00:00:00-04:00,6718.0,6718.5,6715.5,6715.5,2448,0.0,0.0
2025-09-22 01:00:00-04:00,6715.75,6718.25,6714.75,6714.75,3237,0.0,0.0
2025-09-22 02:00:00-04:00,6715.0,6715.75,6709.25,6710.25,7677,0.0,0.0
2025-09-22 03:00:00-04:00,6710.5,6712.75,6695.25,6702.0,17527,0.0,0.0
2025-09-22 04:00:00-04:00,6702.25,6710.75,6701.25,6704.25,11892,0.0,0.0
2025-09-22 05:00:00-04:00,6704.5,6705.75,6699.25,6703.0,8145,0.0,0.0
2025-09-22 06:00:00-04:00,6702.75,6708.5,6700.75,6701.5,8225,0.0,0.0
2025-09-22 07:00:00-04:00,6701.5,6704.0,6699.0,6703.75,11040,0.0,0.0
2025-09-22 08:00:00-04:00,6703.5,6704.75,6698.5,6703.25,17854,0.0,0.0
2025-09-22 09:00:00-04:00,6703.0,6719.25,6700.0,6717.75,124808,0.0,0.0
2025-09-22 10:00:00-04:00,6718.0,6734.75,6715.5,6734.25,148697,0.0,0.0
2025-09-22 11:00:00-04:00,6734.0,6737.5,6728.5,6729.75,110943,0.0,0.0
2025-09-22 12:00:00-04:00,6729.75,6749.25,6729.5,6748.25,123519,0.0,0.0
2025-09-22 13:00:00-04:00,6748.0,6752.0,6745.25,6747.5,73472,0.0,0.0
2025-09-22 14:00:00-04:00,6747.5,6752.5,6744.5,6752.25,68725,0.0,0.0
2025-09-22 15:00:00-04:00,6752.0,6756.75,6751.0,6751.75,189869,0.0,0.0
2025-09-22 16:00:00-04:00,6751.5,6752.25,6744.75,6749.75,58467,0.0,0.0
2025-09-22 18:00:00-04:00,6749.5,6751.0,6745.75,6748.25,0,0.0,0.0
2025-09-22 19:00:00-04:00,6748.25,6752.5,6747.5,6751.0,3227,0.0,0.0
2025-09-22 20:00:00-04:00,6751.0,6752.5,6748.5,6749.75,4163,0.0,0.0
2025-09-22 21:00:00-04:00,6749.75,6753.25,6749.0,6750.5,3991,0.0,0.0
2025-09-22 22:00:00-04:00,6750.5,6752.5,6750.25,6750.5,2455,0.0,0.0
2025-09-22 23:00:00-04:00,6750.5,6752.5,6750.25,6751.5,2119,0.0,0.0
2025-09-23 00:00:00-04:00,6750.75,6751.0,6746.25,6747.5,3454,0.0,0.0
2025-09-23 01:00:00-04:00,6747.25,6754.0,6746.75,6750.5,4135,0.0,0.0
2025-09-23 02:00:00-04:00,6750.25,6753.75,6749.75,6753.25,4507,0.0,0.0
2025-09-23 03:00:00-04:00,6753.25,6753.25,6747.25,6749.75,14822,0.0,0.0
2025-09-23 04:00:00-04:00,6749.5,6754.75,6749.5,6750.5,12223,0.0,0.0
2025-09-23 05:00:00-04:00,6750.75,6753.25,6749.5,6752.5,5774,0.0,0.0
2025-09-23 06:00:00-04:00,6752.5,6753.0,6745.75,6749.25,8200,0.0,0.0
2025-09-23 07:00:00-04:00,6749.0,6751.75,6744.0,6751.0,9448,0.0,0.0
2025-09-23 08:00:00-04:00,6751.0,6752.75,6748.0,6751.75,15525,0.0,0.0
2025-09-23 09:00:00-04:00,6752.0,6756.5,6748.5,6751.75,120686,0.0,0.0
2025-09-23 10:00:00-04:00,6752.0,6755.5,6744.25,6745.75,138583,0.0,0.0
2025-09-23 11:00:00-04:00,6745.75,6747.5,6737.25,6738.0,105662,0.0,0.0
2025-09-23 12:00:00-04:00,6738.0,6741.25,6731.25,6734.0,119373,0.0,0.0
2025-09-23 13:00:00-04:00,6734.0,6735.25,6702.0,6714.0,218838,0.0,0.0
2025-09-23 14:00:00-04:00,6714.25,6715.75,6701.75,6703.0,136231,0.0,0.0
2025-09-23 15:00:00-04:00,6703.0,6718.5,6702.75,6715.75,226920,0.0,0.0
2025-09-23 16:00:00-04:00,6715.75,6718.75,6713.0,6716.5,46776,0.0,0.0
2025-09-23 18:00:00-04:00,6717.75,6722.5,6716.5,6719.75,0,0.0,0.0
2025-09-23 19:00:00-04:00,6719.75,6720.0,6717.25,6717.75,2147,0.0,0.0
2025-09-23 20:00:00-04:00,6717.75,6719.0,6711.75,6717.5,9638,0.0,0.0
2025-09-23 21:00:00-04:00,6717.5,6718.0,6712.75,6714.75,5141,0.0,0.0
2025-09-23 22:00:00-04:00,6714.5,6718.0,6713.5,6717.25,3275,0.0,0.0
2025-09-23 23:00:00-04:00,6717.25,6718.75,6717.0,6718.0,2291,0.0,0.0
2025-09-24 00:00:00-04:00,6718.75,6721.0,6718.0,6720.75,2134,0.0,0.0
2025-09-24 01:00:00-04:00,6720.75,6722.75,6719.5,6722.5,3438,0.0,0.0
2025-09-24 02:00:00-04:00,6722.75,6728.0,6722.0,6725.25,8098,0.0,0.0
2025-09-24 03:00:00-04:00,6725.5,6726.75,6715.5,6726.5,14292,0.0,0.0
2025-09-24 04:00:00-04:00,6726.75,6727.75,6722.25,6724.5,10075,0.0,0.0
2025-09-24 05:00:00-04:00,6724.25,6727.5,6724.0,6725.75,6354,0.0,0.0
2025-09-24 06:00:00-04:00,6726.0,6726.75,6721.5,6725.5,6892,0.0,0.0
2025-09-24 07:00:00-04:00,6725.5,6728.75,6722.5,6725.75,9449,0.0,0.0
2025-09-24 08:00:00-04:00,6725.5,6727.5,6723.5,6726.75,13027,0.0,0.0
2025-09-24 09:00:00-04:00,6726.75,6728.5,6706.0,6712.5,146474,0.0,0.0
2025-09-24 10:00:00-04:00,6712.5,6719.0,6708.5,6711.5,143498,0.0,0.0
2025-09-24 11:00:00-04:00,6711.5,6713.75,6683.75,6685.5,164636,0.0,0.0
2025-09-24 12:00:00-04:00,6685.5,6693.0,6678.0,6687.0,176015,0.0,0.0
2025-09-24 13:00:00-04:00,6687.25,6700.0,6685.25,6687.5,112396,0.0,0.0
2025-09-24 14:00:00-04:00,6687.25,6693.5,6681.25,6693.25,110223,0.0,0.0
2025-09-24 15:00:00-04:00,6693.0,6696.0,6687.0,6692.25,182687,0.0,0.0
2025-09-24 16:00:00-04:00,6692.0,6699.5,6692.0,6697.0,51568,0.0,0.0
2025-09-24 18:00:00-04:00,6697.25,6700.0,6694.5,6697.0,0,0.0,0.0
2025-09-24 19:00:00-04:00,6696.75,6698.75,6694.5,6698.5,2224,0.0,0.0
2025-09-24 20:00:00-04:00,6698.25,6703.0,6697.5,6702.25,5879,0.0,0.0
2025-09-24 21:00:00-04:00,6702.25,6705.25,6701.25,6703.25,4054,0.0,0.0
2025-09-24 22:00:00-04:00,6703.25,6705.0,6702.25,6704.5,2372,0.0,0.0
2025-09-24 23:00:00-04:00,6704.75,6704.75,6703.0,6704.75,1871,0.0,0.0
2025-09-25 00:00:00-04:00,6703.75,6704.0,6698.75,6700.0,3815,0.0,0.0
2025-09-25 01:00:00-04:00,6699.75,6700.5,6696.0,6698.25,4330,0.0,0.0
2025-09-25 02:00:00-04:00,6698.25,6699.5,6690.0,6691.5,6591,0.0,0.0
2025-09-25 03:00:00-04:00,6691.75,6696.0,6683.75,6693.25,12662,0.0,0.0
2025-09-25 04:00:00-04:00,6693.25,6697.5,6687.75,6690.0,10031,0.0,0.0
2025-09-25 05:00:00-04:00,6690.0,6692.5,6684.5,6687.75,8882,0.0,0.0
2025-09-25 06:00:00-04:00,6687.75,6689.5,6679.25,6682.75,12977,0.0,0.0
2025-09-25 07:00:00-04:00,6682.75,6683.0,6662.5,6664.5,30236,0.0,0.0
2025-09-25 08:00:00-04:00,6664.25,6673.0,6653.5,6658.75,51583,0.0,0.0
2025-09-25 09:00:00-04:00,6658.5,6662.75,6631.25,6636.75,265070,0.0,0.0
2025-09-25 10:00:00-04:00,6637.0,6672.5,6635.75,6668.75,256421,0.0,0.0
2025-09-25 11:00:00-04:00,6668.75,6675.0,6652.25,6670.25,196700,0.0,0.0
2025-09-25 12:00:00-04:00,6670.0,6673.0,6656.25,6659.0,135147,0.0,0.0
2025-09-25 13:00:00-04:00,6659.0,6664.25,6635.5,6636.5,155035,0.0,0.0
2025-09-25 14:00:00-04:00,6636.5,6662.5,6624.25,6659.75,217838,0.0,0.0
2025-09-25 15:00:00-04:00,6659.75,6663.75,6651.5,6660.75,201013,0.0,0.0
2025-09-25 16:00:00-04:00,6660.75,6666.5,6658.0,6662.0,46601,0.0,0.0
2025-09-25 18:00:00-04:00,6662.75,6669.0,6660.0,6662.75,0,0.0,0.0
2025-09-25 19:00:00-04:00,6662.25,6663.5,6658.75,6659.0,5133,0.0,0.0
2025-09-25 20:00:00-04:00,6658.75,6662.75,6657.25,6662.0,5853,0.0,0.0
2025-09-25 21:00:00-04:00,6661.75,6661.75,6656.0,6658.25,7371,0.0,0.0
2025-09-25 22:00:00-04:00,6658.25,6663.75,6657.5,6659.75,4727,0.0,0.0
2025-09-25 23:00:00-04:00,6659.75,6660.25,6653.75,6657.75,5546,0.0,0.0
2025-09-26 00:00:00-04:00,6658.0,6661.25,6653.5,6653.75,6624,0.0,0.0
2025-09-26 01:00:00-04:00,6653.75,6661.5,6653.25,6661.0,6262,0.0,0.0
2025-09-26 02:00:00-04:00,6661.0,6673.25,6660.0,6668.75,13300,0.0,0.0
2025-09-26 03:00:00-04:00,6668.75,6674.5,6664.5,6670.5,12131,0.0,0.0
2025-09-26 04:00:00-04:00,6670.5,6673.0,6660.25,6660.25,10862,0.0,0.0
2025-09-26 05:00:00-04:00,6660.25,6665.75,6657.0,6664.5,10591,0.0,0.0
2025-09-26 06:00:00-04:00,6664.75,6666.75,6657.25,6659.75,7323,0.0,0.0
2025-09-26 07:00:00-04:00,6659.25,6668.75,6657.0,6666.0,11999,0.0,0.0
2025-09-26 08:00:00-04:00,6666.0,6690.25,6664.25,6681.5,46743,0.0,0.0
2025-09-26 09:00:00-04:00,6681.5,6698.25,6667.5,6697.0,171746,0.0,0.0
2025-09-26 10:00:00-04:00,6697.0,6703.75,6657.25,6663.0,275945,0.0,0.0
2025-09-26 11:00:00-04:00,6662.75,6679.5,6658.5,6665.25,150862,0.0,0.0
2025-09-26 12:00:00-04:00,6665.25,6694.0,6663.25,6692.5,125055,0.0,0.0
2025-09-26 13:00:00-04:00,6692.5,6696.5,6686.25,6692.5,84865,0.0,0.0
2025-09-26 14:00:00-04:00,6692.25,6700.5,6687.25,6698.25,92673,0.0,0.0
2025-09-26 15:00:00-04:00,6698.25,6699.0,6690.0,6696.25,157779,0.0,0.0
2025-09-26 16:00:00-04:00,6696.25,6703.0,6695.25,6696.5,56416,0.0,0.0
2025-09-28 18:00:00-04:00,6701.25,6705.75,6699.75,6703.0,4389,0.0,0.0
2025-09-28 19:00:00-04:00,6702.75,6707.5,6702.25,6705.75,4846,0.0,0.0
2025-09-28 20:00:00-04:00,6705.75,6713.5,6704.0,6711.0,8602,0.0,0.0
2025-09-28 21:00:00-04:00,6711.0,6713.25,6707.0,6711.25,7002,0.0,0.0
2025-09-28 22:00:00-04:00,6711.25,6714.75,6709.75,6714.5,4566,0.0,0.0
2025-09-28 23:00:00-04:00,6714.25,6716.75,6713.5,6715.75,3564,0.0,0.0
2025-09-29 00:00:00-04:00,6716.0,6719.0,6715.5,6717.25,3791,0.0,0.0
2025-09-29 01:00:00-04:00,6717.25,6720.0,6716.25,6717.0,4395,0.0,0.0
2025-09-29 02:00:00-04:00,6717.0,6724.75,6715.0,6722.0,10070,0.0,0.0
2025-09-29 03:00:00-04:00,6722.25,6726.5,6717.0,6724.0,14158,0.0,0.0
2025-09-29 04:00:00-04:00,6723.75,6731.5,6723.0,6731.0,12142,0.0,0.0
2025-09-29 05:00:00-04:00,6731.25,6734.25,6728.75,6729.0,11691,0.0,0.0
2025-09-29 06:00:00-04:00,6729.0,6736.0,6728.0,6733.25,11575,0.0,0.0
2025-09-29 07:00:00-04:00,6733.25,6734.0,6723.5,6728.25,18617,0.0,0.0
2025-09-29 08:00:00-04:00,6728.25,6734.75,6725.75,6733.25,19732,0.0,0.0
2025-09-29 09:00:00-04:00,6733.25,6735.75,6715.75,6723.75,149772,0.0,0.0
2025-09-29 10:00:00-04:00,6723.75,6731.25,6718.5,6723.25,150629,0.0,0.0
2025-09-29 11:00:00-04:00,6723.25,6725.25,6706.25,6711.0,160532,0.0,0.0
2025-09-29 12:00:00-04:00,6711.0,6716.0,6706.25,6708.5,95122,0.0,0.0
2025-09-29 13:00:00-04:00,6708.5,6709.0,6699.5,6707.25,101321,0.0,0.0
2025-09-29 14:00:00-04:00,6707.25,6714.0,6707.0,6711.5,68939,0.0,0.0
2025-09-29 15:00:00-04:00,6711.75,6716.25,6696.25,6714.5,227464,0.0,0.0
2025-09-29 16:00:00-04:00,6714.25,6716.0,6706.75,6708.5,46799,0.0,0.0
2025-09-29 18:00:00-04:00,6708.0,6714.0,6707.25,6713.5,0,0.0,0.0
2025-09-29 19:00:00-04:00,6713.5,6715.0,6710.75,6711.25,2588,0.0,0.0
2025-09-29 20:00:00-04:00,6711.25,6715.5,6706.75,6714.75,6169,0.0,0.0
2025-09-29 21:00:00-04:00,6714.5,6714.5,6707.5,6709.75,5849,0.0,0.0
2025-09-29 22:00:00-04:00,6709.75,6716.0,6708.75,6714.75,4105,0.0,0.0
2025-09-29 23:00:00-04:00,6715.0,6717.0,6712.5,6713.5,4104,0.0,0.0
2025-09-30 00:00:00-04:00,6713.5,6713.5,6708.75,6708.75,3656,0.0,0.0
2025-09-30 01:00:00-04:00,6708.75,6712.75,6707.5,6711.75,3750,0.0,0.0
2025-09-30 02:00:00-04:00,6712.0,6715.75,6705.25,6705.75,6788,0.0,0.0
2025-09-30 03:00:00-04:00,6705.75,6707.25,6694.25,6702.75,16415,0.0,0.0
2025-09-30 04:00:00-04:00,6702.25,6705.25,6695.75,6703.0,11078,0.0,0.0
2025-09-30 05:00:00-04:00,6702.75,6705.5,6699.75,6701.5,9028,0.0,0.0
2025-09-30 06:00:00-04:00,6701.25,6704.25,6695.75,6703.25,9196,0.0,0.0
2025-09-30 07:00:00-04:00,6703.25,6704.75,6698.5,6701.5,10788,0.0,0.0
2025-09-30 08:00:00-04:00,6701.5,6710.5,6698.0,6708.0,21105,0.0,0.0
2025-09-30 09:00:00-04:00,6708.25,6710.25,6696.75,6708.25,132576,0.0,0.0
2025-09-30 10:00:00-04:00,6707.75,6713.0,6694.0,6709.75,215615,0.0,0.0
2025-09-30 11:00:00-04:00,6709.5,6713.75,6693.0,6707.0,163289,0.0,0.0
2025-09-30 12:00:00-04:00,6707.25,6718.0,6702.75,6705.0,110418,0.0,0.0
2025-09-30 13:00:00-04:00,6705.0,6707.75,6694.25,6702.0,129517,0.0,0.0
2025-09-30 14:00:00-04:00,6701.75,6723.25,6700.75,6721.0,138678,0.0,0.0
2025-09-30 15:00:00-04:00,6721.25,6743.5,6720.5,6737.25,338097,0.0,0.0
2025-09-30 16:00:00-04:00,6737.25,6738.75,6722.0,6724.0,81098,0.0,0.0
2025-09-30 18:00:00-04:00,6725.5,6733.25,6720.75,6723.75,0,0.0,0.0
2025-09-30 19:00:00-04:00,6723.75,6726.75,6720.25,6723.5,4443,0.0,0.0
2025-09-30 20:00:00-04:00,6723.5,6725.0,6713.25,6714.75,10088,0.0,0.0
2025-09-30 21:00:00-04:00,6714.75,6717.0,6711.75,6714.75,6597,0.0,0.0
2025-09-30 22:00:00-04:00,6714.75,6715.0,6710.0,6711.0,5247,0.0,0.0
2025-09-30 23:00:00-04:00,6711.0,6711.25,6706.0,6708.25,5730,0.0,0.0
2025-10-01 00:00:00-04:00,6709.5,6710.75,6707.75,6708.5,4466,0.0,0.0
2025-10-01 01:00:00-04:00,6708.75,6709.75,6704.0,6704.5,5982,0.0,0.0
2025-10-01 02:00:00-04:00,6704.5,6707.0,6680.0,6683.5,28060,0.0,0.0
2025-10-01 03:00:00-04:00,6683.25,6691.0,6680.75,6687.5,25875,0.0,0.0
2025-10-01 04:00:00-04:00,6687.5,6698.75,6683.75,6696.0,19021,0.0,0.0
2025-10-01 05:00:00-04:00,6696.0,6706.0,6695.25,6702.0,15851,0.0,0.0
2025-10-01 06:00:00-04:00,6702.0,6705.75,6697.75,6699.5,12862,0.0,0.0
2025-10-01 07:00:00-04:00,6699.5,6715.25,6699.25,6714.25,16816,0.0,0.0
2025-10-01 08:00:00-04:00,6714.25,6715.25,6702.0,6710.5,43637,0.0,0.0
2025-10-01 09:00:00-04:00,6710.75,6729.0,6705.25,6712.75,182676,0.0,0.0
2025-10-01 10:00:00-04:00,6712.0,6735.75,6708.5,6733.25,175029,0.0,0.0
2025-10-01 11:00:00-04:00,6733.25,6747.5,6732.25,6744.75,127808,0.0,0.0
2025-10-01 12:00:00-04:00,6745.0,6746.75,6739.0,6744.25,85824,0.0,0.0
2025-10-01 13:00:00-04:00,6744.25,6756.5,6743.0,6754.75,94353,0.0,0.0
2025-10-01 14:00:00-04:00,6755.0,6769.0,6754.25,6767.0,104320,0.0,0.0
2025-10-01 15:00:00-04:00,6767.0,6769.5,6760.5,6760.5,213782,0.0,0.0
2025-10-01 16:00:00-04:00,6760.5,6761.25,6755.0,6757.0,52305,0.0,0.0
2025-10-01 18:00:00-04:00,6757.0,6760.75,6756.0,6758.25,0,0.0,0.0
2025-10-01 19:00:00-04:00,6758.0,6761.5,6756.0,6759.5,4015,0.0,0.0
2025-10-01 20:00:00-04:00,6759.75,6769.0,6758.5,6767.5,8848,0.0,0.0
2025-10-01 21:00:00-04:00,6767.75,6771.75,6765.0,6771.25,8265,0.0,0.0
2025-10-01 22:00:00-04:00,6771.25,6771.5,6765.25,6766.75,4441,0.0,0.0
2025-10-01 23:00:00-04:00,6766.75,6768.25,6763.75,6767.25,3803,0.0,0.0
2025-10-02 00:00:00-04:00,6770.0,6771.0,6764.5,6769.0,4216,0.0,0.0
2025-10-02 01:00:00-04:00,6768.75,6771.5,6767.5,6768.5,3711,0.0,0.0
2025-10-02 02:00:00-04:00,6768.5,6770.0,6764.5,6765.75,7407,0.0,0.0
2025-10-02 03:00:00-04:00,6765.75,6770.75,6763.75,6767.75,12867,0.0,0.0
2025-10-02 04:00:00-04:00,6768.0,6775.0,6767.5,6774.0,13726,0.0,0.0
2025-10-02 05:00:00-04:00,6774.0,6774.5,6765.5,6770.5,9737,0.0,0.0
2025-10-02 06:00:00-04:00,6770.25,6775.25,6770.0,6772.25,9583,0.0,0.0
2025-10-02 07:00:00-04:00,6772.0,6778.5,6771.75,6777.75,13744,0.0,0.0
2025-10-02 08:00:00-04:00,6777.5,6781.0,6776.25,6779.25,18427,0.0,0.0
2025-10-02 09:00:00-04:00,6779.0,6782.25,6761.75,6768.5,165019,0.0,0.0
2025-10-02 10:00:00-04:00,6768.5,6769.25,6749.75,6749.75,184643,0.0,0.0
2025-10-02 11:00:00-04:00,6750.0,6758.25,6741.5,6757.5,174766,0.0,0.0
2025-10-02 12:00:00-04:00,6757.5,6760.0,6749.25,6758.25,98226,0.0,0.0
2025-10-02 13:00:00-04:00,6758.5,6765.0,6753.5,6762.75,84660,0.0,0.0
2025-10-02 14:00:00-04:00,6763.0,6771.5,6762.5,6768.0,87341,0.0,0.0
2025-10-02 15:00:00-04:00,6767.75,6770.5,6762.5,6766.25,177149,0.0,0.0
2025-10-02 16:00:00-04:00,6766.5,6769.0,6763.75,6765.0,35314,0.0,0.0
2025-10-02 18:00:00-04:00,6764.75,6766.25,6758.75,6765.5,0,0.0,0.0
2025-10-02 19:00:00-04:00,6765.25,6769.5,6763.75,6769.25,3142,0.0,0.0
2025-10-02 20:00:00-04:00,6769.25,6775.25,6767.0,6773.25,6019,0.0,0.0
2025-10-02 21:00:00-04:00,6773.0,6777.75,6771.5,6777.75,5137,0.0,0.0
2025-10-02 22:00:00-04:00,6777.75,6777.75,6773.75,6776.5,3778,0.0,0.0
2025-10-02 23:00:00-04:00,6776.75,6780.75,6776.25,6780.5,3511,0.0,0.0
2025-10-03 00:00:00-04:00,6781.25,6781.5,6779.25,6781.25,2714,0.0,0.0
2025-10-03 01:00:00-04:00,6781.25,6784.25,6780.25,6780.5,4347,0.0,0.0
2025-10-03 02:00:00-04:00,6780.25,6784.75,6776.75,6783.0,6523,0.0,0.0
2025-10-03 03:00:00-04:00,6783.25,6785.75,6782.0,6784.25,9386,0.0,0.0
2025-10-03 04:00:00-04:00,6783.75,6785.25,6782.5,6784.5,8574,0.0,0.0
2025-10-03 05:00:00-04:00,6784.5,6787.25,6782.5,6787.25,9004,0.0,0.0
2025-10-03 06:00:00-04:00,6787.25,6787.5,6779.75,6780.25,6784,0.0,0.0
2025-10-03 07:00:00-04:00,6780.0,6782.25,6772.0,6774.0,14812,0.0,0.0
2025-10-03 08:00:00-04:00,6773.75,6776.75,6766.5,6770.5,18579,0.0,0.0
2025-10-03 09:00:00-04:00,6770.5,6788.25,6768.0,6780.25,122178,0.0,0.0
2025-10-03 10:00:00-04:00,6780.25,6795.5,6771.75,6793.75,188136,0.0,0.0
2025-10-03 11:00:00-04:00,6794.0,6799.25,6786.0,6797.75,120778,0.0,0.0
2025-10-03 12:00:00-04:00,6798.0,6800.0,6793.0,6795.25,78168,0.0,0.0
2025-10-03 13:00:00-04:00,6795.25,6795.5,6754.0,6764.5,264996,0.0,0.0
2025-10-03 14:00:00-04:00,6764.5,6779.75,6755.25,6771.5,173982,0.0,0.0
2025-10-03 15:00:00-04:00,6771.25,6775.5,6760.5,6765.25,213411,0.0,0.0
2025-10-03 16:00:00-04:00,6765.0,6766.75,6760.25,6764.0,41621,0.0,0.0
2025-10-05 18:00:00-04:00,6771.0,6777.75,6764.0,6776.5,7203,0.0,0.0
2025-10-05 19:00:00-04:00,6776.5,6783.5,6776.25,6778.5,6733,0.0,0.0
2025-10-05 20:00:00-04:00,6778.5,6779.25,6775.0,6777.5,6807,0.0,0.0
2025-10-05 21:00:00-04:00,6777.75,6780.0,6775.75,6779.75,3969,0.0,0.0
2025-10-05 22:00:00-04:00,6779.5,6782.0,6778.75,6781.5,2806,0.0,0.0
2025-10-05 23:00:00-04:00,6781.75,6785.5,6781.75,6783.5,4002,0.0,0.0
2025-10-06 00:00:00-04:00,6783.25,6787.5,6779.25,6786.0,5165,0.0,0.0
2025-10-06 01:00:00-04:00,6786.0,6786.25,6781.25,6782.5,3197,0.0,0.0
2025-10-06 02:00:00-04:00,6782.5,6785.75,6780.5,6784.5,6534,0.0,0.0
2025-10-06 03:00:00-04:00,6784.5,6785.0,6771.75,6778.25,17313,0.0,0.0
2025-10-06 04:00:00-04:00,6778.25,6784.75,6778.0,6782.5,11087,0.0,0.0
2025-10-06 05:00:00-04:00,6782.75,6789.0,6781.75,6788.5,7949,0.0,0.0
2025-10-06 06:00:00-04:00,6788.75,6793.75,6786.75,6789.75,14512,0.0,0.0
2025-10-06 07:00:00-04:00,6789.5,6790.0,6781.5,6788.0,18574,0.0,0.0
2025-10-06 08:00:00-04:00,6788.25,6794.0,6782.5,6782.5,27876,0.0,0.0
2025-10-06 09:00:00-04:00,6782.5,6790.25,6771.0,6772.5,156822,0.0,0.0
2025-10-06 10:00:00-04:00,6772.25,6780.75,6766.5,6780.0,165786,0.0,0.0
2025-10-06 11:00:00-04:00,6780.0,6791.75,6779.25,6790.5,107484,0.0,0.0
2025-10-06 12:00:00-04:00,6790.25,6791.25,6785.25,6789.75,77022,0.0,0.0
2025-10-06 13:00:00-04:00,6789.75,6796.0,6785.75,6795.25,90394,0.0,0.0
2025-10-06 14:00:00-04:00,6795.0,6797.75,6792.25,6793.5,72794,0.0,0.0
2025-10-06 15:00:00-04:00,6793.25,6793.75,6788.0,6788.5,171242,0.0,0.0
2025-10-06 16:00:00-04:00,6788.5,6791.5,6787.0,6790.25,56695,0.0,0.0
2025-10-07 04:00:00-04:00,6778.5,6783.5,6774.0,6783.25,7934,0.0,0.0
2025-10-07 05:00:00-04:00,6783.25,6786.75,6782.25,6786.25,6723,0.0,0.0
2025-10-07 06:00:00-04:00,6786.25,6789.5,6784.25,6785.5,8358,0.0,0.0
2025-10-07 07:00:00-04:00,6785.5,6791.5,6784.75,6791.5,9002,0.0,0.0
2025-10-07 08:00:00-04:00,6791.5,6799.5,6788.5,6798.75,20069,0.0,0.0
2025-10-07 09:00:00-04:00,6799.0,6802.75,6792.5,6793.75,133648,0.0,0.0
2025-10-07 10:00:00-04:00,6794.0,6795.25,6776.75,6780.25,178730,0.0,0.0
2025-10-07 11:00:00-04:00,6780.5,6782.25,6747.25,6753.25,339309,0.0,0.0
2025-10-07 12:00:00-04:00,6753.0,6766.25,6747.25,6754.5,169751,0.0,0.0
2025-10-07 13:00:00-04:00,6754.25,6764.75,6752.5,6753.75,101779,0.0,0.0
2025-10-07 14:00:00-04:00,6754.0,6761.5,6748.5,6761.25,105070,0.0,0.0
2025-10-07 15:00:00-04:00,6761.25,6765.25,6755.75,6762.5,183850,0.0,0.0
2025-10-07 16:00:00-04:00,6762.75,6767.75,6762.25,6765.0,50432,0.0,0.0
2025-10-07 18:00:00-04:00,6766.0,6770.25,6764.75,6769.5,0,0.0,0.0
2025-10-07 19:00:00-04:00,6769.5,6769.5,6758.5,6759.5,6043,0.0,0.0
2025-10-07 20:00:00-04:00,6759.25,6766.25,6758.25,6765.25,5689,0.0,0.0
2025-10-07 21:00:00-04:00,6765.0,6770.0,6764.75,6768.5,5781,0.0,0.0
2025-10-07 22:00:00-04:00,6768.5,6772.5,6768.0,6771.25,4580,0.0,0.0
2025-10-07 23:00:00-04:00,6771.25,6772.25,6769.5,6771.5,2516,0.0,0.0
2025-10-08 00:00:00-04:00,6771.5,6772.0,6769.0,6770.25,2565,0.0,0.0
2025-10-08 01:00:00-04:00,6770.5,6770.5,6764.5,6764.5,4348,0.0,0.0
2025-10-08 02:00:00-04:00,6764.75,6765.75,6759.0,6763.75,6653,0.0,0.0
2025-10-08 03:00:00-04:00,6763.75,6772.75,6762.0,6771.5,12202,0.0,0.0
2025-10-08 04:00:00-04:00,6771.25,6774.5,6766.5,6770.0,10901,0.0,0.0
2025-10-08 05:00:00-04:00,6770.25,6772.75,6768.25,6771.0,7418,0.0,0.0
2025-10-08 06:00:00-04:00,6770.5,6775.0,6764.25,6774.5,8795,0.0,0.0
2025-10-08 07:00:00-04:00,6774.5,6776.25,6767.5,6774.0,12819,0.0,0.0
2025-10-08 08:00:00-04:00,6773.75,6774.0,6765.75,6771.25,19073,0.0,0.0
2025-10-08 09:00:00-04:00,6771.5,6776.5,6764.5,6773.75,137821,0.0,0.0
2025-10-08 10:00:00-04:00,6773.5,6793.0,6773.5,6789.0,180620,0.0,0.0
2025-10-08 11:00:00-04:00,6789.0,6801.25,6788.0,6799.5,112154,0.0,0.0
2025-10-08 12:00:00-04:00,6799.5,6802.75,6793.75,6798.75,76701,0.0,0.0
2025-10-08 13:00:00-04:00,6798.5,6801.75,6795.75,6797.75,60069,0.0,0.0
2025-10-08 14:00:00-04:00,6797.75,6802.75,6792.5,6793.5,90289,0.0,0.0
2025-10-08 15:00:00-04:00,6793.25,6803.25,6792.25,6802.0,179120,0.0,0.0
2025-10-08 16:00:00-04:00,6802.0,6807.75,6800.0,6803.25,51041,0.0,0.0
2025-10-08 18:00:00-04:00,6802.75,6807.75,6802.0,6807.0,0,0.0,0.0
2025-10-08 19:00:00-04:00,6807.0,6812.25,6805.75,6809.0,5804,0.0,0.0
2025-10-08 20:00:00-04:00,6808.75,6808.75,6804.75,6806.0,5432,0.0,0.0
2025-10-08 21:00:00-04:00,6806.0,6807.25,6798.0,6799.25,9221,0.0,0.0
2025-10-08 22:00:00-04:00,6799.0,6800.0,6794.5,6795.0,7044,0.0,0.0
2025-10-08 23:00:00-04:00,6795.0,6800.5,6795.0,6797.0,7796,0.0,0.0
2025-10-09 00:00:00-04:00,6798.25,6802.0,6798.0,6801.75,3256,0.0,0.0
2025-10-09 01:00:00-04:00,6801.5,6806.5,6800.5,6804.75,4350,0.0,0.0
2025-10-09 02:00:00-04:00,6805.0,6807.5,6799.25,6801.5,6651,0.0,0.0
2025-10-09 03:00:00-04:00,6801.75,6804.25,6799.25,6801.25,11453,0.0,0.0
2025-10-09 04:00:00-04:00,6801.25,6802.75,6795.75,6797.25,11202,0.0,0.0
2025-10-09 05:00:00-04:00,6797.5,6803.75,6795.75,6800.5,8629,0.0,0.0
2025-10-09 06:00:00-04:00,6800.5,6802.5,6797.0,6799.5,6826,0.0,0.0
2025-10-09 07:00:00-04:00,6799.5,6805.75,6799.5,6799.75,11201,0.0,0.0
2025-10-09 08:00:00-04:00,6800.0,6805.25,6800.0,6805.0,16019,0.0,0.0
2025-10-09 09:00:00-04:00,6805.0,6809.5,6785.25,6788.75,155687,0.0,0.0
2025-10-09 10:00:00-04:00,6788.75,6792.0,6768.5,6782.75,233277,0.0,0.0
2025-10-09 11:00:00-04:00,6782.5,6788.0,6769.0,6782.25,157345,0.0,0.0
2025-10-09 12:00:00-04:00,6782.5,6785.25,6765.5,6767.0,133525,0.0,0.0
2025-10-09 13:00:00-04:00,6767.0,6772.75,6760.75,6770.75,160920,0.0,0.0
2025-10-09 14:00:00-04:00,6770.75,6772.25,6762.25,6767.75,100535,0.0,0.0
2025-10-09 15:00:00-04:00,6767.75,6782.0,6767.0,6781.0,211570,0.0,0.0
2025-10-09 16:00:00-04:00,6781.25,6782.5,6775.5,6779.75,45008,0.0,0.0
2025-10-09 18:00:00-04:00,6779.5,6786.5,6779.0,6785.25,0,0.0,0.0
2025-10-09 19:00:00-04:00,6785.5,6789.5,6784.0,6789.25,3531,0.0,0.0
2025-10-09 20:00:00-04:00,6789.25,6791.75,6785.75,6790.0,7018,0.0,0.0
2025-10-09 21:00:00-04:00,6790.25,6792.75,6789.25,6792.5,4963,0.0,0.0
2025-10-09 22:00:00-04:00,6792.25,6792.75,6788.75,6789.25,2822,0.0,0.0
2025-10-09 23:00:00-04:00,6789.25,6790.25,6784.5,6785.75,4548,0.0,0.0
2025-10-10 00:00:00-04:00,6786.25,6787.0,6781.25,6782.75,3716,0.0,0.0
2025-10-10 01:00:00-04:00,6782.75,6788.5,6780.5,6788.25,3452,0.0,0.0
2025-10-10 02:00:00-04:00,6788.5,6792.75,6779.25,6782.0,11611,0.0,0.0
2025-10-10 03:00:00-04:00,6782.5,6787.5,6781.5,6786.25,11625,0.0,0.0
2025-10-10 04:00:00-04:00,6786.25,6790.0,6785.0,6788.25,7793,0.0,0.0
2025-10-10 05:00:00-04:00,6788.5,6788.75,6772.5,6773.75,17764,0.0,0.0
2025-10-10 06:00:00-04:00,6773.5,6783.0,6773.25,6782.5,10997,0.0,0.0
2025-10-10 07:00:00-04:00,6782.25,6788.25,6782.0,6788.0,11046,0.0,0.0
2025-10-10 08:00:00-04:00,6787.75,6790.5,6781.0,6783.25,20171,0.0,0.0
2025-10-10 09:00:00-04:00,6783.25,6806.5,6783.25,6797.0,172371,0.0,0.0
2025-10-10 10:00:00-04:00,6796.75,6800.25,6742.5,6757.75,254397,0.0,0.0
2025-10-10 11:00:00-04:00,6757.5,6757.75,6659.25,6682.75,640704,0.0,0.0
2025-10-10 12:00:00-04:00,6682.5,6692.25,6653.25,6655.25,297051,0.0,0.0
2025-10-10 13:00:00-04:00,6655.25,6673.5,6641.5,6660.0,233991,0.0,0.0
2025-10-10 14:00:00-04:00,6660.25,6665.0,6631.5,6635.75,170004,0.0,0.0
2025-10-10 15:00:00-04:00,6635.75,6646.25,6591.75,6595.0,422996,0.0,0.0
2025-10-10 16:00:00-04:00,6595.25,6607.0,6540.25,6595.25,140151,0.0,0.0
2025-10-12 18:00:00-04:00,6632.0,6675.25,6595.25,6654.75,45450,0.0,0.0
2025-10-12 19:00:00-04:00,6655.0,6671.0,6646.25,6668.25,25103,0.0,0.0
2025-10-12 20:00:00-04:00,6668.25,6679.0,6661.75,6677.75,24506,0.0,0.0
2025-10-12 21:00:00-04:00,6677.75,6683.75,6673.5,6683.0,21112,0.0,0.0
2025-10-12 22:00:00-04:00,6682.75,6685.0,6676.0,6676.5,11827,0.0,0.0
2025-10-12 23:00:00-04:00,6676.25,6683.75,6668.5,6670.5,11577,0.0,0.0
2025-10-13 00:00:00-04:00,6671.0,6680.0,6669.75,6679.0,8524,0.0,0.0
2025-10-13 01:00:00-04:00,6678.75,6683.5,6675.75,6683.0,8590,0.0,0.0
2025-10-13 02:00:00-04:00,6683.0,6687.5,6672.25,6687.0,20013,0.0,0.0
2025-10-13 03:00:00-04:00,6687.0,6706.25,6681.75,6696.5,44774,0.0,0.0
2025-10-13 04:00:00-04:00,6696.25,6697.75,6681.0,6688.75,21871,0.0,0.0
2025-10-13 05:00:00-04:00,6688.5,6689.75,6680.75,6681.75,13284,0.0,0.0
2025-10-13 06:00:00-04:00,6681.5,6687.5,6675.25,6681.25,19046,0.0,0.0
2025-10-13 07:00:00-04:00,6681.25,6686.25,6653.25,6667.25,64596,0.0,0.0
2025-10-13 08:00:00-04:00,6667.25,6677.0,6659.75,6669.25,38993,0.0,0.0
2025-10-13 09:00:00-04:00,6669.25,6694.75,6661.75,6693.25,246105,0.0,0.0
2025-10-13 10:00:00-04:00,6693.25,6697.0,6663.75,6666.75,279730,0.0,0.0
2025-10-13 11:00:00-04:00,6666.5,6696.75,6661.75,6694.25,166666,0.0,0.0
2025-10-13 12:00:00-04:00,6694.5,6708.75,6691.0,6707.5,147428,0.0,0.0
2025-10-13 13:00:00-04:00,6707.5,6711.5,6688.25,6697.25,126449,0.0,0.0
2025-10-13 14:00:00-04:00,6697.0,6707.75,6683.0,6685.5,106220,0.0,0.0
2025-10-13 15:00:00-04:00,6685.75,6700.75,6681.5,6694.75,209997,0.0,0.0
2025-10-13 16:00:00-04:00,6694.5,6696.0,6688.5,6689.75,50179,0.0,0.0
2025-10-13 18:00:00-04:00,6691.0,6696.5,6689.75,6695.75,0,0.0,0.0
2025-10-13 19:00:00-04:00,6695.75,6696.0,6688.0,6691.25,4696,0.0,0.0
2025-10-13 20:00:00-04:00,6691.25,6718.5,6689.5,6710.75,18755,0.0,0.0
2025-10-13 21:00:00-04:00,6710.5,6712.0,6701.75,6710.75,12247,0.0,0.0
2025-10-13 22:00:00-04:00,6710.25,6712.75,6700.0,6701.0,8444,0.0,0.0
2025-10-13 23:00:00-04:00,6701.25,6701.75,6691.0,6694.0,9461,0.0,0.0
2025-10-14 00:00:00-04:00,6686.5,6686.5,6660.75,6672.0,28237,0.0,0.0
2025-10-14 01:00:00-04:00,6672.25,6673.5,6637.75,6651.0,25928,0.0,0.0
2025-10-14 02:00:00-04:00,6650.75,6658.75,6642.0,6645.75,22703,0.0,0.0
2025-10-14 03:00:00-04:00,6645.75,6652.25,6623.25,6636.25,48434,0.0,0.0
2025-10-14 04:00:00-04:00,6636.25,6648.75,6626.25,6647.75,27295,0.0,0.0
2025-10-14 05:00:00-04:00,6647.75,6652.25,6634.25,6635.5,15164,0.0,0.0
2025-10-14 06:00:00-04:00,6635.25,6636.25,6605.75,6618.0,45869,0.0,0.0
2025-10-14 07:00:00-04:00,6618.25,6642.5,6616.0,6640.0,38442,0.0,0.0
2025-10-14 08:00:00-04:00,6640.0,6640.5,6616.0,6631.0,52441,0.0,0.0
2025-10-14 09:00:00-04:00,6631.0,6638.75,6593.25,6630.5,284821,0.0,0.0
2025-10-14 10:00:00-04:00,6630.25,6666.25,6627.0,6660.25,277147,0.0,0.0
2025-10-14 11:00:00-04:00,6660.25,6694.25,6657.75,6687.5,219521,0.0,0.0
2025-10-14 12:00:00-04:00,6687.5,6720.25,6677.75,6707.5,209561,0.0,0.0
2025-10-14 13:00:00-04:00,6707.5,6722.5,6700.0,6715.25,157599,0.0,0.0
2025-10-14 14:00:00-04:00,6715.5,6717.75,6708.25,6713.0,131134,0.0,0.0
2025-10-14 15:00:00-04:00,6713.0,6717.5,6666.0,6686.0,388058,0.0,0.0
2025-10-14 16:00:00-04:00,6685.75,6693.75,6672.25,6685.0,58730,0.0,0.0
2025-10-14 18:00:00-04:00,6684.25,6698.25,6684.25,6690.75,0,0.0,0.0
2025-10-14 19:00:00-04:00,6690.5,6699.0,6688.75,6689.0,5593,0.0,0.0
2025-10-14 20:00:00-04:00,6689.0,6695.75,6683.5,6695.25,7763,0.0,0.0
2025-10-14 21:00:00-04:00,6695.25,6698.25,6687.25,6694.25,6008,0.0,0.0
2025-10-14 22:00:00-04:00,6694.5,6705.5,6694.25,6697.0,7210,0.0,0.0
2025-10-14 23:00:00-04:00,6696.75,6701.0,6691.75,6695.5,5342,0.0,0.0
2025-10-15 00:00:00-04:00,6698.75,6706.0,6698.5,6705.0,4693,0.0,0.0
2025-10-15 01:00:00-04:00,6705.5,6715.75,6705.5,6710.25,10256,0.0,0.0
2025-10-15 02:00:00-04:00,6710.25,6715.5,6706.5,6715.0,10373,0.0,0.0
2025-10-15 03:00:00-04:00,6714.75,6720.0,6709.0,6715.0,14399,0.0,0.0
2025-10-15 04:00:00-04:00,6714.75,6719.5,6714.0,6717.5,14013,0.0,0.0
2025-10-15 05:00:00-04:00,6717.5,6731.25,6716.75,6728.5,17501,0.0,0.0
2025-10-15 06:00:00-04:00,6728.5,6731.25,6723.5,6728.75,9945,0.0,0.0
2025-10-15 07:00:00-04:00,6728.5,6730.75,6724.25,6729.0,16795,0.0,0.0
2025-10-15 08:00:00-04:00,6729.25,6741.0,6728.0,6738.5,47076,0.0,0.0
2025-10-15 09:00:00-04:00,6738.75,6750.0,6724.25,6747.0,208824,0.0,0.0
2025-10-15 10:00:00-04:00,6747.0,6766.75,6746.75,6754.25,216046,0.0,0.0
2025-10-15 11:00:00-04:00,6754.25,6755.75,6702.0,6715.5,314567,0.0,0.0
2025-10-15 12:00:00-04:00,6715.25,6727.5,6702.0,6703.75,199205,0.0,0.0
2025-10-15 13:00:00-04:00,6703.75,6708.0,6651.5,6706.0,314009,0.0,0.0
2025-10-15 14:00:00-04:00,6706.0,6721.5,6697.25,6720.5,149628,0.0,0.0
2025-10-15 15:00:00-04:00,6720.5,6721.5,6695.75,6715.25,287138,0.0,0.0
2025-10-15 16:00:00-04:00,6715.25,6724.5,6709.25,6713.5,66505,0.0,0.0
2025-10-15 18:00:00-04:00,6715.25,6726.5,6714.0,6722.5,0,0.0,0.0
2025-10-15 19:00:00-04:00,6722.5,6722.5,6710.25,6715.0,5854,0.0,0.0
2025-10-15 20:00:00-04:00,6714.75,6716.75,6702.5,6710.25,10198,0.0,0.0
2025-10-15 21:00:00-04:00,6710.0,6716.0,6708.5,6713.25,5931,0.0,0.0
2025-10-15 22:00:00-04:00,6713.25,6716.0,6705.75,6713.5,5960,0.0,0.0
2025-10-15 23:00:00-04:00,6713.5,6716.0,6708.25,6709.75,4445,0.0,0.0
2025-10-16 00:00:00-04:00,6711.75,6714.75,6709.25,6712.5,3459,0.0,0.0
2025-10-16 01:00:00-04:00,6712.75,6720.0,6710.75,6715.75,7129,0.0,0.0
2025-10-16 02:00:00-04:00,6716.0,6730.25,6716.0,6729.5,10157,0.0,0.0
2025-10-16 03:00:00-04:00,6729.5,6736.0,6718.25,6732.25,22071,0.0,0.0
2025-10-16 04:00:00-04:00,6732.0,6737.5,6726.5,6729.25,12032,0.0,0.0
2025-10-16 05:00:00-04:00,6729.25,6736.75,6728.0,6736.25,10570,0.0,0.0
2025-10-16 06:00:00-04:00,6736.5,6743.5,6735.75,6739.0,13180,0.0,0.0
2025-10-16 07:00:00-04:00,6739.0,6745.25,6738.0,6739.75,14669,0.0,0.0
2025-10-16 08:00:00-04:00,6739.75,6746.5,6732.5,6741.75,29190,0.0,0.0
2025-10-16 09:00:00-04:00,6742.0,6744.25,6724.25,6729.5,171697,0.0,0.0
2025-10-16 10:00:00-04:00,6729.75,6750.5,6717.25,6733.75,269994,0.0,0.0
2025-10-16 11:00:00-04:00,6734.0,6743.75,6701.75,6707.75,268310,0.0,0.0
2025-10-16 12:00:00-04:00,6707.5,6714.0,6654.75,6695.75,368403,0.0,0.0
2025-10-16 13:00:00-04:00,6695.5,6704.75,6673.0,6680.0,241387,0.0,0.0
2025-10-16 14:00:00-04:00,6680.0,6681.5,6632.0,6667.0,321758,0.0,0.0
2025-10-16 15:00:00-04:00,6666.75,6674.25,6641.5,6668.5,290125,0.0,0.0
2025-10-16 16:00:00-04:00,6668.5,6673.75,6651.0,6659.25,62599,0.0,0.0
2025-10-16 18:00:00-04:00,6659.25,6669.25,6644.25,6644.5,0,0.0,0.0
2025-10-16 19:00:00-04:00,6644.75,6652.0,6641.75,6651.25,13246,0.0,0.0
2025-10-16 20:00:00-04:00,6651.25,6658.0,6648.25,6651.5,12703,0.0,0.0
2025-10-16 21:00:00-04:00,6651.5,6662.75,6642.5,6648.0,12500,0.0,0.0
2025-10-16 22:00:00-04:00,6648.5,6650.5,6642.75,6648.0,8238,0.0,0.0
2025-10-16 23:00:00-04:00,6648.0,6650.25,6636.25,6642.5,10150,0.0,0.0
2025-10-17 00:00:00-04:00,6641.25,6642.75,6635.5,6636.75,7689,0.0,0.0
2025-10-17 01:00:00-04:00,6637.0,6637.5,6618.5,6628.25,15963,0.0,0.0
2025-10-17 02:00:00-04:00,6628.5,6634.5,6608.75,6611.25,21937,0.0,0.0
2025-10-17 03:00:00-04:00,6611.5,6613.25,6571.5,6584.75,62731,0.0,0.0
2025-10-17 04:00:00-04:00,6584.75,6597.75,6571.5,6591.0,39389,0.0,0.0
2025-10-17 05:00:00-04:00,6590.75,6608.5,6589.5,6592.0,30507,0.0,0.0
2025-10-17 06:00:00-04:00,6592.5,6616.0,6590.75,6615.5,50993,0.0,0.0
2025-10-17 07:00:00-04:00,6615.75,6655.75,6612.75,6652.75,90290,0.0,0.0
2025-10-17 08:00:00-04:00,6652.5,6672.0,6646.75,6658.5,78420,0.0,0.0
2025-10-17 09:00:00-04:00,6658.25,6684.5,6641.5,6666.25,255797,0.0,0.0
2025-10-17 10:00:00-04:00,6666.25,6697.5,6653.0,6655.5,299766,0.0,0.0
2025-10-17 11:00:00-04:00,6655.5,6682.25,6640.5,6677.0,270031,0.0,0.0
2025-10-17 12:00:00-04:00,6677.0,6696.75,6672.25,6680.0,178486,0.0,0.0
2025-10-17 13:00:00-04:00,6680.0,6690.75,6665.0,6688.75,146198,0.0,0.0
2025-10-17 14:00:00-04:00,6688.75,6711.5,6688.5,6704.0,125081,0.0,0.0
2025-10-17 15:00:00-04:00,6704.25,6718.0,6700.5,6703.75,213267,0.0,0.0
2025-10-17 16:00:00-04:00,6703.75,6713.0,6701.5,6702.5,51864,0.0,0.0
2025-10-19 18:00:00-04:00,6721.0,6726.0,6702.5,6715.75,9996,0.0,0.0
2025-10-19 19:00:00-04:00,6716.25,6716.5,6701.5,6705.75,9254,0.0,0.0
2025-10-19 20:00:00-04:00,6705.5,6716.5,6694.0,6714.5,17573,0.0,0.0
2025-10-19 21:00:00-04:00,6714.75,6720.75,6710.0,6713.25,10512,0.0,0.0
2025-10-19 22:00:00-04:00,6713.0,6717.0,6709.25,6715.0,5623,0.0,0.0
2025-10-19 23:00:00-04:00,6715.0,6724.75,6715.0,6723.25,4773,0.0,0.0
2025-10-20 00:00:00-04:00,6723.25,6728.5,6722.0,6727.25,5351,0.0,0.0
2025-10-20 01:00:00-04:00,6727.0,6732.0,6724.0,6729.0,5933,0.0,0.0
2025-10-20 02:00:00-04:00,6728.75,6731.25,6723.25,6727.75,8533,0.0,0.0
2025-10-20 03:00:00-04:00,6728.0,6737.5,6725.0,6731.25,13667,0.0,0.0
2025-10-20 04:00:00-04:00,6731.25,6732.5,6718.5,6720.25,11370,0.0,0.0
2025-10-20 05:00:00-04:00,6719.75,6725.75,6717.25,6722.5,9756,0.0,0.0
2025-10-20 06:00:00-04:00,6723.0,6727.0,6712.0,6712.75,12863,0.0,0.0
2025-10-20 07:00:00-04:00,6712.5,6724.75,6711.5,6724.0,12250,0.0,0.0
2025-10-20 08:00:00-04:00,6723.75,6734.5,6720.75,6734.0,24393,0.0,0.0
2025-10-20 09:00:00-04:00,6733.75,6754.75,6732.0,6747.5,162113,0.0,0.0
2025-10-20 10:00:00-04:00,6747.5,6775.5,6747.5,6773.0,183513,0.0,0.0
2025-10-20 11:00:00-04:00,6773.0,6774.0,6762.25,6766.5,147803,0.0,0.0
2025-10-20 12:00:00-04:00,6766.5,6771.75,6763.0,6771.25,98551,0.0,0.0
2025-10-20 13:00:00-04:00,6771.25,6782.0,6771.0,6778.75,82036,0.0,0.0
2025-10-20 14:00:00-04:00,6778.75,6783.0,6772.5,6777.25,82088,0.0,0.0
2025-10-20 15:00:00-04:00,6777.5,6782.5,6772.5,6773.25,180536,0.0,0.0
2025-10-20 16:00:00-04:00,6773.25,6780.5,6770.0,6780.25,46788,0.0,0.0
2025-10-20 18:00:00-04:00,6779.5,6781.0,6776.25,6777.5,0,0.0,0.0
2025-10-20 19:00:00-04:00,6777.75,6782.75,6776.5,6778.0,4567,0.0,0.0
2025-10-20 20:00:00-04:00,6778.0,6782.0,6776.0,6781.75,5089,0.0,0.0
2025-10-20 21:00:00-04:00,6781.75,6784.5,6778.25,6780.5,6490,0.0,0.0
2025-10-20 22:00:00-04:00,6780.5,6785.0,6779.5,6780.25,4249,0.0,0.0
2025-10-20 23:00:00-04:00,6780.5,6782.0,6775.75,6777.5,3761,0.0,0.0
2025-10-21 00:00:00-04:00,6777.0,6777.75,6771.5,6774.0,4512,0.0,0.0
2025-10-21 01:00:00-04:00,6774.0,6776.0,6767.5,6771.5,6143,0.0,0.0
2025-10-21 02:00:00-04:00,6771.75,6771.75,6764.5,6767.5,8215,0.0,0.0
2025-10-21 03:00:00-04:00,6767.75,6769.25,6764.0,6767.0,10349,0.0,0.0
2025-10-21 04:00:00-04:00,6767.25,6768.5,6764.0,6764.75,10451,0.0,0.0
2025-10-21 05:00:00-04:00,6764.75,6771.0,6764.25,6768.5,9341,0.0,0.0
2025-10-21 06:00:00-04:00,6768.75,6772.0,6765.25,6771.25,12754,0.0,0.0
2025-10-21 07:00:00-04:00,6771.0,6776.5,6769.5,6776.0,16040,0.0,0.0
2025-10-21 08:00:00-04:00,6776.0,6777.75,6772.75,6774.0,16660,0.0,0.0
2025-10-21 09:00:00-04:00,6774.0,6777.5,6761.5,6765.25,147637,0.0,0.0
2025-10-21 10:00:00-04:00,6765.25,6786.25,6759.25,6785.75,239355,0.0,0.0
2025-10-21 11:00:00-04:00,6785.75,6787.25,6773.75,6782.75,161923,0.0,0.0
2025-10-21 12:00:00-04:00,6782.25,6789.75,6773.25,6774.75,140833,0.0,0.0
2025-10-21 13:00:00-04:00,6774.75,6783.0,6767.25,6781.75,130663,0.0,0.0
2025-10-21 14:00:00-04:00,6782.0,6785.0,6777.5,6779.5,98106,0.0,0.0
2025-10-21 15:00:00-04:00,6779.25,6784.0,6771.5,6772.25,148983,0.0,0.0
2025-10-21 16:00:00-04:00,6772.0,6776.0,6764.75,6772.5,56436,0.0,0.0
2025-10-21 18:00:00-04:00,6776.0,6778.0,6771.75,6775.5,0,0.0,0.0
2025-10-21 19:00:00-04:00,6775.5,6775.75,6769.25,6769.75,4092,0.0,0.0
2025-10-21 20:00:00-04:00,6769.75,6772.5,6765.25,6766.5,7129,0.0,0.0
2025-10-21 21:00:00-04:00,6766.25,6774.75,6764.0,6774.0,6234,0.0,0.0
2025-10-21 22:00:00-04:00,6774.25,6777.25,6771.25,6775.25,4335,0.0,0.0
2025-10-21 23:00:00-04:00,6775.5,6780.0,6769.5,6779.75,4759,0.0,0.0
2025-10-22 00:00:00-04:00,6784.5,6788.0,6783.25,6784.75,7342,0.0,0.0
2025-10-22 01:00:00-04:00,6784.75,6786.5,6780.75,6782.25,3822,0.0,0.0
2025-10-22 02:00:00-04:00,6782.25,6788.75,6779.5,6785.5,6466,0.0,0.0
2025-10-22 03:00:00-04:00,6785.5,6786.0,6775.25,6781.75,10049,0.0,0.0
2025-10-22 04:00:00-04:00,6782.0,6782.0,6772.0,6775.75,9742,0.0,0.0
2025-10-22 05:00:00-04:00,6775.5,6778.75,6768.5,6778.5,9068,0.0,0.0
2025-10-22 06:00:00-04:00,6778.5,6782.75,6776.75,6778.5,10658,0.0,0.0
2025-10-22 07:00:00-04:00,6778.25,6779.25,6765.5,6769.25,20424,0.0,0.0
2025-10-22 08:00:00-04:00,6769.25,6780.75,6768.5,6779.25,25559,0.0,0.0
2025-10-22 09:00:00-04:00,6779.25,6781.75,6763.5,6771.5,142553,0.0,0.0
2025-10-22 10:00:00-04:00,6771.5,6775.25,6739.5,6759.75,327396,0.0,0.0
2025-10-22 11:00:00-04:00,6759.5,6763.25,6732.25,6748.75,266435,0.0,0.0
2025-10-22 12:00:00-04:00,6749.0,6750.75,6698.0,6732.0,292008,0.0,0.0
2025-10-22 13:00:00-04:00,6731.75,6735.25,6690.75,6705.25,217615,0.0,0.0
2025-10-22 14:00:00-04:00,6705.5,6724.0,6695.25,6723.25,168276,0.0,0.0
2025-10-22 15:00:00-04:00,6723.25,6742.25,6713.5,6737.0,245812,0.0,0.0
2025-10-22 16:00:00-04:00,6737.0,6744.75,6731.75,6737.5,48400,0.0,0.0
2025-10-22 18:00:00-04:00,6733.5,6739.5,6729.5,6736.75,0,0.0,0.0
2025-10-22 19:00:00-04:00,6736.75,6740.5,6726.5,6727.0,5667,0.0,0.0
2025-10-22 20:00:00-04:00,6727.0,6737.75,6717.5,6737.0,10957,0.0,0.0
2025-10-22 21:00:00-04:00,6736.75,6748.25,6736.25,6747.0,8666,0.0,0.0
2025-10-22 22:00:00-04:00,6747.25,6749.75,6745.75,6747.0,4837,0.0,0.0
2025-10-22 23:00:00-04:00,6747.25,6750.25,6742.75,6744.5,7587,0.0,0.0
2025-10-23 00:00:00-04:00,6745.25,6745.5,6739.75,6741.75,4473,0.0,0.0
2025-10-23 01:00:00-04:00,6741.75,6747.25,6738.25,6746.5,5452,0.0,0.0
2025-10-23 02:00:00-04:00,6746.25,6749.75,6742.75,6748.25,7086,0.0,0.0
2025-10-23 03:00:00-04:00,6748.25,6751.75,6739.5,6746.5,12547,0.0,0.0
2025-10-23 04:00:00-04:00,6746.5,6749.75,6742.25,6744.75,9944,0.0,0.0
2025-10-23 05:00:00-04:00,6744.75,6746.75,6732.5,6739.25,11502,0.0,0.0
2025-10-23 06:00:00-04:00,6739.5,6742.25,6737.25,6740.0,9207,0.0,0.0
2025-10-23 07:00:00-04:00,6739.75,6740.25,6723.5,6725.75,17552,0.0,0.0
2025-10-23 08:00:00-04:00,6725.75,6737.25,6719.5,6736.0,32362,0.0,0.0
2025-10-23 09:00:00-04:00,6736.0,6766.0,6724.0,6758.25,170391,0.0,0.0
2025-10-23 10:00:00-04:00,6758.25,6762.25,6739.0,6760.5,227683,0.0,0.0
2025-10-23 11:00:00-04:00,6760.5,6765.5,6745.25,6761.0,152601,0.0,0.0
2025-10-23 12:00:00-04:00,6760.75,6774.0,6759.75,6772.75,123880,0.0,0.0
2025-10-23 13:00:00-04:00,6773.0,6783.5,6762.5,6782.25,179587,0.0,0.0
2025-10-23 14:00:00-04:00,6782.5,6785.75,6776.75,6784.0,87994,0.0,0.0
2025-10-23 15:00:00-04:00,6784.0,6785.75,6771.5,6774.75,175945,0.0,0.0
2025-10-23 16:00:00-04:00,6774.75,6778.25,6773.5,6777.75,45276,0.0,0.0
2025-10-23 18:00:00-04:00,6778.25,6781.75,6776.5,6779.75,0,0.0,0.0
2025-10-23 19:00:00-04:00,6779.75,6782.0,6779.5,6780.75,2271,0.0,0.0
2025-10-23 20:00:00-04:00,6781.0,6781.75,6776.75,6781.0,4423,0.0,0.0
2025-10-23 21:00:00-04:00,6781.0,6785.5,6780.75,6784.75,5310,0.0,0.0
2025-10-23 22:00:00-04:00,6784.75,6787.0,6781.75,6783.25,4771,0.0,0.0
2025-10-23 23:00:00-04:00,6783.25,6788.25,6782.75,6787.75,4276,0.0,0.0
2025-10-24 00:00:00-04:00,6785.5,6788.5,6785.5,6787.75,3317,0.0,0.0
2025-10-24 01:00:00-04:00,6787.75,6791.75,6786.75,6791.5,4751,0.0,0.0
2025-10-24 02:00:00-04:00,6791.5,6798.25,6791.0,6795.0,8819,0.0,0.0
2025-10-24 03:00:00-04:00,6795.25,6795.5,6787.5,6788.25,11160,0.0,0.0
2025-10-24 04:00:00-04:00,6788.25,6793.5,6784.0,6789.75,13798,0.0,0.0
2025-10-24 05:00:00-04:00,6789.5,6798.75,6789.25,6794.5,9525,0.0,0.0
2025-10-24 06:00:00-04:00,6794.5,6797.5,6792.5,6793.0,8923,0.0,0.0
2025-10-24 07:00:00-04:00,6793.0,6799.75,6792.5,6797.5,11967,0.0,0.0
2025-10-24 08:00:00-04:00,6797.75,6837.25,6792.5,6812.75,70362,0.0,0.0
2025-10-24 09:00:00-04:00,6813.0,6835.0,6812.5,6829.75,191218,0.0,0.0
2025-10-24 10:00:00-04:00,6830.0,6835.5,6815.25,6823.0,212113,0.0,0.0
2025-10-24 11:00:00-04:00,6823.0,6841.25,6821.0,6835.75,146172,0.0,0.0
2025-10-24 12:00:00-04:00,6835.75,6841.25,6828.25,6836.0,84857,0.0,0.0
2025-10-24 13:00:00-04:00,6835.75,6840.75,6832.75,6836.75,61778,0.0,0.0
2025-10-24 14:00:00-04:00,6836.75,6839.75,6833.25,6838.0,73767,0.0,0.0
2025-10-24 15:00:00-04:00,6837.75,6841.0,6823.75,6827.5,215408,0.0,0.0
2025-10-24 16:00:00-04:00,6827.25,6829.5,6824.25,6827.0,49976,0.0,0.0
2025-10-26 18:00:00-04:00,6881.0,6890.0,6827.0,6872.0,22150,0.0,0.0
2025-10-26 19:00:00-04:00,6872.25,6876.75,6868.75,6870.75,6459,0.0,0.0
2025-10-26 20:00:00-04:00,6870.75,6876.75,6869.25,6872.25,11303,0.0,0.0
2025-10-26 21:00:00-04:00,6872.5,6873.25,6869.25,6869.5,8534,0.0,0.0
2025-10-26 22:00:00-04:00,6869.5,6875.25,6867.5,6875.0,6259,0.0,0.0
2025-10-26 23:00:00-04:00,6875.0,6881.0,6874.25,6878.0,7650,0.0,0.0
2025-10-27 00:00:00-04:00,6878.25,6880.5,6877.0,6879.25,4072,0.0,0.0
2025-10-27 01:00:00-04:00,6879.0,6883.75,6879.0,6882.75,5048,0.0,0.0
2025-10-27 02:00:00-04:00,6883.0,6888.25,6882.25,6884.5,8908,0.0,0.0
2025-10-27 03:00:00-04:00,6884.5,6889.0,6882.75,6882.75,11670,0.0,0.0
2025-10-27 04:00:00-04:00,6883.0,6884.25,6876.5,6881.0,16118,0.0,0.0
2025-10-27 05:00:00-04:00,6881.25,6887.0,6878.75,6887.0,11333,0.0,0.0
2025-10-27 06:00:00-04:00,6887.0,6888.5,6884.0,6886.5,10754,0.0,0.0
2025-10-27 07:00:00-04:00,6886.5,6889.0,6878.75,6880.25,19521,0.0,0.0
2025-10-27 08:00:00-04:00,6880.0,6885.25,6879.25,6883.0,17346,0.0,0.0
2025-10-27 09:00:00-04:00,6882.75,6889.0,6877.0,6886.75,135916,0.0,0.0
2025-10-27 10:00:00-04:00,6886.75,6892.5,6879.75,6883.0,186477,0.0,0.0
2025-10-27 11:00:00-04:00,6883.0,6892.25,6881.25,6890.25,109331,0.0,0.0
2025-10-27 12:00:00-04:00,6890.25,6895.0,6889.75,6893.75,71393,0.0,0.0
2025-10-27 13:00:00-04:00,6893.75,6896.0,6887.75,6895.5,75914,0.0,0.0
2025-10-27 14:00:00-04:00,6895.75,6898.75,6893.75,6897.5,80904,0.0,0.0
2025-10-27 15:00:00-04:00,6897.5,6911.75,6896.25,6907.75,233843,0.0,0.0
2025-10-27 16:00:00-04:00,6907.5,6916.25,6907.0,6914.0,67838,0.0,0.0
2025-10-27 18:00:00-04:00,6914.0,6914.0,6910.25,6911.75,0,0.0,0.0
2025-10-27 19:00:00-04:00,6911.5,6917.75,6910.75,6911.0,6386,0.0,0.0
2025-10-27 20:00:00-04:00,6910.75,6912.0,6908.5,6909.0,6640,0.0,0.0
2025-10-27 21:00:00-04:00,6909.0,6910.25,6906.0,6907.25,6846,0.0,0.0
2025-10-27 22:00:00-04:00,6907.25,6909.0,6905.25,6907.75,4587,0.0,0.0
2025-10-27 23:00:00-04:00,6907.75,6910.0,6906.0,6907.5,3910,0.0,0.0
2025-10-28 00:00:00-04:00,6908.25,6909.0,6904.75,6905.0,4303,0.0,0.0
2025-10-28 01:00:00-04:00,6905.25,6906.5,6902.25,6904.75,5393,0.0,0.0
2025-10-28 02:00:00-04:00,6905.0,6909.75,6903.5,6903.75,5525,0.0,0.0
2025-10-28 03:00:00-04:00,6904.0,6908.75,6902.25,6903.5,8096,0.0,0.0
2025-10-28 04:00:00-04:00,6903.75,6908.0,6901.5,6906.75,14269,0.0,0.0
2025-10-28 05:00:00-04:00,6907.5,6908.25,6904.0,6907.5,6956,0.0,0.0
2025-10-28 06:00:00-04:00,6907.25,6910.5,6906.0,6907.5,7356,0.0,0.0
2025-10-28 07:00:00-04:00,6907.5,6914.0,6907.0,6912.5,14458,0.0,0.0
2025-10-28 08:00:00-04:00,6912.75,6918.25,6912.25,6916.0,19767,0.0,0.0
2025-10-28 09:00:00-04:00,6916.25,6927.5,6906.75,6911.5,174501,0.0,0.0
2025-10-28 10:00:00-04:00,6911.5,6919.0,6910.0,6913.75,128016,0.0,0.0
2025-10-28 11:00:00-04:00,6913.75,6917.5,6903.0,6910.75,100695,0.0,0.0
2025-10-28 12:00:00-04:00,6910.75,6930.0,6910.75,6924.25,159597,0.0,0.0
2025-10-28 13:00:00-04:00,6924.5,6932.5,6924.0,6931.5,111935,0.0,0.0
2025-10-28 14:00:00-04:00,6931.75,6939.75,6931.0,6937.0,96068,0.0,0.0
2025-10-28 15:00:00-04:00,6937.0,6944.75,6924.25,6925.75,218751,0.0,0.0
2025-10-28 16:00:00-04:00,6925.5,6928.0,6921.5,6927.5,52523,0.0,0.0
2025-10-28 18:00:00-04:00,6929.25,6931.5,6925.25,6926.0,0,0.0,0.0
2025-10-28 19:00:00-04:00,6926.0,6929.0,6924.5,6927.75,3168,0.0,0.0
2025-10-28 20:00:00-04:00,6928.0,6930.5,6924.5,6926.0,5761,0.0,0.0
2025-10-28 21:00:00-04:00,6925.75,6935.0,6925.5,6932.75,9834,0.0,0.0
2025-10-28 22:00:00-04:00,6932.75,6940.0,6932.5,6937.5,7072,0.0,0.0
2025-10-28 23:00:00-04:00,6937.75,6939.25,6934.5,6938.0,4090,0.0,0.0
2025-10-29 00:00:00-04:00,6935.25,6939.25,6933.0,6938.75,3210,0.0,0.0
2025-10-29 01:00:00-04:00,6938.5,6941.25,6938.25,6940.5,4135,0.0,0.0
2025-10-29 02:00:00-04:00,6940.25,6944.0,6939.5,6943.0,6477,0.0,0.0
2025-10-29 03:00:00-04:00,6942.75,6945.5,6939.5,6945.0,8611,0.0,0.0
2025-10-29 04:00:00-04:00,6944.75,6947.5,6935.75,6937.25,16227,0.0,0.0
2025-10-29 05:00:00-04:00,6937.25,6937.75,6930.75,6935.75,14153,0.0,0.0
2025-10-29 06:00:00-04:00,6935.75,6942.5,6934.5,6938.75,10747,0.0,0.0
2025-10-29 07:00:00-04:00,6938.5,6948.5,6936.75,6943.0,16785,0.0,0.0
2025-10-29 08:00:00-04:00,6943.0,6946.0,6937.5,6942.0,15768,0.0,0.0
2025-10-29 09:00:00-04:00,6942.0,6951.75,6936.25,6950.5,118245,0.0,0.0
2025-10-29 10:00:00-04:00,6950.75,6952.0,6932.5,6938.0,158544,0.0,0.0
2025-10-29 11:00:00-04:00,6938.25,6942.75,6932.75,6934.75,127916,0.0,0.0
2025-10-29 12:00:00-04:00,6934.75,6942.5,6929.75,6940.0,104886,0.0,0.0
2025-10-29 13:00:00-04:00,6939.75,6942.5,6930.5,6935.0,73457,0.0,0.0
2025-10-29 14:00:00-04:00,6935.5,6944.5,6882.25,6914.75,365302,0.0,0.0
2025-10-29 15:00:00-04:00,6914.75,6928.75,6895.0,6928.0,288883,0.0,0.0
2025-10-29 16:00:00-04:00,6928.0,6945.25,6905.5,6918.0,97780,0.0,0.0
2025-10-29 18:00:00-04:00,6906.5,6922.25,6902.5,6913.0,0,0.0,0.0
2025-10-29 19:00:00-04:00,6912.75,6924.75,6908.25,6922.25,8534,0.0,0.0
2025-10-29 20:00:00-04:00,6922.5,6940.0,6922.25,6933.0,11482,0.0,0.0
2025-10-29 21:00:00-04:00,6933.25,6939.25,6926.25,6935.75,9720,0.0,0.0
2025-10-29 22:00:00-04:00,6936.0,6948.75,6935.5,6944.25,10282,0.0,0.0
2025-10-29 23:00:00-04:00,6944.0,6953.75,6944.0,6946.5,9376,0.0,0.0
2025-10-30 00:00:00-04:00,6935.5,6938.25,6901.0,6914.25,57724,0.0,0.0
2025-10-30 01:00:00-04:00,6914.25,6939.0,6912.25,6929.75,12949,0.0,0.0
2025-10-30 02:00:00-04:00,6929.75,6930.25,6916.0,6919.25,10862,0.0,0.0
2025-10-30 03:00:00-04:00,6919.5,6932.75,6911.75,6927.25,15366,0.0,0.0
2025-10-30 04:00:00-04:00,6927.0,6929.5,6916.0,6922.0,14098,0.0,0.0
2025-10-30 05:00:00-04:00,6922.0,6925.75,6905.75,6908.25,13411,0.0,0.0
2025-10-30 06:00:00-04:00,6908.5,6920.25,6906.75,6918.0,12108,0.0,0.0
2025-10-30 07:00:00-04:00,6918.25,6929.75,6916.5,6921.75,16166,0.0,0.0
2025-10-30 08:00:00-04:00,6921.75,6924.75,6890.5,6891.0,64732,0.0,0.0
2025-10-30 09:00:00-04:00,6890.75,6910.75,6867.75,6904.25,254431,0.0,0.0
2025-10-30 10:00:00-04:00,6904.0,6913.75,6886.25,6898.25,273723,0.0,0.0
2025-10-30 11:00:00-04:00,6898.25,6909.5,6883.75,6887.75,161395,0.0,0.0
2025-10-30 12:00:00-04:00,6887.75,6905.75,6886.0,6898.25,122930,0.0,0.0
2025-10-30 13:00:00-04:00,6898.25,6900.5,6884.0,6898.25,115769,0.0,0.0
2025-10-30 14:00:00-04:00,6898.0,6898.25,6875.25,6877.5,146381,0.0,0.0
2025-10-30 15:00:00-04:00,6877.25,6878.25,6852.5,6853.75,296989,0.0,0.0
2025-10-30 16:00:00-04:00,6853.75,6896.5,6851.0,6894.0,113823,0.0,0.0
2025-10-30 18:00:00-04:00,6897.0,6900.0,6890.75,6893.25,0,0.0,0.0
2025-10-30 19:00:00-04:00,6893.5,6899.25,6888.0,6898.5,8030,0.0,0.0
2025-10-30 20:00:00-04:00,6898.75,6903.25,6889.25,6901.0,10100,0.0,0.0
2025-10-30 21:00:00-04:00,6900.75,6904.0,6895.5,6903.25,7187,0.0,0.0
2025-10-30 22:00:00-04:00,6903.25,6904.5,6893.25,6897.0,6718,0.0,0.0
2025-10-30 23:00:00-04:00,6896.75,6900.5,6893.0,6900.25,7736,0.0,0.0
2025-10-31 00:00:00-04:00,6901.75,6903.0,6899.75,6901.0,4182,0.0,0.0
2025-10-31 01:00:00-04:00,6900.75,6901.25,6894.0,6895.25,5166,0.0,0.0
2025-10-31 02:00:00-04:00,6895.0,6902.5,6894.25,6895.75,8222,0.0,0.0
2025-10-31 03:00:00-04:00,6896.0,6906.25,6893.0,6905.75,7600,0.0,0.0
2025-10-31 04:00:00-04:00,6906.0,6906.0,6896.25,6903.25,12275,0.0,0.0
2025-10-31 05:00:00-04:00,6903.5,6906.0,6898.75,6899.75,8127,0.0,0.0
2025-10-31 06:00:00-04:00,6900.0,6900.75,6893.25,6898.0,8652,0.0,0.0
2025-10-31 07:00:00-04:00,6898.0,6911.5,6894.75,6907.75,18936,0.0,0.0
2025-10-31 08:00:00-04:00,6907.5,6918.5,6901.75,6905.75,45223,0.0,0.0
2025-10-31 09:00:00-04:00,6905.75,6906.25,6880.0,6886.25,182441,0.0,0.0
2025-10-31 10:00:00-04:00,6886.25,6899.5,6873.75,6896.5,198880,0.0,0.0
2025-10-31 11:00:00-04:00,6896.5,6899.5,6872.5,6873.5,209259,0.0,0.0
2025-10-31 12:00:00-04:00,6873.75,6876.25,6852.5,6855.0,199989,0.0,0.0
2025-10-31 13:00:00-04:00,6855.0,6866.5,6843.5,6860.5,181507,0.0,0.0
2025-10-31 14:00:00-04:00,6860.25,6879.25,6859.5,6878.0,133682,0.0,0.0
2025-10-31 15:00:00-04:00,6878.0,6900.0,6871.75,6872.25,333007,0.0,0.0
2025-10-31 16:00:00-04:00,6872.0,6874.75,6866.75,6874.0,80598,0.0,0.0
2025-11-02 18:00:00-05:00,6889.0,6895.0,6887.25,6892.5,8451,0.0,0.0
2025-11-02 19:00:00-05:00,6892.5,6898.5,6874.0,6898.25,7664,0.0,0.0
2025-11-02 20:00:00-05:00,6898.25,6899.25,6891.25,6891.5,8709,0.0,0.0
2025-11-02 21:00:00-05:00,6891.5,6896.0,6887.25,6888.5,8160,0.0,0.0
2025-11-02 22:00:00-05:00,6888.5,6889.0,6880.75,6886.25,7641,0.0,0.0
2025-11-02 23:00:00-05:00,6886.0,6888.0,6883.75,6886.5,3626,0.0,0.0
2025-11-03 00:00:00-05:00,6887.0,6888.75,6882.0,6884.75,4876,0.0,0.0
2025-11-03 01:00:00-05:00,6885.0,6888.0,6877.75,6880.5,5940,0.0,0.0
2025-11-03 02:00:00-05:00,6880.25,6880.5,6873.75,6876.0,7077,0.0,0.0
2025-11-03 03:00:00-05:00,6876.0,6889.5,6873.25,6887.25,11369,0.0,0.0
2025-11-03 04:00:00-05:00,6887.25,6902.25,6887.0,6894.75,14474,0.0,0.0
2025-11-03 05:00:00-05:00,6895.0,6900.75,6893.25,6895.75,9188,0.0,0.0
2025-11-03 06:00:00-05:00,6895.75,6903.0,6895.75,6896.0,9425,0.0,0.0
2025-11-03 07:00:00-05:00,6896.25,6900.25,6891.5,6891.75,11106,0.0,0.0
2025-11-03 08:00:00-05:00,6891.5,6897.25,6885.75,6896.5,21327,0.0,0.0
2025-11-03 09:00:00-05:00,6896.75,6909.5,6872.25,6875.75,182980,0.0,0.0
2025-11-03 10:00:00-05:00,6876.25,6880.5,6849.5,6874.25,275839,0.0,0.0
2025-11-03 11:00:00-05:00,6874.25,6886.75,6868.75,6884.75,158309,0.0,0.0
2025-11-03 12:00:00-05:00,6884.75,6890.5,6874.75,6889.25,127918,0.0,0.0
2025-11-03 13:00:00-05:00,6889.25,6893.25,6885.0,6886.75,84133,0.0,0.0
2025-11-03 14:00:00-05:00,6886.75,6889.5,6876.5,6885.0,116251,0.0,0.0
2025-11-03 15:00:00-05:00,6885.0,6887.5,6875.75,6885.5,171974,0.0,0.0
2025-11-03 16:00:00-05:00,6885.25,6892.5,6882.25,6884.0,43923,0.0,0.0
2025-11-03 18:00:00-05:00,6884.0,6884.0,6874.75,6876.25,0,0.0,0.0
2025-11-03 19:00:00-05:00,6876.25,6876.25,6862.5,6869.25,13012,0.0,0.0
2025-11-03 20:00:00-05:00,6869.5,6871.25,6862.0,6866.0,9071,0.0,0.0
2025-11-03 21:00:00-05:00,6866.0,6866.25,6853.0,6853.0,13051,0.0,0.0
2025-11-03 22:00:00-05:00,6853.0,6862.0,6852.25,6852.5,10334,0.0,0.0
2025-11-03 23:00:00-05:00,6852.75,6854.75,6846.0,6850.0,9999,0.0,0.0
2025-11-04 00:00:00-05:00,6848.5,6849.0,6826.5,6830.0,18374,0.0,0.0
2025-11-04 01:00:00-05:00,6830.0,6830.5,6814.75,6820.5,25769,0.0,0.0
2025-11-04 02:00:00-05:00,6820.5,6824.5,6811.75,6821.5,19497,0.0,0.0
2025-11-04 03:00:00-05:00,6821.75,6821.75,6806.5,6814.25,25053,0.0,0.0
2025-11-04 04:00:00-05:00,6814.5,6818.75,6791.5,6792.75,29722,0.0,0.0
2025-11-04 05:00:00-05:00,6792.75,6815.25,6786.25,6813.5,29432,0.0,0.0
2025-11-04 06:00:00-05:00,6813.5,6817.75,6810.75,6812.75,19725,0.0,0.0
2025-11-04 07:00:00-05:00,6813.0,6820.5,6805.0,6814.5,26950,0.0,0.0
2025-11-04 08:00:00-05:00,6814.25,6816.5,6802.25,6809.0,35208,0.0,0.0
2025-11-04 09:00:00-05:00,6808.75,6837.75,6795.75,6836.5,227352,0.0,0.0
2025-11-04 10:00:00-05:00,6836.25,6849.25,6825.75,6831.25,213931,0.0,0.0
2025-11-04 11:00:00-05:00,6831.25,6838.0,6824.0,6831.5,167312,0.0,0.0
2025-11-04 12:00:00-05:00,6831.75,6831.75,6806.0,6809.25,177258,0.0,0.0
2025-11-04 13:00:00-05:00,6809.25,6813.25,6796.25,6810.5,140113,0.0,0.0
2025-11-04 14:00:00-05:00,6810.25,6816.0,6794.75,6801.25,130761,0.0,0.0
2025-11-04 15:00:00-05:00,6801.25,6815.0,6795.75,6803.5,221304,0.0,0.0
2025-11-04 16:00:00-05:00,6803.5,6808.0,6796.75,6806.25,59902,0.0,0.0
2025-11-04 18:00:00-05:00,6801.0,6806.5,6793.0,6793.25,0,0.0,0.0
2025-11-04 19:00:00-05:00,6793.5,6793.5,6773.0,6773.25,22724,0.0,0.0
2025-11-04 20:00:00-05:00,6773.5,6773.5,6748.5,6760.0,39799,0.0,0.0
2025-11-04 21:00:00-05:00,6760.0,6777.0,6752.75,6775.25,21210,0.0,0.0
2025-11-04 22:00:00-05:00,6775.5,6795.25,6775.25,6795.0,19183,0.0,0.0
2025-11-04 23:00:00-05:00,6795.25,6795.75,6782.75,6786.25,9526,0.0,0.0
2025-11-05 00:00:00-05:00,6792.5,6798.75,6784.5,6789.0,10141,0.0,0.0
2025-11-05 01:00:00-05:00,6789.0,6801.25,6783.25,6797.75,10239,0.0,0.0
2025-11-05 02:00:00-05:00,6797.75,6798.75,6786.25,6787.0,9357,0.0,0.0
2025-11-05 03:00:00-05:00,6787.0,6800.5,6782.0,6795.0,16500,0.0,0.0
2025-11-05 04:00:00-05:00,6795.0,6801.25,6787.75,6794.0,13549,0.0,0.0
2025-11-05 05:00:00-05:00,6793.75,6798.75,6773.25,6773.5,16081,0.0,0.0
2025-11-05 06:00:00-05:00,6773.5,6789.0,6771.75,6787.0,14550,0.0,0.0
2025-11-05 07:00:00-05:00,6787.25,6796.5,6782.0,6795.25,18418,0.0,0.0
2025-11-05 08:00:00-05:00,6795.5,6807.75,6790.5,6805.5,36580,0.0,0.0
2025-11-05 09:00:00-05:00,6805.5,6824.5,6789.75,6822.0,173746,0.0,0.0
2025-11-05 10:00:00-05:00,6821.75,6831.25,6809.5,6827.0,234522,0.0,0.0
2025-11-05 11:00:00-05:00,6827.25,6846.5,6816.0,6842.5,161202,0.0,0.0
2025-11-05 12:00:00-05:00,6842.5,6857.75,6839.0,6851.0,116562,0.0,0.0
2025-11-05 13:00:00-05:00,6851.0,6857.5,6849.0,6855.5,75860,0.0,0.0
2025-11-05 14:00:00-05:00,6855.25,6855.25,6846.25,6851.25,78626,0.0,0.0
2025-11-05 15:00:00-05:00,6851.25,6854.5,6823.0,6824.0,220676,0.0,0.0
2025-11-05 16:00:00-05:00,6824.25,6830.75,6820.0,6827.5,74154,0.0,0.0
2025-11-05 18:00:00-05:00,6828.5,6835.0,6820.75,6834.75,0,0.0,0.0
2025-11-05 19:00:00-05:00,6834.75,6835.0,6810.5,6821.0,12859,0.0,0.0
2025-11-05 20:00:00-05:00,6820.75,6820.75,6805.5,6815.0,13955,0.0,0.0
2025-11-05 21:00:00-05:00,6815.25,6823.0,6808.0,6822.25,9008,0.0,0.0
2025-11-05 22:00:00-05:00,6822.0,6826.0,6819.25,6823.25,6673,0.0,0.0
2025-11-05 23:00:00-05:00,6823.0,6827.5,6820.0,6826.5,4201,0.0,0.0
2025-11-06 00:00:00-05:00,6824.5,6826.0,6816.5,6818.0,5278,0.0,0.0
2025-11-06 01:00:00-05:00,6817.75,6821.25,6813.5,6815.25,6485,0.0,0.0
2025-11-06 02:00:00-05:00,6815.25,6821.75,6807.75,6808.5,8450,0.0,0.0
2025-11-06 03:00:00-05:00,6808.5,6814.75,6804.0,6812.75,14348,0.0,0.0
2025-11-06 04:00:00-05:00,6812.75,6827.5,6812.25,6823.75,11866,0.0,0.0
2025-11-06 05:00:00-05:00,6824.0,6833.25,6822.75,6829.0,7688,0.0,0.0
2025-11-06 06:00:00-05:00,6829.0,6834.0,6827.0,6828.5,8179,0.0,0.0
2025-11-06 07:00:00-05:00,6828.25,6838.25,6828.0,6836.25,12515,0.0,0.0
2025-11-06 08:00:00-05:00,6836.0,6843.5,6831.0,6832.0,18415,0.0,0.0
2025-11-06 09:00:00-05:00,6831.75,6834.25,6788.0,6788.5,227182,0.0,0.0
2025-11-06 10:00:00-05:00,6788.5,6800.75,6754.25,6756.25,361846,0.0,0.0
2025-11-06 11:00:00-05:00,6756.0,6766.75,6736.75,6738.75,254968,0.0,0.0
2025-11-06 12:00:00-05:00,6738.75,6762.5,6733.5,6757.75,187761,0.0,0.0
2025-11-06 13:00:00-05:00,6757.75,6769.0,6738.0,6762.0,149942,0.0,0.0
2025-11-06 14:00:00-05:00,6762.25,6784.5,6759.5,6777.0,149529,0.0,0.0
2025-11-06 15:00:00-05:00,6776.75,6780.75,6742.5,6750.5,237700,0.0,0.0
2025-11-06 16:00:00-05:00,6750.25,6767.5,6748.75,6764.75,57002,0.0,0.0
2025-11-06 18:00:00-05:00,6763.0,6769.25,6756.0,6765.0,0,0.0,0.0
2025-11-06 19:00:00-05:00,6765.0,6772.0,6757.5,6766.5,12745,0.0,0.0
2025-11-06 20:00:00-05:00,6766.5,6767.25,6742.5,6755.0,20545,0.0,0.0
2025-11-06 21:00:00-05:00,6755.25,6755.75,6742.75,6753.5,13101,0.0,0.0
2025-11-06 22:00:00-05:00,6753.5,6755.25,6739.25,6744.5,11413,0.0,0.0
2025-11-06 23:00:00-05:00,6744.5,6751.5,6732.0,6750.0,10502,0.0,0.0
2025-11-07 00:00:00-05:00,6757.0,6764.75,6755.25,6764.25,9409,0.0,0.0
2025-11-07 01:00:00-05:00,6764.5,6766.0,6760.25,6763.75,6909,0.0,0.0
2025-11-07 02:00:00-05:00,6763.75,6769.5,6761.0,6767.0,8566,0.0,0.0
2025-11-07 03:00:00-05:00,6767.0,6770.75,6755.0,6762.5,16832,0.0,0.0
2025-11-07 04:00:00-05:00,6762.25,6766.25,6748.25,6752.0,15337,0.0,0.0
2025-11-07 05:00:00-05:00,6752.0,6756.0,6737.25,6744.0,15117,0.0,0.0
2025-11-07 06:00:00-05:00,6744.0,6744.25,6715.75,6738.25,34599,0.0,0.0
2025-11-07 07:00:00-05:00,6738.0,6739.25,6712.25,6717.75,30998,0.0,0.0
2025-11-07 08:00:00-05:00,6717.75,6730.5,6713.0,6723.25,48051,0.0,0.0
2025-11-07 09:00:00-05:00,6723.25,6725.5,6687.25,6706.0,246227,0.0,0.0
2025-11-07 10:00:00-05:00,6706.5,6716.25,6676.25,6677.25,329451,0.0,0.0
2025-11-07 11:00:00-05:00,6677.0,6684.0,6657.0,6663.25,235070,0.0,0.0
2025-11-07 12:00:00-05:00,6663.25,6686.5,6655.5,6683.25,206632,0.0,0.0
2025-11-07 13:00:00-05:00,6683.0,6705.0,6679.75,6700.25,197613,0.0,0.0
2025-11-07 14:00:00-05:00,6700.0,6744.0,6696.0,6743.5,211718,0.0,0.0
2025-11-07 15:00:00-05:00,6743.25,6755.5,6723.25,6753.5,288795,0.0,0.0
2025-11-07 16:00:00-05:00,6753.5,6765.75,6753.25,6753.75,64052,0.0,0.0
2025-11-09 18:00:00-05:00,6785.5,6789.5,6753.75,6785.25,10903,0.0,0.0
2025-11-09 19:00:00-05:00,6785.0,6787.5,6772.0,6783.5,17742,0.0,0.0
2025-11-09 20:00:00-05:00,6783.25,6798.0,6782.75,6797.25,19731,0.0,0.0
2025-11-09 21:00:00-05:00,6797.0,6799.75,6793.25,6796.75,8952,0.0,0.0
2025-11-09 22:00:00-05:00,6796.5,6804.0,6796.5,6798.75,9511,0.0,0.0
2025-11-09 23:00:00-05:00,6798.5,6803.75,6798.5,6802.0,6808,0.0,0.0
2025-11-10 00:00:00-05:00,6801.0,6806.25,6800.75,6803.5,10149,0.0,0.0
2025-11-10 01:00:00-05:00,6803.5,6807.25,6799.5,6800.0,9653,0.0,0.0
2025-11-10 02:00:00-05:00,6800.0,6804.25,6798.5,6802.25,11246,0.0,0.0
2025-11-10 03:00:00-05:00,6802.5,6812.25,6796.25,6811.75,22385,0.0,0.0
2025-11-10 04:00:00-05:00,6812.0,6823.5,6810.75,6819.25,20007,0.0,0.0
2025-11-10 05:00:00-05:00,6819.5,6821.75,6815.75,6817.0,9595,0.0,0.0
2025-11-10 06:00:00-05:00,6817.25,6819.75,6811.0,6819.75,10924,0.0,0.0
2025-11-10 07:00:00-05:00,6819.75,6821.25,6811.0,6815.0,14905,0.0,0.0
2025-11-10 08:00:00-05:00,6815.0,6820.75,6813.25,6819.75,19791,0.0,0.0
2025-11-10 09:00:00-05:00,6819.75,6835.5,6812.75,6829.0,192479,0.0,0.0
2025-11-10 10:00:00-05:00,6828.75,6835.75,6804.5,6805.5,235878,0.0,0.0
2025-11-10 11:00:00-05:00,6805.5,6811.0,6792.75,6809.0,218571,0.0,0.0
2025-11-10 12:00:00-05:00,6809.25,6840.75,6807.25,6837.75,149600,0.0,0.0
2025-11-10 13:00:00-05:00,6837.75,6849.0,6836.75,6842.25,114713,0.0,0.0
2025-11-10 14:00:00-05:00,6842.5,6860.5,6842.0,6856.5,103389,0.0,0.0
2025-11-10 15:00:00-05:00,6856.5,6865.75,6854.0,6857.0,248575,0.0,0.0
2025-11-10 16:00:00-05:00,6857.0,6864.0,6855.75,6857.75,54016,0.0,0.0
2025-11-10 18:00:00-05:00,6857.25,6862.75,6854.25,6862.25,0,0.0,0.0
2025-11-10 19:00:00-05:00,6862.25,6867.0,6858.5,6860.5,8037,0.0,0.0
2025-11-10 20:00:00-05:00,6860.5,6865.0,6859.25,6861.0,6765,0.0,0.0
2025-11-10 21:00:00-05:00,6860.75,6864.0,6857.0,6860.25,6609,0.0,0.0
2025-11-10 22:00:00-05:00,6860.25,6862.75,6857.5,6861.5,4303,0.0,0.0
2025-11-10 23:00:00-05:00,6861.75,6862.0,6852.25,6852.25,6146,0.0,0.0
2025-11-11 00:00:00-05:00,6850.25,6852.75,6847.5,6847.75,9954,0.0,0.0
2025-11-11 01:00:00-05:00,6847.5,6856.75,6847.25,6852.0,6502,0.0,0.0
2025-11-11 02:00:00-05:00,6852.25,6853.75,6845.25,6845.75,7045,0.0,0.0
2025-11-11 03:00:00-05:00,6845.75,6850.75,6842.25,6843.25,11608,0.0,0.0
2025-11-11 04:00:00-05:00,6843.5,6847.25,6839.25,6840.25,12026,0.0,0.0
2025-11-11 05:00:00-05:00,6840.25,6845.25,6839.0,6843.0,7576,0.0,0.0
2025-11-11 06:00:00-05:00,6843.25,6847.25,6842.0,6844.5,8006,0.0,0.0
2025-11-11 07:00:00-05:00,6844.5,6847.25,6838.0,6839.5,12818,0.0,0.0
2025-11-11 08:00:00-05:00,6839.75,6845.5,6835.75,6841.25,23356,0.0,0.0
2025-11-11 09:00:00-05:00,6841.0,6852.0,6837.5,6850.5,139991,0.0,0.0
2025-11-11 10:00:00-05:00,6850.5,6850.5,6830.5,6834.75,217661,0.0,0.0
2025-11-11 11:00:00-05:00,6834.5,6851.0,6830.75,6841.0,185650,0.0,0.0
2025-11-11 12:00:00-05:00,6841.0,6866.25,6840.25,6864.75,147580,0.0,0.0
2025-11-11 13:00:00-05:00,6864.75,6876.75,6864.0,6875.75,143386,0.0,0.0
2025-11-11 14:00:00-05:00,6875.75,6878.0,6868.25,6875.0,97816,0.0,0.0
2025-11-11 15:00:00-05:00,6875.0,6879.75,6866.75,6872.75,182726,0.0,0.0
2025-11-11 16:00:00-05:00,6872.75,6880.0,6869.25,6874.0,51678,0.0,0.0
2025-11-11 18:00:00-05:00,6874.0,6876.0,6868.0,6871.25,0,0.0,0.0
2025-11-11 19:00:00-05:00,6871.5,6880.0,6870.75,6877.0,8263,0.0,0.0
2025-11-11 20:00:00-05:00,6877.25,6885.5,6876.25,6884.0,11034,0.0,0.0
2025-11-11 21:00:00-05:00,6884.25,6889.25,6880.0,6882.25,9302,0.0,0.0
2025-11-11 22:00:00-05:00,6882.5,6883.75,6879.25,6882.75,5500,0.0,0.0
2025-11-11 23:00:00-05:00,6882.5,6883.25,6877.25,6880.5,5404,0.0,0.0
2025-11-12 00:00:00-05:00,6882.5,6888.25,6881.5,6886.0,4984,0.0,0.0
2025-11-12 01:00:00-05:00,6885.75,6891.0,6885.5,6889.75,5275,0.0,0.0
2025-11-12 02:00:00-05:00,6890.0,6898.0,6890.0,6892.0,9047,0.0,0.0
2025-11-12 03:00:00-05:00,6892.0,6897.75,6889.25,6893.25,11280,0.0,0.0
2025-11-12 04:00:00-05:00,6893.25,6900.5,6890.0,6898.25,12806,0.0,0.0
2025-11-12 05:00:00-05:00,6898.25,6900.5,6889.75,6893.75,9655,0.0,0.0
2025-11-12 06:00:00-05:00,6893.75,6895.5,6882.75,6885.25,11109,0.0,0.0
2025-11-12 07:00:00-05:00,6885.25,6898.5,6882.0,6896.25,18756,0.0,0.0
2025-11-12 08:00:00-05:00,6896.0,6898.5,6893.75,6895.25,13553,0.0,0.0
2025-11-12 09:00:00-05:00,6895.25,6895.5,6873.75,6880.0,147448,0.0,0.0
2025-11-12 10:00:00-05:00,6880.0,6885.25,6860.75,6866.25,225785,0.0,0.0
2025-11-12 11:00:00-05:00,6866.5,6872.75,6852.0,6860.25,204828,0.0,0.0
2025-11-12 12:00:00-05:00,6860.25,6881.25,6858.0,6879.25,161351,0.0,0.0
2025-11-12 13:00:00-05:00,6879.0,6884.25,6873.0,6878.75,112503,0.0,0.0
2025-11-12 14:00:00-05:00,6878.75,6880.5,6865.0,6870.5,120444,0.0,0.0
2025-11-12 15:00:00-05:00,6870.5,6884.0,6863.5,6876.0,185590,0.0,0.0
2025-11-12 16:00:00-05:00,6876.0,6881.0,6872.75,6873.25,48672,0.0,0.0
2025-11-12 18:00:00-05:00,6873.25,6875.0,6851.25,6858.25,0,0.0,0.0
2025-11-12 19:00:00-05:00,6858.5,6869.25,6858.25,6863.75,11463,0.0,0.0
2025-11-12 20:00:00-05:00,6863.75,6889.5,6862.25,6884.25,25796,0.0,0.0
2025-11-12 21:00:00-05:00,6884.25,6886.25,6876.5,6878.75,7931,0.0,0.0
2025-11-12 22:00:00-05:00,6879.0,6886.5,6874.75,6883.25,6745,0.0,0.0
2025-11-12 23:00:00-05:00,6883.0,6887.5,6880.75,6887.0,3911,0.0,0.0
2025-11-13 00:00:00-05:00,6888.0,6890.25,6887.0,6887.75,4214,0.0,0.0
2025-11-13 01:00:00-05:00,6887.5,6892.5,6886.0,6889.75,4059,0.0,0.0
2025-11-13 02:00:00-05:00,6889.75,6892.5,6882.5,6883.25,6581,0.0,0.0
2025-11-13 03:00:00-05:00,6883.0,6886.25,6878.25,6884.0,10543,0.0,0.0
2025-11-13 04:00:00-05:00,6884.0,6885.0,6859.25,6865.5,18833,0.0,0.0
2025-11-13 05:00:00-05:00,6865.5,6876.0,6864.5,6870.25,11146,0.0,0.0
2025-11-13 06:00:00-05:00,6870.25,6875.25,6858.75,6867.5,13805,0.0,0.0
2025-11-13 07:00:00-05:00,6867.5,6872.5,6860.0,6865.75,11099,0.0,0.0
2025-11-13 08:00:00-05:00,6865.75,6866.75,6849.25,6851.25,29838,0.0,0.0
2025-11-13 09:00:00-05:00,6851.25,6853.5,6817.0,6829.5,217368,0.0,0.0
2025-11-13 10:00:00-05:00,6829.5,6850.5,6794.5,6805.75,322324,0.0,0.0
2025-11-13 11:00:00-05:00,6806.0,6809.25,6783.25,6793.0,272225,0.0,0.0
2025-11-13 12:00:00-05:00,6793.0,6806.0,6780.75,6782.5,208823,0.0,0.0
2025-11-13 13:00:00-05:00,6782.5,6788.75,6756.0,6767.75,213546,0.0,0.0
2025-11-13 14:00:00-05:00,6767.75,6777.5,6746.0,6758.0,213620,0.0,0.0
2025-11-13 15:00:00-05:00,6758.0,6771.5,6746.0,6762.0,309765,0.0,0.0
2025-11-13 16:00:00-05:00,6762.0,6778.5,6761.0,6762.5,62475,0.0,0.0
2025-11-13 18:00:00-05:00,6762.75,6775.0,6762.75,6767.0,0,0.0,0.0
2025-11-13 19:00:00-05:00,6766.75,6774.25,6764.75,6766.75,10580,0.0,0.0
2025-11-13 20:00:00-05:00,6766.75,6774.0,6765.0,6768.5,9757,0.0,0.0
2025-11-13 21:00:00-05:00,6768.75,6774.75,6768.5,6771.0,7737,0.0,0.0
2025-11-13 22:00:00-05:00,6771.0,6772.5,6761.5,6766.5,8278,0.0,0.0
2025-11-13 23:00:00-05:00,6766.5,6768.0,6751.75,6752.25,12753,0.0,0.0
2025-11-14 00:00:00-05:00,6752.0,6767.75,6743.75,6764.0,15312,0.0,0.0
2025-11-14 01:00:00-05:00,6763.75,6764.25,6745.75,6757.75,11861,0.0,0.0
2025-11-14 02:00:00-05:00,6757.5,6758.0,6733.25,6746.0,23285,0.0,0.0
2025-11-14 03:00:00-05:00,6746.0,6747.75,6728.25,6744.75,34113,0.0,0.0
2025-11-14 04:00:00-05:00,6744.75,6754.75,6735.5,6738.25,21302,0.0,0.0
2025-11-14 05:00:00-05:00,6738.0,6748.5,6735.75,6739.0,11990,0.0,0.0
2025-11-14 06:00:00-05:00,6738.75,6738.75,6704.25,6714.5,33800,0.0,0.0
2025-11-14 07:00:00-05:00,6714.75,6715.0,6684.25,6695.25,52041,0.0,0.0
2025-11-14 08:00:00-05:00,6695.0,6700.5,6677.75,6692.0,64755,0.0,0.0
2025-11-14 09:00:00-05:00,6692.25,6726.5,6670.5,6725.0,301594,0.0,0.0
2025-11-14 10:00:00-05:00,6725.0,6766.75,6707.25,6761.0,375140,0.0,0.0
2025-11-14 11:00:00-05:00,6760.75,6788.75,6747.25,6786.0,225662,0.0,0.0
2025-11-14 12:00:00-05:00,6785.75,6795.5,6770.0,6779.25,172760,0.0,0.0
2025-11-14 13:00:00-05:00,6779.25,6782.25,6753.5,6771.25,196296,0.0,0.0
2025-11-14 14:00:00-05:00,6771.0,6787.5,6761.25,6785.0,136205,0.0,0.0
2025-11-14 15:00:00-05:00,6785.0,6789.75,6750.0,6758.25,235681,0.0,0.0
2025-11-14 16:00:00-05:00,6758.0,6769.25,6750.75,6755.25,57799,0.0,0.0
2025-11-16 18:00:00-05:00,6749.75,6770.5,6747.5,6766.75,10118,0.0,0.0
2025-11-16 19:00:00-05:00,6766.5,6778.75,6755.75,6776.0,15423,0.0,0.0
2025-11-16 20:00:00-05:00,6776.25,6780.25,6770.0,6770.75,11515,0.0,0.0
2025-11-16 21:00:00-05:00,6770.75,6782.0,6770.0,6781.0,8023,0.0,0.0
2025-11-16 22:00:00-05:00,6780.75,6785.0,6779.25,6784.0,5606,0.0,0.0
2025-11-16 23:00:00-05:00,6784.0,6787.75,6782.75,6786.0,5319,0.0,0.0
2025-11-17 00:00:00-05:00,6786.0,6788.25,6780.0,6780.75,6241,0.0,0.0
2025-11-17 01:00:00-05:00,6780.75,6785.5,6778.25,6779.5,6986,0.0,0.0
2025-11-17 02:00:00-05:00,6779.5,6795.25,6778.5,6792.5,9464,0.0,0.0
2025-11-17 03:00:00-05:00,6792.25,6801.5,6790.25,6799.25,13162,0.0,0.0
2025-11-17 04:00:00-05:00,6799.0,6800.5,6783.25,6787.5,13519,0.0,0.0
2025-11-17 05:00:00-05:00,6787.25,6787.75,6764.25,6769.0,14735,0.0,0.0
2025-11-17 06:00:00-05:00,6769.0,6779.25,6764.25,6771.75,12597,0.0,0.0
2025-11-17 07:00:00-05:00,6771.75,6771.75,6755.75,6759.0,18084,0.0,0.0
2025-11-17 08:00:00-05:00,6759.0,6760.25,6734.5,6747.5,32921,0.0,0.0
2025-11-17 09:00:00-05:00,6747.5,6774.75,6726.5,6765.0,187965,0.0,0.0
2025-11-17 10:00:00-05:00,6765.25,6769.5,6738.25,6744.5,239497,0.0,0.0
2025-11-17 11:00:00-05:00,6744.5,6767.25,6714.75,6767.0,230995,0.0,0.0
2025-11-17 12:00:00-05:00,6767.0,6767.5,6728.75,6729.5,148834,0.0,0.0
2025-11-17 13:00:00-05:00,6729.5,6736.25,6702.0,6702.75,198630,0.0,0.0
2025-11-17 14:00:00-05:00,6702.75,6706.25,6663.75,6664.5,235735,0.0,0.0
2025-11-17 15:00:00-05:00,6664.25,6694.75,6658.5,6693.5,332096,0.0,0.0
2025-11-17 16:00:00-05:00,6693.5,6701.0,6692.0,6697.25,60438,0.0,0.0
2025-11-17 18:00:00-05:00,6696.5,6706.25,6693.25,6701.5,0,0.0,0.0
2025-11-17 19:00:00-05:00,6701.5,6704.5,6685.0,6689.75,14822,0.0,0.0
2025-11-17 20:00:00-05:00,6689.75,6708.75,6688.75,6704.0,14362,0.0,0.0
2025-11-17 21:00:00-05:00,6704.0,6707.75,6686.5,6686.75,12871,0.0,0.0
2025-11-17 22:00:00-05:00,6686.5,6687.25,6672.5,6675.25,21083,0.0,0.0
2025-11-17 23:00:00-05:00,6675.25,6675.25,6638.75,6662.0,36589,0.0,0.0
2025-11-18 00:00:00-05:00,6664.0,6667.75,6656.0,6656.25,16438,0.0,0.0
2025-11-18 01:00:00-05:00,6656.5,6663.75,6643.0,6646.5,17471,0.0,0.0
2025-11-18 02:00:00-05:00,6646.75,6662.75,6635.5,6655.0,21929,0.0,0.0
2025-11-18 03:00:00-05:00,6655.25,6685.75,6654.25,6674.25,29809,0.0,0.0
2025-11-18 04:00:00-05:00,6674.25,6684.5,6667.5,6680.75,16605,0.0,0.0
2025-11-18 05:00:00-05:00,6680.5,6682.25,6670.5,6680.25,10241,0.0,0.0
2025-11-18 06:00:00-05:00,6679.75,6681.75,6665.25,6675.0,15040,0.0,0.0
2025-11-18 07:00:00-05:00,6674.75,6675.0,6643.25,6650.5,29519,0.0,0.0
2025-11-18 08:00:00-05:00,6650.75,6668.0,6650.5,6661.75,35766,0.0,0.0
2025-11-18 09:00:00-05:00,6661.5,6679.0,6621.5,6622.0,285627,0.0,0.0
2025-11-18 10:00:00-05:00,6622.0,6638.75,6603.25,6607.5,468181,0.0,0.0
2025-11-18 11:00:00-05:00,6607.5,6659.75,6594.0,6647.25,325836,0.0,0.0
2025-11-18 12:00:00-05:00,6647.25,6679.75,6614.75,6672.75,254596,0.0,0.0
2025-11-18 13:00:00-05:00,6673.0,6687.5,6663.0,6666.25,212721,0.0,0.0
2025-11-18 14:00:00-05:00,6666.25,6685.5,6660.25,6680.0,207966,0.0,0.0
2025-11-18 15:00:00-05:00,6680.0,6685.5,6636.5,6637.75,322202,0.0,0.0
2025-11-18 16:00:00-05:00,6637.75,6638.5,6624.75,6627.75,79343,0.0,0.0
2025-11-18 18:00:00-05:00,6630.75,6647.5,6629.5,6641.75,0,0.0,0.0
2025-11-18 19:00:00-05:00,6641.75,6643.75,6622.5,6635.75,16031,0.0,0.0
2025-11-18 20:00:00-05:00,6635.75,6647.5,6627.5,6633.75,15691,0.0,0.0
2025-11-18 21:00:00-05:00,6634.0,6652.25,6634.0,6650.5,11802,0.0,0.0
2025-11-18 22:00:00-05:00,6650.75,6652.5,6629.75,6630.75,9339,0.0,0.0
2025-11-18 23:00:00-05:00,6630.75,6634.5,6621.5,6627.75,10766,0.0,0.0
2025-11-19 00:00:00-05:00,6629.25,6634.0,6613.25,6630.5,12406,0.0,0.0
2025-11-19 01:00:00-05:00,6630.25,6636.5,6626.75,6634.25,7965,0.0,0.0
2025-11-19 02:00:00-05:00,6634.0,6647.75,6630.25,6644.75,12569,0.0,0.0
2025-11-19 03:00:00-05:00,6644.5,6652.5,6636.0,6639.25,19411,0.0,0.0
2025-11-19 04:00:00-05:00,6639.0,6659.0,6634.75,6658.0,15778,0.0,0.0
2025-11-19 05:00:00-05:00,6658.25,6664.75,6655.25,6663.5,12992,0.0,0.0
2025-11-19 06:00:00-05:00,6663.5,6668.75,6660.25,6661.0,15091,0.0,0.0
2025-11-19 07:00:00-05:00,6661.0,6667.25,6656.75,6661.75,17146,0.0,0.0
2025-11-19 08:00:00-05:00,6662.0,6664.75,6650.25,6652.75,33043,0.0,0.0
2025-11-19 09:00:00-05:00,6652.75,6693.75,6635.75,6691.75,232488,0.0,0.0
2025-11-19 10:00:00-05:00,6692.0,6709.0,6661.0,6664.75,318036,0.0,0.0
2025-11-19 11:00:00-05:00,6664.5,6670.25,6642.5,6660.0,263942,0.0,0.0
2025-11-19 12:00:00-05:00,6660.0,6664.75,6622.0,6648.5,226424,0.0,0.0
2025-11-19 13:00:00-05:00,6648.5,6668.25,6642.75,6660.75,183960,0.0,0.0
2025-11-19 14:00:00-05:00,6661.0,6663.5,6628.25,6647.75,165605,0.0,0.0
2025-11-19 15:00:00-05:00,6647.75,6683.5,6645.25,6661.75,266233,0.0,0.0
2025-11-19 16:00:00-05:00,6661.75,6704.25,6652.25,6696.0,97855,0.0,0.0
2025-11-19 18:00:00-05:00,6697.5,6732.75,6694.0,6732.0,0,0.0,0.0
2025-11-19 19:00:00-05:00,6731.75,6743.25,6728.0,6736.0,14770,0.0,0.0
2025-11-19 20:00:00-05:00,6735.75,6743.0,6732.25,6742.0,10373,0.0,0.0
2025-11-19 21:00:00-05:00,6741.75,6746.5,6737.5,6745.0,10270,0.0,0.0
2025-11-19 22:00:00-05:00,6744.75,6749.75,6738.5,6744.5,10270,0.0,0.0
2025-11-19 23:00:00-05:00,6744.25,6749.75,6742.25,6748.75,5654,0.0,0.0
2025-11-20 00:00:00-05:00,6753.75,6754.0,6744.75,6746.5,8831,0.0,0.0
2025-11-20 01:00:00-05:00,6746.75,6749.5,6740.5,6749.0,7464,0.0,0.0
2025-11-20 02:00:00-05:00,6749.0,6757.0,6742.75,6744.25,14754,0.0,0.0
2025-11-20 03:00:00-05:00,6744.25,6755.0,6740.5,6743.75,20154,0.0,0.0
2025-11-20 04:00:00-05:00,6743.5,6745.75,6725.5,6729.0,17960,0.0,0.0
2025-11-20 05:00:00-05:00,6729.0,6746.5,6724.0,6744.25,12676,0.0,0.0
2025-11-20 06:00:00-05:00,6744.25,6744.5,6729.0,6733.0,15934,0.0,0.0
2025-11-20 07:00:00-05:00,6733.0,6747.25,6726.25,6746.25,17686,0.0,0.0
2025-11-20 08:00:00-05:00,6746.5,6772.75,6737.0,6767.75,67683,0.0,0.0
2025-11-20 09:00:00-05:00,6767.75,6786.0,6760.25,6784.5,238472,0.0,0.0
2025-11-20 10:00:00-05:00,6784.75,6791.25,6762.75,6763.0,280399,0.0,0.0
2025-11-20 11:00:00-05:00,6763.25,6763.5,6628.0,6636.0,553892,0.0,0.0
2025-11-20 12:00:00-05:00,6636.0,6658.0,6588.25,6606.5,496343,0.0,0.0
2025-11-20 13:00:00-05:00,6606.75,6654.0,6575.0,6584.25,351435,0.0,0.0
2025-11-20 14:00:00-05:00,6584.25,6617.0,6572.25,6615.0,249126,0.0,0.0
2025-11-20 15:00:00-05:00,6615.0,6615.25,6552.5,6559.0,376123,0.0,0.0
2025-11-20 16:00:00-05:00,6559.0,6562.25,6550.5,6552.0,81173,0.0,0.0
2025-11-20 18:00:00-05:00,6560.0,6571.5,6539.25,6566.0,0,0.0,0.0
2025-11-20 19:00:00-05:00,6565.75,6581.25,6561.75,6577.5,18260,0.0,0.0
2025-11-20 20:00:00-05:00,6577.5,6589.0,6575.0,6583.25,18683,0.0,0.0
2025-11-20 21:00:00-05:00,6583.5,6588.0,6577.0,6580.5,14192,0.0,0.0
2025-11-20 22:00:00-05:00,6580.5,6594.0,6578.5,6584.25,13018,0.0,0.0
2025-11-20 23:00:00-05:00,6584.5,6586.0,6566.25,6577.0,14031,0.0,0.0
2025-11-21 00:00:00-05:00,6580.0,6585.5,6569.25,6572.25,11163,0.0,0.0
2025-11-21 01:00:00-05:00,6572.25,6582.25,6568.75,6577.0,9668,0.0,0.0
2025-11-21 02:00:00-05:00,6576.75,6580.0,6551.5,6554.0,18769,0.0,0.0
2025-11-21 03:00:00-05:00,6554.25,6585.0,6554.0,6582.75,32049,0.0,0.0
2025-11-21 04:00:00-05:00,6582.75,6584.25,6552.0,6552.5,25401,0.0,0.0
2025-11-21 05:00:00-05:00,6552.5,6561.5,6525.0,6560.75,46231,0.0,0.0
2025-11-21 06:00:00-05:00,6560.75,6572.5,6544.25,6552.75,25641,0.0,0.0
2025-11-21 07:00:00-05:00,6553.0,6597.0,6531.5,6585.5,84570,0.0,0.0
2025-11-21 08:00:00-05:00,6585.75,6599.0,6573.25,6590.75,55250,0.0,0.0
2025-11-21 09:00:00-05:00,6590.5,6596.0,6562.5,6576.25,252020,0.0,0.0
2025-11-21 10:00:00-05:00,6576.5,6590.5,6539.0,6558.5,424800,0.0,0.0
2025-11-21 11:00:00-05:00,6558.5,6638.5,6541.75,6638.0,309654,0.0,0.0
2025-11-21 12:00:00-05:00,6637.75,6647.0,6625.0,6633.25,231228,0.0,0.0
2025-11-21 13:00:00-05:00,6633.5,6672.75,6600.25,6654.0,263681,0.0,0.0
2025-11-21 14:00:00-05:00,6654.25,6677.5,6641.5,6649.5,212776,0.0,0.0
2025-11-21 15:00:00-05:00,6649.25,6654.0,6614.0,6622.75,315020,0.0,0.0
2025-11-21 16:00:00-05:00,6622.5,6632.75,6621.0,6631.5,64670,0.0,0.0
2025-11-23 18:00:00-05:00,6658.5,6662.5,6650.0,6653.25,9687,0.0,0.0
2025-11-23 19:00:00-05:00,6653.25,6653.25,6637.0,6647.5,12137,0.0,0.0
2025-11-23 20:00:00-05:00,6647.5,6653.75,6642.0,6647.0,10374,0.0,0.0
2025-11-23 21:00:00-05:00,6647.25,6661.25,6643.75,6661.0,8797,0.0,0.0
2025-11-23 22:00:00-05:00,6661.0,6662.5,6654.0,6655.5,5988,0.0,0.0
2025-11-23 23:00:00-05:00,6655.25,6656.75,6645.75,6648.75,8003,0.0,0.0
2025-11-24 00:00:00-05:00,6648.5,6659.25,6647.5,6656.75,6582,0.0,0.0
2025-11-24 01:00:00-05:00,6656.75,6657.0,6649.0,6652.5,4608,0.0,0.0
2025-11-24 02:00:00-05:00,6652.25,6662.75,6647.0,6660.25,10212,0.0,0.0
2025-11-24 03:00:00-05:00,6660.25,6669.5,6647.5,6668.0,21816,0.0,0.0
2025-11-24 04:00:00-05:00,6667.5,6669.5,6625.0,6638.0,27556,0.0,0.0
2025-11-24 05:00:00-05:00,6638.25,6642.0,6625.5,6632.75,15879,0.0,0.0
2025-11-24 06:00:00-05:00,6632.5,6646.25,6626.25,6645.75,15645,0.0,0.0
2025-11-24 07:00:00-05:00,6645.5,6658.75,6639.25,6657.25,19514,0.0,0.0
2025-11-24 08:00:00-05:00,6657.25,6667.25,6651.75,6653.0,25256,0.0,0.0
2025-11-24 09:00:00-05:00,6653.0,6686.75,6646.75,6671.25,230311,0.0,0.0
2025-11-24 10:00:00-05:00,6671.25,6703.75,6670.25,6696.75,265067,0.0,0.0
2025-11-24 11:00:00-05:00,6697.0,6716.25,6696.75,6706.25,171904,0.0,0.0
2025-11-24 12:00:00-05:00,6706.25,6725.25,6700.25,6722.0,143294,0.0,0.0
2025-11-24 13:00:00-05:00,6722.25,6729.0,6719.0,6723.75,97015,0.0,0.0
2025-11-24 14:00:00-05:00,6723.75,6729.5,6710.0,6714.5,126237,0.0,0.0
2025-11-24 15:00:00-05:00,6714.5,6731.75,6714.5,6718.75,260307,0.0,0.0
2025-11-24 16:00:00-05:00,6718.75,6727.5,6715.75,6725.0,57269,0.0,0.0
2025-11-24 18:00:00-05:00,6726.25,6728.25,6722.0,6722.25,0,0.0,0.0
2025-11-24 19:00:00-05:00,6722.0,6724.0,6715.75,6723.25,9335,0.0,0.0
2025-11-24 20:00:00-05:00,6723.0,6724.0,6714.5,6715.25,6382,0.0,0.0
2025-11-24 21:00:00-05:00,6715.25,6721.75,6715.0,6720.5,5994,0.0,0.0
2025-11-24 22:00:00-05:00,6720.25,6722.0,6713.5,6715.0,7912,0.0,0.0
2025-11-24 23:00:00-05:00,6715.5,6722.75,6714.75,6719.5,5017,0.0,0.0
2025-11-25 00:00:00-05:00,6720.75,6723.75,6714.75,6717.0,4299,0.0,0.0
2025-11-25 01:00:00-05:00,6716.75,6720.25,6712.25,6713.75,5260,0.0,0.0
2025-11-25 02:00:00-05:00,6714.0,6721.5,6710.75,6718.0,7390,0.0,0.0
2025-11-25 03:00:00-05:00,6717.75,6720.5,6706.75,6709.25,16061,0.0,0.0
2025-11-25 04:00:00-05:00,6709.5,6715.75,6701.75,6708.0,13803,0.0,0.0
2025-11-25 05:00:00-05:00,6707.75,6715.25,6703.0,6713.0,8697,0.0,0.0
2025-11-25 06:00:00-05:00,6713.25,6714.75,6706.5,6712.0,8587,0.0,0.0
2025-11-25 07:00:00-05:00,6711.75,6732.5,6711.0,6717.5,29056,0.0,0.0
2025-11-25 08:00:00-05:00,6717.25,6730.5,6714.75,6718.0,34542,0.0,0.0
2025-11-25 09:00:00-05:00,6718.0,6730.0,6674.5,6718.25,241667,0.0,0.0
2025-11-25 10:00:00-05:00,6718.75,6740.75,6689.0,6728.5,324165,0.0,0.0
2025-11-25 11:00:00-05:00,6728.5,6749.75,6718.5,6747.5,165468,0.0,0.0
2025-11-25 12:00:00-05:00,6747.5,6774.25,6747.25,6763.75,172800,0.0,0.0
2025-11-25 13:00:00-05:00,6763.75,6774.5,6762.75,6769.0,100274,0.0,0.0
2025-11-25 14:00:00-05:00,6769.25,6771.5,6755.0,6769.75,132168,0.0,0.0
2025-11-25 15:00:00-05:00,6769.75,6792.5,6769.5,6780.25,223594,0.0,0.0
2025-11-25 16:00:00-05:00,6780.25,6784.25,6778.5,6781.5,49549,0.0,0.0
2025-11-25 18:00:00-05:00,6781.0,6785.5,6778.25,6783.25,0,0.0,0.0
2025-11-25 19:00:00-05:00,6783.75,6790.75,6780.25,6789.75,5774,0.0,0.0
2025-11-25 20:00:00-05:00,6789.5,6798.0,6787.75,6797.5,10350,0.0,0.0
2025-11-25 21:00:00-05:00,6797.25,6799.5,6795.75,6799.0,8261,0.0,0.0
2025-11-25 22:00:00-05:00,6799.0,6801.75,6797.5,6800.0,5959,0.0,0.0
2025-11-25 23:00:00-05:00,6800.0,6801.0,6796.0,6797.25,4116,0.0,0.0
2025-11-26 00:00:00-05:00,6801.0,6804.25,6800.25,6803.0,6013,0.0,0.0
2025-11-26 01:00:00-05:00,6803.0,6807.25,6800.75,6805.0,5609,0.0,0.0
2025-11-26 02:00:00-05:00,6804.75,6810.75,6804.75,6807.25,8958,0.0,0.0
2025-11-26 03:00:00-05:00,6807.25,6809.0,6800.25,6800.5,16375,0.0,0.0
2025-11-26 04:00:00-05:00,6800.25,6801.0,6793.25,6795.25,14286,0.0,0.0
2025-11-26 05:00:00-05:00,6795.25,6804.25,6795.25,6803.25,8928,0.0,0.0
2025-11-26 06:00:00-05:00,6803.0,6805.0,6796.75,6798.0,11053,0.0,0.0
2025-11-26 07:00:00-05:00,6797.75,6799.25,6787.0,6796.5,23071,0.0,0.0
2025-11-26 08:00:00-05:00,6796.5,6804.5,6794.75,6803.75,24453,0.0,0.0
2025-11-26 09:00:00-05:00,6804.0,6824.0,6797.5,6802.0,188560,0.0,0.0
2025-11-26 10:00:00-05:00,6802.0,6825.0,6795.75,6824.5,232363,0.0,0.0
2025-11-26 11:00:00-05:00,6824.75,6846.5,6823.75,6843.0,170531,0.0,0.0
2025-11-26 12:00:00-05:00,6842.75,6846.75,6833.5,6840.5,125605,0.0,0.0
2025-11-26 13:00:00-05:00,6840.5,6845.0,6825.0,6833.0,168279,0.0,0.0
2025-11-26 14:00:00-05:00,6833.25,6843.25,6830.5,6838.0,104315,0.0,0.0
2025-11-26 15:00:00-05:00,6838.0,6845.25,6825.25,6825.25,192428,0.0,0.0
2025-11-26 16:00:00-05:00,6825.25,6833.25,6825.0,6830.25,44381,0.0,0.0
2025-11-26 18:00:00-05:00,6830.25,6833.5,6827.5,6829.25,0,0.0,0.0
2025-11-26 19:00:00-05:00,6829.25,6832.5,6828.25,6832.25,3373,0.0,0.0
2025-11-26 20:00:00-05:00,6832.25,6833.75,6827.75,6832.75,4827,0.0,0.0
2025-11-26 21:00:00-05:00,6832.5,6833.75,6828.5,6829.0,4050,0.0,0.0
2025-11-26 22:00:00-05:00,6829.0,6829.75,6826.5,6828.25,2969,0.0,0.0
2025-11-26 23:00:00-05:00,6828.5,6830.75,6827.25,6829.75,2208,0.0,0.0
2025-11-28 09:30:00-05:00,6837.0,6844.25,6831.25,6838.5,37255,0.0,0.0
2025-11-28 10:30:00-05:00,6838.75,6852.5,6836.5,6851.0,46853,0.0,0.0
2025-11-28 11:30:00-05:00,6851.0,6856.0,6842.5,6854.25,59954,0.0,0.0
2025-11-28 12:30:00-05:00,6854.5,6863.75,6845.25,6860.5,127790,0.0,0.0
2025-11-30 18:00:00-05:00,6859.0,6864.5,6848.5,6853.0,9634,0.0,0.0
2025-11-30 19:00:00-05:00,6853.0,6854.5,6826.25,6828.75,18652,0.0,0.0
2025-11-30 20:00:00-05:00,6828.75,6831.0,6817.25,6825.25,24064,0.0,0.0
2025-11-30 21:00:00-05:00,6825.5,6827.0,6817.25,6819.75,12060,0.0,0.0
2025-11-30 22:00:00-05:00,6819.5,6819.75,6811.5,6814.75,13164,0.0,0.0
2025-11-30 23:00:00-05:00,6814.75,6815.75,6808.0,6808.5,8176,0.0,0.0
2025-12-01 00:00:00-05:00,6808.0,6812.5,6802.0,6811.75,11330,0.0,0.0
2025-12-01 01:00:00-05:00,6811.5,6815.5,6808.25,6815.25,8165,0.0,0.0
2025-12-01 02:00:00-05:00,6815.0,6817.5,6808.75,6816.0,9464,0.0,0.0
2025-12-01 03:00:00-05:00,6815.75,6827.5,6812.25,6823.0,16024,0.0,0.0
2025-12-01 04:00:00-05:00,6823.0,6829.75,6815.0,6816.25,12683,0.0,0.0
2025-12-01 05:00:00-05:00,6816.5,6825.75,6816.25,6820.5,7631,0.0,0.0
2025-12-01 06:00:00-05:00,6820.5,6821.75,6815.75,6819.5,9531,0.0,0.0
2025-12-01 07:00:00-05:00,6819.75,6821.25,6805.0,6808.75,17831,0.0,0.0
2025-12-01 08:00:00-05:00,6809.0,6818.25,6807.0,6817.25,26941,0.0,0.0
2025-12-01 09:00:00-05:00,6817.25,6844.25,6811.75,6839.75,197210,0.0,0.0
2025-12-01 10:00:00-05:00,6840.25,6844.0,6813.75,6842.25,229105,0.0,0.0
2025-12-01 11:00:00-05:00,6842.25,6850.0,6826.75,6845.0,162384,0.0,0.0
2025-12-01 12:00:00-05:00,6845.0,6853.5,6838.5,6846.0,111937,0.0,0.0
2025-12-01 13:00:00-05:00,6846.0,6855.75,6845.25,6853.75,68690,0.0,0.0
2025-12-01 14:00:00-05:00,6854.0,6854.25,6823.75,6827.75,160130,0.0,0.0
2025-12-01 15:00:00-05:00,6827.5,6836.25,6819.25,6829.25,230116,0.0,0.0
2025-12-01 16:00:00-05:00,6829.0,6830.0,6824.75,6826.75,47005,0.0,0.0
2025-12-01 18:00:00-05:00,6829.0,6831.25,6822.0,6825.0,0,0.0,0.0
2025-12-01 19:00:00-05:00,6825.0,6829.0,6822.0,6826.5,5355,0.0,0.0
2025-12-01 20:00:00-05:00,6826.25,6833.25,6825.0,6827.25,6618,0.0,0.0
2025-12-01 21:00:00-05:00,6827.0,6831.0,6823.0,6829.25,6778,0.0,0.0
2025-12-01 22:00:00-05:00,6829.0,6829.5,6815.25,6824.25,7776,0.0,0.0
2025-12-01 23:00:00-05:00,6824.25,6825.75,6819.75,6820.25,3839,0.0,0.0
2025-12-02 00:00:00-05:00,6821.5,6822.25,6818.75,6820.75,3402,0.0,0.0
2025-12-02 01:00:00-05:00,6820.75,6824.0,6814.25,6821.0,5196,0.0,0.0
2025-12-02 02:00:00-05:00,6821.0,6825.0,6817.5,6819.25,4380,0.0,0.0
2025-12-02 03:00:00-05:00,6819.0,6830.75,6812.25,6829.5,11861,0.0,0.0
2025-12-02 04:00:00-05:00,6829.5,6837.0,6829.25,6834.5,10815,0.0,0.0
2025-12-02 05:00:00-05:00,6834.25,6846.75,6833.25,6845.0,11721,0.0,0.0
2025-12-02 06:00:00-05:00,6845.25,6849.0,6842.5,6843.5,9318,0.0,0.0
2025-12-02 07:00:00-05:00,6843.25,6845.75,6837.0,6845.5,11992,0.0,0.0
2025-12-02 08:00:00-05:00,6845.25,6848.5,6842.25,6848.5,16576,0.0,0.0
2025-12-02 09:00:00-05:00,6848.25,6854.75,6839.75,6848.25,153569,0.0,0.0
2025-12-02 10:00:00-05:00,6848.25,6862.0,6833.25,6860.25,230739,0.0,0.0
2025-12-02 11:00:00-05:00,6860.25,6863.5,6818.0,6830.5,297713,0.0,0.0
2025-12-02 12:00:00-05:00,6830.5,6853.25,6826.0,6826.25,144178,0.0,0.0
2025-12-02 13:00:00-05:00,6826.0,6840.75,6824.25,6835.75,126978,0.0,0.0
2025-12-02 14:00:00-05:00,6835.5,6850.75,6832.25,6848.0,121736,0.0,0.0
2025-12-02 15:00:00-05:00,6848.25,6853.5,6838.0,6839.25,173362,0.0,0.0
2025-12-02 16:00:00-05:00,6839.25,6843.0,6838.0,6842.75,33958,0.0,0.0
2025-12-02 18:00:00-05:00,6843.0,6847.75,6841.5,6845.75,0,0.0,0.0
2025-12-02 19:00:00-05:00,6846.0,6850.75,6837.25,6848.5,9819,0.0,0.0
2025-12-02 20:00:00-05:00,6848.5,6851.75,6847.5,6849.75,6241,0.0,0.0
2025-12-02 21:00:00-05:00,6849.5,6855.75,6848.75,6852.0,5624,0.0,0.0
2025-12-02 22:00:00-05:00,6851.75,6857.0,6849.75,6855.75,3930,0.0,0.0
2025-12-02 23:00:00-05:00,6855.75,6856.75,6854.0,6854.5,2396,0.0,0.0
2025-12-03 00:00:00-05:00,6856.5,6857.75,6852.75,6853.5,3029,0.0,0.0
2025-12-03 01:00:00-05:00,6853.75,6856.25,6849.25,6853.25,5352,0.0,0.0
2025-12-03 02:00:00-05:00,6853.0,6857.0,6850.25,6852.5,4660,0.0,0.0
2025-12-03 03:00:00-05:00,6852.5,6856.0,6845.75,6855.25,8609,0.0,0.0
2025-12-03 04:00:00-05:00,6855.25,6855.5,6847.0,6852.0,9333,0.0,0.0
2025-12-03 05:00:00-05:00,6852.0,6854.5,6846.5,6849.75,6107,0.0,0.0
2025-12-03 06:00:00-05:00,6849.75,6853.75,6847.0,6850.5,6653,0.0,0.0
2025-12-03 07:00:00-05:00,6850.25,6860.5,6846.5,6858.0,11712,0.0,0.0
2025-12-03 08:00:00-05:00,6858.0,6862.25,6854.0,6855.5,20281,0.0,0.0
2025-12-03 09:00:00-05:00,6855.5,6856.5,6817.5,6832.75,236261,0.0,0.0
2025-12-03 10:00:00-05:00,6832.75,6853.5,6831.0,6847.0,231897,0.0,0.0
2025-12-03 11:00:00-05:00,6847.0,6859.5,6840.0,6845.75,165177,0.0,0.0
2025-12-03 12:00:00-05:00,6846.0,6865.0,6844.75,6863.0,123982,0.0,0.0
2025-12-03 13:00:00-05:00,6862.75,6869.25,6858.75,6863.0,89138,0.0,0.0
2025-12-03 14:00:00-05:00,6863.0,6871.75,6862.25,6870.25,72621,0.0,0.0
2025-12-03 15:00:00-05:00,6870.25,6873.25,6859.25,6862.5,189765,0.0,0.0
2025-12-03 16:00:00-05:00,6862.5,6865.25,6861.5,6862.0,42958,0.0,0.0
2025-12-03 18:00:00-05:00,6866.0,6866.0,6861.0,6863.5,0,0.0,0.0
2025-12-03 19:00:00-05:00,6863.5,6866.75,6857.75,6859.5,4592,0.0,0.0
2025-12-03 20:00:00-05:00,6859.5,6865.0,6858.75,6861.25,5779,0.0,0.0
2025-12-03 21:00:00-05:00,6861.25,6864.5,6857.5,6863.25,4518,0.0,0.0
2025-12-03 22:00:00-05:00,6863.25,6863.25,6857.0,6860.5,3599,0.0,0.0
2025-12-03 23:00:00-05:00,6860.25,6863.5,6858.5,6862.75,4015,0.0,0.0
2025-12-04 00:00:00-05:00,6862.75,6864.5,6860.75,6862.75,3138,0.0,0.0
2025-12-04 01:00:00-05:00,6863.0,6866.25,6861.75,6865.25,3289,0.0,0.0
2025-12-04 02:00:00-05:00,6865.25,6868.5,6864.5,6865.5,4075,0.0,0.0
2025-12-04 03:00:00-05:00,6865.5,6865.5,6854.25,6858.75,11247,0.0,0.0
2025-12-04 04:00:00-05:00,6859.0,6870.0,6855.75,6868.25,9822,0.0,0.0
2025-12-04 05:00:00-05:00,6868.5,6869.25,6861.5,6862.5,6528,0.0,0.0
2025-12-04 06:00:00-05:00,6862.5,6865.75,6860.0,6865.25,7731,0.0,0.0
2025-12-04 07:00:00-05:00,6865.5,6871.25,6864.5,6868.25,12203,0.0,0.0
2025-12-04 08:00:00-05:00,6868.25,6871.0,6862.0,6864.25,18649,0.0,0.0
2025-12-04 09:00:00-05:00,6864.25,6880.75,6850.25,6853.5,195229,0.0,0.0
2025-12-04 10:00:00-05:00,6853.5,6868.75,6844.5,6855.75,203547,0.0,0.0
2025-12-04 11:00:00-05:00,6856.0,6868.75,6845.0,6867.25,158272,0.0,0.0
2025-12-04 12:00:00-05:00,6867.0,6868.75,6856.5,6866.0,104886,0.0,0.0
2025-12-04 13:00:00-05:00,6866.0,6871.0,6857.75,6864.25,87642,0.0,0.0
2025-12-04 14:00:00-05:00,6864.25,6865.5,6836.25,6855.5,179099,0.0,0.0
2025-12-04 15:00:00-05:00,6855.25,6869.0,6846.0,6867.25,201963,0.0,0.0
2025-12-04 16:00:00-05:00,6867.5,6868.5,6864.25,6865.75,42168,0.0,0.0
2025-12-04 18:00:00-05:00,6865.5,6869.5,6861.25,6863.75,0,0.0,0.0
2025-12-04 19:00:00-05:00,6863.5,6871.5,6862.0,6870.75,6151,0.0,0.0
2025-12-04 20:00:00-05:00,6871.0,6875.75,6870.0,6875.5,5963,0.0,0.0
2025-12-04 21:00:00-05:00,6875.5,6881.25,6874.5,6876.25,5731,0.0,0.0
2025-12-04 22:00:00-05:00,6876.25,6879.25,6874.75,6878.0,2914,0.0,0.0
2025-12-04 23:00:00-05:00,6878.0,6881.0,6877.5,6880.0,3505,0.0,0.0
2025-12-05 00:00:00-05:00,6881.0,6882.0,6879.25,6882.0,3458,0.0,0.0
2025-12-05 01:00:00-05:00,6882.0,6884.0,6879.25,6880.5,3820,0.0,0.0
2025-12-05 02:00:00-05:00,6880.75,6884.0,6879.5,6881.75,5613,0.0,0.0
2025-12-05 03:00:00-05:00,6882.0,6886.25,6878.5,6878.5,12032,0.0,0.0
2025-12-05 04:00:00-05:00,6878.5,6881.25,6876.5,6878.5,6175,0.0,0.0
2025-12-05 05:00:00-05:00,6878.75,6881.5,6877.25,6877.75,4760,0.0,0.0
2025-12-05 06:00:00-05:00,6877.75,6882.0,6876.0,6880.25,6262,0.0,0.0
2025-12-05 07:00:00-05:00,6880.25,6882.25,6876.0,6879.25,8819,0.0,0.0
2025-12-05 08:00:00-05:00,6879.25,6880.75,6856.75,6864.0,33850,0.0,0.0
2025-12-05 09:00:00-05:00,6864.0,6891.25,6863.75,6889.75,157874,0.0,0.0
2025-12-05 10:00:00-05:00,6889.75,6905.0,6883.25,6887.5,220290,0.0,0.0
2025-12-05 11:00:00-05:00,6887.5,6892.25,6870.5,6880.75,224054,0.0,0.0
2025-12-05 12:00:00-05:00,6880.75,6885.0,6866.5,6883.5,137625,0.0,0.0
2025-12-05 13:00:00-05:00,6883.25,6890.5,6875.75,6882.5,100038,0.0,0.0
2025-12-05 14:00:00-05:00,6882.75,6885.0,6876.25,6883.25,86729,0.0,0.0
2025-12-05 15:00:00-05:00,6883.25,6883.75,6866.75,6876.75,182823,0.0,0.0
2025-12-05 16:00:00-05:00,6876.75,6881.75,6876.25,6878.25,42410,0.0,0.0
2025-12-07 18:00:00-05:00,6880.5,6883.5,6877.5,6881.0,4058,0.0,0.0
2025-12-07 19:00:00-05:00,6881.25,6882.0,6872.75,6881.0,6794,0.0,0.0
2025-12-07 20:00:00-05:00,6881.0,6884.25,6880.0,6883.5,6404,0.0,0.0
2025-12-07 21:00:00-05:00,6883.5,6887.75,6882.5,6887.75,5018,0.0,0.0
2025-12-07 22:00:00-05:00,6887.5,6890.0,6886.5,6888.5,4022,0.0,0.0
2025-12-07 23:00:00-05:00,6888.5,6891.5,6888.5,6890.75,3482,0.0,0.0
2025-12-08 00:00:00-05:00,6890.75,6892.0,6889.25,6890.0,3275,0.0,0.0
2025-12-08 01:00:00-05:00,6890.25,6892.25,6887.75,6888.0,3826,0.0,0.0
2025-12-08 02:00:00-05:00,6888.0,6893.75,6886.5,6890.75,6045,0.0,0.0
2025-12-08 03:00:00-05:00,6890.75,6891.0,6883.25,6884.5,9754,0.0,0.0
2025-12-08 04:00:00-05:00,6884.5,6889.75,6884.0,6884.5,7880,0.0,0.0
2025-12-08 05:00:00-05:00,6884.5,6888.25,6882.25,6887.25,7688,0.0,0.0
2025-12-08 06:00:00-05:00,6887.0,6887.0,6881.25,6882.75,6947,0.0,0.0
2025-12-08 07:00:00-05:00,6882.75,6889.5,6880.75,6887.5,8815,0.0,0.0
2025-12-08 08:00:00-05:00,6887.5,6893.25,6885.0,6888.75,18750,0.0,0.0
2025-12-08 09:00:00-05:00,6888.75,6891.75,6869.25,6874.0,142224,0.0,0.0
2025-12-08 10:00:00-05:00,6873.75,6877.25,6855.25,6856.5,171352,0.0,0.0
2025-12-08 11:00:00-05:00,6856.25,6860.75,6848.5,6853.25,149930,0.0,0.0
2025-12-08 12:00:00-05:00,6853.25,6862.75,6841.25,6860.75,134654,0.0,0.0
2025-12-08 13:00:00-05:00,6860.75,6863.5,6835.25,6841.0,133539,0.0,0.0
2025-12-08 14:00:00-05:00,6841.0,6848.0,6836.25,6843.0,100762,0.0,0.0
2025-12-08 15:00:00-05:00,6843.0,6857.75,6840.0,6856.5,171771,0.0,0.0
2025-12-08 16:00:00-05:00,6856.25,6864.75,6853.0,6864.5,69706,0.0,0.0
2025-12-08 18:00:00-05:00,6865.0,6868.5,6860.25,6868.5,0,0.0,0.0
2025-12-08 19:00:00-05:00,6868.25,6868.5,6864.75,6866.75,3907,0.0,0.0
2025-12-08 20:00:00-05:00,6866.75,6868.0,6859.75,6861.5,6745,0.0,0.0
2025-12-08 21:00:00-05:00,6861.75,6865.0,6859.0,6862.5,4026,0.0,0.0
2025-12-08 22:00:00-05:00,6862.25,6863.5,6860.75,6862.75,2592,0.0,0.0
2025-12-08 23:00:00-05:00,6862.75,6863.0,6860.25,6861.25,2069,0.0,0.0
2025-12-09 00:00:00-05:00,6859.5,6860.5,6857.75,6858.0,3399,0.0,0.0
2025-12-09 01:00:00-05:00,6857.75,6863.25,6855.0,6862.0,4902,0.0,0.0
2025-12-09 02:00:00-05:00,6862.0,6865.0,6860.75,6864.25,3945,0.0,0.0
2025-12-09 03:00:00-05:00,6864.0,6868.25,6862.0,6863.5,9750,0.0,0.0
2025-12-09 04:00:00-05:00,6863.75,6863.75,6856.25,6857.25,9175,0.0,0.0
2025-12-09 05:00:00-05:00,6857.25,6863.0,6844.75,6861.0,23986,0.0,0.0
2025-12-09 06:00:00-05:00,6861.0,6862.5,6852.75,6861.5,12060,0.0,0.0
2025-12-09 07:00:00-05:00,6861.75,6862.25,6855.0,6859.0,10077,0.0,0.0
2025-12-09 08:00:00-05:00,6858.75,6860.5,6848.75,6850.5,21187,0.0,0.0
2025-12-09 09:00:00-05:00,6850.5,6864.5,6845.0,6863.0,135328,0.0,0.0
2025-12-09 10:00:00-05:00,6863.25,6868.5,6854.5,6864.0,142825,0.0,0.0
2025-12-09 11:00:00-05:00,6863.75,6872.75,6863.25,6868.75,108143,0.0,0.0
2025-12-09 12:00:00-05:00,6868.5,6872.5,6855.0,6861.75,100463,0.0,0.0
2025-12-09 13:00:00-05:00,6861.5,6864.0,6852.5,6859.5,89593,0.0,0.0
2025-12-09 14:00:00-05:00,6859.5,6860.25,6850.75,6855.25,73004,0.0,0.0
2025-12-09 15:00:00-05:00,6855.0,6857.5,6844.5,6849.5,141729,0.0,0.0
2025-12-09 16:00:00-05:00,6849.25,6850.0,6844.0,6846.25,31759,0.0,0.0
2025-12-09 18:00:00-05:00,6847.25,6849.0,6846.25,6846.5,0,0.0,0.0
2025-12-09 19:00:00-05:00,6846.5,6851.0,6843.25,6843.25,5970,0.0,0.0
2025-12-09 20:00:00-05:00,6843.25,6846.0,6842.25,6843.75,5746,0.0,0.0
2025-12-09 21:00:00-05:00,6843.75,6848.5,6843.75,6847.5,3633,0.0,0.0
2025-12-09 22:00:00-05:00,6847.25,6849.25,6845.0,6847.25,2876,0.0,0.0
2025-12-09 23:00:00-05:00,6847.25,6854.25,6847.25,6851.25,4489,0.0,0.0
2025-12-10 00:00:00-05:00,6847.75,6849.0,6845.75,6848.0,3395,0.0,0.0
2025-12-10 01:00:00-05:00,6848.0,6853.0,6848.0,6851.75,3642,0.0,0.0
2025-12-10 02:00:00-05:00,6851.5,6856.0,6850.0,6855.25,4563,0.0,0.0
2025-12-10 03:00:00-05:00,6855.25,6859.25,6851.75,6854.5,12203,0.0,0.0
2025-12-10 04:00:00-05:00,6854.5,6857.5,6850.25,6852.5,7941,0.0,0.0
2025-12-10 05:00:00-05:00,6852.25,6857.75,6834.25,6840.75,21238,0.0,0.0
2025-12-10 06:00:00-05:00,6840.75,6850.0,6839.0,6845.25,13645,0.0,0.0
2025-12-10 07:00:00-05:00,6845.0,6845.75,6838.25,6843.0,9466,0.0,0.0
2025-12-10 08:00:00-05:00,6843.25,6856.25,6841.5,6846.75,21831,0.0,0.0
2025-12-10 09:00:00-05:00,6847.0,6851.0,6830.75,6849.0,150116,0.0,0.0
2025-12-10 10:00:00-05:00,6849.0,6852.5,6834.25,6840.25,168701,0.0,0.0
2025-12-10 11:00:00-05:00,6840.0,6856.5,6832.25,6853.75,134568,0.0,0.0
2025-12-10 12:00:00-05:00,6853.5,6860.0,6847.0,6856.25,78244,0.0,0.0
2025-12-10 13:00:00-05:00,6856.25,6858.5,6842.25,6846.25,86836,0.0,0.0
2025-12-10 14:00:00-05:00,6846.0,6898.5,6844.75,6896.75,323759,0.0,0.0
2025-12-10 15:00:00-05:00,6896.75,6908.0,6888.75,6892.0,267398,0.0,0.0
2025-12-10 16:00:00-05:00,6892.0,6896.0,6885.0,6893.25,49167,0.0,0.0
2025-12-10 18:00:00-05:00,6887.0,6891.25,6880.5,6882.75,0,0.0,0.0
2025-12-10 19:00:00-05:00,6882.75,6883.0,6871.75,6874.5,9678,0.0,0.0
2025-12-10 20:00:00-05:00,6874.5,6875.25,6868.75,6869.75,8535,0.0,0.0
2025-12-10 21:00:00-05:00,6869.75,6869.75,6847.0,6851.5,18567,0.0,0.0
2025-12-10 22:00:00-05:00,6851.25,6851.5,6817.5,6834.75,39936,0.0,0.0
2025-12-10 23:00:00-05:00,6835.0,6841.5,6832.5,6837.25,8436,0.0,0.0
2025-12-11 00:00:00-05:00,6834.75,6837.5,6829.5,6836.0,7618,0.0,0.0
2025-12-11 01:00:00-05:00,6836.0,6838.0,6828.25,6837.5,7600,0.0,0.0
2025-12-11 02:00:00-05:00,6837.25,6842.5,6829.25,6841.5,10335,0.0,0.0
2025-12-11 03:00:00-05:00,6841.25,6842.75,6828.5,6841.75,21147,0.0,0.0
2025-12-11 04:00:00-05:00,6841.75,6858.0,6840.0,6855.25,17139,0.0,0.0
2025-12-11 05:00:00-05:00,6855.25,6857.0,6850.75,6852.75,12216,0.0,0.0
2025-12-11 06:00:00-05:00,6852.5,6864.0,6851.25,6862.75,12813,0.0,0.0
2025-12-11 07:00:00-05:00,6862.5,6877.0,6861.75,6874.25,20733,0.0,0.0
2025-12-11 08:00:00-05:00,6874.0,6875.25,6862.5,6864.25,29302,0.0,0.0
2025-12-11 09:00:00-05:00,6864.5,6875.25,6839.25,6842.75,270268,0.0,0.0
2025-12-11 10:00:00-05:00,6843.0,6884.75,6838.0,6874.0,326494,0.0,0.0
2025-12-11 11:00:00-05:00,6874.0,6886.5,6860.5,6871.5,213099,0.0,0.0
2025-12-11 12:00:00-05:00,6871.75,6897.25,6870.5,6889.75,160352,0.0,0.0
2025-12-11 13:00:00-05:00,6889.5,6903.25,6887.75,6896.25,125615,0.0,0.0
2025-12-11 14:00:00-05:00,6896.5,6909.25,6895.25,6905.25,105746,0.0,0.0
2025-12-11 15:00:00-05:00,6905.25,6908.75,6896.5,6908.0,197814,0.0,0.0
2025-12-11 16:00:00-05:00,6908.0,6928.75,6907.0,6925.0,69023,0.0,0.0
2025-12-11 18:00:00-05:00,6914.0,6915.5,6902.75,6904.0,0,0.0,0.0
2025-12-11 19:00:00-05:00,6904.0,6907.75,6898.5,6901.0,9120,0.0,0.0
2025-12-11 20:00:00-05:00,6901.0,6907.0,6900.75,6906.5,6859,0.0,0.0
2025-12-11 21:00:00-05:00,6906.25,6911.75,6905.75,6909.5,6980,0.0,0.0
2025-12-11 22:00:00-05:00,6909.75,6910.5,6904.75,6906.5,5123,0.0,0.0
2025-12-11 23:00:00-05:00,6906.5,6907.0,6903.25,6904.25,5562,0.0,0.0
2025-12-12 00:00:00-05:00,6906.25,6912.75,6904.5,6911.0,6400,0.0,0.0
2025-12-12 01:00:00-05:00,6911.25,6913.5,6906.75,6907.75,6716,0.0,0.0
2025-12-12 02:00:00-05:00,6907.5,6907.75,6904.5,6905.25,6840,0.0,0.0
2025-12-12 03:00:00-05:00,6905.5,6912.5,6903.75,6909.75,12193,0.0,0.0
2025-12-12 04:00:00-05:00,6909.5,6910.75,6892.0,6897.0,19492,0.0,0.0
2025-12-12 05:00:00-05:00,6897.0,6902.25,6892.25,6898.0,16810,0.0,0.0
2025-12-12 06:00:00-05:00,6898.25,6900.5,6890.25,6893.0,20057,0.0,0.0
2025-12-12 07:00:00-05:00,6893.0,6901.5,6889.5,6897.0,22139,0.0,0.0
2025-12-12 08:00:00-05:00,6897.0,6908.0,6895.25,6907.75,33936,0.0,0.0
2025-12-12 09:00:00-05:00,6907.75,6909.0,6885.75,6889.0,235706,0.0,0.0
2025-12-12 10:00:00-05:00,6889.0,6889.5,6826.75,6831.0,476354,0.0,0.0
2025-12-12 11:00:00-05:00,6830.75,6838.25,6805.0,6819.25,501341,0.0,0.0
2025-12-12 12:00:00-05:00,6819.25,6846.0,6816.75,6840.25,261783,0.0,0.0
2025-12-12 13:00:00-05:00,6840.25,6856.75,6837.25,6839.25,217346,0.0,0.0
2025-12-12 14:00:00-05:00,6839.25,6840.5,6826.0,6833.5,187893,0.0,0.0
2025-12-12 15:00:00-05:00,6833.5,6838.75,6814.25,6831.25,340506,0.0,0.0
2025-12-12 16:00:00-05:00,6831.25,6837.25,6829.75,6830.75,64735,0.0,0.0
2025-12-14 18:00:00-05:00,6822.0,6834.5,6821.5,6833.0,6995,0.0,0.0
2025-12-14 19:00:00-05:00,6833.0,6843.75,6831.5,6842.75,5897,0.0,0.0
2025-12-14 20:00:00-05:00,6842.5,6848.0,6838.75,6847.25,5358,0.0,0.0
2025-12-14 21:00:00-05:00,6847.25,6850.75,6844.25,6846.25,4074,0.0,0.0
2025-12-14 22:00:00-05:00,6846.25,6848.5,6843.75,6846.0,2479,0.0,0.0
2025-12-14 23:00:00-05:00,6846.25,6850.75,6842.0,6849.0,3141,0.0,0.0
2025-12-15 00:00:00-05:00,6849.75,6851.5,6846.75,6850.25,3712,0.0,0.0
2025-12-15 01:00:00-05:00,6850.25,6851.5,6845.25,6849.5,4968,0.0,0.0
2025-12-15 02:00:00-05:00,6849.75,6851.5,6843.25,6845.5,7385,0.0,0.0
2025-12-15 03:00:00-05:00,6845.5,6856.5,6841.75,6854.5,12968,0.0,0.0
2025-12-15 04:00:00-05:00,6854.25,6863.0,6852.0,6861.75,16855,0.0,0.0
2025-12-15 05:00:00-05:00,6861.5,6865.25,6860.25,6864.25,14770,0.0,0.0
2025-12-15 06:00:00-05:00,6864.25,6866.25,6862.25,6864.75,12139,0.0,0.0
2025-12-15 07:00:00-05:00,6864.75,6866.5,6858.5,6864.5,17737,0.0,0.0
2025-12-15 08:00:00-05:00,6864.25,6868.75,6860.25,6867.75,49758,0.0,0.0
2025-12-15 09:00:00-05:00,6867.5,6872.5,6836.75,6838.0,242110,0.0,0.0
2025-12-15 10:00:00-05:00,6838.0,6839.25,6806.25,6824.75,371086,0.0,0.0
2025-12-15 11:00:00-05:00,6824.75,6844.0,6814.75,6822.0,218008,0.0,0.0
2025-12-15 12:00:00-05:00,6822.0,6828.0,6807.5,6818.5,164352,0.0,0.0
2025-12-15 13:00:00-05:00,6818.25,6827.5,6808.5,6823.5,138408,0.0,0.0
2025-12-15 14:00:00-05:00,6823.5,6831.5,6817.5,6830.5,116785,0.0,0.0
2025-12-15 15:00:00-05:00,6830.25,6830.75,6819.0,6820.75,194107,0.0,0.0
2025-12-15 16:00:00-05:00,6821.0,6825.75,6819.25,6824.25,33733,0.0,0.0
2025-12-15 18:00:00-05:00,6825.25,6827.75,6812.5,6817.5,0,0.0,0.0
2025-12-15 19:00:00-05:00,6817.5,6820.0,6805.5,6808.0,5934,0.0,0.0
2025-12-15 20:00:00-05:00,6808.25,6812.25,6780.5,6789.25,13667,0.0,0.0
2025-12-15 21:00:00-05:00,6789.25,6795.25,6784.75,6789.0,4683,0.0,0.0
2025-12-15 22:00:00-05:00,6789.0,6794.25,6781.5,6792.5,3457,0.0,0.0
2025-12-15 23:00:00-05:00,6792.75,6795.75,6786.0,6793.5,2250,0.0,0.0
2025-12-16 00:00:00-05:00,6791.5,6792.25,6780.25,6781.25,3853,0.0,0.0
2025-12-16 01:00:00-05:00,6781.5,6785.5,6780.0,6785.0,3637,0.0,0.0
2025-12-16 02:00:00-05:00,6785.25,6788.25,6775.25,6784.75,5753,0.0,0.0
2025-12-16 03:00:00-05:00,6784.75,6857.75,6784.0,6857.0,67756,0.0,0.0
2025-12-16 04:00:00-05:00,6799.25,6861.0,6789.0,6850.5,23754,0.0,0.0
2025-12-16 05:00:00-05:00,6850.5,6870.0,6789.75,6864.5,32002,0.0,0.0
2025-12-16 06:00:00-05:00,6864.25,6873.75,6804.5,6816.0,0,0.0,0.0
2025-12-16 07:00:00-05:00,6816.25,6879.75,6813.5,6817.0,24443,0.0,0.0
2025-12-16 08:00:00-05:00,6874.5,6892.0,6807.25,6867.75,178956,0.0,0.0
2025-12-16 09:00:00-05:00,6867.75,6879.5,6789.75,6820.5,27517,0.0,0.0
2025-12-16 10:00:00-05:00,6821.0,6880.5,6777.0,6803.0,159607,0.0,0.0
2025-12-16 11:00:00-05:00,6802.75,6862.0,6778.75,6851.5,863504,0.0,0.0
2025-12-16 12:00:00-05:00,6851.5,6857.75,6767.0,6823.5,209933,0.0,0.0
2025-12-16 13:00:00-05:00,6823.5,6854.5,6762.0,6846.5,206988,0.0,0.0
2025-12-16 14:00:00-05:00,6846.5,6853.5,6771.0,6791.75,0,0.0,0.0
2025-12-16 15:00:00-05:00,6791.75,6873.25,6790.25,6855.5,1402424,0.0,0.0
2025-12-16 16:00:00-05:00,6855.5,6857.25,6790.0,6848.0,59747,0.0,0.0
2025-12-16 18:00:00-05:00,6796.0,6856.0,6787.5,6790.25,0,0.0,0.0
2025-12-16 19:00:00-05:00,6790.0,6848.5,6780.0,6843.5,15898,0.0,0.0
2025-12-16 20:00:00-05:00,6843.5,6855.75,6788.5,6800.25,0,0.0,0.0
2025-12-16 21:00:00-05:00,6800.25,6856.75,6793.75,6854.75,27323,0.0,0.0
2025-12-16 22:00:00-05:00,6800.0,6857.25,6795.75,6851.75,6052,0.0,0.0
2025-12-16 23:00:00-05:00,6797.25,6856.0,6791.5,6792.25,0,0.0,0.0
2025-12-17 00:00:00-05:00,6847.0,6854.0,6789.5,6853.0,39644,0.0,0.0
2025-12-17 01:00:00-05:00,6852.75,6864.0,6798.5,6805.25,0,0.0,0.0
2025-12-17 02:00:00-05:00,6805.5,6867.5,6804.0,6862.5,3203,0.0,0.0
2025-12-17 03:00:00-05:00,6808.25,6869.25,6803.5,6809.5,7637,0.0,0.0
2025-12-17 04:00:00-05:00,6809.5,6877.75,6806.75,6820.0,10729,0.0,0.0
2025-12-17 05:00:00-05:00,6819.75,6882.25,6819.25,6880.75,88616,0.0,0.0
2025-12-17 06:00:00-05:00,6880.75,6882.5,6820.0,6825.25,15244,0.0,0.0
2025-12-17 07:00:00-05:00,6825.25,6882.5,6821.75,6878.75,15944,0.0,0.0
2025-12-17 08:00:00-05:00,6878.75,6880.5,6807.5,6873.75,59973,0.0,0.0
2025-12-17 09:00:00-05:00,6818.5,6877.75,6787.0,6804.25,0,0.0,0.0
2025-12-17 10:00:00-05:00,6857.75,6862.25,6751.25,6810.0,637921,0.0,0.0
2025-12-17 11:00:00-05:00,6809.75,6821.0,6742.0,6806.25,278799,0.0,0.0
2025-12-17 12:00:00-05:00,6753.25,6815.0,6741.25,6749.25,0,0.0,0.0
2025-12-17 13:00:00-05:00,6749.0,6812.5,6749.0,6788.5,1045451,0.0,0.0
2025-12-17 14:00:00-05:00,6788.25,6796.25,6783.25,6794.5,130642,0.0,0.0
2025-12-17 15:00:00-05:00,6794.5,6796.5,6775.5,6776.75,281670,0.0,0.0
2025-12-17 16:00:00-05:00,6776.75,6795.0,6776.75,6786.5,74491,0.0,0.0
2025-12-17 18:00:00-05:00,6792.0,6793.0,6780.25,6782.25,0,0.0,0.0
2025-12-17 19:00:00-05:00,6782.5,6793.0,6776.0,6792.25,16455,0.0,0.0
2025-12-17 20:00:00-05:00,6792.0,6793.0,6782.75,6784.5,11174,0.0,0.0
2025-12-17 21:00:00-05:00,6784.5,6795.0,6783.25,6785.5,11271,0.0,0.0
2025-12-17 22:00:00-05:00,6785.25,6786.0,6771.5,6780.0,11772,0.0,0.0
2025-12-17 23:00:00-05:00,6780.0,6789.0,6779.0,6788.75,5259,0.0,0.0
2025-12-18 00:00:00-05:00,6788.5,6788.75,6782.75,6785.75,6991,0.0,0.0
2025-12-18 01:00:00-05:00,6785.75,6787.5,6780.5,6786.0,8877,0.0,0.0
2025-12-18 02:00:00-05:00,6786.0,6795.5,6785.75,6793.5,9610,0.0,0.0
2025-12-18 03:00:00-05:00,6793.5,6801.0,6789.0,6798.25,18108,0.0,0.0
2025-12-18 04:00:00-05:00,6798.25,6807.75,6795.0,6807.25,13974,0.0,0.0
2025-12-18 05:00:00-05:00,6807.25,6808.25,6802.5,6805.25,11538,0.0,0.0
2025-12-18 06:00:00-05:00,6805.25,6811.75,6804.25,6811.0,12308,0.0,0.0
2025-12-18 07:00:00-05:00,6811.0,6812.0,6803.5,6805.0,14896,0.0,0.0
2025-12-18 08:00:00-05:00,6805.0,6837.75,6801.0,6829.25,78515,0.0,0.0
2025-12-18 09:00:00-05:00,6829.0,6850.25,6820.5,6844.5,256599,0.0,0.0
2025-12-18 10:00:00-05:00,6844.5,6870.5,6825.0,6864.75,328043,0.0,0.0
2025-12-18 11:00:00-05:00,6864.75,6872.0,6857.5,6860.0,193897,0.0,0.0
2025-12-18 12:00:00-05:00,6859.75,6860.0,6811.75,6847.25,374640,0.0,0.0
2025-12-18 13:00:00-05:00,6847.25,6860.75,6839.25,6845.75,167803,0.0,0.0
2025-12-18 14:00:00-05:00,6845.75,6846.25,6816.25,6820.5,212334,0.0,0.0
2025-12-18 15:00:00-05:00,6820.5,6850.0,6817.75,6828.75,294913,0.0,0.0
2025-12-18 16:00:00-05:00,6828.75,6829.75,6820.0,6822.75,61041,0.0,0.0
2025-12-18 18:00:00-05:00,6824.75,6829.75,6820.0,6829.75,0,0.0,0.0
2025-12-18 19:00:00-05:00,6830.0,6831.25,6822.75,6828.25,6718,0.0,0.0
2025-12-18 20:00:00-05:00,6828.25,6833.0,6822.25,6830.5,9119,0.0,0.0
2025-12-18 21:00:00-05:00,6830.25,6833.25,6825.5,6826.0,7570,0.0,0.0
2025-12-18 22:00:00-05:00,6825.75,6836.75,6822.5,6834.25,9453,0.0,0.0
2025-12-18 23:00:00-05:00,6834.5,6836.5,6830.75,6834.25,4300,0.0,0.0
2025-12-19 00:00:00-05:00,6830.75,6833.5,6827.25,6827.75,6579,0.0,0.0
2025-12-19 01:00:00-05:00,6827.75,6830.75,6820.5,6827.25,8488,0.0,0.0
2025-12-19 02:00:00-05:00,6827.5,6841.25,6827.25,6840.0,8888,0.0,0.0
2025-12-19 03:00:00-05:00,6839.5,6851.25,6837.5,6848.25,15027,0.0,0.0
2025-12-19 04:00:00-05:00,6848.0,6854.25,6844.75,6852.75,9764,0.0,0.0
2025-12-19 05:00:00-05:00,6852.75,6853.5,6845.75,6847.0,9610,0.0,0.0
2025-12-19 06:00:00-05:00,6846.75,6847.75,6837.75,6842.25,12082,0.0,0.0
2025-12-19 07:00:00-05:00,6842.25,6846.0,6829.0,6830.0,16818,0.0,0.0
2025-12-19 08:00:00-05:00,6830.0,6840.75,6829.0,6836.0,35606,0.0,0.0
2025-12-19 09:00:00-05:00,6836.0,6881.75,6831.5,6880.5,237385,0.0,0.0
2025-12-19 10:00:00-05:00,6880.25,6887.5,6866.75,6872.25,204571,0.0,0.0
2025-12-19 11:00:00-05:00,6872.25,6888.25,6868.0,6879.75,140064,0.0,0.0
2025-12-19 12:00:00-05:00,6879.5,6893.25,6879.0,6889.0,89216,0.0,0.0
2025-12-19 13:00:00-05:00,6889.25,6893.75,6884.0,6884.75,66130,0.0,0.0
2025-12-19 14:00:00-05:00,6884.75,6892.75,6884.5,6888.5,57132,0.0,0.0
2025-12-19 15:00:00-05:00,6888.75,6891.0,6879.25,6888.75,242542,0.0,0.0
2025-12-19 16:00:00-05:00,6888.5,6895.25,6886.25,6893.25,65428,0.0,0.0
2025-12-21 18:00:00-05:00,6902.75,6907.5,6900.75,6906.0,5837,0.0,0.0
2025-12-21 19:00:00-05:00,6906.25,6908.0,6900.5,6900.75,7349,0.0,0.0
2025-12-21 20:00:00-05:00,6901.0,6909.25,6900.75,6907.0,6610,0.0,0.0
2025-12-21 21:00:00-05:00,6907.0,6908.25,6905.25,6908.25,3635,0.0,0.0
2025-12-21 22:00:00-05:00,6908.0,6909.0,6903.75,6904.5,4283,0.0,0.0
2025-12-21 23:00:00-05:00,6904.5,6906.5,6903.75,6905.0,2966,0.0,0.0
2025-12-22 00:00:00-05:00,6904.25,6905.25,6901.25,6903.25,3321,0.0,0.0
2025-12-22 01:00:00-05:00,6903.25,6907.75,6903.25,6906.5,3188,0.0,0.0
2025-12-22 02:00:00-05:00,6906.75,6911.75,6906.5,6910.25,5087,0.0,0.0
2025-12-22 03:00:00-05:00,6910.5,6913.0,6904.75,6905.75,9107,0.0,0.0
2025-12-22 04:00:00-05:00,6905.75,6912.25,6905.25,6910.5,7217,0.0,0.0
2025-12-22 05:00:00-05:00,6910.75,6912.5,6909.5,6911.0,5095,0.0,0.0
2025-12-22 06:00:00-05:00,6911.0,6913.75,6909.75,6910.75,6987,0.0,0.0
2025-12-22 07:00:00-05:00,6911.0,6915.5,6909.25,6914.75,11781,0.0,0.0
2025-12-22 08:00:00-05:00,6914.75,6919.5,6913.75,6919.25,15551,0.0,0.0
2025-12-22 09:00:00-05:00,6919.25,6927.75,6911.75,6922.25,146558,0.0,0.0
2025-12-22 10:00:00-05:00,6922.25,6923.75,6908.5,6918.5,154098,0.0,0.0
2025-12-22 11:00:00-05:00,6918.75,6932.25,6918.5,6932.25,111037,0.0,0.0
2025-12-22 12:00:00-05:00,6932.25,6936.25,6927.75,6934.75,75926,0.0,0.0
2025-12-22 13:00:00-05:00,6934.75,6935.0,6925.75,6927.25,74672,0.0,0.0
2025-12-22 14:00:00-05:00,6927.25,6932.5,6924.5,6930.25,67211,0.0,0.0
2025-12-22 15:00:00-05:00,6930.0,6933.75,6928.25,6929.5,166730,0.0,0.0
2025-12-22 16:00:00-05:00,6929.5,6932.5,6928.75,6930.75,34542,0.0,0.0
2025-12-22 18:00:00-05:00,6930.75,6933.5,6929.5,6930.75,0,0.0,0.0
2025-12-22 19:00:00-05:00,6931.0,6932.5,6929.5,6932.5,3931,0.0,0.0
2025-12-22 20:00:00-05:00,6932.5,6933.75,6928.5,6931.25,4993,0.0,0.0
2025-12-22 21:00:00-05:00,6931.25,6935.75,6931.0,6933.0,4784,0.0,0.0
2025-12-22 22:00:00-05:00,6933.0,6934.25,6929.75,6930.25,2775,0.0,0.0
2025-12-22 23:00:00-05:00,6930.5,6931.0,6925.25,6926.0,3323,0.0,0.0
2025-12-23 00:00:00-05:00,6925.75,6927.25,6924.5,6925.0,3712,0.0,0.0
2025-12-23 01:00:00-05:00,6925.0,6926.0,6922.25,6924.5,3772,0.0,0.0
2025-12-23 02:00:00-05:00,6924.5,6927.0,6923.0,6925.5,3314,0.0,0.0
2025-12-23 03:00:00-05:00,6925.5,6932.25,6924.75,6929.5,7397,0.0,0.0
2025-12-23 04:00:00-05:00,6929.25,6936.75,6929.0,6935.75,6313,0.0,0.0
2025-12-23 05:00:00-05:00,6935.75,6936.5,6931.0,6932.75,5667,0.0,0.0
2025-12-23 06:00:00-05:00,6932.75,6933.5,6929.5,6930.5,4310,0.0,0.0
2025-12-23 07:00:00-05:00,6930.25,6932.0,6924.0,6928.0,8480,0.0,0.0
2025-12-23 08:00:00-05:00,6928.0,6928.75,6913.25,6915.75,27674,0.0,0.0
2025-12-23 09:00:00-05:00,6915.75,6943.5,6913.75,6935.0,132425,0.0,0.0
2025-12-23 10:00:00-05:00,6934.75,6946.5,6924.0,6944.75,146575,0.0,0.0
2025-12-23 11:00:00-05:00,6945.0,6951.75,6944.0,6950.75,85373,0.0,0.0
2025-12-23 12:00:00-05:00,6950.75,6953.75,6948.25,6951.5,60723,0.0,0.0
2025-12-23 13:00:00-05:00,6951.5,6959.0,6951.0,6956.75,56467,0.0,0.0
2025-12-23 14:00:00-05:00,6956.75,6961.25,6956.5,6960.0,53399,0.0,0.0
2025-12-23 15:00:00-05:00,6960.25,6963.75,6957.75,6960.5,149349,0.0,0.0
2025-12-23 16:00:00-05:00,6960.25,6962.0,6957.0,6958.0,42650,0.0,0.0
2025-12-23 18:00:00-05:00,6959.5,6959.5,6955.5,6957.0,0,0.0,0.0
2025-12-23 19:00:00-05:00,6957.25,6959.5,6956.75,6957.75,3837,0.0,0.0
2025-12-23 20:00:00-05:00,6958.0,6959.5,6955.25,6956.25,3663,0.0,0.0
2025-12-23 21:00:00-05:00,6956.0,6956.75,6953.75,6954.75,4105,0.0,0.0
2025-12-23 22:00:00-05:00,6954.75,6956.25,6953.5,6955.25,2761,0.0,0.0
2025-12-23 23:00:00-05:00,6955.0,6956.25,6953.25,6953.5,1944,0.0,0.0
2025-12-24 09:30:00-05:00,6961.75,6967.0,6957.25,6965.75,68602,0.0,0.0
2025-12-24 10:30:00-05:00,6965.75,6975.25,6965.0,6975.0,75177,0.0,0.0
2025-12-24 11:30:00-05:00,6975.0,6985.5,6973.75,6984.0,80389,0.0,0.0
2025-12-24 12:30:00-05:00,6984.0,6988.0,6981.0,6982.5,115488,0.0,0.0
2025-12-26 00:00:00-05:00,6981.0,6982.25,6979.0,6980.0,2167,0.0,0.0
2025-12-26 01:00:00-05:00,6980.0,6980.75,6978.5,6979.25,2188,0.0,0.0
2025-12-26 02:00:00-05:00,6979.25,6979.5,6974.75,6976.75,3259,0.0,0.0
2025-12-26 03:00:00-05:00,6976.75,6978.25,6974.0,6977.25,3923,0.0,0.0
2025-12-26 04:00:00-05:00,6977.25,6980.5,6976.75,6979.25,2898,0.0,0.0
2025-12-26 05:00:00-05:00,6979.5,6982.0,6979.0,6980.0,2728,0.0,0.0
2025-12-26 06:00:00-05:00,6980.0,6981.0,6975.5,6977.75,2777,0.0,0.0
2025-12-26 07:00:00-05:00,6977.75,6981.75,6976.75,6980.25,3100,0.0,0.0
2025-12-26 08:00:00-05:00,6980.25,6985.5,6979.0,6982.25,11427,0.0,0.0
2025-12-26 09:00:00-05:00,6982.5,6994.0,6979.25,6984.75,91268,0.0,0.0
2025-12-26 10:00:00-05:00,6984.75,6986.75,6973.0,6984.75,100846,0.0,0.0
2025-12-26 11:00:00-05:00,6984.75,6986.25,6974.0,6976.75,59715,0.0,0.0
2025-12-26 12:00:00-05:00,6976.5,6978.75,6970.75,6974.75,56583,0.0,0.0
2025-12-26 13:00:00-05:00,6974.75,6979.75,6969.0,6978.75,53452,0.0,0.0
2025-12-26 14:00:00-05:00,6979.0,6981.25,6976.25,6978.0,45365,0.0,0.0
2025-12-26 15:00:00-05:00,6978.0,6981.5,6977.0,6980.0,104348,0.0,0.0
2025-12-26 16:00:00-05:00,6980.0,6981.0,6976.5,6979.25,26109,0.0,0.0
2025-12-28 18:00:00-05:00,6981.25,6982.5,6976.75,6979.5,3354,0.0,0.0
2025-12-28 19:00:00-05:00,6979.5,6984.75,6977.25,6984.5,5804,0.0,0.0
2025-12-28 20:00:00-05:00,6984.25,6984.75,6973.5,6974.75,6132,0.0,0.0
2025-12-28 21:00:00-05:00,6974.75,6976.25,6972.75,6974.5,3796,0.0,0.0
2025-12-28 22:00:00-05:00,6974.5,6977.75,6973.0,6977.25,3051,0.0,0.0
2025-12-28 23:00:00-05:00,6977.25,6979.25,6977.0,6977.25,2377,0.0,0.0
2025-12-29 00:00:00-05:00,6976.5,6976.5,6971.0,6971.75,4610,0.0,0.0
2025-12-29 01:00:00-05:00,6971.75,6976.75,6970.5,6971.75,4520,0.0,0.0
2025-12-29 02:00:00-05:00,6971.75,6973.25,6967.25,6969.0,5297,0.0,0.0
2025-12-29 03:00:00-05:00,6969.25,6969.75,6957.5,6959.0,12820,0.0,0.0
2025-12-29 04:00:00-05:00,6959.25,6965.75,6959.25,6964.25,9414,0.0,0.0
2025-12-29 05:00:00-05:00,6964.5,6966.75,6961.75,6962.5,5255,0.0,0.0
2025-12-29 06:00:00-05:00,6962.75,6966.75,6960.0,6966.25,6150,0.0,0.0
2025-12-29 07:00:00-05:00,6966.0,6966.25,6956.5,6960.0,9112,0.0,0.0
2025-12-29 08:00:00-05:00,6959.75,6963.0,6945.75,6952.0,23621,0.0,0.0
2025-12-29 09:00:00-05:00,6952.25,6967.75,6942.25,6951.25,150330,0.0,0.0
2025-12-29 10:00:00-05:00,6951.25,6959.75,6943.5,6949.25,145462,0.0,0.0
2025-12-29 11:00:00-05:00,6949.0,6952.0,6942.25,6946.5,81502,0.0,0.0
2025-12-29 12:00:00-05:00,6946.5,6948.0,6936.0,6945.5,66941,0.0,0.0
2025-12-29 13:00:00-05:00,6945.75,6954.75,6943.5,6948.0,60925,0.0,0.0
2025-12-29 14:00:00-05:00,6947.75,6960.75,6944.25,6959.0,74238,0.0,0.0
2025-12-29 15:00:00-05:00,6959.25,6962.5,6950.75,6955.25,120267,0.0,0.0
2025-12-29 16:00:00-05:00,6955.0,6957.0,6952.0,6956.5,29326,0.0,0.0
2025-12-29 18:00:00-05:00,6956.5,6957.25,6950.25,6951.0,0,0.0,0.0
2025-12-29 19:00:00-05:00,6951.0,6954.25,6949.5,6949.5,3146,0.0,0.0
2025-12-29 20:00:00-05:00,6949.75,6953.5,6948.25,6953.5,3412,0.0,0.0
2025-12-29 21:00:00-05:00,6953.5,6953.75,6948.25,6950.25,3060,0.0,0.0
2025-12-29 22:00:00-05:00,6950.25,6956.75,6950.0,6954.25,3214,0.0,0.0
2025-12-29 23:00:00-05:00,6954.25,6957.75,6953.25,6956.5,2227,0.0,0.0
2025-12-30 00:00:00-05:00,6956.25,6956.5,6952.25,6955.5,2738,0.0,0.0
2025-12-30 01:00:00-05:00,6955.5,6955.5,6950.25,6952.0,3210,0.0,0.0
2025-12-30 02:00:00-05:00,6952.0,6952.0,6943.75,6946.5,4731,0.0,0.0
2025-12-30 03:00:00-05:00,6946.75,6955.75,6946.75,6955.0,8856,0.0,0.0
2025-12-30 04:00:00-05:00,6954.75,6957.25,6953.25,6954.5,6613,0.0,0.0
2025-12-30 05:00:00-05:00,6954.75,6956.0,6951.0,6951.75,5994,0.0,0.0
2025-12-30 06:00:00-05:00,6951.75,6954.25,6947.0,6953.0,7526,0.0,0.0
2025-12-30 07:00:00-05:00,6953.0,6956.0,6949.5,6952.0,7765,0.0,0.0
2025-12-30 08:00:00-05:00,6951.75,6955.75,6948.25,6952.5,12839,0.0,0.0
2025-12-30 09:00:00-05:00,6952.5,6960.75,6944.0,6956.0,108354,0.0,0.0
2025-12-30 10:00:00-05:00,6956.25,6957.0,6940.75,6951.5,126746,0.0,0.0
2025-12-30 11:00:00-05:00,6951.5,6961.5,6947.25,6947.5,93198,0.0,0.0
2025-12-30 12:00:00-05:00,6947.5,6952.0,6943.5,6951.25,61831,0.0,0.0
2025-12-30 13:00:00-05:00,6951.25,6954.25,6947.0,6952.75,47658,0.0,0.0
2025-12-30 14:00:00-05:00,6953.0,6954.5,6948.25,6950.0,48275,0.0,0.0
2025-12-30 15:00:00-05:00,6950.0,6953.25,6942.25,6945.0,127324,0.0,0.0
2025-12-30 16:00:00-05:00,6945.0,6947.0,6942.75,6945.5,35157,0.0,0.0
2025-12-30 18:00:00-05:00,6945.5,6948.25,6939.0,6942.5,0,0.0,0.0
2025-12-30 19:00:00-05:00,6942.25,6942.25,6932.25,6933.75,4647,0.0,0.0
2025-12-30 20:00:00-05:00,6933.5,6935.5,6928.25,6933.25,5942,0.0,0.0
2025-12-30 21:00:00-05:00,6933.25,6938.0,6932.5,6937.25,4158,0.0,0.0
2025-12-30 22:00:00-05:00,6937.0,6938.75,6934.0,6935.0,2612,0.0,0.0
2025-12-30 23:00:00-05:00,6935.25,6938.25,6934.25,6935.25,1829,0.0,0.0
2025-12-31 00:00:00-05:00,6935.25,6936.0,6929.5,6930.5,2296,0.0,0.0
2025-12-31 01:00:00-05:00,6930.5,6931.25,6926.5,6929.5,3480,0.0,0.0
2025-12-31 02:00:00-05:00,6929.25,6932.75,6926.25,6930.0,3978,0.0,0.0
2025-12-31 03:00:00-05:00,6930.25,6931.75,6922.25,6923.5,6148,0.0,0.0
2025-12-31 04:00:00-05:00,6923.5,6928.5,6923.0,6924.75,4829,0.0,0.0
2025-12-31 05:00:00-05:00,6925.0,6928.5,6923.0,6926.75,3741,0.0,0.0
2025-12-31 06:00:00-05:00,6927.0,6931.5,6926.75,6931.25,3912,0.0,0.0
2025-12-31 07:00:00-05:00,6931.0,6937.5,6929.25,6936.25,7521,0.0,0.0
2025-12-31 08:00:00-05:00,6936.25,6951.5,6935.0,6949.25,17678,0.0,0.0
2025-12-31 09:00:00-05:00,6949.0,6951.0,6925.25,6932.0,110647,0.0,0.0
2025-12-31 10:00:00-05:00,6932.25,6933.25,6913.75,6915.5,108999,0.0,0.0
2025-12-31 11:00:00-05:00,6915.25,6926.75,6915.0,6926.0,72629,0.0,0.0
2025-12-31 12:00:00-05:00,6926.0,6926.75,6918.5,6920.5,58019,0.0,0.0
2025-12-31 13:00:00-05:00,6920.5,6933.5,6919.5,6931.25,54976,0.0,0.0
2025-12-31 14:00:00-05:00,6931.0,6935.25,6912.25,6913.25,94061,0.0,0.0
2025-12-31 15:00:00-05:00,6913.5,6914.25,6890.25,6891.75,271814,0.0,0.0
2025-12-31 16:00:00-05:00,6891.5,6897.75,6891.5,6893.75,62480,0.0,0.0
2026-01-02 00:00:00-05:00,6922.25,6924.75,6920.25,6924.5,4436,0.0,0.0
2026-01-02 01:00:00-05:00,6924.25,6925.75,6923.5,6923.5,4717,0.0,0.0
2026-01-02 02:00:00-05:00,6923.5,6924.75,6920.5,6921.75,5108,0.0,0.0
2026-01-02 03:00:00-05:00,6921.75,6932.5,6921.5,6931.25,20894,0.0,0.0
2026-01-02 04:00:00-05:00,6931.0,6937.75,6930.5,6937.0,13463,0.0,0.0
2026-01-02 05:00:00-05:00,6937.25,6938.5,6930.75,6935.75,9502,0.0,0.0
2026-01-02 06:00:00-05:00,6935.75,6938.0,6932.0,6933.25,6977,0.0,0.0
2026-01-02 07:00:00-05:00,6933.0,6933.75,6928.0,6931.25,11287,0.0,0.0
2026-01-02 08:00:00-05:00,6931.25,6931.75,6925.75,6928.5,15659,0.0,0.0
2026-01-02 09:00:00-05:00,6928.25,6939.25,6911.75,6932.75,180157,0.0,0.0
2026-01-02 10:00:00-05:00,6932.75,6939.75,6880.25,6884.0,337941,0.0,0.0
2026-01-02 11:00:00-05:00,6884.0,6895.75,6871.5,6880.5,224508,0.0,0.0
2026-01-02 12:00:00-05:00,6880.25,6897.25,6875.0,6880.75,136843,0.0,0.0
2026-01-02 13:00:00-05:00,6880.5,6886.75,6866.75,6873.75,112721,0.0,0.0
2026-01-02 14:00:00-05:00,6873.75,6908.75,6872.0,6900.25,137744,0.0,0.0
2026-01-02 15:00:00-05:00,6900.5,6906.0,6889.5,6900.25,202385,0.0,0.0
2026-01-02 16:00:00-05:00,6900.25,6905.25,6897.75,6900.0,43402,0.0,0.0
2026-01-04 18:00:00-05:00,6904.5,6910.0,6899.5,6907.0,9918,0.0,0.0
2026-01-04 19:00:00-05:00,6907.25,6910.5,6902.5,6908.0,10713,0.0,0.0
2026-01-04 20:00:00-05:00,6908.0,6912.25,6906.0,6908.75,11673,0.0,0.0
2026-01-04 21:00:00-05:00,6908.75,6912.75,6908.5,6911.25,5923,0.0,0.0
2026-01-04 22:00:00-05:00,6911.0,6912.25,6906.75,6907.5,4559,0.0,0.0
2026-01-04 23:00:00-05:00,6907.25,6912.75,6906.5,6911.5,4491,0.0,0.0
2026-01-05 00:00:00-05:00,6911.75,6912.5,6907.5,6912.25,5128,0.0,0.0
2026-01-05 01:00:00-05:00,6912.25,6915.5,6906.75,6915.0,6843,0.0,0.0
2026-01-05 02:00:00-05:00,6915.25,6915.75,6906.0,6909.75,6804,0.0,0.0
2026-01-05 03:00:00-05:00,6909.75,6920.75,6908.25,6916.25,15692,0.0,0.0
2026-01-05 04:00:00-05:00,6916.0,6920.0,6911.5,6914.0,9014,0.0,0.0
2026-01-05 05:00:00-05:00,6914.0,6921.75,6913.75,6920.25,8525,0.0,0.0
2026-01-05 06:00:00-05:00,6920.25,6924.5,6918.5,6922.25,9336,0.0,0.0
2026-01-05 07:00:00-05:00,6922.0,6925.75,6917.75,6921.0,10764,0.0,0.0
2026-01-05 08:00:00-05:00,6921.0,6925.75,6912.25,6923.0,19400,0.0,0.0
2026-01-05 09:00:00-05:00,6923.0,6947.75,6922.5,6939.0,221950,0.0,0.0
2026-01-05 10:00:00-05:00,6939.75,6957.5,6935.0,6952.25,195225,0.0,0.0
2026-01-05 11:00:00-05:00,6952.0,6963.5,6949.0,6957.75,123782,0.0,0.0
2026-01-05 12:00:00-05:00,6958.0,6960.25,6950.75,6954.5,99642,0.0,0.0
2026-01-05 13:00:00-05:00,6954.75,6956.75,6945.0,6954.5,87209,0.0,0.0
2026-01-05 14:00:00-05:00,6954.5,6956.25,6941.25,6944.75,87953,0.0,0.0
2026-01-05 15:00:00-05:00,6944.5,6951.0,6940.0,6946.25,201027,0.0,0.0
2026-01-05 16:00:00-05:00,6946.0,6946.75,6942.5,6943.5,34976,0.0,0.0
2026-01-05 18:00:00-05:00,6945.5,6947.75,6941.25,6941.75,0,0.0,0.0
2026-01-05 19:00:00-05:00,6941.75,6944.75,6939.5,6941.25,6159,0.0,0.0
2026-01-05 20:00:00-05:00,6941.5,6948.75,6940.25,6947.5,8793,0.0,0.0
2026-01-05 21:00:00-05:00,6947.75,6951.5,6946.25,6951.25,5921,0.0,0.0
2026-01-05 22:00:00-05:00,6951.25,6952.0,6950.0,6951.0,3734,0.0,0.0
2026-01-05 23:00:00-05:00,6950.75,6954.75,6950.75,6954.0,6620,0.0,0.0
2026-01-06 00:00:00-05:00,6953.75,6955.0,6952.5,6953.0,3244,0.0,0.0
2026-01-06 01:00:00-05:00,6952.75,6958.75,6952.75,6957.0,6249,0.0,0.0
2026-01-06 02:00:00-05:00,6957.0,6957.0,6951.75,6953.25,3716,0.0,0.0
2026-01-06 03:00:00-05:00,6953.25,6953.5,6931.0,6936.75,20598,0.0,0.0
2026-01-06 04:00:00-05:00,6937.0,6944.5,6935.75,6939.25,16181,0.0,0.0
2026-01-06 05:00:00-05:00,6939.25,6942.0,6938.25,6940.5,6891,0.0,0.0
2026-01-06 06:00:00-05:00,6940.5,6942.75,6939.0,6940.0,6056,0.0,0.0
2026-01-06 07:00:00-05:00,6939.75,6949.25,6939.25,6948.0,11106,0.0,0.0
2026-01-06 08:00:00-05:00,6947.75,6949.25,6939.0,6943.75,18755,0.0,0.0
2026-01-06 09:00:00-05:00,6943.75,6970.0,6939.75,6969.0,162453,0.0,0.0
2026-01-06 10:00:00-05:00,6969.25,6977.25,6955.5,6959.0,211630,0.0,0.0
2026-01-06 11:00:00-05:00,6958.75,6962.75,6951.5,6962.0,149035,0.0,0.0
2026-01-06 12:00:00-05:00,6961.75,6978.0,6959.0,6977.75,103763,0.0,0.0
2026-01-06 13:00:00-05:00,6977.75,6985.0,6973.75,6984.75,86731,0.0,0.0
2026-01-06 14:00:00-05:00,6986.5,6990.0,6985.0,6987.25,74198,0.0,0.0
2026-01-06 15:00:00-05:00,6988.5,6991.5,6987.25,6989.25,107792,0.0,0.0
2026-01-06 16:00:00-05:00,6987.5,6989.0,6986.25,6988.5,107467,0.0,0.0
2026-01-06 18:00:00-05:00,6988.5,6991.5,6986.25,6987.0,0,0.0,0.0
2026-01-06 19:00:00-05:00,6987.0,6990.25,6986.5,6988.75,5970,0.0,0.0
2026-01-06 20:00:00-05:00,6988.75,6989.5,6986.25,6988.25,6492,0.0,0.0
2026-01-06 21:00:00-05:00,6988.0,6991.0,6986.25,6987.0,4646,0.0,0.0
2026-01-06 22:00:00-05:00,6987.25,6989.25,6986.0,6986.25,3376,0.0,0.0
2026-01-06 23:00:00-05:00,6986.5,6986.75,6984.0,6984.75,4489,0.0,0.0
2026-01-07 00:00:00-05:00,6984.25,6986.75,6983.5,6984.25,3974,0.0,0.0
2026-01-07 01:00:00-05:00,6984.25,6987.25,6981.0,6981.5,4494,0.0,0.0
2026-01-07 02:00:00-05:00,6981.25,6983.5,6980.5,6980.75,3810,0.0,0.0
2026-01-07 03:00:00-05:00,6980.75,6984.75,6978.75,6979.25,8632,0.0,0.0
2026-01-07 04:00:00-05:00,6979.0,6979.75,6975.75,6978.75,8685,0.0,0.0
2026-01-07 05:00:00-05:00,6978.75,6981.25,6975.25,6978.5,7182,0.0,0.0
2026-01-07 06:00:00-05:00,6978.5,6982.5,6977.25,6982.25,7108,0.0,0.0
2026-01-07 07:00:00-05:00,6982.25,6985.0,6980.0,6983.75,10358,0.0,0.0
2026-01-07 08:00:00-05:00,6983.5,6990.0,6980.5,6989.5,20393,0.0,0.0
2026-01-07 09:00:00-05:00,6989.25,6998.25,6984.25,6992.5,131406,0.0,0.0
2026-01-07 10:00:00-05:00,6993.0,6994.5,6976.25,6991.0,212953,0.0,0.0
2026-01-07 11:00:00-05:00,6994.0,7002.5,6986.0,7002.25,132409,0.0,0.0
2026-01-07 12:00:00-05:00,7002.25,7006.75,6994.75,6997.0,103250,0.0,0.0
2026-01-07 13:00:00-05:00,6996.75,6998.5,6987.25,6995.0,103953,0.0,0.0
2026-01-07 14:00:00-05:00,6995.25,6995.75,6981.25,6984.25,107495,0.0,0.0
2026-01-07 15:00:00-05:00,6984.25,6985.0,6959.25,6962.75,241731,0.0,0.0
2026-01-07 16:00:00-05:00,6963.0,6967.25,6958.0,6967.0,48767,0.0,0.0
2026-01-07 18:00:00-05:00,6967.5,6969.5,6963.75,6964.5,0,0.0,0.0
2026-01-07 19:00:00-05:00,6964.5,6968.75,6962.25,6968.5,5111,0.0,0.0
2026-01-07 20:00:00-05:00,6968.5,6968.75,6963.75,6967.75,6675,0.0,0.0
2026-01-07 21:00:00-05:00,6968.0,6968.75,6955.0,6957.75,8648,0.0,0.0
2026-01-07 22:00:00-05:00,6957.5,6958.25,6953.75,6954.75,6984,0.0,0.0
2026-01-07 23:00:00-05:00,6954.75,6957.0,6953.25,6954.75,3219,0.0,0.0
2026-01-08 00:00:00-05:00,6954.0,6954.5,6946.0,6946.0,6172,0.0,0.0
2026-01-08 01:00:00-05:00,6946.25,6946.75,6935.25,6941.5,13208,0.0,0.0
2026-01-08 02:00:00-05:00,6941.75,6957.75,6936.5,6948.0,16169,0.0,0.0
2026-01-08 03:00:00-05:00,6948.0,6957.0,6947.75,6951.75,11865,0.0,0.0
2026-01-08 04:00:00-05:00,6952.0,6955.5,6945.75,6949.5,8896,0.0,0.0
2026-01-08 05:00:00-05:00,6949.5,6950.5,6944.5,6950.25,8530,0.0,0.0
2026-01-08 06:00:00-05:00,6950.25,6953.25,6943.75,6949.0,13643,0.0,0.0
2026-01-08 07:00:00-05:00,6948.75,6951.75,6944.75,6949.25,12005,0.0,0.0
2026-01-08 08:00:00-05:00,6949.0,6959.75,6947.5,6956.5,20157,0.0,0.0
2026-01-08 09:00:00-05:00,6956.25,6958.75,6940.0,6948.25,195662,0.0,0.0
2026-01-08 10:00:00-05:00,6948.25,6966.0,6944.0,6964.5,232633,0.0,0.0
2026-01-08 11:00:00-05:00,6964.5,6967.25,6950.5,6965.5,168225,0.0,0.0
2026-01-08 12:00:00-05:00,6965.25,6972.5,6957.5,6967.25,101296,0.0,0.0
2026-01-08 13:00:00-05:00,6967.25,6968.25,6953.75,6955.0,104451,0.0,0.0
2026-01-08 14:00:00-05:00,6955.0,6960.0,6949.25,6955.25,92092,0.0,0.0
2026-01-08 15:00:00-05:00,6955.0,6967.0,6953.75,6960.75,166685,0.0,0.0
2026-01-08 16:00:00-05:00,6961.0,6977.75,6960.5,6971.25,47157,0.0,0.0
2026-01-08 18:00:00-05:00,6973.25,6974.0,6963.0,6964.0,0,0.0,0.0
2026-01-08 19:00:00-05:00,6964.0,6967.5,6961.0,6961.5,5796,0.0,0.0
2026-01-08 20:00:00-05:00,6961.5,6963.25,6954.25,6957.75,7581,0.0,0.0
2026-01-08 21:00:00-05:00,6957.75,6964.5,6957.0,6962.5,6249,0.0,0.0
2026-01-08 22:00:00-05:00,6962.5,6963.5,6959.75,6960.75,3307,0.0,0.0
2026-01-08 23:00:00-05:00,6961.0,6962.0,6957.75,6961.5,3006,0.0,0.0
2026-01-09 00:00:00-05:00,6962.5,6963.5,6958.5,6963.0,3439,0.0,0.0
2026-01-09 01:00:00-05:00,6963.0,6965.25,6959.25,6963.25,3564,0.0,0.0
2026-01-09 02:00:00-05:00,6963.5,6963.75,6956.25,6960.75,4873,0.0,0.0
2026-01-09 03:00:00-05:00,6961.0,6965.5,6956.75,6957.75,9358,0.0,0.0
2026-01-09 04:00:00-05:00,6957.75,6968.0,6956.75,6967.5,8177,0.0,0.0
2026-01-09 05:00:00-05:00,6967.75,6969.25,6965.75,6966.75,5584,0.0,0.0
2026-01-09 06:00:00-05:00,6966.75,6973.25,6965.5,6968.0,8064,0.0,0.0
2026-01-09 07:00:00-05:00,6968.0,6972.0,6965.25,6971.75,7977,0.0,0.0
2026-01-09 08:00:00-05:00,6971.75,6988.5,6969.5,6987.0,39032,0.0,0.0
2026-01-09 09:00:00-05:00,6987.0,6989.75,6968.25,6979.5,171600,0.0,0.0
2026-01-09 10:00:00-05:00,6979.5,6999.75,6955.75,6983.75,306230,0.0,0.0
2026-01-09 11:00:00-05:00,6983.75,7005.25,6983.75,7003.75,166874,0.0,0.0
2026-01-09 12:00:00-05:00,7004.0,7010.0,7002.0,7004.5,91893,0.0,0.0
2026-01-09 13:00:00-05:00,7004.5,7014.0,6998.25,7010.25,98875,0.0,0.0
2026-01-09 14:00:00-05:00,7010.0,7017.0,7008.25,7013.75,73834,0.0,0.0
2026-01-09 15:00:00-05:00,7013.5,7017.5,7003.25,7004.5,187016,0.0,0.0
2026-01-09 16:00:00-05:00,7004.5,7005.75,7001.75,7005.0,55503,0.0,0.0
2026-01-11 18:00:00-05:00,7000.25,7001.75,6993.75,6998.25,6581,0.0,0.0
2026-01-11 19:00:00-05:00,6998.0,6999.25,6975.25,6979.25,22968,0.0,0.0
2026-01-11 20:00:00-05:00,6979.25,6980.0,6967.25,6977.25,24711,0.0,0.0
2026-01-11 21:00:00-05:00,6977.5,6977.5,6968.25,6970.0,13195,0.0,0.0
2026-01-11 22:00:00-05:00,6970.0,6971.5,6964.5,6967.75,9482,0.0,0.0
2026-01-11 23:00:00-05:00,6968.0,6969.0,6964.0,6966.75,6136,0.0,0.0
2026-01-12 00:00:00-05:00,6966.25,6968.75,6958.25,6962.5,8217,0.0,0.0
2026-01-12 01:00:00-05:00,6962.5,6967.0,6961.5,6964.75,5828,0.0,0.0
2026-01-12 02:00:00-05:00,6964.5,6970.25,6964.0,6967.5,8571,0.0,0.0
2026-01-12 03:00:00-05:00,6967.5,6970.75,6950.0,6953.0,30749,0.0,0.0
2026-01-12 04:00:00-05:00,6953.25,6959.0,6951.75,6957.75,14492,0.0,0.0
2026-01-12 05:00:00-05:00,6958.0,6961.75,6955.5,6958.75,10133,0.0,0.0
2026-01-12 06:00:00-05:00,6958.75,6964.5,6957.5,6961.0,9792,0.0,0.0
2026-01-12 07:00:00-05:00,6960.75,6970.5,6960.5,6968.5,16434,0.0,0.0
2026-01-12 08:00:00-05:00,6968.75,6970.0,6964.5,6966.75,21802,0.0,0.0
2026-01-12 09:00:00-05:00,6966.75,7002.75,6964.5,6999.75,170957,0.0,0.0
2026-01-12 10:00:00-05:00,7000.0,7004.5,6993.0,7002.75,161651,0.0,0.0
2026-01-12 11:00:00-05:00,7002.75,7012.5,7000.25,7009.5,92646,0.0,0.0
2026-01-12 12:00:00-05:00,7009.75,7012.25,7004.75,7010.5,52655,0.0,0.0
2026-01-12 13:00:00-05:00,7010.75,7018.0,7009.75,7016.25,53107,0.0,0.0
2026-01-12 14:00:00-05:00,7016.25,7024.5,7013.5,7024.0,61150,0.0,0.0
2026-01-12 15:00:00-05:00,7024.0,7025.25,7015.75,7016.0,148541,0.0,0.0
2026-01-12 16:00:00-05:00,7016.0,7018.75,7009.75,7011.5,49764,0.0,0.0
2026-01-12 18:00:00-05:00,7014.0,7014.0,7005.5,7006.0,0,0.0,0.0
2026-01-12 19:00:00-05:00,7005.75,7007.0,7002.0,7002.25,8121,0.0,0.0
2026-01-12 20:00:00-05:00,7002.25,7008.5,6998.75,7005.75,9739,0.0,0.0
2026-01-12 21:00:00-05:00,7006.0,7009.5,7005.0,7007.25,5799,0.0,0.0
2026-01-12 22:00:00-05:00,7007.25,7009.5,7004.75,7007.0,3691,0.0,0.0
2026-01-12 23:00:00-05:00,7007.25,7009.5,7006.0,7008.75,2808,0.0,0.0
2026-01-13 00:00:00-05:00,7007.25,7010.75,7006.5,7009.75,3555,0.0,0.0
2026-01-13 01:00:00-05:00,7009.75,7014.0,7009.5,7011.0,4265,0.0,0.0
2026-01-13 02:00:00-05:00,7011.25,7013.0,7009.0,7011.0,3987,0.0,0.0
2026-01-13 03:00:00-05:00,7011.0,7011.0,7005.75,7008.5,9077,0.0,0.0
2026-01-13 04:00:00-05:00,7008.75,7012.25,7005.75,7008.5,7332,0.0,0.0
2026-01-13 05:00:00-05:00,7008.25,7008.75,7002.5,7005.25,6507,0.0,0.0
2026-01-13 06:00:00-05:00,7005.25,7010.25,7003.75,7010.25,8297,0.0,0.0
2026-01-13 07:00:00-05:00,7010.25,7011.25,7005.5,7006.5,12018,0.0,0.0
2026-01-13 08:00:00-05:00,7006.5,7036.25,7004.75,7020.0,71619,0.0,0.0
2026-01-13 09:00:00-05:00,7019.75,7027.5,7005.0,7005.25,169791,0.0,0.0
2026-01-13 10:00:00-05:00,7005.25,7008.25,6983.5,7000.5,243974,0.0,0.0
2026-01-13 11:00:00-05:00,7000.25,7015.25,6986.75,7012.25,156405,0.0,0.0
2026-01-13 12:00:00-05:00,7012.5,7014.5,6988.0,6992.25,139103,0.0,0.0
2026-01-13 13:00:00-05:00,6992.0,6999.5,6987.0,6990.75,103027,0.0,0.0
2026-01-13 14:00:00-05:00,6991.0,6995.25,6985.0,6992.5,98023,0.0,0.0
2026-01-13 15:00:00-05:00,6992.25,7003.25,6976.75,7000.75,203710,0.0,0.0
2026-01-13 16:00:00-05:00,7000.75,7004.25,6998.25,6999.25,41630,0.0,0.0
2026-01-13 18:00:00-05:00,6998.5,7001.75,6996.75,6997.75,0,0.0,0.0
2026-01-13 19:00:00-05:00,6997.75,7002.5,6996.0,6999.5,6190,0.0,0.0
2026-01-13 20:00:00-05:00,6999.25,7000.5,6992.25,6992.75,6769,0.0,0.0
2026-01-13 21:00:00-05:00,6992.75,6995.25,6991.0,6994.75,4646,0.0,0.0
2026-01-13 22:00:00-05:00,6994.75,7000.0,6994.5,6998.5,3986,0.0,0.0
2026-01-13 23:00:00-05:00,6998.25,6999.0,6989.0,6990.5,4463,0.0,0.0
2026-01-14 00:00:00-05:00,6990.25,6991.5,6985.5,6986.25,5802,0.0,0.0
2026-01-14 01:00:00-05:00,6986.25,6989.0,6983.25,6989.0,7966,0.0,0.0
2026-01-14 02:00:00-05:00,6989.25,6990.25,6986.25,6989.0,4846,0.0,0.0
2026-01-14 03:00:00-05:00,6989.0,6992.25,6985.75,6989.75,9110,0.0,0.0
2026-01-14 04:00:00-05:00,6989.75,6994.0,6986.75,6990.0,7681,0.0,0.0
2026-01-14 05:00:00-05:00,6990.0,6990.25,6967.25,6971.5,24607,0.0,0.0
2026-01-14 06:00:00-05:00,6971.25,6977.5,6966.25,6972.25,15437,0.0,0.0
2026-01-14 07:00:00-05:00,6972.25,6981.25,6963.5,6976.0,18814,0.0,0.0
2026-01-14 08:00:00-05:00,6976.0,6980.75,6967.0,6970.75,29146,0.0,0.0
2026-01-14 09:00:00-05:00,6970.75,6979.75,6948.25,6949.25,208972,0.0,0.0
2026-01-14 10:00:00-05:00,6949.25,6971.25,6926.5,6933.5,326635,0.0,0.0
2026-01-14 11:00:00-05:00,6933.5,6957.0,6923.25,6928.0,205939,0.0,0.0
2026-01-14 12:00:00-05:00,6927.75,6936.75,6923.75,6928.25,142510,0.0,0.0
2026-01-14 13:00:00-05:00,6928.25,6944.5,6924.75,6943.5,131950,0.0,0.0
2026-01-14 14:00:00-05:00,6943.25,6948.5,6938.25,6943.25,105096,0.0,0.0
2026-01-14 15:00:00-05:00,6943.0,6970.25,6935.5,6968.0,333893,0.0,0.0
2026-01-14 16:00:00-05:00,6968.0,6970.75,6945.0,6960.0,66422,0.0,0.0
2026-01-14 18:00:00-05:00,6955.75,6961.25,6949.5,6959.75,0,0.0,0.0
2026-01-14 19:00:00-05:00,6959.75,6960.0,6955.5,6958.25,6048,0.0,0.0
2026-01-14 20:00:00-05:00,6958.25,6965.25,6952.5,6964.0,11344,0.0,0.0
2026-01-14 21:00:00-05:00,6964.25,6964.75,6958.0,6960.25,4521,0.0,0.0
2026-01-14 22:00:00-05:00,6960.25,6963.25,6956.25,6956.75,5018,0.0,0.0
2026-01-14 23:00:00-05:00,6956.75,6960.25,6955.5,6957.25,4406,0.0,0.0
2026-01-15 00:00:00-05:00,6960.75,6968.25,6960.25,6963.25,9020,0.0,0.0
2026-01-15 01:00:00-05:00,6963.25,6977.75,6961.25,6973.75,13227,0.0,0.0
2026-01-15 02:00:00-05:00,6973.75,6975.25,6969.25,6971.75,8337,0.0,0.0
2026-01-15 03:00:00-05:00,6971.75,6979.75,6968.25,6978.0,14501,0.0,0.0
2026-01-15 04:00:00-05:00,6978.25,6992.75,6977.25,6988.25,16553,0.0,0.0
2026-01-15 05:00:00-05:00,6988.25,6991.5,6986.75,6989.5,10014,0.0,0.0
2026-01-15 06:00:00-05:00,6989.5,6993.5,6989.25,6990.75,10981,0.0,0.0
2026-01-15 07:00:00-05:00,6990.75,6994.0,6987.5,6992.75,16838,0.0,0.0
2026-01-15 08:00:00-05:00,6992.5,7002.0,6989.25,6998.25,30656,0.0,0.0
2026-01-15 09:00:00-05:00,6998.25,7011.25,6994.5,6998.75,188904,0.0,0.0
2026-01-15 10:00:00-05:00,6999.0,7012.0,6992.5,7007.25,211734,0.0,0.0
2026-01-15 11:00:00-05:00,7007.25,7016.5,7006.0,7013.25,108839,0.0,0.0
2026-01-15 12:00:00-05:00,7013.25,7017.25,7001.5,7002.25,92196,0.0,0.0
2026-01-15 13:00:00-05:00,7002.25,7015.25,7001.25,7009.75,68455,0.0,0.0
2026-01-15 14:00:00-05:00,7009.5,7009.5,6988.0,6989.75,135766,0.0,0.0
2026-01-15 15:00:00-05:00,6989.75,6992.75,6974.75,6984.75,216295,0.0,0.0
2026-01-15 16:00:00-05:00,6984.75,6986.5,6981.0,6983.5,40456,0.0,0.0
2026-01-15 18:00:00-05:00,6986.75,6991.0,6982.75,6989.75,0,0.0,0.0
2026-01-15 19:00:00-05:00,6989.5,6992.5,6987.5,6992.0,4384,0.0,0.0
2026-01-15 20:00:00-05:00,6991.75,6995.25,6988.5,6993.5,8089,0.0,0.0
2026-01-15 21:00:00-05:00,6993.25,6998.25,6991.75,6997.25,5420,0.0,0.0
2026-01-15 22:00:00-05:00,6997.25,7000.0,6996.75,6998.25,4023,0.0,0.0
2026-01-15 23:00:00-05:00,6998.5,7003.25,6998.0,7002.5,4021,0.0,0.0
2026-01-16 00:00:00-05:00,7003.25,7003.75,7000.75,7001.25,3585,0.0,0.0
2026-01-16 01:00:00-05:00,7001.5,7004.0,7000.25,7003.75,3272,0.0,0.0
2026-01-16 02:00:00-05:00,7003.75,7005.5,7000.5,7003.0,4258,0.0,0.0
2026-01-16 03:00:00-05:00,7003.0,7007.0,6996.75,7000.0,10632,0.0,0.0
2026-01-16 04:00:00-05:00,7000.0,7004.0,6998.0,6998.0,8156,0.0,0.0
2026-01-16 05:00:00-05:00,6998.0,7003.75,6997.5,7001.75,7719,0.0,0.0
2026-01-16 06:00:00-05:00,7001.75,7004.25,6991.5,6993.25,12262,0.0,0.0
2026-01-16 07:00:00-05:00,6993.0,6997.5,6987.25,6992.0,15506,0.0,0.0
2026-01-16 08:00:00-05:00,6991.75,6995.5,6988.75,6990.75,21407,0.0,0.0
2026-01-16 09:00:00-05:00,6990.75,7002.25,6978.75,6979.0,184326,0.0,0.0
2026-01-16 10:00:00-05:00,6979.0,6987.75,6960.5,6978.25,250726,0.0,0.0
2026-01-16 11:00:00-05:00,6978.0,6995.0,6975.25,6987.0,165962,0.0,0.0
2026-01-16 12:00:00-05:00,6986.75,6990.0,6978.75,6979.25,78617,0.0,0.0
2026-01-16 13:00:00-05:00,6979.5,6992.75,6978.0,6986.75,62879,0.0,0.0
2026-01-16 14:00:00-05:00,6986.75,6997.5,6980.0,6987.25,110758,0.0,0.0
2026-01-16 15:00:00-05:00,6987.25,6989.25,6975.0,6976.5,188977,0.0,0.0
2026-01-16 16:00:00-05:00,6976.5,6980.25,6973.5,6976.75,46065,0.0,0.0
2026-01-18 23:00:00-05:00,6976.75,6976.75,6915.75,6916.25,846,0.0,0.0
2026-01-20 00:00:00-05:00,6903.25,6909.5,6901.75,6904.75,7576,0.0,0.0
2026-01-20 01:00:00-05:00,6904.75,6905.5,6878.75,6887.75,22103,0.0,0.0
2026-01-20 02:00:00-05:00,6888.0,6889.5,6877.25,6882.5,15381,0.0,0.0
2026-01-20 03:00:00-05:00,6882.5,6883.75,6857.0,6864.5,39355,0.0,0.0
2026-01-20 04:00:00-05:00,6864.5,6868.5,6846.75,6852.25,36371,0.0,0.0
2026-01-20 05:00:00-05:00,6852.25,6868.0,6847.5,6862.5,22379,0.0,0.0
2026-01-20 06:00:00-05:00,6862.5,6874.5,6861.75,6870.0,22800,0.0,0.0
2026-01-20 07:00:00-05:00,6869.75,6887.25,6866.5,6881.0,36070,0.0,0.0
2026-01-20 08:00:00-05:00,6881.25,6885.25,6860.5,6867.5,67955,0.0,0.0
2026-01-20 09:00:00-05:00,6867.25,6890.25,6865.25,6878.75,273284,0.0,0.0
2026-01-20 10:00:00-05:00,6878.5,6904.75,6865.75,6895.0,286103,0.0,0.0
2026-01-20 11:00:00-05:00,6895.0,6902.75,6880.25,6894.0,208493,0.0,0.0
2026-01-20 12:00:00-05:00,6894.0,6896.25,6861.25,6867.25,198257,0.0,0.0
2026-01-20 13:00:00-05:00,6867.25,6871.5,6836.5,6843.5,170912,0.0,0.0
2026-01-20 14:00:00-05:00,6843.75,6849.75,6829.0,6834.75,170895,0.0,0.0
2026-01-20 15:00:00-05:00,6834.75,6838.0,6822.25,6833.25,321448,0.0,0.0
2026-01-20 16:00:00-05:00,6833.5,6840.5,6828.75,6837.5,59638,0.0,0.0
2026-01-20 18:00:00-05:00,6839.0,6843.5,6829.25,6832.25,0,0.0,0.0
2026-01-20 19:00:00-05:00,6832.25,6845.0,6832.25,6843.75,10536,0.0,0.0
2026-01-20 20:00:00-05:00,6844.0,6851.5,6843.5,6849.0,12178,0.0,0.0
2026-01-20 21:00:00-05:00,6849.25,6849.75,6842.75,6844.75,8441,0.0,0.0
2026-01-20 22:00:00-05:00,6844.75,6854.75,6844.5,6848.75,12255,0.0,0.0
2026-01-20 23:00:00-05:00,6848.75,6852.25,6846.0,6849.75,7017,0.0,0.0
2026-01-21 00:00:00-05:00,6850.75,6853.75,6849.0,6852.75,7586,0.0,0.0
2026-01-21 01:00:00-05:00,6852.75,6855.5,6847.25,6847.25,9116,0.0,0.0
2026-01-21 02:00:00-05:00,6847.25,6857.5,6846.5,6852.75,11729,0.0,0.0
2026-01-21 03:00:00-05:00,6852.75,6856.75,6848.75,6852.5,19681,0.0,0.0
2026-01-21 04:00:00-05:00,6852.5,6855.25,6836.75,6836.75,18500,0.0,0.0
2026-01-21 05:00:00-05:00,6837.0,6849.25,6835.0,6842.25,14485,0.0,0.0
2026-01-21 06:00:00-05:00,6842.0,6842.5,6818.75,6819.5,22149,0.0,0.0
2026-01-21 07:00:00-05:00,6819.5,6828.75,6814.5,6825.75,29822,0.0,0.0
2026-01-21 08:00:00-05:00,6825.75,6832.25,6815.75,6824.75,41297,0.0,0.0
2026-01-21 09:00:00-05:00,6824.75,6883.25,6821.75,6881.25,283474,0.0,0.0
2026-01-21 10:00:00-05:00,6881.5,6908.75,6873.0,6904.75,249521,0.0,0.0
2026-01-21 11:00:00-05:00,6904.5,6905.75,6855.5,6856.75,252994,0.0,0.0
2026-01-21 12:00:00-05:00,6857.0,6866.25,6837.25,6862.75,240025,0.0,0.0
2026-01-21 13:00:00-05:00,6862.5,6871.75,6842.5,6866.5,151899,0.0,0.0
2026-01-21 14:00:00-05:00,6866.5,6945.0,6855.25,6942.25,345532,0.0,0.0
2026-01-21 15:00:00-05:00,6942.5,6945.25,6903.25,6911.0,329289,0.0,0.0
2026-01-21 16:00:00-05:00,6911.0,6919.5,6910.0,6915.75,42306,0.0,0.0
2026-01-21 18:00:00-05:00,6920.0,6928.25,6919.0,6924.25,0,0.0,0.0
2026-01-21 19:00:00-05:00,6924.25,6929.75,6922.0,6927.0,7979,0.0,0.0
2026-01-21 20:00:00-05:00,6927.0,6934.25,6925.5,6933.25,9709,0.0,0.0
2026-01-21 21:00:00-05:00,6933.0,6934.75,6928.25,6929.5,6799,0.0,0.0
2026-01-21 22:00:00-05:00,6929.5,6933.75,6929.5,6932.25,5692,0.0,0.0
2026-01-21 23:00:00-05:00,6932.25,6932.25,6927.5,6929.5,5283,0.0,0.0
2026-01-22 00:00:00-05:00,6929.5,6929.5,6919.5,6921.0,6397,0.0,0.0
2026-01-22 01:00:00-05:00,6920.5,6925.75,6911.25,6922.0,10906,0.0,0.0
2026-01-22 02:00:00-05:00,6922.0,6932.0,6914.75,6930.0,10413,0.0,0.0
2026-01-22 03:00:00-05:00,6929.75,6952.25,6928.75,6947.25,27255,0.0,0.0
2026-01-22 04:00:00-05:00,6947.0,6956.0,6946.5,6953.0,15333,0.0,0.0
2026-01-22 05:00:00-05:00,6953.25,6954.25,6946.25,6951.25,15552,0.0,0.0
2026-01-22 06:00:00-05:00,6951.0,6954.75,6944.0,6945.25,17366,0.0,0.0
2026-01-22 07:00:00-05:00,6945.0,6948.75,6941.75,6947.5,16050,0.0,0.0
2026-01-22 08:00:00-05:00,6947.5,6958.5,6945.0,6957.5,30415,0.0,0.0
2026-01-22 09:00:00-05:00,6957.5,6964.5,6930.5,6936.0,198858,0.0,0.0
2026-01-22 10:00:00-05:00,6935.5,6951.75,6925.5,6943.0,216058,0.0,0.0
2026-01-22 11:00:00-05:00,6943.0,6962.0,6942.5,6954.25,124216,0.0,0.0
2026-01-22 12:00:00-05:00,6954.25,6968.25,6951.0,6967.0,101600,0.0,0.0
2026-01-22 13:00:00-05:00,6966.75,6969.0,6955.25,6957.25,82559,0.0,0.0
2026-01-22 14:00:00-05:00,6957.25,6966.75,6944.5,6944.5,88371,0.0,0.0
2026-01-22 15:00:00-05:00,6944.5,6952.25,6932.5,6946.0,227586,0.0,0.0
2026-01-22 16:00:00-05:00,6945.75,6948.5,6935.75,6940.25,43963,0.0,0.0
2026-01-22 18:00:00-05:00,6938.0,6944.25,6933.5,6941.25,0,0.0,0.0
2026-01-22 19:00:00-05:00,6941.0,6950.0,6937.5,6949.5,6721,0.0,0.0
2026-01-22 20:00:00-05:00,6949.5,6957.0,6949.0,6956.5,13208,0.0,0.0
2026-01-22 21:00:00-05:00,6956.75,6957.0,6951.5,6951.75,5164,0.0,0.0
2026-01-22 22:00:00-05:00,6951.75,6958.5,6951.75,6956.5,5244,0.0,0.0
2026-01-22 23:00:00-05:00,6956.5,6959.0,6954.75,6958.5,4425,0.0,0.0
2026-01-23 00:00:00-05:00,6958.75,6960.75,6958.0,6960.5,3290,0.0,0.0
2026-01-23 01:00:00-05:00,6960.5,6963.25,6957.25,6957.5,4427,0.0,0.0
2026-01-23 02:00:00-05:00,6957.5,6960.75,6953.25,6955.0,6360,0.0,0.0
2026-01-23 03:00:00-05:00,6954.75,6955.0,6935.25,6938.25,18347,0.0,0.0
2026-01-23 04:00:00-05:00,6938.25,6942.75,6925.5,6929.5,20535,0.0,0.0
2026-01-23 05:00:00-05:00,6929.25,6931.25,6925.75,6929.75,11295,0.0,0.0
2026-01-23 06:00:00-05:00,6929.75,6943.75,6929.25,6933.5,24281,0.0,0.0
2026-01-23 07:00:00-05:00,6933.25,6942.5,6931.0,6940.5,14285,0.0,0.0
2026-01-23 08:00:00-05:00,6940.5,6940.5,6925.75,6928.0,20123,0.0,0.0
2026-01-23 09:00:00-05:00,6927.75,6942.0,6924.75,6941.5,136584,0.0,0.0
2026-01-23 10:00:00-05:00,6941.75,6961.25,6936.5,6958.75,170411,0.0,0.0
2026-01-23 11:00:00-05:00,6958.75,6964.0,6948.25,6951.75,135326,0.0,0.0
2026-01-23 12:00:00-05:00,6951.75,6958.0,6931.0,6933.5,136798,0.0,0.0
2026-01-23 13:00:00-05:00,6933.5,6947.0,6932.25,6943.5,107106,0.0,0.0
2026-01-23 14:00:00-05:00,6943.75,6956.25,6943.25,6949.5,87603,0.0,0.0
2026-01-23 15:00:00-05:00,6949.5,6950.25,6939.25,6945.5,181280,0.0,0.0
2026-01-23 16:00:00-05:00,6945.75,6946.0,6932.25,6933.75,49485,0.0,0.0
2026-01-25 18:00:00-05:00,6894.0,6916.5,6893.5,6914.25,15168,0.0,0.0
2026-01-25 19:00:00-05:00,6914.5,6925.0,6911.5,6919.5,14331,0.0,0.0
2026-01-25 20:00:00-05:00,6919.5,6933.25,6917.25,6930.0,14728,0.0,0.0
2026-01-25 21:00:00-05:00,6930.0,6933.0,6920.25,6923.0,8127,0.0,0.0
2026-01-25 22:00:00-05:00,6923.0,6931.75,6923.0,6927.0,7173,0.0,0.0
2026-01-25 23:00:00-05:00,6927.0,6931.5,6924.25,6927.5,4588,0.0,0.0
2026-01-26 00:00:00-05:00,6926.75,6934.0,6925.5,6933.25,4735,0.0,0.0
2026-01-26 01:00:00-05:00,6933.5,6939.0,6932.75,6934.0,6394,0.0,0.0
2026-01-26 02:00:00-05:00,6934.0,6943.0,6933.25,6940.75,7215,0.0,0.0
2026-01-26 03:00:00-05:00,6941.0,6949.25,6940.75,6948.0,11067,0.0,0.0
2026-01-26 04:00:00-05:00,6948.0,6950.25,6921.75,6928.25,18958,0.0,0.0
2026-01-26 05:00:00-05:00,6928.25,6938.75,6927.25,6934.25,10038,0.0,0.0
2026-01-26 06:00:00-05:00,6934.5,6937.5,6932.25,6936.75,6841,0.0,0.0
2026-01-26 07:00:00-05:00,6936.5,6944.75,6936.25,6940.75,12169,0.0,0.0
2026-01-26 08:00:00-05:00,6940.75,6952.5,6937.5,6951.75,18571,0.0,0.0
2026-01-26 09:00:00-05:00,6951.75,6980.0,6951.0,6976.5,147665,0.0,0.0
2026-01-26 10:00:00-05:00,6976.25,6988.0,6971.0,6983.75,157879,0.0,0.0
2026-01-26 11:00:00-05:00,6983.75,6987.5,6975.75,6984.75,105466,0.0,0.0
2026-01-26 12:00:00-05:00,6985.0,6991.0,6984.0,6986.0,68941,0.0,0.0
2026-01-26 13:00:00-05:00,6986.0,6995.5,6982.75,6989.75,78021,0.0,0.0
2026-01-26 14:00:00-05:00,6989.5,6993.75,6988.25,6989.5,65261,0.0,0.0
2026-01-26 15:00:00-05:00,6989.5,6991.5,6979.5,6980.75,167922,0.0,0.0
2026-01-26 16:00:00-05:00,6980.5,6983.0,6976.25,6977.0,45467,0.0,0.0
2026-01-26 18:00:00-05:00,6977.0,6983.5,6972.0,6981.25,0,0.0,0.0
2026-01-26 19:00:00-05:00,6981.25,6984.0,6977.5,6983.5,5191,0.0,0.0
2026-01-26 20:00:00-05:00,6983.25,6988.25,6981.75,6987.5,6558,0.0,0.0
2026-01-26 21:00:00-05:00,6987.25,6997.5,6987.25,6997.0,8106,0.0,0.0
2026-01-26 22:00:00-05:00,6996.75,6999.0,6996.0,6998.25,5414,0.0,0.0
2026-01-26 23:00:00-05:00,6998.5,7003.5,6998.0,7000.75,6653,0.0,0.0
2026-01-27 00:00:00-05:00,6998.75,7003.25,6997.0,7002.75,4990,0.0,0.0
2026-01-27 01:00:00-05:00,7002.75,7006.5,7000.25,7000.75,6662,0.0,0.0
2026-01-27 02:00:00-05:00,7000.75,7004.0,6999.0,7002.0,5352,0.0,0.0
2026-01-27 03:00:00-05:00,7002.0,7003.0,6994.25,6997.25,10721,0.0,0.0
2026-01-27 04:00:00-05:00,6997.25,6999.25,6994.75,6995.5,8636,0.0,0.0
2026-01-27 05:00:00-05:00,6995.25,7000.5,6995.0,6999.0,7136,0.0,0.0
2026-01-27 06:00:00-05:00,6999.0,7003.5,6997.0,7002.25,10345,0.0,0.0
2026-01-27 07:00:00-05:00,7002.0,7002.25,6994.5,6997.25,13795,0.0,0.0
2026-01-27 08:00:00-05:00,6997.0,6999.75,6994.0,6995.0,14192,0.0,0.0
2026-01-27 09:00:00-05:00,6995.0,7007.75,6988.25,7005.0,136852,0.0,0.0
2026-01-27 10:00:00-05:00,7005.25,7014.75,6998.0,7013.25,156430,0.0,0.0
2026-01-27 11:00:00-05:00,7013.25,7018.5,7013.0,7013.0,93417,0.0,0.0
2026-01-27 12:00:00-05:00,7013.0,7014.5,7006.5,7007.0,90891,0.0,0.0
2026-01-27 13:00:00-05:00,7007.0,7015.25,7001.5,7013.25,73318,0.0,0.0
2026-01-27 14:00:00-05:00,7013.5,7017.0,7010.5,7013.75,50333,0.0,0.0
2026-01-27 15:00:00-05:00,7014.0,7017.25,7007.0,7008.75,156258,0.0,0.0
2026-01-27 16:00:00-05:00,7008.75,7012.0,7005.5,7009.5,42247,0.0,0.0
2026-01-27 18:00:00-05:00,7010.25,7015.0,7009.25,7012.75,0,0.0,0.0
2026-01-27 19:00:00-05:00,7012.75,7026.5,7012.5,7024.5,11509,0.0,0.0
2026-01-27 20:00:00-05:00,7024.75,7027.5,7022.5,7023.5,8606,0.0,0.0
2026-01-27 21:00:00-05:00,7023.5,7027.25,7023.0,7026.0,7040,0.0,0.0
2026-01-27 22:00:00-05:00,7025.75,7027.25,7023.75,7024.25,4961,0.0,0.0
2026-01-27 23:00:00-05:00,7024.25,7027.75,7024.25,7027.0,3686,0.0,0.0
2026-01-28 00:00:00-05:00,7028.0,7032.25,7028.0,7031.75,5624,0.0,0.0
2026-01-28 01:00:00-05:00,7031.75,7043.0,7031.75,7034.5,21400,0.0,0.0
2026-01-28 02:00:00-05:00,7034.75,7037.5,7030.75,7036.75,10178,0.0,0.0
2026-01-28 03:00:00-05:00,7036.75,7039.0,7026.0,7027.25,14182,0.0,0.0
2026-01-28 04:00:00-05:00,7027.5,7033.0,7026.0,7031.5,10389,0.0,0.0
2026-01-28 05:00:00-05:00,7031.75,7036.5,7029.5,7035.5,8037,0.0,0.0
2026-01-28 06:00:00-05:00,7035.5,7035.5,7028.75,7033.0,9195,0.0,0.0
2026-01-28 07:00:00-05:00,7033.25,7033.5,7022.25,7022.75,20863,0.0,0.0
2026-01-28 08:00:00-05:00,7023.0,7027.0,7017.5,7022.25,20394,0.0,0.0
2026-01-28 09:00:00-05:00,7022.25,7031.0,7018.0,7023.75,124709,0.0,0.0
2026-01-28 10:00:00-05:00,7023.5,7025.75,7007.25,7007.5,163729,0.0,0.0
2026-01-28 11:00:00-05:00,7007.5,7015.5,6997.0,6999.25,120161,0.0,0.0
2026-01-28 12:00:00-05:00,6999.25,7008.75,6997.0,7000.5,89600,0.0,0.0
2026-01-28 13:00:00-05:00,7000.5,7006.5,6997.5,7002.5,58118,0.0,0.0
2026-01-28 14:00:00-05:00,7003.0,7012.75,6991.25,7001.25,146826,0.0,0.0
2026-01-28 15:00:00-05:00,7001.25,7015.0,6999.25,7006.75,193140,0.0,0.0
2026-01-28 16:00:00-05:00,7006.75,7023.0,6977.25,7016.75,87788,0.0,0.0
2026-01-28 18:00:00-05:00,7021.5,7022.0,6994.5,6996.0,0,0.0,0.0
2026-01-28 19:00:00-05:00,6996.0,6999.25,6985.75,6999.0,16296,0.0,0.0
2026-01-28 20:00:00-05:00,6999.25,6999.75,6987.0,6994.75,14067,0.0,0.0
2026-01-28 21:00:00-05:00,6994.75,7006.25,6993.5,7003.0,11983,0.0,0.0
2026-01-28 22:00:00-05:00,7003.0,7009.75,7003.0,7008.75,6467,0.0,0.0
2026-01-28 23:00:00-05:00,7008.75,7016.0,7008.0,7015.5,5102,0.0,0.0
2026-01-29 00:00:00-05:00,7014.0,7019.75,7012.25,7017.75,4870,0.0,0.0
2026-01-29 01:00:00-05:00,7017.75,7023.75,7017.25,7020.0,6145,0.0,0.0
2026-01-29 02:00:00-05:00,7019.75,7029.5,7017.5,7026.5,10046,0.0,0.0
2026-01-29 03:00:00-05:00,7026.5,7029.5,7019.0,7024.75,17598,0.0,0.0
2026-01-29 04:00:00-05:00,7024.75,7029.25,7018.75,7019.25,12203,0.0,0.0
2026-01-29 05:00:00-05:00,7019.0,7023.5,7012.75,7013.75,10561,0.0,0.0
2026-01-29 06:00:00-05:00,7014.0,7022.0,7010.0,7019.5,14358,0.0,0.0
2026-01-29 07:00:00-05:00,7019.5,7024.0,7013.25,7019.0,13086,0.0,0.0
2026-01-29 08:00:00-05:00,7018.75,7026.75,7015.0,7023.5,17909,0.0,0.0
2026-01-29 09:00:00-05:00,7023.5,7023.75,6965.5,6966.5,239943,0.0,0.0
2026-01-29 10:00:00-05:00,6966.5,6967.25,6902.25,6910.75,457747,0.0,0.0
2026-01-29 11:00:00-05:00,6911.0,6940.75,6898.25,6937.5,290135,0.0,0.0
2026-01-29 12:00:00-05:00,6937.25,6967.75,6936.75,6939.5,186086,0.0,0.0
2026-01-29 13:00:00-05:00,6939.5,6968.75,6937.5,6956.5,130109,0.0,0.0
2026-01-29 14:00:00-05:00,6956.25,6973.25,6952.75,6962.0,108979,0.0,0.0
2026-01-29 15:00:00-05:00,6962.0,6999.0,6961.25,6990.0,232798,0.0,0.0
2026-01-29 16:00:00-05:00,6990.0,7002.5,6985.25,6989.75,63586,0.0,0.0
2026-01-29 18:00:00-05:00,6992.75,6995.0,6968.5,6986.5,0,0.0,0.0
2026-01-29 19:00:00-05:00,6986.5,6991.0,6974.5,6977.0,15966,0.0,0.0
2026-01-29 20:00:00-05:00,6977.25,6977.75,6952.0,6962.75,18653,0.0,0.0
2026-01-29 21:00:00-05:00,6962.75,6964.5,6943.25,6961.0,23168,0.0,0.0
2026-01-29 22:00:00-05:00,6961.0,6992.75,6960.75,6966.25,15915,0.0,0.0
2026-01-29 23:00:00-05:00,6966.25,6973.5,6964.25,6964.75,6855,0.0,0.0
2026-01-30 00:00:00-05:00,6970.0,6970.0,6956.5,6956.5,7514,0.0,0.0
2026-01-30 01:00:00-05:00,6956.75,6958.0,6935.0,6937.5,15006,0.0,0.0
2026-01-30 02:00:00-05:00,6937.5,6949.75,6928.25,6930.25,15474,0.0,0.0
2026-01-30 03:00:00-05:00,6930.25,6945.75,6926.0,6941.0,23329,0.0,0.0
2026-01-30 04:00:00-05:00,6941.0,6945.0,6917.5,6926.5,20405,0.0,0.0
2026-01-30 05:00:00-05:00,6926.25,6943.75,6926.0,6938.75,15912,0.0,0.0
2026-01-30 06:00:00-05:00,6939.0,6970.75,6938.0,6968.5,23488,0.0,0.0
2026-01-30 07:00:00-05:00,6968.75,6975.75,6956.0,6961.5,22850,0.0,0.0
2026-01-30 08:00:00-05:00,6961.25,6970.25,6947.25,6957.0,25060,0.0,0.0
2026-01-30 09:00:00-05:00,6957.0,6985.5,6955.0,6965.25,189517,0.0,0.0
2026-01-30 10:00:00-05:00,6965.0,6989.0,6964.5,6975.5,113582,0.0,0.0
2026-02-02 13:00:00-05:00,7013.5,7014.75,7012.25,7013.0,528279,0.0,0.0
2026-02-02 14:00:00-05:00,7012.75,7016.75,7001.25,7003.0,79291,0.0,0.0
2026-02-02 15:00:00-05:00,7003.0,7012.5,6998.25,7003.0,207754,0.0,0.0
2026-02-02 16:00:00-05:00,7003.0,7007.25,6997.5,7003.25,47513,0.0,0.0
2026-02-02 18:00:00-05:00,7004.25,7022.25,7002.5,7015.25,0,0.0,0.0
2026-02-02 19:00:00-05:00,7015.25,7023.25,7009.25,7018.25,8780,0.0,0.0
2026-02-02 20:00:00-05:00,7018.25,7023.5,7015.0,7017.25,8724,0.0,0.0
2026-02-02 21:00:00-05:00,7017.25,7017.25,7008.0,7012.75,8046,0.0,0.0
2026-02-02 22:00:00-05:00,7012.5,7018.75,7010.5,7017.25,6012,0.0,0.0
2026-02-02 23:00:00-05:00,7017.5,7023.0,7016.5,7021.75,4639,0.0,0.0
2026-02-03 00:00:00-05:00,7017.25,7023.5,7015.75,7021.25,5330,0.0,0.0
2026-02-03 01:00:00-05:00,7021.5,7024.5,7019.0,7021.75,5694,0.0,0.0
2026-02-03 02:00:00-05:00,7021.75,7025.75,7019.0,7023.5,7374,0.0,0.0
2026-02-03 03:00:00-05:00,7023.5,7027.25,7016.0,7017.5,15177,0.0,0.0
2026-02-03 04:00:00-05:00,7017.5,7023.25,7012.0,7014.25,11053,0.0,0.0
2026-02-03 05:00:00-05:00,7014.5,7018.25,7010.25,7011.25,7666,0.0,0.0
2026-02-03 06:00:00-05:00,7011.25,7013.5,7006.75,7010.75,9426,0.0,0.0
2026-02-03 07:00:00-05:00,7010.75,7023.25,7008.0,7020.0,14283,0.0,0.0
2026-02-03 08:00:00-05:00,7020.25,7021.5,7015.0,7015.25,15279,0.0,0.0
2026-02-03 09:00:00-05:00,7015.25,7017.0,6980.0,6981.5,192038,0.0,0.0
2026-02-03 10:00:00-05:00,6981.75,6984.25,6954.25,6978.0,350765,0.0,0.0
2026-02-03 11:00:00-05:00,6978.0,6978.75,6949.0,6952.75,202264,0.0,0.0
2026-02-03 12:00:00-05:00,6953.0,6953.75,6920.0,6923.0,235106,0.0,0.0
2026-02-03 13:00:00-05:00,6923.0,6931.5,6894.0,6894.5,189121,0.0,0.0
2026-02-03 14:00:00-05:00,6894.5,6918.5,6886.25,6914.5,249436,0.0,0.0
2026-02-03 15:00:00-05:00,6914.25,6944.25,6908.75,6941.0,255856,0.0,0.0
2026-02-03 16:00:00-05:00,6941.0,6946.0,6931.75,6938.75,64476,0.0,0.0
2026-02-03 18:00:00-05:00,6934.0,6944.5,6931.25,6942.5,0,0.0,0.0
2026-02-03 19:00:00-05:00,6942.75,6943.75,6933.5,6934.0,7907,0.0,0.0
2026-02-03 20:00:00-05:00,6934.25,6947.0,6934.25,6944.5,10545,0.0,0.0
2026-02-03 21:00:00-05:00,6944.5,6951.25,6939.75,6942.5,9445,0.0,0.0
2026-02-03 22:00:00-05:00,6942.75,6949.5,6940.5,6946.75,7174,0.0,0.0
2026-02-03 23:00:00-05:00,6946.75,6948.5,6944.0,6945.0,3611,0.0,0.0
2026-02-04 00:00:00-05:00,6944.5,6948.75,6942.0,6948.75,4298,0.0,0.0
2026-02-04 01:00:00-05:00,6948.75,6959.25,6947.0,6955.25,10009,0.0,0.0
2026-02-04 02:00:00-05:00,6955.25,6961.0,6954.25,6959.0,7257,0.0,0.0
2026-02-04 03:00:00-05:00,6958.75,6960.0,6941.0,6946.25,21140,0.0,0.0
2026-02-04 04:00:00-05:00,6946.25,6950.25,6932.5,6940.75,18957,0.0,0.0
2026-02-04 05:00:00-05:00,6941.0,6954.25,6938.75,6950.25,15212,0.0,0.0
2026-02-04 06:00:00-05:00,6950.25,6965.75,6947.5,6961.0,16244,0.0,0.0
2026-02-04 07:00:00-05:00,6961.25,6965.0,6950.25,6952.25,14549,0.0,0.0
2026-02-04 08:00:00-05:00,6952.25,6959.0,6944.75,6946.5,28376,0.0,0.0
2026-02-04 09:00:00-05:00,6946.25,6960.75,6924.0,6928.0,226551,0.0,0.0
2026-02-04 10:00:00-05:00,6928.0,6955.0,6910.5,6931.5,390196,0.0,0.0
2026-02-04 11:00:00-05:00,6931.5,6934.75,6888.5,6911.25,275996,0.0,0.0
2026-02-04 12:00:00-05:00,6911.0,6916.5,6862.5,6882.0,294453,0.0,0.0
2026-02-04 13:00:00-05:00,6882.0,6900.5,6868.25,6891.5,201438,0.0,0.0
2026-02-04 14:00:00-05:00,6891.75,6930.25,6878.75,6928.25,226067,0.0,0.0
2026-02-04 15:00:00-05:00,6928.25,6930.5,6901.75,6906.5,193727,0.0,0.0
2026-02-04 16:00:00-05:00,6906.5,6941.5,6892.25,6928.5,79470,0.0,0.0
2026-02-04 18:00:00-05:00,6915.5,6928.75,6913.5,6918.5,0,0.0,0.0
2026-02-04 19:00:00-05:00,6918.25,6930.25,6911.5,6924.5,8705,0.0,0.0
2026-02-04 20:00:00-05:00,6924.75,6935.25,6923.5,6931.0,9945,0.0,0.0
2026-02-04 21:00:00-05:00,6931.0,6932.75,6895.5,6896.75,24226,0.0,0.0
2026-02-04 22:00:00-05:00,6897.0,6909.25,6889.0,6891.0,16538,0.0,0.0
2026-02-04 23:00:00-05:00,6891.5,6906.75,6888.0,6903.5,10626,0.0,0.0
2026-02-05 00:00:00-05:00,6899.25,6909.0,6893.75,6900.25,8634,0.0,0.0
2026-02-05 01:00:00-05:00,6900.5,6913.75,6900.0,6913.0,8185,0.0,0.0
2026-02-05 02:00:00-05:00,6913.0,6917.0,6907.25,6908.25,9246,0.0,0.0
2026-02-05 03:00:00-05:00,6908.0,6923.75,6900.75,6901.0,24867,0.0,0.0
2026-02-05 04:00:00-05:00,6901.25,6918.5,6895.5,6905.25,20006,0.0,0.0
2026-02-05 05:00:00-05:00,6905.5,6918.25,6903.25,6908.0,13405,0.0,0.0
2026-02-05 06:00:00-05:00,6908.0,6916.5,6904.5,6915.0,14933,0.0,0.0
2026-02-05 07:00:00-05:00,6914.75,6920.75,6856.25,6870.5,67001,0.0,0.0
2026-02-05 08:00:00-05:00,6870.25,6880.5,6855.25,6857.25,51288,0.0,0.0
2026-02-05 09:00:00-05:00,6857.25,6881.25,6831.5,6850.0,311324,0.0,0.0
2026-02-05 10:00:00-05:00,6850.25,6858.5,6802.75,6817.25,420783,0.0,0.0
2026-02-05 11:00:00-05:00,6817.0,6859.5,6801.5,6856.0,259703,0.0,0.0
2026-02-05 12:00:00-05:00,6856.0,6870.25,6833.5,6848.5,165702,0.0,0.0
2026-02-05 13:00:00-05:00,6848.5,6857.0,6820.5,6826.75,119455,0.0,0.0
2026-02-05 14:00:00-05:00,6826.75,6859.0,6823.75,6834.5,127469,0.0,0.0
2026-02-05 15:00:00-05:00,6834.5,6852.75,6805.5,6818.0,233966,0.0,0.0
2026-02-05 16:00:00-05:00,6817.75,6829.0,6785.0,6788.75,102068,0.0,0.0
2026-02-05 18:00:00-05:00,6785.5,6794.5,6763.75,6771.25,0,0.0,0.0
2026-02-05 19:00:00-05:00,6771.25,6784.25,6751.5,6782.5,28479,0.0,0.0
2026-02-05 20:00:00-05:00,6782.5,6804.75,6768.75,6803.25,23602,0.0,0.0
2026-02-05 21:00:00-05:00,6803.5,6810.75,6798.25,6804.5,17891,0.0,0.0
2026-02-05 22:00:00-05:00,6804.25,6808.5,6790.0,6801.25,14131,0.0,0.0
2026-02-05 23:00:00-05:00,6801.25,6801.25,6782.25,6786.0,10467,0.0,0.0
2026-02-06 00:00:00-05:00,6784.5,6813.5,6782.25,6810.25,11593,0.0,0.0
2026-02-06 01:00:00-05:00,6810.25,6816.25,6803.75,6805.25,9007,0.0,0.0
2026-02-06 02:00:00-05:00,6805.0,6811.25,6797.5,6809.5,10979,0.0,0.0
2026-02-06 03:00:00-05:00,6809.5,6820.75,6796.75,6816.25,25108,0.0,0.0
2026-02-06 04:00:00-05:00,6816.25,6848.75,6811.5,6843.25,40563,0.0,0.0
2026-02-06 05:00:00-05:00,6843.0,6850.0,6835.0,6849.25,17366,0.0,0.0
2026-02-06 06:00:00-05:00,6849.0,6870.0,6848.5,6865.75,28886,0.0,0.0
2026-02-06 07:00:00-05:00,6865.5,6867.5,6845.5,6850.0,29951,0.0,0.0
2026-02-06 08:00:00-05:00,6850.25,6864.5,6846.75,6857.0,35989,0.0,0.0
2026-02-06 09:00:00-05:00,6856.75,6907.25,6850.25,6890.25,273772,0.0,0.0
2026-02-06 10:00:00-05:00,6890.0,6912.75,6872.75,6898.25,316115,0.0,0.0
2026-02-06 11:00:00-05:00,6908.75,6922.25,6907.25,6916.5,191698,0.0,0.0
2026-02-06 12:00:00-05:00,6916.5,6937.5,6913.5,6933.25,124125,0.0,0.0
2026-02-06 13:00:00-05:00,6933.0,6938.75,6928.0,6932.25,86770,0.0,0.0
2026-02-06 14:00:00-05:00,6932.5,6940.0,6929.5,6935.5,82593,0.0,0.0
2026-02-06 15:00:00-05:00,6935.5,6965.5,6933.0,6949.0,249913,0.0,0.0
2026-02-06 16:00:00-05:00,6949.0,6952.75,6942.0,6952.75,65733,0.0,0.0
2026-02-08 18:00:00-05:00,6971.0,6978.0,6966.0,6973.0,11778,0.0,0.0
2026-02-08 19:00:00-05:00,6972.75,6979.75,6968.0,6969.75,13654,0.0,0.0
2026-02-08 20:00:00-05:00,6969.75,6970.0,6958.0,6961.5,11941,0.0,0.0
2026-02-08 21:00:00-05:00,6961.25,6967.5,6958.0,6961.75,8502,0.0,0.0
2026-02-08 22:00:00-05:00,6962.0,6964.0,6956.75,6957.25,6399,0.0,0.0
2026-02-08 23:00:00-05:00,6957.25,6962.75,6957.0,6958.75,5138,0.0,0.0
2026-02-09 00:00:00-05:00,6958.75,6964.25,6957.0,6963.0,5851,0.0,0.0
2026-02-09 01:00:00-05:00,6963.25,6963.75,6953.25,6955.0,13178,0.0,0.0
2026-02-09 02:00:00-05:00,6955.0,6957.0,6947.0,6953.25,9758,0.0,0.0
2026-02-09 03:00:00-05:00,6953.5,6968.0,6952.25,6956.25,15233,0.0,0.0
2026-02-09 04:00:00-05:00,6956.25,6960.0,6941.25,6943.75,13602,0.0,0.0
2026-02-09 05:00:00-05:00,6944.0,6944.75,6921.0,6935.75,21475,0.0,0.0
2026-02-09 06:00:00-05:00,6935.75,6939.5,6930.75,6934.75,10795,0.0,0.0
2026-02-09 07:00:00-05:00,6935.0,6946.0,6928.25,6946.0,16327,0.0,0.0
2026-02-09 08:00:00-05:00,6945.75,6954.25,6937.25,6938.0,26936,0.0,0.0
2026-02-09 09:00:00-05:00,6938.25,6957.5,6924.25,6945.25,198180,0.0,0.0
2026-02-09 10:00:00-05:00,6945.0,6986.0,6943.0,6983.75,179407,0.0,0.0
2026-02-09 11:00:00-05:00,6983.75,6997.5,6982.0,6995.5,106561,0.0,0.0
2026-02-09 12:00:00-05:00,6995.5,6998.0,6986.25,6987.0,72199,0.0,0.0
2026-02-09 13:00:00-05:00,6987.25,6993.75,6977.0,6988.25,90912,0.0,0.0
2026-02-09 14:00:00-05:00,6988.25,7000.5,6986.5,6995.5,72840,0.0,0.0
2026-02-09 15:00:00-05:00,6995.75,6998.75,6980.0,6980.25,183077,0.0,0.0
2026-02-09 16:00:00-05:00,6980.5,6986.75,6980.0,6984.0,41307,0.0,0.0
2026-02-09 18:00:00-05:00,6985.0,6989.5,6976.0,6978.75,0,0.0,0.0
2026-02-09 19:00:00-05:00,6978.75,6981.75,6974.0,6978.25,7366,0.0,0.0
2026-02-09 20:00:00-05:00,6978.25,6983.25,6973.5,6980.5,8566,0.0,0.0
2026-02-09 21:00:00-05:00,6980.75,6981.0,6973.0,6976.5,6064,0.0,0.0
2026-02-09 22:00:00-05:00,6976.5,6978.75,6972.25,6976.75,5797,0.0,0.0
2026-02-09 23:00:00-05:00,6976.5,6984.25,6976.5,6984.0,4581,0.0,0.0
2026-02-10 00:00:00-05:00,6983.0,6986.25,6978.25,6984.75,5658,0.0,0.0
2026-02-10 01:00:00-05:00,6985.0,6985.0,6974.5,6977.75,5319,0.0,0.0
2026-02-10 02:00:00-05:00,6978.0,6985.0,6977.0,6984.75,5337,0.0,0.0
2026-02-10 03:00:00-05:00,6985.0,6987.75,6979.25,6985.5,11916,0.0,0.0
2026-02-10 04:00:00-05:00,6985.25,6997.5,6985.25,6989.0,9798,0.0,0.0
2026-02-10 05:00:00-05:00,6988.75,6992.5,6985.0,6989.25,10855,0.0,0.0
2026-02-10 06:00:00-05:00,6989.0,6992.5,6984.5,6991.75,7732,0.0,0.0
2026-02-10 07:00:00-05:00,6991.75,6996.5,6977.5,6977.75,14094,0.0,0.0
2026-02-10 08:00:00-05:00,6978.0,6984.25,6970.5,6984.0,29054,0.0,0.0
2026-02-10 09:00:00-05:00,6984.0,7002.25,6975.0,6998.0,161499,0.0,0.0
2026-02-10 10:00:00-05:00,6998.25,7006.5,6987.25,6994.5,183000,0.0,0.0
2026-02-10 11:00:00-05:00,6994.5,6997.25,6981.5,6988.5,130733,0.0,0.0
2026-02-10 12:00:00-05:00,6988.5,6998.75,6982.75,6995.25,75079,0.0,0.0
2026-02-10 13:00:00-05:00,6995.5,6995.5,6969.0,6977.0,126632,0.0,0.0
2026-02-10 14:00:00-05:00,6977.0,6982.25,6971.75,6978.5,75563,0.0,0.0
2026-02-10 15:00:00-05:00,6978.5,6980.5,6957.0,6961.25,200902,0.0,0.0
2026-02-10 16:00:00-05:00,6961.25,6970.75,6959.25,6970.5,43207,0.0,0.0
2026-02-10 18:00:00-05:00,6971.5,6976.25,6969.75,6974.75,0,0.0,0.0
2026-02-10 19:00:00-05:00,6974.75,6978.75,6974.0,6977.75,3625,0.0,0.0
2026-02-10 20:00:00-05:00,6977.5,6983.75,6977.5,6981.5,6302,0.0,0.0
2026-02-10 21:00:00-05:00,6981.25,6983.0,6979.25,6982.0,4177,0.0,0.0
2026-02-10 22:00:00-05:00,6981.75,6986.0,6979.0,6985.25,3914,0.0,0.0
2026-02-10 23:00:00-05:00,6985.0,6985.75,6977.25,6979.5,3642,0.0,0.0
2026-02-11 00:00:00-05:00,6981.25,6983.0,6975.0,6976.25,4120,0.0,0.0
2026-02-11 01:00:00-05:00,6976.25,6980.75,6973.5,6974.0,4537,0.0,0.0
2026-02-11 02:00:00-05:00,6974.0,6977.5,6971.0,6974.25,5497,0.0,0.0
2026-02-11 03:00:00-05:00,6974.25,6975.75,6963.75,6972.75,11112,0.0,0.0
2026-02-11 04:00:00-05:00,6972.5,6978.0,6965.75,6965.75,10252,0.0,0.0
2026-02-11 05:00:00-05:00,6966.0,6966.0,6953.0,6964.25,20188,0.0,0.0
2026-02-11 06:00:00-05:00,6964.25,6973.25,6963.25,6963.75,13266,0.0,0.0
2026-02-11 07:00:00-05:00,6963.5,6971.25,6963.0,6967.5,13053,0.0,0.0
2026-02-11 08:00:00-05:00,6967.5,7006.25,6966.5,7004.75,60684,0.0,0.0
2026-02-11 09:00:00-05:00,7004.75,7011.5,6977.25,6981.0,199020,0.0,0.0
2026-02-11 10:00:00-05:00,6981.25,6987.5,6931.0,6963.0,356294,0.0,0.0
2026-02-11 11:00:00-05:00,6962.75,6974.0,6953.25,6960.25,170285,0.0,0.0
2026-02-11 12:00:00-05:00,6960.0,6979.75,6953.25,6967.25,126721,0.0,0.0
2026-02-11 13:00:00-05:00,6967.25,6969.75,6953.5,6967.0,112536,0.0,0.0
2026-02-11 14:00:00-05:00,6967.0,6979.25,6960.75,6968.75,110180,0.0,0.0
2026-02-11 15:00:00-05:00,6968.5,6970.5,6955.75,6958.75,168371,0.0,0.0
2026-02-11 16:00:00-05:00,6958.75,6967.75,6958.25,6963.0,39849,0.0,0.0
2026-02-11 18:00:00-05:00,6964.5,6968.5,6952.25,6957.5,0,0.0,0.0
2026-02-11 19:00:00-05:00,6957.25,6964.5,6953.25,6963.5,8492,0.0,0.0
2026-02-11 20:00:00-05:00,6963.75,6974.25,6960.0,6970.75,11070,0.0,0.0
2026-02-11 21:00:00-05:00,6970.75,6973.25,6965.5,6971.75,6173,0.0,0.0
2026-02-11 22:00:00-05:00,6971.75,6978.0,6970.25,6977.25,6318,0.0,0.0
2026-02-11 23:00:00-05:00,6977.25,6983.25,6976.0,6980.25,7419,0.0,0.0
2026-02-12 00:00:00-05:00,6982.0,6984.25,6980.5,6982.25,5214,0.0,0.0
2026-02-12 01:00:00-05:00,6982.25,6983.0,6972.5,6976.5,6843,0.0,0.0
2026-02-12 02:00:00-05:00,6976.5,6983.0,6975.5,6981.75,5889,0.0,0.0
2026-02-12 03:00:00-05:00,6981.75,6985.0,6974.75,6981.75,11117,0.0,0.0
2026-02-12 04:00:00-05:00,6981.5,6985.75,6979.0,6983.5,8278,0.0,0.0
2026-02-12 05:00:00-05:00,6983.5,6986.25,6976.25,6979.5,7832,0.0,0.0
2026-02-12 06:00:00-05:00,6979.5,6984.25,6978.75,6983.5,6626,0.0,0.0
2026-02-12 07:00:00-05:00,6983.25,6986.75,6978.75,6980.0,9745,0.0,0.0
2026-02-12 08:00:00-05:00,6980.0,6991.5,6973.5,6986.5,22504,0.0,0.0
2026-02-12 09:00:00-05:00,6986.5,6992.75,6962.0,6967.25,189693,0.0,0.0
2026-02-12 10:00:00-05:00,6967.0,6976.0,6924.25,6925.0,261353,0.0,0.0
2026-02-12 11:00:00-05:00,6925.0,6926.25,6873.0,6884.5,445564,0.0,0.0
2026-02-12 12:00:00-05:00,6884.5,6894.0,6867.0,6867.75,232164,0.0,0.0
2026-02-12 13:00:00-05:00,6867.75,6891.5,6860.0,6885.0,201076,0.0,0.0
2026-02-12 14:00:00-05:00,6885.25,6898.0,6874.0,6889.75,166642,0.0,0.0
2026-02-12 15:00:00-05:00,6890.0,6893.75,6842.0,6850.75,297673,0.0,0.0
2026-02-12 16:00:00-05:00,6850.75,6865.0,6846.75,6861.75,65701,0.0,0.0
2026-02-12 18:00:00-05:00,6865.5,6867.0,6847.25,6860.75,0,0.0,0.0
2026-02-12 19:00:00-05:00,6860.5,6868.75,6840.25,6844.75,21914,0.0,0.0
2026-02-12 20:00:00-05:00,6844.75,6861.5,6844.75,6854.5,15437,0.0,0.0
2026-02-12 21:00:00-05:00,6854.5,6862.5,6854.5,6857.5,8010,0.0,0.0
2026-02-12 22:00:00-05:00,6857.75,6861.0,6846.5,6847.0,7135,0.0,0.0
2026-02-12 23:00:00-05:00,6847.25,6858.0,6845.75,6849.75,6841,0.0,0.0
2026-02-13 00:00:00-05:00,6848.25,6850.0,6835.0,6838.0,12129,0.0,0.0
2026-02-13 01:00:00-05:00,6838.0,6841.75,6824.25,6838.0,14237,0.0,0.0
2026-02-13 02:00:00-05:00,6838.0,6847.5,6836.75,6843.25,11668,0.0,0.0
2026-02-13 03:00:00-05:00,6843.5,6849.75,6827.5,6845.75,26648,0.0,0.0
2026-02-13 04:00:00-05:00,6845.75,6854.5,6837.0,6846.75,20242,0.0,0.0
2026-02-13 05:00:00-05:00,6846.5,6853.75,6837.75,6838.0,14667,0.0,0.0
2026-02-13 06:00:00-05:00,6838.25,6839.75,6820.0,6837.0,25762,0.0,0.0
2026-02-13 07:00:00-05:00,6837.0,6843.5,6827.75,6835.5,27217,0.0,0.0
2026-02-13 08:00:00-05:00,6835.25,6865.0,6821.25,6855.0,86258,0.0,0.0
2026-02-13 09:00:00-05:00,6854.75,6862.75,6808.75,6833.5,316648,0.0,0.0
2026-02-13 10:00:00-05:00,6833.25,6880.75,6832.75,6860.0,306704,0.0,0.0
2026-02-13 11:00:00-05:00,6860.25,6890.25,6852.75,6882.5,174890,0.0,0.0
2026-02-13 12:00:00-05:00,6882.5,6897.75,6879.75,6886.25,106312,0.0,0.0
2026-02-13 13:00:00-05:00,6886.25,6897.75,6875.5,6881.25,106688,0.0,0.0
2026-02-13 14:00:00-05:00,6881.75,6888.5,6856.75,6858.75,108892,0.0,0.0
2026-02-13 15:00:00-05:00,6858.75,6867.75,6832.75,6850.25,239870,0.0,0.0
2026-02-13 16:00:00-05:00,6850.25,6856.5,6845.25,6845.25,47995,0.0,0.0
2026-02-15 18:00:00-05:00,6850.5,6861.5,6850.5,6860.5,3888,0.0,0.0
2026-02-15 19:00:00-05:00,6860.5,6865.0,6855.75,6862.75,9205,0.0,0.0
2026-02-15 20:00:00-05:00,6862.75,6870.75,6861.25,6869.0,6387,0.0,0.0
2026-02-15 21:00:00-05:00,6869.0,6871.5,6862.0,6863.0,4525,0.0,0.0
2026-02-15 22:00:00-05:00,6863.0,6864.25,6858.25,6862.0,3616,0.0,0.0
2026-02-15 23:00:00-05:00,6862.0,6865.25,6860.75,6861.75,3848,0.0,0.0
2026-02-17 00:00:00-05:00,6819.5,6822.0,6810.0,6813.5,10454,0.0,0.0
2026-02-17 01:00:00-05:00,6813.5,6825.75,6813.25,6824.25,7079,0.0,0.0
2026-02-17 02:00:00-05:00,6824.25,6831.5,6814.0,6830.75,9989,0.0,0.0
2026-02-17 03:00:00-05:00,6830.75,6848.0,6829.25,6832.5,21711,0.0,0.0
2026-02-17 04:00:00-05:00,6832.5,6843.0,6830.25,6841.25,13555,0.0,0.0
2026-02-17 05:00:00-05:00,6841.0,6843.75,6823.75,6825.75,10732,0.0,0.0
2026-02-17 06:00:00-05:00,6825.75,6835.25,6821.0,6832.25,12847,0.0,0.0
2026-02-17 07:00:00-05:00,6832.25,6838.75,6818.0,6819.5,19124,0.0,0.0
2026-02-17 08:00:00-05:00,6819.5,6844.5,6805.75,6826.0,52382,0.0,0.0
2026-02-17 09:00:00-05:00,6825.75,6862.0,6797.75,6799.75,232095,0.0,0.0
2026-02-17 10:00:00-05:00,6799.75,6831.25,6791.0,6819.75,281103,0.0,0.0
2026-02-17 11:00:00-05:00,6819.5,6866.75,6818.0,6858.75,229525,0.0,0.0
2026-02-17 12:00:00-05:00,6858.5,6859.75,6825.25,6844.25,136100,0.0,0.0
2026-02-17 13:00:00-05:00,6844.25,6881.5,6832.25,6875.25,143485,0.0,0.0
2026-02-17 14:00:00-05:00,6875.25,6883.75,6868.5,6870.0,106230,0.0,0.0
2026-02-17 15:00:00-05:00,6870.0,6875.5,6853.5,6862.25,195762,0.0,0.0
2026-02-17 16:00:00-05:00,6862.25,6869.75,6857.75,6862.25,47618,0.0,0.0
2026-02-17 18:00:00-05:00,6862.75,6864.75,6848.75,6850.25,0,0.0,0.0
2026-02-17 19:00:00-05:00,6850.25,6859.5,6849.75,6852.5,7090,0.0,0.0
2026-02-17 20:00:00-05:00,6852.25,6857.25,6849.5,6857.0,5899,0.0,0.0
2026-02-17 21:00:00-05:00,6857.0,6861.75,6855.0,6859.0,5041,0.0,0.0
2026-02-17 22:00:00-05:00,6859.0,6867.5,6854.75,6866.25,5162,0.0,0.0
2026-02-17 23:00:00-05:00,6866.25,6875.0,6864.75,6874.75,5732,0.0,0.0
2026-02-18 00:00:00-05:00,6873.5,6877.25,6872.5,6873.5,3381,0.0,0.0
2026-02-18 01:00:00-05:00,6873.5,6878.5,6870.5,6874.0,4602,0.0,0.0
2026-02-18 02:00:00-05:00,6873.75,6878.75,6870.25,6877.25,6863,0.0,0.0
2026-02-18 03:00:00-05:00,6877.25,6895.75,6877.25,6894.25,18537,0.0,0.0
2026-02-18 04:00:00-05:00,6894.25,6904.0,6893.75,6896.0,18844,0.0,0.0
2026-02-18 05:00:00-05:00,6896.0,6902.75,6895.25,6898.25,11547,0.0,0.0
2026-02-18 06:00:00-05:00,6898.25,6899.25,6888.5,6889.5,10886,0.0,0.0
2026-02-18 07:00:00-05:00,6889.5,6899.5,6874.75,6885.75,30164,0.0,0.0
2026-02-18 08:00:00-05:00,6885.75,6894.0,6871.0,6873.75,26829,0.0,0.0
2026-02-18 09:00:00-05:00,6873.75,6897.75,6861.5,6895.5,205836,0.0,0.0
2026-02-18 10:00:00-05:00,6895.5,6921.5,6894.75,6919.5,203404,0.0,0.0
2026-02-18 11:00:00-05:00,6919.25,6923.75,6908.75,6909.0,113589,0.0,0.0
2026-02-18 12:00:00-05:00,6909.25,6923.0,6907.5,6919.25,80115,0.0,0.0
2026-02-18 13:00:00-05:00,6919.0,6925.75,6894.25,6903.5,118605,0.0,0.0
2026-02-18 14:00:00-05:00,6903.25,6907.5,6873.75,6879.25,145666,0.0,0.0
2026-02-18 15:00:00-05:00,6879.5,6905.75,6872.5,6895.25,209390,0.0,0.0
2026-02-18 16:00:00-05:00,6895.25,6897.0,6889.5,6892.0,38855,0.0,0.0
2026-02-18 18:00:00-05:00,6891.75,6902.25,6890.5,6894.75,0,0.0,0.0
2026-02-18 19:00:00-05:00,6894.75,6896.25,6886.75,6891.75,7833,0.0,0.0
2026-02-18 20:00:00-05:00,6891.5,6901.75,6890.25,6897.0,8344,0.0,0.0
2026-02-18 21:00:00-05:00,6896.75,6900.0,6893.25,6897.75,4723,0.0,0.0
2026-02-18 22:00:00-05:00,6897.75,6901.25,6894.5,6898.0,4535,0.0,0.0
2026-02-18 23:00:00-05:00,6898.0,6900.5,6893.0,6893.75,3413,0.0,0.0
2026-02-19 00:00:00-05:00,6891.5,6903.75,6890.75,6902.0,5127,0.0,0.0
2026-02-19 01:00:00-05:00,6902.0,6906.5,6900.0,6906.25,5090,0.0,0.0
2026-02-19 02:00:00-05:00,6906.25,6911.5,6903.75,6905.5,5847,0.0,0.0
2026-02-19 03:00:00-05:00,6905.5,6912.5,6889.5,6891.75,14206,0.0,0.0
2026-02-19 04:00:00-05:00,6891.75,6895.5,6872.25,6881.25,21636,0.0,0.0
2026-02-19 05:00:00-05:00,6881.25,6882.25,6866.25,6873.0,21227,0.0,0.0
2026-02-19 06:00:00-05:00,6873.0,6879.75,6869.0,6878.75,13378,0.0,0.0
2026-02-19 07:00:00-05:00,6878.5,6886.25,6868.0,6879.75,20442,0.0,0.0
2026-02-19 08:00:00-05:00,6879.75,6881.5,6862.0,6872.0,31922,0.0,0.0
2026-02-19 09:00:00-05:00,6871.75,6890.75,6857.0,6882.5,189599,0.0,0.0
2026-02-19 10:00:00-05:00,6882.75,6894.5,6869.75,6886.0,205632,0.0,0.0
2026-02-19 11:00:00-05:00,6886.0,6891.0,6859.5,6867.75,142901,0.0,0.0
2026-02-19 12:00:00-05:00,6867.75,6880.5,6853.5,6856.5,119796,0.0,0.0
2026-02-19 13:00:00-05:00,6856.5,6871.0,6847.75,6869.75,111504,0.0,0.0
2026-02-19 14:00:00-05:00,6869.75,6873.0,6851.0,6857.75,99538,0.0,0.0
2026-02-19 15:00:00-05:00,6857.5,6878.75,6857.5,6878.25,145758,0.0,0.0
2026-02-19 16:00:00-05:00,6878.25,6883.5,6871.25,6872.25,48239,0.0,0.0
2026-02-19 18:00:00-05:00,6874.25,6882.5,6871.25,6880.0,0,0.0,0.0
2026-02-19 19:00:00-05:00,6880.25,6887.5,6876.0,6886.5,10099,0.0,0.0
2026-02-19 20:00:00-05:00,6886.75,6892.75,6886.0,6888.5,9143,0.0,0.0
2026-02-19 21:00:00-05:00,6888.5,6893.5,6883.75,6888.0,7458,0.0,0.0
2026-02-19 22:00:00-05:00,6887.75,6890.0,6886.25,6886.5,4274,0.0,0.0
2026-02-19 23:00:00-05:00,6886.5,6891.25,6885.5,6888.75,4380,0.0,0.0
2026-02-20 00:00:00-05:00,6890.5,6898.25,6890.5,6897.5,5652,0.0,0.0
2026-02-20 01:00:00-05:00,6897.5,6900.0,6894.75,6897.0,4771,0.0,0.0
2026-02-20 02:00:00-05:00,6896.75,6899.0,6890.25,6893.0,5666,0.0,0.0
2026-02-20 03:00:00-05:00,6893.0,6896.75,6887.25,6895.75,10744,0.0,0.0
2026-02-20 04:00:00-05:00,6895.5,6904.75,6891.5,6892.5,12062,0.0,0.0
2026-02-20 05:00:00-05:00,6892.75,6894.25,6882.75,6882.75,9606,0.0,0.0
2026-02-20 06:00:00-05:00,6883.0,6883.0,6866.0,6869.0,19848,0.0,0.0
2026-02-20 07:00:00-05:00,6868.75,6874.25,6860.5,6869.75,26220,0.0,0.0
2026-02-20 08:00:00-05:00,6869.75,6877.5,6851.25,6861.5,42536,0.0,0.0
2026-02-20 09:00:00-05:00,6861.5,6884.0,6847.25,6878.75,198339,0.0,0.0
2026-02-20 10:00:00-05:00,6880.0,6925.0,6872.25,6919.0,371420,0.0,0.0
2026-02-20 11:00:00-05:00,6919.0,6923.25,6889.25,6916.75,207139,0.0,0.0
2026-02-20 12:00:00-05:00,6916.5,6919.75,6871.0,6905.25,227907,0.0,0.0
2026-02-20 13:00:00-05:00,6905.0,6931.5,6887.75,6924.0,239738,0.0,0.0
2026-02-20 14:00:00-05:00,6924.25,6929.0,6908.75,6911.25,106642,0.0,0.0
2026-02-20 15:00:00-05:00,6911.5,6926.25,6911.0,6924.75,160188,0.0,0.0
2026-02-20 16:00:00-05:00,6924.75,6929.0,6922.5,6923.25,49407,0.0,0.0
2026-02-22 18:00:00-05:00,6916.5,6920.75,6900.25,6906.25,12290,0.0,0.0
2026-02-22 19:00:00-05:00,6906.0,6906.0,6878.25,6879.25,18910,0.0,0.0
2026-02-22 20:00:00-05:00,6879.25,6885.25,6874.75,6875.5,19960,0.0,0.0
2026-02-22 21:00:00-05:00,6875.25,6878.5,6870.25,6874.5,10444,0.0,0.0
2026-02-22 22:00:00-05:00,6874.5,6878.0,6869.0,6872.75,7651,0.0,0.0
2026-02-22 23:00:00-05:00,6873.0,6875.25,6867.5,6870.75,5138,0.0,0.0
2026-02-23 00:00:00-05:00,6871.5,6875.0,6867.5,6874.0,6057,0.0,0.0
2026-02-23 01:00:00-05:00,6874.25,6879.75,6873.0,6879.25,5607,0.0,0.0
2026-02-23 02:00:00-05:00,6879.25,6887.75,6878.5,6885.5,9621,0.0,0.0
2026-02-23 03:00:00-05:00,6885.75,6891.75,6881.75,6891.0,12093,0.0,0.0
2026-02-23 04:00:00-05:00,6891.25,6910.0,6891.25,6907.5,16933,0.0,0.0
2026-02-23 05:00:00-05:00,6908.0,6913.25,6899.75,6906.5,13127,0.0,0.0
2026-02-23 06:00:00-05:00,6906.75,6911.25,6892.75,6897.5,11192,0.0,0.0
2026-02-23 07:00:00-05:00,6897.25,6900.75,6886.25,6889.5,18156,0.0,0.0
2026-02-23 08:00:00-05:00,6889.5,6903.5,6886.0,6899.75,25285,0.0,0.0
2026-02-23 09:00:00-05:00,6899.75,6930.25,6892.5,6895.0,187206,0.0,0.0
2026-02-23 10:00:00-05:00,6894.75,6902.0,6851.0,6852.0,260286,0.0,0.0
2026-02-23 11:00:00-05:00,6851.75,6860.25,6832.75,6849.0,208406,0.0,0.0
2026-02-23 12:00:00-05:00,6849.0,6854.25,6835.0,6850.0,102863,0.0,0.0
2026-02-23 13:00:00-05:00,6849.75,6869.25,6847.75,6849.5,106708,0.0,0.0
2026-02-23 14:00:00-05:00,6849.5,6852.25,6834.75,6840.0,95519,0.0,0.0
2026-02-23 15:00:00-05:00,6840.0,6854.5,6835.75,6854.25,202959,0.0,0.0
2026-02-23 16:00:00-05:00,6854.0,6859.0,6851.0,6858.25,50475,0.0,0.0
2026-02-23 18:00:00-05:00,6858.25,6864.0,6854.75,6857.25,0,0.0,0.0
2026-02-23 19:00:00-05:00,6857.25,6863.25,6853.0,6861.25,10497,0.0,0.0
2026-02-23 20:00:00-05:00,6861.25,6863.75,6856.75,6862.0,7874,0.0,0.0
2026-02-23 21:00:00-05:00,6862.0,6872.25,6860.5,6870.25,8511,0.0,0.0
2026-02-23 22:00:00-05:00,6870.25,6872.5,6869.5,6870.5,5521,0.0,0.0
2026-02-23 23:00:00-05:00,6870.25,6873.0,6868.75,6872.5,4705,0.0,0.0
2026-02-24 00:00:00-05:00,6874.25,6875.0,6862.75,6865.25,7059,0.0,0.0
2026-02-24 01:00:00-05:00,6865.25,6867.75,6861.75,6866.75,5811,0.0,0.0
2026-02-24 02:00:00-05:00,6866.5,6873.0,6865.5,6866.25,6984,0.0,0.0
2026-02-24 03:00:00-05:00,6866.25,6866.5,6850.25,6855.75,17703,0.0,0.0
2026-02-24 04:00:00-05:00,6855.75,6868.25,6855.5,6868.0,12533,0.0,0.0
2026-02-24 05:00:00-05:00,6868.0,6871.25,6862.5,6866.0,7800,0.0,0.0
2026-02-24 06:00:00-05:00,6866.25,6869.25,6859.75,6864.5,9776,0.0,0.0
2026-02-24 07:00:00-05:00,6864.5,6871.5,6845.75,6850.0,27999,0.0,0.0
2026-02-24 08:00:00-05:00,6850.25,6866.25,6849.25,6863.25,25608,0.0,0.0
2026-02-24 09:00:00-05:00,6863.25,6883.75,6828.5,6861.0,229262,0.0,0.0
2026-02-24 10:00:00-05:00,6861.0,6895.0,6848.75,6883.0,246420,0.0,0.0
2026-02-24 11:00:00-05:00,6882.75,6898.25,6880.75,6894.0,136483,0.0,0.0
2026-02-24 12:00:00-05:00,6893.75,6907.5,6893.25,6903.25,106436,0.0,0.0
2026-02-24 13:00:00-05:00,6903.25,6910.5,6898.0,6903.75,81543,0.0,0.0
2026-02-24 14:00:00-05:00,6903.75,6906.0,6895.75,6900.75,87529,0.0,0.0
2026-02-24 15:00:00-05:00,6900.5,6912.75,6894.0,6903.0,185745,0.0,0.0
2026-02-24 16:00:00-05:00,6903.25,6905.0,6899.0,6900.0,35358,0.0,0.0
2026-02-24 18:00:00-05:00,6900.25,6906.0,6895.75,6904.25,0,0.0,0.0
2026-02-24 19:00:00-05:00,6904.25,6909.75,6899.25,6908.5,7050,0.0,0.0
2026-02-24 20:00:00-05:00,6908.5,6916.25,6907.0,6914.5,9387,0.0,0.0
2026-02-24 21:00:00-05:00,6914.5,6917.5,6912.25,6916.75,6856,0.0,0.0
2026-02-24 22:00:00-05:00,6916.75,6916.75,6892.25,6910.0,15195,0.0,0.0
2026-02-24 23:00:00-05:00,6910.0,6910.25,6903.25,6906.0,5836,0.0,0.0
2026-02-25 00:00:00-05:00,6908.25,6910.25,6902.75,6904.25,4362,0.0,0.0
2026-02-25 01:00:00-05:00,6904.0,6909.5,6902.5,6905.5,4622,0.0,0.0
2026-02-25 02:00:00-05:00,6905.75,6908.25,6901.0,6903.75,4750,0.0,0.0
2026-02-25 03:00:00-05:00,6903.5,6914.5,6903.5,6912.25,10096,0.0,0.0
2026-02-25 04:00:00-05:00,6912.0,6915.75,6909.0,6914.75,6987,0.0,0.0
2026-02-25 05:00:00-05:00,6915.0,6917.5,6911.0,6912.25,7655,0.0,0.0
2026-02-25 06:00:00-05:00,6912.25,6924.25,6911.25,6924.0,9754,0.0,0.0
2026-02-25 07:00:00-05:00,6923.75,6928.75,6920.0,6926.25,16118,0.0,0.0
2026-02-25 08:00:00-05:00,6926.25,6929.5,6922.0,6927.0,16509,0.0,0.0
2026-02-25 09:00:00-05:00,6927.25,6949.0,6926.75,6942.0,170747,0.0,0.0
2026-02-25 10:00:00-05:00,6942.0,6944.75,6930.25,6937.0,153013,0.0,0.0
2026-02-25 11:00:00-05:00,6937.0,6953.0,6935.75,6949.25,122259,0.0,0.0
2026-02-25 12:00:00-05:00,6949.5,6954.75,6946.75,6954.5,73650,0.0,0.0
2026-02-25 13:00:00-05:00,6954.5,6956.0,6950.75,6953.75,47964,0.0,0.0
2026-02-25 14:00:00-05:00,6954.0,6962.0,6953.75,6959.5,63961,0.0,0.0
2026-02-25 15:00:00-05:00,6959.5,6965.75,6956.0,6959.5,172670,0.0,0.0
2026-02-25 16:00:00-05:00,6959.5,6983.75,6958.25,6975.5,63483,0.0,0.0
2026-02-25 18:00:00-05:00,6965.0,6969.25,6941.75,6948.5,0,0.0,0.0
2026-02-25 19:00:00-05:00,6948.5,6954.75,6946.0,6950.0,9979,0.0,0.0
2026-02-25 20:00:00-05:00,6950.0,6952.5,6941.25,6951.5,10069,0.0,0.0
2026-02-25 21:00:00-05:00,6951.5,6952.75,6946.25,6949.5,5754,0.0,0.0
2026-02-25 22:00:00-05:00,6949.5,6953.25,6947.5,6949.0,3454,0.0,0.0
2026-02-25 23:00:00-05:00,6949.0,6950.5,6947.25,6948.5,3187,0.0,0.0
2026-02-26 00:00:00-05:00,6945.25,6948.0,6943.75,6947.0,5194,0.0,0.0
2026-02-26 01:00:00-05:00,6947.25,6954.0,6947.0,6949.75,5627,0.0,0.0
2026-02-26 02:00:00-05:00,6949.75,6955.75,6949.5,6951.25,6601,0.0,0.0
2026-02-26 03:00:00-05:00,6951.25,6960.25,6950.5,6952.75,9624,0.0,0.0
2026-02-26 04:00:00-05:00,6952.75,6963.5,6951.75,6958.75,8239,0.0,0.0
2026-02-26 05:00:00-05:00,6958.75,6960.75,6951.5,6953.5,7106,0.0,0.0
2026-02-26 06:00:00-05:00,6953.75,6958.75,6952.25,6957.25,6522,0.0,0.0
2026-02-26 07:00:00-05:00,6957.0,6965.25,6956.75,6962.0,11915,0.0,0.0
2026-02-26 08:00:00-05:00,6962.0,6970.75,6960.75,6966.5,18587,0.0,0.0
2026-02-26 09:00:00-05:00,6966.5,6968.25,6931.75,6934.5,192952,0.0,0.0
2026-02-26 10:00:00-05:00,6934.5,6938.25,6870.75,6905.0,388556,0.0,0.0
2026-02-26 11:00:00-05:00,6904.75,6918.75,6887.75,6889.75,183010,0.0,0.0
2026-02-26 12:00:00-05:00,6889.75,6898.5,6877.5,6881.75,112777,0.0,0.0
2026-02-26 13:00:00-05:00,6882.0,6909.75,6874.25,6901.5,144916,0.0,0.0
2026-02-26 14:00:00-05:00,6901.75,6924.75,6899.25,6918.25,120163,0.0,0.0
2026-02-26 15:00:00-05:00,6918.25,6926.25,6914.0,6921.25,170665,0.0,0.0
2026-02-26 16:00:00-05:00,6921.25,6922.5,6902.75,6903.75,47112,0.0,0.0
2026-02-26 18:00:00-05:00,6899.0,6900.75,6882.5,6892.5,0,0.0,0.0
2026-02-26 19:00:00-05:00,6892.5,6899.25,6883.0,6890.75,11598,0.0,0.0
2026-02-26 20:00:00-05:00,6891.0,6897.25,6887.75,6892.75,9135,0.0,0.0
2026-02-26 21:00:00-05:00,6893.0,6899.75,6892.75,6899.5,7706,0.0,0.0
2026-02-26 22:00:00-05:00,6899.5,6900.25,6894.0,6898.25,4905,0.0,0.0
2026-02-26 23:00:00-05:00,6898.5,6901.5,6896.25,6898.75,4148,0.0,0.0
2026-02-27 00:00:00-05:00,6902.0,6907.0,6900.5,6901.25,5582,0.0,0.0
2026-02-27 01:00:00-05:00,6901.5,6903.25,6892.5,6900.5,6335,0.0,0.0
2026-02-27 02:00:00-05:00,6900.5,6908.25,6900.5,6907.0,6821,0.0,0.0
2026-02-27 03:00:00-05:00,6907.0,6911.25,6899.75,6907.5,11315,0.0,0.0
2026-02-27 04:00:00-05:00,6907.5,6915.5,6900.25,6901.5,15506,0.0,0.0
2026-02-27 05:00:00-05:00,6901.5,6902.5,6887.0,6894.5,15020,0.0,0.0
2026-02-27 06:00:00-05:00,6894.75,6896.5,6878.5,6885.0,14605,0.0,0.0
2026-02-27 07:00:00-05:00,6885.0,6893.75,6873.75,6877.75,25001,0.0,0.0
2026-02-27 08:00:00-05:00,6877.75,6882.5,6851.0,6865.5,59140,0.0,0.0
2026-02-27 09:00:00-05:00,6865.75,6867.5,6841.5,6853.5,216328,0.0,0.0
2026-02-27 10:00:00-05:00,6853.5,6885.75,6851.5,6877.25,213794,0.0,0.0
2026-02-27 11:00:00-05:00,6877.5,6888.25,6870.75,6873.75,148817,0.0,0.0
2026-02-27 12:00:00-05:00,6873.75,6888.25,6858.0,6869.25,148183,0.0,0.0
2026-02-27 13:00:00-05:00,6869.0,6872.25,6855.75,6865.0,91197,0.0,0.0
2026-02-27 14:00:00-05:00,6864.75,6875.25,6855.0,6858.5,99793,0.0,0.0
2026-02-27 15:00:00-05:00,6858.5,6894.0,6858.5,6888.0,360293,0.0,0.0
2026-02-27 16:00:00-05:00,6888.0,6889.0,6873.0,6876.0,82590,0.0,0.0
2026-03-01 18:00:00-05:00,6830.25,6838.5,6814.5,6816.75,27411,0.0,0.0
2026-03-01 19:00:00-05:00,6817.0,6831.5,6809.25,6829.75,30618,0.0,0.0
2026-03-01 20:00:00-05:00,6829.5,6857.0,6829.0,6849.75,33874,0.0,0.0
2026-03-01 21:00:00-05:00,6849.75,6853.0,6835.0,6840.0,16496,0.0,0.0
2026-03-01 22:00:00-05:00,6840.25,6843.25,6835.0,6836.75,9034,0.0,0.0
2026-03-01 23:00:00-05:00,6837.0,6844.25,6827.25,6831.0,14800,0.0,0.0
2026-03-02 00:00:00-05:00,6830.5,6833.0,6814.5,6815.25,11083,0.0,0.0
2026-03-02 01:00:00-05:00,6815.25,6820.25,6787.0,6798.5,22920,0.0,0.0
2026-03-02 02:00:00-05:00,6798.5,6801.75,6782.25,6784.5,29279,0.0,0.0
2026-03-02 03:00:00-05:00,6784.75,6800.25,6768.5,6792.25,47739,0.0,0.0
2026-03-02 04:00:00-05:00,6792.0,6817.75,6789.25,6812.5,36407,0.0,0.0
2026-03-02 05:00:00-05:00,6812.25,6826.5,6812.0,6818.75,27018,0.0,0.0
2026-03-02 06:00:00-05:00,6819.0,6831.5,6812.5,6820.0,22410,0.0,0.0
2026-03-02 07:00:00-05:00,6819.5,6824.25,6805.0,6811.25,30555,0.0,0.0
2026-03-02 08:00:00-05:00,6811.25,6833.25,6804.25,6807.5,44144,0.0,0.0
2026-03-02 09:00:00-05:00,6807.75,6858.0,6802.25,6853.75,245973,0.0,0.0
2026-03-02 10:00:00-05:00,6853.75,6877.75,6843.75,6866.0,256457,0.0,0.0
2026-03-02 11:00:00-05:00,6866.0,6894.5,6853.25,6887.0,200771,0.0,0.0
2026-03-02 12:00:00-05:00,6887.0,6897.75,6881.5,6896.75,100624,0.0,0.0
2026-03-02 13:00:00-05:00,6896.75,6898.75,6876.25,6877.0,88589,0.0,0.0
2026-03-02 14:00:00-05:00,6876.75,6911.25,6876.0,6906.5,120127,0.0,0.0
2026-03-02 15:00:00-05:00,6906.75,6908.0,6872.75,6887.0,283826,0.0,0.0
2026-03-02 16:00:00-05:00,6887.25,6888.25,6878.5,6884.5,49945,0.0,0.0
2026-03-02 18:00:00-05:00,6883.5,6886.0,6870.75,6877.0,0,0.0,0.0
2026-03-02 19:00:00-05:00,6877.0,6879.75,6866.0,6867.25,9277,0.0,0.0
2026-03-02 20:00:00-05:00,6867.25,6875.5,6853.25,6854.25,17216,0.0,0.0
2026-03-02 21:00:00-05:00,6854.25,6855.75,6840.0,6850.5,23965,0.0,0.0
2026-03-02 22:00:00-05:00,6850.5,6855.75,6841.75,6848.75,12706,0.0,0.0
2026-03-02 23:00:00-05:00,6848.75,6852.0,6834.5,6836.25,11094,0.0,0.0
2026-03-03 00:00:00-05:00,6840.0,6841.75,6828.75,6831.0,19193,0.0,0.0
2026-03-03 01:00:00-05:00,6831.25,6836.75,6824.5,6827.75,18213,0.0,0.0
2026-03-03 02:00:00-05:00,6827.75,6830.75,6812.25,6814.0,18730,0.0,0.0
2026-03-03 03:00:00-05:00,6813.75,6816.25,6775.75,6777.75,55048,0.0,0.0
2026-03-03 04:00:00-05:00,6777.75,6794.5,6766.25,6767.75,49591,0.0,0.0
2026-03-03 05:00:00-05:00,6767.75,6773.75,6751.0,6764.25,55218,0.0,0.0
2026-03-03 06:00:00-05:00,6763.75,6780.0,6742.75,6773.75,52246,0.0,0.0
2026-03-03 07:00:00-05:00,6773.75,6801.0,6771.5,6793.0,54379,0.0,0.0
2026-03-03 08:00:00-05:00,6793.5,6795.5,6759.25,6768.75,64493,0.0,0.0
2026-03-03 09:00:00-05:00,6768.75,6794.0,6741.5,6746.25,291266,0.0,0.0
2026-03-03 10:00:00-05:00,6746.25,6762.0,6718.75,6741.75,332568,0.0,0.0
2026-03-03 11:00:00-05:00,6742.0,6807.75,6739.75,6798.75,292002,0.0,0.0
2026-03-03 12:00:00-05:00,6798.75,6808.0,6783.75,6797.25,165657,0.0,0.0
2026-03-03 13:00:00-05:00,6797.0,6842.75,6797.0,6836.25,190279,0.0,0.0
2026-03-03 14:00:00-05:00,6836.25,6849.75,6816.0,6836.0,191525,0.0,0.0
2026-03-03 15:00:00-05:00,6836.0,6843.25,6815.25,6825.75,211871,0.0,0.0
2026-03-03 16:00:00-05:00,6825.75,6826.5,6809.75,6814.0,46360,0.0,0.0
2026-03-03 18:00:00-05:00,6813.25,6824.75,6805.5,6810.5,0,0.0,0.0
2026-03-03 19:00:00-05:00,6811.0,6833.0,6806.0,6821.0,23082,0.0,0.0
2026-03-03 20:00:00-05:00,6821.0,6826.25,6795.25,6806.75,26923,0.0,0.0
2026-03-03 21:00:00-05:00,6807.0,6812.5,6787.75,6799.75,20534,0.0,0.0
2026-03-03 22:00:00-05:00,6799.75,6800.0,6777.5,6793.5,19286,0.0,0.0
2026-03-03 23:00:00-05:00,6793.25,6802.0,6786.75,6793.5,13009,0.0,0.0
2026-03-04 00:00:00-05:00,6790.75,6798.25,6780.25,6788.5,13110,0.0,0.0
2026-03-04 01:00:00-05:00,6788.5,6795.0,6773.5,6790.75,15961,0.0,0.0
2026-03-04 02:00:00-05:00,6790.5,6812.25,6782.5,6807.25,17406,0.0,0.0
2026-03-04 03:00:00-05:00,6807.5,6813.0,6795.25,6803.5,27443,0.0,0.0
2026-03-04 04:00:00-05:00,6803.75,6826.5,6797.0,6825.0,25278,0.0,0.0
2026-03-04 05:00:00-05:00,6825.0,6848.5,6821.75,6842.75,50439,0.0,0.0
2026-03-04 06:00:00-05:00,6843.0,6855.0,6832.25,6832.5,30659,0.0,0.0
2026-03-04 07:00:00-05:00,6832.75,6843.0,6813.0,6827.75,37698,0.0,0.0
2026-03-04 08:00:00-05:00,6827.75,6856.75,6827.0,6848.25,59204,0.0,0.0
2026-03-04 09:00:00-05:00,6847.75,6857.75,6817.75,6836.25,184145,0.0,0.0
2026-03-04 10:00:00-05:00,6836.25,6886.25,6831.0,6881.0,235658,0.0,0.0
2026-03-04 11:00:00-05:00,6881.25,6889.75,6864.25,6880.5,173865,0.0,0.0
2026-03-04 12:00:00-05:00,6880.75,6887.25,6868.5,6885.0,101058,0.0,0.0
2026-03-04 13:00:00-05:00,6885.0,6891.75,6876.5,6888.5,88654,0.0,0.0
2026-03-04 14:00:00-05:00,6888.5,6894.0,6886.75,6891.25,72796,0.0,0.0
2026-03-04 15:00:00-05:00,6891.0,6893.0,6873.5,6873.5,189633,0.0,0.0
2026-03-04 16:00:00-05:00,6873.5,6882.25,6866.0,6879.0,58248,0.0,0.0
2026-03-04 18:00:00-05:00,6883.25,6889.25,6878.25,6885.5,0,0.0,0.0
2026-03-04 19:00:00-05:00,6885.25,6900.75,6883.75,6892.5,15732,0.0,0.0
2026-03-04 20:00:00-05:00,6892.5,6893.25,6857.25,6863.5,26228,0.0,0.0
2026-03-04 21:00:00-05:00,6863.5,6873.0,6857.25,6865.5,15976,0.0,0.0
2026-03-04 22:00:00-05:00,6865.5,6868.25,6850.25,6856.75,14941,0.0,0.0
2026-03-04 23:00:00-05:00,6856.25,6869.5,6853.25,6867.5,9284,0.0,0.0
2026-03-05 00:00:00-05:00,6867.75,6869.0,6854.0,6854.5,7011,0.0,0.0
2026-03-05 01:00:00-05:00,6854.5,6867.0,6844.5,6866.75,16375,0.0,0.0
2026-03-05 02:00:00-05:00,6866.75,6868.25,6855.5,6863.25,13105,0.0,0.0
2026-03-05 03:00:00-05:00,6863.25,6864.25,6840.5,6858.0,26362,0.0,0.0
2026-03-05 04:00:00-05:00,6857.75,6894.0,6856.25,6871.5,48707,0.0,0.0
2026-03-05 05:00:00-05:00,6871.75,6878.0,6865.0,6869.75,14539,0.0,0.0
2026-03-05 06:00:00-05:00,6870.0,6880.5,6865.5,6867.0,16227,0.0,0.0
2026-03-05 07:00:00-05:00,6867.25,6880.75,6856.5,6862.75,23939,0.0,0.0
2026-03-05 08:00:00-05:00,6863.0,6864.5,6842.75,6844.5,36914,0.0,0.0
2026-03-05 09:00:00-05:00,6844.75,6873.0,6835.75,6872.75,198129,0.0,0.0
2026-03-05 10:00:00-05:00,6872.5,6877.5,6814.25,6842.75,258089,0.0,0.0
2026-03-05 11:00:00-05:00,6842.75,6845.25,6811.0,6831.75,187342,0.0,0.0
2026-03-05 12:00:00-05:00,6832.0,6845.75,6781.0,6785.75,224561,0.0,0.0
2026-03-05 13:00:00-05:00,6785.5,6803.75,6779.25,6787.25,168463,0.0,0.0
2026-03-05 14:00:00-05:00,6787.25,6799.25,6777.0,6791.75,138768,0.0,0.0
2026-03-05 15:00:00-05:00,6791.75,6839.0,6784.75,6835.0,305670,0.0,0.0
2026-03-05 16:00:00-05:00,6835.0,6835.5,6821.5,6824.75,52864,0.0,0.0
2026-03-05 18:00:00-05:00,6826.0,6843.0,6822.25,6841.0,0,0.0,0.0
2026-03-05 19:00:00-05:00,6841.0,6850.25,6840.75,6842.75,10654,0.0,0.0
2026-03-05 20:00:00-05:00,6842.25,6845.75,6833.25,6839.0,12084,0.0,0.0
2026-03-05 21:00:00-05:00,6839.0,6847.5,6836.5,6836.75,8174,0.0,0.0
2026-03-05 22:00:00-05:00,6836.75,6848.0,6836.75,6847.25,6091,0.0,0.0
2026-03-05 23:00:00-05:00,6847.25,6853.0,6843.5,6846.5,5616,0.0,0.0
2026-03-06 00:00:00-05:00,6848.75,6854.0,6845.5,6847.25,6060,0.0,0.0
2026-03-06 01:00:00-05:00,6847.5,6850.75,6842.25,6843.75,5921,0.0,0.0
2026-03-06 02:00:00-05:00,6843.75,6850.5,6840.25,6847.5,7058,0.0,0.0
2026-03-06 03:00:00-05:00,6847.5,6848.0,6829.25,6837.75,19133,0.0,0.0
2026-03-06 04:00:00-05:00,6838.0,6840.25,6798.5,6805.5,33792,0.0,0.0
2026-03-06 05:00:00-05:00,6805.75,6822.25,6805.0,6814.75,22037,0.0,0.0
2026-03-06 06:00:00-05:00,6814.75,6817.75,6789.25,6793.75,32952,0.0,0.0
2026-03-06 07:00:00-05:00,6793.75,6802.25,6783.75,6789.75,39713,0.0,0.0
2026-03-06 08:00:00-05:00,6789.5,6805.5,6738.25,6745.0,111959,0.0,0.0
2026-03-06 09:00:00-05:00,6745.0,6759.25,6715.75,6727.0,283337,0.0,0.0
2026-03-06 10:00:00-05:00,6727.25,6778.0,6726.0,6768.0,273753,0.0,0.0
2026-03-06 11:00:00-05:00,6768.0,6779.0,6752.75,6768.5,184997,0.0,0.0
2026-03-06 12:00:00-05:00,6768.75,6777.5,6739.0,6749.5,136177,0.0,0.0
2026-03-06 13:00:00-05:00,6749.75,6780.5,6748.25,6759.0,146542,0.0,0.0
2026-03-06 14:00:00-05:00,6759.25,6775.25,6756.5,6768.75,113461,0.0,0.0
2026-03-06 15:00:00-05:00,6768.5,6778.75,6729.25,6742.5,286192,0.0,0.0
2026-03-06 16:00:00-05:00,6742.5,6745.25,6730.0,6743.75,74861,0.0,0.0
2026-03-08 18:00:00-04:00,6617.75,6642.0,6617.75,6641.0,39356,0.0,0.0
2026-03-08 19:00:00-04:00,6641.0,6646.75,6620.25,6628.25,29501,0.0,0.0
2026-03-08 20:00:00-04:00,6628.5,6637.75,6613.0,6619.0,34425,0.0,0.0
2026-03-08 21:00:00-04:00,6619.5,6623.0,6589.75,6590.75,39960,0.0,0.0
2026-03-08 22:00:00-04:00,6591.0,6608.75,6584.5,6603.5,32976,0.0,0.0
2026-03-08 23:00:00-04:00,6603.5,6614.5,6602.75,6610.0,24492,0.0,0.0
2026-03-09 00:00:00-04:00,6609.5,6621.0,6609.5,6611.25,17566,0.0,0.0
2026-03-09 01:00:00-04:00,6611.75,6643.75,6608.25,6642.25,28190,0.0,0.0
2026-03-09 02:00:00-04:00,6642.5,6651.75,6629.0,6632.75,26808,0.0,0.0
2026-03-09 03:00:00-04:00,6632.5,6648.5,6624.25,6642.75,28435,0.0,0.0
2026-03-09 04:00:00-04:00,6643.0,6660.5,6633.75,6656.5,57558,0.0,0.0
2026-03-09 05:00:00-04:00,6656.75,6701.5,6649.25,6683.25,60505,0.0,0.0
2026-03-09 06:00:00-04:00,6683.25,6686.25,6661.5,6667.0,39980,0.0,0.0
2026-03-09 07:00:00-04:00,6667.25,6677.5,6660.75,6668.25,33617,0.0,0.0
2026-03-09 08:00:00-04:00,6668.25,6690.75,6661.75,6670.25,47203,0.0,0.0
2026-03-09 09:00:00-04:00,6670.5,6693.75,6644.25,6658.0,224694,0.0,0.0
2026-03-09 10:00:00-04:00,6658.25,6701.5,6641.0,6693.5,269808,0.0,0.0
2026-03-09 11:00:00-04:00,6693.5,6717.25,6693.5,6712.5,186472,0.0,0.0
2026-03-09 12:00:00-04:00,6712.75,6741.0,6709.5,6730.75,167532,0.0,0.0
2026-03-09 13:00:00-04:00,6730.75,6731.75,6698.75,6705.75,124798,0.0,0.0
2026-03-09 14:00:00-04:00,6705.75,6731.25,6705.5,6719.25,122492,0.0,0.0
2026-03-09 15:00:00-04:00,6719.25,6818.5,6717.0,6801.75,431531,0.0,0.0
2026-03-09 16:00:00-04:00,6801.75,6808.5,6781.25,6793.75,86446,0.0,0.0
2026-03-09 18:00:00-04:00,6800.75,6800.75,6774.0,6778.25,0,0.0,0.0
2026-03-09 19:00:00-04:00,6778.5,6782.75,6766.0,6771.75,11416,0.0,0.0
2026-03-09 20:00:00-04:00,6771.75,6791.5,6762.5,6782.5,20201,0.0,0.0
2026-03-09 21:00:00-04:00,6782.5,6796.0,6780.5,6792.25,14485,0.0,0.0
2026-03-09 22:00:00-04:00,6792.25,6794.75,6775.25,6778.5,11294,0.0,0.0
2026-03-09 23:00:00-04:00,6778.5,6787.25,6764.5,6772.5,12923,0.0,0.0
2026-03-10 00:00:00-04:00,6772.25,6780.0,6770.0,6777.5,6698,0.0,0.0
2026-03-10 01:00:00-04:00,6777.5,6791.0,6777.25,6789.75,7924,0.0,0.0
2026-03-10 02:00:00-04:00,6790.0,6795.5,6786.25,6790.25,10108,0.0,0.0
2026-03-10 03:00:00-04:00,6790.0,6820.5,6786.5,6819.25,27192,0.0,0.0
2026-03-10 04:00:00-04:00,6819.5,6833.5,6815.75,6820.0,39218,0.0,0.0
2026-03-10 05:00:00-04:00,6820.25,6832.5,6818.5,6820.25,25324,0.0,0.0
2026-03-10 06:00:00-04:00,6820.25,6821.25,6802.75,6814.0,31622,0.0,0.0
2026-03-10 07:00:00-04:00,6814.0,6824.0,6787.0,6790.0,44708,0.0,0.0
2026-03-10 08:00:00-04:00,6790.0,6792.75,6768.75,6785.5,51637,0.0,0.0
2026-03-10 09:00:00-04:00,6785.75,6806.0,6772.0,6776.0,181045,0.0,0.0
2026-03-10 10:00:00-04:00,6775.5,6829.75,6765.0,6829.25,233648,0.0,0.0
2026-03-10 11:00:00-04:00,6829.25,6837.5,6820.25,6831.5,170411,0.0,0.0
2026-03-10 12:00:00-04:00,6831.75,6836.25,6814.5,6832.5,141121,0.0,0.0
2026-03-10 13:00:00-04:00,6832.5,6852.0,6824.5,6838.5,195733,0.0,0.0
2026-03-10 14:00:00-04:00,6838.25,6840.0,6791.0,6802.5,266567,0.0,0.0
2026-03-10 15:00:00-04:00,6802.75,6813.0,6779.75,6788.0,243717,0.0,0.0
2026-03-10 16:00:00-04:00,6788.0,6801.25,6786.75,6797.25,49396,0.0,0.0
2026-03-10 18:00:00-04:00,6796.75,6797.25,6782.5,6787.0,0,0.0,0.0
2026-03-10 19:00:00-04:00,6787.25,6799.5,6786.0,6797.0,5935,0.0,0.0
2026-03-10 20:00:00-04:00,6797.25,6813.5,6795.75,6808.5,17738,0.0,0.0
2026-03-10 21:00:00-04:00,6808.75,6819.25,6806.75,6816.5,11319,0.0,0.0
2026-03-10 22:00:00-04:00,6816.5,6819.5,6812.75,6816.25,6852,0.0,0.0
2026-03-10 23:00:00-04:00,6816.25,6822.5,6814.0,6821.5,6807,0.0,0.0
2026-03-11 00:00:00-04:00,6820.25,6821.25,6814.25,6815.25,4836,0.0,0.0
2026-03-11 01:00:00-04:00,6815.5,6816.25,6802.0,6803.0,7625,0.0,0.0
2026-03-11 02:00:00-04:00,6803.0,6808.5,6798.5,6806.0,8098,0.0,0.0
2026-03-11 03:00:00-04:00,6806.0,6807.5,6783.75,6794.75,16651,0.0,0.0
2026-03-11 04:00:00-04:00,6795.0,6800.0,6775.5,6782.0,30516,0.0,0.0
2026-03-11 05:00:00-04:00,6782.0,6783.0,6768.25,6769.5,21767,0.0,0.0
2026-03-11 06:00:00-04:00,6769.75,6800.5,6769.0,6800.0,22544,0.0,0.0
2026-03-11 07:00:00-04:00,6800.0,6806.0,6773.75,6779.5,36793,0.0,0.0
2026-03-11 08:00:00-04:00,6779.25,6804.5,6764.0,6771.75,47375,0.0,0.0
2026-03-11 09:00:00-04:00,6771.75,6802.0,6771.0,6795.75,172709,0.0,0.0
2026-03-11 10:00:00-04:00,6796.0,6818.0,6768.5,6797.5,270339,0.0,0.0
2026-03-11 11:00:00-04:00,6797.5,6803.5,6753.0,6758.75,220220,0.0,0.0
2026-03-11 12:00:00-04:00,6758.5,6779.75,6751.5,6779.25,154006,0.0,0.0
2026-03-11 13:00:00-04:00,6779.0,6784.5,6749.75,6766.25,160685,0.0,0.0
2026-03-11 14:00:00-04:00,6766.5,6774.5,6753.5,6769.25,121004,0.0,0.0
2026-03-11 15:00:00-04:00,6769.25,6782.5,6759.75,6779.75,145857,0.0,0.0
2026-03-11 16:00:00-04:00,6779.75,6782.0,6768.0,6769.75,48043,0.0,0.0
2026-03-11 18:00:00-04:00,6766.0,6769.5,6735.25,6742.0,0,0.0,0.0
2026-03-11 19:00:00-04:00,6741.75,6743.0,6715.25,6729.25,27344,0.0,0.0
2026-03-11 20:00:00-04:00,6729.0,6731.5,6715.25,6728.0,19983,0.0,0.0
2026-03-11 21:00:00-04:00,6728.0,6738.5,6721.5,6726.75,18472,0.0,0.0
2026-03-11 22:00:00-04:00,6727.0,6729.5,6705.75,6712.25,16812,0.0,0.0
2026-03-11 23:00:00-04:00,6712.25,6718.25,6706.25,6712.5,8872,0.0,0.0
2026-03-12 00:00:00-04:00,6717.25,6720.0,6709.25,6710.25,7256,0.0,0.0
2026-03-12 01:00:00-04:00,6710.5,6723.25,6710.25,6720.75,11937,0.0,0.0
2026-03-12 02:00:00-04:00,6720.75,6731.75,6715.75,6730.25,11592,0.0,0.0
2026-03-12 03:00:00-04:00,6730.75,6746.5,6730.25,6746.25,17098,0.0,0.0
2026-03-12 04:00:00-04:00,6746.0,6756.5,6740.25,6750.0,28636,0.0,0.0
2026-03-12 05:00:00-04:00,6750.25,6758.5,6733.75,6757.25,18987,0.0,0.0
2026-03-12 06:00:00-04:00,6757.25,6760.5,6746.5,6749.0,18330,0.0,0.0
2026-03-12 07:00:00-04:00,6748.25,6760.75,6741.5,6742.75,26082,0.0,0.0
2026-03-12 08:00:00-04:00,6743.0,6744.25,6728.75,6737.75,35394,0.0,0.0
2026-03-12 09:00:00-04:00,6737.5,6741.5,6697.0,6704.0,252215,0.0,0.0
2026-03-12 10:00:00-04:00,6704.0,6727.75,6688.25,6700.5,309681,0.0,0.0
2026-03-12 11:00:00-04:00,6700.75,6719.0,6684.5,6708.75,263996,0.0,0.0
2026-03-12 12:00:00-04:00,6709.0,6729.25,6693.0,6704.25,245591,0.0,0.0
2026-03-12 13:00:00-04:00,6704.25,6719.25,6688.75,6697.5,161406,0.0,0.0
2026-03-12 14:00:00-04:00,6697.75,6708.25,6688.0,6689.5,120579,0.0,0.0
2026-03-12 15:00:00-04:00,6689.25,6702.75,6675.25,6676.25,234689,0.0,0.0
2026-03-12 16:00:00-04:00,6676.25,6687.5,6671.75,6685.25,67136,0.0,0.0
2026-03-12 18:00:00-04:00,6684.25,6693.25,6677.5,6690.75,0,0.0,0.0
2026-03-12 19:00:00-04:00,6691.0,6695.75,6679.5,6680.25,9191,0.0,0.0
2026-03-12 20:00:00-04:00,6680.0,6707.75,6671.0,6702.5,21511,0.0,0.0
2026-03-12 21:00:00-04:00,6702.5,6711.75,6700.5,6702.75,10499,0.0,0.0
2026-03-12 22:00:00-04:00,6702.75,6707.25,6696.0,6697.25,6903,0.0,0.0
2026-03-12 23:00:00-04:00,6697.25,6702.75,6693.25,6701.75,6210,0.0,0.0
2026-03-13 00:00:00-04:00,6701.25,6701.25,6688.25,6691.75,5964,0.0,0.0
2026-03-13 01:00:00-04:00,6691.75,6697.0,6687.0,6693.75,5717,0.0,0.0
2026-03-13 02:00:00-04:00,6693.5,6695.0,6667.5,6668.25,14145,0.0,0.0
2026-03-13 03:00:00-04:00,6668.0,6669.75,6650.5,6656.0,24710,0.0,0.0
2026-03-13 04:00:00-04:00,6656.25,6672.25,6640.0,6669.5,36811,0.0,0.0
2026-03-13 05:00:00-04:00,6669.5,6683.75,6669.25,6674.5,30369,0.0,0.0
2026-03-13 06:00:00-04:00,6674.5,6694.5,6673.25,6694.0,32018,0.0,0.0
2026-03-13 07:00:00-04:00,6693.75,6707.0,6690.5,6706.5,38876,0.0,0.0
2026-03-13 08:00:00-04:00,6706.5,6725.25,6697.75,6710.25,64901,0.0,0.0
2026-03-13 09:00:00-04:00,6710.25,6737.5,6702.5,6719.75,259625,0.0,0.0
2026-03-13 10:00:00-04:00,6719.25,6726.75,6663.5,6667.0,373686,0.0,0.0
2026-03-13 11:00:00-04:00,6667.0,6683.25,6644.5,6647.5,324371,0.0,0.0
2026-03-13 12:00:00-04:00,6647.25,6666.25,6645.25,6647.25,253109,0.0,0.0
2026-03-13 13:00:00-04:00,6647.25,6665.0,6634.5,6639.75,196874,0.0,0.0
2026-03-13 14:00:00-04:00,6640.0,6662.0,6638.25,6655.75,184064,0.0,0.0
2026-03-13 15:00:00-04:00,6655.75,6655.75,6627.0,6637.0,296444,0.0,0.0
2026-03-13 16:00:00-04:00,6637.0,6638.0,6625.0,6636.0,62925,0.0,0.0
2026-03-15 18:00:00-04:00,6623.5,6658.25,6616.0,6655.5,18016,0.0,0.0
2026-03-15 19:00:00-04:00,6656.0,6663.0,6641.25,6649.0,17141,0.0,0.0
2026-03-15 20:00:00-04:00,6649.25,6670.0,6648.5,6664.75,17634,0.0,0.0
2026-03-15 21:00:00-04:00,6665.0,6671.75,6656.0,6669.75,13240,0.0,0.0
2026-03-15 22:00:00-04:00,6669.5,6670.5,6658.75,6661.5,6819,0.0,0.0
2026-03-15 23:00:00-04:00,6662.0,6674.25,6661.5,6673.0,4984,0.0,0.0
2026-03-16 00:00:00-04:00,6672.5,6675.5,6665.25,6665.25,5232,0.0,0.0
2026-03-16 01:00:00-04:00,6665.75,6678.5,6665.5,6677.5,7215,0.0,0.0
2026-03-16 02:00:00-04:00,6677.5,6680.0,6671.5,6679.25,6734,0.0,0.0
2026-03-16 03:00:00-04:00,6679.25,6684.0,6661.5,6664.75,13638,0.0,0.0
2026-03-16 04:00:00-04:00,6664.75,6679.75,6659.75,6666.5,23467,0.0,0.0
2026-03-16 05:00:00-04:00,6666.5,6668.25,6652.0,6656.5,25205,0.0,0.0
2026-03-16 06:00:00-04:00,6656.25,6686.75,6655.25,6685.25,34860,0.0,0.0
2026-03-16 07:00:00-04:00,6685.25,6691.0,6676.0,6688.25,34786,0.0,0.0
2026-03-16 08:00:00-04:00,6688.25,6704.5,6688.25,6694.75,66997,0.0,0.0
2026-03-16 09:00:00-04:00,6695.0,6723.0,6690.5,6722.0,226658,0.0,0.0
2026-03-16 10:00:00-04:00,6721.75,6728.0,6689.25,6711.75,341280,0.0,0.0
2026-03-16 11:00:00-04:00,6712.0,6770.75,6699.5,6748.5,304927,0.0,0.0
2026-03-16 12:00:00-04:00,6748.75,6755.5,6734.5,6748.0,249042,0.0,0.0
2026-03-16 13:00:00-04:00,6748.25,6762.5,6743.5,6751.0,190650,0.0,0.0
2026-03-16 14:00:00-04:00,6751.25,6767.0,6750.25,6760.0,163032,0.0,0.0
2026-03-16 15:00:00-04:00,6759.75,6784.75,6747.5,6753.75,295034,0.0,0.0
2026-03-16 16:00:00-04:00,6753.75,6758.25,6746.5,6749.75,63170,0.0,0.0
2026-03-16 18:00:00-04:00,6751.75,6752.0,6743.0,6744.25,0,0.0,0.0
2026-03-16 19:00:00-04:00,6744.25,6752.5,6743.75,6752.25,4919,0.0,0.0
2026-03-16 20:00:00-04:00,6752.25,6752.25,6734.25,6735.75,11256,0.0,0.0
2026-03-16 21:00:00-04:00,6736.0,6743.75,6735.5,6742.0,8262,0.0,0.0
2026-03-16 22:00:00-04:00,6741.75,6742.25,6732.5,6732.75,6582,0.0,0.0
2026-03-16 23:00:00-04:00,6732.75,6738.0,6730.5,6732.0,6069,0.0,0.0
2026-03-17 00:00:00-04:00,6732.75,6744.5,6732.75,6741.75,5367,0.0,0.0
2026-03-17 01:00:00-04:00,6741.75,6744.75,6722.75,6723.5,7478,0.0,0.0
2026-03-17 02:00:00-04:00,6723.25,6725.5,6715.75,6721.5,13220,0.0,0.0
2026-03-17 03:00:00-04:00,6721.25,6735.5,6717.5,6726.25,11543,0.0,0.0
2026-03-17 04:00:00-04:00,6726.0,6734.0,6719.5,6728.25,26032,0.0,0.0
2026-03-17 05:00:00-04:00,6728.0,6748.0,6728.0,6747.25,24376,0.0,0.0
2026-03-17 06:00:00-04:00,6747.25,6747.5,6734.75,6746.25,25115,0.0,0.0
2026-03-17 07:00:00-04:00,6746.0,6751.25,6741.75,6742.5,29934,0.0,0.0
2026-03-17 08:00:00-04:00,6742.75,6774.0,6742.25,6771.5,59739,0.0,0.0
2026-03-17 09:00:00-04:00,6771.75,6808.5,6771.5,6803.0,217117,0.0,0.0
2026-03-17 10:00:00-04:00,6803.0,6803.25,6779.25,6794.25,286637,0.0,0.0
2026-03-17 11:00:00-04:00,6794.5,6797.0,6766.75,6773.75,221348,0.0,0.0
2026-03-17 12:00:00-04:00,6773.75,6780.5,6764.25,6773.5,160078,0.0,0.0
2026-03-17 13:00:00-04:00,6773.5,6784.0,6773.25,6781.0,123288,0.0,0.0
2026-03-17 14:00:00-04:00,6781.25,6787.5,6771.25,6775.25,110426,0.0,0.0
2026-03-17 15:00:00-04:00,6775.25,6780.5,6769.0,6772.0,190252,0.0,0.0
2026-03-17 16:00:00-04:00,6772.0,6776.25,6769.75,6774.25,47176,0.0,0.0
2026-03-17 18:00:00-04:00,6774.0,6775.0,6764.75,6768.0,0,0.0,0.0
2026-03-17 19:00:00-04:00,6768.25,6771.5,6765.0,6766.5,4073,0.0,0.0
2026-03-17 20:00:00-04:00,6766.25,6781.5,6765.25,6780.75,7309,0.0,0.0
2026-03-17 21:00:00-04:00,6781.0,6786.75,6781.0,6786.0,8124,0.0,0.0
2026-03-17 22:00:00-04:00,6785.75,6794.25,6785.75,6792.0,6853,0.0,0.0
2026-03-17 23:00:00-04:00,6792.0,6799.0,6790.5,6797.0,4821,0.0,0.0
2026-03-18 00:00:00-04:00,6798.5,6801.0,6796.5,6799.25,5343,0.0,0.0
2026-03-18 01:00:00-04:00,6799.25,6804.75,6798.0,6804.5,4688,0.0,0.0
2026-03-18 02:00:00-04:00,6804.5,6814.0,6803.5,6808.0,11632,0.0,0.0
2026-03-18 03:00:00-04:00,6808.0,6810.5,6803.0,6803.5,10630,0.0,0.0
2026-03-18 04:00:00-04:00,6803.25,6810.75,6802.0,6806.25,16296,0.0,0.0
2026-03-18 05:00:00-04:00,6806.25,6810.0,6802.75,6806.0,12344,0.0,0.0
2026-03-18 06:00:00-04:00,6806.0,6811.75,6802.75,6803.25,15312,0.0,0.0
2026-03-18 07:00:00-04:00,6803.0,6807.25,6787.5,6793.0,33949,0.0,0.0
2026-03-18 08:00:00-04:00,6792.5,6794.5,6733.75,6737.0,107907,0.0,0.0
2026-03-18 09:00:00-04:00,6737.0,6759.75,6732.0,6756.0,197506,0.0,0.0
2026-03-18 10:00:00-04:00,6755.75,6757.25,6719.0,6733.75,211590,0.0,0.0
2026-03-18 11:00:00-04:00,6733.75,6743.0,6726.25,6733.0,169191,0.0,0.0
2026-03-18 12:00:00-04:00,6733.0,6738.75,6720.75,6728.0,125391,0.0,0.0
2026-03-18 13:00:00-04:00,6727.75,6731.5,6715.0,6729.75,120393,0.0,0.0
2026-03-18 14:00:00-04:00,6730.5,6737.5,6695.0,6695.75,212093,0.0,0.0
2026-03-18 15:00:00-04:00,6695.5,6709.5,6673.75,6677.25,261984,0.0,0.0
2026-03-18 16:00:00-04:00,6677.0,6680.25,6654.5,6664.0,81736,0.0,0.0
2026-03-18 18:00:00-04:00,6673.0,6673.0,6656.75,6663.75,0,0.0,0.0
2026-03-18 19:00:00-04:00,6663.75,6675.75,6662.75,6670.25,13906,0.0,0.0
2026-03-18 20:00:00-04:00,6670.25,6675.5,6662.0,6670.0,13409,0.0,0.0
2026-03-18 21:00:00-04:00,6670.0,6681.0,6666.0,6673.75,10906,0.0,0.0
2026-03-18 22:00:00-04:00,6674.0,6695.0,6666.25,6687.5,21331,0.0,0.0
2026-03-18 23:00:00-04:00,6687.25,6692.0,6683.5,6683.75,7180,0.0,0.0
2026-03-19 00:00:00-04:00,6677.25,6679.0,6671.25,6675.75,6846,0.0,0.0
2026-03-19 01:00:00-04:00,6676.0,6679.25,6663.25,6667.5,9838,0.0,0.0
2026-03-19 02:00:00-04:00,6667.25,6679.25,6665.0,6671.75,11274,0.0,0.0
2026-03-19 03:00:00-04:00,6671.5,6676.0,6655.0,6659.25,18343,0.0,0.0
2026-03-19 04:00:00-04:00,6659.25,6668.25,6647.5,6657.5,43144,0.0,0.0
2026-03-19 05:00:00-04:00,6657.75,6682.0,6645.5,6676.75,59157,0.0,0.0
2026-03-19 06:00:00-04:00,6676.75,6677.25,6663.75,6667.5,25537,0.0,0.0
2026-03-19 07:00:00-04:00,6667.75,6673.25,6649.5,6660.0,32285,0.0,0.0
2026-03-19 08:00:00-04:00,6659.75,6661.75,6623.75,6629.5,83967,0.0,0.0
2026-03-19 09:00:00-04:00,6629.5,6650.25,6611.75,6647.25,247309,0.0,0.0
2026-03-19 10:00:00-04:00,6647.0,6655.5,6620.75,6638.75,236944,0.0,0.0
2026-03-19 11:00:00-04:00,6638.75,6658.25,6622.0,6640.0,232990,0.0,0.0
2026-03-19 12:00:00-04:00,6639.75,6652.0,6626.5,6632.25,176363,0.0,0.0
2026-03-19 13:00:00-04:00,6632.25,6639.5,6616.25,6633.25,130347,0.0,0.0
2026-03-19 14:00:00-04:00,6633.25,6649.75,6624.0,6645.75,143150,0.0,0.0
2026-03-19 15:00:00-04:00,6645.75,6692.0,6645.25,6658.75,392460,0.0,0.0
2026-03-19 16:00:00-04:00,6659.0,6675.25,6654.75,6670.5,57849,0.0,0.0
2026-03-19 18:00:00-04:00,6675.5,6680.0,6667.75,6676.75,0,0.0,0.0
2026-03-19 19:00:00-04:00,6676.75,6682.25,6671.0,6673.25,7451,0.0,0.0
2026-03-19 20:00:00-04:00,6673.25,6679.5,6666.25,6669.0,9639,0.0,0.0
2026-03-19 21:00:00-04:00,6669.5,6685.5,6667.5,6675.0,12339,0.0,0.0
2026-03-19 22:00:00-04:00,6675.5,6679.25,6672.75,6674.5,5037,0.0,0.0
2026-03-19 23:00:00-04:00,6674.5,6675.5,6669.0,6670.0,5110,0.0,0.0
2026-03-20 00:00:00-04:00,6671.75,6672.25,6665.75,6666.25,3750,0.0,0.0
2026-03-20 01:00:00-04:00,6665.75,6670.0,6660.75,6667.5,4609,0.0,0.0
2026-03-20 02:00:00-04:00,6667.25,6669.75,6651.5,6653.75,5580,0.0,0.0
2026-03-20 03:00:00-04:00,6653.5,6672.75,6643.25,6670.0,12316,0.0,0.0
2026-03-20 04:00:00-04:00,6670.25,6675.25,6660.75,6662.0,19395,0.0,0.0
2026-03-20 05:00:00-04:00,6662.25,6668.0,6627.0,6632.5,31455,0.0,0.0
2026-03-20 06:00:00-04:00,6632.0,6634.0,6607.75,6624.25,40876,0.0,0.0
2026-03-20 07:00:00-04:00,6624.25,6640.0,6622.25,6634.75,26246,0.0,0.0
2026-03-20 08:00:00-04:00,6634.25,6646.5,6629.0,6643.5,55161,0.0,0.0
2026-03-20 09:00:00-04:00,6643.5,6648.0,6605.5,6607.0,222162,0.0,0.0
2026-03-20 10:00:00-04:00,6607.25,6613.75,6587.5,6596.75,249668,0.0,0.0
2026-03-20 11:00:00-04:00,6596.75,6617.75,6590.5,6605.75,189962,0.0,0.0
2026-03-20 12:00:00-04:00,6605.75,6616.0,6595.25,6603.75,132079,0.0,0.0
2026-03-20 13:00:00-04:00,6603.75,6608.75,6581.5,6590.0,146789,0.0,0.0
2026-03-20 14:00:00-04:00,6590.0,6593.0,6552.25,6556.75,172588,0.0,0.0
2026-03-20 15:00:00-04:00,6556.75,6562.75,6523.75,6562.5,361655,0.0,0.0
2026-03-20 16:00:00-04:00,6562.25,6592.5,6559.5,6588.5,111097,0.0,0.0
2026-03-22 18:00:00-04:00,6537.0,6562.0,6527.0,6546.5,26633,0.0,0.0
2026-03-22 19:00:00-04:00,6546.75,6557.5,6533.0,6539.5,14843,0.0,0.0
2026-03-22 20:00:00-04:00,6539.75,6555.5,6523.75,6525.75,28659,0.0,0.0
2026-03-22 21:00:00-04:00,6525.75,6554.0,6522.25,6549.25,22834,0.0,0.0
2026-03-22 22:00:00-04:00,6549.5,6554.25,6535.5,6540.25,13263,0.0,0.0
2026-03-22 23:00:00-04:00,6540.25,6544.5,6524.0,6524.75,11658,0.0,0.0
2026-03-23 00:00:00-04:00,6524.75,6536.75,6523.25,6534.75,8040,0.0,0.0
2026-03-23 01:00:00-04:00,6534.75,6542.5,6520.25,6530.0,12270,0.0,0.0
2026-03-23 02:00:00-04:00,6529.75,6530.75,6496.75,6503.75,19537,0.0,0.0
2026-03-23 03:00:00-04:00,6504.0,6517.75,6483.5,6497.75,29957,0.0,0.0
2026-03-23 04:00:00-04:00,6497.5,6524.75,6497.25,6518.75,35210,0.0,0.0
2026-03-23 05:00:00-04:00,6519.0,6527.25,6498.75,6506.25,28575,0.0,0.0
2026-03-23 06:00:00-04:00,6506.0,6518.0,6490.0,6506.75,34080,0.0,0.0
2026-03-23 07:00:00-04:00,6506.75,6748.0,6506.0,6638.75,226859,0.0,0.0
2026-03-23 08:00:00-04:00,6639.0,6696.5,6625.0,6690.75,108640,0.0,0.0
2026-03-23 09:00:00-04:00,6691.0,6698.0,6638.0,6680.25,204029,0.0,0.0
2026-03-23 10:00:00-04:00,6680.0,6701.5,6663.5,6688.75,212907,0.0,0.0
2026-03-23 11:00:00-04:00,6689.0,6704.75,6635.5,6637.25,256647,0.0,0.0
2026-03-23 12:00:00-04:00,6637.25,6653.75,6616.0,6632.75,210907,0.0,0.0
2026-03-23 13:00:00-04:00,6632.75,6660.25,6620.0,6658.0,139783,0.0,0.0
2026-03-23 14:00:00-04:00,6658.0,6674.25,6642.5,6667.0,133267,0.0,0.0
2026-03-23 15:00:00-04:00,6667.25,6667.75,6631.25,6631.5,211303,0.0,0.0
2026-03-23 16:00:00-04:00,6631.5,6639.25,6621.0,6632.75,62360,0.0,0.0
2026-03-23 18:00:00-04:00,6635.0,6652.5,6624.5,6650.75,0,0.0,0.0
2026-03-23 19:00:00-04:00,6651.0,6651.0,6637.75,6645.0,7433,0.0,0.0
2026-03-23 20:00:00-04:00,6645.0,6645.25,6598.25,6612.5,28279,0.0,0.0
2026-03-23 21:00:00-04:00,6613.25,6613.75,6591.0,6599.0,16473,0.0,0.0
2026-03-23 22:00:00-04:00,6598.75,6607.0,6590.0,6596.25,11332,0.0,0.0
2026-03-23 23:00:00-04:00,6596.75,6603.0,6592.25,6602.5,6249,0.0,0.0
2026-03-24 00:00:00-04:00,6606.0,6608.75,6594.5,6598.0,4905,0.0,0.0
2026-03-24 01:00:00-04:00,6598.0,6609.5,6582.5,6597.25,12566,0.0,0.0
2026-03-24 02:00:00-04:00,6598.0,6630.0,6597.25,6624.5,12154,0.0,0.0
2026-03-24 03:00:00-04:00,6624.5,6653.5,6623.0,6644.75,24047,0.0,0.0
2026-03-24 04:00:00-04:00,6645.25,6651.75,6619.25,6622.5,28995,0.0,0.0
2026-03-24 05:00:00-04:00,6623.0,6635.25,6604.25,6631.75,20431,0.0,0.0
2026-03-24 06:00:00-04:00,6631.75,6635.25,6620.0,6630.0,16820,0.0,0.0
2026-03-24 07:00:00-04:00,6630.0,6633.75,6604.25,6627.0,27094,0.0,0.0
2026-03-24 08:00:00-04:00,6626.75,6630.5,6596.25,6599.75,36993,0.0,0.0
2026-03-24 09:00:00-04:00,6599.75,6606.0,6573.5,6589.75,198907,0.0,0.0
2026-03-24 10:00:00-04:00,6590.0,6635.25,6587.25,6615.0,344545,0.0,0.0
2026-03-24 11:00:00-04:00,6615.25,6646.0,6614.5,6625.75,190651,0.0,0.0
2026-03-24 12:00:00-04:00,6626.0,6638.0,6615.25,6626.5,155499,0.0,0.0
2026-03-24 13:00:00-04:00,6626.5,6629.25,6598.5,6618.25,195346,0.0,0.0
2026-03-24 14:00:00-04:00,6618.25,6641.75,6607.25,6623.75,163640,0.0,0.0
2026-03-24 15:00:00-04:00,6623.75,6632.25,6600.25,6607.0,194846,0.0,0.0
2026-03-24 16:00:00-04:00,6607.0,6680.5,6605.75,6646.25,151760,0.0,0.0
2026-03-24 18:00:00-04:00,6646.5,6660.75,6641.5,6655.25,0,0.0,0.0
2026-03-24 19:00:00-04:00,6655.0,6659.0,6648.5,6651.0,10101,0.0,0.0
2026-03-24 20:00:00-04:00,6651.25,6671.5,6645.0,6661.0,20012,0.0,0.0
2026-03-24 21:00:00-04:00,6660.75,6665.0,6651.25,6652.5,11577,0.0,0.0
2026-03-24 22:00:00-04:00,6652.5,6653.25,6638.25,6639.0,12991,0.0,0.0
2026-03-24 23:00:00-04:00,6638.75,6649.5,6634.75,6647.5,9311,0.0,0.0
2026-03-25 00:00:00-04:00,6650.75,6659.25,6649.75,6657.75,7929,0.0,0.0
2026-03-25 01:00:00-04:00,6657.75,6659.25,6646.0,6648.0,6710,0.0,0.0
2026-03-25 02:00:00-04:00,6648.0,6652.5,6637.25,6648.25,11047,0.0,0.0
2026-03-25 03:00:00-04:00,6648.25,6658.75,6642.5,6654.75,14217,0.0,0.0
2026-03-25 04:00:00-04:00,6654.75,6681.5,6654.0,6657.0,38508,0.0,0.0
2026-03-25 05:00:00-04:00,6657.25,6667.5,6649.5,6659.25,24246,0.0,0.0
2026-03-25 06:00:00-04:00,6659.25,6668.25,6653.25,6658.5,21890,0.0,0.0
2026-03-25 07:00:00-04:00,6658.75,6676.0,6656.25,6671.25,32319,0.0,0.0
2026-03-25 08:00:00-04:00,6670.75,6681.0,6639.25,6660.75,75659,0.0,0.0
2026-03-25 09:00:00-04:00,6661.0,6684.75,6638.75,6639.25,203547,0.0,0.0
2026-03-25 10:00:00-04:00,6639.5,6667.5,6631.25,6662.25,239683,0.0,0.0
2026-03-25 11:00:00-04:00,6662.0,6665.5,6616.5,6644.5,251722,0.0,0.0
2026-03-25 12:00:00-04:00,6644.75,6658.25,6634.5,6652.75,156292,0.0,0.0
2026-03-25 13:00:00-04:00,6652.75,6669.5,6644.0,6654.25,146065,0.0,0.0
2026-03-25 14:00:00-04:00,6654.0,6660.5,6631.0,6640.0,105530,0.0,0.0
2026-03-25 15:00:00-04:00,6639.75,6648.5,6630.5,6642.0,187774,0.0,0.0
2026-03-25 16:00:00-04:00,6642.0,6647.25,6635.5,6641.0,39016,0.0,0.0
2026-03-25 18:00:00-04:00,6641.5,6641.5,6628.25,6629.5,0,0.0,0.0
2026-03-25 19:00:00-04:00,6629.75,6633.25,6621.5,6629.75,7502,0.0,0.0
2026-03-25 20:00:00-04:00,6630.0,6647.0,6628.5,6633.75,12653,0.0,0.0
2026-03-25 21:00:00-04:00,6633.75,6639.75,6629.5,6636.25,7489,0.0,0.0
2026-03-25 22:00:00-04:00,6635.25,6639.25,6608.5,6620.0,13427,0.0,0.0
2026-03-25 23:00:00-04:00,6619.75,6647.0,6619.25,6639.25,10552,0.0,0.0
2026-03-26 00:00:00-04:00,6636.75,6638.75,6625.25,6626.5,6092,0.0,0.0
2026-03-26 01:00:00-04:00,6626.5,6630.5,6612.0,6613.0,10277,0.0,0.0
2026-03-26 02:00:00-04:00,6613.0,6620.75,6608.0,6620.0,9157,0.0,0.0
2026-03-26 03:00:00-04:00,6620.0,6622.25,6600.0,6614.5,12213,0.0,0.0
2026-03-26 04:00:00-04:00,6614.5,6622.75,6593.25,6602.0,22845,0.0,0.0
2026-03-26 05:00:00-04:00,6602.0,6603.5,6581.25,6590.75,25017,0.0,0.0
2026-03-26 06:00:00-04:00,6590.75,6602.0,6586.0,6594.5,20316,0.0,0.0
2026-03-26 07:00:00-04:00,6594.75,6598.5,6578.75,6579.5,20367,0.0,0.0
2026-03-26 08:00:00-04:00,6579.5,6593.5,6574.25,6586.25,35139,0.0,0.0
2026-03-26 09:00:00-04:00,6586.0,6619.5,6579.75,6618.0,202638,0.0,0.0
2026-03-26 10:00:00-04:00,6617.75,6622.0,6580.75,6594.5,231352,0.0,0.0
2026-03-26 11:00:00-04:00,6594.75,6602.0,6581.25,6587.75,160312,0.0,0.0
2026-03-26 12:00:00-04:00,6587.5,6589.5,6560.75,6568.5,153002,0.0,0.0
2026-03-26 13:00:00-04:00,6568.5,6573.0,6536.0,6538.25,128883,0.0,0.0
2026-03-26 14:00:00-04:00,6538.25,6548.5,6536.25,6546.25,123319,0.0,0.0
2026-03-26 15:00:00-04:00,6546.25,6547.25,6520.25,6523.0,234376,0.0,0.0
2026-03-26 16:00:00-04:00,6523.0,6597.25,6517.0,6535.5,140590,0.0,0.0
2026-03-26 18:00:00-04:00,6536.0,6551.0,6536.0,6547.0,0,0.0,0.0
2026-03-26 19:00:00-04:00,6546.75,6554.0,6542.0,6551.25,6720,0.0,0.0
2026-03-26 20:00:00-04:00,6551.5,6558.0,6534.25,6537.0,16332,0.0,0.0
2026-03-26 21:00:00-04:00,6537.0,6549.5,6534.25,6547.5,10966,0.0,0.0
2026-03-26 22:00:00-04:00,6547.75,6550.5,6540.75,6541.75,10396,0.0,0.0
2026-03-26 23:00:00-04:00,6541.75,6552.25,6538.25,6552.0,6213,0.0,0.0
2026-03-27 00:00:00-04:00,6548.75,6556.75,6548.0,6555.5,5567,0.0,0.0
2026-03-27 01:00:00-04:00,6555.5,6568.5,6555.5,6559.5,12921,0.0,0.0
2026-03-27 02:00:00-04:00,6559.75,6567.0,6552.0,6554.5,11939,0.0,0.0
2026-03-27 03:00:00-04:00,6554.5,6554.75,6541.75,6546.75,10414,0.0,0.0
2026-03-27 04:00:00-04:00,6546.5,6551.75,6522.25,6523.5,29524,0.0,0.0
2026-03-27 05:00:00-04:00,6523.5,6532.0,6508.75,6515.25,29546,0.0,0.0
2026-03-27 06:00:00-04:00,6515.5,6522.5,6494.5,6497.75,27240,0.0,0.0
2026-03-27 07:00:00-04:00,6498.0,6508.5,6489.25,6502.0,31474,0.0,0.0
2026-03-27 08:00:00-04:00,6501.75,6503.5,6486.75,6490.5,37134,0.0,0.0
2026-03-27 09:00:00-04:00,6490.75,6496.75,6454.0,6458.5,212060,0.0,0.0
2026-03-27 10:00:00-04:00,6458.5,6477.0,6451.75,6470.5,233366,0.0,0.0
2026-03-27 11:00:00-04:00,6470.5,6490.25,6457.75,6471.25,205734,0.0,0.0
2026-03-27 12:00:00-04:00,6471.5,6473.0,6448.75,6455.5,149588,0.0,0.0
2026-03-27 13:00:00-04:00,6455.5,6468.0,6427.5,6429.5,158083,0.0,0.0
2026-03-27 14:00:00-04:00,6429.5,6435.25,6419.25,6421.5,169410,0.0,0.0
2026-03-27 15:00:00-04:00,6421.5,6424.75,6398.25,6407.5,321916,0.0,0.0
2026-03-27 16:00:00-04:00,6407.25,6412.25,6389.0,6398.0,99413,0.0,0.0
2026-03-29 18:00:00-04:00,6369.75,6387.5,6367.75,6382.5,14932,0.0,0.0
2026-03-29 19:00:00-04:00,6382.25,6387.0,6363.0,6367.75,17125,0.0,0.0
2026-03-29 20:00:00-04:00,6367.75,6395.0,6360.25,6370.75,36420,0.0,0.0
2026-03-29 21:00:00-04:00,6370.5,6385.75,6368.25,6384.25,19279,0.0,0.0
2026-03-29 22:00:00-04:00,6384.5,6402.0,6380.25,6397.0,20316,0.0,0.0
2026-03-29 23:00:00-04:00,6396.75,6410.75,6396.5,6409.25,12852,0.0,0.0
2026-03-30 00:00:00-04:00,6408.25,6419.0,6406.25,6411.5,10188,0.0,0.0
2026-03-30 01:00:00-04:00,6411.25,6420.75,6411.25,6416.75,9551,0.0,0.0
2026-03-30 02:00:00-04:00,6416.75,6435.5,6415.25,6429.25,16698,0.0,0.0
2026-03-30 03:00:00-04:00,6429.0,6438.0,6422.75,6435.0,19213,0.0,0.0
2026-03-30 04:00:00-04:00,6434.75,6447.25,6429.25,6446.0,22740,0.0,0.0
2026-03-30 05:00:00-04:00,6446.25,6446.5,6432.0,6437.25,21049,0.0,0.0
2026-03-30 06:00:00-04:00,6437.5,6442.75,6432.75,6442.5,17385,0.0,0.0
2026-03-30 07:00:00-04:00,6442.5,6481.75,6442.0,6450.0,59469,0.0,0.0
2026-03-30 08:00:00-04:00,6450.0,6466.5,6442.75,6464.0,38218,0.0,0.0
2026-03-30 09:00:00-04:00,6464.0,6471.25,6413.75,6417.5,186736,0.0,0.0
2026-03-30 10:00:00-04:00,6417.5,6443.5,6414.5,6442.75,224020,0.0,0.0
2026-03-30 11:00:00-04:00,6442.5,6455.75,6423.0,6441.0,177736,0.0,0.0
2026-03-30 12:00:00-04:00,6441.0,6442.25,6417.0,6420.0,122971,0.0,0.0
2026-03-30 13:00:00-04:00,6420.0,6425.5,6393.75,6402.75,155157,0.0,0.0
2026-03-30 14:00:00-04:00,6402.5,6404.75,6381.75,6384.75,117356,0.0,0.0
2026-03-30 15:00:00-04:00,6384.75,6394.25,6359.5,6387.75,306696,0.0,0.0
2026-03-30 16:00:00-04:00,6387.75,6388.5,6377.0,6383.25,64241,0.0,0.0
2026-03-30 18:00:00-04:00,6385.25,6392.75,6383.5,6384.25,0,0.0,0.0
2026-03-30 19:00:00-04:00,6384.0,6384.0,6367.0,6373.0,10443,0.0,0.0
2026-03-30 20:00:00-04:00,6373.0,6428.5,6353.25,6411.75,44894,0.0,0.0
2026-03-30 21:00:00-04:00,6411.75,6454.0,6399.25,6441.5,41510,0.0,0.0
2026-03-30 22:00:00-04:00,6441.5,6462.0,6437.75,6450.25,23276,0.0,0.0
2026-03-30 23:00:00-04:00,6450.25,6459.0,6442.75,6444.0,13775,0.0,0.0
2026-03-31 00:00:00-04:00,6446.0,6448.75,6432.25,6434.25,10537,0.0,0.0
2026-03-31 01:00:00-04:00,6434.0,6444.5,6422.0,6438.5,12620,0.0,0.0
2026-03-31 02:00:00-04:00,6438.5,6440.5,6427.25,6433.5,15617,0.0,0.0
2026-03-31 03:00:00-04:00,6433.5,6455.5,6421.5,6454.75,22728,0.0,0.0
2026-03-31 04:00:00-04:00,6454.75,6456.5,6435.0,6440.25,21235,0.0,0.0
2026-03-31 05:00:00-04:00,6440.5,6449.75,6435.25,6438.25,16110,0.0,0.0
2026-03-31 06:00:00-04:00,6438.25,6445.5,6423.75,6435.25,18591,0.0,0.0
2026-03-31 07:00:00-04:00,6435.5,6467.0,6431.25,6453.5,49037,0.0,0.0
2026-03-31 08:00:00-04:00,6453.5,6470.0,6438.0,6453.5,70918,0.0,0.0
2026-03-31 09:00:00-04:00,6453.75,6495.0,6450.25,6494.0,193009,0.0,0.0
2026-03-31 10:00:00-04:00,6494.5,6497.25,6447.0,6454.0,245974,0.0,0.0
2026-03-31 11:00:00-04:00,6454.25,6490.5,6453.5,6465.25,201503,0.0,0.0
2026-03-31 12:00:00-04:00,6465.25,6563.5,6462.5,6534.75,322134,0.0,0.0
2026-03-31 13:00:00-04:00,6534.75,6554.0,6529.25,6532.0,230585,0.0,0.0
2026-03-31 14:00:00-04:00,6532.0,6557.25,6531.75,6554.25,142556,0.0,0.0
2026-03-31 15:00:00-04:00,6554.5,6583.25,6548.0,6569.25,405562,0.0,0.0
2026-03-31 16:00:00-04:00,6569.5,6577.25,6562.0,6567.5,104535,0.0,0.0
2026-03-31 18:00:00-04:00,6562.0,6577.25,6561.0,6572.75,0,0.0,0.0
2026-03-31 19:00:00-04:00,6572.75,6592.0,6569.0,6589.75,13336,0.0,0.0
2026-03-31 20:00:00-04:00,6589.25,6592.75,6580.25,6592.5,15445,0.0,0.0
2026-03-31 21:00:00-04:00,6592.75,6595.0,6579.0,6581.25,14767,0.0,0.0
2026-03-31 22:00:00-04:00,6581.5,6585.5,6575.5,6578.5,7756,0.0,0.0
2026-03-31 23:00:00-04:00,6578.5,6583.5,6577.5,6580.0,4892,0.0,0.0
2026-04-01 00:00:00-04:00,6581.25,6588.0,6579.5,6585.75,7618,0.0,0.0
2026-04-01 01:00:00-04:00,6586.0,6599.75,6584.75,6593.0,8780,0.0,0.0
2026-04-01 02:00:00-04:00,6593.0,6622.0,6592.0,6620.25,27984,0.0,0.0
2026-04-01 03:00:00-04:00,6620.5,6623.0,6598.5,6600.5,31485,0.0,0.0
2026-04-01 04:00:00-04:00,6600.5,6608.5,6590.0,6601.25,30608,0.0,0.0
2026-04-01 05:00:00-04:00,6601.75,6607.75,6586.5,6602.75,26515,0.0,0.0
2026-04-01 06:00:00-04:00,6603.0,6618.5,6598.5,6616.0,26122,0.0,0.0
2026-04-01 07:00:00-04:00,6616.0,6630.75,6614.5,6627.75,28368,0.0,0.0
2026-04-01 08:00:00-04:00,6628.0,6643.75,6593.25,6596.25,78336,0.0,0.0
2026-04-01 09:00:00-04:00,6596.25,6628.5,6590.0,6611.25,205155,0.0,0.0
2026-04-01 10:00:00-04:00,6611.25,6637.0,6604.75,6633.5,241430,0.0,0.0
2026-04-01 11:00:00-04:00,6633.5,6649.75,6627.25,6647.0,162212,0.0,0.0
2026-04-01 12:00:00-04:00,6647.0,6649.5,6636.25,6646.0,115239,0.0,0.0
2026-04-01 13:00:00-04:00,6646.25,6653.75,6635.5,6635.75,103205,0.0,0.0
2026-04-01 14:00:00-04:00,6635.75,6637.25,6604.0,6611.5,204663,0.0,0.0
2026-04-01 15:00:00-04:00,6611.5,6634.75,6610.0,6619.5,267333,0.0,0.0
2026-04-01 16:00:00-04:00,6619.5,6623.75,6616.0,6617.25,53975,0.0,0.0
2026-04-01 18:00:00-04:00,6618.5,6622.25,6610.5,6612.75,0,0.0,0.0
2026-04-01 19:00:00-04:00,6612.75,6619.25,6610.0,6614.75,6189,0.0,0.0
2026-04-01 20:00:00-04:00,6614.75,6632.5,6607.25,6630.5,23379,0.0,0.0
2026-04-01 21:00:00-04:00,6630.5,6631.5,6553.25,6559.5,83793,0.0,0.0
2026-04-01 22:00:00-04:00,6560.0,6565.75,6542.0,6550.0,25974,0.0,0.0
2026-04-01 23:00:00-04:00,6550.0,6551.5,6535.75,6537.25,10581,0.0,0.0
2026-04-02 00:00:00-04:00,6534.5,6540.75,6531.0,6533.25,9692,0.0,0.0
2026-04-02 01:00:00-04:00,6533.5,6540.75,6522.0,6522.5,12140,0.0,0.0
2026-04-02 02:00:00-04:00,6522.75,6534.0,6520.0,6532.75,18529,0.0,0.0
2026-04-02 03:00:00-04:00,6532.75,6550.0,6527.75,6549.0,23761,0.0,0.0
2026-04-02 04:00:00-04:00,6548.75,6550.75,6537.5,6542.0,18836,0.0,0.0
2026-04-02 05:00:00-04:00,6542.25,6547.5,6537.25,6541.0,13646,0.0,0.0
2026-04-02 06:00:00-04:00,6541.0,6543.25,6526.0,6536.75,20466,0.0,0.0
2026-04-02 07:00:00-04:00,6536.25,6538.25,6508.0,6508.25,35057,0.0,0.0
2026-04-02 08:00:00-04:00,6508.5,6525.0,6503.75,6516.75,46442,0.0,0.0
2026-04-02 09:00:00-04:00,6517.0,6563.0,6514.25,6560.25,215605,0.0,0.0
2026-04-02 10:00:00-04:00,6560.25,6644.5,6549.5,6618.75,447571,0.0,0.0
2026-04-02 11:00:00-04:00,6619.0,6624.5,6595.25,6605.25,262910,0.0,0.0
2026-04-02 12:00:00-04:00,6605.0,6614.25,6586.5,6600.25,153232,0.0,0.0
2026-04-02 13:00:00-04:00,6600.25,6615.25,6590.25,6597.25,113332,0.0,0.0
2026-04-02 14:00:00-04:00,6597.0,6615.25,6597.0,6609.0,95143,0.0,0.0
2026-04-02 15:00:00-04:00,6609.25,6625.25,6605.0,6623.25,199550,0.0,0.0
2026-04-02 16:00:00-04:00,6623.25,6628.75,6619.25,6624.0,51197,0.0,0.0
2026-04-02 18:00:00-04:00,6622.5,6626.0,6619.0,6623.75,0,0.0,0.0
2026-04-02 19:00:00-04:00,6623.25,6626.0,6620.75,6623.75,2502,0.0,0.0
2026-04-02 20:00:00-04:00,6624.0,6632.25,6622.25,6624.0,4588,0.0,0.0
2026-04-02 21:00:00-04:00,6624.25,6625.25,6618.25,6619.0,3464,0.0,0.0
2026-04-02 22:00:00-04:00,6618.75,6620.5,6608.75,6613.25,4920,0.0,0.0
2026-04-02 23:00:00-04:00,6613.5,6617.25,6611.0,6613.0,2676,0.0,0.0
2026-04-05 18:00:00-04:00,6590.0,6590.0,6567.0,6587.5,20696,0.0,0.0
2026-04-05 19:00:00-04:00,6587.5,6589.5,6578.25,6587.5,8187,0.0,0.0
2026-04-05 20:00:00-04:00,6587.5,6610.75,6586.5,6609.25,15793,0.0,0.0
2026-04-05 21:00:00-04:00,6609.25,6618.0,6606.5,6609.75,10081,0.0,0.0
2026-04-05 22:00:00-04:00,6609.75,6635.75,6608.75,6615.75,18744,0.0,0.0
2026-04-05 23:00:00-04:00,6615.75,6616.75,6595.25,6612.25,11661,0.0,0.0
2026-04-06 00:00:00-04:00,6612.25,6622.5,6611.25,6621.0,5541,0.0,0.0
2026-04-06 01:00:00-04:00,6621.0,6624.0,6613.25,6617.25,4829,0.0,0.0
2026-04-06 02:00:00-04:00,6617.0,6632.5,6614.5,6624.5,11502,0.0,0.0
2026-04-06 03:00:00-04:00,6624.75,6639.5,6614.25,6634.75,11701,0.0,0.0
2026-04-06 04:00:00-04:00,6634.75,6650.0,6634.75,6645.0,12169,0.0,0.0
2026-04-06 05:00:00-04:00,6645.0,6651.25,6635.75,6637.25,13333,0.0,0.0
2026-04-06 06:00:00-04:00,6637.5,6643.0,6619.0,6631.0,15732,0.0,0.0
2026-04-06 07:00:00-04:00,6631.25,6631.25,6624.0,6627.0,12888,0.0,0.0
2026-04-06 08:00:00-04:00,6627.0,6635.5,6622.5,6629.25,19828,0.0,0.0
2026-04-06 09:00:00-04:00,6629.25,6649.25,6617.75,6649.25,144788,0.0,0.0
2026-04-06 10:00:00-04:00,6649.0,6661.0,6624.0,6638.5,213580,0.0,0.0
2026-04-06 11:00:00-04:00,6638.75,6644.25,6626.5,6642.25,100487,0.0,0.0
2026-04-06 12:00:00-04:00,6642.5,6649.0,6635.75,6643.0,68173,0.0,0.0
2026-04-06 13:00:00-04:00,6643.25,6644.0,6618.75,6628.25,96295,0.0,0.0
2026-04-06 14:00:00-04:00,6628.5,6650.25,6626.0,6647.0,84140,0.0,0.0
2026-04-06 15:00:00-04:00,6647.0,6653.5,6641.75,6653.0,122764,0.0,0.0
2026-04-06 16:00:00-04:00,6652.75,6654.25,6646.5,6650.75,38248,0.0,0.0
2026-04-06 18:00:00-04:00,6650.5,6659.25,6642.25,6643.25,0,0.0,0.0
2026-04-06 19:00:00-04:00,6643.25,6650.0,6641.5,6641.75,4344,0.0,0.0
2026-04-06 20:00:00-04:00,6641.5,6654.75,6637.75,6641.0,11300,0.0,0.0
2026-04-06 21:00:00-04:00,6641.0,6643.75,6611.75,6614.25,17378,0.0,0.0
2026-04-06 22:00:00-04:00,6614.25,6623.0,6609.0,6621.0,13352,0.0,0.0
2026-04-06 23:00:00-04:00,6621.25,6624.75,6616.25,6622.75,5814,0.0,0.0
2026-04-07 00:00:00-04:00,6620.5,6629.0,6616.25,6625.75,8360,0.0,0.0
2026-04-07 01:00:00-04:00,6626.25,6629.0,6617.25,6623.0,7001,0.0,0.0
2026-04-07 02:00:00-04:00,6622.75,6627.75,6618.75,6627.0,8725,0.0,0.0
2026-04-07 03:00:00-04:00,6627.0,6630.5,6621.25,6628.0,12423,0.0,0.0
2026-04-07 04:00:00-04:00,6628.0,6659.25,6627.75,6654.75,42657,0.0,0.0
2026-04-07 05:00:00-04:00,6654.75,6667.0,6653.0,6661.0,25227,0.0,0.0
2026-04-07 06:00:00-04:00,6661.0,6664.0,6613.75,6618.25,75177,0.0,0.0
2026-04-07 07:00:00-04:00,6618.0,6631.5,6611.0,6619.75,38953,0.0,0.0
2026-04-07 08:00:00-04:00,6619.5,6640.75,6602.0,6624.0,58815,0.0,0.0
2026-04-07 09:00:00-04:00,6624.25,6639.0,6602.25,6602.75,168250,0.0,0.0
2026-04-07 10:00:00-04:00,6603.0,6616.5,6581.5,6588.25,266408,0.0,0.0
2026-04-07 11:00:00-04:00,6588.25,6606.25,6572.75,6600.75,225335,0.0,0.0
2026-04-07 12:00:00-04:00,6600.5,6633.0,6600.25,6623.5,200733,0.0,0.0
2026-04-07 13:00:00-04:00,6623.25,6646.5,6617.25,6630.0,143348,0.0,0.0
2026-04-07 14:00:00-04:00,6630.25,6633.0,6597.0,6602.25,127828,0.0,0.0
2026-04-07 15:00:00-04:00,6602.5,6659.5,6596.75,6655.5,375058,0.0,0.0
2026-04-07 16:00:00-04:00,6655.75,6673.5,6649.25,6663.5,95573,0.0,0.0
2026-04-07 18:00:00-04:00,6689.0,6793.5,6652.25,6791.75,0,0.0,0.0
2026-04-07 19:00:00-04:00,6791.75,6818.75,6783.5,6804.25,66861,0.0,0.0
2026-04-07 20:00:00-04:00,6804.25,6810.0,6788.0,6803.5,40595,0.0,0.0
2026-04-07 21:00:00-04:00,6803.5,6812.75,6799.0,6809.25,19473,0.0,0.0
2026-04-07 22:00:00-04:00,6809.0,6818.0,6809.0,6817.5,13929,0.0,0.0
2026-04-07 23:00:00-04:00,6817.5,6819.0,6812.0,6815.25,9067,0.0,0.0
2026-04-08 00:00:00-04:00,6818.75,6824.75,6818.0,6819.75,11972,0.0,0.0
2026-04-08 01:00:00-04:00,6819.75,6837.5,6817.75,6836.0,19163,0.0,0.0
2026-04-08 02:00:00-04:00,6836.25,6838.0,6828.5,6829.75,25429,0.0,0.0
2026-04-08 03:00:00-04:00,6830.0,6832.75,6817.5,6818.5,42448,0.0,0.0
2026-04-08 04:00:00-04:00,6818.75,6834.5,6817.0,6834.0,34799,0.0,0.0
2026-04-08 05:00:00-04:00,6834.0,6840.75,6828.0,6832.0,30894,0.0,0.0
2026-04-08 06:00:00-04:00,6831.75,6837.75,6827.25,6833.75,20788,0.0,0.0
2026-04-08 07:00:00-04:00,6833.5,6847.25,6828.5,6839.25,39327,0.0,0.0
2026-04-08 08:00:00-04:00,6839.5,6845.25,6820.75,6831.75,72091,0.0,0.0
2026-04-08 09:00:00-04:00,6831.75,6836.75,6805.0,6811.75,283034,0.0,0.0
2026-04-08 10:00:00-04:00,6811.75,6818.5,6780.0,6794.0,312161,0.0,0.0
2026-04-08 11:00:00-04:00,6793.75,6816.25,6789.75,6814.0,198712,0.0,0.0
2026-04-08 12:00:00-04:00,6814.0,6827.5,6809.75,6825.75,129904,0.0,0.0
2026-04-08 13:00:00-04:00,6826.0,6829.75,6812.5,6822.75,118984,0.0,0.0
2026-04-08 14:00:00-04:00,6823.0,6831.25,6793.0,6794.0,188154,0.0,0.0
2026-04-08 15:00:00-04:00,6794.0,6825.25,6792.5,6823.75,272961,0.0,0.0
2026-04-08 16:00:00-04:00,6823.75,6827.0,6814.25,6816.25,61540,0.0,0.0
2026-04-08 18:00:00-04:00,6814.25,6823.0,6809.5,6815.75,0,0.0,0.0
2026-04-08 19:00:00-04:00,6815.75,6820.75,6812.0,6812.75,5607,0.0,0.0
2026-04-08 20:00:00-04:00,6812.75,6817.5,6806.75,6811.75,11302,0.0,0.0
2026-04-08 21:00:00-04:00,6811.75,6814.0,6803.5,6811.0,12777,0.0,0.0
2026-04-08 22:00:00-04:00,6811.0,6815.0,6809.5,6810.25,5995,0.0,0.0
2026-04-08 23:00:00-04:00,6810.25,6812.0,6806.25,6809.75,5804,0.0,0.0
2026-04-09 00:00:00-04:00,6810.0,6811.25,6807.75,6808.75,3586,0.0,0.0
2026-04-09 01:00:00-04:00,6808.75,6816.25,6805.0,6811.5,5520,0.0,0.0
2026-04-09 02:00:00-04:00,6811.75,6817.25,6806.0,6811.25,10797,0.0,0.0
2026-04-09 03:00:00-04:00,6811.25,6813.25,6794.0,6798.75,20327,0.0,0.0
2026-04-09 04:00:00-04:00,6798.75,6801.75,6792.5,6795.25,18740,0.0,0.0
2026-04-09 05:00:00-04:00,6795.25,6802.5,6792.5,6802.0,12986,0.0,0.0
2026-04-09 06:00:00-04:00,6802.0,6804.5,6795.0,6795.75,14174,0.0,0.0
2026-04-09 07:00:00-04:00,6795.25,6807.75,6794.0,6805.25,21241,0.0,0.0
2026-04-09 08:00:00-04:00,6805.5,6812.75,6801.0,6807.0,31094,0.0,0.0
2026-04-09 09:00:00-04:00,6807.25,6821.75,6804.25,6816.75,146387,0.0,0.0
2026-04-09 10:00:00-04:00,6816.5,6821.0,6801.75,6816.75,182397,0.0,0.0
2026-04-09 11:00:00-04:00,6816.75,6853.25,6809.5,6852.25,258854,0.0,0.0
2026-04-09 12:00:00-04:00,6852.25,6872.0,6852.25,6862.75,185680,0.0,0.0
2026-04-09 13:00:00-04:00,6863.0,6876.0,6860.5,6869.75,125588,0.0,0.0
2026-04-09 14:00:00-04:00,6869.75,6870.5,6848.0,6855.25,157794,0.0,0.0
2026-04-09 15:00:00-04:00,6855.25,6871.25,6853.5,6862.0,214498,0.0,0.0
2026-04-09 16:00:00-04:00,6861.75,6863.5,6856.25,6860.75,53044,0.0,0.0
2026-04-09 18:00:00-04:00,6858.0,6862.5,6852.75,6853.75,0,0.0,0.0
2026-04-09 19:00:00-04:00,6854.0,6858.5,6851.0,6856.0,4465,0.0,0.0
2026-04-09 20:00:00-04:00,6856.0,6865.5,6852.0,6864.25,7687,0.0,0.0
2026-04-09 21:00:00-04:00,6864.0,6869.25,6860.75,6866.25,6507,0.0,0.0
2026-04-09 22:00:00-04:00,6866.25,6867.0,6860.0,6863.25,4759,0.0,0.0
2026-04-09 23:00:00-04:00,6863.25,6868.5,6862.5,6866.5,3346,0.0,0.0
2026-04-10 00:00:00-04:00,6864.75,6865.75,6861.5,6862.75,2857,0.0,0.0
2026-04-10 01:00:00-04:00,6862.75,6866.25,6861.5,6862.25,3117,0.0,0.0
2026-04-10 02:00:00-04:00,6862.0,6862.75,6854.25,6856.5,8132,0.0,0.0
2026-04-10 03:00:00-04:00,6856.5,6864.0,6855.0,6861.5,12504,0.0,0.0
2026-04-10 04:00:00-04:00,6861.75,6862.0,6850.5,6851.5,12157,0.0,0.0
2026-04-10 05:00:00-04:00,6851.5,6867.0,6851.5,6862.75,20271,0.0,0.0
2026-04-10 06:00:00-04:00,6862.75,6866.75,6857.75,6864.25,11257,0.0,0.0
2026-04-10 07:00:00-04:00,6864.5,6871.0,6862.25,6864.25,14566,0.0,0.0
2026-04-10 08:00:00-04:00,6864.5,6888.0,6862.5,6871.5,30351,0.0,0.0
2026-04-10 09:00:00-04:00,6871.25,6881.5,6864.0,6870.0,151867,0.0,0.0
2026-04-10 10:00:00-04:00,6869.75,6882.0,6862.5,6875.75,193322,0.0,0.0
2026-04-10 11:00:00-04:00,6876.0,6883.0,6853.5,6856.75,188792,0.0,0.0
2026-04-10 12:00:00-04:00,6856.75,6863.25,6847.0,6856.75,130917,0.0,0.0
2026-04-10 13:00:00-04:00,6856.75,6857.5,6846.25,6856.75,94143,0.0,0.0
2026-04-10 14:00:00-04:00,6856.75,6859.5,6850.75,6855.5,77749,0.0,0.0
2026-04-10 15:00:00-04:00,6855.75,6862.25,6848.75,6855.5,189295,0.0,0.0
2026-04-10 16:00:00-04:00,6855.5,6864.25,6851.0,6855.25,47155,0.0,0.0
2026-04-12 18:00:00-04:00,6786.75,6789.5,6767.0,6778.25,24120,0.0,0.0
2026-04-12 19:00:00-04:00,6778.25,6784.75,6772.25,6784.25,11100,0.0,0.0
2026-04-12 20:00:00-04:00,6784.5,6800.5,6777.25,6800.25,18139,0.0,0.0
2026-04-12 21:00:00-04:00,6800.5,6807.75,6800.0,6805.25,15420,0.0,0.0
2026-04-12 22:00:00-04:00,6805.25,6806.25,6800.75,6805.5,5274,0.0,0.0
2026-04-12 23:00:00-04:00,6805.75,6807.0,6800.75,6802.0,5083,0.0,0.0
2026-04-13 00:00:00-04:00,6801.5,6811.0,6799.25,6807.75,6091,0.0,0.0
2026-04-13 01:00:00-04:00,6807.5,6809.75,6802.25,6808.25,6398,0.0,0.0
2026-04-13 02:00:00-04:00,6808.5,6816.75,6808.5,6814.5,10169,0.0,0.0
2026-04-13 03:00:00-04:00,6814.5,6818.25,6810.0,6812.5,13180,0.0,0.0
2026-04-13 04:00:00-04:00,6812.25,6819.75,6810.25,6813.25,15392,0.0,0.0
2026-04-13 05:00:00-04:00,6813.25,6820.0,6812.25,6813.5,11957,0.0,0.0
2026-04-13 06:00:00-04:00,6813.75,6821.5,6811.25,6821.0,12784,0.0,0.0
2026-04-13 07:00:00-04:00,6821.25,6831.5,6802.5,6804.75,28251,0.0,0.0
2026-04-13 08:00:00-04:00,6805.0,6824.75,6802.5,6822.5,31873,0.0,0.0
2026-04-13 09:00:00-04:00,6822.75,6859.0,6821.5,6858.5,196587,0.0,0.0
2026-04-13 10:00:00-04:00,6858.0,6868.25,6845.0,6867.0,204411,0.0,0.0
2026-04-13 11:00:00-04:00,6866.75,6867.0,6853.75,6856.25,136073,0.0,0.0
2026-04-13 12:00:00-04:00,6856.0,6890.0,6851.25,6884.5,223716,0.0,0.0
2026-04-13 13:00:00-04:00,6884.75,6890.0,6880.25,6883.25,89986,0.0,0.0
2026-04-13 14:00:00-04:00,6883.25,6896.75,6883.0,6894.75,80440,0.0,0.0
2026-04-13 15:00:00-04:00,6894.75,6924.75,6892.0,6921.25,244944,0.0,0.0
2026-04-13 16:00:00-04:00,6921.5,6928.25,6919.25,6927.5,61919,0.0,0.0
2026-04-13 18:00:00-04:00,6925.25,6930.0,6924.25,6927.25,0,0.0,0.0
2026-04-13 19:00:00-04:00,6927.5,6931.75,6925.0,6925.75,7966,0.0,0.0
2026-04-13 20:00:00-04:00,6925.75,6927.75,6920.5,6926.0,9499,0.0,0.0
2026-04-13 21:00:00-04:00,6926.0,6926.0,6922.0,6923.75,5159,0.0,0.0
2026-04-13 22:00:00-04:00,6923.75,6927.5,6923.25,6925.5,3487,0.0,0.0
2026-04-13 23:00:00-04:00,6925.75,6925.75,6922.0,6924.5,3097,0.0,0.0
2026-04-14 00:00:00-04:00,6924.0,6925.75,6923.5,6925.25,2231,0.0,0.0
2026-04-14 01:00:00-04:00,6925.25,6926.0,6921.5,6922.0,3261,0.0,0.0
2026-04-14 02:00:00-04:00,6922.0,6927.5,6920.25,6926.0,7584,0.0,0.0
2026-04-14 03:00:00-04:00,6926.0,6938.0,6924.75,6933.25,19120,0.0,0.0
2026-04-14 04:00:00-04:00,6933.25,6940.75,6931.75,6939.75,11771,0.0,0.0
2026-04-14 05:00:00-04:00,6940.0,6942.25,6932.5,6933.5,10979,0.0,0.0
2026-04-14 06:00:00-04:00,6933.5,6937.25,6928.0,6929.5,14178,0.0,0.0
2026-04-14 07:00:00-04:00,6929.25,6945.25,6928.0,6939.0,21655,0.0,0.0
2026-04-14 08:00:00-04:00,6939.25,6949.5,6936.5,6939.75,33716,0.0,0.0
2026-04-14 09:00:00-04:00,6939.75,6961.25,6937.25,6956.5,170684,0.0,0.0
2026-04-14 10:00:00-04:00,6956.5,6979.0,6956.0,6977.0,183477,0.0,0.0
2026-04-14 11:00:00-04:00,6977.0,6995.25,6970.75,6990.5,153827,0.0,0.0
2026-04-14 12:00:00-04:00,6990.75,6999.5,6989.75,6991.25,101357,0.0,0.0
2026-04-14 13:00:00-04:00,6991.5,7003.25,6991.25,6999.5,85606,0.0,0.0
2026-04-14 14:00:00-04:00,6999.5,7001.5,6983.25,6989.75,116198,0.0,0.0
2026-04-14 15:00:00-04:00,6989.5,7008.0,6988.75,7006.0,220380,0.0,0.0
2026-04-14 16:00:00-04:00,7006.0,7007.25,7000.5,7004.25,51090,0.0,0.0
2026-04-14 18:00:00-04:00,7004.0,7009.0,7001.75,7005.25,0,0.0,0.0
2026-04-14 19:00:00-04:00,7005.25,7013.75,7005.0,7008.75,6748,0.0,0.0
2026-04-14 20:00:00-04:00,7008.5,7009.75,7005.0,7008.75,7149,0.0,0.0
2026-04-14 21:00:00-04:00,7008.75,7012.5,7007.0,7011.25,5860,0.0,0.0
2026-04-14 22:00:00-04:00,7011.25,7011.5,7003.75,7005.0,5833,0.0,0.0
2026-04-14 23:00:00-04:00,7005.0,7011.0,7004.75,7010.25,4168,0.0,0.0
2026-04-15 00:00:00-04:00,7008.75,7011.0,7007.25,7007.75,3457,0.0,0.0
2026-04-15 01:00:00-04:00,7007.75,7017.25,7000.5,7003.75,11104,0.0,0.0
2026-04-15 02:00:00-04:00,7004.0,7008.0,7003.0,7005.25,7292,0.0,0.0
2026-04-15 03:00:00-04:00,7005.25,7007.0,6999.25,7005.25,12357,0.0,0.0
2026-04-15 04:00:00-04:00,7005.5,7010.5,7002.5,7008.5,10302,0.0,0.0
2026-04-15 05:00:00-04:00,7008.75,7010.25,6999.25,7000.25,16245,0.0,0.0
2026-04-15 06:00:00-04:00,7000.25,7005.25,6991.75,7002.0,26577,0.0,0.0
2026-04-15 07:00:00-04:00,7002.0,7018.0,7001.5,7009.0,27526,0.0,0.0
2026-04-15 08:00:00-04:00,7009.25,7012.0,7001.5,7008.5,23323,0.0,0.0
2026-04-15 09:00:00-04:00,7008.75,7024.75,7004.0,7018.0,170453,0.0,0.0
2026-04-15 10:00:00-04:00,7017.75,7033.0,7011.5,7029.0,182648,0.0,0.0
2026-04-15 11:00:00-04:00,7029.25,7037.5,7026.0,7032.0,131524,0.0,0.0
2026-04-15 12:00:00-04:00,7032.0,7040.25,7019.25,7027.25,137104,0.0,0.0
2026-04-15 13:00:00-04:00,7027.25,7042.25,7026.5,7037.0,88640,0.0,0.0
2026-04-15 14:00:00-04:00,7036.75,7060.5,7033.75,7058.25,128883,0.0,0.0
2026-04-15 15:00:00-04:00,7058.5,7064.5,7054.25,7060.0,227654,0.0,0.0
2026-04-15 16:00:00-04:00,7060.0,7062.5,7054.25,7058.25,51896,0.0,0.0
2026-04-15 18:00:00-04:00,7057.25,7065.75,7055.5,7065.5,0,0.0,0.0
2026-04-15 19:00:00-04:00,7065.5,7070.0,7064.0,7069.0,4264,0.0,0.0
2026-04-15 20:00:00-04:00,7069.0,7076.0,7066.0,7073.75,11573,0.0,0.0
2026-04-15 21:00:00-04:00,7073.75,7077.5,7071.25,7072.5,8034,0.0,0.0
2026-04-15 22:00:00-04:00,7072.75,7075.75,7070.5,7072.0,5282,0.0,0.0
2026-04-15 23:00:00-04:00,7072.0,7075.5,7071.5,7071.75,3778,0.0,0.0
2026-04-16 00:00:00-04:00,7070.5,7072.75,7069.75,7071.25,3918,0.0,0.0
2026-04-16 01:00:00-04:00,7071.5,7074.5,7068.25,7073.5,5380,0.0,0.0
2026-04-16 02:00:00-04:00,7073.25,7078.5,7073.25,7077.0,9521,0.0,0.0
2026-04-16 03:00:00-04:00,7077.0,7077.25,7069.25,7070.75,12494,0.0,0.0
2026-04-16 04:00:00-04:00,7070.75,7072.0,7062.0,7067.75,16444,0.0,0.0
2026-04-16 05:00:00-04:00,7067.75,7070.5,7065.0,7068.5,7711,0.0,0.0
2026-04-16 06:00:00-04:00,7068.5,7070.75,7059.0,7064.75,12162,0.0,0.0
2026-04-16 07:00:00-04:00,7064.5,7070.0,7062.75,7068.5,12400,0.0,0.0
2026-04-16 08:00:00-04:00,7068.75,7073.25,7065.5,7069.5,19561,0.0,0.0
2026-04-16 09:00:00-04:00,7069.5,7074.0,7046.5,7056.25,171893,0.0,0.0
2026-04-16 10:00:00-04:00,7056.0,7063.0,7047.75,7060.5,182943,0.0,0.0
2026-04-16 11:00:00-04:00,7060.25,7085.75,7060.25,7084.0,210487,0.0,0.0
2026-04-16 12:00:00-04:00,7084.0,7089.0,7063.25,7069.5,149850,0.0,0.0
2026-04-16 13:00:00-04:00,7069.75,7076.5,7059.5,7067.75,122264,0.0,0.0
2026-04-16 14:00:00-04:00,7067.5,7073.5,7056.25,7068.75,105656,0.0,0.0
2026-04-16 15:00:00-04:00,7068.75,7080.75,7067.5,7076.5,165300,0.0,0.0
2026-04-16 16:00:00-04:00,7076.75,7080.0,7074.5,7078.25,44103,0.0,0.0
2026-04-16 18:00:00-04:00,7077.25,7083.25,7075.5,7082.25,0,0.0,0.0
2026-04-16 19:00:00-04:00,7082.25,7085.5,7081.25,7083.5,3446,0.0,0.0
2026-04-16 20:00:00-04:00,7083.5,7084.25,7077.75,7082.75,6465,0.0,0.0
2026-04-16 21:00:00-04:00,7082.75,7084.5,7081.25,7083.25,4598,0.0,0.0
2026-04-16 22:00:00-04:00,7083.25,7084.0,7077.25,7078.75,3192,0.0,0.0
2026-04-16 23:00:00-04:00,7078.5,7079.5,7076.25,7078.25,2988,0.0,0.0
2026-04-17 00:00:00-04:00,7080.5,7083.0,7079.25,7079.25,2325,0.0,0.0
2026-04-17 01:00:00-04:00,7079.5,7082.0,7075.25,7081.25,3569,0.0,0.0
2026-04-17 02:00:00-04:00,7081.5,7083.75,7077.25,7079.75,5657,0.0,0.0
2026-04-17 03:00:00-04:00,7080.0,7087.75,7080.0,7086.5,9189,0.0,0.0
2026-04-17 04:00:00-04:00,7086.5,7091.0,7084.5,7090.75,10151,0.0,0.0
2026-04-17 05:00:00-04:00,7090.75,7093.75,7087.75,7093.0,12219,0.0,0.0
2026-04-17 06:00:00-04:00,7093.0,7095.5,7088.0,7091.75,10323,0.0,0.0
2026-04-17 07:00:00-04:00,7091.5,7102.25,7091.25,7101.0,15363,0.0,0.0
2026-04-17 08:00:00-04:00,7101.25,7137.0,7099.5,7136.0,95120,0.0,0.0
2026-04-17 09:00:00-04:00,7136.0,7147.5,7117.0,7143.5,329793,0.0,0.0
2026-04-17 10:00:00-04:00,7143.5,7174.75,7141.5,7166.0,262581,0.0,0.0
2026-04-17 11:00:00-04:00,7166.0,7175.0,7159.5,7169.0,190869,0.0,0.0
2026-04-17 12:00:00-04:00,7169.25,7185.75,7166.75,7181.0,118345,0.0,0.0
2026-04-17 13:00:00-04:00,7181.25,7183.75,7151.5,7164.5,187018,0.0,0.0
2026-04-17 14:00:00-04:00,7164.75,7166.75,7152.75,7158.0,130663,0.0,0.0
2026-04-17 15:00:00-04:00,7157.75,7165.5,7151.0,7161.25,201929,0.0,0.0
2026-04-17 16:00:00-04:00,7161.5,7166.25,7159.5,7161.5,54039,0.0,0.0
2026-04-19 18:00:00-04:00,7109.75,7116.0,7101.25,7110.75,17367,0.0,0.0
2026-04-19 19:00:00-04:00,7110.75,7114.0,7102.5,7106.5,9719,0.0,0.0
2026-04-19 20:00:00-04:00,7106.75,7114.0,7101.5,7112.75,11703,0.0,0.0
2026-04-19 21:00:00-04:00,7112.75,7126.75,7112.25,7124.5,12409,0.0,0.0
2026-04-19 22:00:00-04:00,7124.5,7124.5,7119.5,7122.0,5347,0.0,0.0
2026-04-19 23:00:00-04:00,7122.0,7123.75,7118.75,7119.25,3615,0.0,0.0
2026-04-20 00:00:00-04:00,7119.25,7121.75,7116.0,7120.25,5297,0.0,0.0
2026-04-20 01:00:00-04:00,7120.5,7121.0,7109.5,7113.75,8120,0.0,0.0
2026-04-20 02:00:00-04:00,7114.0,7116.0,7113.5,7115.75,431,0.0,0.0
2026-04-20 05:00:00-04:00,7161.5,7161.5,7127.0,7128.0,62411,0.0,0.0
2026-04-20 06:00:00-04:00,7128.25,7161.5,7125.25,7126.5,10316,0.0,0.0
2026-04-20 07:00:00-04:00,7126.25,7161.5,7121.0,7129.0,15485,0.0,0.0
2026-04-20 08:00:00-04:00,7129.25,7141.0,7126.75,7136.5,23816,0.0,0.0
2026-04-20 09:00:00-04:00,7136.5,7159.5,7134.75,7156.75,163018,0.0,0.0
2026-04-20 10:00:00-04:00,7157.0,7157.5,7124.75,7131.75,230764,0.0,0.0
2026-04-20 11:00:00-04:00,7131.75,7145.25,7121.5,7136.0,196347,0.0,0.0
2026-04-20 12:00:00-04:00,7136.25,7141.25,7130.25,7136.75,85883,0.0,0.0
2026-04-20 13:00:00-04:00,7136.75,7144.25,7132.75,7137.75,83952,0.0,0.0
2026-04-20 14:00:00-04:00,7137.75,7146.75,7135.0,7143.0,91138,0.0,0.0
2026-04-20 15:00:00-04:00,7143.25,7149.25,7136.5,7148.25,167790,0.0,0.0
2026-04-20 16:00:00-04:00,7148.25,7160.5,7145.0,7152.0,66287,0.0,0.0
2026-04-20 18:00:00-04:00,7150.75,7160.75,7150.0,7158.25,0,0.0,0.0
2026-04-20 19:00:00-04:00,7158.25,7158.5,7154.25,7155.0,2603,0.0,0.0
2026-04-20 20:00:00-04:00,7155.0,7160.5,7150.0,7158.25,9530,0.0,0.0
2026-04-20 21:00:00-04:00,7158.5,7162.5,7155.5,7158.75,6869,0.0,0.0
2026-04-20 22:00:00-04:00,7158.75,7160.75,7157.5,7158.0,3268,0.0,0.0
2026-04-20 23:00:00-04:00,7158.0,7158.75,7153.5,7156.75,3739,0.0,0.0
2026-04-21 00:00:00-04:00,7158.0,7161.25,7157.0,7160.75,2687,0.0,0.0
2026-04-21 01:00:00-04:00,7160.75,7165.25,7160.0,7160.5,5897,0.0,0.0
2026-04-21 02:00:00-04:00,7160.75,7165.75,7148.0,7162.75,5315,0.0,0.0
2026-04-21 03:00:00-04:00,7163.0,7163.25,7156.5,7158.25,11119,0.0,0.0
2026-04-21 04:00:00-04:00,7158.0,7167.0,7154.5,7164.0,9049,0.0,0.0
2026-04-21 05:00:00-04:00,7164.0,7169.75,7158.5,7168.5,8799,0.0,0.0
2026-04-21 06:00:00-04:00,7168.5,7177.5,7168.0,7176.0,10135,0.0,0.0
2026-04-21 07:00:00-04:00,7175.75,7183.0,7170.0,7175.5,27976,0.0,0.0
2026-04-21 08:00:00-04:00,7175.75,7177.25,7160.75,7164.0,36644,0.0,0.0
2026-04-21 09:00:00-04:00,7164.25,7168.5,7147.0,7167.75,155201,0.0,0.0
2026-04-21 10:00:00-04:00,7167.5,7172.5,7134.0,7135.25,202062,0.0,0.0
2026-04-21 11:00:00-04:00,7135.5,7141.5,7119.25,7126.5,251849,0.0,0.0
2026-04-21 12:00:00-04:00,7126.5,7138.25,7113.5,7114.75,140708,0.0,0.0
2026-04-21 13:00:00-04:00,7114.5,7133.25,7096.75,7116.75,254264,0.0,0.0
2026-04-21 14:00:00-04:00,7116.75,7128.0,7105.5,7122.0,146842,0.0,0.0
2026-04-21 15:00:00-04:00,7122.25,7138.5,7085.0,7100.5,349079,0.0,0.0
2026-04-21 16:00:00-04:00,7100.5,7140.0,7091.75,7122.25,100131,0.0,0.0
2026-04-21 18:00:00-04:00,7125.0,7130.5,7121.25,7124.25,0,0.0,0.0
2026-04-21 19:00:00-04:00,7124.25,7131.25,7123.0,7131.0,5428,0.0,0.0
2026-04-21 20:00:00-04:00,7131.25,7140.0,7131.25,7134.5,9766,0.0,0.0
2026-04-21 21:00:00-04:00,7134.5,7142.0,7134.25,7139.75,6381,0.0,0.0
2026-04-21 22:00:00-04:00,7139.75,7143.0,7139.0,7139.75,4069,0.0,0.0
2026-04-21 23:00:00-04:00,7139.75,7141.5,7135.5,7136.75,3524,0.0,0.0
2026-04-22 00:00:00-04:00,7137.0,7138.0,7129.5,7130.25,4185,0.0,0.0
2026-04-22 01:00:00-04:00,7130.25,7147.5,7128.5,7141.0,14114,0.0,0.0
2026-04-22 02:00:00-04:00,7141.0,7143.75,7134.0,7142.0,7432,0.0,0.0
2026-04-22 03:00:00-04:00,7142.0,7147.0,7139.5,7142.25,11242,0.0,0.0
2026-04-22 04:00:00-04:00,7142.5,7144.0,7130.0,7138.5,13748,0.0,0.0
2026-04-22 05:00:00-04:00,7138.5,7146.5,7134.0,7138.25,13031,0.0,0.0
2026-04-22 06:00:00-04:00,7138.5,7143.5,7132.75,7139.0,11815,0.0,0.0
2026-04-22 07:00:00-04:00,7138.75,7143.0,7135.5,7142.0,13255,0.0,0.0
2026-04-22 08:00:00-04:00,7142.0,7157.25,7138.0,7139.0,44899,0.0,0.0
2026-04-22 09:00:00-04:00,7139.0,7153.5,7137.5,7152.75,150348,0.0,0.0
2026-04-22 10:00:00-04:00,7152.75,7166.25,7146.25,7159.25,183674,0.0,0.0
2026-04-22 11:00:00-04:00,7159.25,7164.0,7150.0,7154.75,129815,0.0,0.0
2026-04-22 12:00:00-04:00,7155.0,7160.25,7146.5,7147.75,102459,0.0,0.0
2026-04-22 13:00:00-04:00,7147.75,7163.0,7147.75,7158.25,98800,0.0,0.0
2026-04-22 14:00:00-04:00,7158.25,7160.5,7150.5,7154.5,71137,0.0,0.0
2026-04-22 15:00:00-04:00,7154.5,7173.0,7150.0,7170.25,179219,0.0,0.0
2026-04-22 16:00:00-04:00,7170.25,7173.0,7156.0,7164.5,49370,0.0,0.0
2026-04-22 18:00:00-04:00,7163.0,7164.0,7158.25,7161.0,0,0.0,0.0
2026-04-22 19:00:00-04:00,7161.0,7163.25,7159.5,7162.75,2281,0.0,0.0
2026-04-22 20:00:00-04:00,7162.5,7163.0,7105.5,7154.75,52210,0.0,0.0
2026-04-22 21:00:00-04:00,7154.75,7155.25,7139.5,7141.5,10549,0.0,0.0
2026-04-22 22:00:00-04:00,7141.5,7142.5,7132.0,7133.0,12907,0.0,0.0
2026-04-22 23:00:00-04:00,7133.5,7136.5,7118.75,7126.5,11929,0.0,0.0
2026-04-23 00:00:00-04:00,7127.0,7135.5,7127.0,7135.25,5713,0.0,0.0
2026-04-23 01:00:00-04:00,7135.25,7142.0,7131.0,7138.25,7286,0.0,0.0
2026-04-23 02:00:00-04:00,7138.25,7144.75,7138.25,7143.25,10961,0.0,0.0
2026-04-23 03:00:00-04:00,7143.25,7149.0,7140.25,7145.0,13511,0.0,0.0
2026-04-23 04:00:00-04:00,7145.0,7146.5,7130.75,7133.0,14401,0.0,0.0
2026-04-23 05:00:00-04:00,7132.75,7140.5,7125.75,7135.0,15251,0.0,0.0
2026-04-23 06:00:00-04:00,7135.0,7143.0,7129.0,7141.75,17243,0.0,0.0
2026-04-23 07:00:00-04:00,7141.75,7160.75,7134.25,7158.25,34256,0.0,0.0
2026-04-23 08:00:00-04:00,7158.0,7169.5,7136.25,7152.0,51100,0.0,0.0
2026-04-23 09:00:00-04:00,7152.25,7171.0,7142.5,7159.75,146078,0.0,0.0
2026-04-23 10:00:00-04:00,7159.75,7178.5,7149.0,7175.0,173024,0.0,0.0
2026-04-23 11:00:00-04:00,7175.0,7181.5,7164.25,7168.75,143491,0.0,0.0
2026-04-23 12:00:00-04:00,7168.75,7170.25,7160.25,7166.25,104848,0.0,0.0
2026-04-23 13:00:00-04:00,7166.25,7168.25,7079.25,7123.5,474848,0.0,0.0
2026-04-23 14:00:00-04:00,7123.25,7152.25,7119.0,7128.25,214627,0.0,0.0
2026-04-23 15:00:00-04:00,7128.25,7146.75,7121.5,7142.25,217866,0.0,0.0
2026-04-23 16:00:00-04:00,7142.0,7144.5,7128.75,7132.5,51134,0.0,0.0
2026-04-23 18:00:00-04:00,7143.0,7148.0,7139.75,7146.5,0,0.0,0.0
2026-04-23 19:00:00-04:00,7146.5,7153.75,7144.25,7153.25,4269,0.0,0.0
2026-04-23 20:00:00-04:00,7153.5,7161.25,7150.5,7156.25,11298,0.0,0.0
2026-04-23 21:00:00-04:00,7156.5,7157.75,7150.75,7156.75,7628,0.0,0.0
2026-04-23 22:00:00-04:00,7156.5,7157.0,7140.5,7142.5,8390,0.0,0.0
2026-04-23 23:00:00-04:00,7142.75,7144.5,7136.25,7139.25,6087,0.0,0.0
2026-04-24 00:00:00-04:00,7141.0,7145.25,7137.0,7144.5,4655,0.0,0.0
2026-04-24 01:00:00-04:00,7144.5,7151.25,7140.0,7150.75,5701,0.0,0.0
2026-04-24 02:00:00-04:00,7151.0,7152.5,7145.0,7147.25,6122,0.0,0.0
2026-04-24 03:00:00-04:00,7147.0,7155.5,7146.5,7153.75,11090,0.0,0.0
2026-04-24 04:00:00-04:00,7153.5,7159.25,7141.25,7143.5,18104,0.0,0.0
2026-04-24 05:00:00-04:00,7143.75,7146.75,7135.5,7143.75,12629,0.0,0.0
2026-04-24 06:00:00-04:00,7143.75,7152.5,7141.5,7151.25,11947,0.0,0.0
2026-04-24 07:00:00-04:00,7150.75,7189.5,7150.5,7171.0,68806,0.0,0.0
2026-04-24 08:00:00-04:00,7171.25,7177.75,7154.25,7162.25,52579,0.0,0.0
2026-04-24 09:00:00-04:00,7162.5,7170.5,7145.0,7154.75,176057,0.0,0.0
2026-04-24 10:00:00-04:00,7154.75,7171.75,7146.5,7170.0,197766,0.0,0.0
2026-04-24 11:00:00-04:00,7170.0,7197.25,7167.5,7193.5,221155,0.0,0.0
2026-04-24 12:00:00-04:00,7193.5,7195.75,7184.25,7191.5,118793,0.0,0.0
2026-04-24 13:00:00-04:00,7191.5,7200.5,7182.75,7192.25,101865,0.0,0.0
2026-04-24 14:00:00-04:00,7192.25,7193.5,7184.75,7190.75,83646,0.0,0.0
2026-04-24 15:00:00-04:00,7191.0,7200.0,7189.75,7194.75,196144,0.0,0.0
2026-04-24 16:00:00-04:00,7194.75,7197.25,7190.0,7196.0,46088,0.0,0.0
2026-04-26 18:00:00-04:00,7175.0,7182.5,7171.5,7182.0,7043,0.0,0.0
2026-04-26 19:00:00-04:00,7182.25,7182.75,7175.0,7178.5,6007,0.0,0.0
2026-04-26 20:00:00-04:00,7178.75,7193.0,7177.25,7190.5,11049,0.0,0.0
2026-04-26 21:00:00-04:00,7190.75,7208.0,7189.75,7207.5,19054,0.0,0.0
2026-04-26 22:00:00-04:00,7207.75,7208.5,7201.75,7203.25,6216,0.0,0.0
2026-04-26 23:00:00-04:00,7203.5,7206.75,7201.75,7203.0,6554,0.0,0.0
2026-04-27 00:00:00-04:00,7202.75,7205.25,7199.75,7200.75,5923,0.0,0.0
2026-04-27 01:00:00-04:00,7200.5,7201.0,7188.0,7189.75,7252,0.0,0.0
2026-04-27 02:00:00-04:00,7189.75,7191.5,7186.0,7188.0,8300,0.0,0.0
2026-04-27 03:00:00-04:00,7188.0,7190.25,7185.0,7187.0,9338,0.0,0.0
2026-04-27 04:00:00-04:00,7186.75,7190.0,7181.5,7188.75,13784,0.0,0.0
2026-04-27 05:00:00-04:00,7189.0,7191.25,7187.25,7189.0,7362,0.0,0.0
2026-04-27 06:00:00-04:00,7189.0,7195.25,7186.5,7194.0,10081,0.0,0.0
2026-04-27 07:00:00-04:00,7193.75,7198.5,7193.5,7196.5,12976,0.0,0.0
2026-04-27 08:00:00-04:00,7196.75,7197.25,7185.0,7188.25,24835,0.0,0.0
2026-04-27 09:00:00-04:00,7188.5,7198.5,7180.25,7195.5,164233,0.0,0.0
2026-04-27 10:00:00-04:00,7195.5,7199.0,7185.25,7190.75,157331,0.0,0.0
2026-04-27 11:00:00-04:00,7190.75,7192.75,7177.0,7188.75,121405,0.0,0.0
2026-04-27 12:00:00-04:00,7188.75,7197.75,7186.25,7196.0,77685,0.0,0.0
2026-04-27 13:00:00-04:00,7196.25,7207.25,7193.75,7203.5,84156,0.0,0.0
2026-04-27 14:00:00-04:00,7203.5,7207.25,7201.75,7203.0,59589,0.0,0.0
2026-04-27 15:00:00-04:00,7203.25,7211.25,7201.5,7207.0,168682,0.0,0.0
2026-04-27 16:00:00-04:00,7207.0,7208.0,7202.25,7205.25,36063,0.0,0.0
2026-04-27 18:00:00-04:00,7204.75,7221.75,7204.75,7216.5,0,0.0,0.0
2026-04-27 19:00:00-04:00,7216.5,7220.0,7215.0,7217.25,2851,0.0,0.0
2026-04-27 20:00:00-04:00,7217.25,7223.25,7212.25,7213.75,9605,0.0,0.0
2026-04-27 21:00:00-04:00,7213.75,7219.25,7208.0,7208.75,8099,0.0,0.0
2026-04-27 22:00:00-04:00,7209.0,7212.0,7204.5,7206.0,6215,0.0,0.0
2026-04-27 23:00:00-04:00,7205.75,7212.0,7205.0,7208.25,4045,0.0,0.0
2026-04-28 00:00:00-04:00,7207.75,7213.0,7207.75,7209.5,2607,0.0,0.0
2026-04-28 01:00:00-04:00,7209.75,7210.5,7196.0,7198.25,7898,0.0,0.0
2026-04-28 02:00:00-04:00,7198.25,7201.0,7189.5,7194.0,8668,0.0,0.0
2026-04-28 03:00:00-04:00,7193.75,7198.0,7190.75,7196.75,10771,0.0,0.0
2026-04-28 04:00:00-04:00,7197.0,7201.75,7188.5,7200.5,13675,0.0,0.0
2026-04-28 05:00:00-04:00,7200.5,7201.0,7188.0,7191.75,13160,0.0,0.0
2026-04-28 06:00:00-04:00,7191.75,7194.5,7186.0,7189.0,15076,0.0,0.0
2026-04-28 07:00:00-04:00,7189.0,7191.75,7155.25,7158.5,47654,0.0,0.0
2026-04-28 08:00:00-04:00,7158.75,7170.0,7147.5,7169.5,60337,0.0,0.0
2026-04-28 09:00:00-04:00,7169.25,7183.0,7160.5,7169.5,187920,0.0,0.0
2026-04-28 10:00:00-04:00,7169.75,7177.5,7146.25,7159.0,246585,0.0,0.0
2026-04-28 11:00:00-04:00,7158.75,7164.75,7147.75,7153.75,154810,0.0,0.0
2026-04-28 12:00:00-04:00,7153.75,7159.75,7147.25,7155.5,107802,0.0,0.0
2026-04-28 13:00:00-04:00,7155.5,7165.5,7148.0,7164.5,89453,0.0,0.0
2026-04-28 14:00:00-04:00,7164.5,7170.5,7161.5,7169.25,90898,0.0,0.0
2026-04-28 15:00:00-04:00,7169.25,7176.25,7166.25,7171.5,171849,0.0,0.0
2026-04-28 16:00:00-04:00,7171.5,7176.25,7167.5,7172.5,41956,0.0,0.0
2026-04-28 18:00:00-04:00,7172.5,7178.0,7172.5,7176.0,0,0.0,0.0
2026-04-28 19:00:00-04:00,7176.0,7179.5,7174.25,7179.5,2264,0.0,0.0
2026-04-28 20:00:00-04:00,7179.5,7188.0,7179.5,7183.5,8994,0.0,0.0
2026-04-28 21:00:00-04:00,7183.25,7183.5,7169.0,7178.25,13369,0.0,0.0
2026-04-28 22:00:00-04:00,7178.5,7185.25,7178.5,7181.5,5355,0.0,0.0
2026-04-28 23:00:00-04:00,7181.75,7185.25,7181.25,7182.75,4149,0.0,0.0
2026-04-29 00:00:00-04:00,7184.0,7187.0,7183.5,7184.5,3675,0.0,0.0
2026-04-29 01:00:00-04:00,7184.75,7187.25,7182.0,7185.0,4177,0.0,0.0
2026-04-29 02:00:00-04:00,7185.0,7188.5,7179.25,7179.75,7228,0.0,0.0
2026-04-29 03:00:00-04:00,7179.5,7183.5,7169.25,7174.5,15476,0.0,0.0
2026-04-29 04:00:00-04:00,7174.75,7180.25,7166.5,7172.75,20130,0.0,0.0
2026-04-29 05:00:00-04:00,7172.75,7177.75,7167.5,7169.5,10431,0.0,0.0
2026-04-29 06:00:00-04:00,7169.25,7181.0,7166.5,7176.5,11229,0.0,0.0
2026-04-29 07:00:00-04:00,7176.25,7180.0,7169.75,7173.5,15273,0.0,0.0
2026-04-29 08:00:00-04:00,7173.25,7174.75,7161.25,7169.0,27007,0.0,0.0
2026-04-29 09:00:00-04:00,7169.0,7174.0,7149.5,7160.75,154009,0.0,0.0
2026-04-29 10:00:00-04:00,7160.75,7175.25,7155.75,7168.0,141473,0.0,0.0
2026-04-29 11:00:00-04:00,7167.75,7168.5,7145.25,7153.5,184716,0.0,0.0
2026-04-29 12:00:00-04:00,7153.75,7160.75,7142.0,7150.25,114458,0.0,0.0
2026-04-29 13:00:00-04:00,7150.0,7160.75,7145.25,7159.25,88968,0.0,0.0
2026-04-29 14:00:00-04:00,7159.25,7160.25,7137.0,7158.75,154060,0.0,0.0
2026-04-29 15:00:00-04:00,7159.0,7170.75,7153.0,7170.25,200211,0.0,0.0
2026-04-29 16:00:00-04:00,7170.25,7190.75,7131.25,7141.5,131244,0.0,0.0
2026-04-29 18:00:00-04:00,7150.0,7196.5,7148.5,7184.25,0,0.0,0.0
2026-04-29 19:00:00-04:00,7184.5,7193.25,7180.0,7192.75,9341,0.0,0.0
2026-04-29 20:00:00-04:00,7192.75,7201.5,7191.0,7199.25,11772,0.0,0.0
2026-04-29 21:00:00-04:00,7199.0,7200.5,7193.75,7199.25,8987,0.0,0.0
2026-04-29 22:00:00-04:00,7199.25,7199.75,7165.5,7177.25,20554,0.0,0.0
2026-04-29 23:00:00-04:00,7177.0,7181.5,7171.75,7172.5,8359,0.0,0.0
2026-04-30 00:00:00-04:00,7165.75,7167.25,7144.75,7145.25,17512,0.0,0.0
2026-04-30 01:00:00-04:00,7145.5,7158.75,7143.0,7143.5,12376,0.0,0.0
2026-04-30 02:00:00-04:00,7143.25,7158.0,7133.75,7153.25,23693,0.0,0.0
2026-04-30 03:00:00-04:00,7153.25,7165.75,7149.75,7161.25,17843,0.0,0.0
2026-04-30 04:00:00-04:00,7160.75,7171.0,7159.25,7165.0,14583,0.0,0.0
2026-04-30 05:00:00-04:00,7164.75,7184.75,7158.5,7171.25,25018,0.0,0.0
2026-04-30 06:00:00-04:00,7171.0,7187.25,7171.0,7180.5,24046,0.0,0.0
2026-04-30 07:00:00-04:00,7180.75,7200.5,7180.0,7194.5,28243,0.0,0.0
2026-04-30 08:00:00-04:00,7194.5,7211.5,7193.25,7204.0,39178,0.0,0.0
2026-04-30 09:00:00-04:00,7204.0,7209.75,7160.25,7165.25,207120,0.0,0.0
2026-04-30 10:00:00-04:00,7165.25,7194.75,7157.25,7192.0,243160,0.0,0.0
2026-04-30 11:00:00-04:00,7192.0,7204.25,7187.75,7199.25,166446,0.0,0.0
2026-04-30 12:00:00-04:00,7199.5,7207.5,7192.5,7197.0,103350,0.0,0.0
2026-04-30 13:00:00-04:00,7197.25,7225.5,7196.75,7224.75,110439,0.0,0.0
2026-04-30 14:00:00-04:00,7224.75,7242.0,7224.25,7237.5,127221,0.0,0.0
2026-04-30 15:00:00-04:00,7237.5,7251.75,7236.25,7238.25,289523,0.0,0.0
2026-04-30 16:00:00-04:00,7238.25,7253.5,7238.0,7246.75,79719,0.0,0.0
2026-04-30 18:00:00-04:00,7256.0,7263.5,7246.25,7250.0,0,0.0,0.0
2026-04-30 19:00:00-04:00,7250.0,7257.25,7249.0,7252.75,7180,0.0,0.0
2026-04-30 20:00:00-04:00,7252.75,7261.0,7250.5,7258.0,8161,0.0,0.0
2026-04-30 21:00:00-04:00,7257.75,7264.0,7255.5,7262.75,6389,0.0,0.0
2026-04-30 22:00:00-04:00,7262.75,7263.0,7258.25,7260.75,3903,0.0,0.0
2026-04-30 23:00:00-04:00,7261.0,7265.75,7259.25,7260.75,5379,0.0,0.0
2026-05-01 00:00:00-04:00,7259.0,7259.75,7256.75,7258.0,2216,0.0,0.0
2026-05-01 01:00:00-04:00,7258.0,7260.25,7256.25,7257.0,3425,0.0,0.0
2026-05-01 02:00:00-04:00,7257.25,7258.25,7251.0,7252.0,5012,0.0,0.0
2026-05-01 03:00:00-04:00,7252.0,7257.0,7248.5,7249.75,12221,0.0,0.0
2026-05-01 04:00:00-04:00,7249.75,7253.0,7247.75,7250.25,7606,0.0,0.0
2026-05-01 05:00:00-04:00,7250.25,7254.25,7246.5,7253.25,5072,0.0,0.0
2026-05-01 06:00:00-04:00,7253.25,7254.5,7248.75,7254.0,6124,0.0,0.0
2026-05-01 07:00:00-04:00,7254.25,7257.0,7249.0,7256.25,8492,0.0,0.0
2026-05-01 08:00:00-04:00,7256.25,7271.5,7254.5,7258.5,32872,0.0,0.0
2026-05-01 09:00:00-04:00,7258.25,7293.25,7258.0,7293.25,178188,0.0,0.0
2026-05-01 10:00:00-04:00,7293.0,7300.75,7274.5,7278.5,211262,0.0,0.0
2026-05-01 11:00:00-04:00,7278.75,7295.75,7272.0,7285.25,142839,0.0,0.0
2026-05-01 12:00:00-04:00,7285.25,7287.75,7266.0,7270.25,127310,0.0,0.0
2026-05-01 13:00:00-04:00,7270.0,7283.75,7269.75,7279.5,70058,0.0,0.0
2026-05-01 14:00:00-04:00,7279.5,7280.75,7259.0,7262.75,102920,0.0,0.0
2026-05-01 15:00:00-04:00,7262.75,7277.0,7255.5,7257.5,192046,0.0,0.0
2026-05-01 16:00:00-04:00,7257.5,7258.25,7240.75,7258.0,56422,0.0,0.0
2026-05-04 00:00:00-04:00,7258.0,7270.75,7258.0,7267.75,0,0.0,0.0
2026-05-04 01:00:00-04:00,7267.75,7274.5,7267.25,7270.0,6851,0.0,0.0
2026-05-04 02:00:00-04:00,7270.0,7271.25,7259.5,7262.75,8679,0.0,0.0
2026-05-04 03:00:00-04:00,7263.0,7273.5,7259.5,7265.25,13297,0.0,0.0
2026-05-04 04:00:00-04:00,7265.0,7265.5,7255.0,7262.25,15099,0.0,0.0
2026-05-04 05:00:00-04:00,7262.5,7267.75,7260.5,7263.75,8167,0.0,0.0
2026-05-04 06:00:00-04:00,7264.0,7265.5,7213.75,7247.0,79050,0.0,0.0
2026-05-04 07:00:00-04:00,7247.25,7254.25,7236.75,7245.25,29098,0.0,0.0
2026-05-04 08:00:00-04:00,7245.25,7256.0,7245.25,7249.25,28580,0.0,0.0
2026-05-04 09:00:00-04:00,7249.25,7257.75,7238.25,7257.75,152283,0.0,0.0
2026-05-04 10:00:00-04:00,7257.5,7271.0,7248.0,7258.75,163412,0.0,0.0
2026-05-04 11:00:00-04:00,7259.0,7264.25,7218.75,7225.25,317130,0.0,0.0
2026-05-04 12:00:00-04:00,7225.25,7228.25,7199.5,7215.0,214988,0.0,0.0
2026-05-04 13:00:00-04:00,7214.75,7236.25,7214.25,7232.75,116812,0.0,0.0
2026-05-04 14:00:00-04:00,7233.0,7239.5,7217.5,7223.75,110121,0.0,0.0
2026-05-04 15:00:00-04:00,7224.0,7231.5,7220.5,7231.25,175055,0.0,0.0
2026-05-04 16:00:00-04:00,7231.0,7231.5,7222.75,7225.25,37105,0.0,0.0
2026-05-04 18:00:00-04:00,7228.75,7234.75,7226.0,7227.5,0,0.0,0.0
2026-05-04 19:00:00-04:00,7227.5,7229.25,7224.5,7227.0,3053,0.0,0.0
2026-05-04 20:00:00-04:00,7227.25,7235.75,7223.75,7231.75,8225,0.0,0.0
2026-05-04 21:00:00-04:00,7231.75,7239.0,7227.25,7235.5,7629,0.0,0.0
2026-05-04 22:00:00-04:00,7235.75,7241.0,7233.75,7236.5,6964,0.0,0.0
2026-05-04 23:00:00-04:00,7236.25,7242.0,7235.5,7240.75,3481,0.0,0.0
2026-05-05 00:00:00-04:00,7242.75,7243.25,7238.5,7240.0,3838,0.0,0.0
2026-05-05 01:00:00-04:00,7239.75,7244.25,7238.25,7243.75,4461,0.0,0.0
2026-05-05 02:00:00-04:00,7243.75,7248.25,7235.75,7247.5,11429,0.0,0.0
2026-05-05 03:00:00-04:00,7247.75,7256.75,7245.75,7247.25,17269,0.0,0.0
2026-05-05 04:00:00-04:00,7247.5,7257.0,7247.25,7254.75,13918,0.0,0.0
2026-05-05 05:00:00-04:00,7254.75,7258.0,7249.75,7255.5,9505,0.0,0.0
2026-05-05 06:00:00-04:00,7255.25,7261.75,7253.0,7255.5,11356,0.0,0.0
2026-05-05 07:00:00-04:00,7255.5,7259.25,7248.75,7258.25,17710,0.0,0.0
2026-05-05 08:00:00-04:00,7258.25,7269.0,7256.25,7261.75,29251,0.0,0.0
2026-05-05 09:00:00-04:00,7261.75,7277.25,7261.5,7275.0,136495,0.0,0.0
2026-05-05 10:00:00-04:00,7275.0,7286.25,7266.75,7280.75,223976,0.0,0.0
2026-05-05 11:00:00-04:00,7280.5,7285.75,7278.5,7279.5,105558,0.0,0.0
2026-05-05 12:00:00-04:00,7279.75,7288.0,7279.0,7284.0,69818,0.0,0.0
2026-05-05 13:00:00-04:00,7284.0,7291.5,7280.25,7289.25,61817,0.0,0.0
2026-05-05 14:00:00-04:00,7289.25,7296.25,7289.0,7292.75,65103,0.0,0.0
2026-05-05 15:00:00-04:00,7292.75,7299.75,7282.5,7287.0,193327,0.0,0.0
2026-05-05 16:00:00-04:00,7286.75,7304.25,7284.75,7295.5,58057,0.0,0.0
2026-05-05 18:00:00-04:00,7300.5,7320.0,7293.5,7316.75,0,0.0,0.0
2026-05-05 19:00:00-04:00,7316.75,7319.25,7312.25,7314.25,11464,0.0,0.0
2026-05-05 20:00:00-04:00,7314.25,7316.0,7299.25,7303.5,15632,0.0,0.0
2026-05-05 21:00:00-04:00,7303.25,7310.25,7302.75,7307.75,8407,0.0,0.0
2026-05-05 22:00:00-04:00,7307.75,7308.25,7302.5,7304.25,6207,0.0,0.0
2026-05-05 23:00:00-04:00,7304.25,7311.0,7303.25,7307.75,5254,0.0,0.0
2026-05-06 00:00:00-04:00,7308.25,7310.25,7306.5,7308.75,4562,0.0,0.0
2026-05-06 01:00:00-04:00,7308.5,7312.75,7307.0,7311.5,6083,0.0,0.0
2026-05-06 02:00:00-04:00,7311.5,7314.75,7303.75,7309.75,13413,0.0,0.0
2026-05-06 03:00:00-04:00,7309.75,7311.75,7306.5,7310.75,16086,0.0,0.0
2026-05-06 04:00:00-04:00,7311.0,7343.25,7305.5,7335.25,48243,0.0,0.0
2026-05-06 05:00:00-04:00,7335.25,7343.0,7323.0,7341.75,35732,0.0,0.0
2026-05-06 06:00:00-04:00,7341.75,7363.75,7340.5,7358.0,49757,0.0,0.0
2026-05-06 07:00:00-04:00,7357.75,7366.25,7345.0,7348.0,56685,0.0,0.0
2026-05-06 08:00:00-04:00,7348.25,7348.75,7326.5,7338.5,53724,0.0,0.0
2026-05-06 09:00:00-04:00,7338.5,7347.5,7327.25,7346.0,184696,0.0,0.0
2026-05-06 10:00:00-04:00,7346.0,7372.0,7336.25,7371.25,242603,0.0,0.0
2026-05-06 11:00:00-04:00,7371.5,7375.0,7358.75,7365.75,170197,0.0,0.0
2026-05-06 12:00:00-04:00,7365.75,7369.75,7354.5,7359.0,87086,0.0,0.0
2026-05-06 13:00:00-04:00,7359.25,7371.0,7355.5,7371.0,64393,0.0,0.0
2026-05-06 14:00:00-04:00,7371.0,7384.5,7369.75,7379.25,106718,0.0,0.0
2026-05-06 15:00:00-04:00,7379.25,7395.75,7379.0,7387.0,249466,0.0,0.0
2026-05-06 16:00:00-04:00,7387.0,7395.75,7384.5,7386.75,72154,0.0,0.0
2026-05-06 18:00:00-04:00,7380.5,7383.75,7377.0,7378.75,0,0.0,0.0
2026-05-06 19:00:00-04:00,7378.75,7382.5,7377.5,7379.75,4649,0.0,0.0
2026-05-06 20:00:00-04:00,7379.75,7385.5,7378.5,7384.75,10392,0.0,0.0
2026-05-06 21:00:00-04:00,7384.75,7393.0,7381.0,7390.25,8685,0.0,0.0
2026-05-06 22:00:00-04:00,7390.25,7391.25,7383.25,7388.5,7143,0.0,0.0
2026-05-06 23:00:00-04:00,7388.5,7392.0,7386.75,7390.75,4620,0.0,0.0
2026-05-07 00:00:00-04:00,7391.0,7394.5,7390.75,7393.5,5000,0.0,0.0
2026-05-07 01:00:00-04:00,7393.25,7395.75,7392.0,7394.0,5986,0.0,0.0
2026-05-07 02:00:00-04:00,7393.75,7403.0,7390.25,7399.5,12332,0.0,0.0
2026-05-07 03:00:00-04:00,7399.25,7410.5,7395.5,7402.0,27624,0.0,0.0
2026-05-07 04:00:00-04:00,7402.0,7408.5,7393.75,7395.25,21597,0.0,0.0
2026-05-07 05:00:00-04:00,7395.25,7399.5,7392.0,7394.0,13932,0.0,0.0
2026-05-07 06:00:00-04:00,7393.75,7398.75,7389.75,7395.25,13248,0.0,0.0
2026-05-07 07:00:00-04:00,7395.5,7399.0,7392.75,7396.75,19393,0.0,0.0
2026-05-07 08:00:00-04:00,7396.5,7402.75,7395.25,7401.75,22816,0.0,0.0
2026-05-07 09:00:00-04:00,7402.0,7402.0,7383.75,7387.75,157628,0.0,0.0
2026-05-07 10:00:00-04:00,7387.75,7409.5,7387.25,7409.25,182421,0.0,0.0
2026-05-07 11:00:00-04:00,7409.5,7410.0,7386.0,7388.0,171547,0.0,0.0
2026-05-07 12:00:00-04:00,7388.0,7388.5,7364.0,7368.5,235809,0.0,0.0
2026-05-07 13:00:00-04:00,7368.5,7374.75,7345.75,7365.25,236773,0.0,0.0
2026-05-07 14:00:00-04:00,7365.25,7370.5,7345.5,7359.75,162429,0.0,0.0
2026-05-07 15:00:00-04:00,7359.75,7367.5,7348.5,7364.25,251425,0.0,0.0
2026-05-07 16:00:00-04:00,7364.25,7378.75,7351.25,7352.25,93474,0.0,0.0
2026-05-07 18:00:00-04:00,7340.0,7359.25,7336.25,7349.5,0,0.0,0.0
2026-05-07 19:00:00-04:00,7349.5,7363.0,7348.25,7362.75,5561,0.0,0.0
2026-05-07 20:00:00-04:00,7363.0,7373.25,7363.0,7372.75,13631,0.0,0.0
2026-05-07 21:00:00-04:00,7372.5,7380.5,7372.5,7376.25,11393,0.0,0.0
2026-05-07 22:00:00-04:00,7376.25,7379.5,7367.25,7374.75,10033,0.0,0.0
2026-05-07 23:00:00-04:00,7374.5,7379.5,7373.5,7378.25,4778,0.0,0.0
2026-05-08 00:00:00-04:00,7378.25,7382.5,7375.25,7379.25,5027,0.0,0.0
2026-05-08 01:00:00-04:00,7379.25,7385.5,7378.75,7382.75,6562,0.0,0.0
2026-05-08 02:00:00-04:00,7382.5,7388.75,7379.25,7388.0,9031,0.0,0.0
2026-05-08 03:00:00-04:00,7388.0,7388.5,7380.75,7387.25,14170,0.0,0.0
2026-05-08 04:00:00-04:00,7387.25,7394.5,7386.25,7393.75,13855,0.0,0.0
2026-05-08 05:00:00-04:00,7394.0,7402.25,7390.5,7394.5,19274,0.0,0.0
2026-05-08 06:00:00-04:00,7394.75,7399.75,7391.0,7396.25,13388,0.0,0.0
2026-05-08 07:00:00-04:00,7396.25,7402.0,7396.25,7399.75,15458,0.0,0.0
2026-05-08 08:00:00-04:00,7399.75,7412.5,7394.5,7398.25,43850,0.0,0.0
2026-05-08 09:00:00-04:00,7398.0,7413.75,7389.0,7413.5,149671,0.0,0.0
2026-05-08 10:00:00-04:00,7413.5,7422.75,7408.25,7417.75,183380,0.0,0.0
2026-05-08 11:00:00-04:00,7417.75,7420.75,7407.25,7416.0,136619,0.0,0.0
2026-05-08 12:00:00-04:00,7415.75,7424.25,7415.0,7415.75,86511,0.0,0.0
2026-05-08 13:00:00-04:00,7415.75,7426.0,7414.75,7418.75,80093,0.0,0.0
2026-05-08 14:00:00-04:00,7418.75,7427.75,7407.5,7410.75,104006,0.0,0.0
2026-05-08 15:00:00-04:00,7410.5,7422.0,7410.0,7421.25,200544,0.0,0.0
2026-05-08 16:00:00-04:00,7421.25,7425.0,7417.25,7419.0,62133,0.0,0.0
2026-05-10 18:00:00-04:00,7399.5,7406.25,7390.5,7404.5,8829,0.0,0.0
2026-05-10 19:00:00-04:00,7404.25,7409.0,7401.25,7402.75,7942,0.0,0.0
2026-05-10 20:00:00-04:00,7402.75,7412.75,7397.0,7402.25,16832,0.0,0.0
2026-05-10 21:00:00-04:00,7402.25,7411.25,7398.0,7411.0,12397,0.0,0.0
2026-05-10 22:00:00-04:00,7411.0,7414.5,7409.5,7411.25,6594,0.0,0.0
2026-05-10 23:00:00-04:00,7411.25,7415.5,7407.5,7411.5,6624,0.0,0.0
2026-05-11 00:00:00-04:00,7411.25,7413.25,7406.75,7412.75,4203,0.0,0.0
2026-05-11 01:00:00-04:00,7413.0,7415.0,7410.25,7410.5,5512,0.0,0.0
2026-05-11 02:00:00-04:00,7410.5,7416.25,7409.5,7413.0,8319,0.0,0.0
2026-05-11 03:00:00-04:00,7413.0,7415.0,7410.0,7414.25,11668,0.0,0.0
2026-05-11 04:00:00-04:00,7414.25,7417.75,7410.0,7414.0,14359,0.0,0.0
2026-05-11 05:00:00-04:00,7413.75,7420.75,7413.0,7415.0,13902,0.0,0.0
2026-05-11 06:00:00-04:00,7414.75,7416.75,7411.0,7412.25,9721,0.0,0.0
2026-05-11 07:00:00-04:00,7412.25,7420.25,7410.75,7414.0,17099,0.0,0.0
2026-05-11 08:00:00-04:00,7414.0,7415.75,7402.5,7408.75,31976,0.0,0.0
2026-05-11 09:00:00-04:00,7408.75,7437.25,7406.75,7432.75,148810,0.0,0.0
2026-05-11 10:00:00-04:00,7432.5,7445.75,7421.5,7443.0,190027,0.0,0.0
2026-05-11 11:00:00-04:00,7442.75,7449.75,7435.75,7448.5,113064,0.0,0.0
2026-05-11 12:00:00-04:00,7448.25,7450.5,7434.25,7439.5,105934,0.0,0.0
2026-05-11 13:00:00-04:00,7439.5,7454.75,7434.75,7448.0,88865,0.0,0.0
2026-05-11 14:00:00-04:00,7448.25,7452.75,7431.0,7431.25,86702,0.0,0.0
2026-05-11 15:00:00-04:00,7431.5,7439.0,7427.5,7438.75,208425,0.0,0.0
2026-05-11 16:00:00-04:00,7439.0,7440.25,7426.0,7435.0,51477,0.0,0.0
2026-05-11 18:00:00-04:00,7435.5,7443.75,7434.25,7441.0,0,0.0,0.0
2026-05-11 19:00:00-04:00,7441.25,7441.75,7436.25,7438.75,3278,0.0,0.0
2026-05-11 20:00:00-04:00,7438.5,7438.75,7428.75,7429.75,8934,0.0,0.0
2026-05-11 21:00:00-04:00,7429.75,7432.0,7411.25,7419.0,19807,0.0,0.0
2026-05-11 22:00:00-04:00,7419.25,7430.75,7417.75,7429.25,9934,0.0,0.0
2026-05-11 23:00:00-04:00,7429.25,7430.25,7424.25,7425.25,4372,0.0,0.0
2026-05-12 00:00:00-04:00,7427.5,7427.5,7420.75,7420.75,5202,0.0,0.0
2026-05-12 01:00:00-04:00,7420.75,7424.0,7418.5,7421.5,6063,0.0,0.0
2026-05-12 02:00:00-04:00,7421.5,7422.75,7408.25,7408.75,11381,0.0,0.0
2026-05-12 03:00:00-04:00,7409.0,7417.25,7402.25,7416.0,18528,0.0,0.0
2026-05-12 04:00:00-04:00,7416.0,7416.75,7405.5,7409.5,15625,0.0,0.0
2026-05-12 05:00:00-04:00,7409.5,7416.5,7403.25,7411.5,13718,0.0,0.0
2026-05-12 06:00:00-04:00,7411.5,7416.0,7406.75,7412.0,10750,0.0,0.0
2026-05-12 07:00:00-04:00,7411.75,7413.75,7402.0,7407.75,19104,0.0,0.0
2026-05-12 08:00:00-04:00,7407.75,7420.75,7398.75,7419.5,39364,0.0,0.0
2026-05-12 09:00:00-04:00,7419.5,7421.25,7393.5,7396.25,184755,0.0,0.0
2026-05-12 10:00:00-04:00,7396.0,7408.75,7380.0,7383.0,259916,0.0,0.0
2026-05-12 11:00:00-04:00,7383.0,7385.5,7363.25,7369.75,205097,0.0,0.0
2026-05-12 12:00:00-04:00,7370.0,7380.0,7363.5,7366.25,120420,0.0,0.0
2026-05-12 13:00:00-04:00,7366.25,7397.25,7365.25,7396.0,148023,0.0,0.0
2026-05-12 14:00:00-04:00,7396.0,7410.5,7391.75,7405.25,135825,0.0,0.0
2026-05-12 15:00:00-04:00,7405.25,7433.75,7404.75,7428.0,246657,0.0,0.0
2026-05-12 16:00:00-04:00,7428.25,7428.75,7415.75,7420.5,56569,0.0,0.0
2026-05-12 18:00:00-04:00,7419.25,7427.5,7419.25,7421.75,0,0.0,0.0
2026-05-12 19:00:00-04:00,7421.75,7423.5,7411.75,7412.0,6503,0.0,0.0
2026-05-12 20:00:00-04:00,7411.75,7423.25,7410.0,7420.5,10879,0.0,0.0
2026-05-12 21:00:00-04:00,7420.25,7436.5,7420.0,7429.0,12108,0.0,0.0
2026-05-12 22:00:00-04:00,7428.75,7432.0,7425.25,7429.25,6797,0.0,0.0
2026-05-12 23:00:00-04:00,7429.0,7436.0,7425.5,7434.75,6010,0.0,0.0
2026-05-13 00:00:00-04:00,7434.75,7438.5,7433.0,7437.25,4710,0.0,0.0
2026-05-13 01:00:00-04:00,7437.25,7441.75,7435.5,7439.25,7739,0.0,0.0
2026-05-13 02:00:00-04:00,7439.5,7443.5,7434.25,7437.25,9104,0.0,0.0
2026-05-13 03:00:00-04:00,7437.5,7446.5,7434.25,7445.0,12661,0.0,0.0
2026-05-13 04:00:00-04:00,7445.25,7454.25,7444.0,7447.5,17137,0.0,0.0
2026-05-13 05:00:00-04:00,7447.25,7447.5,7439.5,7447.0,12028,0.0,0.0
2026-05-13 06:00:00-04:00,7447.25,7449.0,7439.25,7442.75,10557,0.0,0.0
2026-05-13 07:00:00-04:00,7442.5,7445.0,7438.5,7441.25,12734,0.0,0.0
2026-05-13 08:00:00-04:00,7441.25,7446.25,7416.5,7421.0,55052,0.0,0.0
2026-05-13 09:00:00-04:00,7421.25,7435.0,7399.0,7413.5,189838,0.0,0.0
2026-05-13 10:00:00-04:00,7413.25,7434.5,7412.25,7433.0,171050,0.0,0.0
2026-05-13 11:00:00-04:00,7433.0,7447.0,7431.25,7442.0,116926,0.0,0.0
2026-05-13 12:00:00-04:00,7442.0,7467.75,7439.75,7465.25,133267,0.0,0.0
2026-05-13 13:00:00-04:00,7465.5,7474.0,7465.5,7466.25,78169,0.0,0.0
2026-05-13 14:00:00-04:00,7466.25,7483.75,7465.75,7471.5,108571,0.0,0.0
2026-05-13 15:00:00-04:00,7471.5,7482.25,7467.75,7468.5,183747,0.0,0.0
2026-05-13 16:00:00-04:00,7468.5,7478.0,7466.5,7476.0,48104,0.0,0.0
2026-05-13 18:00:00-04:00,7477.5,7481.75,7472.5,7479.0,0,0.0,0.0
2026-05-13 19:00:00-04:00,7479.0,7483.75,7477.0,7480.5,5549,0.0,0.0
2026-05-13 20:00:00-04:00,7480.25,7489.0,7475.5,7487.75,10218,0.0,0.0
2026-05-13 21:00:00-04:00,7487.75,7487.75,7477.75,7478.75,7906,0.0,0.0
2026-05-13 22:00:00-04:00,7478.5,7484.0,7476.5,7478.5,6831,0.0,0.0
2026-05-13 23:00:00-04:00,7478.5,7482.75,7471.75,7472.25,6430,0.0,0.0
2026-05-14 00:00:00-04:00,7473.5,7481.75,7473.5,7477.5,5103,0.0,0.0
2026-05-14 01:00:00-04:00,7477.5,7486.75,7473.25,7483.0,8396,0.0,0.0
2026-05-14 02:00:00-04:00,7483.25,7489.5,7483.0,7485.0,9538,0.0,0.0
2026-05-14 03:00:00-04:00,7485.0,7489.0,7478.25,7479.25,9958,0.0,0.0
2026-05-14 04:00:00-04:00,7479.5,7491.75,7478.0,7487.75,15407,0.0,0.0
2026-05-14 05:00:00-04:00,7488.0,7490.0,7475.25,7485.0,13023,0.0,0.0
2026-05-14 06:00:00-04:00,7485.0,7496.25,7483.25,7488.5,18608,0.0,0.0
2026-05-14 07:00:00-04:00,7488.25,7495.0,7485.0,7491.0,13057,0.0,0.0
2026-05-14 08:00:00-04:00,7491.0,7499.25,7486.0,7489.75,23218,0.0,0.0
2026-05-14 09:00:00-04:00,7489.5,7503.25,7479.75,7488.5,162770,0.0,0.0
2026-05-14 10:00:00-04:00,7488.5,7520.0,7486.75,7516.5,185528,0.0,0.0
2026-05-14 11:00:00-04:00,7516.5,7537.5,7515.75,7537.25,146821,0.0,0.0
2026-05-14 12:00:00-04:00,7537.0,7540.0,7515.75,7522.75,164630,0.0,0.0
2026-05-14 13:00:00-04:00,7522.5,7527.5,7507.0,7521.5,138788,0.0,0.0
2026-05-14 14:00:00-04:00,7521.5,7528.0,7511.0,7527.5,111220,0.0,0.0
2026-05-14 15:00:00-04:00,7527.5,7531.25,7522.5,7526.0,179941,0.0,0.0
2026-05-14 16:00:00-04:00,7526.0,7530.0,7518.25,7523.0,53467,0.0,0.0
2026-05-14 18:00:00-04:00,7522.25,7527.0,7520.5,7524.0,0,0.0,0.0
2026-05-14 19:00:00-04:00,7524.25,7528.25,7519.25,7521.0,4272,0.0,0.0
2026-05-14 20:00:00-04:00,7520.75,7526.5,7512.75,7519.0,10591,0.0,0.0
2026-05-14 21:00:00-04:00,7518.75,7520.0,7494.25,7495.25,22089,0.0,0.0
2026-05-14 22:00:00-04:00,7495.25,7512.0,7493.75,7508.25,16573,0.0,0.0
2026-05-14 23:00:00-04:00,7508.0,7509.5,7501.25,7506.0,9179,0.0,0.0
2026-05-15 00:00:00-04:00,7502.25,7505.0,7492.25,7493.5,10633,0.0,0.0
2026-05-15 01:00:00-04:00,7493.75,7493.75,7466.0,7466.0,23120,0.0,0.0
2026-05-15 02:00:00-04:00,7466.25,7484.75,7463.0,7480.75,27949,0.0,0.0
2026-05-15 03:00:00-04:00,7480.5,7487.25,7472.0,7474.5,21047,0.0,0.0
2026-05-15 04:00:00-04:00,7474.75,7476.0,7435.75,7450.0,45072,0.0,0.0
2026-05-15 05:00:00-04:00,7450.0,7455.0,7436.25,7445.0,28005,0.0,0.0
2026-05-15 06:00:00-04:00,7445.5,7471.5,7441.5,7464.25,37983,0.0,0.0
2026-05-15 07:00:00-04:00,7464.25,7468.5,7446.0,7446.5,24099,0.0,0.0
2026-05-15 08:00:00-04:00,7446.5,7447.0,7429.75,7437.75,51211,0.0,0.0
2026-05-15 09:00:00-04:00,7438.0,7462.0,7420.25,7432.25,282152,0.0,0.0
2026-05-15 10:00:00-04:00,7432.5,7467.75,7430.25,7450.5,293914,0.0,0.0
2026-05-15 11:00:00-04:00,7450.5,7460.5,7431.75,7443.75,190758,0.0,0.0
2026-05-15 12:00:00-04:00,7443.75,7458.0,7437.25,7450.25,120784,0.0,0.0
2026-05-15 13:00:00-04:00,7450.5,7471.0,7447.5,7470.75,101923,0.0,0.0
2026-05-15 14:00:00-04:00,7470.75,7475.75,7445.25,7457.0,132828,0.0,0.0
2026-05-15 15:00:00-04:00,7457.0,7458.5,7427.0,7432.5,273436,0.0,0.0
2026-05-15 16:00:00-04:00,7432.25,7433.0,7409.25,7432.25,96320,0.0,0.0
2026-05-17 18:00:00-04:00,7432.25,7435.0,7422.5,7429.5,12059,0.0,0.0
2026-05-17 19:00:00-04:00,7429.25,7430.75,7397.75,7411.25,20846,0.0,0.0
2026-05-17 20:00:00-04:00,7411.0,7415.25,7381.5,7397.5,34965,0.0,0.0
2026-05-17 21:00:00-04:00,7397.25,7400.0,7375.0,7387.75,23266,0.0,0.0
2026-05-17 22:00:00-04:00,7387.5,7393.0,7378.75,7382.0,15268,0.0,0.0
2026-05-17 23:00:00-04:00,7382.0,7388.25,7378.0,7386.25,9670,0.0,0.0
2026-05-18 00:00:00-04:00,7385.5,7393.25,7379.5,7384.75,11255,0.0,0.0
2026-05-18 01:00:00-04:00,7384.75,7392.5,7379.5,7385.0,11693,0.0,0.0
2026-05-18 02:00:00-04:00,7384.5,7395.25,7376.0,7395.25,17276,0.0,0.0
2026-05-18 03:00:00-04:00,7395.0,7407.75,7384.75,7396.5,33027,0.0,0.0
2026-05-18 04:00:00-04:00,7396.75,7416.75,7396.75,7416.25,23597,0.0,0.0
2026-05-18 05:00:00-04:00,7416.25,7417.75,7405.5,7410.5,16484,0.0,0.0
2026-05-18 06:00:00-04:00,7411.0,7411.5,7394.0,7399.0,18896,0.0,0.0
2026-05-18 07:00:00-04:00,7398.75,7433.0,7386.5,7414.0,54221,0.0,0.0
2026-05-18 08:00:00-04:00,7414.25,7453.25,7413.25,7450.0,60989,0.0,0.0
2026-05-18 09:00:00-04:00,7450.0,7454.25,7415.25,7445.75,239026,0.0,0.0
2026-05-18 10:00:00-04:00,7445.75,7448.0,7404.25,7423.0,295120,0.0,0.0
2026-05-18 11:00:00-04:00,7423.0,7430.5,7391.75,7403.0,206420,0.0,0.0
2026-05-18 12:00:00-04:00,7403.0,7419.0,7381.75,7404.75,191206,0.0,0.0
2026-05-18 13:00:00-04:00,7405.0,7414.75,7399.25,7410.0,104095,0.0,0.0
2026-05-18 14:00:00-04:00,7410.0,7411.25,7373.5,7376.5,154590,0.0,0.0
2026-05-18 15:00:00-04:00,7376.5,7428.0,7376.0,7426.5,315931,0.0,0.0
2026-05-18 16:00:00-04:00,7426.5,7428.25,7417.0,7420.25,46029,0.0,0.0
2026-05-18 18:00:00-04:00,7423.5,7438.5,7422.75,7434.25,0,0.0,0.0
2026-05-18 19:00:00-04:00,7434.25,7438.75,7426.5,7429.25,5962,0.0,0.0
2026-05-18 20:00:00-04:00,7429.25,7440.75,7423.25,7424.0,14344,0.0,0.0
2026-05-18 21:00:00-04:00,7423.75,7426.5,7411.5,7416.75,12991,0.0,0.0
2026-05-18 22:00:00-04:00,7416.5,7416.5,7402.75,7410.5,13624,0.0,0.0
2026-05-18 23:00:00-04:00,7410.75,7422.25,7406.25,7412.25,6846,0.0,0.0
2026-05-19 00:00:00-04:00,7405.5,7409.0,7397.25,7404.75,10532,0.0,0.0
2026-05-19 01:00:00-04:00,7405.25,7407.5,7391.5,7402.0,9997,0.0,0.0
2026-05-19 02:00:00-04:00,7402.0,7416.5,7396.5,7413.5,13820,0.0,0.0
2026-05-19 03:00:00-04:00,7413.75,7433.0,7411.0,7429.75,19234,0.0,0.0
2026-05-19 04:00:00-04:00,7429.5,7431.25,7406.5,7413.25,17778,0.0,0.0
2026-05-19 05:00:00-04:00,7412.75,7413.0,7384.0,7398.0,23086,0.0,0.0
2026-05-19 06:00:00-04:00,7398.0,7401.25,7384.25,7399.75,24948,0.0,0.0
2026-05-19 07:00:00-04:00,7399.5,7405.25,7388.5,7389.0,19633,0.0,0.0
2026-05-19 08:00:00-04:00,7389.0,7404.75,7385.75,7401.25,22574,0.0,0.0
2026-05-19 09:00:00-04:00,7401.25,7403.5,7370.0,7392.0,256616,0.0,0.0
2026-05-19 10:00:00-04:00,7392.5,7393.0,7354.25,7370.75,319605,0.0,0.0
2026-05-19 11:00:00-04:00,7370.75,7378.75,7355.75,7368.75,192460,0.0,0.0
2026-05-19 12:00:00-04:00,7368.75,7402.0,7361.75,7400.25,159992,0.0,0.0
2026-05-19 13:00:00-04:00,7400.25,7415.25,7398.25,7406.75,137841,0.0,0.0
2026-05-19 14:00:00-04:00,7406.75,7411.75,7380.0,7383.0,132574,0.0,0.0
2026-05-19 15:00:00-04:00,7382.75,7400.5,7365.0,7377.5,263165,0.0,0.0
2026-05-19 16:00:00-04:00,7377.75,7378.25,7369.5,7372.5,51486,0.0,0.0
2026-05-19 18:00:00-04:00,7377.0,7380.75,7367.75,7375.0,0,0.0,0.0
2026-05-19 19:00:00-04:00,7375.0,7393.75,7374.0,7382.0,8174,0.0,0.0
2026-05-19 20:00:00-04:00,7381.5,7381.5,7356.0,7375.5,23126,0.0,0.0
2026-05-19 21:00:00-04:00,7375.5,7386.0,7359.5,7381.5,16599,0.0,0.0
2026-05-19 22:00:00-04:00,7381.75,7387.0,7361.25,7364.75,12510,0.0,0.0
2026-05-19 23:00:00-04:00,7365.0,7368.75,7356.0,7365.5,10187,0.0,0.0
2026-05-20 00:00:00-04:00,7370.25,7374.75,7362.25,7364.0,5921,0.0,0.0
2026-05-20 01:00:00-04:00,7364.0,7381.25,7364.0,7376.5,8116,0.0,0.0
2026-05-20 02:00:00-04:00,7376.25,7389.5,7375.75,7389.25,11696,0.0,0.0
2026-05-20 03:00:00-04:00,7389.25,7392.5,7384.5,7385.0,15154,0.0,0.0
2026-05-20 04:00:00-04:00,7385.25,7403.75,7384.5,7397.75,18202,0.0,0.0
2026-05-20 05:00:00-04:00,7397.75,7406.0,7392.25,7402.0,11996,0.0,0.0
2026-05-20 06:00:00-04:00,7402.0,7412.0,7399.5,7400.75,14834,0.0,0.0
2026-05-20 07:00:00-04:00,7400.5,7407.75,7395.0,7399.0,18478,0.0,0.0
2026-05-20 08:00:00-04:00,7399.0,7416.25,7397.5,7402.5,26879,0.0,0.0
2026-05-20 09:00:00-04:00,7402.5,7410.5,7380.75,7399.5,189950,0.0,0.0
2026-05-20 10:00:00-04:00,7399.75,7433.75,7376.75,7430.75,318993,0.0,0.0
2026-05-20 11:00:00-04:00,7430.75,7458.0,7424.5,7441.25,236408,0.0,0.0
2026-05-20 12:00:00-04:00,7441.5,7444.25,7423.75,7432.5,136584,0.0,0.0
2026-05-20 13:00:00-04:00,7432.75,7446.0,7426.25,7437.25,103450,0.0,0.0
2026-05-20 14:00:00-04:00,7437.5,7447.25,7432.0,7440.25,85036,0.0,0.0
2026-05-20 15:00:00-04:00,7440.5,7455.0,7439.0,7451.75,165139,0.0,0.0
2026-05-20 16:00:00-04:00,7451.75,7453.75,7428.5,7451.75,67374,0.0,0.0
2026-05-20 18:00:00-04:00,7432.75,7432.75,7407.5,7419.0,0,0.0,0.0
2026-05-20 19:00:00-04:00,7419.0,7425.75,7415.5,7420.75,6209,0.0,0.0
2026-05-20 20:00:00-04:00,7420.5,7424.75,7414.5,7422.5,10614,0.0,0.0
2026-05-20 21:00:00-04:00,7422.75,7437.5,7422.75,7435.0,13064,0.0,0.0
2026-05-20 22:00:00-04:00,7435.25,7444.5,7435.25,7438.75,8869,0.0,0.0
2026-05-20 23:00:00-04:00,7438.75,7448.0,7438.25,7444.0,6415,0.0,0.0
2026-05-21 00:00:00-04:00,7446.5,7454.0,7446.25,7453.0,5463,0.0,0.0
2026-05-21 01:00:00-04:00,7453.25,7457.5,7434.0,7445.75,11371,0.0,0.0
2026-05-21 02:00:00-04:00,7445.75,7451.25,7433.0,7438.0,14189,0.0,0.0
2026-05-21 03:00:00-04:00,7438.0,7441.5,7426.5,7440.25,17401,0.0,0.0
2026-05-21 04:00:00-04:00,7440.25,7469.75,7439.5,7452.5,27801,0.0,0.0
2026-05-21 05:00:00-04:00,7452.25,7463.75,7451.25,7454.75,12903,0.0,0.0
2026-05-21 06:00:00-04:00,7454.75,7459.0,7415.0,7423.5,43502,0.0,0.0
2026-05-21 07:00:00-04:00,7423.25,7438.0,7418.75,7429.75,24466,0.0,0.0
2026-05-21 08:00:00-04:00,7430.25,7436.5,7417.75,7419.25,38149,0.0,0.0
2026-05-21 09:00:00-04:00,7419.25,7439.5,7410.5,7435.5,209364,0.0,0.0
2026-05-21 10:00:00-04:00,7435.25,7443.75,7411.5,7426.75,234879,0.0,0.0
2026-05-21 11:00:00-04:00,7426.75,7435.75,7408.5,7430.0,195421,0.0,0.0
2026-05-21 12:00:00-04:00,7430.25,7437.0,7418.0,7426.25,107315,0.0,0.0
2026-05-21 13:00:00-04:00,7426.25,7486.75,7426.25,7474.5,244212,0.0,0.0
2026-05-21 14:00:00-04:00,7474.5,7478.75,7438.0,7447.75,195698,0.0,0.0
2026-05-21 15:00:00-04:00,7447.5,7469.75,7447.25,7465.0,208165,0.0,0.0
2026-05-21 16:00:00-04:00,7465.25,7470.25,7463.25,7467.0,38113,0.0,0.0
2026-05-21 18:00:00-04:00,7467.0,7479.0,7466.75,7478.0,0,0.0,0.0
2026-05-21 19:00:00-04:00,7478.0,7484.0,7476.25,7479.5,4793,0.0,0.0
2026-05-21 20:00:00-04:00,7479.75,7488.5,7476.5,7484.25,11585,0.0,0.0
2026-05-21 21:00:00-04:00,7484.25,7485.25,7474.25,7480.75,11272,0.0,0.0
2026-05-21 22:00:00-04:00,7480.5,7485.0,7478.25,7483.5,5980,0.0,0.0
2026-05-21 23:00:00-04:00,7483.25,7488.75,7480.0,7488.25,4542,0.0,0.0
2026-05-22 00:00:00-04:00,7492.25,7493.75,7489.0,7493.25,5742,0.0,0.0
2026-05-22 01:00:00-04:00,7493.25,7494.75,7484.25,7485.5,7772,0.0,0.0
2026-05-22 02:00:00-04:00,7485.25,7494.75,7483.25,7489.0,12906,0.0,0.0
2026-05-22 03:00:00-04:00,7489.0,7489.75,7481.5,7488.75,14242,0.0,0.0
2026-05-22 04:00:00-04:00,7488.75,7500.5,7483.75,7485.25,25067,0.0,0.0
2026-05-22 05:00:00-04:00,7485.25,7485.5,7473.0,7483.25,18764,0.0,0.0
2026-05-22 06:00:00-04:00,7483.5,7483.5,7469.5,7474.5,14248,0.0,0.0
2026-05-22 07:00:00-04:00,7474.5,7486.75,7472.25,7480.75,14527,0.0,0.0
2026-05-22 08:00:00-04:00,7480.75,7503.5,7478.0,7502.75,45296,0.0,0.0
2026-05-22 09:00:00-04:00,7503.0,7516.25,7491.0,7509.75,172599,0.0,0.0
2026-05-22 10:00:00-04:00,7510.0,7510.0,7478.75,7499.5,177776,0.0,0.0
2026-05-22 11:00:00-04:00,7499.5,7515.25,7498.75,7510.75,105206,0.0,0.0
2026-05-22 12:00:00-04:00,7510.75,7512.25,7502.75,7507.25,80257,0.0,0.0
2026-05-22 13:00:00-04:00,7507.25,7524.0,7501.5,7508.25,133831,0.0,0.0
2026-05-22 14:00:00-04:00,7508.25,7511.5,7502.25,7505.5,77675,0.0,0.0
2026-05-22 15:00:00-04:00,7505.5,7506.75,7483.75,7490.5,171902,0.0,0.0
2026-05-22 16:00:00-04:00,7490.5,7495.0,7482.25,7491.0,48557,0.0,0.0
2026-05-26 00:00:00-04:00,7540.25,7542.5,7537.25,7538.5,4417,0.0,0.0
2026-05-26 01:00:00-04:00,7538.5,7541.25,7535.5,7537.25,5562,0.0,0.0
2026-05-26 02:00:00-04:00,7537.5,7544.5,7536.0,7539.5,11402,0.0,0.0
2026-05-26 03:00:00-04:00,7539.75,7541.25,7525.25,7531.25,19652,0.0,0.0
2026-05-26 04:00:00-04:00,7531.25,7533.5,7528.0,7532.75,10733,0.0,0.0
2026-05-26 05:00:00-04:00,7532.75,7539.0,7530.0,7537.5,13467,0.0,0.0
2026-05-26 06:00:00-04:00,7537.75,7551.25,7536.25,7542.25,17941,0.0,0.0
2026-05-26 07:00:00-04:00,7542.5,7544.5,7532.25,7540.0,18990,0.0,0.0
2026-05-26 08:00:00-04:00,7540.0,7548.5,7536.0,7544.0,22084,0.0,0.0
2026-05-26 09:00:00-04:00,7543.75,7545.0,7525.0,7541.5,163102,0.0,0.0
2026-05-26 10:00:00-04:00,7541.5,7555.25,7539.0,7547.75,153368,0.0,0.0
2026-05-26 11:00:00-04:00,7548.0,7548.75,7517.0,7523.25,180087,0.0,0.0
2026-05-26 12:00:00-04:00,7523.0,7534.0,7519.75,7523.5,96439,0.0,0.0
2026-05-26 13:00:00-04:00,7523.5,7528.0,7518.25,7524.0,69199,0.0,0.0
2026-05-26 14:00:00-04:00,7523.75,7533.75,7521.5,7524.75,72759,0.0,0.0
2026-05-26 15:00:00-04:00,7524.5,7542.5,7522.0,7539.25,166748,0.0,0.0
2026-05-26 16:00:00-04:00,7539.25,7540.75,7531.0,7532.75,47122,0.0,0.0
2026-05-26 18:00:00-04:00,7533.0,7538.0,7529.25,7533.25,0,0.0,0.0
2026-05-26 19:00:00-04:00,7533.5,7544.75,7533.5,7543.5,6319,0.0,0.0
2026-05-26 20:00:00-04:00,7543.5,7547.25,7537.75,7545.75,10300,0.0,0.0
2026-05-26 21:00:00-04:00,7545.75,7548.75,7541.5,7542.25,8462,0.0,0.0
2026-05-26 22:00:00-04:00,7542.5,7547.0,7542.25,7544.25,4994,0.0,0.0
2026-05-26 23:00:00-04:00,7544.25,7546.75,7538.5,7539.25,4285,0.0,0.0
2026-05-27 00:00:00-04:00,7541.5,7543.0,7535.5,7541.5,4863,0.0,0.0
2026-05-27 01:00:00-04:00,7541.25,7545.0,7537.75,7543.75,5030,0.0,0.0
2026-05-27 02:00:00-04:00,7543.75,7545.5,7537.0,7540.0,7202,0.0,0.0
2026-05-27 03:00:00-04:00,7540.25,7548.5,7540.0,7548.0,8878,0.0,0.0
2026-05-27 04:00:00-04:00,7547.75,7559.75,7547.0,7557.75,14183,0.0,0.0
2026-05-27 05:00:00-04:00,7557.5,7561.25,7555.75,7560.0,9099,0.0,0.0
2026-05-27 06:00:00-04:00,7560.25,7565.0,7559.25,7561.75,11560,0.0,0.0
2026-05-27 07:00:00-04:00,7562.0,7566.5,7550.5,7551.0,19285,0.0,0.0
2026-05-27 08:00:00-04:00,7551.25,7570.75,7545.25,7552.75,61418,0.0,0.0
2026-05-27 09:00:00-04:00,7552.75,7553.5,7525.5,7538.0,191377,0.0,0.0
2026-05-27 10:00:00-04:00,7538.0,7547.0,7525.75,7530.0,221294,0.0,0.0
2026-05-27 11:00:00-04:00,7530.0,7535.0,7516.5,7524.25,156932,0.0,0.0
2026-05-27 12:00:00-04:00,7524.25,7539.75,7519.0,7531.0,93862,0.0,0.0
2026-05-27 13:00:00-04:00,7531.0,7533.75,7515.0,7530.75,96670,0.0,0.0
2026-05-27 14:00:00-04:00,7530.5,7544.25,7526.5,7542.0,78471,0.0,0.0
2026-05-27 15:00:00-04:00,7542.0,7545.25,7535.25,7539.75,160262,0.0,0.0
2026-05-27 16:00:00-04:00,7539.75,7557.25,7538.5,7554.25,46130,0.0,0.0
2026-05-27 18:00:00-04:00,7553.75,7557.75,7541.25,7546.25,0,0.0,0.0
2026-05-27 19:00:00-04:00,7546.0,7549.25,7532.25,7534.5,9427,0.0,0.0
2026-05-27 20:00:00-04:00,7534.25,7551.75,7532.5,7549.25,11072,0.0,0.0
2026-05-27 21:00:00-04:00,7549.0,7550.5,7542.75,7549.25,6399,0.0,0.0
2026-05-27 22:00:00-04:00,7549.5,7550.75,7532.5,7534.0,11272,0.0,0.0
2026-05-27 23:00:00-04:00,7534.25,7536.25,7511.5,7515.0,27022,0.0,0.0
2026-05-28 00:00:00-04:00,7514.0,7515.0,7505.75,7510.0,17224,0.0,0.0
2026-05-28 01:00:00-04:00,7510.0,7529.25,7507.0,7527.75,16636,0.0,0.0
2026-05-28 02:00:00-04:00,7528.0,7531.5,7523.75,7528.25,13284,0.0,0.0
2026-05-28 03:00:00-04:00,7528.25,7534.25,7525.25,7531.75,15186,0.0,0.0
2026-05-28 04:00:00-04:00,7531.75,7534.5,7526.75,7533.25,11875,0.0,0.0
2026-05-28 05:00:00-04:00,7533.0,7536.0,7527.5,7532.25,10315,0.0,0.0
2026-05-28 06:00:00-04:00,7532.25,7532.5,7515.0,7519.25,19456,0.0,0.0
2026-05-28 07:00:00-04:00,7519.0,7524.75,7517.0,7522.0,15786,0.0,0.0
2026-05-28 08:00:00-04:00,7522.0,7539.75,7520.75,7538.25,26405,0.0,0.0
2026-05-28 09:00:00-04:00,7538.25,7544.0,7525.25,7535.75,127897,0.0,0.0
2026-05-28 10:00:00-04:00,7535.75,7574.0,7533.25,7562.75,262762,0.0,0.0
2026-05-28 11:00:00-04:00,7562.75,7577.0,7561.5,7574.75,123101,0.0,0.0
2026-05-28 12:00:00-04:00,7574.75,7582.75,7570.75,7581.0,80698,0.0,0.0
2026-05-28 13:00:00-04:00,7581.0,7583.75,7574.75,7581.0,74090,0.0,0.0
2026-05-28 14:00:00-04:00,7581.0,7583.0,7576.0,7576.75,80098,0.0,0.0
2026-05-28 15:00:00-04:00,7576.5,7586.5,7575.25,7581.75,171000,0.0,0.0
2026-05-28 16:00:00-04:00,7582.0,7590.75,7580.0,7587.75,43096,0.0,0.0
2026-05-28 18:00:00-04:00,7587.5,7592.5,7585.0,7585.5,0,0.0,0.0
2026-05-28 19:00:00-04:00,7585.5,7590.0,7584.0,7585.25,3853,0.0,0.0
2026-05-28 20:00:00-04:00,7585.0,7586.0,7575.75,7577.5,10452,0.0,0.0
2026-05-28 21:00:00-04:00,7577.5,7579.5,7572.75,7577.25,10818,0.0,0.0
2026-05-28 22:00:00-04:00,7577.25,7581.25,7574.25,7576.0,6093,0.0,0.0
2026-05-28 23:00:00-04:00,7576.25,7582.75,7575.75,7580.5,5728,0.0,0.0
2026-05-29 00:00:00-04:00,7582.0,7587.5,7581.75,7585.0,5982,0.0,0.0
2026-05-29 01:00:00-04:00,7585.25,7588.0,7584.0,7586.0,5986,0.0,0.0
2026-05-29 02:00:00-04:00,7586.0,7592.75,7586.0,7592.5,12663,0.0,0.0
2026-05-29 03:00:00-04:00,7592.5,7592.75,7580.0,7586.5,15500,0.0,0.0
2026-05-29 04:00:00-04:00,7586.5,7589.5,7582.25,7586.0,11602,0.0,0.0
2026-05-29 05:00:00-04:00,7586.0,7595.25,7585.25,7590.25,12867,0.0,0.0
2026-05-29 06:00:00-04:00,7590.5,7591.25,7585.0,7590.25,9935,0.0,0.0
2026-05-29 07:00:00-04:00,7590.25,7595.75,7584.25,7593.5,20362,0.0,0.0
2026-05-29 08:00:00-04:00,7593.5,7594.0,7586.0,7591.25,17783,0.0,0.0
2026-05-29 09:00:00-04:00,7591.5,7610.0,7586.75,7609.0,137767,0.0,0.0
2026-05-29 10:00:00-04:00,7608.75,7611.5,7577.5,7590.75,283449,0.0,0.0
2026-05-29 11:00:00-04:00,7591.0,7604.75,7589.25,7594.75,157891,0.0,0.0
2026-05-29 12:00:00-04:00,7594.75,7608.5,7593.75,7598.25,109898,0.0,0.0
2026-05-29 13:00:00-04:00,7598.0,7600.5,7582.5,7583.5,101150,0.0,0.0
2026-05-29 14:00:00-04:00,7583.25,7598.25,7581.75,7585.25,114777,0.0,0.0
2026-05-29 15:00:00-04:00,7585.25,7607.0,7583.75,7594.5,323868,0.0,0.0
2026-05-29 16:00:00-04:00,7594.75,7599.0,7589.25,7595.75,75804,0.0,0.0
2026-05-31 18:00:00-04:00,7589.0,7603.25,7587.75,7601.5,8719,0.0,0.0
2026-05-31 19:00:00-04:00,7601.5,7606.5,7600.25,7605.25,4970,0.0,0.0
2026-05-31 20:00:00-04:00,7605.25,7614.0,7604.5,7611.75,13341,0.0,0.0
2026-05-31 21:00:00-04:00,7611.5,7614.5,7608.25,7613.75,10275,0.0,0.0
2026-05-31 22:00:00-04:00,7613.75,7617.75,7613.75,7615.5,7099,0.0,0.0
2026-05-31 23:00:00-04:00,7615.5,7619.75,7611.0,7612.5,9392,0.0,0.0
2026-06-01 00:00:00-04:00,7612.25,7618.0,7612.25,7617.5,5068,0.0,0.0
2026-06-01 01:00:00-04:00,7617.5,7619.0,7614.0,7617.75,5834,0.0,0.0
2026-06-01 02:00:00-04:00,7618.0,7618.75,7614.25,7617.5,8156,0.0,0.0
2026-06-01 03:00:00-04:00,7617.75,7620.5,7607.5,7611.25,17200,0.0,0.0
2026-06-01 04:00:00-04:00,7611.25,7614.25,7605.75,7614.0,13460,0.0,0.0
2026-06-01 05:00:00-04:00,7614.25,7616.5,7609.0,7610.0,11243,0.0,0.0
2026-06-01 06:00:00-04:00,7610.0,7617.75,7610.0,7616.5,8169,0.0,0.0
2026-06-01 07:00:00-04:00,7616.25,7623.0,7613.75,7614.25,18015,0.0,0.0
2026-06-01 08:00:00-04:00,7614.25,7615.75,7606.25,7608.75,30130,0.0,0.0
2026-06-01 09:00:00-04:00,7608.75,7610.25,7576.25,7584.75,209349,0.0,0.0
2026-06-01 10:00:00-04:00,7585.25,7596.25,7581.0,7585.0,183749,0.0,0.0
2026-06-01 11:00:00-04:00,7585.0,7603.0,7582.75,7595.5,159288,0.0,0.0
2026-06-01 12:00:00-04:00,7595.5,7609.25,7587.0,7607.75,130196,0.0,0.0
2026-06-01 13:00:00-04:00,7607.75,7632.25,7598.75,7624.25,167636,0.0,0.0
2026-06-01 14:00:00-04:00,7624.25,7628.25,7622.0,7624.25,63425,0.0,0.0
2026-06-01 15:00:00-04:00,7624.25,7626.5,7610.5,7613.75,179623,0.0,0.0
2026-06-01 16:00:00-04:00,7613.75,7618.0,7606.5,7608.5,50523,0.0,0.0
2026-06-01 18:00:00-04:00,7612.0,7612.0,7591.0,7595.5,0,0.0,0.0
2026-06-01 19:00:00-04:00,7595.5,7599.0,7592.0,7595.75,5781,0.0,0.0
2026-06-01 20:00:00-04:00,7595.75,7596.0,7580.25,7581.75,16689,0.0,0.0
2026-06-01 21:00:00-04:00,7581.5,7586.0,7577.5,7577.5,14729,0.0,0.0
2026-06-01 22:00:00-04:00,7577.75,7583.25,7577.25,7581.5,7923,0.0,0.0
2026-06-01 23:00:00-04:00,7581.25,7582.75,7576.5,7581.25,9203,0.0,0.0
2026-06-02 00:00:00-04:00,7583.5,7590.75,7581.5,7590.25,7840,0.0,0.0
2026-06-02 01:00:00-04:00,7590.5,7596.75,7588.5,7594.25,7296,0.0,0.0
2026-06-02 02:00:00-04:00,7594.0,7602.5,7593.75,7601.5,11369,0.0,0.0
2026-06-02 03:00:00-04:00,7601.5,7606.5,7601.25,7606.25,12978,0.0,0.0
2026-06-02 04:00:00-04:00,7606.25,7610.5,7603.25,7605.75,16585,0.0,0.0
2026-06-02 05:00:00-04:00,7605.5,7605.75,7598.5,7601.5,12251,0.0,0.0
2026-06-02 06:00:00-04:00,7601.5,7603.5,7598.75,7599.0,7451,0.0,0.0
2026-06-02 07:00:00-04:00,7599.0,7604.5,7595.5,7596.25,14033,0.0,0.0
2026-06-02 08:00:00-04:00,7596.25,7603.0,7595.25,7597.0,19130,0.0,0.0
2026-06-02 09:00:00-04:00,7597.0,7605.25,7587.5,7603.75,136640,0.0,0.0
2026-06-02 10:00:00-04:00,7603.5,7625.25,7600.0,7625.25,164685,0.0,0.0
2026-06-02 11:00:00-04:00,7625.25,7632.0,7621.75,7624.75,122677,0.0,0.0
2026-06-02 12:00:00-04:00,7624.75,7627.75,7618.75,7626.5,82476,0.0,0.0
2026-06-02 13:00:00-04:00,7626.5,7627.5,7615.5,7616.5,76797,0.0,0.0
2026-06-02 14:00:00-04:00,7616.75,7621.25,7614.25,7619.0,66168,0.0,0.0
2026-06-02 15:00:00-04:00,7619.0,7625.25,7618.75,7623.5,146814,0.0,0.0
2026-06-02 16:00:00-04:00,7623.5,7630.0,7623.25,7628.25,47931,0.0,0.0
2026-06-02 18:00:00-04:00,7628.0,7628.5,7620.5,7621.5,0,0.0,0.0
2026-06-02 19:00:00-04:00,7621.5,7625.75,7602.0,7624.5,27945,0.0,0.0
2026-06-02 20:00:00-04:00,7624.5,7627.0,7619.5,7625.25,8413,0.0,0.0
2026-06-02 21:00:00-04:00,7625.25,7626.0,7619.25,7621.75,8565,0.0,0.0
2026-06-02 22:00:00-04:00,7622.0,7623.0,7620.0,7621.5,3836,0.0,0.0
2026-06-02 23:00:00-04:00,7621.25,7624.5,7621.0,7623.5,2895,0.0,0.0
2026-06-03 00:00:00-04:00,7624.75,7626.0,7622.0,7622.25,3238,0.0,0.0
2026-06-03 01:00:00-04:00,7622.25,7624.5,7617.5,7619.0,5841,0.0,0.0
2026-06-03 02:00:00-04:00,7619.0,7622.0,7615.75,7619.25,9203,0.0,0.0
2026-06-03 03:00:00-04:00,7619.0,7623.5,7615.75,7620.25,10465,0.0,0.0
2026-06-03 04:00:00-04:00,7620.25,7622.25,7615.25,7618.75,14031,0.0,0.0
2026-06-03 05:00:00-04:00,7618.5,7621.5,7611.25,7612.0,11487,0.0,0.0
2026-06-03 06:00:00-04:00,7612.0,7622.25,7610.5,7614.5,21546,0.0,0.0
2026-06-03 07:00:00-04:00,7614.5,7620.25,7614.5,7616.25,10791,0.0,0.0
2026-06-03 08:00:00-04:00,7616.5,7619.0,7603.75,7607.0,29171,0.0,0.0
2026-06-03 09:00:00-04:00,7607.0,7614.75,7574.0,7586.25,199153,0.0,0.0
2026-06-03 10:00:00-04:00,7586.5,7597.25,7583.75,7588.75,163305,0.0,0.0
2026-06-03 11:00:00-04:00,7589.0,7592.25,7574.75,7579.25,122108,0.0,0.0
2026-06-03 12:00:00-04:00,7579.25,7582.0,7562.5,7578.25,138127,0.0,0.0
2026-06-03 13:00:00-04:00,7578.0,7585.0,7567.0,7583.0,95783,0.0,0.0
2026-06-03 14:00:00-04:00,7583.0,7588.0,7577.25,7583.5,81781,0.0,0.0
2026-06-03 15:00:00-04:00,7583.5,7583.5,7568.5,7572.5,247059,0.0,0.0
2026-06-03 16:00:00-04:00,7572.5,7573.25,7541.75,7547.5,82058,0.0,0.0
2026-06-03 18:00:00-04:00,7539.75,7546.25,7530.5,7543.5,0,0.0,0.0
2026-06-03 19:00:00-04:00,7543.5,7544.75,7529.0,7534.5,11246,0.0,0.0
2026-06-03 20:00:00-04:00,7534.25,7548.75,7531.5,7546.5,13386,0.0,0.0
2026-06-03 21:00:00-04:00,7546.5,7551.25,7536.5,7540.75,9829,0.0,0.0
2026-06-03 22:00:00-04:00,7540.75,7541.5,7527.5,7535.0,10133,0.0,0.0
2026-06-03 23:00:00-04:00,7535.0,7544.75,7534.25,7543.25,5550,0.0,0.0
2026-06-04 00:00:00-04:00,7543.25,7548.0,7542.75,7546.25,4491,0.0,0.0
2026-06-04 01:00:00-04:00,7546.0,7546.75,7538.5,7543.75,6276,0.0,0.0
2026-06-04 02:00:00-04:00,7543.75,7553.0,7542.25,7552.75,9811,0.0,0.0
2026-06-04 03:00:00-04:00,7552.75,7557.75,7550.75,7553.75,15386,0.0,0.0
2026-06-04 04:00:00-04:00,7553.5,7553.75,7537.0,7540.75,22452,0.0,0.0
2026-06-04 05:00:00-04:00,7540.5,7549.75,7532.25,7547.75,18251,0.0,0.0
2026-06-04 06:00:00-04:00,7547.75,7547.75,7528.0,7533.5,15954,0.0,0.0
2026-06-04 07:00:00-04:00,7533.75,7546.0,7524.5,7544.0,34762,0.0,0.0
2026-06-04 08:00:00-04:00,7543.75,7552.5,7536.75,7550.25,31622,0.0,0.0
2026-06-04 09:00:00-04:00,7550.25,7564.5,7541.75,7559.5,172875,0.0,0.0
2026-06-04 10:00:00-04:00,7559.25,7570.5,7549.75,7569.75,175960,0.0,0.0
2026-06-04 11:00:00-04:00,7569.5,7587.5,7569.5,7581.0,133259,0.0,0.0
2026-06-04 12:00:00-04:00,7581.25,7597.5,7579.5,7596.5,88205,0.0,0.0
2026-06-04 13:00:00-04:00,7596.5,7605.5,7594.0,7604.75,71692,0.0,0.0
2026-06-04 14:00:00-04:00,7604.75,7608.0,7603.0,7604.5,68474,0.0,0.0
2026-06-04 15:00:00-04:00,7604.5,7611.5,7598.25,7599.75,185969,0.0,0.0
2026-06-04 16:00:00-04:00,7599.75,7602.0,7587.25,7587.75,50808,0.0,0.0
2026-06-04 18:00:00-04:00,7589.5,7591.0,7578.25,7585.75,0,0.0,0.0
2026-06-04 19:00:00-04:00,7586.0,7586.75,7573.25,7573.5,9393,0.0,0.0
2026-06-04 20:00:00-04:00,7573.5,7573.5,7556.75,7559.0,19511,0.0,0.0
2026-06-04 21:00:00-04:00,7559.25,7561.0,7546.75,7560.75,18471,0.0,0.0
2026-06-04 22:00:00-04:00,7560.5,7566.5,7558.25,7561.25,9367,0.0,0.0
2026-06-04 23:00:00-04:00,7561.5,7564.0,7553.75,7556.75,6255,0.0,0.0
2026-06-05 00:00:00-04:00,7557.75,7565.5,7556.25,7563.75,5542,0.0,0.0
2026-06-05 01:00:00-04:00,7564.0,7564.5,7556.75,7558.0,6607,0.0,0.0
2026-06-05 02:00:00-04:00,7558.0,7565.0,7550.75,7554.0,11116,0.0,0.0
2026-06-05 03:00:00-04:00,7554.0,7560.0,7547.25,7557.25,16266,0.0,0.0
2026-06-05 04:00:00-04:00,7557.5,7568.5,7554.5,7560.25,17370,0.0,0.0
2026-06-05 05:00:00-04:00,7560.5,7578.75,7559.75,7567.75,22421,0.0,0.0
2026-06-05 06:00:00-04:00,7567.75,7574.25,7567.25,7568.5,8890,0.0,0.0
2026-06-05 07:00:00-04:00,7568.25,7571.0,7559.5,7563.25,19778,0.0,0.0
2026-06-05 08:00:00-04:00,7563.25,7568.25,7544.5,7549.75,46713,0.0,0.0
2026-06-05 09:00:00-04:00,7549.75,7553.0,7510.5,7511.25,240594,0.0,0.0
2026-06-05 10:00:00-04:00,7511.25,7533.5,7505.75,7523.0,287190,0.0,0.0
2026-06-05 11:00:00-04:00,7523.0,7526.25,7486.25,7490.25,206619,0.0,0.0
2026-06-05 12:00:00-04:00,7490.0,7490.5,7449.0,7469.75,241550,0.0,0.0
2026-06-05 13:00:00-04:00,7469.75,7477.75,7452.0,7471.25,171949,0.0,0.0
2026-06-05 14:00:00-04:00,7471.5,7472.5,7409.25,7416.25,259259,0.0,0.0
2026-06-05 15:00:00-04:00,7416.25,7423.0,7379.75,7400.25,469690,0.0,0.0
2026-06-05 16:00:00-04:00,7400.25,7401.5,7359.0,7400.5,141491,0.0,0.0
2026-06-07 18:00:00-04:00,7369.0,7396.25,7355.5,7368.0,27553,0.0,0.0
2026-06-07 19:00:00-04:00,7368.0,7404.25,7368.0,7400.5,18036,0.0,0.0
2026-06-07 20:00:00-04:00,7400.0,7423.0,7395.75,7415.25,28640,0.0,0.0
2026-06-07 21:00:00-04:00,7415.5,7419.0,7384.25,7405.75,35309,0.0,0.0
2026-06-07 22:00:00-04:00,7406.25,7419.25,7400.75,7414.5,18077,0.0,0.0
2026-06-07 23:00:00-04:00,7414.75,7419.25,7410.75,7415.5,8201,0.0,0.0
2026-06-08 00:00:00-04:00,7416.75,7418.75,7400.75,7401.25,10491,0.0,0.0
2026-06-08 01:00:00-04:00,7401.25,7408.75,7386.25,7391.5,16281,0.0,0.0
2026-06-08 02:00:00-04:00,7391.75,7409.75,7389.75,7402.5,19126,0.0,0.0
2026-06-08 03:00:00-04:00,7402.5,7429.0,7400.5,7423.25,33032,0.0,0.0
2026-06-08 04:00:00-04:00,7423.0,7423.75,7409.25,7413.75,28981,0.0,0.0
2026-06-08 05:00:00-04:00,7413.75,7431.0,7407.25,7427.25,22287,0.0,0.0
2026-06-08 06:00:00-04:00,7427.5,7435.75,7414.0,7428.25,29019,0.0,0.0
2026-06-08 07:00:00-04:00,7428.25,7457.75,7422.75,7447.0,54045,0.0,0.0
2026-06-08 08:00:00-04:00,7447.0,7467.75,7446.0,7459.25,45508,0.0,0.0
2026-06-08 09:00:00-04:00,7459.25,7471.75,7431.0,7431.5,227826,0.0,0.0
2026-06-08 10:00:00-04:00,7431.25,7473.5,7429.0,7473.25,235354,0.0,0.0
2026-06-08 11:00:00-04:00,7473.0,7476.75,7440.75,7450.0,192182,0.0,0.0
2026-06-08 12:00:00-04:00,7450.0,7462.25,7437.25,7441.5,122131,0.0,0.0
2026-06-08 13:00:00-04:00,7441.5,7446.5,7423.0,7433.75,153128,0.0,0.0
2026-06-08 14:00:00-04:00,7433.75,7447.0,7430.0,7432.0,104084,0.0,0.0
2026-06-08 15:00:00-04:00,7432.0,7434.25,7403.75,7415.75,254587,0.0,0.0
2026-06-08 16:00:00-04:00,7415.75,7419.0,7407.5,7412.25,47486,0.0,0.0
2026-06-08 18:00:00-04:00,7412.75,7416.75,7390.75,7411.75,0,0.0,0.0
2026-06-08 19:00:00-04:00,7411.75,7419.25,7403.25,7410.5,9709,0.0,0.0
2026-06-08 20:00:00-04:00,7410.0,7411.75,7390.25,7395.25,19563,0.0,0.0
2026-06-08 21:00:00-04:00,7395.5,7428.0,7393.25,7419.75,16436,0.0,0.0
2026-06-08 22:00:00-04:00,7419.75,7425.25,7415.5,7423.5,8233,0.0,0.0
2026-06-08 23:00:00-04:00,7423.25,7433.0,7421.25,7429.75,8649,0.0,0.0
2026-06-09 00:00:00-04:00,7431.25,7437.25,7430.75,7434.0,5976,0.0,0.0
2026-06-09 01:00:00-04:00,7434.25,7440.75,7432.25,7436.5,7314,0.0,0.0
2026-06-09 02:00:00-04:00,7436.75,7442.0,7430.0,7433.5,9121,0.0,0.0
2026-06-09 03:00:00-04:00,7433.25,7446.75,7430.75,7432.5,16298,0.0,0.0
2026-06-09 04:00:00-04:00,7432.75,7449.0,7428.0,7442.0,17866,0.0,0.0
2026-06-09 05:00:00-04:00,7442.0,7451.0,7441.25,7448.75,9875,0.0,0.0
2026-06-09 06:00:00-04:00,7448.75,7456.0,7434.5,7451.25,19723,0.0,0.0
2026-06-09 07:00:00-04:00,7451.5,7454.75,7443.0,7443.5,15883,0.0,0.0
2026-06-09 08:00:00-04:00,7443.5,7456.75,7441.5,7456.25,28268,0.0,0.0
2026-06-09 09:00:00-04:00,7456.25,7491.0,7449.0,7465.5,209153,0.0,0.0
2026-06-09 10:00:00-04:00,7465.25,7472.25,7367.5,7399.0,420128,0.0,0.0
2026-06-09 11:00:00-04:00,7399.0,7405.75,7311.0,7312.25,353961,0.0,0.0
2026-06-09 12:00:00-04:00,7312.25,7327.25,7247.25,7287.5,427333,0.0,0.0
2026-06-09 13:00:00-04:00,7287.25,7361.5,7285.25,7347.5,230714,0.0,0.0
2026-06-09 14:00:00-04:00,7347.75,7393.5,7342.5,7389.5,166862,0.0,0.0
2026-06-09 15:00:00-04:00,7389.25,7398.75,7347.25,7391.75,323071,0.0,0.0
2026-06-09 16:00:00-04:00,7391.75,7399.0,7382.5,7390.0,69970,0.0,0.0
2026-06-09 18:00:00-04:00,7380.0,7387.75,7363.5,7370.25,0,0.0,0.0
2026-06-09 19:00:00-04:00,7370.5,7380.0,7365.0,7378.75,10184,0.0,0.0
2026-06-09 20:00:00-04:00,7378.75,7393.0,7364.0,7381.5,21080,0.0,0.0
2026-06-09 21:00:00-04:00,7381.75,7390.0,7376.5,7380.0,12738,0.0,0.0
2026-06-09 22:00:00-04:00,7380.25,7381.25,7369.5,7371.25,10253,0.0,0.0
2026-06-09 23:00:00-04:00,7371.0,7381.25,7369.75,7372.75,6389,0.0,0.0
2026-06-10 00:00:00-04:00,7367.0,7370.75,7356.0,7358.0,11401,0.0,0.0
2026-06-10 01:00:00-04:00,7358.0,7370.5,7353.75,7368.25,11280,0.0,0.0
2026-06-10 02:00:00-04:00,7368.5,7376.0,7366.5,7368.5,11428,0.0,0.0
2026-06-10 03:00:00-04:00,7368.5,7373.5,7361.75,7367.5,12235,0.0,0.0
2026-06-10 04:00:00-04:00,7367.5,7367.75,7332.5,7336.25,28745,0.0,0.0
2026-06-10 05:00:00-04:00,7336.5,7342.75,7319.0,7337.5,28517,0.0,0.0
2026-06-10 06:00:00-04:00,7337.75,7346.75,7324.5,7343.75,20541,0.0,0.0
2026-06-10 07:00:00-04:00,7344.25,7346.5,7305.5,7322.25,63104,0.0,0.0
2026-06-10 08:00:00-04:00,7322.25,7367.0,7318.75,7350.25,84988,0.0,0.0
2026-06-10 09:00:00-04:00,7350.5,7390.5,7335.25,7378.0,202122,0.0,0.0
2026-06-10 10:00:00-04:00,7378.0,7404.75,7343.0,7349.25,235881,0.0,0.0
2026-06-10 11:00:00-04:00,7349.0,7364.75,7305.0,7340.25,271620,0.0,0.0
2026-06-10 12:00:00-04:00,7340.25,7346.0,7314.5,7324.0,130617,0.0,0.0
2026-06-10 13:00:00-04:00,7324.0,7334.5,7299.0,7327.25,131450,0.0,0.0
2026-06-10 14:00:00-04:00,7327.25,7338.5,7290.5,7295.25,122337,0.0,0.0
2026-06-10 15:00:00-04:00,7295.0,7302.25,7275.25,7276.0,254357,0.0,0.0
2026-06-10 16:00:00-04:00,7276.0,7278.75,7256.0,7267.0,86646,0.0,0.0
2026-06-10 18:00:00-04:00,7259.25,7266.75,7243.0,7244.0,0,0.0,0.0
2026-06-10 19:00:00-04:00,7244.0,7263.25,7232.25,7249.5,27917,0.0,0.0
2026-06-10 20:00:00-04:00,7250.0,7283.0,7245.75,7277.0,29261,0.0,0.0
2026-06-10 21:00:00-04:00,7277.25,7306.0,7277.0,7287.5,26004,0.0,0.0
2026-06-10 22:00:00-04:00,7287.75,7297.0,7272.75,7289.25,16021,0.0,0.0
2026-06-10 23:00:00-04:00,7289.5,7305.75,7281.0,7304.5,12216,0.0,0.0
2026-06-11 00:00:00-04:00,7303.5,7317.5,7300.5,7312.75,11384,0.0,0.0
2026-06-11 01:00:00-04:00,7313.0,7313.75,7302.75,7308.5,9065,0.0,0.0
2026-06-11 02:00:00-04:00,7308.25,7316.0,7294.75,7315.5,18991,0.0,0.0
2026-06-11 03:00:00-04:00,7315.5,7331.25,7312.25,7327.25,26404,0.0,0.0
2026-06-11 04:00:00-04:00,7327.0,7337.5,7326.5,7336.5,22232,0.0,0.0
2026-06-11 05:00:00-04:00,7336.5,7338.75,7331.75,7333.75,15347,0.0,0.0
2026-06-11 06:00:00-04:00,7333.5,7337.75,7328.25,7329.0,15540,0.0,0.0
2026-06-11 07:00:00-04:00,7328.75,7334.0,7317.5,7332.25,27651,0.0,0.0
2026-06-11 08:00:00-04:00,7332.0,7334.0,7288.25,7316.5,82402,0.0,0.0
2026-06-11 09:00:00-04:00,7316.25,7335.5,7283.0,7317.0,242271,0.0,0.0
2026-06-11 10:00:00-04:00,7317.25,7335.75,7270.25,7275.5,296144,0.0,0.0
2026-06-11 11:00:00-04:00,7275.5,7314.25,7263.0,7300.25,198940,0.0,0.0
2026-06-11 12:00:00-04:00,7300.25,7323.0,7284.5,7284.75,155433,0.0,0.0
2026-06-11 13:00:00-04:00,7285.0,7386.5,7271.75,7369.25,299891,0.0,0.0
2026-06-11 14:00:00-04:00,7369.25,7383.25,7344.75,7377.5,169857,0.0,0.0
2026-06-11 15:00:00-04:00,7377.75,7420.0,7373.0,7394.5,350909,0.0,0.0
2026-06-11 16:00:00-04:00,7394.5,7409.5,7390.25,7398.25,77928,0.0,0.0
2026-06-11 18:00:00-04:00,7397.5,7416.25,7396.75,7411.5,0,0.0,0.0
2026-06-11 19:00:00-04:00,7411.75,7417.0,7402.75,7415.0,7595,0.0,0.0
2026-06-11 20:00:00-04:00,7415.0,7421.25,7406.5,7412.75,10853,0.0,0.0
2026-06-11 21:00:00-04:00,7412.5,7412.75,7396.75,7410.25,10657,0.0,0.0
2026-06-11 22:00:00-04:00,7410.25,7415.25,7404.75,7411.5,6809,0.0,0.0
2026-06-11 23:00:00-04:00,7411.5,7411.75,7399.5,7406.75,6443,0.0,0.0
2026-06-12 00:00:00-04:00,7401.75,7411.5,7400.25,7410.75,4727,0.0,0.0
2026-06-12 01:00:00-04:00,7410.75,7412.75,7387.5,7393.0,10435,0.0,0.0
2026-06-12 02:00:00-04:00,7393.25,7403.75,7384.5,7388.0,13645,0.0,0.0
2026-06-12 03:00:00-04:00,7388.0,7408.5,7374.75,7400.75,27254,0.0,0.0
2026-06-12 04:00:00-04:00,7401.0,7428.25,7399.25,7415.0,32037,0.0,0.0
2026-06-12 05:00:00-04:00,7415.0,7451.25,7415.0,7439.25,28363,0.0,0.0
2026-06-12 06:00:00-04:00,7439.25,7444.75,7419.25,7424.75,30545,0.0,0.0
2026-06-12 07:00:00-04:00,7425.0,7448.0,7422.5,7443.0,30952,0.0,0.0
2026-06-12 08:00:00-04:00,7443.0,7444.5,7402.0,7404.5,44274,0.0,0.0
2026-06-12 09:00:00-04:00,7404.5,7424.75,7366.5,7383.0,239067,0.0,0.0
2026-06-12 10:00:00-04:00,7383.25,7443.5,7380.25,7440.5,335120,0.0,0.0
2026-06-12 11:00:00-04:00,7440.75,7461.75,7401.25,7405.75,245070,0.0,0.0
2026-06-12 12:00:00-04:00,7405.75,7439.5,7398.25,7432.25,164539,0.0,0.0
2026-06-12 13:00:00-04:00,7432.25,7447.0,7426.25,7430.5,111153,0.0,0.0
2026-06-12 14:00:00-04:00,7430.5,7441.25,7421.75,7428.0,114438,0.0,0.0
2026-06-12 15:00:00-04:00,7428.0,7439.75,7418.75,7433.75,212443,0.0,0.0
2026-06-12 16:00:00-04:00,7433.5,7444.75,7433.0,7435.0,57022,0.0,0.0
2026-06-14 18:00:00-04:00,7500.25,7504.5,7490.75,7494.75,9168,0.0,0.0
2026-06-14 19:00:00-04:00,7494.75,7498.5,7484.75,7496.5,7167,0.0,0.0
2026-06-14 20:00:00-04:00,7496.5,7514.0,7494.0,7507.25,12551,0.0,0.0
2026-06-14 21:00:00-04:00,7507.25,7514.5,7505.5,7512.25,6813,0.0,0.0
2026-06-14 22:00:00-04:00,7512.0,7520.0,7511.75,7519.0,5960,0.0,0.0
2026-06-14 23:00:00-04:00,7519.0,7523.5,7515.5,7519.5,5684,0.0,0.0
2026-06-15 00:00:00-04:00,7519.5,7527.25,7517.0,7526.75,4888,0.0,0.0
2026-06-15 01:00:00-04:00,7526.5,7531.25,7526.0,7531.25,7408,0.0,0.0
2026-06-15 02:00:00-04:00,7531.25,7533.25,7523.0,7526.0,10055,0.0,0.0
2026-06-15 03:00:00-04:00,7526.0,7532.0,7521.25,7522.5,21019,0.0,0.0
2026-06-15 04:00:00-04:00,7522.25,7532.25,7522.0,7527.75,27602,0.0,0.0
2026-06-15 05:00:00-04:00,7527.75,7588.75,7521.0,7587.5,26315,0.0,0.0
2026-06-15 06:00:00-04:00,7587.5,7592.75,7587.0,7592.0,20897,0.0,0.0
2026-06-15 07:00:00-04:00,7592.25,7602.25,7591.25,7595.5,36207,0.0,0.0
2026-06-15 08:00:00-04:00,7595.75,7599.0,7587.5,7594.5,61780,0.0,0.0
2026-06-15 09:00:00-04:00,7594.75,7622.5,7592.0,7614.25,237413,0.0,0.0
2026-06-15 10:00:00-04:00,7614.25,7625.0,7605.5,7623.0,301636,0.0,0.0
2026-06-15 11:00:00-04:00,7623.25,7644.5,7623.0,7643.25,247761,0.0,0.0
2026-06-15 12:00:00-04:00,7643.25,7648.75,7636.75,7640.5,194835,0.0,0.0
2026-06-15 13:00:00-04:00,7640.25,7646.5,7632.0,7633.5,171388,0.0,0.0
2026-06-15 14:00:00-04:00,7633.75,7636.25,7625.75,7631.5,155455,0.0,0.0
2026-06-15 15:00:00-04:00,7631.75,7634.5,7616.5,7630.0,350996,0.0,0.0
2026-06-15 16:00:00-04:00,7630.25,7631.75,7624.0,7624.25,70015,0.0,0.0
2026-06-15 18:00:00-04:00,7626.5,7630.25,7612.0,7617.5,0,0.0,0.0
2026-06-15 19:00:00-04:00,7617.25,7622.0,7614.5,7620.5,5388,0.0,0.0
2026-06-15 20:00:00-04:00,7620.25,7625.0,7612.75,7615.5,9333,0.0,0.0
2026-06-15 21:00:00-04:00,7615.25,7618.75,7613.5,7616.25,7161,0.0,0.0
2026-06-15 22:00:00-04:00,7616.25,7621.0,7613.75,7617.5,5452,0.0,0.0
2026-06-15 23:00:00-04:00,7617.75,7627.5,7617.0,7622.25,6515,0.0,0.0
2026-06-16 00:00:00-04:00,7621.5,7622.5,7615.0,7618.25,4515,0.0,0.0
2026-06-16 01:00:00-04:00,7618.5,7625.25,7616.0,7618.25,5452,0.0,0.0
2026-06-16 02:00:00-04:00,7618.0,7624.0,7617.0,7622.25,5935,0.0,0.0
2026-06-16 03:00:00-04:00,7622.25,7627.75,7620.25,7624.5,14918,0.0,0.0
2026-06-16 04:00:00-04:00,7624.5,7630.25,7620.75,7626.5,25258,0.0,0.0
2026-06-16 05:00:00-04:00,7626.5,7628.75,7618.75,7620.25,23311,0.0,0.0
2026-06-16 06:00:00-04:00,7620.5,7631.0,7620.5,7630.75,18370,0.0,0.0
2026-06-16 07:00:00-04:00,7630.5,7634.5,7628.5,7631.25,33769,0.0,0.0
2026-06-16 08:00:00-04:00,7631.25,7634.75,7622.0,7625.25,48502,0.0,0.0
2026-06-16 09:00:00-04:00,7625.0,7636.75,7620.5,7622.75,199576,0.0,0.0
2026-06-16 10:00:00-04:00,7622.75,7634.0,7604.0,7611.0,308319,0.0,0.0
2026-06-16 11:00:00-04:00,7611.0,7619.25,7599.0,7610.0,251616,0.0,0.0
2026-06-16 12:00:00-04:00,7609.75,7622.25,7606.0,7610.5,166132,0.0,0.0
2026-06-16 13:00:00-04:00,7610.25,7611.5,7598.75,7605.75,132462,0.0,0.0
2026-06-16 14:00:00-04:00,7605.5,7607.5,7600.5,7602.0,111019,0.0,0.0
2026-06-16 15:00:00-04:00,7602.0,7603.0,7583.0,7588.0,269551,0.0,0.0
2026-06-16 16:00:00-04:00,7588.0,7589.0,7578.0,7583.0,66006,0.0,0.0
2026-06-16 18:00:00-04:00,7581.25,7597.5,7581.25,7596.5,0,0.0,0.0
2026-06-16 19:00:00-04:00,7596.5,7596.75,7589.25,7591.75,4670,0.0,0.0
2026-06-16 20:00:00-04:00,7592.0,7600.5,7592.0,7597.0,7301,0.0,0.0
2026-06-16 21:00:00-04:00,7597.0,7605.5,7595.25,7605.5,7625,0.0,0.0
2026-06-16 22:00:00-04:00,7605.25,7605.75,7601.25,7602.5,5360,0.0,0.0
2026-06-16 23:00:00-04:00,7602.5,7606.25,7598.75,7606.0,4053,0.0,0.0
2026-06-17 00:00:00-04:00,7605.25,7606.5,7601.0,7606.0,3807,0.0,0.0
2026-06-17 01:00:00-04:00,7606.0,7608.0,7603.0,7604.0,5934,0.0,0.0
2026-06-17 02:00:00-04:00,7603.75,7609.25,7601.25,7609.0,8558,0.0,0.0
2026-06-17 03:00:00-04:00,7608.75,7612.5,7603.25,7605.75,13618,0.0,0.0
2026-06-17 04:00:00-04:00,7605.75,7608.25,7591.75,7599.75,17758,0.0,0.0
2026-06-17 05:00:00-04:00,7600.0,7602.75,7590.5,7592.25,14221,0.0,0.0
2026-06-17 06:00:00-04:00,7592.25,7598.25,7585.25,7591.0,15797,0.0,0.0
2026-06-17 07:00:00-04:00,7591.25,7597.75,7583.0,7586.5,15997,0.0,0.0
2026-06-17 08:00:00-04:00,7586.75,7596.5,7586.25,7595.25,25556,0.0,0.0
2026-06-17 09:00:00-04:00,7595.25,7600.25,7581.0,7581.0,155678,0.0,0.0
2026-06-17 10:00:00-04:00,7581.25,7604.25,7560.5,7572.5,242566,0.0,0.0
2026-06-17 11:00:00-04:00,7572.25,7591.25,7568.0,7588.75,131982,0.0,0.0
2026-06-17 12:00:00-04:00,7589.0,7593.25,7581.5,7582.75,74434,0.0,0.0
2026-06-17 13:00:00-04:00,7582.5,7589.75,7568.5,7588.75,100304,0.0,0.0
2026-06-17 14:00:00-04:00,7588.25,7590.75,7514.5,7540.75,344637,0.0,0.0
2026-06-17 15:00:00-04:00,7540.5,7552.0,7472.25,7492.5,419599,0.0,0.0
2026-06-17 16:00:00-04:00,7492.25,7515.25,7490.0,7511.0,75472,0.0,0.0
2026-06-17 18:00:00-04:00,7512.5,7527.75,7504.25,7525.5,0,0.0,0.0
2026-06-17 19:00:00-04:00,7525.75,7541.25,7524.25,7541.25,9380,0.0,0.0
2026-06-17 20:00:00-04:00,7541.5,7560.5,7539.75,7550.75,22266,0.0,0.0
2026-06-17 21:00:00-04:00,7550.75,7561.25,7550.0,7553.0,11482,0.0,0.0
2026-06-17 22:00:00-04:00,7553.0,7559.75,7552.0,7556.75,5056,0.0,0.0
2026-06-17 23:00:00-04:00,7556.5,7558.75,7550.25,7555.0,5849,0.0,0.0
2026-06-18 00:00:00-04:00,7552.5,7553.5,7539.25,7544.75,7482,0.0,0.0
2026-06-18 01:00:00-04:00,7545.0,7550.5,7542.75,7546.5,5516,0.0,0.0
2026-06-18 02:00:00-04:00,7546.25,7557.25,7541.0,7556.75,11598,0.0,0.0
2026-06-18 03:00:00-04:00,7556.5,7559.5,7550.25,7559.25,13696,0.0,0.0
2026-06-18 04:00:00-04:00,7559.5,7568.25,7547.0,7547.75,19570,0.0,0.0
2026-06-18 05:00:00-04:00,7548.25,7564.0,7545.75,7563.25,13493,0.0,0.0
2026-06-18 06:00:00-04:00,7563.25,7564.75,7551.5,7553.5,14222,0.0,0.0
2026-06-18 07:00:00-04:00,7553.5,7554.75,7530.75,7543.25,25510,0.0,0.0
2026-06-18 08:00:00-04:00,7543.25,7565.0,7540.75,7560.5,36422,0.0,0.0
2026-06-18 09:00:00-04:00,7560.5,7581.5,7535.5,7544.0,251015,0.0,0.0
2026-06-18 10:00:00-04:00,7544.25,7570.75,7539.0,7566.25,215022,0.0,0.0
2026-06-18 11:00:00-04:00,7566.5,7568.75,7541.0,7560.5,156245,0.0,0.0
2026-06-18 12:00:00-04:00,7560.25,7570.5,7555.0,7564.0,96918,0.0,0.0
2026-06-18 13:00:00-04:00,7564.0,7579.0,7561.5,7567.0,77208,0.0,0.0
2026-06-18 14:00:00-04:00,7567.0,7568.0,7559.25,7561.5,80739,0.0,0.0
2026-06-18 15:00:00-04:00,7561.5,7580.75,7549.0,7564.5,266880,0.0,0.0
2026-06-18 16:00:00-04:00,7564.5,7583.0,7562.25,7574.75,71136,0.0,0.0
2026-06-18 18:00:00-04:00,7576.75,7580.0,7559.5,7561.0,0,0.0,0.0
2026-06-18 19:00:00-04:00,7561.25,7568.25,7560.5,7565.75,2897,0.0,0.0
2026-06-18 20:00:00-04:00,7565.5,7565.75,7556.0,7558.25,6122,0.0,0.0
2026-06-18 21:00:00-04:00,7558.25,7560.75,7547.25,7547.75,6253,0.0,0.0
2026-06-18 22:00:00-04:00,7547.5,7549.25,7541.75,7546.25,5072,0.0,0.0
2026-06-18 23:00:00-04:00,7546.25,7548.5,7536.0,7536.75,6432,0.0,0.0
2026-06-21 18:00:00-04:00,7543.25,7556.25,7526.0,7538.25,12311,0.0,0.0
2026-06-21 19:00:00-04:00,7537.75,7556.25,7513.0,7516.0,10833,0.0,0.0
2026-06-21 20:00:00-04:00,7515.75,7556.25,7514.5,7548.75,19399,0.0,0.0
2026-06-21 21:00:00-04:00,7549.0,7557.25,7548.75,7549.5,13951,0.0,0.0
2026-06-21 22:00:00-04:00,7549.75,7556.25,7537.25,7538.5,12005,0.0,0.0
2026-06-21 23:00:00-04:00,7538.5,7556.25,7533.5,7534.5,8967,0.0,0.0
2026-06-22 00:00:00-04:00,7534.75,7536.5,7528.25,7534.75,7658,0.0,0.0
2026-06-22 01:00:00-04:00,7534.75,7547.5,7534.0,7546.25,9987,0.0,0.0
2026-06-22 02:00:00-04:00,7546.5,7562.75,7546.0,7561.75,14559,0.0,0.0
2026-06-22 03:00:00-04:00,7561.75,7567.25,7560.5,7562.75,10770,0.0,0.0
2026-06-22 04:00:00-04:00,7562.75,7563.75,7552.5,7559.5,9547,0.0,0.0
2026-06-22 05:00:00-04:00,7559.5,7564.5,7554.25,7554.75,8683,0.0,0.0
2026-06-22 06:00:00-04:00,7554.75,7564.75,7554.75,7558.75,7608,0.0,0.0
2026-06-22 07:00:00-04:00,7558.75,7577.75,7558.5,7563.5,20533,0.0,0.0
2026-06-22 08:00:00-04:00,7563.75,7576.25,7563.75,7568.0,17824,0.0,0.0
2026-06-22 09:00:00-04:00,7568.0,7596.75,7568.0,7596.25,167898,0.0,0.0
2026-06-22 10:00:00-04:00,7596.25,7599.25,7527.25,7543.0,268647,0.0,0.0
2026-06-22 11:00:00-04:00,7542.75,7559.25,7534.75,7542.5,183928,0.0,0.0
2026-06-22 12:00:00-04:00,7542.5,7550.25,7532.25,7546.0,119361,0.0,0.0
2026-06-22 13:00:00-04:00,7546.25,7549.5,7535.5,7542.75,73458,0.0,0.0
2026-06-22 14:00:00-04:00,7543.0,7553.75,7531.5,7533.0,83462,0.0,0.0
2026-06-22 15:00:00-04:00,7533.0,7545.75,7528.0,7540.25,206598,0.0,0.0
2026-06-22 16:00:00-04:00,7540.25,7547.25,7539.0,7540.75,41664,0.0,0.0
2026-06-22 18:00:00-04:00,7541.25,7549.5,7529.5,7532.0,0,0.0,0.0
2026-06-22 19:00:00-04:00,7532.0,7533.0,7526.0,7532.0,5399,0.0,0.0
2026-06-22 20:00:00-04:00,7531.75,7545.25,7522.0,7540.25,16503,0.0,0.0
2026-06-22 21:00:00-04:00,7540.25,7542.25,7512.0,7522.25,17717,0.0,0.0
2026-06-22 22:00:00-04:00,7522.75,7525.0,7510.5,7512.75,11468,0.0,0.0
2026-06-22 23:00:00-04:00,7512.75,7513.75,7496.5,7506.25,17151,0.0,0.0
2026-06-23 00:00:00-04:00,7504.25,7504.25,7481.75,7483.25,12711,0.0,0.0
2026-06-23 01:00:00-04:00,7483.5,7488.0,7467.0,7468.75,20912,0.0,0.0
2026-06-23 02:00:00-04:00,7468.75,7472.5,7444.75,7447.25,27232,0.0,0.0
2026-06-23 03:00:00-04:00,7447.0,7455.5,7428.25,7433.5,29466,0.0,0.0
2026-06-23 04:00:00-04:00,7433.75,7438.5,7421.75,7430.5,33941,0.0,0.0
2026-06-23 05:00:00-04:00,7430.75,7446.25,7429.5,7444.5,22204,0.0,0.0
2026-06-23 06:00:00-04:00,7444.5,7449.75,7427.25,7436.75,25351,0.0,0.0
2026-06-23 07:00:00-04:00,7436.5,7453.5,7432.5,7450.75,32903,0.0,0.0
2026-06-23 08:00:00-04:00,7450.75,7454.5,7427.5,7432.75,37353,0.0,0.0
2026-06-23 09:00:00-04:00,7432.5,7466.5,7415.25,7465.25,240959,0.0,0.0
2026-06-23 10:00:00-04:00,7465.25,7491.0,7459.75,7464.75,271013,0.0,0.0
2026-06-23 11:00:00-04:00,7464.75,7468.5,7435.75,7453.75,188312,0.0,0.0
2026-06-23 12:00:00-04:00,7454.0,7475.25,7452.5,7469.75,116734,0.0,0.0
2026-06-23 13:00:00-04:00,7469.75,7476.5,7452.5,7453.25,108126,0.0,0.0
2026-06-23 14:00:00-04:00,7453.25,7461.25,7428.75,7436.0,139923,0.0,0.0
2026-06-23 15:00:00-04:00,7436.0,7453.0,7433.0,7434.75,277587,0.0,0.0
2026-06-23 16:00:00-04:00,7434.75,7446.75,7431.5,7445.5,53887,0.0,0.0
2026-06-23 18:00:00-04:00,7449.25,7452.25,7429.25,7434.75,0,0.0,0.0
2026-06-23 19:00:00-04:00,7435.0,7450.75,7420.25,7446.75,14330,0.0,0.0
2026-06-23 20:00:00-04:00,7446.75,7459.75,7443.5,7453.5,19418,0.0,0.0
2026-06-23 21:00:00-04:00,7453.75,7454.75,7442.5,7451.25,15403,0.0,0.0
2026-06-23 22:00:00-04:00,7451.0,7453.25,7429.75,7430.25,12885,0.0,0.0
2026-06-23 23:00:00-04:00,7430.0,7451.75,7426.75,7447.5,13511,0.0,0.0
2026-06-24 00:00:00-04:00,7440.0,7451.5,7434.75,7449.5,7885,0.0,0.0
2026-06-24 01:00:00-04:00,7449.75,7459.25,7447.5,7450.25,8883,0.0,0.0
2026-06-24 02:00:00-04:00,7450.25,7453.75,7445.25,7448.75,7908,0.0,0.0
2026-06-24 03:00:00-04:00,7449.0,7452.75,7439.75,7442.75,15131,0.0,0.0
2026-06-24 04:00:00-04:00,7443.0,7453.25,7442.5,7447.5,12697,0.0,0.0
2026-06-24 05:00:00-04:00,7447.5,7452.25,7439.25,7447.75,12262,0.0,0.0
2026-06-24 06:00:00-04:00,7447.75,7458.25,7442.25,7449.0,14047,0.0,0.0
2026-06-24 07:00:00-04:00,7449.0,7465.0,7443.75,7463.75,19886,0.0,0.0
2026-06-24 08:00:00-04:00,7463.75,7467.25,7447.75,7450.5,25954,0.0,0.0
2026-06-24 09:00:00-04:00,7450.5,7472.25,7437.75,7454.75,220460,0.0,0.0
2026-06-24 10:00:00-04:00,7454.5,7494.25,7436.5,7493.75,263304,0.0,0.0
2026-06-24 11:00:00-04:00,7493.75,7496.5,7474.5,7480.25,183033,0.0,0.0
2026-06-24 12:00:00-04:00,7480.25,7485.5,7450.75,7453.0,153067,0.0,0.0
2026-06-24 13:00:00-04:00,7453.0,7461.25,7407.75,7414.0,202568,0.0,0.0
2026-06-24 14:00:00-04:00,7414.25,7443.25,7408.25,7415.5,182118,0.0,0.0
2026-06-24 15:00:00-04:00,7415.5,7431.5,7404.25,7428.25,253169,0.0,0.0
2026-06-24 16:00:00-04:00,7428.0,7482.25,7421.25,7477.5,91463,0.0,0.0
2026-06-24 18:00:00-04:00,7476.25,7486.75,7465.75,7466.25,0,0.0,0.0
2026-06-24 19:00:00-04:00,7466.5,7478.5,7464.0,7471.75,6819,0.0,0.0
2026-06-24 20:00:00-04:00,7472.0,7473.0,7453.0,7454.5,13530,0.0,0.0
2026-06-24 21:00:00-04:00,7455.0,7466.5,7452.25,7460.25,8987,0.0,0.0
2026-06-24 22:00:00-04:00,7460.0,7465.0,7452.75,7463.25,6840,0.0,0.0
2026-06-24 23:00:00-04:00,7463.5,7469.75,7460.25,7469.5,5802,0.0,0.0
2026-06-25 00:00:00-04:00,7466.5,7468.0,7459.75,7464.5,5021,0.0,0.0
2026-06-25 01:00:00-04:00,7464.25,7476.5,7464.25,7472.0,7068,0.0,0.0
2026-06-25 02:00:00-04:00,7472.0,7482.25,7471.0,7477.75,8069,0.0,0.0
2026-06-25 03:00:00-04:00,7478.0,7488.75,7478.0,7488.0,10541,0.0,0.0
2026-06-25 04:00:00-04:00,7488.25,7491.25,7475.5,7477.0,10787,0.0,0.0
2026-06-25 05:00:00-04:00,7477.0,7484.5,7476.25,7480.75,7670,0.0,0.0
2026-06-25 06:00:00-04:00,7480.5,7487.5,7479.75,7483.75,6209,0.0,0.0
2026-06-25 07:00:00-04:00,7483.75,7487.0,7472.25,7476.0,13411,0.0,0.0
2026-06-25 08:00:00-04:00,7475.75,7496.0,7472.5,7487.0,30955,0.0,0.0
2026-06-25 09:00:00-04:00,7487.0,7490.5,7390.5,7393.25,301863,0.0,0.0
2026-06-25 10:00:00-04:00,7393.25,7475.75,7392.5,7449.5,339500,0.0,0.0
2026-06-25 11:00:00-04:00,7449.25,7462.25,7414.25,7437.5,151963,0.0,0.0
2026-06-25 12:00:00-04:00,7437.75,7458.75,7409.75,7420.25,124282,0.0,0.0
2026-06-25 13:00:00-04:00,7420.25,7438.0,7410.75,7429.5,92620,0.0,0.0
2026-06-25 14:00:00-04:00,7429.5,7456.75,7408.25,7434.5,129436,0.0,0.0
2026-06-25 15:00:00-04:00,7434.25,7435.0,7409.0,7428.75,187767,0.0,0.0
2026-06-25 16:00:00-04:00,7428.75,7454.5,7427.75,7433.75,67405,0.0,0.0
2026-06-25 18:00:00-04:00,7431.0,7435.75,7416.0,7425.25,0,0.0,0.0
2026-06-25 19:00:00-04:00,7425.25,7454.25,7417.25,7423.75,14139,0.0,0.0
2026-06-25 20:00:00-04:00,7423.75,7434.75,7418.75,7421.25,10326,0.0,0.0
2026-06-25 21:00:00-04:00,7421.75,7427.75,7395.0,7399.75,13645,0.0,0.0
2026-06-25 22:00:00-04:00,7399.75,7401.5,7366.5,7370.75,19534,0.0,0.0
2026-06-25 23:00:00-04:00,7371.25,7381.25,7357.25,7381.0,14793,0.0,0.0
2026-06-26 00:00:00-04:00,7383.25,7385.0,7365.75,7367.75,11735,0.0,0.0
2026-06-26 01:00:00-04:00,7367.75,7382.75,7364.5,7372.0,13225,0.0,0.0
2026-06-26 02:00:00-04:00,7372.25,7409.5,7369.0,7404.0,16779,0.0,0.0
2026-06-26 03:00:00-04:00,7404.0,7413.75,7394.75,7410.75,13449,0.0,0.0
2026-06-26 04:00:00-04:00,7411.0,7416.0,7382.75,7388.5,15665,0.0,0.0
2026-06-26 05:00:00-04:00,7388.75,7396.75,7379.75,7385.25,15036,0.0,0.0
2026-06-26 06:00:00-04:00,7385.5,7389.5,7376.5,7386.5,9447,0.0,0.0
2026-06-26 07:00:00-04:00,7386.5,7394.75,7377.75,7384.5,13726,0.0,0.0
2026-06-26 08:00:00-04:00,7384.75,7403.75,7380.25,7384.0,26158,0.0,0.0
2026-06-26 09:00:00-04:00,7384.0,7405.75,7360.0,7401.5,192181,0.0,0.0
2026-06-26 10:00:00-04:00,7401.25,7436.25,7398.75,7418.0,189274,0.0,0.0
2026-06-26 11:00:00-04:00,7418.0,7459.5,7409.5,7447.5,166501,0.0,0.0
2026-06-26 12:00:00-04:00,7447.75,7449.0,7420.75,7438.25,94236,0.0,0.0
2026-06-26 13:00:00-04:00,7438.25,7452.25,7427.75,7430.0,73396,0.0,0.0
2026-06-26 14:00:00-04:00,7430.25,7439.5,7405.25,7409.0,101544,0.0,0.0
2026-06-26 15:00:00-04:00,7408.75,7431.75,7369.75,7375.5,240805,0.0,0.0
2026-06-26 16:00:00-04:00,7379.75,7421.0,7368.5,7401.75,124305,0.0,0.0
2026-06-28 18:00:00-04:00,7431.0,7438.5,7427.0,7434.5,7284,0.0,0.0
2026-06-28 19:00:00-04:00,7434.5,7455.75,7432.5,7447.25,9935,0.0,0.0
2026-06-28 20:00:00-04:00,7447.5,7447.5,7422.5,7438.5,20647,0.0,0.0
2026-06-28 21:00:00-04:00,7438.5,7443.0,7426.75,7438.5,12014,0.0,0.0
2026-06-28 22:00:00-04:00,7438.75,7443.75,7420.75,7440.5,9220,0.0,0.0
2026-06-28 23:00:00-04:00,7440.75,7452.75,7434.0,7450.25,10084,0.0,0.0
2026-06-29 00:00:00-04:00,7450.25,7450.5,7439.75,7442.0,5674,0.0,0.0
2026-06-29 01:00:00-04:00,7442.25,7458.5,7439.0,7457.25,10221,0.0,0.0
2026-06-29 02:00:00-04:00,7457.0,7457.75,7444.25,7446.25,10782,0.0,0.0
2026-06-29 03:00:00-04:00,7446.5,7453.25,7436.5,7451.5,12873,0.0,0.0
2026-06-29 04:00:00-04:00,7451.25,7463.75,7450.25,7451.5,12148,0.0,0.0
2026-06-29 05:00:00-04:00,7451.25,7459.25,7447.5,7454.5,10760,0.0,0.0
2026-06-29 06:00:00-04:00,7454.75,7466.75,7452.5,7466.0,12600,0.0,0.0
2026-06-29 07:00:00-04:00,7466.0,7473.75,7458.0,7463.5,16808,0.0,0.0
2026-06-29 08:00:00-04:00,7463.5,7469.25,7455.25,7464.0,17595,0.0,0.0
2026-06-29 09:00:00-04:00,7464.0,7490.0,7444.5,7458.5,220193,0.0,0.0
2026-06-29 10:00:00-04:00,7458.5,7472.5,7409.0,7468.0,349262,0.0,0.0
2026-06-29 11:00:00-04:00,7468.0,7475.75,7453.0,7475.0,147484,0.0,0.0
2026-06-29 12:00:00-04:00,7475.25,7481.75,7470.0,7477.25,92138,0.0,0.0
2026-06-29 13:00:00-04:00,7477.25,7498.75,7477.25,7494.0,93935,0.0,0.0
2026-06-29 14:00:00-04:00,7494.0,7502.0,7491.25,7496.75,74063,0.0,0.0
2026-06-29 15:00:00-04:00,7497.0,7505.0,7491.5,7496.75,185798,0.0,0.0
2026-06-29 16:00:00-04:00,7497.0,7500.0,7491.25,7493.5,51459,0.0,0.0
2026-06-29 18:00:00-04:00,7495.5,7497.5,7490.5,7494.5,0,0.0,0.0
2026-06-29 19:00:00-04:00,7494.5,7498.75,7491.75,7495.5,3445,0.0,0.0
2026-06-29 20:00:00-04:00,7495.5,7501.0,7481.75,7492.5,11443,0.0,0.0
2026-06-29 21:00:00-04:00,7492.75,7501.5,7484.0,7498.25,10213,0.0,0.0
2026-06-29 22:00:00-04:00,7498.25,7498.5,7488.25,7491.5,6012,0.0,0.0
2026-06-29 23:00:00-04:00,7491.25,7507.0,7490.25,7502.5,7127,0.0,0.0
2026-06-30 00:00:00-04:00,7506.25,7513.5,7505.5,7510.75,7072,0.0,0.0
2026-06-30 01:00:00-04:00,7510.75,7515.0,7503.75,7510.25,8702,0.0,0.0
2026-06-30 02:00:00-04:00,7510.25,7511.5,7501.5,7508.75,10631,0.0,0.0
2026-06-30 03:00:00-04:00,7508.75,7512.75,7501.0,7502.0,11948,0.0,0.0
2026-06-30 04:00:00-04:00,7501.75,7510.25,7494.0,7501.75,15224,0.0,0.0
2026-06-30 05:00:00-04:00,7502.0,7508.25,7498.75,7506.0,8566,0.0,0.0
2026-06-30 06:00:00-04:00,7506.25,7515.0,7504.0,7513.25,9365,0.0,0.0
2026-06-30 07:00:00-04:00,7513.0,7517.5,7509.0,7510.5,15757,0.0,0.0
2026-06-30 08:00:00-04:00,7510.75,7511.0,7491.5,7497.0,30310,0.0,0.0
2026-06-30 09:00:00-04:00,7497.0,7528.0,7492.25,7526.75,144785,0.0,0.0
2026-06-30 10:00:00-04:00,7526.75,7541.75,7515.5,7520.5,186731,0.0,0.0
2026-06-30 11:00:00-04:00,7520.5,7547.75,7520.0,7545.75,120765,0.0,0.0
2026-06-30 12:00:00-04:00,7545.5,7558.25,7545.25,7555.75,81409,0.0,0.0
2026-06-30 13:00:00-04:00,7555.75,7559.25,7548.5,7552.0,64142,0.0,0.0
2026-06-30 14:00:00-04:00,7552.25,7561.75,7550.5,7558.75,67901,0.0,0.0
2026-06-30 15:00:00-04:00,7558.75,7567.75,7544.5,7545.0,307765,0.0,0.0
2026-06-30 16:00:00-04:00,7544.75,7553.25,7538.5,7542.0,82776,0.0,0.0
2026-06-30 18:00:00-04:00,7543.25,7550.75,7540.5,7543.25,0,0.0,0.0
2026-06-30 19:00:00-04:00,7543.5,7547.0,7542.0,7544.75,4211,0.0,0.0
2026-06-30 20:00:00-04:00,7545.0,7549.25,7541.75,7545.0,8736,0.0,0.0
2026-06-30 21:00:00-04:00,7545.0,7545.75,7531.75,7532.5,12239,0.0,0.0
2026-06-30 22:00:00-04:00,7532.75,7533.25,7517.5,7529.0,14444,0.0,0.0
2026-06-30 23:00:00-04:00,7529.0,7534.0,7526.25,7532.25,7049,0.0,0.0
2026-07-01 00:00:00-04:00,7530.5,7534.75,7527.25,7530.5,6307,0.0,0.0
2026-07-01 01:00:00-04:00,7530.25,7532.75,7526.0,7527.5,5924,0.0,0.0
2026-07-01 02:00:00-04:00,7527.25,7530.0,7521.75,7524.25,12453,0.0,0.0
2026-07-01 03:00:00-04:00,7524.5,7525.25,7510.5,7523.0,18429,0.0,0.0
2026-07-01 04:00:00-04:00,7522.75,7529.25,7519.25,7529.0,11474,0.0,0.0
2026-07-01 05:00:00-04:00,7528.75,7531.25,7522.0,7531.0,7725,0.0,0.0
2026-07-01 06:00:00-04:00,7531.0,7537.5,7526.25,7536.25,11631,0.0,0.0
2026-07-01 07:00:00-04:00,7536.0,7539.75,7530.0,7530.75,13108,0.0,0.0
2026-07-01 08:00:00-04:00,7531.0,7538.75,7524.75,7528.5,35800,0.0,0.0
2026-07-01 09:00:00-04:00,7528.5,7540.0,7505.75,7536.25,219213,0.0,0.0
2026-07-01 10:00:00-04:00,7536.75,7554.5,7533.0,7553.5,181587,0.0,0.0
2026-07-01 11:00:00-04:00,7553.5,7578.5,7552.5,7572.5,145716,0.0,0.0
2026-07-01 12:00:00-04:00,7572.5,7579.0,7557.5,7559.75,94911,0.0,0.0
2026-07-01 13:00:00-04:00,7559.75,7568.5,7554.75,7556.75,81605,0.0,0.0
2026-07-01 14:00:00-04:00,7556.75,7561.5,7549.25,7553.5,78021,0.0,0.0
2026-07-01 15:00:00-04:00,7553.5,7561.75,7536.5,7541.75,202894,0.0,0.0
2026-07-01 16:00:00-04:00,7542.0,7543.0,7525.75,7532.75,65584,0.0,0.0
2026-07-01 18:00:00-04:00,7536.0,7541.0,7531.75,7540.0,0,0.0,0.0
2026-07-01 19:00:00-04:00,7540.25,7540.5,7529.0,7534.75,4549,0.0,0.0
2026-07-01 20:00:00-04:00,7534.75,7541.75,7522.75,7541.0,12665,0.0,0.0
2026-07-01 21:00:00-04:00,7541.25,7556.25,7540.0,7552.75,11798,0.0,0.0
2026-07-01 22:00:00-04:00,7552.75,7558.0,7551.25,7557.0,6440,0.0,0.0
2026-07-01 23:00:00-04:00,7557.25,7558.0,7549.75,7554.5,6480,0.0,0.0
2026-07-02 00:00:00-04:00,7552.25,7552.75,7541.25,7548.25,6330,0.0,0.0
2026-07-02 01:00:00-04:00,7548.5,7555.0,7541.25,7542.75,7538,0.0,0.0
2026-07-02 02:00:00-04:00,7542.75,7544.5,7526.25,7530.5,12930,0.0,0.0
2026-07-02 03:00:00-04:00,7530.5,7536.75,7520.25,7531.0,16088,0.0,0.0
2026-07-02 04:00:00-04:00,7531.0,7545.0,7522.5,7542.25,14534,0.0,0.0
2026-07-02 05:00:00-04:00,7542.25,7542.5,7534.5,7537.25,8716,0.0,0.0
2026-07-02 06:00:00-04:00,7537.25,7544.25,7531.75,7543.0,8722,0.0,0.0
2026-07-02 07:00:00-04:00,7543.0,7549.5,7538.5,7543.5,11885,0.0,0.0
2026-07-02 08:00:00-04:00,7543.5,7576.75,7541.0,7561.75,54972,0.0,0.0
2026-07-02 09:00:00-04:00,7561.75,7593.75,7551.5,7588.75,196388,0.0,0.0
2026-07-02 10:00:00-04:00,7588.75,7593.5,7540.25,7557.25,312420,0.0,0.0
2026-07-02 11:00:00-04:00,7557.25,7559.0,7520.75,7526.75,252493,0.0,0.0
2026-07-02 12:00:00-04:00,7527.0,7529.5,7498.0,7501.5,164644,0.0,0.0
2026-07-02 13:00:00-04:00,7501.5,7503.0,7479.5,7482.0,141867,0.0,0.0
2026-07-02 14:00:00-04:00,7482.25,7514.75,7480.0,7509.0,125172,0.0,0.0
2026-07-02 15:00:00-04:00,7509.25,7534.0,7491.75,7526.5,226794,0.0,0.0
2026-07-02 16:00:00-04:00,7526.5,7527.25,7517.75,7523.0,59230,0.0,0.0
2026-07-02 18:00:00-04:00,7523.75,7536.0,7523.75,7535.5,0,0.0,0.0
2026-07-02 19:00:00-04:00,7535.25,7537.75,7529.25,7536.25,4603,0.0,0.0
2026-07-02 20:00:00-04:00,7536.0,7540.25,7527.25,7529.75,7877,0.0,0.0
2026-07-02 21:00:00-04:00,7530.25,7550.75,7529.5,7549.25,10700,0.0,0.0
2026-07-02 22:00:00-04:00,7549.5,7553.25,7548.25,7552.75,5157,0.0,0.0
2026-07-02 23:00:00-04:00,7552.5,7555.25,7548.0,7554.25,3440,0.0,0.0
2026-07-05 18:00:00-04:00,7562.25,7568.75,7551.5,7563.0,7504,0.0,0.0
2026-07-05 19:00:00-04:00,7562.75,7570.75,7557.0,7569.75,5294,0.0,0.0
2026-07-05 20:00:00-04:00,7570.0,7574.25,7557.0,7566.0,13323,0.0,0.0
2026-07-05 21:00:00-04:00,7565.5,7566.25,7549.75,7553.5,9540,0.0,0.0
2026-07-05 22:00:00-04:00,7553.5,7557.0,7540.5,7544.25,8870,0.0,0.0
2026-07-05 23:00:00-04:00,7544.25,7557.0,7538.25,7541.25,7553,0.0,0.0
2026-07-06 00:00:00-04:00,7542.0,7552.75,7539.75,7552.25,5871,0.0,0.0
2026-07-06 01:00:00-04:00,7552.5,7554.5,7545.0,7550.0,6642,0.0,0.0
2026-07-06 02:00:00-04:00,7550.0,7555.75,7546.25,7554.5,5490,0.0,0.0
2026-07-06 03:00:00-04:00,7554.25,7563.5,7552.5,7563.0,7430,0.0,0.0
2026-07-06 04:00:00-04:00,7563.0,7566.75,7556.25,7562.75,8477,0.0,0.0
2026-07-06 05:00:00-04:00,7562.75,7565.5,7557.25,7565.0,6624,0.0,0.0
2026-07-06 06:00:00-04:00,7565.0,7566.5,7559.25,7563.0,5595,0.0,0.0
2026-07-06 07:00:00-04:00,7563.0,7565.25,7556.25,7556.5,9037,0.0,0.0
2026-07-06 08:00:00-04:00,7556.5,7564.5,7555.5,7562.75,18918,0.0,0.0
2026-07-06 09:00:00-04:00,7562.75,7574.0,7551.75,7564.0,137950,0.0,0.0
2026-07-06 10:00:00-04:00,7564.25,7582.25,7558.5,7582.0,149651,0.0,0.0
2026-07-06 11:00:00-04:00,7582.25,7589.0,7575.25,7587.5,104726,0.0,0.0
2026-07-06 12:00:00-04:00,7587.5,7590.5,7582.75,7583.75,60205,0.0,0.0
2026-07-06 13:00:00-04:00,7583.75,7594.75,7575.25,7580.0,92156,0.0,0.0
2026-07-06 14:00:00-04:00,7580.0,7599.0,7580.0,7598.25,77905,0.0,0.0
2026-07-06 15:00:00-04:00,7598.25,7602.5,7587.75,7593.5,176448,0.0,0.0
2026-07-06 16:00:00-04:00,7593.5,7598.75,7591.25,7596.75,39294,0.0,0.0
2026-07-06 18:00:00-04:00,7597.0,7601.25,7592.5,7594.0,0,0.0,0.0
2026-07-06 19:00:00-04:00,7593.75,7598.0,7584.25,7585.75,6141,0.0,0.0
2026-07-06 20:00:00-04:00,7585.5,7595.0,7583.25,7585.0,12923,0.0,0.0
2026-07-06 21:00:00-04:00,7585.25,7589.0,7579.25,7583.25,10097,0.0,0.0
2026-07-06 22:00:00-04:00,7583.5,7587.25,7578.75,7579.0,6633,0.0,0.0
2026-07-06 23:00:00-04:00,7579.25,7583.25,7570.75,7573.25,11044,0.0,0.0
2026-07-07 00:00:00-04:00,7574.0,7574.25,7566.5,7568.5,7757,0.0,0.0
2026-07-07 01:00:00-04:00,7568.75,7575.0,7563.0,7573.5,11469,0.0,0.0
2026-07-07 02:00:00-04:00,7573.25,7574.5,7567.0,7573.5,8574,0.0,0.0
2026-07-07 03:00:00-04:00,7573.75,7580.0,7571.25,7572.25,11037,0.0,0.0
2026-07-07 04:00:00-04:00,7572.25,7582.75,7571.25,7578.75,10896,0.0,0.0
2026-07-07 05:00:00-04:00,7578.75,7583.5,7576.25,7581.75,7636,0.0,0.0
2026-07-07 06:00:00-04:00,7582.0,7584.5,7573.25,7577.5,12729,0.0,0.0
2026-07-07 07:00:00-04:00,7577.5,7579.5,7572.0,7579.0,17340,0.0,0.0
2026-07-07 08:00:00-04:00,7579.0,7587.0,7578.0,7580.75,26584,0.0,0.0
2026-07-07 09:00:00-04:00,7580.75,7587.5,7560.5,7566.25,146985,0.0,0.0
2026-07-07 10:00:00-04:00,7566.25,7570.0,7529.5,7542.25,233882,0.0,0.0
2026-07-07 11:00:00-04:00,7542.0,7551.25,7531.25,7551.0,121063,0.0,0.0
2026-07-07 12:00:00-04:00,7551.0,7568.75,7549.75,7567.5,119675,0.0,0.0
2026-07-07 13:00:00-04:00,7567.25,7571.25,7561.75,7569.25,66535,0.0,0.0
2026-07-07 14:00:00-04:00,7569.25,7570.5,7551.5,7552.5,90967,0.0,0.0
2026-07-07 15:00:00-04:00,7552.5,7556.75,7537.0,7553.25,211864,0.0,0.0
2026-07-07 16:00:00-04:00,7553.0,7554.5,7546.5,7551.75,39462,0.0,0.0
2026-07-07 18:00:00-04:00,7545.0,7548.5,7537.5,7546.75,0,0.0,0.0
2026-07-07 19:00:00-04:00,7551.25,7553.25,7538.0,7539.0,7402,0.0,0.0
2026-07-07 20:00:00-04:00,7538.75,7562.0,7533.25,7561.75,16816,0.0,0.0
2026-07-07 21:00:00-04:00,7561.75,7563.0,7550.5,7553.0,9789,0.0,0.0
2026-07-07 22:00:00-04:00,7553.25,7555.0,7546.25,7553.0,7491,0.0,0.0
2026-07-07 23:00:00-04:00,7553.25,7561.5,7553.25,7554.75,5259,0.0,0.0
2026-07-08 00:00:00-04:00,7553.75,7556.25,7547.0,7551.25,6004,0.0,0.0
2026-07-08 01:00:00-04:00,7551.5,7554.75,7538.75,7543.5,8860,0.0,0.0
2026-07-08 02:00:00-04:00,7543.75,7545.0,7532.75,7539.25,11756,0.0,0.0
2026-07-08 03:00:00-04:00,7539.25,7551.25,7532.0,7541.5,13966,0.0,0.0
2026-07-08 04:00:00-04:00,7541.5,7546.75,7477.5,7480.75,72307,0.0,0.0
2026-07-08 05:00:00-04:00,7480.75,7483.75,7468.5,7474.5,34307,0.0,0.0
2026-07-08 06:00:00-04:00,7474.75,7490.5,7469.0,7485.75,28624,0.0,0.0
2026-07-08 07:00:00-04:00,7485.5,7506.5,7479.5,7498.5,35885,0.0,0.0
2026-07-08 08:00:00-04:00,7498.5,7519.0,7492.5,7505.25,38738,0.0,0.0
2026-07-08 09:00:00-04:00,7505.5,7524.75,7501.75,7515.75,161961,0.0,0.0
2026-07-08 10:00:00-04:00,7515.75,7522.5,7484.0,7493.25,213380,0.0,0.0
2026-07-08 11:00:00-04:00,7493.5,7495.25,7469.5,7481.0,176301,0.0,0.0
2026-07-08 12:00:00-04:00,7481.0,7522.75,7480.75,7522.0,167308,0.0,0.0
2026-07-08 13:00:00-04:00,7522.0,7536.5,7514.5,7519.5,108652,0.0,0.0
2026-07-08 14:00:00-04:00,7519.25,7530.5,7515.5,7528.25,90515,0.0,0.0
2026-07-08 15:00:00-04:00,7528.5,7536.5,7518.25,7526.75,157800,0.0,0.0
2026-07-08 16:00:00-04:00,7526.75,7529.5,7508.0,7515.5,51194,0.0,0.0
2026-07-08 18:00:00-04:00,7517.25,7523.25,7516.25,7519.0,0,0.0,0.0
2026-07-08 19:00:00-04:00,7519.0,7528.25,7516.25,7527.0,5353,0.0,0.0
2026-07-08 20:00:00-04:00,7527.0,7537.0,7525.75,7532.25,13331,0.0,0.0
2026-07-08 21:00:00-04:00,7532.25,7538.0,7527.75,7530.25,9390,0.0,0.0
2026-07-08 22:00:00-04:00,7530.25,7543.5,7527.0,7528.5,11691,0.0,0.0
2026-07-08 23:00:00-04:00,7528.75,7540.0,7525.0,7539.0,7819,0.0,0.0
2026-07-09 00:00:00-04:00,7539.25,7547.0,7535.0,7546.0,5859,0.0,0.0
2026-07-09 01:00:00-04:00,7546.0,7554.0,7536.0,7552.5,12766,0.0,0.0
2026-07-09 02:00:00-04:00,7552.25,7553.5,7547.0,7549.75,11183,0.0,0.0
2026-07-09 03:00:00-04:00,7549.75,7557.75,7548.0,7553.5,14449,0.0,0.0
2026-07-09 04:00:00-04:00,7553.5,7558.0,7542.0,7545.75,13289,0.0,0.0
2026-07-09 05:00:00-04:00,7545.5,7546.5,7533.25,7541.75,10165,0.0,0.0
2026-07-09 06:00:00-04:00,7541.75,7544.0,7526.75,7534.5,13131,0.0,0.0
2026-07-09 07:00:00-04:00,7534.5,7546.5,7531.0,7543.25,16701,0.0,0.0
2026-07-09 08:00:00-04:00,7543.25,7554.5,7542.25,7544.5,22839,0.0,0.0
2026-07-09 09:00:00-04:00,7544.75,7566.5,7530.25,7561.0,149111,0.0,0.0
2026-07-09 10:00:00-04:00,7561.25,7564.5,7529.5,7562.0,196450,0.0,0.0
2026-07-09 11:00:00-04:00,7562.0,7578.0,7560.5,7573.75,120135,0.0,0.0
2026-07-09 12:00:00-04:00,7573.75,7584.25,7573.75,7579.5,65264,0.0,0.0
2026-07-09 13:00:00-04:00,7579.75,7595.0,7579.5,7591.5,84639,0.0,0.0
2026-07-09 14:00:00-04:00,7591.25,7594.0,7583.0,7585.0,63565,0.0,0.0
2026-07-09 15:00:00-04:00,7585.25,7591.0,7581.0,7590.5,129442,0.0,0.0
2026-07-09 16:00:00-04:00,7590.5,7592.0,7584.75,7586.25,36755,0.0,0.0
2026-07-09 18:00:00-04:00,7587.25,7589.0,7583.75,7586.75,0,0.0,0.0
2026-07-09 19:00:00-04:00,7586.75,7591.75,7585.0,7588.5,4008,0.0,0.0
2026-07-09 20:00:00-04:00,7588.5,7589.5,7574.5,7580.75,12732,0.0,0.0
2026-07-09 21:00:00-04:00,7580.75,7583.75,7576.0,7580.25,9161,0.0,0.0
2026-07-09 22:00:00-04:00,7580.25,7586.5,7577.0,7586.25,8241,0.0,0.0
2026-07-09 23:00:00-04:00,7586.25,7588.5,7581.75,7583.5,5838,0.0,0.0
2026-07-10 00:00:00-04:00,7583.25,7584.25,7577.25,7577.5,5342,0.0,0.0
2026-07-10 01:00:00-04:00,7577.75,7579.75,7575.75,7576.5,7689,0.0,0.0
2026-07-10 02:00:00-04:00,7576.5,7579.5,7570.5,7574.0,13659,0.0,0.0
2026-07-10 03:00:00-04:00,7574.0,7579.5,7569.5,7572.25,12317,0.0,0.0
2026-07-10 04:00:00-04:00,7572.0,7579.25,7569.75,7574.25,13962,0.0,0.0
2026-07-10 05:00:00-04:00,7574.25,7582.5,7568.5,7581.0,10267,0.0,0.0
2026-07-10 06:00:00-04:00,7581.0,7590.75,7581.0,7590.5,10709,0.0,0.0
2026-07-10 07:00:00-04:00,7590.25,7592.25,7580.75,7583.25,13854,0.0,0.0
2026-07-10 08:00:00-04:00,7583.5,7595.5,7577.25,7588.0,30763,0.0,0.0
2026-07-10 09:00:00-04:00,7588.25,7604.5,7586.75,7601.5,113360,0.0,0.0
2026-07-10 10:00:00-04:00,7601.5,7605.75,7552.75,7584.25,212892,0.0,0.0
2026-07-10 11:00:00-04:00,7584.25,7606.75,7578.5,7600.25,147026,0.0,0.0
2026-07-10 12:00:00-04:00,7600.25,7614.0,7600.0,7612.75,78715,0.0,0.0
2026-07-10 13:00:00-04:00,7612.5,7617.0,7607.25,7612.75,52918,0.0,0.0
2026-07-10 14:00:00-04:00,7612.75,7620.25,7612.0,7618.5,54849,0.0,0.0
2026-07-10 15:00:00-04:00,7618.5,7627.25,7617.75,7621.0,139298,0.0,0.0
2026-07-10 16:00:00-04:00,7621.0,7628.75,7618.0,7620.25,41871,0.0,0.0
2026-07-12 18:00:00-04:00,7600.0,7602.25,7591.75,7600.75,9539,0.0,0.0
2026-07-12 19:00:00-04:00,7600.75,7601.0,7593.0,7599.0,4729,0.0,0.0
2026-07-12 20:00:00-04:00,7599.25,7615.25,7592.75,7597.0,20015,0.0,0.0
2026-07-12 21:00:00-04:00,7597.0,7599.25,7588.75,7592.25,12596,0.0,0.0
2026-07-12 22:00:00-04:00,7592.25,7594.25,7585.75,7586.25,7658,0.0,0.0
2026-07-12 23:00:00-04:00,7586.25,7586.75,7582.25,7583.75,7266,0.0,0.0
2026-07-13 00:00:00-04:00,7583.25,7583.25,7575.5,7577.5,8676,0.0,0.0
2026-07-13 01:00:00-04:00,7577.25,7584.25,7566.5,7578.5,15513,0.0,0.0
2026-07-13 02:00:00-04:00,7578.25,7584.75,7574.0,7584.0,11099,0.0,0.0
2026-07-13 03:00:00-04:00,7584.25,7591.25,7581.5,7587.75,12857,0.0,0.0
2026-07-13 04:00:00-04:00,7587.75,7599.5,7586.75,7598.5,13503,0.0,0.0
2026-07-13 05:00:00-04:00,7598.5,7603.75,7594.75,7601.5,8360,0.0,0.0
2026-07-13 06:00:00-04:00,7601.75,7602.5,7597.0,7598.0,9371,0.0,0.0
2026-07-13 07:00:00-04:00,7597.75,7604.5,7592.0,7594.25,13845,0.0,0.0
2026-07-13 08:00:00-04:00,7594.25,7598.25,7586.0,7597.0,23063,0.0,0.0
2026-07-13 09:00:00-04:00,7597.0,7609.75,7590.25,7607.5,145416,0.0,0.0
2026-07-13 10:00:00-04:00,7607.5,7610.5,7573.5,7598.5,219130,0.0,0.0
2026-07-13 11:00:00-04:00,7598.5,7601.75,7581.75,7583.25,95483,0.0,0.0
2026-07-13 12:00:00-04:00,7583.25,7589.0,7560.0,7570.25,134871,0.0,0.0
2026-07-13 13:00:00-04:00,7570.0,7578.0,7563.25,7563.5,78992,0.0,0.0
2026-07-13 14:00:00-04:00,7563.75,7574.0,7561.0,7567.25,90008,0.0,0.0
2026-07-13 15:00:00-04:00,7567.25,7571.25,7551.0,7563.0,194913,0.0,0.0
2026-07-13 16:00:00-04:00,7563.0,7563.5,7547.25,7554.25,52939,0.0,0.0
2026-07-13 18:00:00-04:00,7557.0,7563.25,7551.0,7552.0,0,0.0,0.0
2026-07-13 19:00:00-04:00,7552.0,7553.5,7541.5,7553.25,7139,0.0,0.0
2026-07-13 20:00:00-04:00,7553.5,7560.5,7539.75,7558.5,19758,0.0,0.0
2026-07-13 21:00:00-04:00,7558.5,7560.25,7546.25,7548.25,10573,0.0,0.0
2026-07-13 22:00:00-04:00,7548.5,7554.75,7539.0,7540.5,10353,0.0,0.0
2026-07-13 23:00:00-04:00,7540.5,7544.75,7531.5,7544.0,12601,0.0,0.0
2026-07-14 00:00:00-04:00,7542.5,7561.5,7538.5,7560.25,7906,0.0,0.0
2026-07-14 01:00:00-04:00,7560.5,7573.75,7558.0,7568.25,10839,0.0,0.0
2026-07-14 02:00:00-04:00,7568.0,7575.25,7559.0,7559.0,10689,0.0,0.0
2026-07-14 03:00:00-04:00,7559.25,7566.0,7552.5,7559.0,12686,0.0,0.0
2026-07-14 04:00:00-04:00,7559.0,7564.5,7552.5,7554.25,12336,0.0,0.0
2026-07-14 05:00:00-04:00,7554.5,7564.0,7551.25,7557.5,9486,0.0,0.0
2026-07-14 06:00:00-04:00,7557.75,7566.0,7553.25,7557.0,9356,0.0,0.0
2026-07-14 07:00:00-04:00,7557.0,7564.25,7544.0,7555.75,24594,0.0,0.0
2026-07-14 08:00:00-04:00,7555.5,7613.75,7544.75,7579.5,75064,0.0,0.0
2026-07-14 09:00:00-04:00,7579.5,7588.25,7564.25,7583.5,147532,0.0,0.0
2026-07-14 10:00:00-04:00,7583.5,7603.75,7556.5,7587.5,177877,0.0,0.0
2026-07-14 11:00:00-04:00,7587.5,7601.5,7576.25,7579.75,137028,0.0,0.0
2026-07-14 12:00:00-04:00,7580.0,7589.25,7570.0,7589.25,82473,0.0,0.0
2026-07-14 13:00:00-04:00,7589.25,7596.75,7585.25,7593.25,61103,0.0,0.0
2026-07-14 14:00:00-04:00,7593.5,7598.25,7587.0,7592.0,63827,0.0,0.0
2026-07-14 15:00:00-04:00,7592.25,7596.0,7587.0,7590.0,125005,0.0,0.0
2026-07-14 16:00:00-04:00,7590.0,7592.5,7585.75,7591.0,31272,0.0,0.0
2026-07-14 18:00:00-04:00,7589.75,7592.25,7583.0,7589.0,0,0.0,0.0
2026-07-14 19:00:00-04:00,7589.0,7604.25,7587.75,7602.75,6681,0.0,0.0
2026-07-14 20:00:00-04:00,7602.75,7604.5,7592.5,7601.5,10137,0.0,0.0
2026-07-14 21:00:00-04:00,7601.75,7604.5,7596.0,7604.25,7311,0.0,0.0
2026-07-14 22:00:00-04:00,7604.5,7607.5,7602.5,7603.25,6909,0.0,0.0
2026-07-14 23:00:00-04:00,7603.25,7608.25,7601.25,7607.25,4421,0.0,0.0
2026-07-15 00:00:00-04:00,7606.25,7608.5,7605.75,7608.5,3691,0.0,0.0
2026-07-15 01:00:00-04:00,7608.5,7613.5,7602.5,7609.0,10042,0.0,0.0
2026-07-15 02:00:00-04:00,7609.25,7611.0,7606.25,7607.75,7829,0.0,0.0
2026-07-15 03:00:00-04:00,7607.5,7609.0,7593.5,7604.5,13987,0.0,0.0
2026-07-15 04:00:00-04:00,7604.5,7607.25,7595.75,7606.75,12535,0.0,0.0
2026-07-15 05:00:00-04:00,7606.75,7610.75,7603.75,7604.5,8167,0.0,0.0
2026-07-15 06:00:00-04:00,7604.75,7606.75,7597.0,7601.5,8144,0.0,0.0
2026-07-15 07:00:00-04:00,7601.0,7603.75,7598.0,7600.0,8410,0.0,0.0
2026-07-15 08:00:00-04:00,7600.0,7614.75,7592.5,7611.5,28264,0.0,0.0
2026-07-15 09:00:00-04:00,7611.5,7626.25,7601.25,7614.5,166955,0.0,0.0
2026-07-15 10:00:00-04:00,7614.5,7626.0,7597.25,7604.75,210281,0.0,0.0
2026-07-15 11:00:00-04:00,7605.0,7611.5,7592.0,7596.25,130146,0.0,0.0
2026-07-15 12:00:00-04:00,7596.25,7598.0,7571.75,7586.75,152959,0.0,0.0
2026-07-15 13:00:00-04:00,7587.0,7616.25,7586.0,7612.5,115318,0.0,0.0
2026-07-15 14:00:00-04:00,7612.5,7619.75,7601.0,7602.0,100607,0.0,0.0
2026-07-15 15:00:00-04:00,7602.0,7618.0,7600.5,7616.75,169796,0.0,0.0
2026-07-15 16:00:00-04:00,7616.75,7619.75,7608.75,7616.0,40497,0.0,0.0
2026-07-15 18:00:00-04:00,7615.0,7622.25,7613.25,7618.25,0,0.0,0.0
2026-07-15 19:00:00-04:00,7618.25,7622.0,7614.75,7616.25,3321,0.0,0.0
2026-07-15 20:00:00-04:00,7616.25,7627.75,7614.25,7616.5,11810,0.0,0.0
2026-07-15 21:00:00-04:00,7616.75,7619.0,7610.25,7614.5,9229,0.0,0.0
2026-07-15 22:00:00-04:00,7614.75,7623.5,7611.0,7622.75,8084,0.0,0.0
2026-07-15 23:00:00-04:00,7622.75,7625.25,7621.0,7624.0,5321,0.0,0.0
2026-07-16 00:00:00-04:00,7624.0,7626.5,7620.5,7621.75,4313,0.0,0.0
2026-07-16 01:00:00-04:00,7622.0,7632.0,7615.5,7617.0,11519,0.0,0.0
2026-07-16 02:00:00-04:00,7617.25,7625.0,7611.0,7618.25,12296,0.0,0.0
2026-07-16 03:00:00-04:00,7618.25,7618.75,7600.0,7601.75,13673,0.0,0.0
2026-07-16 04:00:00-04:00,7601.75,7610.0,7593.5,7609.5,15327,0.0,0.0
2026-07-16 05:00:00-04:00,7609.75,7615.5,7605.0,7605.0,11075,0.0,0.0
2026-07-16 06:00:00-04:00,7605.25,7607.75,7600.75,7603.0,9946,0.0,0.0
2026-07-16 07:00:00-04:00,7602.75,7603.5,7580.75,7597.25,25017,0.0,0.0
2026-07-16 08:00:00-04:00,7597.0,7599.0,7580.5,7586.5,32384,0.0,0.0
2026-07-16 09:00:00-04:00,7586.75,7604.25,7575.5,7588.0,165612,0.0,0.0
2026-07-16 10:00:00-04:00,7587.75,7615.0,7585.25,7611.25,182512,0.0,0.0
2026-07-16 11:00:00-04:00,7611.0,7613.5,7598.75,7604.75,139845,0.0,0.0
2026-07-16 12:00:00-04:00,7605.0,7605.5,7583.0,7598.25,126169,0.0,0.0
2026-07-16 13:00:00-04:00,7598.25,7598.75,7579.5,7582.25,83392,0.0,0.0
2026-07-16 14:00:00-04:00,7582.25,7586.5,7568.0,7571.5,108043,0.0,0.0
2026-07-16 15:00:00-04:00,7571.25,7579.5,7548.25,7577.25,211916,0.0,0.0
2026-07-16 16:00:00-04:00,7577.25,7578.0,7566.25,7569.25,44399,0.0,0.0
2026-07-16 18:00:00-04:00,7572.75,7575.0,7563.75,7565.75,0,0.0,0.0
2026-07-16 19:00:00-04:00,7566.0,7567.0,7557.0,7560.5,5928,0.0,0.0
2026-07-16 20:00:00-04:00,7560.25,7563.5,7546.0,7552.25,13146,0.0,0.0
2026-07-16 21:00:00-04:00,7552.25,7556.0,7535.5,7538.0,14528,0.0,0.0
2026-07-16 22:00:00-04:00,7538.25,7539.5,7525.5,7530.0,10806,0.0,0.0
2026-07-16 23:00:00-04:00,7530.25,7541.5,7524.5,7525.75,10412,0.0,0.0
2026-07-17 00:00:00-04:00,7521.0,7521.75,7507.75,7513.75,16083,0.0,0.0
2026-07-17 01:00:00-04:00,7513.75,7516.0,7511.75,7512.5,1368,0.0,0.0
2026-07-17 05:00:00-04:00,7499.5,7510.5,7499.25,7510.5,102686,0.0,0.0
2026-07-17 06:00:00-04:00,7510.25,7522.0,7507.0,7518.25,23098,0.0,0.0
2026-07-17 07:00:00-04:00,7518.25,7522.0,7509.25,7519.0,19176,0.0,0.0
2026-07-17 08:00:00-04:00,7518.75,7519.5,7502.5,7504.25,25450,0.0,0.0
2026-07-17 09:00:00-04:00,7504.5,7514.0,7473.0,7513.75,244043,0.0,0.0
2026-07-17 10:00:00-04:00,7513.5,7539.0,7512.5,7516.25,269303,0.0,0.0
2026-07-17 11:00:00-04:00,7516.25,7536.5,7504.75,7534.25,190538,0.0,0.0
2026-07-17 12:00:00-04:00,7534.25,7538.5,7513.5,7529.0,146072,0.0,0.0
2026-07-17 13:00:00-04:00,7529.0,7538.0,7508.75,7510.75,92914,0.0,0.0
2026-07-17 14:00:00-04:00,7511.25,7516.75,7495.75,7508.75,113095,0.0,0.0
2026-07-17 15:00:00-04:00,7508.75,7510.0,7486.25,7496.75,227324,0.0,0.0
2026-07-17 16:00:00-04:00,7496.5,7497.75,7484.0,7497.75,0,0.0,0.0
2026-07-19 18:00:00-04:00,7487.0,7502.5,7482.0,7495.75,15261,0.0,0.0
2026-07-19 19:00:00-04:00,7496.0,7505.25,7491.25,7504.0,7627,0.0,0.0
2026-07-19 20:00:00-04:00,7504.5,7517.5,7496.75,7503.25,14453,0.0,0.0
2026-07-19 21:00:00-04:00,7503.5,7511.75,7490.0,7494.75,11904,0.0,0.0
2026-07-19 22:00:00-04:00,7494.75,7511.0,7493.75,7505.5,9298,0.0,0.0
2026-07-19 23:00:00-04:00,7505.5,7510.25,7501.25,7505.25,5656,0.0,0.0
2026-07-20 00:00:00-04:00,7505.75,7515.0,7499.0,7509.25,6171,0.0,0.0
2026-07-20 01:00:00-04:00,7509.5,7510.25,7494.0,7496.0,6821,0.0,0.0
2026-07-20 02:00:00-04:00,7497.0,7499.75,7491.0,7497.0,8163,0.0,0.0
2026-07-20 03:00:00-04:00,7497.25,7519.5,7496.75,7516.25,20763,0.0,0.0
2026-07-20 04:00:00-04:00,7516.0,7521.75,7512.0,7514.25,13793,0.0,0.0
2026-07-20 05:00:00-04:00,7514.25,7527.75,7510.5,7521.75,11316,0.0,0.0
2026-07-20 06:00:00-04:00,7521.75,7524.25,7516.0,7522.25,10437,0.0,0.0
2026-07-20 07:00:00-04:00,7522.25,7545.25,7520.75,7535.5,43210,0.0,0.0
2026-07-20 08:00:00-04:00,7535.5,7536.0,7521.0,7527.0,38643,0.0,0.0
2026-07-20 09:00:00-04:00,7527.25,7552.0,7519.0,7520.5,175364,0.0,0.0
2026-07-20 10:00:00-04:00,7520.75,7527.5,7500.75,7505.0,189483,0.0,0.0
2026-07-20 11:00:00-04:00,7505.25,7528.25,7502.0,7523.5,132913,0.0,0.0
2026-07-20 12:00:00-04:00,7524.0,7534.0,7508.25,7513.75,124059,0.0,0.0
2026-07-20 13:00:00-04:00,7514.0,7515.75,7499.25,7509.25,88214,0.0,0.0
2026-07-20 14:00:00-04:00,7509.25,7517.75,7487.75,7490.5,110765,0.0,0.0
2026-07-20 15:00:00-04:00,7491.0,7497.25,7478.0,7486.0,209356,0.0,0.0
2026-07-20 16:00:00-04:00,7486.0,7493.25,7476.75,7483.25,44482,0.0,0.0
2026-07-20 18:00:00-04:00,7484.0,7485.75,7473.0,7475.5,0,0.0,0.0
2026-07-20 19:00:00-04:00,7475.5,7491.0,7474.5,7485.25,6208,0.0,0.0
2026-07-20 20:00:00-04:00,7484.5,7495.75,7473.75,7492.25,14220,0.0,0.0
2026-07-20 21:00:00-04:00,7492.75,7499.25,7489.5,7492.5,10575,0.0,0.0
2026-07-20 22:00:00-04:00,7493.0,7501.75,7488.75,7501.75,8022,0.0,0.0
2026-07-20 23:00:00-04:00,7501.75,7512.5,7501.5,7511.75,8527,0.0,0.0
2026-07-21 00:00:00-04:00,7515.0,7516.25,7513.0,7514.25,6866,0.0,0.0
2026-07-21 01:00:00-04:00,7514.25,7523.75,7510.0,7520.75,7176,0.0,0.0
2026-07-21 02:00:00-04:00,7520.5,7530.25,7518.0,7523.75,10819,0.0,0.0
2026-07-21 03:00:00-04:00,7523.5,7528.0,7514.0,7517.75,16145,0.0,0.0
2026-07-21 04:00:00-04:00,7517.75,7525.75,7516.0,7523.5,9907,0.0,0.0
2026-07-21 05:00:00-04:00,7523.25,7528.25,7521.25,7522.5,8638,0.0,0.0
2026-07-21 06:00:00-04:00,7522.75,7530.25,7519.5,7522.0,17699,0.0,0.0
2026-07-21 07:00:00-04:00,7522.5,7523.5,7511.0,7514.75,13323,0.0,0.0
2026-07-21 08:00:00-04:00,7515.25,7522.0,7505.25,7515.5,25201,0.0,0.0
2026-07-21 09:00:00-04:00,7516.0,7530.25,7504.5,7516.5,159312,0.0,0.0
2026-07-21 10:00:00-04:00,7516.75,7536.5,7510.75,7531.25,184548,0.0,0.0
2026-07-21 11:00:00-04:00,7531.0,7544.0,7521.5,7538.75,118683,0.0,0.0
2026-07-21 12:00:00-04:00,7538.5,7554.0,7538.25,7550.25,68104,0.0,0.0
2026-07-21 13:00:00-04:00,7550.5,7552.5,7545.25,7549.25,52375,0.0,0.0
2026-07-21 14:00:00-04:00,7549.0,7550.75,7542.25,7546.75,57881,0.0,0.0
2026-07-21 15:00:00-04:00,7546.75,7549.5,7543.5,7545.5,136642,0.0,0.0
2026-07-21 16:00:00-04:00,7545.5,7547.0,7540.75,7542.75,37405,0.0,0.0
2026-07-21 18:00:00-04:00,7545.0,7545.5,7538.25,7540.5,0,0.0,0.0
2026-07-21 19:00:00-04:00,7540.5,7544.0,7539.5,7543.25,3278,0.0,0.0
2026-07-21 20:00:00-04:00,7543.25,7547.0,7537.5,7542.0,7923,0.0,0.0
2026-07-21 21:00:00-04:00,7542.0,7544.5,7534.25,7541.0,6964,0.0,0.0
2026-07-21 22:00:00-04:00,7541.25,7543.0,7536.0,7541.25,5204,0.0,0.0
2026-07-21 23:00:00-04:00,7541.0,7544.75,7534.25,7535.0,6045,0.0,0.0
2026-07-22 00:00:00-04:00,7538.0,7539.25,7535.25,7538.25,3272,0.0,0.0
2026-07-22 01:00:00-04:00,7538.5,7538.75,7532.0,7536.25,5316,0.0,0.0
2026-07-22 02:00:00-04:00,7536.0,7536.5,7521.0,7522.75,13437,0.0,0.0
2026-07-22 03:00:00-04:00,7522.5,7527.25,7512.0,7516.25,20045,0.0,0.0
2026-07-22 04:00:00-04:00,7516.75,7526.5,7514.75,7525.0,13121,0.0,0.0
2026-07-22 05:00:00-04:00,7525.25,7531.75,7520.25,7526.25,13221,0.0,0.0
2026-07-22 06:00:00-04:00,7526.75,7533.0,7524.5,7530.0,11172,0.0,0.0
2026-07-22 07:00:00-04:00,7530.0,7530.25,7511.5,7517.25,20493,0.0,0.0
2026-07-22 08:00:00-04:00,7517.5,7523.25,7504.0,7514.75,30221,0.0,0.0
2026-07-22 09:00:00-04:00,7515.0,7550.0,7514.75,7549.75,127998,0.0,0.0
2026-07-22 10:00:00-04:00,7549.75,7556.25,7528.75,7542.0,166763,0.0,0.0
2026-07-22 11:00:00-04:00,7542.0,7560.75,7541.25,7560.0,111724,0.0,0.0
2026-07-22 12:00:00-04:00,7560.25,7563.5,7557.25,7561.0,54005,0.0,0.0
2026-07-22 13:00:00-04:00,7561.0,7562.5,7546.0,7547.5,62576,0.0,0.0
2026-07-22 14:00:00-04:00,7547.5,7549.75,7542.25,7546.75,74760,0.0,0.0
2026-07-22 15:00:00-04:00,7547.0,7547.25,7535.75,7536.5,151104,0.0,0.0
2026-07-22 16:00:00-04:00,7536.75,7554.0,7531.75,7541.0,65908,0.0,0.0
2026-07-22 18:00:00-04:00,7531.25,7536.0,7515.75,7522.5,0,0.0,0.0
2026-07-22 19:00:00-04:00,7522.5,7530.5,7517.0,7530.25,6464,0.0,0.0
2026-07-22 20:00:00-04:00,7530.5,7549.25,7527.75,7546.25,13297,0.0,0.0
2026-07-22 21:00:00-04:00,7546.5,7549.5,7538.25,7538.75,10668,0.0,0.0
2026-07-22 22:00:00-04:00,7538.75,7541.75,7526.5,7530.75,8655,0.0,0.0
2026-07-22 23:00:00-04:00,7531.0,7531.25,7520.75,7528.0,6433,0.0,0.0
2026-07-23 00:00:00-04:00,7525.0,7533.75,7523.75,7527.25,5048,0.0,0.0
2026-07-23 01:00:00-04:00,7527.5,7535.5,7521.5,7522.75,5269,0.0,0.0
2026-07-23 02:00:00-04:00,7522.75,7526.5,7519.25,7519.75,9408,0.0,0.0
2026-07-23 03:00:00-04:00,7520.25,7520.5,7495.25,7504.5,25611,0.0,0.0
2026-07-23 04:00:00-04:00,7504.25,7519.5,7498.75,7518.75,15223,0.0,0.0
2026-07-23 05:00:00-04:00,7518.5,7526.0,7509.25,7511.25,11773,0.0,0.0
2026-07-23 06:00:00-04:00,7511.25,7524.25,7508.5,7520.25,11130,0.0,0.0
2026-07-23 07:00:00-04:00,7520.5,7521.75,7490.0,7500.0,30907,0.0,0.0
2026-07-23 08:00:00-04:00,7500.0,7501.5,7462.0,7466.0,63701,0.0,0.0
2026-07-23 09:00:00-04:00,7465.75,7486.25,7445.0,7455.75,235692,0.0,0.0
2026-07-23 10:00:00-04:00,7456.25,7469.75,7440.0,7443.25,248736,0.0,0.0
2026-07-23 11:00:00-04:00,7443.75,7445.0,7411.75,7438.5,233104,0.0,0.0
2026-07-23 12:00:00-04:00,7438.75,7457.5,7435.25,7446.75,150092,0.0,0.0
2026-07-23 13:00:00-04:00,7446.75,7452.25,7431.75,7432.0,107583,0.0,0.0
2026-07-23 14:00:00-04:00,7432.25,7437.5,7426.75,7431.25,86316,0.0,0.0
2026-07-23 15:00:00-04:00,7431.25,7447.75,7418.5,7443.75,207300,0.0,0.0
2026-07-23 16:00:00-04:00,7444.0,7458.25,7443.5,7455.75,56414,0.0,0.0
2026-07-23 18:00:00-04:00,7452.5,7454.0,7442.75,7453.25,0,0.0,0.0
2026-07-23 19:00:00-04:00,7453.25,7453.75,7444.5,7449.0,5669,0.0,0.0
2026-07-23 20:00:00-04:00,7449.25,7457.0,7443.5,7454.25,15050,0.0,0.0
2026-07-23 21:00:00-04:00,7454.5,7459.25,7450.25,7451.0,8486,0.0,0.0
2026-07-23 22:00:00-04:00,7451.25,7453.25,7439.25,7439.5,7497,0.0,0.0
2026-07-23 23:00:00-04:00,7439.5,7444.0,7436.75,7437.25,6798,0.0,0.0
2026-07-24 00:00:00-04:00,7440.5,7444.75,7436.75,7443.5,5316,0.0,0.0
2026-07-24 01:00:00-04:00,7443.25,7450.5,7441.5,7442.0,6753,0.0,0.0
2026-07-24 02:00:00-04:00,7442.25,7447.25,7433.75,7442.5,9128,0.0,0.0
2026-07-24 03:00:00-04:00,7443.0,7463.25,7442.0,7456.5,15385,0.0,0.0
2026-07-24 04:00:00-04:00,7456.75,7462.0,7449.25,7457.25,11204,0.0,0.0
2026-07-24 05:00:00-04:00,7457.5,7467.5,7456.25,7465.75,12216,0.0,0.0
2026-07-24 06:00:00-04:00,7465.75,7467.0,7457.75,7458.5,9144,0.0,0.0
2026-07-24 07:00:00-04:00,7458.5,7469.0,7453.0,7465.0,18594,0.0,0.0
2026-07-24 08:00:00-04:00,7465.0,7467.75,7449.0,7450.0,28241,0.0,0.0
2026-07-24 09:00:00-04:00,7450.0,7457.25,7432.5,7433.5,158118,0.0,0.0
2026-07-24 10:00:00-04:00,7433.75,7466.5,7431.5,7465.0,234490,0.0,0.0
2026-07-24 11:00:00-04:00,7465.0,7492.0,7454.75,7489.5,216181,0.0,0.0
2026-07-24 12:00:00-04:00,7489.75,7496.5,7466.25,7473.75,133669,0.0,0.0
2026-07-24 13:00:00-04:00,7473.75,7481.0,7461.0,7469.0,94907,0.0,0.0
2026-07-24 14:00:00-04:00,7469.0,7472.25,7435.5,7443.25,126221,0.0,0.0
2026-07-24 15:00:00-04:00,7443.25,7451.0,7432.0,7448.0,200035,0.0,0.0
2026-07-24 16:00:00-04:00,7447.75,7450.0,7439.25,7447.5,44875,0.0,0.0
2026-07-26 18:00:00-04:00,7493.0,7498.5,7490.0,7491.75,6566,0.0,0.0
2026-07-26 19:00:00-04:00,7492.0,7512.0,7491.0,7511.0,11393,0.0,0.0
2026-07-26 20:00:00-04:00,7511.0,7512.0,7492.5,7492.75,16706,0.0,0.0
2026-07-26 21:00:00-04:00,7492.75,7499.25,7487.0,7498.0,12528,0.0,0.0
2026-07-26 22:00:00-04:00,7498.25,7502.5,7495.75,7499.25,7051,0.0,0.0
2026-07-26 23:00:00-04:00,7499.25,7503.5,7498.0,7499.25,4640,0.0,0.0
2026-07-27 00:00:00-04:00,7499.5,7507.0,7498.75,7504.75,5284,0.0,0.0
2026-07-27 01:00:00-04:00,7504.75,7517.0,7504.25,7514.5,8681,0.0,0.0
2026-07-27 02:00:00-04:00,7514.5,7520.0,7510.75,7511.75,13217,0.0,0.0
2026-07-27 03:00:00-04:00,7511.75,7517.25,7505.75,7505.75,15484,0.0,0.0
2026-07-27 04:00:00-04:00,7505.75,7520.0,7505.5,7519.25,14974,0.0,0.0
2026-07-27 05:00:00-04:00,7519.25,7524.75,7516.5,7522.25,11381,0.0,0.0
2026-07-27 06:00:00-04:00,7522.25,7524.25,7518.5,7521.75,9533,0.0,0.0
2026-07-27 07:00:00-04:00,7521.75,7522.0,7507.75,7511.75,18110,0.0,0.0
2026-07-27 08:00:00-04:00,7512.0,7515.25,7504.5,7513.25,23756,0.0,0.0
2026-07-27 09:00:00-04:00,7513.5,7515.25,7473.75,7473.75,168357,0.0,0.0
2026-07-27 10:00:00-04:00,7474.25,7479.25,7423.0,7455.25,301868,0.0,0.0
2026-07-27 11:00:00-04:00,7455.5,7461.75,7421.25,7433.0,178872,0.0,0.0
2026-07-27 12:00:00-04:00,7433.0,7455.25,7424.25,7428.25,149805,0.0,0.0
2026-07-27 13:00:00-04:00,7428.25,7436.5,7416.25,7436.0,101405,0.0,0.0
2026-07-27 14:00:00-04:00,7436.75,7450.5,7424.0,7448.5,110416,0.0,0.0
2026-07-27 15:00:00-04:00,7448.75,7456.75,7442.75,7449.0,165391,0.0,0.0
2026-07-27 16:00:00-04:00,7449.25,7456.5,7445.0,7453.5,35814,0.0,0.0
2026-07-27 18:00:00-04:00,7453.0,7456.0,7444.0,7444.5,0,0.0,0.0
2026-07-27 19:00:00-04:00,7444.5,7450.0,7440.0,7447.75,5213,0.0,0.0
2026-07-27 20:00:00-04:00,7447.75,7452.0,7434.25,7437.75,12395,0.0,0.0
2026-07-27 21:00:00-04:00,7437.75,7443.5,7425.0,7434.25,13386,0.0,0.0
2026-07-27 22:00:00-04:00,7435.0,7435.75,7426.75,7430.5,8149,0.0,0.0
2026-07-27 23:00:00-04:00,7430.5,7442.0,7424.0,7440.75,10950,0.0,0.0
2026-07-28 00:00:00-04:00,7435.75,7435.75,7426.0,7427.25,7722,0.0,0.0
2026-07-28 01:00:00-04:00,7427.5,7448.25,7419.0,7420.75,8329,0.0,0.0
2026-07-28 02:00:00-04:00,7421.25,7431.5,7419.5,7429.75,14131,0.0,0.0
2026-07-28 03:00:00-04:00,7430.0,7438.5,7429.0,7433.25,15096,0.0,0.0
2026-07-28 04:00:00-04:00,7433.25,7449.0,7425.25,7442.0,20923,0.0,0.0
2026-07-28 05:00:00-04:00,7441.75,7445.75,7438.0,7439.75,8583,0.0,0.0
2026-07-28 06:00:00-04:00,7439.5,7444.25,7433.75,7442.0,14585,0.0,0.0
2026-07-28 07:00:00-04:00,7442.5,7452.5,7432.5,7451.0,33646,0.0,0.0
2026-07-28 08:00:00-04:00,7450.75,7467.0,7448.25,7456.5,33954,0.0,0.0
2026-07-28 09:00:00-04:00,7456.5,7462.25,7417.0,7422.0,193077,0.0,0.0
2026-07-28 10:00:00-04:00,7421.5,7456.0,7420.0,7444.0,204557,0.0,0.0
2026-07-28 11:00:00-04:00,7444.0,7482.25,7437.5,7479.5,188938,0.0,0.0
2026-07-28 12:00:00-04:00,7479.5,7485.75,7466.75,7484.0,107537,0.0,0.0
2026-07-28 13:00:00-04:00,7484.0,7485.5,7462.75,7469.5,106129,0.0,0.0
2026-07-28 14:00:00-04:00,7470.0,7474.0,7462.0,7472.5,82790,0.0,0.0
2026-07-28 15:00:00-04:00,7472.25,7477.5,7462.5,7466.0,164097,0.0,0.0
2026-07-28 16:00:00-04:00,7466.0,7474.0,7458.25,7467.5,46686,0.0,0.0
2026-07-28 18:00:00-04:00,7466.25,7474.0,7450.5,7451.75,0,0.0,0.0
2026-07-28 19:00:00-04:00,7452.0,7495.25,7449.25,7494.75,27946,0.0,0.0
2026-07-28 20:00:00-04:00,7494.75,7501.0,7485.25,7486.75,21965,0.0,0.0
2026-07-28 21:00:00-04:00,7486.75,7489.25,7455.0,7455.75,22249,0.0,0.0
2026-07-28 22:00:00-04:00,7455.25,7468.75,7453.25,7463.25,12766,0.0,0.0
2026-07-28 23:00:00-04:00,7463.0,7468.0,7445.0,7447.25,11717,0.0,0.0
2026-07-29 00:00:00-04:00,7445.75,7450.5,7438.5,7450.5,13384,0.0,0.0
2026-07-29 01:00:00-04:00,7451.5,7462.75,7448.5,7457.75,9900,0.0,0.0
2026-07-29 02:00:00-04:00,7457.5,7480.0,7451.25,7478.75,14682,0.0,0.0
2026-07-29 03:00:00-04:00,7478.75,7485.0,7474.75,7481.5,17360,0.0,0.0
2026-07-29 04:00:00-04:00,7481.25,7486.0,7469.0,7480.75,18046,0.0,0.0
2026-07-29 05:00:00-04:00,7481.0,7492.0,7477.5,7485.75,14060,0.0,0.0
2026-07-29 06:00:00-04:00,7485.75,7488.5,7476.0,7477.5,13294,0.0,0.0
2026-07-29 07:00:00-04:00,7477.75,7484.75,7476.25,7480.75,13224,0.0,0.0
2026-07-29 08:00:00-04:00,7480.75,7481.5,7455.5,7463.5,32539,0.0,0.0
2026-07-29 09:00:00-04:00,7463.5,7464.75,7422.0,7430.0,183549,0.0,0.0
2026-07-29 10:00:00-04:00,7430.0,7439.75,7393.0,7404.0,259380,0.0,0.0
2026-07-29 11:00:00-04:00,7403.75,7412.5,7385.75,7393.0,151360,0.0,0.0
2026-07-29 12:00:00-04:00,7393.25,7404.5,7371.75,7404.25,142033,0.0,0.0
2026-07-29 13:00:00-04:00,7404.5,7428.25,7402.75,7419.25,134698,0.0,0.0
2026-07-29 14:00:00-04:00,7419.75,7482.75,7414.75,7475.5,254268,0.0,0.0
2026-07-29 15:00:00-04:00,7475.25,7482.0,7345.75,7350.75,447178,0.0,0.0
2026-07-29 16:00:00-04:00,7350.25,7358.0,7324.0,7335.25,112556,0.0,0.0
2026-07-29 18:00:00-04:00,7338.0,7376.5,7331.0,7370.0,0,0.0,0.0
2026-07-29 19:00:00-04:00,7370.0,7382.75,7369.5,7378.25,13913,0.0,0.0
2026-07-29 20:00:00-04:00,7378.5,7387.75,7368.0,7376.0,23924,0.0,0.0
2026-07-29 21:00:00-04:00,7376.0,7392.25,7374.25,7388.75,17697,0.0,0.0
2026-07-29 22:00:00-04:00,7389.0,7392.75,7377.5,7378.25,10060,0.0,0.0
2026-07-29 23:00:00-04:00,7378.5,7384.0,7369.5,7374.0,10229,0.0,0.0
2026-07-30 00:00:00-04:00,7373.0,7379.25,7366.25,7367.5,8042,0.0,0.0
2026-07-30 01:00:00-04:00,7368.0,7377.0,7361.75,7368.5,12024,0.0,0.0
2026-07-30 02:00:00-04:00,7368.5,7369.25,7358.5,7364.0,14853,0.0,0.0
2026-07-30 03:00:00-04:00,7363.5,7382.25,7354.25,7359.75,34730,0.0,0.0
2026-07-30 04:00:00-04:00,7359.75,7378.75,7351.5,7372.75,21437,0.0,0.0
2026-07-30 05:00:00-04:00,7372.75,7388.0,7371.25,7374.5,15820,0.0,0.0
2026-07-30 06:00:00-04:00,7374.5,7392.5,7371.5,7385.5,18130,0.0,0.0
2026-07-30 07:00:00-04:00,7385.25,7402.0,7385.25,7400.0,20961,0.0,0.0
2026-07-30 08:00:00-04:00,7399.75,7406.0,7392.75,7398.75,38947,0.0,0.0
2026-07-30 09:00:00-04:00,7398.5,7440.0,7397.75,7439.75,233682,0.0,0.0
2026-07-30 10:00:00-04:00,7439.5,7446.5,7408.75,7415.25,273707,0.0,0.0
2026-07-30 11:00:00-04:00,7415.25,7430.0,7399.0,7424.5,228026,0.0,0.0
2026-07-30 12:00:00-04:00,7424.5,7445.75,7421.75,7443.75,145816,0.0,0.0
2026-07-30 13:00:00-04:00,7443.75,7457.75,7443.75,7451.5,92283,0.0,0.0
2026-07-30 14:00:00-04:00,7451.75,7462.5,7450.5,7461.5,72817,0.0,0.0
2026-07-30 15:00:00-04:00,7461.5,7478.5,7461.25,7472.75,213932,0.0,0.0
2026-07-30 16:00:00-04:00,7474.5,7498.0,7468.0,7474.5,81499,0.0,0.0
2026-07-30 18:00:00-04:00,7478.0,7485.5,7468.25,7484.5,0,0.0,0.0
2026-07-30 19:00:00-04:00,7484.5,7491.5,7480.25,7487.75,6899,0.0,0.0
2026-07-30 20:00:00-04:00,7488.25,7498.0,7484.75,7495.0,12180,0.0,0.0
2026-07-30 21:00:00-04:00,7495.5,7504.5,7494.25,7497.75,13357,0.0,0.0
2026-07-30 22:00:00-04:00,7497.75,7500.5,7488.5,7493.0,8284,0.0,0.0
2026-07-30 23:00:00-04:00,7492.75,7498.75,7488.25,7497.5,7503,0.0,0.0
2026-07-31 00:00:00-04:00,7497.75,7509.25,7496.75,7508.75,6583,0.0,0.0
2026-07-31 01:00:00-04:00,7508.75,7510.75,7505.5,7508.25,7403,0.0,0.0
2026-07-31 02:00:00-04:00,7508.25,7511.25,7491.75,7496.5,14782,0.0,0.0
2026-07-31 03:00:00-04:00,7495.75,7509.25,7493.25,7506.5,20732,0.0,0.0
2026-07-31 04:00:00-04:00,7506.5,7513.75,7503.0,7513.0,16315,0.0,0.0
2026-07-31 05:00:00-04:00,7513.0,7517.75,7503.75,7504.25,15190,0.0,0.0
2026-07-31 06:00:00-04:00,7504.0,7512.0,7502.0,7506.75,12207,0.0,0.0
2026-07-31 07:00:00-04:00,7506.75,7511.5,7494.5,7499.25,17840,0.0,0.0
2026-07-31 08:00:00-04:00,7499.5,7499.5,7479.5,7483.0,32677,0.0,0.0
2026-07-31 09:00:00-04:00,7483.0,7515.5,7466.75,7470.5,239886,0.0,0.0
2026-07-31 10:00:00-04:00,7470.25,7481.25,7427.5,7477.0,360419,0.0,0.0
2026-07-31 11:00:00-04:00,7477.0,7485.0,7449.25,7482.5,210302,0.0,0.0
2026-07-31 12:00:00-04:00,7482.5,7503.0,7475.75,7497.75,130441,0.0,0.0
2026-07-31 13:00:00-04:00,7497.5,7517.0,7496.5,7506.0,114528,0.0,0.0
2026-07-31 14:00:00-04:00,7506.25,7516.75,7504.25,7513.0,84582,0.0,0.0
2026-07-31 15:00:00-04:00,7512.75,7541.0,7509.0,7520.0,310385,0.0,0.0
2026-07-31 16:00:00-04:00,7520.25,7527.75,7499.0,7519.25,0,0.0,0.0
2026-08-02 18:00:00-04:00,7553.5,7557.5,7544.5,7545.5,20369,0.0,0.0
2026-08-02 19:00:00-04:00,7545.75,7555.0,7543.5,7551.5,8173,0.0,0.0
2026-08-02 20:00:00-04:00,7551.5,7556.75,7545.5,7554.25,15853,0.0,0.0
2026-08-02 21:00:00-04:00,7554.25,7558.75,7549.75,7558.0,10018,0.0,0.0
2026-08-02 22:00:00-04:00,7558.0,7561.75,7556.5,7560.5,7183,0.0,0.0
2026-08-02 23:00:00-04:00,7560.5,7564.5,7558.25,7562.25,7069,0.0,0.0
2026-08-03 00:00:00-04:00,7561.75,7567.0,7561.0,7563.25,6200,0.0,0.0
2026-08-03 01:00:00-04:00,7563.5,7565.25,7560.25,7563.0,5971,0.0,0.0
2026-08-03 02:00:00-04:00,7563.25,7566.0,7555.75,7556.75,9274,0.0,0.0
2026-08-03 03:00:00-04:00,7557.0,7561.75,7552.75,7559.75,17458,0.0,0.0
2026-08-03 04:00:00-04:00,7559.75,7560.0,7547.5,7559.25,18214,0.0,0.0
2026-08-03 05:00:00-04:00,7559.5,7560.25,7553.5,7557.5,10960,0.0,0.0
2026-08-03 06:00:00-04:00,7557.5,7563.0,7555.5,7562.75,11627,0.0,0.0
2026-08-03 07:00:00-04:00,7562.75,7567.75,7555.75,7557.5,22531,0.0,0.0
2026-08-03 08:00:00-04:00,7557.25,7566.25,7553.25,7563.25,30615,0.0,0.0
2026-08-03 09:00:00-04:00,7563.5,7588.25,7542.75,7588.0,216378,0.0,0.0
2026-08-03 10:00:00-04:00,7587.75,7606.0,7582.75,7606.0,201938,0.0,0.0
2026-08-03 11:00:00-04:00,7605.75,7614.0,7599.75,7611.5,149387,0.0,0.0
2026-08-03 12:00:00-04:00,7611.5,7618.0,7609.25,7613.5,96924,0.0,0.0
2026-08-03 13:00:00-04:00,7613.75,7629.75,7611.0,7628.0,93485,0.0,0.0
2026-08-03 14:00:00-04:00,7628.25,7635.0,7625.0,7631.0,120454,0.0,0.0
2026-08-03 15:00:00-04:00,7631.0,7637.75,7625.75,7628.25,230687,0.0,0.0
2026-08-03 16:00:00-04:00,7628.25,7636.5,7625.25,7631.25,45261,0.0,0.0
2026-08-03 18:00:00-04:00,7631.0,7636.5,7629.0,7635.25,0,0.0,0.0
2026-08-03 19:00:00-04:00,7635.25,7636.25,7632.75,7635.0,4220,0.0,0.0
2026-08-03 20:00:00-04:00,7635.5,7637.25,7629.25,7633.0,11553,0.0,0.0
2026-08-03 21:00:00-04:00,7632.75,7647.5,7629.5,7646.5,13678,0.0,0.0
2026-08-03 22:00:00-04:00,7646.25,7647.5,7639.0,7642.5,7109,0.0,0.0
2026-08-03 23:00:00-04:00,7642.25,7645.5,7638.25,7645.0,5930,0.0,0.0
2026-08-04 00:00:00-04:00,7644.0,7646.5,7641.75,7645.5,3071,0.0,0.0
2026-08-04 01:00:00-04:00,7645.25,7649.5,7642.75,7647.5,5511,0.0,0.0
2026-08-04 02:00:00-04:00,7647.75,7650.0,7642.75,7644.5,7319,0.0,0.0
2026-08-04 03:00:00-04:00,7644.5,7648.0,7641.5,7643.5,14850,0.0,0.0
2026-08-04 04:00:00-04:00,7643.5,7645.75,7635.25,7637.25,18165,0.0,0.0
2026-08-04 05:00:00-04:00,7637.0,7638.5,7631.75,7637.5,14744,0.0,0.0
2026-08-04 06:00:00-04:00,7637.75,7647.75,7635.5,7643.0,19853,0.0,0.0
2026-08-04 07:00:00-04:00,7643.25,7657.75,7641.5,7654.5,29305,0.0,0.0
2026-08-04 08:00:00-04:00,7654.25,7656.25,7651.0,7651.0,21498,0.0,0.0
2026-08-04 09:00:00-04:00,7651.0,7686.5,7649.25,7685.5,205561,0.0,0.0
2026-08-04 10:00:00-04:00,7685.25,7716.5,7682.5,7715.25,243049,0.0,0.0
2026-08-04 11:00:00-04:00,7715.5,7741.25,7714.0,7736.5,187168,0.0,0.0
2026-08-04 12:00:00-04:00,7736.5,7755.75,7733.25,7755.25,123069,0.0,0.0
2026-08-04 13:00:00-04:00,7755.25,7783.75,7754.25,7768.25,152907,0.0,0.0
2026-08-04 14:00:00-04:00,7768.25,7777.25,7763.5,7773.0,128645,0.0,0.0
2026-08-04 15:00:00-04:00,7773.0,7786.0,7761.25,7764.75,293220,0.0,0.0
2026-08-04 16:00:00-04:00,7763.75,7781.25,7761.25,7774.5,80121,0.0,0.0
2026-08-04 18:00:00-04:00,7772.0,7783.25,7771.0,7780.75,0,0.0,0.0
2026-08-04 19:00:00-04:00,7780.75,7782.75,7775.75,7777.5,6219,0.0,0.0
2026-08-04 20:00:00-04:00,7777.5,7785.5,7776.0,7784.25,8555,0.0,0.0
2026-08-04 21:00:00-04:00,7784.25,7786.0,7777.75,7784.25,8700,0.0,0.0
2026-08-04 22:00:00-04:00,7784.5,7788.75,7783.0,7786.75,8414,0.0,0.0
2026-08-04 23:00:00-04:00,7786.75,7792.5,7786.5,7792.0,7992,0.0,0.0
2026-08-05 00:00:00-04:00,7792.75,7792.75,7788.25,7791.5,4939,0.0,0.0
2026-08-05 01:00:00-04:00,7791.25,7800.0,7790.5,7798.75,6947,0.0,0.0
2026-08-05 02:00:00-04:00,7798.5,7799.5,7791.0,7798.0,9271,0.0,0.0
2026-08-05 03:00:00-04:00,7798.25,7799.5,7788.0,7793.0,15543,0.0,0.0
2026-08-05 04:00:00-04:00,7792.75,7796.75,7780.25,7784.25,21633,0.0,0.0
2026-08-05 05:00:00-04:00,7784.25,7792.0,7782.5,7788.5,12652,0.0,0.0
2026-08-05 06:00:00-04:00,7788.5,7798.0,7787.5,7797.5,12910,0.0,0.0
2026-08-05 07:00:00-04:00,7797.75,7799.75,7792.5,7798.0,14971,0.0,0.0
2026-08-05 08:00:00-04:00,7798.0,7805.25,7795.5,7799.5,28403,0.0,0.0
2026-08-05 09:00:00-04:00,7799.5,7820.25,7795.0,7819.5,203043,0.0,0.0
2026-08-05 10:00:00-04:00,7818.0,7818.75,7776.0,7786.5,265754,0.0,0.0
2026-08-05 11:00:00-04:00,7786.75,7791.5,7754.5,7758.0,189592,0.0,0.0
2026-08-05 12:00:00-04:00,7757.75,7773.75,7750.5,7769.5,148216,0.0,0.0
2026-08-05 13:00:00-04:00,7769.75,7773.0,7761.75,7767.0,81545,0.0,0.0
2026-08-05 14:00:00-04:00,7767.0,7774.5,7763.25,7765.5,72098,0.0,0.0
2026-08-05 15:00:00-04:00,7765.5,7771.5,7745.75,7748.25,207333,0.0,0.0
2026-08-05 16:00:00-04:00,7748.0,7761.75,7746.75,7758.75,63405,0.0,0.0
2026-08-05 18:00:00-04:00,7756.75,7770.75,7756.75,7764.25,0,0.0,0.0
2026-08-05 19:00:00-04:00,7764.25,7767.75,7760.0,7761.75,4345,0.0,0.0
2026-08-05 20:00:00-04:00,7762.0,7763.25,7756.75,7757.0,7330,0.0,0.0
2026-08-05 21:00:00-04:00,7757.0,7757.5,7748.0,7755.0,11742,0.0,0.0
2026-08-05 22:00:00-04:00,7755.0,7768.0,7755.0,7765.0,7644,0.0,0.0
2026-08-05 23:00:00-04:00,7765.0,7767.25,7759.0,7761.75,3917,0.0,0.0
2026-08-06 00:00:00-04:00,7763.0,7765.25,7759.75,7763.0,2873,0.0,0.0
2026-08-06 01:00:00-04:00,7763.0,7765.5,7760.5,7765.0,3886,0.0,0.0
2026-08-06 02:00:00-04:00,7765.25,7765.25,7754.0,7760.25,6707,0.0,0.0
2026-08-06 03:00:00-04:00,7759.75,7764.5,7754.75,7758.5,9967,0.0,0.0
2026-08-06 04:00:00-04:00,7758.25,7765.5,7750.0,7764.75,11432,0.0,0.0
2026-08-06 05:00:00-04:00,7764.75,7767.5,7755.25,7767.0,7930,0.0,0.0
2026-08-06 06:00:00-04:00,7767.0,7767.25,7758.75,7761.75,6903,0.0,0.0
2026-08-06 07:00:00-04:00,7761.75,7765.5,7750.5,7759.75,19161,0.0,0.0
2026-08-06 08:00:00-04:00,7759.5,7761.5,7751.75,7754.25,20696,0.0,0.0
2026-08-06 09:00:00-04:00,7754.25,7765.5,7740.25,7759.25,173647,0.0,0.0
2026-08-06 10:00:00-04:00,7759.5,7768.5,7745.25,7760.0,179571,0.0,0.0
2026-08-06 11:00:00-04:00,7760.0,7762.5,7729.25,7731.0,177906,0.0,0.0
2026-08-06 12:00:00-04:00,7731.25,7740.0,7724.25,7739.5,129377,0.0,0.0
2026-08-06 13:00:00-04:00,7739.5,7741.5,7726.75,7736.25,81611,0.0,0.0
2026-08-06 14:00:00-04:00,7736.25,7747.25,7734.5,7739.5,91316,0.0,0.0
2026-08-06 15:00:00-04:00,7739.75,7747.75,7727.0,7735.75,188601,0.0,0.0
2026-08-06 16:00:00-04:00,7735.5,7741.5,7727.75,7731.5,44340,0.0,0.0
2026-08-06 18:00:00-04:00,7733.5,7741.0,7729.75,7737.75,0,0.0,0.0
2026-08-06 19:00:00-04:00,7737.75,7741.25,7736.25,7740.0,2507,0.0,0.0
2026-08-06 20:00:00-04:00,7740.0,7742.5,7729.0,7735.75,9812,0.0,0.0
2026-08-06 21:00:00-04:00,7735.75,7739.25,7727.25,7732.75,9187,0.0,0.0
2026-08-06 22:00:00-04:00,7732.75,7735.25,7726.5,7732.0,5273,0.0,0.0
2026-08-06 23:00:00-04:00,7732.25,7734.25,7728.5,7729.25,3892,0.0,0.0
2026-08-07 00:00:00-04:00,7729.75,7733.5,7725.5,7731.5,4046,0.0,0.0
2026-08-07 01:00:00-04:00,7731.5,7737.0,7731.25,7731.75,4389,0.0,0.0
2026-08-07 02:00:00-04:00,7731.75,7740.0,7731.75,7738.0,6297,0.0,0.0
2026-08-07 03:00:00-04:00,7738.0,7743.75,7736.0,7740.25,7857,0.0,0.0
2026-08-07 04:00:00-04:00,7740.5,7747.25,7740.25,7745.25,9860,0.0,0.0
2026-08-07 05:00:00-04:00,7745.5,7749.5,7744.25,7745.75,6140,0.0,0.0
2026-08-07 06:00:00-04:00,7746.0,7749.5,7744.0,7746.5,5361,0.0,0.0
2026-08-07 07:00:00-04:00,7746.25,7756.75,7746.25,7748.75,13286,0.0,0.0
2026-08-07 08:00:00-04:00,7748.5,7778.75,7747.25,7774.75,59005,0.0,0.0
2026-08-07 09:00:00-04:00,7775.0,7776.0,7751.75,7758.0,187194,0.0,0.0
2026-08-07 10:00:00-04:00,7758.25,7781.25,7743.5,7776.25,215612,0.0,0.0
2026-08-07 11:00:00-04:00,7776.5,7786.75,7771.25,7778.0,117268,0.0,0.0
2026-08-07 12:00:00-04:00,7778.0,7781.25,7757.75,7766.75,112248,0.0,0.0
2026-08-07 13:00:00-04:00,7767.0,7772.25,7764.25,7768.75,55128,0.0,0.0
2026-08-07 14:00:00-04:00,7769.0,7770.25,7756.0,7764.5,65181,0.0,0.0
2026-08-07 15:00:00-04:00,7764.25,7785.5,7763.75,7778.5,196341,0.0,0.0
2026-08-07 16:00:00-04:00,7778.5,7781.25,7773.0,7779.75,48603,0.0,0.0
2026-08-09 18:00:00-04:00,7772.0,7773.5,7763.0,7768.5,5387,0.0,0.0
2026-08-09 19:00:00-04:00,7769.0,7773.25,7766.75,7767.0,4878,0.0,0.0
2026-08-09 20:00:00-04:00,7766.5,7778.0,7765.25,7770.75,8839,0.0,0.0
2026-08-09 21:00:00-04:00,7770.75,7781.5,7769.75,7780.5,6625,0.0,0.0
2026-08-09 22:00:00-04:00,7780.75,7783.25,7777.5,7782.25,3526,0.0,0.0
2026-08-09 23:00:00-04:00,7782.0,7786.25,7780.5,7783.75,3551,0.0,0.0
2026-08-10 00:00:00-04:00,7783.5,7788.75,7782.25,7787.25,3467,0.0,0.0
2026-08-10 01:00:00-04:00,7787.5,7791.25,7787.25,7790.75,2998,0.0,0.0
2026-08-10 02:00:00-04:00,7790.75,7792.75,7784.5,7787.0,6265,0.0,0.0
2026-08-10 03:00:00-04:00,7787.0,7796.25,7783.5,7792.25,11271,0.0,0.0
2026-08-10 04:00:00-04:00,7792.25,7793.75,7789.0,7791.75,7324,0.0,0.0
2026-08-10 05:00:00-04:00,7791.75,7793.25,7788.5,7789.0,5271,0.0,0.0
2026-08-10 06:00:00-04:00,7789.0,7791.0,7784.0,7785.5,7873,0.0,0.0
2026-08-10 07:00:00-04:00,7785.5,7787.25,7778.5,7782.5,13983,0.0,0.0
2026-08-10 08:00:00-04:00,7782.5,7785.75,7771.5,7773.75,17372,0.0,0.0
2026-08-10 09:00:00-04:00,7773.75,7783.5,7769.75,7781.0,128765,0.0,0.0
2026-08-10 10:00:00-04:00,7780.75,7798.0,7780.25,7781.5,128449,0.0,0.0
2026-08-10 11:00:00-04:00,7781.75,7790.75,7778.0,7790.0,101316,0.0,0.0
2026-08-10 12:00:00-04:00,7790.0,7791.25,7764.75,7776.25,99995,0.0,0.0
2026-08-10 13:00:00-04:00,7776.25,7779.5,7771.25,7773.75,58977,0.0,0.0
2026-08-10 14:00:00-04:00,7773.75,7779.75,7769.25,7778.5,55185,0.0,0.0
2026-08-10 15:00:00-04:00,7778.75,7781.25,7770.25,7778.0,148018,0.0,0.0
2026-08-10 16:00:00-04:00,7778.0,7778.5,7773.0,7777.25,35384,0.0,0.0
2026-08-10 18:00:00-04:00,7778.25,7781.25,7771.25,7773.5,0,0.0,0.0
2026-08-10 19:00:00-04:00,7773.5,7774.0,7766.5,7770.75,5647,0.0,0.0
2026-08-10 20:00:00-04:00,7770.75,7781.25,7767.75,7779.75,7429,0.0,0.0
2026-08-10 21:00:00-04:00,7779.5,7786.5,7778.0,7783.25,7207,0.0,0.0
2026-08-10 22:00:00-04:00,7783.0,7786.75,7782.5,7784.5,3610,0.0,0.0
2026-08-10 23:00:00-04:00,7784.25,7789.25,7784.25,7787.0,3371,0.0,0.0
2026-08-11 00:00:00-04:00,7787.0,7789.5,7786.75,7787.0,2562,0.0,0.0
2026-08-11 01:00:00-04:00,7787.0,7788.75,7780.5,7780.5,3960,0.0,0.0
2026-08-11 02:00:00-04:00,7780.75,7784.5,7770.5,7774.75,8501,0.0,0.0
2026-08-11 03:00:00-04:00,7775.0,7777.5,7770.75,7776.0,8538,0.0,0.0
2026-08-11 04:00:00-04:00,7776.25,7780.5,7770.0,7775.0,10599,0.0,0.0
2026-08-11 05:00:00-04:00,7775.0,7780.5,7771.5,7778.0,7647,0.0,0.0
2026-08-11 06:00:00-04:00,7778.0,7787.75,7775.0,7785.25,9410,0.0,0.0
2026-08-11 07:00:00-04:00,7785.5,7796.0,7784.75,7789.25,21182,0.0,0.0
2026-08-11 08:00:00-04:00,7789.25,7795.25,7785.25,7787.5,20406,0.0,0.0
2026-08-11 09:00:00-04:00,7788.0,7793.5,7771.75,7782.0,125097,0.0,0.0
2026-08-11 10:00:00-04:00,7782.25,7787.0,7778.0,7782.0,127183,0.0,0.0
2026-08-11 11:00:00-04:00,7782.0,7784.0,7762.25,7765.5,120713,0.0,0.0
2026-08-11 12:00:00-04:00,7765.5,7769.75,7755.75,7756.75,79153,0.0,0.0
2026-08-11 13:00:00-04:00,7756.75,7759.0,7747.75,7757.5,74414,0.0,0.0
2026-08-11 14:00:00-04:00,7757.75,7757.75,7738.0,7746.25,88161,0.0,0.0
2026-08-11 15:00:00-04:00,7746.0,7756.5,7743.25,7750.0,166994,0.0,0.0
2026-08-11 16:00:00-04:00,7750.0,7757.75,7746.75,7753.25,41719,0.0,0.0
2026-08-11 18:00:00-04:00,7756.0,7756.5,7750.5,7752.75,0,0.0,0.0
2026-08-11 19:00:00-04:00,7753.0,7755.75,7751.75,7755.25,1579,0.0,0.0
2026-08-11 20:00:00-04:00,7755.25,7755.5,7749.0,7752.5,5669,0.0,0.0
2026-08-11 21:00:00-04:00,7752.5,7754.0,7748.5,7749.75,4850,0.0,0.0
2026-08-11 22:00:00-04:00,7749.75,7755.5,7749.75,7755.5,3344,0.0,0.0
2026-08-11 23:00:00-04:00,7755.5,7756.5,7753.75,7755.5,2574,0.0,0.0
2026-08-12 00:00:00-04:00,7754.5,7758.0,7754.5,7757.25,2263,0.0,0.0
2026-08-12 01:00:00-04:00,7757.5,7757.5,7752.75,7756.75,2543,0.0,0.0
2026-08-12 02:00:00-04:00,7756.75,7759.75,7754.25,7759.75,4800,0.0,0.0
2026-08-12 03:00:00-04:00,7759.5,7761.5,7757.0,7759.5,8342,0.0,0.0
2026-08-12 04:00:00-04:00,7759.25,7763.5,7758.25,7762.25,6652,0.0,0.0
2026-08-12 05:00:00-04:00,7762.5,7773.75,7762.25,7766.5,14021,0.0,0.0
2026-08-12 06:00:00-04:00,7766.25,7770.25,7759.25,7766.5,11124,0.0,0.0
2026-08-12 07:00:00-04:00,7766.75,7771.5,7764.5,7770.5,9702,0.0,0.0
2026-08-12 08:00:00-04:00,7770.5,7788.0,7760.75,7785.0,47679,0.0,0.0
2026-08-12 09:00:00-04:00,7785.0,7794.0,7765.5,7770.75,155912,0.0,0.0
2026-08-12 10:00:00-04:00,7770.5,7777.75,7756.5,7766.75,160391,0.0,0.0
2026-08-12 11:00:00-04:00,7766.75,7769.5,7760.25,7764.75,92151,0.0,0.0
2026-08-12 12:00:00-04:00,7764.75,7776.25,7764.25,7773.25,71962,0.0,0.0
2026-08-12 13:00:00-04:00,7773.5,7777.5,7770.25,7772.5,57290,0.0,0.0
2026-08-12 14:00:00-04:00,7772.5,7781.0,7772.25,7775.0,58381,0.0,0.0
2026-08-12 15:00:00-04:00,7774.75,7778.75,7764.5,7769.5,129915,0.0,0.0
2026-08-12 16:00:00-04:00,7769.75,7777.75,7766.5,7766.75,37399,0.0,0.0
2026-08-12 18:00:00-04:00,7770.0,7771.0,7766.5,7768.75,0,0.0,0.0
2026-08-12 19:00:00-04:00,7768.5,7771.75,7767.5,7768.25,2557,0.0,0.0
2026-08-12 20:00:00-04:00,7768.25,7773.5,7767.5,7770.5,5838,0.0,0.0
2026-08-12 21:00:00-04:00,7770.25,7771.25,7764.25,7770.0,4964,0.0,0.0
2026-08-12 22:00:00-04:00,7770.25,7774.5,7768.0,7773.0,3695,0.0,0.0
2026-08-12 23:00:00-04:00,7772.75,7775.5,7772.0,7775.0,3020,0.0,0.0
2026-08-13 00:00:00-04:00,7775.75,7777.5,7772.0,7775.75,3227,0.0,0.0
2026-08-13 01:00:00-04:00,7775.75,7780.5,7775.0,7776.25,4456,0.0,0.0
2026-08-13 02:00:00-04:00,7776.5,7779.75,7773.75,7777.75,4301,0.0,0.0
2026-08-13 03:00:00-04:00,7778.0,7780.0,7774.0,7777.75,5970,0.0,0.0
2026-08-13 04:00:00-04:00,7778.0,7783.0,7775.25,7781.5,7115,0.0,0.0
2026-08-13 05:00:00-04:00,7781.5,7784.75,7778.0,7784.25,5059,0.0,0.0
2026-08-13 06:00:00-04:00,7784.25,7785.5,7783.0,7784.75,4392,0.0,0.0
2026-08-13 07:00:00-04:00,7785.0,7789.0,7782.75,7784.0,7660,0.0,0.0
2026-08-13 08:00:00-04:00,7784.0,7790.25,7778.0,7788.25,22976,0.0,0.0
2026-08-13 09:00:00-04:00,7788.25,7821.5,7785.5,7820.75,142119,0.0,0.0
2026-08-13 10:00:00-04:00,7820.75,7838.5,7818.0,7822.0,190125,0.0,0.0
2026-08-13 11:00:00-04:00,7822.0,7826.75,7797.75,7798.75,174936,0.0,0.0
2026-08-13 12:00:00-04:00,7799.0,7812.25,7798.5,7811.5,78400,0.0,0.0
2026-08-13 13:00:00-04:00,7811.5,7819.25,7810.5,7811.75,71113,0.0,0.0
2026-08-13 14:00:00-04:00,7811.75,7823.75,7811.0,7822.0,77243,0.0,0.0
2026-08-13 15:00:00-04:00,7822.0,7828.75,7818.0,7823.25,171989,0.0,0.0
2026-08-13 16:00:00-04:00,7823.25,7825.5,7818.5,7825.25,42659,0.0,0.0
2026-08-13 18:00:00-04:00,7825.5,7827.0,7822.75,7824.0,0,0.0,0.0
2026-08-13 19:00:00-04:00,7824.0,7827.5,7823.75,7825.75,2681,0.0,0.0
2026-08-13 20:00:00-04:00,7825.75,7828.75,7823.0,7824.25,5770,0.0,0.0
2026-08-13 21:00:00-04:00,7824.0,7825.0,7820.25,7823.5,6016,0.0,0.0
2026-08-13 22:00:00-04:00,7823.5,7827.0,7823.5,7825.0,4086,0.0,0.0
2026-08-13 23:00:00-04:00,7825.0,7827.75,7824.25,7824.25,2933,0.0,0.0
2026-08-14 00:00:00-04:00,7825.25,7825.5,7822.5,7823.0,3553,0.0,0.0
2026-08-14 01:00:00-04:00,7823.25,7826.0,7821.5,7824.75,3716,0.0,0.0
2026-08-14 02:00:00-04:00,7824.75,7824.75,7820.5,7821.75,3887,0.0,0.0
2026-08-14 03:00:00-04:00,7821.75,7824.75,7820.0,7823.5,6818,0.0,0.0
2026-08-14 04:00:00-04:00,7823.5,7828.75,7822.0,7826.25,8437,0.0,0.0
2026-08-14 05:00:00-04:00,7826.25,7827.75,7824.0,7827.75,5773,0.0,0.0
2026-08-14 06:00:00-04:00,7827.5,7829.5,7825.5,7828.75,7777,0.0,0.0
2026-08-14 07:00:00-04:00,7828.75,7830.75,7826.25,7829.25,9014,0.0,0.0
2026-08-14 08:00:00-04:00,7829.5,7831.75,7821.0,7830.5,17439,0.0,0.0
2026-08-14 09:00:00-04:00,7830.25,7831.0,7819.25,7826.25,115644,0.0,0.0
2026-08-14 10:00:00-04:00,7825.75,7830.75,7809.5,7809.5,140728,0.0,0.0
2026-08-14 11:00:00-04:00,7809.75,7813.75,7800.0,7804.25,122838,0.0,0.0
2026-08-14 12:00:00-04:00,7804.5,7810.25,7798.5,7799.25,76716,0.0,0.0
2026-08-14 13:00:00-04:00,7799.25,7803.75,7796.5,7800.5,66417,0.0,0.0
2026-08-14 14:00:00-04:00,7800.5,7807.5,7799.5,7804.25,59282,0.0,0.0
2026-08-14 15:00:00-04:00,7804.5,7806.5,7800.75,7805.5,131316,0.0,0.0
2026-08-14 16:00:00-04:00,7805.75,7806.25,7799.75,7805.0,0,0.0,0.0
2026-08-16 18:00:00-04:00,7809.75,7811.25,7808.5,7810.25,6054,0.0,0.0
2026-08-16 19:00:00-04:00,7810.5,7813.25,7808.75,7812.25,2385,0.0,0.0
2026-08-16 20:00:00-04:00,7812.25,7814.0,7808.0,7810.75,5008,0.0,0.0
2026-08-16 21:00:00-04:00,7810.75,7813.25,7807.0,7807.75,4603,0.0,0.0
2026-08-16 22:00:00-04:00,7807.5,7810.0,7806.25,7808.5,3251,0.0,0.0
2026-08-16 23:00:00-04:00,7808.75,7812.25,7808.0,7812.25,2257,0.0,0.0
2026-08-17 00:00:00-04:00,7812.75,7813.5,7811.5,7812.25,2360,0.0,0.0
2026-08-17 01:00:00-04:00,7812.25,7817.5,7812.0,7817.25,3569,0.0,0.0
2026-08-17 02:00:00-04:00,7817.5,7820.25,7816.5,7819.75,6085,0.0,0.0
2026-08-17 03:00:00-04:00,7820.0,7821.25,7813.25,7819.0,8599,0.0,0.0
2026-08-17 04:00:00-04:00,7819.0,7819.25,7813.75,7816.0,5619,0.0,0.0
2026-08-17 05:00:00-04:00,7816.25,7818.0,7814.0,7815.0,7188,0.0,0.0
2026-08-17 06:00:00-04:00,7815.0,7824.5,7812.75,7816.5,11435,0.0,0.0
2026-08-17 07:00:00-04:00,7816.25,7818.5,7813.25,7813.25,9950,0.0,0.0
2026-08-17 08:00:00-04:00,7813.5,7815.0,7801.25,7803.75,29533,0.0,0.0
2026-08-17 09:00:00-04:00,7803.5,7809.5,7793.25,7794.5,123084,0.0,0.0
2026-08-17 10:00:00-04:00,7794.5,7799.0,7790.0,7793.75,130151,0.0,0.0
2026-08-17 11:00:00-04:00,7794.0,7800.0,7788.25,7794.25,99182,0.0,0.0
2026-08-17 12:00:00-04:00,7794.25,7797.5,7787.0,7788.0,62640,0.0,0.0
2026-08-17 13:00:00-04:00,7787.5,7789.0,7772.0,7775.0,125362,0.0,0.0
2026-08-17 14:00:00-04:00,7775.0,7779.25,7773.25,7776.0,78692,0.0,0.0
2026-08-17 15:00:00-04:00,7776.0,7776.75,7766.25,7768.5,166909,0.0,0.0
2026-08-17 16:00:00-04:00,7768.75,7769.5,7763.5,7765.5,40808,0.0,0.0
2026-08-17 18:00:00-04:00,7766.0,7768.5,7762.5,7765.25,0,0.0,0.0
2026-08-17 19:00:00-04:00,7765.25,7768.5,7763.5,7768.25,4313,0.0,0.0
2026-08-17 20:00:00-04:00,7768.0,7770.5,7766.25,7766.75,5530,0.0,0.0
2026-08-17 21:00:00-04:00,7767.0,7768.0,7755.25,7761.5,10083,0.0,0.0
2026-08-17 22:00:00-04:00,7761.5,7762.0,7742.75,7749.0,16845,0.0,0.0
2026-08-17 23:00:00-04:00,7749.25,7749.75,7741.0,7744.5,8839,0.0,0.0
2026-08-18 00:00:00-04:00,7743.0,7744.75,7739.5,7743.5,6370,0.0,0.0
2026-08-18 01:00:00-04:00,7743.5,7743.5,7734.25,7735.0,8317,0.0,0.0
2026-08-18 02:00:00-04:00,7735.25,7742.25,7726.0,7742.0,16609,0.0,0.0
2026-08-18 03:00:00-04:00,7741.75,7742.25,7726.0,7726.0,14221,0.0,0.0
2026-08-18 04:00:00-04:00,7726.5,7731.75,7716.5,7729.75,24250,0.0,0.0
2026-08-18 05:00:00-04:00,7729.75,7731.25,7722.5,7729.5,17708,0.0,0.0
2026-08-18 06:00:00-04:00,7729.75,7734.25,7728.25,7731.75,13626,0.0,0.0
2026-08-18 07:00:00-04:00,7732.25,7738.5,7730.75,7734.75,18027,0.0,0.0
2026-08-18 08:00:00-04:00,7734.75,7739.25,7728.5,7735.75,21605,0.0,0.0
2026-08-18 09:00:00-04:00,7735.75,7736.5,7719.0,7724.75,179772,0.0,0.0
2026-08-18 10:00:00-04:00,7725.0,7732.75,7716.5,7719.25,219298,0.0,0.0
2026-08-18 11:00:00-04:00,7719.5,7726.5,7713.25,7723.25,142505,0.0,0.0
2026-08-18 12:00:00-04:00,7723.5,7728.75,7720.5,7726.0,93733,0.0,0.0
2026-08-18 13:00:00-04:00,7726.0,7728.0,7715.75,7716.0,68282,0.0,0.0
2026-08-18 14:00:00-04:00,7715.75,7726.0,7714.25,7717.0,87466,0.0,0.0
2026-08-18 15:00:00-04:00,7717.0,7722.75,7710.25,7715.25,196717,0.0,0.0
2026-08-18 16:00:00-04:00,7715.25,7716.0,7711.25,7713.25,37532,0.0,0.0
2026-08-18 18:00:00-04:00,7714.5,7717.5,7707.5,7707.75,0,0.0,0.0
2026-08-18 19:00:00-04:00,7707.75,7714.5,7706.75,7710.75,6028,0.0,0.0
2026-08-18 20:00:00-04:00,7710.5,7716.0,7702.0,7711.0,13726,0.0,0.0
2026-08-18 21:00:00-04:00,7710.5,7717.0,7709.5,7711.25,10124,0.0,0.0
2026-08-18 22:00:00-04:00,7711.25,7712.0,7706.0,7709.25,8338,0.0,0.0
2026-08-18 23:00:00-04:00,7709.5,7712.0,7705.75,7706.75,5271,0.0,0.0
2026-08-19 00:00:00-04:00,7705.0,7709.0,7699.5,7704.25,7211,0.0,0.0
2026-08-19 01:00:00-04:00,7704.25,7708.25,7698.25,7699.75,7377,0.0,0.0
2026-08-19 02:00:00-04:00,7699.5,7715.0,7698.25,7714.5,12607,0.0,0.0
2026-08-19 03:00:00-04:00,7714.5,7719.0,7709.5,7718.5,14669,0.0,0.0
2026-08-19 04:00:00-04:00,7718.5,7722.0,7716.75,7718.25,17019,0.0,0.0
2026-08-19 05:00:00-04:00,7718.0,7720.75,7711.75,7713.5,9849,0.0,0.0
2026-08-19 06:00:00-04:00,7713.5,7716.25,7709.5,7713.25,8362,0.0,0.0
2026-08-19 07:00:00-04:00,7713.75,7719.25,7713.25,7718.0,11145,0.0,0.0
2026-08-19 08:00:00-04:00,7717.75,7758.25,7714.75,7748.25,99748,0.0,0.0
2026-08-19 09:00:00-04:00,7748.0,7750.75,7720.75,7739.5,218696,0.0,0.0
2026-08-19 10:00:00-04:00,7739.75,7762.25,7726.5,7761.75,224805,0.0,0.0
2026-08-19 11:00:00-04:00,7762.0,7764.75,7739.75,7745.75,145835,0.0,0.0
2026-08-19 12:00:00-04:00,7745.75,7759.5,7734.25,7736.25,114917,0.0,0.0
2026-08-19 13:00:00-04:00,7736.25,7741.5,7729.75,7734.75,89927,0.0,0.0
2026-08-19 14:00:00-04:00,7734.5,7745.0,7729.0,7734.75,103571,0.0,0.0
2026-08-19 15:00:00-04:00,7734.75,7743.5,7721.75,7731.25,204972,0.0,0.0
2026-08-19 16:00:00-04:00,7731.25,7732.75,7725.75,7730.5,39526,0.0,0.0
2026-08-19 18:00:00-04:00,7733.0,7743.25,7731.5,7742.0,0,0.0,0.0
2026-08-19 19:00:00-04:00,7742.25,7746.5,7739.75,7740.0,6031,0.0,0.0
2026-08-19 20:00:00-04:00,7739.75,7742.75,7734.0,7742.25,8747,0.0,0.0
2026-08-19 21:00:00-04:00,7742.25,7744.0,7737.0,7738.75,8181,0.0,0.0
2026-08-19 22:00:00-04:00,7738.75,7743.0,7735.0,7737.75,5094,0.0,0.0
2026-08-19 23:00:00-04:00,7738.0,7742.0,7736.25,7738.75,4868,0.0,0.0
2026-08-20 00:00:00-04:00,7741.75,7742.75,7737.75,7739.25,3669,0.0,0.0
2026-08-20 01:00:00-04:00,7739.25,7740.75,7734.25,7735.0,5197,0.0,0.0
2026-08-20 02:00:00-04:00,7735.0,7745.25,7734.75,7742.5,7361,0.0,0.0
2026-08-20 03:00:00-04:00,7742.5,7742.5,7730.0,7730.0,13539,0.0,0.0
2026-08-20 04:00:00-04:00,7730.25,7733.5,7715.5,7718.5,18281,0.0,0.0
2026-08-20 05:00:00-04:00,7718.75,7727.0,7717.5,7724.0,9780,0.0,0.0
2026-08-20 06:00:00-04:00,7723.75,7730.5,7722.0,7730.5,11101,0.0,0.0
2026-08-20 07:00:00-04:00,7730.5,7733.5,7703.25,7704.25,27571,0.0,0.0
2026-08-20 08:00:00-04:00,7704.5,7704.75,7680.25,7696.75,73771,0.0,0.0
2026-08-20 09:00:00-04:00,7697.0,7716.25,7692.5,7703.75,175354,0.0,0.0
2026-08-20 10:00:00-04:00,7704.0,7713.25,7691.75,7710.0,220976,0.0,0.0
2026-08-20 11:00:00-04:00,7710.25,7720.0,7690.5,7696.5,192533,0.0,0.0
2026-08-20 12:00:00-04:00,7696.5,7704.75,7691.75,7702.0,100838,0.0,0.0
2026-08-20 13:00:00-04:00,7702.25,7702.25,7680.25,7683.5,104011,0.0,0.0
2026-08-20 14:00:00-04:00,7683.5,7683.5,7669.25,7670.5,115558,0.0,0.0
2026-08-20 15:00:00-04:00,7670.5,7676.25,7659.0,7665.0,228436,0.0,0.0
2026-08-20 16:00:00-04:00,7665.25,7668.5,7657.75,7667.75,54224,0.0,0.0
2026-08-20 18:00:00-04:00,7669.0,7671.5,7663.25,7669.5,0,0.0,0.0
2026-08-20 19:00:00-04:00,7669.25,7669.5,7664.25,7666.25,3415,0.0,0.0
2026-08-20 20:00:00-04:00,7666.0,7673.0,7664.25,7664.5,9601,0.0,0.0
2026-08-20 21:00:00-04:00,7664.75,7669.25,7661.25,7667.25,7700,0.0,0.0
2026-08-20 22:00:00-04:00,7667.25,7673.0,7666.75,7670.75,5880,0.0,0.0
2026-08-20 23:00:00-04:00,7671.0,7671.75,7666.5,7668.75,3561,0.0,0.0
2026-08-21 00:00:00-04:00,7669.75,7670.0,7664.25,7668.75,3518,0.0,0.0
2026-08-21 01:00:00-04:00,7669.0,7671.0,7665.75,7668.5,4144,0.0,0.0
2026-08-21 02:00:00-04:00,7668.5,7675.25,7667.25,7673.5,6177,0.0,0.0
2026-08-21 03:00:00-04:00,7673.75,7682.25,7671.0,7682.0,13002,0.0,0.0
2026-08-21 04:00:00-04:00,7682.0,7690.25,7677.5,7687.5,13700,0.0,0.0
2026-08-21 05:00:00-04:00,7687.5,7689.0,7681.75,7687.75,11724,0.0,0.0
2026-08-21 06:00:00-04:00,7688.0,7692.25,7685.5,7688.5,9132,0.0,0.0
2026-08-21 07:00:00-04:00,7688.5,7699.5,7684.75,7695.0,21326,0.0,0.0
2026-08-21 08:00:00-04:00,7695.25,7704.75,7693.0,7700.75,32085,0.0,0.0
2026-08-21 09:00:00-04:00,7701.0,7702.25,7676.75,7680.5,173802,0.0,0.0
2026-08-21 10:00:00-04:00,7680.5,7694.25,7677.25,7693.75,163378,0.0,0.0
2026-08-21 11:00:00-04:00,7693.75,7697.75,7692.75,7697.5,13184,0.0,0.0
