Datetime,Open,High,Low,Close,Volume,Dividends,Stock Splits
2026-07-14 00:00:00-04:00,29406.5,29452.75,29371.25,29450.0,1787,0.0,0.0
2026-07-14 00:30:00-04:00,29450.5,29516.5,29442.5,29508.5,2508,0.0,0.0
2026-07-14 01:00:00-04:00,29509.75,29610.0,29490.0,29604.5,4554,0.0,0.0
2026-07-14 01:30:00-04:00,29605.0,29631.25,29577.75,29593.0,3447,0.0,0.0
2026-07-14 02:00:00-04:00,29592.0,29649.75,29586.25,29606.25,4062,0.0,0.0
2026-07-14 02:30:00-04:00,29606.25,29634.25,29562.75,29564.25,2442,0.0,0.0
2026-07-14 03:00:00-04:00,29564.0,29621.25,29545.5,29604.5,3294,0.0,0.0
2026-07-14 03:30:00-04:00,29606.0,29609.75,29557.25,29574.5,2102,0.0,0.0
2026-07-14 04:00:00-04:00,29575.0,29632.0,29547.75,29618.25,3627,0.0,0.0
2026-07-14 04:30:00-04:00,29617.75,29636.25,29570.75,29573.0,1995,0.0,0.0
2026-07-14 05:00:00-04:00,29573.0,29629.5,29557.75,29574.75,2295,0.0,0.0
2026-07-14 05:30:00-04:00,29573.5,29623.75,29573.25,29602.25,1456,0.0,0.0
2026-07-14 06:00:00-04:00,29603.25,29620.25,29585.5,29598.75,917,0.0,0.0
2026-07-14 06:30:00-04:00,29595.75,29633.0,29578.75,29607.25,2027,0.0,0.0
2026-07-14 07:00:00-04:00,29606.75,29670.5,29555.0,29640.5,7424,0.0,0.0
2026-07-14 07:30:00-04:00,29640.75,29668.25,29613.75,29632.0,3373,0.0,0.0
2026-07-14 08:00:00-04:00,29635.0,29694.0,29570.0,29694.0,6128,0.0,0.0
2026-07-14 08:30:00-04:00,29694.0,29921.75,29677.0,29772.5,23735,0.0,0.0
2026-07-14 09:00:00-04:00,29773.75,29832.0,29742.5,29811.75,11495,0.0,0.0
2026-07-14 09:30:00-04:00,29811.0,29815.75,29685.0,29781.25,45439,0.0,0.0
2026-07-14 10:00:00-04:00,29780.25,29804.75,29567.5,29684.5,44040,0.0,0.0
2026-07-14 10:30:00-04:00,29683.75,29839.75,29658.25,29772.5,33291,0.0,0.0
2026-07-14 11:00:00-04:00,29773.5,29889.0,29753.75,29884.5,30765,0.0,0.0
2026-07-14 11:30:00-04:00,29885.0,29895.75,29760.0,29785.5,24145,0.0,0.0
2026-07-14 12:00:00-04:00,29786.0,29791.25,29704.5,29779.25,21057,0.0,0.0
2026-07-14 12:30:00-04:00,29778.5,29830.0,29750.25,29826.75,15076,0.0,0.0
2026-07-14 13:00:00-04:00,29826.75,29867.0,29807.0,29850.0,14566,0.0,0.0
2026-07-14 13:30:00-04:00,29849.5,29865.5,29818.75,29863.25,9672,0.0,0.0
2026-07-14 14:00:00-04:00,29863.0,29878.25,29842.5,29853.75,9709,0.0,0.0
2026-07-14 14:30:00-04:00,29854.0,29869.5,29810.5,29824.0,13188,0.0,0.0
2026-07-14 15:00:00-04:00,29824.5,29837.75,29780.0,29796.75,14733,0.0,0.0
2026-07-14 15:30:00-04:00,29797.25,29836.0,29771.0,29786.75,26671,0.0,0.0
2026-07-14 16:00:00-04:00,29786.5,29810.0,29767.75,29775.0,10778,0.0,0.0
2026-07-14 16:30:00-04:00,29774.5,29801.5,29772.75,29793.5,2683,0.0,0.0
2026-07-14 18:00:00-04:00,29805.0,29806.25,29745.5,29786.25,2155,0.0,0.0
2026-07-14 18:30:00-04:00,29788.5,29796.0,29764.25,29773.25,1555,0.0,0.0
2026-07-14 19:00:00-04:00,29772.75,29873.0,29758.0,29866.75,3140,0.0,0.0
2026-07-14 19:30:00-04:00,29866.25,29900.0,29844.5,29889.25,2894,0.0,0.0
2026-07-14 20:00:00-04:00,29889.0,29938.0,29837.5,29918.0,4582,0.0,0.0
2026-07-14 20:30:00-04:00,29920.25,29929.5,29841.0,29918.0,3912,0.0,0.0
2026-07-14 21:00:00-04:00,29920.0,29942.75,29860.0,29922.75,3500,0.0,0.0
2026-07-14 21:30:00-04:00,29924.25,29959.25,29891.5,29957.25,3114,0.0,0.0
2026-07-14 22:00:00-04:00,29958.75,29981.75,29949.25,29966.75,2780,0.0,0.0
2026-07-14 22:30:00-04:00,29970.0,29987.25,29959.0,29960.75,1855,0.0,0.0
2026-07-14 23:00:00-04:00,29961.0,29985.0,29947.25,29978.5,2101,0.0,0.0
2026-07-14 23:30:00-04:00,29979.0,30019.25,29977.25,30014.0,2014,0.0,0.0
2026-07-15 00:00:00-04:00,30000.25,30013.0,29989.25,29990.25,1425,0.0,0.0
2026-07-15 00:30:00-04:00,29990.75,30025.0,29983.25,30021.75,1758,0.0,0.0
2026-07-15 01:00:00-04:00,30022.5,30058.25,29976.75,29981.75,5310,0.0,0.0
2026-07-15 01:30:00-04:00,29980.75,30032.0,29967.75,30032.0,2748,0.0,0.0
2026-07-15 02:00:00-04:00,30031.75,30050.0,30023.0,30039.25,2610,0.0,0.0
2026-07-15 02:30:00-04:00,30041.75,30045.25,30009.75,30030.0,2356,0.0,0.0
2026-07-15 03:00:00-04:00,30030.5,30062.5,29928.0,29969.0,4948,0.0,0.0
2026-07-15 03:30:00-04:00,29968.0,30005.25,29945.25,29996.25,3038,0.0,0.0
2026-07-15 04:00:00-04:00,29997.25,29998.75,29872.0,29913.5,4572,0.0,0.0
2026-07-15 04:30:00-04:00,29912.75,29943.5,29897.75,29936.5,2252,0.0,0.0
2026-07-15 05:00:00-04:00,29937.75,29963.5,29937.75,29950.25,1369,0.0,0.0
2026-07-15 05:30:00-04:00,29947.75,29959.75,29914.25,29924.75,1416,0.0,0.0
2026-07-15 06:00:00-04:00,29926.0,29947.25,29886.0,29896.0,1803,0.0,0.0
2026-07-15 06:30:00-04:00,29897.75,29934.25,29890.0,29927.25,1612,0.0,0.0
2026-07-15 07:00:00-04:00,29926.0,29953.0,29915.25,29921.5,1753,0.0,0.0
2026-07-15 07:30:00-04:00,29922.75,29942.0,29904.5,29912.5,1783,0.0,0.0
2026-07-15 08:00:00-04:00,29914.5,29919.5,29856.25,29875.5,2900,0.0,0.0
2026-07-15 08:30:00-04:00,29875.25,29995.25,29856.5,29980.0,10421,0.0,0.0
2026-07-15 09:00:00-04:00,29980.0,29999.75,29936.25,29954.75,7020,0.0,0.0
2026-07-15 09:30:00-04:00,29955.25,29977.5,29754.5,29822.5,55647,0.0,0.0
2026-07-15 10:00:00-04:00,29823.5,29892.5,29639.25,29724.0,46672,0.0,0.0
2026-07-15 10:30:00-04:00,29723.75,29736.75,29536.75,29630.75,45396,0.0,0.0
2026-07-15 11:00:00-04:00,29632.0,29661.75,29526.5,29641.0,29027,0.0,0.0
2026-07-15 11:30:00-04:00,29640.75,29656.25,29560.0,29582.0,21360,0.0,0.0
2026-07-15 12:00:00-04:00,29580.25,29599.5,29431.25,29462.0,28234,0.0,0.0
2026-07-15 12:30:00-04:00,29462.0,29540.25,29397.0,29512.75,26829,0.0,0.0
2026-07-15 13:00:00-04:00,29512.75,29608.25,29504.75,29604.0,18820,0.0,0.0
2026-07-15 13:30:00-04:00,29604.75,29705.75,29604.5,29686.5,23347,0.0,0.0
2026-07-15 14:00:00-04:00,29686.5,29742.75,29681.75,29724.5,21444,0.0,0.0
2026-07-15 14:30:00-04:00,29724.5,29735.0,29595.0,29613.25,20578,0.0,0.0
2026-07-15 15:00:00-04:00,29613.0,29668.75,29589.0,29643.25,18767,0.0,0.0
2026-07-15 15:30:00-04:00,29643.25,29707.0,29608.5,29700.5,30925,0.0,0.0
2026-07-15 16:00:00-04:00,29700.75,29737.0,29664.0,29718.75,10672,0.0,0.0
2026-07-15 16:30:00-04:00,29718.5,29720.5,29700.0,29707.5,1808,0.0,0.0
2026-07-15 18:00:00-04:00,29709.0,29749.0,29700.0,29716.25,1474,0.0,0.0
2026-07-15 18:30:00-04:00,29716.5,29724.0,29677.0,29716.25,3115,0.0,0.0
2026-07-15 19:00:00-04:00,29716.0,29736.25,29695.5,29718.5,2064,0.0,0.0
2026-07-15 19:30:00-04:00,29717.25,29734.0,29682.0,29690.0,1753,0.0,0.0
2026-07-15 20:00:00-04:00,29690.0,29763.25,29662.5,29669.5,4685,0.0,0.0
2026-07-15 20:30:00-04:00,29670.0,29695.75,29622.25,29651.25,4262,0.0,0.0
2026-07-15 21:00:00-04:00,29653.75,29668.0,29601.5,29605.25,3121,0.0,0.0
2026-07-15 21:30:00-04:00,29604.5,29685.75,29595.75,29651.0,3619,0.0,0.0
2026-07-15 22:00:00-04:00,29651.25,29706.0,29620.0,29696.75,3135,0.0,0.0
2026-07-15 22:30:00-04:00,29695.5,29736.0,29670.0,29727.0,3289,0.0,0.0
2026-07-15 23:00:00-04:00,29728.0,29751.75,29710.5,29716.5,2074,0.0,0.0
2026-07-15 23:30:00-04:00,29716.75,29747.0,29701.75,29737.75,1514,0.0,0.0
2026-07-16 00:00:00-04:00,29727.25,29756.25,29710.0,29716.0,1810,0.0,0.0
2026-07-16 00:30:00-04:00,29715.0,29721.25,29691.25,29708.0,1087,0.0,0.0
2026-07-16 01:00:00-04:00,29709.0,29775.5,29697.0,29765.75,2339,0.0,0.0
2026-07-16 01:30:00-04:00,29765.75,29797.0,29666.5,29686.5,3848,0.0,0.0
2026-07-16 02:00:00-04:00,29687.75,29749.75,29646.5,29686.0,5822,0.0,0.0
2026-07-16 02:30:00-04:00,29682.0,29697.25,29641.25,29683.75,2062,0.0,0.0
2026-07-16 03:00:00-04:00,29684.75,29686.5,29611.75,29622.5,3080,0.0,0.0
2026-07-16 03:30:00-04:00,29623.5,29629.25,29548.5,29562.25,3187,0.0,0.0
2026-07-16 04:00:00-04:00,29563.5,29572.75,29478.75,29538.5,4522,0.0,0.0
2026-07-16 04:30:00-04:00,29539.5,29595.5,29528.25,29591.5,2426,0.0,0.0
2026-07-16 05:00:00-04:00,29593.25,29645.25,29592.0,29613.25,2634,0.0,0.0
2026-07-16 05:30:00-04:00,29614.75,29631.0,29528.0,29531.25,2869,0.0,0.0
2026-07-16 06:00:00-04:00,29530.25,29561.25,29512.25,29537.5,2224,0.0,0.0
2026-07-16 06:30:00-04:00,29537.25,29555.75,29502.5,29531.0,2315,0.0,0.0
2026-07-16 07:00:00-04:00,29528.75,29532.0,29446.25,29472.0,4060,0.0,0.0
2026-07-16 07:30:00-04:00,29472.75,29472.75,29361.0,29446.75,6257,0.0,0.0
2026-07-16 08:00:00-04:00,29445.75,29457.25,29378.0,29408.0,5867,0.0,0.0
2026-07-16 08:30:00-04:00,29407.75,29427.75,29363.5,29392.25,6046,0.0,0.0
2026-07-16 09:00:00-04:00,29393.25,29488.5,29387.75,29464.75,9600,0.0,0.0
2026-07-16 09:30:00-04:00,29464.75,29532.0,29255.5,29347.5,60247,0.0,0.0
2026-07-16 10:00:00-04:00,29346.5,29501.0,29315.25,29482.5,41143,0.0,0.0
2026-07-16 10:30:00-04:00,29483.25,29513.5,29362.0,29433.75,27643,0.0,0.0
2026-07-16 11:00:00-04:00,29435.5,29458.75,29336.0,29406.75,29729,0.0,0.0
2026-07-16 11:30:00-04:00,29406.5,29468.0,29354.5,29392.0,22700,0.0,0.0
2026-07-16 12:00:00-04:00,29392.5,29395.25,29260.75,29299.25,25195,0.0,0.0
2026-07-16 12:30:00-04:00,29300.5,29352.5,29270.75,29338.25,17893,0.0,0.0
2026-07-16 13:00:00-04:00,29339.0,29343.0,29275.0,29333.0,15442,0.0,0.0
2026-07-16 13:30:00-04:00,29334.0,29345.0,29219.0,29244.5,20257,0.0,0.0
2026-07-16 14:00:00-04:00,29244.25,29304.0,29217.25,29269.75,19502,0.0,0.0
2026-07-16 14:30:00-04:00,29269.0,29269.25,29198.5,29210.5,16126,0.0,0.0
2026-07-16 15:00:00-04:00,29210.0,29242.0,29119.0,29148.5,23424,0.0,0.0
2026-07-16 15:30:00-04:00,29147.5,29238.25,29078.5,29217.0,44843,0.0,0.0
2026-07-16 16:00:00-04:00,29217.75,29231.25,29162.75,29181.0,14811,0.0,0.0
2026-07-16 16:30:00-04:00,29180.25,29189.75,29164.0,29179.0,3457,0.0,0.0
2026-07-16 18:00:00-04:00,29191.0,29220.0,29136.5,29139.75,2222,0.0,0.0
2026-07-16 18:30:00-04:00,29139.0,29159.25,29115.25,29136.5,2610,0.0,0.0
2026-07-16 19:00:00-04:00,29134.75,29144.75,29075.75,29093.0,2873,0.0,0.0
2026-07-16 19:30:00-04:00,29092.5,29129.75,29060.0,29096.5,2866,0.0,0.0
2026-07-16 20:00:00-04:00,29095.5,29124.25,29011.0,29018.25,5768,0.0,0.0
2026-07-16 20:30:00-04:00,29018.5,29082.0,28993.5,29057.0,5850,0.0,0.0
2026-07-16 21:00:00-04:00,29059.75,29105.5,29010.5,29039.5,4472,0.0,0.0
2026-07-16 21:30:00-04:00,29040.75,29044.0,28945.75,28972.0,5763,0.0,0.0
2026-07-16 22:00:00-04:00,28970.75,28985.75,28917.25,28928.75,3329,0.0,0.0
2026-07-16 22:30:00-04:00,28927.25,28940.75,28902.25,28925.0,3884,0.0,0.0
2026-07-16 23:00:00-04:00,28926.25,29026.0,28915.0,29015.25,3885,0.0,0.0
2026-07-16 23:30:00-04:00,29013.5,29016.75,28913.75,28922.25,4008,0.0,0.0
2026-07-17 00:00:00-04:00,28873.5,28879.25,28803.0,28809.5,6630,0.0,0.0
2026-07-17 00:30:00-04:00,28808.0,28841.25,28774.5,28804.75,5422,0.0,0.0
2026-07-17 01:00:00-04:00,28806.0,28823.0,28783.5,28791.0,3615,0.0,0.0
2026-07-17 01:30:00-04:00,28792.5,28811.75,28725.0,28756.25,5166,0.0,0.0
2026-07-17 02:00:00-04:00,28755.0,28824.5,28722.5,28815.25,5886,0.0,0.0
2026-07-17 02:30:00-04:00,28814.25,28825.0,28730.5,28743.0,3815,0.0,0.0
2026-07-17 03:00:00-04:00,28744.25,28767.5,28713.5,28748.0,4958,0.0,0.0
2026-07-17 03:30:00-04:00,28750.0,28759.5,28682.5,28688.0,3762,0.0,0.0
2026-07-17 04:00:00-04:00,28687.5,28735.0,28577.25,28609.75,9646,0.0,0.0
2026-07-17 04:30:00-04:00,28609.5,28662.0,28550.0,28630.0,6162,0.0,0.0
2026-07-17 05:00:00-04:00,28628.75,28690.5,28618.75,28690.0,4405,0.0,0.0
2026-07-17 05:30:00-04:00,28691.0,28728.0,28661.75,28711.5,4011,0.0,0.0
2026-07-17 06:00:00-04:00,28711.75,28787.25,28691.5,28773.5,6782,0.0,0.0
2026-07-17 06:30:00-04:00,28772.25,28825.5,28763.0,28785.0,5584,0.0,0.0
2026-07-17 07:00:00-04:00,28786.75,28808.25,28728.25,28761.75,5928,0.0,0.0
2026-07-17 07:30:00-04:00,28763.0,28765.0,28713.5,28741.5,3459,0.0,0.0
2026-07-17 08:00:00-04:00,28740.0,28744.75,28662.0,28675.75,5657,0.0,0.0
2026-07-17 08:30:00-04:00,28674.75,28690.75,28645.5,28664.5,6180,0.0,0.0
2026-07-17 09:00:00-04:00,28664.75,28665.75,28581.0,28607.75,13739,0.0,0.0
2026-07-17 09:30:00-04:00,28607.0,28686.0,28408.25,28676.0,72811,0.0,0.0
2026-07-17 10:00:00-04:00,28676.0,28887.5,28665.25,28832.0,59569,0.0,0.0
2026-07-17 10:30:00-04:00,28832.0,28896.0,28721.0,28727.0,44180,0.0,0.0
2026-07-17 11:00:00-04:00,28727.0,28760.0,28672.25,28753.5,30930,0.0,0.0
2026-07-17 11:30:00-04:00,28753.25,28948.5,28718.0,28933.5,33736,0.0,0.0
2026-07-17 12:00:00-04:00,28934.0,28956.0,28846.0,28913.5,32401,0.0,0.0
2026-07-17 12:30:00-04:00,28914.25,29028.0,28885.75,28974.25,24228,0.0,0.0
2026-07-17 13:00:00-04:00,28974.75,29050.25,28966.25,29035.5,22704,0.0,0.0
2026-07-17 13:30:00-04:00,29035.75,29042.25,28883.75,28895.75,19123,0.0,0.0
2026-07-17 14:00:00-04:00,28896.25,28937.0,28822.5,28851.75,19967,0.0,0.0
2026-07-17 14:30:00-04:00,28852.0,28891.75,28797.0,28861.25,21995,0.0,0.0
2026-07-17 15:00:00-04:00,28861.0,28869.25,28718.5,28795.5,21510,0.0,0.0
2026-07-17 15:30:00-04:00,28795.75,28853.5,28753.75,28764.25,37791,0.0,0.0
2026-07-17 16:00:00-04:00,28764.5,28768.0,28712.5,28749.75,15075,0.0,0.0
2026-07-17 16:30:00-04:00,28749.5,28779.75,28749.25,28773.25,4502,0.0,0.0
2026-07-19 18:00:00-04:00,28733.75,28818.75,28709.75,28766.5,3804,0.0,0.0
2026-07-19 18:30:00-04:00,28763.75,28851.0,28757.75,28814.5,3665,0.0,0.0
2026-07-19 19:00:00-04:00,28818.0,28836.25,28781.0,28805.25,2571,0.0,0.0
2026-07-19 19:30:00-04:00,28805.5,28880.25,28793.75,28868.25,3631,0.0,0.0
2026-07-19 20:00:00-04:00,28870.0,28963.5,28806.0,28935.0,7054,0.0,0.0
2026-07-19 20:30:00-04:00,28935.75,28938.25,28850.0,28859.25,4684,0.0,0.0
2026-07-19 21:00:00-04:00,28861.75,28917.5,28811.5,28815.5,4980,0.0,0.0
2026-07-19 21:30:00-04:00,28815.0,28834.75,28762.75,28795.75,4525,0.0,0.0
2026-07-19 22:00:00-04:00,28798.5,28889.0,28793.0,28811.25,4247,0.0,0.0
2026-07-19 22:30:00-04:00,28811.0,28948.0,28809.5,28886.0,4043,0.0,0.0
2026-07-19 23:00:00-04:00,28888.0,28913.75,28856.0,28876.5,2429,0.0,0.0
2026-07-19 23:30:00-04:00,28876.5,28937.75,28851.0,28894.5,2827,0.0,0.0
2026-07-20 00:00:00-04:00,28900.0,28918.75,28844.5,28900.5,2443,0.0,0.0
2026-07-20 00:30:00-04:00,28900.25,28942.0,28888.25,28897.75,2689,0.0,0.0
2026-07-20 01:00:00-04:00,28898.0,28901.75,28812.75,28832.75,3106,0.0,0.0
2026-07-20 01:30:00-04:00,28831.25,28839.0,28789.0,28807.25,2514,0.0,0.0
2026-07-20 02:00:00-04:00,28808.0,28823.75,28768.75,28785.0,2537,0.0,0.0
2026-07-20 02:30:00-04:00,28786.5,28813.5,28766.0,28803.5,2222,0.0,0.0
2026-07-20 03:00:00-04:00,28805.75,28885.75,28797.75,28880.25,3365,0.0,0.0
2026-07-20 03:30:00-04:00,28880.0,28926.0,28878.25,28911.0,3679,0.0,0.0
2026-07-20 04:00:00-04:00,28908.25,28939.75,28889.5,28902.5,3047,0.0,0.0
2026-07-20 04:30:00-04:00,28902.25,28907.25,28860.0,28882.0,1873,0.0,0.0
2026-07-20 05:00:00-04:00,28879.25,28915.75,28854.0,28904.75,1689,0.0,0.0
2026-07-20 05:30:00-04:00,28904.25,28998.25,28898.0,28952.5,4139,0.0,0.0
2026-07-20 06:00:00-04:00,28952.75,28962.25,28920.5,28956.75,2639,0.0,0.0
2026-07-20 06:30:00-04:00,28955.0,28980.0,28947.25,28969.0,2200,0.0,0.0
2026-07-20 07:00:00-04:00,28970.75,29026.5,28963.75,28998.75,3998,0.0,0.0
2026-07-20 07:30:00-04:00,28997.75,29109.5,28995.5,29072.5,9762,0.0,0.0
2026-07-20 08:00:00-04:00,29072.5,29075.5,28981.75,29034.75,6107,0.0,0.0
2026-07-20 08:30:00-04:00,29036.0,29046.0,29001.0,29025.0,4702,0.0,0.0
2026-07-20 09:00:00-04:00,29025.0,29060.0,29016.75,29045.0,7832,0.0,0.0
2026-07-20 09:30:00-04:00,29045.0,29192.5,28979.75,28994.75,60552,0.0,0.0
2026-07-20 10:00:00-04:00,28996.0,29049.0,28908.0,29030.75,43183,0.0,0.0
2026-07-20 10:30:00-04:00,29030.75,29053.75,28874.0,28891.5,32272,0.0,0.0
2026-07-20 11:00:00-04:00,28891.75,29024.5,28873.25,29015.5,29854,0.0,0.0
2026-07-20 11:30:00-04:00,29015.75,29066.75,28974.0,29050.75,20806,0.0,0.0
2026-07-20 12:00:00-04:00,29050.75,29119.0,29028.75,29084.5,20433,0.0,0.0
2026-07-20 12:30:00-04:00,29085.0,29101.25,28956.0,28983.75,25703,0.0,0.0
2026-07-20 13:00:00-04:00,28983.0,28999.75,28910.25,28957.25,17894,0.0,0.0
2026-07-20 13:30:00-04:00,28958.25,28982.75,28900.75,28956.5,14794,0.0,0.0
2026-07-20 14:00:00-04:00,28957.0,29009.75,28932.0,28949.0,15125,0.0,0.0
2026-07-20 14:30:00-04:00,28949.0,28949.0,28855.75,28870.0,19987,0.0,0.0
2026-07-20 15:00:00-04:00,28871.0,28896.0,28796.5,28855.5,23421,0.0,0.0
2026-07-20 15:30:00-04:00,28855.75,28894.25,28767.75,28785.75,34821,0.0,0.0
2026-07-20 16:00:00-04:00,28785.25,28831.5,28750.5,28759.25,10915,0.0,0.0
2026-07-20 16:30:00-04:00,28759.0,28785.75,28757.75,28777.0,2560,0.0,0.0
2026-07-20 18:00:00-04:00,28778.25,28803.5,28705.0,28719.75,2086,0.0,0.0
2026-07-20 18:30:00-04:00,28721.5,28734.25,28701.0,28717.75,1746,0.0,0.0
2026-07-20 19:00:00-04:00,28717.75,28822.0,28711.25,28819.0,3392,0.0,0.0
2026-07-20 19:30:00-04:00,28818.75,28832.5,28757.75,28779.25,3440,0.0,0.0
2026-07-20 20:00:00-04:00,28777.5,28834.5,28707.25,28816.5,7019,0.0,0.0
2026-07-20 20:30:00-04:00,28818.25,28897.0,28813.75,28856.25,4885,0.0,0.0
2026-07-20 21:00:00-04:00,28859.75,28912.5,28837.5,28891.0,4227,0.0,0.0
2026-07-20 21:30:00-04:00,28891.75,28920.5,28866.5,28885.25,3172,0.0,0.0
2026-07-20 22:00:00-04:00,28885.25,28937.75,28859.0,28894.5,3212,0.0,0.0
2026-07-20 22:30:00-04:00,28894.5,28956.75,28894.25,28955.0,2559,0.0,0.0
2026-07-20 23:00:00-04:00,28954.0,28997.5,28951.25,28996.25,2279,0.0,0.0
2026-07-20 23:30:00-04:00,28996.25,29078.0,28992.0,29058.25,5092,0.0,0.0
2026-07-21 00:00:00-04:00,29075.75,29077.25,29055.75,29064.0,3382,0.0,0.0
2026-07-21 00:30:00-04:00,29065.25,29076.75,29048.0,29054.0,1985,0.0,0.0
2026-07-21 01:00:00-04:00,29055.75,29071.25,29016.5,29066.75,2569,0.0,0.0
2026-07-21 01:30:00-04:00,29066.0,29105.0,29039.75,29098.25,3088,0.0,0.0
2026-07-21 02:00:00-04:00,29096.25,29143.5,29096.25,29112.25,4351,0.0,0.0
2026-07-21 02:30:00-04:00,29113.25,29155.5,29113.25,29146.5,2563,0.0,0.0
2026-07-21 03:00:00-04:00,29147.75,29162.0,29092.5,29103.0,3464,0.0,0.0
2026-07-21 03:30:00-04:00,29102.0,29127.0,29088.0,29117.25,2539,0.0,0.0
2026-07-21 04:00:00-04:00,29118.0,29168.0,29104.0,29168.0,3507,0.0,0.0
2026-07-21 04:30:00-04:00,29167.5,29176.75,29149.75,29167.0,2799,0.0,0.0
2026-07-21 05:00:00-04:00,29168.0,29195.25,29162.5,29166.75,2780,0.0,0.0
2026-07-21 05:30:00-04:00,29165.5,29185.5,29151.25,29155.0,2313,0.0,0.0
2026-07-21 06:00:00-04:00,29155.25,29198.5,29154.75,29173.25,2552,0.0,0.0
2026-07-21 06:30:00-04:00,29174.25,29207.0,29155.5,29166.25,3134,0.0,0.0
2026-07-21 07:00:00-04:00,29167.75,29184.0,29119.5,29129.75,4466,0.0,0.0
2026-07-21 07:30:00-04:00,29129.0,29182.0,29126.0,29154.25,4214,0.0,0.0
2026-07-21 08:00:00-04:00,29153.5,29195.25,29133.25,29134.25,5135,0.0,0.0
2026-07-21 08:30:00-04:00,29133.0,29186.75,29111.5,29171.5,6401,0.0,0.0
2026-07-21 09:00:00-04:00,29173.5,29225.0,29155.75,29221.5,7693,0.0,0.0
2026-07-21 09:30:00-04:00,29222.5,29246.25,29092.5,29152.75,60558,0.0,0.0
2026-07-21 10:00:00-04:00,29153.5,29218.25,29064.25,29207.25,42153,0.0,0.0
2026-07-21 10:30:00-04:00,29207.25,29256.5,29162.0,29237.5,29764,0.0,0.0
2026-07-21 11:00:00-04:00,29237.25,29320.0,29181.0,29307.5,28492,0.0,0.0
2026-07-21 11:30:00-04:00,29307.0,29308.5,29256.25,29259.25,20137,0.0,0.0
2026-07-21 12:00:00-04:00,29259.25,29337.75,29254.25,29312.5,18192,0.0,0.0
2026-07-21 12:30:00-04:00,29313.0,29352.5,29302.0,29331.75,14726,0.0,0.0
2026-07-21 13:00:00-04:00,29331.5,29355.5,29323.0,29333.0,12069,0.0,0.0
2026-07-21 13:30:00-04:00,29333.25,29364.75,29327.25,29341.25,12344,0.0,0.0
2026-07-21 14:00:00-04:00,29341.5,29361.75,29318.5,29325.0,11249,0.0,0.0
2026-07-21 14:30:00-04:00,29325.25,29355.75,29310.5,29328.5,12896,0.0,0.0
2026-07-21 15:00:00-04:00,29328.25,29335.5,29290.75,29293.75,14854,0.0,0.0
2026-07-21 15:30:00-04:00,29293.25,29352.0,29290.75,29310.75,37115,0.0,0.0
2026-07-21 16:00:00-04:00,29312.0,29316.75,29283.75,29292.5,11865,0.0,0.0
2026-07-21 16:30:00-04:00,29292.5,29304.25,29279.0,29289.75,3613,0.0,0.0
2026-07-21 18:00:00-04:00,29310.75,29310.75,29265.0,29271.0,1534,0.0,0.0
2026-07-21 18:30:00-04:00,29270.0,29284.0,29253.0,29273.75,1531,0.0,0.0
2026-07-21 19:00:00-04:00,29273.5,29304.75,29261.0,29297.25,1743,0.0,0.0
2026-07-21 19:30:00-04:00,29296.25,29304.5,29268.0,29298.5,2137,0.0,0.0
2026-07-21 20:00:00-04:00,29298.5,29337.0,29286.0,29299.0,4389,0.0,0.0
2026-07-21 20:30:00-04:00,29300.25,29305.5,29258.25,29288.0,3301,0.0,0.0
2026-07-21 21:00:00-04:00,29289.75,29293.75,29234.5,29246.0,3387,0.0,0.0
2026-07-21 21:30:00-04:00,29243.0,29307.0,29232.0,29277.25,3160,0.0,0.0
2026-07-21 22:00:00-04:00,29277.25,29284.5,29238.25,29276.0,2665,0.0,0.0
2026-07-21 22:30:00-04:00,29275.5,29277.25,29228.0,29238.25,2259,0.0,0.0
2026-07-21 23:00:00-04:00,29239.25,29262.0,29210.0,29262.0,2982,0.0,0.0
2026-07-21 23:30:00-04:00,29260.25,29267.25,29190.25,29197.0,2822,0.0,0.0
2026-07-22 00:00:00-04:00,29223.0,29238.5,29209.0,29234.0,2176,0.0,0.0
2026-07-22 00:30:00-04:00,29231.75,29232.5,29193.75,29221.5,1859,0.0,0.0
2026-07-22 01:00:00-04:00,29222.25,29225.25,29166.0,29166.0,2359,0.0,0.0
2026-07-22 01:30:00-04:00,29165.5,29183.75,29140.25,29172.75,3067,0.0,0.0
2026-07-22 02:00:00-04:00,29171.25,29173.0,29060.0,29079.5,4990,0.0,0.0
2026-07-22 02:30:00-04:00,29077.75,29115.5,29062.25,29092.75,3758,0.0,0.0
2026-07-22 03:00:00-04:00,29091.75,29124.5,29051.0,29119.25,4145,0.0,0.0
2026-07-22 03:30:00-04:00,29117.5,29123.75,29025.75,29056.0,4596,0.0,0.0
2026-07-22 04:00:00-04:00,29059.75,29107.0,29038.75,29100.25,4067,0.0,0.0
2026-07-22 04:30:00-04:00,29101.25,29117.75,29079.0,29110.0,1816,0.0,0.0
2026-07-22 05:00:00-04:00,29110.25,29150.0,29106.25,29126.25,2663,0.0,0.0
2026-07-22 05:30:00-04:00,29125.0,29128.5,29089.25,29127.0,2363,0.0,0.0
2026-07-22 06:00:00-04:00,29128.25,29168.5,29113.0,29161.25,3495,0.0,0.0
2026-07-22 06:30:00-04:00,29162.25,29173.0,29133.0,29153.0,2475,0.0,0.0
2026-07-22 07:00:00-04:00,29154.0,29164.75,29099.25,29101.75,3748,0.0,0.0
2026-07-22 07:30:00-04:00,29102.0,29114.5,29017.5,29054.0,6165,0.0,0.0
2026-07-22 08:00:00-04:00,29056.5,29071.0,28995.0,29027.0,6810,0.0,0.0
2026-07-22 08:30:00-04:00,29028.0,29068.75,28952.0,29017.25,11182,0.0,0.0
2026-07-22 09:00:00-04:00,29017.5,29099.0,29017.5,29089.75,8057,0.0,0.0
2026-07-22 09:30:00-04:00,29090.5,29277.25,29090.0,29276.75,56286,0.0,0.0
2026-07-22 10:00:00-04:00,29277.0,29283.75,29196.0,29220.0,38631,0.0,0.0
2026-07-22 10:30:00-04:00,29219.25,29260.25,29172.75,29241.0,29478,0.0,0.0
2026-07-22 11:00:00-04:00,29241.25,29342.25,29240.25,29324.5,25179,0.0,0.0
2026-07-22 11:30:00-04:00,29324.25,29335.5,29274.25,29329.5,19203,0.0,0.0
2026-07-22 12:00:00-04:00,29330.25,29335.0,29300.25,29311.0,12270,0.0,0.0
2026-07-22 12:30:00-04:00,29311.0,29328.25,29276.75,29310.5,12859,0.0,0.0
2026-07-22 13:00:00-04:00,29310.5,29331.25,29295.0,29306.0,12569,0.0,0.0
2026-07-22 13:30:00-04:00,29304.0,29320.0,29234.25,29244.25,15120,0.0,0.0
2026-07-22 14:00:00-04:00,29244.0,29271.25,29222.25,29239.0,16953,0.0,0.0
2026-07-22 14:30:00-04:00,29239.0,29259.0,29207.75,29245.25,14383,0.0,0.0
2026-07-22 15:00:00-04:00,29245.75,29260.0,29215.5,29253.0,13941,0.0,0.0
2026-07-22 15:30:00-04:00,29253.5,29254.25,29158.25,29160.5,30352,0.0,0.0
2026-07-22 16:00:00-04:00,29161.0,29260.0,29119.0,29217.5,23415,0.0,0.0
2026-07-22 16:30:00-04:00,29216.25,29225.75,29165.0,29165.0,4288,0.0,0.0
2026-07-22 18:00:00-04:00,29100.0,29142.5,29060.5,29080.5,3484,0.0,0.0
2026-07-22 18:30:00-04:00,29081.25,29091.25,29039.25,29072.75,3200,0.0,0.0
2026-07-22 19:00:00-04:00,29073.5,29081.25,29021.75,29058.75,2899,0.0,0.0
2026-07-22 19:30:00-04:00,29059.0,29145.5,29058.75,29142.25,3728,0.0,0.0
2026-07-22 20:00:00-04:00,29143.75,29255.5,29132.5,29226.5,6484,0.0,0.0
2026-07-22 20:30:00-04:00,29226.75,29282.5,29218.25,29255.0,4485,0.0,0.0
2026-07-22 21:00:00-04:00,29256.25,29273.5,29232.5,29240.25,3423,0.0,0.0
2026-07-22 21:30:00-04:00,29242.0,29260.5,29175.5,29176.0,5108,0.0,0.0
2026-07-22 22:00:00-04:00,29176.0,29201.0,29092.0,29105.0,4129,0.0,0.0
2026-07-22 22:30:00-04:00,29104.5,29126.75,29057.0,29089.0,4443,0.0,0.0
2026-07-22 23:00:00-04:00,29093.5,29096.75,29029.5,29084.25,4366,0.0,0.0
2026-07-22 23:30:00-04:00,29083.25,29128.0,29072.25,29125.0,2949,0.0,0.0
2026-07-23 00:00:00-04:00,29097.75,29163.0,29084.5,29151.5,3919,0.0,0.0
2026-07-23 00:30:00-04:00,29153.5,29165.25,29112.5,29125.25,2427,0.0,0.0
2026-07-23 01:00:00-04:00,29126.0,29170.75,29098.5,29170.75,2744,0.0,0.0
2026-07-23 01:30:00-04:00,29170.25,29183.25,29079.25,29088.0,3033,0.0,0.0
2026-07-23 02:00:00-04:00,29088.0,29116.5,29077.25,29108.75,2626,0.0,0.0
2026-07-23 02:30:00-04:00,29108.0,29119.25,29074.0,29084.0,2560,0.0,0.0
2026-07-23 03:00:00-04:00,29083.75,29086.75,28954.0,29015.5,7467,0.0,0.0
2026-07-23 03:30:00-04:00,29015.75,29019.75,28922.25,28987.5,5083,0.0,0.0
2026-07-23 04:00:00-04:00,28988.75,29061.25,28958.25,29051.0,5224,0.0,0.0
2026-07-23 04:30:00-04:00,29049.25,29111.0,29030.75,29103.0,3052,0.0,0.0
2026-07-23 05:00:00-04:00,29103.5,29137.75,29078.0,29091.0,3463,0.0,0.0
2026-07-23 05:30:00-04:00,29092.0,29092.0,29045.0,29055.25,2369,0.0,0.0
2026-07-23 06:00:00-04:00,29054.25,29067.0,29036.0,29053.0,2465,0.0,0.0
2026-07-23 06:30:00-04:00,29051.75,29122.25,29045.25,29103.0,3506,0.0,0.0
2026-07-23 07:00:00-04:00,29103.0,29106.5,28992.5,28993.75,4825,0.0,0.0
2026-07-23 07:30:00-04:00,28994.75,29002.25,28913.0,28965.0,8663,0.0,0.0
2026-07-23 08:00:00-04:00,28964.0,28967.75,28854.5,28864.5,8281,0.0,0.0
2026-07-23 08:30:00-04:00,28864.5,28875.0,28754.75,28787.5,15266,0.0,0.0
2026-07-23 09:00:00-04:00,28786.5,28804.5,28697.0,28719.25,22019,0.0,0.0
2026-07-23 09:30:00-04:00,28718.25,28883.0,28657.0,28707.75,78716,0.0,0.0
2026-07-23 10:00:00-04:00,28709.25,28801.25,28678.25,28731.5,51363,0.0,0.0
2026-07-23 10:30:00-04:00,28731.0,28773.25,28577.25,28596.75,48158,0.0,0.0
2026-07-23 11:00:00-04:00,28597.25,28604.5,28447.75,28467.25,50524,0.0,0.0
2026-07-23 11:30:00-04:00,28467.75,28590.0,28432.5,28588.5,33769,0.0,0.0
2026-07-23 12:00:00-04:00,28588.5,28715.0,28573.25,28707.25,28242,0.0,0.0
2026-07-23 12:30:00-04:00,28707.5,28738.25,28609.5,28640.75,28553,0.0,0.0
2026-07-23 13:00:00-04:00,28641.25,28676.75,28588.0,28652.5,23918,0.0,0.0
2026-07-23 13:30:00-04:00,28653.0,28657.0,28565.5,28568.0,18732,0.0,0.0
2026-07-23 14:00:00-04:00,28568.25,28584.25,28542.5,28575.0,18214,0.0,0.0
2026-07-23 14:30:00-04:00,28574.75,28603.5,28525.25,28550.0,17606,0.0,0.0
2026-07-23 15:00:00-04:00,28550.0,28595.25,28501.0,28583.0,20802,0.0,0.0
2026-07-23 15:30:00-04:00,28583.5,28633.5,28486.25,28615.0,43141,0.0,0.0
2026-07-23 16:00:00-04:00,28615.25,28777.25,28610.5,28769.5,22563,0.0,0.0
2026-07-23 16:30:00-04:00,28768.5,28782.0,28725.25,28739.25,5483,0.0,0.0
2026-07-23 18:00:00-04:00,28700.25,28709.25,28624.0,28662.25,2816,0.0,0.0
2026-07-23 18:30:00-04:00,28662.5,28732.75,28662.5,28731.25,2995,0.0,0.0
2026-07-23 19:00:00-04:00,28729.5,28736.0,28687.5,28698.5,2767,0.0,0.0
2026-07-23 19:30:00-04:00,28698.0,28708.25,28658.25,28679.0,3471,0.0,0.0
2026-07-23 20:00:00-04:00,28680.25,28724.0,28615.75,28643.0,7000,0.0,0.0
2026-07-23 20:30:00-04:00,28646.0,28680.0,28618.0,28672.0,4163,0.0,0.0
2026-07-23 21:00:00-04:00,28672.25,28701.5,28641.25,28656.25,3742,0.0,0.0
2026-07-23 21:30:00-04:00,28655.5,28685.5,28607.0,28614.25,3266,0.0,0.0
2026-07-23 22:00:00-04:00,28612.75,28632.0,28587.0,28594.75,3079,0.0,0.0
2026-07-23 22:30:00-04:00,28595.25,28598.25,28515.0,28519.25,4366,0.0,0.0
2026-07-23 23:00:00-04:00,28520.0,28560.75,28517.75,28545.5,3560,0.0,0.0
2026-07-23 23:30:00-04:00,28544.25,28555.75,28482.0,28486.0,4216,0.0,0.0
2026-07-24 00:00:00-04:00,28513.75,28556.75,28481.25,28551.75,3814,0.0,0.0
2026-07-24 00:30:00-04:00,28550.5,28571.5,28512.25,28565.25,2662,0.0,0.0
2026-07-24 01:00:00-04:00,28564.5,28602.0,28548.25,28582.25,2808,0.0,0.0
2026-07-24 01:30:00-04:00,28583.0,28607.0,28544.0,28545.0,2824,0.0,0.0
2026-07-24 02:00:00-04:00,28546.75,28576.25,28503.0,28534.5,4008,0.0,0.0
2026-07-24 02:30:00-04:00,28536.5,28561.5,28481.0,28543.75,3370,0.0,0.0
2026-07-24 03:00:00-04:00,28544.0,28663.0,28539.25,28654.0,5837,0.0,0.0
2026-07-24 03:30:00-04:00,28653.75,28658.0,28609.0,28614.25,2496,0.0,0.0
2026-07-24 04:00:00-04:00,28615.75,28622.25,28556.5,28621.75,3988,0.0,0.0
2026-07-24 04:30:00-04:00,28621.75,28649.5,28609.0,28622.0,2445,0.0,0.0
2026-07-24 05:00:00-04:00,28623.5,28681.25,28612.0,28672.75,3526,0.0,0.0
2026-07-24 05:30:00-04:00,28674.75,28704.25,28663.25,28700.5,2919,0.0,0.0
2026-07-24 06:00:00-04:00,28700.25,28706.25,28654.25,28667.5,2896,0.0,0.0
2026-07-24 06:30:00-04:00,28668.25,28686.5,28633.25,28640.5,2640,0.0,0.0
2026-07-24 07:00:00-04:00,28640.0,28666.75,28632.0,28644.25,2913,0.0,0.0
2026-07-24 07:30:00-04:00,28641.0,28700.0,28601.5,28680.5,5815,0.0,0.0
2026-07-24 08:00:00-04:00,28678.5,28698.5,28624.25,28686.5,6665,0.0,0.0
2026-07-24 08:30:00-04:00,28686.0,28689.0,28587.25,28592.0,6196,0.0,0.0
2026-07-24 09:00:00-04:00,28591.25,28616.0,28538.0,28540.25,9816,0.0,0.0
2026-07-24 09:30:00-04:00,28540.0,28622.0,28313.5,28322.25,68317,0.0,0.0
2026-07-24 10:00:00-04:00,28323.0,28451.25,28299.0,28391.0,54166,0.0,0.0
2026-07-24 10:30:00-04:00,28391.75,28461.5,28254.5,28449.25,43772,0.0,0.0
2026-07-24 11:00:00-04:00,28449.0,28557.25,28355.0,28499.75,47554,0.0,0.0
2026-07-24 11:30:00-04:00,28500.75,28583.75,28484.5,28576.0,31404,0.0,0.0
2026-07-24 12:00:00-04:00,28576.75,28630.75,28549.5,28565.75,23816,0.0,0.0
2026-07-24 12:30:00-04:00,28566.0,28569.0,28460.25,28495.75,22167,0.0,0.0
2026-07-24 13:00:00-04:00,28494.75,28521.75,28427.0,28514.5,23036,0.0,0.0
2026-07-24 13:30:00-04:00,28515.25,28544.0,28452.0,28466.0,16383,0.0,0.0
2026-07-24 14:00:00-04:00,28467.0,28486.0,28333.0,28336.25,18301,0.0,0.0
2026-07-24 14:30:00-04:00,28337.75,28346.75,28259.0,28302.5,27004,0.0,0.0
2026-07-24 15:00:00-04:00,28301.75,28328.5,28212.5,28253.5,24012,0.0,0.0
2026-07-24 15:30:00-04:00,28253.0,28304.75,28224.5,28283.25,41981,0.0,0.0
2026-07-24 16:00:00-04:00,28283.5,28329.5,28259.25,28305.0,12000,0.0,0.0
2026-07-24 16:30:00-04:00,28303.5,28313.5,28282.25,28282.25,3319,0.0,0.0
2026-07-26 18:00:00-04:00,28594.5,28647.0,28585.5,28623.25,2760,0.0,0.0
2026-07-26 18:30:00-04:00,28623.5,28641.5,28604.0,28609.5,2155,0.0,0.0
2026-07-26 19:00:00-04:00,28612.25,28638.75,28597.75,28616.75,2140,0.0,0.0
2026-07-26 19:30:00-04:00,28617.0,28731.0,28610.5,28727.5,4742,0.0,0.0
2026-07-26 20:00:00-04:00,28728.25,28733.75,28581.75,28619.25,8428,0.0,0.0
2026-07-26 20:30:00-04:00,28618.25,28656.0,28595.25,28598.25,4032,0.0,0.0
2026-07-26 21:00:00-04:00,28599.75,28634.5,28525.0,28538.0,5462,0.0,0.0
2026-07-26 21:30:00-04:00,28542.75,28621.25,28536.0,28614.0,4503,0.0,0.0
2026-07-26 22:00:00-04:00,28614.75,28652.75,28587.0,28638.5,3227,0.0,0.0
2026-07-26 22:30:00-04:00,28639.0,28658.5,28606.25,28615.5,2235,0.0,0.0
2026-07-26 23:00:00-04:00,28615.5,28650.75,28606.0,28619.25,2219,0.0,0.0
2026-07-26 23:30:00-04:00,28620.5,28637.0,28592.75,28613.5,1799,0.0,0.0
2026-07-27 00:00:00-04:00,28614.0,28647.0,28597.75,28620.75,1696,0.0,0.0
2026-07-27 00:30:00-04:00,28620.75,28663.0,28609.25,28644.0,1882,0.0,0.0
2026-07-27 01:00:00-04:00,28646.25,28684.0,28638.0,28679.75,1879,0.0,0.0
2026-07-27 01:30:00-04:00,28680.0,28704.25,28673.75,28694.5,2446,0.0,0.0
2026-07-27 02:00:00-04:00,28694.5,28728.5,28693.75,28697.75,2973,0.0,0.0
2026-07-27 02:30:00-04:00,28697.25,28715.5,28680.0,28695.0,2638,0.0,0.0
2026-07-27 03:00:00-04:00,28692.75,28732.0,28689.0,28705.25,2776,0.0,0.0
2026-07-27 03:30:00-04:00,28703.25,28704.0,28661.25,28661.75,2884,0.0,0.0
2026-07-27 04:00:00-04:00,28661.0,28724.25,28658.5,28719.0,2684,0.0,0.0
2026-07-27 04:30:00-04:00,28720.75,28749.5,28703.25,28736.0,2602,0.0,0.0
2026-07-27 05:00:00-04:00,28737.0,28738.75,28719.75,28726.25,1898,0.0,0.0
2026-07-27 05:30:00-04:00,28727.0,28763.25,28718.25,28744.75,3004,0.0,0.0
2026-07-27 06:00:00-04:00,28744.0,28753.5,28726.25,28738.0,2227,0.0,0.0
2026-07-27 06:30:00-04:00,28740.0,28758.0,28733.75,28740.75,1582,0.0,0.0
2026-07-27 07:00:00-04:00,28742.0,28743.5,28648.5,28652.75,3814,0.0,0.0
2026-07-27 07:30:00-04:00,28653.25,28685.0,28645.5,28673.0,4466,0.0,0.0
2026-07-27 08:00:00-04:00,28673.25,28697.75,28629.25,28650.75,4851,0.0,0.0
2026-07-27 08:30:00-04:00,28650.5,28692.5,28631.75,28690.25,5008,0.0,0.0
2026-07-27 09:00:00-04:00,28692.0,28700.0,28588.0,28590.5,9661,0.0,0.0
2026-07-27 09:30:00-04:00,28590.5,28615.75,28341.25,28347.75,68592,0.0,0.0
2026-07-27 10:00:00-04:00,28347.75,28372.75,28075.25,28086.25,61033,0.0,0.0
2026-07-27 10:30:00-04:00,28086.5,28180.25,27939.0,28169.25,66059,0.0,0.0
2026-07-27 11:00:00-04:00,28171.0,28198.5,28046.0,28072.25,43690,0.0,0.0
2026-07-27 11:30:00-04:00,28074.25,28085.75,27980.25,28062.5,29499,0.0,0.0
2026-07-27 12:00:00-04:00,28062.75,28204.5,28043.5,28154.5,33599,0.0,0.0
2026-07-27 12:30:00-04:00,28154.0,28196.75,28027.75,28048.5,25428,0.0,0.0
2026-07-27 13:00:00-04:00,28047.0,28056.25,27986.0,27998.75,20431,0.0,0.0
2026-07-27 13:30:00-04:00,27998.5,28106.25,27997.5,28104.75,17369,0.0,0.0
2026-07-27 14:00:00-04:00,28104.75,28121.25,28049.75,28082.0,16566,0.0,0.0
2026-07-27 14:30:00-04:00,28082.25,28191.0,28019.25,28188.25,23100,0.0,0.0
2026-07-27 15:00:00-04:00,28188.75,28247.5,28165.25,28243.5,20608,0.0,0.0
2026-07-27 15:30:00-04:00,28243.0,28255.75,28155.25,28192.75,32136,0.0,0.0
2026-07-27 16:00:00-04:00,28193.25,28219.5,28169.25,28194.5,10296,0.0,0.0
2026-07-27 16:30:00-04:00,28194.5,28230.0,28186.75,28210.0,3392,0.0,0.0
2026-07-27 18:00:00-04:00,28210.5,28228.0,28125.5,28129.5,2521,0.0,0.0
2026-07-27 18:30:00-04:00,28128.25,28156.5,28123.5,28132.5,2233,0.0,0.0
2026-07-27 19:00:00-04:00,28131.75,28163.25,28105.25,28162.25,2722,0.0,0.0
2026-07-27 19:30:00-04:00,28160.75,28179.25,28121.25,28163.5,2935,0.0,0.0
2026-07-27 20:00:00-04:00,28164.75,28195.0,28068.25,28104.5,5974,0.0,0.0
2026-07-27 20:30:00-04:00,28103.75,28139.75,28052.75,28072.0,4357,0.0,0.0
2026-07-27 21:00:00-04:00,28072.0,28078.25,27969.0,28062.25,7518,0.0,0.0
2026-07-27 21:30:00-04:00,28059.75,28097.0,28008.75,28022.0,3823,0.0,0.0
2026-07-27 22:00:00-04:00,28021.75,28030.25,27972.25,27987.75,4133,0.0,0.0
2026-07-27 22:30:00-04:00,27987.0,28006.75,27951.5,27993.0,4215,0.0,0.0
2026-07-27 23:00:00-04:00,27993.0,28047.25,27932.5,27987.5,5353,0.0,0.0
2026-07-27 23:30:00-04:00,27984.5,28070.5,27951.5,28050.75,4439,0.0,0.0
2026-07-28 00:00:00-04:00,28013.5,28017.0,27970.0,27972.75,2968,0.0,0.0
2026-07-28 00:30:00-04:00,27972.75,28003.0,27951.0,27954.75,2367,0.0,0.0
2026-07-28 01:00:00-04:00,27957.0,28190.0,27914.0,27919.5,2926,0.0,0.0
2026-07-28 01:30:00-04:00,27921.0,27924.0,27870.75,27880.0,4966,0.0,0.0
2026-07-28 02:00:00-04:00,27882.25,27907.0,27839.5,27902.5,6846,0.0,0.0
2026-07-28 02:30:00-04:00,27902.75,27958.25,27892.0,27947.25,4173,0.0,0.0
2026-07-28 03:00:00-04:00,27945.5,27989.0,27934.0,27943.25,4383,0.0,0.0
2026-07-28 03:30:00-04:00,27944.0,27962.5,27908.0,27933.5,3856,0.0,0.0
2026-07-28 04:00:00-04:00,27934.25,28007.25,27880.0,27999.5,6189,0.0,0.0
2026-07-28 04:30:00-04:00,28003.0,28052.0,27975.0,27994.25,5424,0.0,0.0
2026-07-28 05:00:00-04:00,27992.25,28016.5,27982.5,28012.0,2666,0.0,0.0
2026-07-28 05:30:00-04:00,28009.75,28010.25,27941.5,27956.0,2885,0.0,0.0
2026-07-28 06:00:00-04:00,27956.0,27969.5,27933.5,27967.25,2404,0.0,0.0
2026-07-28 06:30:00-04:00,27968.5,27980.5,27904.25,27942.75,5323,0.0,0.0
2026-07-28 07:00:00-04:00,27945.75,27958.0,27864.75,27883.0,8052,0.0,0.0
2026-07-28 07:30:00-04:00,27882.0,27975.0,27848.25,27963.75,7216,0.0,0.0
2026-07-28 08:00:00-04:00,27962.5,28018.5,27949.25,28010.0,6203,0.0,0.0
2026-07-28 08:30:00-04:00,28010.75,28032.75,27956.25,27993.25,9924,0.0,0.0
2026-07-28 09:00:00-04:00,27993.75,28028.5,27938.0,27950.25,10703,0.0,0.0
2026-07-28 09:30:00-04:00,27950.25,27992.0,27641.75,27665.25,92034,0.0,0.0
2026-07-28 10:00:00-04:00,27665.5,27793.5,27603.5,27706.5,64771,0.0,0.0
2026-07-28 10:30:00-04:00,27706.5,27890.0,27669.0,27801.75,53184,0.0,0.0
2026-07-28 11:00:00-04:00,27803.0,28010.0,27768.0,27965.0,48405,0.0,0.0
2026-07-28 11:30:00-04:00,27965.75,28062.5,27948.75,28048.0,32610,0.0,0.0
2026-07-28 12:00:00-04:00,28047.75,28068.75,27984.75,27995.25,27509,0.0,0.0
2026-07-28 12:30:00-04:00,27995.5,28080.0,27953.5,28057.5,24663,0.0,0.0
2026-07-28 13:00:00-04:00,28057.5,28066.5,27969.0,27996.5,24840,0.0,0.0
2026-07-28 13:30:00-04:00,27996.0,28043.5,27925.0,27972.5,19674,0.0,0.0
2026-07-28 14:00:00-04:00,27974.0,27999.5,27912.5,27925.25,18811,0.0,0.0
2026-07-28 14:30:00-04:00,27926.75,27979.5,27920.5,27972.75,16210,0.0,0.0
2026-07-28 15:00:00-04:00,27972.25,28021.75,27965.25,28017.75,19911,0.0,0.0
2026-07-28 15:30:00-04:00,28018.0,28023.75,27911.0,27919.5,34932,0.0,0.0
2026-07-28 16:00:00-04:00,27919.25,27991.25,27884.25,27977.75,16239,0.0,0.0
2026-07-28 16:30:00-04:00,27977.0,27983.25,27935.75,27960.5,4608,0.0,0.0
2026-07-28 18:00:00-04:00,27962.0,28013.25,27906.5,27939.25,3798,0.0,0.0
2026-07-28 18:30:00-04:00,27939.0,27943.25,27756.25,27756.75,7714,0.0,0.0
2026-07-28 19:00:00-04:00,27758.25,27890.5,27728.5,27889.25,8736,0.0,0.0
2026-07-28 19:30:00-04:00,27888.5,28104.5,27884.5,28102.5,9861,0.0,0.0
2026-07-28 20:00:00-04:00,28102.75,28178.25,28052.0,28077.75,9480,0.0,0.0
2026-07-28 20:30:00-04:00,28073.75,28085.0,28000.25,28013.25,5114,0.0,0.0
2026-07-28 21:00:00-04:00,28011.75,28041.25,27896.25,27971.75,6844,0.0,0.0
2026-07-28 21:30:00-04:00,27972.0,27982.25,27784.0,27785.25,7044,0.0,0.0
2026-07-28 22:00:00-04:00,27785.0,27896.5,27770.25,27896.5,7340,0.0,0.0
2026-07-28 22:30:00-04:00,27894.5,27912.75,27823.0,27839.5,4063,0.0,0.0
2026-07-28 23:00:00-04:00,27839.0,27882.5,27775.5,27777.75,4620,0.0,0.0
2026-07-28 23:30:00-04:00,27776.75,27792.5,27702.0,27718.0,5066,0.0,0.0
2026-07-29 00:00:00-04:00,27700.0,27715.75,27648.0,27684.75,5521,0.0,0.0
2026-07-29 00:30:00-04:00,27682.25,27759.0,27640.0,27756.0,4812,0.0,0.0
2026-07-29 01:00:00-04:00,27758.75,27834.75,27735.75,27815.25,5527,0.0,0.0
2026-07-29 01:30:00-04:00,27815.25,27852.75,27787.0,27794.0,4396,0.0,0.0
2026-07-29 02:00:00-04:00,27794.0,27811.25,27736.25,27811.0,4431,0.0,0.0
2026-07-29 02:30:00-04:00,27811.5,27942.25,27811.5,27928.75,5365,0.0,0.0
2026-07-29 03:00:00-04:00,27928.75,27953.0,27895.75,27946.25,4604,0.0,0.0
2026-07-29 03:30:00-04:00,27945.75,27962.75,27891.25,27906.0,3344,0.0,0.0
2026-07-29 04:00:00-04:00,27906.25,27924.75,27820.0,27841.5,4513,0.0,0.0
2026-07-29 04:30:00-04:00,27842.0,27939.25,27830.75,27904.0,3470,0.0,0.0
2026-07-29 05:00:00-04:00,27904.5,27986.0,27901.0,27977.5,3911,0.0,0.0
2026-07-29 05:30:00-04:00,27976.5,28060.0,27957.75,28019.75,4625,0.0,0.0
2026-07-29 06:00:00-04:00,28018.25,28046.0,27986.25,28017.25,3795,0.0,0.0
2026-07-29 06:30:00-04:00,28017.5,28023.0,27931.5,27948.0,4030,0.0,0.0
2026-07-29 07:00:00-04:00,27950.25,28023.75,27934.5,28000.75,4545,0.0,0.0
2026-07-29 07:30:00-04:00,27999.25,28008.0,27956.75,28002.75,3842,0.0,0.0
2026-07-29 08:00:00-04:00,28002.0,28007.75,27852.75,27867.25,7859,0.0,0.0
2026-07-29 08:30:00-04:00,27867.0,27933.25,27844.25,27907.75,5672,0.0,0.0
2026-07-29 09:00:00-04:00,27909.0,27942.5,27856.0,27914.0,10092,0.0,0.0
2026-07-29 09:30:00-04:00,27914.5,27996.0,27667.75,27733.75,66564,0.0,0.0
2026-07-29 10:00:00-04:00,27735.25,27826.5,27538.75,27573.25,60619,0.0,0.0
2026-07-29 10:30:00-04:00,27571.0,27652.25,27510.0,27600.0,46837,0.0,0.0
2026-07-29 11:00:00-04:00,27600.5,27657.5,27547.0,27555.75,39626,0.0,0.0
2026-07-29 11:30:00-04:00,27556.25,27596.75,27464.5,27517.0,28135,0.0,0.0
2026-07-29 12:00:00-04:00,27518.25,27556.5,27409.25,27551.0,30235,0.0,0.0
2026-07-29 12:30:00-04:00,27551.25,27603.5,27485.25,27603.25,26631,0.0,0.0
2026-07-29 13:00:00-04:00,27603.75,27750.0,27595.25,27651.0,29281,0.0,0.0
2026-07-29 13:30:00-04:00,27650.75,27727.75,27629.5,27721.75,19121,0.0,0.0
2026-07-29 14:00:00-04:00,27723.0,27888.5,27714.75,27776.5,48879,0.0,0.0
2026-07-29 14:30:00-04:00,27777.0,28096.75,27709.0,28056.75,50697,0.0,0.0
2026-07-29 15:00:00-04:00,28057.5,28099.5,27640.75,27712.25,57608,0.0,0.0
2026-07-29 15:30:00-04:00,27711.25,27744.0,27317.5,27336.75,76069,0.0,0.0
2026-07-29 16:00:00-04:00,27338.25,27364.0,27201.5,27242.25,34720,0.0,0.0
2026-07-29 16:30:00-04:00,27244.0,27331.25,27207.0,27259.25,7689,0.0,0.0
2026-07-29 18:00:00-04:00,27202.0,27489.5,27202.0,27435.0,9942,0.0,0.0
2026-07-29 18:30:00-04:00,27435.75,27479.5,27412.0,27451.5,4752,0.0,0.0
2026-07-29 19:00:00-04:00,27449.5,27541.0,27446.25,27532.75,6416,0.0,0.0
2026-07-29 19:30:00-04:00,27534.25,27559.25,27495.25,27520.75,6180,0.0,0.0
2026-07-29 20:00:00-04:00,27521.75,27608.0,27472.25,27593.5,9185,0.0,0.0
2026-07-29 20:30:00-04:00,27594.75,27611.0,27489.75,27547.25,7143,0.0,0.0
2026-07-29 21:00:00-04:00,27547.25,27664.25,27535.25,27637.75,7604,0.0,0.0
2026-07-29 21:30:00-04:00,27637.75,27696.75,27635.25,27653.0,5749,0.0,0.0
2026-07-29 22:00:00-04:00,27652.0,27687.5,27603.25,27610.5,4692,0.0,0.0
2026-07-29 22:30:00-04:00,27613.25,27631.0,27539.0,27541.75,5054,0.0,0.0
2026-07-29 23:00:00-04:00,27542.0,27576.25,27471.25,27515.5,4972,0.0,0.0
2026-07-29 23:30:00-04:00,27516.5,27563.5,27480.25,27521.5,4034,0.0,0.0
2026-07-30 00:00:00-04:00,27507.5,27541.75,27459.5,27535.0,3584,0.0,0.0
2026-07-30 00:30:00-04:00,27534.0,27543.75,27434.75,27447.75,3316,0.0,0.0
2026-07-30 01:00:00-04:00,27446.25,27499.5,27421.0,27478.25,3391,0.0,0.0
2026-07-30 01:30:00-04:00,27476.5,27546.25,27463.5,27487.75,3685,0.0,0.0
2026-07-30 02:00:00-04:00,27487.0,27507.0,27447.5,27479.5,2857,0.0,0.0
2026-07-30 02:30:00-04:00,27481.5,27484.5,27415.0,27434.25,2919,0.0,0.0
2026-07-30 03:00:00-04:00,27433.75,27521.75,27392.75,27408.0,7192,0.0,0.0
2026-07-30 03:30:00-04:00,27413.0,27447.5,27351.25,27395.25,4841,0.0,0.0
2026-07-30 04:00:00-04:00,27394.5,27522.5,27337.5,27506.5,7062,0.0,0.0
2026-07-30 04:30:00-04:00,27510.5,27527.25,27460.5,27485.25,2542,0.0,0.0
2026-07-30 05:00:00-04:00,27486.0,27574.75,27469.75,27554.5,4366,0.0,0.0
2026-07-30 05:30:00-04:00,27553.5,27586.0,27508.0,27514.75,3081,0.0,0.0
2026-07-30 06:00:00-04:00,27515.5,27627.25,27488.25,27617.75,5192,0.0,0.0
2026-07-30 06:30:00-04:00,27616.5,27648.0,27606.5,27618.5,4498,0.0,0.0
2026-07-30 07:00:00-04:00,27619.0,27730.0,27613.0,27715.0,6536,0.0,0.0
2026-07-30 07:30:00-04:00,27715.5,27745.25,27673.0,27725.0,6149,0.0,0.0
2026-07-30 08:00:00-04:00,27723.5,27766.25,27695.75,27740.25,7563,0.0,0.0
2026-07-30 08:30:00-04:00,27740.25,27821.75,27715.25,27805.5,12289,0.0,0.0
2026-07-30 09:00:00-04:00,27807.0,27883.25,27793.0,27874.25,20489,0.0,0.0
2026-07-30 09:30:00-04:00,27875.75,28162.25,27813.25,28151.75,86566,0.0,0.0
2026-07-30 10:00:00-04:00,28150.5,28240.0,28066.75,28226.0,67125,0.0,0.0
2026-07-30 10:30:00-04:00,28226.5,28246.5,28022.5,28070.75,51318,0.0,0.0
2026-07-30 11:00:00-04:00,28071.5,28137.75,27996.25,28010.5,46565,0.0,0.0
2026-07-30 11:30:00-04:00,28010.5,28133.75,28001.0,28079.5,32837,0.0,0.0
2026-07-30 12:00:00-04:00,28078.75,28192.75,28059.0,28144.25,27168,0.0,0.0
2026-07-30 12:30:00-04:00,28144.25,28150.5,28054.5,28126.75,24154,0.0,0.0
2026-07-30 13:00:00-04:00,28127.0,28207.75,28126.0,28169.0,19941,0.0,0.0
2026-07-30 13:30:00-04:00,28169.5,28208.5,28139.5,28177.5,17848,0.0,0.0
2026-07-30 14:00:00-04:00,28177.5,28205.0,28162.25,28183.0,13496,0.0,0.0
2026-07-30 14:30:00-04:00,28183.0,28199.0,28148.5,28180.5,15353,0.0,0.0
2026-07-30 15:00:00-04:00,28180.75,28297.75,28179.75,28244.5,30738,0.0,0.0
2026-07-30 15:30:00-04:00,28243.75,28262.5,28202.5,28230.75,47827,0.0,0.0
2026-07-30 16:00:00-04:00,28230.75,28372.25,28205.5,28366.25,22495,0.0,0.0
2026-07-30 16:30:00-04:00,28366.5,28414.5,28311.0,28333.5,9661,0.0,0.0
2026-07-30 18:00:00-04:00,28317.0,28413.75,28300.0,28354.0,3737,0.0,0.0
2026-07-30 18:30:00-04:00,28352.0,28409.75,28331.0,28395.0,3385,0.0,0.0
2026-07-30 19:00:00-04:00,28394.25,28426.5,28364.0,28378.0,3068,0.0,0.0
2026-07-30 19:30:00-04:00,28378.25,28445.0,28362.25,28422.75,3622,0.0,0.0
2026-07-30 20:00:00-04:00,28424.0,28488.0,28397.25,28483.25,6673,0.0,0.0
2026-07-30 20:30:00-04:00,28481.0,28524.5,28468.75,28521.75,4351,0.0,0.0
2026-07-30 21:00:00-04:00,28523.0,28572.0,28522.75,28551.0,4883,0.0,0.0
2026-07-30 21:30:00-04:00,28549.0,28558.25,28455.5,28478.0,4931,0.0,0.0
2026-07-30 22:00:00-04:00,28478.0,28499.5,28401.0,28423.5,4906,0.0,0.0
2026-07-30 22:30:00-04:00,28422.5,28438.0,28389.5,28431.25,3317,0.0,0.0
2026-07-30 23:00:00-04:00,28431.5,28476.5,28398.0,28462.75,3415,0.0,0.0
2026-07-30 23:30:00-04:00,28464.5,28478.25,28428.25,28461.75,2415,0.0,0.0
2026-07-31 00:00:00-04:00,28459.5,28512.0,28451.5,28511.25,2585,0.0,0.0
2026-07-31 00:30:00-04:00,28512.0,28557.0,28507.75,28549.0,2596,0.0,0.0
2026-07-31 01:00:00-04:00,28548.75,28581.0,28538.5,28573.0,2733,0.0,0.0
2026-07-31 01:30:00-04:00,28573.5,28590.75,28541.0,28585.0,3402,0.0,0.0
2026-07-31 02:00:00-04:00,28585.5,28611.75,28577.0,28590.25,3464,0.0,0.0
2026-07-31 02:30:00-04:00,28589.5,28593.0,28450.0,28488.25,7105,0.0,0.0
2026-07-31 03:00:00-04:00,28484.25,28574.5,28455.0,28546.0,5976,0.0,0.0
2026-07-31 03:30:00-04:00,28547.25,28584.25,28534.5,28575.0,3632,0.0,0.0
2026-07-31 04:00:00-04:00,28572.75,28610.0,28524.75,28600.0,5096,0.0,0.0
2026-07-31 04:30:00-04:00,28595.25,28611.0,28561.5,28602.75,2833,0.0,0.0
2026-07-31 05:00:00-04:00,28603.25,28640.75,28584.75,28589.25,4180,0.0,0.0
2026-07-31 05:30:00-04:00,28588.75,28591.5,28528.5,28533.0,4021,0.0,0.0
2026-07-31 06:00:00-04:00,28531.75,28579.25,28519.5,28572.0,3230,0.0,0.0
2026-07-31 06:30:00-04:00,28572.25,28591.25,28552.0,28565.5,2569,0.0,0.0
2026-07-31 07:00:00-04:00,28565.5,28626.0,28548.5,28553.25,4298,0.0,0.0
2026-07-31 07:30:00-04:00,28555.75,28560.75,28523.0,28553.5,3671,0.0,0.0
2026-07-31 08:00:00-04:00,28554.75,28555.25,28448.0,28496.5,7326,0.0,0.0
2026-07-31 08:30:00-04:00,28496.75,28502.75,28432.25,28468.25,8171,0.0,0.0
2026-07-31 09:00:00-04:00,28468.5,28584.0,28457.75,28577.5,12271,0.0,0.0
2026-07-31 09:30:00-04:00,28576.5,28725.75,28295.5,28360.5,98951,0.0,0.0
2026-07-31 10:00:00-04:00,28356.75,28393.0,28079.75,28249.75,81967,0.0,0.0
2026-07-31 10:30:00-04:00,28249.5,28345.5,28211.75,28307.5,47617,0.0,0.0
2026-07-31 11:00:00-04:00,28308.75,28342.25,28122.25,28151.0,40953,0.0,0.0
2026-07-31 11:30:00-04:00,28151.25,28295.0,28115.5,28274.0,39250,0.0,0.0
2026-07-31 12:00:00-04:00,28274.0,28364.25,28243.75,28363.75,26870,0.0,0.0
2026-07-31 12:30:00-04:00,28363.75,28390.0,28308.5,28367.5,23149,0.0,0.0
2026-07-31 13:00:00-04:00,28366.75,28477.5,28360.0,28461.5,20750,0.0,0.0
2026-07-31 13:30:00-04:00,28462.5,28503.0,28415.75,28429.0,23005,0.0,0.0
2026-07-31 14:00:00-04:00,28429.0,28459.75,28395.25,28422.0,17779,0.0,0.0
2026-07-31 14:30:00-04:00,28422.0,28462.0,28415.5,28433.75,13042,0.0,0.0
2026-07-31 15:00:00-04:00,28433.5,28498.0,28405.5,28475.25,18658,0.0,0.0
2026-07-31 15:30:00-04:00,28474.5,28524.0,28380.0,28402.75,44828,0.0,0.0
2026-07-31 16:00:00-04:00,28402.75,28434.25,28340.5,28372.5,18310,0.0,0.0
2026-07-31 16:30:00-04:00,28369.75,28404.25,28258.25,28404.25,7514,0.0,0.0
2026-08-02 18:00:00-04:00,28601.0,28641.25,28582.0,28613.5,3613,0.0,0.0
2026-08-02 18:30:00-04:00,28615.25,28623.75,28560.25,28570.25,2603,0.0,0.0
2026-08-02 19:00:00-04:00,28568.75,28596.0,28545.0,28585.25,3523,0.0,0.0
2026-08-02 19:30:00-04:00,28585.5,28637.5,28571.25,28614.0,4995,0.0,0.0
2026-08-02 20:00:00-04:00,28611.0,28630.5,28537.5,28556.75,6676,0.0,0.0
2026-08-02 20:30:00-04:00,28554.25,28626.0,28542.5,28622.0,5758,0.0,0.0
2026-08-02 21:00:00-04:00,28622.25,28635.0,28564.25,28609.0,4942,0.0,0.0
2026-08-02 21:30:00-04:00,28607.5,28650.0,28578.0,28644.0,3833,0.0,0.0
2026-08-02 22:00:00-04:00,28644.75,28681.5,28631.0,28640.25,3730,0.0,0.0
2026-08-02 22:30:00-04:00,28640.5,28669.75,28633.75,28660.5,2259,0.0,0.0
2026-08-02 23:00:00-04:00,28662.5,28676.5,28641.25,28645.75,2032,0.0,0.0
2026-08-02 23:30:00-04:00,28647.0,28698.25,28640.0,28674.5,2072,0.0,0.0
2026-08-03 00:00:00-04:00,28669.0,28688.5,28652.5,28683.25,1524,0.0,0.0
2026-08-03 00:30:00-04:00,28682.75,28688.25,28648.5,28651.0,1455,0.0,0.0
2026-08-03 01:00:00-04:00,28650.75,28666.25,28622.5,28638.25,2364,0.0,0.0
2026-08-03 01:30:00-04:00,28636.75,28649.75,28617.0,28641.25,1644,0.0,0.0
2026-08-03 02:00:00-04:00,28642.0,28661.0,28618.5,28625.75,2930,0.0,0.0
2026-08-03 02:30:00-04:00,28627.0,28645.0,28575.75,28593.25,3037,0.0,0.0
2026-08-03 03:00:00-04:00,28594.25,28634.5,28563.75,28604.0,5033,0.0,0.0
2026-08-03 03:30:00-04:00,28604.5,28615.5,28558.5,28588.25,2442,0.0,0.0
2026-08-03 04:00:00-04:00,28588.0,28591.0,28473.25,28488.0,5073,0.0,0.0
2026-08-03 04:30:00-04:00,28487.25,28595.0,28471.75,28594.0,4473,0.0,0.0
2026-08-03 05:00:00-04:00,28594.75,28601.0,28543.0,28556.75,3093,0.0,0.0
2026-08-03 05:30:00-04:00,28556.75,28576.5,28521.0,28559.0,2684,0.0,0.0
2026-08-03 06:00:00-04:00,28559.25,28565.25,28488.5,28508.0,3255,0.0,0.0
2026-08-03 06:30:00-04:00,28508.0,28546.5,28490.0,28541.0,2392,0.0,0.0
2026-08-03 07:00:00-04:00,28541.25,28547.0,28465.25,28468.75,4284,0.0,0.0
2026-08-03 07:30:00-04:00,28468.75,28512.5,28403.5,28420.25,5883,0.0,0.0
2026-08-03 08:00:00-04:00,28420.25,28461.75,28383.5,28449.0,7705,0.0,0.0
2026-08-03 08:30:00-04:00,28450.0,28491.5,28437.75,28459.25,6069,0.0,0.0
2026-08-03 09:00:00-04:00,28459.25,28494.25,28396.5,28418.5,10838,0.0,0.0
2026-08-03 09:30:00-04:00,28418.5,28628.0,28313.5,28626.25,76968,0.0,0.0
2026-08-03 10:00:00-04:00,28623.75,28684.0,28529.5,28678.5,48825,0.0,0.0
2026-08-03 10:30:00-04:00,28677.5,28803.75,28661.5,28801.75,40845,0.0,0.0
2026-08-03 11:00:00-04:00,28801.0,28802.25,28722.0,28734.25,28675,0.0,0.0
2026-08-03 11:30:00-04:00,28734.25,28814.5,28731.75,28792.5,23092,0.0,0.0
2026-08-03 12:00:00-04:00,28792.5,28847.25,28790.0,28837.0,20753,0.0,0.0
2026-08-03 12:30:00-04:00,28837.0,28844.75,28811.75,28822.5,14366,0.0,0.0
2026-08-03 13:00:00-04:00,28822.75,28890.5,28813.0,28885.75,16812,0.0,0.0
2026-08-03 13:30:00-04:00,28885.5,28921.75,28874.5,28917.5,16983,0.0,0.0
2026-08-03 14:00:00-04:00,28917.5,28964.25,28890.25,28892.75,24477,0.0,0.0
2026-08-03 14:30:00-04:00,28892.0,28926.0,28882.75,28907.0,17023,0.0,0.0
2026-08-03 15:00:00-04:00,28907.5,28943.75,28895.0,28912.75,18731,0.0,0.0
2026-08-03 15:30:00-04:00,28912.75,28935.5,28865.25,28900.25,37814,0.0,0.0
2026-08-03 16:00:00-04:00,28900.75,28945.0,28878.25,28913.75,10944,0.0,0.0
2026-08-03 16:30:00-04:00,28913.25,28931.75,28909.75,28929.25,3041,0.0,0.0
2026-08-03 18:00:00-04:00,28930.0,28950.75,28919.0,28944.0,1757,0.0,0.0
2026-08-03 18:30:00-04:00,28941.5,28962.25,28932.25,28945.75,2320,0.0,0.0
2026-08-03 19:00:00-04:00,28944.0,28958.75,28930.25,28948.75,1842,0.0,0.0
2026-08-03 19:30:00-04:00,28947.75,28972.25,28934.0,28971.0,2423,0.0,0.0
2026-08-03 20:00:00-04:00,28971.25,28976.25,28900.5,28905.75,5533,0.0,0.0
2026-08-03 20:30:00-04:00,28905.5,28908.25,28864.25,28876.75,5929,0.0,0.0
2026-08-03 21:00:00-04:00,28876.0,28902.5,28831.75,28901.5,5853,0.0,0.0
2026-08-03 21:30:00-04:00,28901.0,29048.0,28899.25,29041.25,7421,0.0,0.0
2026-08-03 22:00:00-04:00,29041.75,29044.75,28942.5,28949.5,5743,0.0,0.0
2026-08-03 22:30:00-04:00,28948.5,28994.5,28948.5,28972.75,3649,0.0,0.0
2026-08-03 23:00:00-04:00,28972.5,28992.0,28931.75,28976.75,3674,0.0,0.0
2026-08-03 23:30:00-04:00,28977.25,29005.5,28957.75,29003.5,2725,0.0,0.0
2026-08-04 00:00:00-04:00,28990.75,29015.25,28968.5,29007.5,1989,0.0,0.0
2026-08-04 00:30:00-04:00,29009.25,29023.25,28994.75,29015.5,1155,0.0,0.0
2026-08-04 01:00:00-04:00,29016.25,29032.25,28978.25,29026.5,2535,0.0,0.0
2026-08-04 01:30:00-04:00,29025.25,29074.75,29025.0,29072.25,2905,0.0,0.0
2026-08-04 02:00:00-04:00,29073.5,29098.75,29067.25,29081.5,3260,0.0,0.0
2026-08-04 02:30:00-04:00,29081.25,29090.0,29042.5,29073.75,2320,0.0,0.0
2026-08-04 03:00:00-04:00,29072.0,29109.0,29036.5,29099.0,5816,0.0,0.0
2026-08-04 03:30:00-04:00,29099.75,29119.25,29065.25,29071.25,3279,0.0,0.0
2026-08-04 04:00:00-04:00,29072.0,29131.5,29068.0,29112.0,3848,0.0,0.0
2026-08-04 04:30:00-04:00,29111.5,29111.5,29039.0,29068.75,3959,0.0,0.0
2026-08-04 05:00:00-04:00,29069.0,29069.0,29007.5,29044.0,3477,0.0,0.0
2026-08-04 05:30:00-04:00,29046.0,29089.25,29042.0,29077.75,2873,0.0,0.0
2026-08-04 06:00:00-04:00,29078.5,29115.25,29067.25,29096.75,2956,0.0,0.0
2026-08-04 06:30:00-04:00,29096.25,29145.0,29074.0,29115.5,5548,0.0,0.0
2026-08-04 07:00:00-04:00,29116.75,29171.5,29114.25,29170.5,4585,0.0,0.0
2026-08-04 07:30:00-04:00,29170.75,29245.75,29150.25,29237.5,8587,0.0,0.0
2026-08-04 08:00:00-04:00,29238.0,29238.0,29202.5,29221.5,5193,0.0,0.0
2026-08-04 08:30:00-04:00,29223.0,29225.75,29188.0,29202.75,5133,0.0,0.0
2026-08-04 09:00:00-04:00,29203.25,29282.25,29191.25,29234.75,11788,0.0,0.0
2026-08-04 09:30:00-04:00,29234.25,29503.75,29208.25,29466.0,79779,0.0,0.0
2026-08-04 10:00:00-04:00,29465.25,29568.5,29432.0,29559.0,51250,0.0,0.0
2026-08-04 10:30:00-04:00,29558.5,29572.75,29517.25,29549.75,36009,0.0,0.0
2026-08-04 11:00:00-04:00,29549.75,29663.5,29544.0,29639.5,35421,0.0,0.0
2026-08-04 11:30:00-04:00,29639.0,29696.75,29622.0,29671.0,27204,0.0,0.0
2026-08-04 12:00:00-04:00,29671.0,29719.75,29661.25,29706.5,20280,0.0,0.0
2026-08-04 12:30:00-04:00,29706.5,29744.5,29695.0,29742.75,20607,0.0,0.0
2026-08-04 13:00:00-04:00,29742.75,29825.75,29739.25,29819.0,25603,0.0,0.0
2026-08-04 13:30:00-04:00,29819.25,29898.75,29803.5,29834.75,26768,0.0,0.0
2026-08-04 14:00:00-04:00,29835.25,29884.25,29808.0,29879.75,22347,0.0,0.0
2026-08-04 14:30:00-04:00,29880.0,29895.5,29839.75,29881.5,17722,0.0,0.0
2026-08-04 15:00:00-04:00,29881.75,29945.25,29878.25,29900.5,25309,0.0,0.0
2026-08-04 15:30:00-04:00,29901.0,29956.5,29847.5,29876.75,52511,0.0,0.0
2026-08-04 16:00:00-04:00,29875.25,29949.75,29761.25,29791.75,26024,0.0,0.0
2026-08-04 16:30:00-04:00,29790.5,29826.0,29764.5,29818.25,6884,0.0,0.0
2026-08-04 18:00:00-04:00,29777.25,29844.25,29776.5,29833.0,2884,0.0,0.0
2026-08-04 18:30:00-04:00,29835.0,29841.75,29792.25,29827.5,3107,0.0,0.0
2026-08-04 19:00:00-04:00,29825.75,29846.75,29809.75,29825.0,2314,0.0,0.0
2026-08-04 19:30:00-04:00,29824.0,29857.25,29802.0,29834.75,3740,0.0,0.0
2026-08-04 20:00:00-04:00,29835.5,29865.0,29818.75,29863.0,4561,0.0,0.0
2026-08-04 20:30:00-04:00,29862.75,29877.0,29810.0,29848.75,4859,0.0,0.0
2026-08-04 21:00:00-04:00,29849.25,29861.5,29797.0,29817.75,4069,0.0,0.0
2026-08-04 21:30:00-04:00,29819.0,29887.5,29813.0,29869.0,4653,0.0,0.0
2026-08-04 22:00:00-04:00,29870.0,29889.25,29850.25,29853.0,2766,0.0,0.0
2026-08-04 22:30:00-04:00,29854.5,29875.0,29842.25,29860.75,2218,0.0,0.0
2026-08-04 23:00:00-04:00,29859.0,29892.0,29855.75,29863.25,2190,0.0,0.0
2026-08-04 23:30:00-04:00,29864.75,29893.75,29858.25,29890.0,2136,0.0,0.0
2026-08-05 00:00:00-04:00,29896.75,29898.25,29859.75,29871.25,1854,0.0,0.0
2026-08-05 00:30:00-04:00,29872.0,29917.0,29869.25,29902.75,2641,0.0,0.0
2026-08-05 01:00:00-04:00,29902.5,29949.0,29895.0,29937.0,2530,0.0,0.0
2026-08-05 01:30:00-04:00,29936.75,29985.25,29919.75,29980.5,4407,0.0,0.0
2026-08-05 02:00:00-04:00,29980.0,29990.0,29925.5,29929.25,3649,0.0,0.0
2026-08-05 02:30:00-04:00,29929.5,29970.75,29925.75,29969.75,2446,0.0,0.0
2026-08-05 03:00:00-04:00,29969.0,29987.0,29900.25,29907.5,4382,0.0,0.0
2026-08-05 03:30:00-04:00,29908.25,29919.5,29885.0,29903.25,2814,0.0,0.0
2026-08-05 04:00:00-04:00,29905.0,29926.0,29819.5,29833.75,5571,0.0,0.0
2026-08-05 04:30:00-04:00,29836.5,29844.25,29797.75,29836.5,4675,0.0,0.0
2026-08-05 05:00:00-04:00,29837.75,29864.25,29814.25,29861.25,4132,0.0,0.0
2026-08-05 05:30:00-04:00,29862.25,29893.5,29853.25,29857.5,3681,0.0,0.0
2026-08-05 06:00:00-04:00,29857.25,29871.75,29833.75,29858.75,2656,0.0,0.0
2026-08-05 06:30:00-04:00,29857.5,29871.25,29834.5,29862.25,2503,0.0,0.0
2026-08-05 07:00:00-04:00,29865.5,29923.0,29865.5,29900.5,4901,0.0,0.0
2026-08-05 07:30:00-04:00,29900.5,29943.5,29890.5,29919.5,4792,0.0,0.0
2026-08-05 08:00:00-04:00,29919.5,29939.75,29891.25,29935.25,5816,0.0,0.0
2026-08-05 08:30:00-04:00,29935.5,29950.0,29892.75,29915.0,5806,0.0,0.0
2026-08-05 09:00:00-04:00,29917.25,29978.5,29894.75,29974.0,9491,0.0,0.0
2026-08-05 09:30:00-04:00,29975.25,30074.0,29910.25,30048.75,76305,0.0,0.0
2026-08-05 10:00:00-04:00,30048.5,30048.5,29901.25,29915.0,50164,0.0,0.0
2026-08-05 10:30:00-04:00,29915.0,29918.75,29788.0,29848.25,56750,0.0,0.0
2026-08-05 11:00:00-04:00,29849.0,29890.75,29763.5,29809.5,39899,0.0,0.0
2026-08-05 11:30:00-04:00,29808.5,29860.75,29713.25,29739.0,27967,0.0,0.0
2026-08-05 12:00:00-04:00,29738.25,29835.25,29702.0,29829.25,29925,0.0,0.0
2026-08-05 12:30:00-04:00,29829.75,29839.75,29770.0,29808.25,18690,0.0,0.0
2026-08-05 13:00:00-04:00,29809.75,29819.75,29740.5,29754.5,16449,0.0,0.0
2026-08-05 13:30:00-04:00,29754.25,29779.25,29734.25,29757.0,12776,0.0,0.0
2026-08-05 14:00:00-04:00,29756.75,29788.5,29752.25,29776.0,12861,0.0,0.0
2026-08-05 14:30:00-04:00,29776.25,29776.5,29722.75,29725.75,14021,0.0,0.0
2026-08-05 15:00:00-04:00,29726.75,29779.25,29718.5,29756.5,15073,0.0,0.0
2026-08-05 15:30:00-04:00,29757.0,29763.25,29592.75,29607.5,37300,0.0,0.0
2026-08-05 16:00:00-04:00,29607.0,29618.25,29530.75,29569.75,25551,0.0,0.0
2026-08-05 16:30:00-04:00,29571.25,29607.75,29566.25,29600.25,4317,0.0,0.0
2026-08-05 18:00:00-04:00,29569.5,29638.0,29563.5,29627.75,2664,0.0,0.0
2026-08-05 18:30:00-04:00,29628.0,29679.5,29615.75,29623.25,4563,0.0,0.0
2026-08-05 19:00:00-04:00,29622.75,29649.5,29612.25,29629.25,1965,0.0,0.0
2026-08-05 19:30:00-04:00,29629.25,29636.75,29566.0,29583.5,4169,0.0,0.0
2026-08-05 20:00:00-04:00,29584.25,29608.0,29546.75,29560.5,5545,0.0,0.0
2026-08-05 20:30:00-04:00,29561.5,29588.0,29535.25,29537.5,3929,0.0,0.0
2026-08-05 21:00:00-04:00,29539.25,29540.75,29454.25,29473.25,5989,0.0,0.0
2026-08-05 21:30:00-04:00,29472.75,29519.0,29469.5,29498.0,4520,0.0,0.0
2026-08-05 22:00:00-04:00,29497.75,29578.75,29490.75,29548.75,4434,0.0,0.0
2026-08-05 22:30:00-04:00,29546.5,29621.0,29529.25,29593.0,4274,0.0,0.0
2026-08-05 23:00:00-04:00,29593.75,29608.5,29535.0,29543.0,3060,0.0,0.0
2026-08-05 23:30:00-04:00,29543.5,29576.0,29525.0,29564.0,2897,0.0,0.0
2026-08-06 00:00:00-04:00,29571.5,29599.75,29554.25,29585.0,2579,0.0,0.0
2026-08-06 00:30:00-04:00,29585.75,29600.0,29541.75,29574.75,1979,0.0,0.0
2026-08-06 01:00:00-04:00,29575.25,29596.25,29558.0,29580.0,1840,0.0,0.0
2026-08-06 01:30:00-04:00,29579.75,29583.75,29544.25,29580.75,2334,0.0,0.0
2026-08-06 02:00:00-04:00,29580.0,29581.75,29485.0,29547.25,4676,0.0,0.0
2026-08-06 02:30:00-04:00,29546.5,29548.75,29486.25,29523.0,2810,0.0,0.0
2026-08-06 03:00:00-04:00,29520.25,29563.0,29506.75,29536.5,3298,0.0,0.0
2026-08-06 03:30:00-04:00,29520.5,29538.25,29500.75,29507.25,2367,0.0,0.0
2026-08-06 04:00:00-04:00,29479.5,29511.5,29443.75,29508.25,5031,0.0,0.0
2026-08-06 04:30:00-04:00,29509.5,29532.5,29490.25,29517.25,2974,0.0,0.0
2026-08-06 05:00:00-04:00,29517.25,29517.25,29437.5,29482.5,3023,0.0,0.0
2026-08-06 05:30:00-04:00,29482.0,29531.0,29475.75,29526.75,1979,0.0,0.0
2026-08-06 06:00:00-04:00,29526.75,29533.75,29494.25,29517.0,2020,0.0,0.0
2026-08-06 06:30:00-04:00,29517.5,29519.5,29468.0,29484.5,2712,0.0,0.0
2026-08-06 07:00:00-04:00,29484.5,29488.5,29364.75,29469.25,8406,0.0,0.0
2026-08-06 07:30:00-04:00,29469.5,29516.5,29438.0,29467.25,7276,0.0,0.0
2026-08-06 08:00:00-04:00,29466.0,29476.5,29387.5,29432.5,7494,0.0,0.0
2026-08-06 08:30:00-04:00,29430.0,29463.5,29389.5,29399.5,6267,0.0,0.0
2026-08-06 09:00:00-04:00,29400.25,29404.5,29326.25,29334.5,13114,0.0,0.0
2026-08-06 09:30:00-04:00,29335.0,29551.0,29241.25,29527.25,80037,0.0,0.0
2026-08-06 10:00:00-04:00,29528.25,29667.0,29488.0,29587.0,50404,0.0,0.0
2026-08-06 10:30:00-04:00,29589.0,29659.25,29533.75,29656.75,41028,0.0,0.0
2026-08-06 11:00:00-04:00,29656.5,29686.25,29564.25,29608.5,34762,0.0,0.0
2026-08-06 11:30:00-04:00,29608.25,29628.0,29506.0,29516.25,34904,0.0,0.0
2026-08-06 12:00:00-04:00,29516.25,29542.75,29448.5,29471.5,30255,0.0,0.0
2026-08-06 12:30:00-04:00,29472.25,29558.5,29462.25,29556.5,21139,0.0,0.0
2026-08-06 13:00:00-04:00,29557.25,29574.25,29512.25,29527.75,16909,0.0,0.0
2026-08-06 13:30:00-04:00,29526.75,29543.0,29493.75,29529.0,13739,0.0,0.0
2026-08-06 14:00:00-04:00,29529.0,29575.5,29498.5,29556.5,16870,0.0,0.0
2026-08-06 14:30:00-04:00,29556.5,29561.0,29500.5,29515.5,12923,0.0,0.0
2026-08-06 15:00:00-04:00,29515.75,29570.25,29496.5,29509.0,16708,0.0,0.0
2026-08-06 15:30:00-04:00,29508.0,29545.5,29475.0,29497.25,30914,0.0,0.0
2026-08-06 16:00:00-04:00,29497.25,29552.0,29482.75,29492.5,12491,0.0,0.0
2026-08-06 16:30:00-04:00,29492.5,29506.25,29480.25,29504.25,2902,0.0,0.0
2026-08-06 18:00:00-04:00,29514.25,29581.75,29494.5,29550.0,2577,0.0,0.0
2026-08-06 18:30:00-04:00,29549.0,29566.5,29537.25,29566.0,1526,0.0,0.0
2026-08-06 19:00:00-04:00,29564.75,29597.0,29554.25,29573.0,1977,0.0,0.0
2026-08-06 19:30:00-04:00,29572.5,29603.5,29563.25,29593.25,2037,0.0,0.0
2026-08-06 20:00:00-04:00,29595.25,29618.75,29497.25,29513.5,5748,0.0,0.0
2026-08-06 20:30:00-04:00,29513.0,29575.0,29500.75,29561.25,5947,0.0,0.0
2026-08-06 21:00:00-04:00,29561.75,29582.0,29482.5,29531.25,5012,0.0,0.0
2026-08-06 21:30:00-04:00,29529.5,29581.25,29493.75,29526.25,4778,0.0,0.0
2026-08-06 22:00:00-04:00,29527.0,29548.0,29489.5,29525.5,3554,0.0,0.0
2026-08-06 22:30:00-04:00,29526.5,29535.5,29475.5,29527.0,2930,0.0,0.0
2026-08-06 23:00:00-04:00,29526.0,29548.0,29491.25,29505.0,2369,0.0,0.0
2026-08-06 23:30:00-04:00,29503.0,29522.25,29486.25,29489.25,1327,0.0,0.0
2026-08-07 00:00:00-04:00,29496.25,29516.75,29453.5,29508.25,3823,0.0,0.0
2026-08-07 00:30:00-04:00,29508.25,29526.0,29489.25,29511.5,2063,0.0,0.0
2026-08-07 01:00:00-04:00,29510.75,29556.75,29507.5,29549.25,2921,0.0,0.0
2026-08-07 01:30:00-04:00,29547.75,29550.0,29519.75,29523.5,1280,0.0,0.0
2026-08-07 02:00:00-04:00,29523.5,29583.5,29520.0,29580.5,3870,0.0,0.0
2026-08-07 02:30:00-04:00,29580.25,29583.5,29537.75,29553.0,2298,0.0,0.0
2026-08-07 03:00:00-04:00,29552.0,29592.5,29533.0,29587.75,3233,0.0,0.0
2026-08-07 03:30:00-04:00,29588.75,29591.0,29561.25,29583.75,1856,0.0,0.0
2026-08-07 04:00:00-04:00,29584.25,29629.75,29584.0,29623.75,3712,0.0,0.0
2026-08-07 04:30:00-04:00,29623.5,29647.25,29609.25,29632.5,3812,0.0,0.0
2026-08-07 05:00:00-04:00,29633.5,29649.0,29624.75,29634.5,2051,0.0,0.0
2026-08-07 05:30:00-04:00,29634.5,29647.0,29616.0,29616.5,1435,0.0,0.0
2026-08-07 06:00:00-04:00,29618.25,29628.0,29591.25,29621.25,1956,0.0,0.0
2026-08-07 06:30:00-04:00,29621.5,29625.25,29602.25,29607.25,1412,0.0,0.0
2026-08-07 07:00:00-04:00,29606.5,29666.25,29606.25,29654.0,3055,0.0,0.0
2026-08-07 07:30:00-04:00,29652.25,29673.25,29604.25,29614.0,4271,0.0,0.0
2026-08-07 08:00:00-04:00,29614.5,29686.0,29604.75,29683.5,5887,0.0,0.0
2026-08-07 08:30:00-04:00,29676.25,29867.75,29643.75,29843.25,22157,0.0,0.0
2026-08-07 09:00:00-04:00,29843.75,29850.5,29685.0,29714.75,18721,0.0,0.0
2026-08-07 09:30:00-04:00,29714.25,29820.0,29643.75,29677.25,74274,0.0,0.0
2026-08-07 10:00:00-04:00,29679.5,29779.5,29564.5,29761.25,61198,0.0,0.0
2026-08-07 10:30:00-04:00,29761.0,29775.0,29660.0,29721.0,41798,0.0,0.0
2026-08-07 11:00:00-04:00,29720.25,29828.75,29709.0,29826.75,28498,0.0,0.0
2026-08-07 11:30:00-04:00,29826.0,29855.25,29794.25,29814.0,24619,0.0,0.0
2026-08-07 12:00:00-04:00,29814.75,29830.0,29688.75,29714.0,22925,0.0,0.0
2026-08-07 12:30:00-04:00,29714.0,29780.75,29668.75,29739.5,24713,0.0,0.0
2026-08-07 13:00:00-04:00,29739.75,29768.0,29726.25,29747.5,13712,0.0,0.0
2026-08-07 13:30:00-04:00,29747.5,29764.25,29727.0,29743.25,10075,0.0,0.0
2026-08-07 14:00:00-04:00,29743.5,29754.75,29702.75,29705.75,10922,0.0,0.0
2026-08-07 14:30:00-04:00,29705.5,29729.0,29676.5,29725.0,12514,0.0,0.0
2026-08-07 15:00:00-04:00,29725.25,29823.0,29723.0,29811.0,20551,0.0,0.0
2026-08-07 15:30:00-04:00,29811.25,29860.25,29772.25,29834.25,33523,0.0,0.0
2026-08-07 16:00:00-04:00,29833.75,29850.75,29803.75,29805.0,10432,0.0,0.0
2026-08-07 16:30:00-04:00,29805.5,29845.0,29802.5,29834.75,3475,0.0,0.0
2026-08-09 18:00:00-04:00,29851.75,29860.25,29805.25,29838.0,3108,0.0,0.0
2026-08-09 18:30:00-04:00,29838.5,29853.5,29814.5,29844.25,2018,0.0,0.0
2026-08-09 19:00:00-04:00,29845.25,29882.25,29833.5,29864.25,2268,0.0,0.0
2026-08-09 19:30:00-04:00,29865.25,29872.0,29828.25,29829.5,2412,0.0,0.0
2026-08-09 20:00:00-04:00,29830.25,29906.5,29796.25,29845.75,5616,0.0,0.0
2026-08-09 20:30:00-04:00,29847.0,29865.25,29788.5,29802.0,4003,0.0,0.0
2026-08-09 21:00:00-04:00,29803.25,29882.5,29791.0,29865.25,3764,0.0,0.0
2026-08-09 21:30:00-04:00,29864.0,29895.0,29840.75,29885.0,2387,0.0,0.0
2026-08-09 22:00:00-04:00,29886.0,29892.25,29852.75,29870.0,2011,0.0,0.0
2026-08-09 22:30:00-04:00,29870.0,29899.5,29848.25,29880.25,1602,0.0,0.0
2026-08-09 23:00:00-04:00,29881.25,29892.0,29869.25,29882.5,1225,0.0,0.0
2026-08-09 23:30:00-04:00,29880.0,29899.0,29871.25,29880.0,1378,0.0,0.0
2026-08-10 00:00:00-04:00,29878.25,29904.0,29873.0,29899.25,1232,0.0,0.0
2026-08-10 00:30:00-04:00,29898.25,29902.25,29863.0,29882.75,1631,0.0,0.0
2026-08-10 01:00:00-04:00,29882.25,29924.5,29881.0,29910.75,2026,0.0,0.0
2026-08-10 01:30:00-04:00,29912.0,29930.5,29899.5,29930.5,1689,0.0,0.0
2026-08-10 02:00:00-04:00,29930.0,29962.75,29907.5,29914.25,3790,0.0,0.0
2026-08-10 02:30:00-04:00,29914.25,29925.25,29906.0,29908.5,1753,0.0,0.0
2026-08-10 03:00:00-04:00,29909.25,29952.5,29886.25,29952.25,3119,0.0,0.0
2026-08-10 03:30:00-04:00,29950.75,29984.0,29935.75,29951.5,2473,0.0,0.0
2026-08-10 04:00:00-04:00,29952.5,29981.0,29939.5,29953.5,2346,0.0,0.0
2026-08-10 04:30:00-04:00,29952.0,29975.0,29944.0,29971.5,1453,0.0,0.0
2026-08-10 05:00:00-04:00,29971.5,29983.75,29963.5,29967.75,1457,0.0,0.0
2026-08-10 05:30:00-04:00,29968.5,29972.0,29936.0,29938.75,1489,0.0,0.0
2026-08-10 06:00:00-04:00,29939.25,29959.0,29916.0,29946.75,2061,0.0,0.0
2026-08-10 06:30:00-04:00,29943.5,29945.5,29909.25,29912.25,1958,0.0,0.0
2026-08-10 07:00:00-04:00,29912.75,29926.0,29851.5,29909.0,4159,0.0,0.0
2026-08-10 07:30:00-04:00,29909.25,29919.75,29846.0,29871.0,4273,0.0,0.0
2026-08-10 08:00:00-04:00,29870.25,29883.75,29810.25,29821.0,3398,0.0,0.0
2026-08-10 08:30:00-04:00,29823.25,29827.5,29771.75,29777.0,5780,0.0,0.0
2026-08-10 09:00:00-04:00,29778.5,29823.75,29772.25,29805.5,7989,0.0,0.0
2026-08-10 09:30:00-04:00,29805.5,29841.75,29718.75,29806.75,61348,0.0,0.0
2026-08-10 10:00:00-04:00,29807.0,29900.0,29788.25,29857.75,37243,0.0,0.0
2026-08-10 10:30:00-04:00,29858.25,29892.25,29777.75,29779.25,27656,0.0,0.0
2026-08-10 11:00:00-04:00,29779.75,29822.5,29753.5,29777.75,25373,0.0,0.0
2026-08-10 11:30:00-04:00,29777.0,29854.5,29740.75,29844.0,20225,0.0,0.0
2026-08-10 12:00:00-04:00,29844.5,29858.75,29804.75,29809.75,14630,0.0,0.0
2026-08-10 12:30:00-04:00,29809.5,29817.0,29729.5,29780.0,21368,0.0,0.0
2026-08-10 13:00:00-04:00,29780.25,29811.25,29760.75,29787.5,12864,0.0,0.0
2026-08-10 13:30:00-04:00,29786.75,29796.5,29744.25,29759.75,10742,0.0,0.0
2026-08-10 14:00:00-04:00,29759.0,29772.75,29742.5,29747.75,8426,0.0,0.0
2026-08-10 14:30:00-04:00,29747.5,29784.5,29741.5,29782.0,10192,0.0,0.0
2026-08-10 15:00:00-04:00,29782.75,29796.0,29775.5,29781.75,10039,0.0,0.0
2026-08-10 15:30:00-04:00,29782.25,29793.0,29722.5,29744.25,29189,0.0,0.0
2026-08-10 16:00:00-04:00,29744.5,29754.75,29737.0,29751.75,8080,0.0,0.0
2026-08-10 16:30:00-04:00,29751.75,29770.0,29743.25,29764.25,2481,0.0,0.0
2026-08-10 18:00:00-04:00,29764.5,29788.5,29733.0,29746.25,1849,0.0,0.0
2026-08-10 18:30:00-04:00,29746.0,29746.25,29722.25,29732.5,1422,0.0,0.0
2026-08-10 19:00:00-04:00,29732.5,29735.5,29701.25,29708.5,1825,0.0,0.0
2026-08-10 19:30:00-04:00,29708.5,29726.75,29677.5,29704.5,2582,0.0,0.0
2026-08-10 20:00:00-04:00,29703.75,29765.0,29666.0,29762.75,6498,0.0,0.0
2026-08-10 20:30:00-04:00,29764.0,29793.75,29756.0,29785.0,2973,0.0,0.0
2026-08-10 21:00:00-04:00,29784.75,29839.5,29764.5,29821.75,4854,0.0,0.0
2026-08-10 21:30:00-04:00,29819.25,29842.5,29810.0,29818.25,2322,0.0,0.0
2026-08-10 22:00:00-04:00,29818.0,29830.5,29812.0,29825.0,1468,0.0,0.0
2026-08-10 22:30:00-04:00,29824.0,29844.5,29815.0,29818.25,1800,0.0,0.0
2026-08-10 23:00:00-04:00,29817.75,29847.5,29815.0,29840.75,1634,0.0,0.0
2026-08-10 23:30:00-04:00,29842.25,29843.0,29826.0,29834.0,1069,0.0,0.0
2026-08-11 00:00:00-04:00,29838.25,29854.5,29836.0,29852.75,1472,0.0,0.0
2026-08-11 00:30:00-04:00,29852.5,29861.75,29834.5,29838.75,1193,0.0,0.0
2026-08-11 01:00:00-04:00,29838.75,29854.25,29813.25,29813.75,1426,0.0,0.0
2026-08-11 01:30:00-04:00,29813.25,29829.5,29786.75,29793.25,2604,0.0,0.0
2026-08-11 02:00:00-04:00,29792.5,29827.75,29766.25,29771.25,3003,0.0,0.0
2026-08-11 02:30:00-04:00,29770.5,29789.25,29732.5,29754.25,4282,0.0,0.0
2026-08-11 03:00:00-04:00,29755.75,29769.75,29728.0,29743.25,2771,0.0,0.0
2026-08-11 03:30:00-04:00,29744.25,29780.25,29743.25,29774.75,1922,0.0,0.0
2026-08-11 04:00:00-04:00,29776.0,29804.25,29718.0,29733.0,3627,0.0,0.0
2026-08-11 04:30:00-04:00,29733.5,29763.5,29717.75,29749.5,1996,0.0,0.0
2026-08-11 05:00:00-04:00,29748.0,29765.75,29718.75,29759.0,2514,0.0,0.0
2026-08-11 05:30:00-04:00,29759.25,29784.0,29754.5,29768.75,1610,0.0,0.0
2026-08-11 06:00:00-04:00,29770.25,29832.75,29750.25,29821.25,2710,0.0,0.0
2026-08-11 06:30:00-04:00,29821.75,29827.5,29801.75,29818.0,1590,0.0,0.0
2026-08-11 07:00:00-04:00,29818.75,29886.75,29818.25,29834.25,7012,0.0,0.0
2026-08-11 07:30:00-04:00,29833.75,29837.0,29811.0,29832.0,2490,0.0,0.0
2026-08-11 08:00:00-04:00,29832.75,29871.5,29819.5,29828.5,4965,0.0,0.0
2026-08-11 08:30:00-04:00,29829.75,29857.25,29819.0,29833.75,3202,0.0,0.0
2026-08-11 09:00:00-04:00,29832.5,29851.25,29813.0,29839.0,7598,0.0,0.0
2026-08-11 09:30:00-04:00,29839.25,29842.5,29631.75,29732.75,69191,0.0,0.0
2026-08-11 10:00:00-04:00,29732.5,29792.5,29718.25,29777.25,38762,0.0,0.0
2026-08-11 10:30:00-04:00,29777.75,29804.75,29728.25,29777.0,29109,0.0,0.0
2026-08-11 11:00:00-04:00,29776.5,29792.25,29697.5,29702.75,27299,0.0,0.0
2026-08-11 11:30:00-04:00,29702.5,29719.5,29658.75,29663.25,22812,0.0,0.0
2026-08-11 12:00:00-04:00,29663.75,29681.75,29622.0,29645.75,19587,0.0,0.0
2026-08-11 12:30:00-04:00,29645.75,29666.75,29614.75,29626.0,17445,0.0,0.0
2026-08-11 13:00:00-04:00,29626.75,29634.75,29573.0,29606.0,19285,0.0,0.0
2026-08-11 13:30:00-04:00,29606.5,29640.75,29598.75,29628.75,13129,0.0,0.0
2026-08-11 14:00:00-04:00,29629.25,29635.75,29533.5,29544.25,18050,0.0,0.0
2026-08-11 14:30:00-04:00,29545.0,29599.5,29540.0,29582.75,15764,0.0,0.0
2026-08-11 15:00:00-04:00,29582.25,29627.0,29571.5,29624.0,14280,0.0,0.0
2026-08-11 15:30:00-04:00,29624.5,29660.25,29607.0,29635.25,32371,0.0,0.0
2026-08-11 16:00:00-04:00,29635.75,29676.5,29614.75,29674.75,11330,0.0,0.0
2026-08-11 16:30:00-04:00,29674.5,29676.0,29643.5,29646.75,2766,0.0,0.0
2026-08-11 18:00:00-04:00,29657.75,29662.0,29626.75,29655.0,1066,0.0,0.0
2026-08-11 18:30:00-04:00,29653.25,29666.0,29634.0,29650.25,1399,0.0,0.0
2026-08-11 19:00:00-04:00,29649.5,29654.25,29639.5,29652.5,778,0.0,0.0
2026-08-11 19:30:00-04:00,29652.75,29663.0,29634.25,29662.25,1275,0.0,0.0
2026-08-11 20:00:00-04:00,29661.75,29676.0,29624.5,29665.5,3712,0.0,0.0
2026-08-11 20:30:00-04:00,29666.0,29680.0,29652.0,29665.75,1776,0.0,0.0
2026-08-11 21:00:00-04:00,29662.75,29681.0,29639.5,29661.75,2281,0.0,0.0
2026-08-11 21:30:00-04:00,29660.0,29683.5,29646.75,29658.25,2107,0.0,0.0
2026-08-11 22:00:00-04:00,29659.0,29678.0,29650.0,29678.0,1522,0.0,0.0
2026-08-11 22:30:00-04:00,29677.25,29703.0,29675.25,29702.5,1553,0.0,0.0
2026-08-11 23:00:00-04:00,29702.75,29710.0,29695.25,29702.5,1553,0.0,0.0
2026-08-11 23:30:00-04:00,29701.75,29704.75,29684.5,29695.0,942,0.0,0.0
2026-08-12 00:00:00-04:00,29694.0,29703.0,29691.5,29698.25,855,0.0,0.0
2026-08-12 00:30:00-04:00,29697.0,29715.5,29683.5,29713.0,1335,0.0,0.0
2026-08-12 01:00:00-04:00,29714.0,29714.5,29668.25,29688.0,1514,0.0,0.0
2026-08-12 01:30:00-04:00,29688.75,29718.0,29687.25,29715.5,1265,0.0,0.0
2026-08-12 02:00:00-04:00,29715.0,29724.25,29698.25,29711.75,1815,0.0,0.0
2026-08-12 02:30:00-04:00,29709.5,29737.25,29706.0,29736.75,1662,0.0,0.0
2026-08-12 03:00:00-04:00,29737.25,29753.75,29727.5,29739.25,3032,0.0,0.0
2026-08-12 03:30:00-04:00,29738.0,29751.5,29729.75,29751.5,977,0.0,0.0
2026-08-12 04:00:00-04:00,29752.25,29792.25,29748.25,29786.0,2879,0.0,0.0
2026-08-12 04:30:00-04:00,29785.75,29799.5,29762.75,29793.75,1716,0.0,0.0
2026-08-12 05:00:00-04:00,29794.5,29848.25,29793.5,29824.0,2948,0.0,0.0
2026-08-12 05:30:00-04:00,29823.5,29838.75,29802.75,29815.25,2478,0.0,0.0
2026-08-12 06:00:00-04:00,29815.5,29845.25,29814.75,29839.5,1998,0.0,0.0
2026-08-12 06:30:00-04:00,29839.75,29844.25,29785.0,29814.5,3361,0.0,0.0
2026-08-12 07:00:00-04:00,29816.0,29838.0,29805.5,29810.25,2459,0.0,0.0
2026-08-12 07:30:00-04:00,29810.0,29846.5,29806.0,29845.5,2219,0.0,0.0
2026-08-12 08:00:00-04:00,29846.0,29932.25,29820.75,29905.5,5940,0.0,0.0
2026-08-12 08:30:00-04:00,29905.25,29960.0,29750.25,29919.25,15407,0.0,0.0
2026-08-12 09:00:00-04:00,29920.0,29992.75,29916.0,29991.0,12235,0.0,0.0
2026-08-12 09:30:00-04:00,29991.25,30001.75,29853.25,29907.5,66949,0.0,0.0
2026-08-12 10:00:00-04:00,29907.25,29945.75,29847.75,29916.25,40393,0.0,0.0
2026-08-12 10:30:00-04:00,29916.0,29931.5,29828.25,29868.0,33170,0.0,0.0
2026-08-12 11:00:00-04:00,29868.0,29892.0,29839.0,29874.5,21085,0.0,0.0
2026-08-12 11:30:00-04:00,29874.25,29879.0,29818.5,29831.75,17394,0.0,0.0
2026-08-12 12:00:00-04:00,29832.75,29887.75,29829.0,29873.5,14971,0.0,0.0
2026-08-12 12:30:00-04:00,29874.0,29918.0,29851.0,29905.5,16365,0.0,0.0
2026-08-12 13:00:00-04:00,29906.25,29924.5,29889.25,29909.25,13633,0.0,0.0
2026-08-12 13:30:00-04:00,29910.0,29924.0,29901.25,29910.25,10304,0.0,0.0
2026-08-12 14:00:00-04:00,29910.0,29918.5,29890.25,29894.0,9996,0.0,0.0
2026-08-12 14:30:00-04:00,29893.75,29932.0,29885.0,29889.75,10987,0.0,0.0
2026-08-12 15:00:00-04:00,29890.25,29905.0,29856.0,29868.25,11589,0.0,0.0
2026-08-12 15:30:00-04:00,29867.0,29870.0,29825.75,29852.75,31136,0.0,0.0
2026-08-12 16:00:00-04:00,29853.0,29906.0,29814.75,29820.0,12354,0.0,0.0
2026-08-12 16:30:00-04:00,29820.0,29823.25,29804.5,29805.75,3202,0.0,0.0
2026-08-12 18:00:00-04:00,29825.0,29831.75,29784.0,29794.0,1896,0.0,0.0
2026-08-12 18:30:00-04:00,29792.25,29803.5,29780.5,29797.75,1640,0.0,0.0
2026-08-12 19:00:00-04:00,29797.25,29812.5,29797.0,29807.25,1306,0.0,0.0
2026-08-12 19:30:00-04:00,29805.25,29815.0,29792.0,29804.5,1698,0.0,0.0
2026-08-12 20:00:00-04:00,29805.25,29866.75,29796.75,29840.25,4586,0.0,0.0
2026-08-12 20:30:00-04:00,29839.75,29853.75,29828.5,29846.0,2502,0.0,0.0
2026-08-12 21:00:00-04:00,29845.75,29853.0,29808.25,29818.25,2946,0.0,0.0
2026-08-12 21:30:00-04:00,29816.75,29866.0,29814.5,29857.25,2725,0.0,0.0
2026-08-12 22:00:00-04:00,29858.0,29871.25,29853.75,29863.0,1825,0.0,0.0
2026-08-12 22:30:00-04:00,29861.75,29877.75,29833.5,29868.5,2548,0.0,0.0
2026-08-12 23:00:00-04:00,29868.5,29879.5,29865.5,29874.0,947,0.0,0.0
2026-08-12 23:30:00-04:00,29876.25,29880.0,29867.25,29878.0,1010,0.0,0.0
2026-08-13 00:00:00-04:00,29886.75,29891.75,29853.75,29877.0,2298,0.0,0.0
2026-08-13 00:30:00-04:00,29876.5,29896.0,29873.5,29879.25,1316,0.0,0.0
2026-08-13 01:00:00-04:00,29878.5,29922.75,29874.0,29920.5,2364,0.0,0.0
2026-08-13 01:30:00-04:00,29921.5,29924.0,29882.0,29884.5,2125,0.0,0.0
2026-08-13 02:00:00-04:00,29884.5,29905.5,29869.25,29898.0,2204,0.0,0.0
2026-08-13 02:30:00-04:00,29896.75,29905.25,29858.25,29888.5,2209,0.0,0.0
2026-08-13 03:00:00-04:00,29888.0,29893.25,29845.0,29872.5,2912,0.0,0.0
2026-08-13 03:30:00-04:00,29869.75,29882.25,29859.25,29860.0,1902,0.0,0.0
2026-08-13 04:00:00-04:00,29859.75,29872.5,29827.0,29858.75,3423,0.0,0.0
2026-08-13 04:30:00-04:00,29859.5,29875.75,29845.5,29860.75,1688,0.0,0.0
2026-08-13 05:00:00-04:00,29861.5,29868.75,29821.0,29838.75,1875,0.0,0.0
2026-08-13 05:30:00-04:00,29837.5,29879.25,29836.5,29876.5,1221,0.0,0.0
2026-08-13 06:00:00-04:00,29876.25,29884.5,29863.25,29873.0,1585,0.0,0.0
2026-08-13 06:30:00-04:00,29874.0,29886.5,29868.5,29881.25,1070,0.0,0.0
2026-08-13 07:00:00-04:00,29881.5,29892.25,29855.5,29863.0,1881,0.0,0.0
2026-08-13 07:30:00-04:00,29860.25,29895.0,29857.5,29869.0,2157,0.0,0.0
2026-08-13 08:00:00-04:00,29869.5,29872.0,29812.25,29844.5,3971,0.0,0.0
2026-08-13 08:30:00-04:00,29849.75,29890.5,29820.0,29880.25,8716,0.0,0.0
2026-08-13 09:00:00-04:00,29880.75,29921.0,29878.75,29910.75,9403,0.0,0.0
2026-08-13 09:30:00-04:00,29911.0,30182.25,29863.5,30176.0,70055,0.0,0.0
2026-08-13 10:00:00-04:00,30175.75,30239.5,30155.75,30234.25,41474,0.0,0.0
2026-08-13 10:30:00-04:00,30233.25,30267.5,30198.25,30199.5,36166,0.0,0.0
2026-08-13 11:00:00-04:00,30199.25,30238.75,30179.5,30188.25,30502,0.0,0.0
2026-08-13 11:30:00-04:00,30188.75,30198.5,30104.0,30115.5,31585,0.0,0.0
2026-08-13 12:00:00-04:00,30117.25,30189.0,30114.25,30186.5,18558,0.0,0.0
2026-08-13 12:30:00-04:00,30186.75,30203.25,30168.0,30193.75,14059,0.0,0.0
2026-08-13 13:00:00-04:00,30193.75,30250.0,30193.25,30237.5,16742,0.0,0.0
2026-08-13 13:30:00-04:00,30237.75,30244.75,30203.75,30204.5,12604,0.0,0.0
2026-08-13 14:00:00-04:00,30205.0,30215.5,30181.0,30192.0,14202,0.0,0.0
2026-08-13 14:30:00-04:00,30192.0,30246.0,30191.5,30244.25,14925,0.0,0.0
2026-08-13 15:00:00-04:00,30244.25,30272.75,30215.25,30223.25,20143,0.0,0.0
2026-08-13 15:30:00-04:00,30222.75,30227.75,30173.0,30194.0,32154,0.0,0.0
2026-08-13 16:00:00-04:00,30194.25,30220.0,30144.5,30197.75,13824,0.0,0.0
2026-08-13 16:30:00-04:00,30198.25,30219.75,30195.5,30214.25,2626,0.0,0.0
2026-08-13 18:00:00-04:00,30210.75,30216.75,30186.0,30197.0,1360,0.0,0.0
2026-08-13 18:30:00-04:00,30198.5,30210.25,30198.25,30203.25,949,0.0,0.0
2026-08-13 19:00:00-04:00,30204.0,30226.0,30192.25,30199.5,1659,0.0,0.0
2026-08-13 19:30:00-04:00,30198.5,30204.0,30189.5,30203.25,1573,0.0,0.0
2026-08-13 20:00:00-04:00,30203.75,30232.0,30176.75,30185.5,4297,0.0,0.0
2026-08-13 20:30:00-04:00,30184.5,30191.75,30166.25,30170.0,2864,0.0,0.0
2026-08-13 21:00:00-04:00,30169.25,30169.75,30124.25,30152.5,5095,0.0,0.0
2026-08-13 21:30:00-04:00,30153.25,30168.0,30140.25,30151.5,2193,0.0,0.0
2026-08-13 22:00:00-04:00,30151.5,30171.75,30149.75,30167.25,1932,0.0,0.0
2026-08-13 22:30:00-04:00,30168.0,30181.5,30150.0,30154.75,1639,0.0,0.0
2026-08-13 23:00:00-04:00,30153.75,30180.0,30150.0,30180.0,1410,0.0,0.0
2026-08-13 23:30:00-04:00,30180.75,30182.5,30152.75,30153.75,1417,0.0,0.0
2026-08-14 00:00:00-04:00,30158.25,30165.0,30148.0,30157.5,1879,0.0,0.0
2026-08-14 00:30:00-04:00,30158.75,30163.75,30137.5,30147.0,1694,0.0,0.0
2026-08-14 01:00:00-04:00,30148.25,30152.5,30127.75,30150.5,1773,0.0,0.0
2026-08-14 01:30:00-04:00,30149.25,30182.0,30140.75,30174.0,1550,0.0,0.0
2026-08-14 02:00:00-04:00,30174.75,30177.75,30147.5,30163.25,1470,0.0,0.0
2026-08-14 02:30:00-04:00,30162.25,30178.0,30149.5,30172.5,1202,0.0,0.0
2026-08-14 03:00:00-04:00,30173.5,30194.25,30171.5,30177.0,2004,0.0,0.0
2026-08-14 03:30:00-04:00,30177.75,30203.75,30173.0,30194.75,1495,0.0,0.0
2026-08-14 04:00:00-04:00,30194.5,30235.75,30187.75,30225.5,3124,0.0,0.0
2026-08-14 04:30:00-04:00,30224.5,30240.25,30220.5,30220.75,1580,0.0,0.0
2026-08-14 05:00:00-04:00,30220.0,30232.0,30210.25,30226.75,1384,0.0,0.0
2026-08-14 05:30:00-04:00,30225.5,30236.0,30207.0,30235.0,1724,0.0,0.0
2026-08-14 06:00:00-04:00,30234.25,30249.75,30223.0,30228.75,1864,0.0,0.0
2026-08-14 06:30:00-04:00,30230.0,30252.5,30223.5,30252.0,1953,0.0,0.0
2026-08-14 07:00:00-04:00,30251.75,30262.0,30242.0,30247.25,2200,0.0,0.0
2026-08-14 07:30:00-04:00,30247.0,30268.0,30237.25,30263.75,2593,0.0,0.0
2026-08-14 08:00:00-04:00,30265.25,30280.25,30208.5,30251.5,5479,0.0,0.0
2026-08-14 08:30:00-04:00,30252.75,30279.75,30247.0,30268.25,5541,0.0,0.0
2026-08-14 09:00:00-04:00,30268.5,30283.0,30236.25,30241.5,6510,0.0,0.0
2026-08-14 09:30:00-04:00,30241.5,30280.5,30169.75,30228.25,63887,0.0,0.0
2026-08-14 10:00:00-04:00,30226.0,30272.25,30134.25,30160.25,39646,0.0,0.0
2026-08-14 10:30:00-04:00,30159.75,30176.5,30123.0,30123.0,27133,0.0,0.0
2026-08-14 11:00:00-04:00,30124.0,30143.0,30033.5,30072.5,31369,0.0,0.0
2026-08-14 11:30:00-04:00,30073.25,30075.0,30028.5,30065.75,24580,0.0,0.0
2026-08-14 12:00:00-04:00,30066.5,30107.75,30050.5,30101.0,18560,0.0,0.0
2026-08-14 12:30:00-04:00,30100.5,30102.0,30052.75,30059.0,16516,0.0,0.0
2026-08-14 13:00:00-04:00,30059.25,30079.75,30046.5,30059.25,13223,0.0,0.0
2026-08-14 13:30:00-04:00,30059.5,30084.5,30049.75,30081.5,11585,0.0,0.0
2026-08-14 14:00:00-04:00,30081.25,30092.5,30064.75,30068.0,11012,0.0,0.0
2026-08-14 14:30:00-04:00,30067.5,30104.0,30062.5,30088.5,11025,0.0,0.0
2026-08-14 15:00:00-04:00,30088.5,30104.0,30076.0,30096.75,12181,0.0,0.0
2026-08-14 15:30:00-04:00,30096.25,30148.0,30091.25,30145.0,30475,0.0,0.0
2026-08-14 16:00:00-04:00,30144.25,30153.25,30127.25,30131.0,9801,0.0,0.0
2026-08-14 16:30:00-04:00,30131.0,30154.75,30128.25,30141.75,2867,0.0,0.0
2026-08-16 18:00:00-04:00,30192.25,30202.5,30188.75,30192.75,746,0.0,0.0
2026-08-16 18:30:00-04:00,30193.0,30211.75,30187.25,30205.0,1513,0.0,0.0
2026-08-16 19:00:00-04:00,30205.25,30207.25,30191.5,30197.0,1161,0.0,0.0
2026-08-16 19:30:00-04:00,30197.75,30228.0,30192.75,30214.25,1781,0.0,0.0
2026-08-16 20:00:00-04:00,30215.0,30227.25,30189.0,30195.5,3039,0.0,0.0
2026-08-16 20:30:00-04:00,30195.5,30202.0,30185.5,30201.75,1752,0.0,0.0
2026-08-16 21:00:00-04:00,30201.0,30239.0,30199.75,30229.75,3539,0.0,0.0
2026-08-16 21:30:00-04:00,30230.25,30232.5,30187.0,30192.0,2568,0.0,0.0
2026-08-16 22:00:00-04:00,30192.0,30222.25,30185.25,30217.25,2372,0.0,0.0
2026-08-16 22:30:00-04:00,30216.75,30231.25,30211.75,30222.25,1394,0.0,0.0
2026-08-16 23:00:00-04:00,30223.0,30235.5,30220.75,30234.25,1252,0.0,0.0
2026-08-16 23:30:00-04:00,30234.75,30247.25,30226.0,30245.75,1184,0.0,0.0
2026-08-17 00:00:00-04:00,30246.75,30255.0,30240.5,30241.0,1441,0.0,0.0
2026-08-17 00:30:00-04:00,30241.0,30248.5,30233.0,30234.75,1138,0.0,0.0
2026-08-17 01:00:00-04:00,30234.5,30247.0,30230.5,30243.75,994,0.0,0.0
2026-08-17 01:30:00-04:00,30244.5,30274.0,30237.25,30272.0,1788,0.0,0.0
2026-08-17 02:00:00-04:00,30273.25,30299.0,30266.75,30296.75,3272,0.0,0.0
2026-08-17 02:30:00-04:00,30297.25,30327.0,30294.0,30324.5,3396,0.0,0.0
2026-08-17 03:00:00-04:00,30324.75,30331.5,30261.0,30279.75,3703,0.0,0.0
2026-08-17 03:30:00-04:00,30279.75,30324.25,30276.75,30313.0,2729,0.0,0.0
2026-08-17 04:00:00-04:00,30312.0,30328.0,30297.0,30315.25,2444,0.0,0.0
2026-08-17 04:30:00-04:00,30314.0,30319.0,30283.75,30298.25,1684,0.0,0.0
2026-08-17 05:00:00-04:00,30298.25,30301.5,30267.75,30274.5,1470,0.0,0.0
2026-08-17 05:30:00-04:00,30274.25,30291.5,30267.75,30282.0,1295,0.0,0.0
2026-08-17 06:00:00-04:00,30282.0,30343.0,30276.0,30338.0,2719,0.0,0.0
2026-08-17 06:30:00-04:00,30334.25,30338.5,30292.75,30315.0,2248,0.0,0.0
2026-08-17 07:00:00-04:00,30313.75,30325.0,30286.75,30299.5,3244,0.0,0.0
2026-08-17 07:30:00-04:00,30300.25,30310.0,30286.0,30286.75,1917,0.0,0.0
2026-08-17 08:00:00-04:00,30286.75,30288.75,30220.75,30236.0,5951,0.0,0.0
2026-08-17 08:30:00-04:00,30238.25,30250.5,30180.0,30202.5,7380,0.0,0.0
2026-08-17 09:00:00-04:00,30202.5,30238.0,30199.25,30219.5,8990,0.0,0.0
2026-08-17 09:30:00-04:00,30218.5,30266.0,30165.5,30235.0,56015,0.0,0.0
2026-08-17 10:00:00-04:00,30234.75,30243.25,30155.25,30197.75,36910,0.0,0.0
2026-08-17 10:30:00-04:00,30198.0,30246.0,30186.0,30244.0,21680,0.0,0.0
2026-08-17 11:00:00-04:00,30244.0,30287.5,30233.25,30269.0,25244,0.0,0.0
2026-08-17 11:30:00-04:00,30269.75,30273.5,30207.75,30239.5,22781,0.0,0.0
2026-08-17 12:00:00-04:00,30239.75,30243.25,30196.5,30207.25,14851,0.0,0.0
2026-08-17 12:30:00-04:00,30207.5,30212.75,30175.25,30183.5,12378,0.0,0.0
2026-08-17 13:00:00-04:00,30183.5,30187.25,30092.5,30096.75,26830,0.0,0.0
2026-08-17 13:30:00-04:00,30097.0,30128.0,30086.5,30102.25,18374,0.0,0.0
2026-08-17 14:00:00-04:00,30102.0,30114.0,30079.25,30103.0,16387,0.0,0.0
2026-08-17 14:30:00-04:00,30103.75,30136.5,30092.5,30122.25,11473,0.0,0.0
2026-08-17 15:00:00-04:00,30122.5,30124.75,30082.25,30093.5,15076,0.0,0.0
2026-08-17 15:30:00-04:00,30093.75,30123.0,30066.5,30090.5,27278,0.0,0.0
2026-08-17 16:00:00-04:00,30091.0,30098.0,30068.5,30078.5,8710,0.0,0.0
2026-08-17 16:30:00-04:00,30077.75,30080.0,30054.5,30078.25,2857,0.0,0.0
2026-08-17 18:00:00-04:00,30077.0,30091.75,30062.25,30076.0,1898,0.0,0.0
2026-08-17 18:30:00-04:00,30075.0,30083.5,30067.0,30079.75,1075,0.0,0.0
2026-08-17 19:00:00-04:00,30079.25,30088.75,30070.0,30084.0,1292,0.0,0.0
2026-08-17 19:30:00-04:00,30083.0,30103.0,30080.5,30094.5,2348,0.0,0.0
2026-08-17 20:00:00-04:00,30094.25,30114.75,30083.75,30100.0,2939,0.0,0.0
2026-08-17 20:30:00-04:00,30101.0,30121.25,30095.0,30098.0,2299,0.0,0.0
2026-08-17 21:00:00-04:00,30099.25,30110.0,30075.0,30087.5,2763,0.0,0.0
2026-08-17 21:30:00-04:00,30086.25,30090.5,29968.25,30012.5,9451,0.0,0.0
2026-08-17 22:00:00-04:00,30012.0,30022.0,29923.25,29931.0,7250,0.0,0.0
2026-08-17 22:30:00-04:00,29932.5,29959.75,29880.25,29908.25,7920,0.0,0.0
2026-08-17 23:00:00-04:00,29909.0,29915.5,29859.25,29879.25,4445,0.0,0.0
2026-08-17 23:30:00-04:00,29879.0,29909.75,29853.0,29900.0,4822,0.0,0.0
2026-08-18 00:00:00-04:00,29888.75,29920.25,29879.25,29911.0,3906,0.0,0.0
2026-08-18 00:30:00-04:00,29912.25,29927.25,29891.0,29918.0,2825,0.0,0.0
2026-08-18 01:00:00-04:00,29917.75,29918.5,29873.25,29876.0,3049,0.0,0.0
2026-08-18 01:30:00-04:00,29876.5,29880.75,29835.25,29842.0,3298,0.0,0.0
2026-08-18 02:00:00-04:00,29841.5,29866.5,29786.0,29860.0,6814,0.0,0.0
2026-08-18 02:30:00-04:00,29859.5,29896.0,29852.75,29893.0,2364,0.0,0.0
2026-08-18 03:00:00-04:00,29892.0,29896.5,29845.5,29847.25,2933,0.0,0.0
2026-08-18 03:30:00-04:00,29848.0,29854.75,29808.0,29810.75,3263,0.0,0.0
2026-08-18 04:00:00-04:00,29811.0,29814.25,29735.75,29759.75,8055,0.0,0.0
2026-08-18 04:30:00-04:00,29759.5,29792.25,29742.5,29765.5,3483,0.0,0.0
2026-08-18 05:00:00-04:00,29765.0,29778.0,29723.5,29735.0,3815,0.0,0.0
2026-08-18 05:30:00-04:00,29736.5,29742.0,29687.25,29733.0,5381,0.0,0.0
2026-08-18 06:00:00-04:00,29732.25,29743.75,29703.75,29727.5,3108,0.0,0.0
2026-08-18 06:30:00-04:00,29726.75,29752.75,29720.5,29739.0,2452,0.0,0.0
2026-08-18 07:00:00-04:00,29739.0,29773.75,29730.25,29756.75,4055,0.0,0.0
2026-08-18 07:30:00-04:00,29758.0,29775.75,29727.0,29747.25,3612,0.0,0.0
2026-08-18 08:00:00-04:00,29748.5,29786.0,29711.5,29714.5,6674,0.0,0.0
2026-08-18 08:30:00-04:00,29714.25,29723.0,29680.5,29713.0,5878,0.0,0.0
2026-08-18 09:00:00-04:00,29713.0,29726.5,29678.0,29690.25,10053,0.0,0.0
2026-08-18 09:30:00-04:00,29690.75,29769.75,29604.75,29646.25,81300,0.0,0.0
2026-08-18 10:00:00-04:00,29647.5,29705.75,29568.5,29669.25,57198,0.0,0.0
2026-08-18 10:30:00-04:00,29668.75,29691.25,29536.25,29547.75,43930,0.0,0.0
2026-08-18 11:00:00-04:00,29547.5,29600.0,29514.0,29591.25,38928,0.0,0.0
2026-08-18 11:30:00-04:00,29591.0,29641.0,29566.5,29637.0,27337,0.0,0.0
2026-08-18 12:00:00-04:00,29636.75,29663.25,29609.5,29609.75,23651,0.0,0.0
2026-08-18 12:30:00-04:00,29609.75,29670.75,29603.25,29649.75,19941,0.0,0.0
2026-08-18 13:00:00-04:00,29649.75,29660.75,29593.0,29616.0,16730,0.0,0.0
2026-08-18 13:30:00-04:00,29615.25,29622.0,29565.0,29565.75,15023,0.0,0.0
2026-08-18 14:00:00-04:00,29566.0,29615.0,29547.25,29603.25,19719,0.0,0.0
2026-08-18 14:30:00-04:00,29603.5,29614.0,29565.25,29571.25,13420,0.0,0.0
2026-08-18 15:00:00-04:00,29571.0,29606.75,29564.5,29600.0,14883,0.0,0.0
2026-08-18 15:30:00-04:00,29600.0,29610.0,29559.25,29586.5,37981,0.0,0.0
2026-08-18 16:00:00-04:00,29586.75,29596.75,29561.5,29578.25,8604,0.0,0.0
2026-08-18 16:30:00-04:00,29578.5,29586.0,29550.25,29559.5,3075,0.0,0.0
2026-08-18 18:00:00-04:00,29566.5,29593.5,29544.75,29546.75,2759,0.0,0.0
2026-08-18 18:30:00-04:00,29547.5,29552.75,29516.75,29519.5,3317,0.0,0.0
2026-08-18 19:00:00-04:00,29520.0,29567.25,29514.25,29546.0,3370,0.0,0.0
2026-08-18 19:30:00-04:00,29545.75,29552.75,29523.0,29528.5,3009,0.0,0.0
2026-08-18 20:00:00-04:00,29527.5,29530.75,29442.0,29530.75,9745,0.0,0.0
2026-08-18 20:30:00-04:00,29530.75,29586.0,29529.75,29539.25,6068,0.0,0.0
2026-08-18 21:00:00-04:00,29538.25,29609.5,29530.25,29602.0,7491,0.0,0.0
2026-08-18 21:30:00-04:00,29600.75,29604.5,29563.0,29577.75,3727,0.0,0.0
2026-08-18 22:00:00-04:00,29579.0,29583.25,29521.0,29542.0,4409,0.0,0.0
2026-08-18 22:30:00-04:00,29541.75,29545.0,29514.0,29532.0,2759,0.0,0.0
2026-08-18 23:00:00-04:00,29532.0,29555.0,29519.75,29535.25,2712,0.0,0.0
2026-08-18 23:30:00-04:00,29533.5,29567.0,29516.25,29527.75,2774,0.0,0.0
2026-08-19 00:00:00-04:00,29517.0,29543.5,29505.0,29533.75,2771,0.0,0.0
2026-08-19 00:30:00-04:00,29533.75,29540.5,29463.75,29506.0,3444,0.0,0.0
2026-08-19 01:00:00-04:00,29506.75,29535.0,29466.25,29509.25,3438,0.0,0.0
2026-08-19 01:30:00-04:00,29507.5,29512.25,29446.0,29457.5,3014,0.0,0.0
2026-08-19 02:00:00-04:00,29456.5,29504.75,29430.5,29482.0,4357,0.0,0.0
2026-08-19 02:30:00-04:00,29481.5,29561.5,29460.0,29559.75,4541,0.0,0.0
2026-08-19 03:00:00-04:00,29558.75,29578.25,29520.25,29578.25,4418,0.0,0.0
2026-08-19 03:30:00-04:00,29578.5,29606.5,29547.25,29601.25,4471,0.0,0.0
2026-08-19 04:00:00-04:00,29600.25,29640.75,29593.0,29622.5,6869,0.0,0.0
2026-08-19 04:30:00-04:00,29620.5,29633.25,29600.25,29609.5,3007,0.0,0.0
2026-08-19 05:00:00-04:00,29606.25,29630.0,29566.25,29571.0,3461,0.0,0.0
2026-08-19 05:30:00-04:00,29571.0,29587.0,29536.5,29553.75,2595,0.0,0.0
2026-08-19 06:00:00-04:00,29553.25,29557.75,29510.75,29536.25,3508,0.0,0.0
2026-08-19 06:30:00-04:00,29536.0,29558.75,29517.75,29521.0,2575,0.0,0.0
2026-08-19 07:00:00-04:00,29522.5,29578.0,29509.5,29538.5,3971,0.0,0.0
2026-08-19 07:30:00-04:00,29536.25,29540.25,29506.75,29536.0,2836,0.0,0.0
2026-08-19 08:00:00-04:00,29535.0,29583.0,29511.5,29573.25,6462,0.0,0.0
2026-08-19 08:30:00-04:00,29574.0,29757.25,29549.25,29742.75,25419,0.0,0.0
2026-08-19 09:00:00-04:00,29743.0,29748.25,29679.75,29697.0,16181,0.0,0.0
2026-08-19 09:30:00-04:00,29696.0,29742.75,29406.5,29496.5,97457,0.0,0.0
2026-08-19 10:00:00-04:00,29496.25,29514.25,29375.75,29482.5,62399,0.0,0.0
2026-08-19 10:30:00-04:00,29482.5,29624.5,29468.25,29623.25,40704,0.0,0.0
2026-08-19 11:00:00-04:00,29623.0,29631.25,29581.0,29613.5,25873,0.0,0.0
2026-08-19 11:30:00-04:00,29613.25,29616.5,29550.25,29606.25,21589,0.0,0.0
2026-08-19 12:00:00-04:00,29607.25,29667.25,29587.5,29609.0,19382,0.0,0.0
2026-08-19 12:30:00-04:00,29609.0,29621.5,29553.0,29559.5,14275,0.0,0.0
2026-08-19 13:00:00-04:00,29560.0,29573.25,29510.5,29539.5,16887,0.0,0.0
2026-08-19 13:30:00-04:00,29540.0,29561.0,29513.75,29544.25,11282,0.0,0.0
2026-08-19 14:00:00-04:00,29544.0,29592.5,29492.0,29538.75,20889,0.0,0.0
2026-08-19 14:30:00-04:00,29538.5,29578.75,29527.5,29535.0,14180,0.0,0.0
2026-08-19 15:00:00-04:00,29535.25,29579.75,29529.5,29555.75,12412,0.0,0.0
2026-08-19 15:30:00-04:00,29556.75,29590.0,29485.25,29521.5,34222,0.0,0.0
2026-08-19 16:00:00-04:00,29522.0,29542.75,29514.25,29525.25,8588,0.0,0.0
2026-08-19 16:30:00-04:00,29524.75,29562.5,29520.0,29561.0,2709,0.0,0.0
2026-08-19 18:00:00-04:00,29561.5,29639.0,29556.5,29621.5,2969,0.0,0.0
2026-08-19 18:30:00-04:00,29622.0,29654.25,29613.0,29649.5,3046,0.0,0.0
2026-08-19 19:00:00-04:00,29650.75,29689.75,29632.75,29651.25,3160,0.0,0.0
2026-08-19 19:30:00-04:00,29652.0,29666.75,29626.0,29628.5,2299,0.0,0.0
2026-08-19 20:00:00-04:00,29629.0,29665.5,29581.5,29630.5,5683,0.0,0.0
2026-08-19 20:30:00-04:00,29630.75,29675.75,29617.0,29669.75,3054,0.0,0.0
2026-08-19 21:00:00-04:00,29670.5,29684.25,29624.75,29634.5,3829,0.0,0.0
2026-08-19 21:30:00-04:00,29633.75,29674.75,29623.75,29642.25,3132,0.0,0.0
2026-08-19 22:00:00-04:00,29641.75,29683.25,29612.75,29633.25,3453,0.0,0.0
2026-08-19 22:30:00-04:00,29631.25,29662.25,29610.0,29630.25,2486,0.0,0.0
2026-08-19 23:00:00-04:00,29632.0,29657.25,29606.0,29626.0,2214,0.0,0.0
2026-08-19 23:30:00-04:00,29625.0,29631.25,29593.5,29613.0,2621,0.0,0.0
2026-08-20 00:00:00-04:00,29646.25,29656.0,29636.0,29639.25,1544,0.0,0.0
2026-08-20 00:30:00-04:00,29640.25,29642.0,29608.5,29615.0,1643,0.0,0.0
2026-08-20 01:00:00-04:00,29617.0,29641.0,29587.75,29616.0,2272,0.0,0.0
2026-08-20 01:30:00-04:00,29617.25,29634.25,29599.75,29605.5,1647,0.0,0.0
2026-08-20 02:00:00-04:00,29607.0,29666.25,29602.25,29654.5,2857,0.0,0.0
2026-08-20 02:30:00-04:00,29653.5,29686.5,29647.0,29672.5,2502,0.0,0.0
2026-08-20 03:00:00-04:00,29672.75,29672.75,29604.75,29615.75,3722,0.0,0.0
2026-08-20 03:30:00-04:00,29615.5,29637.0,29592.75,29594.5,2818,0.0,0.0
2026-08-20 04:00:00-04:00,29595.75,29605.5,29496.0,29501.25,6629,0.0,0.0
2026-08-20 04:30:00-04:00,29502.0,29529.5,29452.75,29475.75,5907,0.0,0.0
2026-08-20 05:00:00-04:00,29477.25,29543.75,29468.0,29530.75,3159,0.0,0.0
2026-08-20 05:30:00-04:00,29527.0,29546.75,29507.5,29528.25,1607,0.0,0.0
2026-08-20 06:00:00-04:00,29527.25,29564.0,29511.75,29537.75,2705,0.0,0.0
2026-08-20 06:30:00-04:00,29535.75,29567.0,29516.25,29566.0,2335,0.0,0.0
2026-08-20 07:00:00-04:00,29566.0,29582.25,29422.0,29425.0,7323,0.0,0.0
2026-08-20 07:30:00-04:00,29424.5,29453.5,29348.75,29362.0,8779,0.0,0.0
2026-08-20 08:00:00-04:00,29361.25,29375.0,29262.5,29276.5,14556,0.0,0.0
2026-08-20 08:30:00-04:00,29278.0,29351.0,29240.0,29346.0,11778,0.0,0.0
2026-08-20 09:00:00-04:00,29346.75,29373.25,29324.0,29350.75,11442,0.0,0.0
2026-08-20 09:30:00-04:00,29350.5,29470.25,29308.75,29354.0,83306,0.0,0.0
2026-08-20 10:00:00-04:00,29354.0,29414.0,29305.0,29349.75,54775,0.0,0.0
2026-08-20 10:30:00-04:00,29350.75,29433.5,29329.0,29392.75,34119,0.0,0.0
2026-08-20 11:00:00-04:00,29392.5,29457.5,29301.0,29345.0,38581,0.0,0.0
2026-08-20 11:30:00-04:00,29344.0,29350.5,29269.25,29329.75,25385,0.0,0.0
2026-08-20 12:00:00-04:00,29329.75,29356.5,29302.75,29340.75,17766,0.0,0.0
2026-08-20 12:30:00-04:00,29340.25,29389.0,29310.0,29380.0,17853,0.0,0.0
2026-08-20 13:00:00-04:00,29380.0,29382.0,29292.5,29294.5,16504,0.0,0.0
2026-08-20 13:30:00-04:00,29294.25,29325.75,29282.75,29292.75,15412,0.0,0.0
2026-08-20 14:00:00-04:00,29292.5,29293.0,29202.75,29232.75,25851,0.0,0.0
2026-08-20 14:30:00-04:00,29233.0,29259.0,29212.0,29243.75,16806,0.0,0.0
2026-08-20 15:00:00-04:00,29243.75,29307.5,29242.25,29304.5,18811,0.0,0.0
2026-08-20 15:30:00-04:00,29304.25,29335.25,29286.5,29305.75,37810,0.0,0.0
2026-08-20 16:00:00-04:00,29306.0,29320.5,29262.5,29288.25,9703,0.0,0.0
2026-08-20 16:30:00-04:00,29287.75,29319.5,29285.25,29317.25,2775,0.0,0.0
2026-08-20 18:00:00-04:00,29327.0,29345.75,29274.25,29285.75,1618,0.0,0.0
2026-08-20 18:30:00-04:00,29286.5,29325.5,29281.75,29323.0,1970,0.0,0.0
2026-08-20 19:00:00-04:00,29321.5,29328.5,29312.5,29315.5,1137,0.0,0.0
2026-08-20 19:30:00-04:00,29316.5,29323.75,29286.75,29293.0,2745,0.0,0.0
2026-08-20 20:00:00-04:00,29292.5,29365.5,29289.75,29325.5,4829,0.0,0.0
2026-08-20 20:30:00-04:00,29326.75,29362.0,29311.75,29320.5,2964,0.0,0.0
2026-08-20 21:00:00-04:00,29320.5,29357.0,29291.75,29341.5,3948,0.0,0.0
2026-08-20 21:30:00-04:00,29340.5,29372.5,29320.25,29354.25,2883,0.0,0.0
2026-08-20 22:00:00-04:00,29353.75,29395.0,29343.25,29390.0,2374,0.0,0.0
2026-08-20 22:30:00-04:00,29390.0,29399.25,29376.0,29384.0,1999,0.0,0.0
2026-08-20 23:00:00-04:00,29384.0,29388.25,29349.0,29363.0,2127,0.0,0.0
2026-08-20 23:30:00-04:00,29364.75,29376.75,29342.75,29360.25,1727,0.0,0.0
2026-08-21 00:00:00-04:00,29362.0,29371.75,29330.5,29330.5,2101,0.0,0.0
2026-08-21 00:30:00-04:00,29330.0,29364.5,29321.25,29356.25,1720,0.0,0.0
2026-08-21 01:00:00-04:00,29358.25,29380.75,29351.5,29353.25,1437,0.0,0.0
2026-08-21 01:30:00-04:00,29352.25,29377.5,29340.25,29366.25,1626,0.0,0.0
2026-08-21 02:00:00-04:00,29365.5,29381.0,29354.5,29376.25,1719,0.0,0.0
2026-08-21 02:30:00-04:00,29375.5,29401.5,29365.5,29386.5,2416,0.0,0.0
2026-08-21 03:00:00-04:00,29386.0,29458.75,29380.5,29427.5,4460,0.0,0.0
2026-08-21 03:30:00-04:00,29426.0,29453.5,29420.5,29446.0,3170,0.0,0.0
2026-08-21 04:00:00-04:00,29447.25,29464.25,29390.5,29421.5,4594,0.0,0.0
2026-08-21 04:30:00-04:00,29421.25,29467.5,29418.0,29453.0,3675,0.0,0.0
2026-08-21 05:00:00-04:00,29454.0,29455.0,29411.5,29435.5,3284,0.0,0.0
2026-08-21 05:30:00-04:00,29435.5,29495.0,29429.75,29485.0,4624,0.0,0.0
2026-08-21 06:00:00-04:00,29485.75,29518.5,29470.25,29490.0,4195,0.0,0.0
2026-08-21 06:30:00-04:00,29489.5,29495.0,29471.25,29479.5,1860,0.0,0.0
2026-08-21 07:00:00-04:00,29480.0,29525.0,29452.75,29519.25,5174,0.0,0.0
2026-08-21 07:30:00-04:00,29518.5,29539.0,29498.5,29500.0,5309,0.0,0.0
2026-08-21 08:00:00-04:00,29499.5,29516.75,29477.75,29516.25,4535,0.0,0.0
2026-08-21 08:30:00-04:00,29515.5,29539.0,29503.5,29511.5,5699,0.0,0.0
2026-08-21 09:00:00-04:00,29511.75,29516.0,29418.0,29469.25,14297,0.0,0.0
2026-08-21 09:30:00-04:00,29469.25,29476.0,29255.75,29303.5,72468,0.0,0.0
2026-08-21 10:00:00-04:00,29303.25,29335.5,29220.0,29278.75,54282,0.0,0.0
2026-08-21 10:30:00-04:00,29280.25,29333.75,29258.0,29331.75,35218,0.0,0.0
2026-08-21 11:00:00-04:00,29332.0,29371.25,29326.75,29368.25,27761,0.0,0.0
2026-08-21 11:30:00-04:00,29367.75,29488.75,29364.0,29443.0,38743,0.0,0.0
2026-08-21 12:00:00-04:00,29443.5,29452.75,29388.75,29409.5,26363,0.0,0.0
2026-08-21 12:30:00-04:00,29410.0,29425.5,29380.75,29412.25,13119,0.0,0.0
2026-08-21 13:00:00-04:00,29412.0,29424.0,29376.25,29395.25,14970,0.0,0.0
2026-08-21 13:30:00-04:00,29396.0,29410.5,29381.5,29383.75,10563,0.0,0.0
2026-08-21 14:00:00-04:00,29383.25,29405.25,29362.75,29363.0,13124,0.0,0.0
2026-08-21 14:30:00-04:00,29363.0,29403.5,29353.75,29400.25,10739,0.0,0.0
2026-08-21 15:00:00-04:00,29400.0,29415.0,29380.25,29394.5,14841,0.0,0.0
2026-08-21 15:30:00-04:00,29393.5,29432.25,29375.25,29395.25,31809,0.0,0.0
2026-08-21 16:00:00-04:00,29395.75,29398.0,29367.75,29370.0,8978,0.0,0.0
2026-08-21 16:30:00-04:00,29370.5,29388.0,29370.0,29387.75,3327,0.0,0.0
2026-08-23 18:00:00-04:00,29321.0,29343.0,29313.0,29338.75,1454,0.0,0.0
2026-08-23 18:30:00-04:00,29337.75,29400.0,29335.0,29390.5,2537,0.0,0.0
2026-08-23 19:00:00-04:00,29390.5,29429.5,29384.0,29429.0,1541,0.0,0.0
2026-08-23 19:30:00-04:00,29427.0,29480.5,29418.0,29467.75,3737,0.0,0.0
2026-08-23 20:00:00-04:00,29466.5,29472.5,29335.0,29356.5,8343,0.0,0.0
2026-08-23 20:30:00-04:00,29357.25,29428.25,29337.25,29427.25,4721,0.0,0.0
2026-08-23 21:00:00-04:00,29425.75,29449.0,29393.25,29410.25,3848,0.0,0.0
2026-08-23 21:30:00-04:00,29409.5,29410.75,29321.0,29323.25,4388,0.0,0.0
2026-08-23 22:00:00-04:00,29321.5,29373.25,29301.25,29363.0,5741,0.0,0.0
2026-08-23 22:30:00-04:00,29363.0,29377.25,29341.75,29370.5,3066,0.0,0.0
2026-08-23 23:00:00-04:00,29371.25,29372.5,29289.75,29295.5,3666,0.0,0.0
2026-08-23 23:30:00-04:00,29295.0,29305.0,29261.25,29271.0,3304,0.0,0.0
2026-08-24 00:00:00-04:00,29272.25,29300.75,29268.25,29292.0,2448,0.0,0.0
2026-08-24 00:30:00-04:00,29292.25,29304.0,29263.0,29265.75,2005,0.0,0.0
2026-08-24 01:00:00-04:00,29265.5,29297.25,29247.0,29250.0,2551,0.0,0.0
2026-08-24 01:30:00-04:00,29248.0,29266.5,29188.0,29200.75,5996,0.0,0.0
2026-08-24 02:00:00-04:00,29200.25,29219.25,29120.5,29166.5,6981,0.0,0.0
2026-08-24 02:30:00-04:00,29164.75,29180.5,29142.0,29164.5,2702,0.0,0.0
2026-08-24 03:00:00-04:00,29164.5,29208.75,29146.5,29183.5,3420,0.0,0.0
2026-08-24 03:30:00-04:00,29182.25,29212.5,29130.75,29143.75,3429,0.0,0.0
2026-08-24 04:00:00-04:00,29146.25,29210.5,29116.75,29191.75,4931,0.0,0.0
2026-08-24 04:30:00-04:00,29191.5,29240.0,29179.75,29215.0,2544,0.0,0.0
2026-08-24 05:00:00-04:00,29215.75,29247.75,29201.0,29210.5,2416,0.0,0.0
2026-08-24 05:30:00-04:00,29209.5,29249.75,29209.0,29231.5,2087,0.0,0.0
2026-08-24 06:00:00-04:00,29231.75,29247.0,29204.25,29209.25,2408,0.0,0.0
2026-08-24 06:30:00-04:00,29208.5,29240.0,29179.5,29184.75,2410,0.0,0.0
2026-08-24 07:00:00-04:00,29185.25,29203.0,29145.75,29183.0,4064,0.0,0.0
2026-08-24 07:30:00-04:00,29183.5,29283.0,29183.0,29245.5,7012,0.0,0.0
2026-08-24 08:00:00-04:00,29245.5,29245.75,29203.5,29230.0,3737,0.0,0.0
2026-08-24 08:30:00-04:00,29229.5,29240.75,29171.5,29206.0,5918,0.0,0.0
2026-08-24 09:00:00-04:00,29205.75,29236.75,29195.75,29235.0,7147,0.0,0.0
2026-08-24 09:30:00-04:00,29235.5,29243.0,28946.75,29021.75,86002,0.0,0.0
2026-08-24 10:00:00-04:00,29022.25,29036.75,28953.5,29012.25,43296,0.0,0.0
2026-08-24 10:30:00-04:00,29011.75,29110.75,29001.5,29082.75,35527,0.0,0.0
2026-08-24 11:00:00-04:00,29083.25,29137.0,29038.75,29121.25,29408,0.0,0.0
2026-08-24 11:30:00-04:00,29122.0,29205.5,29111.5,29168.75,32740,0.0,0.0
2026-08-24 12:00:00-04:00,29169.0,29224.75,29156.75,29203.75,21204,0.0,0.0
2026-08-24 12:30:00-04:00,29204.25,29212.25,29170.5,29171.0,13785,0.0,0.0
2026-08-24 13:00:00-04:00,29171.25,29210.5,29132.0,29140.0,20748,0.0,0.0
2026-08-24 13:30:00-04:00,29139.5,29143.0,29116.5,29123.0,15148,0.0,0.0
2026-08-24 14:00:00-04:00,29123.75,29224.0,29123.0,29218.25,19403,0.0,0.0
2026-08-24 14:30:00-04:00,29218.0,29233.25,29153.0,29154.0,16680,0.0,0.0
2026-08-24 15:00:00-04:00,29153.75,29167.0,29142.75,29158.75,13337,0.0,0.0
2026-08-24 15:30:00-04:00,29158.0,29173.0,29095.5,29099.5,35255,0.0,0.0
2026-08-24 16:00:00-04:00,29099.25,29124.75,29080.75,29084.0,9178,0.0,0.0
2026-08-24 16:30:00-04:00,29083.75,29136.5,29083.5,29131.25,3343,0.0,0.0
2026-08-24 18:00:00-04:00,29140.5,29152.75,29120.0,29126.75,1426,0.0,0.0
2026-08-24 18:30:00-04:00,29123.75,29130.0,29111.5,29121.0,1185,0.0,0.0
2026-08-24 19:00:00-04:00,29121.0,29128.25,29105.75,29106.75,1246,0.0,0.0
2026-08-24 19:30:00-04:00,29107.25,29116.0,29072.0,29096.25,3628,0.0,0.0
2026-08-24 20:00:00-04:00,29095.75,29102.25,29017.0,29079.5,7286,0.0,0.0
2026-08-24 20:30:00-04:00,29079.25,29146.0,29070.75,29126.5,4483,0.0,0.0
2026-08-24 21:00:00-04:00,29128.0,29143.25,29095.5,29115.0,3487,0.0,0.0
2026-08-24 21:30:00-04:00,29114.25,29155.5,29108.5,29128.25,3868,0.0,0.0
2026-08-24 22:00:00-04:00,29127.0,29149.0,29104.0,29146.0,3643,0.0,0.0
2026-08-24 22:30:00-04:00,29145.25,29168.25,29093.5,29101.75,3418,0.0,0.0
2026-08-24 23:00:00-04:00,29102.5,29176.25,29100.25,29175.0,3873,0.0,0.0
2026-08-24 23:30:00-04:00,29174.5,29190.0,29151.75,29157.75,2603,0.0,0.0
2026-08-25 00:00:00-04:00,29190.0,29207.25,29183.25,29201.0,2449,0.0,0.0
2026-08-25 00:30:00-04:00,29201.75,29217.25,29185.0,29198.75,2086,0.0,0.0
2026-08-25 01:00:00-04:00,29200.25,29227.0,29190.0,29220.25,2749,0.0,0.0
2026-08-25 01:30:00-04:00,29219.25,29241.0,29201.0,29232.0,3707,0.0,0.0
2026-08-25 02:00:00-04:00,29231.75,29288.5,29105.75,29266.25,4231,0.0,0.0
2026-08-25 02:30:00-04:00,29265.25,29267.5,29236.25,29263.25,2403,0.0,0.0
2026-08-25 03:00:00-04:00,29263.5,29290.75,29226.5,29248.25,3758,0.0,0.0
2026-08-25 03:30:00-04:00,29246.25,29261.5,29226.25,29231.75,2302,0.0,0.0
2026-08-25 04:00:00-04:00,29233.5,29326.0,29212.25,29276.5,5724,0.0,0.0
2026-08-25 04:30:00-04:00,29278.25,29306.25,29257.0,29301.75,2878,0.0,0.0
2026-08-25 05:00:00-04:00,29302.0,29337.0,29286.0,29318.0,3455,0.0,0.0
2026-08-25 05:30:00-04:00,29317.0,29425.75,29315.0,29392.5,6942,0.0,0.0
2026-08-25 06:00:00-04:00,29389.25,29410.25,29367.25,29370.0,3430,0.0,0.0
2026-08-25 06:30:00-04:00,29370.75,29379.75,29346.25,29358.5,2798,0.0,0.0
2026-08-25 07:00:00-04:00,29358.0,29362.25,29304.0,29340.5,4572,0.0,0.0
2026-08-25 07:30:00-04:00,29340.75,29390.5,29339.5,29373.0,3717,0.0,0.0
2026-08-25 08:00:00-04:00,29372.75,29409.5,29355.25,29374.25,5461,0.0,0.0
2026-08-25 08:30:00-04:00,29373.25,29373.25,29312.5,29334.0,6162,0.0,0.0
2026-08-25 09:00:00-04:00,29334.0,29344.75,29294.5,29296.25,9861,0.0,0.0
2026-08-25 09:30:00-04:00,29297.0,29414.75,29279.25,29312.75,77030,0.0,0.0
2026-08-25 10:00:00-04:00,29313.25,29315.0,29209.25,29215.25,48324,0.0,0.0
2026-08-25 10:30:00-04:00,29214.75,29268.75,29138.0,29232.5,40912,0.0,0.0
2026-08-25 11:00:00-04:00,29233.0,29282.0,29197.0,29276.75,22994,0.0,0.0
2026-08-25 11:30:00-04:00,29277.25,29309.75,29222.75,29262.0,25042,0.0,0.0
2026-08-25 12:00:00-04:00,29263.25,29298.5,29260.75,29293.75,15413,0.0,0.0
2026-08-25 12:30:00-04:00,29294.75,29299.75,29252.75,29274.75,16249,0.0,0.0
2026-08-25 13:00:00-04:00,29275.5,29279.0,29214.5,29224.5,17447,0.0,0.0
2026-08-25 13:30:00-04:00,29224.75,29234.5,29216.0,29227.25,9983,0.0,0.0
2026-08-25 14:00:00-04:00,29226.75,29227.5,29202.0,29219.75,13125,0.0,0.0
2026-08-25 14:30:00-04:00,29219.75,29275.0,29219.0,29255.5,16208,0.0,0.0
2026-08-25 15:00:00-04:00,29256.0,29266.5,29212.75,29226.0,13652,0.0,0.0
2026-08-25 15:30:00-04:00,29225.75,29289.5,29211.5,29270.25,30176,0.0,0.0
2026-08-25 16:00:00-04:00,29270.5,29313.5,29262.0,29302.5,11257,0.0,0.0
2026-08-25 16:30:00-04:00,29302.0,29308.75,29268.75,29287.5,3414,0.0,0.0
2026-08-25 18:00:00-04:00,29288.0,29309.75,29280.0,29291.25,1365,0.0,0.0
2026-08-25 18:30:00-04:00,29291.5,29293.0,29280.75,29284.5,758,0.0,0.0
2026-08-25 19:00:00-04:00,29284.25,29288.5,29245.25,29246.0,1857,0.0,0.0
2026-08-25 19:30:00-04:00,29246.0,29248.5,29207.0,29211.5,3167,0.0,0.0
2026-08-25 20:00:00-04:00,29210.25,29238.5,29165.25,29184.25,6585,0.0,0.0
2026-08-25 20:30:00-04:00,29183.75,29188.0,29110.5,29112.25,6279,0.0,0.0
2026-08-25 21:00:00-04:00,29113.0,29147.0,29099.0,29109.75,5131,0.0,0.0
2026-08-25 21:30:00-04:00,29110.5,29135.0,29096.0,29133.5,3839,0.0,0.0
2026-08-25 22:00:00-04:00,29133.5,29174.75,29119.25,29172.25,3804,0.0,0.0
2026-08-25 22:30:00-04:00,29172.75,29229.75,29171.0,29220.25,4324,0.0,0.0
2026-08-25 23:00:00-04:00,29221.5,29235.75,29212.0,29214.75,2109,0.0,0.0
2026-08-25 23:30:00-04:00,29215.5,29275.25,29205.0,29267.0,4121,0.0,0.0
2026-08-26 00:00:00-04:00,29265.25,29283.25,29260.5,29272.25,2649,0.0,0.0
2026-08-26 00:30:00-04:00,29272.0,29275.25,29217.25,29226.75,2831,0.0,0.0
2026-08-26 01:00:00-04:00,29227.75,29259.75,29226.5,29245.0,2488,0.0,0.0
2026-08-26 01:30:00-04:00,29246.0,29262.75,29226.0,29243.0,1637,0.0,0.0
2026-08-26 02:00:00-04:00,29242.25,29248.75,29203.5,29218.75,2514,0.0,0.0
2026-08-26 02:30:00-04:00,29218.25,29277.25,29209.75,29252.75,2834,0.0,0.0
2026-08-26 03:00:00-04:00,29252.25,29257.75,29192.25,29199.0,3963,0.0,0.0
2026-08-26 03:30:00-04:00,29201.25,29219.25,29185.75,29212.25,2248,0.0,0.0
2026-08-26 04:00:00-04:00,29213.0,29245.25,29185.0,29235.5,3756,0.0,0.0
2026-08-26 04:30:00-04:00,29234.75,29251.0,29209.75,29228.0,1693,0.0,0.0
2026-08-26 05:00:00-04:00,29227.75,29234.75,29191.25,29198.0,1712,0.0,0.0
2026-08-26 05:30:00-04:00,29200.0,29236.5,29198.5,29234.5,1415,0.0,0.0
2026-08-26 06:00:00-04:00,29234.25,29235.0,29196.0,29200.25,1757,0.0,0.0
2026-08-26 06:30:00-04:00,29201.0,29242.25,29188.75,29237.5,2306,0.0,0.0
2026-08-26 07:00:00-04:00,29237.5,29278.75,29234.75,29253.0,3506,0.0,0.0
2026-08-26 07:30:00-04:00,29252.25,29261.75,29186.0,29219.5,4596,0.0,0.0
2026-08-26 08:00:00-04:00,29220.75,29259.5,29190.0,29257.25,4937,0.0,0.0
2026-08-26 08:30:00-04:00,29256.75,29263.25,29133.25,29150.75,15873,0.0,0.0
2026-08-26 09:00:00-04:00,29151.75,29175.0,29133.5,29173.75,9319,0.0,0.0
2026-08-26 09:30:00-04:00,29174.5,29332.75,29174.25,29331.25,67368,0.0,0.0
2026-08-26 10:00:00-04:00,29331.5,29332.5,29156.75,29178.25,36486,0.0,0.0
2026-08-26 10:30:00-04:00,29178.25,29268.0,29176.0,29252.25,26118,0.0,0.0
2026-08-26 11:00:00-04:00,29251.75,29283.0,29222.5,29256.5,20345,0.0,0.0
2026-08-26 11:30:00-04:00,29256.75,29291.5,29215.5,29217.75,22470,0.0,0.0
2026-08-26 12:00:00-04:00,29217.75,29224.25,29189.0,29207.0,15226,0.0,0.0
2026-08-26 12:30:00-04:00,29207.25,29224.75,29170.0,29216.75,15452,0.0,0.0
2026-08-26 13:00:00-04:00,29216.0,29270.75,29210.5,29267.25,14514,0.0,0.0
2026-08-26 13:30:00-04:00,29268.0,29293.75,29262.75,29284.25,14429,0.0,0.0
2026-08-26 14:00:00-04:00,29284.5,29296.0,29264.75,29280.0,11726,0.0,0.0
2026-08-26 14:30:00-04:00,29279.75,29329.75,29275.75,29321.75,14873,0.0,0.0
2026-08-26 15:00:00-04:00,29321.25,29368.25,29317.75,29338.0,18488,0.0,0.0
2026-08-26 15:30:00-04:00,29338.0,29345.5,29280.25,29297.25,31907,0.0,0.0
2026-08-26 16:00:00-04:00,29297.0,29383.75,29283.25,29342.25,19238,0.0,0.0
2026-08-26 16:30:00-04:00,29342.0,29437.75,29317.0,29432.5,7192,0.0,0.0
2026-08-26 18:00:00-04:00,29499.5,29602.0,29499.25,29583.75,5622,0.0,0.0
2026-08-26 18:30:00-04:00,29583.5,29628.5,29581.0,29606.5,4282,0.0,0.0
2026-08-26 19:00:00-04:00,29605.0,29615.5,29585.0,29602.5,3006,0.0,0.0
2026-08-26 19:30:00-04:00,29602.75,29653.0,29594.5,29646.5,2832,0.0,0.0
2026-08-26 20:00:00-04:00,29648.25,29654.75,29558.0,29581.0,6259,0.0,0.0
2026-08-26 20:30:00-04:00,29580.5,29581.25,29438.25,29445.75,9565,0.0,0.0
2026-08-26 21:00:00-04:00,29443.75,29509.25,29432.5,29503.25,6591,0.0,0.0
2026-08-26 21:30:00-04:00,29503.0,29554.25,29491.75,29529.75,5223,0.0,0.0
2026-08-26 22:00:00-04:00,29531.75,29544.25,29516.75,29539.0,2540,0.0,0.0
2026-08-26 22:30:00-04:00,29538.75,29560.5,29530.5,29548.75,2586,0.0,0.0
2026-08-26 23:00:00-04:00,29550.5,29575.75,29530.0,29564.25,2599,0.0,0.0
2026-08-26 23:30:00-04:00,29566.0,29572.25,29526.5,29534.25,2054,0.0,0.0
2026-08-27 00:00:00-04:00,29533.75,29551.75,29528.5,29528.5,1315,0.0,0.0
2026-08-27 00:30:00-04:00,29528.5,29530.25,29493.0,29497.25,2493,0.0,0.0
2026-08-27 01:00:00-04:00,29501.5,29504.25,29448.0,29468.0,3802,0.0,0.0
2026-08-27 01:30:00-04:00,29466.25,29472.75,29428.5,29438.75,3616,0.0,0.0
2026-08-27 02:00:00-04:00,29437.5,29451.0,29401.75,29450.75,4899,0.0,0.0
2026-08-27 02:30:00-04:00,29451.5,29500.0,29449.0,29499.5,3211,0.0,0.0
2026-08-27 03:00:00-04:00,29498.75,29548.75,29477.25,29548.25,5028,0.0,0.0
2026-08-27 03:30:00-04:00,29547.75,29549.75,29499.0,29539.5,3790,0.0,0.0
2026-08-27 04:00:00-04:00,29538.75,29659.75,29537.0,29656.5,7269,0.0,0.0
2026-08-27 04:30:00-04:00,29656.75,29662.0,29610.25,29623.75,5387,0.0,0.0
2026-08-27 05:00:00-04:00,29624.75,29634.25,29568.0,29598.0,5273,0.0,0.0
2026-08-27 05:30:00-04:00,29597.75,29634.5,29596.75,29602.0,4587,0.0,0.0
2026-08-27 06:00:00-04:00,29602.25,29606.25,29577.0,29579.75,2326,0.0,0.0
2026-08-27 06:30:00-04:00,29580.75,29602.75,29568.25,29597.5,2617,0.0,0.0
2026-08-27 07:00:00-04:00,29599.0,29630.0,29569.5,29569.5,4209,0.0,0.0
2026-08-27 07:30:00-04:00,29570.25,29588.0,29514.75,29558.5,5123,0.0,0.0
2026-08-27 08:00:00-04:00,29557.75,29590.5,29551.0,29579.25,4661,0.0,0.0
2026-08-27 08:30:00-04:00,29579.0,29581.25,29515.5,29522.5,6504,0.0,0.0
2026-08-27 09:00:00-04:00,29522.0,29570.25,29518.5,29524.75,10024,0.0,0.0
2026-08-27 09:30:00-04:00,29524.5,29605.0,29423.75,29483.0,96860,0.0,0.0
2026-08-27 10:00:00-04:00,29484.0,29623.5,29478.5,29606.75,45548,0.0,0.0
2026-08-27 10:30:00-04:00,29606.5,29610.25,29532.0,29601.5,34427,0.0,0.0
2026-08-27 11:00:00-04:00,29601.75,29635.0,29573.0,29578.5,22517,0.0,0.0
2026-08-27 11:30:00-04:00,29578.25,29610.0,29511.5,29598.0,30835,0.0,0.0
2026-08-27 12:00:00-04:00,29597.25,29623.75,29570.0,29603.0,17926,0.0,0.0
2026-08-27 12:30:00-04:00,29603.5,29659.5,29599.0,29651.75,17483,0.0,0.0
2026-08-27 13:00:00-04:00,29652.0,29678.5,29638.0,29641.5,17607,0.0,0.0
2026-08-27 13:30:00-04:00,29641.25,29658.5,29607.0,29611.5,16755,0.0,0.0
2026-08-27 14:00:00-04:00,29612.0,29622.0,29526.5,29538.25,23822,0.0,0.0
2026-08-27 14:30:00-04:00,29538.25,29582.25,29537.0,29571.25,19732,0.0,0.0
2026-08-27 15:00:00-04:00,29571.5,29613.0,29567.0,29602.25,17864,0.0,0.0
2026-08-27 15:30:00-04:00,29602.75,29704.5,29595.0,29691.75,39637,0.0,0.0
2026-08-27 16:00:00-04:00,29691.75,29708.0,29634.25,29638.5,13426,0.0,0.0
2026-08-27 16:30:00-04:00,29639.25,29644.75,29620.5,29635.25,3472,0.0,0.0
2026-08-27 18:00:00-04:00,29635.5,29644.75,29600.0,29637.25,1425,0.0,0.0
2026-08-27 18:30:00-04:00,29637.0,29640.75,29630.0,29634.75,986,0.0,0.0
2026-08-27 19:00:00-04:00,29633.5,29637.5,29604.0,29608.25,1671,0.0,0.0
2026-08-27 19:30:00-04:00,29610.0,29612.75,29592.0,29600.75,2176,0.0,0.0
2026-08-27 20:00:00-04:00,29601.75,29656.0,29594.25,29653.0,6127,0.0,0.0
2026-08-27 20:30:00-04:00,29651.25,29667.25,29633.5,29645.0,2570,0.0,0.0
2026-08-27 21:00:00-04:00,29645.75,29672.75,29642.75,29648.75,2651,0.0,0.0
2026-08-27 21:30:00-04:00,29648.5,29679.75,29641.75,29677.75,3393,0.0,0.0
2026-08-27 22:00:00-04:00,29678.75,29703.0,29678.75,29692.75,2516,0.0,0.0
2026-08-27 22:30:00-04:00,29691.0,29691.0,29644.75,29663.75,2721,0.0,0.0
2026-08-27 23:00:00-04:00,29664.75,29707.0,29660.5,29700.25,2269,0.0,0.0
2026-08-27 23:30:00-04:00,29700.5,29704.25,29640.25,29671.5,3239,0.0,0.0
2026-08-28 00:00:00-04:00,29646.0,29669.75,29644.25,29659.5,1825,0.0,0.0
2026-08-28 00:30:00-04:00,29658.5,29660.75,29636.25,29641.75,1409,0.0,0.0
2026-08-28 01:00:00-04:00,29642.0,29643.75,29611.5,29622.75,2347,0.0,0.0
2026-08-28 01:30:00-04:00,29623.0,29624.5,29597.25,29598.25,2153,0.0,0.0
2026-08-28 02:00:00-04:00,29599.0,29623.75,29594.5,29596.0,2580,0.0,0.0
2026-08-28 02:30:00-04:00,29597.5,29645.25,29596.0,29645.25,2781,0.0,0.0
2026-08-28 03:00:00-04:00,29645.25,29653.5,29599.75,29613.75,3758,0.0,0.0
2026-08-28 03:30:00-04:00,29613.5,29625.75,29593.0,29607.0,2295,0.0,0.0
2026-08-28 04:00:00-04:00,29607.0,29620.5,29578.25,29598.25,4157,0.0,0.0
2026-08-28 04:30:00-04:00,29598.5,29633.5,29596.25,29619.75,2528,0.0,0.0
2026-08-28 05:00:00-04:00,29619.0,29620.5,29595.75,29615.75,1822,0.0,0.0
2026-08-28 05:30:00-04:00,29615.5,29620.25,29599.0,29605.5,1215,0.0,0.0
2026-08-28 06:00:00-04:00,29606.0,29617.25,29593.25,29611.5,1666,0.0,0.0
2026-08-28 06:30:00-04:00,29611.25,29625.0,29598.0,29622.0,1762,0.0,0.0
2026-08-28 07:00:00-04:00,29622.25,29636.5,29598.25,29633.5,2865,0.0,0.0
2026-08-28 07:30:00-04:00,29635.0,29640.0,29597.5,29603.5,1821,0.0,0.0
2026-08-28 08:00:00-04:00,29601.5,29663.0,29597.5,29661.5,4456,0.0,0.0
2026-08-28 08:30:00-04:00,29661.25,29665.0,29615.0,29659.0,4750,0.0,0.0
2026-08-28 09:00:00-04:00,29659.0,29681.75,29622.0,29628.0,8848,0.0,0.0
2026-08-28 09:30:00-04:00,29628.0,29703.25,29562.75,29629.0,61438,0.0,0.0
2026-08-28 10:00:00-04:00,29632.0,29706.0,29505.0,29653.5,73704,0.0,0.0
2026-08-28 10:30:00-04:00,29653.75,29799.0,29632.0,29796.5,49978,0.0,0.0
2026-08-28 11:00:00-04:00,29796.5,29811.5,29735.25,29782.75,34126,0.0,0.0
2026-08-28 11:30:00-04:00,29783.25,29785.5,29544.25,29552.5,47076,0.0,0.0
2026-08-28 12:00:00-04:00,29553.0,29593.0,29464.5,29489.0,46671,0.0,0.0
2026-08-28 12:30:00-04:00,29488.5,29549.0,29475.0,29501.25,28854,0.0,0.0
2026-08-28 13:00:00-04:00,29502.0,29503.0,29436.25,29470.0,27342,0.0,0.0
2026-08-28 13:30:00-04:00,29470.0,29529.25,29461.25,29514.75,17819,0.0,0.0
2026-08-28 14:00:00-04:00,29515.75,29521.5,29471.25,29483.75,15230,0.0,0.0
2026-08-28 14:30:00-04:00,29483.25,29507.0,29441.0,29455.5,15489,0.0,0.0
2026-08-28 15:00:00-04:00,29456.0,29502.0,29443.5,29498.25,17179,0.0,0.0
2026-08-28 15:30:00-04:00,29498.5,29521.5,29473.5,29496.0,37136,0.0,0.0
2026-08-28 16:00:00-04:00,29496.5,29507.75,29478.25,29492.0,7711,0.0,0.0
2026-08-28 16:30:00-04:00,29492.0,29519.25,29485.0,29491.75,4209,0.0,0.0
2026-08-30 18:00:00-04:00,29457.25,29495.0,29446.75,29473.0,1907,0.0,0.0
2026-08-30 18:30:00-04:00,29474.75,29476.5,29428.0,29442.5,3461,0.0,0.0
2026-08-30 19:00:00-04:00,29442.5,29449.25,29369.0,29371.75,5218,0.0,0.0
2026-08-30 19:30:00-04:00,29372.0,29375.5,29289.0,29289.75,7207,0.0,0.0
2026-08-30 20:00:00-04:00,29291.0,29378.25,29273.5,29372.0,7266,0.0,0.0
2026-08-30 20:30:00-04:00,29370.25,29398.5,29350.5,29357.0,4716,0.0,0.0
2026-08-30 21:00:00-04:00,29358.25,29358.25,29292.5,29331.75,6744,0.0,0.0
2026-08-30 21:30:00-04:00,29330.25,29338.0,29302.25,29327.0,4145,0.0,0.0
2026-08-30 22:00:00-04:00,29325.75,29362.75,29304.5,29331.5,5062,0.0,0.0
2026-08-30 22:30:00-04:00,29327.0,29346.5,29287.0,29344.25,4310,0.0,0.0
2026-08-30 23:00:00-04:00,29346.0,29367.25,29336.75,29344.0,2576,0.0,0.0
2026-08-30 23:30:00-04:00,29345.75,29353.5,29337.75,29348.75,1325,0.0,0.0
2026-08-31 00:00:00-04:00,29352.5,29357.0,29341.5,29347.25,1098,0.0,0.0
2026-08-31 00:30:00-04:00,29348.0,29423.75,29333.75,29414.75,3507,0.0,0.0
2026-08-31 01:00:00-04:00,29415.0,29477.25,29407.75,29470.0,3685,0.0,0.0
2026-08-31 01:30:00-04:00,29470.0,29474.25,29426.25,29462.25,3182,0.0,0.0
2026-08-31 02:00:00-04:00,29462.0,29518.5,29448.75,29512.5,4476,0.0,0.0
2026-08-31 02:30:00-04:00,29512.5,29528.5,29495.75,29517.75,2518,0.0,0.0
2026-08-31 03:00:00-04:00,29516.25,29521.25,29500.0,29509.75,1845,0.0,0.0
2026-08-31 03:30:00-04:00,29508.25,29522.75,29493.5,29508.25,1488,0.0,0.0
2026-08-31 04:00:00-04:00,29508.5,29535.0,29485.0,29501.0,4207,0.0,0.0
2026-08-31 04:30:00-04:00,29500.75,29502.25,29475.0,29485.0,2077,0.0,0.0
2026-08-31 05:00:00-04:00,29485.25,29509.25,29470.75,29491.25,2113,0.0,0.0
2026-08-31 05:30:00-04:00,29491.75,29492.5,29445.5,29450.5,1908,0.0,0.0
2026-08-31 06:00:00-04:00,29451.5,29467.75,29440.5,29461.0,2797,0.0,0.0
2026-08-31 06:30:00-04:00,29460.75,29471.5,29450.0,29458.75,1241,0.0,0.0
2026-08-31 07:00:00-04:00,29458.25,29471.0,29435.5,29465.0,2835,0.0,0.0
2026-08-31 07:30:00-04:00,29465.5,29466.75,29425.25,29429.75,2788,0.0,0.0
2026-08-31 08:00:00-04:00,29429.75,29486.0,29397.0,29415.75,6520,0.0,0.0
2026-08-31 08:30:00-04:00,29415.75,29442.25,29380.0,29389.0,6252,0.0,0.0
2026-08-31 09:00:00-04:00,29389.5,29445.25,29377.5,29438.75,8636,0.0,0.0
2026-08-31 09:30:00-04:00,29438.5,29516.75,29387.75,29438.75,66531,0.0,0.0
2026-08-31 10:00:00-04:00,29439.25,29447.75,29355.0,29376.25,37275,0.0,0.0
2026-08-31 10:30:00-04:00,29374.25,29444.25,29364.5,29416.0,27817,0.0,0.0
2026-08-31 11:00:00-04:00,29415.25,29445.75,29395.5,29421.0,24751,0.0,0.0
2026-08-31 11:30:00-04:00,29420.5,29432.75,29383.0,29388.75,20929,0.0,0.0
2026-08-31 12:00:00-04:00,29389.25,29426.5,29362.5,29425.0,19742,0.0,0.0
2026-08-31 12:30:00-04:00,29425.0,29443.25,29394.25,29440.5,15321,0.0,0.0
2026-08-31 13:00:00-04:00,29440.0,29441.0,29393.25,29396.75,10915,0.0,0.0
2026-08-31 13:30:00-04:00,29396.75,29457.5,29388.0,29442.0,15144,0.0,0.0
2026-08-31 14:00:00-04:00,29442.0,29464.25,29422.25,29438.25,12423,0.0,0.0
2026-08-31 14:30:00-04:00,29438.0,29443.25,29382.5,29403.75,15990,0.0,0.0
2026-08-31 15:00:00-04:00,29404.5,29453.5,29403.5,29448.25,13443,0.0,0.0
2026-08-31 15:30:00-04:00,29447.75,29538.25,29430.5,29506.0,44196,0.0,0.0
2026-08-31 16:00:00-04:00,29506.5,29527.5,29503.75,29513.75,9229,0.0,0.0
2026-08-31 16:30:00-04:00,29513.0,29521.25,29507.0,29521.0,2104,0.0,0.0
2026-08-31 18:00:00-04:00,29518.25,29522.5,29498.5,29501.75,981,0.0,0.0
2026-08-31 18:30:00-04:00,29502.5,29508.25,29491.0,29493.5,1041,0.0,0.0
2026-08-31 19:00:00-04:00,29493.25,29505.0,29486.0,29497.0,1268,0.0,0.0
2026-08-31 19:30:00-04:00,29495.5,29519.5,29493.5,29501.25,2192,0.0,0.0
2026-08-31 20:00:00-04:00,29503.25,29521.75,29478.25,29501.0,4836,0.0,0.0
2026-08-31 20:30:00-04:00,29501.0,29520.5,29484.25,29506.0,2575,0.0,0.0
2026-08-31 21:00:00-04:00,29506.0,29516.25,29477.0,29484.0,3412,0.0,0.0
2026-08-31 21:30:00-04:00,29483.0,29515.5,29475.0,29499.75,3076,0.0,0.0
2026-08-31 22:00:00-04:00,29498.0,29502.75,29452.75,29459.75,2802,0.0,0.0
2026-08-31 22:30:00-04:00,29460.0,29493.25,29434.75,29492.0,3879,0.0,0.0
2026-08-31 23:00:00-04:00,29491.5,29493.75,29459.25,29464.25,2238,0.0,0.0
2026-08-31 23:30:00-04:00,29465.5,29488.5,29461.25,29482.75,1337,0.0,0.0
2026-09-01 00:00:00-04:00,29485.0,29501.5,29481.0,29492.75,1921,0.0,0.0
2026-09-01 00:30:00-04:00,29493.75,29503.0,29466.0,29473.75,2503,0.0,0.0
2026-09-01 01:00:00-04:00,29473.25,29487.75,29447.25,29486.0,2271,0.0,0.0
2026-09-01 01:30:00-04:00,29485.0,29571.25,29482.25,29561.5,6004,0.0,0.0
2026-09-01 02:00:00-04:00,29561.75,29568.0,29514.75,29517.5,3760,0.0,0.0
2026-09-01 02:30:00-04:00,29516.5,29545.0,29513.75,29515.75,2252,0.0,0.0
2026-09-01 03:00:00-04:00,29515.5,29556.75,29512.25,29545.0,3938,0.0,0.0
2026-09-01 03:30:00-04:00,29546.75,29547.0,29430.0,29436.25,5999,0.0,0.0
2026-09-01 04:00:00-04:00,29436.25,29449.0,29279.0,29285.5,12267,0.0,0.0
2026-09-01 04:30:00-04:00,29286.0,29312.0,29231.0,29235.25,6867,0.0,0.0
2026-09-01 05:00:00-04:00,29235.75,29243.25,29185.5,29197.0,6105,0.0,0.0
2026-09-01 05:30:00-04:00,29199.0,29228.0,29184.25,29212.5,3899,0.0,0.0
2026-09-01 06:00:00-04:00,29212.5,29248.75,29201.25,29237.5,3347,0.0,0.0
2026-09-01 06:30:00-04:00,29237.75,29257.75,29197.25,29210.0,4093,0.0,0.0
2026-09-01 07:00:00-04:00,29209.25,29216.75,29178.0,29208.75,4778,0.0,0.0
2026-09-01 07:30:00-04:00,29207.75,29238.0,29167.75,29172.5,5238,0.0,0.0
2026-09-01 08:00:00-04:00,29171.5,29179.5,29137.5,29170.5,8062,0.0,0.0
2026-09-01 08:30:00-04:00,29169.75,29170.5,29122.25,29125.75,8954,0.0,0.0
2026-09-01 09:00:00-04:00,29125.75,29126.25,29084.25,29112.25,15124,0.0,0.0
2026-09-01 09:30:00-04:00,29111.75,29158.0,29040.25,29105.0,70018,0.0,0.0
2026-09-01 10:00:00-04:00,29106.0,29179.5,29085.25,29165.25,39251,0.0,0.0
2026-09-01 10:30:00-04:00,29165.25,29268.0,29162.25,29228.0,35138,0.0,0.0
2026-09-01 11:00:00-04:00,29228.5,29241.5,29178.25,29232.5,24142,0.0,0.0
2026-09-01 11:30:00-04:00,29232.25,29317.75,29224.25,29296.25,28729,0.0,0.0
2026-09-01 12:00:00-04:00,29295.5,29300.75,29162.75,29176.75,32117,0.0,0.0
2026-09-01 12:30:00-04:00,29177.0,29197.25,29131.25,29191.75,25312,0.0,0.0
2026-09-01 13:00:00-04:00,29191.25,29191.75,29100.5,29141.75,20282,0.0,0.0
2026-09-01 13:30:00-04:00,29143.0,29161.75,29117.75,29140.75,14069,0.0,0.0
2026-09-01 14:00:00-04:00,29139.75,29151.5,29085.25,29094.25,16571,0.0,0.0
2026-09-01 14:30:00-04:00,29094.5,29097.25,29002.0,29076.0,28045,0.0,0.0
2026-09-01 15:00:00-04:00,29075.5,29129.25,29070.5,29127.25,19156,0.0,0.0
2026-09-01 15:30:00-04:00,29126.75,29141.0,29086.0,29126.0,38131,0.0,0.0
2026-09-01 16:00:00-04:00,29126.0,29159.0,29113.5,29136.75,13714,0.0,0.0
2026-09-01 16:30:00-04:00,29136.0,29155.25,29130.25,29139.0,2750,0.0,0.0
2026-09-01 18:00:00-04:00,29136.5,29149.0,29102.25,29113.75,1587,0.0,0.0
2026-09-01 18:30:00-04:00,29114.75,29139.0,29111.0,29132.0,1517,0.0,0.0
2026-09-01 19:00:00-04:00,29129.75,29139.0,29119.0,29136.5,1157,0.0,0.0
2026-09-01 19:30:00-04:00,29137.5,29148.25,29131.25,29134.5,1445,0.0,0.0
2026-09-01 20:00:00-04:00,29135.75,29170.0,29106.0,29126.0,5464,0.0,0.0
2026-09-01 20:30:00-04:00,29127.75,29148.75,29102.0,29104.0,3312,0.0,0.0
2026-09-01 21:00:00-04:00,29103.25,29129.5,29086.75,29115.0,4710,0.0,0.0
2026-09-01 21:30:00-04:00,29115.75,29122.75,29047.75,29075.5,5010,0.0,0.0
2026-09-01 22:00:00-04:00,29075.5,29100.0,29044.5,29085.5,3499,0.0,0.0
2026-09-01 22:30:00-04:00,29084.5,29092.25,29061.75,29084.25,2208,0.0,0.0
2026-09-01 23:00:00-04:00,29086.5,29089.5,29058.75,29069.0,1948,0.0,0.0
2026-09-01 23:30:00-04:00,29070.25,29073.0,29046.25,29054.0,1740,0.0,0.0
2026-09-02 00:00:00-04:00,29054.75,29062.75,29035.5,29051.0,2002,0.0,0.0
2026-09-02 00:30:00-04:00,29051.25,29065.0,29047.75,29058.25,1421,0.0,0.0
2026-09-02 01:00:00-04:00,29059.0,29092.0,29037.5,29091.25,2716,0.0,0.0
2026-09-02 01:30:00-04:00,29092.0,29104.25,29062.5,29073.0,2518,0.0,0.0
2026-09-02 02:00:00-04:00,29072.25,29080.5,29020.5,29023.5,3431,0.0,0.0
2026-09-02 02:30:00-04:00,29023.0,29098.25,29016.5,29077.25,3640,0.0,0.0
2026-09-02 03:00:00-04:00,29077.0,29120.75,29065.5,29094.5,3935,0.0,0.0
2026-09-02 03:30:00-04:00,29094.25,29101.0,29050.0,29061.75,2640,0.0,0.0
2026-09-02 04:00:00-04:00,29062.25,29097.25,29039.75,29053.5,3216,0.0,0.0
2026-09-02 04:30:00-04:00,29052.75,29068.75,28954.5,28977.75,4912,0.0,0.0
2026-09-02 05:00:00-04:00,28977.25,29027.5,28955.0,28978.25,4528,0.0,0.0
2026-09-02 05:30:00-04:00,28978.25,28981.5,28940.5,28973.25,3520,0.0,0.0
2026-09-02 06:00:00-04:00,28972.75,28996.0,28947.25,28985.75,3099,0.0,0.0
2026-09-02 06:30:00-04:00,28985.5,28989.25,28958.0,28988.0,2477,0.0,0.0
2026-09-02 07:00:00-04:00,28987.75,29035.75,28927.25,29023.0,8567,0.0,0.0
2026-09-02 07:30:00-04:00,29025.25,29084.5,29019.0,29084.5,5269,0.0,0.0
2026-09-02 08:00:00-04:00,29083.75,29149.5,29074.5,29108.0,9638,0.0,0.0
2026-09-02 08:30:00-04:00,29107.0,29110.25,29032.75,29040.0,6498,0.0,0.0
2026-09-02 09:00:00-04:00,29040.25,29115.25,29037.75,29098.5,9220,0.0,0.0
2026-09-02 09:30:00-04:00,29098.5,29119.0,29017.25,29062.25,58993,0.0,0.0
2026-09-02 10:00:00-04:00,29061.75,29193.0,29032.25,29187.25,44300,0.0,0.0
2026-09-02 10:30:00-04:00,29187.0,29213.0,29111.25,29120.25,31431,0.0,0.0
2026-09-02 11:00:00-04:00,29119.5,29208.5,29106.25,29205.25,26608,0.0,0.0
2026-09-02 11:30:00-04:00,29205.0,29208.5,29136.0,29185.25,22485,0.0,0.0
2026-09-02 12:00:00-04:00,29184.5,29198.5,29142.25,29151.75,13757,0.0,0.0
2026-09-02 12:30:00-04:00,29151.5,29175.25,29137.0,29155.0,13011,0.0,0.0
2026-09-02 13:00:00-04:00,29154.75,29182.5,29125.25,29150.75,14918,0.0,0.0
2026-09-02 13:30:00-04:00,29150.5,29173.75,29127.5,29158.75,14446,0.0,0.0
2026-09-02 14:00:00-04:00,29159.5,29199.75,29135.75,29159.25,16523,0.0,0.0
2026-09-02 14:30:00-04:00,29159.25,29175.0,29130.25,29145.5,12642,0.0,0.0
2026-09-02 15:00:00-04:00,29145.75,29172.0,29139.0,29167.25,11422,0.0,0.0
2026-09-02 15:30:00-04:00,29167.25,29197.25,29155.25,29190.25,24383,0.0,0.0
2026-09-02 16:00:00-04:00,29190.5,29212.0,29139.75,29156.25,10896,0.0,0.0
2026-09-02 16:30:00-04:00,29156.0,29164.0,29139.25,29141.0,2854,0.0,0.0
2026-09-02 18:00:00-04:00,29177.0,29208.75,29148.0,29196.0,2183,0.0,0.0
2026-09-02 18:30:00-04:00,29196.0,29203.0,29178.25,29180.5,1398,0.0,0.0
2026-09-02 19:00:00-04:00,29180.75,29188.75,29167.5,29179.0,1780,0.0,0.0
2026-09-02 19:30:00-04:00,29180.0,29213.0,29175.0,29201.25,2452,0.0,0.0
2026-09-02 20:00:00-04:00,29200.75,29201.75,29141.0,29156.25,4184,0.0,0.0
2026-09-02 20:30:00-04:00,29155.75,29162.0,29146.0,29151.0,1605,0.0,0.0
2026-09-02 21:00:00-04:00,29150.75,29200.75,29147.75,29174.75,4026,0.0,0.0
2026-09-02 21:30:00-04:00,29176.75,29199.25,29136.25,29137.5,3577,0.0,0.0
2026-09-02 22:00:00-04:00,29136.75,29195.0,29132.75,29188.5,3446,0.0,0.0
2026-09-02 22:30:00-04:00,29186.5,29199.0,29167.5,29180.75,1824,0.0,0.0
2026-09-02 23:00:00-04:00,29182.25,29234.0,29179.5,29219.75,3349,0.0,0.0
2026-09-02 23:30:00-04:00,29220.75,29243.0,29217.75,29232.0,1783,0.0,0.0
2026-09-03 00:00:00-04:00,29245.5,29255.0,29227.25,29227.75,2018,0.0,0.0
2026-09-03 00:30:00-04:00,29227.75,29236.25,29204.5,29207.5,1909,0.0,0.0
2026-09-03 01:00:00-04:00,29207.25,29208.5,29075.0,29104.0,8411,0.0,0.0
2026-09-03 01:30:00-04:00,29102.75,29188.75,29098.25,29188.75,6254,0.0,0.0
2026-09-03 02:00:00-04:00,29188.5,29203.25,29161.0,29177.25,3761,0.0,0.0
2026-09-03 02:30:00-04:00,29177.0,29187.5,29159.5,29174.25,2364,0.0,0.0
2026-09-03 03:00:00-04:00,29173.25,29233.0,29160.0,29203.25,4203,0.0,0.0
2026-09-03 03:30:00-04:00,29202.5,29245.5,29182.75,29220.25,3758,0.0,0.0
2026-09-03 04:00:00-04:00,29220.25,29292.75,29213.25,29256.0,8947,0.0,0.0
2026-09-03 04:30:00-04:00,29257.25,29257.25,29215.0,29216.25,2731,0.0,0.0
2026-09-03 05:00:00-04:00,29218.5,29225.75,29187.75,29187.75,2306,0.0,0.0
2026-09-03 05:30:00-04:00,29187.25,29198.0,29126.5,29137.75,3465,0.0,0.0
2026-09-03 06:00:00-04:00,29138.0,29158.5,29119.25,29127.5,3844,0.0,0.0
2026-09-03 06:30:00-04:00,29127.0,29140.0,29105.5,29128.0,2810,0.0,0.0
2026-09-03 07:00:00-04:00,29129.0,29186.75,29106.25,29166.75,4674,0.0,0.0
2026-09-03 07:30:00-04:00,29167.0,29173.5,29101.0,29105.5,5411,0.0,0.0
2026-09-03 08:00:00-04:00,29105.5,29151.0,29104.0,29145.75,5457,0.0,0.0
2026-09-03 08:30:00-04:00,29144.75,29258.75,29144.0,29244.5,14282,0.0,0.0
2026-09-03 09:00:00-04:00,29243.75,29253.75,29194.25,29249.0,12034,0.0,0.0
2026-09-03 09:30:00-04:00,29249.5,29375.5,29199.5,29333.0,78816,0.0,0.0
2026-09-03 10:00:00-04:00,29331.75,29364.5,29241.75,29343.0,49943,0.0,0.0
2026-09-03 10:30:00-04:00,29343.0,29368.0,29246.5,29363.5,39240,0.0,0.0
2026-09-03 11:00:00-04:00,29363.25,29539.5,29362.25,29536.5,50937,0.0,0.0
2026-09-03 11:30:00-04:00,29536.0,29542.5,29503.5,29538.0,25199,0.0,0.0
2026-09-03 12:00:00-04:00,29538.75,29539.75,29489.25,29497.0,18822,0.0,0.0
2026-09-03 12:30:00-04:00,29497.0,29544.0,29483.0,29528.0,16163,0.0,0.0
2026-09-03 13:00:00-04:00,29528.25,29534.0,29476.0,29502.5,13749,0.0,0.0
2026-09-03 13:30:00-04:00,29502.75,29552.5,29502.25,29543.75,15507,0.0,0.0
2026-09-03 14:00:00-04:00,29551.5,29584.25,29551.5,29570.5,18942,0.0,0.0
2026-09-03 14:30:00-04:00,29571.0,29581.0,29559.5,29568.25,11746,0.0,0.0
2026-09-03 15:00:00-04:00,29568.25,29570.5,29526.0,29533.25,15567,0.0,0.0
2026-09-03 15:30:00-04:00,29533.25,29540.0,29509.25,29530.75,33762,0.0,0.0
2026-09-03 16:00:00-04:00,29530.75,29536.25,29505.0,29510.25,8553,0.0,0.0
2026-09-03 16:30:00-04:00,29510.25,29516.75,29499.25,29502.25,2335,0.0,0.0
2026-09-03 18:00:00-04:00,29505.0,29509.0,29482.0,29490.0,1180,0.0,0.0
2026-09-03 18:30:00-04:00,29491.0,29512.75,29490.0,29508.75,1243,0.0,0.0
2026-09-03 19:00:00-04:00,29508.25,29511.5,29498.25,29507.25,1048,0.0,0.0
2026-09-03 19:30:00-04:00,29507.0,29516.75,29501.25,29504.0,1083,0.0,0.0
2026-09-03 20:00:00-04:00,29503.75,29529.0,29495.0,29527.5,3045,0.0,0.0
2026-09-03 20:30:00-04:00,29527.75,29542.25,29519.25,29530.75,2203,0.0,0.0
2026-09-03 21:00:00-04:00,29530.0,29542.75,29516.25,29540.75,2675,0.0,0.0
2026-09-03 21:30:00-04:00,29539.5,29548.75,29523.25,29548.0,2419,0.0,0.0
2026-09-03 22:00:00-04:00,29547.75,29556.25,29537.25,29555.0,1368,0.0,0.0
2026-09-03 22:30:00-04:00,29555.75,29568.0,29544.0,29564.5,2286,0.0,0.0
2026-09-03 23:00:00-04:00,29563.25,29578.25,29557.25,29569.0,1651,0.0,0.0
2026-09-03 23:30:00-04:00,29569.5,29578.75,29563.75,29571.5,1132,0.0,0.0
2026-09-04 00:00:00-04:00,29564.25,29595.0,29563.0,29593.0,2185,0.0,0.0
2026-09-04 00:30:00-04:00,29592.25,29601.25,29583.25,29598.25,1547,0.0,0.0
2026-09-04 01:00:00-04:00,29597.5,29643.0,29593.75,29622.75,3392,0.0,0.0
2026-09-04 01:30:00-04:00,29622.0,29625.25,29591.5,29620.75,2771,0.0,0.0
2026-09-04 02:00:00-04:00,29620.25,29643.75,29617.0,29631.25,3228,0.0,0.0
2026-09-04 02:30:00-04:00,29631.5,29633.0,29574.0,29576.75,2748,0.0,0.0
2026-09-04 03:00:00-04:00,29577.75,29637.25,29575.25,29636.25,2960,0.0,0.0
2026-09-04 03:30:00-04:00,29635.75,29658.25,29628.0,29652.25,2890,0.0,0.0
2026-09-04 04:00:00-04:00,29653.75,29672.0,29635.5,29668.5,3686,0.0,0.0
2026-09-04 04:30:00-04:00,29670.0,29673.0,29643.75,29658.5,1965,0.0,0.0
2026-09-04 05:00:00-04:00,29657.5,29658.25,29616.5,29624.5,2299,0.0,0.0
2026-09-04 05:30:00-04:00,29625.75,29661.75,29618.5,29657.25,1803,0.0,0.0
2026-09-04 06:00:00-04:00,29656.75,29686.0,29653.25,29678.5,2230,0.0,0.0
2026-09-04 06:30:00-04:00,29676.5,29704.5,29668.5,29680.0,2226,0.0,0.0
2026-09-04 07:00:00-04:00,29681.5,29686.0,29650.75,29662.5,2441,0.0,0.0
2026-09-04 07:30:00-04:00,29663.75,29690.0,29661.0,29683.25,2265,0.0,0.0
2026-09-04 08:00:00-04:00,29682.0,29694.0,29627.0,29674.25,6303,0.0,0.0
2026-09-04 08:30:00-04:00,29674.5,29693.75,29502.0,29546.5,23633,0.0,0.0
2026-09-04 09:00:00-04:00,29547.0,29591.0,29523.0,29588.0,12783,0.0,0.0
2026-09-04 09:30:00-04:00,29588.75,29691.75,29554.5,29691.0,63744,0.0,0.0
2026-09-04 10:00:00-04:00,29690.5,29691.0,29564.75,29595.5,46297,0.0,0.0
2026-09-04 10:30:00-04:00,29596.25,29598.25,29498.75,29521.0,38318,0.0,0.0
2026-09-04 11:00:00-04:00,29520.0,29543.0,29484.25,29506.75,30139,0.0,0.0
2026-09-04 11:30:00-04:00,29506.75,29524.5,29478.0,29515.0,21694,0.0,0.0
2026-09-04 12:00:00-04:00,29514.75,29565.25,29505.0,29554.0,18024,0.0,0.0
2026-09-04 12:30:00-04:00,29554.5,29595.75,29548.75,29576.0,17267,0.0,0.0
2026-09-04 13:00:00-04:00,29576.25,29580.5,29504.25,29508.0,16739,0.0,0.0
2026-09-04 13:30:00-04:00,29508.0,29508.5,29468.0,29491.75,18742,0.0,0.0
2026-09-04 14:00:00-04:00,29491.5,29514.5,29471.25,29511.0,15119,0.0,0.0
2026-09-04 14:30:00-04:00,29511.0,29542.5,29504.0,29538.75,13290,0.0,0.0
2026-09-04 15:00:00-04:00,29538.75,29544.0,29506.75,29526.5,12607,0.0,0.0
2026-09-04 15:30:00-04:00,29526.5,29586.5,29519.25,29569.25,32832,0.0,0.0
2026-09-04 16:00:00-04:00,29568.75,29569.0,29529.5,29531.5,8924,0.0,0.0
2026-09-04 16:30:00-04:00,29531.75,29565.25,29514.5,29565.25,4099,0.0,0.0
2026-09-08 00:00:00-04:00,29742.75,29752.0,29730.5,29745.5,2477,0.0,0.0
2026-09-08 00:30:00-04:00,29746.25,29764.75,29728.25,29737.25,3584,0.0,0.0
2026-09-08 01:00:00-04:00,29738.5,29739.75,29675.0,29678.75,5817,0.0,0.0
2026-09-08 01:30:00-04:00,29679.5,29685.25,29610.0,29612.25,6750,0.0,0.0
2026-09-08 02:00:00-04:00,29612.25,29622.25,29545.5,29576.25,7228,0.0,0.0
2026-09-08 02:30:00-04:00,29576.25,29620.25,29558.25,29600.25,5616,0.0,0.0
2026-09-08 03:00:00-04:00,29601.0,29638.75,29586.5,29623.75,5168,0.0,0.0
2026-09-08 03:30:00-04:00,29622.75,29624.5,29529.75,29535.5,4696,0.0,0.0
2026-09-08 04:00:00-04:00,29534.5,29541.25,29477.75,29499.75,8492,0.0,0.0
2026-09-08 04:30:00-04:00,29499.5,29533.0,29489.5,29507.0,4051,0.0,0.0
2026-09-08 05:00:00-04:00,29507.0,29549.25,29484.5,29547.75,2938,0.0,0.0
2026-09-08 05:30:00-04:00,29549.25,29600.5,29542.75,29599.75,3936,0.0,0.0
2026-09-08 06:00:00-04:00,29600.0,29649.0,29572.75,29607.75,4356,0.0,0.0
2026-09-08 06:30:00-04:00,29607.75,29608.25,29546.5,29568.0,3777,0.0,0.0
2026-09-08 07:00:00-04:00,29568.5,29583.75,29533.5,29562.25,4297,0.0,0.0
2026-09-08 07:30:00-04:00,29563.0,29601.75,29538.5,29601.0,3947,0.0,0.0
2026-09-08 08:00:00-04:00,29601.0,29601.0,29548.0,29595.5,4578,0.0,0.0
2026-09-08 08:30:00-04:00,29595.25,29654.75,29591.0,29654.0,6644,0.0,0.0
2026-09-08 09:00:00-04:00,29653.75,29668.25,29634.5,29644.5,10314,0.0,0.0
2026-09-08 09:30:00-04:00,29644.75,29686.5,29455.25,29502.75,76858,0.0,0.0
2026-09-08 10:00:00-04:00,29503.25,29524.75,29424.75,29516.75,47298,0.0,0.0
2026-09-08 10:30:00-04:00,29516.0,29563.5,29490.0,29563.0,27727,0.0,0.0
2026-09-08 11:00:00-04:00,29563.0,29639.5,29545.5,29609.0,30207,0.0,0.0
2026-09-08 11:30:00-04:00,29609.25,29645.25,29595.5,29604.25,21278,0.0,0.0
2026-09-08 12:00:00-04:00,29604.25,29622.0,29562.5,29567.75,18402,0.0,0.0
2026-09-08 12:30:00-04:00,29568.5,29609.25,29549.5,29573.5,19186,0.0,0.0
2026-09-08 13:00:00-04:00,29572.75,29641.5,29572.0,29615.75,15574,0.0,0.0
2026-09-08 13:30:00-04:00,29616.5,29632.5,29588.75,29590.0,11467,0.0,0.0
2026-09-08 14:00:00-04:00,29590.5,29615.5,29587.0,29597.0,12385,0.0,0.0
2026-09-08 14:30:00-04:00,29597.25,29611.0,29519.75,29576.25,24885,0.0,0.0
2026-09-08 15:00:00-04:00,29576.25,29586.25,29544.75,29564.0,13777,0.0,0.0
2026-09-08 15:30:00-04:00,29564.5,29566.25,29496.0,29543.5,37471,0.0,0.0
2026-09-08 16:00:00-04:00,29543.0,29550.75,29506.0,29507.75,11083,0.0,0.0
2026-09-08 16:30:00-04:00,29507.5,29527.25,29503.5,29525.75,2439,0.0,0.0
2026-09-08 18:00:00-04:00,29526.5,29539.25,29503.0,29521.5,1656,0.0,0.0
2026-09-08 18:30:00-04:00,29522.25,29547.0,29516.0,29544.75,1400,0.0,0.0
2026-09-08 19:00:00-04:00,29544.5,29546.5,29513.0,29516.75,1728,0.0,0.0
2026-09-08 19:30:00-04:00,29515.75,29519.25,29489.75,29498.5,2801,0.0,0.0
2026-09-08 20:00:00-04:00,29500.75,29561.75,29499.5,29525.25,5931,0.0,0.0
2026-09-08 20:30:00-04:00,29523.75,29564.0,29509.0,29559.75,3837,0.0,0.0
2026-09-08 21:00:00-04:00,29559.75,29599.5,29555.75,29590.0,5230,0.0,0.0
2026-09-08 21:30:00-04:00,29589.75,29608.5,29577.5,29593.25,3704,0.0,0.0
2026-09-08 22:00:00-04:00,29593.5,29612.5,29583.25,29601.0,2936,0.0,0.0
2026-09-08 22:30:00-04:00,29601.5,29625.5,29596.75,29611.0,2917,0.0,0.0
2026-09-08 23:00:00-04:00,29611.5,29613.75,29583.75,29596.5,2909,0.0,0.0
2026-09-08 23:30:00-04:00,29597.75,29604.25,29560.5,29566.75,2686,0.0,0.0
2026-09-09 00:00:00-04:00,29577.0,29593.0,29549.0,29581.25,4037,0.0,0.0
2026-09-09 00:30:00-04:00,29580.25,29620.25,29573.0,29614.0,2299,0.0,0.0
2026-09-09 01:00:00-04:00,29614.5,29616.25,29565.75,29580.25,2933,0.0,0.0
2026-09-09 01:30:00-04:00,29580.75,29621.5,29562.0,29621.25,2809,0.0,0.0
2026-09-09 02:00:00-04:00,29621.75,29633.75,29586.5,29593.75,3603,0.0,0.0
2026-09-09 02:30:00-04:00,29592.75,29614.0,29578.0,29579.5,2875,0.0,0.0
2026-09-09 03:00:00-04:00,29581.5,29613.0,29558.0,29612.25,5101,0.0,0.0
2026-09-09 03:30:00-04:00,29611.75,29614.0,29565.25,29588.0,2742,0.0,0.0
2026-09-09 04:00:00-04:00,29589.5,29609.0,29566.75,29587.75,3473,0.0,0.0
2026-09-09 04:30:00-04:00,29585.75,29592.75,29538.75,29564.75,3710,0.0,0.0
2026-09-09 05:00:00-04:00,29565.0,29575.0,29514.5,29528.5,3215,0.0,0.0
2026-09-09 05:30:00-04:00,29528.5,29539.25,29388.75,29400.5,7968,0.0,0.0
2026-09-09 06:00:00-04:00,29401.0,29432.25,29371.75,29419.0,7874,0.0,0.0
2026-09-09 06:30:00-04:00,29417.75,29432.0,29368.25,29391.5,5534,0.0,0.0
2026-09-09 07:00:00-04:00,29392.0,29430.5,29377.75,29418.5,5642,0.0,0.0
2026-09-09 07:30:00-04:00,29418.0,29452.0,29376.5,29396.75,7618,0.0,0.0
2026-09-09 08:00:00-04:00,29397.0,29400.5,29333.0,29351.75,8517,0.0,0.0
2026-09-09 08:30:00-04:00,29351.75,29404.0,29343.5,29390.5,6477,0.0,0.0
2026-09-09 09:00:00-04:00,29390.75,29458.5,29382.5,29454.5,9735,0.0,0.0
2026-09-09 09:30:00-04:00,29455.0,29567.25,29418.25,29558.5,63983,0.0,0.0
2026-09-09 10:00:00-04:00,29558.25,29593.75,29459.5,29535.5,48827,0.0,0.0
2026-09-09 10:30:00-04:00,29535.0,29543.5,29494.25,29528.25,26220,0.0,0.0
2026-09-09 11:00:00-04:00,29528.75,29562.25,29358.0,29390.5,51662,0.0,0.0
2026-09-09 11:30:00-04:00,29390.25,29482.5,29388.0,29448.0,30652,0.0,0.0
2026-09-09 12:00:00-04:00,29448.25,29462.0,29386.75,29399.5,17961,0.0,0.0
2026-09-09 12:30:00-04:00,29399.75,29478.0,29397.75,29458.0,18699,0.0,0.0
2026-09-09 13:00:00-04:00,29457.5,29483.75,29446.0,29450.25,15343,0.0,0.0
2026-09-09 13:30:00-04:00,29450.75,29483.5,29428.25,29468.75,12276,0.0,0.0
2026-09-09 14:00:00-04:00,29468.25,29471.75,29436.75,29453.5,11209,0.0,0.0
2026-09-09 14:30:00-04:00,29453.5,29474.0,29445.75,29447.5,11221,0.0,0.0
2026-09-09 15:00:00-04:00,29448.0,29471.25,29430.5,29451.5,10776,0.0,0.0
2026-09-09 15:30:00-04:00,29452.25,29458.5,29423.25,29454.5,26505,0.0,0.0
2026-09-09 16:00:00-04:00,29455.0,29459.25,29428.75,29450.0,9572,0.0,0.0
2026-09-09 16:30:00-04:00,29449.75,29460.0,29447.25,29460.0,2284,0.0,0.0
2026-09-09 18:00:00-04:00,29458.5,29472.75,29423.75,29429.0,1440,0.0,0.0
2026-09-09 18:30:00-04:00,29429.5,29438.0,29425.75,29431.5,663,0.0,0.0
2026-09-09 19:00:00-04:00,29430.5,29435.0,29416.25,29427.5,1320,0.0,0.0
2026-09-09 19:30:00-04:00,29428.75,29470.75,29425.0,29463.5,2053,0.0,0.0
2026-09-09 20:00:00-04:00,29464.5,29480.25,29440.75,29473.75,4362,0.0,0.0
2026-09-09 20:30:00-04:00,29474.0,29475.75,29408.0,29412.0,4224,0.0,0.0
2026-09-09 21:00:00-04:00,29413.5,29426.25,29372.5,29375.75,5598,0.0,0.0
2026-09-09 21:30:00-04:00,29374.25,29417.25,29364.0,29410.5,4608,0.0,0.0
2026-09-09 22:00:00-04:00,29411.0,29412.0,29373.0,29378.5,2980,0.0,0.0
2026-09-09 22:30:00-04:00,29379.0,29423.25,29376.0,29418.25,2579,0.0,0.0
2026-09-09 23:00:00-04:00,29418.75,29437.0,29388.25,29405.25,2831,0.0,0.0
2026-09-09 23:30:00-04:00,29404.75,29431.0,29392.25,29424.5,2020,0.0,0.0
2026-09-10 00:00:00-04:00,29427.25,29437.5,29423.0,29434.5,1775,0.0,0.0
2026-09-10 00:30:00-04:00,29433.75,29462.5,29431.0,29458.75,2122,0.0,0.0
2026-09-10 01:00:00-04:00,29459.5,29493.5,29448.5,29490.25,2883,0.0,0.0
2026-09-10 01:30:00-04:00,29491.0,29508.25,29465.0,29484.75,2653,0.0,0.0
2026-09-10 02:00:00-04:00,29484.0,29492.5,29435.25,29472.0,3897,0.0,0.0
2026-09-10 02:30:00-04:00,29473.5,29491.25,29466.75,29476.25,2347,0.0,0.0
2026-09-10 03:00:00-04:00,29476.75,29478.25,29433.0,29435.25,2565,0.0,0.0
2026-09-10 03:30:00-04:00,29434.75,29455.5,29417.25,29445.0,2812,0.0,0.0
2026-09-10 04:00:00-04:00,29443.75,29460.25,29424.5,29449.5,2917,0.0,0.0
2026-09-10 04:30:00-04:00,29449.0,29457.0,29405.25,29414.0,2922,0.0,0.0
2026-09-10 05:00:00-04:00,29412.5,29431.0,29392.5,29397.0,2009,0.0,0.0
2026-09-10 05:30:00-04:00,29395.5,29420.0,29359.25,29406.5,3706,0.0,0.0
2026-09-10 06:00:00-04:00,29405.75,29418.0,29385.25,29391.0,2284,0.0,0.0
2026-09-10 06:30:00-04:00,29391.0,29423.75,29363.5,29376.0,4397,0.0,0.0
2026-09-10 07:00:00-04:00,29375.0,29376.0,29326.75,29336.0,4779,0.0,0.0
2026-09-10 07:30:00-04:00,29337.5,29364.0,29262.75,29264.5,6596,0.0,0.0
2026-09-10 08:00:00-04:00,29264.25,29278.25,29211.0,29237.5,10195,0.0,0.0
2026-09-10 08:30:00-04:00,29229.0,29251.75,29043.25,29056.5,30268,0.0,0.0
2026-09-10 09:00:00-04:00,29058.0,29098.25,29043.75,29089.0,19681,0.0,0.0
2026-09-10 09:30:00-04:00,29089.5,29203.25,29057.5,29099.75,84547,0.0,0.0
2026-09-10 10:00:00-04:00,29099.5,29263.0,29097.25,29205.75,60063,0.0,0.0
2026-09-10 10:30:00-04:00,29206.25,29275.0,29204.75,29263.25,36767,0.0,0.0
2026-09-10 11:00:00-04:00,29263.25,29265.0,29197.5,29236.0,29275,0.0,0.0
2026-09-10 11:30:00-04:00,29236.75,29272.75,29186.0,29205.0,25233,0.0,0.0
2026-09-10 12:00:00-04:00,29205.0,29231.5,29161.75,29177.0,20056,0.0,0.0
2026-09-10 12:30:00-04:00,29176.75,29242.75,29133.75,29232.5,26935,0.0,0.0
2026-09-10 13:00:00-04:00,29232.75,29267.5,29199.5,29209.25,16923,0.0,0.0
2026-09-10 13:30:00-04:00,29209.0,29214.75,29175.5,29186.0,13835,0.0,0.0
2026-09-10 14:00:00-04:00,29186.25,29199.75,29148.25,29158.5,16826,0.0,0.0
2026-09-10 14:30:00-04:00,29157.75,29199.0,29146.25,29174.25,15233,0.0,0.0
2026-09-10 15:00:00-04:00,29174.25,29176.0,29136.0,29160.0,16766,0.0,0.0
2026-09-10 15:30:00-04:00,29158.75,29169.25,29123.25,29138.0,33153,0.0,0.0
2026-09-10 16:00:00-04:00,29138.25,29156.75,29123.0,29144.5,9037,0.0,0.0
2026-09-10 16:30:00-04:00,29145.5,29154.5,29128.0,29143.25,2462,0.0,0.0
2026-09-10 18:00:00-04:00,29141.0,29157.5,29117.25,29118.0,2073,0.0,0.0
2026-09-10 18:30:00-04:00,29117.25,29122.75,29098.75,29107.5,2414,0.0,0.0
2026-09-10 19:00:00-04:00,29106.25,29115.0,29096.75,29102.75,1385,0.0,0.0
2026-09-10 19:30:00-04:00,29103.0,29111.5,29062.5,29064.75,2842,0.0,0.0
2026-09-10 20:00:00-04:00,29065.0,29144.75,29063.25,29138.5,5857,0.0,0.0
2026-09-10 20:30:00-04:00,29138.25,29166.25,29118.0,29161.0,4410,0.0,0.0
2026-09-10 21:00:00-04:00,29159.75,29171.5,29124.75,29125.5,3670,0.0,0.0
2026-09-10 21:30:00-04:00,29126.5,29138.25,29103.5,29128.75,3147,0.0,0.0
2026-09-10 22:00:00-04:00,29129.5,29138.5,29098.5,29107.25,3231,0.0,0.0
2026-09-10 22:30:00-04:00,29107.25,29111.5,29082.25,29093.25,3191,0.0,0.0
2026-09-10 23:00:00-04:00,29092.0,29096.75,29061.75,29071.25,2871,0.0,0.0
2026-09-10 23:30:00-04:00,29071.5,29089.5,29048.5,29070.0,3723,0.0,0.0
2026-09-11 00:00:00-04:00,29082.25,29126.5,29055.25,29123.75,5408,0.0,0.0
2026-09-11 00:30:00-04:00,29124.25,29151.5,29116.75,29125.0,2887,0.0,0.0
2026-09-11 01:00:00-04:00,29124.5,29165.0,29119.5,29134.0,3101,0.0,0.0
2026-09-11 01:30:00-04:00,29134.0,29242.75,29133.75,29233.25,5009,0.0,0.0
2026-09-11 02:00:00-04:00,29233.0,29252.0,29216.0,29224.5,3963,0.0,0.0
2026-09-11 02:30:00-04:00,29225.25,29261.5,29215.5,29255.0,3356,0.0,0.0
2026-09-11 03:00:00-04:00,29254.25,29268.75,29235.75,29235.75,2994,0.0,0.0
2026-09-11 03:30:00-04:00,29235.75,29247.5,29225.0,29242.5,2209,0.0,0.0
2026-09-11 04:00:00-04:00,29242.5,29318.0,29224.5,29269.75,6226,0.0,0.0
2026-09-11 04:30:00-04:00,29271.0,29326.0,29270.75,29322.75,3366,0.0,0.0
2026-09-11 05:00:00-04:00,29324.25,29334.0,29289.5,29304.0,3261,0.0,0.0
2026-09-11 05:30:00-04:00,29304.75,29326.5,29301.75,29319.0,1387,0.0,0.0
2026-09-11 06:00:00-04:00,29319.25,29339.75,29285.25,29314.25,3277,0.0,0.0
2026-09-11 06:30:00-04:00,29314.25,29328.75,29305.5,29309.25,1799,0.0,0.0
2026-09-11 07:00:00-04:00,29310.5,29324.75,29289.5,29312.75,2950,0.0,0.0
2026-09-11 07:30:00-04:00,29313.0,29337.5,29296.75,29323.25,3052,0.0,0.0
2026-09-11 08:00:00-04:00,29324.25,29399.0,29304.0,29389.75,7195,0.0,0.0
2026-09-11 08:30:00-04:00,29385.0,29475.75,29204.0,29469.5,28987,0.0,0.0
2026-09-11 09:00:00-04:00,29468.75,29500.25,29414.75,29418.0,18123,0.0,0.0
2026-09-11 09:30:00-04:00,29417.5,29480.75,29347.25,29472.75,83201,0.0,0.0
2026-09-11 10:00:00-04:00,29473.0,29473.25,29365.0,29451.0,51133,0.0,0.0
2026-09-11 10:30:00-04:00,29451.25,29455.25,29334.0,29369.75,46666,0.0,0.0
2026-09-11 11:00:00-04:00,29370.75,29493.25,29361.0,29485.0,31705,0.0,0.0
2026-09-11 11:30:00-04:00,29485.25,29499.75,29441.25,29450.0,22389,0.0,0.0
2026-09-11 12:00:00-04:00,29450.25,29485.25,29397.75,29402.75,20654,0.0,0.0
2026-09-11 12:30:00-04:00,29402.0,29441.5,29392.0,29436.75,18607,0.0,0.0
2026-09-11 13:00:00-04:00,29437.0,29479.0,29435.75,29463.5,17649,0.0,0.0
2026-09-11 13:30:00-04:00,29463.25,29478.0,29447.75,29452.5,11464,0.0,0.0
2026-09-11 14:00:00-04:00,29452.25,29460.5,29417.0,29441.5,16568,0.0,0.0
2026-09-11 14:30:00-04:00,29442.0,29459.0,29425.75,29429.5,12217,0.0,0.0
2026-09-11 15:00:00-04:00,29429.5,29433.25,29405.25,29415.0,14339,0.0,0.0
2026-09-11 15:30:00-04:00,29414.25,29428.5,29378.75,29386.5,33202,0.0,0.0
2026-09-11 16:00:00-04:00,29386.75,29393.0,29376.25,29384.5,8585,0.0,0.0
2026-09-11 16:30:00-04:00,29384.75,29397.5,29383.25,29387.0,2651,0.0,0.0
2026-09-13 18:00:00-04:00,29002.5,29086.0,28993.0,29083.75,4396,0.0,0.0
2026-09-13 18:30:00-04:00,29081.0,29104.0,29065.5,29068.5,3853,0.0,0.0
2026-09-13 19:00:00-04:00,29069.0,29099.5,29055.5,29096.75,1878,0.0,0.0
2026-09-13 19:30:00-04:00,29096.0,29101.5,29010.0,29017.5,3372,0.0,0.0
2026-09-13 20:00:00-04:00,29016.25,29075.25,29005.0,29015.0,5704,0.0,0.0
2026-09-13 20:30:00-04:00,29013.5,29046.5,29008.75,29014.5,2862,0.0,0.0
2026-09-13 21:00:00-04:00,29015.0,29038.75,28999.25,29017.75,3052,0.0,0.0
2026-09-13 21:30:00-04:00,29018.0,29074.75,29003.25,29068.25,3169,0.0,0.0
2026-09-13 22:00:00-04:00,29068.0,29080.75,29054.0,29066.0,2263,0.0,0.0
2026-09-13 22:30:00-04:00,29062.75,29074.5,29040.75,29053.5,2115,0.0,0.0
2026-09-13 23:00:00-04:00,29052.75,29059.25,29008.25,29026.5,3053,0.0,0.0
2026-09-13 23:30:00-04:00,29026.5,29027.0,29009.75,29015.0,1416,0.0,0.0
2026-09-14 00:00:00-04:00,29016.75,29036.25,29002.25,29018.0,1854,0.0,0.0
2026-09-14 00:30:00-04:00,29018.0,29033.75,29001.5,29015.0,1667,0.0,0.0
2026-09-14 01:00:00-04:00,29015.0,29025.0,29000.0,29010.5,1022,0.0,0.0
2026-09-14 01:30:00-04:00,29011.5,29019.5,28986.5,29013.25,2107,0.0,0.0
2026-09-14 02:00:00-04:00,29014.5,29037.5,29009.0,29032.0,2458,0.0,0.0
2026-09-14 02:30:00-04:00,29031.0,29033.75,28973.5,28976.5,2673,0.0,0.0
2026-09-14 03:00:00-04:00,28977.5,28991.5,28937.5,28951.0,3954,0.0,0.0
2026-09-14 03:30:00-04:00,28950.0,28959.5,28905.0,28917.25,3485,0.0,0.0
2026-09-14 04:00:00-04:00,28920.0,28949.0,28874.75,28876.0,4342,0.0,0.0
2026-09-14 04:30:00-04:00,28876.25,28916.5,28850.0,28877.25,4499,0.0,0.0
2026-09-14 05:00:00-04:00,28877.5,28891.5,28816.25,28852.0,5173,0.0,0.0
2026-09-14 05:30:00-04:00,28851.5,28870.0,28839.0,28855.75,3383,0.0,0.0
2026-09-14 06:00:00-04:00,28856.0,28910.0,28855.0,28907.75,3582,0.0,0.0
2026-09-14 06:30:00-04:00,28908.5,28941.0,28902.5,28926.0,3661,0.0,0.0
2026-09-14 07:00:00-04:00,28926.75,28977.5,28913.5,28972.0,4575,0.0,0.0
2026-09-14 07:30:00-04:00,28972.75,28972.75,28921.0,28928.75,5475,0.0,0.0
2026-09-14 08:00:00-04:00,28928.5,28945.5,28891.25,28918.0,7989,0.0,0.0
2026-09-14 08:30:00-04:00,28917.75,28931.0,28845.0,28879.25,17199,0.0,0.0
2026-09-14 09:00:00-04:00,28880.0,28924.25,28829.0,28905.25,15940,0.0,0.0
2026-09-14 09:30:00-04:00,28906.5,29045.75,28878.75,29003.25,60494,0.0,0.0
2026-09-14 10:00:00-04:00,29003.5,29089.0,28976.0,29007.0,40472,0.0,0.0
2026-09-14 10:30:00-04:00,29006.25,29020.5,28955.75,29012.0,36299,0.0,0.0
2026-09-14 11:00:00-04:00,29011.25,29090.0,28986.25,29078.0,28398,0.0,0.0
2026-09-14 11:30:00-04:00,29077.0,29505.25,29076.0,29471.75,48528,0.0,0.0
2026-09-14 12:00:00-04:00,29472.0,29527.25,29428.5,29491.25,23688,0.0,0.0
2026-09-14 12:30:00-04:00,29490.5,29575.5,29481.0,29558.25,24105,0.0,0.0
2026-09-14 13:00:00-04:00,29558.75,29580.0,29537.25,29580.0,21100,0.0,0.0
2026-09-14 13:30:00-04:00,29579.5,29604.5,29568.25,29581.5,16983,0.0,0.0
2026-09-14 14:00:00-04:00,29582.0,29601.25,29556.5,29562.0,15070,0.0,0.0
2026-09-14 14:30:00-04:00,29562.25,29582.75,29554.0,29557.0,12457,0.0,0.0
2026-09-14 15:00:00-04:00,29556.75,29559.0,29516.25,29523.5,13347,0.0,0.0
2026-09-14 15:30:00-04:00,29523.25,29530.0,29444.5,29449.5,33858,0.0,0.0
2026-09-14 16:00:00-04:00,29448.75,29478.25,29445.25,29475.75,10996,0.0,0.0
2026-09-14 16:30:00-04:00,29475.75,29494.5,29469.5,29489.75,2932,0.0,0.0
2026-09-14 18:00:00-04:00,29488.5,29490.25,29449.25,29457.0,1432,0.0,0.0
2026-09-14 18:30:00-04:00,29457.75,29474.25,29454.5,29458.5,1360,0.0,0.0
2026-09-14 19:00:00-04:00,29459.5,29467.25,29449.75,29455.75,1396,0.0,0.0
2026-09-14 19:30:00-04:00,29454.75,29463.25,29442.75,29457.25,1441,0.0,0.0
2026-09-14 20:00:00-04:00,29457.25,29470.0,29426.75,29455.25,4287,0.0,0.0
2026-09-14 20:30:00-04:00,29453.5,29490.75,29452.75,29467.75,2781,0.0,0.0
2026-09-14 21:00:00-04:00,29467.5,29495.25,29459.5,29474.5,2412,0.0,0.0
2026-09-14 21:30:00-04:00,29473.75,29477.5,29428.0,29463.5,4088,0.0,0.0
2026-09-14 22:00:00-04:00,29463.75,29475.25,29452.0,29463.25,1782,0.0,0.0
2026-09-14 22:30:00-04:00,29464.0,29469.75,29452.0,29460.5,1643,0.0,0.0
2026-09-14 23:00:00-04:00,29460.0,29467.75,29440.25,29447.5,1518,0.0,0.0
2026-09-14 23:30:00-04:00,29444.0,29454.75,29415.0,29416.75,1586,0.0,0.0
2026-09-15 00:00:00-04:00,29418.0,29425.25,29376.75,29385.5,2846,0.0,0.0
2026-09-15 00:30:00-04:00,29386.5,29398.75,29352.0,29353.25,2922,0.0,0.0
2026-09-15 01:00:00-04:00,29352.25,29362.75,29308.5,29340.75,3959,0.0,0.0
2026-09-15 01:30:00-04:00,29340.0,29404.5,29329.25,29379.25,3617,0.0,0.0
2026-09-15 02:00:00-04:00,29378.25,29395.25,29366.75,29372.25,2793,0.0,0.0
2026-09-15 02:30:00-04:00,29372.0,29373.75,29339.0,29352.25,2415,0.0,0.0
2026-09-15 03:00:00-04:00,29354.5,29382.5,29323.25,29354.5,4512,0.0,0.0
2026-09-15 03:30:00-04:00,29354.5,29364.25,29298.75,29316.0,5265,0.0,0.0
2026-09-15 04:00:00-04:00,29317.75,29317.75,29231.0,29290.5,7044,0.0,0.0
2026-09-15 04:30:00-04:00,29289.25,29295.0,29264.25,29271.5,2917,0.0,0.0
2026-09-15 05:00:00-04:00,29272.25,29285.0,29236.5,29269.0,4081,0.0,0.0
2026-09-15 05:30:00-04:00,29270.5,29346.25,29258.5,29339.0,3856,0.0,0.0
2026-09-15 06:00:00-04:00,29340.5,29366.75,29331.0,29361.75,3935,0.0,0.0
2026-09-15 06:30:00-04:00,29362.0,29396.0,29354.5,29393.5,4007,0.0,0.0
2026-09-15 07:00:00-04:00,29393.25,29427.25,29392.0,29405.25,4576,0.0,0.0
2026-09-15 07:30:00-04:00,29405.25,29422.25,29388.75,29416.5,4667,0.0,0.0
2026-09-15 08:00:00-04:00,29416.25,29441.0,29398.0,29423.0,5918,0.0,0.0
2026-09-15 08:30:00-04:00,29421.0,29484.5,29401.5,29435.75,11712,0.0,0.0
2026-09-15 09:00:00-04:00,29433.75,29447.0,29409.5,29420.5,10617,0.0,0.0
2026-09-15 09:30:00-04:00,29420.5,29453.5,29372.5,29429.25,56435,0.0,0.0
2026-09-15 10:00:00-04:00,29429.5,29432.0,29302.0,29326.25,43097,0.0,0.0
2026-09-15 10:30:00-04:00,29326.75,29334.25,29215.75,29239.75,44103,0.0,0.0
2026-09-15 11:00:00-04:00,29240.0,29297.25,29239.25,29291.75,29194,0.0,0.0
2026-09-15 11:30:00-04:00,29291.75,29311.5,29260.5,29277.75,24854,0.0,0.0
2026-09-15 12:00:00-04:00,29277.75,29301.75,29240.0,29285.0,21349,0.0,0.0
2026-09-15 12:30:00-04:00,29284.5,29302.5,29265.25,29279.5,17981,0.0,0.0
2026-09-15 13:00:00-04:00,29280.25,29284.0,29241.25,29253.75,15269,0.0,0.0
2026-09-15 13:30:00-04:00,29254.0,29271.5,29242.0,29263.75,13639,0.0,0.0
2026-09-15 14:00:00-04:00,29263.5,29287.75,29255.0,29281.0,13918,0.0,0.0
2026-09-15 14:30:00-04:00,29280.75,29280.75,29229.75,29252.5,16130,0.0,0.0
2026-09-15 15:00:00-04:00,29252.75,29258.75,29231.5,29238.25,13215,0.0,0.0
2026-09-15 15:30:00-04:00,29238.75,29254.25,29207.5,29251.5,36117,0.0,0.0
2026-09-15 16:00:00-04:00,29251.75,29291.0,29250.25,29270.5,13086,0.0,0.0
2026-09-15 16:30:00-04:00,29270.5,29287.0,29267.25,29277.0,2168,0.0,0.0
2026-09-15 18:00:00-04:00,29263.75,29278.5,29251.25,29269.25,1344,0.0,0.0
2026-09-15 18:30:00-04:00,29268.25,29289.25,29266.75,29282.5,916,0.0,0.0
2026-09-15 19:00:00-04:00,29282.0,29284.5,29265.75,29267.0,1005,0.0,0.0
2026-09-15 19:30:00-04:00,29267.25,29287.75,29263.25,29278.5,1398,0.0,0.0
2026-09-15 20:00:00-04:00,29277.5,29286.0,29257.75,29274.5,2820,0.0,0.0
2026-09-15 20:30:00-04:00,29275.5,29285.25,29264.75,29272.5,1741,0.0,0.0
2026-09-15 21:00:00-04:00,29272.25,29288.75,29240.5,29277.0,4178,0.0,0.0
2026-09-15 21:30:00-04:00,29276.75,29278.75,29226.0,29230.0,3279,0.0,0.0
2026-09-15 22:00:00-04:00,29228.75,29278.5,29228.0,29274.5,2996,0.0,0.0
2026-09-15 22:30:00-04:00,29274.75,29284.0,29254.75,29282.75,2327,0.0,0.0
2026-09-15 23:00:00-04:00,29282.75,29358.5,29280.75,29320.5,4657,0.0,0.0
2026-09-15 23:30:00-04:00,29320.0,29338.75,29299.75,29331.25,3055,0.0,0.0
2026-09-16 00:00:00-04:00,29331.75,29340.5,29319.0,29323.25,1826,0.0,0.0
2026-09-16 00:30:00-04:00,29321.25,29322.75,29298.75,29303.75,1676,0.0,0.0
2026-09-16 01:00:00-04:00,29303.25,29325.75,29285.5,29322.5,2463,0.0,0.0
2026-09-16 01:30:00-04:00,29321.0,29348.25,29314.75,29334.25,3158,0.0,0.0
2026-09-16 02:00:00-04:00,29334.0,29372.5,29328.75,29341.25,4614,0.0,0.0
2026-09-16 02:30:00-04:00,29341.5,29369.0,29330.75,29365.75,2550,0.0,0.0
2026-09-16 03:00:00-04:00,29365.5,29395.5,29359.0,29386.75,4675,0.0,0.0
2026-09-16 03:30:00-04:00,29386.75,29398.0,29359.5,29369.25,2482,0.0,0.0
2026-09-16 04:00:00-04:00,29369.0,29376.5,29327.5,29348.25,5835,0.0,0.0
2026-09-16 04:30:00-04:00,29347.75,29375.0,29326.0,29372.5,3063,0.0,0.0
2026-09-16 05:00:00-04:00,29372.5,29382.5,29336.75,29356.5,3279,0.0,0.0
2026-09-16 05:30:00-04:00,29356.5,29392.0,29352.25,29380.5,2228,0.0,0.0
2026-09-16 06:00:00-04:00,29380.25,29386.75,29356.0,29374.75,2942,0.0,0.0
2026-09-16 06:30:00-04:00,29373.5,29400.5,29368.5,29397.5,2268,0.0,0.0
2026-09-16 07:00:00-04:00,29398.0,29419.25,29363.5,29380.25,6136,0.0,0.0
2026-09-16 07:30:00-04:00,29380.25,29417.75,29378.25,29417.0,4757,0.0,0.0
2026-09-16 08:00:00-04:00,29415.5,29439.0,29412.0,29433.5,7282,0.0,0.0
2026-09-16 08:30:00-04:00,29432.5,29432.75,29364.0,29403.0,9256,0.0,0.0
2026-09-16 09:00:00-04:00,29401.25,29415.5,29363.75,29386.25,12676,0.0,0.0
2026-09-16 09:30:00-04:00,29386.75,29481.5,29373.25,29478.75,53838,0.0,0.0
2026-09-16 10:00:00-04:00,29479.25,29484.25,29418.0,29452.25,34230,0.0,0.0
2026-09-16 10:30:00-04:00,29452.0,29501.0,29425.75,29499.0,25802,0.0,0.0
2026-09-16 11:00:00-04:00,29499.25,29535.75,29485.0,29506.25,29966,0.0,0.0
2026-09-16 11:30:00-04:00,29506.5,29549.75,29482.25,29499.25,26846,0.0,0.0
2026-09-16 12:00:00-04:00,29499.5,29502.5,29467.5,29485.0,15686,0.0,0.0
2026-09-16 12:30:00-04:00,29484.75,29492.25,29464.25,29468.5,10477,0.0,0.0
2026-09-16 13:00:00-04:00,29468.5,29469.5,29439.75,29456.0,10607,0.0,0.0
2026-09-16 13:30:00-04:00,29457.0,29478.5,29419.25,29475.0,12978,0.0,0.0
2026-09-16 14:00:00-04:00,29478.75,29539.0,29406.5,29454.75,41915,0.0,0.0
2026-09-16 14:30:00-04:00,29455.5,29494.75,29221.5,29231.0,72156,0.0,0.0
2026-09-16 15:00:00-04:00,29231.75,29303.75,29053.0,29132.0,70814,0.0,0.0
2026-09-16 15:30:00-04:00,29132.0,29268.75,29122.5,29254.25,59564,0.0,0.0
2026-09-16 16:00:00-04:00,29254.0,29283.25,29231.0,29244.5,14196,0.0,0.0
2026-09-16 16:30:00-04:00,29243.75,29272.75,29238.0,29263.75,2636,0.0,0.0
2026-09-16 18:00:00-04:00,29271.0,29329.5,29247.75,29322.5,2456,0.0,0.0
2026-09-16 18:30:00-04:00,29323.75,29369.25,29321.25,29350.0,3257,0.0,0.0
2026-09-16 19:00:00-04:00,29350.75,29416.75,29349.25,29395.5,3583,0.0,0.0
2026-09-16 19:30:00-04:00,29396.0,29457.0,29395.5,29450.5,5921,0.0,0.0
2026-09-16 20:00:00-04:00,29451.5,29464.75,29409.5,29433.75,6181,0.0,0.0
2026-09-16 20:30:00-04:00,29433.75,29478.0,29428.75,29450.25,4541,0.0,0.0
2026-09-16 21:00:00-04:00,29451.5,29474.25,29434.0,29446.5,3456,0.0,0.0
2026-09-16 21:30:00-04:00,29447.0,29469.25,29406.25,29418.5,4088,0.0,0.0
2026-09-16 22:00:00-04:00,29419.0,29439.0,29406.25,29418.25,3094,0.0,0.0
2026-09-16 22:30:00-04:00,29418.25,29454.25,29416.75,29421.75,2707,0.0,0.0
2026-09-16 23:00:00-04:00,29423.0,29449.0,29419.0,29446.5,1261,0.0,0.0
2026-09-16 23:30:00-04:00,29446.0,29466.5,29440.25,29465.5,1562,0.0,0.0
2026-09-17 00:00:00-04:00,29466.0,29466.0,29440.75,29451.25,1621,0.0,0.0
2026-09-17 00:30:00-04:00,29450.5,29471.5,29438.75,29450.5,1716,0.0,0.0
2026-09-17 01:00:00-04:00,29450.75,29453.75,29420.75,29429.75,1804,0.0,0.0
2026-09-17 01:30:00-04:00,29430.5,29432.0,29371.0,29373.75,3441,0.0,0.0
2026-09-17 02:00:00-04:00,29372.5,29444.5,29368.75,29443.75,3956,0.0,0.0
2026-09-17 02:30:00-04:00,29443.75,29473.5,29440.75,29469.5,4406,0.0,0.0
2026-09-17 03:00:00-04:00,29469.5,29550.0,29462.25,29548.75,7289,0.0,0.0
2026-09-17 03:30:00-04:00,29549.5,29567.5,29509.75,29517.75,4327,0.0,0.0
2026-09-17 04:00:00-04:00,29517.75,29533.25,29485.0,29516.25,4726,0.0,0.0
2026-09-17 04:30:00-04:00,29516.25,29561.25,29505.75,29555.5,3219,0.0,0.0
2026-09-17 05:00:00-04:00,29556.0,29592.75,29553.5,29555.75,3615,0.0,0.0
2026-09-17 05:30:00-04:00,29556.5,29580.0,29545.5,29558.5,2517,0.0,0.0
2026-09-17 06:00:00-04:00,29558.5,29589.25,29557.75,29578.25,2254,0.0,0.0
2026-09-17 06:30:00-04:00,29579.25,29590.75,29561.75,29586.75,2527,0.0,0.0
2026-09-17 07:00:00-04:00,29586.75,29614.0,29565.0,29577.75,4060,0.0,0.0
2026-09-17 07:30:00-04:00,29577.5,29624.0,29555.5,29620.0,4794,0.0,0.0
2026-09-17 08:00:00-04:00,29621.0,29727.75,29595.5,29725.25,12739,0.0,0.0
2026-09-17 08:30:00-04:00,29723.75,29753.25,29708.75,29724.0,12580,0.0,0.0
2026-09-17 09:00:00-04:00,29724.25,29750.0,29709.75,29718.25,12886,0.0,0.0
2026-09-17 09:30:00-04:00,29718.25,29737.25,29605.75,29689.0,69620,0.0,0.0
2026-09-17 10:00:00-04:00,29689.5,29742.0,29639.5,29712.5,44955,0.0,0.0
2026-09-17 10:30:00-04:00,29712.0,29748.0,29666.5,29680.0,33628,0.0,0.0
2026-09-17 11:00:00-04:00,29680.75,29714.0,29652.0,29706.5,23827,0.0,0.0
2026-09-17 11:30:00-04:00,29706.5,29745.75,29699.0,29743.5,21846,0.0,0.0
2026-09-17 12:00:00-04:00,29743.25,29753.25,29717.0,29747.5,15501,0.0,0.0
2026-09-17 12:30:00-04:00,29747.25,29750.5,29704.25,29741.5,21262,0.0,0.0
2026-09-17 13:00:00-04:00,29741.25,29762.5,29721.25,29726.0,18478,0.0,0.0
2026-09-17 13:30:00-04:00,29726.75,29747.25,29717.25,29742.5,11993,0.0,0.0
2026-09-17 14:00:00-04:00,29742.5,29747.5,29720.5,29726.25,12996,0.0,0.0
2026-09-17 14:30:00-04:00,29726.75,29734.25,29705.0,29722.0,14685,0.0,0.0
2026-09-17 15:00:00-04:00,29722.0,29751.0,29720.0,29732.0,15814,0.0,0.0
2026-09-17 15:30:00-04:00,29732.0,29793.25,29730.75,29744.5,44797,0.0,0.0
2026-09-17 16:00:00-04:00,29744.5,29748.25,29715.0,29715.0,13989,0.0,0.0
2026-09-17 16:30:00-04:00,29715.25,29725.75,29712.5,29720.5,2708,0.0,0.0
2026-09-17 18:00:00-04:00,29723.75,29728.5,29680.75,29683.25,2138,0.0,0.0
2026-09-17 18:30:00-04:00,29682.75,29689.0,29674.0,29687.5,2318,0.0,0.0
2026-09-17 19:00:00-04:00,29686.75,29712.0,29686.0,29690.0,2652,0.0,0.0
2026-09-17 19:30:00-04:00,29690.25,29705.0,29687.5,29696.5,1207,0.0,0.0
2026-09-17 20:00:00-04:00,29697.25,29708.0,29676.0,29686.75,3491,0.0,0.0
2026-09-17 20:30:00-04:00,29687.5,29697.25,29660.5,29666.5,2930,0.0,0.0
2026-09-17 21:00:00-04:00,29665.75,29682.25,29648.0,29657.5,3142,0.0,0.0
2026-09-17 21:30:00-04:00,29657.25,29683.0,29652.0,29678.0,2533,0.0,0.0
2026-09-17 22:00:00-04:00,29679.75,29692.25,29663.0,29687.75,2017,0.0,0.0
2026-09-17 22:30:00-04:00,29688.0,29704.0,29683.75,29692.75,2262,0.0,0.0
2026-09-17 23:00:00-04:00,29693.75,29738.5,29689.0,29733.5,4466,0.0,0.0
2026-09-17 23:30:00-04:00,29734.0,29764.75,29727.25,29752.25,3234,0.0,0.0
2026-09-18 00:00:00-04:00,29762.75,29773.5,29755.0,29772.25,2585,0.0,0.0
2026-09-18 00:30:00-04:00,29773.0,29812.75,29766.5,29810.5,4067,0.0,0.0
2026-09-18 01:00:00-04:00,29810.25,29827.25,29803.0,29814.5,3078,0.0,0.0
2026-09-18 01:30:00-04:00,29815.5,29859.25,29812.0,29846.0,5341,0.0,0.0
2026-09-18 02:00:00-04:00,29846.25,29897.25,29845.0,29885.0,5740,0.0,0.0
2026-09-18 02:30:00-04:00,29885.25,29921.5,29884.25,29916.0,4646,0.0,0.0
2026-09-18 03:00:00-04:00,29916.25,29964.25,29910.75,29960.25,5278,0.0,0.0
2026-09-18 03:30:00-04:00,29961.0,29966.75,29924.25,29929.5,4415,0.0,0.0
2026-09-18 04:00:00-04:00,29928.75,29944.0,29895.75,29897.5,5465,0.0,0.0
2026-09-18 04:30:00-04:00,29896.75,29919.75,29891.25,29892.75,3178,0.0,0.0
2026-09-18 05:00:00-04:00,29893.25,29899.0,29870.5,29873.0,2493,0.0,0.0
2026-09-18 05:30:00-04:00,29873.25,29874.0,29836.0,29839.0,3698,0.0,0.0
2026-09-18 06:00:00-04:00,29838.25,29878.25,29838.25,29877.75,3306,0.0,0.0
2026-09-18 06:30:00-04:00,29876.5,29903.25,29872.25,29877.25,3219,0.0,0.0
2026-09-18 07:00:00-04:00,29877.25,29898.75,29825.25,29829.75,5980,0.0,0.0
2026-09-18 07:30:00-04:00,29830.5,29858.75,29822.5,29838.75,3588,0.0,0.0
2026-09-18 08:00:00-04:00,29839.75,29853.5,29767.75,29775.0,9213,0.0,0.0
2026-09-18 08:30:00-04:00,29774.0,29796.25,29770.0,29776.5,6233,0.0,0.0
2026-09-18 09:00:00-04:00,29776.25,29819.5,29744.75,29814.25,17230,0.0,0.0
2026-09-18 09:30:00-04:00,29814.0,29844.75,29765.75,29776.75,55975,0.0,0.0
2026-09-18 10:00:00-04:00,29776.25,29783.75,29692.75,29728.75,48232,0.0,0.0
2026-09-18 10:30:00-04:00,29728.25,29767.25,29702.75,29758.25,31108,0.0,0.0
2026-09-18 11:00:00-04:00,29758.25,29772.5,29720.25,29749.25,22433,0.0,0.0
2026-09-18 11:30:00-04:00,29749.5,29755.5,29702.75,29708.25,20805,0.0,0.0
2026-09-18 12:00:00-04:00,29708.25,29724.25,29659.25,29699.75,22653,0.0,0.0
2026-09-18 12:30:00-04:00,29700.0,29735.0,29692.5,29727.5,17826,0.0,0.0
2026-09-18 13:00:00-04:00,29728.0,29751.5,29719.75,29741.75,13713,0.0,0.0
2026-09-18 13:30:00-04:00,29741.5,29768.0,29731.75,29763.25,11793,0.0,0.0
2026-09-18 14:00:00-04:00,29763.0,29788.0,29748.0,29780.75,13814,0.0,0.0
2026-09-18 14:30:00-04:00,29780.5,29849.5,29773.25,29832.0,19218,0.0,0.0
2026-09-18 15:00:00-04:00,29832.25,29852.25,29829.25,29831.25,14986,0.0,0.0
2026-09-18 15:30:00-04:00,29831.5,29937.75,29822.75,29915.75,47617,0.0,0.0
2026-09-18 16:00:00-04:00,29916.0,29993.25,29912.25,29967.25,19504,0.0,0.0
2026-09-18 16:30:00-04:00,29968.5,29986.5,29917.25,29917.25,4254,0.0,0.0
2026-09-20 18:00:00-04:00,29946.5,30007.75,29945.0,29990.25,4144,0.0,0.0
2026-09-20 18:30:00-04:00,29989.0,30034.0,29987.0,30025.25,4606,0.0,0.0
2026-09-20 19:00:00-04:00,30025.0,30031.0,30011.25,30027.0,1910,0.0,0.0
2026-09-20 19:30:00-04:00,30026.25,30040.25,30021.5,30029.5,2204,0.0,0.0
2026-09-20 20:00:00-04:00,30029.5,30079.25,30018.0,30067.0,5474,0.0,0.0
2026-09-20 20:30:00-04:00,30067.0,30097.25,30067.0,30095.5,3692,0.0,0.0
2026-09-20 21:00:00-04:00,30095.5,30130.5,30088.5,30111.0,5459,0.0,0.0
2026-09-20 21:30:00-04:00,30110.75,30120.75,30069.5,30071.0,3955,0.0,0.0
2026-09-20 22:00:00-04:00,30070.5,30089.5,30063.5,30088.75,3146,0.0,0.0
2026-09-20 22:30:00-04:00,30088.0,30105.0,30068.0,30080.0,3159,0.0,0.0
2026-09-20 23:00:00-04:00,30078.5,30104.75,30078.5,30093.75,1707,0.0,0.0
2026-09-20 23:30:00-04:00,30092.75,30107.0,30082.25,30090.0,2050,0.0,0.0
2026-09-21 00:00:00-04:00,30087.25,30100.75,30071.0,30094.0,1990,0.0,0.0
2026-09-21 00:30:00-04:00,30093.25,30098.0,30080.5,30090.0,1003,0.0,0.0
2026-09-21 01:00:00-04:00,30090.25,30090.75,30075.25,30081.75,1082,0.0,0.0
2026-09-21 01:30:00-04:00,30081.25,30111.75,30077.5,30090.75,2439,0.0,0.0
2026-09-21 02:00:00-04:00,30090.5,30125.0,30090.5,30108.0,3382,0.0,0.0
2026-09-21 02:30:00-04:00,30108.25,30144.5,30106.5,30141.5,2908,0.0,0.0
2026-09-21 03:00:00-04:00,30142.0,30162.0,30126.0,30148.0,5134,0.0,0.0
2026-09-21 03:30:00-04:00,30149.25,30188.25,30138.25,30178.75,3900,0.0,0.0
2026-09-21 04:00:00-04:00,30178.5,30215.0,30172.5,30198.75,5156,0.0,0.0
2026-09-21 04:30:00-04:00,30198.75,30237.75,30197.5,30234.5,3464,0.0,0.0
2026-09-21 05:00:00-04:00,30234.75,30262.5,30228.5,30247.75,3060,0.0,0.0
2026-09-21 05:30:00-04:00,30247.0,30264.0,30233.0,30234.25,2661,0.0,0.0
2026-09-21 06:00:00-04:00,30234.0,30253.75,30232.75,30245.75,2145,0.0,0.0
2026-09-21 06:30:00-04:00,30247.0,30266.75,30237.0,30241.5,2479,0.0,0.0
2026-09-21 07:00:00-04:00,30241.25,30251.75,30216.0,30225.75,2987,0.0,0.0
2026-09-21 07:30:00-04:00,30225.75,30260.5,30220.75,30247.0,3297,0.0,0.0
2026-09-21 08:00:00-04:00,30247.5,30275.0,30225.25,30225.5,5784,0.0,0.0
2026-09-21 08:30:00-04:00,30226.25,30258.5,30222.25,30225.5,5138,0.0,0.0
2026-09-21 09:00:00-04:00,30224.25,30238.25,30202.25,30221.5,8764,0.0,0.0
2026-09-21 09:30:00-04:00,30221.5,30423.0,30216.5,30417.0,68297,0.0,0.0
2026-09-21 10:00:00-04:00,30416.5,30519.75,30397.0,30518.0,47025,0.0,0.0
2026-09-21 10:30:00-04:00,30518.25,30559.5,30500.5,30550.5,39771,0.0,0.0
2026-09-21 11:00:00-04:00,30551.0,30587.5,30549.0,30584.5,26386,0.0,0.0
2026-09-21 11:30:00-04:00,30585.0,30639.25,30579.5,30609.75,26798,0.0,0.0
2026-09-21 12:00:00-04:00,30610.25,30687.5,30601.5,30678.25,26862,0.0,0.0
2026-09-21 12:30:00-04:00,30677.75,30704.25,30665.0,30680.5,19743,0.0,0.0
2026-09-21 13:00:00-04:00,30680.5,30694.25,30664.25,30687.75,16559,0.0,0.0
2026-09-21 13:30:00-04:00,30688.0,30724.5,30670.75,30712.5,16971,0.0,0.0
2026-09-21 14:00:00-04:00,30712.75,30759.0,30712.5,30753.5,17438,0.0,0.0
2026-09-21 14:30:00-04:00,30753.75,30797.25,30737.0,30786.5,21345,0.0,0.0
2026-09-21 15:00:00-04:00,30786.75,30813.5,30773.0,30803.75,20044,0.0,0.0
2026-09-21 15:30:00-04:00,30803.0,30862.75,30778.0,30783.5,49663,0.0,0.0
2026-09-21 16:00:00-04:00,30784.0,30794.0,30761.75,30777.5,12610,0.0,0.0
2026-09-21 16:30:00-04:00,30777.5,30788.0,30756.5,30781.0,4142,0.0,0.0
2026-09-21 18:00:00-04:00,30780.0,30821.25,30778.5,30814.0,2484,0.0,0.0
2026-09-21 18:30:00-04:00,30815.75,30833.5,30805.0,30829.5,2441,0.0,0.0
2026-09-21 19:00:00-04:00,30828.25,30852.25,30823.25,30842.75,2541,0.0,0.0
2026-09-21 19:30:00-04:00,30842.25,30856.75,30836.75,30852.25,2478,0.0,0.0
2026-09-21 20:00:00-04:00,30852.25,30893.75,30850.0,30892.25,6513,0.0,0.0
2026-09-21 20:30:00-04:00,30893.0,30916.5,30872.25,30899.5,5838,0.0,0.0
2026-09-21 21:00:00-04:00,30900.0,30901.25,30867.5,30882.75,4591,0.0,0.0
2026-09-21 21:30:00-04:00,30882.0,30904.75,30873.0,30874.75,3849,0.0,0.0
2026-09-21 22:00:00-04:00,30873.0,30893.5,30870.0,30878.75,2577,0.0,0.0
2026-09-21 22:30:00-04:00,30879.75,30897.75,30866.5,30894.5,3116,0.0,0.0
2026-09-21 23:00:00-04:00,30894.5,30899.25,30883.0,30888.75,1755,0.0,0.0
2026-09-21 23:30:00-04:00,30889.75,30898.75,30863.75,30875.0,2985,0.0,0.0
2026-09-22 00:00:00-04:00,30846.75,30866.5,30832.25,30836.5,3444,0.0,0.0
2026-09-22 00:30:00-04:00,30836.25,30847.75,30809.25,30812.5,3439,0.0,0.0
2026-09-22 01:00:00-04:00,30813.0,30820.75,30783.25,30792.5,4862,0.0,0.0
2026-09-22 01:30:00-04:00,30791.25,30844.75,30779.5,30814.75,4992,0.0,0.0
2026-09-22 02:00:00-04:00,30816.25,30818.75,30766.5,30786.25,4693,0.0,0.0
2026-09-22 02:30:00-04:00,30785.75,30794.25,30775.25,30779.0,2543,0.0,0.0
2026-09-22 03:00:00-04:00,30779.25,30794.0,30765.5,30768.75,3259,0.0,0.0
2026-09-22 03:30:00-04:00,30769.25,30785.75,30761.0,30770.5,3039,0.0,0.0
2026-09-22 04:00:00-04:00,30770.25,30771.5,30683.0,30686.5,7723,0.0,0.0
2026-09-22 04:30:00-04:00,30686.75,30789.75,30670.0,30784.5,8543,0.0,0.0
2026-09-22 05:00:00-04:00,30782.5,30800.25,30753.0,30769.25,4489,0.0,0.0
2026-09-22 05:30:00-04:00,30770.25,30850.75,30764.0,30837.25,8104,0.0,0.0
2026-09-22 06:00:00-04:00,30839.0,30847.0,30794.0,30810.25,4098,0.0,0.0
2026-09-22 06:30:00-04:00,30809.0,30834.25,30798.0,30814.25,3148,0.0,0.0
2026-09-22 07:00:00-04:00,30814.0,30829.0,30754.5,30778.75,6152,0.0,0.0
2026-09-22 07:30:00-04:00,30779.5,30813.75,30772.25,30776.75,2976,0.0,0.0
2026-09-22 08:00:00-04:00,30776.75,30791.75,30749.0,30783.5,3900,0.0,0.0
2026-09-22 08:30:00-04:00,30783.25,30788.5,30753.25,30758.0,3283,0.0,0.0
