Datetime,Open,High,Low,Close,Volume,Dividends,Stock Splits
2026-07-14 00:05:00-04:00,29406.5,29406.5,29393.25,29397.25,0,0.0,0.0
2026-07-14 00:10:00-04:00,29398.0,29400.25,29371.25,29391.0,593,0.0,0.0
2026-07-14 00:15:00-04:00,29391.0,29403.75,29381.0,29395.5,298,0.0,0.0
2026-07-14 00:20:00-04:00,29398.0,29432.0,29397.5,29427.25,471,0.0,0.0
2026-07-14 00:25:00-04:00,29425.5,29452.75,29421.75,29450.0,425,0.0,0.0
2026-07-14 00:30:00-04:00,29450.5,29463.5,29442.5,29462.5,473,0.0,0.0
2026-07-14 00:35:00-04:00,29462.5,29488.0,29459.75,29484.5,438,0.0,0.0
2026-07-14 00:40:00-04:00,29484.5,29487.25,29468.0,29474.25,394,0.0,0.0
2026-07-14 00:45:00-04:00,29473.75,29500.0,29472.5,29495.0,365,0.0,0.0
2026-07-14 00:50:00-04:00,29494.25,29503.25,29478.0,29497.75,351,0.0,0.0
2026-07-14 00:55:00-04:00,29498.0,29516.5,29494.25,29508.5,487,0.0,0.0
2026-07-14 01:00:00-04:00,29509.75,29514.25,29490.0,29511.75,448,0.0,0.0
2026-07-14 01:05:00-04:00,29510.25,29533.5,29507.0,29523.5,468,0.0,0.0
2026-07-14 01:10:00-04:00,29524.0,29548.5,29520.5,29545.5,647,0.0,0.0
2026-07-14 01:15:00-04:00,29546.25,29551.75,29534.75,29545.75,584,0.0,0.0
2026-07-14 01:20:00-04:00,29547.5,29594.25,29547.5,29587.25,1167,0.0,0.0
2026-07-14 01:25:00-04:00,29586.25,29610.0,29580.75,29604.5,1240,0.0,0.0
2026-07-14 01:30:00-04:00,29605.0,29631.25,29598.0,29602.5,1134,0.0,0.0
2026-07-14 01:35:00-04:00,29601.25,29610.0,29585.0,29594.25,632,0.0,0.0
2026-07-14 01:40:00-04:00,29595.0,29599.0,29577.75,29594.0,509,0.0,0.0
2026-07-14 01:45:00-04:00,29596.5,29606.0,29582.75,29594.75,353,0.0,0.0
2026-07-14 01:50:00-04:00,29595.25,29601.0,29587.25,29599.0,434,0.0,0.0
2026-07-14 01:55:00-04:00,29599.0,29604.25,29589.0,29593.0,385,0.0,0.0
2026-07-14 02:00:00-04:00,29592.0,29612.0,29586.25,29606.25,642,0.0,0.0
2026-07-14 02:05:00-04:00,29606.5,29624.0,29605.5,29618.25,485,0.0,0.0
2026-07-14 02:10:00-04:00,29619.5,29634.75,29609.75,29629.75,555,0.0,0.0
2026-07-14 02:15:00-04:00,29629.0,29649.75,29621.0,29641.5,829,0.0,0.0
2026-07-14 02:20:00-04:00,29639.5,29649.0,29615.75,29616.75,636,0.0,0.0
2026-07-14 02:25:00-04:00,29615.25,29622.75,29595.0,29606.25,915,0.0,0.0
2026-07-14 02:30:00-04:00,29606.25,29634.25,29601.75,29629.5,552,0.0,0.0
2026-07-14 02:35:00-04:00,29630.25,29631.25,29609.5,29614.75,476,0.0,0.0
2026-07-14 02:40:00-04:00,29611.75,29611.75,29593.0,29598.0,426,0.0,0.0
2026-07-14 02:45:00-04:00,29596.0,29598.0,29575.0,29580.25,457,0.0,0.0
2026-07-14 02:50:00-04:00,29580.0,29588.5,29571.75,29572.5,200,0.0,0.0
2026-07-14 02:55:00-04:00,29573.25,29580.25,29562.75,29564.25,331,0.0,0.0
2026-07-14 03:00:00-04:00,29564.0,29586.75,29545.5,29585.75,744,0.0,0.0
2026-07-14 03:05:00-04:00,29585.75,29602.25,29581.75,29592.5,728,0.0,0.0
2026-07-14 03:10:00-04:00,29592.5,29600.5,29578.0,29600.5,520,0.0,0.0
2026-07-14 03:15:00-04:00,29599.25,29604.5,29583.25,29591.0,346,0.0,0.0
2026-07-14 03:20:00-04:00,29590.25,29602.0,29576.75,29592.5,352,0.0,0.0
2026-07-14 03:25:00-04:00,29595.0,29621.25,29595.0,29604.5,604,0.0,0.0
2026-07-14 03:30:00-04:00,29606.0,29608.25,29577.75,29602.0,450,0.0,0.0
2026-07-14 03:35:00-04:00,29600.25,29605.0,29585.25,29600.5,177,0.0,0.0
2026-07-14 03:40:00-04:00,29595.0,29600.0,29567.25,29572.25,258,0.0,0.0
2026-07-14 03:45:00-04:00,29576.0,29596.0,29557.25,29596.0,468,0.0,0.0
2026-07-14 03:50:00-04:00,29595.25,29609.75,29591.5,29598.5,447,0.0,0.0
2026-07-14 03:55:00-04:00,29597.75,29602.75,29568.25,29574.5,302,0.0,0.0
2026-07-14 04:00:00-04:00,29575.0,29602.0,29561.25,29585.5,918,0.0,0.0
2026-07-14 04:05:00-04:00,29586.0,29589.5,29547.75,29558.75,628,0.0,0.0
2026-07-14 04:10:00-04:00,29557.0,29585.0,29555.25,29580.5,523,0.0,0.0
2026-07-14 04:15:00-04:00,29582.0,29614.25,29582.0,29605.75,697,0.0,0.0
2026-07-14 04:20:00-04:00,29606.25,29612.0,29591.25,29594.25,369,0.0,0.0
2026-07-14 04:25:00-04:00,29598.25,29632.0,29598.25,29618.25,492,0.0,0.0
2026-07-14 04:30:00-04:00,29617.75,29629.25,29606.5,29619.75,439,0.0,0.0
2026-07-14 04:35:00-04:00,29620.75,29636.25,29614.5,29622.0,450,0.0,0.0
2026-07-14 04:40:00-04:00,29619.75,29626.0,29609.5,29613.5,303,0.0,0.0
2026-07-14 04:45:00-04:00,29613.25,29613.25,29580.75,29583.0,272,0.0,0.0
2026-07-14 04:50:00-04:00,29583.25,29593.5,29572.25,29590.0,314,0.0,0.0
2026-07-14 04:55:00-04:00,29593.25,29595.0,29570.75,29573.0,217,0.0,0.0
2026-07-14 05:00:00-04:00,29573.0,29600.5,29557.75,29599.0,409,0.0,0.0
2026-07-14 05:05:00-04:00,29599.75,29611.0,29584.5,29609.25,369,0.0,0.0
2026-07-14 05:10:00-04:00,29609.25,29626.5,29600.0,29624.5,421,0.0,0.0
2026-07-14 05:15:00-04:00,29623.5,29629.5,29592.0,29603.25,478,0.0,0.0
2026-07-14 05:20:00-04:00,29605.25,29607.5,29585.5,29591.0,296,0.0,0.0
2026-07-14 05:25:00-04:00,29591.25,29595.75,29572.25,29574.75,322,0.0,0.0
2026-07-14 05:30:00-04:00,29573.5,29591.0,29573.25,29585.0,248,0.0,0.0
2026-07-14 05:35:00-04:00,29585.5,29595.5,29584.0,29595.25,133,0.0,0.0
2026-07-14 05:40:00-04:00,29593.75,29609.75,29592.0,29599.5,408,0.0,0.0
2026-07-14 05:45:00-04:00,29598.5,29623.5,29598.0,29623.0,253,0.0,0.0
2026-07-14 05:50:00-04:00,29621.75,29623.75,29601.0,29608.0,280,0.0,0.0
2026-07-14 05:55:00-04:00,29609.0,29609.75,29596.75,29602.25,134,0.0,0.0
2026-07-14 06:00:00-04:00,29603.25,29610.5,29594.75,29608.75,151,0.0,0.0
2026-07-14 06:05:00-04:00,29610.5,29615.5,29599.0,29613.25,150,0.0,0.0
2026-07-14 06:10:00-04:00,29612.5,29620.25,29597.25,29605.0,197,0.0,0.0
2026-07-14 06:15:00-04:00,29607.25,29608.5,29592.25,29599.0,170,0.0,0.0
2026-07-14 06:20:00-04:00,29598.5,29600.0,29590.0,29597.5,104,0.0,0.0
2026-07-14 06:25:00-04:00,29597.25,29599.25,29585.5,29598.75,145,0.0,0.0
2026-07-14 06:30:00-04:00,29595.75,29609.0,29578.75,29591.75,402,0.0,0.0
2026-07-14 06:35:00-04:00,29589.0,29633.0,29588.0,29615.0,563,0.0,0.0
2026-07-14 06:40:00-04:00,29615.5,29615.5,29595.0,29607.25,362,0.0,0.0
2026-07-14 06:45:00-04:00,29603.25,29616.0,29601.0,29614.25,186,0.0,0.0
2026-07-14 06:50:00-04:00,29611.0,29620.5,29600.0,29602.75,292,0.0,0.0
2026-07-14 06:55:00-04:00,29600.5,29608.5,29589.25,29607.25,222,0.0,0.0
2026-07-14 07:00:00-04:00,29606.75,29621.25,29561.0,29572.75,1906,0.0,0.0
2026-07-14 07:05:00-04:00,29571.75,29596.75,29563.75,29573.75,800,0.0,0.0
2026-07-14 07:10:00-04:00,29573.5,29608.5,29555.0,29608.0,1004,0.0,0.0
2026-07-14 07:15:00-04:00,29607.25,29635.25,29605.5,29635.25,1173,0.0,0.0
2026-07-14 07:20:00-04:00,29633.75,29665.0,29627.0,29655.25,1327,0.0,0.0
2026-07-14 07:25:00-04:00,29655.5,29670.5,29640.5,29640.5,1214,0.0,0.0
2026-07-14 07:30:00-04:00,29640.75,29668.25,29631.75,29633.75,690,0.0,0.0
2026-07-14 07:35:00-04:00,29635.25,29641.0,29616.75,29626.75,632,0.0,0.0
2026-07-14 07:40:00-04:00,29627.5,29633.5,29613.75,29620.5,488,0.0,0.0
2026-07-14 07:45:00-04:00,29619.0,29656.5,29617.75,29642.25,685,0.0,0.0
2026-07-14 07:50:00-04:00,29642.25,29658.5,29638.25,29645.5,467,0.0,0.0
2026-07-14 07:55:00-04:00,29644.75,29654.0,29627.0,29632.0,411,0.0,0.0
2026-07-14 08:00:00-04:00,29635.0,29637.75,29597.5,29599.75,881,0.0,0.0
2026-07-14 08:05:00-04:00,29599.75,29601.0,29582.5,29587.75,717,0.0,0.0
2026-07-14 08:10:00-04:00,29590.0,29594.5,29570.0,29590.25,707,0.0,0.0
2026-07-14 08:15:00-04:00,29591.75,29618.0,29577.5,29608.75,905,0.0,0.0
2026-07-14 08:20:00-04:00,29608.5,29652.75,29596.75,29651.0,981,0.0,0.0
2026-07-14 08:25:00-04:00,29650.5,29694.0,29650.0,29694.0,1937,0.0,0.0
2026-07-14 08:30:00-04:00,29694.0,29921.75,29677.0,29897.25,9903,0.0,0.0
2026-07-14 08:35:00-04:00,29896.25,29896.25,29805.0,29831.5,5012,0.0,0.0
2026-07-14 08:40:00-04:00,29830.0,29849.5,29805.0,29821.5,2477,0.0,0.0
2026-07-14 08:45:00-04:00,29822.75,29838.75,29786.25,29804.5,2102,0.0,0.0
2026-07-14 08:50:00-04:00,29803.75,29804.5,29762.0,29773.25,2432,0.0,0.0
2026-07-14 08:55:00-04:00,29775.0,29788.25,29754.0,29772.5,1809,0.0,0.0
2026-07-14 09:00:00-04:00,29773.75,29795.75,29764.5,29775.25,1712,0.0,0.0
2026-07-14 09:05:00-04:00,29777.25,29809.0,29771.5,29790.75,1597,0.0,0.0
2026-07-14 09:10:00-04:00,29789.75,29800.75,29771.75,29782.25,1202,0.0,0.0
2026-07-14 09:15:00-04:00,29782.75,29786.25,29755.5,29756.5,1346,0.0,0.0
2026-07-14 09:20:00-04:00,29756.5,29798.5,29742.5,29795.5,2067,0.0,0.0
2026-07-14 09:25:00-04:00,29796.25,29832.0,29794.5,29811.75,3571,0.0,0.0
2026-07-14 09:30:00-04:00,29811.0,29815.75,29689.75,29694.5,11319,0.0,0.0
2026-07-14 09:35:00-04:00,29693.0,29798.0,29685.0,29770.0,8893,0.0,0.0
2026-07-14 09:40:00-04:00,29769.75,29781.0,29701.0,29754.25,7558,0.0,0.0
2026-07-14 09:45:00-04:00,29752.75,29808.5,29725.0,29765.0,7681,0.0,0.0
2026-07-14 09:50:00-04:00,29765.25,29799.5,29714.0,29757.75,6283,0.0,0.0
2026-07-14 09:55:00-04:00,29757.25,29795.75,29738.5,29781.25,3705,0.0,0.0
2026-07-14 10:00:00-04:00,29780.25,29804.75,29688.75,29692.0,8122,0.0,0.0
2026-07-14 10:05:00-04:00,29693.75,29704.25,29637.0,29665.25,7779,0.0,0.0
2026-07-14 10:10:00-04:00,29667.25,29690.5,29639.25,29665.25,5696,0.0,0.0
2026-07-14 10:15:00-04:00,29662.75,29663.75,29567.5,29630.0,10004,0.0,0.0
2026-07-14 10:20:00-04:00,29630.5,29715.0,29626.5,29659.75,6824,0.0,0.0
2026-07-14 10:25:00-04:00,29659.0,29733.0,29638.25,29684.5,5615,0.0,0.0
2026-07-14 10:30:00-04:00,29683.75,29839.75,29658.25,29770.0,9900,0.0,0.0
2026-07-14 10:35:00-04:00,29769.0,29800.0,29751.0,29784.75,6016,0.0,0.0
2026-07-14 10:40:00-04:00,29786.0,29801.5,29715.75,29728.0,4559,0.0,0.0
2026-07-14 10:45:00-04:00,29728.75,29745.5,29676.75,29686.5,4673,0.0,0.0
2026-07-14 10:50:00-04:00,29686.5,29758.75,29659.5,29758.75,4476,0.0,0.0
2026-07-14 10:55:00-04:00,29757.75,29784.5,29752.0,29772.5,3667,0.0,0.0
2026-07-14 11:00:00-04:00,29773.5,29844.0,29753.75,29804.5,8477,0.0,0.0
2026-07-14 11:05:00-04:00,29805.5,29864.0,29794.5,29855.5,5715,0.0,0.0
2026-07-14 11:10:00-04:00,29857.5,29865.5,29839.0,29848.75,4178,0.0,0.0
2026-07-14 11:15:00-04:00,29847.5,29867.25,29825.25,29848.0,4049,0.0,0.0
2026-07-14 11:20:00-04:00,29847.0,29880.5,29832.5,29875.25,4454,0.0,0.0
2026-07-14 11:25:00-04:00,29875.0,29889.0,29859.25,29884.5,3892,0.0,0.0
2026-07-14 11:30:00-04:00,29885.0,29895.75,29836.0,29845.0,5756,0.0,0.0
2026-07-14 11:35:00-04:00,29845.0,29866.0,29825.75,29859.75,3480,0.0,0.0
2026-07-14 11:40:00-04:00,29859.25,29859.25,29799.0,29835.75,4351,0.0,0.0
2026-07-14 11:45:00-04:00,29834.0,29852.0,29827.0,29827.75,2591,0.0,0.0
2026-07-14 11:50:00-04:00,29828.75,29835.75,29768.75,29775.5,4368,0.0,0.0
2026-07-14 11:55:00-04:00,29775.5,29798.25,29760.0,29785.5,3599,0.0,0.0
2026-07-14 12:00:00-04:00,29786.0,29791.25,29716.25,29734.0,4929,0.0,0.0
2026-07-14 12:05:00-04:00,29734.25,29762.25,29711.0,29746.5,4421,0.0,0.0
2026-07-14 12:10:00-04:00,29748.25,29756.0,29721.75,29738.0,2691,0.0,0.0
2026-07-14 12:15:00-04:00,29739.75,29749.5,29704.5,29748.75,3894,0.0,0.0
2026-07-14 12:20:00-04:00,29748.75,29760.5,29725.0,29755.75,2702,0.0,0.0
2026-07-14 12:25:00-04:00,29756.5,29784.0,29755.5,29779.25,2420,0.0,0.0
2026-07-14 12:30:00-04:00,29778.5,29790.75,29750.25,29784.75,3337,0.0,0.0
2026-07-14 12:35:00-04:00,29785.5,29796.25,29768.0,29787.5,2286,0.0,0.0
2026-07-14 12:40:00-04:00,29787.0,29824.25,29780.75,29809.5,2582,0.0,0.0
2026-07-14 12:45:00-04:00,29809.75,29830.0,29783.5,29809.75,3158,0.0,0.0
2026-07-14 12:50:00-04:00,29809.25,29821.0,29803.0,29807.5,1885,0.0,0.0
2026-07-14 12:55:00-04:00,29808.5,29826.75,29808.5,29826.75,1828,0.0,0.0
2026-07-14 13:00:00-04:00,29826.75,29838.0,29818.0,29821.0,2904,0.0,0.0
2026-07-14 13:05:00-04:00,29821.5,29847.25,29814.5,29844.5,2022,0.0,0.0
2026-07-14 13:10:00-04:00,29844.0,29851.0,29821.25,29822.5,2199,0.0,0.0
2026-07-14 13:15:00-04:00,29822.25,29836.25,29807.0,29835.0,2745,0.0,0.0
2026-07-14 13:20:00-04:00,29835.0,29864.0,29834.75,29858.0,2850,0.0,0.0
2026-07-14 13:25:00-04:00,29857.75,29867.0,29845.0,29850.0,1846,0.0,0.0
2026-07-14 13:30:00-04:00,29849.5,29861.5,29830.25,29831.0,1873,0.0,0.0
2026-07-14 13:35:00-04:00,29831.5,29854.0,29818.75,29851.75,1705,0.0,0.0
2026-07-14 13:40:00-04:00,29851.5,29858.5,29837.25,29846.0,1419,0.0,0.0
2026-07-14 13:45:00-04:00,29846.0,29858.5,29829.0,29850.0,1673,0.0,0.0
2026-07-14 13:50:00-04:00,29849.25,29864.25,29848.5,29860.5,1554,0.0,0.0
2026-07-14 13:55:00-04:00,29860.5,29865.5,29853.5,29863.25,1448,0.0,0.0
2026-07-14 14:00:00-04:00,29863.0,29870.0,29842.5,29866.75,2051,0.0,0.0
2026-07-14 14:05:00-04:00,29865.75,29868.0,29844.5,29863.75,1905,0.0,0.0
2026-07-14 14:10:00-04:00,29864.0,29871.75,29859.0,29869.25,1415,0.0,0.0
2026-07-14 14:15:00-04:00,29868.75,29878.25,29860.75,29866.25,1539,0.0,0.0
2026-07-14 14:20:00-04:00,29866.25,29870.5,29851.25,29855.5,1325,0.0,0.0
2026-07-14 14:25:00-04:00,29854.75,29866.25,29847.5,29853.75,1474,0.0,0.0
2026-07-14 14:30:00-04:00,29854.0,29864.25,29844.5,29862.5,1640,0.0,0.0
2026-07-14 14:35:00-04:00,29862.75,29869.5,29836.0,29848.75,2558,0.0,0.0
2026-07-14 14:40:00-04:00,29849.0,29849.0,29810.5,29824.75,3694,0.0,0.0
2026-07-14 14:45:00-04:00,29825.75,29837.75,29814.75,29816.5,1784,0.0,0.0
2026-07-14 14:50:00-04:00,29817.0,29843.5,29813.0,29836.25,2050,0.0,0.0
2026-07-14 14:55:00-04:00,29836.0,29836.25,29819.25,29824.0,1462,0.0,0.0
2026-07-14 15:00:00-04:00,29824.5,29832.5,29793.0,29798.25,2744,0.0,0.0
2026-07-14 15:05:00-04:00,29798.0,29803.75,29780.0,29788.75,2518,0.0,0.0
2026-07-14 15:10:00-04:00,29789.25,29824.25,29784.5,29816.0,2822,0.0,0.0
2026-07-14 15:15:00-04:00,29816.0,29827.75,29808.75,29819.75,2365,0.0,0.0
2026-07-14 15:20:00-04:00,29820.5,29837.75,29811.25,29835.0,2082,0.0,0.0
2026-07-14 15:25:00-04:00,29835.0,29835.5,29796.5,29796.75,2202,0.0,0.0
2026-07-14 15:30:00-04:00,29797.25,29803.75,29771.0,29800.75,4524,0.0,0.0
2026-07-14 15:35:00-04:00,29799.75,29810.0,29787.0,29791.5,1970,0.0,0.0
2026-07-14 15:40:00-04:00,29791.25,29817.25,29788.5,29811.5,2075,0.0,0.0
2026-07-14 15:45:00-04:00,29811.25,29824.0,29807.25,29820.5,2040,0.0,0.0
2026-07-14 15:50:00-04:00,29820.5,29836.0,29798.25,29803.75,5302,0.0,0.0
2026-07-14 15:55:00-04:00,29804.75,29818.25,29779.0,29786.75,10760,0.0,0.0
2026-07-14 16:00:00-04:00,29786.5,29799.5,29772.5,29776.75,5360,0.0,0.0
2026-07-14 16:05:00-04:00,29776.0,29810.0,29773.75,29789.75,2504,0.0,0.0
2026-07-14 16:10:00-04:00,29789.25,29792.5,29777.5,29788.25,1321,0.0,0.0
2026-07-14 16:15:00-04:00,29787.5,29792.25,29784.75,29787.75,491,0.0,0.0
2026-07-14 16:20:00-04:00,29788.0,29788.0,29768.25,29775.75,620,0.0,0.0
2026-07-14 16:25:00-04:00,29776.0,29781.25,29767.75,29775.0,482,0.0,0.0
2026-07-14 16:30:00-04:00,29774.5,29785.0,29772.75,29783.75,668,0.0,0.0
2026-07-14 16:35:00-04:00,29784.75,29799.25,29784.5,29797.25,591,0.0,0.0
2026-07-14 16:40:00-04:00,29797.25,29799.0,29793.25,29796.0,316,0.0,0.0
2026-07-14 16:45:00-04:00,29796.25,29801.5,29795.5,29798.0,176,0.0,0.0
2026-07-14 16:50:00-04:00,29786.5,29797.5,29786.5,29796.5,537,0.0,0.0
2026-07-14 16:55:00-04:00,29796.0,29801.25,29791.75,29793.5,395,0.0,0.0
2026-07-14 18:00:00-04:00,29805.0,29806.25,29779.25,29787.5,0,0.0,0.0
2026-07-14 18:05:00-04:00,29785.5,29792.5,29768.0,29772.75,414,0.0,0.0
2026-07-14 18:10:00-04:00,29772.25,29780.0,29745.5,29753.0,658,0.0,0.0
2026-07-14 18:15:00-04:00,29755.75,29775.5,29752.0,29774.75,405,0.0,0.0
2026-07-14 18:20:00-04:00,29774.75,29797.25,29771.25,29790.0,477,0.0,0.0
2026-07-14 18:25:00-04:00,29792.0,29794.5,29785.0,29786.25,201,0.0,0.0
2026-07-14 18:30:00-04:00,29788.5,29796.0,29783.25,29784.75,259,0.0,0.0
2026-07-14 18:35:00-04:00,29784.25,29789.25,29782.5,29785.25,126,0.0,0.0
2026-07-14 18:40:00-04:00,29785.0,29787.0,29774.75,29779.75,316,0.0,0.0
2026-07-14 18:45:00-04:00,29779.75,29783.25,29775.25,29776.25,169,0.0,0.0
2026-07-14 18:50:00-04:00,29777.0,29780.5,29765.0,29768.0,407,0.0,0.0
2026-07-14 18:55:00-04:00,29767.75,29778.5,29764.25,29773.25,278,0.0,0.0
2026-07-14 19:00:00-04:00,29772.75,29778.0,29758.0,29775.75,457,0.0,0.0
2026-07-14 19:05:00-04:00,29778.5,29791.75,29777.75,29784.5,386,0.0,0.0
2026-07-14 19:10:00-04:00,29783.0,29799.75,29782.25,29794.75,269,0.0,0.0
2026-07-14 19:15:00-04:00,29793.75,29798.75,29785.0,29792.5,258,0.0,0.0
2026-07-14 19:20:00-04:00,29790.75,29806.0,29787.5,29803.5,357,0.0,0.0
2026-07-14 19:25:00-04:00,29803.25,29873.0,29800.75,29866.75,1413,0.0,0.0
2026-07-14 19:30:00-04:00,29866.25,29881.5,29862.0,29866.75,525,0.0,0.0
2026-07-14 19:35:00-04:00,29866.25,29872.5,29862.0,29864.5,210,0.0,0.0
2026-07-14 19:40:00-04:00,29865.75,29875.75,29847.5,29849.25,520,0.0,0.0
2026-07-14 19:45:00-04:00,29848.5,29876.0,29844.5,29875.25,414,0.0,0.0
2026-07-14 19:50:00-04:00,29872.5,29894.0,29864.0,29890.75,612,0.0,0.0
2026-07-14 19:55:00-04:00,29890.25,29900.0,29876.0,29889.25,613,0.0,0.0
2026-07-14 20:00:00-04:00,29889.0,29897.0,29855.0,29863.5,831,0.0,0.0
2026-07-14 20:05:00-04:00,29863.5,29870.75,29837.5,29868.0,694,0.0,0.0
2026-07-14 20:10:00-04:00,29867.25,29902.75,29863.75,29893.0,948,0.0,0.0
2026-07-14 20:15:00-04:00,29888.75,29909.25,29882.0,29898.5,707,0.0,0.0
2026-07-14 20:20:00-04:00,29898.5,29938.0,29898.5,29911.5,1044,0.0,0.0
2026-07-14 20:25:00-04:00,29910.25,29921.0,29905.25,29918.0,358,0.0,0.0
2026-07-14 20:30:00-04:00,29920.25,29928.5,29897.0,29898.25,597,0.0,0.0
2026-07-14 20:35:00-04:00,29898.75,29900.25,29868.0,29888.75,734,0.0,0.0
2026-07-14 20:40:00-04:00,29889.0,29898.5,29841.0,29858.25,985,0.0,0.0
2026-07-14 20:45:00-04:00,29858.25,29891.0,29849.0,29883.0,672,0.0,0.0
2026-07-14 20:50:00-04:00,29880.75,29911.5,29880.25,29903.5,457,0.0,0.0
2026-07-14 20:55:00-04:00,29907.0,29929.5,29902.25,29918.0,467,0.0,0.0
2026-07-14 21:00:00-04:00,29920.0,29927.0,29864.25,29886.0,786,0.0,0.0
2026-07-14 21:05:00-04:00,29887.75,29893.25,29862.75,29877.0,604,0.0,0.0
2026-07-14 21:10:00-04:00,29878.75,29889.25,29860.0,29886.25,504,0.0,0.0
2026-07-14 21:15:00-04:00,29885.0,29918.25,29885.0,29907.0,513,0.0,0.0
2026-07-14 21:20:00-04:00,29909.0,29922.5,29896.25,29911.25,385,0.0,0.0
2026-07-14 21:25:00-04:00,29909.75,29942.75,29907.5,29922.75,708,0.0,0.0
2026-07-14 21:30:00-04:00,29924.25,29933.75,29914.0,29920.0,496,0.0,0.0
2026-07-14 21:35:00-04:00,29920.25,29944.0,29911.0,29939.25,531,0.0,0.0
2026-07-14 21:40:00-04:00,29938.25,29938.25,29891.5,29892.75,610,0.0,0.0
2026-07-14 21:45:00-04:00,29894.25,29923.25,29891.75,29918.5,428,0.0,0.0
2026-07-14 21:50:00-04:00,29920.5,29937.25,29911.75,29935.0,370,0.0,0.0
2026-07-14 21:55:00-04:00,29934.75,29959.25,29934.25,29957.25,679,0.0,0.0
2026-07-14 22:00:00-04:00,29958.75,29961.0,29949.25,29960.0,374,0.0,0.0
2026-07-14 22:05:00-04:00,29960.0,29974.0,29953.0,29966.0,505,0.0,0.0
2026-07-14 22:10:00-04:00,29965.75,29981.0,29958.5,29963.5,601,0.0,0.0
2026-07-14 22:15:00-04:00,29966.5,29981.75,29959.5,29972.5,500,0.0,0.0
2026-07-14 22:20:00-04:00,29972.25,29979.5,29959.75,29961.5,419,0.0,0.0
2026-07-14 22:25:00-04:00,29960.75,29973.5,29958.5,29966.75,381,0.0,0.0
2026-07-14 22:30:00-04:00,29970.0,29981.5,29966.5,29973.5,350,0.0,0.0
2026-07-14 22:35:00-04:00,29973.75,29985.5,29970.0,29981.5,370,0.0,0.0
2026-07-14 22:40:00-04:00,29981.75,29985.75,29978.25,29983.0,222,0.0,0.0
2026-07-14 22:45:00-04:00,29984.0,29987.25,29976.75,29978.0,208,0.0,0.0
2026-07-14 22:50:00-04:00,29978.5,29979.5,29964.0,29968.25,298,0.0,0.0
2026-07-14 22:55:00-04:00,29969.0,29978.25,29959.0,29960.75,407,0.0,0.0
2026-07-14 23:00:00-04:00,29961.0,29967.75,29956.0,29964.0,329,0.0,0.0
2026-07-14 23:05:00-04:00,29961.5,29964.0,29953.5,29957.5,246,0.0,0.0
2026-07-14 23:10:00-04:00,29958.75,29960.25,29947.25,29960.0,427,0.0,0.0
2026-07-14 23:15:00-04:00,29959.5,29981.0,29955.0,29977.5,603,0.0,0.0
2026-07-14 23:20:00-04:00,29979.25,29980.5,29968.0,29969.25,237,0.0,0.0
2026-07-14 23:25:00-04:00,29969.5,29985.0,29969.25,29978.5,259,0.0,0.0
2026-07-14 23:30:00-04:00,29979.0,29997.25,29977.25,29996.25,620,0.0,0.0
2026-07-14 23:35:00-04:00,29995.0,29998.5,29991.25,29992.75,262,0.0,0.0
2026-07-14 23:40:00-04:00,29990.75,30002.0,29987.0,29987.25,353,0.0,0.0
2026-07-14 23:45:00-04:00,29987.75,30008.0,29986.0,30006.75,240,0.0,0.0
2026-07-14 23:50:00-04:00,30008.5,30018.0,30008.5,30014.25,409,0.0,0.0
2026-07-14 23:55:00-04:00,30015.5,30019.25,30010.25,30014.0,130,0.0,0.0
2026-07-15 00:05:00-04:00,30000.25,30002.0,29995.75,29997.75,570,0.0,0.0
2026-07-15 00:10:00-04:00,29997.75,30006.75,29997.0,30000.25,235,0.0,0.0
2026-07-15 00:15:00-04:00,30000.25,30009.75,29997.25,30008.5,156,0.0,0.0
2026-07-15 00:20:00-04:00,30008.0,30013.0,30002.75,30009.5,161,0.0,0.0
2026-07-15 00:25:00-04:00,30010.25,30010.75,29989.25,29990.25,303,0.0,0.0
2026-07-15 00:30:00-04:00,29990.75,29998.25,29983.25,29988.5,413,0.0,0.0
2026-07-15 00:35:00-04:00,29988.25,30007.75,29988.25,30006.0,270,0.0,0.0
2026-07-15 00:40:00-04:00,30005.0,30011.5,30002.0,30005.0,285,0.0,0.0
2026-07-15 00:45:00-04:00,30006.0,30013.5,30003.75,30005.5,172,0.0,0.0
2026-07-15 00:50:00-04:00,30004.5,30018.0,30004.5,30011.75,195,0.0,0.0
2026-07-15 00:55:00-04:00,30011.0,30025.0,30006.75,30021.75,423,0.0,0.0
2026-07-15 01:00:00-04:00,30022.5,30058.25,30001.25,30014.5,2523,0.0,0.0
2026-07-15 01:05:00-04:00,30015.5,30023.75,29992.5,30022.75,775,0.0,0.0
2026-07-15 01:10:00-04:00,30023.75,30025.75,29995.0,29999.25,725,0.0,0.0
2026-07-15 01:15:00-04:00,30000.0,30023.25,29995.5,30019.0,274,0.0,0.0
2026-07-15 01:20:00-04:00,30018.5,30025.0,29997.5,29998.5,335,0.0,0.0
2026-07-15 01:25:00-04:00,29998.0,29998.0,29976.75,29981.75,678,0.0,0.0
2026-07-15 01:30:00-04:00,29980.75,29994.25,29967.75,29992.25,615,0.0,0.0
2026-07-15 01:35:00-04:00,29991.75,30009.5,29988.75,30008.5,582,0.0,0.0
2026-07-15 01:40:00-04:00,30009.25,30009.25,29988.0,29992.25,368,0.0,0.0
2026-07-15 01:45:00-04:00,29990.5,30007.0,29984.25,30000.75,329,0.0,0.0
2026-07-15 01:50:00-04:00,30000.25,30012.0,29990.75,30010.25,316,0.0,0.0
2026-07-15 01:55:00-04:00,30009.0,30032.0,30009.0,30032.0,538,0.0,0.0
2026-07-15 02:00:00-04:00,30031.75,30049.25,30031.25,30049.0,862,0.0,0.0
2026-07-15 02:05:00-04:00,30049.0,30050.0,30033.0,30038.0,691,0.0,0.0
2026-07-15 02:10:00-04:00,30040.5,30044.75,30027.75,30042.5,318,0.0,0.0
2026-07-15 02:15:00-04:00,30040.5,30041.0,30026.5,30036.5,302,0.0,0.0
2026-07-15 02:20:00-04:00,30038.75,30038.75,30023.0,30034.0,166,0.0,0.0
2026-07-15 02:25:00-04:00,30036.25,30045.25,30031.75,30039.25,271,0.0,0.0
2026-07-15 02:30:00-04:00,30041.75,30045.25,30009.75,30024.25,698,0.0,0.0
2026-07-15 02:35:00-04:00,30024.5,30031.0,30018.25,30019.25,165,0.0,0.0
2026-07-15 02:40:00-04:00,30019.75,30025.75,30014.75,30018.75,214,0.0,0.0
2026-07-15 02:45:00-04:00,30018.5,30026.5,30017.5,30022.25,277,0.0,0.0
2026-07-15 02:50:00-04:00,30024.5,30032.0,30015.25,30029.0,251,0.0,0.0
2026-07-15 02:55:00-04:00,30028.75,30038.0,30012.25,30030.0,751,0.0,0.0
2026-07-15 03:00:00-04:00,30030.5,30052.25,30007.5,30046.5,770,0.0,0.0
2026-07-15 03:05:00-04:00,30046.5,30062.5,30036.25,30042.25,774,0.0,0.0
2026-07-15 03:10:00-04:00,30043.0,30049.25,30033.75,30036.25,533,0.0,0.0
2026-07-15 03:15:00-04:00,30035.75,30035.75,30015.0,30019.25,706,0.0,0.0
2026-07-15 03:20:00-04:00,30019.25,30019.25,29987.5,29989.5,476,0.0,0.0
2026-07-15 03:25:00-04:00,29989.5,29989.5,29928.0,29969.0,1689,0.0,0.0
2026-07-15 03:30:00-04:00,29968.0,29970.25,29945.25,29960.25,809,0.0,0.0
2026-07-15 03:35:00-04:00,29960.25,29980.5,29960.25,29977.5,676,0.0,0.0
2026-07-15 03:40:00-04:00,29976.5,29989.75,29973.0,29979.0,526,0.0,0.0
2026-07-15 03:45:00-04:00,29979.0,29997.25,29971.0,29992.0,363,0.0,0.0
2026-07-15 03:50:00-04:00,29991.75,30005.25,29989.25,29991.25,370,0.0,0.0
2026-07-15 03:55:00-04:00,29991.25,29998.0,29984.75,29996.25,294,0.0,0.0
2026-07-15 04:00:00-04:00,29997.25,29998.75,29917.0,29931.5,1217,0.0,0.0
2026-07-15 04:05:00-04:00,29933.0,29940.0,29919.75,29927.25,611,0.0,0.0
2026-07-15 04:10:00-04:00,29927.25,29932.75,29909.0,29918.25,819,0.0,0.0
2026-07-15 04:15:00-04:00,29918.25,29924.75,29897.0,29909.5,717,0.0,0.0
2026-07-15 04:20:00-04:00,29908.5,29914.75,29872.0,29885.75,667,0.0,0.0
2026-07-15 04:25:00-04:00,29885.5,29913.5,29881.75,29913.5,541,0.0,0.0
2026-07-15 04:30:00-04:00,29912.75,29920.0,29901.0,29909.75,381,0.0,0.0
2026-07-15 04:35:00-04:00,29909.25,29918.0,29897.75,29916.75,265,0.0,0.0
2026-07-15 04:40:00-04:00,29915.75,29926.25,29902.25,29925.5,598,0.0,0.0
2026-07-15 04:45:00-04:00,29925.0,29943.5,29924.75,29929.0,465,0.0,0.0
2026-07-15 04:50:00-04:00,29928.0,29930.0,29911.75,29916.25,303,0.0,0.0
2026-07-15 04:55:00-04:00,29916.75,29940.25,29913.75,29936.5,240,0.0,0.0
2026-07-15 05:00:00-04:00,29937.75,29951.75,29937.75,29951.5,298,0.0,0.0
2026-07-15 05:05:00-04:00,29951.0,29954.75,29943.5,29953.75,324,0.0,0.0
2026-07-15 05:10:00-04:00,29955.25,29958.0,29943.25,29954.0,188,0.0,0.0
2026-07-15 05:15:00-04:00,29953.25,29958.25,29943.25,29953.75,235,0.0,0.0
2026-07-15 05:20:00-04:00,29953.25,29963.5,29952.0,29959.0,170,0.0,0.0
2026-07-15 05:25:00-04:00,29956.75,29959.25,29946.25,29950.25,154,0.0,0.0
2026-07-15 05:30:00-04:00,29947.75,29950.5,29934.0,29935.75,267,0.0,0.0
2026-07-15 05:35:00-04:00,29935.75,29949.25,29928.25,29939.0,262,0.0,0.0
2026-07-15 05:40:00-04:00,29939.0,29959.75,29937.0,29951.0,223,0.0,0.0
2026-07-15 05:45:00-04:00,29952.0,29952.0,29929.0,29935.25,195,0.0,0.0
2026-07-15 05:50:00-04:00,29933.0,29946.0,29921.25,29930.5,241,0.0,0.0
2026-07-15 05:55:00-04:00,29930.5,29931.0,29914.25,29924.75,228,0.0,0.0
2026-07-15 06:00:00-04:00,29926.0,29932.0,29916.25,29928.0,222,0.0,0.0
2026-07-15 06:05:00-04:00,29926.5,29933.75,29924.5,29927.0,130,0.0,0.0
2026-07-15 06:10:00-04:00,29927.75,29944.0,29925.0,29942.25,168,0.0,0.0
2026-07-15 06:15:00-04:00,29942.25,29947.25,29930.25,29932.25,156,0.0,0.0
2026-07-15 06:20:00-04:00,29931.5,29940.75,29901.0,29904.75,655,0.0,0.0
2026-07-15 06:25:00-04:00,29904.25,29909.25,29886.0,29896.0,472,0.0,0.0
2026-07-15 06:30:00-04:00,29897.75,29907.0,29890.0,29899.25,388,0.0,0.0
2026-07-15 06:35:00-04:00,29901.0,29921.25,29898.0,29916.5,310,0.0,0.0
2026-07-15 06:40:00-04:00,29914.75,29915.0,29899.5,29901.75,228,0.0,0.0
2026-07-15 06:45:00-04:00,29902.0,29918.5,29899.75,29918.0,175,0.0,0.0
2026-07-15 06:50:00-04:00,29916.5,29923.75,29912.75,29923.75,159,0.0,0.0
2026-07-15 06:55:00-04:00,29921.75,29934.25,29921.0,29927.25,352,0.0,0.0
2026-07-15 07:00:00-04:00,29926.0,29953.0,29924.5,29939.5,475,0.0,0.0
2026-07-15 07:05:00-04:00,29940.75,29942.0,29919.5,29935.75,310,0.0,0.0
2026-07-15 07:10:00-04:00,29936.0,29940.75,29923.75,29925.0,222,0.0,0.0
2026-07-15 07:15:00-04:00,29925.25,29942.5,29920.75,29926.0,307,0.0,0.0
2026-07-15 07:20:00-04:00,29925.0,29936.75,29924.5,29926.5,218,0.0,0.0
2026-07-15 07:25:00-04:00,29925.5,29932.0,29915.25,29921.5,221,0.0,0.0
2026-07-15 07:30:00-04:00,29922.75,29932.0,29911.5,29930.25,274,0.0,0.0
2026-07-15 07:35:00-04:00,29930.25,29938.5,29923.25,29932.0,238,0.0,0.0
2026-07-15 07:40:00-04:00,29934.0,29942.0,29924.0,29928.25,231,0.0,0.0
2026-07-15 07:45:00-04:00,29928.0,29928.0,29906.75,29910.75,393,0.0,0.0
2026-07-15 07:50:00-04:00,29910.75,29925.5,29904.5,29910.5,384,0.0,0.0
2026-07-15 07:55:00-04:00,29910.5,29926.0,29909.25,29912.5,263,0.0,0.0
2026-07-15 08:00:00-04:00,29914.5,29919.5,29901.0,29902.75,372,0.0,0.0
2026-07-15 08:05:00-04:00,29901.5,29901.75,29876.5,29891.0,621,0.0,0.0
2026-07-15 08:10:00-04:00,29890.25,29892.75,29873.75,29881.0,430,0.0,0.0
2026-07-15 08:15:00-04:00,29882.25,29892.75,29880.0,29880.0,304,0.0,0.0
2026-07-15 08:20:00-04:00,29882.0,29882.75,29856.5,29866.5,625,0.0,0.0
2026-07-15 08:25:00-04:00,29866.5,29884.5,29856.25,29875.5,548,0.0,0.0
2026-07-15 08:30:00-04:00,29875.25,29951.0,29856.5,29943.25,3136,0.0,0.0
2026-07-15 08:35:00-04:00,29941.75,29960.5,29932.5,29935.75,1431,0.0,0.0
2026-07-15 08:40:00-04:00,29937.0,29973.75,29924.5,29951.5,2090,0.0,0.0
2026-07-15 08:45:00-04:00,29952.0,29978.25,29941.75,29974.75,1104,0.0,0.0
2026-07-15 08:50:00-04:00,29974.0,29989.75,29971.5,29986.0,1102,0.0,0.0
2026-07-15 08:55:00-04:00,29984.75,29995.25,29978.25,29980.0,1558,0.0,0.0
2026-07-15 09:00:00-04:00,29980.0,29991.25,29976.25,29987.25,822,0.0,0.0
2026-07-15 09:05:00-04:00,29988.25,29999.75,29966.25,29971.25,1053,0.0,0.0
2026-07-15 09:10:00-04:00,29970.75,29973.0,29939.25,29946.5,1397,0.0,0.0
2026-07-15 09:15:00-04:00,29948.0,29958.0,29942.75,29956.0,767,0.0,0.0
2026-07-15 09:20:00-04:00,29955.0,29955.25,29939.75,29949.25,978,0.0,0.0
2026-07-15 09:25:00-04:00,29949.75,29966.75,29936.25,29954.75,2003,0.0,0.0
2026-07-15 09:30:00-04:00,29955.25,29977.5,29912.5,29953.0,10316,0.0,0.0
2026-07-15 09:35:00-04:00,29953.25,29966.5,29852.0,29882.25,10290,0.0,0.0
2026-07-15 09:40:00-04:00,29883.25,29884.5,29831.0,29833.75,7420,0.0,0.0
2026-07-15 09:45:00-04:00,29833.25,29847.25,29775.25,29784.75,10406,0.0,0.0
2026-07-15 09:50:00-04:00,29785.0,29801.75,29754.5,29798.5,8900,0.0,0.0
2026-07-15 09:55:00-04:00,29798.0,29824.25,29779.5,29822.5,8315,0.0,0.0
2026-07-15 10:00:00-04:00,29823.5,29871.75,29822.25,29844.25,7002,0.0,0.0
2026-07-15 10:05:00-04:00,29844.5,29892.5,29826.25,29861.0,5892,0.0,0.0
2026-07-15 10:10:00-04:00,29860.75,29873.75,29806.0,29806.5,5498,0.0,0.0
2026-07-15 10:15:00-04:00,29806.5,29830.75,29787.5,29799.0,6160,0.0,0.0
2026-07-15 10:20:00-04:00,29800.0,29803.25,29655.25,29673.5,12352,0.0,0.0
2026-07-15 10:25:00-04:00,29672.75,29728.5,29639.25,29724.0,9768,0.0,0.0
2026-07-15 10:30:00-04:00,29723.75,29736.75,29646.0,29689.5,8282,0.0,0.0
2026-07-15 10:35:00-04:00,29691.0,29701.75,29587.0,29602.75,8989,0.0,0.0
2026-07-15 10:40:00-04:00,29602.75,29624.25,29536.75,29600.5,10215,0.0,0.0
2026-07-15 10:45:00-04:00,29600.5,29644.0,29562.5,29639.25,7248,0.0,0.0
2026-07-15 10:50:00-04:00,29639.0,29641.75,29578.0,29601.25,6450,0.0,0.0
2026-07-15 10:55:00-04:00,29602.25,29633.5,29585.25,29630.75,4212,0.0,0.0
2026-07-15 11:00:00-04:00,29632.0,29642.75,29583.0,29590.0,4068,0.0,0.0
2026-07-15 11:05:00-04:00,29590.25,29655.0,29579.5,29652.75,3831,0.0,0.0
2026-07-15 11:10:00-04:00,29653.0,29661.75,29589.0,29592.25,4260,0.0,0.0
2026-07-15 11:15:00-04:00,29591.0,29611.0,29526.5,29609.5,6887,0.0,0.0
2026-07-15 11:20:00-04:00,29608.5,29608.75,29540.0,29582.0,4866,0.0,0.0
2026-07-15 11:25:00-04:00,29583.0,29642.0,29573.0,29641.0,5115,0.0,0.0
2026-07-15 11:30:00-04:00,29640.75,29656.0,29612.25,29634.5,4556,0.0,0.0
2026-07-15 11:35:00-04:00,29635.25,29652.75,29586.25,29647.75,3840,0.0,0.0
2026-07-15 11:40:00-04:00,29648.5,29656.25,29605.0,29615.75,3371,0.0,0.0
2026-07-15 11:45:00-04:00,29616.5,29618.0,29578.25,29596.75,4231,0.0,0.0
2026-07-15 11:50:00-04:00,29596.5,29597.75,29560.0,29583.0,3198,0.0,0.0
2026-07-15 11:55:00-04:00,29584.25,29590.0,29565.75,29582.0,2164,0.0,0.0
2026-07-15 12:00:00-04:00,29580.25,29599.5,29516.0,29532.75,5247,0.0,0.0
2026-07-15 12:05:00-04:00,29532.5,29535.75,29479.0,29514.25,5986,0.0,0.0
2026-07-15 12:10:00-04:00,29513.75,29523.0,29471.25,29476.25,3832,0.0,0.0
2026-07-15 12:15:00-04:00,29475.5,29496.75,29465.0,29474.75,4080,0.0,0.0
2026-07-15 12:20:00-04:00,29474.75,29483.0,29431.25,29441.75,4863,0.0,0.0
2026-07-15 12:25:00-04:00,29440.5,29467.75,29432.25,29462.0,4226,0.0,0.0
2026-07-15 12:30:00-04:00,29462.0,29483.25,29426.0,29434.0,3987,0.0,0.0
2026-07-15 12:35:00-04:00,29435.0,29435.25,29408.0,29417.0,4206,0.0,0.0
2026-07-15 12:40:00-04:00,29416.75,29448.75,29397.0,29445.0,4274,0.0,0.0
2026-07-15 12:45:00-04:00,29445.75,29540.25,29433.75,29477.75,6647,0.0,0.0
2026-07-15 12:50:00-04:00,29477.25,29517.75,29475.0,29495.75,4452,0.0,0.0
2026-07-15 12:55:00-04:00,29495.75,29513.75,29460.75,29512.75,3263,0.0,0.0
2026-07-15 13:00:00-04:00,29512.75,29540.0,29504.75,29526.0,3627,0.0,0.0
2026-07-15 13:05:00-04:00,29526.5,29561.75,29518.75,29551.5,3131,0.0,0.0
2026-07-15 13:10:00-04:00,29551.25,29560.25,29530.0,29532.25,2691,0.0,0.0
2026-07-15 13:15:00-04:00,29531.25,29586.0,29526.75,29580.75,2923,0.0,0.0
2026-07-15 13:20:00-04:00,29580.5,29596.75,29567.25,29587.5,3432,0.0,0.0
2026-07-15 13:25:00-04:00,29588.25,29608.25,29571.75,29604.0,3016,0.0,0.0
2026-07-15 13:30:00-04:00,29604.75,29626.75,29604.5,29620.0,4478,0.0,0.0
2026-07-15 13:35:00-04:00,29620.0,29633.25,29608.0,29630.5,2797,0.0,0.0
2026-07-15 13:40:00-04:00,29631.25,29637.5,29620.0,29634.0,2489,0.0,0.0
2026-07-15 13:45:00-04:00,29633.25,29681.0,29625.25,29676.5,4537,0.0,0.0
2026-07-15 13:50:00-04:00,29676.75,29705.75,29668.5,29700.75,5740,0.0,0.0
2026-07-15 13:55:00-04:00,29701.25,29704.0,29679.0,29686.5,3306,0.0,0.0
2026-07-15 14:00:00-04:00,29686.5,29715.0,29681.75,29701.5,3878,0.0,0.0
2026-07-15 14:05:00-04:00,29700.5,29725.0,29697.5,29718.5,3491,0.0,0.0
2026-07-15 14:10:00-04:00,29719.0,29730.0,29714.75,29716.25,3268,0.0,0.0
2026-07-15 14:15:00-04:00,29716.25,29717.0,29684.75,29705.25,4324,0.0,0.0
2026-07-15 14:20:00-04:00,29705.0,29742.75,29703.0,29736.0,3801,0.0,0.0
2026-07-15 14:25:00-04:00,29736.0,29737.75,29718.75,29724.5,2682,0.0,0.0
2026-07-15 14:30:00-04:00,29724.5,29735.0,29717.25,29723.75,2248,0.0,0.0
2026-07-15 14:35:00-04:00,29722.75,29723.25,29687.75,29689.0,3037,0.0,0.0
2026-07-15 14:40:00-04:00,29688.75,29703.25,29658.0,29662.75,3447,0.0,0.0
2026-07-15 14:45:00-04:00,29662.25,29665.75,29634.5,29641.75,4119,0.0,0.0
2026-07-15 14:50:00-04:00,29642.25,29648.75,29604.0,29624.5,4405,0.0,0.0
2026-07-15 14:55:00-04:00,29625.25,29636.0,29595.0,29613.25,3322,0.0,0.0
2026-07-15 15:00:00-04:00,29613.0,29661.75,29604.75,29656.25,4081,0.0,0.0
2026-07-15 15:05:00-04:00,29656.5,29668.75,29631.75,29637.5,3107,0.0,0.0
2026-07-15 15:10:00-04:00,29637.25,29655.25,29630.75,29643.0,3179,0.0,0.0
2026-07-15 15:15:00-04:00,29644.0,29649.0,29616.25,29618.0,2088,0.0,0.0
2026-07-15 15:20:00-04:00,29616.75,29618.25,29591.25,29603.0,3399,0.0,0.0
2026-07-15 15:25:00-04:00,29602.75,29643.25,29589.0,29643.25,2913,0.0,0.0
2026-07-15 15:30:00-04:00,29643.25,29668.0,29612.25,29622.25,6603,0.0,0.0
2026-07-15 15:35:00-04:00,29623.25,29658.5,29608.5,29656.0,2964,0.0,0.0
2026-07-15 15:40:00-04:00,29656.5,29695.5,29653.5,29683.75,4008,0.0,0.0
2026-07-15 15:45:00-04:00,29684.25,29687.75,29648.5,29653.75,2883,0.0,0.0
2026-07-15 15:50:00-04:00,29655.0,29691.25,29653.75,29680.75,4777,0.0,0.0
2026-07-15 15:55:00-04:00,29679.75,29707.0,29679.75,29700.5,9690,0.0,0.0
2026-07-15 16:00:00-04:00,29700.75,29737.0,29695.0,29724.75,5945,0.0,0.0
2026-07-15 16:05:00-04:00,29724.5,29731.75,29664.0,29689.75,2107,0.0,0.0
2026-07-15 16:10:00-04:00,29689.5,29704.0,29686.25,29702.0,1170,0.0,0.0
2026-07-15 16:15:00-04:00,29702.5,29712.25,29696.0,29711.75,540,0.0,0.0
2026-07-15 16:20:00-04:00,29711.0,29720.0,29709.25,29718.75,525,0.0,0.0
2026-07-15 16:25:00-04:00,29718.5,29720.5,29713.0,29718.75,385,0.0,0.0
2026-07-15 16:30:00-04:00,29718.5,29719.25,29700.0,29706.75,457,0.0,0.0
2026-07-15 16:35:00-04:00,29707.5,29716.5,29707.0,29713.5,279,0.0,0.0
2026-07-15 16:40:00-04:00,29714.5,29717.0,29711.5,29716.25,181,0.0,0.0
2026-07-15 16:45:00-04:00,29716.5,29720.5,29716.25,29719.0,284,0.0,0.0
2026-07-15 16:50:00-04:00,29719.25,29720.5,29712.0,29713.25,231,0.0,0.0
2026-07-15 16:55:00-04:00,29713.25,29718.25,29705.75,29707.5,376,0.0,0.0
2026-07-15 18:00:00-04:00,29709.0,29741.75,29700.0,29734.25,0,0.0,0.0
2026-07-15 18:05:00-04:00,29735.5,29749.0,29735.0,29737.25,387,0.0,0.0
2026-07-15 18:10:00-04:00,29738.0,29739.75,29724.75,29727.25,372,0.0,0.0
2026-07-15 18:15:00-04:00,29727.5,29730.0,29720.25,29720.75,240,0.0,0.0
2026-07-15 18:20:00-04:00,29720.5,29725.5,29709.75,29715.25,304,0.0,0.0
2026-07-15 18:25:00-04:00,29716.25,29721.0,29712.5,29716.25,171,0.0,0.0
2026-07-15 18:30:00-04:00,29716.5,29724.0,29705.75,29707.5,365,0.0,0.0
2026-07-15 18:35:00-04:00,29706.25,29709.75,29688.0,29691.0,592,0.0,0.0
2026-07-15 18:40:00-04:00,29691.5,29697.0,29684.25,29685.0,313,0.0,0.0
2026-07-15 18:45:00-04:00,29684.25,29700.0,29680.75,29682.25,396,0.0,0.0
2026-07-15 18:50:00-04:00,29682.0,29716.75,29679.25,29689.25,817,0.0,0.0
2026-07-15 18:55:00-04:00,29692.5,29722.25,29677.0,29716.25,632,0.0,0.0
2026-07-15 19:00:00-04:00,29716.0,29730.0,29711.25,29724.75,347,0.0,0.0
2026-07-15 19:05:00-04:00,29726.75,29727.25,29710.75,29721.25,182,0.0,0.0
2026-07-15 19:10:00-04:00,29721.25,29736.25,29719.25,29720.0,209,0.0,0.0
2026-07-15 19:15:00-04:00,29719.25,29719.25,29697.5,29705.0,620,0.0,0.0
2026-07-15 19:20:00-04:00,29704.0,29717.75,29698.0,29706.25,312,0.0,0.0
2026-07-15 19:25:00-04:00,29707.5,29725.0,29695.5,29718.5,394,0.0,0.0
2026-07-15 19:30:00-04:00,29717.25,29734.0,29712.5,29731.0,349,0.0,0.0
2026-07-15 19:35:00-04:00,29729.25,29730.0,29704.0,29706.0,199,0.0,0.0
2026-07-15 19:40:00-04:00,29707.75,29710.0,29704.75,29704.75,50,0.0,0.0
2026-07-15 19:50:00-04:00,29693.25,29705.75,29688.75,29693.5,892,0.0,0.0
2026-07-15 19:55:00-04:00,29691.75,29705.25,29682.0,29690.0,263,0.0,0.0
2026-07-15 20:00:00-04:00,29690.0,29746.5,29682.25,29741.5,853,0.0,0.0
2026-07-15 20:05:00-04:00,29742.75,29744.5,29720.25,29731.5,427,0.0,0.0
2026-07-15 20:10:00-04:00,29732.5,29758.0,29721.0,29755.25,604,0.0,0.0
2026-07-15 20:15:00-04:00,29753.0,29763.25,29695.0,29696.25,1075,0.0,0.0
2026-07-15 20:20:00-04:00,29696.75,29705.75,29683.75,29693.0,786,0.0,0.0
2026-07-15 20:25:00-04:00,29692.5,29702.5,29662.5,29669.5,940,0.0,0.0
2026-07-15 20:30:00-04:00,29670.0,29695.75,29653.25,29694.75,1182,0.0,0.0
2026-07-15 20:35:00-04:00,29693.0,29694.5,29652.5,29654.25,626,0.0,0.0
2026-07-15 20:40:00-04:00,29654.25,29654.25,29626.75,29626.75,674,0.0,0.0
2026-07-15 20:45:00-04:00,29626.0,29652.25,29622.25,29649.5,699,0.0,0.0
2026-07-15 20:50:00-04:00,29651.5,29679.25,29627.25,29654.25,683,0.0,0.0
2026-07-15 20:55:00-04:00,29656.0,29658.25,29636.0,29651.25,398,0.0,0.0
2026-07-15 21:00:00-04:00,29653.75,29665.75,29632.25,29662.5,714,0.0,0.0
2026-07-15 21:05:00-04:00,29659.0,29668.0,29643.0,29656.0,412,0.0,0.0
2026-07-15 21:10:00-04:00,29657.5,29659.25,29615.5,29626.0,533,0.0,0.0
2026-07-15 21:15:00-04:00,29625.5,29629.0,29601.75,29603.0,581,0.0,0.0
2026-07-15 21:20:00-04:00,29603.0,29629.0,29601.5,29613.25,581,0.0,0.0
2026-07-15 21:25:00-04:00,29611.5,29622.75,29603.0,29605.25,300,0.0,0.0
2026-07-15 21:30:00-04:00,29604.5,29618.0,29595.75,29598.0,558,0.0,0.0
2026-07-15 21:35:00-04:00,29625.75,29641.75,29616.75,29635.25,688,0.0,0.0
2026-07-15 21:40:00-04:00,29635.25,29646.0,29608.25,29615.25,358,0.0,0.0
2026-07-15 21:45:00-04:00,29614.0,29680.0,29612.5,29675.0,793,0.0,0.0
2026-07-15 21:50:00-04:00,29676.25,29683.0,29657.25,29671.25,647,0.0,0.0
2026-07-15 21:55:00-04:00,29671.25,29685.75,29641.75,29651.0,575,0.0,0.0
2026-07-15 22:00:00-04:00,29651.25,29652.75,29620.0,29625.5,656,0.0,0.0
2026-07-15 22:05:00-04:00,29625.5,29639.0,29621.5,29622.25,317,0.0,0.0
2026-07-15 22:10:00-04:00,29621.0,29642.75,29620.25,29640.0,359,0.0,0.0
2026-07-15 22:15:00-04:00,29640.25,29669.5,29634.0,29669.0,589,0.0,0.0
2026-07-15 22:20:00-04:00,29667.5,29695.75,29659.0,29693.0,449,0.0,0.0
2026-07-15 22:25:00-04:00,29693.25,29706.0,29683.25,29696.75,765,0.0,0.0
2026-07-15 22:30:00-04:00,29695.5,29703.25,29687.0,29698.25,267,0.0,0.0
2026-07-15 22:35:00-04:00,29699.0,29707.0,29687.25,29697.5,352,0.0,0.0
2026-07-15 22:40:00-04:00,29698.0,29700.0,29670.0,29680.0,728,0.0,0.0
2026-07-15 22:45:00-04:00,29680.0,29717.75,29676.5,29701.75,784,0.0,0.0
2026-07-15 22:50:00-04:00,29702.5,29723.0,29699.5,29720.0,511,0.0,0.0
2026-07-15 22:55:00-04:00,29720.25,29736.0,29718.0,29727.0,647,0.0,0.0
2026-07-15 23:00:00-04:00,29728.0,29733.5,29721.25,29728.75,385,0.0,0.0
2026-07-15 23:05:00-04:00,29729.0,29750.0,29729.0,29749.25,470,0.0,0.0
2026-07-15 23:10:00-04:00,29749.5,29751.75,29741.25,29748.75,320,0.0,0.0
2026-07-15 23:15:00-04:00,29749.25,29751.75,29718.5,29721.25,395,0.0,0.0
2026-07-15 23:20:00-04:00,29722.75,29731.5,29711.75,29715.5,337,0.0,0.0
2026-07-15 23:25:00-04:00,29717.5,29720.5,29710.5,29716.5,167,0.0,0.0
2026-07-15 23:30:00-04:00,29716.75,29745.25,29713.5,29740.25,356,0.0,0.0
2026-07-15 23:35:00-04:00,29740.0,29747.0,29720.0,29721.0,289,0.0,0.0
2026-07-15 23:40:00-04:00,29720.5,29734.75,29716.75,29719.5,217,0.0,0.0
2026-07-15 23:45:00-04:00,29720.75,29723.25,29701.75,29709.5,331,0.0,0.0
2026-07-15 23:50:00-04:00,29707.0,29732.0,29707.0,29727.75,222,0.0,0.0
2026-07-15 23:55:00-04:00,29725.75,29738.5,29725.0,29737.75,99,0.0,0.0
2026-07-16 00:05:00-04:00,29727.25,29727.75,29723.25,29723.75,613,0.0,0.0
2026-07-16 00:10:00-04:00,29723.0,29756.0,29722.25,29754.5,288,0.0,0.0
2026-07-16 00:15:00-04:00,29754.5,29756.25,29724.0,29726.0,481,0.0,0.0
2026-07-16 00:20:00-04:00,29726.0,29729.75,29710.0,29722.5,301,0.0,0.0
2026-07-16 00:25:00-04:00,29724.0,29724.25,29710.5,29716.0,127,0.0,0.0
2026-07-16 00:30:00-04:00,29715.0,29721.25,29710.75,29714.25,102,0.0,0.0
2026-07-16 00:35:00-04:00,29712.5,29713.25,29702.0,29704.75,188,0.0,0.0
2026-07-16 00:40:00-04:00,29704.0,29713.0,29691.25,29706.5,330,0.0,0.0
2026-07-16 00:45:00-04:00,29703.25,29709.25,29699.25,29707.75,103,0.0,0.0
2026-07-16 00:50:00-04:00,29706.5,29712.75,29702.0,29711.75,139,0.0,0.0
2026-07-16 00:55:00-04:00,29711.0,29717.0,29703.0,29708.0,225,0.0,0.0
2026-07-16 01:00:00-04:00,29709.0,29725.75,29708.5,29719.75,261,0.0,0.0
2026-07-16 01:05:00-04:00,29721.5,29724.25,29706.25,29709.0,194,0.0,0.0
2026-07-16 01:10:00-04:00,29706.75,29748.0,29697.0,29748.0,556,0.0,0.0
2026-07-16 01:15:00-04:00,29747.75,29767.0,29739.25,29749.25,539,0.0,0.0
2026-07-16 01:20:00-04:00,29749.75,29769.75,29748.0,29765.25,397,0.0,0.0
2026-07-16 01:25:00-04:00,29763.5,29775.5,29758.0,29765.75,392,0.0,0.0
2026-07-16 01:30:00-04:00,29765.75,29797.0,29708.25,29711.5,1387,0.0,0.0
2026-07-16 01:35:00-04:00,29710.25,29710.25,29670.0,29679.5,949,0.0,0.0
2026-07-16 01:40:00-04:00,29682.5,29715.25,29666.5,29702.5,678,0.0,0.0
2026-07-16 01:45:00-04:00,29704.5,29711.0,29686.75,29691.75,311,0.0,0.0
2026-07-16 01:50:00-04:00,29691.75,29694.0,29678.5,29687.25,238,0.0,0.0
2026-07-16 01:55:00-04:00,29683.75,29706.5,29683.25,29686.5,285,0.0,0.0
2026-07-16 02:00:00-04:00,29687.75,29729.75,29685.0,29708.5,847,0.0,0.0
2026-07-16 02:05:00-04:00,29707.5,29739.25,29646.5,29718.5,2424,0.0,0.0
2026-07-16 02:10:00-04:00,29714.75,29731.75,29699.5,29731.75,937,0.0,0.0
2026-07-16 02:15:00-04:00,29729.25,29749.75,29723.25,29736.75,565,0.0,0.0
2026-07-16 02:20:00-04:00,29738.0,29743.0,29689.25,29695.25,643,0.0,0.0
2026-07-16 02:25:00-04:00,29694.75,29702.5,29684.0,29686.0,406,0.0,0.0
2026-07-16 02:30:00-04:00,29682.0,29697.25,29663.5,29668.25,507,0.0,0.0
2026-07-16 02:35:00-04:00,29667.0,29676.25,29641.25,29672.0,580,0.0,0.0
2026-07-16 02:40:00-04:00,29673.75,29684.5,29669.75,29673.5,294,0.0,0.0
2026-07-16 02:45:00-04:00,29672.25,29684.0,29657.0,29681.0,175,0.0,0.0
2026-07-16 02:50:00-04:00,29681.5,29684.25,29666.25,29675.25,183,0.0,0.0
2026-07-16 02:55:00-04:00,29674.5,29694.0,29672.25,29683.75,323,0.0,0.0
2026-07-16 03:00:00-04:00,29684.75,29686.5,29637.5,29664.0,584,0.0,0.0
2026-07-16 03:05:00-04:00,29661.5,29664.25,29643.25,29648.5,380,0.0,0.0
2026-07-16 03:10:00-04:00,29650.0,29651.5,29620.75,29621.5,469,0.0,0.0
2026-07-16 03:15:00-04:00,29622.25,29633.75,29611.75,29624.0,569,0.0,0.0
2026-07-16 03:20:00-04:00,29625.0,29649.5,29623.0,29632.75,736,0.0,0.0
2026-07-16 03:25:00-04:00,29633.25,29636.0,29615.0,29622.5,342,0.0,0.0
2026-07-16 03:30:00-04:00,29623.5,29629.25,29590.25,29614.75,516,0.0,0.0
2026-07-16 03:35:00-04:00,29616.25,29616.25,29577.75,29584.75,588,0.0,0.0
2026-07-16 03:40:00-04:00,29583.75,29587.25,29568.5,29570.0,555,0.0,0.0
2026-07-16 03:45:00-04:00,29571.25,29583.75,29556.0,29579.75,565,0.0,0.0
2026-07-16 03:50:00-04:00,29582.25,29583.25,29555.0,29565.5,493,0.0,0.0
2026-07-16 03:55:00-04:00,29566.0,29570.25,29548.5,29562.25,470,0.0,0.0
2026-07-16 04:00:00-04:00,29563.5,29572.75,29521.0,29535.0,923,0.0,0.0
2026-07-16 04:05:00-04:00,29538.25,29549.75,29523.5,29528.0,481,0.0,0.0
2026-07-16 04:10:00-04:00,29528.0,29528.0,29488.0,29490.5,1178,0.0,0.0
2026-07-16 04:15:00-04:00,29493.75,29521.5,29478.75,29517.25,728,0.0,0.0
2026-07-16 04:20:00-04:00,29518.0,29561.75,29512.75,29524.75,837,0.0,0.0
2026-07-16 04:25:00-04:00,29523.75,29540.0,29520.25,29538.5,375,0.0,0.0
2026-07-16 04:30:00-04:00,29539.5,29555.5,29528.25,29543.25,451,0.0,0.0
2026-07-16 04:35:00-04:00,29543.75,29576.75,29543.5,29568.75,508,0.0,0.0
2026-07-16 04:40:00-04:00,29569.0,29574.25,29543.25,29551.0,328,0.0,0.0
2026-07-16 04:45:00-04:00,29550.5,29594.0,29550.5,29586.75,597,0.0,0.0
2026-07-16 04:50:00-04:00,29586.0,29589.75,29576.5,29584.25,321,0.0,0.0
2026-07-16 04:55:00-04:00,29582.5,29595.5,29580.25,29591.5,221,0.0,0.0
2026-07-16 05:00:00-04:00,29593.25,29622.25,29592.0,29616.25,789,0.0,0.0
2026-07-16 05:05:00-04:00,29615.75,29624.0,29602.0,29606.75,304,0.0,0.0
2026-07-16 05:10:00-04:00,29608.5,29635.0,29605.0,29625.25,428,0.0,0.0
2026-07-16 05:15:00-04:00,29626.25,29645.25,29622.75,29627.5,417,0.0,0.0
2026-07-16 05:20:00-04:00,29628.75,29638.75,29620.5,29623.25,277,0.0,0.0
2026-07-16 05:25:00-04:00,29624.75,29640.25,29611.0,29613.25,419,0.0,0.0
2026-07-16 05:30:00-04:00,29614.75,29631.0,29610.0,29610.75,299,0.0,0.0
2026-07-16 05:35:00-04:00,29613.75,29618.0,29596.0,29597.5,317,0.0,0.0
2026-07-16 05:40:00-04:00,29597.25,29606.25,29583.75,29585.25,271,0.0,0.0
2026-07-16 05:45:00-04:00,29584.25,29585.75,29564.25,29566.25,837,0.0,0.0
2026-07-16 05:50:00-04:00,29565.5,29571.5,29557.75,29568.5,267,0.0,0.0
2026-07-16 05:55:00-04:00,29570.25,29582.25,29528.0,29531.25,878,0.0,0.0
2026-07-16 06:00:00-04:00,29530.25,29545.0,29514.5,29540.75,734,0.0,0.0
2026-07-16 06:05:00-04:00,29540.75,29561.25,29534.0,29558.0,428,0.0,0.0
2026-07-16 06:10:00-04:00,29557.75,29558.75,29537.5,29550.75,261,0.0,0.0
2026-07-16 06:15:00-04:00,29550.75,29550.75,29533.0,29537.25,183,0.0,0.0
2026-07-16 06:20:00-04:00,29537.0,29543.75,29512.25,29522.5,334,0.0,0.0
2026-07-16 06:25:00-04:00,29521.5,29539.75,29514.75,29537.5,284,0.0,0.0
2026-07-16 06:30:00-04:00,29537.25,29555.75,29535.0,29550.5,504,0.0,0.0
2026-07-16 06:35:00-04:00,29553.25,29555.0,29507.75,29513.5,419,0.0,0.0
2026-07-16 06:40:00-04:00,29512.5,29529.75,29511.5,29521.25,379,0.0,0.0
2026-07-16 06:45:00-04:00,29521.25,29531.75,29505.0,29510.25,399,0.0,0.0
2026-07-16 06:50:00-04:00,29510.75,29523.75,29502.5,29521.5,265,0.0,0.0
2026-07-16 06:55:00-04:00,29518.25,29537.75,29516.5,29531.0,349,0.0,0.0
2026-07-16 07:00:00-04:00,29528.75,29532.0,29470.5,29484.25,985,0.0,0.0
2026-07-16 07:05:00-04:00,29485.5,29490.0,29464.25,29472.75,562,0.0,0.0
2026-07-16 07:10:00-04:00,29474.25,29488.0,29459.75,29488.0,477,0.0,0.0
2026-07-16 07:15:00-04:00,29488.25,29490.0,29446.25,29455.25,1001,0.0,0.0
2026-07-16 07:20:00-04:00,29455.0,29499.0,29454.25,29495.75,562,0.0,0.0
2026-07-16 07:25:00-04:00,29496.5,29502.0,29466.0,29472.0,473,0.0,0.0
2026-07-16 07:30:00-04:00,29472.75,29472.75,29436.5,29457.75,819,0.0,0.0
2026-07-16 07:35:00-04:00,29457.75,29471.0,29436.5,29451.75,696,0.0,0.0
2026-07-16 07:40:00-04:00,29452.0,29462.0,29428.0,29439.5,768,0.0,0.0
2026-07-16 07:45:00-04:00,29438.75,29456.0,29361.0,29384.25,1665,0.0,0.0
2026-07-16 07:50:00-04:00,29385.25,29432.5,29382.5,29424.0,1577,0.0,0.0
2026-07-16 07:55:00-04:00,29422.75,29453.25,29410.5,29446.75,732,0.0,0.0
2026-07-16 08:00:00-04:00,29445.75,29457.25,29410.5,29413.0,861,0.0,0.0
2026-07-16 08:05:00-04:00,29412.0,29423.75,29392.75,29411.25,1047,0.0,0.0
2026-07-16 08:10:00-04:00,29411.25,29424.0,29397.25,29423.5,720,0.0,0.0
2026-07-16 08:15:00-04:00,29422.25,29439.75,29412.75,29434.75,790,0.0,0.0
2026-07-16 08:20:00-04:00,29435.25,29440.25,29380.0,29386.0,1670,0.0,0.0
2026-07-16 08:25:00-04:00,29384.5,29411.75,29378.0,29408.0,779,0.0,0.0
2026-07-16 08:30:00-04:00,29407.75,29427.75,29386.5,29416.75,1387,0.0,0.0
2026-07-16 08:35:00-04:00,29418.5,29419.0,29365.5,29381.0,1160,0.0,0.0
2026-07-16 08:40:00-04:00,29381.75,29390.25,29368.75,29375.0,877,0.0,0.0
2026-07-16 08:45:00-04:00,29374.75,29401.0,29363.5,29390.0,1097,0.0,0.0
2026-07-16 08:50:00-04:00,29390.0,29415.0,29383.25,29410.75,885,0.0,0.0
2026-07-16 08:55:00-04:00,29411.25,29411.25,29391.5,29392.25,640,0.0,0.0
2026-07-16 09:00:00-04:00,29393.25,29437.0,29387.75,29425.75,2100,0.0,0.0
2026-07-16 09:05:00-04:00,29426.25,29445.5,29420.75,29441.0,1054,0.0,0.0
2026-07-16 09:10:00-04:00,29441.75,29457.25,29431.75,29452.0,1156,0.0,0.0
2026-07-16 09:15:00-04:00,29451.5,29460.0,29441.75,29457.75,1164,0.0,0.0
2026-07-16 09:20:00-04:00,29457.25,29488.5,29455.75,29484.25,1648,0.0,0.0
2026-07-16 09:25:00-04:00,29484.0,29484.0,29447.5,29464.75,2478,0.0,0.0
2026-07-16 09:30:00-04:00,29464.75,29532.0,29429.75,29433.5,11464,0.0,0.0
2026-07-16 09:35:00-04:00,29435.5,29471.0,29378.5,29386.0,9778,0.0,0.0
2026-07-16 09:40:00-04:00,29384.75,29434.5,29308.5,29317.75,10913,0.0,0.0
2026-07-16 09:45:00-04:00,29316.5,29342.75,29264.25,29273.0,9733,0.0,0.0
2026-07-16 09:50:00-04:00,29272.0,29353.75,29265.25,29289.75,9932,0.0,0.0
2026-07-16 09:55:00-04:00,29290.75,29363.75,29255.5,29347.5,8427,0.0,0.0
2026-07-16 10:00:00-04:00,29346.5,29417.75,29315.25,29397.5,8361,0.0,0.0
2026-07-16 10:05:00-04:00,29398.0,29495.75,29384.5,29480.0,8204,0.0,0.0
2026-07-16 10:10:00-04:00,29479.75,29491.5,29447.5,29468.5,6026,0.0,0.0
2026-07-16 10:15:00-04:00,29467.5,29501.0,29441.25,29482.0,5790,0.0,0.0
2026-07-16 10:20:00-04:00,29483.25,29489.75,29397.75,29439.0,6861,0.0,0.0
2026-07-16 10:25:00-04:00,29438.25,29488.0,29406.0,29482.5,5901,0.0,0.0
2026-07-16 10:30:00-04:00,29483.25,29485.5,29440.0,29462.75,3949,0.0,0.0
2026-07-16 10:35:00-04:00,29463.0,29513.5,29444.0,29457.0,4740,0.0,0.0
2026-07-16 10:40:00-04:00,29457.75,29470.5,29426.5,29464.5,3434,0.0,0.0
2026-07-16 10:45:00-04:00,29464.5,29479.0,29438.0,29438.5,3099,0.0,0.0
2026-07-16 10:50:00-04:00,29439.75,29444.0,29375.5,29390.5,5836,0.0,0.0
2026-07-16 10:55:00-04:00,29390.5,29437.5,29362.0,29433.75,6585,0.0,0.0
2026-07-16 11:00:00-04:00,29435.5,29458.75,29403.0,29410.25,5472,0.0,0.0
2026-07-16 11:05:00-04:00,29409.5,29409.75,29366.0,29392.75,4557,0.0,0.0
2026-07-16 11:10:00-04:00,29393.0,29401.75,29336.0,29358.5,4402,0.0,0.0
2026-07-16 11:15:00-04:00,29359.0,29392.0,29336.75,29391.5,4803,0.0,0.0
2026-07-16 11:20:00-04:00,29392.25,29392.25,29348.5,29387.5,4003,0.0,0.0
2026-07-16 11:25:00-04:00,29387.5,29451.5,29384.0,29406.75,6492,0.0,0.0
2026-07-16 11:30:00-04:00,29406.5,29441.75,29370.0,29438.5,4500,0.0,0.0
2026-07-16 11:35:00-04:00,29438.0,29468.0,29412.75,29455.5,3454,0.0,0.0
2026-07-16 11:40:00-04:00,29454.5,29461.0,29380.25,29397.75,4023,0.0,0.0
2026-07-16 11:45:00-04:00,29397.5,29397.5,29354.5,29391.0,3758,0.0,0.0
2026-07-16 11:50:00-04:00,29390.75,29435.0,29389.75,29419.0,3867,0.0,0.0
2026-07-16 11:55:00-04:00,29419.0,29419.75,29373.5,29392.0,3098,0.0,0.0
2026-07-16 12:00:00-04:00,29392.5,29395.25,29336.5,29339.5,4074,0.0,0.0
2026-07-16 12:05:00-04:00,29339.5,29355.5,29312.75,29338.75,4139,0.0,0.0
2026-07-16 12:10:00-04:00,29337.75,29339.75,29289.25,29293.25,4116,0.0,0.0
2026-07-16 12:15:00-04:00,29293.5,29313.75,29279.0,29299.0,3906,0.0,0.0
2026-07-16 12:20:00-04:00,29298.75,29299.5,29260.75,29279.75,5157,0.0,0.0
2026-07-16 12:25:00-04:00,29279.75,29315.0,29268.5,29299.25,3803,0.0,0.0
2026-07-16 12:30:00-04:00,29300.5,29339.5,29294.25,29313.75,3560,0.0,0.0
2026-07-16 12:35:00-04:00,29313.5,29321.5,29288.75,29292.75,3086,0.0,0.0
2026-07-16 12:40:00-04:00,29294.0,29323.75,29286.0,29292.75,2182,0.0,0.0
2026-07-16 12:45:00-04:00,29294.75,29307.0,29270.75,29284.5,2968,0.0,0.0
2026-07-16 12:50:00-04:00,29284.5,29327.25,29273.25,29322.0,2917,0.0,0.0
2026-07-16 12:55:00-04:00,29321.25,29352.5,29320.5,29338.25,3180,0.0,0.0
2026-07-16 13:00:00-04:00,29339.0,29342.0,29285.0,29316.5,3203,0.0,0.0
2026-07-16 13:05:00-04:00,29315.75,29333.25,29286.25,29324.25,2136,0.0,0.0
2026-07-16 13:10:00-04:00,29324.5,29334.25,29284.5,29288.0,1944,0.0,0.0
2026-07-16 13:15:00-04:00,29288.5,29310.5,29277.5,29298.25,2229,0.0,0.0
2026-07-16 13:20:00-04:00,29298.25,29306.25,29278.5,29278.75,2491,0.0,0.0
2026-07-16 13:25:00-04:00,29279.5,29343.0,29275.0,29333.0,3439,0.0,0.0
2026-07-16 13:30:00-04:00,29334.0,29345.0,29280.5,29287.5,3111,0.0,0.0
2026-07-16 13:35:00-04:00,29288.25,29297.25,29266.5,29270.0,3048,0.0,0.0
2026-07-16 13:40:00-04:00,29269.75,29271.25,29230.0,29243.75,4780,0.0,0.0
2026-07-16 13:45:00-04:00,29244.25,29268.0,29219.0,29257.25,4164,0.0,0.0
2026-07-16 13:50:00-04:00,29257.25,29269.0,29235.0,29250.75,2517,0.0,0.0
2026-07-16 13:55:00-04:00,29251.75,29253.25,29224.0,29244.5,2637,0.0,0.0
2026-07-16 14:00:00-04:00,29244.25,29260.5,29231.75,29234.25,2684,0.0,0.0
2026-07-16 14:05:00-04:00,29235.25,29250.0,29223.5,29236.5,2945,0.0,0.0
2026-07-16 14:10:00-04:00,29235.75,29279.5,29233.0,29233.0,3745,0.0,0.0
2026-07-16 14:15:00-04:00,29232.75,29277.0,29217.25,29268.0,3390,0.0,0.0
2026-07-16 14:20:00-04:00,29268.5,29304.0,29264.25,29289.5,3830,0.0,0.0
2026-07-16 14:25:00-04:00,29290.5,29303.25,29257.0,29269.75,2908,0.0,0.0
2026-07-16 14:30:00-04:00,29269.0,29269.25,29238.0,29245.5,2666,0.0,0.0
2026-07-16 14:35:00-04:00,29245.5,29245.5,29221.75,29226.0,2273,0.0,0.0
2026-07-16 14:40:00-04:00,29225.75,29249.5,29198.5,29237.75,4013,0.0,0.0
2026-07-16 14:45:00-04:00,29237.5,29253.25,29222.5,29244.25,1963,0.0,0.0
2026-07-16 14:50:00-04:00,29244.75,29251.0,29210.0,29212.25,2421,0.0,0.0
2026-07-16 14:55:00-04:00,29213.0,29223.5,29200.25,29210.5,2790,0.0,0.0
2026-07-16 15:00:00-04:00,29210.0,29242.0,29202.75,29228.25,3215,0.0,0.0
2026-07-16 15:05:00-04:00,29227.0,29240.75,29176.25,29184.75,4526,0.0,0.0
2026-07-16 15:10:00-04:00,29184.5,29197.25,29176.0,29183.75,2975,0.0,0.0
2026-07-16 15:15:00-04:00,29183.25,29186.25,29145.5,29162.5,4555,0.0,0.0
2026-07-16 15:20:00-04:00,29162.0,29182.25,29145.25,29148.75,3836,0.0,0.0
2026-07-16 15:25:00-04:00,29149.75,29160.25,29119.0,29148.5,4317,0.0,0.0
2026-07-16 15:30:00-04:00,29147.5,29170.25,29118.25,29149.5,5301,0.0,0.0
2026-07-16 15:35:00-04:00,29149.0,29162.75,29117.25,29152.25,4479,0.0,0.0
2026-07-16 15:40:00-04:00,29151.5,29160.75,29118.5,29121.5,3477,0.0,0.0
2026-07-16 15:45:00-04:00,29121.25,29124.75,29078.5,29094.25,5401,0.0,0.0
2026-07-16 15:50:00-04:00,29094.0,29175.5,29094.0,29174.0,9483,0.0,0.0
2026-07-16 15:55:00-04:00,29174.25,29238.25,29174.25,29217.0,16702,0.0,0.0
2026-07-16 16:00:00-04:00,29217.75,29231.25,29191.0,29199.0,8391,0.0,0.0
2026-07-16 16:05:00-04:00,29198.75,29202.0,29175.75,29183.0,2189,0.0,0.0
2026-07-16 16:10:00-04:00,29182.0,29186.0,29166.0,29167.75,1523,0.0,0.0
2026-07-16 16:15:00-04:00,29167.5,29191.75,29162.75,29186.75,1298,0.0,0.0
2026-07-16 16:20:00-04:00,29187.5,29200.0,29180.5,29191.5,955,0.0,0.0
2026-07-16 16:25:00-04:00,29191.0,29192.0,29179.0,29181.0,455,0.0,0.0
2026-07-16 16:30:00-04:00,29180.25,29181.25,29164.0,29173.0,686,0.0,0.0
2026-07-16 16:35:00-04:00,29173.25,29187.5,29172.25,29182.25,593,0.0,0.0
2026-07-16 16:40:00-04:00,29182.5,29189.75,29170.0,29174.5,804,0.0,0.0
2026-07-16 16:45:00-04:00,29172.75,29180.0,29167.5,29171.5,561,0.0,0.0
2026-07-16 16:50:00-04:00,29171.5,29178.0,29169.0,29175.0,374,0.0,0.0
2026-07-16 16:55:00-04:00,29175.0,29183.25,29169.0,29179.0,439,0.0,0.0
2026-07-16 18:00:00-04:00,29191.0,29220.0,29189.0,29214.75,0,0.0,0.0
2026-07-16 18:05:00-04:00,29213.0,29216.75,29199.75,29202.25,308,0.0,0.0
2026-07-16 18:10:00-04:00,29204.25,29205.25,29166.25,29185.0,479,0.0,0.0
2026-07-16 18:15:00-04:00,29186.5,29188.25,29165.0,29165.0,419,0.0,0.0
2026-07-16 18:20:00-04:00,29166.5,29170.75,29153.75,29160.5,486,0.0,0.0
2026-07-16 18:25:00-04:00,29160.0,29162.25,29136.5,29139.75,530,0.0,0.0
2026-07-16 18:30:00-04:00,29139.0,29159.25,29134.25,29142.25,612,0.0,0.0
2026-07-16 18:35:00-04:00,29143.75,29156.75,29137.75,29153.25,237,0.0,0.0
2026-07-16 18:40:00-04:00,29153.5,29154.75,29130.75,29149.5,452,0.0,0.0
2026-07-16 18:45:00-04:00,29149.5,29151.25,29125.0,29128.0,407,0.0,0.0
2026-07-16 18:50:00-04:00,29128.5,29140.25,29122.25,29124.25,389,0.0,0.0
2026-07-16 18:55:00-04:00,29124.0,29148.75,29115.25,29136.5,513,0.0,0.0
2026-07-16 19:00:00-04:00,29134.75,29144.75,29106.25,29135.0,653,0.0,0.0
2026-07-16 19:05:00-04:00,29135.25,29136.0,29111.0,29114.75,319,0.0,0.0
2026-07-16 19:10:00-04:00,29115.0,29140.0,29108.25,29130.75,345,0.0,0.0
2026-07-16 19:15:00-04:00,29133.0,29134.25,29106.75,29110.75,239,0.0,0.0
2026-07-16 19:20:00-04:00,29110.0,29112.0,29091.0,29091.0,498,0.0,0.0
2026-07-16 19:25:00-04:00,29092.5,29105.25,29075.75,29093.0,819,0.0,0.0
2026-07-16 19:30:00-04:00,29092.5,29096.5,29067.0,29080.0,749,0.0,0.0
2026-07-16 19:35:00-04:00,29080.25,29103.75,29060.0,29103.75,545,0.0,0.0
2026-07-16 19:40:00-04:00,29104.5,29129.75,29103.25,29109.25,572,0.0,0.0
2026-07-16 19:45:00-04:00,29110.25,29113.0,29089.25,29098.75,408,0.0,0.0
2026-07-16 19:50:00-04:00,29097.0,29118.0,29093.5,29108.75,327,0.0,0.0
2026-07-16 19:55:00-04:00,29109.5,29110.75,29082.75,29096.5,265,0.0,0.0
2026-07-16 20:00:00-04:00,29095.5,29124.25,29092.75,29096.0,573,0.0,0.0
2026-07-16 20:05:00-04:00,29093.75,29097.5,29052.5,29060.25,990,0.0,0.0
2026-07-16 20:10:00-04:00,29063.25,29063.75,29031.5,29043.5,1418,0.0,0.0
2026-07-16 20:15:00-04:00,29041.25,29076.0,29034.5,29048.5,1067,0.0,0.0
2026-07-16 20:20:00-04:00,29049.5,29062.25,29030.5,29036.25,723,0.0,0.0
2026-07-16 20:25:00-04:00,29036.0,29041.75,29011.0,29018.25,997,0.0,0.0
2026-07-16 20:30:00-04:00,29018.5,29030.5,29006.25,29017.0,976,0.0,0.0
2026-07-16 20:35:00-04:00,29018.0,29022.25,28993.5,29006.5,1131,0.0,0.0
2026-07-16 20:40:00-04:00,29009.0,29030.5,28995.0,29024.75,1002,0.0,0.0
2026-07-16 20:45:00-04:00,29024.5,29036.25,29017.75,29035.75,878,0.0,0.0
2026-07-16 20:50:00-04:00,29034.25,29068.0,29031.0,29066.75,872,0.0,0.0
2026-07-16 20:55:00-04:00,29068.0,29082.0,29056.0,29057.0,991,0.0,0.0
2026-07-16 21:00:00-04:00,29059.75,29105.5,29053.25,29092.5,1115,0.0,0.0
2026-07-16 21:05:00-04:00,29091.75,29091.75,29042.25,29055.75,1019,0.0,0.0
2026-07-16 21:10:00-04:00,29054.75,29061.0,29024.25,29029.25,799,0.0,0.0
2026-07-16 21:15:00-04:00,29031.75,29046.0,29014.0,29022.25,560,0.0,0.0
2026-07-16 21:20:00-04:00,29022.25,29033.75,29012.25,29020.75,463,0.0,0.0
2026-07-16 21:25:00-04:00,29021.0,29042.25,29010.5,29039.5,516,0.0,0.0
2026-07-16 21:30:00-04:00,29040.75,29044.0,28984.25,28986.75,1119,0.0,0.0
2026-07-16 21:35:00-04:00,28987.5,29011.25,28982.0,28996.25,617,0.0,0.0
2026-07-16 21:40:00-04:00,28994.25,29003.0,28964.5,28975.0,1464,0.0,0.0
2026-07-16 21:45:00-04:00,28972.25,28990.75,28951.75,28961.5,1224,0.0,0.0
2026-07-16 21:50:00-04:00,28963.75,28969.75,28945.75,28956.0,686,0.0,0.0
2026-07-16 21:55:00-04:00,28953.5,28979.75,28950.0,28972.0,653,0.0,0.0
2026-07-16 22:00:00-04:00,28970.75,28985.75,28963.25,28979.0,514,0.0,0.0
2026-07-16 22:05:00-04:00,28980.0,28982.5,28950.75,28952.25,478,0.0,0.0
2026-07-16 22:10:00-04:00,28951.5,28970.0,28950.0,28956.75,437,0.0,0.0
2026-07-16 22:15:00-04:00,28957.5,28961.25,28935.0,28948.0,500,0.0,0.0
2026-07-16 22:20:00-04:00,28948.5,28948.75,28926.0,28931.0,833,0.0,0.0
2026-07-16 22:25:00-04:00,28928.0,28938.75,28917.25,28928.75,567,0.0,0.0
2026-07-16 22:30:00-04:00,28927.25,28929.25,28908.5,28912.0,937,0.0,0.0
2026-07-16 22:35:00-04:00,28912.5,28922.25,28903.25,28913.5,501,0.0,0.0
2026-07-16 22:40:00-04:00,28914.0,28940.75,28908.5,28932.5,858,0.0,0.0
2026-07-16 22:45:00-04:00,28934.0,28940.0,28909.5,28913.75,459,0.0,0.0
2026-07-16 22:50:00-04:00,28914.5,28921.25,28905.25,28906.25,407,0.0,0.0
2026-07-16 22:55:00-04:00,28907.0,28934.25,28902.25,28925.0,722,0.0,0.0
2026-07-16 23:00:00-04:00,28926.25,28946.25,28915.0,28942.25,522,0.0,0.0
2026-07-16 23:05:00-04:00,28942.0,28957.0,28941.0,28951.75,509,0.0,0.0
2026-07-16 23:10:00-04:00,28950.75,28960.75,28947.25,28953.75,328,0.0,0.0
2026-07-16 23:15:00-04:00,28954.25,28983.0,28954.25,28981.5,560,0.0,0.0
2026-07-16 23:20:00-04:00,28980.75,29022.5,28979.5,28999.25,1344,0.0,0.0
2026-07-16 23:25:00-04:00,28998.5,29026.0,28998.0,29015.25,622,0.0,0.0
2026-07-16 23:30:00-04:00,29013.5,29016.75,28970.0,28977.0,878,0.0,0.0
2026-07-16 23:35:00-04:00,28977.5,28995.75,28967.0,28969.0,513,0.0,0.0
2026-07-16 23:40:00-04:00,28969.75,28970.5,28943.5,28954.5,961,0.0,0.0
2026-07-16 23:45:00-04:00,28957.0,28960.0,28935.0,28938.75,503,0.0,0.0
2026-07-16 23:50:00-04:00,28938.25,28941.0,28919.5,28921.25,719,0.0,0.0
2026-07-16 23:55:00-04:00,28920.25,28925.0,28913.75,28922.25,434,0.0,0.0
2026-07-17 00:05:00-04:00,28873.5,28879.25,28863.25,28863.25,2714,0.0,0.0
2026-07-17 00:10:00-04:00,28861.0,28870.75,28840.0,28850.0,1093,0.0,0.0
2026-07-17 00:15:00-04:00,28851.25,28858.0,28836.0,28841.75,684,0.0,0.0
2026-07-17 00:20:00-04:00,28842.0,28859.5,28825.75,28828.75,860,0.0,0.0
2026-07-17 00:25:00-04:00,28829.0,28829.0,28803.0,28809.5,1279,0.0,0.0
2026-07-17 00:30:00-04:00,28808.0,28826.0,28781.5,28791.0,1173,0.0,0.0
2026-07-17 00:35:00-04:00,28791.0,28802.75,28774.5,28797.25,1019,0.0,0.0
2026-07-17 00:40:00-04:00,28798.0,28819.0,28782.0,28809.5,1067,0.0,0.0
2026-07-17 00:45:00-04:00,28809.5,28837.0,28809.25,28824.75,859,0.0,0.0
2026-07-17 00:50:00-04:00,28826.0,28840.25,28820.0,28838.75,550,0.0,0.0
2026-07-17 00:55:00-04:00,28839.5,28841.25,28804.75,28804.75,754,0.0,0.0
2026-07-17 01:00:00-04:00,28806.0,28820.25,28787.75,28817.0,918,0.0,0.0
2026-07-17 01:05:00-04:00,28816.25,28818.75,28789.0,28806.0,512,0.0,0.0
2026-07-17 01:10:00-04:00,28804.75,28814.75,28789.5,28804.75,474,0.0,0.0
2026-07-17 01:15:00-04:00,28803.5,28823.0,28787.5,28810.5,665,0.0,0.0
2026-07-17 01:20:00-04:00,28811.75,28812.0,28789.0,28790.75,597,0.0,0.0
2026-07-17 01:25:00-04:00,28790.25,28802.0,28783.5,28791.0,449,0.0,0.0
2026-07-17 01:30:00-04:00,28792.5,28811.75,28762.0,28773.5,969,0.0,0.0
2026-07-17 01:35:00-04:00,28774.5,28784.25,28740.0,28743.5,1284,0.0,0.0
2026-07-17 01:40:00-04:00,28743.5,28759.75,28725.0,28759.75,964,0.0,0.0
2026-07-17 01:45:00-04:00,28758.5,28774.0,28739.0,28763.25,668,0.0,0.0
2026-07-17 01:50:00-04:00,28765.0,28768.0,28741.25,28758.25,652,0.0,0.0
2026-07-17 01:55:00-04:00,28760.0,28764.75,28733.25,28756.25,629,0.0,0.0
2026-07-17 02:00:00-04:00,28755.0,28774.0,28743.75,28763.0,1186,0.0,0.0
2026-07-17 02:05:00-04:00,28765.0,28773.0,28722.5,28732.0,1010,0.0,0.0
2026-07-17 02:10:00-04:00,28733.5,28768.25,28726.75,28756.75,770,0.0,0.0
2026-07-17 02:15:00-04:00,28757.5,28774.0,28745.5,28772.5,1001,0.0,0.0
2026-07-17 02:20:00-04:00,28772.5,28810.25,28771.75,28807.5,1122,0.0,0.0
2026-07-17 02:25:00-04:00,28810.0,28824.5,28806.25,28815.25,797,0.0,0.0
2026-07-17 02:30:00-04:00,28814.25,28825.0,28806.25,28816.75,598,0.0,0.0
2026-07-17 02:35:00-04:00,28816.25,28816.25,28773.5,28775.0,822,0.0,0.0
2026-07-17 02:40:00-04:00,28776.0,28783.25,28762.0,28776.5,516,0.0,0.0
2026-07-17 02:45:00-04:00,28774.25,28774.5,28739.0,28752.25,695,0.0,0.0
2026-07-17 02:50:00-04:00,28751.0,28755.25,28735.0,28745.0,636,0.0,0.0
2026-07-17 02:55:00-04:00,28746.25,28752.25,28730.5,28743.0,548,0.0,0.0
2026-07-17 03:00:00-04:00,28744.25,28767.5,28728.5,28765.5,1240,0.0,0.0
2026-07-17 03:05:00-04:00,28765.75,28766.25,28724.75,28736.0,815,0.0,0.0
2026-07-17 03:10:00-04:00,28733.25,28752.5,28720.5,28751.5,796,0.0,0.0
2026-07-17 03:15:00-04:00,28752.25,28765.75,28743.5,28757.0,608,0.0,0.0
2026-07-17 03:20:00-04:00,28756.75,28756.75,28717.5,28723.5,793,0.0,0.0
2026-07-17 03:25:00-04:00,28719.75,28755.5,28713.5,28748.0,706,0.0,0.0
2026-07-17 03:30:00-04:00,28750.0,28759.5,28727.0,28727.0,505,0.0,0.0
2026-07-17 03:35:00-04:00,28724.0,28725.5,28708.0,28720.75,608,0.0,0.0
2026-07-17 03:40:00-04:00,28721.0,28730.25,28702.5,28715.75,655,0.0,0.0
2026-07-17 03:45:00-04:00,28715.25,28716.0,28688.75,28708.0,899,0.0,0.0
2026-07-17 03:50:00-04:00,28709.25,28713.75,28697.25,28703.0,384,0.0,0.0
2026-07-17 03:55:00-04:00,28700.75,28722.25,28682.5,28688.0,711,0.0,0.0
2026-07-17 04:00:00-04:00,28687.5,28731.0,28680.0,28720.5,1242,0.0,0.0
2026-07-17 04:05:00-04:00,28722.25,28735.0,28694.25,28709.5,973,0.0,0.0
2026-07-17 04:10:00-04:00,28708.5,28708.5,28667.5,28678.0,995,0.0,0.0
2026-07-17 04:15:00-04:00,28677.75,28678.5,28580.75,28591.25,3687,0.0,0.0
2026-07-17 04:20:00-04:00,28592.25,28614.75,28579.0,28600.5,1472,0.0,0.0
2026-07-17 04:25:00-04:00,28599.0,28634.25,28577.25,28609.75,1277,0.0,0.0
2026-07-17 04:30:00-04:00,28609.5,28617.75,28577.25,28581.0,966,0.0,0.0
2026-07-17 04:35:00-04:00,28583.75,28591.0,28562.75,28571.25,990,0.0,0.0
2026-07-17 04:40:00-04:00,28573.0,28592.0,28550.0,28585.75,1083,0.0,0.0
2026-07-17 04:45:00-04:00,28584.25,28615.5,28581.25,28594.0,858,0.0,0.0
2026-07-17 04:50:00-04:00,28593.75,28634.5,28592.0,28625.25,921,0.0,0.0
2026-07-17 04:55:00-04:00,28625.0,28662.0,28623.75,28630.0,1344,0.0,0.0
2026-07-17 05:00:00-04:00,28628.75,28641.0,28618.75,28637.75,796,0.0,0.0
2026-07-17 05:05:00-04:00,28639.75,28651.5,28624.25,28648.75,606,0.0,0.0
2026-07-17 05:10:00-04:00,28648.5,28675.5,28638.75,28673.5,838,0.0,0.0
2026-07-17 05:15:00-04:00,28671.5,28673.5,28630.0,28638.75,906,0.0,0.0
2026-07-17 05:20:00-04:00,28639.75,28668.0,28632.75,28668.0,571,0.0,0.0
2026-07-17 05:25:00-04:00,28668.5,28690.5,28667.25,28690.0,688,0.0,0.0
2026-07-17 05:30:00-04:00,28691.0,28694.5,28661.75,28665.5,565,0.0,0.0
2026-07-17 05:35:00-04:00,28665.25,28716.0,28664.25,28707.0,711,0.0,0.0
2026-07-17 05:40:00-04:00,28708.0,28708.5,28678.0,28686.0,647,0.0,0.0
2026-07-17 05:45:00-04:00,28685.0,28711.75,28683.75,28690.75,664,0.0,0.0
2026-07-17 05:50:00-04:00,28691.75,28728.0,28690.5,28714.75,790,0.0,0.0
2026-07-17 05:55:00-04:00,28713.75,28714.75,28695.75,28711.5,634,0.0,0.0
2026-07-17 06:00:00-04:00,28711.75,28730.0,28691.5,28712.25,919,0.0,0.0
2026-07-17 06:05:00-04:00,28712.25,28743.0,28712.25,28740.0,945,0.0,0.0
2026-07-17 06:10:00-04:00,28740.0,28772.25,28726.0,28766.25,1668,0.0,0.0
2026-07-17 06:15:00-04:00,28767.0,28787.25,28754.75,28762.25,1175,0.0,0.0
2026-07-17 06:20:00-04:00,28758.25,28765.0,28722.0,28744.5,1268,0.0,0.0
2026-07-17 06:25:00-04:00,28744.5,28782.0,28724.25,28773.5,807,0.0,0.0
2026-07-17 06:30:00-04:00,28772.25,28791.75,28763.0,28791.5,889,0.0,0.0
2026-07-17 06:35:00-04:00,28792.25,28822.0,28789.75,28818.5,1411,0.0,0.0
2026-07-17 06:40:00-04:00,28817.75,28825.5,28793.75,28801.25,1245,0.0,0.0
2026-07-17 06:45:00-04:00,28799.25,28815.0,28790.0,28800.0,810,0.0,0.0
2026-07-17 06:50:00-04:00,28799.0,28804.0,28788.0,28794.0,457,0.0,0.0
2026-07-17 06:55:00-04:00,28793.75,28803.75,28777.0,28785.0,772,0.0,0.0
2026-07-17 07:00:00-04:00,28786.75,28808.25,28752.0,28762.75,1360,0.0,0.0
2026-07-17 07:05:00-04:00,28761.5,28781.75,28750.0,28755.0,1247,0.0,0.0
2026-07-17 07:10:00-04:00,28753.75,28780.25,28750.75,28757.25,727,0.0,0.0
2026-07-17 07:15:00-04:00,28759.25,28760.75,28740.5,28742.5,702,0.0,0.0
2026-07-17 07:20:00-04:00,28742.5,28751.25,28728.25,28743.5,861,0.0,0.0
2026-07-17 07:25:00-04:00,28745.25,28775.0,28745.0,28761.75,1031,0.0,0.0
2026-07-17 07:30:00-04:00,28763.0,28765.0,28738.5,28749.0,511,0.0,0.0
2026-07-17 07:35:00-04:00,28749.0,28762.25,28748.5,28748.5,454,0.0,0.0
2026-07-17 07:40:00-04:00,28750.25,28755.75,28713.5,28729.75,734,0.0,0.0
2026-07-17 07:45:00-04:00,28727.5,28749.0,28718.0,28744.75,632,0.0,0.0
2026-07-17 07:50:00-04:00,28744.25,28764.25,28725.5,28757.5,690,0.0,0.0
2026-07-17 07:55:00-04:00,28756.5,28762.0,28736.0,28741.5,438,0.0,0.0
2026-07-17 08:00:00-04:00,28740.0,28744.75,28694.0,28699.75,1114,0.0,0.0
2026-07-17 08:05:00-04:00,28697.75,28701.25,28682.25,28685.0,1151,0.0,0.0
2026-07-17 08:10:00-04:00,28686.0,28695.75,28675.0,28683.75,955,0.0,0.0
2026-07-17 08:15:00-04:00,28683.25,28689.5,28670.75,28675.25,661,0.0,0.0
2026-07-17 08:20:00-04:00,28676.0,28696.75,28671.0,28688.0,732,0.0,0.0
2026-07-17 08:25:00-04:00,28688.75,28693.25,28662.0,28675.75,1044,0.0,0.0
2026-07-17 08:30:00-04:00,28674.75,28679.75,28661.0,28669.0,873,0.0,0.0
2026-07-17 08:35:00-04:00,28669.0,28682.75,28662.5,28673.0,818,0.0,0.0
2026-07-17 08:40:00-04:00,28672.5,28683.75,28650.75,28674.5,1245,0.0,0.0
2026-07-17 08:45:00-04:00,28675.25,28690.75,28651.5,28652.25,1255,0.0,0.0
2026-07-17 08:50:00-04:00,28651.5,28673.25,28645.5,28671.5,889,0.0,0.0
2026-07-17 08:55:00-04:00,28670.5,28686.5,28660.0,28664.5,1100,0.0,0.0
2026-07-17 09:00:00-04:00,28664.75,28665.75,28635.0,28644.75,1591,0.0,0.0
2026-07-17 09:05:00-04:00,28644.5,28651.25,28625.0,28628.25,1544,0.0,0.0
2026-07-17 09:10:00-04:00,28627.25,28635.25,28619.75,28621.5,1090,0.0,0.0
2026-07-17 09:15:00-04:00,28621.0,28635.75,28611.5,28615.0,1493,0.0,0.0
2026-07-17 09:20:00-04:00,28614.25,28630.25,28596.75,28599.0,1806,0.0,0.0
2026-07-17 09:25:00-04:00,28599.5,28648.25,28581.0,28607.75,6215,0.0,0.0
2026-07-17 09:30:00-04:00,28607.0,28686.0,28539.75,28553.25,16788,0.0,0.0
2026-07-17 09:35:00-04:00,28554.75,28571.25,28457.75,28463.5,12169,0.0,0.0
2026-07-17 09:40:00-04:00,28463.0,28512.0,28408.25,28420.0,12845,0.0,0.0
2026-07-17 09:45:00-04:00,28419.5,28519.0,28412.0,28499.25,10817,0.0,0.0
2026-07-17 09:50:00-04:00,28498.5,28614.5,28486.25,28601.5,10630,0.0,0.0
2026-07-17 09:55:00-04:00,28601.25,28681.75,28578.25,28676.0,9562,0.0,0.0
2026-07-17 10:00:00-04:00,28676.0,28783.75,28665.25,28718.25,14333,0.0,0.0
2026-07-17 10:05:00-04:00,28718.0,28817.0,28718.0,28810.0,9949,0.0,0.0
2026-07-17 10:10:00-04:00,28810.0,28862.25,28783.0,28803.5,10733,0.0,0.0
2026-07-17 10:15:00-04:00,28804.0,28885.5,28779.75,28848.75,9882,0.0,0.0
2026-07-17 10:20:00-04:00,28850.0,28879.0,28815.5,28866.0,8098,0.0,0.0
2026-07-17 10:25:00-04:00,28865.5,28887.5,28816.5,28832.0,6574,0.0,0.0
2026-07-17 10:30:00-04:00,28832.0,28850.25,28760.25,28790.5,9270,0.0,0.0
2026-07-17 10:35:00-04:00,28791.5,28894.75,28788.0,28894.0,9648,0.0,0.0
2026-07-17 10:40:00-04:00,28892.75,28896.0,28806.0,28825.5,6695,0.0,0.0
2026-07-17 10:45:00-04:00,28824.5,28857.75,28768.25,28788.25,6888,0.0,0.0
2026-07-17 10:50:00-04:00,28789.5,28814.0,28748.25,28762.5,5677,0.0,0.0
2026-07-17 10:55:00-04:00,28762.5,28808.75,28721.0,28727.0,6002,0.0,0.0
2026-07-17 11:00:00-04:00,28727.0,28742.25,28685.0,28690.0,5924,0.0,0.0
2026-07-17 11:05:00-04:00,28689.75,28733.0,28676.75,28730.75,5373,0.0,0.0
2026-07-17 11:10:00-04:00,28729.75,28755.75,28688.0,28706.5,4992,0.0,0.0
2026-07-17 11:15:00-04:00,28707.25,28747.25,28686.0,28725.25,4450,0.0,0.0
2026-07-17 11:20:00-04:00,28726.0,28742.75,28672.25,28691.5,5446,0.0,0.0
2026-07-17 11:25:00-04:00,28692.25,28760.0,28688.25,28753.5,4745,0.0,0.0
2026-07-17 11:30:00-04:00,28753.25,28790.75,28718.0,28753.5,7102,0.0,0.0
2026-07-17 11:35:00-04:00,28753.75,28832.5,28725.0,28822.5,5575,0.0,0.0
2026-07-17 11:40:00-04:00,28823.0,28843.5,28766.25,28799.0,5230,0.0,0.0
2026-07-17 11:45:00-04:00,28797.0,28828.0,28781.5,28826.0,3859,0.0,0.0
2026-07-17 11:50:00-04:00,28824.5,28885.25,28800.75,28884.0,4919,0.0,0.0
2026-07-17 11:55:00-04:00,28884.0,28948.5,28879.25,28933.5,7051,0.0,0.0
2026-07-17 12:00:00-04:00,28934.0,28955.75,28856.75,28885.75,8907,0.0,0.0
2026-07-17 12:05:00-04:00,28885.25,28918.0,28846.0,28918.0,4426,0.0,0.0
2026-07-17 12:10:00-04:00,28916.75,28944.5,28897.5,28939.0,4969,0.0,0.0
2026-07-17 12:15:00-04:00,28939.75,28956.0,28925.25,28941.25,4841,0.0,0.0
2026-07-17 12:20:00-04:00,28941.25,28949.5,28864.75,28868.75,4646,0.0,0.0
2026-07-17 12:25:00-04:00,28867.75,28942.75,28858.0,28913.5,4612,0.0,0.0
2026-07-17 12:30:00-04:00,28914.25,28930.25,28885.75,28903.75,3035,0.0,0.0
2026-07-17 12:35:00-04:00,28904.75,28941.0,28903.25,28927.0,2934,0.0,0.0
2026-07-17 12:40:00-04:00,28926.75,28972.25,28902.0,28971.0,4150,0.0,0.0
2026-07-17 12:45:00-04:00,28971.0,29002.75,28962.5,28997.25,5079,0.0,0.0
2026-07-17 12:50:00-04:00,28998.0,29028.0,28983.25,29010.25,4891,0.0,0.0
2026-07-17 12:55:00-04:00,29010.75,29019.5,28960.5,28974.25,4139,0.0,0.0
2026-07-17 13:00:00-04:00,28974.75,29033.5,28966.25,29010.75,4739,0.0,0.0
2026-07-17 13:05:00-04:00,29010.25,29039.5,29001.0,29034.25,3268,0.0,0.0
2026-07-17 13:10:00-04:00,29034.0,29050.25,28994.75,28995.75,3593,0.0,0.0
2026-07-17 13:15:00-04:00,28995.5,29042.75,28987.0,29003.25,3405,0.0,0.0
2026-07-17 13:20:00-04:00,29000.5,29005.0,28979.25,28989.5,3833,0.0,0.0
2026-07-17 13:25:00-04:00,28990.5,29041.0,28988.25,29035.5,3866,0.0,0.0
2026-07-17 13:30:00-04:00,29035.75,29042.25,29014.0,29017.5,2986,0.0,0.0
2026-07-17 13:35:00-04:00,29019.0,29023.75,28972.0,28980.5,3390,0.0,0.0
2026-07-17 13:40:00-04:00,28981.25,28983.5,28943.0,28950.25,3723,0.0,0.0
2026-07-17 13:45:00-04:00,28949.75,28969.75,28940.0,28961.25,2420,0.0,0.0
2026-07-17 13:50:00-04:00,28961.5,28967.25,28914.5,28919.75,3148,0.0,0.0
2026-07-17 13:55:00-04:00,28920.0,28925.5,28883.75,28895.75,3456,0.0,0.0
2026-07-17 14:00:00-04:00,28896.25,28937.0,28882.0,28906.75,3662,0.0,0.0
2026-07-17 14:05:00-04:00,28906.25,28906.25,28870.25,28873.5,3582,0.0,0.0
2026-07-17 14:10:00-04:00,28873.75,28881.75,28856.25,28862.25,2479,0.0,0.0
2026-07-17 14:15:00-04:00,28863.25,28870.75,28831.25,28848.0,3936,0.0,0.0
2026-07-17 14:20:00-04:00,28847.75,28862.5,28825.25,28838.25,3665,0.0,0.0
2026-07-17 14:25:00-04:00,28837.5,28856.25,28822.5,28851.75,2643,0.0,0.0
2026-07-17 14:30:00-04:00,28852.0,28891.75,28825.0,28841.5,4415,0.0,0.0
2026-07-17 14:35:00-04:00,28842.0,28855.0,28830.75,28837.75,2124,0.0,0.0
2026-07-17 14:40:00-04:00,28839.0,28843.25,28797.0,28808.75,5165,0.0,0.0
2026-07-17 14:45:00-04:00,28808.25,28869.75,28797.0,28847.75,4086,0.0,0.0
2026-07-17 14:50:00-04:00,28846.75,28881.25,28832.0,28880.25,3404,0.0,0.0
2026-07-17 14:55:00-04:00,28880.75,28886.0,28852.25,28861.25,2801,0.0,0.0
2026-07-17 15:00:00-04:00,28861.0,28869.25,28830.5,28850.5,3465,0.0,0.0
2026-07-17 15:05:00-04:00,28850.75,28858.25,28809.75,28816.25,2458,0.0,0.0
2026-07-17 15:10:00-04:00,28815.0,28820.5,28757.75,28760.0,3918,0.0,0.0
2026-07-17 15:15:00-04:00,28759.25,28775.25,28734.5,28767.25,4617,0.0,0.0
2026-07-17 15:20:00-04:00,28767.25,28767.75,28734.0,28734.75,2647,0.0,0.0
2026-07-17 15:25:00-04:00,28735.25,28807.0,28718.5,28795.5,4405,0.0,0.0
2026-07-17 15:30:00-04:00,28795.75,28846.5,28791.75,28801.5,6757,0.0,0.0
2026-07-17 15:35:00-04:00,28801.75,28825.25,28766.5,28767.25,3508,0.0,0.0
2026-07-17 15:40:00-04:00,28767.75,28809.0,28753.75,28795.5,3898,0.0,0.0
2026-07-17 15:45:00-04:00,28795.5,28830.75,28788.0,28827.25,4369,0.0,0.0
2026-07-17 15:50:00-04:00,28827.25,28853.5,28806.75,28838.0,6624,0.0,0.0
2026-07-17 15:55:00-04:00,28836.75,28848.5,28756.0,28764.25,12635,0.0,0.0
2026-07-17 16:00:00-04:00,28764.5,28768.0,28712.5,28728.5,7817,0.0,0.0
2026-07-17 16:05:00-04:00,28727.0,28741.75,28717.0,28736.0,2406,0.0,0.0
2026-07-17 16:10:00-04:00,28736.25,28748.5,28716.5,28738.5,2247,0.0,0.0
2026-07-17 16:15:00-04:00,28738.75,28747.25,28733.5,28744.5,910,0.0,0.0
2026-07-17 16:20:00-04:00,28744.75,28753.0,28741.5,28748.75,942,0.0,0.0
2026-07-17 16:25:00-04:00,28749.5,28754.5,28746.75,28749.75,753,0.0,0.0
2026-07-17 16:30:00-04:00,28749.5,28768.75,28749.25,28762.25,1321,0.0,0.0
2026-07-17 16:35:00-04:00,28761.5,28761.5,28750.5,28756.25,882,0.0,0.0
2026-07-17 16:40:00-04:00,28755.75,28768.25,28754.75,28767.25,609,0.0,0.0
2026-07-17 16:45:00-04:00,28767.5,28771.25,28757.5,28758.5,427,0.0,0.0
2026-07-17 16:50:00-04:00,28758.25,28767.75,28754.5,28765.25,579,0.0,0.0
2026-07-17 16:55:00-04:00,28766.25,28779.75,28761.0,28773.25,684,0.0,0.0
2026-07-19 18:10:00-04:00,28733.75,28737.75,28709.75,28715.75,628,0.0,0.0
2026-07-19 18:15:00-04:00,28715.25,28790.0,28714.25,28781.5,1216,0.0,0.0
2026-07-19 18:20:00-04:00,28781.75,28818.75,28781.0,28784.0,1121,0.0,0.0
2026-07-19 18:25:00-04:00,28781.0,28788.5,28761.5,28766.5,839,0.0,0.0
2026-07-19 18:30:00-04:00,28763.75,28830.0,28757.75,28827.5,1217,0.0,0.0
2026-07-19 18:35:00-04:00,28827.5,28837.75,28801.75,28811.25,532,0.0,0.0
2026-07-19 18:40:00-04:00,28813.5,28851.0,28813.5,28838.25,599,0.0,0.0
2026-07-19 18:45:00-04:00,28839.0,28848.25,28817.0,28831.0,527,0.0,0.0
2026-07-19 18:50:00-04:00,28831.0,28834.75,28811.25,28817.75,470,0.0,0.0
2026-07-19 18:55:00-04:00,28820.0,28823.75,28810.0,28814.5,320,0.0,0.0
2026-07-19 19:00:00-04:00,28818.0,28825.5,28785.0,28793.75,668,0.0,0.0
2026-07-19 19:05:00-04:00,28793.5,28824.0,28787.25,28821.5,447,0.0,0.0
2026-07-19 19:10:00-04:00,28824.5,28836.25,28807.0,28812.5,398,0.0,0.0
2026-07-19 19:15:00-04:00,28814.0,28818.25,28789.0,28800.5,309,0.0,0.0
2026-07-19 19:20:00-04:00,28800.25,28817.5,28781.0,28814.75,375,0.0,0.0
2026-07-19 19:25:00-04:00,28814.25,28824.75,28790.75,28805.25,374,0.0,0.0
2026-07-19 19:30:00-04:00,28805.5,28819.75,28793.75,28816.75,293,0.0,0.0
2026-07-19 19:35:00-04:00,28820.0,28838.0,28810.0,28835.25,577,0.0,0.0
2026-07-19 19:40:00-04:00,28831.75,28868.5,28825.0,28864.5,808,0.0,0.0
2026-07-19 19:45:00-04:00,28866.75,28868.0,28815.0,28827.5,847,0.0,0.0
2026-07-19 19:50:00-04:00,28828.25,28862.0,28826.75,28842.75,387,0.0,0.0
2026-07-19 19:55:00-04:00,28844.75,28880.25,28841.0,28868.25,719,0.0,0.0
2026-07-19 20:00:00-04:00,28870.0,28873.25,28806.0,28870.5,1437,0.0,0.0
2026-07-19 20:05:00-04:00,28868.0,28938.0,28867.5,28925.0,1879,0.0,0.0
2026-07-19 20:10:00-04:00,28924.5,28956.5,28918.5,28940.25,1191,0.0,0.0
2026-07-19 20:15:00-04:00,28940.25,28963.5,28937.5,28957.5,1166,0.0,0.0
2026-07-19 20:20:00-04:00,28957.5,28962.5,28937.5,28947.5,605,0.0,0.0
2026-07-19 20:25:00-04:00,28947.25,28948.75,28926.5,28935.0,776,0.0,0.0
2026-07-19 20:30:00-04:00,28935.75,28938.25,28875.0,28876.25,993,0.0,0.0
2026-07-19 20:35:00-04:00,28875.75,28923.75,28873.0,28897.25,955,0.0,0.0
2026-07-19 20:40:00-04:00,28896.0,28935.5,28885.5,28886.25,724,0.0,0.0
2026-07-19 20:45:00-04:00,28888.0,28900.25,28858.25,28884.25,1115,0.0,0.0
2026-07-19 20:50:00-04:00,28884.75,28887.25,28861.5,28864.75,348,0.0,0.0
2026-07-19 20:55:00-04:00,28864.5,28890.0,28850.0,28859.25,549,0.0,0.0
2026-07-19 21:00:00-04:00,28861.75,28888.25,28846.5,28862.5,712,0.0,0.0
2026-07-19 21:05:00-04:00,28862.25,28906.5,28858.0,28905.0,672,0.0,0.0
2026-07-19 21:10:00-04:00,28903.75,28917.5,28846.5,28853.0,734,0.0,0.0
2026-07-19 21:15:00-04:00,28853.0,28869.5,28830.0,28834.25,1050,0.0,0.0
2026-07-19 21:20:00-04:00,28833.75,28879.0,28820.5,28864.25,874,0.0,0.0
2026-07-19 21:25:00-04:00,28864.5,28885.0,28811.5,28815.5,938,0.0,0.0
2026-07-19 21:30:00-04:00,28815.0,28829.5,28803.75,28810.0,808,0.0,0.0
2026-07-19 21:35:00-04:00,28807.75,28834.0,28802.0,28824.25,586,0.0,0.0
2026-07-19 21:40:00-04:00,28822.5,28834.75,28776.5,28796.5,1094,0.0,0.0
2026-07-19 21:45:00-04:00,28796.25,28819.5,28786.5,28811.25,535,0.0,0.0
2026-07-19 21:50:00-04:00,28814.0,28814.25,28767.0,28771.25,780,0.0,0.0
2026-07-19 21:55:00-04:00,28769.5,28806.0,28762.75,28795.75,722,0.0,0.0
2026-07-19 22:00:00-04:00,28798.5,28885.0,28795.75,28874.25,1452,0.0,0.0
2026-07-19 22:05:00-04:00,28873.5,28889.0,28866.0,28870.5,594,0.0,0.0
2026-07-19 22:10:00-04:00,28869.75,28869.75,28833.0,28838.25,567,0.0,0.0
2026-07-19 22:15:00-04:00,28839.5,28846.5,28808.25,28810.0,646,0.0,0.0
2026-07-19 22:20:00-04:00,28813.0,28814.5,28793.0,28801.5,591,0.0,0.0
2026-07-19 22:25:00-04:00,28804.75,28823.5,28793.0,28811.25,397,0.0,0.0
2026-07-19 22:30:00-04:00,28811.0,28877.0,28809.5,28863.25,928,0.0,0.0
2026-07-19 22:35:00-04:00,28863.0,28888.75,28855.25,28860.25,454,0.0,0.0
2026-07-19 22:40:00-04:00,28861.25,28917.75,28856.5,28899.25,706,0.0,0.0
2026-07-19 22:45:00-04:00,28901.25,28938.25,28892.75,28931.5,894,0.0,0.0
2026-07-19 22:50:00-04:00,28932.5,28948.0,28901.75,28906.75,622,0.0,0.0
2026-07-19 22:55:00-04:00,28906.75,28912.0,28883.75,28886.0,439,0.0,0.0
2026-07-19 23:00:00-04:00,28888.0,28913.0,28881.25,28887.75,353,0.0,0.0
2026-07-19 23:05:00-04:00,28884.0,28885.5,28856.0,28872.75,488,0.0,0.0
2026-07-19 23:10:00-04:00,28872.5,28892.0,28866.75,28884.75,335,0.0,0.0
2026-07-19 23:15:00-04:00,28883.75,28913.75,28877.5,28888.5,589,0.0,0.0
2026-07-19 23:20:00-04:00,28888.75,28899.0,28863.0,28895.0,432,0.0,0.0
2026-07-19 23:25:00-04:00,28894.0,28895.5,28870.0,28876.5,232,0.0,0.0
2026-07-19 23:30:00-04:00,28876.5,28902.75,28864.5,28868.0,472,0.0,0.0
2026-07-19 23:35:00-04:00,28866.5,28890.5,28851.0,28887.0,490,0.0,0.0
2026-07-19 23:40:00-04:00,28887.0,28903.25,28869.75,28898.5,341,0.0,0.0
2026-07-19 23:45:00-04:00,28900.0,28905.5,28884.75,28901.25,251,0.0,0.0
2026-07-19 23:50:00-04:00,28900.0,28937.75,28900.0,28932.25,754,0.0,0.0
2026-07-19 23:55:00-04:00,28935.5,28935.5,28881.0,28894.5,519,0.0,0.0
2026-07-20 00:00:00-04:00,28900.0,28918.75,28886.0,28895.25,604,0.0,0.0
2026-07-20 00:05:00-04:00,28894.0,28897.75,28871.25,28881.25,293,0.0,0.0
2026-07-20 00:10:00-04:00,28883.0,28887.5,28863.0,28867.25,398,0.0,0.0
2026-07-20 00:15:00-04:00,28867.25,28867.25,28844.5,28852.75,436,0.0,0.0
2026-07-20 00:20:00-04:00,28853.0,28866.75,28844.75,28861.75,283,0.0,0.0
2026-07-20 00:25:00-04:00,28862.5,28902.75,28861.5,28900.5,429,0.0,0.0
2026-07-20 00:30:00-04:00,28900.25,28936.5,28888.25,28905.75,581,0.0,0.0
2026-07-20 00:35:00-04:00,28906.75,28935.25,28899.25,28925.25,390,0.0,0.0
2026-07-20 00:40:00-04:00,28924.25,28940.25,28905.75,28933.5,742,0.0,0.0
2026-07-20 00:45:00-04:00,28934.75,28941.75,28925.5,28937.25,238,0.0,0.0
2026-07-20 00:50:00-04:00,28938.5,28942.0,28913.75,28913.75,404,0.0,0.0
2026-07-20 00:55:00-04:00,28915.25,28920.0,28892.75,28897.75,334,0.0,0.0
2026-07-20 01:00:00-04:00,28898.0,28901.75,28873.25,28876.0,478,0.0,0.0
2026-07-20 01:05:00-04:00,28875.25,28876.25,28844.75,28850.0,680,0.0,0.0
2026-07-20 01:10:00-04:00,28850.75,28869.0,28812.75,28862.25,1116,0.0,0.0
2026-07-20 01:15:00-04:00,28862.5,28862.5,28838.5,28852.75,317,0.0,0.0
2026-07-20 01:20:00-04:00,28851.5,28856.0,28826.25,28837.75,244,0.0,0.0
2026-07-20 01:25:00-04:00,28840.5,28849.75,28829.0,28832.75,271,0.0,0.0
2026-07-20 01:30:00-04:00,28831.25,28839.0,28817.5,28826.0,395,0.0,0.0
2026-07-20 01:35:00-04:00,28825.25,28836.75,28814.0,28816.5,432,0.0,0.0
2026-07-20 01:40:00-04:00,28817.0,28832.0,28809.0,28813.0,410,0.0,0.0
2026-07-20 01:45:00-04:00,28813.25,28832.25,28805.25,28819.5,435,0.0,0.0
2026-07-20 01:50:00-04:00,28819.5,28819.75,28790.0,28794.5,405,0.0,0.0
2026-07-20 01:55:00-04:00,28793.25,28828.0,28789.0,28807.25,437,0.0,0.0
2026-07-20 02:00:00-04:00,28808.0,28823.75,28798.5,28819.25,542,0.0,0.0
2026-07-20 02:05:00-04:00,28818.0,28821.0,28795.75,28802.0,284,0.0,0.0
2026-07-20 02:10:00-04:00,28801.75,28801.75,28781.75,28785.5,430,0.0,0.0
2026-07-20 02:15:00-04:00,28783.5,28809.0,28777.75,28800.5,529,0.0,0.0
2026-07-20 02:20:00-04:00,28804.0,28815.25,28770.25,28772.0,463,0.0,0.0
2026-07-20 02:25:00-04:00,28771.5,28795.5,28768.75,28785.0,289,0.0,0.0
2026-07-20 02:30:00-04:00,28786.5,28797.25,28775.75,28778.0,243,0.0,0.0
2026-07-20 02:35:00-04:00,28775.75,28785.75,28766.0,28776.25,349,0.0,0.0
2026-07-20 02:40:00-04:00,28773.0,28813.5,28772.25,28804.25,602,0.0,0.0
2026-07-20 02:45:00-04:00,28802.5,28804.0,28778.5,28788.5,349,0.0,0.0
2026-07-20 02:50:00-04:00,28790.0,28808.0,28790.0,28799.25,212,0.0,0.0
2026-07-20 02:55:00-04:00,28801.25,28811.5,28781.5,28803.5,467,0.0,0.0
2026-07-20 03:00:00-04:00,28805.75,28833.75,28804.5,28820.75,757,0.0,0.0
2026-07-20 03:05:00-04:00,28822.25,28829.5,28805.75,28817.0,450,0.0,0.0
2026-07-20 03:10:00-04:00,28820.0,28829.5,28810.0,28819.25,376,0.0,0.0
2026-07-20 03:15:00-04:00,28820.75,28823.75,28797.75,28809.75,422,0.0,0.0
2026-07-20 03:20:00-04:00,28810.0,28851.25,28800.0,28843.5,710,0.0,0.0
2026-07-20 03:25:00-04:00,28842.25,28885.75,28840.0,28880.25,650,0.0,0.0
2026-07-20 03:30:00-04:00,28880.0,28921.25,28878.25,28911.0,896,0.0,0.0
2026-07-20 03:35:00-04:00,28911.75,28921.0,28897.0,28909.5,777,0.0,0.0
2026-07-20 03:40:00-04:00,28912.25,28926.0,28890.75,28905.5,636,0.0,0.0
2026-07-20 03:45:00-04:00,28905.5,28918.0,28882.25,28886.25,480,0.0,0.0
2026-07-20 03:50:00-04:00,28884.5,28898.75,28879.0,28891.5,273,0.0,0.0
2026-07-20 03:55:00-04:00,28891.5,28923.0,28890.5,28911.0,617,0.0,0.0
2026-07-20 04:00:00-04:00,28908.25,28934.25,28905.5,28921.5,707,0.0,0.0
2026-07-20 04:05:00-04:00,28920.75,28928.0,28889.5,28899.0,580,0.0,0.0
2026-07-20 04:10:00-04:00,28900.5,28928.5,28893.75,28926.75,381,0.0,0.0
2026-07-20 04:15:00-04:00,28928.25,28939.75,28913.75,28915.25,617,0.0,0.0
2026-07-20 04:20:00-04:00,28915.25,28918.5,28900.5,28909.5,385,0.0,0.0
2026-07-20 04:25:00-04:00,28908.75,28911.75,28895.5,28902.5,377,0.0,0.0
2026-07-20 04:30:00-04:00,28902.25,28907.25,28869.75,28884.5,468,0.0,0.0
2026-07-20 04:35:00-04:00,28883.0,28883.5,28862.0,28874.25,329,0.0,0.0
2026-07-20 04:40:00-04:00,28875.0,28887.25,28860.0,28863.25,364,0.0,0.0
2026-07-20 04:45:00-04:00,28864.75,28886.75,28860.75,28886.75,269,0.0,0.0
2026-07-20 04:50:00-04:00,28885.5,28890.0,28863.75,28866.0,273,0.0,0.0
2026-07-20 04:55:00-04:00,28867.5,28885.75,28865.0,28882.0,170,0.0,0.0
2026-07-20 05:00:00-04:00,28879.25,28888.5,28869.25,28877.0,213,0.0,0.0
2026-07-20 05:05:00-04:00,28876.75,28884.0,28854.0,28874.0,374,0.0,0.0
2026-07-20 05:10:00-04:00,28874.0,28883.25,28869.25,28878.0,225,0.0,0.0
2026-07-20 05:15:00-04:00,28878.0,28902.75,28878.0,28882.0,297,0.0,0.0
2026-07-20 05:20:00-04:00,28883.0,28915.75,28883.0,28905.5,365,0.0,0.0
2026-07-20 05:25:00-04:00,28905.5,28914.5,28901.0,28904.75,215,0.0,0.0
2026-07-20 05:30:00-04:00,28904.25,28919.0,28898.0,28907.5,336,0.0,0.0
2026-07-20 05:35:00-04:00,28907.25,28923.75,28907.0,28922.75,258,0.0,0.0
2026-07-20 05:40:00-04:00,28923.25,28941.5,28921.25,28940.75,488,0.0,0.0
2026-07-20 05:45:00-04:00,28941.0,28967.0,28940.0,28966.25,897,0.0,0.0
2026-07-20 05:50:00-04:00,28965.75,28998.25,28963.5,28970.5,1457,0.0,0.0
2026-07-20 05:55:00-04:00,28969.75,28969.75,28948.5,28952.5,703,0.0,0.0
2026-07-20 06:00:00-04:00,28952.75,28957.5,28937.25,28944.0,446,0.0,0.0
2026-07-20 06:05:00-04:00,28943.25,28943.5,28926.5,28935.5,290,0.0,0.0
2026-07-20 06:10:00-04:00,28934.5,28944.5,28929.0,28933.25,318,0.0,0.0
2026-07-20 06:15:00-04:00,28932.75,28937.75,28920.5,28933.5,478,0.0,0.0
2026-07-20 06:20:00-04:00,28934.25,28954.0,28931.5,28945.75,450,0.0,0.0
2026-07-20 06:25:00-04:00,28945.25,28962.25,28933.0,28956.75,657,0.0,0.0
2026-07-20 06:30:00-04:00,28955.0,28976.0,28950.0,28965.75,702,0.0,0.0
2026-07-20 06:35:00-04:00,28964.0,28966.0,28947.25,28954.5,295,0.0,0.0
2026-07-20 06:40:00-04:00,28955.0,28971.25,28949.25,28967.25,402,0.0,0.0
2026-07-20 06:45:00-04:00,28967.5,28979.25,28965.0,28967.75,304,0.0,0.0
2026-07-20 06:50:00-04:00,28968.0,28980.0,28961.5,28979.75,321,0.0,0.0
2026-07-20 06:55:00-04:00,28979.5,28980.0,28965.75,28969.0,176,0.0,0.0
2026-07-20 07:00:00-04:00,28970.75,28994.25,28963.75,28991.75,801,0.0,0.0
2026-07-20 07:05:00-04:00,28992.0,29004.75,28989.0,29003.0,767,0.0,0.0
2026-07-20 07:10:00-04:00,29002.25,29026.5,28998.25,29012.5,803,0.0,0.0
2026-07-20 07:15:00-04:00,29012.25,29018.0,28999.25,29002.75,784,0.0,0.0
2026-07-20 07:20:00-04:00,29001.5,29008.25,28991.5,28993.5,375,0.0,0.0
2026-07-20 07:25:00-04:00,28992.25,28999.5,28987.75,28998.75,468,0.0,0.0
2026-07-20 07:30:00-04:00,28997.75,29106.0,28995.5,29099.0,4357,0.0,0.0
2026-07-20 07:35:00-04:00,29099.5,29109.5,29084.25,29087.5,1196,0.0,0.0
2026-07-20 07:40:00-04:00,29086.5,29108.75,29075.0,29087.25,1258,0.0,0.0
2026-07-20 07:45:00-04:00,29088.75,29096.75,29062.0,29062.25,1251,0.0,0.0
2026-07-20 07:50:00-04:00,29062.25,29085.0,29048.25,29081.0,1316,0.0,0.0
2026-07-20 07:55:00-04:00,29082.0,29082.0,29068.0,29072.5,384,0.0,0.0
2026-07-20 08:00:00-04:00,29072.5,29075.5,28981.75,29009.25,2579,0.0,0.0
2026-07-20 08:05:00-04:00,29009.0,29025.75,29001.25,29018.75,973,0.0,0.0
2026-07-20 08:10:00-04:00,29017.25,29025.0,28991.0,29004.75,863,0.0,0.0
2026-07-20 08:15:00-04:00,29003.0,29019.75,28991.5,29013.5,593,0.0,0.0
2026-07-20 08:20:00-04:00,29014.5,29017.0,28999.0,29008.75,382,0.0,0.0
2026-07-20 08:25:00-04:00,29008.25,29036.75,29000.5,29034.75,717,0.0,0.0
2026-07-20 08:30:00-04:00,29036.0,29043.0,29016.25,29035.75,884,0.0,0.0
2026-07-20 08:35:00-04:00,29037.25,29046.0,29032.5,29035.75,448,0.0,0.0
2026-07-20 08:40:00-04:00,29034.5,29039.0,29001.0,29005.5,760,0.0,0.0
2026-07-20 08:45:00-04:00,29005.25,29044.0,29004.25,29040.75,1005,0.0,0.0
2026-07-20 08:50:00-04:00,29040.25,29040.5,29012.25,29014.25,864,0.0,0.0
2026-07-20 08:55:00-04:00,29013.25,29026.0,29004.0,29025.0,741,0.0,0.0
2026-07-20 09:00:00-04:00,29025.0,29058.25,29016.75,29049.75,1739,0.0,0.0
2026-07-20 09:05:00-04:00,29049.5,29055.5,29041.0,29043.75,844,0.0,0.0
2026-07-20 09:10:00-04:00,29044.25,29057.0,29022.75,29024.0,1018,0.0,0.0
2026-07-20 09:15:00-04:00,29025.0,29040.75,29021.25,29038.5,682,0.0,0.0
2026-07-20 09:20:00-04:00,29040.5,29051.0,29038.25,29044.5,803,0.0,0.0
2026-07-20 09:25:00-04:00,29044.25,29060.0,29021.25,29045.0,2746,0.0,0.0
2026-07-20 09:30:00-04:00,29045.0,29137.75,29025.75,29136.5,12471,0.0,0.0
2026-07-20 09:35:00-04:00,29136.75,29167.25,29119.5,29125.0,10271,0.0,0.0
2026-07-20 09:40:00-04:00,29127.0,29181.75,29121.25,29178.25,7428,0.0,0.0
2026-07-20 09:45:00-04:00,29177.75,29192.5,29115.75,29117.75,9849,0.0,0.0
2026-07-20 09:50:00-04:00,29117.5,29131.25,29027.5,29064.5,11071,0.0,0.0
2026-07-20 09:55:00-04:00,29065.25,29066.75,28979.75,28994.75,9462,0.0,0.0
2026-07-20 10:00:00-04:00,28996.0,29049.0,28961.0,29019.0,10436,0.0,0.0
2026-07-20 10:05:00-04:00,29020.0,29027.75,28983.5,29008.5,6379,0.0,0.0
2026-07-20 10:10:00-04:00,29007.0,29007.5,28938.0,28973.5,7636,0.0,0.0
2026-07-20 10:15:00-04:00,28971.75,29005.5,28938.5,28959.75,6567,0.0,0.0
2026-07-20 10:20:00-04:00,28959.75,28985.75,28908.0,28968.0,6742,0.0,0.0
2026-07-20 10:25:00-04:00,28967.5,29032.75,28963.0,29030.75,5423,0.0,0.0
2026-07-20 10:30:00-04:00,29030.75,29053.75,28980.75,29002.25,5632,0.0,0.0
2026-07-20 10:35:00-04:00,29002.0,29025.75,28972.5,28992.0,4248,0.0,0.0
2026-07-20 10:40:00-04:00,28992.25,29016.0,28952.75,28964.5,4211,0.0,0.0
2026-07-20 10:45:00-04:00,28965.5,29004.25,28925.25,28927.25,6418,0.0,0.0
2026-07-20 10:50:00-04:00,28928.5,28946.75,28895.75,28912.5,5513,0.0,0.0
2026-07-20 10:55:00-04:00,28909.5,28929.0,28874.0,28891.5,6250,0.0,0.0
2026-07-20 11:00:00-04:00,28891.75,28957.0,28873.25,28927.0,6456,0.0,0.0
2026-07-20 11:05:00-04:00,28927.0,28988.25,28883.5,28987.5,7044,0.0,0.0
2026-07-20 11:10:00-04:00,28985.5,28989.5,28933.25,28945.0,4725,0.0,0.0
2026-07-20 11:15:00-04:00,28946.0,28997.5,28928.75,28972.25,3794,0.0,0.0
2026-07-20 11:20:00-04:00,28973.0,29024.5,28957.75,29001.5,3936,0.0,0.0
2026-07-20 11:25:00-04:00,29001.5,29020.75,28969.75,29015.5,3899,0.0,0.0
2026-07-20 11:30:00-04:00,29015.75,29031.0,29010.0,29020.5,3760,0.0,0.0
2026-07-20 11:35:00-04:00,29021.0,29028.0,28998.75,29000.25,2824,0.0,0.0
2026-07-20 11:40:00-04:00,29000.25,29034.75,28986.25,29027.5,3534,0.0,0.0
2026-07-20 11:45:00-04:00,29028.5,29031.5,28978.0,28985.0,3226,0.0,0.0
2026-07-20 11:50:00-04:00,28984.5,29055.25,28974.0,29043.75,4253,0.0,0.0
2026-07-20 11:55:00-04:00,29044.25,29066.75,29043.0,29050.75,3209,0.0,0.0
2026-07-20 12:00:00-04:00,29050.75,29069.0,29028.75,29063.0,4335,0.0,0.0
2026-07-20 12:05:00-04:00,29063.75,29105.75,29062.75,29103.25,4220,0.0,0.0
2026-07-20 12:10:00-04:00,29103.75,29119.0,29095.0,29107.0,3642,0.0,0.0
2026-07-20 12:15:00-04:00,29107.0,29109.5,29084.0,29104.25,3285,0.0,0.0
2026-07-20 12:20:00-04:00,29104.75,29112.75,29094.25,29101.0,2162,0.0,0.0
2026-07-20 12:25:00-04:00,29101.25,29105.5,29069.75,29084.5,2789,0.0,0.0
2026-07-20 12:30:00-04:00,29085.0,29101.25,29043.5,29045.75,3374,0.0,0.0
2026-07-20 12:35:00-04:00,29046.25,29075.75,29042.75,29074.75,2908,0.0,0.0
2026-07-20 12:40:00-04:00,29074.0,29083.25,28962.0,29004.25,6744,0.0,0.0
2026-07-20 12:45:00-04:00,29005.0,29051.75,28991.75,29049.75,3579,0.0,0.0
2026-07-20 12:50:00-04:00,29050.5,29051.0,28975.0,28977.0,5046,0.0,0.0
2026-07-20 12:55:00-04:00,28976.5,28989.0,28956.0,28983.75,4052,0.0,0.0
2026-07-20 13:00:00-04:00,28983.0,28999.75,28954.75,28961.0,3863,0.0,0.0
2026-07-20 13:05:00-04:00,28961.75,28970.25,28937.5,28967.5,2685,0.0,0.0
2026-07-20 13:10:00-04:00,28967.5,28970.5,28922.0,28926.5,2890,0.0,0.0
2026-07-20 13:15:00-04:00,28926.25,28960.25,28910.25,28956.75,3462,0.0,0.0
2026-07-20 13:20:00-04:00,28955.0,28975.75,28941.5,28958.25,2911,0.0,0.0
2026-07-20 13:25:00-04:00,28957.5,28974.5,28944.75,28957.25,2083,0.0,0.0
2026-07-20 13:30:00-04:00,28958.25,28968.25,28945.75,28957.75,2183,0.0,0.0
2026-07-20 13:35:00-04:00,28956.5,28973.25,28940.5,28945.0,1999,0.0,0.0
2026-07-20 13:40:00-04:00,28946.0,28947.25,28900.75,28910.0,3352,0.0,0.0
2026-07-20 13:45:00-04:00,28910.75,28956.5,28908.75,28946.25,2752,0.0,0.0
2026-07-20 13:50:00-04:00,28945.25,28982.75,28943.0,28969.5,2344,0.0,0.0
2026-07-20 13:55:00-04:00,28970.0,28971.25,28941.0,28956.5,2164,0.0,0.0
2026-07-20 14:00:00-04:00,28957.0,28992.25,28956.5,28970.75,3047,0.0,0.0
2026-07-20 14:05:00-04:00,28970.0,28989.0,28956.75,28988.5,1623,0.0,0.0
2026-07-20 14:10:00-04:00,28989.0,29002.0,28975.0,28992.5,2070,0.0,0.0
2026-07-20 14:15:00-04:00,28993.0,29009.75,28979.0,28993.75,2299,0.0,0.0
2026-07-20 14:20:00-04:00,28993.25,28996.25,28938.25,28940.75,3542,0.0,0.0
2026-07-20 14:25:00-04:00,28941.5,28971.75,28932.0,28949.0,2544,0.0,0.0
2026-07-20 14:30:00-04:00,28949.0,28949.0,28895.0,28907.5,3103,0.0,0.0
2026-07-20 14:35:00-04:00,28906.25,28945.75,28897.25,28906.25,2846,0.0,0.0
2026-07-20 14:40:00-04:00,28905.75,28913.75,28858.75,28859.25,4225,0.0,0.0
2026-07-20 14:45:00-04:00,28860.5,28891.25,28855.75,28872.0,3705,0.0,0.0
2026-07-20 14:50:00-04:00,28870.5,28901.25,28861.5,28893.25,3393,0.0,0.0
2026-07-20 14:55:00-04:00,28892.0,28897.5,28855.75,28870.0,2715,0.0,0.0
2026-07-20 15:00:00-04:00,28871.0,28896.0,28836.75,28845.5,3743,0.0,0.0
2026-07-20 15:05:00-04:00,28845.75,28858.5,28832.25,28849.0,3496,0.0,0.0
2026-07-20 15:10:00-04:00,28848.5,28878.0,28807.75,28807.75,4819,0.0,0.0
2026-07-20 15:15:00-04:00,28808.5,28836.0,28796.5,28814.75,4212,0.0,0.0
2026-07-20 15:20:00-04:00,28814.25,28832.5,28797.25,28825.5,2948,0.0,0.0
2026-07-20 15:25:00-04:00,28825.25,28869.0,28799.0,28855.5,4203,0.0,0.0
2026-07-20 15:30:00-04:00,28855.75,28883.0,28834.25,28867.5,4660,0.0,0.0
2026-07-20 15:35:00-04:00,28866.0,28873.75,28837.25,28862.75,2851,0.0,0.0
2026-07-20 15:40:00-04:00,28862.0,28894.25,28854.0,28866.5,4049,0.0,0.0
2026-07-20 15:45:00-04:00,28866.5,28880.0,28841.75,28868.0,3598,0.0,0.0
2026-07-20 15:50:00-04:00,28866.25,28866.25,28793.0,28804.75,6079,0.0,0.0
2026-07-20 15:55:00-04:00,28805.25,28809.0,28767.75,28785.75,13584,0.0,0.0
2026-07-20 16:00:00-04:00,28785.25,28831.5,28782.25,28794.25,5885,0.0,0.0
2026-07-20 16:05:00-04:00,28794.25,28803.0,28767.0,28772.0,1453,0.0,0.0
2026-07-20 16:10:00-04:00,28772.0,28783.75,28768.25,28773.0,1058,0.0,0.0
2026-07-20 16:15:00-04:00,28772.75,28774.75,28754.5,28757.25,1212,0.0,0.0
2026-07-20 16:20:00-04:00,28757.25,28762.0,28753.25,28756.25,559,0.0,0.0
2026-07-20 16:25:00-04:00,28757.0,28762.75,28750.5,28759.25,748,0.0,0.0
2026-07-20 16:30:00-04:00,28759.0,28773.75,28757.75,28773.75,680,0.0,0.0
2026-07-20 16:35:00-04:00,28773.0,28780.75,28770.25,28775.25,484,0.0,0.0
2026-07-20 16:40:00-04:00,28775.0,28777.25,28763.75,28771.25,363,0.0,0.0
2026-07-20 16:45:00-04:00,28771.75,28782.25,28769.25,28781.25,324,0.0,0.0
2026-07-20 16:50:00-04:00,28780.5,28782.0,28767.75,28779.75,394,0.0,0.0
2026-07-20 16:55:00-04:00,28779.0,28785.75,28772.75,28777.0,315,0.0,0.0
2026-07-20 18:00:00-04:00,28778.25,28803.5,28726.5,28730.75,0,0.0,0.0
2026-07-20 18:05:00-04:00,28732.25,28736.5,28705.0,28731.75,1007,0.0,0.0
2026-07-20 18:10:00-04:00,28728.75,28736.75,28719.25,28720.25,252,0.0,0.0
2026-07-20 18:15:00-04:00,28720.0,28732.0,28711.5,28721.25,351,0.0,0.0
2026-07-20 18:20:00-04:00,28723.0,28730.0,28715.75,28724.5,170,0.0,0.0
2026-07-20 18:25:00-04:00,28724.25,28728.0,28710.0,28719.75,306,0.0,0.0
2026-07-20 18:30:00-04:00,28721.5,28734.25,28701.0,28706.5,486,0.0,0.0
2026-07-20 18:35:00-04:00,28707.5,28728.0,28704.0,28717.0,477,0.0,0.0
2026-07-20 18:40:00-04:00,28716.5,28725.0,28712.25,28720.75,174,0.0,0.0
2026-07-20 18:45:00-04:00,28725.0,28734.25,28705.75,28712.5,399,0.0,0.0
2026-07-20 18:50:00-04:00,28711.5,28720.75,28706.25,28715.25,137,0.0,0.0
2026-07-20 18:55:00-04:00,28716.25,28720.75,28714.5,28717.75,73,0.0,0.0
2026-07-20 19:00:00-04:00,28717.75,28734.0,28711.25,28733.75,396,0.0,0.0
2026-07-20 19:05:00-04:00,28734.0,28775.75,28734.0,28772.5,621,0.0,0.0
2026-07-20 19:10:00-04:00,28772.5,28778.5,28756.5,28768.25,509,0.0,0.0
2026-07-20 19:15:00-04:00,28769.0,28802.25,28765.5,28799.25,780,0.0,0.0
2026-07-20 19:20:00-04:00,28799.5,28820.25,28794.5,28811.75,744,0.0,0.0
2026-07-20 19:25:00-04:00,28813.5,28822.0,28805.75,28819.0,342,0.0,0.0
2026-07-20 19:30:00-04:00,28818.75,28824.5,28811.0,28814.5,389,0.0,0.0
2026-07-20 19:35:00-04:00,28814.75,28816.0,28807.0,28811.0,220,0.0,0.0
2026-07-20 19:40:00-04:00,28809.75,28817.0,28805.75,28811.75,268,0.0,0.0
2026-07-20 19:45:00-04:00,28810.5,28832.5,28799.0,28802.5,867,0.0,0.0
2026-07-20 19:50:00-04:00,28803.0,28803.0,28757.75,28783.5,1074,0.0,0.0
2026-07-20 19:55:00-04:00,28781.5,28801.75,28774.0,28779.25,622,0.0,0.0
2026-07-20 20:00:00-04:00,28777.5,28777.75,28722.0,28744.5,1429,0.0,0.0
2026-07-20 20:05:00-04:00,28738.75,28751.25,28707.25,28726.75,801,0.0,0.0
2026-07-20 20:10:00-04:00,28727.5,28765.0,28709.25,28736.0,1322,0.0,0.0
2026-07-20 20:15:00-04:00,28740.0,28804.75,28709.0,28800.75,1570,0.0,0.0
2026-07-20 20:20:00-04:00,28800.0,28807.5,28771.0,28797.25,944,0.0,0.0
2026-07-20 20:25:00-04:00,28797.0,28834.5,28781.75,28816.5,953,0.0,0.0
2026-07-20 20:30:00-04:00,28818.25,28864.75,28813.75,28859.75,939,0.0,0.0
2026-07-20 20:35:00-04:00,28859.75,28868.5,28842.0,28862.5,625,0.0,0.0
2026-07-20 20:40:00-04:00,28862.75,28880.0,28852.5,28866.25,577,0.0,0.0
2026-07-20 20:45:00-04:00,28866.75,28897.0,28853.5,28889.0,1059,0.0,0.0
2026-07-20 20:50:00-04:00,28889.0,28897.0,28876.0,28881.25,929,0.0,0.0
2026-07-20 20:55:00-04:00,28881.0,28883.0,28856.25,28856.25,756,0.0,0.0
2026-07-20 21:00:00-04:00,28859.75,28878.75,28837.5,28877.25,848,0.0,0.0
2026-07-20 21:05:00-04:00,28877.5,28908.75,28872.25,28897.75,1066,0.0,0.0
2026-07-20 21:10:00-04:00,28899.5,28910.75,28894.25,28903.25,617,0.0,0.0
2026-07-20 21:15:00-04:00,28904.5,28912.5,28872.75,28899.5,857,0.0,0.0
2026-07-20 21:20:00-04:00,28899.25,28905.75,28880.75,28892.25,507,0.0,0.0
2026-07-20 21:25:00-04:00,28890.0,28900.25,28880.5,28891.0,332,0.0,0.0
2026-07-20 21:30:00-04:00,28891.75,28916.75,28886.0,28912.25,418,0.0,0.0
2026-07-20 21:35:00-04:00,28911.25,28920.5,28888.25,28889.75,573,0.0,0.0
2026-07-20 21:40:00-04:00,28890.0,28897.25,28866.5,28873.25,587,0.0,0.0
2026-07-20 21:45:00-04:00,28875.5,28911.75,28870.0,28903.0,524,0.0,0.0
2026-07-20 21:50:00-04:00,28904.75,28907.25,28884.75,28896.25,510,0.0,0.0
2026-07-20 21:55:00-04:00,28896.5,28896.5,28871.75,28885.25,560,0.0,0.0
2026-07-20 22:00:00-04:00,28885.25,28913.25,28877.75,28909.0,513,0.0,0.0
2026-07-20 22:05:00-04:00,28908.25,28937.75,28895.5,28897.0,767,0.0,0.0
2026-07-20 22:10:00-04:00,28896.25,28900.0,28880.0,28885.5,453,0.0,0.0
2026-07-20 22:15:00-04:00,28885.25,28890.25,28859.0,28863.25,435,0.0,0.0
2026-07-20 22:20:00-04:00,28862.75,28913.25,28859.25,28912.75,610,0.0,0.0
2026-07-20 22:25:00-04:00,28913.0,28920.25,28892.5,28894.5,434,0.0,0.0
2026-07-20 22:30:00-04:00,28894.5,28926.75,28894.25,28920.25,455,0.0,0.0
2026-07-20 22:35:00-04:00,28922.5,28950.0,28921.5,28946.25,900,0.0,0.0
2026-07-20 22:40:00-04:00,28946.5,28955.25,28940.25,28949.0,376,0.0,0.0
2026-07-20 22:45:00-04:00,28948.75,28950.0,28934.0,28935.0,277,0.0,0.0
2026-07-20 22:50:00-04:00,28934.75,28941.0,28928.25,28935.75,215,0.0,0.0
2026-07-20 22:55:00-04:00,28935.5,28956.75,28934.75,28955.0,336,0.0,0.0
2026-07-20 23:00:00-04:00,28954.0,28974.75,28951.25,28968.0,606,0.0,0.0
2026-07-20 23:05:00-04:00,28969.25,28972.0,28964.25,28966.5,195,0.0,0.0
2026-07-20 23:10:00-04:00,28967.0,28981.75,28967.0,28976.0,309,0.0,0.0
2026-07-20 23:15:00-04:00,28973.75,28993.75,28971.0,28990.75,432,0.0,0.0
2026-07-20 23:20:00-04:00,28990.25,28995.0,28985.25,28992.75,353,0.0,0.0
2026-07-20 23:25:00-04:00,28991.75,28997.5,28985.0,28996.25,384,0.0,0.0
2026-07-20 23:30:00-04:00,28996.25,29017.0,28992.0,29013.75,773,0.0,0.0
2026-07-20 23:35:00-04:00,29014.25,29039.75,29012.0,29039.5,1110,0.0,0.0
2026-07-20 23:40:00-04:00,29038.5,29049.25,29033.75,29034.5,693,0.0,0.0
2026-07-20 23:45:00-04:00,29034.0,29073.0,29033.75,29067.5,1111,0.0,0.0
2026-07-20 23:50:00-04:00,29068.25,29077.5,29063.0,29075.0,818,0.0,0.0
2026-07-20 23:55:00-04:00,29074.25,29078.0,29055.25,29058.25,587,0.0,0.0
2026-07-21 00:05:00-04:00,29075.75,29075.75,29068.25,29068.5,1803,0.0,0.0
2026-07-21 00:10:00-04:00,29068.0,29077.0,29065.0,29066.5,348,0.0,0.0
2026-07-21 00:15:00-04:00,29066.5,29072.25,29059.75,29060.75,345,0.0,0.0
2026-07-21 00:20:00-04:00,29059.5,29077.25,29055.75,29061.5,477,0.0,0.0
2026-07-21 00:25:00-04:00,29062.75,29074.5,29061.25,29064.0,409,0.0,0.0
2026-07-21 00:30:00-04:00,29065.25,29068.5,29058.0,29060.0,284,0.0,0.0
2026-07-21 00:35:00-04:00,29060.75,29076.75,29059.5,29071.25,386,0.0,0.0
2026-07-21 00:40:00-04:00,29071.5,29073.25,29056.25,29064.25,368,0.0,0.0
2026-07-21 00:45:00-04:00,29061.5,29076.75,29059.0,29072.25,262,0.0,0.0
2026-07-21 00:50:00-04:00,29072.0,29072.75,29051.25,29055.25,420,0.0,0.0
2026-07-21 00:55:00-04:00,29054.5,29063.25,29048.0,29054.0,265,0.0,0.0
2026-07-21 01:00:00-04:00,29055.75,29061.0,29052.25,29055.75,157,0.0,0.0
2026-07-21 01:05:00-04:00,29057.25,29058.5,29048.25,29052.25,278,0.0,0.0
2026-07-21 01:10:00-04:00,29051.75,29051.75,29033.75,29036.0,525,0.0,0.0
2026-07-21 01:15:00-04:00,29035.75,29036.75,29016.5,29019.0,587,0.0,0.0
2026-07-21 01:20:00-04:00,29018.25,29049.25,29017.5,29045.25,383,0.0,0.0
2026-07-21 01:25:00-04:00,29043.5,29071.25,29040.25,29066.75,639,0.0,0.0
2026-07-21 01:30:00-04:00,29066.0,29071.25,29039.75,29057.75,607,0.0,0.0
2026-07-21 01:35:00-04:00,29056.75,29072.5,29055.5,29060.75,384,0.0,0.0
2026-07-21 01:40:00-04:00,29062.75,29093.5,29062.5,29086.5,675,0.0,0.0
2026-07-21 01:45:00-04:00,29086.25,29091.0,29071.5,29086.25,340,0.0,0.0
2026-07-21 01:50:00-04:00,29086.25,29100.75,29086.0,29097.25,612,0.0,0.0
2026-07-21 01:55:00-04:00,29098.0,29105.0,29092.5,29098.25,470,0.0,0.0
2026-07-21 02:00:00-04:00,29096.25,29119.5,29096.25,29118.75,779,0.0,0.0
2026-07-21 02:05:00-04:00,29118.5,29125.0,29107.0,29115.0,755,0.0,0.0
2026-07-21 02:10:00-04:00,29114.75,29143.5,29110.0,29132.5,926,0.0,0.0
2026-07-21 02:15:00-04:00,29133.0,29141.5,29125.5,29128.25,665,0.0,0.0
2026-07-21 02:20:00-04:00,29129.0,29129.5,29109.0,29117.0,726,0.0,0.0
2026-07-21 02:25:00-04:00,29116.5,29127.75,29110.0,29112.25,500,0.0,0.0
2026-07-21 02:30:00-04:00,29113.25,29135.5,29113.25,29131.25,614,0.0,0.0
2026-07-21 02:35:00-04:00,29133.0,29153.0,29128.0,29137.5,747,0.0,0.0
2026-07-21 02:40:00-04:00,29136.5,29155.0,29135.75,29153.0,386,0.0,0.0
2026-07-21 02:45:00-04:00,29153.5,29155.5,29130.25,29149.25,329,0.0,0.0
2026-07-21 02:50:00-04:00,29150.25,29151.0,29136.75,29141.25,205,0.0,0.0
2026-07-21 02:55:00-04:00,29141.25,29148.75,29138.75,29146.5,282,0.0,0.0
2026-07-21 03:00:00-04:00,29147.75,29162.0,29140.0,29148.5,771,0.0,0.0
2026-07-21 03:05:00-04:00,29149.25,29155.5,29134.75,29136.5,335,0.0,0.0
2026-07-21 03:10:00-04:00,29136.75,29145.75,29118.0,29131.5,551,0.0,0.0
2026-07-21 03:15:00-04:00,29130.75,29130.75,29114.0,29125.0,547,0.0,0.0
2026-07-21 03:20:00-04:00,29124.75,29124.75,29100.5,29104.75,618,0.0,0.0
2026-07-21 03:25:00-04:00,29105.5,29112.75,29092.5,29103.0,642,0.0,0.0
2026-07-21 03:30:00-04:00,29102.0,29120.0,29088.0,29118.75,675,0.0,0.0
2026-07-21 03:35:00-04:00,29120.0,29127.0,29114.0,29118.5,447,0.0,0.0
2026-07-21 03:40:00-04:00,29118.5,29123.25,29108.5,29112.0,246,0.0,0.0
2026-07-21 03:45:00-04:00,29112.75,29115.0,29091.0,29096.75,393,0.0,0.0
2026-07-21 03:50:00-04:00,29096.25,29111.25,29091.25,29108.75,406,0.0,0.0
2026-07-21 03:55:00-04:00,29107.5,29120.75,29104.5,29117.25,372,0.0,0.0
2026-07-21 04:00:00-04:00,29118.0,29134.25,29104.0,29132.0,847,0.0,0.0
2026-07-21 04:05:00-04:00,29132.75,29140.0,29126.75,29136.5,404,0.0,0.0
2026-07-21 04:10:00-04:00,29135.25,29154.0,29122.5,29151.5,686,0.0,0.0
2026-07-21 04:15:00-04:00,29151.0,29156.25,29140.25,29146.0,350,0.0,0.0
2026-07-21 04:20:00-04:00,29146.0,29163.25,29141.75,29161.5,611,0.0,0.0
2026-07-21 04:25:00-04:00,29161.75,29168.0,29153.25,29168.0,609,0.0,0.0
2026-07-21 04:30:00-04:00,29167.5,29175.0,29160.0,29161.0,694,0.0,0.0
2026-07-21 04:35:00-04:00,29161.0,29173.75,29157.75,29162.0,505,0.0,0.0
2026-07-21 04:40:00-04:00,29160.25,29176.75,29156.0,29167.5,515,0.0,0.0
2026-07-21 04:45:00-04:00,29166.75,29169.0,29149.75,29160.5,423,0.0,0.0
2026-07-21 04:50:00-04:00,29160.25,29165.5,29154.75,29159.5,337,0.0,0.0
2026-07-21 04:55:00-04:00,29159.25,29175.0,29156.25,29167.0,325,0.0,0.0
2026-07-21 05:00:00-04:00,29168.0,29181.0,29162.5,29171.0,491,0.0,0.0
2026-07-21 05:05:00-04:00,29171.25,29179.0,29167.0,29174.25,253,0.0,0.0
2026-07-21 05:10:00-04:00,29175.5,29179.25,29167.25,29172.0,218,0.0,0.0
2026-07-21 05:15:00-04:00,29172.25,29195.25,29172.0,29187.75,935,0.0,0.0
2026-07-21 05:20:00-04:00,29188.0,29195.0,29178.75,29182.0,454,0.0,0.0
2026-07-21 05:25:00-04:00,29182.75,29188.75,29163.5,29166.75,429,0.0,0.0
2026-07-21 05:30:00-04:00,29165.5,29179.25,29156.0,29171.5,368,0.0,0.0
2026-07-21 05:35:00-04:00,29170.75,29172.25,29151.25,29162.0,538,0.0,0.0
2026-07-21 05:40:00-04:00,29161.5,29170.25,29155.5,29164.75,347,0.0,0.0
2026-07-21 05:45:00-04:00,29164.5,29183.75,29161.25,29181.25,339,0.0,0.0
2026-07-21 05:50:00-04:00,29182.25,29185.5,29170.5,29177.0,344,0.0,0.0
2026-07-21 05:55:00-04:00,29176.5,29176.5,29153.5,29155.0,377,0.0,0.0
2026-07-21 06:00:00-04:00,29155.25,29183.0,29154.75,29163.25,541,0.0,0.0
2026-07-21 06:05:00-04:00,29163.0,29166.5,29155.25,29159.75,177,0.0,0.0
2026-07-21 06:10:00-04:00,29158.25,29198.5,29156.25,29172.75,935,0.0,0.0
2026-07-21 06:15:00-04:00,29171.25,29180.0,29167.75,29174.25,276,0.0,0.0
2026-07-21 06:20:00-04:00,29174.5,29187.25,29173.5,29180.0,310,0.0,0.0
2026-07-21 06:25:00-04:00,29181.0,29181.75,29164.75,29173.25,313,0.0,0.0
2026-07-21 06:30:00-04:00,29174.25,29186.5,29169.5,29181.75,254,0.0,0.0
2026-07-21 06:35:00-04:00,29181.25,29207.0,29175.0,29178.25,1125,0.0,0.0
2026-07-21 06:40:00-04:00,29176.75,29179.0,29164.0,29173.0,544,0.0,0.0
2026-07-21 06:45:00-04:00,29172.0,29186.25,29155.5,29181.25,544,0.0,0.0
2026-07-21 06:50:00-04:00,29180.0,29180.5,29165.0,29166.0,287,0.0,0.0
2026-07-21 06:55:00-04:00,29166.25,29177.25,29162.5,29166.25,380,0.0,0.0
2026-07-21 07:00:00-04:00,29167.75,29184.0,29142.0,29142.25,787,0.0,0.0
2026-07-21 07:05:00-04:00,29143.0,29147.5,29133.75,29136.5,712,0.0,0.0
2026-07-21 07:10:00-04:00,29136.25,29162.75,29133.25,29158.0,507,0.0,0.0
2026-07-21 07:15:00-04:00,29158.25,29158.5,29128.0,29132.5,812,0.0,0.0
2026-07-21 07:20:00-04:00,29133.5,29142.0,29121.0,29140.25,683,0.0,0.0
2026-07-21 07:25:00-04:00,29140.25,29142.75,29119.5,29129.75,965,0.0,0.0
2026-07-21 07:30:00-04:00,29129.0,29144.0,29126.0,29144.0,360,0.0,0.0
2026-07-21 07:35:00-04:00,29142.75,29173.25,29139.75,29158.25,1285,0.0,0.0
2026-07-21 07:40:00-04:00,29158.25,29170.5,29155.5,29166.0,1001,0.0,0.0
2026-07-21 07:45:00-04:00,29167.5,29181.5,29163.25,29179.5,595,0.0,0.0
2026-07-21 07:50:00-04:00,29179.25,29182.0,29153.0,29155.25,581,0.0,0.0
2026-07-21 07:55:00-04:00,29156.5,29160.75,29145.25,29154.25,392,0.0,0.0
2026-07-21 08:00:00-04:00,29153.5,29172.75,29146.0,29163.0,834,0.0,0.0
2026-07-21 08:05:00-04:00,29163.5,29190.25,29158.0,29184.0,869,0.0,0.0
2026-07-21 08:10:00-04:00,29182.75,29195.25,29173.5,29179.0,1020,0.0,0.0
2026-07-21 08:15:00-04:00,29178.75,29179.25,29138.0,29150.75,1292,0.0,0.0
2026-07-21 08:20:00-04:00,29152.5,29154.25,29134.75,29150.5,691,0.0,0.0
2026-07-21 08:25:00-04:00,29152.25,29153.0,29133.25,29134.25,429,0.0,0.0
2026-07-21 08:30:00-04:00,29133.0,29142.25,29127.5,29132.75,578,0.0,0.0
2026-07-21 08:35:00-04:00,29134.0,29138.0,29118.5,29135.0,703,0.0,0.0
2026-07-21 08:40:00-04:00,29134.0,29143.0,29111.5,29135.0,1651,0.0,0.0
2026-07-21 08:45:00-04:00,29135.25,29177.5,29134.5,29169.75,1613,0.0,0.0
2026-07-21 08:50:00-04:00,29168.5,29186.75,29165.25,29176.75,1275,0.0,0.0
2026-07-21 08:55:00-04:00,29176.5,29181.0,29171.0,29171.5,581,0.0,0.0
2026-07-21 09:00:00-04:00,29173.5,29183.0,29162.75,29164.25,1065,0.0,0.0
2026-07-21 09:05:00-04:00,29164.25,29172.5,29156.5,29162.0,704,0.0,0.0
2026-07-21 09:10:00-04:00,29160.75,29167.25,29156.25,29162.25,538,0.0,0.0
2026-07-21 09:15:00-04:00,29163.0,29172.0,29155.75,29169.0,824,0.0,0.0
2026-07-21 09:20:00-04:00,29169.75,29181.25,29167.5,29178.25,953,0.0,0.0
2026-07-21 09:25:00-04:00,29179.0,29225.0,29179.0,29221.5,3609,0.0,0.0
2026-07-21 09:30:00-04:00,29222.5,29246.25,29133.0,29147.25,17332,0.0,0.0
2026-07-21 09:35:00-04:00,29147.0,29226.0,29138.0,29191.0,10729,0.0,0.0
2026-07-21 09:40:00-04:00,29189.75,29193.25,29129.5,29144.5,8992,0.0,0.0
2026-07-21 09:45:00-04:00,29144.5,29153.5,29095.5,29143.25,8913,0.0,0.0
2026-07-21 09:50:00-04:00,29143.0,29178.0,29118.25,29140.5,7851,0.0,0.0
2026-07-21 09:55:00-04:00,29142.25,29163.75,29092.5,29152.75,6741,0.0,0.0
2026-07-21 10:00:00-04:00,29153.5,29188.5,29087.25,29113.25,8590,0.0,0.0
2026-07-21 10:05:00-04:00,29113.0,29138.5,29073.5,29080.0,7348,0.0,0.0
2026-07-21 10:10:00-04:00,29080.25,29137.25,29064.25,29131.5,6420,0.0,0.0
2026-07-21 10:15:00-04:00,29129.5,29162.5,29067.0,29157.0,7343,0.0,0.0
2026-07-21 10:20:00-04:00,29157.0,29173.0,29112.5,29147.75,5969,0.0,0.0
2026-07-21 10:25:00-04:00,29148.0,29218.25,29141.0,29207.25,6483,0.0,0.0
2026-07-21 10:30:00-04:00,29207.25,29230.0,29202.0,29218.5,5058,0.0,0.0
2026-07-21 10:35:00-04:00,29218.5,29236.0,29185.5,29202.75,4942,0.0,0.0
2026-07-21 10:40:00-04:00,29203.75,29225.75,29162.0,29224.5,5830,0.0,0.0
2026-07-21 10:45:00-04:00,29224.75,29256.5,29212.25,29227.5,6928,0.0,0.0
2026-07-21 10:50:00-04:00,29227.75,29236.0,29209.75,29230.25,3645,0.0,0.0
2026-07-21 10:55:00-04:00,29230.0,29242.0,29211.5,29237.5,3361,0.0,0.0
2026-07-21 11:00:00-04:00,29237.25,29245.25,29191.0,29199.25,5790,0.0,0.0
2026-07-21 11:05:00-04:00,29198.75,29282.0,29181.0,29273.5,5887,0.0,0.0
2026-07-21 11:10:00-04:00,29274.25,29297.5,29269.25,29291.75,4390,0.0,0.0
2026-07-21 11:15:00-04:00,29292.0,29298.25,29280.0,29284.25,3475,0.0,0.0
2026-07-21 11:20:00-04:00,29283.75,29310.25,29271.75,29301.0,4984,0.0,0.0
2026-07-21 11:25:00-04:00,29300.25,29320.0,29297.0,29307.5,3966,0.0,0.0
2026-07-21 11:30:00-04:00,29307.0,29308.5,29268.25,29296.5,4430,0.0,0.0
2026-07-21 11:35:00-04:00,29296.5,29306.25,29274.75,29276.25,4529,0.0,0.0
2026-07-21 11:40:00-04:00,29275.25,29283.5,29257.0,29261.5,3235,0.0,0.0
2026-07-21 11:45:00-04:00,29260.5,29292.0,29258.5,29288.5,2812,0.0,0.0
2026-07-21 11:50:00-04:00,29289.5,29301.25,29273.5,29275.5,2591,0.0,0.0
2026-07-21 11:55:00-04:00,29275.75,29284.0,29256.25,29259.25,2540,0.0,0.0
2026-07-21 12:00:00-04:00,29259.25,29304.25,29254.25,29302.5,3340,0.0,0.0
2026-07-21 12:05:00-04:00,29302.5,29324.75,29298.5,29309.0,3673,0.0,0.0
2026-07-21 12:10:00-04:00,29309.5,29314.25,29296.0,29301.75,2332,0.0,0.0
2026-07-21 12:15:00-04:00,29302.0,29319.75,29301.25,29315.5,2944,0.0,0.0
2026-07-21 12:20:00-04:00,29315.0,29337.75,29313.0,29326.0,3438,0.0,0.0
2026-07-21 12:25:00-04:00,29325.5,29330.25,29304.75,29312.5,2465,0.0,0.0
2026-07-21 12:30:00-04:00,29313.0,29325.25,29302.0,29314.5,2482,0.0,0.0
2026-07-21 12:35:00-04:00,29314.0,29331.5,29308.25,29330.75,2291,0.0,0.0
2026-07-21 12:40:00-04:00,29330.25,29336.0,29312.25,29318.75,2256,0.0,0.0
2026-07-21 12:45:00-04:00,29318.5,29328.5,29311.25,29323.5,2013,0.0,0.0
2026-07-21 12:50:00-04:00,29323.25,29347.75,29322.0,29347.5,2800,0.0,0.0
2026-07-21 12:55:00-04:00,29347.0,29352.5,29330.75,29331.75,2884,0.0,0.0
2026-07-21 13:00:00-04:00,29331.5,29350.25,29330.75,29348.75,2233,0.0,0.0
2026-07-21 13:05:00-04:00,29349.0,29355.5,29343.75,29347.0,2060,0.0,0.0
2026-07-21 13:10:00-04:00,29347.0,29350.25,29333.0,29334.75,2408,0.0,0.0
2026-07-21 13:15:00-04:00,29335.0,29345.75,29328.5,29330.5,1987,0.0,0.0
2026-07-21 13:20:00-04:00,29330.25,29340.5,29325.0,29328.75,1954,0.0,0.0
2026-07-21 13:25:00-04:00,29329.25,29336.0,29323.0,29333.0,1427,0.0,0.0
2026-07-21 13:30:00-04:00,29333.25,29351.5,29327.25,29337.5,2718,0.0,0.0
2026-07-21 13:35:00-04:00,29336.5,29350.75,29332.5,29346.5,1840,0.0,0.0
2026-07-21 13:40:00-04:00,29347.0,29347.5,29334.0,29341.5,1613,0.0,0.0
2026-07-21 13:45:00-04:00,29341.75,29357.75,29333.25,29357.0,2162,0.0,0.0
2026-07-21 13:50:00-04:00,29357.25,29364.75,29342.75,29344.0,2279,0.0,0.0
2026-07-21 13:55:00-04:00,29344.25,29347.75,29332.25,29341.25,1732,0.0,0.0
2026-07-21 14:00:00-04:00,29341.5,29355.75,29338.25,29344.0,2534,0.0,0.0
2026-07-21 14:05:00-04:00,29342.75,29361.75,29341.5,29350.75,1669,0.0,0.0
2026-07-21 14:10:00-04:00,29350.25,29353.0,29337.5,29337.75,1770,0.0,0.0
2026-07-21 14:15:00-04:00,29338.0,29342.75,29334.25,29339.25,1530,0.0,0.0
2026-07-21 14:20:00-04:00,29339.5,29344.75,29330.25,29340.0,1830,0.0,0.0
2026-07-21 14:25:00-04:00,29339.5,29340.5,29318.5,29325.0,1916,0.0,0.0
2026-07-21 14:30:00-04:00,29325.25,29329.25,29310.5,29316.25,2336,0.0,0.0
2026-07-21 14:35:00-04:00,29316.25,29335.75,29316.0,29327.0,1666,0.0,0.0
2026-07-21 14:40:00-04:00,29327.25,29349.0,29319.25,29347.25,2578,0.0,0.0
2026-07-21 14:45:00-04:00,29347.75,29355.75,29333.75,29339.5,2548,0.0,0.0
2026-07-21 14:50:00-04:00,29339.75,29342.25,29323.5,29324.0,1662,0.0,0.0
2026-07-21 14:55:00-04:00,29323.25,29333.25,29316.75,29328.5,2106,0.0,0.0
2026-07-21 15:00:00-04:00,29328.25,29335.5,29311.5,29318.5,2723,0.0,0.0
2026-07-21 15:05:00-04:00,29317.75,29327.25,29305.25,29310.25,2758,0.0,0.0
2026-07-21 15:10:00-04:00,29311.0,29319.75,29304.25,29309.25,1995,0.0,0.0
2026-07-21 15:15:00-04:00,29308.5,29320.5,29305.0,29317.0,2031,0.0,0.0
2026-07-21 15:20:00-04:00,29316.75,29320.0,29306.75,29310.5,2027,0.0,0.0
2026-07-21 15:25:00-04:00,29310.25,29313.0,29290.75,29293.75,3320,0.0,0.0
2026-07-21 15:30:00-04:00,29293.25,29311.0,29290.75,29305.75,3300,0.0,0.0
2026-07-21 15:35:00-04:00,29305.75,29331.5,29304.5,29324.75,3127,0.0,0.0
2026-07-21 15:40:00-04:00,29325.0,29340.5,29320.5,29337.75,2904,0.0,0.0
2026-07-21 15:45:00-04:00,29337.75,29343.25,29325.25,29339.5,2701,0.0,0.0
2026-07-21 15:50:00-04:00,29339.25,29352.0,29314.75,29338.5,6307,0.0,0.0
2026-07-21 15:55:00-04:00,29337.75,29348.0,29300.25,29310.75,18776,0.0,0.0
2026-07-21 16:00:00-04:00,29312.0,29316.75,29285.25,29291.5,6809,0.0,0.0
2026-07-21 16:05:00-04:00,29291.25,29305.5,29289.25,29303.75,1787,0.0,0.0
2026-07-21 16:10:00-04:00,29303.0,29309.0,29292.5,29306.5,1147,0.0,0.0
2026-07-21 16:15:00-04:00,29306.0,29306.0,29283.75,29289.75,974,0.0,0.0
2026-07-21 16:20:00-04:00,29290.5,29292.25,29286.75,29289.0,616,0.0,0.0
2026-07-21 16:25:00-04:00,29289.25,29294.25,29287.25,29292.5,532,0.0,0.0
2026-07-21 16:30:00-04:00,29292.5,29301.75,29292.5,29299.5,430,0.0,0.0
2026-07-21 16:35:00-04:00,29299.0,29304.25,29295.25,29300.0,668,0.0,0.0
2026-07-21 16:40:00-04:00,29299.5,29300.5,29290.0,29292.5,461,0.0,0.0
2026-07-21 16:45:00-04:00,29293.25,29294.5,29279.0,29283.0,930,0.0,0.0
2026-07-21 16:50:00-04:00,29283.25,29289.25,29280.25,29285.0,545,0.0,0.0
2026-07-21 16:55:00-04:00,29284.75,29290.5,29280.0,29289.75,579,0.0,0.0
2026-07-21 18:00:00-04:00,29310.75,29310.75,29285.0,29293.0,0,0.0,0.0
2026-07-21 18:05:00-04:00,29293.0,29296.25,29280.5,29289.0,366,0.0,0.0
2026-07-21 18:10:00-04:00,29285.75,29298.25,29283.0,29296.5,222,0.0,0.0
2026-07-21 18:15:00-04:00,29297.0,29302.25,29293.25,29296.5,209,0.0,0.0
2026-07-21 18:20:00-04:00,29299.0,29302.25,29273.75,29274.0,304,0.0,0.0
2026-07-21 18:25:00-04:00,29274.0,29281.75,29265.0,29271.0,433,0.0,0.0
2026-07-21 18:30:00-04:00,29270.0,29279.5,29257.25,29278.0,401,0.0,0.0
2026-07-21 18:35:00-04:00,29276.75,29284.0,29272.75,29276.5,196,0.0,0.0
2026-07-21 18:40:00-04:00,29275.5,29280.75,29268.25,29270.25,147,0.0,0.0
2026-07-21 18:45:00-04:00,29269.25,29269.25,29253.0,29258.0,374,0.0,0.0
2026-07-21 18:50:00-04:00,29259.5,29265.0,29256.0,29264.75,135,0.0,0.0
2026-07-21 18:55:00-04:00,29264.75,29276.0,29258.0,29273.75,278,0.0,0.0
2026-07-21 19:00:00-04:00,29273.5,29275.5,29261.0,29272.5,270,0.0,0.0
2026-07-21 19:05:00-04:00,29270.5,29272.0,29263.25,29270.5,120,0.0,0.0
2026-07-21 19:10:00-04:00,29271.5,29289.25,29268.5,29281.75,439,0.0,0.0
2026-07-21 19:15:00-04:00,29283.0,29304.75,29272.0,29301.25,465,0.0,0.0
2026-07-21 19:20:00-04:00,29300.5,29300.5,29283.75,29286.75,250,0.0,0.0
2026-07-21 19:25:00-04:00,29286.75,29299.75,29285.5,29297.25,199,0.0,0.0
2026-07-21 19:30:00-04:00,29296.25,29304.5,29291.5,29296.25,285,0.0,0.0
2026-07-21 19:35:00-04:00,29295.5,29296.25,29282.5,29285.75,242,0.0,0.0
2026-07-21 19:40:00-04:00,29287.0,29289.25,29270.25,29281.5,346,0.0,0.0
2026-07-21 19:45:00-04:00,29279.5,29294.0,29275.75,29292.0,325,0.0,0.0
2026-07-21 19:50:00-04:00,29292.0,29302.0,29268.0,29280.0,504,0.0,0.0
2026-07-21 19:55:00-04:00,29280.25,29303.0,29279.25,29298.5,435,0.0,0.0
2026-07-21 20:00:00-04:00,29298.5,29325.25,29286.0,29322.25,1190,0.0,0.0
2026-07-21 20:05:00-04:00,29322.25,29335.75,29312.5,29328.5,956,0.0,0.0
2026-07-21 20:10:00-04:00,29327.5,29337.0,29308.5,29327.75,562,0.0,0.0
2026-07-21 20:15:00-04:00,29329.5,29330.5,29305.75,29323.0,569,0.0,0.0
2026-07-21 20:20:00-04:00,29325.25,29328.25,29301.25,29309.75,515,0.0,0.0
2026-07-21 20:25:00-04:00,29308.75,29316.5,29290.25,29299.0,597,0.0,0.0
2026-07-21 20:30:00-04:00,29300.25,29305.5,29272.5,29286.5,637,0.0,0.0
2026-07-21 20:35:00-04:00,29285.0,29293.75,29272.5,29291.75,409,0.0,0.0
2026-07-21 20:40:00-04:00,29289.75,29298.25,29279.5,29285.5,396,0.0,0.0
2026-07-21 20:45:00-04:00,29282.75,29286.0,29258.25,29279.75,877,0.0,0.0
2026-07-21 20:50:00-04:00,29280.25,29283.75,29264.5,29266.25,396,0.0,0.0
2026-07-21 20:55:00-04:00,29265.75,29293.0,29259.25,29288.0,586,0.0,0.0
2026-07-21 21:00:00-04:00,29289.75,29293.75,29234.5,29242.5,1199,0.0,0.0
2026-07-21 21:05:00-04:00,29241.5,29251.75,29234.5,29242.0,453,0.0,0.0
2026-07-21 21:10:00-04:00,29244.0,29262.0,29237.5,29257.0,395,0.0,0.0
2026-07-21 21:15:00-04:00,29259.0,29272.0,29256.0,29267.5,399,0.0,0.0
2026-07-21 21:20:00-04:00,29263.25,29266.0,29239.5,29242.0,520,0.0,0.0
2026-07-21 21:25:00-04:00,29242.75,29263.5,29240.5,29246.0,421,0.0,0.0
2026-07-21 21:30:00-04:00,29243.0,29249.75,29232.0,29242.75,520,0.0,0.0
2026-07-21 21:35:00-04:00,29244.5,29257.25,29239.75,29251.0,286,0.0,0.0
2026-07-21 21:40:00-04:00,29252.75,29260.75,29240.5,29255.25,434,0.0,0.0
2026-07-21 21:45:00-04:00,29253.0,29288.0,29251.25,29286.25,641,0.0,0.0
2026-07-21 21:50:00-04:00,29288.5,29307.0,29282.25,29300.75,727,0.0,0.0
2026-07-21 21:55:00-04:00,29301.5,29302.5,29275.25,29277.25,552,0.0,0.0
2026-07-21 22:00:00-04:00,29277.25,29284.0,29248.0,29262.5,776,0.0,0.0
2026-07-21 22:05:00-04:00,29264.5,29269.75,29238.25,29245.75,511,0.0,0.0
2026-07-21 22:10:00-04:00,29244.5,29264.0,29244.5,29260.75,403,0.0,0.0
2026-07-21 22:15:00-04:00,29260.0,29268.5,29255.0,29258.5,340,0.0,0.0
2026-07-21 22:20:00-04:00,29262.75,29267.0,29254.0,29263.75,223,0.0,0.0
2026-07-21 22:25:00-04:00,29264.25,29284.5,29250.5,29276.0,412,0.0,0.0
2026-07-21 22:30:00-04:00,29275.5,29277.25,29250.75,29254.5,476,0.0,0.0
2026-07-21 22:35:00-04:00,29255.0,29257.75,29243.0,29245.0,269,0.0,0.0
2026-07-21 22:40:00-04:00,29244.0,29264.5,29243.25,29253.75,371,0.0,0.0
2026-07-21 22:45:00-04:00,29252.25,29263.75,29246.25,29261.25,304,0.0,0.0
2026-07-21 22:50:00-04:00,29260.75,29262.0,29245.5,29252.5,266,0.0,0.0
2026-07-21 22:55:00-04:00,29252.5,29254.25,29228.0,29238.25,573,0.0,0.0
2026-07-21 23:00:00-04:00,29239.25,29241.75,29227.0,29235.25,426,0.0,0.0
2026-07-21 23:05:00-04:00,29234.25,29245.0,29215.25,29217.0,525,0.0,0.0
2026-07-21 23:10:00-04:00,29216.5,29220.5,29210.0,29214.25,544,0.0,0.0
2026-07-21 23:15:00-04:00,29213.25,29228.5,29212.0,29217.25,491,0.0,0.0
2026-07-21 23:20:00-04:00,29220.0,29251.5,29218.5,29248.5,557,0.0,0.0
2026-07-21 23:25:00-04:00,29249.75,29262.0,29246.75,29262.0,439,0.0,0.0
2026-07-21 23:30:00-04:00,29260.25,29267.25,29219.5,29226.25,603,0.0,0.0
2026-07-21 23:35:00-04:00,29226.25,29233.0,29218.5,29229.75,293,0.0,0.0
2026-07-21 23:40:00-04:00,29228.75,29236.25,29217.0,29222.5,271,0.0,0.0
2026-07-21 23:45:00-04:00,29224.25,29241.5,29223.75,29234.5,257,0.0,0.0
2026-07-21 23:50:00-04:00,29234.5,29234.75,29192.0,29197.0,932,0.0,0.0
2026-07-21 23:55:00-04:00,29198.0,29204.25,29190.25,29197.0,466,0.0,0.0
2026-07-22 00:05:00-04:00,29223.0,29223.5,29217.75,29220.25,1041,0.0,0.0
2026-07-22 00:10:00-04:00,29219.0,29224.25,29209.0,29213.25,343,0.0,0.0
2026-07-22 00:15:00-04:00,29216.0,29227.5,29216.0,29223.25,228,0.0,0.0
2026-07-22 00:20:00-04:00,29223.5,29236.0,29221.0,29231.5,213,0.0,0.0
2026-07-22 00:25:00-04:00,29232.25,29238.5,29223.0,29234.0,351,0.0,0.0
2026-07-22 00:30:00-04:00,29231.75,29232.5,29214.75,29216.75,475,0.0,0.0
2026-07-22 00:35:00-04:00,29218.75,29222.5,29211.0,29211.5,267,0.0,0.0
2026-07-22 00:40:00-04:00,29212.25,29222.75,29208.75,29217.5,290,0.0,0.0
2026-07-22 00:45:00-04:00,29216.75,29219.5,29205.0,29208.5,253,0.0,0.0
2026-07-22 00:50:00-04:00,29207.75,29211.0,29202.75,29203.0,213,0.0,0.0
2026-07-22 00:55:00-04:00,29202.75,29222.75,29193.75,29221.5,361,0.0,0.0
2026-07-22 01:00:00-04:00,29222.25,29225.25,29199.75,29201.75,272,0.0,0.0
2026-07-22 01:05:00-04:00,29202.5,29205.0,29184.25,29185.75,427,0.0,0.0
2026-07-22 01:10:00-04:00,29184.25,29194.75,29179.5,29186.5,445,0.0,0.0
2026-07-22 01:15:00-04:00,29187.75,29196.25,29177.25,29187.75,376,0.0,0.0
2026-07-22 01:20:00-04:00,29187.0,29187.0,29166.25,29170.25,503,0.0,0.0
2026-07-22 01:25:00-04:00,29171.0,29186.75,29166.0,29166.0,336,0.0,0.0
2026-07-22 01:30:00-04:00,29165.5,29183.75,29162.0,29182.0,446,0.0,0.0
2026-07-22 01:35:00-04:00,29180.5,29182.75,29151.0,29167.75,645,0.0,0.0
2026-07-22 01:40:00-04:00,29168.5,29170.5,29145.5,29146.0,544,0.0,0.0
2026-07-22 01:45:00-04:00,29148.0,29151.0,29140.25,29147.0,262,0.0,0.0
2026-07-22 01:50:00-04:00,29154.25,29177.75,29154.25,29157.0,874,0.0,0.0
2026-07-22 01:55:00-04:00,29155.25,29173.0,29155.25,29172.75,296,0.0,0.0
2026-07-22 02:00:00-04:00,29171.25,29173.0,29149.5,29152.0,644,0.0,0.0
2026-07-22 02:05:00-04:00,29150.75,29152.75,29127.0,29129.5,927,0.0,0.0
2026-07-22 02:10:00-04:00,29129.0,29143.5,29126.0,29133.25,434,0.0,0.0
2026-07-22 02:15:00-04:00,29131.75,29131.75,29093.25,29098.5,988,0.0,0.0
2026-07-22 02:20:00-04:00,29098.5,29099.75,29060.0,29081.75,1350,0.0,0.0
2026-07-22 02:25:00-04:00,29081.0,29087.5,29067.25,29079.5,647,0.0,0.0
2026-07-22 02:30:00-04:00,29077.75,29094.0,29068.0,29094.0,857,0.0,0.0
2026-07-22 02:35:00-04:00,29095.0,29115.25,29094.25,29111.0,632,0.0,0.0
2026-07-22 02:40:00-04:00,29110.75,29115.5,29102.0,29102.75,346,0.0,0.0
2026-07-22 02:45:00-04:00,29101.75,29101.75,29068.75,29070.0,855,0.0,0.0
2026-07-22 02:50:00-04:00,29069.0,29103.0,29062.25,29093.0,631,0.0,0.0
2026-07-22 02:55:00-04:00,29092.25,29099.0,29083.25,29092.75,437,0.0,0.0
2026-07-22 03:00:00-04:00,29091.75,29102.25,29073.75,29082.0,892,0.0,0.0
2026-07-22 03:05:00-04:00,29082.0,29084.25,29051.0,29066.25,848,0.0,0.0
2026-07-22 03:10:00-04:00,29068.0,29099.0,29066.5,29097.0,600,0.0,0.0
2026-07-22 03:15:00-04:00,29098.0,29115.0,29090.75,29106.75,528,0.0,0.0
2026-07-22 03:20:00-04:00,29106.0,29114.25,29088.0,29093.5,451,0.0,0.0
2026-07-22 03:25:00-04:00,29092.0,29124.5,29084.25,29119.25,826,0.0,0.0
2026-07-22 03:30:00-04:00,29117.5,29123.75,29071.25,29071.25,834,0.0,0.0
2026-07-22 03:35:00-04:00,29070.5,29075.75,29048.0,29048.0,732,0.0,0.0
2026-07-22 03:40:00-04:00,29049.25,29065.0,29025.75,29065.0,1091,0.0,0.0
2026-07-22 03:45:00-04:00,29064.25,29077.0,29045.25,29046.5,814,0.0,0.0
2026-07-22 03:50:00-04:00,29045.75,29067.75,29040.0,29060.75,689,0.0,0.0
2026-07-22 03:55:00-04:00,29061.0,29068.75,29049.0,29056.0,436,0.0,0.0
2026-07-22 04:00:00-04:00,29059.75,29087.0,29038.75,29084.5,1095,0.0,0.0
2026-07-22 04:05:00-04:00,29084.0,29107.0,29068.0,29095.25,810,0.0,0.0
2026-07-22 04:10:00-04:00,29095.25,29097.0,29063.0,29067.0,582,0.0,0.0
2026-07-22 04:15:00-04:00,29066.0,29082.25,29061.5,29072.75,345,0.0,0.0
2026-07-22 04:20:00-04:00,29074.0,29104.25,29069.0,29101.0,442,0.0,0.0
2026-07-22 04:25:00-04:00,29099.0,29105.0,29087.5,29100.25,793,0.0,0.0
2026-07-22 04:30:00-04:00,29101.25,29115.5,29097.0,29111.75,410,0.0,0.0
2026-07-22 04:35:00-04:00,29113.0,29113.0,29087.0,29089.25,299,0.0,0.0
2026-07-22 04:40:00-04:00,29090.0,29100.0,29079.0,29086.75,278,0.0,0.0
2026-07-22 04:45:00-04:00,29086.75,29108.0,29086.75,29097.25,295,0.0,0.0
2026-07-22 04:50:00-04:00,29094.5,29108.25,29086.0,29106.0,194,0.0,0.0
2026-07-22 04:55:00-04:00,29106.0,29117.75,29096.0,29110.0,340,0.0,0.0
2026-07-22 05:00:00-04:00,29110.25,29139.75,29106.25,29131.75,662,0.0,0.0
2026-07-22 05:05:00-04:00,29131.25,29150.0,29123.75,29136.5,703,0.0,0.0
2026-07-22 05:10:00-04:00,29136.75,29145.25,29127.0,29132.0,455,0.0,0.0
2026-07-22 05:15:00-04:00,29132.25,29136.25,29128.0,29134.5,182,0.0,0.0
2026-07-22 05:20:00-04:00,29132.5,29146.75,29129.0,29137.75,316,0.0,0.0
2026-07-22 05:25:00-04:00,29142.0,29142.0,29123.5,29126.25,345,0.0,0.0
2026-07-22 05:30:00-04:00,29125.0,29126.5,29096.0,29097.5,606,0.0,0.0
2026-07-22 05:35:00-04:00,29097.25,29114.5,29096.75,29110.5,335,0.0,0.0
2026-07-22 05:40:00-04:00,29109.75,29119.5,29102.0,29116.25,316,0.0,0.0
2026-07-22 05:45:00-04:00,29115.0,29125.0,29111.0,29118.25,292,0.0,0.0
2026-07-22 05:50:00-04:00,29114.0,29114.5,29089.25,29098.75,421,0.0,0.0
2026-07-22 05:55:00-04:00,29099.0,29128.5,29097.25,29127.0,393,0.0,0.0
2026-07-22 06:00:00-04:00,29128.25,29159.75,29128.0,29142.5,748,0.0,0.0
2026-07-22 06:05:00-04:00,29144.0,29146.5,29130.75,29133.5,271,0.0,0.0
2026-07-22 06:10:00-04:00,29132.0,29141.75,29119.25,29121.0,448,0.0,0.0
2026-07-22 06:15:00-04:00,29120.0,29139.5,29113.0,29129.75,389,0.0,0.0
2026-07-22 06:20:00-04:00,29130.0,29168.5,29130.0,29162.75,1184,0.0,0.0
2026-07-22 06:25:00-04:00,29163.25,29167.0,29154.0,29161.25,455,0.0,0.0
2026-07-22 06:30:00-04:00,29162.25,29169.75,29144.5,29146.0,511,0.0,0.0
2026-07-22 06:35:00-04:00,29147.0,29154.75,29135.5,29140.5,315,0.0,0.0
2026-07-22 06:40:00-04:00,29139.5,29143.5,29134.75,29136.25,205,0.0,0.0
2026-07-22 06:45:00-04:00,29133.75,29170.75,29133.0,29170.75,711,0.0,0.0
2026-07-22 06:50:00-04:00,29171.5,29173.0,29156.25,29158.25,339,0.0,0.0
2026-07-22 06:55:00-04:00,29157.75,29162.5,29151.0,29153.0,394,0.0,0.0
2026-07-22 07:00:00-04:00,29154.0,29164.75,29135.0,29135.0,738,0.0,0.0
2026-07-22 07:05:00-04:00,29135.75,29145.75,29130.0,29137.75,559,0.0,0.0
2026-07-22 07:10:00-04:00,29137.25,29138.0,29122.5,29124.25,381,0.0,0.0
2026-07-22 07:15:00-04:00,29123.0,29124.0,29111.5,29114.25,720,0.0,0.0
2026-07-22 07:20:00-04:00,29116.5,29135.75,29116.25,29120.5,573,0.0,0.0
2026-07-22 07:25:00-04:00,29119.5,29120.75,29099.25,29101.75,777,0.0,0.0
2026-07-22 07:30:00-04:00,29102.0,29111.0,29095.25,29103.75,455,0.0,0.0
2026-07-22 07:35:00-04:00,29103.25,29114.5,29084.75,29089.5,595,0.0,0.0
2026-07-22 07:40:00-04:00,29089.0,29089.0,29017.5,29041.75,2752,0.0,0.0
2026-07-22 07:45:00-04:00,29041.75,29079.0,29035.75,29072.0,1152,0.0,0.0
2026-07-22 07:50:00-04:00,29072.5,29073.5,29057.25,29065.75,454,0.0,0.0
2026-07-22 07:55:00-04:00,29066.75,29070.0,29044.75,29054.0,757,0.0,0.0
2026-07-22 08:00:00-04:00,29056.5,29071.0,29028.5,29037.5,1242,0.0,0.0
2026-07-22 08:05:00-04:00,29038.25,29056.0,29026.0,29035.5,1067,0.0,0.0
2026-07-22 08:10:00-04:00,29034.75,29051.0,29026.0,29045.25,1110,0.0,0.0
2026-07-22 08:15:00-04:00,29045.25,29048.25,29020.0,29025.5,853,0.0,0.0
2026-07-22 08:20:00-04:00,29025.75,29030.5,28997.25,28998.5,1323,0.0,0.0
2026-07-22 08:25:00-04:00,28998.5,29028.0,28995.0,29027.0,1215,0.0,0.0
2026-07-22 08:30:00-04:00,29028.0,29067.0,29028.0,29059.0,2409,0.0,0.0
2026-07-22 08:35:00-04:00,29060.5,29068.75,29043.0,29065.0,1310,0.0,0.0
2026-07-22 08:40:00-04:00,29063.5,29068.5,29055.0,29056.5,702,0.0,0.0
2026-07-22 08:45:00-04:00,29056.0,29056.5,29011.0,29020.0,1815,0.0,0.0
2026-07-22 08:50:00-04:00,29020.0,29047.0,29016.5,29045.5,703,0.0,0.0
2026-07-22 08:55:00-04:00,29046.25,29046.25,28952.0,29017.25,4243,0.0,0.0
2026-07-22 09:00:00-04:00,29017.5,29048.5,29017.5,29045.5,1013,0.0,0.0
2026-07-22 09:05:00-04:00,29046.0,29061.5,29037.25,29059.75,948,0.0,0.0
2026-07-22 09:10:00-04:00,29060.0,29063.5,29050.25,29056.75,693,0.0,0.0
2026-07-22 09:15:00-04:00,29057.0,29082.5,29054.25,29079.25,1704,0.0,0.0
2026-07-22 09:20:00-04:00,29079.25,29090.0,29068.75,29089.25,1266,0.0,0.0
2026-07-22 09:25:00-04:00,29089.75,29099.0,29073.75,29089.75,2433,0.0,0.0
2026-07-22 09:30:00-04:00,29090.5,29162.25,29090.0,29151.0,13565,0.0,0.0
2026-07-22 09:35:00-04:00,29152.0,29166.25,29113.0,29155.75,9744,0.0,0.0
2026-07-22 09:40:00-04:00,29156.0,29186.0,29132.5,29178.75,7734,0.0,0.0
2026-07-22 09:45:00-04:00,29178.5,29218.25,29157.25,29172.25,9726,0.0,0.0
2026-07-22 09:50:00-04:00,29172.25,29239.5,29153.0,29236.25,8576,0.0,0.0
2026-07-22 09:55:00-04:00,29236.5,29277.25,29229.25,29276.75,6941,0.0,0.0
2026-07-22 10:00:00-04:00,29277.0,29283.75,29238.25,29258.75,7827,0.0,0.0
2026-07-22 10:05:00-04:00,29258.25,29277.75,29221.25,29223.25,5707,0.0,0.0
2026-07-22 10:10:00-04:00,29223.25,29263.5,29216.75,29236.25,6311,0.0,0.0
2026-07-22 10:15:00-04:00,29236.5,29253.25,29196.0,29251.5,6812,0.0,0.0
2026-07-22 10:20:00-04:00,29252.0,29273.75,29198.75,29217.75,7277,0.0,0.0
2026-07-22 10:25:00-04:00,29218.25,29232.5,29201.5,29220.0,4697,0.0,0.0
2026-07-22 10:30:00-04:00,29219.25,29260.25,29214.0,29217.25,5494,0.0,0.0
2026-07-22 10:35:00-04:00,29219.0,29246.25,29207.25,29220.0,3899,0.0,0.0
2026-07-22 10:40:00-04:00,29220.0,29232.75,29172.75,29185.25,5821,0.0,0.0
2026-07-22 10:45:00-04:00,29186.25,29231.25,29173.5,29224.5,6169,0.0,0.0
2026-07-22 10:50:00-04:00,29224.75,29226.5,29187.0,29200.25,3878,0.0,0.0
2026-07-22 10:55:00-04:00,29199.0,29245.0,29183.0,29241.0,4217,0.0,0.0
2026-07-22 11:00:00-04:00,29241.25,29274.75,29240.25,29269.5,4966,0.0,0.0
2026-07-22 11:05:00-04:00,29270.5,29303.25,29262.5,29293.0,4586,0.0,0.0
2026-07-22 11:10:00-04:00,29292.5,29314.0,29288.75,29306.5,4312,0.0,0.0
2026-07-22 11:15:00-04:00,29306.5,29314.0,29291.75,29309.75,3135,0.0,0.0
2026-07-22 11:20:00-04:00,29310.0,29328.25,29297.0,29322.5,4711,0.0,0.0
2026-07-22 11:25:00-04:00,29322.75,29342.25,29320.75,29324.5,3469,0.0,0.0
2026-07-22 11:30:00-04:00,29324.25,29335.5,29288.5,29292.25,4155,0.0,0.0
2026-07-22 11:35:00-04:00,29291.0,29310.5,29278.25,29282.5,3554,0.0,0.0
2026-07-22 11:40:00-04:00,29282.0,29302.75,29274.25,29289.0,3121,0.0,0.0
2026-07-22 11:45:00-04:00,29289.0,29309.5,29289.0,29307.25,2525,0.0,0.0
2026-07-22 11:50:00-04:00,29307.25,29332.75,29303.5,29307.25,3221,0.0,0.0
2026-07-22 11:55:00-04:00,29307.75,29332.0,29298.5,29329.5,2627,0.0,0.0
2026-07-22 12:00:00-04:00,29330.25,29333.5,29312.75,29320.0,2179,0.0,0.0
2026-07-22 12:05:00-04:00,29320.0,29333.75,29313.5,29328.75,1657,0.0,0.0
2026-07-22 12:10:00-04:00,29328.25,29333.25,29315.5,29328.5,2121,0.0,0.0
2026-07-22 12:15:00-04:00,29328.25,29335.0,29318.0,29330.0,2269,0.0,0.0
2026-07-22 12:20:00-04:00,29329.0,29329.0,29308.0,29314.75,2135,0.0,0.0
2026-07-22 12:25:00-04:00,29315.0,29317.0,29300.25,29311.0,1909,0.0,0.0
2026-07-22 12:30:00-04:00,29311.0,29328.25,29307.75,29323.0,1976,0.0,0.0
2026-07-22 12:35:00-04:00,29322.75,29323.0,29301.5,29305.0,1589,0.0,0.0
2026-07-22 12:40:00-04:00,29305.5,29306.25,29283.75,29290.5,2227,0.0,0.0
2026-07-22 12:45:00-04:00,29290.75,29296.75,29276.75,29288.5,2479,0.0,0.0
2026-07-22 12:50:00-04:00,29288.5,29298.0,29280.25,29290.75,2128,0.0,0.0
2026-07-22 12:55:00-04:00,29290.75,29321.75,29289.5,29310.5,2460,0.0,0.0
2026-07-22 13:00:00-04:00,29310.5,29326.75,29303.0,29308.5,2532,0.0,0.0
2026-07-22 13:05:00-04:00,29308.25,29331.25,29307.25,29326.0,2000,0.0,0.0
2026-07-22 13:10:00-04:00,29326.0,29328.25,29306.25,29309.75,1671,0.0,0.0
2026-07-22 13:15:00-04:00,29310.25,29318.0,29301.25,29310.0,2034,0.0,0.0
2026-07-22 13:20:00-04:00,29309.75,29316.5,29295.0,29313.5,2401,0.0,0.0
2026-07-22 13:25:00-04:00,29313.0,29319.25,29298.75,29306.0,1931,0.0,0.0
2026-07-22 13:30:00-04:00,29304.0,29320.0,29281.5,29283.5,2545,0.0,0.0
2026-07-22 13:35:00-04:00,29283.75,29315.75,29280.75,29314.0,2471,0.0,0.0
2026-07-22 13:40:00-04:00,29314.0,29314.25,29289.0,29293.75,1803,0.0,0.0
2026-07-22 13:45:00-04:00,29294.75,29298.25,29281.0,29282.0,1495,0.0,0.0
2026-07-22 13:50:00-04:00,29281.75,29287.75,29250.0,29250.75,3297,0.0,0.0
2026-07-22 13:55:00-04:00,29251.0,29261.5,29234.25,29244.25,3509,0.0,0.0
2026-07-22 14:00:00-04:00,29244.0,29261.75,29231.75,29252.0,3999,0.0,0.0
2026-07-22 14:05:00-04:00,29252.75,29271.25,29245.25,29246.25,2618,0.0,0.0
2026-07-22 14:10:00-04:00,29246.25,29254.25,29223.75,29224.5,2800,0.0,0.0
2026-07-22 14:15:00-04:00,29224.5,29241.25,29222.25,29231.75,2511,0.0,0.0
2026-07-22 14:20:00-04:00,29231.75,29255.75,29224.0,29229.75,2942,0.0,0.0
2026-07-22 14:25:00-04:00,29229.75,29248.0,29225.25,29239.0,2083,0.0,0.0
2026-07-22 14:30:00-04:00,29239.0,29240.0,29207.75,29215.0,3762,0.0,0.0
2026-07-22 14:35:00-04:00,29213.5,29239.5,29211.5,29233.25,2463,0.0,0.0
2026-07-22 14:40:00-04:00,29233.5,29236.0,29223.0,29228.5,1697,0.0,0.0
2026-07-22 14:45:00-04:00,29228.5,29250.0,29226.25,29233.0,2166,0.0,0.0
2026-07-22 14:50:00-04:00,29232.25,29254.5,29224.25,29253.5,2255,0.0,0.0
2026-07-22 14:55:00-04:00,29253.0,29259.0,29242.5,29245.25,2040,0.0,0.0
2026-07-22 15:00:00-04:00,29245.75,29258.0,29234.25,29249.0,2485,0.0,0.0
2026-07-22 15:05:00-04:00,29249.25,29254.25,29240.25,29246.0,1786,0.0,0.0
2026-07-22 15:10:00-04:00,29245.75,29245.75,29215.5,29225.0,2938,0.0,0.0
2026-07-22 15:15:00-04:00,29224.75,29246.25,29217.25,29239.75,2018,0.0,0.0
2026-07-22 15:20:00-04:00,29239.75,29247.75,29224.75,29237.0,2195,0.0,0.0
2026-07-22 15:25:00-04:00,29237.0,29260.0,29227.25,29253.0,2519,0.0,0.0
2026-07-22 15:30:00-04:00,29253.5,29254.25,29225.5,29229.0,3228,0.0,0.0
2026-07-22 15:35:00-04:00,29229.0,29235.75,29192.5,29199.75,3195,0.0,0.0
2026-07-22 15:40:00-04:00,29200.0,29223.5,29195.25,29212.25,2995,0.0,0.0
2026-07-22 15:45:00-04:00,29212.5,29228.0,29208.25,29223.75,2764,0.0,0.0
2026-07-22 15:50:00-04:00,29224.5,29246.0,29198.75,29203.75,5834,0.0,0.0
2026-07-22 15:55:00-04:00,29203.5,29206.75,29158.25,29160.5,12336,0.0,0.0
2026-07-22 16:00:00-04:00,29161.0,29235.5,29140.0,29150.75,10771,0.0,0.0
2026-07-22 16:05:00-04:00,29150.75,29176.5,29119.0,29155.5,4002,0.0,0.0
2026-07-22 16:10:00-04:00,29156.25,29251.0,29141.25,29249.0,3252,0.0,0.0
2026-07-22 16:15:00-04:00,29249.0,29260.0,29221.0,29248.25,2635,0.0,0.0
2026-07-22 16:20:00-04:00,29249.25,29249.75,29210.75,29234.5,1468,0.0,0.0
2026-07-22 16:25:00-04:00,29234.75,29239.75,29203.25,29217.5,1287,0.0,0.0
2026-07-22 16:30:00-04:00,29216.25,29225.75,29198.5,29216.0,748,0.0,0.0
2026-07-22 16:35:00-04:00,29212.75,29220.0,29184.75,29196.75,1274,0.0,0.0
2026-07-22 16:40:00-04:00,29195.75,29200.0,29182.5,29185.0,442,0.0,0.0
2026-07-22 16:45:00-04:00,29183.5,29198.5,29178.5,29188.25,525,0.0,0.0
2026-07-22 16:50:00-04:00,29188.0,29212.5,29188.0,29203.0,468,0.0,0.0
2026-07-22 16:55:00-04:00,29202.25,29202.25,29165.0,29165.0,831,0.0,0.0
2026-07-22 18:00:00-04:00,29100.0,29142.5,29075.75,29079.0,0,0.0,0.0
2026-07-22 18:05:00-04:00,29077.5,29082.5,29060.5,29067.5,949,0.0,0.0
2026-07-22 18:10:00-04:00,29066.5,29093.0,29065.25,29085.5,624,0.0,0.0
2026-07-22 18:15:00-04:00,29086.0,29094.25,29070.0,29083.0,546,0.0,0.0
2026-07-22 18:20:00-04:00,29082.25,29096.0,29078.25,29089.25,530,0.0,0.0
2026-07-22 18:25:00-04:00,29090.0,29107.0,29076.0,29080.5,835,0.0,0.0
2026-07-22 18:30:00-04:00,29081.25,29091.25,29077.0,29078.0,322,0.0,0.0
2026-07-22 18:35:00-04:00,29077.5,29085.5,29044.5,29048.25,763,0.0,0.0
2026-07-22 18:40:00-04:00,29047.25,29056.0,29041.0,29046.25,700,0.0,0.0
2026-07-22 18:45:00-04:00,29047.25,29065.0,29039.25,29061.75,570,0.0,0.0
2026-07-22 18:50:00-04:00,29061.25,29079.5,29055.25,29078.25,449,0.0,0.0
2026-07-22 18:55:00-04:00,29079.25,29086.5,29069.25,29072.75,396,0.0,0.0
2026-07-22 19:00:00-04:00,29073.5,29081.25,29021.75,29039.75,990,0.0,0.0
2026-07-22 19:05:00-04:00,29038.75,29043.75,29031.5,29033.25,366,0.0,0.0
2026-07-22 19:10:00-04:00,29033.0,29068.0,29027.75,29064.5,614,0.0,0.0
2026-07-22 19:15:00-04:00,29062.25,29066.75,29035.5,29043.0,466,0.0,0.0
2026-07-22 19:20:00-04:00,29043.75,29056.25,29042.0,29054.5,172,0.0,0.0
2026-07-22 19:25:00-04:00,29058.75,29064.25,29046.0,29058.75,291,0.0,0.0
2026-07-22 19:30:00-04:00,29059.0,29077.25,29058.75,29072.0,434,0.0,0.0
2026-07-22 19:35:00-04:00,29071.0,29084.75,29070.25,29079.75,251,0.0,0.0
2026-07-22 19:40:00-04:00,29081.75,29098.25,29081.0,29097.75,570,0.0,0.0
2026-07-22 19:45:00-04:00,29095.75,29141.25,29089.75,29127.75,1214,0.0,0.0
2026-07-22 19:50:00-04:00,29129.5,29136.0,29120.0,29126.75,568,0.0,0.0
2026-07-22 19:55:00-04:00,29127.0,29145.5,29119.25,29142.25,691,0.0,0.0
2026-07-22 20:00:00-04:00,29143.75,29163.0,29132.5,29155.5,1351,0.0,0.0
2026-07-22 20:05:00-04:00,29156.75,29173.0,29156.5,29164.25,677,0.0,0.0
2026-07-22 20:10:00-04:00,29163.0,29170.25,29143.5,29166.75,671,0.0,0.0
2026-07-22 20:15:00-04:00,29166.5,29211.0,29157.25,29199.0,1356,0.0,0.0
2026-07-22 20:20:00-04:00,29200.5,29234.0,29200.5,29233.5,1082,0.0,0.0
2026-07-22 20:25:00-04:00,29233.25,29255.5,29225.0,29226.5,1347,0.0,0.0
2026-07-22 20:30:00-04:00,29226.75,29242.75,29218.25,29239.5,796,0.0,0.0
2026-07-22 20:35:00-04:00,29239.5,29249.5,29232.0,29240.0,507,0.0,0.0
2026-07-22 20:40:00-04:00,29240.5,29247.5,29231.0,29234.0,659,0.0,0.0
2026-07-22 20:45:00-04:00,29233.75,29246.25,29228.75,29243.75,385,0.0,0.0
2026-07-22 20:50:00-04:00,29245.5,29282.5,29232.5,29268.75,1409,0.0,0.0
2026-07-22 20:55:00-04:00,29268.0,29279.75,29255.0,29255.0,729,0.0,0.0
2026-07-22 21:00:00-04:00,29256.25,29270.5,29236.0,29262.5,949,0.0,0.0
2026-07-22 21:05:00-04:00,29261.25,29271.0,29250.25,29258.0,447,0.0,0.0
2026-07-22 21:10:00-04:00,29259.75,29272.0,29258.5,29267.75,455,0.0,0.0
2026-07-22 21:15:00-04:00,29270.0,29273.5,29236.5,29242.25,527,0.0,0.0
2026-07-22 21:20:00-04:00,29241.5,29255.5,29232.5,29240.5,667,0.0,0.0
2026-07-22 21:25:00-04:00,29242.25,29253.5,29234.75,29240.25,378,0.0,0.0
2026-07-22 21:30:00-04:00,29242.0,29249.75,29207.25,29247.25,1110,0.0,0.0
2026-07-22 21:35:00-04:00,29246.25,29260.5,29208.25,29209.25,857,0.0,0.0
2026-07-22 21:40:00-04:00,29210.0,29212.0,29181.0,29182.0,1065,0.0,0.0
2026-07-22 21:45:00-04:00,29183.0,29199.0,29178.0,29184.0,696,0.0,0.0
2026-07-22 21:50:00-04:00,29180.25,29211.0,29175.5,29210.25,699,0.0,0.0
2026-07-22 21:55:00-04:00,29210.75,29218.0,29175.75,29176.0,681,0.0,0.0
2026-07-22 22:00:00-04:00,29176.0,29196.25,29165.5,29193.25,733,0.0,0.0
2026-07-22 22:05:00-04:00,29194.5,29201.0,29176.75,29178.25,430,0.0,0.0
2026-07-22 22:10:00-04:00,29177.5,29177.75,29147.75,29148.5,793,0.0,0.0
2026-07-22 22:15:00-04:00,29148.0,29155.5,29125.25,29131.0,608,0.0,0.0
2026-07-22 22:20:00-04:00,29131.0,29133.75,29104.75,29108.25,832,0.0,0.0
2026-07-22 22:25:00-04:00,29107.5,29109.75,29092.0,29105.0,733,0.0,0.0
2026-07-22 22:30:00-04:00,29104.5,29126.75,29100.75,29123.0,789,0.0,0.0
2026-07-22 22:35:00-04:00,29123.25,29124.25,29071.0,29075.25,1041,0.0,0.0
2026-07-22 22:40:00-04:00,29075.25,29077.75,29057.0,29069.5,852,0.0,0.0
2026-07-22 22:45:00-04:00,29069.5,29093.5,29067.25,29068.25,706,0.0,0.0
2026-07-22 22:50:00-04:00,29067.0,29095.5,29063.0,29092.5,728,0.0,0.0
2026-07-22 22:55:00-04:00,29091.75,29096.75,29085.25,29089.0,327,0.0,0.0
2026-07-22 23:00:00-04:00,29093.5,29096.75,29069.0,29074.0,527,0.0,0.0
2026-07-22 23:05:00-04:00,29073.0,29079.75,29043.75,29050.0,896,0.0,0.0
2026-07-22 23:10:00-04:00,29051.0,29060.5,29029.5,29053.5,887,0.0,0.0
2026-07-22 23:15:00-04:00,29054.25,29059.25,29039.0,29054.75,494,0.0,0.0
2026-07-22 23:20:00-04:00,29055.75,29080.25,29049.25,29066.5,866,0.0,0.0
2026-07-22 23:25:00-04:00,29067.0,29084.25,29045.25,29084.25,696,0.0,0.0
2026-07-22 23:30:00-04:00,29083.25,29114.5,29072.25,29085.25,1044,0.0,0.0
2026-07-22 23:35:00-04:00,29081.5,29099.0,29076.25,29095.5,359,0.0,0.0
2026-07-22 23:40:00-04:00,29099.25,29116.5,29092.5,29116.25,526,0.0,0.0
2026-07-22 23:45:00-04:00,29116.0,29124.0,29102.75,29122.25,522,0.0,0.0
2026-07-22 23:50:00-04:00,29121.5,29128.0,29112.25,29125.5,271,0.0,0.0
2026-07-22 23:55:00-04:00,29125.0,29126.0,29112.75,29125.0,227,0.0,0.0
2026-07-23 00:05:00-04:00,29097.75,29101.75,29088.25,29088.25,1305,0.0,0.0
2026-07-23 00:10:00-04:00,29085.75,29136.75,29084.5,29136.75,624,0.0,0.0
2026-07-23 00:15:00-04:00,29135.25,29140.0,29111.75,29114.0,618,0.0,0.0
2026-07-23 00:20:00-04:00,29114.0,29142.25,29114.0,29140.5,461,0.0,0.0
2026-07-23 00:25:00-04:00,29141.5,29163.0,29125.5,29151.5,911,0.0,0.0
2026-07-23 00:30:00-04:00,29153.5,29165.0,29142.25,29164.75,504,0.0,0.0
2026-07-23 00:35:00-04:00,29162.75,29165.25,29142.0,29160.0,392,0.0,0.0
2026-07-23 00:40:00-04:00,29162.0,29163.0,29137.75,29141.5,321,0.0,0.0
2026-07-23 00:45:00-04:00,29141.25,29158.25,29129.25,29129.25,475,0.0,0.0
2026-07-23 00:50:00-04:00,29127.75,29129.25,29112.5,29118.5,455,0.0,0.0
2026-07-23 00:55:00-04:00,29118.5,29129.0,29112.75,29125.25,280,0.0,0.0
2026-07-23 01:00:00-04:00,29126.0,29129.0,29106.5,29112.5,485,0.0,0.0
2026-07-23 01:05:00-04:00,29113.25,29120.25,29106.75,29113.75,212,0.0,0.0
2026-07-23 01:10:00-04:00,29114.5,29118.75,29100.0,29118.75,345,0.0,0.0
2026-07-23 01:15:00-04:00,29116.5,29119.75,29103.0,29111.75,237,0.0,0.0
2026-07-23 01:20:00-04:00,29110.25,29134.5,29098.5,29119.75,607,0.0,0.0
2026-07-23 01:25:00-04:00,29120.25,29170.75,29119.5,29170.75,858,0.0,0.0
2026-07-23 01:30:00-04:00,29170.25,29183.25,29167.25,29173.25,623,0.0,0.0
2026-07-23 01:35:00-04:00,29173.5,29174.75,29141.25,29142.25,417,0.0,0.0
2026-07-23 01:40:00-04:00,29145.0,29157.0,29137.5,29148.75,364,0.0,0.0
2026-07-23 01:45:00-04:00,29148.75,29148.75,29106.5,29106.5,439,0.0,0.0
2026-07-23 01:50:00-04:00,29105.5,29119.0,29079.25,29079.25,636,0.0,0.0
2026-07-23 01:55:00-04:00,29079.5,29109.25,29079.5,29088.0,554,0.0,0.0
2026-07-23 02:00:00-04:00,29088.0,29116.5,29085.0,29099.5,539,0.0,0.0
2026-07-23 02:05:00-04:00,29104.25,29110.5,29077.25,29082.0,418,0.0,0.0
2026-07-23 02:10:00-04:00,29082.25,29103.0,29078.75,29097.5,400,0.0,0.0
2026-07-23 02:15:00-04:00,29099.75,29105.75,29085.75,29103.0,424,0.0,0.0
2026-07-23 02:20:00-04:00,29103.0,29112.25,29079.25,29091.75,442,0.0,0.0
2026-07-23 02:25:00-04:00,29090.25,29111.25,29087.0,29108.75,403,0.0,0.0
2026-07-23 02:30:00-04:00,29108.0,29114.0,29090.25,29096.75,369,0.0,0.0
2026-07-23 02:35:00-04:00,29099.75,29101.0,29083.25,29089.5,434,0.0,0.0
2026-07-23 02:40:00-04:00,29089.25,29099.5,29081.5,29081.75,289,0.0,0.0
2026-07-23 02:45:00-04:00,29082.75,29119.25,29081.25,29105.25,561,0.0,0.0
2026-07-23 02:50:00-04:00,29104.0,29108.5,29078.5,29086.25,383,0.0,0.0
2026-07-23 02:55:00-04:00,29086.0,29089.0,29074.0,29084.0,524,0.0,0.0
2026-07-23 03:00:00-04:00,29083.75,29086.75,29045.5,29061.75,1247,0.0,0.0
2026-07-23 03:05:00-04:00,29062.0,29062.75,29018.5,29020.25,1459,0.0,0.0
2026-07-23 03:10:00-04:00,29020.25,29021.5,28954.0,28996.25,2187,0.0,0.0
2026-07-23 03:15:00-04:00,28996.75,29015.25,28993.5,29012.0,944,0.0,0.0
2026-07-23 03:20:00-04:00,29013.0,29034.25,29009.0,29009.25,955,0.0,0.0
2026-07-23 03:25:00-04:00,29010.0,29038.75,29009.25,29015.5,675,0.0,0.0
2026-07-23 03:30:00-04:00,29015.75,29019.75,28976.75,28982.5,859,0.0,0.0
2026-07-23 03:35:00-04:00,28982.25,28990.0,28973.25,28976.0,634,0.0,0.0
2026-07-23 03:40:00-04:00,28975.0,28975.5,28937.5,28940.5,1128,0.0,0.0
2026-07-23 03:45:00-04:00,28940.0,28952.0,28922.25,28943.5,985,0.0,0.0
2026-07-23 03:50:00-04:00,28943.75,28965.25,28935.25,28959.5,729,0.0,0.0
2026-07-23 03:55:00-04:00,28959.5,28989.25,28959.5,28987.5,748,0.0,0.0
2026-07-23 04:00:00-04:00,28988.75,29001.25,28958.25,28996.5,1193,0.0,0.0
2026-07-23 04:05:00-04:00,28995.0,29035.75,28990.0,29034.5,852,0.0,0.0
2026-07-23 04:10:00-04:00,29034.25,29042.0,29020.0,29034.75,576,0.0,0.0
2026-07-23 04:15:00-04:00,29035.5,29061.25,29025.75,29050.75,935,0.0,0.0
2026-07-23 04:20:00-04:00,29050.5,29058.0,29018.25,29024.5,1007,0.0,0.0
2026-07-23 04:25:00-04:00,29024.0,29052.5,29017.0,29051.0,661,0.0,0.0
2026-07-23 04:30:00-04:00,29049.25,29061.5,29037.25,29056.75,516,0.0,0.0
2026-07-23 04:35:00-04:00,29057.75,29060.75,29040.5,29044.25,346,0.0,0.0
2026-07-23 04:40:00-04:00,29043.5,29054.25,29030.75,29037.75,432,0.0,0.0
2026-07-23 04:45:00-04:00,29036.5,29056.5,29033.75,29050.5,220,0.0,0.0
2026-07-23 04:50:00-04:00,29052.0,29078.5,29045.5,29076.0,610,0.0,0.0
2026-07-23 04:55:00-04:00,29075.0,29111.0,29074.25,29103.0,928,0.0,0.0
2026-07-23 05:00:00-04:00,29103.5,29137.75,29087.25,29125.75,1204,0.0,0.0
2026-07-23 05:05:00-04:00,29127.5,29127.5,29106.0,29107.25,483,0.0,0.0
2026-07-23 05:10:00-04:00,29107.75,29110.0,29079.75,29082.25,723,0.0,0.0
2026-07-23 05:15:00-04:00,29080.75,29097.75,29078.0,29089.25,451,0.0,0.0
2026-07-23 05:20:00-04:00,29088.25,29103.0,29080.25,29096.0,332,0.0,0.0
2026-07-23 05:25:00-04:00,29096.75,29099.5,29085.5,29091.0,270,0.0,0.0
2026-07-23 05:30:00-04:00,29092.0,29092.0,29067.25,29072.75,419,0.0,0.0
2026-07-23 05:35:00-04:00,29074.75,29081.0,29069.75,29075.75,373,0.0,0.0
2026-07-23 05:40:00-04:00,29073.5,29081.5,29068.25,29074.25,272,0.0,0.0
2026-07-23 05:45:00-04:00,29076.75,29087.25,29071.75,29071.75,231,0.0,0.0
2026-07-23 05:50:00-04:00,29073.25,29078.25,29059.0,29064.0,486,0.0,0.0
2026-07-23 05:55:00-04:00,29064.75,29071.0,29045.0,29055.25,588,0.0,0.0
2026-07-23 06:00:00-04:00,29054.25,29065.0,29046.5,29060.25,386,0.0,0.0
2026-07-23 06:05:00-04:00,29058.5,29067.0,29045.25,29048.5,541,0.0,0.0
2026-07-23 06:10:00-04:00,29048.0,29050.75,29038.0,29043.0,340,0.0,0.0
2026-07-23 06:15:00-04:00,29042.25,29054.25,29036.0,29041.25,372,0.0,0.0
2026-07-23 06:20:00-04:00,29040.0,29056.25,29036.5,29049.0,498,0.0,0.0
2026-07-23 06:25:00-04:00,29050.0,29063.5,29046.25,29053.0,328,0.0,0.0
2026-07-23 06:30:00-04:00,29051.75,29106.5,29045.25,29091.5,1454,0.0,0.0
2026-07-23 06:35:00-04:00,29092.25,29116.75,29092.25,29109.5,652,0.0,0.0
2026-07-23 06:40:00-04:00,29110.5,29122.25,29094.25,29101.25,463,0.0,0.0
2026-07-23 06:45:00-04:00,29100.5,29108.0,29095.25,29107.75,254,0.0,0.0
2026-07-23 06:50:00-04:00,29106.75,29107.0,29096.5,29097.75,239,0.0,0.0
2026-07-23 06:55:00-04:00,29097.75,29108.0,29094.0,29103.0,444,0.0,0.0
2026-07-23 07:00:00-04:00,29103.0,29106.5,29055.25,29056.5,841,0.0,0.0
2026-07-23 07:05:00-04:00,29056.5,29058.25,29035.75,29041.5,666,0.0,0.0
2026-07-23 07:10:00-04:00,29043.0,29059.0,29033.75,29058.75,423,0.0,0.0
2026-07-23 07:15:00-04:00,29056.0,29072.5,29047.75,29050.0,684,0.0,0.0
2026-07-23 07:20:00-04:00,29048.5,29050.0,29010.0,29012.25,1085,0.0,0.0
2026-07-23 07:25:00-04:00,29012.25,29020.5,28992.5,28993.75,1126,0.0,0.0
2026-07-23 07:30:00-04:00,28994.75,29002.25,28970.0,28980.0,1180,0.0,0.0
2026-07-23 07:35:00-04:00,28980.25,28980.25,28915.5,28929.0,2362,0.0,0.0
2026-07-23 07:40:00-04:00,28929.0,28937.75,28913.0,28925.25,1215,0.0,0.0
2026-07-23 07:45:00-04:00,28927.0,28941.0,28913.5,28939.0,1110,0.0,0.0
2026-07-23 07:50:00-04:00,28939.0,28985.0,28935.25,28953.25,2088,0.0,0.0
2026-07-23 07:55:00-04:00,28952.25,28973.5,28941.75,28965.0,708,0.0,0.0
2026-07-23 08:00:00-04:00,28964.0,28967.75,28946.75,28951.0,974,0.0,0.0
2026-07-23 08:05:00-04:00,28950.75,28953.75,28915.25,28923.5,938,0.0,0.0
2026-07-23 08:10:00-04:00,28923.75,28941.0,28914.75,28916.75,712,0.0,0.0
2026-07-23 08:15:00-04:00,28915.25,28938.5,28884.5,28893.75,2618,0.0,0.0
2026-07-23 08:20:00-04:00,28893.0,28898.75,28861.0,28874.5,1644,0.0,0.0
2026-07-23 08:25:00-04:00,28872.75,28878.75,28854.5,28864.5,1395,0.0,0.0
2026-07-23 08:30:00-04:00,28864.5,28875.0,28825.75,28838.25,2118,0.0,0.0
2026-07-23 08:35:00-04:00,28837.75,28838.75,28791.0,28796.0,3320,0.0,0.0
2026-07-23 08:40:00-04:00,28795.25,28807.5,28768.0,28789.25,3150,0.0,0.0
2026-07-23 08:45:00-04:00,28790.0,28797.75,28754.75,28786.5,2713,0.0,0.0
2026-07-23 08:50:00-04:00,28786.0,28806.5,28777.0,28784.0,2356,0.0,0.0
2026-07-23 08:55:00-04:00,28783.75,28795.75,28773.25,28787.5,1609,0.0,0.0
2026-07-23 09:00:00-04:00,28786.5,28804.5,28764.5,28769.75,2824,0.0,0.0
2026-07-23 09:05:00-04:00,28769.5,28774.0,28725.5,28727.75,4781,0.0,0.0
2026-07-23 09:10:00-04:00,28728.0,28739.75,28715.75,28727.0,3433,0.0,0.0
2026-07-23 09:15:00-04:00,28726.5,28731.5,28703.0,28716.5,3563,0.0,0.0
2026-07-23 09:20:00-04:00,28716.5,28721.25,28699.25,28703.0,2766,0.0,0.0
2026-07-23 09:25:00-04:00,28702.75,28725.0,28697.0,28719.25,4652,0.0,0.0
2026-07-23 09:30:00-04:00,28718.25,28764.5,28657.0,28759.75,18336,0.0,0.0
2026-07-23 09:35:00-04:00,28759.5,28817.5,28736.75,28797.5,12932,0.0,0.0
2026-07-23 09:40:00-04:00,28797.0,28883.0,28797.0,28857.0,11692,0.0,0.0
2026-07-23 09:45:00-04:00,28855.25,28868.0,28747.75,28760.0,12519,0.0,0.0
2026-07-23 09:50:00-04:00,28759.5,28819.5,28717.5,28815.75,12638,0.0,0.0
2026-07-23 09:55:00-04:00,28815.25,28834.5,28696.0,28707.75,10599,0.0,0.0
2026-07-23 10:00:00-04:00,28709.25,28769.75,28706.25,28749.25,9249,0.0,0.0
2026-07-23 10:05:00-04:00,28748.5,28801.25,28678.25,28716.75,10534,0.0,0.0
2026-07-23 10:10:00-04:00,28717.75,28770.75,28694.5,28704.75,10658,0.0,0.0
2026-07-23 10:15:00-04:00,28704.75,28743.0,28686.5,28704.0,7417,0.0,0.0
2026-07-23 10:20:00-04:00,28704.5,28780.25,28690.5,28709.0,7745,0.0,0.0
2026-07-23 10:25:00-04:00,28708.0,28745.0,28693.75,28731.5,5760,0.0,0.0
2026-07-23 10:30:00-04:00,28731.0,28751.5,28640.0,28669.75,8619,0.0,0.0
2026-07-23 10:35:00-04:00,28670.5,28764.5,28646.0,28755.5,9082,0.0,0.0
2026-07-23 10:40:00-04:00,28754.5,28773.25,28625.5,28645.0,8671,0.0,0.0
2026-07-23 10:45:00-04:00,28644.5,28670.5,28620.25,28630.0,7322,0.0,0.0
2026-07-23 10:50:00-04:00,28630.75,28646.25,28578.75,28582.5,7852,0.0,0.0
2026-07-23 10:55:00-04:00,28582.75,28618.5,28577.25,28596.75,6612,0.0,0.0
2026-07-23 11:00:00-04:00,28597.25,28604.5,28558.5,28567.75,7097,0.0,0.0
2026-07-23 11:05:00-04:00,28567.75,28572.25,28525.0,28529.0,8634,0.0,0.0
2026-07-23 11:10:00-04:00,28529.0,28544.25,28483.0,28494.25,9215,0.0,0.0
2026-07-23 11:15:00-04:00,28494.0,28538.25,28492.0,28536.5,7647,0.0,0.0
2026-07-23 11:20:00-04:00,28538.0,28569.0,28459.0,28503.0,11540,0.0,0.0
2026-07-23 11:25:00-04:00,28503.0,28507.5,28447.75,28467.25,6391,0.0,0.0
2026-07-23 11:30:00-04:00,28467.75,28492.0,28432.5,28488.75,7069,0.0,0.0
2026-07-23 11:35:00-04:00,28488.5,28536.75,28488.0,28526.75,6585,0.0,0.0
2026-07-23 11:40:00-04:00,28526.75,28551.0,28493.75,28494.5,5743,0.0,0.0
2026-07-23 11:45:00-04:00,28493.5,28528.75,28478.25,28522.0,4756,0.0,0.0
2026-07-23 11:50:00-04:00,28522.0,28557.5,28504.5,28556.25,4402,0.0,0.0
2026-07-23 11:55:00-04:00,28556.5,28590.0,28550.5,28588.5,5214,0.0,0.0
2026-07-23 12:00:00-04:00,28588.5,28628.75,28573.25,28616.5,6555,0.0,0.0
2026-07-23 12:05:00-04:00,28616.0,28623.5,28576.75,28622.75,4806,0.0,0.0
2026-07-23 12:10:00-04:00,28622.25,28644.25,28617.25,28629.75,3587,0.0,0.0
2026-07-23 12:15:00-04:00,28630.0,28645.0,28609.5,28629.5,3368,0.0,0.0
2026-07-23 12:20:00-04:00,28629.75,28696.25,28629.75,28687.25,5304,0.0,0.0
2026-07-23 12:25:00-04:00,28687.0,28715.0,28673.25,28707.25,4622,0.0,0.0
2026-07-23 12:30:00-04:00,28707.5,28708.25,28685.75,28690.5,4127,0.0,0.0
2026-07-23 12:35:00-04:00,28691.0,28738.25,28682.25,28731.75,5194,0.0,0.0
2026-07-23 12:40:00-04:00,28731.25,28734.25,28685.0,28687.75,4372,0.0,0.0
2026-07-23 12:45:00-04:00,28687.5,28687.5,28635.25,28636.75,5729,0.0,0.0
2026-07-23 12:50:00-04:00,28638.0,28647.0,28609.5,28611.75,4816,0.0,0.0
2026-07-23 12:55:00-04:00,28612.0,28646.5,28610.75,28640.75,4315,0.0,0.0
2026-07-23 13:00:00-04:00,28641.25,28663.25,28614.75,28615.0,4548,0.0,0.0
2026-07-23 13:05:00-04:00,28615.5,28630.25,28588.0,28626.5,4802,0.0,0.0
2026-07-23 13:10:00-04:00,28625.5,28658.25,28624.75,28642.5,3721,0.0,0.0
2026-07-23 13:15:00-04:00,28642.0,28657.0,28614.75,28640.75,3701,0.0,0.0
2026-07-23 13:20:00-04:00,28640.5,28674.25,28628.25,28664.75,4154,0.0,0.0
2026-07-23 13:25:00-04:00,28664.75,28676.75,28651.5,28652.5,2992,0.0,0.0
2026-07-23 13:30:00-04:00,28653.0,28657.0,28606.0,28620.75,3733,0.0,0.0
2026-07-23 13:35:00-04:00,28620.5,28624.5,28585.75,28590.5,2929,0.0,0.0
2026-07-23 13:40:00-04:00,28589.25,28604.75,28570.5,28594.5,3199,0.0,0.0
2026-07-23 13:45:00-04:00,28594.25,28629.25,28582.25,28621.5,3315,0.0,0.0
2026-07-23 13:50:00-04:00,28621.0,28628.5,28597.0,28597.0,2597,0.0,0.0
2026-07-23 13:55:00-04:00,28596.0,28597.25,28565.5,28568.0,2959,0.0,0.0
2026-07-23 14:00:00-04:00,28568.25,28582.25,28551.0,28561.0,3379,0.0,0.0
2026-07-23 14:05:00-04:00,28561.0,28571.25,28542.5,28547.0,2760,0.0,0.0
2026-07-23 14:10:00-04:00,28547.25,28578.25,28542.75,28560.0,2964,0.0,0.0
2026-07-23 14:15:00-04:00,28560.25,28578.0,28545.25,28556.25,3581,0.0,0.0
2026-07-23 14:20:00-04:00,28556.25,28582.0,28549.0,28580.25,2906,0.0,0.0
2026-07-23 14:25:00-04:00,28579.5,28584.25,28555.0,28575.0,2624,0.0,0.0
2026-07-23 14:30:00-04:00,28574.75,28597.5,28568.0,28596.25,3019,0.0,0.0
2026-07-23 14:35:00-04:00,28596.0,28603.5,28554.25,28568.0,3191,0.0,0.0
2026-07-23 14:40:00-04:00,28567.75,28576.5,28545.0,28550.5,2720,0.0,0.0
2026-07-23 14:45:00-04:00,28549.75,28578.5,28549.25,28564.25,2658,0.0,0.0
2026-07-23 14:50:00-04:00,28565.0,28569.25,28530.5,28533.5,2795,0.0,0.0
2026-07-23 14:55:00-04:00,28533.0,28552.0,28525.25,28550.0,3223,0.0,0.0
2026-07-23 15:00:00-04:00,28550.0,28566.75,28513.25,28515.5,3510,0.0,0.0
2026-07-23 15:05:00-04:00,28516.0,28528.25,28508.0,28509.75,2786,0.0,0.0
2026-07-23 15:10:00-04:00,28508.25,28523.75,28501.0,28505.75,2390,0.0,0.0
2026-07-23 15:15:00-04:00,28506.5,28542.0,28504.5,28525.0,3646,0.0,0.0
2026-07-23 15:20:00-04:00,28524.75,28573.5,28523.5,28573.5,3697,0.0,0.0
2026-07-23 15:25:00-04:00,28573.0,28595.25,28561.5,28583.0,4773,0.0,0.0
2026-07-23 15:30:00-04:00,28583.5,28595.5,28530.75,28560.25,5139,0.0,0.0
2026-07-23 15:35:00-04:00,28559.25,28565.75,28539.25,28539.5,2734,0.0,0.0
2026-07-23 15:40:00-04:00,28538.5,28544.75,28501.5,28502.25,3445,0.0,0.0
2026-07-23 15:45:00-04:00,28502.0,28512.0,28486.25,28499.5,4110,0.0,0.0
2026-07-23 15:50:00-04:00,28498.25,28546.0,28498.25,28536.0,9215,0.0,0.0
2026-07-23 15:55:00-04:00,28536.5,28633.5,28536.5,28615.0,18498,0.0,0.0
2026-07-23 16:00:00-04:00,28615.25,28726.75,28610.5,28708.25,12156,0.0,0.0
2026-07-23 16:05:00-04:00,28708.75,28727.0,28697.5,28714.25,3274,0.0,0.0
2026-07-23 16:10:00-04:00,28714.75,28747.5,28713.25,28726.75,2693,0.0,0.0
2026-07-23 16:15:00-04:00,28727.5,28756.75,28718.5,28754.25,1585,0.0,0.0
2026-07-23 16:20:00-04:00,28754.25,28771.5,28748.75,28769.75,1529,0.0,0.0
2026-07-23 16:25:00-04:00,28769.5,28777.25,28758.5,28769.5,1326,0.0,0.0
2026-07-23 16:30:00-04:00,28768.5,28782.0,28756.0,28766.75,1216,0.0,0.0
2026-07-23 16:35:00-04:00,28767.75,28773.75,28763.0,28767.75,612,0.0,0.0
2026-07-23 16:40:00-04:00,28767.5,28767.5,28728.0,28736.0,1367,0.0,0.0
2026-07-23 16:45:00-04:00,28735.5,28739.25,28725.25,28729.25,676,0.0,0.0
2026-07-23 16:50:00-04:00,28729.75,28736.5,28726.25,28732.5,928,0.0,0.0
2026-07-23 16:55:00-04:00,28732.25,28747.0,28729.0,28739.25,684,0.0,0.0
2026-07-23 18:00:00-04:00,28700.25,28709.25,28655.0,28658.5,0,0.0,0.0
2026-07-23 18:05:00-04:00,28659.0,28665.75,28650.0,28662.5,454,0.0,0.0
2026-07-23 18:10:00-04:00,28660.75,28660.75,28632.0,28642.0,593,0.0,0.0
2026-07-23 18:15:00-04:00,28641.25,28644.0,28624.0,28630.0,492,0.0,0.0
2026-07-23 18:20:00-04:00,28631.0,28676.75,28628.25,28670.5,767,0.0,0.0
2026-07-23 18:25:00-04:00,28669.25,28674.0,28653.25,28662.25,510,0.0,0.0
2026-07-23 18:30:00-04:00,28662.5,28692.25,28662.5,28679.75,749,0.0,0.0
2026-07-23 18:35:00-04:00,28676.75,28688.0,28667.0,28675.5,331,0.0,0.0
2026-07-23 18:40:00-04:00,28673.0,28685.0,28667.75,28684.75,289,0.0,0.0
2026-07-23 18:45:00-04:00,28683.75,28707.5,28683.0,28698.75,628,0.0,0.0
2026-07-23 18:50:00-04:00,28696.0,28709.0,28693.75,28706.75,412,0.0,0.0
2026-07-23 18:55:00-04:00,28707.0,28732.75,28707.0,28731.25,586,0.0,0.0
2026-07-23 19:00:00-04:00,28729.5,28736.0,28699.5,28702.0,731,0.0,0.0
2026-07-23 19:05:00-04:00,28704.75,28711.5,28690.25,28700.75,692,0.0,0.0
2026-07-23 19:10:00-04:00,28702.0,28704.75,28687.5,28696.75,330,0.0,0.0
2026-07-23 19:15:00-04:00,28698.0,28707.75,28689.0,28695.0,332,0.0,0.0
2026-07-23 19:20:00-04:00,28694.25,28708.5,28692.5,28702.75,369,0.0,0.0
2026-07-23 19:25:00-04:00,28701.75,28706.0,28695.0,28698.5,313,0.0,0.0
2026-07-23 19:30:00-04:00,28698.0,28700.75,28682.0,28695.25,390,0.0,0.0
2026-07-23 19:35:00-04:00,28696.0,28697.25,28674.75,28677.5,320,0.0,0.0
2026-07-23 19:40:00-04:00,28677.5,28696.5,28661.25,28687.0,803,0.0,0.0
2026-07-23 19:45:00-04:00,28687.25,28708.25,28674.5,28679.25,848,0.0,0.0
2026-07-23 19:50:00-04:00,28679.75,28687.0,28658.25,28663.75,585,0.0,0.0
2026-07-23 19:55:00-04:00,28664.75,28693.5,28662.0,28679.0,525,0.0,0.0
2026-07-23 20:00:00-04:00,28680.25,28724.0,28651.75,28656.75,1874,0.0,0.0
2026-07-23 20:05:00-04:00,28655.25,28670.0,28628.0,28636.25,1397,0.0,0.0
2026-07-23 20:10:00-04:00,28637.25,28650.5,28619.0,28643.25,987,0.0,0.0
2026-07-23 20:15:00-04:00,28643.75,28659.25,28615.75,28629.25,1050,0.0,0.0
2026-07-23 20:20:00-04:00,28630.25,28684.25,28622.25,28666.75,1053,0.0,0.0
2026-07-23 20:25:00-04:00,28669.5,28676.0,28636.75,28643.0,639,0.0,0.0
2026-07-23 20:30:00-04:00,28646.0,28648.5,28622.0,28630.5,653,0.0,0.0
2026-07-23 20:35:00-04:00,28629.25,28665.75,28618.0,28649.75,769,0.0,0.0
2026-07-23 20:40:00-04:00,28652.0,28677.5,28644.75,28655.75,734,0.0,0.0
2026-07-23 20:45:00-04:00,28656.75,28680.0,28650.25,28667.25,709,0.0,0.0
2026-07-23 20:50:00-04:00,28668.5,28675.5,28635.75,28638.25,534,0.0,0.0
2026-07-23 20:55:00-04:00,28637.75,28674.5,28627.0,28672.0,764,0.0,0.0
2026-07-23 21:00:00-04:00,28672.25,28691.25,28656.5,28690.5,690,0.0,0.0
2026-07-23 21:05:00-04:00,28691.0,28701.5,28683.25,28687.25,656,0.0,0.0
2026-07-23 21:10:00-04:00,28687.0,28691.0,28658.75,28661.25,482,0.0,0.0
2026-07-23 21:15:00-04:00,28662.5,28683.0,28649.5,28666.0,678,0.0,0.0
2026-07-23 21:20:00-04:00,28664.5,28671.5,28641.25,28655.75,568,0.0,0.0
2026-07-23 21:25:00-04:00,28654.25,28693.0,28652.75,28656.25,668,0.0,0.0
2026-07-23 21:30:00-04:00,28655.5,28685.5,28647.0,28678.75,517,0.0,0.0
2026-07-23 21:35:00-04:00,28679.25,28684.75,28655.75,28657.25,628,0.0,0.0
2026-07-23 21:40:00-04:00,28657.0,28685.0,28646.25,28664.0,551,0.0,0.0
2026-07-23 21:45:00-04:00,28663.0,28673.25,28643.75,28644.0,348,0.0,0.0
2026-07-23 21:50:00-04:00,28643.25,28650.0,28629.0,28645.0,536,0.0,0.0
2026-07-23 21:55:00-04:00,28644.0,28651.0,28607.0,28614.25,686,0.0,0.0
2026-07-23 22:00:00-04:00,28612.75,28623.5,28602.75,28603.75,522,0.0,0.0
2026-07-23 22:05:00-04:00,28603.5,28617.25,28593.75,28617.25,525,0.0,0.0
2026-07-23 22:10:00-04:00,28617.75,28632.0,28609.0,28616.75,427,0.0,0.0
2026-07-23 22:15:00-04:00,28617.5,28625.0,28599.75,28605.5,417,0.0,0.0
2026-07-23 22:20:00-04:00,28605.5,28611.25,28587.0,28609.0,638,0.0,0.0
2026-07-23 22:25:00-04:00,28609.25,28623.25,28592.0,28594.75,550,0.0,0.0
2026-07-23 22:30:00-04:00,28595.25,28598.25,28570.25,28572.75,723,0.0,0.0
2026-07-23 22:35:00-04:00,28571.5,28572.0,28552.25,28554.5,1042,0.0,0.0
2026-07-23 22:40:00-04:00,28556.25,28561.75,28547.75,28548.0,515,0.0,0.0
2026-07-23 22:45:00-04:00,28548.0,28552.5,28530.75,28537.5,723,0.0,0.0
2026-07-23 22:50:00-04:00,28537.75,28548.75,28528.75,28531.0,389,0.0,0.0
2026-07-23 22:55:00-04:00,28530.75,28544.5,28515.0,28519.25,974,0.0,0.0
2026-07-23 23:00:00-04:00,28520.0,28541.5,28517.75,28536.25,685,0.0,0.0
2026-07-23 23:05:00-04:00,28534.25,28546.0,28523.5,28525.75,348,0.0,0.0
2026-07-23 23:10:00-04:00,28526.5,28546.5,28521.5,28539.5,461,0.0,0.0
2026-07-23 23:15:00-04:00,28539.5,28560.75,28530.0,28532.25,907,0.0,0.0
2026-07-23 23:20:00-04:00,28532.25,28543.0,28521.25,28528.75,643,0.0,0.0
2026-07-23 23:25:00-04:00,28530.5,28556.75,28528.0,28545.5,516,0.0,0.0
2026-07-23 23:30:00-04:00,28544.25,28555.75,28508.0,28521.0,805,0.0,0.0
2026-07-23 23:35:00-04:00,28522.0,28537.0,28508.25,28522.25,825,0.0,0.0
2026-07-23 23:40:00-04:00,28524.0,28529.5,28499.75,28505.0,585,0.0,0.0
2026-07-23 23:45:00-04:00,28503.5,28520.0,28493.5,28510.75,801,0.0,0.0
2026-07-23 23:50:00-04:00,28510.0,28511.25,28493.5,28498.0,635,0.0,0.0
2026-07-23 23:55:00-04:00,28498.25,28499.5,28482.0,28486.0,565,0.0,0.0
2026-07-24 00:05:00-04:00,28513.75,28515.75,28507.5,28515.75,1534,0.0,0.0
2026-07-24 00:10:00-04:00,28514.0,28515.5,28481.25,28485.0,567,0.0,0.0
2026-07-24 00:15:00-04:00,28485.25,28513.5,28483.0,28512.0,321,0.0,0.0
2026-07-24 00:20:00-04:00,28511.25,28534.75,28494.5,28532.25,498,0.0,0.0
2026-07-24 00:25:00-04:00,28533.0,28556.75,28520.5,28551.75,894,0.0,0.0
2026-07-24 00:30:00-04:00,28550.5,28558.0,28538.0,28546.25,426,0.0,0.0
2026-07-24 00:35:00-04:00,28546.5,28552.25,28527.5,28529.75,258,0.0,0.0
2026-07-24 00:40:00-04:00,28530.0,28535.75,28512.25,28529.25,450,0.0,0.0
2026-07-24 00:45:00-04:00,28528.75,28537.0,28520.0,28528.75,364,0.0,0.0
2026-07-24 00:50:00-04:00,28527.75,28554.5,28526.5,28545.0,413,0.0,0.0
2026-07-24 00:55:00-04:00,28544.5,28571.5,28541.5,28565.25,751,0.0,0.0
2026-07-24 01:00:00-04:00,28564.5,28575.25,28548.25,28562.5,395,0.0,0.0
2026-07-24 01:05:00-04:00,28563.5,28600.25,28563.5,28584.5,713,0.0,0.0
2026-07-24 01:10:00-04:00,28585.0,28595.75,28579.0,28593.25,292,0.0,0.0
2026-07-24 01:15:00-04:00,28590.75,28594.25,28569.5,28586.0,554,0.0,0.0
2026-07-24 01:20:00-04:00,28586.0,28600.0,28578.25,28591.5,345,0.0,0.0
2026-07-24 01:25:00-04:00,28592.0,28602.0,28579.75,28582.25,509,0.0,0.0
2026-07-24 01:30:00-04:00,28583.0,28590.0,28570.25,28582.25,396,0.0,0.0
2026-07-24 01:35:00-04:00,28584.75,28588.25,28566.5,28580.75,413,0.0,0.0
2026-07-24 01:40:00-04:00,28581.75,28595.0,28567.5,28590.25,485,0.0,0.0
2026-07-24 01:45:00-04:00,28589.75,28607.0,28586.0,28588.0,515,0.0,0.0
2026-07-24 01:50:00-04:00,28588.5,28592.25,28554.5,28556.0,518,0.0,0.0
2026-07-24 01:55:00-04:00,28556.5,28557.75,28544.0,28545.0,497,0.0,0.0
2026-07-24 02:00:00-04:00,28546.75,28550.0,28521.0,28523.5,632,0.0,0.0
2026-07-24 02:05:00-04:00,28524.5,28528.25,28513.75,28517.0,515,0.0,0.0
2026-07-24 02:10:00-04:00,28518.75,28526.5,28503.0,28508.75,547,0.0,0.0
2026-07-24 02:15:00-04:00,28512.0,28548.75,28507.75,28548.5,749,0.0,0.0
2026-07-24 02:20:00-04:00,28547.25,28566.25,28546.5,28558.0,690,0.0,0.0
2026-07-24 02:25:00-04:00,28558.0,28576.25,28522.5,28534.5,875,0.0,0.0
2026-07-24 02:30:00-04:00,28536.5,28543.5,28526.0,28541.25,428,0.0,0.0
2026-07-24 02:35:00-04:00,28543.0,28561.5,28536.0,28541.75,510,0.0,0.0
2026-07-24 02:40:00-04:00,28542.25,28545.25,28505.0,28507.0,449,0.0,0.0
2026-07-24 02:45:00-04:00,28507.75,28508.0,28481.0,28485.5,892,0.0,0.0
2026-07-24 02:50:00-04:00,28485.5,28516.25,28485.5,28514.0,533,0.0,0.0
2026-07-24 02:55:00-04:00,28512.75,28548.0,28506.25,28543.75,558,0.0,0.0
2026-07-24 03:00:00-04:00,28544.0,28586.75,28539.25,28574.0,1090,0.0,0.0
2026-07-24 03:05:00-04:00,28572.0,28598.75,28560.0,28597.0,695,0.0,0.0
2026-07-24 03:10:00-04:00,28597.25,28637.75,28597.25,28636.5,1819,0.0,0.0
2026-07-24 03:15:00-04:00,28637.0,28656.0,28623.5,28645.5,1264,0.0,0.0
2026-07-24 03:20:00-04:00,28647.25,28654.0,28633.0,28638.25,492,0.0,0.0
2026-07-24 03:25:00-04:00,28637.75,28663.0,28635.25,28654.0,477,0.0,0.0
2026-07-24 03:30:00-04:00,28653.75,28658.0,28635.5,28645.0,529,0.0,0.0
2026-07-24 03:35:00-04:00,28643.5,28648.0,28630.25,28632.5,216,0.0,0.0
2026-07-24 03:40:00-04:00,28631.75,28634.25,28609.0,28626.25,750,0.0,0.0
2026-07-24 03:45:00-04:00,28625.5,28632.0,28616.5,28629.25,453,0.0,0.0
2026-07-24 03:50:00-04:00,28629.5,28633.0,28614.75,28623.0,288,0.0,0.0
2026-07-24 03:55:00-04:00,28625.5,28630.75,28611.25,28614.25,260,0.0,0.0
2026-07-24 04:00:00-04:00,28615.75,28619.0,28590.0,28591.75,909,0.0,0.0
2026-07-24 04:05:00-04:00,28590.75,28596.75,28574.5,28578.5,736,0.0,0.0
2026-07-24 04:10:00-04:00,28579.0,28584.25,28556.5,28573.5,756,0.0,0.0
2026-07-24 04:15:00-04:00,28573.5,28601.0,28571.25,28594.0,690,0.0,0.0
2026-07-24 04:20:00-04:00,28593.25,28602.25,28586.0,28587.25,321,0.0,0.0
2026-07-24 04:25:00-04:00,28587.25,28622.25,28582.25,28621.75,576,0.0,0.0
2026-07-24 04:30:00-04:00,28621.75,28640.5,28614.75,28635.0,709,0.0,0.0
2026-07-24 04:35:00-04:00,28637.5,28649.5,28629.0,28633.25,540,0.0,0.0
2026-07-24 04:40:00-04:00,28632.5,28637.5,28619.75,28631.0,363,0.0,0.0
2026-07-24 04:45:00-04:00,28630.0,28635.0,28609.0,28621.75,366,0.0,0.0
2026-07-24 04:50:00-04:00,28622.0,28626.5,28613.25,28626.5,220,0.0,0.0
2026-07-24 04:55:00-04:00,28622.75,28632.5,28612.5,28622.0,247,0.0,0.0
2026-07-24 05:00:00-04:00,28623.5,28637.75,28612.0,28621.5,417,0.0,0.0
2026-07-24 05:05:00-04:00,28620.0,28681.25,28615.25,28676.5,1009,0.0,0.0
2026-07-24 05:10:00-04:00,28676.75,28681.25,28638.0,28643.25,546,0.0,0.0
2026-07-24 05:15:00-04:00,28642.0,28653.0,28632.0,28648.25,469,0.0,0.0
2026-07-24 05:20:00-04:00,28649.0,28663.0,28643.25,28661.5,466,0.0,0.0
2026-07-24 05:25:00-04:00,28660.75,28677.0,28659.25,28672.75,619,0.0,0.0
2026-07-24 05:30:00-04:00,28674.75,28690.0,28663.25,28682.5,870,0.0,0.0
2026-07-24 05:35:00-04:00,28684.75,28695.25,28671.25,28692.0,522,0.0,0.0
2026-07-24 05:40:00-04:00,28692.25,28702.0,28684.75,28695.25,528,0.0,0.0
2026-07-24 05:45:00-04:00,28695.5,28703.25,28683.0,28684.25,328,0.0,0.0
2026-07-24 05:50:00-04:00,28684.75,28693.5,28680.25,28682.5,241,0.0,0.0
2026-07-24 05:55:00-04:00,28682.75,28704.25,28682.5,28700.5,430,0.0,0.0
2026-07-24 06:00:00-04:00,28700.25,28706.25,28677.0,28680.5,573,0.0,0.0
2026-07-24 06:05:00-04:00,28678.25,28684.75,28663.0,28671.25,507,0.0,0.0
2026-07-24 06:10:00-04:00,28672.25,28675.25,28658.5,28664.0,409,0.0,0.0
2026-07-24 06:15:00-04:00,28663.5,28670.25,28655.5,28660.5,431,0.0,0.0
2026-07-24 06:20:00-04:00,28661.25,28672.0,28654.25,28669.0,420,0.0,0.0
2026-07-24 06:25:00-04:00,28667.0,28679.25,28654.5,28667.5,556,0.0,0.0
2026-07-24 06:30:00-04:00,28668.25,28686.5,28662.75,28665.25,516,0.0,0.0
2026-07-24 06:35:00-04:00,28664.75,28665.5,28643.5,28647.0,578,0.0,0.0
2026-07-24 06:40:00-04:00,28647.25,28651.75,28637.75,28646.5,312,0.0,0.0
2026-07-24 06:45:00-04:00,28646.5,28657.25,28642.75,28651.0,293,0.0,0.0
2026-07-24 06:50:00-04:00,28650.75,28651.0,28633.25,28638.5,559,0.0,0.0
2026-07-24 06:55:00-04:00,28638.0,28649.5,28635.5,28640.5,382,0.0,0.0
2026-07-24 07:00:00-04:00,28640.0,28660.75,28632.0,28652.5,829,0.0,0.0
2026-07-24 07:05:00-04:00,28653.5,28666.75,28641.25,28642.75,597,0.0,0.0
2026-07-24 07:10:00-04:00,28643.75,28656.25,28637.75,28656.0,259,0.0,0.0
2026-07-24 07:15:00-04:00,28656.75,28661.75,28647.75,28653.25,389,0.0,0.0
2026-07-24 07:20:00-04:00,28653.75,28663.75,28640.75,28654.25,466,0.0,0.0
2026-07-24 07:25:00-04:00,28654.5,28655.25,28637.0,28644.25,373,0.0,0.0
2026-07-24 07:30:00-04:00,28641.0,28649.0,28623.25,28624.5,593,0.0,0.0
2026-07-24 07:35:00-04:00,28624.5,28647.25,28618.25,28622.0,690,0.0,0.0
2026-07-24 07:40:00-04:00,28623.25,28635.0,28616.25,28616.25,572,0.0,0.0
2026-07-24 07:45:00-04:00,28618.5,28627.5,28603.5,28615.0,643,0.0,0.0
2026-07-24 07:50:00-04:00,28615.25,28628.75,28612.0,28618.0,436,0.0,0.0
2026-07-24 07:55:00-04:00,28616.5,28700.0,28601.5,28680.5,2881,0.0,0.0
2026-07-24 08:00:00-04:00,28678.5,28684.0,28631.0,28652.0,1599,0.0,0.0
2026-07-24 08:05:00-04:00,28652.0,28677.5,28624.25,28675.5,1240,0.0,0.0
2026-07-24 08:10:00-04:00,28675.0,28695.5,28666.0,28690.0,874,0.0,0.0
2026-07-24 08:15:00-04:00,28689.25,28698.5,28677.0,28682.25,960,0.0,0.0
2026-07-24 08:20:00-04:00,28682.25,28689.75,28666.75,28685.5,707,0.0,0.0
2026-07-24 08:25:00-04:00,28686.0,28692.75,28650.0,28686.5,1285,0.0,0.0
2026-07-24 08:30:00-04:00,28686.0,28689.0,28641.25,28642.75,939,0.0,0.0
2026-07-24 08:35:00-04:00,28643.5,28664.5,28641.5,28650.25,755,0.0,0.0
2026-07-24 08:40:00-04:00,28650.75,28652.25,28624.25,28629.75,1032,0.0,0.0
2026-07-24 08:45:00-04:00,28628.75,28635.75,28616.5,28623.75,1107,0.0,0.0
2026-07-24 08:50:00-04:00,28624.75,28629.25,28607.0,28610.0,1063,0.0,0.0
2026-07-24 08:55:00-04:00,28611.0,28613.25,28587.25,28592.0,1300,0.0,0.0
2026-07-24 09:00:00-04:00,28591.25,28601.5,28581.75,28597.0,1341,0.0,0.0
2026-07-24 09:05:00-04:00,28596.75,28602.5,28571.75,28584.0,1280,0.0,0.0
2026-07-24 09:10:00-04:00,28584.0,28596.75,28577.25,28591.75,1178,0.0,0.0
2026-07-24 09:15:00-04:00,28590.75,28609.75,28584.75,28605.0,1216,0.0,0.0
2026-07-24 09:20:00-04:00,28604.5,28608.5,28579.0,28601.5,1229,0.0,0.0
2026-07-24 09:25:00-04:00,28600.75,28616.0,28538.0,28540.25,3572,0.0,0.0
2026-07-24 09:30:00-04:00,28540.0,28606.75,28499.5,28603.25,14623,0.0,0.0
2026-07-24 09:35:00-04:00,28603.25,28622.0,28501.0,28528.25,11545,0.0,0.0
2026-07-24 09:40:00-04:00,28527.75,28532.25,28458.25,28485.0,9632,0.0,0.0
2026-07-24 09:45:00-04:00,28483.25,28511.75,28445.0,28501.25,9488,0.0,0.0
2026-07-24 09:50:00-04:00,28500.0,28502.0,28335.75,28344.75,12906,0.0,0.0
2026-07-24 09:55:00-04:00,28344.0,28368.5,28313.5,28322.25,10123,0.0,0.0
2026-07-24 10:00:00-04:00,28323.0,28394.75,28304.25,28338.5,11764,0.0,0.0
2026-07-24 10:05:00-04:00,28339.25,28440.25,28333.75,28429.25,9135,0.0,0.0
2026-07-24 10:10:00-04:00,28427.75,28451.25,28386.0,28420.75,9325,0.0,0.0
2026-07-24 10:15:00-04:00,28421.0,28432.25,28299.0,28333.75,10163,0.0,0.0
2026-07-24 10:20:00-04:00,28333.25,28423.5,28306.25,28392.75,7637,0.0,0.0
2026-07-24 10:25:00-04:00,28393.25,28407.5,28363.5,28391.0,6142,0.0,0.0
2026-07-24 10:30:00-04:00,28391.75,28396.0,28304.0,28305.25,6651,0.0,0.0
2026-07-24 10:35:00-04:00,28306.25,28344.25,28274.75,28284.0,6563,0.0,0.0
2026-07-24 10:40:00-04:00,28283.75,28307.5,28262.75,28287.25,7068,0.0,0.0
2026-07-24 10:45:00-04:00,28287.0,28325.0,28254.5,28321.5,8360,0.0,0.0
2026-07-24 10:50:00-04:00,28320.0,28365.5,28311.25,28350.25,6702,0.0,0.0
2026-07-24 10:55:00-04:00,28350.5,28461.5,28350.0,28449.25,8428,0.0,0.0
2026-07-24 11:00:00-04:00,28449.0,28478.5,28403.75,28405.5,8604,0.0,0.0
2026-07-24 11:05:00-04:00,28405.25,28423.75,28361.25,28364.5,6629,0.0,0.0
2026-07-24 11:10:00-04:00,28364.0,28510.0,28355.0,28493.25,10429,0.0,0.0
2026-07-24 11:15:00-04:00,28494.25,28557.25,28453.5,28463.75,9811,0.0,0.0
2026-07-24 11:20:00-04:00,28466.25,28525.0,28459.25,28501.25,5639,0.0,0.0
2026-07-24 11:25:00-04:00,28502.0,28551.75,28492.0,28499.75,6442,0.0,0.0
2026-07-24 11:30:00-04:00,28500.75,28542.25,28484.5,28487.75,6466,0.0,0.0
2026-07-24 11:35:00-04:00,28488.75,28566.5,28485.0,28562.0,5493,0.0,0.0
2026-07-24 11:40:00-04:00,28562.0,28577.5,28490.0,28506.0,5594,0.0,0.0
2026-07-24 11:45:00-04:00,28507.0,28530.75,28491.75,28503.25,3919,0.0,0.0
2026-07-24 11:50:00-04:00,28503.25,28550.0,28503.25,28537.0,5151,0.0,0.0
2026-07-24 11:55:00-04:00,28536.0,28583.75,28534.0,28576.0,4781,0.0,0.0
2026-07-24 12:00:00-04:00,28576.75,28594.75,28549.5,28590.5,3845,0.0,0.0
2026-07-24 12:05:00-04:00,28590.5,28618.0,28579.5,28604.5,4344,0.0,0.0
2026-07-24 12:10:00-04:00,28603.5,28630.75,28572.25,28574.25,6265,0.0,0.0
2026-07-24 12:15:00-04:00,28574.5,28576.5,28552.5,28566.25,3592,0.0,0.0
2026-07-24 12:20:00-04:00,28566.75,28592.5,28563.5,28585.25,3037,0.0,0.0
2026-07-24 12:25:00-04:00,28585.5,28594.0,28565.25,28565.75,2733,0.0,0.0
2026-07-24 12:30:00-04:00,28566.0,28569.0,28527.0,28542.25,5765,0.0,0.0
2026-07-24 12:35:00-04:00,28541.0,28555.75,28516.25,28525.5,3386,0.0,0.0
2026-07-24 12:40:00-04:00,28524.0,28524.25,28495.0,28499.75,3457,0.0,0.0
2026-07-24 12:45:00-04:00,28499.25,28510.5,28466.0,28481.75,3700,0.0,0.0
2026-07-24 12:50:00-04:00,28482.25,28488.0,28460.25,28473.5,3096,0.0,0.0
2026-07-24 12:55:00-04:00,28473.25,28511.0,28462.5,28495.75,2763,0.0,0.0
2026-07-24 13:00:00-04:00,28494.75,28502.5,28468.0,28478.0,4147,0.0,0.0
2026-07-24 13:05:00-04:00,28477.5,28487.5,28433.75,28435.5,5499,0.0,0.0
2026-07-24 13:10:00-04:00,28435.75,28471.0,28427.0,28459.25,3769,0.0,0.0
2026-07-24 13:15:00-04:00,28458.0,28490.75,28441.0,28487.25,3333,0.0,0.0
2026-07-24 13:20:00-04:00,28487.0,28494.5,28461.75,28489.0,2981,0.0,0.0
2026-07-24 13:25:00-04:00,28489.75,28521.75,28472.0,28514.5,3307,0.0,0.0
2026-07-24 13:30:00-04:00,28515.25,28544.0,28504.5,28540.75,3181,0.0,0.0
2026-07-24 13:35:00-04:00,28541.25,28542.5,28486.5,28487.5,3023,0.0,0.0
2026-07-24 13:40:00-04:00,28488.5,28489.25,28463.0,28464.75,3033,0.0,0.0
2026-07-24 13:45:00-04:00,28464.75,28485.0,28452.0,28483.75,2783,0.0,0.0
2026-07-24 13:50:00-04:00,28484.5,28501.75,28468.0,28483.5,2307,0.0,0.0
2026-07-24 13:55:00-04:00,28484.0,28492.0,28465.5,28466.0,2056,0.0,0.0
2026-07-24 14:00:00-04:00,28467.0,28486.0,28451.0,28455.75,2526,0.0,0.0
2026-07-24 14:05:00-04:00,28455.5,28467.25,28443.5,28450.75,2431,0.0,0.0
2026-07-24 14:10:00-04:00,28450.5,28455.0,28420.25,28428.25,2235,0.0,0.0
2026-07-24 14:15:00-04:00,28428.25,28431.0,28396.25,28399.5,3124,0.0,0.0
2026-07-24 14:20:00-04:00,28399.5,28399.5,28373.75,28376.5,3145,0.0,0.0
2026-07-24 14:25:00-04:00,28376.5,28380.0,28333.0,28336.25,4840,0.0,0.0
2026-07-24 14:30:00-04:00,28337.75,28346.75,28291.25,28298.0,5137,0.0,0.0
2026-07-24 14:35:00-04:00,28298.0,28321.75,28278.75,28294.75,6592,0.0,0.0
2026-07-24 14:40:00-04:00,28294.5,28294.5,28259.0,28276.5,4883,0.0,0.0
2026-07-24 14:45:00-04:00,28275.25,28325.5,28269.75,28304.25,4224,0.0,0.0
2026-07-24 14:50:00-04:00,28305.25,28320.0,28288.5,28299.25,3326,0.0,0.0
2026-07-24 14:55:00-04:00,28297.5,28328.5,28292.5,28302.5,2842,0.0,0.0
2026-07-24 15:00:00-04:00,28301.75,28328.5,28280.5,28284.5,3773,0.0,0.0
2026-07-24 15:05:00-04:00,28283.25,28312.0,28226.5,28230.75,5698,0.0,0.0
2026-07-24 15:10:00-04:00,28230.25,28259.5,28219.75,28221.75,4243,0.0,0.0
2026-07-24 15:15:00-04:00,28220.75,28244.0,28212.5,28242.75,3851,0.0,0.0
2026-07-24 15:20:00-04:00,28242.5,28257.0,28219.0,28229.75,3342,0.0,0.0
2026-07-24 15:25:00-04:00,28230.5,28266.5,28220.75,28253.5,3105,0.0,0.0
2026-07-24 15:30:00-04:00,28253.0,28298.25,28250.75,28281.25,5375,0.0,0.0
2026-07-24 15:35:00-04:00,28282.25,28304.75,28268.5,28274.0,4941,0.0,0.0
2026-07-24 15:40:00-04:00,28273.0,28283.25,28238.75,28274.0,5004,0.0,0.0
2026-07-24 15:45:00-04:00,28274.25,28283.25,28242.75,28275.5,4042,0.0,0.0
2026-07-24 15:50:00-04:00,28277.0,28291.0,28224.5,28272.0,8171,0.0,0.0
2026-07-24 15:55:00-04:00,28271.25,28295.0,28247.5,28283.25,14448,0.0,0.0
2026-07-24 16:00:00-04:00,28283.5,28303.25,28263.5,28275.25,6425,0.0,0.0
2026-07-24 16:05:00-04:00,28274.5,28278.0,28259.25,28273.5,1625,0.0,0.0
2026-07-24 16:10:00-04:00,28274.75,28295.0,28267.0,28291.25,1497,0.0,0.0
2026-07-24 16:15:00-04:00,28292.25,28316.0,28292.25,28305.25,952,0.0,0.0
2026-07-24 16:20:00-04:00,28306.0,28329.5,28305.25,28312.0,755,0.0,0.0
2026-07-24 16:25:00-04:00,28312.0,28321.5,28303.25,28305.0,746,0.0,0.0
2026-07-24 16:30:00-04:00,28303.5,28307.25,28283.75,28291.5,1016,0.0,0.0
2026-07-24 16:35:00-04:00,28292.0,28303.0,28286.25,28291.25,537,0.0,0.0
2026-07-24 16:40:00-04:00,28290.25,28305.5,28285.0,28305.5,359,0.0,0.0
2026-07-24 16:45:00-04:00,28305.75,28311.5,28293.75,28296.25,434,0.0,0.0
2026-07-24 16:50:00-04:00,28297.5,28311.25,28289.25,28309.25,487,0.0,0.0
2026-07-24 16:55:00-04:00,28310.25,28313.5,28282.25,28282.25,486,0.0,0.0
2026-07-26 18:10:00-04:00,28594.5,28615.0,28585.5,28614.0,529,0.0,0.0
2026-07-26 18:15:00-04:00,28614.5,28640.5,28594.5,28640.5,1081,0.0,0.0
2026-07-26 18:20:00-04:00,28639.25,28647.0,28625.0,28626.75,559,0.0,0.0
2026-07-26 18:25:00-04:00,28625.0,28632.75,28611.5,28623.25,591,0.0,0.0
2026-07-26 18:30:00-04:00,28623.5,28636.25,28618.75,28630.75,377,0.0,0.0
2026-07-26 18:35:00-04:00,28632.5,28641.5,28625.0,28632.5,449,0.0,0.0
2026-07-26 18:40:00-04:00,28634.0,28634.75,28625.5,28626.0,266,0.0,0.0
2026-07-26 18:45:00-04:00,28625.25,28625.75,28616.0,28620.0,193,0.0,0.0
2026-07-26 18:50:00-04:00,28620.75,28636.25,28615.0,28615.0,404,0.0,0.0
2026-07-26 18:55:00-04:00,28615.25,28620.75,28604.0,28609.5,466,0.0,0.0
2026-07-26 19:00:00-04:00,28612.25,28620.75,28597.75,28605.0,573,0.0,0.0
2026-07-26 19:05:00-04:00,28604.25,28638.75,28602.25,28635.0,450,0.0,0.0
2026-07-26 19:10:00-04:00,28634.75,28638.5,28625.75,28630.75,246,0.0,0.0
2026-07-26 19:15:00-04:00,28631.5,28637.0,28610.5,28613.25,389,0.0,0.0
2026-07-26 19:20:00-04:00,28614.0,28620.5,28610.25,28614.25,202,0.0,0.0
2026-07-26 19:25:00-04:00,28614.25,28629.75,28614.25,28616.75,280,0.0,0.0
2026-07-26 19:30:00-04:00,28617.0,28633.5,28610.5,28632.0,400,0.0,0.0
2026-07-26 19:35:00-04:00,28630.5,28633.5,28625.0,28626.75,186,0.0,0.0
2026-07-26 19:40:00-04:00,28627.25,28669.75,28627.25,28653.75,768,0.0,0.0
2026-07-26 19:45:00-04:00,28654.75,28693.5,28638.0,28691.5,1180,0.0,0.0
2026-07-26 19:50:00-04:00,28690.25,28719.5,28684.5,28700.25,1033,0.0,0.0
2026-07-26 19:55:00-04:00,28699.75,28731.0,28684.75,28727.5,1175,0.0,0.0
2026-07-26 20:00:00-04:00,28728.25,28733.75,28622.75,28624.25,2368,0.0,0.0
2026-07-26 20:05:00-04:00,28622.75,28655.75,28615.0,28631.0,1458,0.0,0.0
2026-07-26 20:10:00-04:00,28632.25,28665.5,28620.0,28663.5,1126,0.0,0.0
2026-07-26 20:15:00-04:00,28661.75,28662.5,28581.75,28595.75,1527,0.0,0.0
2026-07-26 20:20:00-04:00,28595.0,28615.5,28583.75,28605.5,975,0.0,0.0
2026-07-26 20:25:00-04:00,28605.0,28644.0,28596.75,28619.25,974,0.0,0.0
2026-07-26 20:30:00-04:00,28618.25,28656.0,28616.0,28638.5,830,0.0,0.0
2026-07-26 20:35:00-04:00,28638.25,28641.75,28602.75,28605.5,772,0.0,0.0
2026-07-26 20:40:00-04:00,28605.25,28618.25,28597.25,28598.25,514,0.0,0.0
2026-07-26 20:45:00-04:00,28600.0,28628.75,28599.25,28621.75,515,0.0,0.0
2026-07-26 20:50:00-04:00,28624.25,28655.25,28614.5,28627.5,764,0.0,0.0
2026-07-26 20:55:00-04:00,28627.0,28629.5,28595.25,28598.25,637,0.0,0.0
2026-07-26 21:00:00-04:00,28599.75,28634.5,28595.0,28597.75,773,0.0,0.0
2026-07-26 21:05:00-04:00,28596.75,28627.5,28589.75,28607.5,598,0.0,0.0
2026-07-26 21:10:00-04:00,28606.5,28608.0,28565.75,28572.75,907,0.0,0.0
2026-07-26 21:15:00-04:00,28572.25,28582.0,28548.5,28548.5,1643,0.0,0.0
2026-07-26 21:20:00-04:00,28549.5,28567.25,28539.25,28554.5,715,0.0,0.0
2026-07-26 21:25:00-04:00,28554.5,28558.0,28525.0,28538.0,826,0.0,0.0
2026-07-26 21:30:00-04:00,28542.75,28592.75,28536.0,28576.25,987,0.0,0.0
2026-07-26 21:35:00-04:00,28575.5,28614.25,28551.5,28608.0,1131,0.0,0.0
2026-07-26 21:40:00-04:00,28606.25,28621.25,28577.0,28590.25,810,0.0,0.0
2026-07-26 21:45:00-04:00,28589.5,28612.25,28571.75,28603.75,642,0.0,0.0
2026-07-26 21:50:00-04:00,28604.0,28604.0,28575.5,28593.25,505,0.0,0.0
2026-07-26 21:55:00-04:00,28592.75,28614.0,28587.0,28614.0,428,0.0,0.0
2026-07-26 22:00:00-04:00,28614.75,28627.75,28590.75,28594.0,726,0.0,0.0
2026-07-26 22:05:00-04:00,28594.0,28619.75,28587.0,28614.0,509,0.0,0.0
2026-07-26 22:10:00-04:00,28616.0,28619.5,28597.25,28608.5,359,0.0,0.0
2026-07-26 22:15:00-04:00,28606.75,28630.0,28606.75,28621.0,514,0.0,0.0
2026-07-26 22:20:00-04:00,28624.5,28634.0,28605.5,28625.75,503,0.0,0.0
2026-07-26 22:25:00-04:00,28625.5,28652.75,28624.5,28638.5,616,0.0,0.0
2026-07-26 22:30:00-04:00,28639.0,28639.25,28606.25,28615.75,447,0.0,0.0
2026-07-26 22:35:00-04:00,28616.75,28651.0,28608.5,28650.5,472,0.0,0.0
2026-07-26 22:40:00-04:00,28649.5,28657.25,28643.5,28648.25,406,0.0,0.0
2026-07-26 22:45:00-04:00,28650.25,28658.5,28619.25,28622.0,440,0.0,0.0
2026-07-26 22:50:00-04:00,28621.75,28627.0,28611.5,28615.75,284,0.0,0.0
2026-07-26 22:55:00-04:00,28616.75,28623.5,28611.75,28615.5,186,0.0,0.0
2026-07-26 23:00:00-04:00,28615.5,28642.25,28607.0,28610.0,641,0.0,0.0
2026-07-26 23:05:00-04:00,28612.75,28627.25,28606.5,28610.75,355,0.0,0.0
2026-07-26 23:10:00-04:00,28608.0,28646.0,28606.0,28644.25,390,0.0,0.0
2026-07-26 23:15:00-04:00,28644.0,28648.5,28639.0,28646.75,293,0.0,0.0
2026-07-26 23:20:00-04:00,28648.25,28650.75,28625.75,28627.0,326,0.0,0.0
2026-07-26 23:25:00-04:00,28627.5,28641.5,28618.25,28619.25,214,0.0,0.0
2026-07-26 23:30:00-04:00,28620.5,28622.0,28599.75,28612.0,506,0.0,0.0
2026-07-26 23:35:00-04:00,28614.0,28616.5,28605.5,28609.75,120,0.0,0.0
2026-07-26 23:40:00-04:00,28609.0,28637.0,28607.0,28619.75,367,0.0,0.0
2026-07-26 23:45:00-04:00,28619.0,28627.0,28600.25,28605.5,302,0.0,0.0
2026-07-26 23:50:00-04:00,28603.5,28613.0,28600.0,28609.25,149,0.0,0.0
2026-07-26 23:55:00-04:00,28609.75,28624.5,28592.75,28613.5,355,0.0,0.0
2026-07-27 00:00:00-04:00,28614.0,28626.5,28608.75,28614.0,276,0.0,0.0
2026-07-27 00:05:00-04:00,28612.5,28622.75,28597.75,28607.25,212,0.0,0.0
2026-07-27 00:10:00-04:00,28607.0,28622.25,28602.0,28621.0,219,0.0,0.0
2026-07-27 00:15:00-04:00,28621.25,28640.25,28611.25,28639.25,335,0.0,0.0
2026-07-27 00:20:00-04:00,28639.5,28647.0,28625.25,28626.75,316,0.0,0.0
2026-07-27 00:25:00-04:00,28627.75,28634.75,28606.75,28620.75,338,0.0,0.0
2026-07-27 00:30:00-04:00,28620.75,28644.5,28609.25,28639.75,267,0.0,0.0
2026-07-27 00:35:00-04:00,28640.75,28644.0,28633.0,28640.5,175,0.0,0.0
2026-07-27 00:40:00-04:00,28639.75,28653.75,28637.5,28648.75,372,0.0,0.0
2026-07-27 00:45:00-04:00,28648.75,28651.25,28637.75,28644.0,242,0.0,0.0
2026-07-27 00:50:00-04:00,28643.5,28661.75,28642.0,28660.5,454,0.0,0.0
2026-07-27 00:55:00-04:00,28659.5,28663.0,28642.0,28644.0,372,0.0,0.0
2026-07-27 01:00:00-04:00,28646.25,28656.5,28638.0,28644.75,315,0.0,0.0
2026-07-27 01:05:00-04:00,28644.25,28660.25,28641.5,28658.0,180,0.0,0.0
2026-07-27 01:10:00-04:00,28657.75,28674.75,28657.75,28671.5,411,0.0,0.0
2026-07-27 01:15:00-04:00,28669.0,28682.75,28665.25,28676.0,429,0.0,0.0
2026-07-27 01:20:00-04:00,28675.25,28684.0,28675.25,28677.75,285,0.0,0.0
2026-07-27 01:25:00-04:00,28677.25,28679.75,28672.0,28679.75,259,0.0,0.0
2026-07-27 01:30:00-04:00,28680.0,28688.25,28673.75,28685.75,564,0.0,0.0
2026-07-27 01:35:00-04:00,28687.25,28703.75,28685.25,28700.25,531,0.0,0.0
2026-07-27 01:40:00-04:00,28699.25,28700.75,28683.5,28686.5,484,0.0,0.0
2026-07-27 01:45:00-04:00,28685.75,28693.0,28681.25,28688.25,212,0.0,0.0
2026-07-27 01:50:00-04:00,28692.0,28700.0,28686.0,28697.0,252,0.0,0.0
2026-07-27 01:55:00-04:00,28698.25,28704.25,28692.5,28694.5,403,0.0,0.0
2026-07-27 02:00:00-04:00,28694.5,28716.25,28693.75,28706.0,770,0.0,0.0
2026-07-27 02:05:00-04:00,28707.25,28725.0,28702.0,28722.75,508,0.0,0.0
2026-07-27 02:10:00-04:00,28723.0,28728.5,28711.5,28717.25,470,0.0,0.0
2026-07-27 02:15:00-04:00,28716.75,28723.0,28713.5,28721.25,400,0.0,0.0
2026-07-27 02:20:00-04:00,28722.0,28722.0,28697.75,28702.0,516,0.0,0.0
2026-07-27 02:25:00-04:00,28702.75,28704.75,28693.75,28697.75,309,0.0,0.0
2026-07-27 02:30:00-04:00,28697.25,28712.5,28694.0,28708.0,526,0.0,0.0
2026-07-27 02:35:00-04:00,28708.0,28715.5,28702.25,28703.5,347,0.0,0.0
2026-07-27 02:40:00-04:00,28704.0,28706.5,28694.25,28696.0,462,0.0,0.0
2026-07-27 02:45:00-04:00,28697.25,28700.0,28688.5,28694.25,513,0.0,0.0
2026-07-27 02:50:00-04:00,28694.0,28700.0,28680.0,28688.75,478,0.0,0.0
2026-07-27 02:55:00-04:00,28688.0,28702.75,28687.5,28695.0,312,0.0,0.0
2026-07-27 03:00:00-04:00,28692.75,28725.25,28689.0,28723.0,921,0.0,0.0
2026-07-27 03:05:00-04:00,28722.0,28723.25,28695.5,28704.5,495,0.0,0.0
2026-07-27 03:10:00-04:00,28706.5,28729.0,28704.75,28727.5,363,0.0,0.0
2026-07-27 03:15:00-04:00,28728.25,28732.0,28716.25,28717.5,395,0.0,0.0
2026-07-27 03:20:00-04:00,28719.25,28723.5,28712.25,28715.75,215,0.0,0.0
2026-07-27 03:25:00-04:00,28716.5,28717.0,28702.5,28705.25,387,0.0,0.0
2026-07-27 03:30:00-04:00,28703.25,28704.0,28690.0,28695.0,430,0.0,0.0
2026-07-27 03:35:00-04:00,28695.5,28697.5,28672.0,28680.5,702,0.0,0.0
2026-07-27 03:40:00-04:00,28677.25,28698.25,28675.25,28695.5,573,0.0,0.0
2026-07-27 03:45:00-04:00,28695.5,28701.75,28684.0,28699.0,381,0.0,0.0
2026-07-27 03:50:00-04:00,28698.5,28698.75,28675.0,28680.5,318,0.0,0.0
2026-07-27 03:55:00-04:00,28679.0,28687.0,28661.25,28661.75,480,0.0,0.0
2026-07-27 04:00:00-04:00,28661.0,28701.25,28658.5,28681.0,829,0.0,0.0
2026-07-27 04:05:00-04:00,28680.25,28696.5,28674.75,28690.25,488,0.0,0.0
2026-07-27 04:10:00-04:00,28685.5,28693.5,28673.0,28693.25,380,0.0,0.0
2026-07-27 04:15:00-04:00,28692.0,28705.0,28677.0,28697.25,317,0.0,0.0
2026-07-27 04:20:00-04:00,28698.0,28705.75,28693.75,28699.0,292,0.0,0.0
2026-07-27 04:25:00-04:00,28699.25,28724.25,28699.25,28719.0,378,0.0,0.0
2026-07-27 04:30:00-04:00,28720.75,28724.25,28708.0,28708.75,482,0.0,0.0
2026-07-27 04:35:00-04:00,28706.75,28722.25,28703.25,28720.75,301,0.0,0.0
2026-07-27 04:40:00-04:00,28721.5,28744.0,28718.75,28733.75,763,0.0,0.0
2026-07-27 04:45:00-04:00,28736.5,28740.0,28726.5,28726.5,303,0.0,0.0
2026-07-27 04:50:00-04:00,28727.75,28744.75,28724.5,28744.25,386,0.0,0.0
2026-07-27 04:55:00-04:00,28742.5,28749.5,28735.25,28736.0,367,0.0,0.0
2026-07-27 05:00:00-04:00,28737.0,28738.75,28719.75,28729.25,490,0.0,0.0
2026-07-27 05:05:00-04:00,28729.0,28731.0,28721.0,28723.25,253,0.0,0.0
2026-07-27 05:10:00-04:00,28722.75,28733.25,28721.75,28725.5,277,0.0,0.0
2026-07-27 05:15:00-04:00,28725.25,28732.5,28723.25,28728.0,197,0.0,0.0
2026-07-27 05:20:00-04:00,28727.75,28738.75,28726.0,28731.5,253,0.0,0.0
2026-07-27 05:25:00-04:00,28732.0,28737.0,28724.0,28726.25,428,0.0,0.0
2026-07-27 05:30:00-04:00,28727.0,28733.5,28718.25,28733.25,409,0.0,0.0
2026-07-27 05:35:00-04:00,28732.5,28745.25,28728.25,28737.75,770,0.0,0.0
2026-07-27 05:40:00-04:00,28738.0,28748.25,28733.5,28746.75,345,0.0,0.0
2026-07-27 05:45:00-04:00,28746.0,28763.25,28742.5,28758.5,809,0.0,0.0
2026-07-27 05:50:00-04:00,28758.75,28762.25,28755.25,28758.0,377,0.0,0.0
2026-07-27 05:55:00-04:00,28758.0,28759.25,28744.75,28744.75,294,0.0,0.0
2026-07-27 06:00:00-04:00,28744.0,28753.5,28744.0,28746.25,290,0.0,0.0
2026-07-27 06:05:00-04:00,28746.75,28749.0,28741.5,28743.75,284,0.0,0.0
2026-07-27 06:10:00-04:00,28743.5,28743.5,28726.25,28737.75,821,0.0,0.0
2026-07-27 06:15:00-04:00,28738.75,28748.0,28730.25,28736.0,343,0.0,0.0
2026-07-27 06:20:00-04:00,28737.25,28744.5,28735.0,28735.0,227,0.0,0.0
2026-07-27 06:25:00-04:00,28734.75,28745.0,28734.0,28738.0,262,0.0,0.0
2026-07-27 06:30:00-04:00,28740.0,28746.0,28735.75,28738.5,264,0.0,0.0
2026-07-27 06:35:00-04:00,28738.25,28742.25,28734.0,28742.25,213,0.0,0.0
2026-07-27 06:40:00-04:00,28740.5,28750.5,28733.75,28748.0,267,0.0,0.0
2026-07-27 06:45:00-04:00,28746.0,28749.75,28740.25,28748.5,250,0.0,0.0
2026-07-27 06:50:00-04:00,28747.5,28751.0,28742.25,28745.0,177,0.0,0.0
2026-07-27 06:55:00-04:00,28745.0,28758.0,28739.75,28740.75,411,0.0,0.0
2026-07-27 07:00:00-04:00,28742.0,28743.5,28712.25,28722.0,758,0.0,0.0
2026-07-27 07:05:00-04:00,28721.25,28724.5,28712.5,28714.0,385,0.0,0.0
2026-07-27 07:10:00-04:00,28714.0,28723.0,28708.25,28712.5,429,0.0,0.0
2026-07-27 07:15:00-04:00,28711.5,28720.0,28701.0,28701.5,508,0.0,0.0
2026-07-27 07:20:00-04:00,28702.0,28706.25,28693.5,28693.75,542,0.0,0.0
2026-07-27 07:25:00-04:00,28693.5,28700.25,28648.5,28652.75,1192,0.0,0.0
2026-07-27 07:30:00-04:00,28653.25,28685.0,28645.5,28662.0,1804,0.0,0.0
2026-07-27 07:35:00-04:00,28662.0,28680.5,28660.5,28678.75,490,0.0,0.0
2026-07-27 07:40:00-04:00,28679.25,28681.5,28654.0,28667.75,862,0.0,0.0
2026-07-27 07:45:00-04:00,28667.25,28677.0,28665.0,28673.75,367,0.0,0.0
2026-07-27 07:50:00-04:00,28673.75,28677.0,28659.25,28659.25,436,0.0,0.0
2026-07-27 07:55:00-04:00,28660.0,28675.0,28660.0,28673.0,507,0.0,0.0
2026-07-27 08:00:00-04:00,28673.25,28697.75,28671.5,28690.25,980,0.0,0.0
2026-07-27 08:05:00-04:00,28691.5,28697.5,28681.0,28683.5,587,0.0,0.0
2026-07-27 08:10:00-04:00,28683.25,28684.25,28633.25,28635.0,1387,0.0,0.0
2026-07-27 08:15:00-04:00,28637.0,28651.5,28636.0,28640.0,582,0.0,0.0
2026-07-27 08:20:00-04:00,28640.0,28646.75,28629.25,28638.0,721,0.0,0.0
2026-07-27 08:25:00-04:00,28637.25,28653.25,28634.0,28650.75,594,0.0,0.0
2026-07-27 08:30:00-04:00,28650.5,28659.5,28631.75,28650.75,824,0.0,0.0
2026-07-27 08:35:00-04:00,28652.0,28669.25,28651.5,28665.5,762,0.0,0.0
2026-07-27 08:40:00-04:00,28664.0,28671.0,28656.0,28669.0,506,0.0,0.0
2026-07-27 08:45:00-04:00,28669.25,28692.5,28666.25,28683.5,1092,0.0,0.0
2026-07-27 08:50:00-04:00,28683.75,28691.0,28666.25,28691.0,1164,0.0,0.0
2026-07-27 08:55:00-04:00,28689.75,28692.0,28675.0,28690.25,660,0.0,0.0
2026-07-27 09:00:00-04:00,28692.0,28700.0,28663.0,28680.0,1395,0.0,0.0
2026-07-27 09:05:00-04:00,28678.25,28678.75,28647.75,28656.5,1174,0.0,0.0
2026-07-27 09:10:00-04:00,28657.25,28675.0,28655.0,28662.25,1011,0.0,0.0
2026-07-27 09:15:00-04:00,28662.75,28676.0,28637.0,28641.0,1227,0.0,0.0
2026-07-27 09:20:00-04:00,28640.5,28642.75,28633.0,28637.0,1025,0.0,0.0
2026-07-27 09:25:00-04:00,28636.75,28645.0,28588.0,28590.5,3829,0.0,0.0
2026-07-27 09:30:00-04:00,28590.5,28615.75,28487.0,28538.0,15407,0.0,0.0
2026-07-27 09:35:00-04:00,28536.5,28613.75,28525.75,28545.25,12446,0.0,0.0
2026-07-27 09:40:00-04:00,28545.25,28553.75,28428.0,28455.0,11780,0.0,0.0
2026-07-27 09:45:00-04:00,28455.0,28489.0,28422.75,28461.0,10057,0.0,0.0
2026-07-27 09:50:00-04:00,28462.5,28504.0,28446.5,28459.5,8843,0.0,0.0
2026-07-27 09:55:00-04:00,28458.25,28464.25,28341.25,28347.75,10059,0.0,0.0
2026-07-27 10:00:00-04:00,28347.75,28372.75,28287.5,28319.5,12696,0.0,0.0
2026-07-27 10:05:00-04:00,28319.75,28347.75,28277.0,28322.0,9407,0.0,0.0
2026-07-27 10:10:00-04:00,28323.0,28324.75,28230.75,28252.0,10901,0.0,0.0
2026-07-27 10:15:00-04:00,28253.25,28299.0,28224.25,28258.25,8280,0.0,0.0
2026-07-27 10:20:00-04:00,28258.25,28261.0,28167.0,28182.0,9173,0.0,0.0
2026-07-27 10:25:00-04:00,28183.0,28185.0,28075.25,28086.25,10576,0.0,0.0
2026-07-27 10:30:00-04:00,28086.5,28105.25,28041.0,28050.75,10661,0.0,0.0
2026-07-27 10:35:00-04:00,28048.75,28066.5,27995.5,28031.0,11669,0.0,0.0
2026-07-27 10:40:00-04:00,28032.25,28045.0,27939.0,27959.0,12228,0.0,0.0
2026-07-27 10:45:00-04:00,27958.5,28071.25,27957.25,28064.0,10737,0.0,0.0
2026-07-27 10:50:00-04:00,28063.25,28127.5,28062.25,28102.0,11897,0.0,0.0
2026-07-27 10:55:00-04:00,28102.0,28180.25,28086.75,28169.25,8867,0.0,0.0
2026-07-27 11:00:00-04:00,28171.0,28186.75,28138.0,28161.0,8869,0.0,0.0
2026-07-27 11:05:00-04:00,28160.75,28198.5,28138.25,28150.5,7024,0.0,0.0
2026-07-27 11:10:00-04:00,28150.75,28181.0,28121.75,28124.75,7005,0.0,0.0
2026-07-27 11:15:00-04:00,28125.25,28133.75,28048.0,28106.25,8111,0.0,0.0
2026-07-27 11:20:00-04:00,28105.5,28151.5,28062.25,28076.75,7304,0.0,0.0
2026-07-27 11:25:00-04:00,28077.0,28094.0,28046.0,28072.25,5377,0.0,0.0
2026-07-27 11:30:00-04:00,28074.25,28085.75,28011.5,28028.0,5560,0.0,0.0
2026-07-27 11:35:00-04:00,28028.5,28033.25,27980.25,28015.75,5689,0.0,0.0
2026-07-27 11:40:00-04:00,28016.0,28048.5,27994.0,28039.25,5466,0.0,0.0
2026-07-27 11:45:00-04:00,28039.75,28048.75,27995.25,28013.5,4077,0.0,0.0
2026-07-27 11:50:00-04:00,28013.0,28036.75,27996.5,28021.25,3677,0.0,0.0
2026-07-27 11:55:00-04:00,28019.75,28074.0,28014.25,28062.5,5030,0.0,0.0
2026-07-27 12:00:00-04:00,28062.75,28120.5,28057.75,28119.0,4484,0.0,0.0
2026-07-27 12:05:00-04:00,28119.0,28134.25,28090.75,28124.25,4278,0.0,0.0
2026-07-27 12:10:00-04:00,28124.5,28154.25,28072.0,28078.75,5577,0.0,0.0
2026-07-27 12:15:00-04:00,28078.75,28085.25,28043.5,28064.0,4851,0.0,0.0
2026-07-27 12:20:00-04:00,28063.75,28096.75,28045.75,28096.0,3946,0.0,0.0
2026-07-27 12:25:00-04:00,28094.75,28204.5,28092.5,28154.5,10463,0.0,0.0
2026-07-27 12:30:00-04:00,28154.0,28196.75,28132.0,28149.25,5274,0.0,0.0
2026-07-27 12:35:00-04:00,28150.75,28180.5,28112.5,28170.5,4215,0.0,0.0
2026-07-27 12:40:00-04:00,28169.75,28178.75,28118.5,28132.75,3381,0.0,0.0
2026-07-27 12:45:00-04:00,28134.25,28156.0,28115.5,28117.5,3140,0.0,0.0
2026-07-27 12:50:00-04:00,28117.0,28117.0,28050.0,28059.75,5073,0.0,0.0
2026-07-27 12:55:00-04:00,28058.75,28059.5,28027.75,28048.5,4345,0.0,0.0
2026-07-27 13:00:00-04:00,28047.0,28056.25,27995.5,28007.0,5053,0.0,0.0
2026-07-27 13:05:00-04:00,28006.5,28030.0,27993.75,28016.25,3745,0.0,0.0
2026-07-27 13:10:00-04:00,28015.25,28044.25,28004.0,28033.75,3158,0.0,0.0
2026-07-27 13:15:00-04:00,28034.0,28043.25,27986.0,28001.75,3495,0.0,0.0
2026-07-27 13:20:00-04:00,28001.5,28034.25,27995.25,28011.25,2663,0.0,0.0
2026-07-27 13:25:00-04:00,28012.0,28022.75,27993.5,27998.75,2317,0.0,0.0
2026-07-27 13:30:00-04:00,27998.5,28062.0,27997.5,28059.5,3521,0.0,0.0
2026-07-27 13:35:00-04:00,28058.75,28065.0,28026.5,28030.5,2911,0.0,0.0
2026-07-27 13:40:00-04:00,28031.0,28043.0,28015.5,28036.25,2332,0.0,0.0
2026-07-27 13:45:00-04:00,28036.0,28059.0,28013.75,28032.75,2521,0.0,0.0
2026-07-27 13:50:00-04:00,28032.5,28088.0,28026.25,28084.25,3090,0.0,0.0
2026-07-27 13:55:00-04:00,28085.0,28106.25,28072.0,28104.75,2994,0.0,0.0
2026-07-27 14:00:00-04:00,28104.75,28121.25,28090.0,28092.5,3663,0.0,0.0
2026-07-27 14:05:00-04:00,28092.75,28115.25,28085.5,28098.75,2467,0.0,0.0
2026-07-27 14:10:00-04:00,28097.25,28112.75,28092.5,28100.5,2351,0.0,0.0
2026-07-27 14:15:00-04:00,28100.5,28105.25,28049.75,28063.0,3584,0.0,0.0
2026-07-27 14:20:00-04:00,28062.5,28086.25,28052.75,28079.25,2370,0.0,0.0
2026-07-27 14:25:00-04:00,28080.0,28091.5,28069.0,28082.0,2131,0.0,0.0
2026-07-27 14:30:00-04:00,28082.25,28082.75,28037.0,28041.5,2389,0.0,0.0
2026-07-27 14:35:00-04:00,28039.5,28055.0,28027.25,28032.75,2545,0.0,0.0
2026-07-27 14:40:00-04:00,28032.0,28088.25,28019.25,28082.75,5766,0.0,0.0
2026-07-27 14:45:00-04:00,28083.0,28100.5,28069.5,28073.75,2495,0.0,0.0
2026-07-27 14:50:00-04:00,28073.25,28160.5,28070.0,28151.5,4659,0.0,0.0
2026-07-27 14:55:00-04:00,28151.5,28191.0,28151.5,28188.25,5246,0.0,0.0
2026-07-27 15:00:00-04:00,28188.75,28197.0,28170.0,28173.0,3569,0.0,0.0
2026-07-27 15:05:00-04:00,28172.75,28224.0,28165.25,28214.25,4151,0.0,0.0
2026-07-27 15:10:00-04:00,28214.0,28232.25,28192.75,28201.25,3801,0.0,0.0
2026-07-27 15:15:00-04:00,28200.75,28217.75,28195.5,28215.0,2383,0.0,0.0
2026-07-27 15:20:00-04:00,28214.25,28236.0,28201.25,28225.0,3432,0.0,0.0
2026-07-27 15:25:00-04:00,28225.25,28247.5,28203.75,28243.5,3272,0.0,0.0
2026-07-27 15:30:00-04:00,28243.0,28255.75,28232.5,28233.0,3715,0.0,0.0
2026-07-27 15:35:00-04:00,28232.25,28242.5,28180.0,28185.25,3719,0.0,0.0
2026-07-27 15:40:00-04:00,28185.5,28204.5,28172.5,28175.75,3021,0.0,0.0
2026-07-27 15:45:00-04:00,28176.0,28187.5,28155.25,28185.25,3565,0.0,0.0
2026-07-27 15:50:00-04:00,28185.75,28200.0,28164.0,28178.75,5179,0.0,0.0
2026-07-27 15:55:00-04:00,28177.75,28205.0,28159.25,28192.75,12937,0.0,0.0
2026-07-27 16:00:00-04:00,28193.25,28219.5,28182.0,28197.0,5283,0.0,0.0
2026-07-27 16:05:00-04:00,28196.0,28199.75,28175.75,28196.75,1924,0.0,0.0
2026-07-27 16:10:00-04:00,28195.75,28196.75,28169.25,28190.75,1532,0.0,0.0
2026-07-27 16:15:00-04:00,28190.5,28193.75,28181.5,28187.25,677,0.0,0.0
2026-07-27 16:20:00-04:00,28186.25,28188.0,28174.25,28183.25,398,0.0,0.0
2026-07-27 16:25:00-04:00,28184.25,28194.5,28184.25,28194.5,482,0.0,0.0
2026-07-27 16:30:00-04:00,28194.5,28220.25,28186.75,28218.0,679,0.0,0.0
2026-07-27 16:35:00-04:00,28218.0,28230.0,28213.25,28219.25,578,0.0,0.0
2026-07-27 16:40:00-04:00,28218.5,28220.0,28204.75,28207.5,453,0.0,0.0
2026-07-27 16:45:00-04:00,28208.25,28209.5,28193.75,28194.75,559,0.0,0.0
2026-07-27 16:50:00-04:00,28195.0,28203.5,28186.75,28194.0,540,0.0,0.0
2026-07-27 16:55:00-04:00,28192.75,28212.0,28192.25,28210.0,583,0.0,0.0
2026-07-27 18:00:00-04:00,28210.5,28228.0,28188.5,28189.5,0,0.0,0.0
2026-07-27 18:05:00-04:00,28189.25,28194.0,28172.75,28178.0,463,0.0,0.0
2026-07-27 18:10:00-04:00,28177.5,28178.5,28156.0,28158.5,354,0.0,0.0
2026-07-27 18:15:00-04:00,28159.0,28167.75,28154.0,28157.75,381,0.0,0.0
2026-07-27 18:20:00-04:00,28158.75,28166.0,28146.25,28148.5,476,0.0,0.0
2026-07-27 18:25:00-04:00,28149.75,28153.75,28125.5,28129.5,847,0.0,0.0
2026-07-27 18:30:00-04:00,28128.25,28148.25,28128.0,28146.5,448,0.0,0.0
2026-07-27 18:35:00-04:00,28148.5,28156.5,28137.5,28144.5,416,0.0,0.0
2026-07-27 18:40:00-04:00,28143.5,28144.0,28124.5,28133.5,330,0.0,0.0
2026-07-27 18:45:00-04:00,28134.75,28143.0,28126.0,28137.5,417,0.0,0.0
2026-07-27 18:50:00-04:00,28138.5,28149.0,28133.0,28135.75,290,0.0,0.0
2026-07-27 18:55:00-04:00,28136.5,28138.0,28123.5,28132.5,332,0.0,0.0
2026-07-27 19:00:00-04:00,28131.75,28134.25,28105.25,28110.5,562,0.0,0.0
2026-07-27 19:05:00-04:00,28112.0,28151.75,28108.5,28128.75,702,0.0,0.0
2026-07-27 19:10:00-04:00,28130.75,28137.25,28123.25,28129.0,234,0.0,0.0
2026-07-27 19:15:00-04:00,28129.25,28148.5,28118.0,28143.75,416,0.0,0.0
2026-07-27 19:20:00-04:00,28145.75,28158.5,28138.0,28147.5,446,0.0,0.0
2026-07-27 19:25:00-04:00,28144.75,28163.25,28143.0,28162.25,362,0.0,0.0
2026-07-27 19:30:00-04:00,28160.75,28161.5,28150.75,28155.0,253,0.0,0.0
2026-07-27 19:35:00-04:00,28154.0,28154.75,28138.0,28144.5,240,0.0,0.0
2026-07-27 19:40:00-04:00,28144.75,28145.0,28130.0,28132.0,294,0.0,0.0
2026-07-27 19:45:00-04:00,28134.5,28142.75,28121.25,28130.0,687,0.0,0.0
2026-07-27 19:50:00-04:00,28130.5,28179.25,28124.25,28173.0,976,0.0,0.0
2026-07-27 19:55:00-04:00,28172.75,28178.0,28155.25,28163.5,485,0.0,0.0
2026-07-27 20:00:00-04:00,28164.75,28195.0,28152.75,28185.25,1057,0.0,0.0
2026-07-27 20:05:00-04:00,28185.25,28187.75,28127.0,28141.25,981,0.0,0.0
2026-07-27 20:10:00-04:00,28143.75,28152.75,28094.75,28111.0,1288,0.0,0.0
2026-07-27 20:15:00-04:00,28111.0,28132.0,28102.0,28115.0,864,0.0,0.0
2026-07-27 20:20:00-04:00,28116.5,28124.0,28081.5,28088.75,795,0.0,0.0
2026-07-27 20:25:00-04:00,28093.25,28104.5,28068.25,28104.5,989,0.0,0.0
2026-07-27 20:30:00-04:00,28103.75,28127.75,28059.75,28118.5,1191,0.0,0.0
2026-07-27 20:35:00-04:00,28119.25,28139.75,28114.75,28122.25,621,0.0,0.0
2026-07-27 20:40:00-04:00,28120.5,28138.0,28108.25,28121.0,472,0.0,0.0
2026-07-27 20:45:00-04:00,28118.75,28119.5,28071.5,28077.25,928,0.0,0.0
2026-07-27 20:50:00-04:00,28077.0,28081.0,28062.0,28071.5,509,0.0,0.0
2026-07-27 20:55:00-04:00,28068.0,28084.0,28052.75,28072.0,636,0.0,0.0
2026-07-27 21:00:00-04:00,28072.0,28078.0,28041.25,28042.0,1256,0.0,0.0
2026-07-27 21:05:00-04:00,28042.25,28048.5,27988.75,28005.5,1481,0.0,0.0
2026-07-27 21:10:00-04:00,28005.5,28011.5,27969.0,27992.75,1519,0.0,0.0
2026-07-27 21:15:00-04:00,27993.25,28010.0,27986.0,28002.75,845,0.0,0.0
2026-07-27 21:20:00-04:00,28003.5,28021.5,27990.5,28004.75,954,0.0,0.0
2026-07-27 21:25:00-04:00,28005.25,28078.25,27995.0,28062.25,1463,0.0,0.0
2026-07-27 21:30:00-04:00,28059.75,28090.25,28052.25,28089.0,626,0.0,0.0
2026-07-27 21:35:00-04:00,28090.0,28097.0,28057.5,28064.25,755,0.0,0.0
2026-07-27 21:40:00-04:00,28065.75,28082.25,28046.75,28080.75,606,0.0,0.0
2026-07-27 21:45:00-04:00,28078.75,28094.75,28065.25,28081.25,493,0.0,0.0
2026-07-27 21:50:00-04:00,28080.0,28083.5,28020.0,28023.5,873,0.0,0.0
2026-07-27 21:55:00-04:00,28023.75,28028.0,28008.75,28022.0,470,0.0,0.0
2026-07-27 22:00:00-04:00,28021.75,28024.25,27986.25,27987.75,853,0.0,0.0
2026-07-27 22:05:00-04:00,27987.5,28004.5,27984.25,27995.75,579,0.0,0.0
2026-07-27 22:10:00-04:00,27995.25,28010.5,27985.75,27996.25,520,0.0,0.0
2026-07-27 22:15:00-04:00,27992.75,28014.0,27972.25,28012.25,895,0.0,0.0
2026-07-27 22:20:00-04:00,28011.75,28030.25,28005.25,28022.75,695,0.0,0.0
2026-07-27 22:25:00-04:00,28019.75,28022.25,27981.25,27987.75,591,0.0,0.0
2026-07-27 22:30:00-04:00,27987.0,27987.75,27951.5,27970.75,1215,0.0,0.0
2026-07-27 22:35:00-04:00,27970.75,27989.5,27957.0,27978.5,657,0.0,0.0
2026-07-27 22:40:00-04:00,27978.0,27982.0,27962.0,27972.0,412,0.0,0.0
2026-07-27 22:45:00-04:00,27972.5,27978.5,27962.5,27976.0,507,0.0,0.0
2026-07-27 22:50:00-04:00,27972.25,28006.75,27955.0,27992.5,1000,0.0,0.0
2026-07-27 22:55:00-04:00,27991.75,27997.25,27977.75,27993.0,424,0.0,0.0
2026-07-27 23:00:00-04:00,27993.0,27998.0,27953.25,27965.25,639,0.0,0.0
2026-07-27 23:05:00-04:00,27963.0,27965.5,27941.75,27944.75,763,0.0,0.0
2026-07-27 23:10:00-04:00,27943.0,27972.5,27932.5,27968.75,928,0.0,0.0
2026-07-27 23:15:00-04:00,27967.5,28024.0,27964.0,28023.25,1004,0.0,0.0
2026-07-27 23:20:00-04:00,28022.25,28046.0,28018.5,28033.0,987,0.0,0.0
2026-07-27 23:25:00-04:00,28034.5,28047.25,27982.5,27987.5,1032,0.0,0.0
2026-07-27 23:30:00-04:00,27984.5,28016.5,27951.5,28013.25,1463,0.0,0.0
2026-07-27 23:35:00-04:00,28012.5,28045.25,28005.0,28040.75,769,0.0,0.0
2026-07-27 23:40:00-04:00,28043.0,28063.25,28034.0,28056.75,820,0.0,0.0
2026-07-27 23:45:00-04:00,28057.25,28070.5,28040.0,28059.75,680,0.0,0.0
2026-07-27 23:50:00-04:00,28058.75,28062.5,28030.0,28047.0,450,0.0,0.0
2026-07-27 23:55:00-04:00,28045.5,28052.5,28026.5,28050.75,257,0.0,0.0
2026-07-28 00:05:00-04:00,28013.5,28016.25,28007.5,28008.25,892,0.0,0.0
2026-07-28 00:10:00-04:00,28006.75,28012.75,27978.0,27986.75,519,0.0,0.0
2026-07-28 00:15:00-04:00,27986.0,28013.5,27976.5,28013.25,668,0.0,0.0
2026-07-28 00:20:00-04:00,28012.0,28017.0,27970.0,27973.5,573,0.0,0.0
2026-07-28 00:25:00-04:00,27975.75,27984.25,27971.0,27972.75,316,0.0,0.0
2026-07-28 00:30:00-04:00,27972.75,27980.5,27962.0,27970.0,526,0.0,0.0
2026-07-28 00:35:00-04:00,27971.75,27983.0,27960.0,27979.0,285,0.0,0.0
2026-07-28 00:40:00-04:00,27975.25,27984.0,27964.5,27974.25,272,0.0,0.0
2026-07-28 00:45:00-04:00,27974.25,28003.0,27971.0,27975.0,668,0.0,0.0
2026-07-28 00:50:00-04:00,27977.5,27977.5,27953.75,27963.75,342,0.0,0.0
2026-07-28 00:55:00-04:00,27962.25,27970.0,27951.0,27954.75,274,0.0,0.0
2026-07-28 01:00:00-04:00,27957.0,27983.0,27949.0,27971.75,471,0.0,0.0
2026-07-28 01:05:00-04:00,27972.0,27973.5,27949.25,27963.0,349,0.0,0.0
2026-07-28 01:15:00-04:00,28190.0,28190.0,27939.0,27939.0,815,0.0,0.0
2026-07-28 01:20:00-04:00,27939.0,27947.0,27924.5,27933.25,549,0.0,0.0
2026-07-28 01:25:00-04:00,27931.5,27932.25,27914.0,27919.5,742,0.0,0.0
2026-07-28 01:30:00-04:00,27921.0,27923.5,27887.0,27889.5,1429,0.0,0.0
2026-07-28 01:35:00-04:00,27888.75,27914.0,27876.0,27899.75,1162,0.0,0.0
2026-07-28 01:40:00-04:00,27899.5,27900.0,27880.5,27897.25,543,0.0,0.0
2026-07-28 01:45:00-04:00,27896.5,27912.75,27894.25,27911.0,420,0.0,0.0
2026-07-28 01:50:00-04:00,27910.0,27924.0,27893.25,27898.5,547,0.0,0.0
2026-07-28 01:55:00-04:00,27898.75,27907.0,27870.75,27880.0,865,0.0,0.0
2026-07-28 02:00:00-04:00,27882.25,27902.25,27860.75,27862.25,1351,0.0,0.0
2026-07-28 02:05:00-04:00,27862.25,27869.75,27853.75,27856.75,865,0.0,0.0
2026-07-28 02:10:00-04:00,27858.25,27860.75,27839.5,27844.25,1272,0.0,0.0
2026-07-28 02:15:00-04:00,27847.25,27869.75,27845.5,27858.0,1083,0.0,0.0
2026-07-28 02:20:00-04:00,27859.25,27882.25,27849.75,27866.0,1133,0.0,0.0
2026-07-28 02:25:00-04:00,27866.75,27907.0,27860.5,27902.5,1142,0.0,0.0
2026-07-28 02:30:00-04:00,27902.75,27912.0,27892.0,27906.5,776,0.0,0.0
2026-07-28 02:35:00-04:00,27906.75,27931.5,27905.25,27924.75,859,0.0,0.0
2026-07-28 02:40:00-04:00,27923.5,27936.0,27919.0,27919.25,479,0.0,0.0
2026-07-28 02:45:00-04:00,27917.0,27918.5,27902.5,27909.25,706,0.0,0.0
2026-07-28 02:50:00-04:00,27909.0,27924.75,27906.5,27923.5,330,0.0,0.0
2026-07-28 02:55:00-04:00,27926.75,27958.25,27924.25,27947.25,1023,0.0,0.0
2026-07-28 03:00:00-04:00,27945.5,27967.75,27939.5,27948.25,955,0.0,0.0
2026-07-28 03:05:00-04:00,27947.75,27979.75,27934.0,27972.25,994,0.0,0.0
2026-07-28 03:10:00-04:00,27973.5,27980.75,27960.0,27972.25,609,0.0,0.0
2026-07-28 03:15:00-04:00,27973.0,27989.0,27968.5,27969.0,637,0.0,0.0
2026-07-28 03:20:00-04:00,27968.75,27976.5,27954.75,27957.0,545,0.0,0.0
2026-07-28 03:25:00-04:00,27955.75,27962.75,27939.0,27943.25,643,0.0,0.0
2026-07-28 03:30:00-04:00,27944.0,27949.5,27933.75,27941.75,597,0.0,0.0
2026-07-28 03:35:00-04:00,27943.25,27954.75,27927.0,27951.5,691,0.0,0.0
2026-07-28 03:40:00-04:00,27951.25,27962.5,27936.0,27939.75,529,0.0,0.0
2026-07-28 03:45:00-04:00,27939.0,27943.0,27908.0,27920.25,693,0.0,0.0
2026-07-28 03:50:00-04:00,27921.25,27954.75,27910.0,27945.0,920,0.0,0.0
2026-07-28 03:55:00-04:00,27947.75,27951.5,27927.75,27933.5,426,0.0,0.0
2026-07-28 04:00:00-04:00,27934.25,27945.0,27899.0,27926.75,1147,0.0,0.0
2026-07-28 04:05:00-04:00,27928.5,27947.75,27895.75,27899.75,789,0.0,0.0
2026-07-28 04:10:00-04:00,27899.5,27899.5,27880.0,27888.75,775,0.0,0.0
2026-07-28 04:15:00-04:00,27890.75,27976.25,27884.75,27961.75,1334,0.0,0.0
2026-07-28 04:20:00-04:00,27961.75,28007.25,27955.0,28002.25,1396,0.0,0.0
2026-07-28 04:25:00-04:00,28001.75,28004.5,27985.5,27999.5,748,0.0,0.0
2026-07-28 04:30:00-04:00,28003.0,28010.75,27975.0,28008.25,936,0.0,0.0
2026-07-28 04:35:00-04:00,28008.75,28024.25,27984.25,28014.75,1025,0.0,0.0
2026-07-28 04:40:00-04:00,28013.75,28046.5,28012.75,28037.0,1124,0.0,0.0
2026-07-28 04:45:00-04:00,28037.5,28052.0,28017.0,28020.75,1131,0.0,0.0
2026-07-28 04:50:00-04:00,28020.75,28033.75,28001.75,28008.5,463,0.0,0.0
2026-07-28 04:55:00-04:00,28007.25,28009.75,27986.75,27994.25,745,0.0,0.0
2026-07-28 05:00:00-04:00,27992.25,28006.5,27986.75,27995.0,519,0.0,0.0
2026-07-28 05:05:00-04:00,27993.25,28011.25,27991.0,28004.5,398,0.0,0.0
2026-07-28 05:10:00-04:00,28004.0,28015.25,27982.5,27988.75,608,0.0,0.0
2026-07-28 05:15:00-04:00,27990.25,28003.25,27985.25,28001.75,337,0.0,0.0
2026-07-28 05:20:00-04:00,28003.5,28008.5,27998.0,28003.75,445,0.0,0.0
2026-07-28 05:25:00-04:00,28001.0,28016.5,27995.5,28012.0,359,0.0,0.0
2026-07-28 05:30:00-04:00,28009.75,28010.25,27982.0,27984.0,457,0.0,0.0
2026-07-28 05:35:00-04:00,27984.25,27987.0,27968.5,27977.75,553,0.0,0.0
2026-07-28 05:40:00-04:00,27978.5,27992.0,27967.25,27972.5,471,0.0,0.0
2026-07-28 05:45:00-04:00,27973.75,27981.25,27967.0,27971.75,334,0.0,0.0
2026-07-28 05:50:00-04:00,27974.0,27980.5,27960.0,27962.75,401,0.0,0.0
2026-07-28 05:55:00-04:00,27963.25,27965.0,27941.5,27956.0,669,0.0,0.0
2026-07-28 06:00:00-04:00,27956.0,27964.25,27948.75,27961.25,348,0.0,0.0
2026-07-28 06:05:00-04:00,27963.5,27966.0,27950.0,27961.5,343,0.0,0.0
2026-07-28 06:10:00-04:00,27960.75,27965.25,27947.5,27952.0,339,0.0,0.0
2026-07-28 06:15:00-04:00,27951.5,27969.5,27948.5,27968.75,347,0.0,0.0
2026-07-28 06:20:00-04:00,27967.25,27967.75,27938.0,27946.0,561,0.0,0.0
2026-07-28 06:25:00-04:00,27946.75,27967.25,27933.5,27967.25,466,0.0,0.0
2026-07-28 06:30:00-04:00,27968.5,27980.5,27944.25,27948.25,1321,0.0,0.0
2026-07-28 06:35:00-04:00,27948.5,27953.75,27922.0,27923.0,1210,0.0,0.0
2026-07-28 06:40:00-04:00,27922.5,27933.25,27904.25,27933.0,899,0.0,0.0
2026-07-28 06:45:00-04:00,27932.0,27950.0,27927.5,27931.75,537,0.0,0.0
2026-07-28 06:50:00-04:00,27932.0,27951.0,27926.5,27950.75,442,0.0,0.0
2026-07-28 06:55:00-04:00,27951.25,27951.5,27932.25,27942.75,914,0.0,0.0
2026-07-28 07:00:00-04:00,27945.75,27952.25,27890.5,27894.0,1482,0.0,0.0
2026-07-28 07:05:00-04:00,27892.25,27910.5,27881.25,27890.0,981,0.0,0.0
2026-07-28 07:10:00-04:00,27889.5,27895.25,27864.75,27869.5,1157,0.0,0.0
2026-07-28 07:15:00-04:00,27869.25,27949.0,27869.25,27946.25,2417,0.0,0.0
2026-07-28 07:20:00-04:00,27946.25,27958.0,27916.5,27916.75,994,0.0,0.0
2026-07-28 07:25:00-04:00,27916.5,27917.25,27882.25,27883.0,1021,0.0,0.0
2026-07-28 07:30:00-04:00,27882.0,27895.5,27868.0,27876.25,915,0.0,0.0
2026-07-28 07:35:00-04:00,27875.0,27929.25,27871.25,27872.0,1190,0.0,0.0
2026-07-28 07:40:00-04:00,27872.75,27877.75,27848.25,27863.75,1508,0.0,0.0
2026-07-28 07:45:00-04:00,27862.5,27920.25,27859.75,27910.5,1286,0.0,0.0
2026-07-28 07:50:00-04:00,27910.25,27927.75,27898.75,27919.0,974,0.0,0.0
2026-07-28 07:55:00-04:00,27919.0,27975.0,27918.75,27963.75,1343,0.0,0.0
2026-07-28 08:00:00-04:00,27962.5,27993.75,27954.0,27983.0,1309,0.0,0.0
2026-07-28 08:05:00-04:00,27984.25,28001.75,27970.0,27978.75,1045,0.0,0.0
2026-07-28 08:10:00-04:00,27978.25,27982.75,27949.25,27963.0,779,0.0,0.0
2026-07-28 08:15:00-04:00,27967.0,27973.25,27949.5,27968.25,789,0.0,0.0
2026-07-28 08:20:00-04:00,27970.0,27980.0,27954.25,27975.0,689,0.0,0.0
2026-07-28 08:25:00-04:00,27975.25,28018.5,27970.0,28010.0,1592,0.0,0.0
2026-07-28 08:30:00-04:00,28010.75,28027.75,27967.5,27979.0,2069,0.0,0.0
2026-07-28 08:35:00-04:00,27979.0,27998.5,27964.75,27966.0,1311,0.0,0.0
2026-07-28 08:40:00-04:00,27966.0,28018.0,27956.25,28009.5,2257,0.0,0.0
2026-07-28 08:45:00-04:00,28010.5,28032.75,28001.25,28006.5,1774,0.0,0.0
2026-07-28 08:50:00-04:00,28007.5,28013.25,27977.5,28007.75,1697,0.0,0.0
2026-07-28 08:55:00-04:00,28009.25,28017.5,27992.0,27993.25,816,0.0,0.0
2026-07-28 09:00:00-04:00,27993.75,28004.5,27974.5,27980.0,1637,0.0,0.0
2026-07-28 09:05:00-04:00,27977.5,28027.75,27974.0,28018.0,1287,0.0,0.0
2026-07-28 09:10:00-04:00,28017.0,28023.0,27996.25,28001.25,1580,0.0,0.0
2026-07-28 09:15:00-04:00,28003.0,28028.5,27994.75,28013.5,1214,0.0,0.0
2026-07-28 09:20:00-04:00,28013.5,28021.0,27986.0,27998.5,1329,0.0,0.0
2026-07-28 09:25:00-04:00,27998.0,27998.0,27938.0,27950.25,3656,0.0,0.0
2026-07-28 09:30:00-04:00,27950.25,27992.0,27871.25,27877.0,18140,0.0,0.0
2026-07-28 09:35:00-04:00,27876.0,27926.25,27788.75,27791.25,14532,0.0,0.0
2026-07-28 09:40:00-04:00,27792.0,27841.5,27728.5,27749.75,15137,0.0,0.0
2026-07-28 09:45:00-04:00,27749.25,27764.5,27658.75,27755.5,17226,0.0,0.0
2026-07-28 09:50:00-04:00,27755.5,27799.0,27682.25,27696.0,14886,0.0,0.0
2026-07-28 09:55:00-04:00,27698.0,27720.5,27641.75,27665.25,12113,0.0,0.0
2026-07-28 10:00:00-04:00,27665.5,27749.5,27652.0,27715.25,10492,0.0,0.0
2026-07-28 10:05:00-04:00,27714.0,27793.5,27666.75,27673.75,11278,0.0,0.0
2026-07-28 10:10:00-04:00,27674.5,27731.0,27608.75,27630.25,12179,0.0,0.0
2026-07-28 10:15:00-04:00,27631.75,27655.25,27603.5,27615.25,11692,0.0,0.0
2026-07-28 10:20:00-04:00,27614.25,27717.5,27606.0,27677.75,12416,0.0,0.0
2026-07-28 10:25:00-04:00,27676.0,27713.5,27660.0,27706.5,6714,0.0,0.0
2026-07-28 10:30:00-04:00,27706.5,27728.5,27669.0,27679.75,7217,0.0,0.0
2026-07-28 10:35:00-04:00,27679.0,27763.0,27672.25,27723.5,8901,0.0,0.0
2026-07-28 10:40:00-04:00,27722.5,27793.0,27713.5,27772.25,8389,0.0,0.0
2026-07-28 10:45:00-04:00,27770.75,27856.5,27745.5,27851.25,9903,0.0,0.0
2026-07-28 10:50:00-04:00,27850.25,27890.0,27847.75,27853.25,10269,0.0,0.0
2026-07-28 10:55:00-04:00,27853.25,27876.0,27797.25,27801.75,8505,0.0,0.0
2026-07-28 11:00:00-04:00,27803.0,27838.0,27779.5,27780.25,7495,0.0,0.0
2026-07-28 11:05:00-04:00,27781.0,27837.25,27768.0,27825.75,7219,0.0,0.0
2026-07-28 11:10:00-04:00,27826.0,27882.0,27801.25,27854.25,8913,0.0,0.0
2026-07-28 11:15:00-04:00,27853.75,27917.75,27836.5,27915.25,7170,0.0,0.0
2026-07-28 11:20:00-04:00,27915.5,27975.0,27914.25,27974.5,8745,0.0,0.0
2026-07-28 11:25:00-04:00,27974.0,28010.0,27956.5,27965.0,8863,0.0,0.0
2026-07-28 11:30:00-04:00,27965.75,27995.0,27948.75,27979.75,6643,0.0,0.0
2026-07-28 11:35:00-04:00,27980.25,28019.25,27976.5,28006.25,5429,0.0,0.0
2026-07-28 11:40:00-04:00,28005.5,28036.0,27989.25,28031.5,4579,0.0,0.0
2026-07-28 11:45:00-04:00,28032.0,28062.5,28029.25,28044.75,5214,0.0,0.0
2026-07-28 11:50:00-04:00,28044.5,28057.75,28010.5,28033.5,5862,0.0,0.0
2026-07-28 11:55:00-04:00,28033.0,28062.5,28015.5,28048.0,4883,0.0,0.0
2026-07-28 12:00:00-04:00,28047.75,28068.75,28033.5,28051.25,5737,0.0,0.0
2026-07-28 12:05:00-04:00,28050.75,28065.0,28007.25,28007.75,5827,0.0,0.0
2026-07-28 12:10:00-04:00,28007.5,28028.5,27996.75,28007.5,4289,0.0,0.0
2026-07-28 12:15:00-04:00,28007.75,28032.5,27992.25,28030.5,4009,0.0,0.0
2026-07-28 12:20:00-04:00,28029.75,28045.25,27988.75,27999.0,4724,0.0,0.0
2026-07-28 12:25:00-04:00,27999.25,28009.0,27984.75,27995.25,2923,0.0,0.0
2026-07-28 12:30:00-04:00,27995.5,27996.5,27953.5,27975.75,5097,0.0,0.0
2026-07-28 12:35:00-04:00,27976.25,28024.5,27967.5,28023.5,3736,0.0,0.0
2026-07-28 12:40:00-04:00,28023.5,28043.75,28013.0,28032.75,4047,0.0,0.0
2026-07-28 12:45:00-04:00,28032.0,28040.0,27993.0,28016.25,3974,0.0,0.0
2026-07-28 12:50:00-04:00,28015.75,28080.0,28015.25,28068.75,4761,0.0,0.0
2026-07-28 12:55:00-04:00,28067.25,28078.0,28052.75,28057.5,3048,0.0,0.0
2026-07-28 13:00:00-04:00,28057.5,28066.5,28017.0,28021.0,3826,0.0,0.0
2026-07-28 13:05:00-04:00,28021.75,28031.25,27982.5,27986.25,5304,0.0,0.0
2026-07-28 13:10:00-04:00,27986.25,28008.5,27969.0,27988.0,4714,0.0,0.0
2026-07-28 13:15:00-04:00,27988.0,27996.75,27973.5,27993.25,3275,0.0,0.0
2026-07-28 13:20:00-04:00,27993.25,28045.75,27985.25,27987.0,4466,0.0,0.0
2026-07-28 13:25:00-04:00,27987.0,28020.5,27975.0,27996.5,3255,0.0,0.0
2026-07-28 13:30:00-04:00,27996.0,28032.5,27989.0,28021.75,3007,0.0,0.0
2026-07-28 13:35:00-04:00,28021.5,28043.5,27992.0,27994.5,2499,0.0,0.0
2026-07-28 13:40:00-04:00,27993.0,28010.0,27949.0,27954.5,3972,0.0,0.0
2026-07-28 13:45:00-04:00,27954.25,27987.0,27939.0,27980.0,4687,0.0,0.0
2026-07-28 13:50:00-04:00,27979.25,27979.25,27935.75,27941.25,2615,0.0,0.0
2026-07-28 13:55:00-04:00,27940.75,27974.25,27925.0,27972.5,2894,0.0,0.0
2026-07-28 14:00:00-04:00,27974.0,27999.5,27953.0,27969.0,4087,0.0,0.0
2026-07-28 14:05:00-04:00,27968.5,27974.0,27938.5,27944.5,2508,0.0,0.0
2026-07-28 14:10:00-04:00,27945.0,27949.0,27915.0,27917.0,4061,0.0,0.0
2026-07-28 14:15:00-04:00,27917.25,27937.75,27912.5,27929.25,2953,0.0,0.0
2026-07-28 14:20:00-04:00,27929.25,27947.75,27922.0,27925.75,2800,0.0,0.0
2026-07-28 14:25:00-04:00,27926.25,27936.0,27914.75,27925.25,2402,0.0,0.0
2026-07-28 14:30:00-04:00,27926.75,27963.75,27920.5,27947.0,3501,0.0,0.0
2026-07-28 14:35:00-04:00,27947.75,27957.25,27930.25,27933.5,2428,0.0,0.0
2026-07-28 14:40:00-04:00,27932.75,27945.75,27921.5,27937.75,2236,0.0,0.0
2026-07-28 14:45:00-04:00,27937.5,27975.0,27929.0,27955.0,2849,0.0,0.0
2026-07-28 14:50:00-04:00,27954.75,27978.0,27944.25,27951.75,2644,0.0,0.0
2026-07-28 14:55:00-04:00,27951.75,27979.5,27938.75,27972.75,2552,0.0,0.0
2026-07-28 15:00:00-04:00,27972.25,28020.0,27972.25,28015.25,4028,0.0,0.0
2026-07-28 15:05:00-04:00,28015.25,28021.75,27975.0,27978.5,3655,0.0,0.0
2026-07-28 15:10:00-04:00,27978.5,27993.5,27972.0,27987.25,2664,0.0,0.0
2026-07-28 15:15:00-04:00,27986.5,27995.25,27965.25,27990.0,2909,0.0,0.0
2026-07-28 15:20:00-04:00,27989.0,28018.5,27982.75,28017.25,3106,0.0,0.0
2026-07-28 15:25:00-04:00,28017.5,28021.25,27985.0,28017.75,3549,0.0,0.0
2026-07-28 15:30:00-04:00,28018.0,28023.75,27994.75,28000.5,4050,0.0,0.0
2026-07-28 15:35:00-04:00,28000.0,28001.25,27941.5,27948.0,4243,0.0,0.0
2026-07-28 15:40:00-04:00,27947.0,27962.0,27941.75,27954.25,3646,0.0,0.0
2026-07-28 15:45:00-04:00,27954.25,27956.5,27929.0,27954.5,3390,0.0,0.0
2026-07-28 15:50:00-04:00,27954.0,27988.25,27934.75,27982.25,5890,0.0,0.0
2026-07-28 15:55:00-04:00,27982.0,27982.25,27911.0,27919.5,13713,0.0,0.0
2026-07-28 16:00:00-04:00,27919.25,27955.0,27912.5,27916.75,5942,0.0,0.0
2026-07-28 16:05:00-04:00,27916.25,27967.75,27884.25,27906.25,4347,0.0,0.0
2026-07-28 16:10:00-04:00,27905.25,27937.25,27898.5,27918.5,2052,0.0,0.0
2026-07-28 16:15:00-04:00,27920.5,27951.5,27910.75,27948.0,1456,0.0,0.0
2026-07-28 16:20:00-04:00,27948.0,27963.25,27937.75,27960.0,1154,0.0,0.0
2026-07-28 16:25:00-04:00,27959.75,27991.25,27958.5,27977.75,1288,0.0,0.0
2026-07-28 16:30:00-04:00,27977.0,27981.25,27962.25,27966.75,1119,0.0,0.0
2026-07-28 16:35:00-04:00,27966.75,27983.25,27941.75,27948.25,1123,0.0,0.0
2026-07-28 16:40:00-04:00,27949.0,27952.0,27937.5,27947.75,790,0.0,0.0
2026-07-28 16:45:00-04:00,27947.75,27960.0,27946.0,27953.75,364,0.0,0.0
2026-07-28 16:50:00-04:00,27954.0,27955.5,27935.75,27950.75,719,0.0,0.0
2026-07-28 16:55:00-04:00,27950.5,27962.75,27948.0,27960.5,493,0.0,0.0
2026-07-28 18:00:00-04:00,27962.0,27999.75,27955.75,27995.75,0,0.0,0.0
2026-07-28 18:05:00-04:00,27994.25,28011.5,27994.25,28000.75,636,0.0,0.0
2026-07-28 18:10:00-04:00,28000.0,28013.25,27962.0,27972.0,729,0.0,0.0
2026-07-28 18:15:00-04:00,27973.0,27979.0,27921.0,27935.25,983,0.0,0.0
2026-07-28 18:20:00-04:00,27935.25,27944.5,27913.75,27918.5,548,0.0,0.0
2026-07-28 18:25:00-04:00,27918.5,27943.5,27906.5,27939.25,902,0.0,0.0
2026-07-28 18:30:00-04:00,27939.0,27943.25,27883.25,27892.25,1067,0.0,0.0
2026-07-28 18:35:00-04:00,27894.0,27910.75,27855.25,27860.25,868,0.0,0.0
2026-07-28 18:40:00-04:00,27861.5,27889.75,27860.0,27861.0,689,0.0,0.0
2026-07-28 18:45:00-04:00,27863.25,27863.5,27811.5,27824.0,1781,0.0,0.0
2026-07-28 18:50:00-04:00,27825.0,27836.5,27783.5,27790.5,1716,0.0,0.0
2026-07-28 18:55:00-04:00,27791.5,27810.25,27756.25,27756.75,1593,0.0,0.0
2026-07-28 19:00:00-04:00,27758.25,27787.25,27728.5,27785.25,2065,0.0,0.0
2026-07-28 19:05:00-04:00,27783.75,27807.0,27745.25,27747.75,1603,0.0,0.0
2026-07-28 19:10:00-04:00,27747.0,27857.75,27740.0,27842.75,1910,0.0,0.0
2026-07-28 19:15:00-04:00,27842.5,27845.25,27814.5,27824.0,985,0.0,0.0
2026-07-28 19:20:00-04:00,27826.5,27885.25,27809.25,27874.0,1476,0.0,0.0
2026-07-28 19:25:00-04:00,27875.25,27890.5,27864.0,27889.25,697,0.0,0.0
2026-07-28 19:30:00-04:00,27888.5,27921.5,27884.5,27903.0,1005,0.0,0.0
2026-07-28 19:35:00-04:00,27901.0,27910.5,27889.75,27895.25,666,0.0,0.0
2026-07-28 19:40:00-04:00,27895.0,28025.0,27890.0,28014.0,1878,0.0,0.0
2026-07-28 19:45:00-04:00,28012.25,28072.25,27989.75,28061.25,2388,0.0,0.0
2026-07-28 19:50:00-04:00,28061.25,28096.5,28046.0,28081.25,2286,0.0,0.0
2026-07-28 19:55:00-04:00,28079.0,28104.5,28067.75,28102.5,1638,0.0,0.0
2026-07-28 20:00:00-04:00,28102.75,28178.25,28077.25,28143.75,3014,0.0,0.0
2026-07-28 20:05:00-04:00,28143.75,28168.5,28130.25,28140.25,1324,0.0,0.0
2026-07-28 20:10:00-04:00,28140.0,28161.25,28129.5,28141.25,1022,0.0,0.0
2026-07-28 20:15:00-04:00,28139.75,28152.25,28109.75,28144.0,1008,0.0,0.0
2026-07-28 20:20:00-04:00,28142.0,28161.5,28091.25,28099.0,1602,0.0,0.0
2026-07-28 20:25:00-04:00,28098.75,28098.75,28052.0,28077.75,1510,0.0,0.0
2026-07-28 20:30:00-04:00,28073.75,28080.0,28018.0,28038.75,1284,0.0,0.0
2026-07-28 20:35:00-04:00,28036.75,28079.0,28032.0,28060.75,1055,0.0,0.0
2026-07-28 20:40:00-04:00,28059.25,28075.0,28031.75,28068.75,740,0.0,0.0
2026-07-28 20:45:00-04:00,28068.0,28085.0,28037.25,28046.5,703,0.0,0.0
2026-07-28 20:50:00-04:00,28042.5,28062.25,28029.5,28058.0,525,0.0,0.0
2026-07-28 20:55:00-04:00,28059.25,28059.25,28000.25,28013.25,807,0.0,0.0
2026-07-28 21:00:00-04:00,28011.75,28041.25,28003.25,28022.75,752,0.0,0.0
2026-07-28 21:05:00-04:00,28020.75,28025.25,27973.25,27976.25,713,0.0,0.0
2026-07-28 21:10:00-04:00,27976.75,27980.0,27911.5,27922.0,1637,0.0,0.0
2026-07-28 21:15:00-04:00,27920.25,27942.75,27896.25,27928.5,1478,0.0,0.0
2026-07-28 21:20:00-04:00,27929.5,27988.5,27929.5,27980.5,1257,0.0,0.0
2026-07-28 21:25:00-04:00,27981.25,28007.0,27970.5,27971.75,1007,0.0,0.0
2026-07-28 21:30:00-04:00,27972.0,27982.25,27945.25,27964.5,969,0.0,0.0
2026-07-28 21:35:00-04:00,27963.5,27969.25,27932.25,27942.75,605,0.0,0.0
2026-07-28 21:40:00-04:00,27943.75,27943.75,27878.0,27880.0,1285,0.0,0.0
2026-07-28 21:45:00-04:00,27879.5,27892.0,27851.75,27860.5,1213,0.0,0.0
2026-07-28 21:50:00-04:00,27860.5,27870.0,27809.0,27816.75,1577,0.0,0.0
2026-07-28 21:55:00-04:00,27817.5,27824.5,27784.0,27785.25,1395,0.0,0.0
2026-07-28 22:00:00-04:00,27785.0,27824.5,27770.25,27808.5,1699,0.0,0.0
2026-07-28 22:05:00-04:00,27809.5,27849.0,27794.5,27843.25,1867,0.0,0.0
2026-07-28 22:10:00-04:00,27836.25,27868.0,27834.75,27845.25,998,0.0,0.0
2026-07-28 22:15:00-04:00,27842.75,27847.0,27796.0,27810.5,942,0.0,0.0
2026-07-28 22:20:00-04:00,27812.0,27869.75,27811.75,27846.0,1113,0.0,0.0
2026-07-28 22:25:00-04:00,27842.75,27896.5,27837.5,27896.5,721,0.0,0.0
2026-07-28 22:30:00-04:00,27894.5,27912.75,27870.0,27884.0,963,0.0,0.0
2026-07-28 22:35:00-04:00,27881.25,27893.0,27858.25,27892.5,805,0.0,0.0
2026-07-28 22:40:00-04:00,27893.0,27905.75,27878.75,27887.75,498,0.0,0.0
2026-07-28 22:45:00-04:00,27887.75,27891.0,27850.5,27852.5,475,0.0,0.0
2026-07-28 22:50:00-04:00,27854.0,27869.25,27832.75,27845.5,849,0.0,0.0
2026-07-28 22:55:00-04:00,27846.5,27849.75,27823.0,27839.5,473,0.0,0.0
2026-07-28 23:00:00-04:00,27839.0,27840.0,27788.0,27796.25,1159,0.0,0.0
2026-07-28 23:05:00-04:00,27796.75,27872.25,27794.0,27867.5,950,0.0,0.0
2026-07-28 23:10:00-04:00,27868.0,27882.5,27825.0,27828.5,878,0.0,0.0
2026-07-28 23:15:00-04:00,27831.0,27835.5,27807.0,27814.5,452,0.0,0.0
2026-07-28 23:20:00-04:00,27814.25,27839.75,27795.0,27801.25,551,0.0,0.0
2026-07-28 23:25:00-04:00,27801.0,27804.25,27775.5,27777.75,630,0.0,0.0
2026-07-28 23:30:00-04:00,27776.75,27784.0,27746.0,27782.5,1315,0.0,0.0
2026-07-28 23:35:00-04:00,27783.0,27792.5,27752.75,27755.5,596,0.0,0.0
2026-07-28 23:40:00-04:00,27756.75,27773.25,27742.25,27772.75,686,0.0,0.0
2026-07-28 23:45:00-04:00,27773.5,27786.0,27751.0,27752.0,591,0.0,0.0
2026-07-28 23:50:00-04:00,27750.25,27756.5,27704.25,27717.25,1330,0.0,0.0
2026-07-28 23:55:00-04:00,27717.25,27720.0,27702.0,27718.0,548,0.0,0.0
2026-07-29 00:05:00-04:00,27700.0,27715.25,27699.75,27714.5,1809,0.0,0.0
2026-07-29 00:10:00-04:00,27712.0,27715.25,27676.75,27691.5,805,0.0,0.0
2026-07-29 00:15:00-04:00,27691.5,27694.75,27648.0,27674.25,1244,0.0,0.0
2026-07-29 00:20:00-04:00,27676.75,27705.25,27654.25,27698.5,987,0.0,0.0
2026-07-29 00:25:00-04:00,27699.0,27715.75,27671.5,27684.75,676,0.0,0.0
2026-07-29 00:30:00-04:00,27682.25,27697.0,27661.75,27678.5,639,0.0,0.0
2026-07-29 00:35:00-04:00,27677.0,27720.0,27675.75,27695.25,625,0.0,0.0
2026-07-29 00:40:00-04:00,27697.5,27697.5,27648.75,27649.75,788,0.0,0.0
2026-07-29 00:45:00-04:00,27651.25,27681.75,27640.0,27667.0,818,0.0,0.0
2026-07-29 00:50:00-04:00,27668.5,27732.75,27667.25,27730.5,1040,0.0,0.0
2026-07-29 00:55:00-04:00,27728.0,27759.0,27725.5,27756.0,902,0.0,0.0
2026-07-29 01:00:00-04:00,27758.75,27788.75,27735.75,27772.75,944,0.0,0.0
2026-07-29 01:05:00-04:00,27772.5,27822.0,27748.75,27812.0,1465,0.0,0.0
2026-07-29 01:10:00-04:00,27813.25,27834.75,27804.75,27832.5,739,0.0,0.0
2026-07-29 01:15:00-04:00,27833.75,27834.25,27775.0,27784.5,1044,0.0,0.0
2026-07-29 01:20:00-04:00,27786.0,27810.0,27773.25,27810.0,666,0.0,0.0
2026-07-29 01:25:00-04:00,27810.25,27828.75,27804.5,27815.25,669,0.0,0.0
2026-07-29 01:30:00-04:00,27815.25,27826.5,27787.0,27823.5,786,0.0,0.0
2026-07-29 01:35:00-04:00,27823.0,27847.5,27818.75,27845.75,854,0.0,0.0
2026-07-29 01:40:00-04:00,27843.0,27852.75,27813.5,27826.75,1037,0.0,0.0
2026-07-29 01:45:00-04:00,27828.0,27841.75,27815.0,27824.5,554,0.0,0.0
2026-07-29 01:50:00-04:00,27821.5,27837.5,27804.75,27830.25,595,0.0,0.0
2026-07-29 01:55:00-04:00,27829.25,27833.5,27790.0,27794.0,570,0.0,0.0
2026-07-29 02:00:00-04:00,27794.0,27797.25,27745.0,27747.0,955,0.0,0.0
2026-07-29 02:05:00-04:00,27747.5,27756.25,27738.0,27745.0,551,0.0,0.0
2026-07-29 02:10:00-04:00,27745.0,27768.25,27736.25,27764.5,661,0.0,0.0
2026-07-29 02:15:00-04:00,27766.5,27791.75,27756.25,27774.75,760,0.0,0.0
2026-07-29 02:20:00-04:00,27773.5,27790.5,27755.25,27781.0,518,0.0,0.0
2026-07-29 02:25:00-04:00,27780.5,27811.25,27778.5,27811.0,986,0.0,0.0
2026-07-29 02:30:00-04:00,27811.5,27871.5,27811.5,27867.0,1359,0.0,0.0
2026-07-29 02:35:00-04:00,27868.75,27901.5,27865.0,27887.0,968,0.0,0.0
2026-07-29 02:40:00-04:00,27889.25,27913.5,27888.25,27910.25,743,0.0,0.0
2026-07-29 02:45:00-04:00,27907.5,27923.0,27895.0,27918.0,798,0.0,0.0
2026-07-29 02:50:00-04:00,27916.25,27935.0,27915.25,27928.0,589,0.0,0.0
2026-07-29 02:55:00-04:00,27928.5,27942.25,27926.75,27928.75,908,0.0,0.0
2026-07-29 03:00:00-04:00,27928.75,27945.5,27895.75,27907.5,1149,0.0,0.0
2026-07-29 03:05:00-04:00,27907.75,27928.5,27900.0,27927.75,552,0.0,0.0
2026-07-29 03:10:00-04:00,27928.25,27943.5,27919.75,27923.0,747,0.0,0.0
2026-07-29 03:15:00-04:00,27923.0,27953.0,27919.5,27931.25,883,0.0,0.0
2026-07-29 03:20:00-04:00,27931.0,27944.25,27905.75,27914.75,591,0.0,0.0
2026-07-29 03:25:00-04:00,27912.5,27949.75,27910.0,27946.25,682,0.0,0.0
2026-07-29 03:30:00-04:00,27945.75,27962.0,27936.0,27940.75,829,0.0,0.0
2026-07-29 03:35:00-04:00,27940.75,27962.75,27934.0,27941.0,470,0.0,0.0
2026-07-29 03:40:00-04:00,27938.0,27948.75,27920.25,27920.25,527,0.0,0.0
2026-07-29 03:45:00-04:00,27922.0,27923.25,27906.25,27906.75,528,0.0,0.0
2026-07-29 03:50:00-04:00,27906.0,27910.0,27892.75,27894.75,501,0.0,0.0
2026-07-29 03:55:00-04:00,27894.0,27922.0,27891.25,27906.0,489,0.0,0.0
2026-07-29 04:00:00-04:00,27906.25,27924.75,27893.25,27906.75,1030,0.0,0.0
2026-07-29 04:05:00-04:00,27904.25,27911.25,27881.75,27891.75,686,0.0,0.0
2026-07-29 04:10:00-04:00,27893.25,27902.5,27857.5,27861.0,752,0.0,0.0
2026-07-29 04:15:00-04:00,27870.5,27870.5,27864.75,27867.5,639,0.0,0.0
2026-07-29 04:20:00-04:00,27866.25,27870.0,27828.5,27831.75,637,0.0,0.0
2026-07-29 04:25:00-04:00,27830.5,27842.5,27820.0,27841.5,769,0.0,0.0
2026-07-29 04:30:00-04:00,27842.0,27908.25,27830.75,27898.25,1001,0.0,0.0
2026-07-29 04:35:00-04:00,27897.0,27907.75,27884.75,27886.5,482,0.0,0.0
2026-07-29 04:40:00-04:00,27887.5,27930.5,27879.75,27923.25,549,0.0,0.0
2026-07-29 04:45:00-04:00,27924.5,27939.25,27913.0,27931.75,815,0.0,0.0
2026-07-29 04:50:00-04:00,27930.5,27938.5,27899.0,27905.5,437,0.0,0.0
2026-07-29 04:55:00-04:00,27908.25,27913.0,27896.0,27904.0,186,0.0,0.0
2026-07-29 05:00:00-04:00,27904.5,27946.0,27901.0,27936.0,489,0.0,0.0
2026-07-29 05:05:00-04:00,27937.5,27967.5,27931.5,27960.75,848,0.0,0.0
2026-07-29 05:10:00-04:00,27959.75,27978.5,27951.0,27978.0,774,0.0,0.0
2026-07-29 05:15:00-04:00,27977.25,27979.5,27951.5,27962.25,657,0.0,0.0
2026-07-29 05:20:00-04:00,27964.5,27986.0,27955.75,27972.0,705,0.0,0.0
2026-07-29 05:25:00-04:00,27971.75,27985.0,27965.25,27977.5,438,0.0,0.0
2026-07-29 05:30:00-04:00,27976.5,27980.25,27957.75,27972.25,432,0.0,0.0
2026-07-29 05:35:00-04:00,27971.75,27998.0,27963.5,27978.0,571,0.0,0.0
2026-07-29 05:40:00-04:00,27979.25,28012.5,27979.0,27999.75,521,0.0,0.0
2026-07-29 05:45:00-04:00,28002.25,28038.25,27999.0,28036.0,913,0.0,0.0
2026-07-29 05:50:00-04:00,28035.75,28060.0,28033.5,28034.0,1288,0.0,0.0
2026-07-29 05:55:00-04:00,28032.0,28032.0,28007.5,28019.75,900,0.0,0.0
2026-07-29 06:00:00-04:00,28018.25,28031.75,28007.75,28025.0,493,0.0,0.0
2026-07-29 06:05:00-04:00,28024.25,28046.0,28006.0,28022.75,880,0.0,0.0
2026-07-29 06:10:00-04:00,28021.5,28030.0,28003.75,28010.25,473,0.0,0.0
2026-07-29 06:15:00-04:00,28010.75,28024.5,28001.75,28013.5,579,0.0,0.0
2026-07-29 06:20:00-04:00,28013.5,28020.0,28005.0,28008.75,530,0.0,0.0
2026-07-29 06:25:00-04:00,28007.0,28018.25,27986.25,28017.25,840,0.0,0.0
2026-07-29 06:30:00-04:00,28017.5,28023.0,27977.75,27980.75,695,0.0,0.0
2026-07-29 06:35:00-04:00,27979.25,27981.25,27953.25,27962.5,664,0.0,0.0
2026-07-29 06:40:00-04:00,27963.25,27983.5,27956.75,27968.25,494,0.0,0.0
2026-07-29 06:45:00-04:00,27968.0,27968.5,27949.5,27958.5,691,0.0,0.0
2026-07-29 06:50:00-04:00,27959.25,27970.25,27931.5,27942.5,771,0.0,0.0
2026-07-29 06:55:00-04:00,27941.25,27958.25,27936.75,27948.0,715,0.0,0.0
2026-07-29 07:00:00-04:00,27950.25,27982.25,27942.0,27963.75,999,0.0,0.0
2026-07-29 07:05:00-04:00,27963.5,27991.5,27934.5,27988.5,734,0.0,0.0
2026-07-29 07:10:00-04:00,27989.25,28003.75,27986.25,27992.25,706,0.0,0.0
2026-07-29 07:15:00-04:00,27991.25,28018.25,27983.25,28007.5,897,0.0,0.0
2026-07-29 07:20:00-04:00,28006.25,28023.75,28002.5,28002.5,657,0.0,0.0
2026-07-29 07:25:00-04:00,28003.25,28022.25,27996.0,28000.75,552,0.0,0.0
2026-07-29 07:30:00-04:00,27999.25,28008.0,27976.25,27982.5,749,0.0,0.0
2026-07-29 07:35:00-04:00,27980.5,27983.5,27959.5,27967.0,512,0.0,0.0
2026-07-29 07:40:00-04:00,27966.0,27979.75,27963.0,27965.75,491,0.0,0.0
2026-07-29 07:45:00-04:00,27965.25,27995.75,27957.5,27988.0,891,0.0,0.0
2026-07-29 07:50:00-04:00,27986.75,27987.75,27959.0,27960.5,570,0.0,0.0
2026-07-29 07:55:00-04:00,27958.5,28004.25,27956.75,28002.75,629,0.0,0.0
2026-07-29 08:00:00-04:00,28002.0,28004.25,27977.5,27984.0,602,0.0,0.0
2026-07-29 08:05:00-04:00,27984.0,28007.75,27953.25,27960.0,787,0.0,0.0
2026-07-29 08:10:00-04:00,27960.5,27978.5,27933.75,27940.0,1044,0.0,0.0
2026-07-29 08:15:00-04:00,27940.0,27947.5,27868.25,27886.5,2980,0.0,0.0
2026-07-29 08:20:00-04:00,27888.75,27901.25,27852.75,27868.75,1618,0.0,0.0
2026-07-29 08:25:00-04:00,27868.75,27903.75,27867.25,27867.25,828,0.0,0.0
2026-07-29 08:30:00-04:00,27867.0,27888.25,27844.25,27888.25,1276,0.0,0.0
2026-07-29 08:35:00-04:00,27887.0,27892.25,27870.25,27888.75,836,0.0,0.0
2026-07-29 08:40:00-04:00,27886.75,27918.5,27880.0,27911.75,885,0.0,0.0
2026-07-29 08:45:00-04:00,27912.0,27928.0,27905.5,27925.25,893,0.0,0.0
2026-07-29 08:50:00-04:00,27924.25,27931.0,27910.5,27926.5,1005,0.0,0.0
2026-07-29 08:55:00-04:00,27926.5,27933.25,27903.5,27907.75,777,0.0,0.0
2026-07-29 09:00:00-04:00,27909.0,27917.0,27878.5,27881.5,1444,0.0,0.0
2026-07-29 09:05:00-04:00,27880.5,27895.75,27870.75,27893.75,1164,0.0,0.0
2026-07-29 09:10:00-04:00,27892.5,27895.0,27869.5,27872.75,991,0.0,0.0
2026-07-29 09:15:00-04:00,27872.0,27886.5,27861.75,27869.25,1182,0.0,0.0
2026-07-29 09:20:00-04:00,27868.5,27896.75,27856.0,27894.25,1982,0.0,0.0
2026-07-29 09:25:00-04:00,27895.25,27942.5,27881.5,27914.0,3329,0.0,0.0
2026-07-29 09:30:00-04:00,27914.5,27983.75,27836.5,27957.25,16474,0.0,0.0
2026-07-29 09:35:00-04:00,27956.75,27996.0,27863.0,27886.75,10998,0.0,0.0
2026-07-29 09:40:00-04:00,27887.0,27919.25,27858.0,27916.5,7990,0.0,0.0
2026-07-29 09:45:00-04:00,27916.25,27948.0,27816.0,27850.5,9535,0.0,0.0
2026-07-29 09:50:00-04:00,27849.75,27855.75,27721.75,27753.5,10876,0.0,0.0
2026-07-29 09:55:00-04:00,27752.75,27752.75,27667.75,27733.75,10691,0.0,0.0
2026-07-29 10:00:00-04:00,27735.25,27790.0,27733.5,27786.75,11928,0.0,0.0
2026-07-29 10:05:00-04:00,27787.75,27826.5,27717.25,27726.5,9714,0.0,0.0
2026-07-29 10:10:00-04:00,27726.5,27747.5,27635.75,27648.0,10663,0.0,0.0
2026-07-29 10:15:00-04:00,27648.75,27690.0,27643.5,27663.25,9323,0.0,0.0
2026-07-29 10:20:00-04:00,27663.5,27695.75,27605.5,27620.0,7963,0.0,0.0
2026-07-29 10:25:00-04:00,27620.0,27623.0,27538.75,27573.25,11028,0.0,0.0
2026-07-29 10:30:00-04:00,27571.0,27652.25,27567.0,27622.0,8868,0.0,0.0
2026-07-29 10:35:00-04:00,27622.25,27624.5,27554.5,27564.0,7286,0.0,0.0
2026-07-29 10:40:00-04:00,27562.75,27572.25,27510.0,27537.75,9022,0.0,0.0
2026-07-29 10:45:00-04:00,27537.0,27575.25,27518.25,27565.75,7420,0.0,0.0
2026-07-29 10:50:00-04:00,27566.0,27615.75,27557.25,27599.25,7655,0.0,0.0
2026-07-29 10:55:00-04:00,27599.0,27614.75,27551.25,27600.0,6586,0.0,0.0
2026-07-29 11:00:00-04:00,27600.5,27647.25,27581.0,27638.25,8414,0.0,0.0
2026-07-29 11:05:00-04:00,27638.25,27657.5,27590.5,27644.25,8115,0.0,0.0
2026-07-29 11:10:00-04:00,27644.25,27650.25,27565.75,27577.75,6610,0.0,0.0
2026-07-29 11:15:00-04:00,27577.5,27625.0,27558.0,27562.25,6235,0.0,0.0
2026-07-29 11:20:00-04:00,27563.5,27605.0,27547.0,27602.75,5520,0.0,0.0
2026-07-29 11:25:00-04:00,27601.5,27617.5,27550.25,27555.75,4732,0.0,0.0
2026-07-29 11:30:00-04:00,27556.25,27584.5,27540.0,27559.25,4802,0.0,0.0
2026-07-29 11:35:00-04:00,27559.5,27596.75,27534.0,27535.25,4353,0.0,0.0
2026-07-29 11:40:00-04:00,27534.5,27558.25,27518.0,27535.25,3912,0.0,0.0
2026-07-29 11:45:00-04:00,27533.75,27565.75,27519.0,27558.5,3788,0.0,0.0
2026-07-29 11:50:00-04:00,27557.75,27566.5,27487.5,27492.25,5394,0.0,0.0
2026-07-29 11:55:00-04:00,27493.5,27521.5,27464.5,27517.0,5886,0.0,0.0
2026-07-29 12:00:00-04:00,27518.25,27542.0,27454.75,27459.25,6151,0.0,0.0
2026-07-29 12:05:00-04:00,27459.5,27463.75,27426.0,27462.0,5919,0.0,0.0
2026-07-29 12:10:00-04:00,27461.75,27466.75,27419.5,27419.75,3230,0.0,0.0
2026-07-29 12:15:00-04:00,27420.25,27451.5,27409.25,27446.25,4638,0.0,0.0
2026-07-29 12:20:00-04:00,27446.25,27528.0,27437.25,27515.5,5680,0.0,0.0
2026-07-29 12:25:00-04:00,27516.25,27556.5,27513.5,27551.0,4617,0.0,0.0
2026-07-29 12:30:00-04:00,27551.25,27586.0,27525.0,27525.75,5598,0.0,0.0
2026-07-29 12:35:00-04:00,27525.25,27533.0,27495.5,27527.75,4842,0.0,0.0
2026-07-29 12:40:00-04:00,27527.25,27539.25,27485.25,27504.0,3704,0.0,0.0
2026-07-29 12:45:00-04:00,27502.5,27554.5,27489.5,27553.0,4086,0.0,0.0
2026-07-29 12:50:00-04:00,27552.0,27575.5,27533.5,27563.0,4059,0.0,0.0
2026-07-29 12:55:00-04:00,27561.5,27603.5,27556.0,27603.25,4342,0.0,0.0
2026-07-29 13:00:00-04:00,27603.75,27665.0,27595.25,27661.0,5432,0.0,0.0
2026-07-29 13:05:00-04:00,27659.75,27662.0,27634.25,27652.75,4254,0.0,0.0
2026-07-29 13:10:00-04:00,27652.25,27737.25,27648.25,27736.5,5825,0.0,0.0
2026-07-29 13:15:00-04:00,27736.5,27739.75,27709.0,27715.5,4699,0.0,0.0
2026-07-29 13:20:00-04:00,27714.25,27750.0,27691.75,27694.25,5000,0.0,0.0
2026-07-29 13:25:00-04:00,27693.75,27702.5,27651.0,27651.0,4071,0.0,0.0
2026-07-29 13:30:00-04:00,27650.75,27695.0,27629.5,27673.5,4495,0.0,0.0
2026-07-29 13:35:00-04:00,27673.75,27679.75,27638.5,27658.75,2545,0.0,0.0
2026-07-29 13:40:00-04:00,27658.25,27690.5,27651.25,27681.0,3595,0.0,0.0
2026-07-29 13:45:00-04:00,27681.25,27698.0,27656.0,27695.0,2200,0.0,0.0
2026-07-29 13:50:00-04:00,27696.0,27727.75,27694.5,27711.75,2864,0.0,0.0
2026-07-29 13:55:00-04:00,27711.5,27726.75,27677.75,27721.75,3422,0.0,0.0
2026-07-29 14:00:00-04:00,27723.0,27888.5,27714.75,27802.0,14811,0.0,0.0
2026-07-29 14:05:00-04:00,27801.25,27886.25,27789.0,27855.25,9798,0.0,0.0
2026-07-29 14:10:00-04:00,27853.5,27872.25,27775.0,27798.5,7234,0.0,0.0
2026-07-29 14:15:00-04:00,27800.0,27843.5,27748.75,27764.5,6749,0.0,0.0
2026-07-29 14:20:00-04:00,27764.5,27775.0,27728.5,27749.0,5983,0.0,0.0
2026-07-29 14:25:00-04:00,27747.75,27777.25,27727.5,27776.5,4304,0.0,0.0
2026-07-29 14:30:00-04:00,27777.0,27820.0,27709.0,27756.0,8015,0.0,0.0
2026-07-29 14:35:00-04:00,27755.75,27888.5,27726.0,27867.75,7961,0.0,0.0
2026-07-29 14:40:00-04:00,27868.75,27987.5,27865.0,27975.5,10603,0.0,0.0
2026-07-29 14:45:00-04:00,27974.5,28053.25,27961.25,28043.25,9506,0.0,0.0
2026-07-29 14:50:00-04:00,28044.0,28087.5,28000.5,28086.0,6817,0.0,0.0
2026-07-29 14:55:00-04:00,28086.0,28096.75,28021.0,28056.75,7795,0.0,0.0
2026-07-29 15:00:00-04:00,28057.5,28099.5,27967.0,27993.75,9456,0.0,0.0
2026-07-29 15:05:00-04:00,27992.5,27999.25,27877.0,27879.0,9240,0.0,0.0
2026-07-29 15:10:00-04:00,27878.0,27928.5,27839.5,27905.0,9378,0.0,0.0
2026-07-29 15:15:00-04:00,27905.0,27938.0,27805.75,27821.75,8276,0.0,0.0
2026-07-29 15:20:00-04:00,27821.5,27828.25,27680.0,27712.25,11404,0.0,0.0
2026-07-29 15:25:00-04:00,27710.5,27724.25,27640.75,27712.25,9854,0.0,0.0
2026-07-29 15:30:00-04:00,27711.25,27744.0,27572.0,27610.25,10010,0.0,0.0
2026-07-29 15:35:00-04:00,27610.5,27630.75,27503.5,27509.25,10034,0.0,0.0
2026-07-29 15:40:00-04:00,27507.75,27542.0,27458.75,27473.5,11302,0.0,0.0
2026-07-29 15:45:00-04:00,27473.25,27512.25,27421.0,27500.75,11247,0.0,0.0
2026-07-29 15:50:00-04:00,27499.75,27500.5,27394.0,27435.25,11609,0.0,0.0
2026-07-29 15:55:00-04:00,27434.0,27434.0,27317.5,27336.75,21867,0.0,0.0
2026-07-29 16:00:00-04:00,27338.25,27362.25,27201.5,27253.75,16300,0.0,0.0
2026-07-29 16:05:00-04:00,27254.0,27364.0,27254.0,27255.0,6918,0.0,0.0
2026-07-29 16:10:00-04:00,27257.5,27331.75,27231.75,27300.5,4890,0.0,0.0
2026-07-29 16:15:00-04:00,27300.0,27338.75,27270.0,27282.25,3001,0.0,0.0
2026-07-29 16:20:00-04:00,27278.5,27306.0,27257.0,27265.75,1331,0.0,0.0
2026-07-29 16:25:00-04:00,27266.0,27283.25,27209.5,27242.25,2280,0.0,0.0
2026-07-29 16:30:00-04:00,27244.0,27278.75,27207.0,27274.25,1598,0.0,0.0
2026-07-29 16:35:00-04:00,27271.25,27331.25,27266.25,27327.25,1843,0.0,0.0
2026-07-29 16:40:00-04:00,27328.5,27330.0,27285.75,27312.0,1421,0.0,0.0
2026-07-29 16:45:00-04:00,27312.25,27322.25,27273.75,27275.0,991,0.0,0.0
2026-07-29 16:50:00-04:00,27273.0,27308.75,27267.0,27308.0,976,0.0,0.0
2026-07-29 16:55:00-04:00,27309.0,27312.0,27256.5,27259.25,860,0.0,0.0
2026-07-29 18:00:00-04:00,27202.0,27354.75,27202.0,27352.25,0,0.0,0.0
2026-07-29 18:05:00-04:00,27352.5,27449.0,27349.5,27439.5,2644,0.0,0.0
2026-07-29 18:10:00-04:00,27440.5,27489.5,27429.75,27434.75,3066,0.0,0.0
2026-07-29 18:15:00-04:00,27437.25,27484.0,27430.25,27477.0,1693,0.0,0.0
2026-07-29 18:20:00-04:00,27476.5,27478.5,27433.0,27435.25,980,0.0,0.0
2026-07-29 18:25:00-04:00,27438.25,27446.0,27395.5,27435.0,1559,0.0,0.0
2026-07-29 18:30:00-04:00,27435.75,27443.0,27412.0,27432.25,899,0.0,0.0
2026-07-29 18:35:00-04:00,27433.0,27465.5,27428.75,27446.5,896,0.0,0.0
2026-07-29 18:40:00-04:00,27445.5,27462.0,27433.25,27459.75,649,0.0,0.0
2026-07-29 18:45:00-04:00,27460.0,27479.5,27440.0,27443.0,827,0.0,0.0
2026-07-29 18:50:00-04:00,27441.5,27461.75,27418.75,27436.5,1005,0.0,0.0
2026-07-29 18:55:00-04:00,27432.75,27453.0,27425.0,27451.5,476,0.0,0.0
2026-07-29 19:00:00-04:00,27449.5,27485.0,27446.25,27479.0,828,0.0,0.0
2026-07-29 19:05:00-04:00,27477.75,27524.25,27468.75,27506.25,1439,0.0,0.0
2026-07-29 19:10:00-04:00,27507.25,27507.75,27456.5,27476.5,1376,0.0,0.0
2026-07-29 19:15:00-04:00,27482.25,27513.75,27469.25,27511.25,1034,0.0,0.0
2026-07-29 19:20:00-04:00,27510.5,27526.25,27497.25,27513.0,875,0.0,0.0
2026-07-29 19:25:00-04:00,27513.0,27541.0,27509.75,27532.75,864,0.0,0.0
2026-07-29 19:30:00-04:00,27534.25,27559.25,27534.25,27540.5,936,0.0,0.0
2026-07-29 19:35:00-04:00,27540.75,27556.25,27528.5,27535.75,760,0.0,0.0
2026-07-29 19:40:00-04:00,27535.5,27535.75,27500.0,27523.75,916,0.0,0.0
2026-07-29 19:45:00-04:00,27520.0,27555.5,27508.75,27513.5,1555,0.0,0.0
2026-07-29 19:50:00-04:00,27514.25,27541.0,27495.25,27538.0,1230,0.0,0.0
2026-07-29 19:55:00-04:00,27538.25,27550.0,27519.25,27520.75,783,0.0,0.0
2026-07-29 20:00:00-04:00,27521.75,27543.0,27472.25,27504.5,1934,0.0,0.0
2026-07-29 20:05:00-04:00,27507.0,27591.75,27497.5,27583.5,2245,0.0,0.0
2026-07-29 20:10:00-04:00,27582.0,27608.0,27569.25,27578.75,1286,0.0,0.0
2026-07-29 20:15:00-04:00,27579.0,27602.5,27559.0,27572.0,1569,0.0,0.0
2026-07-29 20:20:00-04:00,27572.5,27591.5,27550.5,27571.0,1077,0.0,0.0
2026-07-29 20:25:00-04:00,27569.25,27602.75,27566.5,27593.5,1074,0.0,0.0
2026-07-29 20:30:00-04:00,27594.75,27611.0,27554.75,27560.25,1141,0.0,0.0
2026-07-29 20:35:00-04:00,27555.75,27559.5,27527.0,27534.0,1162,0.0,0.0
2026-07-29 20:40:00-04:00,27534.5,27544.75,27489.75,27506.25,1399,0.0,0.0
2026-07-29 20:45:00-04:00,27505.75,27545.25,27490.25,27526.75,1544,0.0,0.0
2026-07-29 20:50:00-04:00,27527.25,27548.75,27504.25,27538.5,1054,0.0,0.0
2026-07-29 20:55:00-04:00,27537.75,27548.5,27510.25,27547.25,843,0.0,0.0
2026-07-29 21:00:00-04:00,27547.25,27590.5,27535.25,27590.5,1591,0.0,0.0
2026-07-29 21:05:00-04:00,27590.5,27664.25,27579.25,27600.0,2333,0.0,0.0
2026-07-29 21:10:00-04:00,27600.0,27615.5,27565.75,27570.75,1252,0.0,0.0
2026-07-29 21:15:00-04:00,27569.5,27605.75,27565.0,27591.75,891,0.0,0.0
2026-07-29 21:20:00-04:00,27593.0,27619.25,27582.0,27617.75,739,0.0,0.0
2026-07-29 21:25:00-04:00,27614.5,27648.0,27613.5,27637.75,798,0.0,0.0
2026-07-29 21:30:00-04:00,27637.75,27682.25,27635.25,27670.5,1180,0.0,0.0
2026-07-29 21:35:00-04:00,27669.25,27690.5,27661.75,27681.5,1088,0.0,0.0
2026-07-29 21:40:00-04:00,27680.75,27694.5,27667.5,27678.0,921,0.0,0.0
2026-07-29 21:45:00-04:00,27677.5,27696.75,27663.75,27681.5,1102,0.0,0.0
2026-07-29 21:50:00-04:00,27682.25,27687.75,27652.5,27670.5,708,0.0,0.0
2026-07-29 21:55:00-04:00,27670.25,27688.0,27648.25,27653.0,750,0.0,0.0
2026-07-29 22:00:00-04:00,27652.0,27687.5,27639.25,27641.75,1060,0.0,0.0
2026-07-29 22:05:00-04:00,27640.5,27661.0,27633.0,27647.25,770,0.0,0.0
2026-07-29 22:10:00-04:00,27650.0,27673.25,27629.25,27636.0,917,0.0,0.0
2026-07-29 22:15:00-04:00,27636.0,27637.5,27618.0,27623.75,659,0.0,0.0
2026-07-29 22:20:00-04:00,27623.5,27649.75,27619.5,27635.75,594,0.0,0.0
2026-07-29 22:25:00-04:00,27635.5,27653.25,27603.25,27610.5,692,0.0,0.0
2026-07-29 22:30:00-04:00,27613.25,27613.25,27585.25,27587.25,834,0.0,0.0
2026-07-29 22:35:00-04:00,27586.5,27586.5,27565.5,27569.75,944,0.0,0.0
2026-07-29 22:40:00-04:00,27568.5,27612.5,27559.5,27610.0,881,0.0,0.0
2026-07-29 22:45:00-04:00,27610.75,27631.0,27583.75,27596.0,865,0.0,0.0
2026-07-29 22:50:00-04:00,27596.5,27611.5,27578.5,27591.75,552,0.0,0.0
2026-07-29 22:55:00-04:00,27590.5,27604.75,27539.0,27541.75,978,0.0,0.0
2026-07-29 23:00:00-04:00,27542.0,27576.25,27536.25,27559.0,871,0.0,0.0
2026-07-29 23:05:00-04:00,27560.0,27568.25,27517.25,27519.5,637,0.0,0.0
2026-07-29 23:10:00-04:00,27518.75,27521.75,27485.0,27497.0,1092,0.0,0.0
2026-07-29 23:15:00-04:00,27498.75,27506.25,27471.25,27485.25,818,0.0,0.0
2026-07-29 23:20:00-04:00,27485.5,27494.0,27474.0,27494.0,660,0.0,0.0
2026-07-29 23:25:00-04:00,27493.0,27523.25,27487.5,27515.5,894,0.0,0.0
2026-07-29 23:30:00-04:00,27516.5,27549.0,27480.25,27547.0,1149,0.0,0.0
2026-07-29 23:35:00-04:00,27546.75,27556.75,27491.5,27493.5,834,0.0,0.0
2026-07-29 23:40:00-04:00,27492.75,27532.5,27486.75,27532.5,628,0.0,0.0
2026-07-29 23:45:00-04:00,27529.5,27563.5,27517.75,27550.5,591,0.0,0.0
2026-07-29 23:50:00-04:00,27549.75,27562.75,27531.5,27549.25,430,0.0,0.0
2026-07-29 23:55:00-04:00,27551.0,27562.5,27518.25,27521.5,402,0.0,0.0
2026-07-30 00:05:00-04:00,27507.5,27508.5,27488.25,27488.25,1217,0.0,0.0
2026-07-30 00:10:00-04:00,27488.25,27497.5,27481.75,27485.25,414,0.0,0.0
2026-07-30 00:15:00-04:00,27485.0,27487.25,27459.5,27468.0,640,0.0,0.0
2026-07-30 00:20:00-04:00,27472.25,27500.0,27461.75,27490.75,569,0.0,0.0
2026-07-30 00:25:00-04:00,27490.5,27541.75,27488.75,27535.0,744,0.0,0.0
2026-07-30 00:30:00-04:00,27534.0,27543.75,27523.0,27529.75,401,0.0,0.0
2026-07-30 00:35:00-04:00,27528.75,27542.0,27483.5,27492.5,641,0.0,0.0
2026-07-30 00:40:00-04:00,27492.5,27503.5,27461.75,27471.0,594,0.0,0.0
2026-07-30 00:45:00-04:00,27469.25,27512.0,27465.25,27481.0,619,0.0,0.0
2026-07-30 00:50:00-04:00,27483.25,27486.0,27445.0,27458.25,598,0.0,0.0
2026-07-30 00:55:00-04:00,27459.0,27460.25,27434.75,27447.75,463,0.0,0.0
2026-07-30 01:00:00-04:00,27446.25,27452.75,27421.25,27441.5,660,0.0,0.0
2026-07-30 01:05:00-04:00,27441.25,27452.75,27421.5,27432.75,489,0.0,0.0
2026-07-30 01:10:00-04:00,27433.25,27457.25,27421.0,27456.5,437,0.0,0.0
2026-07-30 01:15:00-04:00,27458.25,27492.5,27453.25,27491.0,775,0.0,0.0
2026-07-30 01:20:00-04:00,27492.0,27499.5,27456.75,27481.75,572,0.0,0.0
2026-07-30 01:25:00-04:00,27485.0,27498.5,27462.0,27478.25,458,0.0,0.0
2026-07-30 01:30:00-04:00,27476.5,27510.75,27465.0,27491.75,621,0.0,0.0
2026-07-30 01:35:00-04:00,27493.0,27502.0,27473.0,27486.5,342,0.0,0.0
2026-07-30 01:40:00-04:00,27492.75,27526.5,27486.0,27521.0,567,0.0,0.0
2026-07-30 01:45:00-04:00,27521.75,27546.25,27487.0,27497.0,1094,0.0,0.0
2026-07-30 01:50:00-04:00,27496.0,27500.5,27476.25,27482.25,535,0.0,0.0
2026-07-30 01:55:00-04:00,27481.25,27493.5,27463.5,27487.75,526,0.0,0.0
2026-07-30 02:00:00-04:00,27487.0,27493.0,27470.75,27484.0,509,0.0,0.0
2026-07-30 02:05:00-04:00,27490.0,27507.0,27469.0,27470.5,441,0.0,0.0
2026-07-30 02:10:00-04:00,27471.75,27487.0,27457.0,27468.5,499,0.0,0.0
2026-07-30 02:15:00-04:00,27467.75,27467.75,27447.5,27462.0,548,0.0,0.0
2026-07-30 02:20:00-04:00,27455.5,27481.5,27447.75,27479.75,365,0.0,0.0
2026-07-30 02:25:00-04:00,27480.0,27498.0,27474.0,27479.5,495,0.0,0.0
2026-07-30 02:30:00-04:00,27481.5,27484.5,27448.5,27461.5,479,0.0,0.0
2026-07-30 02:35:00-04:00,27461.0,27473.0,27451.0,27457.25,376,0.0,0.0
2026-07-30 02:40:00-04:00,27457.75,27458.75,27434.75,27436.75,574,0.0,0.0
2026-07-30 02:45:00-04:00,27435.25,27463.0,27431.25,27445.25,578,0.0,0.0
2026-07-30 02:50:00-04:00,27446.25,27451.0,27436.0,27449.0,262,0.0,0.0
2026-07-30 02:55:00-04:00,27451.5,27458.0,27415.0,27434.25,650,0.0,0.0
2026-07-30 03:00:00-04:00,27433.75,27521.75,27416.25,27487.25,2624,0.0,0.0
2026-07-30 03:05:00-04:00,27487.75,27521.0,27450.5,27471.5,1114,0.0,0.0
2026-07-30 03:10:00-04:00,27472.25,27502.0,27456.75,27475.75,737,0.0,0.0
2026-07-30 03:15:00-04:00,27478.75,27482.25,27425.75,27427.5,696,0.0,0.0
2026-07-30 03:20:00-04:00,27428.75,27430.0,27392.75,27429.5,1193,0.0,0.0
2026-07-30 03:25:00-04:00,27429.75,27438.5,27396.5,27408.0,828,0.0,0.0
2026-07-30 03:30:00-04:00,27413.0,27413.0,27376.5,27380.5,866,0.0,0.0
2026-07-30 03:35:00-04:00,27382.75,27420.5,27351.25,27418.75,1318,0.0,0.0
2026-07-30 03:40:00-04:00,27419.75,27447.5,27413.75,27434.0,706,0.0,0.0
2026-07-30 03:45:00-04:00,27431.5,27441.75,27417.0,27423.0,680,0.0,0.0
2026-07-30 03:50:00-04:00,27422.75,27439.75,27408.25,27412.5,652,0.0,0.0
2026-07-30 03:55:00-04:00,27411.5,27419.0,27389.5,27395.25,619,0.0,0.0
2026-07-30 04:00:00-04:00,27394.5,27396.25,27337.5,27372.0,1692,0.0,0.0
2026-07-30 04:05:00-04:00,27372.0,27447.0,27346.75,27444.25,1171,0.0,0.0
2026-07-30 04:10:00-04:00,27444.25,27456.0,27433.0,27437.75,1120,0.0,0.0
2026-07-30 04:15:00-04:00,27437.75,27455.75,27425.75,27444.0,852,0.0,0.0
2026-07-30 04:20:00-04:00,27443.75,27501.25,27443.25,27495.75,1050,0.0,0.0
2026-07-30 04:25:00-04:00,27497.25,27522.5,27485.25,27506.5,1177,0.0,0.0
2026-07-30 04:30:00-04:00,27510.5,27524.75,27502.25,27507.5,607,0.0,0.0
2026-07-30 04:35:00-04:00,27507.5,27527.25,27489.25,27493.5,460,0.0,0.0
2026-07-30 04:40:00-04:00,27492.25,27502.5,27489.0,27493.75,375,0.0,0.0
2026-07-30 04:45:00-04:00,27493.25,27508.75,27478.5,27484.25,424,0.0,0.0
2026-07-30 04:50:00-04:00,27485.0,27487.75,27470.0,27472.75,342,0.0,0.0
2026-07-30 04:55:00-04:00,27474.25,27485.25,27460.5,27485.25,334,0.0,0.0
2026-07-30 05:00:00-04:00,27486.0,27512.5,27469.75,27501.75,454,0.0,0.0
2026-07-30 05:05:00-04:00,27501.5,27511.75,27491.5,27503.75,375,0.0,0.0
2026-07-30 05:10:00-04:00,27503.25,27555.0,27496.75,27534.5,992,0.0,0.0
2026-07-30 05:15:00-04:00,27536.75,27550.5,27525.25,27541.5,941,0.0,0.0
2026-07-30 05:20:00-04:00,27540.25,27574.75,27538.0,27564.25,1009,0.0,0.0
2026-07-30 05:25:00-04:00,27565.75,27570.5,27548.75,27554.5,595,0.0,0.0
2026-07-30 05:30:00-04:00,27553.5,27577.0,27538.5,27576.75,617,0.0,0.0
2026-07-30 05:35:00-04:00,27574.0,27586.0,27552.5,27555.0,625,0.0,0.0
2026-07-30 05:40:00-04:00,27555.75,27558.0,27538.25,27543.5,407,0.0,0.0
2026-07-30 05:45:00-04:00,27544.25,27555.5,27538.5,27552.75,309,0.0,0.0
2026-07-30 05:50:00-04:00,27552.25,27555.75,27540.0,27554.5,396,0.0,0.0
2026-07-30 05:55:00-04:00,27554.5,27554.5,27508.0,27514.75,727,0.0,0.0
2026-07-30 06:00:00-04:00,27515.5,27523.75,27488.25,27506.25,1051,0.0,0.0
2026-07-30 06:05:00-04:00,27506.0,27561.25,27505.5,27554.25,748,0.0,0.0
2026-07-30 06:10:00-04:00,27556.25,27564.5,27534.75,27541.5,724,0.0,0.0
2026-07-30 06:15:00-04:00,27543.25,27600.0,27541.25,27596.0,1003,0.0,0.0
2026-07-30 06:20:00-04:00,27597.25,27616.5,27595.0,27603.25,1012,0.0,0.0
2026-07-30 06:25:00-04:00,27604.0,27627.25,27602.75,27617.75,654,0.0,0.0
2026-07-30 06:30:00-04:00,27616.5,27637.5,27606.5,27611.75,860,0.0,0.0
2026-07-30 06:35:00-04:00,27612.0,27632.5,27610.5,27621.5,779,0.0,0.0
2026-07-30 06:40:00-04:00,27621.5,27648.0,27616.25,27631.0,960,0.0,0.0
2026-07-30 06:45:00-04:00,27631.0,27647.75,27626.5,27631.75,577,0.0,0.0
2026-07-30 06:50:00-04:00,27634.25,27647.25,27614.25,27614.75,764,0.0,0.0
2026-07-30 06:55:00-04:00,27614.75,27626.0,27611.0,27618.5,558,0.0,0.0
2026-07-30 07:00:00-04:00,27619.0,27660.0,27613.0,27658.0,1356,0.0,0.0
2026-07-30 07:05:00-04:00,27658.25,27685.0,27655.25,27679.5,1131,0.0,0.0
2026-07-30 07:10:00-04:00,27678.5,27686.5,27655.25,27665.75,939,0.0,0.0
2026-07-30 07:15:00-04:00,27666.0,27702.5,27661.5,27682.25,1145,0.0,0.0
2026-07-30 07:20:00-04:00,27683.25,27703.5,27671.75,27701.75,718,0.0,0.0
2026-07-30 07:25:00-04:00,27702.0,27730.0,27697.5,27715.0,1247,0.0,0.0
2026-07-30 07:30:00-04:00,27715.5,27717.5,27673.0,27675.75,1524,0.0,0.0
2026-07-30 07:35:00-04:00,27680.25,27727.25,27680.25,27700.0,1253,0.0,0.0
2026-07-30 07:40:00-04:00,27700.0,27723.25,27688.75,27699.75,805,0.0,0.0
2026-07-30 07:45:00-04:00,27700.75,27735.0,27700.5,27729.0,849,0.0,0.0
2026-07-30 07:50:00-04:00,27729.0,27744.0,27720.25,27740.0,928,0.0,0.0
2026-07-30 07:55:00-04:00,27739.5,27745.25,27720.5,27725.0,790,0.0,0.0
2026-07-30 08:00:00-04:00,27723.5,27751.5,27695.75,27745.5,1776,0.0,0.0
2026-07-30 08:05:00-04:00,27746.25,27758.25,27739.5,27755.5,1152,0.0,0.0
2026-07-30 08:10:00-04:00,27756.25,27765.5,27736.0,27763.0,1080,0.0,0.0
2026-07-30 08:15:00-04:00,27763.0,27766.25,27738.25,27742.25,1094,0.0,0.0
2026-07-30 08:20:00-04:00,27742.0,27752.0,27714.0,27746.25,1359,0.0,0.0
2026-07-30 08:25:00-04:00,27747.75,27758.25,27721.75,27740.25,1102,0.0,0.0
2026-07-30 08:30:00-04:00,27740.25,27787.75,27715.25,27743.5,3340,0.0,0.0
2026-07-30 08:35:00-04:00,27743.75,27786.0,27734.25,27783.0,1942,0.0,0.0
2026-07-30 08:40:00-04:00,27783.5,27808.75,27763.75,27777.0,2389,0.0,0.0
2026-07-30 08:45:00-04:00,27777.0,27797.5,27763.0,27791.5,1570,0.0,0.0
2026-07-30 08:50:00-04:00,27793.25,27805.0,27780.5,27799.0,1331,0.0,0.0
2026-07-30 08:55:00-04:00,27798.75,27821.75,27785.0,27805.5,1717,0.0,0.0
2026-07-30 09:00:00-04:00,27807.0,27859.0,27793.0,27848.75,6064,0.0,0.0
2026-07-30 09:05:00-04:00,27849.0,27876.25,27838.75,27841.5,4304,0.0,0.0
2026-07-30 09:10:00-04:00,27841.0,27864.0,27827.25,27840.0,2313,0.0,0.0
2026-07-30 09:15:00-04:00,27840.0,27860.0,27831.25,27851.25,1354,0.0,0.0
2026-07-30 09:20:00-04:00,27851.25,27852.0,27834.75,27842.25,1482,0.0,0.0
2026-07-30 09:25:00-04:00,27843.5,27883.25,27837.0,27874.25,4972,0.0,0.0
2026-07-30 09:30:00-04:00,27875.75,27892.0,27813.25,27871.25,18744,0.0,0.0
2026-07-30 09:35:00-04:00,27871.25,27919.5,27847.5,27889.25,15165,0.0,0.0
2026-07-30 09:40:00-04:00,27887.5,27996.5,27849.75,27976.25,13083,0.0,0.0
2026-07-30 09:45:00-04:00,27976.75,28067.5,27973.25,28064.5,12653,0.0,0.0
2026-07-30 09:50:00-04:00,28064.75,28125.5,28043.25,28102.5,15534,0.0,0.0
2026-07-30 09:55:00-04:00,28103.0,28162.25,28082.25,28151.75,11387,0.0,0.0
2026-07-30 10:00:00-04:00,28150.5,28183.75,28127.75,28160.25,13250,0.0,0.0
2026-07-30 10:05:00-04:00,28159.75,28166.0,28073.25,28086.25,13494,0.0,0.0
2026-07-30 10:10:00-04:00,28085.75,28116.75,28066.75,28107.5,10408,0.0,0.0
2026-07-30 10:15:00-04:00,28107.25,28140.0,28080.25,28113.25,9793,0.0,0.0
2026-07-30 10:20:00-04:00,28113.75,28174.0,28103.0,28163.5,9036,0.0,0.0
2026-07-30 10:25:00-04:00,28164.0,28240.0,28149.75,28226.0,11144,0.0,0.0
2026-07-30 10:30:00-04:00,28226.5,28246.5,28188.5,28234.5,9104,0.0,0.0
2026-07-30 10:35:00-04:00,28234.75,28244.5,28202.5,28219.75,7593,0.0,0.0
2026-07-30 10:40:00-04:00,28221.0,28241.0,28160.25,28175.5,6990,0.0,0.0
2026-07-30 10:45:00-04:00,28175.5,28196.0,28130.5,28165.75,8911,0.0,0.0
2026-07-30 10:50:00-04:00,28166.0,28176.25,28063.0,28068.5,8517,0.0,0.0
2026-07-30 10:55:00-04:00,28068.75,28094.75,28022.5,28070.75,10203,0.0,0.0
2026-07-30 11:00:00-04:00,28071.5,28113.5,28012.75,28104.25,11378,0.0,0.0
2026-07-30 11:05:00-04:00,28105.0,28137.75,28054.75,28134.0,7874,0.0,0.0
2026-07-30 11:10:00-04:00,28134.0,28136.5,28019.0,28023.75,7126,0.0,0.0
2026-07-30 11:15:00-04:00,28024.5,28076.25,28006.25,28047.0,7653,0.0,0.0
2026-07-30 11:20:00-04:00,28047.0,28099.5,28031.5,28050.5,6086,0.0,0.0
2026-07-30 11:25:00-04:00,28050.5,28078.75,27996.25,28010.5,6448,0.0,0.0
2026-07-30 11:30:00-04:00,28010.5,28073.5,28001.0,28072.0,6011,0.0,0.0
2026-07-30 11:35:00-04:00,28074.0,28089.25,28036.5,28071.0,5412,0.0,0.0
2026-07-30 11:40:00-04:00,28072.0,28108.5,28055.0,28089.5,5733,0.0,0.0
2026-07-30 11:45:00-04:00,28090.0,28133.75,28090.0,28113.0,5039,0.0,0.0
2026-07-30 11:50:00-04:00,28113.5,28122.25,28049.25,28107.75,6200,0.0,0.0
2026-07-30 11:55:00-04:00,28108.5,28131.25,28072.0,28079.5,4442,0.0,0.0
2026-07-30 12:00:00-04:00,28078.75,28159.0,28059.0,28150.25,8065,0.0,0.0
2026-07-30 12:05:00-04:00,28150.0,28165.75,28135.75,28145.75,3594,0.0,0.0
2026-07-30 12:10:00-04:00,28144.5,28190.0,28141.25,28186.0,4449,0.0,0.0
2026-07-30 12:15:00-04:00,28185.25,28192.75,28168.5,28171.5,4115,0.0,0.0
2026-07-30 12:20:00-04:00,28171.75,28186.25,28147.5,28156.75,4017,0.0,0.0
2026-07-30 12:25:00-04:00,28156.25,28163.5,28140.5,28144.25,2928,0.0,0.0
2026-07-30 12:30:00-04:00,28144.25,28150.5,28111.75,28119.75,3771,0.0,0.0
2026-07-30 12:35:00-04:00,28120.0,28141.5,28113.75,28117.5,3204,0.0,0.0
2026-07-30 12:40:00-04:00,28118.0,28118.25,28054.5,28068.75,5417,0.0,0.0
2026-07-30 12:45:00-04:00,28068.25,28107.75,28066.25,28098.0,4764,0.0,0.0
2026-07-30 12:50:00-04:00,28099.25,28136.5,28078.25,28113.25,4197,0.0,0.0
2026-07-30 12:55:00-04:00,28113.5,28135.75,28110.0,28126.75,2801,0.0,0.0
2026-07-30 13:00:00-04:00,28127.0,28174.0,28126.0,28166.75,5057,0.0,0.0
2026-07-30 13:05:00-04:00,28167.75,28183.75,28160.0,28168.25,3238,0.0,0.0
2026-07-30 13:10:00-04:00,28168.75,28182.75,28153.25,28159.25,2890,0.0,0.0
2026-07-30 13:15:00-04:00,28158.25,28207.25,28156.25,28203.0,3522,0.0,0.0
2026-07-30 13:20:00-04:00,28202.75,28207.75,28178.5,28189.75,2758,0.0,0.0
2026-07-30 13:25:00-04:00,28188.75,28191.0,28164.25,28169.0,2476,0.0,0.0
2026-07-30 13:30:00-04:00,28169.5,28184.0,28153.25,28163.75,2815,0.0,0.0
2026-07-30 13:35:00-04:00,28163.25,28180.75,28139.5,28147.5,3620,0.0,0.0
2026-07-30 13:40:00-04:00,28147.5,28197.75,28147.0,28188.25,3563,0.0,0.0
2026-07-30 13:45:00-04:00,28188.5,28201.5,28183.5,28183.5,2347,0.0,0.0
2026-07-30 13:50:00-04:00,28183.25,28208.5,28174.0,28175.75,3542,0.0,0.0
2026-07-30 13:55:00-04:00,28176.0,28188.5,28165.5,28177.5,1961,0.0,0.0
2026-07-30 14:00:00-04:00,28177.5,28202.25,28168.5,28169.75,2140,0.0,0.0
2026-07-30 14:05:00-04:00,28169.25,28196.5,28167.0,28192.0,2232,0.0,0.0
2026-07-30 14:10:00-04:00,28192.25,28205.0,28182.75,28200.5,2336,0.0,0.0
2026-07-30 14:15:00-04:00,28200.5,28203.75,28162.25,28167.5,2804,0.0,0.0
2026-07-30 14:20:00-04:00,28167.75,28192.75,28162.25,28184.75,2360,0.0,0.0
2026-07-30 14:25:00-04:00,28185.0,28191.25,28173.5,28183.0,1624,0.0,0.0
2026-07-30 14:30:00-04:00,28183.0,28199.0,28170.25,28174.75,2575,0.0,0.0
2026-07-30 14:35:00-04:00,28174.5,28176.0,28148.5,28158.25,3059,0.0,0.0
2026-07-30 14:40:00-04:00,28158.25,28171.5,28149.25,28167.5,2233,0.0,0.0
2026-07-30 14:45:00-04:00,28167.0,28189.5,28165.5,28178.75,2752,0.0,0.0
2026-07-30 14:50:00-04:00,28178.25,28186.0,28163.75,28164.0,2279,0.0,0.0
2026-07-30 14:55:00-04:00,28164.25,28186.25,28154.75,28180.5,2455,0.0,0.0
2026-07-30 15:00:00-04:00,28180.75,28211.5,28179.75,28198.75,5263,0.0,0.0
2026-07-30 15:05:00-04:00,28199.25,28255.5,28194.75,28253.75,5446,0.0,0.0
2026-07-30 15:10:00-04:00,28254.0,28296.5,28252.25,28274.75,7708,0.0,0.0
2026-07-30 15:15:00-04:00,28274.25,28297.75,28262.0,28285.75,4848,0.0,0.0
2026-07-30 15:20:00-04:00,28286.25,28287.75,28257.25,28264.0,3913,0.0,0.0
2026-07-30 15:25:00-04:00,28263.5,28271.0,28242.0,28244.5,3560,0.0,0.0
2026-07-30 15:30:00-04:00,28243.75,28257.25,28235.0,28242.75,4318,0.0,0.0
2026-07-30 15:35:00-04:00,28243.0,28247.5,28219.75,28238.5,4067,0.0,0.0
2026-07-30 15:40:00-04:00,28238.75,28241.75,28221.75,28232.25,3531,0.0,0.0
2026-07-30 15:45:00-04:00,28232.75,28244.75,28217.0,28235.5,4645,0.0,0.0
2026-07-30 15:50:00-04:00,28236.0,28241.75,28207.0,28224.25,8654,0.0,0.0
2026-07-30 15:55:00-04:00,28223.75,28262.5,28202.5,28230.75,22612,0.0,0.0
2026-07-30 16:00:00-04:00,28230.75,28367.0,28205.5,28336.25,11475,0.0,0.0
2026-07-30 16:05:00-04:00,28335.0,28335.25,28297.25,28300.0,2996,0.0,0.0
2026-07-30 16:10:00-04:00,28301.0,28332.0,28284.0,28324.75,2743,0.0,0.0
2026-07-30 16:15:00-04:00,28324.25,28357.25,28322.75,28354.5,2561,0.0,0.0
2026-07-30 16:20:00-04:00,28354.5,28370.5,28339.0,28360.0,1328,0.0,0.0
2026-07-30 16:25:00-04:00,28361.5,28372.25,28346.5,28366.25,1392,0.0,0.0
2026-07-30 16:30:00-04:00,28366.5,28414.5,28311.0,28357.25,4419,0.0,0.0
2026-07-30 16:35:00-04:00,28357.75,28358.75,28325.0,28344.5,1315,0.0,0.0
2026-07-30 16:40:00-04:00,28343.5,28364.5,28323.5,28361.25,1472,0.0,0.0
2026-07-30 16:45:00-04:00,28360.0,28363.0,28337.75,28342.75,607,0.0,0.0
2026-07-30 16:50:00-04:00,28343.25,28347.0,28325.5,28334.0,974,0.0,0.0
2026-07-30 16:55:00-04:00,28335.0,28341.75,28322.5,28333.5,874,0.0,0.0
2026-07-30 18:00:00-04:00,28317.0,28413.75,28300.0,28402.75,0,0.0,0.0
2026-07-30 18:05:00-04:00,28403.25,28406.5,28374.25,28396.75,818,0.0,0.0
2026-07-30 18:10:00-04:00,28400.0,28409.75,28377.0,28384.75,727,0.0,0.0
2026-07-30 18:15:00-04:00,28382.5,28407.0,28381.75,28387.75,547,0.0,0.0
2026-07-30 18:20:00-04:00,28387.75,28391.75,28356.0,28356.75,806,0.0,0.0
2026-07-30 18:25:00-04:00,28358.25,28378.25,28350.5,28354.0,839,0.0,0.0
2026-07-30 18:30:00-04:00,28352.0,28367.75,28331.0,28363.5,834,0.0,0.0
2026-07-30 18:35:00-04:00,28363.75,28389.0,28356.75,28384.75,643,0.0,0.0
2026-07-30 18:40:00-04:00,28384.25,28406.0,28379.75,28403.0,572,0.0,0.0
2026-07-30 18:45:00-04:00,28402.75,28405.5,28393.0,28399.75,373,0.0,0.0
2026-07-30 18:50:00-04:00,28398.75,28409.75,28390.0,28402.75,627,0.0,0.0
2026-07-30 18:55:00-04:00,28402.5,28409.0,28393.0,28395.0,336,0.0,0.0
2026-07-30 19:00:00-04:00,28394.25,28426.5,28391.0,28416.0,799,0.0,0.0
2026-07-30 19:05:00-04:00,28416.0,28421.75,28393.25,28393.25,462,0.0,0.0
2026-07-30 19:10:00-04:00,28394.75,28397.75,28377.0,28384.75,575,0.0,0.0
2026-07-30 19:15:00-04:00,28386.0,28387.0,28373.5,28377.0,395,0.0,0.0
2026-07-30 19:20:00-04:00,28375.0,28378.0,28364.0,28369.5,376,0.0,0.0
2026-07-30 19:25:00-04:00,28369.25,28392.5,28369.25,28378.0,461,0.0,0.0
2026-07-30 19:30:00-04:00,28378.25,28390.5,28362.25,28384.5,439,0.0,0.0
2026-07-30 19:35:00-04:00,28384.75,28399.0,28376.75,28392.75,280,0.0,0.0
2026-07-30 19:40:00-04:00,28395.25,28416.5,28393.25,28406.75,660,0.0,0.0
2026-07-30 19:45:00-04:00,28406.75,28425.0,28397.5,28420.0,496,0.0,0.0
2026-07-30 19:50:00-04:00,28417.5,28439.5,28391.5,28433.75,970,0.0,0.0
2026-07-30 19:55:00-04:00,28434.75,28445.0,28422.25,28422.75,777,0.0,0.0
2026-07-30 20:00:00-04:00,28424.0,28443.0,28397.25,28433.0,1372,0.0,0.0
2026-07-30 20:05:00-04:00,28434.0,28456.25,28426.0,28442.0,1248,0.0,0.0
2026-07-30 20:10:00-04:00,28442.5,28476.5,28432.0,28466.75,1322,0.0,0.0
2026-07-30 20:15:00-04:00,28467.0,28480.0,28447.25,28477.5,1266,0.0,0.0
2026-07-30 20:20:00-04:00,28477.25,28488.0,28454.0,28470.5,983,0.0,0.0
2026-07-30 20:25:00-04:00,28472.5,28483.5,28463.25,28483.25,482,0.0,0.0
2026-07-30 20:30:00-04:00,28481.0,28509.75,28480.5,28505.5,1066,0.0,0.0
2026-07-30 20:35:00-04:00,28506.5,28509.0,28490.0,28495.25,691,0.0,0.0
2026-07-30 20:40:00-04:00,28495.0,28498.75,28482.5,28497.25,527,0.0,0.0
2026-07-30 20:45:00-04:00,28500.0,28501.75,28468.75,28473.0,760,0.0,0.0
2026-07-30 20:50:00-04:00,28473.0,28493.25,28473.0,28483.75,374,0.0,0.0
2026-07-30 20:55:00-04:00,28481.0,28524.5,28480.0,28521.75,933,0.0,0.0
2026-07-30 21:00:00-04:00,28523.0,28552.0,28522.75,28548.5,1353,0.0,0.0
2026-07-30 21:05:00-04:00,28549.5,28569.5,28545.5,28566.5,900,0.0,0.0
2026-07-30 21:10:00-04:00,28566.5,28569.0,28555.75,28561.25,635,0.0,0.0
2026-07-30 21:15:00-04:00,28560.0,28572.0,28557.0,28561.25,693,0.0,0.0
2026-07-30 21:20:00-04:00,28559.25,28572.0,28547.5,28555.0,571,0.0,0.0
2026-07-30 21:25:00-04:00,28554.5,28571.5,28543.75,28551.0,731,0.0,0.0
2026-07-30 21:30:00-04:00,28549.0,28558.25,28522.25,28536.0,1026,0.0,0.0
2026-07-30 21:35:00-04:00,28536.0,28537.75,28499.5,28509.0,896,0.0,0.0
2026-07-30 21:40:00-04:00,28510.0,28511.75,28489.0,28497.0,749,0.0,0.0
2026-07-30 21:45:00-04:00,28496.5,28500.0,28464.25,28466.5,859,0.0,0.0
2026-07-30 21:50:00-04:00,28467.75,28485.75,28455.5,28465.5,978,0.0,0.0
2026-07-30 21:55:00-04:00,28467.0,28484.5,28459.25,28478.0,423,0.0,0.0
2026-07-30 22:00:00-04:00,28478.0,28499.5,28444.5,28445.75,1020,0.0,0.0
2026-07-30 22:05:00-04:00,28445.5,28475.75,28441.0,28473.25,679,0.0,0.0
2026-07-30 22:10:00-04:00,28470.5,28471.75,28433.25,28438.0,740,0.0,0.0
2026-07-30 22:15:00-04:00,28438.25,28438.75,28401.0,28405.0,1419,0.0,0.0
2026-07-30 22:20:00-04:00,28406.75,28428.5,28402.0,28408.0,672,0.0,0.0
2026-07-30 22:25:00-04:00,28410.25,28426.25,28404.25,28423.5,376,0.0,0.0
2026-07-30 22:30:00-04:00,28422.5,28432.0,28408.0,28421.5,433,0.0,0.0
2026-07-30 22:35:00-04:00,28421.5,28421.5,28389.5,28410.5,615,0.0,0.0
2026-07-30 22:40:00-04:00,28411.5,28422.25,28401.25,28421.25,437,0.0,0.0
2026-07-30 22:45:00-04:00,28421.0,28438.0,28402.0,28406.25,851,0.0,0.0
2026-07-30 22:50:00-04:00,28405.25,28422.5,28397.75,28415.5,437,0.0,0.0
2026-07-30 22:55:00-04:00,28412.25,28436.5,28412.0,28431.25,544,0.0,0.0
2026-07-30 23:00:00-04:00,28431.5,28432.5,28410.0,28426.75,536,0.0,0.0
2026-07-30 23:05:00-04:00,28427.25,28434.25,28422.25,28427.0,319,0.0,0.0
2026-07-30 23:10:00-04:00,28426.0,28436.0,28398.0,28418.25,658,0.0,0.0
2026-07-30 23:15:00-04:00,28417.75,28456.0,28417.0,28455.75,672,0.0,0.0
2026-07-30 23:20:00-04:00,28455.0,28472.0,28451.5,28461.5,756,0.0,0.0
2026-07-30 23:25:00-04:00,28461.5,28476.5,28458.0,28462.75,474,0.0,0.0
2026-07-30 23:30:00-04:00,28464.5,28478.25,28454.0,28454.0,660,0.0,0.0
2026-07-30 23:35:00-04:00,28454.25,28470.0,28452.25,28464.75,292,0.0,0.0
2026-07-30 23:40:00-04:00,28467.0,28467.0,28453.5,28463.75,184,0.0,0.0
2026-07-30 23:45:00-04:00,28461.25,28466.5,28428.25,28432.5,519,0.0,0.0
2026-07-30 23:50:00-04:00,28430.75,28468.75,28428.75,28464.75,495,0.0,0.0
2026-07-30 23:55:00-04:00,28465.5,28470.5,28460.0,28461.75,265,0.0,0.0
2026-07-31 00:05:00-04:00,28459.5,28465.0,28457.5,28461.25,867,0.0,0.0
2026-07-31 00:10:00-04:00,28461.5,28468.0,28452.5,28463.5,334,0.0,0.0
2026-07-31 00:15:00-04:00,28463.5,28495.5,28451.5,28495.0,555,0.0,0.0
2026-07-31 00:20:00-04:00,28492.75,28501.0,28485.0,28500.0,381,0.0,0.0
2026-07-31 00:25:00-04:00,28500.25,28512.0,28493.0,28511.25,448,0.0,0.0
2026-07-31 00:30:00-04:00,28512.0,28534.5,28507.75,28531.0,544,0.0,0.0
2026-07-31 00:35:00-04:00,28532.25,28542.5,28520.75,28542.0,544,0.0,0.0
2026-07-31 00:40:00-04:00,28541.5,28552.5,28536.75,28551.5,391,0.0,0.0
2026-07-31 00:45:00-04:00,28551.25,28557.0,28545.0,28547.0,449,0.0,0.0
2026-07-31 00:50:00-04:00,28547.5,28552.25,28534.5,28548.0,440,0.0,0.0
2026-07-31 00:55:00-04:00,28546.5,28554.25,28546.25,28549.0,228,0.0,0.0
2026-07-31 01:00:00-04:00,28548.75,28558.0,28543.75,28545.25,387,0.0,0.0
2026-07-31 01:05:00-04:00,28545.0,28565.0,28538.5,28563.25,604,0.0,0.0
2026-07-31 01:10:00-04:00,28563.75,28570.0,28545.0,28557.75,517,0.0,0.0
2026-07-31 01:15:00-04:00,28558.5,28561.5,28552.5,28557.75,225,0.0,0.0
2026-07-31 01:20:00-04:00,28556.25,28572.0,28556.0,28565.5,405,0.0,0.0
2026-07-31 01:25:00-04:00,28563.5,28581.0,28560.0,28573.0,595,0.0,0.0
2026-07-31 01:30:00-04:00,28573.5,28580.0,28544.0,28547.5,580,0.0,0.0
2026-07-31 01:35:00-04:00,28548.5,28561.5,28541.0,28559.5,529,0.0,0.0
2026-07-31 01:40:00-04:00,28559.75,28585.75,28552.0,28552.75,625,0.0,0.0
2026-07-31 01:45:00-04:00,28551.75,28575.75,28548.75,28573.5,489,0.0,0.0
2026-07-31 01:50:00-04:00,28573.5,28590.75,28570.5,28586.5,528,0.0,0.0
2026-07-31 01:55:00-04:00,28586.75,28590.5,28565.25,28585.0,651,0.0,0.0
2026-07-31 02:00:00-04:00,28585.5,28599.0,28577.0,28584.5,751,0.0,0.0
2026-07-31 02:05:00-04:00,28584.25,28600.0,28584.25,28596.25,596,0.0,0.0
2026-07-31 02:10:00-04:00,28595.25,28611.75,28594.25,28606.75,736,0.0,0.0
2026-07-31 02:15:00-04:00,28605.75,28611.0,28601.75,28606.0,373,0.0,0.0
2026-07-31 02:20:00-04:00,28604.5,28604.5,28584.5,28587.75,484,0.0,0.0
2026-07-31 02:25:00-04:00,28587.75,28593.5,28580.75,28590.25,524,0.0,0.0
2026-07-31 02:30:00-04:00,28589.5,28593.0,28520.5,28523.0,1520,0.0,0.0
2026-07-31 02:35:00-04:00,28524.0,28525.0,28485.5,28509.0,1716,0.0,0.0
2026-07-31 02:40:00-04:00,28506.75,28506.75,28457.5,28484.0,969,0.0,0.0
2026-07-31 02:45:00-04:00,28484.75,28484.75,28450.0,28473.5,1075,0.0,0.0
2026-07-31 02:50:00-04:00,28476.0,28502.25,28454.0,28502.25,939,0.0,0.0
2026-07-31 02:55:00-04:00,28503.0,28509.75,28481.0,28488.25,886,0.0,0.0
2026-07-31 03:00:00-04:00,28484.25,28485.75,28455.0,28479.25,1929,0.0,0.0
2026-07-31 03:05:00-04:00,28480.75,28512.0,28480.0,28510.5,801,0.0,0.0
2026-07-31 03:10:00-04:00,28512.0,28543.25,28509.75,28535.75,866,0.0,0.0
2026-07-31 03:15:00-04:00,28535.0,28550.0,28507.0,28548.5,727,0.0,0.0
2026-07-31 03:20:00-04:00,28550.0,28551.5,28518.0,28536.5,632,0.0,0.0
2026-07-31 03:25:00-04:00,28536.75,28574.5,28536.0,28546.0,1021,0.0,0.0
2026-07-31 03:30:00-04:00,28547.25,28555.0,28534.5,28540.25,609,0.0,0.0
2026-07-31 03:35:00-04:00,28541.0,28570.25,28541.0,28556.0,827,0.0,0.0
2026-07-31 03:40:00-04:00,28557.75,28574.0,28553.0,28566.5,407,0.0,0.0
2026-07-31 03:45:00-04:00,28566.25,28584.25,28554.5,28554.5,610,0.0,0.0
2026-07-31 03:50:00-04:00,28556.0,28581.75,28542.5,28580.0,656,0.0,0.0
2026-07-31 03:55:00-04:00,28578.25,28579.5,28563.25,28575.0,523,0.0,0.0
2026-07-31 04:00:00-04:00,28572.75,28590.75,28533.5,28539.25,1295,0.0,0.0
2026-07-31 04:05:00-04:00,28538.0,28573.5,28529.5,28533.5,924,0.0,0.0
2026-07-31 04:10:00-04:00,28534.5,28579.0,28524.75,28576.75,698,0.0,0.0
2026-07-31 04:15:00-04:00,28576.75,28597.0,28569.5,28593.5,584,0.0,0.0
2026-07-31 04:20:00-04:00,28592.25,28596.5,28564.25,28576.75,741,0.0,0.0
2026-07-31 04:25:00-04:00,28578.25,28610.0,28573.75,28600.0,854,0.0,0.0
2026-07-31 04:30:00-04:00,28595.25,28611.0,28588.0,28597.25,437,0.0,0.0
2026-07-31 04:35:00-04:00,28598.5,28598.5,28576.0,28577.5,415,0.0,0.0
2026-07-31 04:40:00-04:00,28576.0,28580.25,28561.5,28567.25,640,0.0,0.0
2026-07-31 04:45:00-04:00,28568.75,28601.25,28564.25,28593.25,567,0.0,0.0
2026-07-31 04:50:00-04:00,28595.75,28602.5,28582.0,28583.5,290,0.0,0.0
2026-07-31 04:55:00-04:00,28582.75,28607.25,28582.0,28602.75,484,0.0,0.0
2026-07-31 05:00:00-04:00,28603.25,28620.0,28598.25,28618.0,952,0.0,0.0
2026-07-31 05:05:00-04:00,28617.0,28627.0,28598.75,28625.25,779,0.0,0.0
2026-07-31 05:10:00-04:00,28625.25,28640.75,28623.25,28629.25,830,0.0,0.0
2026-07-31 05:15:00-04:00,28627.5,28631.25,28609.75,28610.25,393,0.0,0.0
2026-07-31 05:20:00-04:00,28611.25,28624.0,28601.0,28608.25,696,0.0,0.0
2026-07-31 05:25:00-04:00,28611.0,28615.75,28584.75,28589.25,530,0.0,0.0
2026-07-31 05:30:00-04:00,28588.75,28591.5,28562.75,28564.5,770,0.0,0.0
2026-07-31 05:35:00-04:00,28565.25,28568.0,28530.0,28545.5,1466,0.0,0.0
2026-07-31 05:40:00-04:00,28545.5,28559.5,28542.25,28552.5,527,0.0,0.0
2026-07-31 05:45:00-04:00,28552.25,28567.0,28551.25,28565.0,458,0.0,0.0
2026-07-31 05:50:00-04:00,28561.5,28569.75,28545.25,28551.0,355,0.0,0.0
2026-07-31 05:55:00-04:00,28548.25,28556.0,28528.5,28533.0,445,0.0,0.0
2026-07-31 06:00:00-04:00,28531.75,28546.25,28519.5,28531.0,776,0.0,0.0
2026-07-31 06:05:00-04:00,28530.5,28545.0,28520.0,28540.0,609,0.0,0.0
2026-07-31 06:10:00-04:00,28539.5,28564.75,28532.5,28555.75,657,0.0,0.0
2026-07-31 06:15:00-04:00,28555.0,28567.0,28546.5,28567.0,328,0.0,0.0
2026-07-31 06:20:00-04:00,28566.0,28575.5,28554.5,28556.75,455,0.0,0.0
2026-07-31 06:25:00-04:00,28557.5,28579.25,28556.25,28572.0,405,0.0,0.0
2026-07-31 06:30:00-04:00,28572.25,28577.5,28564.25,28567.5,414,0.0,0.0
2026-07-31 06:35:00-04:00,28570.5,28576.75,28561.75,28576.0,346,0.0,0.0
2026-07-31 06:40:00-04:00,28576.75,28583.0,28570.25,28578.25,374,0.0,0.0
2026-07-31 06:45:00-04:00,28579.25,28591.25,28552.0,28556.75,506,0.0,0.0
2026-07-31 06:50:00-04:00,28555.5,28580.5,28553.25,28580.25,541,0.0,0.0
2026-07-31 06:55:00-04:00,28581.5,28585.0,28557.25,28565.5,388,0.0,0.0
2026-07-31 07:00:00-04:00,28565.5,28618.0,28563.0,28614.5,920,0.0,0.0
2026-07-31 07:05:00-04:00,28614.25,28626.0,28605.75,28611.5,595,0.0,0.0
2026-07-31 07:10:00-04:00,28612.75,28613.25,28589.75,28594.75,481,0.0,0.0
2026-07-31 07:15:00-04:00,28596.25,28599.5,28555.0,28561.25,1157,0.0,0.0
2026-07-31 07:20:00-04:00,28562.25,28570.5,28554.0,28567.5,538,0.0,0.0
2026-07-31 07:25:00-04:00,28567.25,28584.0,28548.5,28553.25,607,0.0,0.0
2026-07-31 07:30:00-04:00,28555.75,28555.75,28525.0,28535.25,925,0.0,0.0
2026-07-31 07:35:00-04:00,28535.75,28560.75,28526.5,28532.0,664,0.0,0.0
2026-07-31 07:40:00-04:00,28530.25,28544.0,28523.0,28538.25,561,0.0,0.0
2026-07-31 07:45:00-04:00,28540.0,28549.25,28532.0,28545.25,599,0.0,0.0
2026-07-31 07:50:00-04:00,28544.75,28560.75,28544.5,28553.25,534,0.0,0.0
2026-07-31 07:55:00-04:00,28553.5,28560.25,28545.75,28553.5,388,0.0,0.0
2026-07-31 08:00:00-04:00,28554.75,28555.25,28506.0,28512.75,1041,0.0,0.0
2026-07-31 08:05:00-04:00,28512.75,28515.75,28496.0,28500.75,946,0.0,0.0
2026-07-31 08:10:00-04:00,28499.5,28501.0,28477.0,28481.0,1174,0.0,0.0
2026-07-31 08:15:00-04:00,28480.25,28483.0,28449.5,28455.5,1629,0.0,0.0
2026-07-31 08:20:00-04:00,28455.75,28484.75,28448.0,28484.75,1281,0.0,0.0
2026-07-31 08:25:00-04:00,28484.0,28506.0,28478.25,28496.5,1255,0.0,0.0
2026-07-31 08:30:00-04:00,28496.75,28502.75,28452.0,28462.25,2037,0.0,0.0
2026-07-31 08:35:00-04:00,28462.5,28474.5,28445.5,28452.25,1269,0.0,0.0
2026-07-31 08:40:00-04:00,28452.75,28469.0,28432.25,28453.0,1324,0.0,0.0
2026-07-31 08:45:00-04:00,28452.75,28460.75,28437.75,28451.0,1079,0.0,0.0
2026-07-31 08:50:00-04:00,28452.25,28489.25,28442.75,28486.0,1299,0.0,0.0
2026-07-31 08:55:00-04:00,28487.25,28490.5,28463.25,28468.25,1163,0.0,0.0
2026-07-31 09:00:00-04:00,28468.5,28497.0,28457.75,28490.0,1938,0.0,0.0
2026-07-31 09:05:00-04:00,28490.0,28514.0,28486.25,28508.5,1305,0.0,0.0
2026-07-31 09:10:00-04:00,28509.0,28531.0,28508.75,28530.0,1741,0.0,0.0
2026-07-31 09:15:00-04:00,28529.25,28546.0,28529.25,28539.0,1795,0.0,0.0
2026-07-31 09:20:00-04:00,28539.25,28554.0,28529.0,28549.0,1867,0.0,0.0
2026-07-31 09:25:00-04:00,28549.75,28584.0,28546.5,28577.5,3625,0.0,0.0
2026-07-31 09:30:00-04:00,28576.5,28709.5,28542.5,28681.5,19513,0.0,0.0
2026-07-31 09:35:00-04:00,28682.25,28725.75,28556.0,28561.0,16897,0.0,0.0
2026-07-31 09:40:00-04:00,28562.5,28578.25,28415.75,28419.0,15897,0.0,0.0
2026-07-31 09:45:00-04:00,28420.0,28472.75,28319.75,28360.5,18165,0.0,0.0
2026-07-31 09:50:00-04:00,28361.0,28407.5,28295.5,28333.0,15624,0.0,0.0
2026-07-31 09:55:00-04:00,28333.0,28414.5,28311.25,28360.5,12855,0.0,0.0
2026-07-31 10:00:00-04:00,28356.75,28393.0,28239.75,28241.75,12786,0.0,0.0
2026-07-31 10:05:00-04:00,28242.75,28272.0,28122.75,28152.75,16241,0.0,0.0
2026-07-31 10:10:00-04:00,28154.0,28192.0,28100.5,28137.5,15340,0.0,0.0
2026-07-31 10:15:00-04:00,28137.0,28214.5,28079.75,28177.5,15426,0.0,0.0
2026-07-31 10:20:00-04:00,28177.0,28248.0,28157.0,28196.0,12626,0.0,0.0
2026-07-31 10:25:00-04:00,28194.0,28258.75,28162.5,28249.75,9548,0.0,0.0
2026-07-31 10:30:00-04:00,28249.5,28281.75,28211.75,28237.0,9331,0.0,0.0
2026-07-31 10:35:00-04:00,28236.75,28292.75,28234.75,28270.25,6442,0.0,0.0
2026-07-31 10:40:00-04:00,28270.0,28296.0,28211.75,28268.75,7197,0.0,0.0
2026-07-31 10:45:00-04:00,28268.25,28338.75,28237.0,28332.5,9824,0.0,0.0
2026-07-31 10:50:00-04:00,28333.5,28345.5,28289.75,28298.25,6856,0.0,0.0
2026-07-31 10:55:00-04:00,28298.75,28333.75,28255.25,28307.5,7967,0.0,0.0
2026-07-31 11:00:00-04:00,28308.75,28328.0,28273.75,28321.75,5997,0.0,0.0
2026-07-31 11:05:00-04:00,28322.0,28342.25,28256.75,28277.0,6227,0.0,0.0
2026-07-31 11:10:00-04:00,28277.0,28299.75,28214.75,28269.0,7514,0.0,0.0
2026-07-31 11:15:00-04:00,28269.25,28339.25,28236.25,28261.25,6493,0.0,0.0
2026-07-31 11:20:00-04:00,28260.5,28270.5,28193.25,28195.25,5892,0.0,0.0
2026-07-31 11:25:00-04:00,28196.25,28207.25,28122.25,28151.0,8830,0.0,0.0
2026-07-31 11:30:00-04:00,28151.25,28179.25,28115.5,28175.0,8190,0.0,0.0
2026-07-31 11:35:00-04:00,28175.0,28261.0,28171.75,28234.75,7441,0.0,0.0
2026-07-31 11:40:00-04:00,28235.25,28249.0,28164.0,28215.0,6446,0.0,0.0
2026-07-31 11:45:00-04:00,28215.25,28225.75,28164.0,28194.5,5322,0.0,0.0
2026-07-31 11:50:00-04:00,28194.5,28288.0,28189.0,28280.5,6277,0.0,0.0
2026-07-31 11:55:00-04:00,28280.25,28295.0,28251.25,28274.0,5574,0.0,0.0
2026-07-31 12:00:00-04:00,28274.0,28308.5,28257.0,28290.5,5702,0.0,0.0
2026-07-31 12:05:00-04:00,28291.0,28298.0,28243.75,28274.75,4254,0.0,0.0
2026-07-31 12:10:00-04:00,28273.75,28308.25,28269.0,28300.5,4135,0.0,0.0
2026-07-31 12:15:00-04:00,28301.5,28310.25,28256.0,28292.25,3890,0.0,0.0
2026-07-31 12:20:00-04:00,28292.5,28342.5,28286.75,28332.0,4345,0.0,0.0
2026-07-31 12:25:00-04:00,28332.75,28364.25,28305.25,28363.75,4544,0.0,0.0
2026-07-31 12:30:00-04:00,28363.75,28388.0,28352.5,28376.75,4527,0.0,0.0
2026-07-31 12:35:00-04:00,28375.75,28388.75,28355.75,28362.75,3709,0.0,0.0
2026-07-31 12:40:00-04:00,28363.5,28371.5,28313.75,28321.5,4297,0.0,0.0
2026-07-31 12:45:00-04:00,28321.5,28349.75,28308.5,28348.0,3655,0.0,0.0
2026-07-31 12:50:00-04:00,28348.5,28383.75,28344.5,28354.25,3507,0.0,0.0
2026-07-31 12:55:00-04:00,28353.0,28390.0,28352.0,28367.5,3454,0.0,0.0
2026-07-31 13:00:00-04:00,28366.75,28409.5,28360.0,28394.75,3764,0.0,0.0
2026-07-31 13:05:00-04:00,28394.5,28405.0,28364.75,28379.0,3111,0.0,0.0
2026-07-31 13:10:00-04:00,28379.5,28411.25,28367.75,28402.0,2666,0.0,0.0
2026-07-31 13:15:00-04:00,28403.0,28422.0,28396.0,28417.75,2706,0.0,0.0
2026-07-31 13:20:00-04:00,28417.5,28456.0,28397.0,28453.75,3565,0.0,0.0
2026-07-31 13:25:00-04:00,28454.0,28477.5,28449.75,28461.5,4938,0.0,0.0
2026-07-31 13:30:00-04:00,28462.5,28485.5,28449.0,28482.0,4025,0.0,0.0
2026-07-31 13:35:00-04:00,28481.0,28503.0,28454.75,28455.75,4880,0.0,0.0
2026-07-31 13:40:00-04:00,28454.75,28471.75,28443.25,28457.5,3541,0.0,0.0
2026-07-31 13:45:00-04:00,28456.25,28475.75,28417.75,28421.0,4164,0.0,0.0
2026-07-31 13:50:00-04:00,28421.0,28466.25,28415.75,28443.25,3857,0.0,0.0
2026-07-31 13:55:00-04:00,28444.0,28458.75,28424.5,28429.0,2538,0.0,0.0
2026-07-31 14:00:00-04:00,28429.0,28459.75,28418.25,28426.0,3127,0.0,0.0
2026-07-31 14:05:00-04:00,28426.25,28452.25,28414.75,28429.0,2920,0.0,0.0
2026-07-31 14:10:00-04:00,28428.75,28437.25,28395.25,28403.75,4059,0.0,0.0
2026-07-31 14:15:00-04:00,28402.75,28446.0,28398.5,28427.25,3056,0.0,0.0
2026-07-31 14:20:00-04:00,28428.0,28445.5,28420.5,28437.25,2485,0.0,0.0
2026-07-31 14:25:00-04:00,28437.75,28439.25,28413.0,28422.0,2132,0.0,0.0
2026-07-31 14:30:00-04:00,28422.0,28448.0,28422.0,28434.75,1930,0.0,0.0
2026-07-31 14:35:00-04:00,28434.75,28436.75,28415.75,28426.25,2020,0.0,0.0
2026-07-31 14:40:00-04:00,28426.25,28442.5,28415.5,28432.5,2041,0.0,0.0
2026-07-31 14:45:00-04:00,28432.5,28449.25,28422.0,28448.0,2009,0.0,0.0
2026-07-31 14:50:00-04:00,28448.0,28462.0,28443.25,28446.25,2375,0.0,0.0
2026-07-31 14:55:00-04:00,28446.25,28453.0,28416.5,28433.75,2667,0.0,0.0
2026-07-31 15:00:00-04:00,28433.5,28458.75,28418.25,28420.5,2932,0.0,0.0
2026-07-31 15:05:00-04:00,28421.5,28432.5,28405.5,28427.75,2756,0.0,0.0
2026-07-31 15:10:00-04:00,28427.25,28442.25,28419.0,28433.0,2293,0.0,0.0
2026-07-31 15:15:00-04:00,28433.5,28487.5,28426.25,28485.5,3803,0.0,0.0
2026-07-31 15:20:00-04:00,28485.5,28498.0,28467.75,28470.0,4413,0.0,0.0
2026-07-31 15:25:00-04:00,28469.75,28480.5,28461.0,28475.25,2461,0.0,0.0
2026-07-31 15:30:00-04:00,28474.5,28480.5,28441.75,28459.75,3876,0.0,0.0
2026-07-31 15:35:00-04:00,28460.0,28473.5,28451.75,28458.5,3192,0.0,0.0
2026-07-31 15:40:00-04:00,28458.75,28483.5,28434.5,28476.75,3732,0.0,0.0
2026-07-31 15:45:00-04:00,28477.0,28510.0,28477.0,28509.25,5468,0.0,0.0
2026-07-31 15:50:00-04:00,28508.5,28524.0,28473.75,28507.5,8807,0.0,0.0
2026-07-31 15:55:00-04:00,28507.0,28517.5,28380.0,28402.75,19753,0.0,0.0
2026-07-31 16:00:00-04:00,28402.75,28434.25,28340.5,28362.5,10016,0.0,0.0
2026-07-31 16:05:00-04:00,28363.25,28400.25,28347.5,28391.25,3067,0.0,0.0
2026-07-31 16:10:00-04:00,28391.0,28404.0,28387.75,28393.75,1933,0.0,0.0
2026-07-31 16:15:00-04:00,28394.0,28395.25,28364.5,28382.0,1766,0.0,0.0
2026-07-31 16:20:00-04:00,28381.0,28390.25,28375.0,28375.25,712,0.0,0.0
2026-07-31 16:25:00-04:00,28374.25,28380.0,28362.25,28372.5,816,0.0,0.0
2026-07-31 16:30:00-04:00,28369.75,28395.0,28356.0,28394.5,1263,0.0,0.0
2026-07-31 16:35:00-04:00,28394.5,28395.5,28384.5,28392.25,547,0.0,0.0
2026-07-31 16:40:00-04:00,28391.5,28394.5,28378.25,28382.0,765,0.0,0.0
2026-07-31 16:45:00-04:00,28381.0,28386.25,28378.25,28381.75,648,0.0,0.0
2026-07-31 16:50:00-04:00,28382.5,28386.0,28313.75,28342.0,2151,0.0,0.0
2026-07-31 16:55:00-04:00,28344.25,28404.25,28258.25,28404.25,2140,0.0,0.0
2026-08-02 18:10:00-04:00,28601.0,28641.25,28599.25,28623.0,920,0.0,0.0
2026-08-02 18:15:00-04:00,28624.0,28631.5,28582.0,28595.75,938,0.0,0.0
2026-08-02 18:20:00-04:00,28596.75,28632.5,28596.75,28612.5,1101,0.0,0.0
2026-08-02 18:25:00-04:00,28612.25,28629.25,28600.25,28613.5,654,0.0,0.0
2026-08-02 18:30:00-04:00,28615.25,28623.75,28607.5,28613.5,365,0.0,0.0
2026-08-02 18:35:00-04:00,28612.75,28622.5,28609.75,28614.5,341,0.0,0.0
2026-08-02 18:40:00-04:00,28613.0,28622.0,28594.25,28600.25,619,0.0,0.0
2026-08-02 18:45:00-04:00,28599.5,28605.0,28587.25,28587.25,376,0.0,0.0
2026-08-02 18:50:00-04:00,28589.25,28592.75,28581.5,28585.0,331,0.0,0.0
2026-08-02 18:55:00-04:00,28585.75,28592.0,28560.25,28570.25,571,0.0,0.0
2026-08-02 19:00:00-04:00,28568.75,28591.0,28567.5,28576.25,617,0.0,0.0
2026-08-02 19:05:00-04:00,28578.0,28589.0,28552.75,28553.5,663,0.0,0.0
2026-08-02 19:10:00-04:00,28553.5,28565.75,28545.0,28556.75,579,0.0,0.0
2026-08-02 19:15:00-04:00,28556.25,28565.75,28553.0,28561.0,285,0.0,0.0
2026-08-02 19:20:00-04:00,28562.75,28596.0,28555.0,28589.5,1023,0.0,0.0
2026-08-02 19:25:00-04:00,28591.0,28594.25,28577.75,28585.25,356,0.0,0.0
2026-08-02 19:30:00-04:00,28585.5,28605.75,28579.25,28590.0,729,0.0,0.0
2026-08-02 19:35:00-04:00,28588.25,28591.0,28579.0,28580.75,219,0.0,0.0
2026-08-02 19:40:00-04:00,28580.0,28610.0,28574.5,28606.0,703,0.0,0.0
2026-08-02 19:45:00-04:00,28603.5,28612.5,28571.25,28602.5,871,0.0,0.0
2026-08-02 19:50:00-04:00,28604.0,28637.5,28580.0,28588.75,1495,0.0,0.0
2026-08-02 19:55:00-04:00,28587.75,28622.0,28576.75,28614.0,978,0.0,0.0
2026-08-02 20:00:00-04:00,28611.0,28611.0,28562.5,28571.25,1488,0.0,0.0
2026-08-02 20:05:00-04:00,28571.5,28596.5,28554.5,28595.5,1042,0.0,0.0
2026-08-02 20:10:00-04:00,28597.75,28615.25,28573.25,28610.5,902,0.0,0.0
2026-08-02 20:15:00-04:00,28610.75,28630.5,28595.25,28600.0,1095,0.0,0.0
2026-08-02 20:20:00-04:00,28600.0,28613.5,28579.0,28581.25,691,0.0,0.0
2026-08-02 20:25:00-04:00,28579.5,28586.5,28537.5,28556.75,1458,0.0,0.0
2026-08-02 20:30:00-04:00,28554.25,28587.0,28542.5,28583.5,1412,0.0,0.0
2026-08-02 20:35:00-04:00,28583.75,28611.0,28576.75,28597.25,1011,0.0,0.0
2026-08-02 20:40:00-04:00,28598.75,28610.25,28575.0,28583.75,941,0.0,0.0
2026-08-02 20:45:00-04:00,28582.25,28618.25,28572.5,28616.25,977,0.0,0.0
2026-08-02 20:50:00-04:00,28616.0,28623.5,28582.25,28614.5,856,0.0,0.0
2026-08-02 20:55:00-04:00,28614.25,28626.0,28605.0,28622.0,561,0.0,0.0
2026-08-02 21:00:00-04:00,28622.25,28629.0,28601.75,28624.25,931,0.0,0.0
2026-08-02 21:05:00-04:00,28625.0,28635.0,28604.0,28617.0,1266,0.0,0.0
2026-08-02 21:10:00-04:00,28616.75,28628.5,28584.75,28592.0,617,0.0,0.0
2026-08-02 21:15:00-04:00,28590.75,28593.75,28564.25,28569.75,900,0.0,0.0
2026-08-02 21:20:00-04:00,28569.0,28594.75,28566.25,28589.5,628,0.0,0.0
2026-08-02 21:25:00-04:00,28591.5,28614.75,28591.0,28609.0,600,0.0,0.0
2026-08-02 21:30:00-04:00,28607.5,28616.75,28596.0,28598.75,457,0.0,0.0
2026-08-02 21:35:00-04:00,28596.0,28601.75,28578.0,28599.25,779,0.0,0.0
2026-08-02 21:40:00-04:00,28602.25,28630.0,28598.0,28630.0,613,0.0,0.0
2026-08-02 21:45:00-04:00,28630.0,28632.0,28618.5,28622.25,575,0.0,0.0
2026-08-02 21:50:00-04:00,28621.25,28640.75,28619.25,28632.25,584,0.0,0.0
2026-08-02 21:55:00-04:00,28631.25,28650.0,28625.5,28644.0,825,0.0,0.0
2026-08-02 22:00:00-04:00,28644.75,28664.0,28631.0,28654.0,827,0.0,0.0
2026-08-02 22:05:00-04:00,28655.25,28660.0,28634.25,28639.25,510,0.0,0.0
2026-08-02 22:10:00-04:00,28640.75,28668.75,28639.0,28662.75,469,0.0,0.0
2026-08-02 22:15:00-04:00,28661.5,28676.0,28654.75,28674.5,397,0.0,0.0
2026-08-02 22:20:00-04:00,28676.0,28681.5,28659.5,28662.0,719,0.0,0.0
2026-08-02 22:25:00-04:00,28662.0,28663.0,28634.5,28640.25,808,0.0,0.0
2026-08-02 22:30:00-04:00,28640.5,28662.75,28633.75,28661.5,743,0.0,0.0
2026-08-02 22:35:00-04:00,28663.0,28669.75,28653.5,28657.25,408,0.0,0.0
2026-08-02 22:40:00-04:00,28656.0,28664.25,28644.5,28644.5,323,0.0,0.0
2026-08-02 22:45:00-04:00,28646.5,28650.25,28639.25,28646.0,208,0.0,0.0
2026-08-02 22:50:00-04:00,28646.0,28660.75,28644.5,28657.5,299,0.0,0.0
2026-08-02 22:55:00-04:00,28657.5,28666.5,28652.5,28660.5,278,0.0,0.0
2026-08-02 23:00:00-04:00,28662.5,28675.75,28658.75,28661.5,407,0.0,0.0
2026-08-02 23:05:00-04:00,28662.0,28675.5,28657.5,28667.25,379,0.0,0.0
2026-08-02 23:10:00-04:00,28667.5,28670.0,28661.75,28664.0,244,0.0,0.0
2026-08-02 23:15:00-04:00,28665.0,28671.5,28657.5,28671.5,263,0.0,0.0
2026-08-02 23:20:00-04:00,28672.0,28676.5,28641.25,28645.0,472,0.0,0.0
2026-08-02 23:25:00-04:00,28644.75,28659.0,28641.5,28645.75,267,0.0,0.0
2026-08-02 23:30:00-04:00,28647.0,28658.5,28640.0,28653.5,315,0.0,0.0
2026-08-02 23:35:00-04:00,28654.0,28667.75,28650.0,28664.0,238,0.0,0.0
2026-08-02 23:40:00-04:00,28665.0,28674.0,28662.5,28671.75,296,0.0,0.0
2026-08-02 23:45:00-04:00,28672.75,28675.75,28665.25,28675.5,207,0.0,0.0
2026-08-02 23:50:00-04:00,28675.5,28698.25,28674.0,28692.75,725,0.0,0.0
2026-08-02 23:55:00-04:00,28692.25,28692.75,28672.25,28674.5,291,0.0,0.0
2026-08-03 00:00:00-04:00,28669.0,28672.0,28660.0,28661.75,312,0.0,0.0
2026-08-03 00:05:00-04:00,28661.25,28667.25,28655.0,28659.5,258,0.0,0.0
2026-08-03 00:10:00-04:00,28658.5,28662.5,28652.5,28661.75,212,0.0,0.0
2026-08-03 00:15:00-04:00,28662.75,28672.75,28662.75,28671.0,220,0.0,0.0
2026-08-03 00:20:00-04:00,28670.5,28685.25,28667.75,28682.75,265,0.0,0.0
2026-08-03 00:25:00-04:00,28683.25,28688.5,28677.5,28683.25,257,0.0,0.0
2026-08-03 00:30:00-04:00,28682.75,28686.0,28673.5,28675.0,250,0.0,0.0
2026-08-03 00:35:00-04:00,28675.0,28681.5,28673.5,28673.5,138,0.0,0.0
2026-08-03 00:40:00-04:00,28672.5,28675.25,28666.5,28674.25,242,0.0,0.0
2026-08-03 00:45:00-04:00,28673.75,28688.25,28668.25,28680.75,278,0.0,0.0
2026-08-03 00:50:00-04:00,28681.0,28682.0,28658.0,28660.25,266,0.0,0.0
2026-08-03 00:55:00-04:00,28662.25,28663.25,28648.5,28651.0,281,0.0,0.0
2026-08-03 01:00:00-04:00,28650.75,28666.25,28645.75,28651.0,367,0.0,0.0
2026-08-03 01:05:00-04:00,28650.0,28650.0,28634.0,28641.75,480,0.0,0.0
2026-08-03 01:10:00-04:00,28641.0,28659.0,28636.5,28638.5,380,0.0,0.0
2026-08-03 01:15:00-04:00,28638.75,28638.75,28622.5,28625.25,498,0.0,0.0
2026-08-03 01:20:00-04:00,28625.75,28637.5,28625.75,28636.25,229,0.0,0.0
2026-08-03 01:25:00-04:00,28635.25,28648.75,28632.5,28638.25,410,0.0,0.0
2026-08-03 01:30:00-04:00,28636.75,28648.0,28634.0,28635.0,211,0.0,0.0
2026-08-03 01:35:00-04:00,28634.75,28646.75,28628.25,28642.5,206,0.0,0.0
2026-08-03 01:40:00-04:00,28641.5,28649.75,28632.5,28634.5,304,0.0,0.0
2026-08-03 01:45:00-04:00,28634.5,28645.25,28633.25,28639.75,212,0.0,0.0
2026-08-03 01:50:00-04:00,28639.75,28639.75,28617.0,28621.75,383,0.0,0.0
2026-08-03 01:55:00-04:00,28622.0,28641.75,28621.75,28641.25,328,0.0,0.0
2026-08-03 02:00:00-04:00,28642.0,28655.5,28631.5,28649.5,680,0.0,0.0
2026-08-03 02:05:00-04:00,28651.25,28656.5,28632.25,28640.25,550,0.0,0.0
2026-08-03 02:10:00-04:00,28641.75,28661.0,28640.0,28642.25,445,0.0,0.0
2026-08-03 02:15:00-04:00,28641.0,28645.75,28633.5,28640.75,299,0.0,0.0
2026-08-03 02:20:00-04:00,28639.25,28652.0,28631.5,28631.5,434,0.0,0.0
2026-08-03 02:25:00-04:00,28632.5,28632.5,28618.5,28625.75,522,0.0,0.0
2026-08-03 02:30:00-04:00,28627.0,28645.0,28624.25,28638.0,403,0.0,0.0
2026-08-03 02:35:00-04:00,28635.75,28641.75,28610.0,28620.0,389,0.0,0.0
2026-08-03 02:40:00-04:00,28620.75,28622.75,28609.0,28609.0,444,0.0,0.0
2026-08-03 02:45:00-04:00,28609.75,28618.75,28595.75,28597.5,670,0.0,0.0
2026-08-03 02:50:00-04:00,28598.0,28601.0,28585.25,28596.5,571,0.0,0.0
2026-08-03 02:55:00-04:00,28596.0,28596.5,28575.75,28593.25,560,0.0,0.0
2026-08-03 03:00:00-04:00,28594.25,28605.75,28563.75,28599.0,1062,0.0,0.0
2026-08-03 03:05:00-04:00,28599.0,28628.75,28599.0,28612.0,758,0.0,0.0
2026-08-03 03:10:00-04:00,28613.0,28634.5,28609.5,28617.5,620,0.0,0.0
2026-08-03 03:15:00-04:00,28618.75,28631.0,28569.25,28583.5,1497,0.0,0.0
2026-08-03 03:20:00-04:00,28583.0,28609.5,28576.75,28601.25,639,0.0,0.0
2026-08-03 03:25:00-04:00,28601.25,28609.25,28584.0,28604.0,457,0.0,0.0
2026-08-03 03:30:00-04:00,28604.5,28609.75,28595.75,28605.5,322,0.0,0.0
2026-08-03 03:35:00-04:00,28605.0,28615.5,28580.0,28582.25,482,0.0,0.0
2026-08-03 03:40:00-04:00,28581.75,28582.75,28560.25,28564.25,532,0.0,0.0
2026-08-03 03:45:00-04:00,28563.0,28587.5,28561.0,28576.0,342,0.0,0.0
2026-08-03 03:50:00-04:00,28576.75,28577.5,28558.5,28570.25,329,0.0,0.0
2026-08-03 03:55:00-04:00,28572.5,28589.5,28567.0,28588.25,435,0.0,0.0
2026-08-03 04:00:00-04:00,28588.0,28591.0,28526.5,28533.5,1202,0.0,0.0
2026-08-03 04:05:00-04:00,28535.25,28548.75,28518.5,28540.0,860,0.0,0.0
2026-08-03 04:10:00-04:00,28541.25,28564.0,28537.75,28561.25,580,0.0,0.0
2026-08-03 04:15:00-04:00,28560.0,28564.25,28511.75,28512.5,825,0.0,0.0
2026-08-03 04:20:00-04:00,28514.0,28521.25,28488.75,28495.0,852,0.0,0.0
2026-08-03 04:25:00-04:00,28492.5,28497.0,28473.25,28488.0,754,0.0,0.0
2026-08-03 04:30:00-04:00,28487.25,28495.5,28471.75,28483.25,560,0.0,0.0
2026-08-03 04:35:00-04:00,28484.0,28539.75,28483.75,28537.5,828,0.0,0.0
2026-08-03 04:40:00-04:00,28537.0,28555.0,28527.25,28537.25,675,0.0,0.0
2026-08-03 04:45:00-04:00,28536.25,28553.5,28527.0,28546.0,591,0.0,0.0
2026-08-03 04:50:00-04:00,28544.25,28566.0,28541.5,28559.5,611,0.0,0.0
2026-08-03 04:55:00-04:00,28561.25,28595.0,28561.25,28594.0,1208,0.0,0.0
2026-08-03 05:00:00-04:00,28594.75,28601.0,28568.25,28570.25,950,0.0,0.0
2026-08-03 05:05:00-04:00,28570.75,28595.25,28568.0,28573.25,372,0.0,0.0
2026-08-03 05:10:00-04:00,28571.75,28575.25,28543.0,28558.75,607,0.0,0.0
2026-08-03 05:15:00-04:00,28559.0,28582.25,28556.0,28573.5,441,0.0,0.0
2026-08-03 05:20:00-04:00,28573.75,28575.75,28552.25,28552.25,330,0.0,0.0
2026-08-03 05:25:00-04:00,28553.0,28560.0,28547.25,28556.75,393,0.0,0.0
2026-08-03 05:30:00-04:00,28556.75,28566.0,28547.25,28555.75,338,0.0,0.0
2026-08-03 05:35:00-04:00,28557.0,28576.5,28547.0,28552.0,473,0.0,0.0
2026-08-03 05:40:00-04:00,28552.5,28562.5,28543.5,28545.75,412,0.0,0.0
2026-08-03 05:45:00-04:00,28546.25,28560.25,28538.5,28545.25,362,0.0,0.0
2026-08-03 05:50:00-04:00,28545.25,28547.25,28521.0,28542.5,634,0.0,0.0
2026-08-03 05:55:00-04:00,28542.75,28563.25,28536.0,28559.0,465,0.0,0.0
2026-08-03 06:00:00-04:00,28559.25,28565.25,28536.5,28549.25,525,0.0,0.0
2026-08-03 06:05:00-04:00,28548.0,28550.5,28536.5,28541.25,326,0.0,0.0
2026-08-03 06:10:00-04:00,28543.0,28544.5,28526.0,28527.25,444,0.0,0.0
2026-08-03 06:15:00-04:00,28525.5,28540.0,28520.0,28525.25,509,0.0,0.0
2026-08-03 06:20:00-04:00,28526.75,28527.75,28491.25,28493.5,825,0.0,0.0
2026-08-03 06:25:00-04:00,28494.0,28511.5,28488.5,28508.0,626,0.0,0.0
2026-08-03 06:30:00-04:00,28508.0,28523.25,28490.0,28522.5,442,0.0,0.0
2026-08-03 06:35:00-04:00,28523.25,28531.5,28511.75,28526.5,508,0.0,0.0
2026-08-03 06:40:00-04:00,28526.0,28528.75,28514.0,28527.75,232,0.0,0.0
2026-08-03 06:45:00-04:00,28526.75,28536.25,28519.5,28520.25,378,0.0,0.0
2026-08-03 06:50:00-04:00,28521.0,28532.5,28514.25,28528.75,377,0.0,0.0
2026-08-03 06:55:00-04:00,28528.25,28546.5,28527.75,28541.0,455,0.0,0.0
2026-08-03 07:00:00-04:00,28541.25,28547.0,28481.25,28500.0,1362,0.0,0.0
2026-08-03 07:05:00-04:00,28497.75,28503.25,28465.25,28479.0,778,0.0,0.0
2026-08-03 07:10:00-04:00,28477.75,28489.5,28474.0,28487.25,460,0.0,0.0
2026-08-03 07:15:00-04:00,28487.5,28513.0,28481.0,28503.5,627,0.0,0.0
2026-08-03 07:20:00-04:00,28503.25,28510.5,28486.75,28489.5,436,0.0,0.0
2026-08-03 07:25:00-04:00,28489.25,28493.25,28468.75,28468.75,621,0.0,0.0
2026-08-03 07:30:00-04:00,28468.75,28511.25,28466.0,28506.25,652,0.0,0.0
2026-08-03 07:35:00-04:00,28505.75,28512.5,28457.25,28460.75,908,0.0,0.0
2026-08-03 07:40:00-04:00,28459.25,28476.5,28450.5,28474.5,888,0.0,0.0
2026-08-03 07:45:00-04:00,28475.25,28477.0,28442.5,28458.25,1055,0.0,0.0
2026-08-03 07:50:00-04:00,28457.0,28457.0,28409.5,28412.0,1419,0.0,0.0
2026-08-03 07:55:00-04:00,28411.5,28422.0,28403.5,28420.25,961,0.0,0.0
2026-08-03 08:00:00-04:00,28420.25,28420.25,28389.5,28395.5,1555,0.0,0.0
2026-08-03 08:05:00-04:00,28395.25,28419.5,28383.5,28416.75,1306,0.0,0.0
2026-08-03 08:10:00-04:00,28416.0,28435.75,28406.75,28434.75,1182,0.0,0.0
2026-08-03 08:15:00-04:00,28435.5,28447.0,28424.25,28441.25,1374,0.0,0.0
2026-08-03 08:20:00-04:00,28440.5,28458.75,28432.75,28436.0,1225,0.0,0.0
2026-08-03 08:25:00-04:00,28434.5,28461.75,28421.75,28449.0,1063,0.0,0.0
2026-08-03 08:30:00-04:00,28450.0,28462.25,28440.0,28454.5,1024,0.0,0.0
2026-08-03 08:35:00-04:00,28453.5,28456.5,28440.0,28447.0,1009,0.0,0.0
2026-08-03 08:40:00-04:00,28446.75,28487.75,28437.75,28487.25,1490,0.0,0.0
2026-08-03 08:45:00-04:00,28487.5,28491.5,28455.0,28458.25,1014,0.0,0.0
2026-08-03 08:50:00-04:00,28458.25,28475.0,28442.0,28471.0,843,0.0,0.0
2026-08-03 08:55:00-04:00,28469.0,28479.25,28453.5,28459.25,689,0.0,0.0
2026-08-03 09:00:00-04:00,28459.25,28472.0,28440.0,28465.75,1113,0.0,0.0
2026-08-03 09:05:00-04:00,28466.0,28477.5,28456.5,28459.5,1070,0.0,0.0
2026-08-03 09:10:00-04:00,28459.25,28468.0,28444.0,28460.0,1267,0.0,0.0
2026-08-03 09:15:00-04:00,28460.25,28494.25,28459.5,28486.75,1666,0.0,0.0
2026-08-03 09:20:00-04:00,28487.5,28489.5,28461.75,28472.0,1270,0.0,0.0
2026-08-03 09:25:00-04:00,28470.5,28470.5,28396.5,28418.5,4452,0.0,0.0
2026-08-03 09:30:00-04:00,28418.5,28435.25,28313.5,28380.75,19776,0.0,0.0
2026-08-03 09:35:00-04:00,28380.5,28540.0,28374.0,28502.25,16115,0.0,0.0
2026-08-03 09:40:00-04:00,28502.5,28522.5,28416.75,28494.0,11440,0.0,0.0
2026-08-03 09:45:00-04:00,28495.0,28539.0,28443.25,28474.25,11790,0.0,0.0
2026-08-03 09:50:00-04:00,28474.5,28525.5,28456.5,28523.5,7691,0.0,0.0
2026-08-03 09:55:00-04:00,28524.5,28628.0,28513.25,28626.25,10156,0.0,0.0
2026-08-03 10:00:00-04:00,28623.75,28626.5,28534.5,28552.75,11190,0.0,0.0
2026-08-03 10:05:00-04:00,28553.5,28597.5,28529.5,28572.0,7234,0.0,0.0
2026-08-03 10:10:00-04:00,28571.75,28616.25,28557.5,28572.25,8598,0.0,0.0
2026-08-03 10:15:00-04:00,28571.25,28638.5,28558.75,28613.5,7505,0.0,0.0
2026-08-03 10:20:00-04:00,28614.25,28666.0,28605.75,28661.5,6975,0.0,0.0
2026-08-03 10:25:00-04:00,28662.0,28684.0,28638.75,28678.5,7323,0.0,0.0
2026-08-03 10:30:00-04:00,28677.5,28692.0,28661.5,28684.75,6046,0.0,0.0
2026-08-03 10:35:00-04:00,28685.25,28733.0,28683.0,28716.0,7363,0.0,0.0
2026-08-03 10:40:00-04:00,28717.0,28735.0,28702.5,28708.0,5078,0.0,0.0
2026-08-03 10:45:00-04:00,28708.0,28744.5,28699.75,28738.75,5861,0.0,0.0
2026-08-03 10:50:00-04:00,28738.25,28798.25,28731.5,28779.5,9768,0.0,0.0
2026-08-03 10:55:00-04:00,28779.5,28803.75,28779.5,28801.75,6729,0.0,0.0
2026-08-03 11:00:00-04:00,28801.0,28802.25,28781.0,28791.25,4342,0.0,0.0
2026-08-03 11:05:00-04:00,28791.25,28796.0,28760.0,28766.75,4821,0.0,0.0
2026-08-03 11:10:00-04:00,28766.5,28781.0,28747.5,28758.25,5029,0.0,0.0
2026-08-03 11:15:00-04:00,28757.0,28787.25,28755.0,28780.5,3925,0.0,0.0
2026-08-03 11:20:00-04:00,28781.25,28798.75,28769.5,28780.75,3897,0.0,0.0
2026-08-03 11:25:00-04:00,28780.0,28793.0,28722.0,28734.25,6661,0.0,0.0
2026-08-03 11:30:00-04:00,28734.25,28780.0,28731.75,28764.5,5760,0.0,0.0
2026-08-03 11:35:00-04:00,28764.75,28778.25,28746.25,28767.0,3399,0.0,0.0
2026-08-03 11:40:00-04:00,28766.25,28788.5,28764.75,28782.5,3520,0.0,0.0
2026-08-03 11:45:00-04:00,28781.75,28796.0,28776.75,28785.0,3389,0.0,0.0
2026-08-03 11:50:00-04:00,28785.25,28814.5,28775.0,28805.0,3682,0.0,0.0
2026-08-03 11:55:00-04:00,28804.25,28805.75,28779.5,28792.5,3342,0.0,0.0
2026-08-03 12:00:00-04:00,28792.5,28815.75,28790.0,28806.5,4236,0.0,0.0
2026-08-03 12:05:00-04:00,28806.75,28821.25,28799.5,28812.75,3785,0.0,0.0
2026-08-03 12:10:00-04:00,28812.75,28818.5,28800.75,28815.5,2534,0.0,0.0
2026-08-03 12:15:00-04:00,28814.25,28847.25,28812.5,28844.75,3595,0.0,0.0
2026-08-03 12:20:00-04:00,28845.25,28846.5,28827.0,28833.5,3370,0.0,0.0
2026-08-03 12:25:00-04:00,28833.5,28839.75,28825.25,28837.0,3233,0.0,0.0
2026-08-03 12:30:00-04:00,28837.0,28844.75,28823.5,28835.0,2653,0.0,0.0
2026-08-03 12:35:00-04:00,28835.25,28838.25,28816.0,28822.5,2577,0.0,0.0
2026-08-03 12:40:00-04:00,28822.0,28835.5,28811.75,28833.75,2896,0.0,0.0
2026-08-03 12:45:00-04:00,28834.25,28843.0,28830.5,28832.75,2216,0.0,0.0
2026-08-03 12:50:00-04:00,28832.75,28843.75,28819.0,28823.0,2318,0.0,0.0
2026-08-03 12:55:00-04:00,28823.25,28833.75,28820.0,28822.5,1706,0.0,0.0
2026-08-03 13:00:00-04:00,28822.75,28832.25,28813.0,28827.75,2441,0.0,0.0
2026-08-03 13:05:00-04:00,28827.0,28841.75,28823.75,28837.25,2001,0.0,0.0
2026-08-03 13:10:00-04:00,28836.25,28863.75,28836.25,28857.5,3439,0.0,0.0
2026-08-03 13:15:00-04:00,28857.75,28870.75,28855.75,28870.5,2952,0.0,0.0
2026-08-03 13:20:00-04:00,28870.0,28881.75,28860.25,28878.75,3341,0.0,0.0
2026-08-03 13:25:00-04:00,28879.25,28890.5,28872.5,28885.75,2638,0.0,0.0
2026-08-03 13:30:00-04:00,28885.5,28894.0,28875.0,28891.5,3029,0.0,0.0
2026-08-03 13:35:00-04:00,28891.5,28894.0,28877.75,28878.75,2312,0.0,0.0
2026-08-03 13:40:00-04:00,28879.0,28888.0,28874.5,28885.5,2159,0.0,0.0
2026-08-03 13:45:00-04:00,28885.75,28897.25,28884.75,28892.0,2705,0.0,0.0
2026-08-03 13:50:00-04:00,28892.25,28899.75,28890.25,28899.25,2179,0.0,0.0
2026-08-03 13:55:00-04:00,28899.0,28921.75,28898.5,28917.5,4599,0.0,0.0
2026-08-03 14:00:00-04:00,28917.5,28946.75,28917.5,28945.5,5381,0.0,0.0
2026-08-03 14:05:00-04:00,28946.25,28958.0,28941.0,28954.25,4191,0.0,0.0
2026-08-03 14:10:00-04:00,28954.75,28964.25,28934.5,28940.0,4230,0.0,0.0
2026-08-03 14:15:00-04:00,28940.5,28958.75,28925.5,28928.75,3371,0.0,0.0
2026-08-03 14:20:00-04:00,28928.75,28934.75,28919.0,28921.5,3334,0.0,0.0
2026-08-03 14:25:00-04:00,28920.25,28926.75,28890.25,28892.75,3970,0.0,0.0
2026-08-03 14:30:00-04:00,28892.0,28907.0,28884.75,28893.0,3845,0.0,0.0
2026-08-03 14:35:00-04:00,28893.0,28902.25,28882.75,28889.75,2687,0.0,0.0
2026-08-03 14:40:00-04:00,28890.5,28914.25,28886.0,28913.0,2422,0.0,0.0
2026-08-03 14:45:00-04:00,28913.25,28923.25,28892.25,28921.5,3340,0.0,0.0
2026-08-03 14:50:00-04:00,28921.5,28926.0,28909.75,28915.25,2559,0.0,0.0
2026-08-03 14:55:00-04:00,28915.25,28918.5,28904.25,28907.0,2170,0.0,0.0
2026-08-03 15:00:00-04:00,28907.5,28943.75,28906.25,28934.0,4169,0.0,0.0
2026-08-03 15:05:00-04:00,28934.0,28936.75,28903.5,28909.0,3144,0.0,0.0
2026-08-03 15:10:00-04:00,28908.75,28920.0,28895.0,28900.0,2684,0.0,0.0
2026-08-03 15:15:00-04:00,28899.5,28924.75,28898.5,28923.25,3442,0.0,0.0
2026-08-03 15:20:00-04:00,28923.25,28926.5,28910.75,28916.5,2511,0.0,0.0
2026-08-03 15:25:00-04:00,28916.0,28924.0,28908.0,28912.75,2781,0.0,0.0
2026-08-03 15:30:00-04:00,28912.75,28926.0,28904.0,28911.75,3223,0.0,0.0
2026-08-03 15:35:00-04:00,28912.0,28923.5,28901.75,28905.25,3007,0.0,0.0
2026-08-03 15:40:00-04:00,28905.25,28919.5,28899.5,28914.75,3276,0.0,0.0
2026-08-03 15:45:00-04:00,28915.25,28921.5,28902.0,28916.0,3289,0.0,0.0
2026-08-03 15:50:00-04:00,28915.25,28935.5,28888.75,28899.5,8196,0.0,0.0
2026-08-03 15:55:00-04:00,28899.25,28904.75,28865.25,28900.25,16823,0.0,0.0
2026-08-03 16:00:00-04:00,28900.75,28902.25,28878.25,28884.75,4680,0.0,0.0
2026-08-03 16:05:00-04:00,28883.75,28912.75,28883.5,28908.5,2357,0.0,0.0
2026-08-03 16:10:00-04:00,28908.5,28917.25,28904.75,28911.0,1149,0.0,0.0
2026-08-03 16:15:00-04:00,28910.75,28930.0,28910.5,28928.25,1039,0.0,0.0
2026-08-03 16:20:00-04:00,28929.75,28945.0,28920.75,28921.0,1014,0.0,0.0
2026-08-03 16:25:00-04:00,28921.75,28926.25,28912.0,28913.75,705,0.0,0.0
2026-08-03 16:30:00-04:00,28913.25,28921.5,28909.75,28914.5,783,0.0,0.0
2026-08-03 16:35:00-04:00,28914.25,28928.5,28914.25,28923.75,506,0.0,0.0
2026-08-03 16:40:00-04:00,28923.25,28931.75,28922.25,28929.5,482,0.0,0.0
2026-08-03 16:45:00-04:00,28929.75,28931.5,28918.5,28921.0,479,0.0,0.0
2026-08-03 16:50:00-04:00,28921.25,28922.25,28914.5,28919.75,415,0.0,0.0
2026-08-03 16:55:00-04:00,28919.5,28929.5,28919.0,28929.25,376,0.0,0.0
2026-08-03 18:00:00-04:00,28930.0,28943.5,28919.0,28929.0,0,0.0,0.0
2026-08-03 18:05:00-04:00,28929.0,28945.0,28927.0,28941.0,380,0.0,0.0
2026-08-03 18:10:00-04:00,28940.25,28950.75,28922.25,28927.75,685,0.0,0.0
2026-08-03 18:15:00-04:00,28927.75,28948.5,28927.75,28945.0,418,0.0,0.0
2026-08-03 18:20:00-04:00,28945.0,28947.5,28937.25,28945.5,151,0.0,0.0
2026-08-03 18:25:00-04:00,28944.5,28946.5,28938.0,28944.0,123,0.0,0.0
2026-08-03 18:30:00-04:00,28941.5,28958.75,28932.25,28951.5,429,0.0,0.0
2026-08-03 18:35:00-04:00,28949.75,28955.25,28938.0,28950.0,412,0.0,0.0
2026-08-03 18:40:00-04:00,28952.5,28962.25,28951.75,28957.75,518,0.0,0.0
2026-08-03 18:45:00-04:00,28956.5,28956.75,28941.25,28946.25,503,0.0,0.0
2026-08-03 18:50:00-04:00,28946.25,28952.75,28941.25,28951.25,316,0.0,0.0
2026-08-03 18:55:00-04:00,28950.75,28952.5,28944.5,28945.75,142,0.0,0.0
2026-08-03 19:00:00-04:00,28944.0,28947.75,28935.75,28940.75,446,0.0,0.0
2026-08-03 19:05:00-04:00,28939.5,28942.75,28930.25,28936.75,296,0.0,0.0
2026-08-03 19:10:00-04:00,28938.0,28941.5,28934.75,28938.5,205,0.0,0.0
2026-08-03 19:15:00-04:00,28938.25,28956.75,28938.25,28952.0,377,0.0,0.0
2026-08-03 19:20:00-04:00,28952.0,28958.75,28947.25,28947.25,283,0.0,0.0
2026-08-03 19:25:00-04:00,28947.25,28951.25,28941.5,28948.75,235,0.0,0.0
2026-08-03 19:30:00-04:00,28947.75,28959.75,28941.25,28955.25,242,0.0,0.0
2026-08-03 19:35:00-04:00,28956.5,28957.0,28934.0,28936.5,382,0.0,0.0
2026-08-03 19:40:00-04:00,28937.25,28946.5,28937.0,28941.75,245,0.0,0.0
2026-08-03 19:45:00-04:00,28941.75,28964.0,28939.5,28955.25,592,0.0,0.0
2026-08-03 19:50:00-04:00,28957.5,28963.0,28947.0,28951.5,475,0.0,0.0
2026-08-03 19:55:00-04:00,28952.5,28972.25,28949.0,28971.0,487,0.0,0.0
2026-08-03 20:00:00-04:00,28971.25,28976.25,28940.75,28968.75,1288,0.0,0.0
2026-08-03 20:05:00-04:00,28967.25,28973.75,28948.25,28961.25,839,0.0,0.0
2026-08-03 20:10:00-04:00,28961.5,28961.75,28927.25,28930.75,924,0.0,0.0
2026-08-03 20:15:00-04:00,28932.25,28932.75,28903.25,28914.25,1028,0.0,0.0
2026-08-03 20:20:00-04:00,28912.25,28926.5,28900.5,28913.0,718,0.0,0.0
2026-08-03 20:25:00-04:00,28912.75,28922.75,28902.5,28905.75,736,0.0,0.0
2026-08-03 20:30:00-04:00,28905.5,28907.75,28881.25,28884.5,1036,0.0,0.0
2026-08-03 20:35:00-04:00,28882.75,28889.75,28871.75,28882.25,1183,0.0,0.0
2026-08-03 20:40:00-04:00,28881.75,28896.0,28864.25,28891.25,1050,0.0,0.0
2026-08-03 20:45:00-04:00,28892.25,28900.0,28870.25,28891.0,829,0.0,0.0
2026-08-03 20:50:00-04:00,28892.0,28908.25,28883.25,28893.0,787,0.0,0.0
2026-08-03 20:55:00-04:00,28894.0,28899.0,28868.0,28876.75,1044,0.0,0.0
2026-08-03 21:00:00-04:00,28876.0,28877.25,28831.75,28849.75,1971,0.0,0.0
2026-08-03 21:05:00-04:00,28847.25,28863.5,28838.5,28852.0,865,0.0,0.0
2026-08-03 21:10:00-04:00,28856.75,28872.0,28851.25,28858.5,648,0.0,0.0
2026-08-03 21:15:00-04:00,28859.75,28880.0,28851.5,28877.0,755,0.0,0.0
2026-08-03 21:20:00-04:00,28876.75,28893.75,28875.25,28884.5,893,0.0,0.0
2026-08-03 21:25:00-04:00,28884.5,28902.5,28873.5,28901.5,721,0.0,0.0
2026-08-03 21:30:00-04:00,28901.0,28925.0,28899.25,28923.5,897,0.0,0.0
2026-08-03 21:35:00-04:00,28924.75,28933.5,28904.5,28906.75,1012,0.0,0.0
2026-08-03 21:40:00-04:00,28907.25,28943.5,28905.5,28942.75,710,0.0,0.0
2026-08-03 21:45:00-04:00,28943.0,28971.0,28941.75,28965.5,1093,0.0,0.0
2026-08-03 21:50:00-04:00,28964.75,29048.0,28964.75,29039.0,2855,0.0,0.0
2026-08-03 21:55:00-04:00,29038.75,29045.0,29025.5,29041.25,854,0.0,0.0
2026-08-03 22:00:00-04:00,29041.75,29044.75,29011.5,29012.5,1026,0.0,0.0
2026-08-03 22:05:00-04:00,29012.25,29013.75,28980.75,28995.5,1243,0.0,0.0
2026-08-03 22:10:00-04:00,29000.0,29000.25,28967.5,28971.0,1192,0.0,0.0
2026-08-03 22:15:00-04:00,28970.0,28976.75,28959.0,28970.25,908,0.0,0.0
2026-08-03 22:20:00-04:00,28970.0,28978.0,28942.5,28965.5,979,0.0,0.0
2026-08-03 22:25:00-04:00,28963.25,28969.75,28947.0,28949.5,395,0.0,0.0
2026-08-03 22:30:00-04:00,28948.5,28982.0,28948.5,28970.5,751,0.0,0.0
2026-08-03 22:35:00-04:00,28973.5,28994.5,28968.0,28985.0,880,0.0,0.0
2026-08-03 22:40:00-04:00,28984.25,28993.5,28975.25,28985.75,564,0.0,0.0
2026-08-03 22:45:00-04:00,28985.75,28987.5,28960.0,28971.5,687,0.0,0.0
2026-08-03 22:50:00-04:00,28971.0,28992.0,28965.25,28987.5,453,0.0,0.0
2026-08-03 22:55:00-04:00,28986.75,28988.0,28970.25,28972.75,314,0.0,0.0
2026-08-03 23:00:00-04:00,28972.5,28992.0,28963.75,28966.25,563,0.0,0.0
2026-08-03 23:05:00-04:00,28969.5,28971.75,28950.0,28959.25,559,0.0,0.0
2026-08-03 23:10:00-04:00,28958.5,28960.0,28932.75,28941.25,671,0.0,0.0
2026-08-03 23:15:00-04:00,28942.75,28952.25,28931.75,28944.0,699,0.0,0.0
2026-08-03 23:20:00-04:00,28943.25,28976.0,28939.25,28971.75,734,0.0,0.0
2026-08-03 23:25:00-04:00,28971.75,28986.0,28967.5,28976.75,448,0.0,0.0
2026-08-03 23:30:00-04:00,28977.25,29004.5,28977.0,28996.5,729,0.0,0.0
2026-08-03 23:35:00-04:00,28995.25,28999.25,28984.5,28988.5,314,0.0,0.0
2026-08-03 23:40:00-04:00,28989.5,28989.5,28958.25,28968.75,534,0.0,0.0
2026-08-03 23:45:00-04:00,28967.0,28985.75,28957.75,28983.0,531,0.0,0.0
2026-08-03 23:50:00-04:00,28982.5,28990.75,28979.75,28984.0,277,0.0,0.0
2026-08-03 23:55:00-04:00,28989.0,29005.5,28982.5,29003.5,340,0.0,0.0
2026-08-04 00:05:00-04:00,28990.75,28995.25,28987.75,28990.25,726,0.0,0.0
2026-08-04 00:10:00-04:00,28989.25,28989.25,28968.5,28974.5,378,0.0,0.0
2026-08-04 00:15:00-04:00,28977.25,29009.75,28976.25,29006.0,423,0.0,0.0
2026-08-04 00:20:00-04:00,29006.5,29008.75,28998.75,29007.5,211,0.0,0.0
2026-08-04 00:25:00-04:00,29007.5,29015.25,29004.5,29007.5,251,0.0,0.0
2026-08-04 00:30:00-04:00,29009.25,29014.5,29005.5,29008.25,126,0.0,0.0
2026-08-04 00:35:00-04:00,29004.25,29008.25,28997.5,28998.25,222,0.0,0.0
2026-08-04 00:40:00-04:00,28998.0,29004.25,28995.75,28999.5,208,0.0,0.0
2026-08-04 00:45:00-04:00,28997.5,29010.5,28994.75,29009.75,167,0.0,0.0
2026-08-04 00:50:00-04:00,29010.5,29023.0,29004.75,29018.75,243,0.0,0.0
2026-08-04 00:55:00-04:00,29018.0,29023.25,29002.75,29015.5,189,0.0,0.0
2026-08-04 01:00:00-04:00,29016.25,29022.25,28993.25,29002.0,420,0.0,0.0
2026-08-04 01:05:00-04:00,29003.5,29008.75,28994.75,29005.5,162,0.0,0.0
2026-08-04 01:10:00-04:00,29005.25,29005.5,28978.25,28987.75,652,0.0,0.0
2026-08-04 01:15:00-04:00,28987.75,29004.25,28983.0,29004.25,412,0.0,0.0
2026-08-04 01:20:00-04:00,29004.25,29019.25,29001.0,29019.25,382,0.0,0.0
2026-08-04 01:25:00-04:00,29019.75,29032.25,29006.0,29026.5,507,0.0,0.0
2026-08-04 01:30:00-04:00,29025.25,29044.75,29025.0,29041.0,554,0.0,0.0
2026-08-04 01:35:00-04:00,29041.0,29074.75,29040.75,29049.75,1089,0.0,0.0
2026-08-04 01:40:00-04:00,29048.75,29062.75,29046.0,29058.5,325,0.0,0.0
2026-08-04 01:45:00-04:00,29056.25,29058.0,29043.5,29050.25,300,0.0,0.0
2026-08-04 01:50:00-04:00,29049.25,29065.0,29042.5,29058.5,358,0.0,0.0
2026-08-04 01:55:00-04:00,29058.5,29074.25,29054.25,29072.25,279,0.0,0.0
2026-08-04 02:00:00-04:00,29073.5,29081.75,29067.25,29076.75,726,0.0,0.0
2026-08-04 02:05:00-04:00,29075.5,29089.25,29068.5,29082.25,531,0.0,0.0
2026-08-04 02:10:00-04:00,29080.75,29092.5,29079.75,29089.0,499,0.0,0.0
2026-08-04 02:15:00-04:00,29089.0,29093.5,29076.5,29082.25,575,0.0,0.0
2026-08-04 02:20:00-04:00,29082.25,29095.25,29079.0,29086.25,441,0.0,0.0
2026-08-04 02:25:00-04:00,29085.5,29098.75,29079.75,29081.5,488,0.0,0.0
2026-08-04 02:30:00-04:00,29081.25,29090.0,29070.0,29071.0,596,0.0,0.0
2026-08-04 02:35:00-04:00,29071.5,29071.5,29049.25,29058.25,547,0.0,0.0
2026-08-04 02:40:00-04:00,29055.75,29060.0,29042.5,29054.75,303,0.0,0.0
2026-08-04 02:45:00-04:00,29055.0,29063.5,29051.75,29057.75,324,0.0,0.0
2026-08-04 02:50:00-04:00,29057.25,29064.25,29054.0,29062.5,234,0.0,0.0
2026-08-04 02:55:00-04:00,29062.5,29074.0,29053.0,29073.75,316,0.0,0.0
2026-08-04 03:00:00-04:00,29072.0,29100.25,29070.25,29094.75,1401,0.0,0.0
2026-08-04 03:05:00-04:00,29094.75,29096.5,29053.75,29055.0,899,0.0,0.0
2026-08-04 03:10:00-04:00,29053.75,29070.5,29036.5,29069.0,1324,0.0,0.0
2026-08-04 03:15:00-04:00,29069.75,29087.0,29062.25,29069.0,949,0.0,0.0
2026-08-04 03:20:00-04:00,29073.0,29091.75,29066.25,29091.75,519,0.0,0.0
2026-08-04 03:25:00-04:00,29091.5,29109.0,29089.5,29099.0,724,0.0,0.0
2026-08-04 03:30:00-04:00,29099.75,29119.25,29097.5,29104.25,955,0.0,0.0
2026-08-04 03:35:00-04:00,29104.25,29104.25,29080.0,29087.5,415,0.0,0.0
2026-08-04 03:40:00-04:00,29087.5,29093.0,29074.25,29081.5,515,0.0,0.0
2026-08-04 03:45:00-04:00,29080.25,29109.75,29079.25,29105.0,431,0.0,0.0
2026-08-04 03:50:00-04:00,29104.0,29105.75,29074.5,29077.0,579,0.0,0.0
2026-08-04 03:55:00-04:00,29077.0,29079.25,29065.25,29071.25,384,0.0,0.0
2026-08-04 04:00:00-04:00,29072.0,29117.5,29068.0,29108.5,946,0.0,0.0
2026-08-04 04:05:00-04:00,29109.75,29124.0,29105.5,29119.75,747,0.0,0.0
2026-08-04 04:10:00-04:00,29116.75,29118.0,29099.5,29108.0,522,0.0,0.0
2026-08-04 04:15:00-04:00,29106.0,29125.0,29106.0,29118.0,570,0.0,0.0
2026-08-04 04:20:00-04:00,29120.0,29131.5,29100.0,29103.25,631,0.0,0.0
2026-08-04 04:25:00-04:00,29104.5,29112.0,29096.75,29112.0,432,0.0,0.0
2026-08-04 04:30:00-04:00,29111.5,29111.5,29064.0,29076.25,762,0.0,0.0
2026-08-04 04:35:00-04:00,29077.0,29081.0,29060.5,29075.75,601,0.0,0.0
2026-08-04 04:40:00-04:00,29074.5,29077.0,29060.0,29069.5,378,0.0,0.0
2026-08-04 04:45:00-04:00,29067.5,29067.5,29039.0,29060.0,1178,0.0,0.0
2026-08-04 04:50:00-04:00,29061.0,29067.0,29056.75,29064.25,379,0.0,0.0
2026-08-04 04:55:00-04:00,29065.25,29077.5,29061.0,29068.75,661,0.0,0.0
2026-08-04 05:00:00-04:00,29069.0,29069.0,29039.75,29047.0,468,0.0,0.0
2026-08-04 05:05:00-04:00,29045.5,29049.5,29016.75,29022.5,726,0.0,0.0
2026-08-04 05:10:00-04:00,29022.5,29037.25,29011.75,29032.75,645,0.0,0.0
2026-08-04 05:15:00-04:00,29033.0,29035.5,29007.5,29022.75,530,0.0,0.0
2026-08-04 05:20:00-04:00,29022.5,29030.5,29014.75,29027.75,502,0.0,0.0
2026-08-04 05:25:00-04:00,29027.5,29045.25,29020.75,29044.0,606,0.0,0.0
2026-08-04 05:30:00-04:00,29046.0,29056.75,29042.0,29053.5,422,0.0,0.0
2026-08-04 05:35:00-04:00,29053.5,29066.25,29050.25,29066.25,552,0.0,0.0
2026-08-04 05:40:00-04:00,29066.0,29080.75,29066.0,29076.75,461,0.0,0.0
2026-08-04 05:45:00-04:00,29076.75,29089.25,29061.0,29081.5,936,0.0,0.0
2026-08-04 05:50:00-04:00,29080.75,29081.0,29057.5,29062.75,300,0.0,0.0
2026-08-04 05:55:00-04:00,29062.5,29077.75,29059.25,29077.75,202,0.0,0.0
2026-08-04 06:00:00-04:00,29078.5,29087.0,29067.25,29075.75,328,0.0,0.0
2026-08-04 06:05:00-04:00,29075.5,29096.75,29072.5,29094.75,372,0.0,0.0
2026-08-04 06:10:00-04:00,29095.5,29111.75,29090.5,29106.75,584,0.0,0.0
2026-08-04 06:15:00-04:00,29106.5,29106.5,29085.75,29097.0,832,0.0,0.0
2026-08-04 06:20:00-04:00,29096.25,29115.25,29090.5,29110.25,490,0.0,0.0
2026-08-04 06:25:00-04:00,29111.0,29114.25,29094.0,29096.75,350,0.0,0.0
2026-08-04 06:30:00-04:00,29096.25,29110.25,29093.25,29094.5,1014,0.0,0.0
2026-08-04 06:35:00-04:00,29092.75,29095.5,29074.0,29086.25,586,0.0,0.0
2026-08-04 06:40:00-04:00,29086.25,29130.75,29083.5,29120.75,932,0.0,0.0
2026-08-04 06:45:00-04:00,29120.25,29145.0,29113.5,29132.25,1830,0.0,0.0
2026-08-04 06:50:00-04:00,29132.5,29133.75,29111.0,29120.25,731,0.0,0.0
2026-08-04 06:55:00-04:00,29118.75,29124.0,29103.25,29115.5,455,0.0,0.0
2026-08-04 07:00:00-04:00,29116.75,29147.0,29114.25,29142.25,1026,0.0,0.0
2026-08-04 07:05:00-04:00,29142.25,29146.25,29125.75,29129.0,533,0.0,0.0
2026-08-04 07:10:00-04:00,29128.5,29149.75,29119.75,29144.5,690,0.0,0.0
2026-08-04 07:15:00-04:00,29144.5,29154.0,29139.5,29150.75,797,0.0,0.0
2026-08-04 07:20:00-04:00,29150.75,29166.75,29149.0,29149.5,841,0.0,0.0
2026-08-04 07:25:00-04:00,29150.0,29171.5,29148.25,29170.5,698,0.0,0.0
2026-08-04 07:30:00-04:00,29170.75,29174.5,29160.25,29169.0,586,0.0,0.0
2026-08-04 07:35:00-04:00,29169.25,29174.75,29159.5,29167.25,757,0.0,0.0
2026-08-04 07:40:00-04:00,29166.25,29212.5,29150.25,29204.75,2237,0.0,0.0
2026-08-04 07:45:00-04:00,29203.0,29217.5,29189.75,29216.0,1468,0.0,0.0
2026-08-04 07:50:00-04:00,29215.25,29245.75,29214.75,29239.5,2436,0.0,0.0
2026-08-04 07:55:00-04:00,29239.5,29243.25,29222.0,29237.5,1103,0.0,0.0
2026-08-04 08:00:00-04:00,29238.0,29238.0,29214.0,29224.0,989,0.0,0.0
2026-08-04 08:05:00-04:00,29222.5,29225.5,29203.25,29217.0,1078,0.0,0.0
2026-08-04 08:10:00-04:00,29216.5,29218.0,29202.5,29206.25,691,0.0,0.0
2026-08-04 08:15:00-04:00,29205.5,29227.5,29204.0,29225.25,794,0.0,0.0
2026-08-04 08:20:00-04:00,29225.75,29234.25,29218.0,29220.0,1107,0.0,0.0
2026-08-04 08:25:00-04:00,29219.75,29226.0,29216.0,29221.5,534,0.0,0.0
2026-08-04 08:30:00-04:00,29223.0,29225.75,29199.0,29213.25,1335,0.0,0.0
2026-08-04 08:35:00-04:00,29212.5,29222.0,29206.0,29215.25,675,0.0,0.0
2026-08-04 08:40:00-04:00,29215.0,29222.75,29211.25,29219.5,474,0.0,0.0
2026-08-04 08:45:00-04:00,29219.0,29221.5,29195.5,29199.25,906,0.0,0.0
2026-08-04 08:50:00-04:00,29198.5,29205.75,29191.0,29194.75,932,0.0,0.0
2026-08-04 08:55:00-04:00,29194.25,29212.75,29188.0,29202.75,811,0.0,0.0
2026-08-04 09:00:00-04:00,29203.25,29226.75,29191.25,29218.0,1459,0.0,0.0
2026-08-04 09:05:00-04:00,29219.0,29231.5,29218.0,29227.75,949,0.0,0.0
2026-08-04 09:10:00-04:00,29228.25,29235.25,29225.0,29231.0,870,0.0,0.0
2026-08-04 09:15:00-04:00,29232.0,29236.5,29223.0,29225.25,857,0.0,0.0
2026-08-04 09:20:00-04:00,29224.5,29282.25,29221.5,29240.75,4390,0.0,0.0
2026-08-04 09:25:00-04:00,29240.0,29254.25,29218.5,29234.75,3263,0.0,0.0
2026-08-04 09:30:00-04:00,29234.25,29384.25,29208.25,29382.75,19429,0.0,0.0
2026-08-04 09:35:00-04:00,29382.0,29413.0,29353.5,29392.5,15446,0.0,0.0
2026-08-04 09:40:00-04:00,29392.75,29452.75,29383.75,29411.5,13239,0.0,0.0
2026-08-04 09:45:00-04:00,29410.75,29461.25,29409.75,29459.75,11672,0.0,0.0
2026-08-04 09:50:00-04:00,29460.0,29503.75,29455.5,29501.5,10388,0.0,0.0
2026-08-04 09:55:00-04:00,29501.5,29502.5,29425.0,29466.0,9605,0.0,0.0
2026-08-04 10:00:00-04:00,29465.25,29497.75,29432.0,29486.75,10316,0.0,0.0
2026-08-04 10:05:00-04:00,29486.5,29533.0,29485.0,29518.5,9239,0.0,0.0
2026-08-04 10:10:00-04:00,29518.5,29544.25,29506.75,29541.0,6838,0.0,0.0
2026-08-04 10:15:00-04:00,29540.25,29548.25,29501.75,29523.5,8542,0.0,0.0
2026-08-04 10:20:00-04:00,29523.25,29524.5,29484.0,29508.5,8071,0.0,0.0
2026-08-04 10:25:00-04:00,29507.75,29568.5,29505.5,29559.0,8244,0.0,0.0
2026-08-04 10:30:00-04:00,29558.5,29567.25,29524.75,29543.75,8445,0.0,0.0
2026-08-04 10:35:00-04:00,29543.75,29572.75,29517.25,29527.25,8559,0.0,0.0
2026-08-04 10:40:00-04:00,29526.75,29559.0,29521.75,29556.75,5179,0.0,0.0
2026-08-04 10:45:00-04:00,29557.0,29561.5,29542.25,29545.75,4403,0.0,0.0
2026-08-04 10:50:00-04:00,29545.75,29556.0,29528.25,29545.25,4037,0.0,0.0
2026-08-04 10:55:00-04:00,29544.5,29552.0,29523.5,29549.75,5386,0.0,0.0
2026-08-04 11:00:00-04:00,29549.75,29589.5,29544.0,29585.0,6450,0.0,0.0
2026-08-04 11:05:00-04:00,29585.0,29595.75,29566.5,29594.25,5039,0.0,0.0
2026-08-04 11:10:00-04:00,29594.5,29624.75,29587.5,29618.75,6661,0.0,0.0
2026-08-04 11:15:00-04:00,29619.0,29635.25,29613.25,29632.25,5619,0.0,0.0
2026-08-04 11:20:00-04:00,29633.0,29661.75,29630.5,29659.0,6539,0.0,0.0
2026-08-04 11:25:00-04:00,29658.25,29663.5,29634.25,29639.5,5113,0.0,0.0
2026-08-04 11:30:00-04:00,29639.0,29645.5,29622.0,29629.25,3800,0.0,0.0
2026-08-04 11:35:00-04:00,29629.25,29682.5,29628.0,29668.25,7150,0.0,0.0
2026-08-04 11:40:00-04:00,29667.0,29679.0,29655.75,29677.0,4090,0.0,0.0
2026-08-04 11:45:00-04:00,29677.75,29690.5,29676.25,29682.75,4409,0.0,0.0
2026-08-04 11:50:00-04:00,29682.75,29696.75,29673.25,29676.25,4859,0.0,0.0
2026-08-04 11:55:00-04:00,29676.75,29685.5,29667.5,29671.0,2896,0.0,0.0
2026-08-04 12:00:00-04:00,29671.0,29700.0,29669.5,29687.5,4124,0.0,0.0
2026-08-04 12:05:00-04:00,29688.0,29697.5,29675.25,29676.0,2960,0.0,0.0
2026-08-04 12:10:00-04:00,29676.25,29685.0,29661.25,29674.5,3242,0.0,0.0
2026-08-04 12:15:00-04:00,29674.5,29708.25,29673.75,29705.25,3585,0.0,0.0
2026-08-04 12:20:00-04:00,29705.5,29719.75,29702.75,29715.5,3784,0.0,0.0
2026-08-04 12:25:00-04:00,29715.25,29716.25,29703.75,29706.5,2585,0.0,0.0
2026-08-04 12:30:00-04:00,29706.5,29726.0,29695.0,29721.25,3687,0.0,0.0
2026-08-04 12:35:00-04:00,29721.25,29731.75,29708.25,29715.25,3564,0.0,0.0
2026-08-04 12:40:00-04:00,29714.5,29730.25,29705.25,29726.25,3860,0.0,0.0
2026-08-04 12:45:00-04:00,29726.75,29743.0,29726.25,29743.0,4231,0.0,0.0
2026-08-04 12:50:00-04:00,29742.75,29744.5,29734.25,29736.5,2892,0.0,0.0
2026-08-04 12:55:00-04:00,29736.5,29744.5,29732.0,29742.75,2373,0.0,0.0
2026-08-04 13:00:00-04:00,29742.75,29782.75,29739.25,29781.0,6420,0.0,0.0
2026-08-04 13:05:00-04:00,29781.5,29794.75,29770.0,29785.5,4495,0.0,0.0
2026-08-04 13:10:00-04:00,29786.25,29799.75,29782.25,29797.25,3164,0.0,0.0
2026-08-04 13:15:00-04:00,29797.0,29805.25,29784.75,29790.25,3864,0.0,0.0
2026-08-04 13:20:00-04:00,29790.5,29806.0,29780.5,29803.0,3446,0.0,0.0
2026-08-04 13:25:00-04:00,29803.0,29825.75,29801.25,29819.0,4214,0.0,0.0
2026-08-04 13:30:00-04:00,29819.25,29823.0,29803.5,29820.0,3306,0.0,0.0
2026-08-04 13:35:00-04:00,29819.0,29848.0,29815.25,29846.75,4257,0.0,0.0
2026-08-04 13:40:00-04:00,29846.75,29865.5,29845.0,29865.0,4068,0.0,0.0
2026-08-04 13:45:00-04:00,29865.25,29898.75,29865.25,29880.5,5820,0.0,0.0
2026-08-04 13:50:00-04:00,29880.25,29880.25,29840.75,29845.75,5279,0.0,0.0
2026-08-04 13:55:00-04:00,29846.75,29865.0,29833.5,29834.75,4038,0.0,0.0
2026-08-04 14:00:00-04:00,29835.25,29854.75,29808.0,29818.25,6344,0.0,0.0
2026-08-04 14:05:00-04:00,29817.75,29847.5,29810.0,29839.0,3693,0.0,0.0
2026-08-04 14:10:00-04:00,29838.25,29860.25,29823.75,29859.0,3523,0.0,0.0
2026-08-04 14:15:00-04:00,29859.5,29874.0,29855.0,29868.75,2914,0.0,0.0
2026-08-04 14:20:00-04:00,29868.25,29884.25,29858.75,29869.75,3996,0.0,0.0
2026-08-04 14:25:00-04:00,29868.25,29880.0,29860.0,29879.75,1877,0.0,0.0
2026-08-04 14:30:00-04:00,29880.0,29893.0,29869.0,29872.75,2863,0.0,0.0
2026-08-04 14:35:00-04:00,29872.75,29877.75,29853.0,29859.5,2697,0.0,0.0
2026-08-04 14:40:00-04:00,29859.25,29863.5,29839.75,29854.5,3383,0.0,0.0
2026-08-04 14:45:00-04:00,29855.0,29895.5,29855.0,29882.5,3742,0.0,0.0
2026-08-04 14:50:00-04:00,29881.75,29895.5,29875.0,29880.75,2631,0.0,0.0
2026-08-04 14:55:00-04:00,29880.5,29886.75,29874.75,29881.5,2406,0.0,0.0
2026-08-04 15:00:00-04:00,29881.75,29925.75,29878.25,29913.5,5770,0.0,0.0
2026-08-04 15:05:00-04:00,29914.5,29931.75,29903.5,29929.25,4058,0.0,0.0
2026-08-04 15:10:00-04:00,29929.75,29939.25,29921.5,29926.5,3896,0.0,0.0
2026-08-04 15:15:00-04:00,29926.25,29945.25,29922.5,29940.5,3567,0.0,0.0
2026-08-04 15:20:00-04:00,29940.0,29943.25,29916.75,29922.75,3413,0.0,0.0
2026-08-04 15:25:00-04:00,29922.25,29927.25,29888.75,29900.5,4605,0.0,0.0
2026-08-04 15:30:00-04:00,29901.0,29916.5,29889.0,29913.0,4240,0.0,0.0
2026-08-04 15:35:00-04:00,29912.5,29931.5,29902.5,29921.75,3585,0.0,0.0
2026-08-04 15:40:00-04:00,29921.0,29951.0,29919.75,29949.75,4224,0.0,0.0
2026-08-04 15:45:00-04:00,29949.5,29956.5,29918.75,29921.25,5439,0.0,0.0
2026-08-04 15:50:00-04:00,29921.5,29932.5,29870.75,29871.0,11452,0.0,0.0
2026-08-04 15:55:00-04:00,29871.5,29894.5,29847.5,29876.75,23571,0.0,0.0
2026-08-04 16:00:00-04:00,29875.25,29902.25,29851.5,29877.5,8670,0.0,0.0
2026-08-04 16:05:00-04:00,29879.25,29949.75,29879.25,29914.5,3711,0.0,0.0
2026-08-04 16:10:00-04:00,29913.25,29923.5,29893.0,29915.75,2592,0.0,0.0
2026-08-04 16:15:00-04:00,29913.75,29913.75,29761.25,29780.25,6668,0.0,0.0
2026-08-04 16:20:00-04:00,29780.75,29836.0,29776.25,29801.5,2832,0.0,0.0
2026-08-04 16:25:00-04:00,29800.25,29829.0,29785.5,29791.75,1551,0.0,0.0
2026-08-04 16:30:00-04:00,29790.5,29813.0,29773.75,29778.0,1352,0.0,0.0
2026-08-04 16:35:00-04:00,29779.75,29789.25,29764.5,29786.75,1408,0.0,0.0
2026-08-04 16:40:00-04:00,29787.0,29817.25,29781.25,29797.5,1520,0.0,0.0
2026-08-04 16:45:00-04:00,29797.0,29823.25,29791.5,29819.75,1069,0.0,0.0
2026-08-04 16:50:00-04:00,29819.25,29820.0,29786.0,29793.75,743,0.0,0.0
2026-08-04 16:55:00-04:00,29793.25,29826.0,29792.0,29818.25,792,0.0,0.0
2026-08-04 18:00:00-04:00,29777.25,29813.75,29776.5,29796.0,0,0.0,0.0
2026-08-04 18:05:00-04:00,29797.75,29838.5,29797.75,29827.0,1049,0.0,0.0
2026-08-04 18:10:00-04:00,29825.5,29838.0,29824.25,29834.75,380,0.0,0.0
2026-08-04 18:15:00-04:00,29834.75,29839.75,29826.75,29834.75,416,0.0,0.0
2026-08-04 18:20:00-04:00,29836.25,29844.25,29819.25,29822.0,508,0.0,0.0
2026-08-04 18:25:00-04:00,29821.0,29840.0,29810.25,29833.0,531,0.0,0.0
2026-08-04 18:30:00-04:00,29835.0,29841.0,29824.0,29835.0,457,0.0,0.0
2026-08-04 18:35:00-04:00,29836.25,29841.75,29822.0,29826.0,750,0.0,0.0
2026-08-04 18:40:00-04:00,29825.75,29826.25,29794.75,29799.5,781,0.0,0.0
2026-08-04 18:45:00-04:00,29800.75,29811.5,29792.25,29803.0,426,0.0,0.0
2026-08-04 18:50:00-04:00,29802.75,29811.25,29800.0,29805.75,233,0.0,0.0
2026-08-04 18:55:00-04:00,29805.5,29828.0,29803.75,29827.5,460,0.0,0.0
2026-08-04 19:00:00-04:00,29825.75,29846.75,29809.75,29838.25,772,0.0,0.0
2026-08-04 19:05:00-04:00,29838.5,29846.75,29834.0,29839.5,373,0.0,0.0
2026-08-04 19:10:00-04:00,29837.5,29844.75,29833.25,29838.5,280,0.0,0.0
2026-08-04 19:15:00-04:00,29838.75,29845.5,29838.75,29844.25,161,0.0,0.0
2026-08-04 19:20:00-04:00,29844.0,29844.0,29826.25,29829.5,272,0.0,0.0
2026-08-04 19:25:00-04:00,29828.75,29831.0,29817.75,29825.0,456,0.0,0.0
2026-08-04 19:30:00-04:00,29824.0,29834.75,29802.0,29805.0,566,0.0,0.0
2026-08-04 19:35:00-04:00,29803.75,29819.0,29803.0,29815.25,273,0.0,0.0
2026-08-04 19:40:00-04:00,29815.25,29844.25,29811.25,29843.0,902,0.0,0.0
2026-08-04 19:45:00-04:00,29843.25,29857.25,29826.0,29838.25,1075,0.0,0.0
2026-08-04 19:50:00-04:00,29840.25,29849.5,29830.0,29839.5,461,0.0,0.0
2026-08-04 19:55:00-04:00,29838.25,29856.5,29834.75,29834.75,463,0.0,0.0
2026-08-04 20:00:00-04:00,29835.5,29853.75,29818.75,29845.75,1157,0.0,0.0
2026-08-04 20:05:00-04:00,29846.5,29865.0,29830.0,29837.0,964,0.0,0.0
2026-08-04 20:10:00-04:00,29835.0,29858.5,29830.0,29858.5,554,0.0,0.0
2026-08-04 20:15:00-04:00,29858.0,29858.75,29836.5,29852.0,628,0.0,0.0
2026-08-04 20:20:00-04:00,29852.5,29857.75,29833.5,29852.0,688,0.0,0.0
2026-08-04 20:25:00-04:00,29853.25,29864.5,29847.5,29863.0,570,0.0,0.0
2026-08-04 20:30:00-04:00,29862.75,29877.0,29861.75,29871.25,867,0.0,0.0
2026-08-04 20:35:00-04:00,29871.25,29874.0,29835.5,29852.25,759,0.0,0.0
2026-08-04 20:40:00-04:00,29853.75,29857.25,29838.0,29838.75,634,0.0,0.0
2026-08-04 20:45:00-04:00,29838.0,29845.25,29810.0,29832.25,923,0.0,0.0
2026-08-04 20:50:00-04:00,29832.5,29862.5,29820.5,29841.0,1188,0.0,0.0
2026-08-04 20:55:00-04:00,29841.0,29850.0,29831.75,29848.75,488,0.0,0.0
2026-08-04 21:00:00-04:00,29849.25,29850.0,29817.0,29831.0,733,0.0,0.0
2026-08-04 21:05:00-04:00,29831.75,29849.5,29830.5,29846.25,449,0.0,0.0
2026-08-04 21:10:00-04:00,29846.5,29861.5,29837.25,29840.0,769,0.0,0.0
2026-08-04 21:15:00-04:00,29840.75,29842.75,29803.25,29818.0,909,0.0,0.0
2026-08-04 21:20:00-04:00,29817.0,29833.0,29809.75,29812.0,494,0.0,0.0
2026-08-04 21:25:00-04:00,29811.5,29820.5,29797.0,29817.75,715,0.0,0.0
2026-08-04 21:30:00-04:00,29819.0,29839.75,29813.0,29818.75,780,0.0,0.0
2026-08-04 21:35:00-04:00,29818.25,29843.75,29814.25,29839.25,579,0.0,0.0
2026-08-04 21:40:00-04:00,29842.0,29844.75,29818.0,29834.0,580,0.0,0.0
2026-08-04 21:45:00-04:00,29834.5,29875.5,29833.75,29869.5,1491,0.0,0.0
2026-08-04 21:50:00-04:00,29870.0,29873.0,29862.0,29868.75,428,0.0,0.0
2026-08-04 21:55:00-04:00,29870.25,29887.5,29863.5,29869.0,795,0.0,0.0
2026-08-04 22:00:00-04:00,29870.0,29889.25,29869.75,29871.5,1002,0.0,0.0
2026-08-04 22:05:00-04:00,29872.5,29882.5,29864.0,29872.0,427,0.0,0.0
2026-08-04 22:10:00-04:00,29872.25,29877.75,29865.75,29871.0,289,0.0,0.0
2026-08-04 22:15:00-04:00,29871.75,29874.25,29862.25,29874.25,276,0.0,0.0
2026-08-04 22:20:00-04:00,29873.25,29876.25,29865.0,29866.0,295,0.0,0.0
2026-08-04 22:25:00-04:00,29865.0,29868.75,29850.25,29853.0,477,0.0,0.0
2026-08-04 22:30:00-04:00,29854.5,29861.25,29842.25,29859.5,600,0.0,0.0
2026-08-04 22:35:00-04:00,29859.5,29863.0,29845.0,29845.75,388,0.0,0.0
2026-08-04 22:40:00-04:00,29846.5,29860.25,29843.0,29858.75,266,0.0,0.0
2026-08-04 22:45:00-04:00,29857.75,29874.25,29855.25,29856.25,447,0.0,0.0
2026-08-04 22:50:00-04:00,29855.75,29875.0,29855.5,29870.25,327,0.0,0.0
2026-08-04 22:55:00-04:00,29870.25,29870.75,29859.0,29860.75,190,0.0,0.0
2026-08-04 23:00:00-04:00,29859.0,29876.25,29855.75,29875.5,408,0.0,0.0
2026-08-04 23:05:00-04:00,29875.5,29881.75,29873.0,29875.75,277,0.0,0.0
2026-08-04 23:10:00-04:00,29876.75,29890.0,29874.0,29884.25,375,0.0,0.0
2026-08-04 23:15:00-04:00,29883.5,29892.0,29881.0,29882.0,388,0.0,0.0
2026-08-04 23:20:00-04:00,29881.25,29890.75,29874.5,29874.75,405,0.0,0.0
2026-08-04 23:25:00-04:00,29875.25,29877.0,29863.25,29863.25,337,0.0,0.0
2026-08-04 23:30:00-04:00,29864.75,29869.75,29858.25,29868.75,295,0.0,0.0
2026-08-04 23:35:00-04:00,29867.5,29878.25,29864.5,29878.25,265,0.0,0.0
2026-08-04 23:40:00-04:00,29876.5,29892.0,29875.5,29885.5,476,0.0,0.0
2026-08-04 23:45:00-04:00,29886.5,29891.5,29867.5,29877.5,401,0.0,0.0
2026-08-04 23:50:00-04:00,29878.0,29892.0,29875.25,29886.75,467,0.0,0.0
2026-08-04 23:55:00-04:00,29888.0,29893.75,29885.25,29890.0,232,0.0,0.0
2026-08-05 00:05:00-04:00,29896.75,29897.0,29892.5,29894.0,581,0.0,0.0
2026-08-05 00:10:00-04:00,29894.0,29898.25,29883.25,29884.25,430,0.0,0.0
2026-08-05 00:15:00-04:00,29883.5,29883.75,29869.75,29872.0,308,0.0,0.0
2026-08-05 00:20:00-04:00,29873.0,29873.5,29859.75,29866.0,331,0.0,0.0
2026-08-05 00:25:00-04:00,29866.75,29872.25,29863.0,29871.25,204,0.0,0.0
2026-08-05 00:30:00-04:00,29872.0,29890.75,29869.25,29888.0,380,0.0,0.0
2026-08-05 00:35:00-04:00,29888.75,29897.0,29887.75,29895.75,335,0.0,0.0
2026-08-05 00:40:00-04:00,29895.5,29909.25,29895.0,29905.75,693,0.0,0.0
2026-08-05 00:45:00-04:00,29904.5,29907.5,29899.0,29904.25,230,0.0,0.0
2026-08-05 00:50:00-04:00,29901.75,29904.0,29883.5,29896.75,413,0.0,0.0
2026-08-05 00:55:00-04:00,29896.75,29917.0,29896.75,29902.75,590,0.0,0.0
2026-08-05 01:00:00-04:00,29902.5,29924.0,29895.0,29917.75,632,0.0,0.0
2026-08-05 01:05:00-04:00,29916.5,29935.5,29914.0,29926.25,585,0.0,0.0
2026-08-05 01:10:00-04:00,29926.75,29939.75,29926.75,29937.25,304,0.0,0.0
2026-08-05 01:15:00-04:00,29937.5,29944.0,29934.0,29941.5,318,0.0,0.0
2026-08-05 01:20:00-04:00,29941.0,29946.75,29938.0,29942.75,296,0.0,0.0
2026-08-05 01:25:00-04:00,29943.25,29949.0,29935.75,29937.0,395,0.0,0.0
2026-08-05 01:30:00-04:00,29936.75,29944.5,29922.75,29925.0,859,0.0,0.0
2026-08-05 01:35:00-04:00,29925.5,29932.25,29919.75,29928.5,344,0.0,0.0
2026-08-05 01:40:00-04:00,29929.5,29942.0,29927.0,29941.5,472,0.0,0.0
2026-08-05 01:45:00-04:00,29942.0,29952.5,29940.75,29951.0,661,0.0,0.0
2026-08-05 01:50:00-04:00,29950.25,29977.25,29950.0,29977.0,1312,0.0,0.0
2026-08-05 01:55:00-04:00,29976.75,29985.25,29974.75,29980.5,759,0.0,0.0
2026-08-05 02:00:00-04:00,29980.0,29983.25,29964.0,29965.0,717,0.0,0.0
2026-08-05 02:05:00-04:00,29965.5,29980.5,29961.0,29979.5,528,0.0,0.0
2026-08-05 02:10:00-04:00,29979.25,29990.0,29978.75,29981.0,385,0.0,0.0
2026-08-05 02:15:00-04:00,29980.25,29982.75,29963.0,29971.5,449,0.0,0.0
2026-08-05 02:20:00-04:00,29973.75,29974.75,29931.5,29937.5,978,0.0,0.0
2026-08-05 02:25:00-04:00,29938.0,29941.5,29925.5,29929.25,592,0.0,0.0
2026-08-05 02:30:00-04:00,29929.5,29965.0,29925.75,29956.75,891,0.0,0.0
2026-08-05 02:35:00-04:00,29955.5,29963.0,29944.0,29945.75,332,0.0,0.0
2026-08-05 02:40:00-04:00,29946.25,29949.25,29934.5,29938.25,260,0.0,0.0
2026-08-05 02:45:00-04:00,29941.0,29961.0,29936.75,29957.25,310,0.0,0.0
2026-08-05 02:50:00-04:00,29956.75,29959.75,29949.25,29952.25,303,0.0,0.0
2026-08-05 02:55:00-04:00,29952.5,29970.75,29952.0,29969.75,350,0.0,0.0
2026-08-05 03:00:00-04:00,29969.0,29987.0,29962.5,29967.75,979,0.0,0.0
2026-08-05 03:05:00-04:00,29968.25,29983.5,29954.5,29961.75,758,0.0,0.0
2026-08-05 03:10:00-04:00,29961.5,29962.25,29936.25,29950.75,540,0.0,0.0
2026-08-05 03:15:00-04:00,29950.25,29953.25,29932.75,29940.75,642,0.0,0.0
2026-08-05 03:20:00-04:00,29938.25,29944.5,29926.25,29928.75,388,0.0,0.0
2026-08-05 03:25:00-04:00,29929.75,29931.5,29900.25,29907.5,1075,0.0,0.0
2026-08-05 03:30:00-04:00,29908.25,29919.5,29894.75,29900.5,658,0.0,0.0
2026-08-05 03:35:00-04:00,29900.25,29911.25,29885.5,29906.0,665,0.0,0.0
2026-08-05 03:40:00-04:00,29907.5,29911.75,29885.25,29886.25,390,0.0,0.0
2026-08-05 03:45:00-04:00,29887.75,29909.25,29885.0,29896.75,477,0.0,0.0
2026-08-05 03:50:00-04:00,29896.25,29903.5,29886.25,29894.5,215,0.0,0.0
2026-08-05 03:55:00-04:00,29894.75,29913.5,29891.25,29903.25,409,0.0,0.0
2026-08-05 04:00:00-04:00,29905.0,29926.0,29897.75,29923.25,818,0.0,0.0
2026-08-05 04:05:00-04:00,29922.5,29925.25,29914.5,29916.5,261,0.0,0.0
2026-08-05 04:10:00-04:00,29878.75,29882.25,29853.75,29863.75,1977,0.0,0.0
2026-08-05 04:15:00-04:00,29865.0,29873.75,29851.0,29854.25,757,0.0,0.0
2026-08-05 04:20:00-04:00,29857.5,29858.75,29825.0,29826.25,986,0.0,0.0
2026-08-05 04:25:00-04:00,29826.75,29842.0,29819.5,29833.75,772,0.0,0.0
2026-08-05 04:30:00-04:00,29836.5,29836.5,29807.0,29818.75,903,0.0,0.0
2026-08-05 04:35:00-04:00,29821.25,29844.25,29804.75,29807.25,828,0.0,0.0
2026-08-05 04:40:00-04:00,29806.75,29819.5,29798.5,29811.75,1071,0.0,0.0
2026-08-05 04:45:00-04:00,29812.25,29831.75,29797.75,29830.0,637,0.0,0.0
2026-08-05 04:50:00-04:00,29831.25,29840.75,29822.0,29824.75,774,0.0,0.0
2026-08-05 04:55:00-04:00,29825.25,29843.0,29824.75,29836.5,462,0.0,0.0
2026-08-05 05:00:00-04:00,29837.75,29848.75,29822.0,29844.0,592,0.0,0.0
2026-08-05 05:05:00-04:00,29844.5,29853.75,29839.25,29846.5,669,0.0,0.0
2026-08-05 05:10:00-04:00,29846.5,29849.0,29831.75,29833.75,355,0.0,0.0
2026-08-05 05:15:00-04:00,29833.5,29835.5,29814.25,29830.25,782,0.0,0.0
2026-08-05 05:20:00-04:00,29830.75,29854.0,29829.0,29851.25,830,0.0,0.0
2026-08-05 05:25:00-04:00,29850.0,29864.25,29844.75,29861.25,904,0.0,0.0
2026-08-05 05:30:00-04:00,29862.25,29873.75,29860.0,29872.5,512,0.0,0.0
2026-08-05 05:35:00-04:00,29872.0,29888.75,29871.25,29881.0,1108,0.0,0.0
2026-08-05 05:40:00-04:00,29882.0,29885.25,29872.0,29883.25,515,0.0,0.0
2026-08-05 05:45:00-04:00,29883.0,29893.5,29856.0,29856.75,818,0.0,0.0
2026-08-05 05:50:00-04:00,29858.0,29867.25,29853.25,29862.75,462,0.0,0.0
2026-08-05 05:55:00-04:00,29864.25,29872.5,29857.5,29857.5,266,0.0,0.0
2026-08-05 06:00:00-04:00,29857.25,29871.75,29851.75,29866.25,503,0.0,0.0
2026-08-05 06:05:00-04:00,29866.75,29867.5,29851.0,29854.25,299,0.0,0.0
2026-08-05 06:10:00-04:00,29853.5,29853.5,29833.75,29840.5,878,0.0,0.0
2026-08-05 06:15:00-04:00,29839.5,29857.5,29836.25,29850.25,468,0.0,0.0
2026-08-05 06:20:00-04:00,29850.25,29859.25,29845.0,29859.0,210,0.0,0.0
2026-08-05 06:25:00-04:00,29857.5,29866.0,29853.75,29858.75,298,0.0,0.0
2026-08-05 06:30:00-04:00,29857.5,29871.0,29850.0,29867.75,374,0.0,0.0
2026-08-05 06:35:00-04:00,29866.75,29871.25,29858.0,29861.0,180,0.0,0.0
2026-08-05 06:40:00-04:00,29858.25,29864.25,29850.75,29857.25,306,0.0,0.0
2026-08-05 06:45:00-04:00,29857.75,29871.0,29834.5,29845.75,728,0.0,0.0
2026-08-05 06:50:00-04:00,29845.25,29868.75,29839.25,29857.75,504,0.0,0.0
2026-08-05 06:55:00-04:00,29861.75,29869.75,29857.75,29862.25,411,0.0,0.0
2026-08-05 07:00:00-04:00,29865.5,29905.5,29865.5,29897.75,1692,0.0,0.0
2026-08-05 07:05:00-04:00,29898.75,29919.0,29883.0,29919.0,1045,0.0,0.0
2026-08-05 07:10:00-04:00,29915.5,29921.0,29897.5,29904.5,720,0.0,0.0
2026-08-05 07:15:00-04:00,29904.5,29911.25,29897.5,29907.5,360,0.0,0.0
2026-08-05 07:20:00-04:00,29908.5,29915.75,29899.75,29915.75,504,0.0,0.0
2026-08-05 07:25:00-04:00,29916.0,29923.0,29900.5,29900.5,580,0.0,0.0
2026-08-05 07:30:00-04:00,29900.5,29930.0,29890.5,29926.0,1046,0.0,0.0
2026-08-05 07:35:00-04:00,29925.5,29931.25,29917.0,29925.0,510,0.0,0.0
2026-08-05 07:40:00-04:00,29925.25,29931.0,29916.0,29916.0,644,0.0,0.0
2026-08-05 07:45:00-04:00,29914.5,29943.5,29903.5,29939.75,981,0.0,0.0
2026-08-05 07:50:00-04:00,29939.25,29943.5,29907.75,29914.25,955,0.0,0.0
2026-08-05 07:55:00-04:00,29914.75,29923.25,29907.75,29919.5,656,0.0,0.0
2026-08-05 08:00:00-04:00,29919.5,29925.75,29902.25,29902.25,960,0.0,0.0
2026-08-05 08:05:00-04:00,29902.25,29907.75,29891.25,29905.5,1000,0.0,0.0
2026-08-05 08:10:00-04:00,29905.0,29923.0,29900.5,29920.0,826,0.0,0.0
2026-08-05 08:15:00-04:00,29920.0,29928.75,29897.5,29916.0,956,0.0,0.0
2026-08-05 08:20:00-04:00,29915.75,29934.5,29908.75,29924.25,967,0.0,0.0
2026-08-05 08:25:00-04:00,29925.5,29939.75,29910.25,29935.25,1107,0.0,0.0
2026-08-05 08:30:00-04:00,29935.5,29942.0,29892.75,29919.0,1680,0.0,0.0
2026-08-05 08:35:00-04:00,29920.0,29950.0,29918.5,29935.25,1338,0.0,0.0
2026-08-05 08:40:00-04:00,29936.0,29943.5,29930.25,29941.0,612,0.0,0.0
2026-08-05 08:45:00-04:00,29941.5,29946.5,29930.0,29939.0,615,0.0,0.0
2026-08-05 08:50:00-04:00,29939.5,29942.0,29914.25,29918.75,769,0.0,0.0
2026-08-05 08:55:00-04:00,29919.5,29928.0,29908.25,29915.0,792,0.0,0.0
2026-08-05 09:00:00-04:00,29917.25,29944.0,29916.75,29937.5,925,0.0,0.0
2026-08-05 09:05:00-04:00,29938.25,29949.5,29936.5,29937.75,965,0.0,0.0
2026-08-05 09:10:00-04:00,29938.5,29946.25,29923.75,29929.5,804,0.0,0.0
2026-08-05 09:15:00-04:00,29928.75,29929.0,29910.25,29917.25,1117,0.0,0.0
2026-08-05 09:20:00-04:00,29917.25,29921.5,29894.75,29910.25,1662,0.0,0.0
2026-08-05 09:25:00-04:00,29908.75,29978.5,29908.75,29974.0,4018,0.0,0.0
2026-08-05 09:30:00-04:00,29975.25,30013.25,29935.5,30013.0,19565,0.0,0.0
2026-08-05 09:35:00-04:00,30011.5,30032.5,29910.25,30005.25,15865,0.0,0.0
2026-08-05 09:40:00-04:00,30006.25,30059.0,29981.25,30052.0,10643,0.0,0.0
2026-08-05 09:45:00-04:00,30053.5,30074.0,30017.25,30055.5,10631,0.0,0.0
2026-08-05 09:50:00-04:00,30055.75,30065.0,29967.75,30026.0,11817,0.0,0.0
2026-08-05 09:55:00-04:00,30025.75,30058.5,29978.5,30048.75,7784,0.0,0.0
2026-08-05 10:00:00-04:00,30048.5,30048.5,29918.5,29965.75,12213,0.0,0.0
2026-08-05 10:05:00-04:00,29964.75,30029.5,29959.25,30003.5,8952,0.0,0.0
2026-08-05 10:10:00-04:00,30003.5,30020.25,29969.0,29998.5,5849,0.0,0.0
2026-08-05 10:15:00-04:00,29997.5,30026.0,29971.5,29973.75,5218,0.0,0.0
2026-08-05 10:20:00-04:00,29973.5,29977.75,29901.25,29960.0,9482,0.0,0.0
2026-08-05 10:25:00-04:00,29959.75,29989.25,29910.75,29915.0,8450,0.0,0.0
2026-08-05 10:30:00-04:00,29915.0,29918.75,29853.25,29885.25,11319,0.0,0.0
2026-08-05 10:35:00-04:00,29884.5,29914.0,29840.5,29840.75,8756,0.0,0.0
2026-08-05 10:40:00-04:00,29841.5,29873.0,29824.75,29862.25,9945,0.0,0.0
2026-08-05 10:45:00-04:00,29862.25,29905.25,29838.25,29892.0,7747,0.0,0.0
2026-08-05 10:50:00-04:00,29890.5,29905.5,29788.0,29822.0,11763,0.0,0.0
2026-08-05 10:55:00-04:00,29823.0,29863.25,29801.75,29848.25,7220,0.0,0.0
2026-08-05 11:00:00-04:00,29849.0,29881.25,29826.0,29846.25,6419,0.0,0.0
2026-08-05 11:05:00-04:00,29846.25,29886.25,29827.75,29872.75,6079,0.0,0.0
2026-08-05 11:10:00-04:00,29871.0,29890.75,29833.0,29839.5,5536,0.0,0.0
2026-08-05 11:15:00-04:00,29839.0,29849.5,29763.5,29833.0,10698,0.0,0.0
2026-08-05 11:20:00-04:00,29832.25,29847.5,29814.0,29817.5,5425,0.0,0.0
2026-08-05 11:25:00-04:00,29818.0,29832.5,29794.25,29809.5,5742,0.0,0.0
2026-08-05 11:30:00-04:00,29808.5,29860.75,29805.5,29819.5,4525,0.0,0.0
2026-08-05 11:35:00-04:00,29820.0,29855.75,29818.0,29843.25,3438,0.0,0.0
2026-08-05 11:40:00-04:00,29843.0,29853.0,29811.75,29819.25,3175,0.0,0.0
2026-08-05 11:45:00-04:00,29820.0,29820.75,29788.0,29792.0,4435,0.0,0.0
2026-08-05 11:50:00-04:00,29792.5,29807.0,29771.75,29778.0,4662,0.0,0.0
2026-08-05 11:55:00-04:00,29777.25,29777.25,29713.25,29739.0,7732,0.0,0.0
2026-08-05 12:00:00-04:00,29738.25,29766.0,29711.0,29757.0,6111,0.0,0.0
2026-08-05 12:05:00-04:00,29757.5,29763.0,29703.25,29721.0,4487,0.0,0.0
2026-08-05 12:10:00-04:00,29721.0,29734.25,29702.0,29731.25,3994,0.0,0.0
2026-08-05 12:15:00-04:00,29730.75,29761.5,29720.0,29739.25,3738,0.0,0.0
2026-08-05 12:20:00-04:00,29739.25,29795.25,29735.75,29768.75,6706,0.0,0.0
2026-08-05 12:25:00-04:00,29769.25,29835.25,29769.0,29829.25,4889,0.0,0.0
2026-08-05 12:30:00-04:00,29829.75,29839.75,29770.0,29795.25,5508,0.0,0.0
2026-08-05 12:35:00-04:00,29796.5,29811.25,29773.5,29796.75,2731,0.0,0.0
2026-08-05 12:40:00-04:00,29798.5,29821.0,29785.0,29788.5,2911,0.0,0.0
2026-08-05 12:45:00-04:00,29789.25,29801.75,29778.5,29791.5,2461,0.0,0.0
2026-08-05 12:50:00-04:00,29790.5,29826.25,29786.0,29815.25,3105,0.0,0.0
2026-08-05 12:55:00-04:00,29815.25,29822.5,29802.25,29808.25,1974,0.0,0.0
2026-08-05 13:00:00-04:00,29809.75,29819.75,29770.75,29776.5,2968,0.0,0.0
2026-08-05 13:05:00-04:00,29776.0,29786.25,29753.75,29760.0,2995,0.0,0.0
2026-08-05 13:10:00-04:00,29760.75,29784.25,29744.25,29767.25,3036,0.0,0.0
2026-08-05 13:15:00-04:00,29766.75,29781.5,29748.25,29760.0,2520,0.0,0.0
2026-08-05 13:20:00-04:00,29759.75,29766.0,29740.5,29765.25,2455,0.0,0.0
2026-08-05 13:25:00-04:00,29764.25,29782.0,29751.5,29754.5,2475,0.0,0.0
2026-08-05 13:30:00-04:00,29754.25,29770.25,29738.75,29757.25,2560,0.0,0.0
2026-08-05 13:35:00-04:00,29757.25,29769.0,29749.75,29760.25,1715,0.0,0.0
2026-08-05 13:40:00-04:00,29760.0,29779.25,29752.5,29757.5,2154,0.0,0.0
2026-08-05 13:45:00-04:00,29756.5,29773.75,29734.25,29765.75,2864,0.0,0.0
2026-08-05 13:50:00-04:00,29766.75,29774.75,29748.75,29752.25,1713,0.0,0.0
2026-08-05 13:55:00-04:00,29752.75,29769.5,29745.0,29757.0,1770,0.0,0.0
2026-08-05 14:00:00-04:00,29756.75,29788.5,29752.25,29782.25,2562,0.0,0.0
2026-08-05 14:05:00-04:00,29781.0,29783.5,29754.5,29768.5,3046,0.0,0.0
2026-08-05 14:10:00-04:00,29769.5,29784.5,29761.5,29762.5,1918,0.0,0.0
2026-08-05 14:15:00-04:00,29763.0,29781.75,29755.25,29772.25,2102,0.0,0.0
2026-08-05 14:20:00-04:00,29772.25,29777.5,29758.75,29765.5,1445,0.0,0.0
2026-08-05 14:25:00-04:00,29765.5,29780.5,29764.25,29776.0,1788,0.0,0.0
2026-08-05 14:30:00-04:00,29776.25,29776.5,29727.25,29739.75,3698,0.0,0.0
2026-08-05 14:35:00-04:00,29739.75,29758.25,29736.5,29741.75,2076,0.0,0.0
2026-08-05 14:40:00-04:00,29742.25,29750.75,29733.75,29741.75,1887,0.0,0.0
2026-08-05 14:45:00-04:00,29742.0,29765.0,29737.5,29753.5,2280,0.0,0.0
2026-08-05 14:50:00-04:00,29752.25,29762.25,29742.5,29744.25,1542,0.0,0.0
2026-08-05 14:55:00-04:00,29745.5,29746.75,29722.75,29725.75,2538,0.0,0.0
2026-08-05 15:00:00-04:00,29726.75,29762.0,29718.5,29760.0,3200,0.0,0.0
2026-08-05 15:05:00-04:00,29760.25,29778.25,29754.25,29768.0,2885,0.0,0.0
2026-08-05 15:10:00-04:00,29768.0,29776.5,29760.75,29774.25,2401,0.0,0.0
2026-08-05 15:15:00-04:00,29774.25,29779.25,29764.0,29766.5,2189,0.0,0.0
2026-08-05 15:20:00-04:00,29766.75,29776.25,29753.75,29765.5,2219,0.0,0.0
2026-08-05 15:25:00-04:00,29765.75,29776.5,29755.5,29756.5,2179,0.0,0.0
2026-08-05 15:30:00-04:00,29757.0,29763.25,29725.0,29730.75,3598,0.0,0.0
2026-08-05 15:35:00-04:00,29729.5,29737.0,29711.75,29715.5,3121,0.0,0.0
2026-08-05 15:40:00-04:00,29714.75,29734.25,29706.0,29711.0,2770,0.0,0.0
2026-08-05 15:45:00-04:00,29711.5,29719.25,29689.75,29714.25,4692,0.0,0.0
2026-08-05 15:50:00-04:00,29714.75,29735.0,29700.5,29711.0,5240,0.0,0.0
2026-08-05 15:55:00-04:00,29710.5,29716.25,29592.75,29607.5,17879,0.0,0.0
2026-08-05 16:00:00-04:00,29607.0,29615.5,29547.75,29601.75,10988,0.0,0.0
2026-08-05 16:05:00-04:00,29602.25,29605.25,29530.75,29563.75,6241,0.0,0.0
2026-08-05 16:10:00-04:00,29564.25,29618.25,29561.75,29604.75,3678,0.0,0.0
2026-08-05 16:15:00-04:00,29605.5,29618.0,29571.0,29571.75,2355,0.0,0.0
2026-08-05 16:20:00-04:00,29571.0,29585.25,29561.75,29573.75,1544,0.0,0.0
2026-08-05 16:25:00-04:00,29573.75,29576.75,29562.0,29569.75,745,0.0,0.0
2026-08-05 16:30:00-04:00,29571.25,29595.0,29566.25,29590.5,837,0.0,0.0
2026-08-05 16:35:00-04:00,29590.5,29594.5,29573.25,29584.0,725,0.0,0.0
2026-08-05 16:40:00-04:00,29585.25,29603.0,29582.0,29598.5,816,0.0,0.0
2026-08-05 16:45:00-04:00,29598.0,29602.5,29579.5,29589.25,566,0.0,0.0
2026-08-05 16:50:00-04:00,29589.5,29599.25,29576.0,29597.0,566,0.0,0.0
2026-08-05 16:55:00-04:00,29596.75,29607.75,29587.5,29600.25,807,0.0,0.0
2026-08-05 18:00:00-04:00,29569.5,29596.5,29563.5,29575.0,0,0.0,0.0
2026-08-05 18:05:00-04:00,29574.25,29595.0,29568.25,29578.25,577,0.0,0.0
2026-08-05 18:10:00-04:00,29577.25,29579.5,29566.5,29573.5,341,0.0,0.0
2026-08-05 18:15:00-04:00,29573.0,29597.25,29571.75,29595.0,336,0.0,0.0
2026-08-05 18:20:00-04:00,29595.5,29638.0,29594.0,29637.0,902,0.0,0.0
2026-08-05 18:25:00-04:00,29636.25,29637.5,29621.5,29627.75,508,0.0,0.0
2026-08-05 18:30:00-04:00,29628.0,29670.25,29623.5,29668.25,1390,0.0,0.0
2026-08-05 18:35:00-04:00,29666.25,29670.5,29659.0,29662.5,375,0.0,0.0
2026-08-05 18:40:00-04:00,29663.25,29666.5,29651.0,29654.75,334,0.0,0.0
2026-08-05 18:45:00-04:00,29655.0,29679.5,29643.25,29643.5,1109,0.0,0.0
2026-08-05 18:50:00-04:00,29642.5,29647.25,29615.75,29629.0,1065,0.0,0.0
2026-08-05 18:55:00-04:00,29627.75,29632.25,29619.5,29623.25,290,0.0,0.0
2026-08-05 19:00:00-04:00,29622.75,29624.0,29612.25,29617.0,309,0.0,0.0
2026-08-05 19:05:00-04:00,29616.25,29624.25,29615.0,29621.5,178,0.0,0.0
2026-08-05 19:10:00-04:00,29619.5,29636.0,29619.5,29631.0,379,0.0,0.0
2026-08-05 19:15:00-04:00,29631.0,29631.0,29618.5,29625.0,264,0.0,0.0
2026-08-05 19:20:00-04:00,29627.75,29640.0,29625.5,29638.5,430,0.0,0.0
2026-08-05 19:25:00-04:00,29637.5,29649.5,29626.5,29629.25,405,0.0,0.0
2026-08-05 19:30:00-04:00,29629.25,29636.75,29592.25,29593.5,885,0.0,0.0
2026-08-05 19:35:00-04:00,29592.0,29610.0,29575.25,29593.75,1242,0.0,0.0
2026-08-05 19:40:00-04:00,29592.75,29608.25,29581.5,29589.5,354,0.0,0.0
2026-08-05 19:45:00-04:00,29586.0,29589.0,29566.0,29573.0,904,0.0,0.0
2026-08-05 19:50:00-04:00,29573.5,29586.75,29572.75,29579.25,360,0.0,0.0
2026-08-05 19:55:00-04:00,29577.75,29584.0,29569.5,29583.5,424,0.0,0.0
2026-08-05 20:00:00-04:00,29584.25,29588.5,29546.75,29570.5,1197,0.0,0.0
2026-08-05 20:05:00-04:00,29570.25,29601.75,29570.0,29595.75,1089,0.0,0.0
2026-08-05 20:10:00-04:00,29596.5,29596.5,29554.0,29581.0,899,0.0,0.0
2026-08-05 20:15:00-04:00,29580.5,29589.5,29556.0,29588.0,667,0.0,0.0
2026-08-05 20:20:00-04:00,29588.5,29607.75,29578.0,29604.25,735,0.0,0.0
2026-08-05 20:25:00-04:00,29604.0,29608.0,29553.0,29560.5,958,0.0,0.0
2026-08-05 20:30:00-04:00,29561.5,29567.25,29548.75,29555.75,737,0.0,0.0
2026-08-05 20:35:00-04:00,29556.25,29573.75,29547.75,29559.25,660,0.0,0.0
2026-08-05 20:40:00-04:00,29558.5,29588.0,29554.75,29560.5,725,0.0,0.0
2026-08-05 20:45:00-04:00,29560.25,29579.25,29551.0,29565.0,588,0.0,0.0
2026-08-05 20:50:00-04:00,29564.0,29564.0,29536.5,29541.0,770,0.0,0.0
2026-08-05 20:55:00-04:00,29541.25,29547.5,29535.25,29537.5,449,0.0,0.0
2026-08-05 21:00:00-04:00,29539.25,29540.75,29507.25,29511.5,1246,0.0,0.0
2026-08-05 21:05:00-04:00,29511.75,29529.75,29503.0,29518.25,825,0.0,0.0
2026-08-05 21:10:00-04:00,29516.5,29531.25,29501.25,29521.5,663,0.0,0.0
2026-08-05 21:15:00-04:00,29523.25,29523.25,29492.5,29496.75,835,0.0,0.0
2026-08-05 21:20:00-04:00,29497.25,29497.25,29472.5,29487.0,1056,0.0,0.0
2026-08-05 21:25:00-04:00,29486.5,29489.75,29454.25,29473.25,1364,0.0,0.0
2026-08-05 21:30:00-04:00,29472.75,29508.75,29469.5,29486.75,1187,0.0,0.0
2026-08-05 21:35:00-04:00,29486.25,29501.5,29473.0,29500.25,590,0.0,0.0
2026-08-05 21:40:00-04:00,29500.0,29505.25,29475.0,29475.0,917,0.0,0.0
2026-08-05 21:45:00-04:00,29475.5,29519.0,29473.25,29515.5,875,0.0,0.0
2026-08-05 21:50:00-04:00,29514.5,29517.0,29496.75,29512.5,622,0.0,0.0
2026-08-05 21:55:00-04:00,29512.0,29514.75,29492.0,29498.0,329,0.0,0.0
2026-08-05 22:00:00-04:00,29497.75,29518.5,29490.75,29506.25,750,0.0,0.0
2026-08-05 22:05:00-04:00,29506.75,29530.0,29506.0,29528.0,616,0.0,0.0
2026-08-05 22:10:00-04:00,29528.0,29557.25,29521.25,29541.75,1261,0.0,0.0
2026-08-05 22:15:00-04:00,29543.0,29555.5,29537.25,29551.0,451,0.0,0.0
2026-08-05 22:20:00-04:00,29550.25,29578.75,29547.75,29568.0,837,0.0,0.0
2026-08-05 22:25:00-04:00,29567.0,29569.25,29546.75,29548.75,519,0.0,0.0
2026-08-05 22:30:00-04:00,29546.5,29586.75,29529.25,29579.5,916,0.0,0.0
2026-08-05 22:35:00-04:00,29578.0,29582.75,29565.75,29577.0,411,0.0,0.0
2026-08-05 22:40:00-04:00,29573.5,29618.5,29572.75,29617.25,1138,0.0,0.0
2026-08-05 22:45:00-04:00,29616.25,29621.0,29592.5,29604.5,923,0.0,0.0
2026-08-05 22:50:00-04:00,29605.5,29611.0,29594.75,29600.0,400,0.0,0.0
2026-08-05 22:55:00-04:00,29599.0,29599.0,29585.75,29593.0,486,0.0,0.0
2026-08-05 23:00:00-04:00,29593.75,29608.5,29584.75,29605.75,469,0.0,0.0
2026-08-05 23:05:00-04:00,29606.0,29607.75,29577.0,29580.75,654,0.0,0.0
2026-08-05 23:10:00-04:00,29581.0,29587.0,29574.5,29579.25,335,0.0,0.0
2026-08-05 23:15:00-04:00,29579.0,29585.75,29554.25,29555.25,578,0.0,0.0
2026-08-05 23:20:00-04:00,29555.0,29561.25,29541.5,29542.25,559,0.0,0.0
2026-08-05 23:25:00-04:00,29542.5,29546.25,29535.0,29543.0,465,0.0,0.0
2026-08-05 23:30:00-04:00,29543.5,29554.75,29525.0,29540.0,593,0.0,0.0
2026-08-05 23:35:00-04:00,29540.25,29563.25,29536.0,29557.25,577,0.0,0.0
2026-08-05 23:40:00-04:00,29558.25,29563.25,29546.25,29552.75,400,0.0,0.0
2026-08-05 23:45:00-04:00,29553.0,29570.5,29546.5,29568.75,481,0.0,0.0
2026-08-05 23:50:00-04:00,29569.25,29576.0,29541.25,29553.25,534,0.0,0.0
2026-08-05 23:55:00-04:00,29551.25,29566.0,29547.0,29564.0,312,0.0,0.0
2026-08-06 00:05:00-04:00,29571.5,29572.75,29566.5,29568.75,1280,0.0,0.0
2026-08-06 00:10:00-04:00,29566.5,29575.5,29554.25,29560.25,227,0.0,0.0
2026-08-06 00:15:00-04:00,29556.75,29581.25,29556.5,29569.75,393,0.0,0.0
2026-08-06 00:20:00-04:00,29569.75,29590.75,29569.5,29590.0,237,0.0,0.0
2026-08-06 00:25:00-04:00,29589.5,29599.75,29581.5,29585.0,442,0.0,0.0
2026-08-06 00:30:00-04:00,29585.75,29600.0,29563.5,29571.5,399,0.0,0.0
2026-08-06 00:35:00-04:00,29570.25,29580.0,29541.75,29550.75,456,0.0,0.0
2026-08-06 00:40:00-04:00,29550.0,29561.25,29547.5,29555.0,323,0.0,0.0
2026-08-06 00:45:00-04:00,29555.25,29563.5,29545.0,29552.25,239,0.0,0.0
2026-08-06 00:50:00-04:00,29550.5,29574.5,29550.25,29571.75,340,0.0,0.0
2026-08-06 00:55:00-04:00,29573.75,29575.5,29560.0,29574.75,222,0.0,0.0
2026-08-06 01:00:00-04:00,29575.25,29594.0,29558.0,29582.0,560,0.0,0.0
2026-08-06 01:05:00-04:00,29581.75,29596.25,29576.25,29582.25,236,0.0,0.0
2026-08-06 01:10:00-04:00,29580.25,29582.5,29567.5,29580.5,341,0.0,0.0
2026-08-06 01:15:00-04:00,29582.5,29593.75,29565.5,29577.5,330,0.0,0.0
2026-08-06 01:20:00-04:00,29579.0,29589.5,29574.0,29585.0,201,0.0,0.0
2026-08-06 01:25:00-04:00,29583.75,29588.5,29574.75,29580.0,172,0.0,0.0
2026-08-06 01:30:00-04:00,29579.75,29583.0,29554.5,29563.25,350,0.0,0.0
2026-08-06 01:35:00-04:00,29563.5,29574.75,29550.0,29558.5,414,0.0,0.0
2026-08-06 01:40:00-04:00,29558.75,29582.75,29557.25,29581.75,349,0.0,0.0
2026-08-06 01:45:00-04:00,29583.25,29583.75,29545.25,29548.0,467,0.0,0.0
2026-08-06 01:50:00-04:00,29548.75,29570.75,29544.25,29564.25,440,0.0,0.0
2026-08-06 01:55:00-04:00,29565.25,29581.5,29556.0,29580.75,314,0.0,0.0
2026-08-06 02:00:00-04:00,29580.0,29581.75,29539.75,29550.0,681,0.0,0.0
2026-08-06 02:05:00-04:00,29549.75,29551.75,29528.75,29531.75,496,0.0,0.0
2026-08-06 02:10:00-04:00,29532.25,29536.5,29499.0,29506.75,984,0.0,0.0
2026-08-06 02:15:00-04:00,29505.75,29509.75,29485.0,29494.75,988,0.0,0.0
2026-08-06 02:20:00-04:00,29492.75,29531.25,29486.75,29525.0,908,0.0,0.0
2026-08-06 02:25:00-04:00,29527.0,29548.75,29526.0,29547.25,619,0.0,0.0
2026-08-06 02:30:00-04:00,29546.5,29548.75,29515.25,29527.25,597,0.0,0.0
2026-08-06 02:35:00-04:00,29529.25,29532.0,29508.5,29508.5,387,0.0,0.0
2026-08-06 02:40:00-04:00,29509.0,29509.0,29495.75,29504.5,572,0.0,0.0
2026-08-06 02:45:00-04:00,29505.5,29507.75,29486.25,29493.0,396,0.0,0.0
2026-08-06 02:50:00-04:00,29492.0,29511.75,29489.75,29511.75,416,0.0,0.0
2026-08-06 02:55:00-04:00,29510.75,29527.75,29508.25,29523.0,442,0.0,0.0
2026-08-06 03:00:00-04:00,29520.25,29527.75,29506.75,29518.0,747,0.0,0.0
2026-08-06 03:05:00-04:00,29517.0,29550.5,29511.75,29537.5,531,0.0,0.0
2026-08-06 03:10:00-04:00,29536.5,29563.0,29536.0,29552.0,636,0.0,0.0
2026-08-06 03:15:00-04:00,29551.0,29562.5,29544.75,29557.75,370,0.0,0.0
2026-08-06 03:20:00-04:00,29557.25,29561.0,29540.0,29540.75,450,0.0,0.0
2026-08-06 03:25:00-04:00,29539.75,29552.5,29523.5,29536.5,564,0.0,0.0
2026-08-06 03:35:00-04:00,29520.5,29525.75,29501.25,29510.75,767,0.0,0.0
2026-08-06 03:40:00-04:00,29510.75,29519.25,29507.0,29517.75,370,0.0,0.0
2026-08-06 03:45:00-04:00,29516.75,29538.25,29511.25,29532.25,496,0.0,0.0
2026-08-06 03:50:00-04:00,29532.25,29532.25,29500.75,29506.25,481,0.0,0.0
2026-08-06 03:55:00-04:00,29507.0,29515.0,29502.5,29507.25,253,0.0,0.0
2026-08-06 04:00:00-04:00,29479.5,29485.75,29478.75,29481.0,1089,0.0,0.0
2026-08-06 04:05:00-04:00,29480.25,29511.25,29457.0,29463.0,921,0.0,0.0
2026-08-06 04:10:00-04:00,29462.75,29467.5,29443.75,29460.0,1048,0.0,0.0
2026-08-06 04:15:00-04:00,29460.75,29480.0,29447.75,29469.0,766,0.0,0.0
2026-08-06 04:20:00-04:00,29471.25,29491.0,29467.0,29485.25,598,0.0,0.0
2026-08-06 04:25:00-04:00,29485.75,29511.5,29484.25,29508.25,609,0.0,0.0
2026-08-06 04:30:00-04:00,29509.5,29532.5,29505.25,29524.0,629,0.0,0.0
2026-08-06 04:35:00-04:00,29523.5,29531.25,29502.25,29512.25,626,0.0,0.0
2026-08-06 04:40:00-04:00,29513.5,29519.0,29500.5,29502.75,324,0.0,0.0
2026-08-06 04:45:00-04:00,29504.75,29511.75,29490.25,29500.0,540,0.0,0.0
2026-08-06 04:50:00-04:00,29500.0,29524.5,29493.75,29522.5,464,0.0,0.0
2026-08-06 04:55:00-04:00,29522.75,29523.75,29509.0,29517.25,391,0.0,0.0
2026-08-06 05:00:00-04:00,29517.25,29517.25,29470.25,29474.5,573,0.0,0.0
2026-08-06 05:05:00-04:00,29474.75,29479.75,29450.0,29453.75,584,0.0,0.0
2026-08-06 05:10:00-04:00,29454.5,29455.25,29437.5,29447.75,643,0.0,0.0
2026-08-06 05:15:00-04:00,29448.25,29482.5,29446.5,29473.75,673,0.0,0.0
2026-08-06 05:20:00-04:00,29473.25,29487.5,29472.0,29479.25,245,0.0,0.0
2026-08-06 05:25:00-04:00,29479.0,29493.75,29474.75,29482.5,305,0.0,0.0
2026-08-06 05:30:00-04:00,29482.0,29491.0,29475.75,29481.25,244,0.0,0.0
2026-08-06 05:35:00-04:00,29483.75,29488.5,29475.75,29485.0,254,0.0,0.0
2026-08-06 05:40:00-04:00,29483.25,29498.75,29482.25,29489.25,218,0.0,0.0
2026-08-06 05:45:00-04:00,29489.75,29509.25,29489.5,29509.0,346,0.0,0.0
2026-08-06 05:50:00-04:00,29509.0,29511.75,29495.5,29511.75,250,0.0,0.0
2026-08-06 05:55:00-04:00,29511.5,29531.0,29508.25,29526.75,667,0.0,0.0
2026-08-06 06:00:00-04:00,29526.75,29533.75,29513.0,29518.0,537,0.0,0.0
2026-08-06 06:05:00-04:00,29517.25,29519.5,29506.5,29508.0,286,0.0,0.0
2026-08-06 06:10:00-04:00,29508.5,29508.5,29496.25,29503.25,236,0.0,0.0
2026-08-06 06:15:00-04:00,29503.25,29514.25,29494.25,29509.0,334,0.0,0.0
2026-08-06 06:20:00-04:00,29510.5,29518.0,29500.0,29515.75,319,0.0,0.0
2026-08-06 06:25:00-04:00,29515.25,29525.75,29514.25,29517.0,308,0.0,0.0
2026-08-06 06:30:00-04:00,29517.5,29519.5,29503.5,29507.5,309,0.0,0.0
2026-08-06 06:35:00-04:00,29508.25,29512.0,29488.75,29490.5,377,0.0,0.0
2026-08-06 06:40:00-04:00,29491.0,29493.75,29473.5,29480.25,532,0.0,0.0
2026-08-06 06:45:00-04:00,29479.75,29492.75,29468.5,29489.25,591,0.0,0.0
2026-08-06 06:50:00-04:00,29488.0,29491.75,29472.0,29472.5,524,0.0,0.0
2026-08-06 06:55:00-04:00,29475.0,29485.0,29468.0,29484.5,379,0.0,0.0
2026-08-06 07:00:00-04:00,29484.5,29488.5,29378.0,29397.5,2990,0.0,0.0
2026-08-06 07:05:00-04:00,29395.75,29414.0,29364.75,29411.5,2059,0.0,0.0
2026-08-06 07:10:00-04:00,29412.5,29422.75,29404.25,29417.25,750,0.0,0.0
2026-08-06 07:15:00-04:00,29419.75,29459.75,29417.25,29457.0,1088,0.0,0.0
2026-08-06 07:20:00-04:00,29457.75,29461.5,29444.0,29453.25,640,0.0,0.0
2026-08-06 07:25:00-04:00,29453.25,29474.75,29447.75,29469.25,879,0.0,0.0
2026-08-06 07:30:00-04:00,29469.5,29503.75,29469.25,29492.75,1808,0.0,0.0
2026-08-06 07:35:00-04:00,29492.75,29509.25,29488.25,29499.25,778,0.0,0.0
2026-08-06 07:40:00-04:00,29500.25,29516.5,29491.0,29495.5,936,0.0,0.0
2026-08-06 07:45:00-04:00,29494.25,29512.0,29449.0,29457.5,1807,0.0,0.0
2026-08-06 07:50:00-04:00,29455.25,29459.5,29438.0,29452.0,973,0.0,0.0
2026-08-06 07:55:00-04:00,29452.0,29476.5,29449.25,29467.25,974,0.0,0.0
2026-08-06 08:00:00-04:00,29466.0,29476.5,29423.25,29438.75,1545,0.0,0.0
2026-08-06 08:05:00-04:00,29438.0,29446.5,29416.75,29423.5,996,0.0,0.0
2026-08-06 08:10:00-04:00,29424.5,29430.0,29406.25,29411.25,993,0.0,0.0
2026-08-06 08:15:00-04:00,29413.5,29419.25,29387.5,29394.5,1604,0.0,0.0
2026-08-06 08:20:00-04:00,29394.75,29443.5,29393.75,29433.25,1414,0.0,0.0
2026-08-06 08:25:00-04:00,29433.25,29450.75,29430.0,29432.5,942,0.0,0.0
2026-08-06 08:30:00-04:00,29430.0,29448.0,29413.75,29437.25,1176,0.0,0.0
2026-08-06 08:35:00-04:00,29437.5,29463.5,29434.5,29452.75,1111,0.0,0.0
2026-08-06 08:40:00-04:00,29451.5,29452.5,29423.5,29432.25,849,0.0,0.0
2026-08-06 08:45:00-04:00,29432.0,29439.5,29418.75,29432.25,744,0.0,0.0
2026-08-06 08:50:00-04:00,29432.5,29439.25,29416.0,29418.25,757,0.0,0.0
2026-08-06 08:55:00-04:00,29419.25,29422.0,29389.5,29399.5,1630,0.0,0.0
2026-08-06 09:00:00-04:00,29400.25,29404.5,29374.0,29380.25,1733,0.0,0.0
2026-08-06 09:05:00-04:00,29380.25,29381.5,29351.0,29362.0,1766,0.0,0.0
2026-08-06 09:10:00-04:00,29361.75,29369.0,29350.25,29351.5,1312,0.0,0.0
2026-08-06 09:15:00-04:00,29351.0,29362.0,29336.75,29349.0,2464,0.0,0.0
2026-08-06 09:20:00-04:00,29349.0,29367.0,29343.25,29357.0,1974,0.0,0.0
2026-08-06 09:25:00-04:00,29357.75,29363.25,29326.25,29334.5,3865,0.0,0.0
2026-08-06 09:30:00-04:00,29335.0,29373.75,29241.25,29340.0,19497,0.0,0.0
2026-08-06 09:35:00-04:00,29341.25,29448.5,29323.25,29385.5,17015,0.0,0.0
2026-08-06 09:40:00-04:00,29386.0,29474.25,29376.0,29458.75,12580,0.0,0.0
2026-08-06 09:45:00-04:00,29458.0,29534.5,29447.5,29525.75,11637,0.0,0.0
2026-08-06 09:50:00-04:00,29526.75,29551.0,29491.0,29500.25,9565,0.0,0.0
2026-08-06 09:55:00-04:00,29501.5,29538.75,29486.5,29527.25,9743,0.0,0.0
2026-08-06 10:00:00-04:00,29528.25,29558.5,29488.0,29517.75,10222,0.0,0.0
2026-08-06 10:05:00-04:00,29518.25,29584.25,29506.25,29579.25,8378,0.0,0.0
2026-08-06 10:10:00-04:00,29580.0,29619.0,29578.25,29608.5,7724,0.0,0.0
2026-08-06 10:15:00-04:00,29608.75,29652.5,29586.75,29640.75,8207,0.0,0.0
2026-08-06 10:20:00-04:00,29641.25,29667.0,29629.75,29634.25,6070,0.0,0.0
2026-08-06 10:25:00-04:00,29634.5,29640.25,29564.75,29587.0,9803,0.0,0.0
2026-08-06 10:30:00-04:00,29589.0,29638.75,29576.0,29632.5,7728,0.0,0.0
2026-08-06 10:35:00-04:00,29632.5,29650.75,29550.5,29553.0,7905,0.0,0.0
2026-08-06 10:40:00-04:00,29552.5,29622.25,29545.25,29583.5,7164,0.0,0.0
2026-08-06 10:45:00-04:00,29582.5,29585.5,29533.75,29558.25,6493,0.0,0.0
2026-08-06 10:50:00-04:00,29557.5,29615.0,29548.5,29614.75,5874,0.0,0.0
2026-08-06 10:55:00-04:00,29614.5,29659.25,29599.75,29656.75,5864,0.0,0.0
2026-08-06 11:00:00-04:00,29656.5,29677.5,29598.75,29612.0,6662,0.0,0.0
2026-08-06 11:05:00-04:00,29612.75,29674.75,29612.5,29671.75,5954,0.0,0.0
2026-08-06 11:10:00-04:00,29671.25,29686.25,29640.75,29646.5,5707,0.0,0.0
2026-08-06 11:15:00-04:00,29646.25,29663.25,29579.5,29579.75,6300,0.0,0.0
2026-08-06 11:20:00-04:00,29580.5,29605.75,29564.25,29577.75,5686,0.0,0.0
2026-08-06 11:25:00-04:00,29577.25,29611.25,29565.0,29608.5,4453,0.0,0.0
2026-08-06 11:30:00-04:00,29608.25,29628.0,29552.5,29553.0,5669,0.0,0.0
2026-08-06 11:35:00-04:00,29553.25,29580.5,29540.25,29565.25,5307,0.0,0.0
2026-08-06 11:40:00-04:00,29566.5,29585.0,29533.0,29534.0,4015,0.0,0.0
2026-08-06 11:45:00-04:00,29535.0,29613.25,29530.75,29589.25,5624,0.0,0.0
2026-08-06 11:50:00-04:00,29589.75,29624.5,29522.0,29526.5,7676,0.0,0.0
2026-08-06 11:55:00-04:00,29525.75,29556.0,29506.0,29516.25,6613,0.0,0.0
2026-08-06 12:00:00-04:00,29516.25,29523.5,29478.25,29502.0,7048,0.0,0.0
2026-08-06 12:05:00-04:00,29502.25,29542.75,29494.25,29525.5,4833,0.0,0.0
2026-08-06 12:10:00-04:00,29524.75,29542.0,29483.5,29488.25,4121,0.0,0.0
2026-08-06 12:15:00-04:00,29488.5,29504.5,29452.75,29494.0,5609,0.0,0.0
2026-08-06 12:20:00-04:00,29494.0,29499.0,29448.5,29487.5,4907,0.0,0.0
2026-08-06 12:25:00-04:00,29488.0,29493.5,29463.5,29471.5,3737,0.0,0.0
2026-08-06 12:30:00-04:00,29472.25,29507.0,29462.25,29478.75,4091,0.0,0.0
2026-08-06 12:35:00-04:00,29480.0,29523.0,29467.25,29522.25,3459,0.0,0.0
2026-08-06 12:40:00-04:00,29523.0,29527.25,29476.5,29478.25,3747,0.0,0.0
2026-08-06 12:45:00-04:00,29478.5,29514.25,29468.5,29513.25,3027,0.0,0.0
2026-08-06 12:50:00-04:00,29514.0,29533.5,29504.25,29510.0,3646,0.0,0.0
2026-08-06 12:55:00-04:00,29510.5,29558.5,29509.0,29556.5,3169,0.0,0.0
2026-08-06 13:00:00-04:00,29557.25,29574.25,29541.5,29547.0,4008,0.0,0.0
2026-08-06 13:05:00-04:00,29546.0,29574.25,29531.5,29538.25,2958,0.0,0.0
2026-08-06 13:10:00-04:00,29538.25,29549.75,29518.0,29523.75,2603,0.0,0.0
2026-08-06 13:15:00-04:00,29524.0,29551.5,29512.25,29542.5,2900,0.0,0.0
2026-08-06 13:20:00-04:00,29542.75,29550.75,29518.75,29523.5,2400,0.0,0.0
2026-08-06 13:25:00-04:00,29523.0,29550.25,29523.0,29527.75,2040,0.0,0.0
2026-08-06 13:30:00-04:00,29526.75,29543.0,29521.25,29531.25,1893,0.0,0.0
2026-08-06 13:35:00-04:00,29532.25,29542.5,29510.0,29513.0,2115,0.0,0.0
2026-08-06 13:40:00-04:00,29513.5,29520.75,29493.75,29510.0,2732,0.0,0.0
2026-08-06 13:45:00-04:00,29510.25,29521.75,29497.0,29497.0,2102,0.0,0.0
2026-08-06 13:50:00-04:00,29497.75,29529.0,29494.25,29522.0,2622,0.0,0.0
2026-08-06 13:55:00-04:00,29521.5,29533.5,29509.0,29529.0,2275,0.0,0.0
2026-08-06 14:00:00-04:00,29529.0,29538.0,29507.25,29531.25,2410,0.0,0.0
2026-08-06 14:05:00-04:00,29531.0,29539.5,29518.0,29533.75,2234,0.0,0.0
2026-08-06 14:10:00-04:00,29534.75,29546.75,29519.0,29542.75,1958,0.0,0.0
2026-08-06 14:15:00-04:00,29542.75,29572.0,29498.5,29552.75,5905,0.0,0.0
2026-08-06 14:20:00-04:00,29553.5,29575.5,29549.75,29568.0,2339,0.0,0.0
2026-08-06 14:25:00-04:00,29568.5,29572.5,29547.25,29556.5,2024,0.0,0.0
2026-08-06 14:30:00-04:00,29556.5,29561.0,29531.25,29534.0,2153,0.0,0.0
2026-08-06 14:35:00-04:00,29534.0,29547.0,29514.25,29518.75,2360,0.0,0.0
2026-08-06 14:40:00-04:00,29518.75,29524.5,29500.5,29520.0,2088,0.0,0.0
2026-08-06 14:45:00-04:00,29521.25,29537.0,29509.75,29511.75,2368,0.0,0.0
2026-08-06 14:50:00-04:00,29512.75,29522.0,29506.0,29513.5,1812,0.0,0.0
2026-08-06 14:55:00-04:00,29513.0,29530.25,29508.25,29515.5,2142,0.0,0.0
2026-08-06 15:00:00-04:00,29515.75,29565.25,29510.25,29562.5,3112,0.0,0.0
2026-08-06 15:05:00-04:00,29562.5,29568.75,29535.0,29565.0,2886,0.0,0.0
2026-08-06 15:10:00-04:00,29566.0,29570.25,29532.75,29536.25,2517,0.0,0.0
2026-08-06 15:15:00-04:00,29535.5,29539.25,29524.25,29527.5,1939,0.0,0.0
2026-08-06 15:20:00-04:00,29529.0,29551.25,29506.75,29509.25,2682,0.0,0.0
2026-08-06 15:25:00-04:00,29509.0,29526.0,29496.5,29509.0,3572,0.0,0.0
2026-08-06 15:30:00-04:00,29508.0,29545.5,29489.25,29538.5,3639,0.0,0.0
2026-08-06 15:35:00-04:00,29538.0,29538.5,29509.0,29509.5,1839,0.0,0.0
2026-08-06 15:40:00-04:00,29509.75,29514.25,29492.5,29504.0,2559,0.0,0.0
2026-08-06 15:45:00-04:00,29504.0,29511.5,29487.0,29507.75,3296,0.0,0.0
2026-08-06 15:50:00-04:00,29508.0,29536.25,29475.0,29530.75,6392,0.0,0.0
2026-08-06 15:55:00-04:00,29531.25,29531.25,29478.0,29497.25,13189,0.0,0.0
2026-08-06 16:00:00-04:00,29497.25,29550.0,29496.0,29538.75,5790,0.0,0.0
2026-08-06 16:05:00-04:00,29539.75,29552.0,29534.5,29548.0,1391,0.0,0.0
2026-08-06 16:10:00-04:00,29547.25,29550.75,29532.25,29537.0,1292,0.0,0.0
2026-08-06 16:15:00-04:00,29536.75,29548.75,29514.5,29523.5,1582,0.0,0.0
2026-08-06 16:20:00-04:00,29523.5,29532.25,29494.25,29497.0,1490,0.0,0.0
2026-08-06 16:25:00-04:00,29495.75,29508.0,29482.75,29492.5,946,0.0,0.0
2026-08-06 16:30:00-04:00,29492.5,29504.75,29480.75,29501.75,757,0.0,0.0
2026-08-06 16:35:00-04:00,29502.0,29503.5,29480.25,29490.75,536,0.0,0.0
2026-08-06 16:40:00-04:00,29490.5,29499.25,29489.5,29494.0,381,0.0,0.0
2026-08-06 16:45:00-04:00,29494.75,29498.25,29489.0,29496.0,344,0.0,0.0
2026-08-06 16:50:00-04:00,29496.0,29499.75,29492.75,29495.5,427,0.0,0.0
2026-08-06 16:55:00-04:00,29496.5,29506.25,29494.25,29504.25,457,0.0,0.0
2026-08-06 18:00:00-04:00,29514.25,29528.25,29494.5,29520.0,0,0.0,0.0
2026-08-06 18:05:00-04:00,29521.25,29550.0,29520.25,29547.0,528,0.0,0.0
2026-08-06 18:10:00-04:00,29549.75,29579.0,29541.0,29573.25,653,0.0,0.0
2026-08-06 18:15:00-04:00,29571.75,29581.75,29566.0,29567.25,397,0.0,0.0
2026-08-06 18:20:00-04:00,29567.0,29571.25,29547.5,29554.0,414,0.0,0.0
2026-08-06 18:25:00-04:00,29556.0,29570.0,29543.25,29550.0,585,0.0,0.0
2026-08-06 18:30:00-04:00,29549.0,29551.0,29543.25,29548.25,46,0.0,0.0
2026-08-06 18:35:00-04:00,29538.0,29542.25,29537.25,29539.25,489,0.0,0.0
2026-08-06 18:40:00-04:00,29540.75,29562.0,29539.0,29553.75,431,0.0,0.0
2026-08-06 18:45:00-04:00,29554.25,29559.0,29547.25,29549.5,207,0.0,0.0
2026-08-06 18:50:00-04:00,29549.5,29560.0,29549.0,29555.5,111,0.0,0.0
2026-08-06 18:55:00-04:00,29566.25,29566.5,29564.25,29566.0,242,0.0,0.0
2026-08-06 19:00:00-04:00,29564.75,29572.25,29561.5,29565.75,310,0.0,0.0
2026-08-06 19:05:00-04:00,29564.75,29566.0,29554.25,29559.75,238,0.0,0.0
2026-08-06 19:10:00-04:00,29561.0,29562.0,29556.25,29558.0,105,0.0,0.0
2026-08-06 19:15:00-04:00,29559.25,29596.5,29559.25,29573.25,473,0.0,0.0
2026-08-06 19:20:00-04:00,29573.5,29590.75,29572.0,29590.75,365,0.0,0.0
2026-08-06 19:25:00-04:00,29590.5,29597.0,29570.5,29573.0,486,0.0,0.0
2026-08-06 19:30:00-04:00,29572.5,29586.0,29570.5,29586.0,296,0.0,0.0
2026-08-06 19:35:00-04:00,29588.0,29589.25,29570.75,29579.0,289,0.0,0.0
2026-08-06 19:40:00-04:00,29579.5,29584.0,29563.25,29583.0,309,0.0,0.0
2026-08-06 19:45:00-04:00,29583.0,29597.75,29575.0,29596.25,378,0.0,0.0
2026-08-06 19:50:00-04:00,29595.25,29603.5,29587.5,29592.25,549,0.0,0.0
2026-08-06 19:55:00-04:00,29592.0,29596.0,29586.5,29593.25,216,0.0,0.0
2026-08-06 20:00:00-04:00,29595.25,29615.5,29578.75,29610.0,993,0.0,0.0
2026-08-06 20:05:00-04:00,29611.75,29618.75,29578.5,29580.0,686,0.0,0.0
2026-08-06 20:10:00-04:00,29581.0,29586.75,29562.0,29575.5,602,0.0,0.0
2026-08-06 20:15:00-04:00,29575.25,29575.25,29518.0,29528.75,1564,0.0,0.0
2026-08-06 20:20:00-04:00,29528.0,29528.5,29497.25,29510.0,1195,0.0,0.0
2026-08-06 20:25:00-04:00,29509.75,29527.0,29503.0,29513.5,708,0.0,0.0
2026-08-06 20:30:00-04:00,29513.0,29574.0,29500.75,29570.25,1380,0.0,0.0
2026-08-06 20:35:00-04:00,29572.25,29575.0,29518.0,29544.75,1064,0.0,0.0
2026-08-06 20:40:00-04:00,29543.5,29551.5,29505.0,29539.75,861,0.0,0.0
2026-08-06 20:45:00-04:00,29541.75,29557.25,29503.75,29513.75,805,0.0,0.0
2026-08-06 20:50:00-04:00,29512.0,29562.0,29506.25,29550.0,889,0.0,0.0
2026-08-06 20:55:00-04:00,29549.25,29573.0,29529.75,29561.25,948,0.0,0.0
2026-08-06 21:00:00-04:00,29561.75,29582.0,29557.0,29570.0,757,0.0,0.0
2026-08-06 21:05:00-04:00,29568.0,29577.75,29553.25,29557.75,731,0.0,0.0
2026-08-06 21:10:00-04:00,29562.0,29564.5,29515.0,29524.0,891,0.0,0.0
2026-08-06 21:15:00-04:00,29526.0,29532.0,29503.0,29507.25,789,0.0,0.0
2026-08-06 21:20:00-04:00,29508.25,29510.25,29482.5,29496.25,831,0.0,0.0
2026-08-06 21:25:00-04:00,29495.5,29536.0,29486.25,29531.25,1013,0.0,0.0
2026-08-06 21:30:00-04:00,29529.5,29581.25,29527.0,29551.25,1275,0.0,0.0
2026-08-06 21:35:00-04:00,29551.25,29553.75,29498.75,29500.75,1113,0.0,0.0
2026-08-06 21:40:00-04:00,29499.75,29522.0,29493.75,29521.75,743,0.0,0.0
2026-08-06 21:45:00-04:00,29522.0,29540.0,29502.25,29533.25,817,0.0,0.0
2026-08-06 21:50:00-04:00,29532.5,29534.5,29505.25,29521.5,391,0.0,0.0
2026-08-06 21:55:00-04:00,29524.5,29536.75,29515.5,29526.25,439,0.0,0.0
2026-08-06 22:00:00-04:00,29527.0,29547.0,29519.75,29543.75,1153,0.0,0.0
2026-08-06 22:05:00-04:00,29544.0,29548.0,29508.0,29510.75,750,0.0,0.0
2026-08-06 22:10:00-04:00,29511.25,29539.0,29489.5,29530.75,807,0.0,0.0
2026-08-06 22:15:00-04:00,29530.0,29539.5,29528.5,29537.25,249,0.0,0.0
2026-08-06 22:20:00-04:00,29537.25,29542.0,29514.5,29538.5,359,0.0,0.0
2026-08-06 22:25:00-04:00,29538.75,29538.75,29519.5,29525.5,236,0.0,0.0
2026-08-06 22:30:00-04:00,29526.5,29527.25,29503.25,29503.25,418,0.0,0.0
2026-08-06 22:35:00-04:00,29506.5,29517.75,29476.75,29486.75,708,0.0,0.0
2026-08-06 22:40:00-04:00,29486.0,29504.75,29475.5,29500.25,839,0.0,0.0
2026-08-06 22:45:00-04:00,29498.75,29534.25,29494.0,29534.25,548,0.0,0.0
2026-08-06 22:50:00-04:00,29534.5,29535.5,29526.5,29530.75,231,0.0,0.0
2026-08-06 22:55:00-04:00,29529.75,29533.0,29523.25,29527.0,186,0.0,0.0
2026-08-06 23:00:00-04:00,29526.0,29548.0,29526.0,29538.0,389,0.0,0.0
2026-08-06 23:05:00-04:00,29539.5,29547.25,29533.5,29542.0,456,0.0,0.0
2026-08-06 23:10:00-04:00,29543.0,29543.5,29529.25,29529.5,196,0.0,0.0
2026-08-06 23:15:00-04:00,29531.5,29535.0,29497.5,29498.75,564,0.0,0.0
2026-08-06 23:20:00-04:00,29498.75,29507.75,29491.25,29507.0,427,0.0,0.0
2026-08-06 23:25:00-04:00,29508.0,29513.5,29493.75,29505.0,337,0.0,0.0
2026-08-06 23:30:00-04:00,29503.0,29522.25,29498.5,29502.0,355,0.0,0.0
2026-08-06 23:35:00-04:00,29500.5,29520.0,29499.25,29504.0,168,0.0,0.0
2026-08-06 23:40:00-04:00,29502.0,29509.25,29496.25,29505.25,207,0.0,0.0
2026-08-06 23:45:00-04:00,29507.0,29510.25,29491.75,29506.5,210,0.0,0.0
2026-08-06 23:50:00-04:00,29507.0,29512.75,29490.5,29494.25,203,0.0,0.0
2026-08-06 23:55:00-04:00,29494.0,29494.0,29486.25,29489.25,184,0.0,0.0
2026-08-07 00:05:00-04:00,29496.25,29497.75,29490.75,29490.75,625,0.0,0.0
2026-08-07 00:10:00-04:00,29495.0,29500.75,29475.0,29479.0,576,0.0,0.0
2026-08-07 00:15:00-04:00,29478.5,29485.0,29453.5,29484.0,980,0.0,0.0
2026-08-07 00:20:00-04:00,29485.0,29516.75,29483.5,29510.5,1120,0.0,0.0
2026-08-07 00:25:00-04:00,29511.5,29512.5,29492.25,29508.25,522,0.0,0.0
2026-08-07 00:30:00-04:00,29508.25,29526.0,29501.25,29513.0,570,0.0,0.0
2026-08-07 00:35:00-04:00,29514.25,29516.25,29494.25,29500.25,372,0.0,0.0
2026-08-07 00:40:00-04:00,29501.25,29502.0,29492.0,29495.5,292,0.0,0.0
2026-08-07 00:45:00-04:00,29494.5,29504.75,29490.75,29501.5,225,0.0,0.0
2026-08-07 00:50:00-04:00,29501.75,29508.25,29489.25,29507.75,363,0.0,0.0
2026-08-07 00:55:00-04:00,29507.0,29513.5,29502.75,29511.5,241,0.0,0.0
2026-08-07 01:00:00-04:00,29510.75,29531.5,29507.5,29527.5,444,0.0,0.0
2026-08-07 01:05:00-04:00,29529.5,29556.75,29526.75,29541.75,1552,0.0,0.0
2026-08-07 01:10:00-04:00,29541.5,29548.75,29533.75,29539.5,314,0.0,0.0
2026-08-07 01:15:00-04:00,29539.5,29549.5,29538.0,29543.0,174,0.0,0.0
2026-08-07 01:20:00-04:00,29543.5,29554.25,29538.0,29543.75,291,0.0,0.0
2026-08-07 01:25:00-04:00,29544.25,29554.75,29542.0,29549.25,146,0.0,0.0
2026-08-07 01:30:00-04:00,29547.75,29550.0,29534.5,29535.25,236,0.0,0.0
2026-08-07 01:35:00-04:00,29534.25,29538.5,29528.0,29528.75,213,0.0,0.0
2026-08-07 01:40:00-04:00,29527.0,29539.25,29519.75,29534.0,318,0.0,0.0
2026-08-07 01:45:00-04:00,29534.0,29534.75,29525.0,29532.25,142,0.0,0.0
2026-08-07 01:50:00-04:00,29532.5,29538.75,29527.0,29536.0,221,0.0,0.0
2026-08-07 01:55:00-04:00,29536.25,29537.25,29522.75,29523.5,150,0.0,0.0
2026-08-07 02:00:00-04:00,29523.5,29547.25,29520.0,29541.5,461,0.0,0.0
2026-08-07 02:05:00-04:00,29540.75,29560.5,29538.75,29552.5,575,0.0,0.0
2026-08-07 02:10:00-04:00,29554.0,29564.5,29553.0,29559.75,515,0.0,0.0
2026-08-07 02:15:00-04:00,29557.5,29562.5,29547.5,29552.75,558,0.0,0.0
2026-08-07 02:20:00-04:00,29553.0,29569.5,29543.25,29569.5,801,0.0,0.0
2026-08-07 02:25:00-04:00,29569.75,29583.5,29560.0,29580.5,960,0.0,0.0
2026-08-07 02:30:00-04:00,29580.25,29583.5,29565.5,29570.75,473,0.0,0.0
2026-08-07 02:35:00-04:00,29573.5,29575.5,29563.25,29565.5,192,0.0,0.0
2026-08-07 02:40:00-04:00,29565.5,29566.0,29539.0,29546.5,558,0.0,0.0
2026-08-07 02:45:00-04:00,29544.25,29548.25,29537.75,29542.75,414,0.0,0.0
2026-08-07 02:50:00-04:00,29542.5,29545.0,29538.5,29542.75,276,0.0,0.0
2026-08-07 02:55:00-04:00,29542.5,29555.0,29540.0,29553.0,385,0.0,0.0
2026-08-07 03:00:00-04:00,29552.0,29558.0,29533.0,29536.0,840,0.0,0.0
2026-08-07 03:05:00-04:00,29536.75,29578.25,29536.25,29577.0,500,0.0,0.0
2026-08-07 03:10:00-04:00,29576.0,29591.75,29573.25,29591.5,869,0.0,0.0
2026-08-07 03:15:00-04:00,29591.5,29592.5,29580.0,29587.75,292,0.0,0.0
2026-08-07 03:20:00-04:00,29586.25,29586.25,29574.0,29580.5,400,0.0,0.0
2026-08-07 03:25:00-04:00,29580.0,29591.0,29576.0,29587.75,332,0.0,0.0
2026-08-07 03:30:00-04:00,29588.75,29588.75,29570.25,29576.0,301,0.0,0.0
2026-08-07 03:35:00-04:00,29575.75,29583.75,29572.75,29575.25,231,0.0,0.0
2026-08-07 03:40:00-04:00,29575.0,29591.0,29574.75,29583.0,343,0.0,0.0
2026-08-07 03:45:00-04:00,29582.5,29586.75,29571.0,29580.0,333,0.0,0.0
2026-08-07 03:50:00-04:00,29580.0,29580.25,29561.25,29580.25,350,0.0,0.0
2026-08-07 03:55:00-04:00,29581.75,29589.25,29579.75,29583.75,298,0.0,0.0
2026-08-07 04:00:00-04:00,29584.25,29613.0,29584.0,29599.0,1037,0.0,0.0
2026-08-07 04:05:00-04:00,29599.5,29614.25,29596.75,29608.5,694,0.0,0.0
2026-08-07 04:10:00-04:00,29608.5,29626.5,29607.5,29624.0,613,0.0,0.0
2026-08-07 04:15:00-04:00,29625.0,29628.25,29601.5,29602.25,530,0.0,0.0
2026-08-07 04:20:00-04:00,29602.75,29621.0,29599.25,29613.75,455,0.0,0.0
2026-08-07 04:25:00-04:00,29615.5,29629.75,29615.5,29623.75,383,0.0,0.0
2026-08-07 04:30:00-04:00,29623.5,29647.25,29620.25,29635.75,823,0.0,0.0
2026-08-07 04:35:00-04:00,29637.0,29639.75,29609.25,29619.25,565,0.0,0.0
2026-08-07 04:40:00-04:00,29619.25,29632.5,29611.5,29625.75,485,0.0,0.0
2026-08-07 04:45:00-04:00,29625.75,29635.75,29616.0,29623.75,1057,0.0,0.0
2026-08-07 04:50:00-04:00,29622.75,29624.0,29615.0,29618.25,409,0.0,0.0
2026-08-07 04:55:00-04:00,29617.25,29637.75,29616.75,29632.5,473,0.0,0.0
2026-08-07 05:00:00-04:00,29633.5,29649.0,29627.25,29637.25,521,0.0,0.0
2026-08-07 05:05:00-04:00,29638.25,29642.25,29625.25,29634.75,301,0.0,0.0
2026-08-07 05:10:00-04:00,29633.5,29644.25,29628.75,29641.75,325,0.0,0.0
2026-08-07 05:15:00-04:00,29642.0,29646.75,29625.5,29626.0,333,0.0,0.0
2026-08-07 05:20:00-04:00,29627.5,29646.0,29624.75,29644.0,351,0.0,0.0
2026-08-07 05:25:00-04:00,29644.0,29649.0,29630.75,29634.5,220,0.0,0.0
2026-08-07 05:30:00-04:00,29634.5,29647.0,29630.0,29635.25,252,0.0,0.0
2026-08-07 05:35:00-04:00,29633.5,29644.5,29633.5,29636.75,147,0.0,0.0
2026-08-07 05:40:00-04:00,29635.5,29635.5,29621.25,29629.0,321,0.0,0.0
2026-08-07 05:45:00-04:00,29629.5,29636.0,29622.5,29627.0,203,0.0,0.0
2026-08-07 05:50:00-04:00,29627.0,29632.25,29623.0,29627.5,232,0.0,0.0
2026-08-07 05:55:00-04:00,29627.75,29627.75,29616.0,29616.5,280,0.0,0.0
2026-08-07 06:00:00-04:00,29618.25,29628.0,29614.5,29623.75,331,0.0,0.0
2026-08-07 06:05:00-04:00,29623.75,29626.75,29613.0,29616.0,309,0.0,0.0
2026-08-07 06:10:00-04:00,29615.0,29622.25,29609.25,29609.75,235,0.0,0.0
2026-08-07 06:15:00-04:00,29609.25,29613.5,29600.25,29607.0,326,0.0,0.0
2026-08-07 06:20:00-04:00,29605.75,29608.0,29591.25,29604.25,385,0.0,0.0
2026-08-07 06:25:00-04:00,29604.5,29621.5,29602.75,29621.25,370,0.0,0.0
2026-08-07 06:30:00-04:00,29621.5,29622.0,29609.25,29615.5,223,0.0,0.0
2026-08-07 06:35:00-04:00,29615.25,29621.5,29611.25,29620.0,189,0.0,0.0
2026-08-07 06:40:00-04:00,29620.75,29625.25,29617.0,29623.5,201,0.0,0.0
2026-08-07 06:45:00-04:00,29621.25,29624.0,29608.25,29615.75,246,0.0,0.0
2026-08-07 06:50:00-04:00,29617.25,29622.0,29603.75,29605.0,359,0.0,0.0
2026-08-07 06:55:00-04:00,29605.25,29608.0,29602.25,29607.25,194,0.0,0.0
2026-08-07 07:00:00-04:00,29606.5,29641.25,29606.25,29634.75,729,0.0,0.0
2026-08-07 07:05:00-04:00,29634.5,29647.0,29630.0,29639.75,383,0.0,0.0
2026-08-07 07:10:00-04:00,29639.5,29648.25,29635.5,29637.0,472,0.0,0.0
2026-08-07 07:15:00-04:00,29637.25,29647.0,29636.75,29640.0,351,0.0,0.0
2026-08-07 07:20:00-04:00,29640.25,29652.5,29638.25,29645.25,436,0.0,0.0
2026-08-07 07:25:00-04:00,29645.0,29666.25,29645.0,29654.0,684,0.0,0.0
2026-08-07 07:30:00-04:00,29652.25,29656.5,29647.25,29656.25,337,0.0,0.0
2026-08-07 07:35:00-04:00,29655.5,29673.25,29649.25,29661.25,536,0.0,0.0
2026-08-07 07:40:00-04:00,29659.75,29672.0,29659.0,29666.0,359,0.0,0.0
2026-08-07 07:45:00-04:00,29664.5,29666.25,29659.0,29662.25,278,0.0,0.0
2026-08-07 07:50:00-04:00,29663.25,29663.5,29636.75,29638.75,1141,0.0,0.0
2026-08-07 07:55:00-04:00,29638.5,29643.75,29604.25,29614.0,1620,0.0,0.0
2026-08-07 08:00:00-04:00,29614.5,29675.75,29604.75,29649.75,1450,0.0,0.0
2026-08-07 08:05:00-04:00,29649.5,29652.75,29633.5,29644.25,592,0.0,0.0
2026-08-07 08:10:00-04:00,29645.25,29664.75,29640.5,29658.5,680,0.0,0.0
2026-08-07 08:15:00-04:00,29658.75,29671.25,29654.75,29654.75,826,0.0,0.0
2026-08-07 08:20:00-04:00,29656.25,29660.0,29639.25,29655.0,630,0.0,0.0
2026-08-07 08:25:00-04:00,29655.0,29686.0,29618.5,29683.5,1709,0.0,0.0
2026-08-07 08:30:00-04:00,29676.25,29772.25,29643.75,29753.5,5369,0.0,0.0
2026-08-07 08:35:00-04:00,29752.75,29799.75,29738.75,29797.5,3608,0.0,0.0
2026-08-07 08:40:00-04:00,29797.5,29814.0,29785.0,29801.75,3861,0.0,0.0
2026-08-07 08:45:00-04:00,29801.5,29855.25,29801.5,29846.5,3941,0.0,0.0
2026-08-07 08:50:00-04:00,29847.0,29867.75,29844.25,29848.25,2802,0.0,0.0
2026-08-07 08:55:00-04:00,29849.25,29849.75,29833.25,29843.25,2576,0.0,0.0
2026-08-07 09:00:00-04:00,29843.75,29850.5,29784.75,29786.25,3709,0.0,0.0
2026-08-07 09:05:00-04:00,29785.25,29805.0,29763.25,29780.0,2883,0.0,0.0
2026-08-07 09:10:00-04:00,29779.75,29783.25,29734.25,29741.0,3094,0.0,0.0
2026-08-07 09:15:00-04:00,29741.25,29745.25,29714.5,29731.5,2709,0.0,0.0
2026-08-07 09:20:00-04:00,29731.5,29736.5,29720.0,29729.0,1644,0.0,0.0
2026-08-07 09:25:00-04:00,29729.75,29740.5,29685.0,29714.75,4682,0.0,0.0
2026-08-07 09:30:00-04:00,29714.25,29813.25,29681.0,29806.0,18763,0.0,0.0
2026-08-07 09:35:00-04:00,29804.75,29809.25,29696.5,29731.25,13792,0.0,0.0
2026-08-07 09:40:00-04:00,29733.0,29796.0,29704.25,29788.5,11303,0.0,0.0
2026-08-07 09:45:00-04:00,29786.75,29820.0,29709.0,29773.0,11293,0.0,0.0
2026-08-07 09:50:00-04:00,29773.75,29800.0,29745.75,29753.5,7446,0.0,0.0
2026-08-07 09:55:00-04:00,29754.5,29761.75,29643.75,29677.25,11677,0.0,0.0
2026-08-07 10:00:00-04:00,29679.5,29713.25,29616.75,29619.25,12135,0.0,0.0
2026-08-07 10:05:00-04:00,29619.25,29684.75,29613.5,29632.0,8690,0.0,0.0
2026-08-07 10:10:00-04:00,29630.75,29649.0,29564.5,29585.0,11712,0.0,0.0
2026-08-07 10:15:00-04:00,29585.0,29720.0,29568.5,29718.0,12821,0.0,0.0
2026-08-07 10:20:00-04:00,29718.5,29744.75,29687.0,29702.75,8739,0.0,0.0
2026-08-07 10:25:00-04:00,29703.0,29779.5,29701.25,29761.25,7101,0.0,0.0
2026-08-07 10:30:00-04:00,29761.0,29775.0,29714.25,29731.0,7468,0.0,0.0
2026-08-07 10:35:00-04:00,29731.0,29743.75,29669.5,29677.5,9237,0.0,0.0
2026-08-07 10:40:00-04:00,29678.75,29720.5,29660.0,29676.0,7108,0.0,0.0
2026-08-07 10:45:00-04:00,29676.75,29732.0,29667.75,29708.0,7068,0.0,0.0
2026-08-07 10:50:00-04:00,29708.25,29726.75,29667.75,29682.25,5823,0.0,0.0
2026-08-07 10:55:00-04:00,29682.0,29734.0,29675.0,29721.0,5094,0.0,0.0
2026-08-07 11:00:00-04:00,29720.25,29748.0,29709.0,29744.75,5101,0.0,0.0
2026-08-07 11:05:00-04:00,29745.0,29769.0,29740.5,29756.0,3936,0.0,0.0
2026-08-07 11:10:00-04:00,29756.5,29782.5,29738.25,29759.75,5206,0.0,0.0
2026-08-07 11:15:00-04:00,29760.25,29767.5,29746.5,29758.25,3615,0.0,0.0
2026-08-07 11:20:00-04:00,29757.75,29798.25,29752.75,29795.5,4960,0.0,0.0
2026-08-07 11:25:00-04:00,29795.5,29828.75,29794.0,29826.75,5680,0.0,0.0
2026-08-07 11:30:00-04:00,29826.0,29855.25,29826.0,29839.5,6089,0.0,0.0
2026-08-07 11:35:00-04:00,29840.5,29843.0,29818.75,29824.25,4219,0.0,0.0
2026-08-07 11:40:00-04:00,29825.0,29837.5,29794.25,29811.75,4570,0.0,0.0
2026-08-07 11:45:00-04:00,29812.0,29834.0,29802.25,29829.5,2755,0.0,0.0
2026-08-07 11:50:00-04:00,29829.75,29843.25,29796.5,29815.5,4047,0.0,0.0
2026-08-07 11:55:00-04:00,29816.25,29822.0,29796.5,29814.0,2939,0.0,0.0
2026-08-07 12:00:00-04:00,29814.75,29820.5,29795.0,29812.0,2937,0.0,0.0
2026-08-07 12:05:00-04:00,29812.0,29830.0,29809.0,29824.5,2774,0.0,0.0
2026-08-07 12:10:00-04:00,29825.25,29829.25,29798.25,29800.75,2126,0.0,0.0
2026-08-07 12:15:00-04:00,29800.5,29818.5,29787.0,29794.25,2862,0.0,0.0
2026-08-07 12:20:00-04:00,29794.25,29819.0,29746.25,29747.25,5482,0.0,0.0
2026-08-07 12:25:00-04:00,29748.0,29753.5,29688.75,29714.0,6744,0.0,0.0
2026-08-07 12:30:00-04:00,29714.0,29738.75,29668.75,29736.0,7626,0.0,0.0
2026-08-07 12:35:00-04:00,29735.75,29757.0,29719.25,29752.5,4199,0.0,0.0
2026-08-07 12:40:00-04:00,29752.0,29761.25,29735.0,29754.25,3188,0.0,0.0
2026-08-07 12:45:00-04:00,29754.5,29772.75,29754.5,29767.5,3504,0.0,0.0
2026-08-07 12:50:00-04:00,29768.25,29780.75,29740.0,29745.75,3524,0.0,0.0
2026-08-07 12:55:00-04:00,29746.0,29765.0,29738.75,29739.5,2672,0.0,0.0
2026-08-07 13:00:00-04:00,29739.75,29757.25,29726.75,29745.0,3282,0.0,0.0
2026-08-07 13:05:00-04:00,29745.0,29768.0,29742.0,29765.0,2248,0.0,0.0
2026-08-07 13:10:00-04:00,29764.0,29767.0,29734.0,29736.0,1933,0.0,0.0
2026-08-07 13:15:00-04:00,29735.25,29759.5,29731.75,29756.0,2202,0.0,0.0
2026-08-07 13:20:00-04:00,29756.5,29764.5,29731.5,29732.5,2091,0.0,0.0
2026-08-07 13:25:00-04:00,29732.0,29756.75,29726.25,29747.5,1956,0.0,0.0
2026-08-07 13:30:00-04:00,29747.5,29754.5,29727.0,29735.75,2320,0.0,0.0
2026-08-07 13:35:00-04:00,29736.25,29764.25,29734.5,29761.5,1759,0.0,0.0
2026-08-07 13:40:00-04:00,29762.5,29763.0,29739.25,29745.25,1717,0.0,0.0
2026-08-07 13:45:00-04:00,29746.0,29755.25,29740.75,29746.75,1242,0.0,0.0
2026-08-07 13:50:00-04:00,29746.0,29759.25,29735.5,29751.0,1683,0.0,0.0
2026-08-07 13:55:00-04:00,29751.5,29757.5,29743.25,29743.25,1354,0.0,0.0
2026-08-07 14:00:00-04:00,29743.5,29754.75,29741.0,29746.5,1439,0.0,0.0
2026-08-07 14:05:00-04:00,29746.75,29753.25,29734.5,29743.25,1786,0.0,0.0
2026-08-07 14:10:00-04:00,29743.5,29747.25,29712.5,29721.5,2304,0.0,0.0
2026-08-07 14:15:00-04:00,29722.0,29734.25,29716.0,29727.5,2062,0.0,0.0
2026-08-07 14:20:00-04:00,29727.0,29731.5,29711.75,29718.25,1433,0.0,0.0
2026-08-07 14:25:00-04:00,29717.75,29722.5,29702.75,29705.75,1898,0.0,0.0
2026-08-07 14:30:00-04:00,29705.5,29724.25,29700.0,29704.0,2541,0.0,0.0
2026-08-07 14:35:00-04:00,29704.5,29710.75,29691.0,29699.0,1967,0.0,0.0
2026-08-07 14:40:00-04:00,29698.25,29701.5,29678.75,29681.25,1656,0.0,0.0
2026-08-07 14:45:00-04:00,29681.5,29701.5,29676.5,29699.25,2140,0.0,0.0
2026-08-07 14:50:00-04:00,29699.0,29711.5,29695.0,29697.5,1794,0.0,0.0
2026-08-07 14:55:00-04:00,29698.25,29729.0,29690.0,29725.0,2416,0.0,0.0
2026-08-07 15:00:00-04:00,29725.25,29771.75,29723.0,29746.0,4752,0.0,0.0
2026-08-07 15:05:00-04:00,29745.5,29793.75,29744.5,29792.5,3576,0.0,0.0
2026-08-07 15:10:00-04:00,29793.0,29810.75,29792.75,29800.0,3585,0.0,0.0
2026-08-07 15:15:00-04:00,29800.25,29823.0,29791.75,29793.25,4026,0.0,0.0
2026-08-07 15:20:00-04:00,29793.25,29815.0,29793.0,29798.5,2625,0.0,0.0
2026-08-07 15:25:00-04:00,29799.0,29811.75,29794.5,29811.0,1987,0.0,0.0
2026-08-07 15:30:00-04:00,29811.25,29812.0,29776.5,29779.25,3176,0.0,0.0
2026-08-07 15:35:00-04:00,29778.75,29801.5,29773.0,29795.0,2629,0.0,0.0
2026-08-07 15:40:00-04:00,29795.0,29797.25,29772.25,29779.25,2674,0.0,0.0
2026-08-07 15:45:00-04:00,29778.75,29797.25,29778.0,29789.25,3223,0.0,0.0
2026-08-07 15:50:00-04:00,29789.75,29834.25,29786.0,29827.75,5506,0.0,0.0
2026-08-07 15:55:00-04:00,29827.5,29860.25,29817.75,29834.25,16315,0.0,0.0
2026-08-07 16:00:00-04:00,29833.75,29850.75,29813.75,29815.0,5775,0.0,0.0
2026-08-07 16:05:00-04:00,29815.25,29822.25,29807.25,29808.75,1929,0.0,0.0
2026-08-07 16:10:00-04:00,29809.0,29822.75,29805.25,29820.25,1238,0.0,0.0
2026-08-07 16:15:00-04:00,29820.5,29829.0,29816.5,29817.25,555,0.0,0.0
2026-08-07 16:20:00-04:00,29818.0,29818.5,29805.25,29811.0,510,0.0,0.0
2026-08-07 16:25:00-04:00,29811.0,29813.5,29803.75,29805.0,425,0.0,0.0
2026-08-07 16:30:00-04:00,29805.5,29818.0,29802.5,29816.75,450,0.0,0.0
2026-08-07 16:35:00-04:00,29817.0,29823.25,29815.75,29820.0,469,0.0,0.0
2026-08-07 16:40:00-04:00,29820.25,29823.75,29813.25,29814.25,765,0.0,0.0
2026-08-07 16:45:00-04:00,29814.25,29818.75,29813.0,29816.0,585,0.0,0.0
2026-08-07 16:50:00-04:00,29815.0,29825.25,29814.75,29821.5,486,0.0,0.0
2026-08-07 16:55:00-04:00,29821.5,29845.0,29819.0,29834.75,720,0.0,0.0
2026-08-09 18:10:00-04:00,29851.75,29860.25,29820.0,29826.25,1016,0.0,0.0
2026-08-09 18:15:00-04:00,29828.5,29829.0,29805.25,29820.75,794,0.0,0.0
2026-08-09 18:20:00-04:00,29820.0,29839.75,29819.5,29834.5,546,0.0,0.0
2026-08-09 18:25:00-04:00,29834.5,29854.5,29824.25,29838.0,752,0.0,0.0
2026-08-09 18:30:00-04:00,29838.5,29853.5,29815.25,29820.0,553,0.0,0.0
2026-08-09 18:35:00-04:00,29820.25,29834.75,29814.5,29828.25,341,0.0,0.0
2026-08-09 18:40:00-04:00,29829.25,29844.75,29829.25,29837.5,380,0.0,0.0
2026-08-09 18:45:00-04:00,29837.5,29846.0,29831.5,29836.5,349,0.0,0.0
2026-08-09 18:50:00-04:00,29838.25,29851.0,29838.25,29850.25,297,0.0,0.0
2026-08-09 18:55:00-04:00,29848.5,29849.25,29842.5,29844.25,98,0.0,0.0
2026-08-09 19:00:00-04:00,29845.25,29853.5,29833.5,29851.25,349,0.0,0.0
2026-08-09 19:05:00-04:00,29848.5,29877.0,29847.0,29863.25,618,0.0,0.0
2026-08-09 19:10:00-04:00,29861.25,29868.0,29858.5,29862.75,225,0.0,0.0
2026-08-09 19:15:00-04:00,29860.5,29865.0,29856.25,29862.0,210,0.0,0.0
2026-08-09 19:20:00-04:00,29862.25,29882.25,29860.0,29870.0,535,0.0,0.0
2026-08-09 19:25:00-04:00,29870.25,29875.0,29859.0,29864.25,331,0.0,0.0
2026-08-09 19:30:00-04:00,29865.25,29865.75,29834.75,29841.0,767,0.0,0.0
2026-08-09 19:35:00-04:00,29842.25,29858.0,29837.25,29854.25,311,0.0,0.0
2026-08-09 19:40:00-04:00,29855.75,29865.25,29850.5,29862.25,234,0.0,0.0
2026-08-09 19:45:00-04:00,29862.0,29872.0,29861.25,29870.25,267,0.0,0.0
2026-08-09 19:50:00-04:00,29868.25,29869.0,29855.0,29861.25,252,0.0,0.0
2026-08-09 19:55:00-04:00,29859.5,29860.25,29828.25,29829.5,581,0.0,0.0
2026-08-09 20:00:00-04:00,29830.25,29839.75,29796.25,29825.25,1436,0.0,0.0
2026-08-09 20:05:00-04:00,29822.5,29883.25,29822.5,29872.0,1082,0.0,0.0
2026-08-09 20:10:00-04:00,29872.0,29906.5,29869.0,29893.0,1050,0.0,0.0
2026-08-09 20:15:00-04:00,29891.5,29899.5,29873.75,29874.25,681,0.0,0.0
2026-08-09 20:20:00-04:00,29875.0,29888.0,29843.5,29849.25,782,0.0,0.0
2026-08-09 20:25:00-04:00,29850.75,29861.5,29840.0,29845.75,585,0.0,0.0
2026-08-09 20:30:00-04:00,29847.0,29865.25,29843.0,29856.0,414,0.0,0.0
2026-08-09 20:35:00-04:00,29856.0,29859.25,29810.75,29810.75,991,0.0,0.0
2026-08-09 20:40:00-04:00,29811.25,29823.0,29799.75,29804.5,680,0.0,0.0
2026-08-09 20:45:00-04:00,29806.25,29826.25,29805.25,29826.25,551,0.0,0.0
2026-08-09 20:50:00-04:00,29825.75,29830.5,29808.25,29812.75,510,0.0,0.0
2026-08-09 20:55:00-04:00,29812.0,29818.25,29788.5,29802.0,857,0.0,0.0
2026-08-09 21:00:00-04:00,29803.25,29835.0,29791.0,29826.0,897,0.0,0.0
2026-08-09 21:05:00-04:00,29824.25,29837.0,29808.25,29830.0,533,0.0,0.0
2026-08-09 21:10:00-04:00,29829.0,29855.0,29823.25,29853.0,542,0.0,0.0
2026-08-09 21:15:00-04:00,29851.75,29866.0,29845.75,29865.0,642,0.0,0.0
2026-08-09 21:20:00-04:00,29864.5,29881.25,29858.5,29879.5,772,0.0,0.0
2026-08-09 21:25:00-04:00,29879.75,29882.5,29864.25,29865.25,378,0.0,0.0
2026-08-09 21:30:00-04:00,29864.0,29869.0,29840.75,29850.0,551,0.0,0.0
2026-08-09 21:35:00-04:00,29852.0,29881.5,29846.0,29877.25,644,0.0,0.0
2026-08-09 21:40:00-04:00,29877.0,29878.75,29861.75,29875.5,309,0.0,0.0
2026-08-09 21:45:00-04:00,29876.5,29890.25,29871.75,29889.25,447,0.0,0.0
2026-08-09 21:50:00-04:00,29889.5,29895.0,29886.5,29888.0,270,0.0,0.0
2026-08-09 21:55:00-04:00,29888.25,29889.25,29882.5,29885.0,166,0.0,0.0
2026-08-09 22:00:00-04:00,29886.0,29889.25,29874.5,29887.25,383,0.0,0.0
2026-08-09 22:05:00-04:00,29885.25,29892.25,29875.5,29876.75,244,0.0,0.0
2026-08-09 22:10:00-04:00,29876.75,29885.5,29869.25,29871.25,288,0.0,0.0
2026-08-09 22:15:00-04:00,29873.25,29874.5,29852.75,29862.75,697,0.0,0.0
2026-08-09 22:20:00-04:00,29864.0,29869.0,29858.5,29858.75,203,0.0,0.0
2026-08-09 22:25:00-04:00,29859.5,29872.0,29859.0,29870.0,196,0.0,0.0
2026-08-09 22:30:00-04:00,29870.0,29873.25,29854.5,29856.0,210,0.0,0.0
2026-08-09 22:35:00-04:00,29854.75,29883.0,29848.25,29882.75,375,0.0,0.0
2026-08-09 22:40:00-04:00,29883.25,29890.75,29880.75,29890.25,270,0.0,0.0
2026-08-09 22:45:00-04:00,29889.0,29893.0,29886.5,29887.5,208,0.0,0.0
2026-08-09 22:50:00-04:00,29887.0,29899.5,29887.0,29892.0,260,0.0,0.0
2026-08-09 22:55:00-04:00,29893.0,29899.25,29880.25,29880.25,279,0.0,0.0
2026-08-09 23:00:00-04:00,29881.25,29892.0,29878.0,29879.0,250,0.0,0.0
2026-08-09 23:05:00-04:00,29879.25,29881.25,29872.0,29876.0,149,0.0,0.0
2026-08-09 23:10:00-04:00,29875.75,29880.0,29869.25,29876.25,197,0.0,0.0
2026-08-09 23:15:00-04:00,29876.0,29891.25,29871.75,29889.0,217,0.0,0.0
2026-08-09 23:20:00-04:00,29888.25,29891.25,29879.5,29881.5,171,0.0,0.0
2026-08-09 23:25:00-04:00,29879.5,29884.75,29871.25,29882.5,241,0.0,0.0
2026-08-09 23:30:00-04:00,29880.0,29888.5,29872.75,29888.5,233,0.0,0.0
2026-08-09 23:35:00-04:00,29888.75,29898.0,29883.0,29894.0,224,0.0,0.0
2026-08-09 23:40:00-04:00,29894.0,29897.25,29889.0,29896.5,248,0.0,0.0
2026-08-09 23:45:00-04:00,29896.5,29898.5,29889.0,29892.75,206,0.0,0.0
2026-08-09 23:50:00-04:00,29893.25,29899.0,29881.25,29883.0,235,0.0,0.0
2026-08-09 23:55:00-04:00,29883.0,29883.0,29871.25,29880.0,232,0.0,0.0
2026-08-10 00:00:00-04:00,29878.25,29887.75,29873.0,29880.5,266,0.0,0.0
2026-08-10 00:05:00-04:00,29881.0,29896.0,29873.25,29895.75,201,0.0,0.0
2026-08-10 00:10:00-04:00,29897.0,29897.75,29885.25,29895.5,186,0.0,0.0
2026-08-10 00:15:00-04:00,29894.25,29901.5,29892.5,29897.0,237,0.0,0.0
2026-08-10 00:20:00-04:00,29897.0,29899.5,29894.5,29897.5,103,0.0,0.0
2026-08-10 00:25:00-04:00,29896.75,29904.0,29891.0,29899.25,239,0.0,0.0
2026-08-10 00:30:00-04:00,29898.25,29899.75,29886.75,29889.0,189,0.0,0.0
2026-08-10 00:35:00-04:00,29889.0,29892.5,29882.5,29883.75,186,0.0,0.0
2026-08-10 00:40:00-04:00,29883.5,29889.5,29863.0,29887.25,514,0.0,0.0
2026-08-10 00:45:00-04:00,29887.25,29897.75,29882.25,29889.75,219,0.0,0.0
2026-08-10 00:50:00-04:00,29889.75,29902.25,29885.75,29886.25,220,0.0,0.0
2026-08-10 00:55:00-04:00,29884.5,29884.75,29873.75,29882.75,303,0.0,0.0
2026-08-10 01:00:00-04:00,29882.25,29900.0,29881.0,29898.75,336,0.0,0.0
2026-08-10 01:05:00-04:00,29898.75,29913.75,29897.5,29909.0,490,0.0,0.0
2026-08-10 01:10:00-04:00,29909.25,29918.25,29906.5,29916.25,353,0.0,0.0
2026-08-10 01:15:00-04:00,29916.75,29920.5,29910.75,29914.25,365,0.0,0.0
2026-08-10 01:20:00-04:00,29916.0,29923.5,29913.0,29923.0,265,0.0,0.0
2026-08-10 01:25:00-04:00,29922.25,29924.5,29909.0,29910.75,217,0.0,0.0
2026-08-10 01:30:00-04:00,29912.0,29916.75,29907.5,29914.0,242,0.0,0.0
2026-08-10 01:35:00-04:00,29914.0,29919.0,29906.0,29908.0,361,0.0,0.0
2026-08-10 01:40:00-04:00,29907.25,29910.0,29903.5,29905.5,158,0.0,0.0
2026-08-10 01:45:00-04:00,29905.25,29910.0,29899.5,29904.5,259,0.0,0.0
2026-08-10 01:50:00-04:00,29904.25,29926.5,29902.75,29924.5,348,0.0,0.0
2026-08-10 01:55:00-04:00,29925.25,29930.5,29924.75,29930.5,321,0.0,0.0
2026-08-10 02:00:00-04:00,29930.0,29942.0,29927.5,29938.0,843,0.0,0.0
2026-08-10 02:05:00-04:00,29937.5,29946.0,29934.5,29943.75,434,0.0,0.0
2026-08-10 02:10:00-04:00,29943.25,29962.0,29943.0,29956.25,606,0.0,0.0
2026-08-10 02:15:00-04:00,29956.0,29962.75,29947.25,29959.25,490,0.0,0.0
2026-08-10 02:20:00-04:00,29959.0,29960.0,29923.0,29928.25,931,0.0,0.0
2026-08-10 02:25:00-04:00,29928.0,29928.0,29907.5,29914.25,486,0.0,0.0
2026-08-10 02:30:00-04:00,29914.25,29925.25,29907.0,29918.25,502,0.0,0.0
2026-08-10 02:35:00-04:00,29917.75,29919.0,29907.75,29915.75,235,0.0,0.0
2026-08-10 02:40:00-04:00,29915.75,29921.5,29912.75,29917.25,229,0.0,0.0
2026-08-10 02:45:00-04:00,29917.5,29920.0,29911.25,29913.5,216,0.0,0.0
2026-08-10 02:50:00-04:00,29914.5,29923.5,29911.0,29914.5,189,0.0,0.0
2026-08-10 02:55:00-04:00,29913.0,29916.75,29906.0,29908.5,382,0.0,0.0
2026-08-10 03:00:00-04:00,29909.25,29923.0,29902.5,29917.0,589,0.0,0.0
2026-08-10 03:05:00-04:00,29916.75,29921.75,29905.0,29911.25,284,0.0,0.0
2026-08-10 03:10:00-04:00,29908.75,29914.5,29886.25,29914.0,595,0.0,0.0
2026-08-10 03:15:00-04:00,29914.0,29931.0,29911.25,29931.0,517,0.0,0.0
2026-08-10 03:20:00-04:00,29932.25,29952.0,29931.0,29947.0,833,0.0,0.0
2026-08-10 03:25:00-04:00,29948.0,29952.5,29937.25,29952.25,301,0.0,0.0
2026-08-10 03:30:00-04:00,29950.75,29957.5,29948.0,29953.5,361,0.0,0.0
2026-08-10 03:35:00-04:00,29953.75,29967.5,29952.75,29964.25,427,0.0,0.0
2026-08-10 03:40:00-04:00,29964.0,29970.0,29958.75,29965.5,380,0.0,0.0
2026-08-10 03:45:00-04:00,29965.75,29984.0,29935.75,29938.75,878,0.0,0.0
2026-08-10 03:50:00-04:00,29939.5,29949.25,29937.5,29944.25,202,0.0,0.0
2026-08-10 03:55:00-04:00,29944.75,29959.75,29944.75,29951.5,225,0.0,0.0
2026-08-10 04:00:00-04:00,29952.5,29981.0,29948.5,29976.5,638,0.0,0.0
2026-08-10 04:05:00-04:00,29978.0,29980.75,29953.75,29962.5,462,0.0,0.0
2026-08-10 04:10:00-04:00,29958.5,29964.25,29947.0,29963.0,321,0.0,0.0
2026-08-10 04:15:00-04:00,29961.75,29973.0,29958.0,29967.5,314,0.0,0.0
2026-08-10 04:20:00-04:00,29966.5,29966.5,29939.5,29953.25,356,0.0,0.0
2026-08-10 04:25:00-04:00,29956.0,29959.0,29946.5,29953.5,255,0.0,0.0
2026-08-10 04:30:00-04:00,29952.0,29959.0,29944.0,29958.0,244,0.0,0.0
2026-08-10 04:35:00-04:00,29957.25,29972.0,29956.75,29969.5,293,0.0,0.0
2026-08-10 04:40:00-04:00,29969.25,29971.75,29952.75,29955.5,198,0.0,0.0
2026-08-10 04:45:00-04:00,29954.75,29956.0,29949.0,29954.25,149,0.0,0.0
2026-08-10 04:50:00-04:00,29952.25,29963.25,29949.75,29962.75,204,0.0,0.0
2026-08-10 04:55:00-04:00,29962.25,29975.0,29960.25,29971.5,365,0.0,0.0
2026-08-10 05:00:00-04:00,29971.5,29976.25,29966.0,29976.25,292,0.0,0.0
2026-08-10 05:05:00-04:00,29976.5,29979.0,29970.0,29977.0,293,0.0,0.0
2026-08-10 05:10:00-04:00,29977.0,29983.75,29972.5,29976.0,288,0.0,0.0
2026-08-10 05:15:00-04:00,29974.75,29981.75,29963.5,29966.0,231,0.0,0.0
2026-08-10 05:20:00-04:00,29965.0,29976.5,29965.0,29976.5,153,0.0,0.0
2026-08-10 05:25:00-04:00,29977.0,29978.0,29965.0,29967.75,200,0.0,0.0
2026-08-10 05:30:00-04:00,29968.5,29972.0,29958.0,29970.25,306,0.0,0.0
2026-08-10 05:35:00-04:00,29969.75,29969.75,29942.0,29946.0,391,0.0,0.0
2026-08-10 05:40:00-04:00,29946.5,29948.75,29936.5,29945.0,281,0.0,0.0
2026-08-10 05:45:00-04:00,29943.75,29946.5,29936.0,29944.5,154,0.0,0.0
2026-08-10 05:50:00-04:00,29943.75,29952.0,29943.75,29945.5,214,0.0,0.0
2026-08-10 05:55:00-04:00,29946.0,29949.0,29937.5,29938.75,143,0.0,0.0
2026-08-10 06:00:00-04:00,29939.25,29958.5,29932.75,29957.5,438,0.0,0.0
2026-08-10 06:05:00-04:00,29958.5,29959.0,29940.5,29940.5,302,0.0,0.0
2026-08-10 06:10:00-04:00,29942.0,29944.25,29916.0,29917.25,368,0.0,0.0
2026-08-10 06:15:00-04:00,29917.75,29928.75,29916.5,29927.5,238,0.0,0.0
2026-08-10 06:20:00-04:00,29928.0,29952.25,29928.0,29951.75,498,0.0,0.0
2026-08-10 06:25:00-04:00,29950.75,29950.75,29939.25,29946.75,217,0.0,0.0
2026-08-10 06:30:00-04:00,29943.5,29945.5,29929.25,29937.25,256,0.0,0.0
2026-08-10 06:35:00-04:00,29937.5,29937.5,29917.0,29918.75,360,0.0,0.0
2026-08-10 06:40:00-04:00,29916.75,29920.25,29910.0,29919.5,325,0.0,0.0
2026-08-10 06:45:00-04:00,29918.75,29924.5,29917.5,29918.75,137,0.0,0.0
2026-08-10 06:50:00-04:00,29919.5,29938.25,29919.5,29926.25,350,0.0,0.0
2026-08-10 06:55:00-04:00,29929.0,29932.5,29909.25,29912.25,530,0.0,0.0
2026-08-10 07:00:00-04:00,29912.75,29926.0,29883.25,29889.25,961,0.0,0.0
2026-08-10 07:05:00-04:00,29888.5,29889.0,29874.0,29876.0,494,0.0,0.0
2026-08-10 07:10:00-04:00,29876.5,29882.75,29851.5,29876.5,899,0.0,0.0
2026-08-10 07:15:00-04:00,29877.25,29882.5,29864.25,29870.25,551,0.0,0.0
2026-08-10 07:20:00-04:00,29869.0,29892.0,29868.75,29881.5,600,0.0,0.0
2026-08-10 07:25:00-04:00,29879.75,29913.0,29874.0,29909.0,654,0.0,0.0
2026-08-10 07:30:00-04:00,29909.25,29919.75,29904.75,29910.75,708,0.0,0.0
2026-08-10 07:35:00-04:00,29910.75,29912.0,29890.25,29895.0,553,0.0,0.0
2026-08-10 07:40:00-04:00,29893.0,29908.5,29872.0,29874.75,699,0.0,0.0
2026-08-10 07:45:00-04:00,29874.25,29884.25,29846.0,29848.25,1009,0.0,0.0
2026-08-10 07:50:00-04:00,29847.25,29874.0,29846.0,29864.0,947,0.0,0.0
2026-08-10 07:55:00-04:00,29862.75,29876.25,29859.25,29871.0,357,0.0,0.0
2026-08-10 08:00:00-04:00,29870.25,29880.75,29854.0,29877.25,521,0.0,0.0
2026-08-10 08:05:00-04:00,29877.5,29882.25,29864.25,29879.5,393,0.0,0.0
2026-08-10 08:10:00-04:00,29880.0,29883.75,29843.75,29845.0,531,0.0,0.0
2026-08-10 08:15:00-04:00,29845.75,29846.5,29826.5,29830.25,729,0.0,0.0
2026-08-10 08:20:00-04:00,29829.25,29834.75,29810.25,29820.5,685,0.0,0.0
2026-08-10 08:25:00-04:00,29819.0,29827.5,29816.25,29821.0,539,0.0,0.0
2026-08-10 08:30:00-04:00,29823.25,29827.5,29794.5,29794.5,1121,0.0,0.0
2026-08-10 08:35:00-04:00,29794.25,29812.25,29782.25,29792.0,1628,0.0,0.0
2026-08-10 08:40:00-04:00,29793.25,29808.75,29790.0,29804.0,649,0.0,0.0
2026-08-10 08:45:00-04:00,29803.75,29810.0,29791.25,29798.0,649,0.0,0.0
2026-08-10 08:50:00-04:00,29796.75,29796.75,29773.0,29778.0,1035,0.0,0.0
2026-08-10 08:55:00-04:00,29777.75,29782.5,29771.75,29777.0,698,0.0,0.0
2026-08-10 09:00:00-04:00,29778.5,29797.0,29772.25,29795.5,1458,0.0,0.0
2026-08-10 09:05:00-04:00,29795.0,29808.75,29791.0,29808.75,892,0.0,0.0
2026-08-10 09:10:00-04:00,29807.25,29816.0,29797.0,29805.0,1051,0.0,0.0
2026-08-10 09:15:00-04:00,29804.5,29818.5,29793.0,29815.25,912,0.0,0.0
2026-08-10 09:20:00-04:00,29815.25,29819.5,29794.25,29813.25,1234,0.0,0.0
2026-08-10 09:25:00-04:00,29812.75,29823.75,29789.5,29805.5,2442,0.0,0.0
2026-08-10 09:30:00-04:00,29805.5,29841.75,29737.0,29740.75,13766,0.0,0.0
2026-08-10 09:35:00-04:00,29741.25,29811.25,29727.75,29764.25,13353,0.0,0.0
2026-08-10 09:40:00-04:00,29763.0,29788.0,29718.75,29776.0,10243,0.0,0.0
2026-08-10 09:45:00-04:00,29775.75,29828.0,29767.5,29817.75,7939,0.0,0.0
2026-08-10 09:50:00-04:00,29817.25,29832.75,29754.5,29776.5,9501,0.0,0.0
2026-08-10 09:55:00-04:00,29777.5,29819.0,29756.25,29806.75,6546,0.0,0.0
2026-08-10 10:00:00-04:00,29807.0,29831.5,29788.25,29819.0,6670,0.0,0.0
2026-08-10 10:05:00-04:00,29819.25,29875.75,29817.0,29874.25,7348,0.0,0.0
2026-08-10 10:10:00-04:00,29874.75,29892.0,29870.0,29881.5,5193,0.0,0.0
2026-08-10 10:15:00-04:00,29882.0,29900.0,29855.25,29862.25,6004,0.0,0.0
2026-08-10 10:20:00-04:00,29863.0,29884.5,29827.0,29837.75,5637,0.0,0.0
2026-08-10 10:25:00-04:00,29838.75,29869.5,29814.75,29857.75,6391,0.0,0.0
2026-08-10 10:30:00-04:00,29858.25,29882.0,29850.0,29861.5,4603,0.0,0.0
2026-08-10 10:35:00-04:00,29861.25,29892.25,29846.75,29860.0,5126,0.0,0.0
2026-08-10 10:40:00-04:00,29859.75,29883.0,29855.0,29866.75,3371,0.0,0.0
2026-08-10 10:45:00-04:00,29866.5,29886.0,29862.5,29870.25,3079,0.0,0.0
2026-08-10 10:50:00-04:00,29870.25,29877.25,29794.75,29795.75,5634,0.0,0.0
2026-08-10 10:55:00-04:00,29795.0,29816.0,29777.75,29779.25,5843,0.0,0.0
2026-08-10 11:00:00-04:00,29779.75,29815.5,29771.25,29800.0,6158,0.0,0.0
2026-08-10 11:05:00-04:00,29800.0,29822.5,29782.75,29782.75,4078,0.0,0.0
2026-08-10 11:10:00-04:00,29782.5,29807.0,29766.0,29793.25,4335,0.0,0.0
2026-08-10 11:15:00-04:00,29793.25,29817.25,29790.0,29799.75,3708,0.0,0.0
2026-08-10 11:20:00-04:00,29799.75,29809.0,29773.5,29783.75,3192,0.0,0.0
2026-08-10 11:25:00-04:00,29783.75,29788.0,29753.5,29777.75,3902,0.0,0.0
2026-08-10 11:30:00-04:00,29777.0,29787.75,29747.75,29750.75,3309,0.0,0.0
2026-08-10 11:35:00-04:00,29751.25,29770.0,29740.75,29761.75,2966,0.0,0.0
2026-08-10 11:40:00-04:00,29762.0,29809.0,29753.0,29808.25,3898,0.0,0.0
2026-08-10 11:45:00-04:00,29808.25,29818.0,29786.25,29796.0,3513,0.0,0.0
2026-08-10 11:50:00-04:00,29795.5,29848.5,29793.5,29846.5,3932,0.0,0.0
2026-08-10 11:55:00-04:00,29846.25,29854.5,29837.5,29844.0,2607,0.0,0.0
2026-08-10 12:00:00-04:00,29844.5,29858.75,29841.25,29848.0,2447,0.0,0.0
2026-08-10 12:05:00-04:00,29848.5,29850.0,29816.5,29826.25,2840,0.0,0.0
2026-08-10 12:10:00-04:00,29826.0,29833.0,29811.75,29822.0,2121,0.0,0.0
2026-08-10 12:15:00-04:00,29822.0,29835.0,29804.75,29821.25,2736,0.0,0.0
2026-08-10 12:20:00-04:00,29821.5,29841.0,29816.0,29839.25,1957,0.0,0.0
2026-08-10 12:25:00-04:00,29839.75,29843.5,29807.5,29809.75,2529,0.0,0.0
2026-08-10 12:30:00-04:00,29809.5,29817.0,29744.0,29778.25,5326,0.0,0.0
2026-08-10 12:35:00-04:00,29778.75,29796.0,29760.75,29769.5,3301,0.0,0.0
2026-08-10 12:40:00-04:00,29769.25,29774.25,29729.5,29742.25,4262,0.0,0.0
2026-08-10 12:45:00-04:00,29742.75,29768.5,29733.0,29767.0,3525,0.0,0.0
2026-08-10 12:50:00-04:00,29766.5,29768.0,29741.75,29755.25,2430,0.0,0.0
2026-08-10 12:55:00-04:00,29756.0,29781.0,29756.0,29780.0,2524,0.0,0.0
2026-08-10 13:00:00-04:00,29780.25,29783.75,29760.75,29774.0,2507,0.0,0.0
2026-08-10 13:05:00-04:00,29773.75,29802.0,29769.75,29800.5,2848,0.0,0.0
2026-08-10 13:10:00-04:00,29800.75,29809.0,29793.0,29800.75,2252,0.0,0.0
2026-08-10 13:15:00-04:00,29800.75,29811.25,29789.5,29796.0,1869,0.0,0.0
2026-08-10 13:20:00-04:00,29796.5,29804.5,29792.0,29796.75,1322,0.0,0.0
2026-08-10 13:25:00-04:00,29797.0,29799.75,29776.25,29787.5,2066,0.0,0.0
2026-08-10 13:30:00-04:00,29786.75,29796.5,29784.75,29787.75,1444,0.0,0.0
2026-08-10 13:35:00-04:00,29788.0,29790.75,29763.75,29769.5,2198,0.0,0.0
2026-08-10 13:40:00-04:00,29770.0,29778.5,29756.0,29759.5,1660,0.0,0.0
2026-08-10 13:45:00-04:00,29760.0,29763.5,29752.75,29753.0,1708,0.0,0.0
2026-08-10 13:50:00-04:00,29754.0,29761.75,29744.25,29752.25,2088,0.0,0.0
2026-08-10 13:55:00-04:00,29753.0,29765.25,29745.75,29759.75,1644,0.0,0.0
2026-08-10 14:00:00-04:00,29759.0,29768.25,29750.0,29754.5,1567,0.0,0.0
2026-08-10 14:05:00-04:00,29754.5,29770.0,29748.5,29766.25,1323,0.0,0.0
2026-08-10 14:10:00-04:00,29765.0,29772.75,29750.0,29751.25,1452,0.0,0.0
2026-08-10 14:15:00-04:00,29751.75,29756.5,29742.75,29747.25,1724,0.0,0.0
2026-08-10 14:20:00-04:00,29747.0,29755.75,29742.5,29750.0,1324,0.0,0.0
2026-08-10 14:25:00-04:00,29750.75,29756.0,29743.5,29747.75,1036,0.0,0.0
2026-08-10 14:30:00-04:00,29747.5,29765.0,29741.5,29763.0,2132,0.0,0.0
2026-08-10 14:35:00-04:00,29763.25,29771.0,29746.25,29755.25,1772,0.0,0.0
2026-08-10 14:40:00-04:00,29755.5,29773.5,29753.75,29771.75,1779,0.0,0.0
2026-08-10 14:45:00-04:00,29772.0,29774.0,29759.75,29765.5,1345,0.0,0.0
2026-08-10 14:50:00-04:00,29765.25,29780.0,29765.25,29775.0,1438,0.0,0.0
2026-08-10 14:55:00-04:00,29775.25,29784.5,29767.5,29782.0,1726,0.0,0.0
2026-08-10 15:00:00-04:00,29782.75,29793.25,29778.75,29782.25,2236,0.0,0.0
2026-08-10 15:05:00-04:00,29783.0,29789.25,29775.5,29787.5,1575,0.0,0.0
2026-08-10 15:10:00-04:00,29787.25,29795.0,29782.5,29789.5,1357,0.0,0.0
2026-08-10 15:15:00-04:00,29789.75,29796.0,29781.75,29785.5,1652,0.0,0.0
2026-08-10 15:20:00-04:00,29785.0,29794.0,29780.75,29793.5,1508,0.0,0.0
2026-08-10 15:25:00-04:00,29793.75,29796.0,29779.75,29781.75,1711,0.0,0.0
2026-08-10 15:30:00-04:00,29782.25,29788.25,29775.0,29777.0,2000,0.0,0.0
2026-08-10 15:35:00-04:00,29777.25,29793.0,29773.0,29788.0,1684,0.0,0.0
2026-08-10 15:40:00-04:00,29788.25,29789.25,29770.25,29776.25,2112,0.0,0.0
2026-08-10 15:45:00-04:00,29776.0,29784.25,29766.25,29781.75,2696,0.0,0.0
2026-08-10 15:50:00-04:00,29782.25,29782.25,29732.5,29734.0,6350,0.0,0.0
2026-08-10 15:55:00-04:00,29736.75,29756.25,29722.5,29744.25,14347,0.0,0.0
2026-08-10 16:00:00-04:00,29744.5,29754.75,29740.0,29745.75,4307,0.0,0.0
2026-08-10 16:05:00-04:00,29745.25,29754.75,29741.5,29753.5,1241,0.0,0.0
2026-08-10 16:10:00-04:00,29753.25,29753.75,29740.25,29745.0,906,0.0,0.0
2026-08-10 16:15:00-04:00,29745.0,29753.0,29742.25,29743.5,660,0.0,0.0
2026-08-10 16:20:00-04:00,29743.25,29750.5,29737.0,29744.0,499,0.0,0.0
2026-08-10 16:25:00-04:00,29743.0,29754.5,29742.5,29751.75,467,0.0,0.0
2026-08-10 16:30:00-04:00,29751.75,29754.0,29743.5,29747.25,397,0.0,0.0
2026-08-10 16:35:00-04:00,29747.25,29753.5,29743.25,29750.0,330,0.0,0.0
2026-08-10 16:40:00-04:00,29750.25,29760.0,29748.0,29757.5,510,0.0,0.0
2026-08-10 16:45:00-04:00,29758.0,29765.25,29757.5,29760.75,609,0.0,0.0
2026-08-10 16:50:00-04:00,29761.0,29770.0,29755.75,29769.0,299,0.0,0.0
2026-08-10 16:55:00-04:00,29768.5,29769.75,29762.0,29764.25,336,0.0,0.0
2026-08-10 18:00:00-04:00,29764.5,29788.5,29755.75,29773.25,0,0.0,0.0
2026-08-10 18:05:00-04:00,29773.5,29774.5,29757.75,29761.25,405,0.0,0.0
2026-08-10 18:10:00-04:00,29760.75,29764.0,29752.0,29761.5,388,0.0,0.0
2026-08-10 18:15:00-04:00,29761.75,29762.75,29746.75,29746.75,309,0.0,0.0
2026-08-10 18:20:00-04:00,29746.0,29751.0,29733.0,29739.25,445,0.0,0.0
2026-08-10 18:25:00-04:00,29738.5,29750.0,29738.5,29746.25,302,0.0,0.0
2026-08-10 18:30:00-04:00,29746.0,29746.25,29724.25,29727.75,600,0.0,0.0
2026-08-10 18:35:00-04:00,29727.75,29732.25,29723.5,29727.0,225,0.0,0.0
2026-08-10 18:40:00-04:00,29726.75,29731.75,29722.25,29725.25,214,0.0,0.0
2026-08-10 18:45:00-04:00,29724.5,29732.0,29724.5,29728.0,117,0.0,0.0
2026-08-10 18:50:00-04:00,29728.75,29735.5,29724.75,29729.75,196,0.0,0.0
2026-08-10 18:55:00-04:00,29729.25,29736.75,29729.0,29732.5,70,0.0,0.0
2026-08-10 19:00:00-04:00,29732.5,29735.5,29720.75,29730.5,309,0.0,0.0
2026-08-10 19:05:00-04:00,29730.25,29732.5,29727.25,29729.25,110,0.0,0.0
2026-08-10 19:10:00-04:00,29729.0,29733.0,29728.75,29731.25,100,0.0,0.0
2026-08-10 19:15:00-04:00,29731.5,29732.0,29723.0,29723.5,130,0.0,0.0
2026-08-10 19:20:00-04:00,29724.0,29725.0,29701.25,29710.25,893,0.0,0.0
2026-08-10 19:25:00-04:00,29710.25,29717.0,29704.25,29708.5,283,0.0,0.0
2026-08-10 19:30:00-04:00,29708.5,29710.5,29702.5,29708.25,185,0.0,0.0
2026-08-10 19:35:00-04:00,29707.5,29715.0,29706.75,29709.0,235,0.0,0.0
2026-08-10 19:40:00-04:00,29709.5,29715.5,29707.0,29714.25,150,0.0,0.0
2026-08-10 19:45:00-04:00,29713.75,29726.75,29705.5,29718.0,488,0.0,0.0
2026-08-10 19:50:00-04:00,29717.75,29719.0,29692.25,29698.0,544,0.0,0.0
2026-08-10 19:55:00-04:00,29695.25,29707.25,29677.5,29704.5,980,0.0,0.0
2026-08-10 20:00:00-04:00,29703.75,29703.75,29666.0,29688.25,1276,0.0,0.0
2026-08-10 20:05:00-04:00,29686.75,29718.5,29681.0,29704.5,1043,0.0,0.0
2026-08-10 20:10:00-04:00,29702.75,29753.5,29700.5,29748.75,1703,0.0,0.0
2026-08-10 20:15:00-04:00,29746.75,29750.25,29728.25,29736.75,909,0.0,0.0
2026-08-10 20:20:00-04:00,29737.0,29755.25,29725.0,29742.5,793,0.0,0.0
2026-08-10 20:25:00-04:00,29743.75,29765.0,29741.0,29762.75,774,0.0,0.0
2026-08-10 20:30:00-04:00,29764.0,29770.0,29756.0,29758.0,567,0.0,0.0
2026-08-10 20:35:00-04:00,29759.0,29771.25,29756.0,29760.25,540,0.0,0.0
2026-08-10 20:40:00-04:00,29762.0,29784.0,29761.0,29778.25,550,0.0,0.0
2026-08-10 20:45:00-04:00,29779.25,29791.75,29777.0,29778.25,604,0.0,0.0
2026-08-10 20:50:00-04:00,29778.0,29793.75,29778.0,29791.5,447,0.0,0.0
2026-08-10 20:55:00-04:00,29790.75,29792.5,29783.0,29785.0,265,0.0,0.0
2026-08-10 21:00:00-04:00,29784.75,29797.0,29765.0,29773.25,1267,0.0,0.0
2026-08-10 21:05:00-04:00,29771.5,29789.75,29764.5,29788.0,547,0.0,0.0
2026-08-10 21:10:00-04:00,29789.25,29826.0,29787.75,29826.0,1291,0.0,0.0
2026-08-10 21:15:00-04:00,29825.25,29827.75,29808.75,29813.75,586,0.0,0.0
2026-08-10 21:20:00-04:00,29815.0,29839.5,29812.25,29833.5,660,0.0,0.0
2026-08-10 21:25:00-04:00,29832.25,29832.75,29812.5,29821.75,503,0.0,0.0
2026-08-10 21:30:00-04:00,29819.25,29827.5,29813.0,29815.75,437,0.0,0.0
2026-08-10 21:35:00-04:00,29816.0,29820.0,29810.0,29814.0,247,0.0,0.0
2026-08-10 21:40:00-04:00,29813.75,29826.25,29811.75,29822.5,286,0.0,0.0
2026-08-10 21:45:00-04:00,29820.75,29842.5,29817.0,29841.5,681,0.0,0.0
2026-08-10 21:50:00-04:00,29842.0,29842.0,29831.75,29836.5,305,0.0,0.0
2026-08-10 21:55:00-04:00,29836.25,29837.25,29818.25,29818.25,366,0.0,0.0
2026-08-10 22:00:00-04:00,29818.0,29829.0,29813.75,29828.75,291,0.0,0.0
2026-08-10 22:05:00-04:00,29827.75,29830.5,29812.0,29815.0,368,0.0,0.0
2026-08-10 22:10:00-04:00,29816.0,29823.75,29813.75,29819.5,210,0.0,0.0
2026-08-10 22:15:00-04:00,29821.25,29827.25,29814.5,29823.0,221,0.0,0.0
2026-08-10 22:20:00-04:00,29823.25,29824.0,29813.0,29819.75,196,0.0,0.0
2026-08-10 22:25:00-04:00,29819.0,29826.75,29814.5,29825.0,182,0.0,0.0
2026-08-10 22:30:00-04:00,29824.0,29838.25,29824.0,29834.0,530,0.0,0.0
2026-08-10 22:35:00-04:00,29833.25,29833.25,29825.25,29827.25,166,0.0,0.0
2026-08-10 22:40:00-04:00,29826.75,29839.0,29826.75,29838.75,200,0.0,0.0
2026-08-10 22:45:00-04:00,29839.5,29844.5,29832.75,29833.75,316,0.0,0.0
2026-08-10 22:50:00-04:00,29833.25,29834.25,29820.25,29826.25,346,0.0,0.0
2026-08-10 22:55:00-04:00,29827.0,29827.0,29815.0,29818.25,242,0.0,0.0
2026-08-10 23:00:00-04:00,29817.75,29832.75,29815.0,29829.0,325,0.0,0.0
2026-08-10 23:05:00-04:00,29830.25,29830.25,29815.75,29824.75,233,0.0,0.0
2026-08-10 23:10:00-04:00,29826.75,29828.75,29818.5,29821.5,133,0.0,0.0
2026-08-10 23:15:00-04:00,29822.5,29825.75,29817.5,29822.75,135,0.0,0.0
2026-08-10 23:20:00-04:00,29822.5,29842.0,29819.75,29841.25,482,0.0,0.0
2026-08-10 23:25:00-04:00,29841.0,29847.5,29835.75,29840.75,326,0.0,0.0
2026-08-10 23:30:00-04:00,29842.25,29843.0,29826.0,29828.75,256,0.0,0.0
2026-08-10 23:35:00-04:00,29829.25,29842.0,29827.75,29838.75,233,0.0,0.0
2026-08-10 23:40:00-04:00,29838.5,29842.5,29831.75,29831.75,149,0.0,0.0
2026-08-10 23:45:00-04:00,29833.5,29836.0,29828.25,29834.75,177,0.0,0.0
2026-08-10 23:50:00-04:00,29835.0,29842.75,29833.0,29841.25,149,0.0,0.0
2026-08-10 23:55:00-04:00,29840.5,29840.75,29829.75,29834.0,105,0.0,0.0
2026-08-11 00:05:00-04:00,29838.25,29841.0,29836.0,29836.25,299,0.0,0.0
2026-08-11 00:10:00-04:00,29837.5,29851.25,29837.25,29847.75,415,0.0,0.0
2026-08-11 00:15:00-04:00,29848.5,29849.25,29843.5,29845.5,149,0.0,0.0
2026-08-11 00:20:00-04:00,29844.25,29846.0,29838.25,29840.75,244,0.0,0.0
2026-08-11 00:25:00-04:00,29841.0,29854.5,29839.25,29852.75,365,0.0,0.0
2026-08-11 00:30:00-04:00,29852.5,29861.75,29847.25,29847.25,461,0.0,0.0
2026-08-11 00:35:00-04:00,29847.5,29851.5,29843.0,29849.75,170,0.0,0.0
2026-08-11 00:40:00-04:00,29849.0,29849.0,29835.5,29838.25,194,0.0,0.0
2026-08-11 00:45:00-04:00,29839.25,29846.0,29838.0,29841.0,125,0.0,0.0
2026-08-11 00:50:00-04:00,29841.75,29842.75,29834.5,29837.75,134,0.0,0.0
2026-08-11 00:55:00-04:00,29835.75,29840.0,29835.5,29838.75,109,0.0,0.0
2026-08-11 01:00:00-04:00,29838.75,29844.5,29834.5,29836.0,176,0.0,0.0
2026-08-11 01:05:00-04:00,29834.5,29848.0,29830.25,29844.75,208,0.0,0.0
2026-08-11 01:10:00-04:00,29845.75,29854.25,29842.75,29852.0,154,0.0,0.0
2026-08-11 01:15:00-04:00,29852.25,29853.5,29826.75,29827.75,230,0.0,0.0
2026-08-11 01:20:00-04:00,29828.0,29828.5,29815.0,29815.75,377,0.0,0.0
2026-08-11 01:25:00-04:00,29815.25,29820.75,29813.25,29813.75,281,0.0,0.0
2026-08-11 01:30:00-04:00,29813.25,29818.0,29798.25,29817.0,818,0.0,0.0
2026-08-11 01:35:00-04:00,29817.25,29829.5,29815.5,29820.5,456,0.0,0.0
2026-08-11 01:40:00-04:00,29821.5,29824.75,29810.5,29815.5,244,0.0,0.0
2026-08-11 01:45:00-04:00,29814.5,29817.0,29797.0,29798.25,314,0.0,0.0
2026-08-11 01:50:00-04:00,29799.5,29801.0,29786.75,29793.25,463,0.0,0.0
2026-08-11 01:55:00-04:00,29791.5,29802.0,29789.0,29793.25,309,0.0,0.0
2026-08-11 02:00:00-04:00,29792.5,29817.25,29787.25,29812.25,613,0.0,0.0
2026-08-11 02:05:00-04:00,29812.25,29818.0,29805.5,29816.0,258,0.0,0.0
2026-08-11 02:10:00-04:00,29814.25,29827.75,29814.25,29819.5,246,0.0,0.0
2026-08-11 02:15:00-04:00,29820.0,29822.0,29792.0,29792.25,376,0.0,0.0
2026-08-11 02:20:00-04:00,29791.75,29794.25,29778.0,29778.5,788,0.0,0.0
2026-08-11 02:25:00-04:00,29778.0,29780.0,29766.25,29771.25,722,0.0,0.0
2026-08-11 02:30:00-04:00,29770.5,29780.0,29732.5,29745.5,1217,0.0,0.0
2026-08-11 02:35:00-04:00,29745.0,29776.5,29738.0,29775.25,862,0.0,0.0
2026-08-11 02:40:00-04:00,29775.75,29789.25,29775.0,29782.0,757,0.0,0.0
2026-08-11 02:45:00-04:00,29785.25,29786.75,29762.5,29766.0,371,0.0,0.0
2026-08-11 02:50:00-04:00,29765.75,29770.0,29740.0,29741.0,740,0.0,0.0
2026-08-11 02:55:00-04:00,29741.5,29755.75,29738.5,29754.25,335,0.0,0.0
2026-08-11 03:00:00-04:00,29755.75,29769.75,29745.0,29760.25,520,0.0,0.0
2026-08-11 03:05:00-04:00,29761.75,29762.75,29733.25,29748.25,523,0.0,0.0
2026-08-11 03:10:00-04:00,29749.5,29766.5,29744.75,29759.75,357,0.0,0.0
2026-08-11 03:15:00-04:00,29758.25,29765.0,29739.25,29743.0,392,0.0,0.0
2026-08-11 03:20:00-04:00,29743.25,29746.25,29728.0,29735.0,508,0.0,0.0
2026-08-11 03:25:00-04:00,29735.25,29759.75,29735.0,29743.25,471,0.0,0.0
2026-08-11 03:30:00-04:00,29744.25,29775.0,29743.25,29771.0,505,0.0,0.0
2026-08-11 03:35:00-04:00,29772.5,29780.25,29770.0,29770.5,260,0.0,0.0
2026-08-11 03:40:00-04:00,29771.5,29776.5,29761.0,29769.0,293,0.0,0.0
2026-08-11 03:45:00-04:00,29767.5,29774.25,29758.0,29761.75,223,0.0,0.0
2026-08-11 03:50:00-04:00,29764.5,29775.25,29756.0,29759.5,342,0.0,0.0
2026-08-11 03:55:00-04:00,29759.25,29779.5,29756.75,29774.75,299,0.0,0.0
2026-08-11 04:00:00-04:00,29776.0,29804.25,29768.0,29779.25,1093,0.0,0.0
2026-08-11 04:05:00-04:00,29779.25,29782.0,29747.75,29748.25,671,0.0,0.0
2026-08-11 04:10:00-04:00,29750.25,29759.75,29730.5,29731.25,554,0.0,0.0
2026-08-11 04:15:00-04:00,29730.75,29738.0,29724.0,29726.75,453,0.0,0.0
2026-08-11 04:20:00-04:00,29727.25,29736.25,29718.0,29734.25,414,0.0,0.0
2026-08-11 04:25:00-04:00,29735.0,29747.25,29732.75,29733.0,442,0.0,0.0
2026-08-11 04:30:00-04:00,29733.5,29745.25,29719.0,29722.25,410,0.0,0.0
2026-08-11 04:35:00-04:00,29723.0,29735.25,29717.75,29734.25,324,0.0,0.0
2026-08-11 04:40:00-04:00,29733.5,29754.75,29731.5,29753.75,468,0.0,0.0
2026-08-11 04:45:00-04:00,29752.5,29763.5,29749.5,29757.0,277,0.0,0.0
2026-08-11 04:50:00-04:00,29757.0,29762.5,29750.75,29758.25,191,0.0,0.0
2026-08-11 04:55:00-04:00,29757.75,29758.0,29741.75,29749.5,326,0.0,0.0
2026-08-11 05:00:00-04:00,29748.0,29753.25,29723.75,29738.25,537,0.0,0.0
2026-08-11 05:05:00-04:00,29738.75,29756.25,29719.5,29720.5,467,0.0,0.0
2026-08-11 05:10:00-04:00,29720.75,29734.5,29718.75,29733.0,377,0.0,0.0
2026-08-11 05:15:00-04:00,29732.25,29759.5,29731.25,29758.25,473,0.0,0.0
2026-08-11 05:20:00-04:00,29757.25,29765.75,29747.5,29753.5,354,0.0,0.0
2026-08-11 05:25:00-04:00,29753.25,29762.0,29743.25,29759.0,306,0.0,0.0
2026-08-11 05:30:00-04:00,29759.25,29774.25,29754.5,29768.25,525,0.0,0.0
2026-08-11 05:35:00-04:00,29768.75,29776.0,29763.5,29773.0,297,0.0,0.0
2026-08-11 05:40:00-04:00,29773.0,29784.0,29767.5,29767.5,327,0.0,0.0
2026-08-11 05:45:00-04:00,29768.25,29781.5,29768.25,29776.25,166,0.0,0.0
2026-08-11 05:50:00-04:00,29772.0,29772.0,29764.5,29766.75,135,0.0,0.0
2026-08-11 05:55:00-04:00,29769.0,29773.25,29764.25,29768.75,160,0.0,0.0
2026-08-11 06:00:00-04:00,29770.25,29773.0,29760.75,29761.25,181,0.0,0.0
2026-08-11 06:05:00-04:00,29759.25,29766.0,29754.75,29764.0,253,0.0,0.0
2026-08-11 06:10:00-04:00,29764.75,29764.75,29755.0,29756.25,225,0.0,0.0
2026-08-11 06:15:00-04:00,29756.25,29774.25,29750.25,29773.25,244,0.0,0.0
2026-08-11 06:20:00-04:00,29773.25,29807.75,29771.5,29798.5,852,0.0,0.0
2026-08-11 06:25:00-04:00,29800.0,29832.75,29796.25,29821.25,955,0.0,0.0
2026-08-11 06:30:00-04:00,29821.75,29823.75,29805.25,29810.0,508,0.0,0.0
2026-08-11 06:35:00-04:00,29811.5,29814.5,29803.25,29804.0,241,0.0,0.0
2026-08-11 06:40:00-04:00,29803.0,29817.5,29801.75,29815.0,271,0.0,0.0
2026-08-11 06:45:00-04:00,29814.25,29827.5,29812.25,29826.5,214,0.0,0.0
2026-08-11 06:50:00-04:00,29826.0,29826.25,29816.0,29817.0,176,0.0,0.0
2026-08-11 06:55:00-04:00,29817.0,29818.25,29813.0,29818.0,180,0.0,0.0
2026-08-11 07:00:00-04:00,29818.75,29886.75,29818.25,29877.75,3366,0.0,0.0
2026-08-11 07:05:00-04:00,29879.0,29886.0,29869.0,29877.5,1228,0.0,0.0
2026-08-11 07:10:00-04:00,29877.75,29883.0,29867.75,29872.0,606,0.0,0.0
2026-08-11 07:15:00-04:00,29871.0,29873.0,29837.0,29837.25,843,0.0,0.0
2026-08-11 07:20:00-04:00,29839.0,29845.75,29830.75,29831.25,525,0.0,0.0
2026-08-11 07:25:00-04:00,29831.75,29840.75,29828.5,29834.25,444,0.0,0.0
2026-08-11 07:30:00-04:00,29833.75,29837.0,29817.0,29820.0,536,0.0,0.0
2026-08-11 07:35:00-04:00,29820.0,29828.5,29811.0,29817.75,388,0.0,0.0
2026-08-11 07:40:00-04:00,29817.75,29836.25,29812.75,29824.5,633,0.0,0.0
2026-08-11 07:45:00-04:00,29825.25,29827.5,29812.75,29823.5,416,0.0,0.0
2026-08-11 07:50:00-04:00,29823.5,29835.25,29823.5,29834.5,262,0.0,0.0
2026-08-11 07:55:00-04:00,29833.25,29834.25,29825.5,29832.0,255,0.0,0.0
2026-08-11 08:00:00-04:00,29832.75,29834.75,29819.5,29830.0,414,0.0,0.0
2026-08-11 08:05:00-04:00,29830.0,29854.0,29830.0,29853.5,732,0.0,0.0
2026-08-11 08:10:00-04:00,29853.5,29864.25,29853.25,29862.25,679,0.0,0.0
2026-08-11 08:15:00-04:00,29861.25,29871.5,29855.25,29862.5,842,0.0,0.0
2026-08-11 08:20:00-04:00,29863.5,29871.25,29821.5,29823.5,1815,0.0,0.0
2026-08-11 08:25:00-04:00,29823.25,29835.0,29822.75,29828.5,483,0.0,0.0
2026-08-11 08:30:00-04:00,29829.75,29837.0,29819.0,29831.5,696,0.0,0.0
2026-08-11 08:35:00-04:00,29832.0,29857.25,29831.5,29853.0,551,0.0,0.0
2026-08-11 08:40:00-04:00,29853.25,29856.75,29842.0,29846.0,421,0.0,0.0
2026-08-11 08:45:00-04:00,29847.0,29854.0,29839.25,29841.5,426,0.0,0.0
2026-08-11 08:50:00-04:00,29841.0,29842.5,29827.0,29839.0,506,0.0,0.0
2026-08-11 08:55:00-04:00,29839.5,29846.5,29832.25,29833.75,602,0.0,0.0
2026-08-11 09:00:00-04:00,29832.5,29851.25,29830.25,29836.0,1040,0.0,0.0
2026-08-11 09:05:00-04:00,29836.0,29848.75,29836.0,29846.0,435,0.0,0.0
2026-08-11 09:10:00-04:00,29845.5,29847.75,29820.25,29827.5,849,0.0,0.0
2026-08-11 09:15:00-04:00,29827.75,29839.25,29813.0,29829.5,1470,0.0,0.0
2026-08-11 09:20:00-04:00,29828.5,29837.75,29822.5,29830.5,1003,0.0,0.0
2026-08-11 09:25:00-04:00,29831.25,29845.75,29816.0,29839.0,2801,0.0,0.0
2026-08-11 09:30:00-04:00,29839.25,29842.5,29726.5,29737.5,16230,0.0,0.0
2026-08-11 09:35:00-04:00,29736.75,29743.0,29679.0,29702.25,12250,0.0,0.0
2026-08-11 09:40:00-04:00,29701.75,29756.25,29700.25,29723.25,10524,0.0,0.0
2026-08-11 09:45:00-04:00,29723.75,29725.0,29631.75,29660.75,13433,0.0,0.0
2026-08-11 09:50:00-04:00,29659.75,29696.0,29643.5,29663.75,8606,0.0,0.0
2026-08-11 09:55:00-04:00,29664.0,29735.0,29657.0,29732.75,8148,0.0,0.0
2026-08-11 10:00:00-04:00,29732.5,29770.75,29718.25,29756.75,8117,0.0,0.0
2026-08-11 10:05:00-04:00,29756.5,29792.5,29752.0,29778.0,6944,0.0,0.0
2026-08-11 10:10:00-04:00,29778.5,29790.5,29757.0,29763.0,5053,0.0,0.0
2026-08-11 10:15:00-04:00,29762.0,29791.75,29740.0,29749.0,8146,0.0,0.0
2026-08-11 10:20:00-04:00,29749.25,29773.5,29737.5,29748.0,5987,0.0,0.0
2026-08-11 10:25:00-04:00,29748.25,29782.0,29742.25,29777.25,4515,0.0,0.0
2026-08-11 10:30:00-04:00,29777.75,29785.25,29732.5,29772.75,5979,0.0,0.0
2026-08-11 10:35:00-04:00,29772.5,29778.25,29741.75,29744.0,4535,0.0,0.0
2026-08-11 10:40:00-04:00,29744.75,29758.75,29728.25,29742.75,4809,0.0,0.0
2026-08-11 10:45:00-04:00,29741.75,29783.25,29740.5,29780.0,4672,0.0,0.0
2026-08-11 10:50:00-04:00,29780.0,29804.75,29765.25,29794.5,5625,0.0,0.0
2026-08-11 10:55:00-04:00,29793.75,29804.0,29772.5,29777.0,3489,0.0,0.0
2026-08-11 11:00:00-04:00,29776.5,29792.25,29771.5,29776.75,3884,0.0,0.0
2026-08-11 11:05:00-04:00,29776.75,29777.25,29712.5,29713.5,6759,0.0,0.0
2026-08-11 11:10:00-04:00,29713.75,29728.0,29703.25,29712.25,4895,0.0,0.0
2026-08-11 11:15:00-04:00,29711.0,29718.75,29697.5,29708.75,4446,0.0,0.0
2026-08-11 11:20:00-04:00,29709.0,29735.25,29702.0,29707.25,4156,0.0,0.0
2026-08-11 11:25:00-04:00,29706.25,29722.25,29701.75,29702.75,3159,0.0,0.0
2026-08-11 11:30:00-04:00,29702.5,29719.5,29666.25,29674.25,5276,0.0,0.0
2026-08-11 11:35:00-04:00,29673.75,29693.0,29666.75,29670.75,4128,0.0,0.0
2026-08-11 11:40:00-04:00,29670.0,29695.5,29663.75,29693.0,3473,0.0,0.0
2026-08-11 11:45:00-04:00,29693.25,29693.75,29667.5,29667.5,3124,0.0,0.0
2026-08-11 11:50:00-04:00,29667.5,29685.75,29661.25,29666.5,3637,0.0,0.0
2026-08-11 11:55:00-04:00,29666.5,29676.0,29658.75,29663.25,3174,0.0,0.0
2026-08-11 12:00:00-04:00,29663.75,29674.5,29647.75,29652.25,3340,0.0,0.0
2026-08-11 12:05:00-04:00,29652.25,29681.0,29651.25,29679.0,3178,0.0,0.0
2026-08-11 12:10:00-04:00,29679.0,29681.75,29649.5,29652.5,2805,0.0,0.0
2026-08-11 12:15:00-04:00,29652.5,29669.75,29643.0,29648.75,2376,0.0,0.0
2026-08-11 12:20:00-04:00,29648.5,29661.25,29640.0,29643.0,3413,0.0,0.0
2026-08-11 12:25:00-04:00,29642.75,29647.25,29622.0,29645.75,4475,0.0,0.0
2026-08-11 12:30:00-04:00,29645.75,29650.5,29630.75,29633.25,2216,0.0,0.0
2026-08-11 12:35:00-04:00,29634.0,29666.75,29632.25,29661.5,2928,0.0,0.0
2026-08-11 12:40:00-04:00,29662.0,29662.0,29634.0,29637.0,2640,0.0,0.0
2026-08-11 12:45:00-04:00,29637.0,29638.5,29614.75,29632.5,3412,0.0,0.0
2026-08-11 12:50:00-04:00,29632.75,29643.0,29630.0,29641.5,3060,0.0,0.0
2026-08-11 12:55:00-04:00,29642.0,29642.5,29622.25,29626.0,3189,0.0,0.0
2026-08-11 13:00:00-04:00,29626.75,29634.75,29604.75,29605.5,3424,0.0,0.0
2026-08-11 13:05:00-04:00,29605.5,29623.5,29602.75,29613.25,2259,0.0,0.0
2026-08-11 13:10:00-04:00,29612.0,29612.25,29577.0,29578.25,3484,0.0,0.0
2026-08-11 13:15:00-04:00,29578.25,29608.0,29573.0,29601.25,3738,0.0,0.0
2026-08-11 13:20:00-04:00,29600.75,29617.5,29592.25,29607.75,3323,0.0,0.0
2026-08-11 13:25:00-04:00,29607.25,29618.0,29598.25,29606.0,3057,0.0,0.0
2026-08-11 13:30:00-04:00,29606.5,29615.0,29598.75,29614.0,2119,0.0,0.0
2026-08-11 13:35:00-04:00,29614.5,29629.0,29604.75,29611.0,2904,0.0,0.0
2026-08-11 13:40:00-04:00,29611.75,29638.0,29609.25,29634.25,2449,0.0,0.0
2026-08-11 13:45:00-04:00,29634.5,29640.75,29624.5,29629.75,2223,0.0,0.0
2026-08-11 13:50:00-04:00,29630.0,29639.5,29630.0,29638.75,1398,0.0,0.0
2026-08-11 13:55:00-04:00,29638.75,29639.75,29622.25,29628.75,2036,0.0,0.0
2026-08-11 14:00:00-04:00,29629.25,29635.75,29618.0,29630.0,2770,0.0,0.0
2026-08-11 14:05:00-04:00,29630.25,29634.25,29602.0,29605.0,3040,0.0,0.0
2026-08-11 14:10:00-04:00,29604.75,29614.75,29602.5,29607.75,1852,0.0,0.0
2026-08-11 14:15:00-04:00,29608.0,29614.0,29601.25,29604.25,1763,0.0,0.0
2026-08-11 14:20:00-04:00,29604.25,29604.25,29574.0,29583.5,3411,0.0,0.0
2026-08-11 14:25:00-04:00,29583.75,29587.25,29533.5,29544.25,5214,0.0,0.0
2026-08-11 14:30:00-04:00,29545.0,29570.25,29540.0,29568.75,4169,0.0,0.0
2026-08-11 14:35:00-04:00,29568.75,29576.75,29556.0,29563.25,2048,0.0,0.0
2026-08-11 14:40:00-04:00,29562.75,29563.25,29543.5,29548.75,2394,0.0,0.0
2026-08-11 14:45:00-04:00,29548.75,29588.75,29548.25,29585.0,2297,0.0,0.0
2026-08-11 14:50:00-04:00,29585.75,29599.5,29580.5,29595.0,2620,0.0,0.0
2026-08-11 14:55:00-04:00,29595.25,29597.0,29582.75,29582.75,2236,0.0,0.0
2026-08-11 15:00:00-04:00,29582.25,29595.25,29575.25,29593.5,2594,0.0,0.0
2026-08-11 15:05:00-04:00,29593.25,29594.0,29571.5,29582.75,2058,0.0,0.0
2026-08-11 15:10:00-04:00,29582.75,29614.5,29580.25,29607.75,3376,0.0,0.0
2026-08-11 15:15:00-04:00,29608.0,29615.75,29602.0,29605.75,2093,0.0,0.0
2026-08-11 15:20:00-04:00,29605.25,29617.0,29602.25,29613.25,1829,0.0,0.0
2026-08-11 15:25:00-04:00,29613.25,29627.0,29606.25,29624.0,2330,0.0,0.0
2026-08-11 15:30:00-04:00,29624.5,29639.0,29620.0,29636.75,3328,0.0,0.0
2026-08-11 15:35:00-04:00,29637.0,29660.0,29631.75,29659.5,3342,0.0,0.0
2026-08-11 15:40:00-04:00,29659.5,29660.25,29637.25,29640.25,3645,0.0,0.0
2026-08-11 15:45:00-04:00,29639.75,29643.0,29620.0,29628.5,3979,0.0,0.0
2026-08-11 15:50:00-04:00,29628.75,29648.75,29607.0,29645.75,6501,0.0,0.0
2026-08-11 15:55:00-04:00,29645.25,29650.0,29612.5,29635.25,11576,0.0,0.0
2026-08-11 16:00:00-04:00,29635.75,29651.75,29617.75,29621.25,4781,0.0,0.0
2026-08-11 16:05:00-04:00,29621.5,29635.75,29619.75,29632.0,2361,0.0,0.0
2026-08-11 16:10:00-04:00,29632.0,29641.5,29614.75,29640.25,1573,0.0,0.0
2026-08-11 16:15:00-04:00,29640.5,29652.5,29639.0,29649.5,1059,0.0,0.0
2026-08-11 16:20:00-04:00,29649.5,29669.5,29649.5,29665.0,930,0.0,0.0
2026-08-11 16:25:00-04:00,29666.25,29676.5,29663.5,29674.75,626,0.0,0.0
2026-08-11 16:30:00-04:00,29674.5,29676.0,29668.25,29669.5,588,0.0,0.0
2026-08-11 16:35:00-04:00,29670.25,29673.0,29666.0,29669.0,403,0.0,0.0
2026-08-11 16:40:00-04:00,29669.25,29671.25,29664.5,29670.0,290,0.0,0.0
2026-08-11 16:45:00-04:00,29670.75,29671.25,29660.75,29661.5,444,0.0,0.0
2026-08-11 16:50:00-04:00,29662.25,29662.75,29650.75,29656.5,436,0.0,0.0
2026-08-11 16:55:00-04:00,29656.25,29659.75,29643.5,29646.75,605,0.0,0.0
2026-08-11 18:00:00-04:00,29657.75,29661.0,29626.75,29643.5,0,0.0,0.0
2026-08-11 18:05:00-04:00,29642.25,29647.0,29632.25,29640.25,321,0.0,0.0
2026-08-11 18:10:00-04:00,29639.5,29660.0,29631.5,29658.25,325,0.0,0.0
2026-08-11 18:15:00-04:00,29658.75,29662.0,29652.25,29654.0,214,0.0,0.0
2026-08-11 18:20:00-04:00,29654.75,29657.0,29653.75,29655.25,115,0.0,0.0
2026-08-11 18:25:00-04:00,29655.75,29656.0,29650.5,29655.0,91,0.0,0.0
2026-08-11 18:30:00-04:00,29653.25,29666.0,29642.25,29651.0,444,0.0,0.0
2026-08-11 18:35:00-04:00,29652.25,29655.25,29649.0,29649.25,111,0.0,0.0
2026-08-11 18:40:00-04:00,29650.75,29653.75,29637.0,29639.25,241,0.0,0.0
2026-08-11 18:45:00-04:00,29639.75,29647.75,29634.0,29644.25,249,0.0,0.0
2026-08-11 18:50:00-04:00,29644.0,29649.25,29639.75,29647.0,126,0.0,0.0
2026-08-11 18:55:00-04:00,29648.0,29653.75,29647.0,29650.25,228,0.0,0.0
2026-08-11 19:00:00-04:00,29649.5,29654.25,29645.75,29648.0,128,0.0,0.0
2026-08-11 19:05:00-04:00,29648.0,29652.25,29639.5,29649.75,140,0.0,0.0
2026-08-11 19:10:00-04:00,29649.75,29650.5,29640.25,29641.75,163,0.0,0.0
2026-08-11 19:15:00-04:00,29641.5,29646.0,29640.75,29642.75,68,0.0,0.0
2026-08-11 19:20:00-04:00,29642.75,29646.5,29641.5,29644.5,87,0.0,0.0
2026-08-11 19:25:00-04:00,29644.5,29654.25,29644.0,29652.5,192,0.0,0.0
2026-08-11 19:30:00-04:00,29652.75,29653.25,29637.5,29641.0,256,0.0,0.0
2026-08-11 19:35:00-04:00,29640.5,29644.0,29635.75,29638.0,100,0.0,0.0
2026-08-11 19:40:00-04:00,29638.75,29642.0,29637.5,29640.75,69,0.0,0.0
2026-08-11 19:45:00-04:00,29640.75,29641.5,29634.25,29635.0,187,0.0,0.0
2026-08-11 19:50:00-04:00,29636.0,29661.5,29636.0,29656.25,460,0.0,0.0
2026-08-11 19:55:00-04:00,29655.5,29663.0,29654.25,29662.25,203,0.0,0.0
2026-08-11 20:00:00-04:00,29661.75,29669.75,29626.0,29637.75,1275,0.0,0.0
2026-08-11 20:05:00-04:00,29638.5,29647.25,29624.5,29633.75,438,0.0,0.0
2026-08-11 20:10:00-04:00,29633.75,29651.5,29626.5,29650.5,309,0.0,0.0
2026-08-11 20:15:00-04:00,29649.25,29668.75,29638.5,29667.75,697,0.0,0.0
2026-08-11 20:20:00-04:00,29667.75,29676.0,29658.75,29673.25,550,0.0,0.0
2026-08-11 20:25:00-04:00,29673.75,29675.75,29660.25,29665.5,443,0.0,0.0
2026-08-11 20:30:00-04:00,29666.0,29673.5,29657.0,29667.5,375,0.0,0.0
2026-08-11 20:35:00-04:00,29669.0,29680.0,29653.75,29655.75,455,0.0,0.0
2026-08-11 20:40:00-04:00,29656.5,29665.75,29652.0,29662.0,336,0.0,0.0
2026-08-11 20:45:00-04:00,29662.0,29672.0,29655.5,29664.0,334,0.0,0.0
2026-08-11 20:50:00-04:00,29665.25,29666.75,29657.0,29660.25,165,0.0,0.0
2026-08-11 20:55:00-04:00,29660.5,29670.75,29660.5,29665.75,111,0.0,0.0
2026-08-11 21:00:00-04:00,29662.75,29675.75,29660.0,29675.25,275,0.0,0.0
2026-08-11 21:05:00-04:00,29675.25,29681.0,29662.5,29680.0,494,0.0,0.0
2026-08-11 21:10:00-04:00,29678.5,29680.75,29671.75,29674.75,251,0.0,0.0
2026-08-11 21:15:00-04:00,29675.0,29675.75,29653.5,29662.5,458,0.0,0.0
2026-08-11 21:20:00-04:00,29663.0,29663.75,29639.5,29646.75,421,0.0,0.0
2026-08-11 21:25:00-04:00,29646.25,29666.5,29642.25,29661.75,382,0.0,0.0
2026-08-11 21:30:00-04:00,29660.0,29662.5,29647.5,29647.5,267,0.0,0.0
2026-08-11 21:35:00-04:00,29647.75,29659.25,29646.75,29648.0,280,0.0,0.0
2026-08-11 21:40:00-04:00,29648.0,29678.0,29648.0,29678.0,403,0.0,0.0
2026-08-11 21:45:00-04:00,29678.25,29680.5,29667.25,29678.25,326,0.0,0.0
2026-08-11 21:50:00-04:00,29678.0,29683.5,29664.5,29671.0,387,0.0,0.0
2026-08-11 21:55:00-04:00,29671.25,29671.25,29646.75,29658.25,444,0.0,0.0
2026-08-11 22:00:00-04:00,29659.0,29670.75,29656.5,29661.5,379,0.0,0.0
2026-08-11 22:05:00-04:00,29660.75,29663.25,29650.0,29658.5,246,0.0,0.0
2026-08-11 22:10:00-04:00,29658.5,29661.5,29651.0,29658.0,262,0.0,0.0
2026-08-11 22:15:00-04:00,29658.5,29664.25,29654.25,29664.0,216,0.0,0.0
2026-08-11 22:20:00-04:00,29664.5,29665.5,29657.75,29658.0,136,0.0,0.0
2026-08-11 22:25:00-04:00,29658.0,29678.0,29658.0,29678.0,283,0.0,0.0
2026-08-11 22:30:00-04:00,29677.25,29693.25,29675.25,29687.75,429,0.0,0.0
2026-08-11 22:35:00-04:00,29689.25,29693.0,29687.75,29687.75,202,0.0,0.0
2026-08-11 22:40:00-04:00,29688.0,29694.5,29686.25,29688.25,162,0.0,0.0
2026-08-11 22:45:00-04:00,29688.0,29698.75,29688.0,29698.5,289,0.0,0.0
2026-08-11 22:50:00-04:00,29698.25,29701.25,29694.5,29700.0,234,0.0,0.0
2026-08-11 22:55:00-04:00,29699.75,29703.0,29696.5,29702.5,237,0.0,0.0
2026-08-11 23:00:00-04:00,29702.75,29710.0,29701.5,29703.25,454,0.0,0.0
2026-08-11 23:05:00-04:00,29705.0,29708.5,29695.25,29699.25,270,0.0,0.0
2026-08-11 23:10:00-04:00,29699.75,29707.5,29698.25,29705.25,189,0.0,0.0
2026-08-11 23:15:00-04:00,29705.25,29708.75,29696.5,29700.0,309,0.0,0.0
2026-08-11 23:20:00-04:00,29700.0,29704.0,29695.25,29695.25,208,0.0,0.0
2026-08-11 23:25:00-04:00,29696.5,29704.75,29696.0,29702.5,123,0.0,0.0
2026-08-11 23:30:00-04:00,29701.75,29704.75,29698.0,29698.75,162,0.0,0.0
2026-08-11 23:35:00-04:00,29699.0,29704.0,29693.0,29695.75,166,0.0,0.0
2026-08-11 23:40:00-04:00,29696.5,29697.75,29688.75,29691.25,174,0.0,0.0
2026-08-11 23:45:00-04:00,29692.75,29701.25,29692.0,29701.25,108,0.0,0.0
2026-08-11 23:50:00-04:00,29700.25,29700.5,29684.5,29687.75,220,0.0,0.0
2026-08-11 23:55:00-04:00,29687.25,29696.25,29686.75,29695.0,112,0.0,0.0
2026-08-12 00:05:00-04:00,29694.0,29695.0,29691.75,29694.5,458,0.0,0.0
2026-08-12 00:10:00-04:00,29693.5,29697.5,29692.0,29697.5,62,0.0,0.0
2026-08-12 00:15:00-04:00,29697.0,29698.5,29691.5,29692.25,112,0.0,0.0
2026-08-12 00:20:00-04:00,29691.75,29702.0,29691.75,29701.0,92,0.0,0.0
2026-08-12 00:25:00-04:00,29701.0,29703.0,29695.75,29698.25,131,0.0,0.0
2026-08-12 00:30:00-04:00,29697.0,29699.75,29683.5,29687.0,296,0.0,0.0
2026-08-12 00:35:00-04:00,29688.25,29699.0,29688.25,29696.25,133,0.0,0.0
2026-08-12 00:40:00-04:00,29696.0,29698.0,29692.25,29696.5,128,0.0,0.0
2026-08-12 00:45:00-04:00,29696.5,29712.5,29692.25,29712.25,330,0.0,0.0
2026-08-12 00:50:00-04:00,29712.25,29714.5,29709.25,29711.75,270,0.0,0.0
2026-08-12 00:55:00-04:00,29711.5,29715.5,29710.75,29713.0,178,0.0,0.0
2026-08-12 01:00:00-04:00,29714.0,29714.5,29700.5,29701.0,258,0.0,0.0
2026-08-12 01:05:00-04:00,29701.5,29704.75,29688.5,29696.25,233,0.0,0.0
2026-08-12 01:10:00-04:00,29696.5,29696.5,29685.0,29685.0,154,0.0,0.0
2026-08-12 01:15:00-04:00,29684.25,29690.0,29680.25,29685.0,230,0.0,0.0
2026-08-12 01:20:00-04:00,29684.25,29686.25,29668.25,29681.0,446,0.0,0.0
2026-08-12 01:25:00-04:00,29681.25,29689.5,29680.75,29688.0,193,0.0,0.0
2026-08-12 01:30:00-04:00,29688.75,29705.25,29687.25,29704.0,291,0.0,0.0
2026-08-12 01:35:00-04:00,29704.75,29707.0,29701.0,29705.0,146,0.0,0.0
2026-08-12 01:40:00-04:00,29705.5,29708.5,29699.0,29699.75,137,0.0,0.0
2026-08-12 01:45:00-04:00,29699.75,29704.0,29697.0,29702.5,130,0.0,0.0
2026-08-12 01:50:00-04:00,29702.75,29713.5,29700.5,29713.5,185,0.0,0.0
2026-08-12 01:55:00-04:00,29713.75,29718.0,29710.5,29715.5,376,0.0,0.0
2026-08-12 02:00:00-04:00,29715.0,29724.25,29713.75,29723.0,431,0.0,0.0
2026-08-12 02:05:00-04:00,29723.0,29724.0,29718.0,29721.25,193,0.0,0.0
2026-08-12 02:10:00-04:00,29721.25,29723.25,29707.25,29713.75,358,0.0,0.0
2026-08-12 02:15:00-04:00,29713.75,29721.25,29704.75,29717.5,316,0.0,0.0
2026-08-12 02:20:00-04:00,29718.5,29720.0,29698.25,29703.25,282,0.0,0.0
2026-08-12 02:25:00-04:00,29703.0,29713.0,29698.25,29711.75,235,0.0,0.0
2026-08-12 02:30:00-04:00,29709.5,29718.25,29706.0,29715.25,192,0.0,0.0
2026-08-12 02:35:00-04:00,29714.0,29730.25,29712.25,29724.0,269,0.0,0.0
2026-08-12 02:40:00-04:00,29725.5,29725.75,29709.5,29718.0,231,0.0,0.0
2026-08-12 02:45:00-04:00,29719.0,29730.25,29718.25,29727.25,270,0.0,0.0
2026-08-12 02:50:00-04:00,29727.25,29730.75,29724.0,29725.25,188,0.0,0.0
2026-08-12 02:55:00-04:00,29724.5,29737.25,29723.75,29736.75,512,0.0,0.0
2026-08-12 03:00:00-04:00,29737.25,29750.0,29735.5,29746.5,1602,0.0,0.0
2026-08-12 03:05:00-04:00,29746.25,29753.75,29742.0,29743.5,410,0.0,0.0
2026-08-12 03:10:00-04:00,29743.25,29748.5,29738.25,29741.25,344,0.0,0.0
2026-08-12 03:15:00-04:00,29741.5,29748.75,29737.75,29738.0,149,0.0,0.0
2026-08-12 03:20:00-04:00,29737.25,29738.75,29732.0,29734.0,222,0.0,0.0
2026-08-12 03:25:00-04:00,29734.25,29741.5,29727.5,29739.25,305,0.0,0.0
2026-08-12 03:30:00-04:00,29738.0,29739.25,29729.75,29732.25,153,0.0,0.0
2026-08-12 03:35:00-04:00,29733.25,29744.0,29732.5,29739.5,265,0.0,0.0
2026-08-12 03:40:00-04:00,29739.25,29742.75,29733.25,29742.75,116,0.0,0.0
2026-08-12 03:45:00-04:00,29741.25,29741.25,29730.5,29731.25,133,0.0,0.0
2026-08-12 03:50:00-04:00,29731.5,29738.25,29730.5,29736.75,105,0.0,0.0
2026-08-12 03:55:00-04:00,29734.25,29751.5,29733.5,29751.5,205,0.0,0.0
2026-08-12 04:00:00-04:00,29752.25,29781.25,29748.25,29773.0,1175,0.0,0.0
2026-08-12 04:05:00-04:00,29773.5,29776.0,29762.75,29767.75,356,0.0,0.0
2026-08-12 04:10:00-04:00,29768.0,29773.5,29765.5,29771.0,239,0.0,0.0
2026-08-12 04:15:00-04:00,29772.0,29781.25,29764.25,29779.25,317,0.0,0.0
2026-08-12 04:20:00-04:00,29780.5,29792.25,29778.75,29792.25,551,0.0,0.0
2026-08-12 04:25:00-04:00,29791.25,29792.25,29783.0,29786.0,241,0.0,0.0
2026-08-12 04:30:00-04:00,29785.75,29787.25,29762.75,29765.25,409,0.0,0.0
2026-08-12 04:35:00-04:00,29764.75,29775.75,29764.0,29775.75,249,0.0,0.0
2026-08-12 04:40:00-04:00,29775.0,29778.75,29770.0,29773.25,160,0.0,0.0
2026-08-12 04:45:00-04:00,29773.0,29791.5,29771.75,29791.5,286,0.0,0.0
2026-08-12 04:50:00-04:00,29791.0,29797.75,29791.0,29797.5,345,0.0,0.0
2026-08-12 04:55:00-04:00,29797.5,29799.5,29793.25,29793.75,267,0.0,0.0
2026-08-12 05:00:00-04:00,29794.5,29808.5,29793.5,29804.25,554,0.0,0.0
2026-08-12 05:05:00-04:00,29805.0,29812.0,29798.0,29809.5,269,0.0,0.0
2026-08-12 05:10:00-04:00,29809.75,29812.0,29806.25,29808.25,160,0.0,0.0
2026-08-12 05:15:00-04:00,29808.0,29815.0,29804.5,29808.5,277,0.0,0.0
2026-08-12 05:20:00-04:00,29808.25,29847.25,29803.75,29846.25,980,0.0,0.0
2026-08-12 05:25:00-04:00,29844.75,29848.25,29817.0,29824.0,708,0.0,0.0
2026-08-12 05:30:00-04:00,29823.5,29838.5,29822.5,29831.75,462,0.0,0.0
2026-08-12 05:35:00-04:00,29831.75,29838.75,29828.75,29834.0,253,0.0,0.0
2026-08-12 05:40:00-04:00,29835.25,29837.25,29828.25,29829.75,253,0.0,0.0
2026-08-12 05:45:00-04:00,29830.0,29830.5,29815.25,29819.25,474,0.0,0.0
2026-08-12 05:50:00-04:00,29820.0,29834.5,29804.0,29804.25,609,0.0,0.0
2026-08-12 05:55:00-04:00,29805.0,29816.25,29802.75,29815.25,427,0.0,0.0
2026-08-12 06:00:00-04:00,29815.5,29828.5,29814.75,29824.5,404,0.0,0.0
2026-08-12 06:05:00-04:00,29824.25,29828.5,29818.75,29825.0,357,0.0,0.0
2026-08-12 06:10:00-04:00,29825.5,29842.75,29824.25,29839.0,477,0.0,0.0
2026-08-12 06:15:00-04:00,29839.5,29840.0,29833.75,29838.0,212,0.0,0.0
2026-08-12 06:20:00-04:00,29838.5,29845.25,29837.75,29842.75,312,0.0,0.0
2026-08-12 06:25:00-04:00,29843.5,29844.0,29834.25,29839.5,236,0.0,0.0
2026-08-12 06:30:00-04:00,29839.75,29841.0,29834.25,29839.5,214,0.0,0.0
2026-08-12 06:35:00-04:00,29839.0,29839.75,29832.25,29836.75,214,0.0,0.0
2026-08-12 06:40:00-04:00,29836.0,29844.25,29834.75,29841.5,239,0.0,0.0
2026-08-12 06:45:00-04:00,29840.75,29841.5,29785.0,29815.5,1491,0.0,0.0
2026-08-12 06:50:00-04:00,29815.5,29822.5,29802.75,29817.0,862,0.0,0.0
2026-08-12 06:55:00-04:00,29818.0,29818.5,29803.25,29814.5,341,0.0,0.0
2026-08-12 07:00:00-04:00,29816.0,29832.0,29814.0,29822.5,687,0.0,0.0
2026-08-12 07:05:00-04:00,29822.25,29838.0,29818.25,29836.0,385,0.0,0.0
2026-08-12 07:10:00-04:00,29836.0,29836.75,29822.5,29823.5,338,0.0,0.0
2026-08-12 07:15:00-04:00,29821.25,29821.75,29807.25,29808.0,374,0.0,0.0
2026-08-12 07:20:00-04:00,29808.75,29818.0,29805.5,29805.75,294,0.0,0.0
2026-08-12 07:25:00-04:00,29805.75,29819.0,29805.5,29810.25,381,0.0,0.0
2026-08-12 07:30:00-04:00,29810.0,29824.75,29806.0,29820.5,435,0.0,0.0
2026-08-12 07:35:00-04:00,29820.5,29827.75,29806.5,29827.25,355,0.0,0.0
2026-08-12 07:40:00-04:00,29827.5,29831.75,29823.75,29825.5,339,0.0,0.0
2026-08-12 07:45:00-04:00,29825.75,29827.75,29819.5,29823.5,249,0.0,0.0
2026-08-12 07:50:00-04:00,29822.25,29836.75,29819.5,29832.25,377,0.0,0.0
2026-08-12 07:55:00-04:00,29832.75,29846.5,29832.75,29845.5,464,0.0,0.0
2026-08-12 08:00:00-04:00,29846.0,29858.25,29837.25,29850.0,972,0.0,0.0
2026-08-12 08:05:00-04:00,29849.75,29849.75,29831.75,29832.5,406,0.0,0.0
2026-08-12 08:10:00-04:00,29832.0,29838.75,29829.25,29830.0,366,0.0,0.0
2026-08-12 08:15:00-04:00,29830.5,29842.25,29820.75,29829.0,850,0.0,0.0
2026-08-12 08:20:00-04:00,29830.25,29846.75,29825.25,29842.75,861,0.0,0.0
2026-08-12 08:25:00-04:00,29842.5,29932.25,29836.75,29905.5,2485,0.0,0.0
2026-08-12 08:30:00-04:00,29905.25,29960.0,29750.25,29898.0,6921,0.0,0.0
2026-08-12 08:35:00-04:00,29898.25,29924.25,29873.75,29923.0,2697,0.0,0.0
2026-08-12 08:40:00-04:00,29923.25,29935.0,29914.0,29917.25,2435,0.0,0.0
2026-08-12 08:45:00-04:00,29918.25,29922.0,29901.0,29908.5,1729,0.0,0.0
2026-08-12 08:50:00-04:00,29908.5,29922.5,29899.75,29917.25,924,0.0,0.0
2026-08-12 08:55:00-04:00,29918.0,29921.75,29907.25,29919.25,701,0.0,0.0
2026-08-12 09:00:00-04:00,29920.0,29933.25,29916.0,29925.5,1490,0.0,0.0
2026-08-12 09:05:00-04:00,29925.5,29941.5,29923.0,29928.25,1310,0.0,0.0
2026-08-12 09:10:00-04:00,29929.0,29940.0,29926.25,29939.0,853,0.0,0.0
2026-08-12 09:15:00-04:00,29939.75,29963.0,29935.75,29961.5,1863,0.0,0.0
2026-08-12 09:20:00-04:00,29961.5,29981.75,29960.75,29970.0,2263,0.0,0.0
2026-08-12 09:25:00-04:00,29969.75,29992.75,29959.75,29991.0,4456,0.0,0.0
2026-08-12 09:30:00-04:00,29991.25,30001.75,29877.75,29878.25,18685,0.0,0.0
2026-08-12 09:35:00-04:00,29878.5,29946.25,29867.25,29889.25,12486,0.0,0.0
2026-08-12 09:40:00-04:00,29889.75,29904.5,29853.25,29899.5,7929,0.0,0.0
2026-08-12 09:45:00-04:00,29899.5,29970.75,29871.0,29962.0,10034,0.0,0.0
2026-08-12 09:50:00-04:00,29961.25,29962.75,29885.75,29896.0,9456,0.0,0.0
2026-08-12 09:55:00-04:00,29896.0,29921.5,29860.75,29907.5,8359,0.0,0.0
2026-08-12 10:00:00-04:00,29907.25,29913.75,29856.5,29857.25,7817,0.0,0.0
2026-08-12 10:05:00-04:00,29857.25,29922.75,29847.75,29920.25,7588,0.0,0.0
2026-08-12 10:10:00-04:00,29921.25,29936.0,29884.25,29892.5,8232,0.0,0.0
2026-08-12 10:15:00-04:00,29893.25,29918.5,29876.25,29877.75,4822,0.0,0.0
2026-08-12 10:20:00-04:00,29878.25,29924.5,29864.0,29921.75,5872,0.0,0.0
2026-08-12 10:25:00-04:00,29921.75,29945.75,29904.75,29916.25,6062,0.0,0.0
2026-08-12 10:30:00-04:00,29916.0,29924.75,29828.25,29878.25,9163,0.0,0.0
2026-08-12 10:35:00-04:00,29878.25,29929.0,29862.0,29921.25,5397,0.0,0.0
2026-08-12 10:40:00-04:00,29921.0,29927.75,29894.25,29925.0,4347,0.0,0.0
2026-08-12 10:45:00-04:00,29924.75,29931.5,29891.0,29903.75,3971,0.0,0.0
2026-08-12 10:50:00-04:00,29904.0,29904.5,29856.0,29861.75,5749,0.0,0.0
2026-08-12 10:55:00-04:00,29861.5,29879.25,29848.5,29868.0,4543,0.0,0.0
2026-08-12 11:00:00-04:00,29868.0,29879.0,29839.0,29851.5,4449,0.0,0.0
2026-08-12 11:05:00-04:00,29851.25,29878.5,29841.25,29871.25,3958,0.0,0.0
2026-08-12 11:10:00-04:00,29871.25,29892.0,29848.75,29879.75,3934,0.0,0.0
2026-08-12 11:15:00-04:00,29879.75,29887.0,29862.5,29871.5,2817,0.0,0.0
2026-08-12 11:20:00-04:00,29871.25,29877.75,29845.0,29849.5,3067,0.0,0.0
2026-08-12 11:25:00-04:00,29849.75,29874.75,29843.5,29874.5,2860,0.0,0.0
2026-08-12 11:30:00-04:00,29874.25,29879.0,29819.0,29832.25,4583,0.0,0.0
2026-08-12 11:35:00-04:00,29831.75,29858.25,29830.0,29832.75,3118,0.0,0.0
2026-08-12 11:40:00-04:00,29832.25,29842.5,29818.5,29828.25,2881,0.0,0.0
2026-08-12 11:45:00-04:00,29829.0,29847.5,29819.0,29847.5,2514,0.0,0.0
2026-08-12 11:50:00-04:00,29847.25,29854.0,29834.25,29837.25,2273,0.0,0.0
2026-08-12 11:55:00-04:00,29836.75,29843.25,29829.75,29831.75,2025,0.0,0.0
2026-08-12 12:00:00-04:00,29832.75,29861.25,29829.0,29851.0,3056,0.0,0.0
2026-08-12 12:05:00-04:00,29851.0,29871.75,29844.75,29871.5,1905,0.0,0.0
2026-08-12 12:10:00-04:00,29871.75,29877.75,29860.0,29873.25,2758,0.0,0.0
2026-08-12 12:15:00-04:00,29873.5,29876.75,29857.75,29861.5,3028,0.0,0.0
2026-08-12 12:20:00-04:00,29862.0,29883.75,29857.5,29881.5,2344,0.0,0.0
2026-08-12 12:25:00-04:00,29881.25,29887.75,29869.5,29873.5,1880,0.0,0.0
2026-08-12 12:30:00-04:00,29874.0,29880.5,29851.25,29852.0,3020,0.0,0.0
2026-08-12 12:35:00-04:00,29852.25,29886.0,29851.0,29885.0,2746,0.0,0.0
2026-08-12 12:40:00-04:00,29885.25,29894.75,29881.25,29885.0,3069,0.0,0.0
2026-08-12 12:45:00-04:00,29885.5,29899.0,29879.0,29896.75,1947,0.0,0.0
2026-08-12 12:50:00-04:00,29896.5,29918.0,29896.25,29911.25,3507,0.0,0.0
2026-08-12 12:55:00-04:00,29911.5,29914.0,29903.0,29905.5,2076,0.0,0.0
2026-08-12 13:00:00-04:00,29906.25,29924.25,29902.5,29919.5,2265,0.0,0.0
2026-08-12 13:05:00-04:00,29919.0,29924.5,29908.0,29909.25,2015,0.0,0.0
2026-08-12 13:10:00-04:00,29909.0,29913.25,29898.0,29911.25,2518,0.0,0.0
2026-08-12 13:15:00-04:00,29911.5,29911.75,29889.25,29899.5,2700,0.0,0.0
2026-08-12 13:20:00-04:00,29899.5,29909.5,29898.25,29904.5,2098,0.0,0.0
2026-08-12 13:25:00-04:00,29904.75,29920.0,29903.75,29909.25,2037,0.0,0.0
2026-08-12 13:30:00-04:00,29910.0,29919.5,29901.25,29909.5,2074,0.0,0.0
2026-08-12 13:35:00-04:00,29909.0,29917.75,29906.75,29913.75,1328,0.0,0.0
2026-08-12 13:40:00-04:00,29914.25,29922.25,29908.0,29915.0,2198,0.0,0.0
2026-08-12 13:45:00-04:00,29915.75,29920.5,29910.25,29912.5,1357,0.0,0.0
2026-08-12 13:50:00-04:00,29912.5,29924.0,29904.5,29907.75,2095,0.0,0.0
2026-08-12 13:55:00-04:00,29907.0,29913.0,29901.5,29910.25,1252,0.0,0.0
2026-08-12 14:00:00-04:00,29910.0,29915.0,29899.25,29901.25,1455,0.0,0.0
2026-08-12 14:05:00-04:00,29900.5,29904.25,29890.25,29899.25,1570,0.0,0.0
2026-08-12 14:10:00-04:00,29899.25,29918.5,29899.0,29907.25,1714,0.0,0.0
2026-08-12 14:15:00-04:00,29907.0,29909.25,29893.0,29901.0,1832,0.0,0.0
2026-08-12 14:20:00-04:00,29901.25,29909.75,29890.5,29908.75,1882,0.0,0.0
2026-08-12 14:25:00-04:00,29909.0,29913.75,29892.25,29894.0,1543,0.0,0.0
2026-08-12 14:30:00-04:00,29893.75,29912.5,29893.75,29903.5,1654,0.0,0.0
2026-08-12 14:35:00-04:00,29903.0,29913.0,29901.75,29910.75,1088,0.0,0.0
2026-08-12 14:40:00-04:00,29910.75,29932.0,29910.25,29919.5,2710,0.0,0.0
2026-08-12 14:45:00-04:00,29919.5,29920.25,29909.0,29918.0,1539,0.0,0.0
2026-08-12 14:50:00-04:00,29918.5,29923.25,29908.75,29909.25,1207,0.0,0.0
2026-08-12 14:55:00-04:00,29909.0,29909.25,29885.0,29889.75,2789,0.0,0.0
2026-08-12 15:00:00-04:00,29890.25,29902.75,29889.5,29891.0,1783,0.0,0.0
2026-08-12 15:05:00-04:00,29891.25,29905.0,29890.0,29891.75,1278,0.0,0.0
2026-08-12 15:10:00-04:00,29891.5,29893.75,29879.0,29884.25,1925,0.0,0.0
2026-08-12 15:15:00-04:00,29884.0,29898.5,29881.75,29889.5,1657,0.0,0.0
2026-08-12 15:20:00-04:00,29889.25,29890.25,29863.5,29865.5,2742,0.0,0.0
2026-08-12 15:25:00-04:00,29864.75,29873.5,29856.0,29868.25,2204,0.0,0.0
2026-08-12 15:30:00-04:00,29867.0,29868.0,29852.5,29858.75,2584,0.0,0.0
2026-08-12 15:35:00-04:00,29858.25,29864.0,29850.5,29853.75,2031,0.0,0.0
2026-08-12 15:40:00-04:00,29854.0,29855.0,29831.75,29849.25,4142,0.0,0.0
2026-08-12 15:45:00-04:00,29849.25,29868.75,29840.75,29865.5,3856,0.0,0.0
2026-08-12 15:50:00-04:00,29865.75,29870.0,29839.5,29856.5,5370,0.0,0.0
2026-08-12 15:55:00-04:00,29856.5,29862.0,29825.75,29852.75,13153,0.0,0.0
2026-08-12 16:00:00-04:00,29853.0,29880.75,29846.5,29869.5,4373,0.0,0.0
2026-08-12 16:05:00-04:00,29868.5,29906.0,29854.75,29863.5,3441,0.0,0.0
2026-08-12 16:10:00-04:00,29864.0,29865.25,29831.5,29846.75,1726,0.0,0.0
2026-08-12 16:15:00-04:00,29846.5,29851.25,29828.25,29830.25,1112,0.0,0.0
2026-08-12 16:20:00-04:00,29831.0,29835.75,29824.0,29826.75,775,0.0,0.0
2026-08-12 16:25:00-04:00,29826.5,29827.0,29814.75,29820.0,927,0.0,0.0
2026-08-12 16:30:00-04:00,29820.0,29822.0,29809.5,29817.75,1193,0.0,0.0
2026-08-12 16:35:00-04:00,29817.75,29823.25,29813.5,29819.75,594,0.0,0.0
2026-08-12 16:40:00-04:00,29820.0,29822.5,29817.25,29820.25,391,0.0,0.0
2026-08-12 16:45:00-04:00,29821.25,29821.5,29812.75,29814.25,440,0.0,0.0
2026-08-12 16:50:00-04:00,29814.25,29823.0,29813.0,29813.75,290,0.0,0.0
2026-08-12 16:55:00-04:00,29814.25,29815.0,29804.5,29805.75,294,0.0,0.0
2026-08-12 18:00:00-04:00,29825.0,29831.75,29807.25,29810.25,0,0.0,0.0
2026-08-12 18:05:00-04:00,29810.25,29825.0,29806.0,29819.25,511,0.0,0.0
2026-08-12 18:10:00-04:00,29820.5,29822.5,29800.25,29804.75,403,0.0,0.0
2026-08-12 18:15:00-04:00,29805.0,29809.75,29792.5,29794.0,327,0.0,0.0
2026-08-12 18:20:00-04:00,29794.25,29802.5,29789.0,29798.75,331,0.0,0.0
2026-08-12 18:25:00-04:00,29798.25,29800.0,29784.0,29794.0,324,0.0,0.0
2026-08-12 18:30:00-04:00,29792.25,29792.75,29780.5,29786.0,545,0.0,0.0
2026-08-12 18:35:00-04:00,29786.25,29788.5,29781.5,29788.0,269,0.0,0.0
2026-08-12 18:40:00-04:00,29788.0,29795.5,29786.0,29793.0,286,0.0,0.0
2026-08-12 18:45:00-04:00,29792.25,29803.5,29788.5,29797.0,341,0.0,0.0
2026-08-12 18:50:00-04:00,29797.75,29800.75,29795.25,29800.5,92,0.0,0.0
2026-08-12 18:55:00-04:00,29800.75,29801.25,29795.0,29797.75,107,0.0,0.0
2026-08-12 19:00:00-04:00,29797.25,29808.5,29797.0,29803.0,269,0.0,0.0
2026-08-12 19:05:00-04:00,29803.0,29807.5,29801.75,29806.25,194,0.0,0.0
2026-08-12 19:10:00-04:00,29806.25,29812.0,29806.0,29808.75,329,0.0,0.0
2026-08-12 19:15:00-04:00,29808.5,29809.75,29804.25,29808.25,115,0.0,0.0
2026-08-12 19:20:00-04:00,29810.0,29812.5,29807.25,29808.25,146,0.0,0.0
2026-08-12 19:25:00-04:00,29808.25,29809.0,29802.0,29807.25,253,0.0,0.0
2026-08-12 19:30:00-04:00,29805.25,29805.25,29793.5,29799.25,237,0.0,0.0
2026-08-12 19:35:00-04:00,29798.75,29813.5,29798.0,29812.5,225,0.0,0.0
2026-08-12 19:40:00-04:00,29812.5,29815.0,29804.0,29810.25,259,0.0,0.0
2026-08-12 19:45:00-04:00,29811.75,29812.25,29792.0,29795.5,429,0.0,0.0
2026-08-12 19:50:00-04:00,29795.0,29809.25,29794.5,29806.5,289,0.0,0.0
2026-08-12 19:55:00-04:00,29807.25,29808.0,29797.75,29804.5,259,0.0,0.0
2026-08-12 20:00:00-04:00,29805.25,29857.0,29796.75,29840.75,1437,0.0,0.0
2026-08-12 20:05:00-04:00,29840.75,29863.5,29838.75,29855.0,899,0.0,0.0
2026-08-12 20:10:00-04:00,29855.25,29861.5,29847.0,29847.75,508,0.0,0.0
2026-08-12 20:15:00-04:00,29848.25,29862.25,29838.0,29861.0,710,0.0,0.0
2026-08-12 20:20:00-04:00,29860.0,29866.75,29850.25,29860.75,490,0.0,0.0
2026-08-12 20:25:00-04:00,29861.0,29865.0,29838.75,29840.25,542,0.0,0.0
2026-08-12 20:30:00-04:00,29839.75,29853.75,29828.5,29840.25,837,0.0,0.0
2026-08-12 20:35:00-04:00,29836.5,29842.25,29829.5,29839.0,288,0.0,0.0
2026-08-12 20:40:00-04:00,29840.0,29844.5,29831.75,29840.75,312,0.0,0.0
2026-08-12 20:45:00-04:00,29840.5,29849.5,29831.25,29848.0,379,0.0,0.0
2026-08-12 20:50:00-04:00,29849.0,29850.0,29829.75,29834.25,309,0.0,0.0
2026-08-12 20:55:00-04:00,29834.0,29849.75,29829.0,29846.0,377,0.0,0.0
2026-08-12 21:00:00-04:00,29845.75,29849.25,29821.5,29830.0,655,0.0,0.0
2026-08-12 21:05:00-04:00,29831.5,29843.75,29830.75,29841.25,359,0.0,0.0
2026-08-12 21:10:00-04:00,29842.5,29853.0,29826.5,29829.25,527,0.0,0.0
2026-08-12 21:15:00-04:00,29831.5,29838.5,29823.5,29833.25,393,0.0,0.0
2026-08-12 21:20:00-04:00,29833.25,29835.5,29821.75,29827.5,285,0.0,0.0
2026-08-12 21:25:00-04:00,29828.0,29828.0,29808.25,29818.25,727,0.0,0.0
2026-08-12 21:30:00-04:00,29816.75,29836.0,29814.5,29835.25,548,0.0,0.0
2026-08-12 21:35:00-04:00,29836.25,29844.0,29835.0,29840.0,326,0.0,0.0
2026-08-12 21:40:00-04:00,29840.0,29843.75,29828.5,29837.75,389,0.0,0.0
2026-08-12 21:45:00-04:00,29836.75,29841.0,29828.0,29829.75,246,0.0,0.0
2026-08-12 21:50:00-04:00,29831.0,29856.25,29830.25,29856.25,597,0.0,0.0
2026-08-12 21:55:00-04:00,29855.0,29866.0,29853.25,29857.25,619,0.0,0.0
2026-08-12 22:00:00-04:00,29858.0,29869.25,29853.75,29860.75,440,0.0,0.0
2026-08-12 22:05:00-04:00,29861.0,29871.25,29857.5,29860.0,360,0.0,0.0
2026-08-12 22:10:00-04:00,29862.0,29865.75,29859.5,29862.25,155,0.0,0.0
2026-08-12 22:15:00-04:00,29861.75,29867.0,29859.0,29861.75,227,0.0,0.0
2026-08-12 22:20:00-04:00,29861.5,29869.5,29856.75,29864.25,342,0.0,0.0
2026-08-12 22:25:00-04:00,29863.75,29869.25,29859.0,29863.0,301,0.0,0.0
2026-08-12 22:30:00-04:00,29861.75,29863.0,29833.5,29833.5,786,0.0,0.0
2026-08-12 22:35:00-04:00,29834.25,29857.0,29834.0,29854.25,531,0.0,0.0
2026-08-12 22:40:00-04:00,29855.0,29877.75,29854.5,29873.75,724,0.0,0.0
2026-08-12 22:45:00-04:00,29873.75,29874.0,29866.0,29869.25,234,0.0,0.0
2026-08-12 22:50:00-04:00,29870.75,29872.0,29866.25,29869.5,127,0.0,0.0
2026-08-12 22:55:00-04:00,29870.25,29874.5,29866.25,29868.5,146,0.0,0.0
2026-08-12 23:00:00-04:00,29868.5,29873.5,29865.5,29869.5,184,0.0,0.0
2026-08-12 23:05:00-04:00,29868.75,29875.75,29867.75,29870.25,183,0.0,0.0
2026-08-12 23:10:00-04:00,29871.25,29875.25,29868.5,29874.5,116,0.0,0.0
2026-08-12 23:15:00-04:00,29873.75,29879.5,29871.25,29877.25,231,0.0,0.0
2026-08-12 23:20:00-04:00,29876.75,29877.75,29871.25,29874.0,138,0.0,0.0
2026-08-12 23:25:00-04:00,29873.75,29877.25,29872.0,29874.0,95,0.0,0.0
2026-08-12 23:30:00-04:00,29876.25,29877.0,29867.25,29870.75,159,0.0,0.0
2026-08-12 23:35:00-04:00,29869.0,29880.0,29868.75,29876.0,230,0.0,0.0
2026-08-12 23:40:00-04:00,29875.5,29876.5,29873.0,29876.0,94,0.0,0.0
2026-08-12 23:45:00-04:00,29876.0,29880.0,29875.75,29876.75,140,0.0,0.0
2026-08-12 23:50:00-04:00,29877.25,29880.0,29876.5,29878.25,262,0.0,0.0
2026-08-12 23:55:00-04:00,29878.0,29879.75,29874.0,29878.0,125,0.0,0.0
2026-08-13 00:05:00-04:00,29886.75,29888.75,29886.0,29888.75,561,0.0,0.0
2026-08-13 00:10:00-04:00,29889.5,29891.75,29869.25,29869.25,454,0.0,0.0
2026-08-13 00:15:00-04:00,29869.25,29873.5,29867.75,29871.75,215,0.0,0.0
2026-08-13 00:20:00-04:00,29870.75,29870.75,29853.75,29868.25,644,0.0,0.0
2026-08-13 00:25:00-04:00,29867.5,29884.5,29867.0,29877.0,424,0.0,0.0
2026-08-13 00:30:00-04:00,29876.5,29888.75,29876.5,29887.25,149,0.0,0.0
2026-08-13 00:35:00-04:00,29886.25,29896.0,29881.0,29881.25,321,0.0,0.0
2026-08-13 00:40:00-04:00,29881.25,29886.0,29877.0,29879.0,199,0.0,0.0
2026-08-13 00:45:00-04:00,29878.75,29891.75,29873.5,29890.0,299,0.0,0.0
2026-08-13 00:50:00-04:00,29889.25,29895.0,29888.25,29890.5,163,0.0,0.0
2026-08-13 00:55:00-04:00,29890.5,29891.75,29878.0,29879.25,185,0.0,0.0
2026-08-13 01:00:00-04:00,29878.5,29897.25,29874.0,29894.25,279,0.0,0.0
2026-08-13 01:05:00-04:00,29893.75,29902.0,29892.5,29901.25,354,0.0,0.0
2026-08-13 01:10:00-04:00,29901.5,29916.5,29899.5,29915.0,681,0.0,0.0
2026-08-13 01:15:00-04:00,29915.0,29921.25,29909.25,29910.0,458,0.0,0.0
2026-08-13 01:20:00-04:00,29910.75,29920.0,29907.75,29910.0,288,0.0,0.0
2026-08-13 01:25:00-04:00,29911.0,29922.75,29910.75,29920.5,304,0.0,0.0
2026-08-13 01:30:00-04:00,29921.5,29924.0,29902.0,29911.75,512,0.0,0.0
2026-08-13 01:35:00-04:00,29912.5,29915.75,29897.0,29907.5,450,0.0,0.0
2026-08-13 01:40:00-04:00,29907.5,29912.5,29898.75,29902.75,388,0.0,0.0
2026-08-13 01:45:00-04:00,29901.75,29908.5,29899.25,29904.75,196,0.0,0.0
2026-08-13 01:50:00-04:00,29904.5,29908.25,29895.75,29897.75,193,0.0,0.0
2026-08-13 01:55:00-04:00,29897.75,29903.0,29882.0,29884.5,386,0.0,0.0
2026-08-13 02:00:00-04:00,29884.5,29887.5,29869.25,29881.5,827,0.0,0.0
2026-08-13 02:05:00-04:00,29880.5,29888.0,29877.75,29887.0,274,0.0,0.0
2026-08-13 02:10:00-04:00,29888.0,29897.0,29880.75,29892.75,402,0.0,0.0
2026-08-13 02:15:00-04:00,29894.0,29897.5,29885.0,29894.0,228,0.0,0.0
2026-08-13 02:20:00-04:00,29893.25,29905.25,29892.0,29905.25,218,0.0,0.0
2026-08-13 02:25:00-04:00,29905.5,29905.5,29892.25,29898.0,255,0.0,0.0
2026-08-13 02:30:00-04:00,29896.75,29905.25,29885.75,29890.25,485,0.0,0.0
2026-08-13 02:35:00-04:00,29888.5,29891.75,29875.0,29875.0,320,0.0,0.0
2026-08-13 02:40:00-04:00,29876.75,29877.25,29859.75,29862.25,449,0.0,0.0
2026-08-13 02:45:00-04:00,29862.0,29867.25,29858.25,29861.75,334,0.0,0.0
2026-08-13 02:50:00-04:00,29863.0,29873.0,29861.0,29868.0,266,0.0,0.0
2026-08-13 02:55:00-04:00,29868.75,29890.25,29867.75,29888.5,355,0.0,0.0
2026-08-13 03:00:00-04:00,29888.0,29893.25,29852.0,29856.25,864,0.0,0.0
2026-08-13 03:05:00-04:00,29857.0,29858.25,29847.0,29851.5,631,0.0,0.0
2026-08-13 03:10:00-04:00,29852.0,29854.75,29845.0,29854.0,434,0.0,0.0
2026-08-13 03:15:00-04:00,29853.75,29863.25,29848.0,29853.5,391,0.0,0.0
2026-08-13 03:20:00-04:00,29855.5,29872.75,29851.25,29870.5,318,0.0,0.0
2026-08-13 03:25:00-04:00,29870.5,29872.5,29866.0,29872.5,274,0.0,0.0
2026-08-13 03:30:00-04:00,29869.75,29871.75,29863.25,29863.25,225,0.0,0.0
2026-08-13 03:35:00-04:00,29863.25,29876.0,29861.25,29874.75,330,0.0,0.0
2026-08-13 03:40:00-04:00,29875.25,29882.25,29869.5,29880.5,411,0.0,0.0
2026-08-13 03:45:00-04:00,29880.5,29881.5,29866.75,29872.75,497,0.0,0.0
2026-08-13 03:50:00-04:00,29875.0,29875.25,29863.25,29864.5,293,0.0,0.0
2026-08-13 03:55:00-04:00,29865.25,29868.0,29859.25,29860.0,146,0.0,0.0
2026-08-13 04:00:00-04:00,29859.75,29872.5,29829.0,29834.25,1026,0.0,0.0
2026-08-13 04:05:00-04:00,29833.5,29866.25,29832.5,29847.5,662,0.0,0.0
2026-08-13 04:10:00-04:00,29848.0,29848.0,29829.5,29838.5,477,0.0,0.0
2026-08-13 04:15:00-04:00,29838.25,29846.25,29827.0,29846.25,448,0.0,0.0
2026-08-13 04:20:00-04:00,29847.5,29853.75,29839.25,29853.25,491,0.0,0.0
2026-08-13 04:25:00-04:00,29853.5,29865.0,29852.75,29858.75,319,0.0,0.0
2026-08-13 04:30:00-04:00,29859.5,29861.25,29851.25,29859.0,259,0.0,0.0
2026-08-13 04:35:00-04:00,29858.5,29859.5,29845.5,29858.5,312,0.0,0.0
2026-08-13 04:40:00-04:00,29857.75,29866.0,29850.75,29862.5,269,0.0,0.0
2026-08-13 04:45:00-04:00,29861.75,29865.5,29854.25,29857.0,277,0.0,0.0
2026-08-13 04:50:00-04:00,29855.75,29875.75,29855.75,29862.0,412,0.0,0.0
2026-08-13 04:55:00-04:00,29863.5,29872.0,29860.25,29860.75,159,0.0,0.0
2026-08-13 05:00:00-04:00,29861.5,29868.75,29851.75,29856.0,338,0.0,0.0
2026-08-13 05:05:00-04:00,29857.0,29857.75,29845.75,29847.0,315,0.0,0.0
2026-08-13 05:10:00-04:00,29847.0,29853.5,29833.0,29833.0,436,0.0,0.0
2026-08-13 05:15:00-04:00,29832.25,29839.5,29821.0,29839.5,412,0.0,0.0
2026-08-13 05:20:00-04:00,29839.75,29848.75,29837.5,29847.0,223,0.0,0.0
2026-08-13 05:25:00-04:00,29848.25,29848.5,29835.75,29838.75,151,0.0,0.0
2026-08-13 05:30:00-04:00,29837.5,29855.75,29836.5,29854.25,231,0.0,0.0
2026-08-13 05:35:00-04:00,29854.75,29857.0,29849.0,29851.75,139,0.0,0.0
2026-08-13 05:40:00-04:00,29852.0,29861.25,29850.75,29860.75,134,0.0,0.0
2026-08-13 05:45:00-04:00,29860.5,29865.5,29857.5,29862.5,181,0.0,0.0
2026-08-13 05:50:00-04:00,29863.5,29874.5,29863.0,29871.25,322,0.0,0.0
2026-08-13 05:55:00-04:00,29871.75,29879.25,29871.0,29876.5,214,0.0,0.0
2026-08-13 06:00:00-04:00,29876.25,29877.25,29864.25,29866.25,371,0.0,0.0
2026-08-13 06:05:00-04:00,29866.75,29877.0,29863.25,29870.75,278,0.0,0.0
2026-08-13 06:10:00-04:00,29873.0,29878.25,29868.5,29874.25,148,0.0,0.0
2026-08-13 06:15:00-04:00,29875.5,29881.0,29873.5,29878.25,213,0.0,0.0
2026-08-13 06:20:00-04:00,29878.5,29884.5,29872.0,29873.0,301,0.0,0.0
2026-08-13 06:25:00-04:00,29872.25,29878.5,29864.5,29873.0,274,0.0,0.0
2026-08-13 06:30:00-04:00,29874.0,29880.75,29869.5,29870.5,245,0.0,0.0
2026-08-13 06:35:00-04:00,29870.0,29878.0,29868.5,29874.0,208,0.0,0.0
2026-08-13 06:40:00-04:00,29874.75,29877.75,29872.0,29877.75,121,0.0,0.0
2026-08-13 06:45:00-04:00,29877.75,29885.25,29875.0,29882.75,155,0.0,0.0
2026-08-13 06:50:00-04:00,29883.75,29886.5,29876.0,29884.5,182,0.0,0.0
2026-08-13 06:55:00-04:00,29884.5,29885.0,29880.25,29881.25,159,0.0,0.0
2026-08-13 07:00:00-04:00,29881.5,29892.25,29877.75,29879.5,509,0.0,0.0
2026-08-13 07:05:00-04:00,29880.0,29887.25,29875.25,29878.0,196,0.0,0.0
2026-08-13 07:10:00-04:00,29877.75,29879.25,29870.75,29871.75,159,0.0,0.0
2026-08-13 07:15:00-04:00,29872.25,29875.5,29857.5,29861.25,520,0.0,0.0
2026-08-13 07:20:00-04:00,29862.5,29866.0,29859.0,29863.25,224,0.0,0.0
2026-08-13 07:25:00-04:00,29863.25,29864.75,29855.5,29863.0,273,0.0,0.0
2026-08-13 07:30:00-04:00,29860.25,29872.25,29857.5,29871.75,356,0.0,0.0
2026-08-13 07:35:00-04:00,29871.75,29885.75,29868.5,29883.75,392,0.0,0.0
2026-08-13 07:40:00-04:00,29882.75,29888.75,29875.5,29887.75,401,0.0,0.0
2026-08-13 07:45:00-04:00,29888.25,29895.0,29885.25,29888.0,438,0.0,0.0
2026-08-13 07:50:00-04:00,29888.25,29888.25,29867.5,29883.0,317,0.0,0.0
2026-08-13 07:55:00-04:00,29883.0,29886.5,29868.0,29869.0,253,0.0,0.0
2026-08-13 08:00:00-04:00,29869.5,29872.0,29840.0,29840.5,974,0.0,0.0
2026-08-13 08:05:00-04:00,29840.0,29853.25,29837.0,29848.75,546,0.0,0.0
2026-08-13 08:10:00-04:00,29847.0,29850.25,29832.75,29842.25,572,0.0,0.0
2026-08-13 08:15:00-04:00,29840.25,29840.25,29812.25,29816.75,651,0.0,0.0
2026-08-13 08:20:00-04:00,29818.75,29830.5,29818.0,29825.75,377,0.0,0.0
2026-08-13 08:25:00-04:00,29825.0,29860.0,29819.25,29844.5,851,0.0,0.0
2026-08-13 08:30:00-04:00,29849.75,29890.5,29820.0,29847.0,2886,0.0,0.0
2026-08-13 08:35:00-04:00,29847.0,29856.0,29839.75,29854.5,1171,0.0,0.0
2026-08-13 08:40:00-04:00,29851.0,29870.25,29837.0,29846.75,2172,0.0,0.0
2026-08-13 08:45:00-04:00,29845.75,29864.25,29841.0,29858.25,1030,0.0,0.0
2026-08-13 08:50:00-04:00,29858.25,29876.5,29854.5,29872.25,918,0.0,0.0
2026-08-13 08:55:00-04:00,29873.25,29881.25,29869.25,29880.25,539,0.0,0.0
2026-08-13 09:00:00-04:00,29880.75,29910.75,29878.75,29908.75,2580,0.0,0.0
2026-08-13 09:05:00-04:00,29909.0,29921.0,29905.75,29917.5,1323,0.0,0.0
2026-08-13 09:10:00-04:00,29917.5,29917.75,29903.0,29908.25,745,0.0,0.0
2026-08-13 09:15:00-04:00,29908.5,29912.0,29900.25,29906.5,942,0.0,0.0
2026-08-13 09:20:00-04:00,29906.5,29915.25,29903.75,29907.0,1139,0.0,0.0
2026-08-13 09:25:00-04:00,29906.75,29920.0,29903.0,29910.75,2674,0.0,0.0
2026-08-13 09:30:00-04:00,29911.0,29947.25,29863.5,29945.5,14525,0.0,0.0
2026-08-13 09:35:00-04:00,29945.25,30039.75,29940.0,30038.25,13265,0.0,0.0
2026-08-13 09:40:00-04:00,30038.0,30053.5,29995.5,30012.25,9886,0.0,0.0
2026-08-13 09:45:00-04:00,30013.5,30146.0,30005.25,30135.0,12534,0.0,0.0
2026-08-13 09:50:00-04:00,30135.25,30155.0,30119.25,30146.0,10979,0.0,0.0
2026-08-13 09:55:00-04:00,30146.25,30182.25,30122.75,30176.0,8866,0.0,0.0
2026-08-13 10:00:00-04:00,30175.75,30188.0,30155.75,30177.0,9239,0.0,0.0
2026-08-13 10:05:00-04:00,30177.0,30189.75,30160.75,30178.75,6646,0.0,0.0
2026-08-13 10:10:00-04:00,30178.75,30214.75,30178.75,30204.75,7117,0.0,0.0
2026-08-13 10:15:00-04:00,30206.25,30217.5,30193.75,30198.0,6194,0.0,0.0
2026-08-13 10:20:00-04:00,30197.75,30216.75,30185.25,30206.0,6224,0.0,0.0
2026-08-13 10:25:00-04:00,30206.0,30239.5,30198.0,30234.25,6054,0.0,0.0
2026-08-13 10:30:00-04:00,30233.25,30266.25,30227.5,30262.75,7624,0.0,0.0
2026-08-13 10:35:00-04:00,30263.0,30267.5,30240.25,30251.75,5389,0.0,0.0
2026-08-13 10:40:00-04:00,30252.0,30260.25,30232.5,30236.5,5051,0.0,0.0
2026-08-13 10:45:00-04:00,30236.0,30241.5,30212.25,30219.0,6889,0.0,0.0
2026-08-13 10:50:00-04:00,30218.75,30228.5,30208.0,30226.75,5234,0.0,0.0
2026-08-13 10:55:00-04:00,30226.25,30227.5,30198.25,30199.5,5979,0.0,0.0
2026-08-13 11:00:00-04:00,30199.25,30231.5,30193.75,30199.0,6497,0.0,0.0
2026-08-13 11:05:00-04:00,30199.25,30224.25,30197.0,30215.0,5055,0.0,0.0
2026-08-13 11:10:00-04:00,30214.75,30228.25,30206.25,30217.5,3837,0.0,0.0
2026-08-13 11:15:00-04:00,30217.5,30226.75,30202.0,30226.0,4064,0.0,0.0
2026-08-13 11:20:00-04:00,30226.5,30238.75,30220.75,30231.0,3675,0.0,0.0
2026-08-13 11:25:00-04:00,30231.0,30236.0,30179.5,30188.25,7374,0.0,0.0
2026-08-13 11:30:00-04:00,30188.75,30198.5,30143.25,30145.75,6508,0.0,0.0
2026-08-13 11:35:00-04:00,30146.25,30165.5,30128.25,30151.75,6956,0.0,0.0
2026-08-13 11:40:00-04:00,30151.0,30176.75,30131.5,30157.0,4817,0.0,0.0
2026-08-13 11:45:00-04:00,30156.25,30156.75,30126.0,30139.75,3967,0.0,0.0
2026-08-13 11:50:00-04:00,30140.0,30142.0,30104.5,30120.0,5119,0.0,0.0
2026-08-13 11:55:00-04:00,30119.25,30137.0,30104.0,30115.5,4218,0.0,0.0
2026-08-13 12:00:00-04:00,30117.25,30165.0,30114.25,30149.5,4633,0.0,0.0
2026-08-13 12:05:00-04:00,30150.5,30172.5,30150.5,30164.5,2893,0.0,0.0
2026-08-13 12:10:00-04:00,30164.5,30172.25,30138.5,30140.75,2727,0.0,0.0
2026-08-13 12:15:00-04:00,30140.75,30151.5,30133.75,30144.25,2476,0.0,0.0
2026-08-13 12:20:00-04:00,30144.0,30168.5,30137.0,30165.25,2582,0.0,0.0
2026-08-13 12:25:00-04:00,30166.0,30189.0,30164.0,30186.5,3247,0.0,0.0
2026-08-13 12:30:00-04:00,30186.75,30200.0,30184.25,30187.75,3009,0.0,0.0
2026-08-13 12:35:00-04:00,30187.0,30194.75,30168.0,30176.25,2681,0.0,0.0
2026-08-13 12:40:00-04:00,30176.75,30187.75,30170.0,30183.0,2016,0.0,0.0
2026-08-13 12:45:00-04:00,30183.25,30196.0,30182.5,30193.0,1584,0.0,0.0
2026-08-13 12:50:00-04:00,30192.25,30203.25,30181.5,30181.5,2370,0.0,0.0
2026-08-13 12:55:00-04:00,30181.75,30193.75,30176.5,30193.75,2399,0.0,0.0
2026-08-13 13:00:00-04:00,30193.75,30220.0,30193.25,30217.75,3780,0.0,0.0
2026-08-13 13:05:00-04:00,30217.75,30231.75,30216.25,30226.75,2838,0.0,0.0
2026-08-13 13:10:00-04:00,30227.25,30232.75,30224.25,30226.25,2071,0.0,0.0
2026-08-13 13:15:00-04:00,30226.25,30244.0,30224.75,30244.0,2983,0.0,0.0
2026-08-13 13:20:00-04:00,30243.5,30250.0,30235.25,30241.25,3047,0.0,0.0
2026-08-13 13:25:00-04:00,30241.5,30245.75,30235.75,30237.5,2023,0.0,0.0
2026-08-13 13:30:00-04:00,30237.75,30244.75,30230.25,30233.75,2323,0.0,0.0
2026-08-13 13:35:00-04:00,30233.75,30236.5,30221.5,30225.25,2315,0.0,0.0
2026-08-13 13:40:00-04:00,30225.0,30231.25,30214.25,30214.5,2053,0.0,0.0
2026-08-13 13:45:00-04:00,30214.5,30228.0,30214.0,30217.25,1803,0.0,0.0
2026-08-13 13:50:00-04:00,30217.5,30222.25,30205.25,30207.0,2015,0.0,0.0
2026-08-13 13:55:00-04:00,30207.25,30219.5,30203.75,30204.5,2095,0.0,0.0
2026-08-13 14:00:00-04:00,30205.0,30211.75,30201.5,30207.25,2100,0.0,0.0
2026-08-13 14:05:00-04:00,30208.0,30215.5,30194.5,30197.75,2657,0.0,0.0
2026-08-13 14:10:00-04:00,30197.5,30204.5,30189.5,30201.5,2133,0.0,0.0
2026-08-13 14:15:00-04:00,30201.5,30207.75,30193.75,30195.25,2013,0.0,0.0
2026-08-13 14:20:00-04:00,30194.75,30200.75,30181.0,30184.0,2856,0.0,0.0
2026-08-13 14:25:00-04:00,30184.0,30196.0,30183.0,30192.0,2443,0.0,0.0
2026-08-13 14:30:00-04:00,30192.0,30220.0,30191.5,30215.75,3532,0.0,0.0
2026-08-13 14:35:00-04:00,30215.75,30222.75,30212.25,30221.0,1982,0.0,0.0
2026-08-13 14:40:00-04:00,30220.75,30237.25,30216.25,30229.0,3059,0.0,0.0
2026-08-13 14:45:00-04:00,30228.5,30242.75,30228.25,30240.0,2378,0.0,0.0
2026-08-13 14:50:00-04:00,30240.5,30244.0,30232.25,30239.0,2115,0.0,0.0
2026-08-13 14:55:00-04:00,30239.25,30246.0,30236.25,30244.25,1859,0.0,0.0
2026-08-13 15:00:00-04:00,30244.25,30255.0,30242.0,30246.25,2819,0.0,0.0
2026-08-13 15:05:00-04:00,30246.5,30272.75,30240.0,30266.5,4523,0.0,0.0
2026-08-13 15:10:00-04:00,30266.75,30267.5,30232.0,30238.75,3783,0.0,0.0
2026-08-13 15:15:00-04:00,30238.25,30241.5,30221.75,30240.5,3645,0.0,0.0
2026-08-13 15:20:00-04:00,30240.75,30246.0,30232.5,30233.25,2102,0.0,0.0
2026-08-13 15:25:00-04:00,30233.0,30235.25,30215.25,30223.25,3271,0.0,0.0
2026-08-13 15:30:00-04:00,30222.75,30227.75,30211.0,30216.25,3163,0.0,0.0
2026-08-13 15:35:00-04:00,30216.25,30223.75,30212.75,30220.0,2109,0.0,0.0
2026-08-13 15:40:00-04:00,30220.25,30223.5,30202.75,30204.5,2727,0.0,0.0
2026-08-13 15:45:00-04:00,30204.5,30207.0,30195.25,30202.25,3403,0.0,0.0
2026-08-13 15:50:00-04:00,30201.25,30206.0,30183.25,30192.75,6574,0.0,0.0
2026-08-13 15:55:00-04:00,30192.75,30197.75,30173.0,30194.0,14178,0.0,0.0
2026-08-13 16:00:00-04:00,30194.25,30217.75,30144.5,30204.0,8724,0.0,0.0
2026-08-13 16:05:00-04:00,30204.25,30220.0,30193.75,30200.0,1921,0.0,0.0
2026-08-13 16:10:00-04:00,30200.5,30212.75,30195.75,30208.0,1017,0.0,0.0
2026-08-13 16:15:00-04:00,30208.25,30214.25,30202.0,30204.5,853,0.0,0.0
2026-08-13 16:20:00-04:00,30204.75,30204.75,30192.5,30197.0,665,0.0,0.0
2026-08-13 16:25:00-04:00,30197.25,30206.5,30194.25,30197.75,644,0.0,0.0
2026-08-13 16:30:00-04:00,30198.25,30207.5,30195.5,30202.5,596,0.0,0.0
2026-08-13 16:35:00-04:00,30202.75,30212.75,30200.25,30211.75,504,0.0,0.0
2026-08-13 16:40:00-04:00,30212.0,30213.25,30208.25,30209.5,346,0.0,0.0
2026-08-13 16:45:00-04:00,30209.25,30213.5,30208.75,30210.25,374,0.0,0.0
2026-08-13 16:50:00-04:00,30209.75,30214.0,30208.75,30212.75,270,0.0,0.0
2026-08-13 16:55:00-04:00,30212.5,30219.75,30208.75,30214.25,536,0.0,0.0
2026-08-13 18:00:00-04:00,30210.75,30214.5,30186.0,30200.5,0,0.0,0.0
2026-08-13 18:05:00-04:00,30199.75,30216.75,30195.0,30200.75,467,0.0,0.0
2026-08-13 18:10:00-04:00,30198.5,30203.5,30191.5,30197.25,240,0.0,0.0
2026-08-13 18:15:00-04:00,30196.25,30205.5,30190.0,30203.0,291,0.0,0.0
2026-08-13 18:20:00-04:00,30203.75,30204.25,30190.75,30198.0,260,0.0,0.0
2026-08-13 18:25:00-04:00,30196.5,30200.0,30196.0,30197.0,102,0.0,0.0
2026-08-13 18:30:00-04:00,30198.5,30207.0,30198.25,30205.5,239,0.0,0.0
2026-08-13 18:35:00-04:00,30206.0,30209.25,30201.5,30202.0,180,0.0,0.0
2026-08-13 18:40:00-04:00,30203.0,30210.25,30201.75,30206.75,131,0.0,0.0
2026-08-13 18:45:00-04:00,30206.25,30207.5,30200.0,30201.0,131,0.0,0.0
2026-08-13 18:50:00-04:00,30202.0,30207.75,30200.0,30203.75,182,0.0,0.0
2026-08-13 18:55:00-04:00,30202.25,30204.75,30200.25,30203.25,86,0.0,0.0
2026-08-13 19:00:00-04:00,30204.0,30205.25,30199.0,30204.0,96,0.0,0.0
2026-08-13 19:05:00-04:00,30205.25,30215.0,30204.0,30213.0,266,0.0,0.0
2026-08-13 19:10:00-04:00,30213.25,30224.75,30212.75,30224.75,301,0.0,0.0
2026-08-13 19:15:00-04:00,30225.0,30226.0,30207.25,30214.0,390,0.0,0.0
2026-08-13 19:20:00-04:00,30212.25,30213.5,30192.25,30198.75,455,0.0,0.0
2026-08-13 19:25:00-04:00,30198.5,30203.0,30197.25,30199.5,151,0.0,0.0
2026-08-13 19:30:00-04:00,30198.5,30203.5,30195.5,30201.0,176,0.0,0.0
2026-08-13 19:35:00-04:00,30201.75,30203.5,30195.25,30196.25,109,0.0,0.0
2026-08-13 19:40:00-04:00,30197.0,30201.75,30193.5,30196.25,269,0.0,0.0
2026-08-13 19:45:00-04:00,30196.75,30203.25,30189.5,30196.5,671,0.0,0.0
2026-08-13 19:50:00-04:00,30196.25,30199.5,30193.5,30197.0,125,0.0,0.0
2026-08-13 19:55:00-04:00,30198.0,30204.0,30195.0,30203.25,223,0.0,0.0
2026-08-13 20:00:00-04:00,30203.75,30232.0,30200.0,30228.0,1274,0.0,0.0
2026-08-13 20:05:00-04:00,30229.0,30232.0,30195.75,30211.25,874,0.0,0.0
2026-08-13 20:10:00-04:00,30212.25,30212.5,30198.25,30201.0,353,0.0,0.0
2026-08-13 20:15:00-04:00,30201.25,30204.0,30178.25,30183.75,1042,0.0,0.0
2026-08-13 20:20:00-04:00,30184.25,30190.0,30179.75,30181.5,353,0.0,0.0
2026-08-13 20:25:00-04:00,30182.0,30190.75,30176.75,30185.5,401,0.0,0.0
2026-08-13 20:30:00-04:00,30184.5,30191.75,30174.5,30182.75,521,0.0,0.0
2026-08-13 20:35:00-04:00,30183.5,30188.5,30180.25,30186.25,235,0.0,0.0
2026-08-13 20:40:00-04:00,30186.0,30190.0,30176.25,30178.5,528,0.0,0.0
2026-08-13 20:45:00-04:00,30180.0,30186.75,30172.0,30173.0,578,0.0,0.0
2026-08-13 20:50:00-04:00,30173.5,30180.5,30169.0,30171.5,647,0.0,0.0
2026-08-13 20:55:00-04:00,30172.0,30174.75,30166.25,30170.0,355,0.0,0.0
2026-08-13 21:00:00-04:00,30169.25,30169.75,30128.75,30135.75,1526,0.0,0.0
2026-08-13 21:05:00-04:00,30136.5,30152.75,30135.75,30144.5,744,0.0,0.0
2026-08-13 21:10:00-04:00,30144.75,30145.75,30124.25,30129.0,821,0.0,0.0
2026-08-13 21:15:00-04:00,30128.75,30138.25,30124.5,30134.0,674,0.0,0.0
2026-08-13 21:20:00-04:00,30131.75,30155.5,30128.75,30143.75,729,0.0,0.0
2026-08-13 21:25:00-04:00,30144.0,30154.5,30133.25,30152.5,601,0.0,0.0
2026-08-13 21:30:00-04:00,30153.25,30155.25,30140.25,30148.75,341,0.0,0.0
2026-08-13 21:35:00-04:00,30148.5,30160.25,30146.25,30157.0,446,0.0,0.0
2026-08-13 21:40:00-04:00,30157.75,30163.0,30153.0,30160.0,409,0.0,0.0
2026-08-13 21:45:00-04:00,30160.5,30168.0,30159.5,30166.25,285,0.0,0.0
2026-08-13 21:50:00-04:00,30166.0,30167.0,30152.75,30153.5,470,0.0,0.0
2026-08-13 21:55:00-04:00,30155.5,30157.75,30149.25,30151.5,242,0.0,0.0
2026-08-13 22:00:00-04:00,30151.5,30170.5,30149.75,30167.5,462,0.0,0.0
2026-08-13 22:05:00-04:00,30168.25,30170.0,30160.5,30165.0,408,0.0,0.0
2026-08-13 22:10:00-04:00,30164.25,30171.75,30162.25,30166.5,300,0.0,0.0
2026-08-13 22:15:00-04:00,30167.0,30170.25,30155.75,30158.0,342,0.0,0.0
2026-08-13 22:20:00-04:00,30157.75,30168.75,30157.0,30164.0,191,0.0,0.0
2026-08-13 22:25:00-04:00,30164.5,30168.5,30160.0,30167.25,229,0.0,0.0
2026-08-13 22:30:00-04:00,30168.0,30176.0,30167.25,30175.5,257,0.0,0.0
2026-08-13 22:35:00-04:00,30175.0,30181.5,30173.75,30174.75,314,0.0,0.0
2026-08-13 22:40:00-04:00,30173.5,30178.75,30168.75,30173.5,220,0.0,0.0
2026-08-13 22:45:00-04:00,30174.5,30178.5,30159.75,30162.75,354,0.0,0.0
2026-08-13 22:50:00-04:00,30162.25,30165.5,30158.5,30160.0,130,0.0,0.0
2026-08-13 22:55:00-04:00,30159.25,30160.25,30150.0,30154.75,364,0.0,0.0
2026-08-13 23:00:00-04:00,30153.75,30157.0,30150.5,30151.25,256,0.0,0.0
2026-08-13 23:05:00-04:00,30151.5,30160.75,30150.0,30158.75,318,0.0,0.0
2026-08-13 23:10:00-04:00,30159.0,30165.0,30156.75,30162.75,195,0.0,0.0
2026-08-13 23:15:00-04:00,30162.75,30169.5,30161.5,30167.25,187,0.0,0.0
2026-08-13 23:20:00-04:00,30167.25,30175.25,30166.0,30175.25,271,0.0,0.0
2026-08-13 23:25:00-04:00,30176.0,30180.0,30173.75,30180.0,183,0.0,0.0
2026-08-13 23:30:00-04:00,30180.75,30182.5,30165.75,30167.0,401,0.0,0.0
2026-08-13 23:35:00-04:00,30167.25,30167.25,30160.5,30162.25,238,0.0,0.0
2026-08-13 23:40:00-04:00,30162.75,30163.25,30155.25,30157.75,241,0.0,0.0
2026-08-13 23:45:00-04:00,30157.5,30163.0,30154.25,30156.0,225,0.0,0.0
2026-08-13 23:50:00-04:00,30159.0,30161.5,30154.75,30156.75,175,0.0,0.0
2026-08-13 23:55:00-04:00,30156.25,30160.0,30152.75,30153.75,137,0.0,0.0
2026-08-14 00:05:00-04:00,30158.25,30161.0,30152.5,30154.75,897,0.0,0.0
2026-08-14 00:10:00-04:00,30154.0,30161.5,30148.0,30156.75,227,0.0,0.0
2026-08-14 00:15:00-04:00,30155.0,30164.0,30154.5,30159.0,242,0.0,0.0
2026-08-14 00:20:00-04:00,30159.0,30160.5,30150.5,30156.75,228,0.0,0.0
2026-08-14 00:25:00-04:00,30156.25,30165.0,30155.5,30157.5,285,0.0,0.0
2026-08-14 00:30:00-04:00,30158.75,30159.25,30146.5,30148.25,290,0.0,0.0
2026-08-14 00:35:00-04:00,30148.0,30155.0,30137.5,30153.5,517,0.0,0.0
2026-08-14 00:40:00-04:00,30153.5,30163.75,30148.5,30154.75,379,0.0,0.0
2026-08-14 00:45:00-04:00,30154.0,30154.25,30147.0,30150.25,237,0.0,0.0
2026-08-14 00:50:00-04:00,30149.75,30149.75,30145.25,30147.0,148,0.0,0.0
2026-08-14 00:55:00-04:00,30147.75,30150.5,30145.5,30147.0,123,0.0,0.0
2026-08-14 01:00:00-04:00,30148.25,30152.5,30136.25,30136.5,385,0.0,0.0
2026-08-14 01:05:00-04:00,30136.0,30139.75,30129.0,30133.5,366,0.0,0.0
2026-08-14 01:10:00-04:00,30133.5,30145.25,30127.75,30143.0,341,0.0,0.0
2026-08-14 01:15:00-04:00,30144.0,30151.25,30138.25,30144.25,297,0.0,0.0
2026-08-14 01:20:00-04:00,30142.5,30151.5,30141.5,30150.25,191,0.0,0.0
2026-08-14 01:25:00-04:00,30150.25,30152.0,30142.75,30150.5,193,0.0,0.0
2026-08-14 01:30:00-04:00,30149.25,30154.5,30140.75,30153.0,163,0.0,0.0
2026-08-14 01:35:00-04:00,30152.25,30164.5,30152.25,30161.75,250,0.0,0.0
2026-08-14 01:40:00-04:00,30161.25,30167.0,30152.5,30166.5,272,0.0,0.0
2026-08-14 01:45:00-04:00,30167.0,30175.0,30164.5,30172.75,291,0.0,0.0
2026-08-14 01:50:00-04:00,30173.0,30178.0,30170.5,30178.0,224,0.0,0.0
2026-08-14 01:55:00-04:00,30177.5,30182.0,30173.0,30174.0,350,0.0,0.0
2026-08-14 02:00:00-04:00,30174.75,30177.75,30149.5,30152.75,485,0.0,0.0
2026-08-14 02:05:00-04:00,30151.75,30163.0,30151.75,30157.0,269,0.0,0.0
2026-08-14 02:10:00-04:00,30157.75,30159.75,30151.5,30152.5,163,0.0,0.0
2026-08-14 02:15:00-04:00,30153.0,30161.25,30147.5,30160.0,238,0.0,0.0
2026-08-14 02:20:00-04:00,30159.0,30160.25,30150.25,30157.0,198,0.0,0.0
2026-08-14 02:25:00-04:00,30159.25,30164.0,30153.75,30163.25,117,0.0,0.0
2026-08-14 02:30:00-04:00,30162.25,30165.5,30154.5,30154.75,221,0.0,0.0
2026-08-14 02:35:00-04:00,30154.5,30160.0,30149.5,30154.5,266,0.0,0.0
2026-08-14 02:40:00-04:00,30155.5,30159.75,30152.5,30159.75,121,0.0,0.0
2026-08-14 02:45:00-04:00,30160.25,30168.75,30160.0,30167.5,189,0.0,0.0
2026-08-14 02:50:00-04:00,30167.75,30176.0,30167.5,30171.75,254,0.0,0.0
2026-08-14 02:55:00-04:00,30171.25,30178.0,30169.0,30172.5,151,0.0,0.0
2026-08-14 03:00:00-04:00,30173.5,30193.5,30171.5,30190.25,724,0.0,0.0
2026-08-14 03:05:00-04:00,30190.75,30194.25,30179.25,30190.75,442,0.0,0.0
2026-08-14 03:10:00-04:00,30190.75,30191.5,30171.5,30175.25,355,0.0,0.0
2026-08-14 03:15:00-04:00,30175.5,30181.0,30175.25,30180.25,138,0.0,0.0
2026-08-14 03:20:00-04:00,30179.5,30181.25,30172.25,30177.75,183,0.0,0.0
2026-08-14 03:25:00-04:00,30177.0,30180.0,30172.5,30177.0,162,0.0,0.0
2026-08-14 03:30:00-04:00,30177.75,30187.75,30173.0,30185.5,177,0.0,0.0
2026-08-14 03:35:00-04:00,30185.0,30191.25,30183.75,30190.25,158,0.0,0.0
2026-08-14 03:40:00-04:00,30191.0,30203.75,30188.75,30202.75,350,0.0,0.0
2026-08-14 03:45:00-04:00,30202.75,30202.75,30192.5,30197.25,235,0.0,0.0
2026-08-14 03:50:00-04:00,30196.75,30201.5,30194.25,30197.5,177,0.0,0.0
2026-08-14 03:55:00-04:00,30197.5,30201.75,30190.75,30194.75,398,0.0,0.0
2026-08-14 04:00:00-04:00,30194.5,30214.5,30187.75,30206.25,806,0.0,0.0
2026-08-14 04:05:00-04:00,30205.75,30235.75,30204.25,30227.0,893,0.0,0.0
2026-08-14 04:10:00-04:00,30227.75,30232.0,30208.0,30213.25,537,0.0,0.0
2026-08-14 04:15:00-04:00,30215.0,30231.5,30207.0,30210.75,463,0.0,0.0
2026-08-14 04:20:00-04:00,30210.75,30215.5,30206.0,30211.5,184,0.0,0.0
2026-08-14 04:25:00-04:00,30211.25,30225.5,30206.75,30225.5,241,0.0,0.0
2026-08-14 04:30:00-04:00,30224.5,30236.0,30222.0,30231.75,372,0.0,0.0
2026-08-14 04:35:00-04:00,30231.25,30239.0,30231.0,30237.75,370,0.0,0.0
2026-08-14 04:40:00-04:00,30236.75,30240.25,30227.25,30227.75,298,0.0,0.0
2026-08-14 04:45:00-04:00,30228.25,30240.0,30228.25,30235.5,195,0.0,0.0
2026-08-14 04:50:00-04:00,30235.0,30236.75,30227.75,30228.0,201,0.0,0.0
2026-08-14 04:55:00-04:00,30227.75,30228.5,30220.5,30220.75,144,0.0,0.0
2026-08-14 05:00:00-04:00,30220.0,30222.25,30210.25,30216.5,337,0.0,0.0
2026-08-14 05:05:00-04:00,30217.0,30221.5,30212.0,30214.75,182,0.0,0.0
2026-08-14 05:10:00-04:00,30215.0,30220.0,30211.0,30218.5,258,0.0,0.0
2026-08-14 05:15:00-04:00,30218.5,30224.25,30214.75,30223.0,248,0.0,0.0
2026-08-14 05:20:00-04:00,30222.75,30232.0,30216.75,30231.25,212,0.0,0.0
2026-08-14 05:25:00-04:00,30231.75,30232.0,30224.0,30226.75,147,0.0,0.0
2026-08-14 05:30:00-04:00,30225.5,30226.25,30211.5,30214.5,289,0.0,0.0
2026-08-14 05:35:00-04:00,30214.5,30220.5,30207.5,30217.25,320,0.0,0.0
2026-08-14 05:40:00-04:00,30216.25,30216.25,30207.0,30209.75,254,0.0,0.0
2026-08-14 05:45:00-04:00,30210.5,30225.75,30207.25,30222.5,315,0.0,0.0
2026-08-14 05:50:00-04:00,30223.0,30231.0,30220.5,30226.5,280,0.0,0.0
2026-08-14 05:55:00-04:00,30226.75,30236.0,30224.0,30235.0,266,0.0,0.0
2026-08-14 06:00:00-04:00,30234.25,30245.25,30233.5,30244.5,451,0.0,0.0
2026-08-14 06:05:00-04:00,30245.5,30249.0,30240.5,30242.25,297,0.0,0.0
2026-08-14 06:10:00-04:00,30243.75,30249.75,30239.5,30241.5,313,0.0,0.0
2026-08-14 06:15:00-04:00,30239.75,30240.75,30233.5,30234.5,311,0.0,0.0
2026-08-14 06:20:00-04:00,30234.75,30238.75,30228.5,30238.25,288,0.0,0.0
2026-08-14 06:25:00-04:00,30238.0,30238.0,30223.0,30228.75,204,0.0,0.0
2026-08-14 06:30:00-04:00,30230.0,30237.5,30225.75,30234.5,206,0.0,0.0
2026-08-14 06:35:00-04:00,30234.75,30235.25,30225.75,30232.0,277,0.0,0.0
2026-08-14 06:40:00-04:00,30230.75,30237.75,30223.5,30237.0,243,0.0,0.0
2026-08-14 06:45:00-04:00,30236.25,30241.0,30232.75,30233.0,310,0.0,0.0
2026-08-14 06:50:00-04:00,30234.0,30248.5,30233.75,30246.75,383,0.0,0.0
2026-08-14 06:55:00-04:00,30246.5,30252.5,30238.75,30252.0,534,0.0,0.0
2026-08-14 07:00:00-04:00,30251.75,30260.75,30247.0,30248.0,682,0.0,0.0
2026-08-14 07:05:00-04:00,30248.5,30262.0,30248.5,30256.25,307,0.0,0.0
2026-08-14 07:10:00-04:00,30255.75,30259.0,30251.0,30253.75,287,0.0,0.0
2026-08-14 07:15:00-04:00,30254.0,30254.25,30245.0,30248.0,359,0.0,0.0
2026-08-14 07:20:00-04:00,30248.75,30254.5,30242.0,30249.75,283,0.0,0.0
2026-08-14 07:25:00-04:00,30249.0,30254.75,30245.25,30247.25,282,0.0,0.0
2026-08-14 07:30:00-04:00,30247.0,30255.0,30239.5,30252.0,437,0.0,0.0
2026-08-14 07:35:00-04:00,30251.25,30258.5,30247.75,30249.25,430,0.0,0.0
2026-08-14 07:40:00-04:00,30248.0,30252.75,30237.25,30251.5,451,0.0,0.0
2026-08-14 07:45:00-04:00,30252.0,30264.75,30250.0,30263.25,571,0.0,0.0
2026-08-14 07:50:00-04:00,30262.75,30268.0,30258.75,30259.25,363,0.0,0.0
2026-08-14 07:55:00-04:00,30259.25,30267.75,30256.25,30263.75,341,0.0,0.0
2026-08-14 08:00:00-04:00,30265.25,30280.25,30260.75,30262.75,1055,0.0,0.0
2026-08-14 08:05:00-04:00,30262.75,30267.75,30256.5,30265.0,596,0.0,0.0
2026-08-14 08:10:00-04:00,30265.25,30265.75,30208.5,30237.5,1732,0.0,0.0
2026-08-14 08:15:00-04:00,30237.0,30238.75,30226.5,30235.0,891,0.0,0.0
2026-08-14 08:20:00-04:00,30235.5,30243.75,30230.75,30232.75,541,0.0,0.0
2026-08-14 08:25:00-04:00,30232.75,30256.25,30230.0,30251.5,664,0.0,0.0
2026-08-14 08:30:00-04:00,30252.75,30279.75,30247.0,30272.25,1597,0.0,0.0
2026-08-14 08:35:00-04:00,30272.0,30278.25,30257.5,30264.0,1119,0.0,0.0
2026-08-14 08:40:00-04:00,30263.5,30266.75,30258.5,30266.0,560,0.0,0.0
2026-08-14 08:45:00-04:00,30265.75,30274.0,30254.0,30270.5,1060,0.0,0.0
2026-08-14 08:50:00-04:00,30271.0,30278.0,30265.0,30275.5,540,0.0,0.0
2026-08-14 08:55:00-04:00,30276.75,30279.75,30266.25,30268.25,665,0.0,0.0
2026-08-14 09:00:00-04:00,30268.5,30276.5,30262.25,30270.25,639,0.0,0.0
2026-08-14 09:05:00-04:00,30271.0,30283.0,30264.75,30265.25,1025,0.0,0.0
2026-08-14 09:10:00-04:00,30265.25,30266.5,30252.5,30253.0,691,0.0,0.0
2026-08-14 09:15:00-04:00,30253.25,30260.0,30245.25,30246.75,1064,0.0,0.0
2026-08-14 09:20:00-04:00,30248.0,30257.5,30245.25,30253.25,851,0.0,0.0
2026-08-14 09:25:00-04:00,30252.75,30261.5,30236.25,30241.5,2240,0.0,0.0
2026-08-14 09:30:00-04:00,30241.5,30269.5,30206.25,30206.25,14627,0.0,0.0
2026-08-14 09:35:00-04:00,30206.5,30222.0,30169.75,30220.5,11678,0.0,0.0
2026-08-14 09:40:00-04:00,30221.0,30262.25,30195.0,30261.0,11372,0.0,0.0
2026-08-14 09:45:00-04:00,30260.75,30280.5,30226.0,30238.0,11385,0.0,0.0
2026-08-14 09:50:00-04:00,30239.0,30265.5,30218.5,30238.75,8711,0.0,0.0
2026-08-14 09:55:00-04:00,30239.75,30250.75,30208.75,30228.25,6114,0.0,0.0
2026-08-14 10:00:00-04:00,30226.0,30257.5,30204.75,30254.25,6764,0.0,0.0
2026-08-14 10:05:00-04:00,30255.0,30272.25,30226.0,30233.75,6546,0.0,0.0
2026-08-14 10:10:00-04:00,30233.0,30245.25,30215.75,30221.25,5104,0.0,0.0
2026-08-14 10:15:00-04:00,30221.75,30228.5,30167.75,30172.5,7512,0.0,0.0
2026-08-14 10:20:00-04:00,30173.0,30193.5,30148.75,30160.0,6682,0.0,0.0
2026-08-14 10:25:00-04:00,30160.25,30169.5,30134.25,30160.25,7038,0.0,0.0
2026-08-14 10:30:00-04:00,30159.75,30163.25,30129.0,30138.75,7887,0.0,0.0
2026-08-14 10:35:00-04:00,30138.75,30176.5,30135.5,30169.0,5232,0.0,0.0
2026-08-14 10:40:00-04:00,30168.25,30168.25,30142.0,30155.5,4293,0.0,0.0
2026-08-14 10:45:00-04:00,30155.5,30165.75,30143.0,30150.25,3170,0.0,0.0
2026-08-14 10:50:00-04:00,30150.25,30166.0,30142.5,30144.25,3074,0.0,0.0
2026-08-14 10:55:00-04:00,30144.0,30150.25,30123.0,30123.0,3477,0.0,0.0
2026-08-14 11:00:00-04:00,30124.0,30143.0,30109.5,30123.25,5345,0.0,0.0
2026-08-14 11:05:00-04:00,30122.75,30131.0,30101.75,30106.5,4444,0.0,0.0
2026-08-14 11:10:00-04:00,30106.75,30116.5,30088.0,30090.5,4435,0.0,0.0
2026-08-14 11:15:00-04:00,30090.75,30110.75,30089.75,30104.25,3995,0.0,0.0
2026-08-14 11:20:00-04:00,30103.75,30110.0,30044.5,30047.25,6489,0.0,0.0
2026-08-14 11:25:00-04:00,30047.5,30074.5,30033.5,30072.5,6661,0.0,0.0
2026-08-14 11:30:00-04:00,30073.25,30075.0,30042.0,30048.25,5127,0.0,0.0
2026-08-14 11:35:00-04:00,30049.25,30065.5,30039.25,30042.25,4459,0.0,0.0
2026-08-14 11:40:00-04:00,30041.5,30049.75,30029.5,30049.0,3588,0.0,0.0
2026-08-14 11:45:00-04:00,30049.25,30066.25,30031.0,30037.75,4502,0.0,0.0
2026-08-14 11:50:00-04:00,30038.0,30063.5,30028.5,30056.75,3489,0.0,0.0
2026-08-14 11:55:00-04:00,30056.5,30072.75,30052.0,30065.75,3415,0.0,0.0
2026-08-14 12:00:00-04:00,30066.5,30084.25,30066.25,30074.5,4026,0.0,0.0
2026-08-14 12:05:00-04:00,30073.75,30077.25,30050.5,30059.75,3247,0.0,0.0
2026-08-14 12:10:00-04:00,30060.0,30082.5,30057.25,30080.25,3069,0.0,0.0
2026-08-14 12:15:00-04:00,30080.25,30088.0,30077.5,30081.75,2674,0.0,0.0
2026-08-14 12:20:00-04:00,30081.5,30094.75,30075.5,30093.25,2907,0.0,0.0
2026-08-14 12:25:00-04:00,30093.25,30107.75,30091.5,30101.0,2637,0.0,0.0
2026-08-14 12:30:00-04:00,30100.5,30102.0,30065.75,30071.5,4393,0.0,0.0
2026-08-14 12:35:00-04:00,30072.75,30097.5,30071.0,30081.75,3287,0.0,0.0
2026-08-14 12:40:00-04:00,30080.75,30082.5,30064.5,30067.25,2256,0.0,0.0
2026-08-14 12:45:00-04:00,30067.0,30076.75,30061.5,30074.5,2237,0.0,0.0
2026-08-14 12:50:00-04:00,30073.75,30073.75,30055.75,30061.75,2348,0.0,0.0
2026-08-14 12:55:00-04:00,30062.25,30069.75,30052.75,30059.0,1995,0.0,0.0
2026-08-14 13:00:00-04:00,30059.25,30066.5,30053.0,30060.5,2130,0.0,0.0
2026-08-14 13:05:00-04:00,30060.75,30074.0,30058.0,30067.0,1973,0.0,0.0
2026-08-14 13:10:00-04:00,30066.75,30079.75,30063.75,30069.25,2625,0.0,0.0
2026-08-14 13:15:00-04:00,30069.25,30073.5,30057.5,30068.75,1962,0.0,0.0
2026-08-14 13:20:00-04:00,30068.0,30076.5,30050.5,30054.0,2044,0.0,0.0
2026-08-14 13:25:00-04:00,30053.75,30066.25,30046.5,30059.25,2489,0.0,0.0
2026-08-14 13:30:00-04:00,30059.5,30072.0,30056.75,30068.5,1802,0.0,0.0
2026-08-14 13:35:00-04:00,30068.75,30072.25,30050.25,30057.25,2125,0.0,0.0
2026-08-14 13:40:00-04:00,30057.0,30065.75,30052.0,30058.0,1569,0.0,0.0
2026-08-14 13:45:00-04:00,30058.25,30064.5,30054.5,30058.0,1586,0.0,0.0
2026-08-14 13:50:00-04:00,30057.75,30077.25,30049.75,30073.75,2126,0.0,0.0
2026-08-14 13:55:00-04:00,30073.5,30084.5,30065.75,30081.5,2377,0.0,0.0
2026-08-14 14:00:00-04:00,30081.25,30091.25,30073.5,30089.25,2120,0.0,0.0
2026-08-14 14:05:00-04:00,30088.75,30091.0,30079.0,30088.5,1539,0.0,0.0
2026-08-14 14:10:00-04:00,30088.5,30090.75,30076.75,30078.75,1626,0.0,0.0
2026-08-14 14:15:00-04:00,30078.75,30090.5,30078.5,30084.75,1906,0.0,0.0
2026-08-14 14:20:00-04:00,30084.75,30092.5,30078.25,30081.0,1570,0.0,0.0
2026-08-14 14:25:00-04:00,30080.5,30087.25,30064.75,30068.0,2251,0.0,0.0
2026-08-14 14:30:00-04:00,30067.5,30075.75,30062.5,30072.0,2083,0.0,0.0
2026-08-14 14:35:00-04:00,30072.25,30078.25,30066.25,30076.25,1448,0.0,0.0
2026-08-14 14:40:00-04:00,30075.5,30090.25,30073.5,30087.25,2005,0.0,0.0
2026-08-14 14:45:00-04:00,30087.0,30088.75,30078.0,30087.0,1529,0.0,0.0
2026-08-14 14:50:00-04:00,30087.5,30104.0,30087.5,30096.75,2539,0.0,0.0
2026-08-14 14:55:00-04:00,30096.75,30097.5,30086.5,30088.5,1421,0.0,0.0
2026-08-14 15:00:00-04:00,30088.5,30091.25,30077.25,30082.75,2281,0.0,0.0
2026-08-14 15:05:00-04:00,30082.75,30094.5,30077.0,30092.25,1951,0.0,0.0
2026-08-14 15:10:00-04:00,30092.25,30093.0,30081.25,30083.0,1686,0.0,0.0
2026-08-14 15:15:00-04:00,30083.25,30092.25,30076.0,30088.25,2438,0.0,0.0
2026-08-14 15:20:00-04:00,30088.25,30089.75,30080.5,30087.0,1585,0.0,0.0
2026-08-14 15:25:00-04:00,30087.25,30104.0,30085.25,30096.75,2240,0.0,0.0
2026-08-14 15:30:00-04:00,30096.25,30103.75,30091.25,30101.25,2325,0.0,0.0
2026-08-14 15:35:00-04:00,30101.75,30109.0,30096.0,30105.75,3048,0.0,0.0
2026-08-14 15:40:00-04:00,30105.25,30115.25,30103.0,30108.5,2744,0.0,0.0
2026-08-14 15:45:00-04:00,30108.5,30120.5,30101.5,30119.5,3862,0.0,0.0
2026-08-14 15:50:00-04:00,30119.25,30130.0,30114.75,30126.25,6920,0.0,0.0
2026-08-14 15:55:00-04:00,30126.0,30148.0,30112.25,30145.0,11576,0.0,0.0
2026-08-14 16:00:00-04:00,30144.25,30153.25,30136.0,30145.75,5748,0.0,0.0
2026-08-14 16:05:00-04:00,30146.25,30146.25,30131.25,30133.25,1414,0.0,0.0
2026-08-14 16:10:00-04:00,30133.75,30141.75,30131.0,30132.75,1445,0.0,0.0
2026-08-14 16:15:00-04:00,30133.25,30135.5,30128.5,30131.5,504,0.0,0.0
2026-08-14 16:20:00-04:00,30131.5,30133.5,30127.25,30129.5,294,0.0,0.0
2026-08-14 16:25:00-04:00,30129.25,30132.0,30128.0,30131.0,396,0.0,0.0
2026-08-14 16:30:00-04:00,30131.0,30145.75,30128.25,30140.5,867,0.0,0.0
2026-08-14 16:35:00-04:00,30140.5,30143.0,30136.75,30137.0,402,0.0,0.0
2026-08-14 16:40:00-04:00,30138.0,30143.5,30138.0,30142.0,325,0.0,0.0
2026-08-14 16:45:00-04:00,30142.25,30143.0,30138.0,30141.5,440,0.0,0.0
2026-08-14 16:50:00-04:00,30142.75,30147.5,30142.75,30144.0,356,0.0,0.0
2026-08-14 16:55:00-04:00,30145.0,30154.75,30141.75,30141.75,477,0.0,0.0
2026-08-16 18:10:00-04:00,30192.25,30202.5,30188.75,30196.5,299,0.0,0.0
2026-08-16 18:15:00-04:00,30197.75,30200.75,30191.5,30193.5,174,0.0,0.0
2026-08-16 18:20:00-04:00,30193.5,30199.25,30190.5,30192.0,175,0.0,0.0
2026-08-16 18:25:00-04:00,30192.5,30196.0,30192.5,30192.75,98,0.0,0.0
2026-08-16 18:30:00-04:00,30193.0,30196.5,30188.5,30193.75,222,0.0,0.0
2026-08-16 18:35:00-04:00,30194.25,30195.25,30189.25,30193.5,90,0.0,0.0
2026-08-16 18:40:00-04:00,30194.0,30195.0,30191.0,30192.25,65,0.0,0.0
2026-08-16 18:45:00-04:00,30192.75,30205.75,30187.25,30203.75,502,0.0,0.0
2026-08-16 18:50:00-04:00,30204.0,30211.75,30202.5,30208.75,352,0.0,0.0
2026-08-16 18:55:00-04:00,30208.75,30209.0,30199.25,30205.0,282,0.0,0.0
2026-08-16 19:00:00-04:00,30205.25,30207.25,30199.25,30202.75,158,0.0,0.0
2026-08-16 19:05:00-04:00,30203.75,30206.75,30203.0,30205.0,98,0.0,0.0
2026-08-16 19:10:00-04:00,30204.25,30205.75,30195.25,30197.0,276,0.0,0.0
2026-08-16 19:15:00-04:00,30197.25,30198.5,30194.0,30194.5,177,0.0,0.0
2026-08-16 19:20:00-04:00,30194.75,30204.25,30191.5,30200.25,341,0.0,0.0
2026-08-16 19:25:00-04:00,30200.75,30201.0,30194.0,30197.0,111,0.0,0.0
2026-08-16 19:30:00-04:00,30197.75,30199.0,30192.75,30193.0,162,0.0,0.0
2026-08-16 19:35:00-04:00,30193.0,30202.0,30193.0,30199.5,135,0.0,0.0
2026-08-16 19:40:00-04:00,30199.75,30206.25,30198.75,30206.25,172,0.0,0.0
2026-08-16 19:45:00-04:00,30204.75,30221.75,30204.5,30218.5,552,0.0,0.0
2026-08-16 19:50:00-04:00,30219.25,30228.0,30217.5,30218.25,551,0.0,0.0
2026-08-16 19:55:00-04:00,30218.0,30219.25,30212.5,30214.25,209,0.0,0.0
2026-08-16 20:00:00-04:00,30215.0,30227.25,30209.0,30215.25,850,0.0,0.0
2026-08-16 20:05:00-04:00,30214.75,30225.0,30211.5,30211.75,454,0.0,0.0
2026-08-16 20:10:00-04:00,30212.25,30223.0,30211.5,30219.5,278,0.0,0.0
2026-08-16 20:15:00-04:00,30218.5,30218.75,30189.0,30192.5,694,0.0,0.0
2026-08-16 20:20:00-04:00,30192.0,30200.0,30192.0,30198.5,362,0.0,0.0
2026-08-16 20:25:00-04:00,30198.5,30204.25,30195.0,30195.5,401,0.0,0.0
2026-08-16 20:30:00-04:00,30195.5,30198.25,30186.5,30190.75,376,0.0,0.0
2026-08-16 20:35:00-04:00,30191.25,30193.75,30185.5,30187.25,272,0.0,0.0
2026-08-16 20:40:00-04:00,30187.25,30196.0,30186.5,30188.75,402,0.0,0.0
2026-08-16 20:45:00-04:00,30189.25,30198.0,30185.5,30193.75,284,0.0,0.0
2026-08-16 20:50:00-04:00,30195.25,30198.0,30190.0,30196.0,160,0.0,0.0
2026-08-16 20:55:00-04:00,30195.5,30202.0,30191.5,30201.75,258,0.0,0.0
2026-08-16 21:00:00-04:00,30201.0,30227.5,30199.75,30227.0,915,0.0,0.0
2026-08-16 21:05:00-04:00,30227.25,30233.25,30223.5,30226.5,634,0.0,0.0
2026-08-16 21:10:00-04:00,30225.25,30226.75,30213.75,30214.25,428,0.0,0.0
2026-08-16 21:15:00-04:00,30214.5,30221.75,30203.75,30220.0,793,0.0,0.0
2026-08-16 21:20:00-04:00,30220.5,30239.0,30219.25,30230.0,603,0.0,0.0
2026-08-16 21:25:00-04:00,30229.0,30234.75,30227.75,30229.75,166,0.0,0.0
2026-08-16 21:30:00-04:00,30230.25,30232.5,30199.0,30204.25,587,0.0,0.0
2026-08-16 21:35:00-04:00,30204.5,30211.5,30196.75,30211.25,489,0.0,0.0
2026-08-16 21:40:00-04:00,30211.75,30213.75,30191.0,30199.0,704,0.0,0.0
2026-08-16 21:45:00-04:00,30198.5,30203.25,30192.75,30199.5,262,0.0,0.0
2026-08-16 21:50:00-04:00,30198.75,30199.5,30187.0,30192.5,350,0.0,0.0
2026-08-16 21:55:00-04:00,30192.75,30195.25,30189.0,30192.0,176,0.0,0.0
2026-08-16 22:00:00-04:00,30192.0,30194.5,30187.25,30189.5,203,0.0,0.0
2026-08-16 22:05:00-04:00,30189.25,30198.5,30185.25,30196.0,482,0.0,0.0
2026-08-16 22:10:00-04:00,30196.75,30200.5,30192.25,30200.25,215,0.0,0.0
2026-08-16 22:15:00-04:00,30200.75,30204.5,30197.75,30201.75,182,0.0,0.0
2026-08-16 22:20:00-04:00,30201.25,30222.25,30200.75,30214.25,1114,0.0,0.0
2026-08-16 22:25:00-04:00,30215.25,30218.0,30211.75,30217.25,176,0.0,0.0
2026-08-16 22:30:00-04:00,30216.75,30223.5,30211.75,30218.0,308,0.0,0.0
2026-08-16 22:35:00-04:00,30218.25,30219.5,30212.25,30217.75,170,0.0,0.0
2026-08-16 22:40:00-04:00,30217.0,30225.0,30216.5,30222.25,148,0.0,0.0
2026-08-16 22:45:00-04:00,30220.5,30227.25,30220.25,30225.25,252,0.0,0.0
2026-08-16 22:50:00-04:00,30225.0,30231.25,30222.25,30224.5,317,0.0,0.0
2026-08-16 22:55:00-04:00,30224.0,30224.0,30220.0,30222.25,199,0.0,0.0
2026-08-16 23:00:00-04:00,30223.0,30229.0,30220.75,30229.0,298,0.0,0.0
2026-08-16 23:05:00-04:00,30228.5,30233.5,30223.25,30232.5,262,0.0,0.0
2026-08-16 23:10:00-04:00,30232.25,30235.0,30222.5,30226.0,302,0.0,0.0
2026-08-16 23:15:00-04:00,30227.5,30235.5,30226.75,30231.5,178,0.0,0.0
2026-08-16 23:20:00-04:00,30231.5,30234.75,30230.5,30233.0,103,0.0,0.0
2026-08-16 23:25:00-04:00,30232.75,30234.25,30229.25,30234.25,109,0.0,0.0
2026-08-16 23:30:00-04:00,30234.75,30236.25,30226.0,30235.5,164,0.0,0.0
2026-08-16 23:35:00-04:00,30235.0,30240.0,30233.75,30239.5,234,0.0,0.0
2026-08-16 23:40:00-04:00,30239.25,30247.25,30238.0,30241.5,385,0.0,0.0
2026-08-16 23:45:00-04:00,30241.25,30245.25,30238.75,30243.0,180,0.0,0.0
2026-08-16 23:50:00-04:00,30244.25,30245.0,30239.75,30244.5,114,0.0,0.0
2026-08-16 23:55:00-04:00,30243.5,30246.25,30243.5,30245.75,107,0.0,0.0
2026-08-17 00:00:00-04:00,30246.75,30249.25,30243.5,30246.75,320,0.0,0.0
2026-08-17 00:05:00-04:00,30247.5,30251.0,30245.75,30246.75,235,0.0,0.0
2026-08-17 00:10:00-04:00,30247.25,30255.0,30246.25,30251.25,329,0.0,0.0
2026-08-17 00:15:00-04:00,30250.5,30251.0,30246.0,30250.5,165,0.0,0.0
2026-08-17 00:20:00-04:00,30250.25,30252.25,30243.5,30243.75,222,0.0,0.0
2026-08-17 00:25:00-04:00,30244.25,30246.25,30240.5,30241.0,170,0.0,0.0
2026-08-17 00:30:00-04:00,30241.0,30241.0,30233.25,30236.5,292,0.0,0.0
2026-08-17 00:35:00-04:00,30236.75,30239.75,30235.0,30238.75,105,0.0,0.0
2026-08-17 00:40:00-04:00,30239.5,30244.75,30239.0,30243.5,189,0.0,0.0
2026-08-17 00:45:00-04:00,30244.0,30248.5,30239.75,30240.0,178,0.0,0.0
2026-08-17 00:50:00-04:00,30240.75,30242.25,30233.0,30235.25,264,0.0,0.0
2026-08-17 00:55:00-04:00,30235.5,30238.25,30234.0,30234.75,110,0.0,0.0
2026-08-17 01:00:00-04:00,30234.5,30245.5,30234.5,30241.5,257,0.0,0.0
2026-08-17 01:05:00-04:00,30241.5,30247.0,30237.25,30247.0,144,0.0,0.0
2026-08-17 01:10:00-04:00,30246.0,30246.5,30238.5,30241.25,146,0.0,0.0
2026-08-17 01:15:00-04:00,30243.0,30246.75,30241.5,30244.0,111,0.0,0.0
2026-08-17 01:20:00-04:00,30243.75,30245.5,30236.0,30236.25,145,0.0,0.0
2026-08-17 01:25:00-04:00,30235.25,30244.5,30230.5,30243.75,191,0.0,0.0
2026-08-17 01:30:00-04:00,30244.5,30258.5,30237.25,30257.25,656,0.0,0.0
2026-08-17 01:35:00-04:00,30256.0,30258.5,30249.75,30258.5,180,0.0,0.0
2026-08-17 01:40:00-04:00,30258.75,30263.0,30257.75,30263.0,240,0.0,0.0
2026-08-17 01:45:00-04:00,30263.0,30274.0,30261.25,30272.25,257,0.0,0.0
2026-08-17 01:50:00-04:00,30271.25,30273.5,30266.0,30270.25,286,0.0,0.0
2026-08-17 01:55:00-04:00,30269.5,30274.0,30268.0,30272.0,169,0.0,0.0
2026-08-17 02:00:00-04:00,30273.25,30292.0,30266.75,30290.5,1112,0.0,0.0
2026-08-17 02:05:00-04:00,30291.0,30295.0,30289.25,30290.25,542,0.0,0.0
2026-08-17 02:10:00-04:00,30290.5,30291.75,30285.5,30287.5,249,0.0,0.0
2026-08-17 02:15:00-04:00,30287.75,30287.75,30272.0,30276.75,414,0.0,0.0
2026-08-17 02:20:00-04:00,30277.0,30287.75,30272.75,30286.5,372,0.0,0.0
2026-08-17 02:25:00-04:00,30286.0,30299.0,30285.0,30296.75,583,0.0,0.0
2026-08-17 02:30:00-04:00,30297.25,30310.25,30294.0,30306.5,1399,0.0,0.0
2026-08-17 02:35:00-04:00,30307.25,30323.25,30307.25,30322.0,742,0.0,0.0
2026-08-17 02:40:00-04:00,30322.25,30327.0,30311.5,30314.5,666,0.0,0.0
2026-08-17 02:45:00-04:00,30315.0,30325.5,30311.0,30324.25,310,0.0,0.0
2026-08-17 02:50:00-04:00,30325.25,30326.0,30316.25,30316.25,104,0.0,0.0
2026-08-17 02:55:00-04:00,30317.0,30325.0,30314.5,30324.5,175,0.0,0.0
2026-08-17 03:00:00-04:00,30324.75,30331.5,30306.0,30311.25,895,0.0,0.0
2026-08-17 03:05:00-04:00,30311.25,30313.0,30298.5,30301.0,522,0.0,0.0
2026-08-17 03:10:00-04:00,30301.25,30301.5,30273.25,30275.0,664,0.0,0.0
2026-08-17 03:15:00-04:00,30276.0,30276.75,30261.0,30267.0,792,0.0,0.0
2026-08-17 03:20:00-04:00,30270.0,30274.5,30264.5,30271.0,366,0.0,0.0
2026-08-17 03:25:00-04:00,30269.25,30280.5,30263.0,30279.75,464,0.0,0.0
2026-08-17 03:30:00-04:00,30279.75,30300.0,30276.75,30297.0,593,0.0,0.0
2026-08-17 03:35:00-04:00,30297.0,30322.0,30296.5,30318.25,675,0.0,0.0
2026-08-17 03:40:00-04:00,30318.25,30324.25,30316.0,30318.25,351,0.0,0.0
2026-08-17 03:45:00-04:00,30317.75,30322.5,30312.75,30313.75,301,0.0,0.0
2026-08-17 03:50:00-04:00,30314.0,30318.75,30307.5,30310.0,388,0.0,0.0
2026-08-17 03:55:00-04:00,30309.25,30314.0,30306.75,30313.0,421,0.0,0.0
2026-08-17 04:00:00-04:00,30312.0,30318.0,30297.0,30313.75,670,0.0,0.0
2026-08-17 04:05:00-04:00,30314.25,30320.0,30300.5,30319.0,574,0.0,0.0
2026-08-17 04:10:00-04:00,30320.0,30328.0,30304.5,30307.25,512,0.0,0.0
2026-08-17 04:15:00-04:00,30307.25,30319.5,30303.0,30303.75,243,0.0,0.0
2026-08-17 04:20:00-04:00,30304.75,30317.5,30303.5,30314.75,226,0.0,0.0
2026-08-17 04:25:00-04:00,30315.0,30319.25,30310.5,30315.25,219,0.0,0.0
2026-08-17 04:30:00-04:00,30314.0,30319.0,30308.5,30308.5,258,0.0,0.0
2026-08-17 04:35:00-04:00,30309.0,30318.0,30305.0,30306.0,248,0.0,0.0
2026-08-17 04:40:00-04:00,30306.25,30306.25,30287.5,30288.25,399,0.0,0.0
2026-08-17 04:45:00-04:00,30288.25,30297.25,30287.5,30295.0,177,0.0,0.0
2026-08-17 04:50:00-04:00,30294.0,30296.5,30283.75,30293.75,283,0.0,0.0
2026-08-17 04:55:00-04:00,30293.0,30305.25,30290.25,30298.25,319,0.0,0.0
2026-08-17 05:00:00-04:00,30298.25,30301.5,30288.0,30292.0,318,0.0,0.0
2026-08-17 05:05:00-04:00,30291.0,30295.0,30288.5,30295.0,173,0.0,0.0
2026-08-17 05:10:00-04:00,30295.75,30298.75,30289.75,30297.0,130,0.0,0.0
2026-08-17 05:15:00-04:00,30297.25,30297.25,30278.0,30283.0,294,0.0,0.0
2026-08-17 05:20:00-04:00,30284.25,30285.25,30271.5,30273.75,296,0.0,0.0
2026-08-17 05:25:00-04:00,30273.5,30276.75,30267.75,30274.5,259,0.0,0.0
2026-08-17 05:30:00-04:00,30274.25,30280.0,30269.5,30273.75,183,0.0,0.0
2026-08-17 05:35:00-04:00,30274.75,30283.0,30267.75,30270.25,261,0.0,0.0
2026-08-17 05:40:00-04:00,30269.75,30283.25,30269.0,30282.75,214,0.0,0.0
2026-08-17 05:45:00-04:00,30281.75,30291.5,30279.25,30286.0,241,0.0,0.0
2026-08-17 05:50:00-04:00,30285.25,30288.25,30276.25,30286.25,255,0.0,0.0
2026-08-17 05:55:00-04:00,30286.0,30289.5,30280.75,30282.0,141,0.0,0.0
2026-08-17 06:00:00-04:00,30282.0,30285.25,30279.0,30285.25,176,0.0,0.0
2026-08-17 06:05:00-04:00,30282.75,30293.0,30276.0,30279.75,479,0.0,0.0
2026-08-17 06:10:00-04:00,30280.25,30296.5,30278.5,30295.5,251,0.0,0.0
2026-08-17 06:15:00-04:00,30295.5,30303.25,30285.0,30293.0,364,0.0,0.0
2026-08-17 06:20:00-04:00,30294.0,30294.5,30285.0,30287.0,169,0.0,0.0
2026-08-17 06:25:00-04:00,30286.75,30343.0,30279.0,30338.0,1280,0.0,0.0
2026-08-17 06:30:00-04:00,30334.25,30338.5,30294.0,30297.75,931,0.0,0.0
2026-08-17 06:35:00-04:00,30296.75,30305.0,30292.75,30302.75,429,0.0,0.0
2026-08-17 06:40:00-04:00,30303.25,30311.25,30298.75,30310.5,226,0.0,0.0
2026-08-17 06:45:00-04:00,30310.25,30311.5,30305.0,30306.5,183,0.0,0.0
2026-08-17 06:50:00-04:00,30306.75,30313.25,30306.25,30309.5,241,0.0,0.0
2026-08-17 06:55:00-04:00,30309.75,30316.5,30308.0,30315.0,238,0.0,0.0
2026-08-17 07:00:00-04:00,30313.75,30322.0,30296.25,30311.25,863,0.0,0.0
2026-08-17 07:05:00-04:00,30311.5,30325.0,30310.0,30320.5,690,0.0,0.0
2026-08-17 07:10:00-04:00,30320.25,30320.25,30298.0,30300.25,420,0.0,0.0
2026-08-17 07:15:00-04:00,30300.25,30301.0,30286.75,30288.25,530,0.0,0.0
2026-08-17 07:20:00-04:00,30289.0,30301.75,30287.75,30301.25,414,0.0,0.0
2026-08-17 07:25:00-04:00,30301.5,30306.75,30294.5,30299.5,327,0.0,0.0
2026-08-17 07:30:00-04:00,30300.25,30306.0,30295.0,30302.25,269,0.0,0.0
2026-08-17 07:35:00-04:00,30302.25,30302.25,30292.5,30299.25,313,0.0,0.0
2026-08-17 07:40:00-04:00,30297.75,30305.75,30295.5,30304.5,240,0.0,0.0
2026-08-17 07:45:00-04:00,30304.25,30310.0,30304.0,30309.0,267,0.0,0.0
2026-08-17 07:50:00-04:00,30308.25,30308.25,30291.25,30295.5,410,0.0,0.0
2026-08-17 07:55:00-04:00,30294.25,30298.75,30286.0,30286.75,418,0.0,0.0
2026-08-17 08:00:00-04:00,30286.75,30288.75,30249.5,30249.5,1118,0.0,0.0
2026-08-17 08:05:00-04:00,30249.75,30272.0,30246.75,30271.25,913,0.0,0.0
2026-08-17 08:10:00-04:00,30271.25,30283.0,30266.25,30278.25,687,0.0,0.0
2026-08-17 08:15:00-04:00,30278.5,30280.75,30269.25,30275.75,442,0.0,0.0
2026-08-17 08:20:00-04:00,30276.25,30281.0,30270.5,30272.0,388,0.0,0.0
2026-08-17 08:25:00-04:00,30272.25,30277.75,30220.75,30236.0,2403,0.0,0.0
2026-08-17 08:30:00-04:00,30238.25,30250.5,30221.25,30229.5,1149,0.0,0.0
2026-08-17 08:35:00-04:00,30230.0,30232.25,30194.0,30195.75,1375,0.0,0.0
2026-08-17 08:40:00-04:00,30196.25,30212.75,30182.75,30189.5,1592,0.0,0.0
2026-08-17 08:45:00-04:00,30189.25,30198.0,30180.0,30193.5,1184,0.0,0.0
2026-08-17 08:50:00-04:00,30194.25,30210.5,30185.25,30198.0,1125,0.0,0.0
2026-08-17 08:55:00-04:00,30198.5,30213.0,30192.25,30202.5,955,0.0,0.0
2026-08-17 09:00:00-04:00,30202.5,30214.5,30199.25,30205.75,975,0.0,0.0
2026-08-17 09:05:00-04:00,30206.5,30223.0,30206.25,30221.25,1119,0.0,0.0
2026-08-17 09:10:00-04:00,30220.25,30225.75,30215.25,30218.5,758,0.0,0.0
2026-08-17 09:15:00-04:00,30219.5,30219.75,30210.75,30211.0,909,0.0,0.0
2026-08-17 09:20:00-04:00,30211.25,30213.5,30205.25,30209.75,1723,0.0,0.0
2026-08-17 09:25:00-04:00,30210.0,30238.0,30208.0,30219.5,3506,0.0,0.0
2026-08-17 09:30:00-04:00,30218.5,30266.0,30191.0,30196.5,16723,0.0,0.0
2026-08-17 09:35:00-04:00,30197.25,30239.25,30165.5,30178.5,10959,0.0,0.0
2026-08-17 09:40:00-04:00,30179.0,30230.5,30167.5,30196.5,8438,0.0,0.0
2026-08-17 09:45:00-04:00,30196.5,30229.0,30174.25,30226.25,7238,0.0,0.0
2026-08-17 09:50:00-04:00,30226.75,30254.25,30210.75,30249.0,7074,0.0,0.0
2026-08-17 09:55:00-04:00,30249.5,30251.25,30215.0,30235.0,5583,0.0,0.0
2026-08-17 10:00:00-04:00,30234.75,30243.25,30186.25,30206.75,8269,0.0,0.0
2026-08-17 10:05:00-04:00,30207.5,30214.0,30161.0,30196.5,7166,0.0,0.0
2026-08-17 10:10:00-04:00,30196.75,30226.25,30192.0,30224.25,6049,0.0,0.0
2026-08-17 10:15:00-04:00,30224.75,30226.0,30174.75,30181.0,5520,0.0,0.0
2026-08-17 10:20:00-04:00,30181.25,30185.0,30155.25,30176.75,5144,0.0,0.0
2026-08-17 10:25:00-04:00,30176.25,30198.75,30165.75,30197.75,4762,0.0,0.0
2026-08-17 10:30:00-04:00,30198.0,30207.0,30186.0,30203.75,3580,0.0,0.0
2026-08-17 10:35:00-04:00,30204.0,30206.5,30186.5,30194.25,2986,0.0,0.0
2026-08-17 10:40:00-04:00,30194.5,30217.25,30192.5,30204.25,3447,0.0,0.0
2026-08-17 10:45:00-04:00,30205.0,30223.25,30199.25,30215.75,3452,0.0,0.0
2026-08-17 10:50:00-04:00,30216.0,30231.5,30203.0,30209.5,4177,0.0,0.0
2026-08-17 10:55:00-04:00,30209.75,30246.0,30208.5,30244.0,4038,0.0,0.0
2026-08-17 11:00:00-04:00,30244.0,30277.0,30233.25,30269.5,6153,0.0,0.0
2026-08-17 11:05:00-04:00,30269.0,30287.5,30257.25,30259.25,5884,0.0,0.0
2026-08-17 11:10:00-04:00,30259.0,30276.75,30255.75,30257.75,3546,0.0,0.0
2026-08-17 11:15:00-04:00,30258.0,30276.25,30255.0,30271.75,3517,0.0,0.0
2026-08-17 11:20:00-04:00,30271.75,30278.0,30265.0,30269.75,3112,0.0,0.0
2026-08-17 11:25:00-04:00,30269.75,30277.5,30255.5,30269.0,3032,0.0,0.0
2026-08-17 11:30:00-04:00,30269.75,30273.5,30241.75,30243.75,4047,0.0,0.0
2026-08-17 11:35:00-04:00,30244.25,30252.25,30222.75,30224.5,4820,0.0,0.0
2026-08-17 11:40:00-04:00,30223.5,30233.0,30207.75,30227.5,5619,0.0,0.0
2026-08-17 11:45:00-04:00,30227.0,30233.25,30214.0,30218.5,2653,0.0,0.0
2026-08-17 11:50:00-04:00,30218.5,30249.75,30214.75,30242.75,3678,0.0,0.0
2026-08-17 11:55:00-04:00,30242.75,30247.0,30238.25,30239.5,1964,0.0,0.0
2026-08-17 12:00:00-04:00,30239.75,30243.25,30216.0,30217.75,2892,0.0,0.0
2026-08-17 12:05:00-04:00,30216.75,30221.75,30200.5,30208.0,3285,0.0,0.0
2026-08-17 12:10:00-04:00,30207.25,30216.0,30200.0,30204.0,2443,0.0,0.0
2026-08-17 12:15:00-04:00,30204.0,30218.0,30200.25,30212.5,2032,0.0,0.0
2026-08-17 12:20:00-04:00,30212.75,30217.5,30197.0,30199.0,2071,0.0,0.0
2026-08-17 12:25:00-04:00,30198.75,30210.5,30196.5,30207.25,2128,0.0,0.0
2026-08-17 12:30:00-04:00,30207.5,30212.75,30193.25,30197.25,2275,0.0,0.0
2026-08-17 12:35:00-04:00,30197.5,30202.5,30192.75,30201.0,1685,0.0,0.0
2026-08-17 12:40:00-04:00,30201.75,30202.0,30182.0,30183.5,2333,0.0,0.0
2026-08-17 12:45:00-04:00,30183.5,30191.25,30178.5,30189.75,2419,0.0,0.0
2026-08-17 12:50:00-04:00,30189.25,30192.5,30175.25,30190.0,2012,0.0,0.0
2026-08-17 12:55:00-04:00,30190.0,30192.75,30177.5,30183.5,1654,0.0,0.0
2026-08-17 13:00:00-04:00,30183.5,30187.25,30171.75,30173.5,2031,0.0,0.0
2026-08-17 13:05:00-04:00,30173.5,30174.25,30154.0,30161.0,3852,0.0,0.0
2026-08-17 13:10:00-04:00,30161.25,30164.0,30128.25,30129.75,4400,0.0,0.0
2026-08-17 13:15:00-04:00,30129.5,30143.75,30114.0,30129.25,6145,0.0,0.0
2026-08-17 13:20:00-04:00,30129.0,30129.5,30095.25,30109.0,6081,0.0,0.0
2026-08-17 13:25:00-04:00,30109.0,30116.0,30092.5,30096.75,4321,0.0,0.0
2026-08-17 13:30:00-04:00,30097.0,30113.5,30090.5,30094.25,4690,0.0,0.0
2026-08-17 13:35:00-04:00,30094.5,30116.75,30091.0,30092.0,3334,0.0,0.0
2026-08-17 13:40:00-04:00,30092.25,30128.0,30086.5,30123.0,4200,0.0,0.0
2026-08-17 13:45:00-04:00,30123.0,30127.25,30108.5,30111.0,2161,0.0,0.0
2026-08-17 13:50:00-04:00,30111.25,30117.25,30105.75,30112.0,1795,0.0,0.0
2026-08-17 13:55:00-04:00,30112.0,30113.5,30097.0,30102.25,2194,0.0,0.0
2026-08-17 14:00:00-04:00,30102.0,30114.0,30089.75,30093.25,3470,0.0,0.0
2026-08-17 14:05:00-04:00,30093.0,30097.0,30079.25,30087.25,3351,0.0,0.0
2026-08-17 14:10:00-04:00,30087.25,30107.75,30084.0,30100.25,2407,0.0,0.0
2026-08-17 14:15:00-04:00,30100.25,30105.0,30092.5,30097.75,2117,0.0,0.0
2026-08-17 14:20:00-04:00,30097.5,30107.75,30089.5,30106.75,2462,0.0,0.0
2026-08-17 14:25:00-04:00,30106.25,30113.75,30095.0,30103.0,2580,0.0,0.0
2026-08-17 14:30:00-04:00,30103.75,30109.25,30092.5,30100.75,2226,0.0,0.0
2026-08-17 14:35:00-04:00,30101.0,30110.0,30101.0,30107.0,1389,0.0,0.0
2026-08-17 14:40:00-04:00,30107.0,30120.0,30103.75,30117.25,1863,0.0,0.0
2026-08-17 14:45:00-04:00,30117.75,30125.0,30115.5,30123.5,1722,0.0,0.0
2026-08-17 14:50:00-04:00,30123.0,30136.5,30120.0,30122.0,2505,0.0,0.0
2026-08-17 14:55:00-04:00,30122.75,30125.0,30116.5,30122.25,1768,0.0,0.0
2026-08-17 15:00:00-04:00,30122.5,30124.75,30106.25,30107.5,2229,0.0,0.0
2026-08-17 15:05:00-04:00,30106.5,30115.0,30098.25,30102.5,2130,0.0,0.0
2026-08-17 15:10:00-04:00,30101.75,30104.25,30083.25,30084.75,2209,0.0,0.0
2026-08-17 15:15:00-04:00,30084.75,30107.25,30082.25,30091.5,3278,0.0,0.0
2026-08-17 15:20:00-04:00,30092.25,30098.25,30082.75,30096.0,2320,0.0,0.0
2026-08-17 15:25:00-04:00,30096.75,30114.0,30092.5,30093.5,2910,0.0,0.0
2026-08-17 15:30:00-04:00,30093.75,30105.5,30088.75,30097.25,3082,0.0,0.0
2026-08-17 15:35:00-04:00,30097.5,30106.0,30094.25,30105.75,2065,0.0,0.0
2026-08-17 15:40:00-04:00,30105.25,30111.75,30096.5,30102.25,2722,0.0,0.0
2026-08-17 15:45:00-04:00,30102.75,30119.75,30102.75,30119.75,2534,0.0,0.0
2026-08-17 15:50:00-04:00,30119.75,30123.0,30089.0,30093.5,5150,0.0,0.0
2026-08-17 15:55:00-04:00,30094.0,30105.0,30066.5,30090.5,11725,0.0,0.0
2026-08-17 16:00:00-04:00,30091.0,30098.0,30078.0,30080.25,4553,0.0,0.0
2026-08-17 16:05:00-04:00,30079.75,30082.0,30070.25,30080.5,1948,0.0,0.0
2026-08-17 16:10:00-04:00,30081.25,30085.0,30076.75,30078.25,927,0.0,0.0
2026-08-17 16:15:00-04:00,30078.25,30081.25,30068.5,30080.75,762,0.0,0.0
2026-08-17 16:20:00-04:00,30081.25,30082.25,30077.5,30077.75,171,0.0,0.0
2026-08-17 16:25:00-04:00,30077.25,30079.75,30075.0,30078.5,349,0.0,0.0
2026-08-17 16:30:00-04:00,30077.75,30080.0,30071.0,30073.25,419,0.0,0.0
2026-08-17 16:35:00-04:00,30073.25,30073.75,30059.0,30065.0,531,0.0,0.0
2026-08-17 16:40:00-04:00,30065.5,30075.5,30063.5,30064.75,473,0.0,0.0
2026-08-17 16:45:00-04:00,30063.75,30066.0,30054.5,30058.75,559,0.0,0.0
2026-08-17 16:50:00-04:00,30059.25,30073.75,30056.5,30073.75,341,0.0,0.0
2026-08-17 16:55:00-04:00,30074.0,30079.75,30067.75,30078.25,534,0.0,0.0
2026-08-17 18:00:00-04:00,30077.0,30091.75,30072.0,30082.5,0,0.0,0.0
2026-08-17 18:05:00-04:00,30083.0,30088.0,30071.25,30085.0,431,0.0,0.0
2026-08-17 18:10:00-04:00,30085.75,30085.75,30070.25,30073.5,334,0.0,0.0
2026-08-17 18:15:00-04:00,30073.0,30080.25,30062.25,30078.75,635,0.0,0.0
2026-08-17 18:20:00-04:00,30079.75,30084.75,30071.5,30080.75,338,0.0,0.0
2026-08-17 18:25:00-04:00,30082.25,30083.5,30076.0,30076.0,160,0.0,0.0
2026-08-17 18:30:00-04:00,30075.0,30076.75,30068.0,30069.25,222,0.0,0.0
2026-08-17 18:35:00-04:00,30070.75,30073.75,30068.0,30069.0,113,0.0,0.0
2026-08-17 18:40:00-04:00,30068.5,30075.5,30067.0,30070.75,178,0.0,0.0
2026-08-17 18:45:00-04:00,30071.75,30076.75,30070.75,30075.5,147,0.0,0.0
2026-08-17 18:50:00-04:00,30074.5,30080.0,30072.25,30079.25,214,0.0,0.0
2026-08-17 18:55:00-04:00,30079.5,30083.5,30076.75,30079.75,201,0.0,0.0
2026-08-17 19:00:00-04:00,30079.25,30080.25,30070.0,30072.25,266,0.0,0.0
2026-08-17 19:05:00-04:00,30073.5,30087.25,30072.25,30083.75,246,0.0,0.0
2026-08-17 19:10:00-04:00,30084.0,30087.0,30080.25,30081.25,127,0.0,0.0
2026-08-17 19:15:00-04:00,30082.0,30088.75,30071.75,30081.0,310,0.0,0.0
2026-08-17 19:20:00-04:00,30082.75,30083.0,30077.0,30080.25,115,0.0,0.0
2026-08-17 19:25:00-04:00,30079.25,30087.5,30077.0,30084.0,228,0.0,0.0
2026-08-17 19:30:00-04:00,30083.0,30103.0,30082.75,30094.0,704,0.0,0.0
2026-08-17 19:35:00-04:00,30093.75,30100.5,30092.75,30099.25,159,0.0,0.0
2026-08-17 19:40:00-04:00,30099.25,30099.25,30093.5,30096.75,107,0.0,0.0
2026-08-17 19:45:00-04:00,30095.75,30100.0,30080.5,30086.5,790,0.0,0.0
2026-08-17 19:50:00-04:00,30086.0,30098.75,30083.5,30098.25,345,0.0,0.0
2026-08-17 19:55:00-04:00,30097.0,30100.75,30093.5,30094.5,243,0.0,0.0
2026-08-17 20:00:00-04:00,30094.25,30104.0,30083.75,30098.25,903,0.0,0.0
2026-08-17 20:05:00-04:00,30098.25,30102.5,30093.0,30095.25,289,0.0,0.0
2026-08-17 20:10:00-04:00,30095.75,30102.0,30090.0,30100.0,289,0.0,0.0
2026-08-17 20:15:00-04:00,30101.0,30113.0,30091.5,30109.5,559,0.0,0.0
2026-08-17 20:20:00-04:00,30108.25,30114.75,30106.75,30108.75,531,0.0,0.0
2026-08-17 20:25:00-04:00,30108.25,30110.5,30098.25,30100.0,368,0.0,0.0
2026-08-17 20:30:00-04:00,30101.0,30110.0,30097.75,30109.75,297,0.0,0.0
2026-08-17 20:35:00-04:00,30109.25,30113.25,30106.0,30109.5,296,0.0,0.0
2026-08-17 20:40:00-04:00,30108.75,30113.0,30100.5,30112.0,285,0.0,0.0
2026-08-17 20:45:00-04:00,30112.0,30113.5,30107.25,30111.75,313,0.0,0.0
2026-08-17 20:50:00-04:00,30112.25,30121.25,30100.75,30104.0,639,0.0,0.0
2026-08-17 20:55:00-04:00,30104.0,30107.25,30095.0,30098.0,469,0.0,0.0
2026-08-17 21:00:00-04:00,30099.25,30103.25,30093.0,30094.25,427,0.0,0.0
2026-08-17 21:05:00-04:00,30093.25,30104.0,30090.0,30095.75,406,0.0,0.0
2026-08-17 21:10:00-04:00,30095.0,30110.0,30094.75,30109.25,397,0.0,0.0
2026-08-17 21:15:00-04:00,30109.5,30109.75,30090.25,30094.75,463,0.0,0.0
2026-08-17 21:20:00-04:00,30095.5,30102.75,30086.75,30102.5,388,0.0,0.0
2026-08-17 21:25:00-04:00,30102.25,30102.25,30075.0,30087.5,682,0.0,0.0
2026-08-17 21:30:00-04:00,30086.25,30090.5,30068.75,30078.75,958,0.0,0.0
2026-08-17 21:35:00-04:00,30078.5,30089.75,30073.75,30074.0,565,0.0,0.0
2026-08-17 21:40:00-04:00,30073.5,30074.25,30037.0,30049.75,1417,0.0,0.0
2026-08-17 21:45:00-04:00,30049.0,30055.5,30016.75,30021.5,1871,0.0,0.0
2026-08-17 21:50:00-04:00,30021.25,30021.5,29968.25,29992.0,3409,0.0,0.0
2026-08-17 21:55:00-04:00,29993.25,30012.75,29986.0,30012.5,1231,0.0,0.0
2026-08-17 22:00:00-04:00,30012.0,30022.0,30007.0,30012.75,1132,0.0,0.0
2026-08-17 22:05:00-04:00,30012.0,30012.75,29991.5,30004.0,914,0.0,0.0
2026-08-17 22:10:00-04:00,30004.25,30007.5,29963.0,29966.25,997,0.0,0.0
2026-08-17 22:15:00-04:00,29965.25,29971.0,29930.5,29955.75,2318,0.0,0.0
2026-08-17 22:20:00-04:00,29955.75,29967.75,29932.5,29937.5,935,0.0,0.0
2026-08-17 22:25:00-04:00,29937.75,29940.5,29923.25,29931.0,954,0.0,0.0
2026-08-17 22:30:00-04:00,29932.5,29937.75,29918.75,29928.75,1116,0.0,0.0
2026-08-17 22:35:00-04:00,29929.0,29959.75,29926.5,29949.5,759,0.0,0.0
2026-08-17 22:40:00-04:00,29950.0,29957.0,29906.75,29909.5,1664,0.0,0.0
2026-08-17 22:45:00-04:00,29909.75,29917.5,29880.25,29916.0,2522,0.0,0.0
2026-08-17 22:50:00-04:00,29916.75,29920.75,29899.25,29899.5,780,0.0,0.0
2026-08-17 22:55:00-04:00,29899.25,29912.0,29887.25,29908.25,1079,0.0,0.0
2026-08-17 23:00:00-04:00,29909.0,29915.5,29906.25,29908.5,397,0.0,0.0
2026-08-17 23:05:00-04:00,29909.75,29915.25,29899.25,29902.0,525,0.0,0.0
2026-08-17 23:10:00-04:00,29901.75,29904.0,29888.75,29895.0,562,0.0,0.0
2026-08-17 23:15:00-04:00,29894.5,29897.25,29874.25,29881.25,1204,0.0,0.0
2026-08-17 23:20:00-04:00,29879.25,29886.75,29859.25,29868.25,1073,0.0,0.0
2026-08-17 23:25:00-04:00,29867.0,29885.75,29865.0,29879.25,684,0.0,0.0
2026-08-17 23:30:00-04:00,29879.0,29879.0,29853.0,29863.0,1129,0.0,0.0
2026-08-17 23:35:00-04:00,29862.5,29894.25,29858.25,29888.25,1012,0.0,0.0
2026-08-17 23:40:00-04:00,29887.5,29897.5,29885.25,29895.5,650,0.0,0.0
2026-08-17 23:45:00-04:00,29893.75,29905.75,29883.75,29884.75,861,0.0,0.0
2026-08-17 23:50:00-04:00,29884.5,29909.75,29881.25,29903.75,720,0.0,0.0
2026-08-17 23:55:00-04:00,29902.75,29905.0,29885.5,29900.0,450,0.0,0.0
2026-08-18 00:05:00-04:00,29888.75,29897.0,29888.75,29895.25,1590,0.0,0.0
2026-08-18 00:10:00-04:00,29895.5,29898.5,29890.0,29897.75,290,0.0,0.0
2026-08-18 00:15:00-04:00,29898.25,29905.75,29893.0,29900.75,439,0.0,0.0
2026-08-18 00:20:00-04:00,29900.0,29901.25,29882.5,29884.5,553,0.0,0.0
2026-08-18 00:25:00-04:00,29883.75,29920.25,29879.25,29911.0,1034,0.0,0.0
2026-08-18 00:30:00-04:00,29912.25,29918.75,29903.0,29910.25,664,0.0,0.0
2026-08-18 00:35:00-04:00,29911.0,29921.0,29891.0,29895.0,709,0.0,0.0
2026-08-18 00:40:00-04:00,29896.25,29903.5,29893.75,29900.5,234,0.0,0.0
2026-08-18 00:45:00-04:00,29899.0,29911.75,29895.75,29911.25,571,0.0,0.0
2026-08-18 00:50:00-04:00,29911.25,29925.5,29910.25,29922.0,378,0.0,0.0
2026-08-18 00:55:00-04:00,29921.5,29927.25,29915.5,29918.0,269,0.0,0.0
2026-08-18 01:00:00-04:00,29917.75,29918.5,29881.25,29887.75,1196,0.0,0.0
2026-08-18 01:05:00-04:00,29888.5,29905.75,29885.5,29897.25,341,0.0,0.0
2026-08-18 01:10:00-04:00,29897.0,29897.0,29876.0,29879.25,605,0.0,0.0
2026-08-18 01:15:00-04:00,29878.75,29884.25,29875.5,29881.0,290,0.0,0.0
2026-08-18 01:20:00-04:00,29881.75,29886.0,29874.25,29879.25,308,0.0,0.0
2026-08-18 01:25:00-04:00,29878.75,29888.0,29873.25,29876.0,309,0.0,0.0
2026-08-18 01:30:00-04:00,29876.5,29877.0,29863.5,29867.0,701,0.0,0.0
2026-08-18 01:35:00-04:00,29866.75,29875.5,29862.25,29868.5,435,0.0,0.0
2026-08-18 01:40:00-04:00,29867.25,29871.0,29862.25,29866.0,269,0.0,0.0
2026-08-18 01:45:00-04:00,29865.25,29877.75,29863.0,29876.0,239,0.0,0.0
2026-08-18 01:50:00-04:00,29877.75,29880.75,29860.25,29861.0,542,0.0,0.0
2026-08-18 01:55:00-04:00,29861.75,29869.25,29835.25,29842.0,1112,0.0,0.0
2026-08-18 02:00:00-04:00,29841.5,29841.75,29799.25,29806.0,2131,0.0,0.0
2026-08-18 02:05:00-04:00,29806.5,29812.0,29786.0,29806.0,1209,0.0,0.0
2026-08-18 02:10:00-04:00,29806.0,29846.5,29805.75,29836.25,1309,0.0,0.0
2026-08-18 02:15:00-04:00,29835.0,29841.0,29820.5,29836.25,755,0.0,0.0
2026-08-18 02:20:00-04:00,29837.25,29860.0,29836.75,29852.25,902,0.0,0.0
2026-08-18 02:25:00-04:00,29851.25,29866.5,29845.25,29860.0,508,0.0,0.0
2026-08-18 02:30:00-04:00,29859.5,29872.25,29852.75,29864.0,560,0.0,0.0
2026-08-18 02:35:00-04:00,29865.5,29876.5,29858.75,29873.25,411,0.0,0.0
2026-08-18 02:40:00-04:00,29874.25,29874.25,29862.0,29865.5,174,0.0,0.0
2026-08-18 02:45:00-04:00,29866.25,29877.5,29862.75,29872.75,362,0.0,0.0
2026-08-18 02:50:00-04:00,29872.75,29877.75,29867.0,29868.5,294,0.0,0.0
2026-08-18 02:55:00-04:00,29869.0,29896.0,29869.0,29893.0,563,0.0,0.0
2026-08-18 03:00:00-04:00,29892.0,29894.75,29874.75,29880.0,675,0.0,0.0
2026-08-18 03:05:00-04:00,29881.5,29896.5,29872.0,29878.5,520,0.0,0.0
2026-08-18 03:10:00-04:00,29876.75,29879.0,29861.25,29863.0,558,0.0,0.0
2026-08-18 03:15:00-04:00,29862.75,29871.75,29852.75,29862.5,535,0.0,0.0
2026-08-18 03:20:00-04:00,29862.25,29870.75,29857.0,29860.25,289,0.0,0.0
2026-08-18 03:25:00-04:00,29860.75,29864.25,29845.5,29847.25,356,0.0,0.0
2026-08-18 03:30:00-04:00,29848.0,29854.75,29824.0,29825.75,613,0.0,0.0
2026-08-18 03:35:00-04:00,29824.75,29846.0,29822.0,29843.5,712,0.0,0.0
2026-08-18 03:40:00-04:00,29844.25,29849.25,29824.5,29825.25,373,0.0,0.0
2026-08-18 03:45:00-04:00,29825.25,29834.25,29822.75,29832.0,497,0.0,0.0
2026-08-18 03:50:00-04:00,29833.25,29841.0,29815.75,29824.25,490,0.0,0.0
2026-08-18 03:55:00-04:00,29823.75,29827.0,29808.0,29810.75,578,0.0,0.0
2026-08-18 04:00:00-04:00,29811.0,29814.25,29762.0,29763.5,2272,0.0,0.0
2026-08-18 04:05:00-04:00,29761.5,29766.25,29736.5,29758.0,1911,0.0,0.0
2026-08-18 04:10:00-04:00,29758.5,29780.5,29740.0,29766.75,1574,0.0,0.0
2026-08-18 04:15:00-04:00,29767.75,29786.25,29767.25,29767.5,800,0.0,0.0
2026-08-18 04:20:00-04:00,29769.0,29772.75,29735.75,29740.5,752,0.0,0.0
2026-08-18 04:25:00-04:00,29741.0,29765.25,29735.75,29759.75,746,0.0,0.0
2026-08-18 04:30:00-04:00,29759.5,29781.0,29748.25,29778.0,579,0.0,0.0
2026-08-18 04:35:00-04:00,29778.25,29792.25,29774.5,29784.5,586,0.0,0.0
2026-08-18 04:40:00-04:00,29785.0,29789.25,29769.75,29780.5,527,0.0,0.0
2026-08-18 04:45:00-04:00,29782.0,29782.5,29745.5,29746.0,564,0.0,0.0
2026-08-18 04:50:00-04:00,29745.75,29764.25,29742.5,29755.5,620,0.0,0.0
2026-08-18 04:55:00-04:00,29756.25,29772.25,29747.25,29765.5,607,0.0,0.0
2026-08-18 05:00:00-04:00,29765.0,29778.0,29744.5,29763.75,910,0.0,0.0
2026-08-18 05:05:00-04:00,29762.75,29762.75,29743.75,29752.0,566,0.0,0.0
2026-08-18 05:10:00-04:00,29752.0,29775.0,29751.5,29764.5,459,0.0,0.0
2026-08-18 05:15:00-04:00,29764.25,29770.75,29735.0,29739.0,773,0.0,0.0
2026-08-18 05:20:00-04:00,29739.5,29746.75,29727.25,29727.25,555,0.0,0.0
2026-08-18 05:25:00-04:00,29728.5,29749.0,29723.5,29735.0,552,0.0,0.0
2026-08-18 05:30:00-04:00,29736.5,29742.0,29718.0,29732.5,1114,0.0,0.0
2026-08-18 05:35:00-04:00,29733.0,29741.0,29723.25,29727.25,536,0.0,0.0
2026-08-18 05:40:00-04:00,29726.5,29727.5,29698.25,29712.75,936,0.0,0.0
2026-08-18 05:45:00-04:00,29711.75,29723.0,29695.0,29699.0,1029,0.0,0.0
2026-08-18 05:50:00-04:00,29699.75,29714.0,29687.25,29714.0,885,0.0,0.0
2026-08-18 05:55:00-04:00,29713.5,29737.0,29713.5,29733.0,881,0.0,0.0
2026-08-18 06:00:00-04:00,29732.25,29743.75,29715.75,29733.25,779,0.0,0.0
2026-08-18 06:05:00-04:00,29732.0,29739.0,29724.0,29737.25,465,0.0,0.0
2026-08-18 06:10:00-04:00,29737.25,29739.0,29717.75,29722.0,338,0.0,0.0
2026-08-18 06:15:00-04:00,29722.25,29742.25,29712.0,29713.0,629,0.0,0.0
2026-08-18 06:20:00-04:00,29713.75,29718.0,29706.0,29708.0,508,0.0,0.0
2026-08-18 06:25:00-04:00,29708.0,29729.0,29703.75,29727.5,389,0.0,0.0
2026-08-18 06:30:00-04:00,29726.75,29744.75,29722.5,29737.5,625,0.0,0.0
2026-08-18 06:35:00-04:00,29737.0,29746.0,29732.5,29733.25,334,0.0,0.0
2026-08-18 06:40:00-04:00,29733.0,29735.75,29720.5,29728.5,424,0.0,0.0
2026-08-18 06:45:00-04:00,29727.75,29751.75,29721.0,29750.0,497,0.0,0.0
2026-08-18 06:50:00-04:00,29749.75,29752.75,29744.0,29748.5,300,0.0,0.0
2026-08-18 06:55:00-04:00,29748.75,29750.75,29737.0,29739.0,272,0.0,0.0
2026-08-18 07:00:00-04:00,29739.0,29765.0,29730.25,29761.25,1389,0.0,0.0
2026-08-18 07:05:00-04:00,29760.5,29767.25,29755.5,29757.0,605,0.0,0.0
2026-08-18 07:10:00-04:00,29757.25,29772.75,29757.0,29768.0,631,0.0,0.0
2026-08-18 07:15:00-04:00,29767.25,29773.5,29763.0,29771.25,430,0.0,0.0
2026-08-18 07:20:00-04:00,29770.25,29773.75,29753.25,29756.75,561,0.0,0.0
2026-08-18 07:25:00-04:00,29755.5,29769.5,29753.5,29756.75,439,0.0,0.0
2026-08-18 07:30:00-04:00,29758.0,29758.0,29739.0,29742.75,730,0.0,0.0
2026-08-18 07:35:00-04:00,29743.0,29750.75,29730.0,29730.5,541,0.0,0.0
2026-08-18 07:40:00-04:00,29731.25,29760.5,29727.0,29756.25,708,0.0,0.0
2026-08-18 07:45:00-04:00,29756.0,29775.75,29755.5,29768.75,727,0.0,0.0
2026-08-18 07:50:00-04:00,29768.75,29773.5,29745.5,29750.25,590,0.0,0.0
2026-08-18 07:55:00-04:00,29750.5,29763.25,29747.25,29747.25,316,0.0,0.0
2026-08-18 08:00:00-04:00,29748.5,29782.25,29742.5,29780.25,687,0.0,0.0
2026-08-18 08:05:00-04:00,29781.5,29786.0,29743.25,29746.0,1000,0.0,0.0
2026-08-18 08:10:00-04:00,29746.0,29748.25,29726.25,29733.5,1378,0.0,0.0
2026-08-18 08:15:00-04:00,29734.0,29740.25,29726.0,29733.0,670,0.0,0.0
2026-08-18 08:20:00-04:00,29733.25,29760.0,29723.75,29728.5,1664,0.0,0.0
2026-08-18 08:25:00-04:00,29729.25,29729.5,29711.5,29714.5,1275,0.0,0.0
2026-08-18 08:30:00-04:00,29714.25,29723.0,29696.5,29708.5,1184,0.0,0.0
2026-08-18 08:35:00-04:00,29707.75,29710.75,29685.25,29696.0,1184,0.0,0.0
2026-08-18 08:40:00-04:00,29696.0,29697.5,29687.0,29688.75,522,0.0,0.0
2026-08-18 08:45:00-04:00,29688.25,29709.75,29680.5,29709.5,1140,0.0,0.0
2026-08-18 08:50:00-04:00,29709.25,29721.25,29706.0,29707.75,1322,0.0,0.0
2026-08-18 08:55:00-04:00,29708.0,29717.0,29706.25,29713.0,526,0.0,0.0
2026-08-18 09:00:00-04:00,29713.0,29726.5,29701.5,29701.5,1621,0.0,0.0
2026-08-18 09:05:00-04:00,29702.0,29709.5,29692.75,29693.5,1084,0.0,0.0
2026-08-18 09:10:00-04:00,29693.75,29703.5,29691.0,29696.25,948,0.0,0.0
2026-08-18 09:15:00-04:00,29695.75,29703.5,29690.75,29699.5,830,0.0,0.0
2026-08-18 09:20:00-04:00,29699.5,29708.5,29684.5,29689.75,1334,0.0,0.0
2026-08-18 09:25:00-04:00,29690.0,29701.0,29678.0,29690.25,4236,0.0,0.0
2026-08-18 09:30:00-04:00,29690.75,29755.25,29631.25,29686.25,24756,0.0,0.0
2026-08-18 09:35:00-04:00,29685.25,29741.75,29673.25,29733.5,15096,0.0,0.0
2026-08-18 09:40:00-04:00,29734.25,29769.75,29685.5,29687.5,11228,0.0,0.0
2026-08-18 09:45:00-04:00,29687.25,29700.5,29645.0,29657.25,11079,0.0,0.0
2026-08-18 09:50:00-04:00,29657.0,29683.75,29633.0,29636.75,8680,0.0,0.0
2026-08-18 09:55:00-04:00,29637.5,29665.25,29604.75,29646.25,10461,0.0,0.0
2026-08-18 10:00:00-04:00,29647.5,29705.75,29621.25,29673.75,11055,0.0,0.0
2026-08-18 10:05:00-04:00,29674.25,29679.5,29617.0,29618.25,8737,0.0,0.0
2026-08-18 10:10:00-04:00,29618.0,29621.25,29568.5,29587.25,11464,0.0,0.0
2026-08-18 10:15:00-04:00,29587.0,29636.0,29578.0,29619.0,9213,0.0,0.0
2026-08-18 10:20:00-04:00,29619.75,29661.5,29593.25,29641.5,9073,0.0,0.0
2026-08-18 10:25:00-04:00,29641.5,29684.75,29637.0,29669.25,7656,0.0,0.0
2026-08-18 10:30:00-04:00,29668.75,29691.25,29649.0,29651.0,7427,0.0,0.0
2026-08-18 10:35:00-04:00,29651.25,29684.75,29649.25,29665.25,6622,0.0,0.0
2026-08-18 10:40:00-04:00,29666.0,29673.0,29612.5,29614.0,6176,0.0,0.0
2026-08-18 10:45:00-04:00,29614.0,29625.0,29595.75,29604.75,5599,0.0,0.0
2026-08-18 10:50:00-04:00,29604.75,29620.0,29557.0,29558.5,10330,0.0,0.0
2026-08-18 10:55:00-04:00,29557.75,29567.0,29536.25,29547.75,7776,0.0,0.0
2026-08-18 11:00:00-04:00,29547.5,29569.0,29526.0,29561.25,10356,0.0,0.0
2026-08-18 11:05:00-04:00,29561.25,29571.0,29527.0,29530.75,6317,0.0,0.0
2026-08-18 11:10:00-04:00,29530.25,29547.0,29514.0,29547.0,6064,0.0,0.0
2026-08-18 11:15:00-04:00,29546.25,29560.75,29534.0,29536.0,4669,0.0,0.0
2026-08-18 11:20:00-04:00,29535.75,29577.0,29532.0,29567.75,5620,0.0,0.0
2026-08-18 11:25:00-04:00,29568.25,29600.0,29564.75,29591.25,5902,0.0,0.0
2026-08-18 11:30:00-04:00,29591.0,29610.0,29582.0,29591.5,5789,0.0,0.0
2026-08-18 11:35:00-04:00,29592.25,29592.5,29567.0,29572.0,3782,0.0,0.0
2026-08-18 11:40:00-04:00,29571.75,29606.75,29566.5,29598.0,4149,0.0,0.0
2026-08-18 11:45:00-04:00,29598.75,29630.0,29598.25,29622.0,4756,0.0,0.0
2026-08-18 11:50:00-04:00,29622.0,29636.25,29598.75,29634.0,4770,0.0,0.0
2026-08-18 11:55:00-04:00,29634.25,29641.0,29617.25,29637.0,4091,0.0,0.0
2026-08-18 12:00:00-04:00,29636.75,29653.75,29632.0,29639.75,4937,0.0,0.0
2026-08-18 12:05:00-04:00,29638.75,29650.5,29625.0,29635.25,4044,0.0,0.0
2026-08-18 12:10:00-04:00,29635.5,29663.25,29634.0,29646.0,3638,0.0,0.0
2026-08-18 12:15:00-04:00,29647.0,29650.25,29621.0,29625.0,3425,0.0,0.0
2026-08-18 12:20:00-04:00,29626.0,29657.25,29624.25,29644.5,3916,0.0,0.0
2026-08-18 12:25:00-04:00,29644.75,29645.75,29609.5,29609.75,3691,0.0,0.0
2026-08-18 12:30:00-04:00,29609.75,29628.75,29603.25,29624.25,3815,0.0,0.0
2026-08-18 12:35:00-04:00,29624.5,29640.75,29613.25,29633.75,3404,0.0,0.0
2026-08-18 12:40:00-04:00,29634.0,29650.0,29617.0,29629.5,3544,0.0,0.0
2026-08-18 12:45:00-04:00,29629.75,29669.25,29618.5,29664.5,4162,0.0,0.0
2026-08-18 12:50:00-04:00,29665.0,29670.75,29655.25,29668.25,2551,0.0,0.0
2026-08-18 12:55:00-04:00,29668.5,29668.75,29647.25,29649.75,2465,0.0,0.0
2026-08-18 13:00:00-04:00,29649.75,29660.75,29633.0,29645.0,3648,0.0,0.0
2026-08-18 13:05:00-04:00,29645.25,29647.5,29626.25,29635.25,2683,0.0,0.0
2026-08-18 13:10:00-04:00,29635.25,29641.75,29618.5,29635.25,2338,0.0,0.0
2026-08-18 13:15:00-04:00,29635.5,29635.75,29605.5,29605.75,2394,0.0,0.0
2026-08-18 13:20:00-04:00,29605.75,29620.0,29597.25,29600.0,2304,0.0,0.0
2026-08-18 13:25:00-04:00,29600.25,29618.25,29593.0,29616.0,3363,0.0,0.0
2026-08-18 13:30:00-04:00,29615.25,29622.0,29605.75,29609.25,2483,0.0,0.0
2026-08-18 13:35:00-04:00,29608.75,29621.25,29591.5,29610.0,3185,0.0,0.0
2026-08-18 13:40:00-04:00,29610.0,29616.25,29602.5,29603.5,2427,0.0,0.0
2026-08-18 13:45:00-04:00,29604.0,29615.0,29594.5,29596.25,1661,0.0,0.0
2026-08-18 13:50:00-04:00,29595.5,29600.5,29590.75,29593.25,1726,0.0,0.0
2026-08-18 13:55:00-04:00,29593.5,29594.25,29565.0,29565.75,3541,0.0,0.0
2026-08-18 14:00:00-04:00,29566.0,29576.75,29561.5,29569.25,3134,0.0,0.0
2026-08-18 14:05:00-04:00,29569.5,29578.0,29550.5,29555.0,2943,0.0,0.0
2026-08-18 14:10:00-04:00,29555.5,29579.0,29547.25,29575.25,3322,0.0,0.0
2026-08-18 14:15:00-04:00,29574.75,29605.75,29571.25,29605.25,4050,0.0,0.0
2026-08-18 14:20:00-04:00,29605.25,29615.0,29592.5,29600.0,4010,0.0,0.0
2026-08-18 14:25:00-04:00,29600.25,29603.5,29588.0,29603.25,2260,0.0,0.0
2026-08-18 14:30:00-04:00,29603.5,29609.0,29587.5,29599.75,2077,0.0,0.0
2026-08-18 14:35:00-04:00,29599.75,29614.0,29599.75,29605.75,2113,0.0,0.0
2026-08-18 14:40:00-04:00,29605.25,29607.0,29584.25,29586.0,2585,0.0,0.0
2026-08-18 14:45:00-04:00,29586.5,29597.75,29583.5,29585.75,2039,0.0,0.0
2026-08-18 14:50:00-04:00,29585.75,29587.0,29568.5,29571.25,2036,0.0,0.0
2026-08-18 14:55:00-04:00,29571.0,29580.25,29565.25,29571.25,2570,0.0,0.0
2026-08-18 15:00:00-04:00,29571.0,29582.5,29564.5,29570.75,2392,0.0,0.0
2026-08-18 15:05:00-04:00,29571.25,29584.5,29566.0,29581.5,1832,0.0,0.0
2026-08-18 15:10:00-04:00,29580.75,29586.0,29567.5,29572.25,2202,0.0,0.0
2026-08-18 15:15:00-04:00,29572.25,29578.25,29564.75,29574.0,2345,0.0,0.0
2026-08-18 15:20:00-04:00,29574.25,29595.5,29566.25,29595.5,2592,0.0,0.0
2026-08-18 15:25:00-04:00,29595.25,29606.75,29588.75,29600.0,3520,0.0,0.0
2026-08-18 15:30:00-04:00,29600.0,29606.0,29589.25,29592.25,3793,0.0,0.0
2026-08-18 15:35:00-04:00,29591.75,29600.25,29584.25,29594.0,2267,0.0,0.0
2026-08-18 15:40:00-04:00,29593.75,29605.0,29582.75,29600.25,2946,0.0,0.0
2026-08-18 15:45:00-04:00,29600.25,29607.0,29588.0,29597.75,3489,0.0,0.0
2026-08-18 15:50:00-04:00,29597.75,29610.0,29559.25,29569.0,6732,0.0,0.0
2026-08-18 15:55:00-04:00,29569.5,29601.75,29568.0,29586.5,18754,0.0,0.0
2026-08-18 16:00:00-04:00,29586.75,29596.75,29576.25,29588.25,4172,0.0,0.0
2026-08-18 16:05:00-04:00,29588.75,29592.25,29572.25,29575.5,1358,0.0,0.0
2026-08-18 16:10:00-04:00,29575.5,29580.5,29566.0,29573.25,1297,0.0,0.0
2026-08-18 16:15:00-04:00,29573.5,29577.5,29566.5,29570.25,686,0.0,0.0
2026-08-18 16:20:00-04:00,29570.25,29573.5,29561.5,29565.25,491,0.0,0.0
2026-08-18 16:25:00-04:00,29564.75,29583.0,29564.0,29578.25,600,0.0,0.0
2026-08-18 16:30:00-04:00,29578.5,29585.0,29574.5,29584.25,368,0.0,0.0
2026-08-18 16:35:00-04:00,29584.0,29586.0,29581.5,29585.5,285,0.0,0.0
2026-08-18 16:40:00-04:00,29585.25,29585.25,29577.25,29577.25,302,0.0,0.0
2026-08-18 16:45:00-04:00,29577.25,29578.5,29551.5,29551.75,1010,0.0,0.0
2026-08-18 16:50:00-04:00,29552.25,29560.75,29550.25,29557.0,527,0.0,0.0
2026-08-18 16:55:00-04:00,29556.75,29568.5,29554.75,29559.5,583,0.0,0.0
2026-08-18 18:00:00-04:00,29566.5,29582.5,29549.0,29568.25,0,0.0,0.0
2026-08-18 18:05:00-04:00,29568.0,29578.0,29557.25,29576.5,549,0.0,0.0
2026-08-18 18:10:00-04:00,29575.0,29576.5,29568.75,29574.75,253,0.0,0.0
2026-08-18 18:15:00-04:00,29574.75,29583.75,29569.5,29583.0,341,0.0,0.0
2026-08-18 18:20:00-04:00,29582.5,29593.5,29574.5,29577.0,585,0.0,0.0
2026-08-18 18:25:00-04:00,29577.5,29577.75,29544.75,29546.75,1031,0.0,0.0
2026-08-18 18:30:00-04:00,29547.5,29552.75,29538.0,29544.75,967,0.0,0.0
2026-08-18 18:35:00-04:00,29544.0,29546.0,29523.5,29524.25,463,0.0,0.0
2026-08-18 18:40:00-04:00,29525.25,29534.0,29521.0,29531.75,630,0.0,0.0
2026-08-18 18:45:00-04:00,29532.5,29534.0,29520.0,29528.0,320,0.0,0.0
2026-08-18 18:50:00-04:00,29529.0,29536.75,29518.75,29521.0,521,0.0,0.0
2026-08-18 18:55:00-04:00,29523.25,29525.0,29516.75,29519.5,416,0.0,0.0
2026-08-18 19:00:00-04:00,29520.0,29532.25,29514.25,29529.5,560,0.0,0.0
2026-08-18 19:05:00-04:00,29527.0,29547.75,29519.25,29532.0,872,0.0,0.0
2026-08-18 19:10:00-04:00,29532.0,29534.25,29526.25,29533.25,140,0.0,0.0
2026-08-18 19:15:00-04:00,29532.5,29536.0,29521.0,29525.25,399,0.0,0.0
2026-08-18 19:20:00-04:00,29526.25,29567.25,29525.0,29553.0,973,0.0,0.0
2026-08-18 19:25:00-04:00,29552.75,29557.0,29543.5,29546.0,426,0.0,0.0
2026-08-18 19:30:00-04:00,29545.75,29549.75,29536.0,29542.5,298,0.0,0.0
2026-08-18 19:35:00-04:00,29541.5,29544.25,29523.0,29536.75,542,0.0,0.0
2026-08-18 19:40:00-04:00,29536.5,29540.75,29531.0,29536.75,457,0.0,0.0
2026-08-18 19:45:00-04:00,29534.0,29538.5,29524.5,29529.25,444,0.0,0.0
2026-08-18 19:50:00-04:00,29528.5,29552.75,29526.5,29542.25,801,0.0,0.0
2026-08-18 19:55:00-04:00,29542.25,29543.0,29527.5,29528.5,467,0.0,0.0
2026-08-18 20:00:00-04:00,29527.5,29529.25,29442.0,29472.75,4115,0.0,0.0
2026-08-18 20:05:00-04:00,29472.75,29499.0,29463.0,29476.0,1181,0.0,0.0
2026-08-18 20:10:00-04:00,29477.75,29480.25,29450.75,29460.25,1093,0.0,0.0
2026-08-18 20:15:00-04:00,29461.0,29493.25,29450.0,29490.5,1145,0.0,0.0
2026-08-18 20:20:00-04:00,29491.25,29524.5,29484.5,29504.0,1269,0.0,0.0
2026-08-18 20:25:00-04:00,29505.5,29530.75,29499.0,29530.75,942,0.0,0.0
2026-08-18 20:30:00-04:00,29530.75,29556.5,29529.75,29545.25,1463,0.0,0.0
2026-08-18 20:35:00-04:00,29543.75,29572.75,29543.75,29568.0,870,0.0,0.0
2026-08-18 20:40:00-04:00,29569.0,29575.75,29559.5,29569.5,586,0.0,0.0
2026-08-18 20:45:00-04:00,29569.25,29586.0,29565.75,29567.5,1002,0.0,0.0
2026-08-18 20:50:00-04:00,29568.0,29571.25,29552.75,29553.75,951,0.0,0.0
2026-08-18 20:55:00-04:00,29556.25,29565.25,29533.75,29539.25,1196,0.0,0.0
2026-08-18 21:00:00-04:00,29538.25,29574.75,29530.25,29573.0,1477,0.0,0.0
2026-08-18 21:05:00-04:00,29573.0,29598.25,29570.5,29595.0,1794,0.0,0.0
2026-08-18 21:10:00-04:00,29594.5,29596.5,29581.25,29586.5,1026,0.0,0.0
2026-08-18 21:15:00-04:00,29586.0,29602.75,29568.5,29602.75,1245,0.0,0.0
2026-08-18 21:20:00-04:00,29603.0,29609.5,29588.75,29588.75,1236,0.0,0.0
2026-08-18 21:25:00-04:00,29590.0,29608.0,29579.25,29602.0,713,0.0,0.0
2026-08-18 21:30:00-04:00,29600.75,29604.5,29563.25,29565.75,952,0.0,0.0
2026-08-18 21:35:00-04:00,29564.5,29590.5,29564.25,29589.0,777,0.0,0.0
2026-08-18 21:40:00-04:00,29589.0,29591.25,29564.5,29577.75,581,0.0,0.0
2026-08-18 21:45:00-04:00,29575.0,29578.0,29563.0,29573.5,466,0.0,0.0
2026-08-18 21:50:00-04:00,29573.25,29578.0,29567.5,29573.5,357,0.0,0.0
2026-08-18 21:55:00-04:00,29574.0,29584.25,29566.5,29577.75,594,0.0,0.0
2026-08-18 22:00:00-04:00,29579.0,29583.25,29561.25,29561.25,398,0.0,0.0
2026-08-18 22:05:00-04:00,29561.75,29563.75,29543.25,29546.25,731,0.0,0.0
2026-08-18 22:10:00-04:00,29546.5,29547.75,29526.25,29533.25,873,0.0,0.0
2026-08-18 22:15:00-04:00,29533.0,29551.5,29521.0,29526.75,999,0.0,0.0
2026-08-18 22:20:00-04:00,29525.25,29562.5,29525.25,29556.25,861,0.0,0.0
2026-08-18 22:25:00-04:00,29555.75,29563.25,29540.0,29542.0,547,0.0,0.0
2026-08-18 22:30:00-04:00,29541.75,29545.0,29518.25,29521.5,587,0.0,0.0
2026-08-18 22:35:00-04:00,29521.5,29527.0,29516.25,29524.5,468,0.0,0.0
2026-08-18 22:40:00-04:00,29523.5,29528.75,29514.0,29523.0,372,0.0,0.0
2026-08-18 22:45:00-04:00,29523.25,29544.0,29518.25,29539.0,700,0.0,0.0
2026-08-18 22:50:00-04:00,29538.0,29542.0,29518.75,29521.5,407,0.0,0.0
2026-08-18 22:55:00-04:00,29521.5,29535.0,29519.25,29532.0,225,0.0,0.0
2026-08-18 23:00:00-04:00,29532.0,29555.0,29531.5,29548.5,457,0.0,0.0
2026-08-18 23:05:00-04:00,29548.5,29553.75,29520.75,29525.75,580,0.0,0.0
2026-08-18 23:10:00-04:00,29525.25,29535.0,29520.75,29532.25,336,0.0,0.0
2026-08-18 23:15:00-04:00,29532.0,29551.5,29532.0,29538.25,578,0.0,0.0
2026-08-18 23:20:00-04:00,29538.25,29541.0,29519.75,29534.5,538,0.0,0.0
2026-08-18 23:25:00-04:00,29534.0,29535.5,29526.25,29535.25,223,0.0,0.0
2026-08-18 23:30:00-04:00,29533.5,29551.0,29528.5,29548.75,500,0.0,0.0
2026-08-18 23:35:00-04:00,29550.0,29567.0,29535.5,29542.0,904,0.0,0.0
2026-08-18 23:40:00-04:00,29543.25,29543.5,29529.75,29531.75,319,0.0,0.0
2026-08-18 23:45:00-04:00,29530.0,29530.0,29516.25,29528.5,455,0.0,0.0
2026-08-18 23:50:00-04:00,29528.25,29546.0,29527.75,29528.75,423,0.0,0.0
2026-08-18 23:55:00-04:00,29527.25,29533.75,29525.0,29527.75,173,0.0,0.0
2026-08-19 00:05:00-04:00,29517.0,29518.25,29514.0,29516.25,1007,0.0,0.0
2026-08-19 00:10:00-04:00,29515.0,29522.25,29505.0,29516.25,508,0.0,0.0
2026-08-19 00:15:00-04:00,29516.25,29518.75,29507.5,29514.25,309,0.0,0.0
2026-08-19 00:20:00-04:00,29514.5,29543.5,29513.0,29532.5,644,0.0,0.0
2026-08-19 00:25:00-04:00,29532.5,29542.25,29530.0,29533.75,303,0.0,0.0
2026-08-19 00:30:00-04:00,29533.75,29540.5,29500.5,29509.75,616,0.0,0.0
2026-08-19 00:35:00-04:00,29509.25,29521.5,29504.25,29504.5,297,0.0,0.0
2026-08-19 00:40:00-04:00,29503.75,29510.5,29498.0,29498.75,527,0.0,0.0
2026-08-19 00:45:00-04:00,29499.75,29504.0,29472.25,29476.5,623,0.0,0.0
2026-08-19 00:50:00-04:00,29477.0,29477.25,29463.75,29474.75,687,0.0,0.0
2026-08-19 00:55:00-04:00,29474.25,29507.25,29465.75,29506.0,694,0.0,0.0
2026-08-19 01:00:00-04:00,29506.75,29535.0,29499.0,29530.5,998,0.0,0.0
2026-08-19 01:05:00-04:00,29530.0,29534.5,29505.5,29518.25,443,0.0,0.0
2026-08-19 01:10:00-04:00,29518.25,29518.5,29482.75,29487.5,526,0.0,0.0
2026-08-19 01:15:00-04:00,29489.0,29491.75,29466.25,29471.5,528,0.0,0.0
2026-08-19 01:20:00-04:00,29470.75,29490.75,29467.0,29485.75,533,0.0,0.0
2026-08-19 01:25:00-04:00,29484.5,29510.0,29479.25,29509.25,410,0.0,0.0
2026-08-19 01:30:00-04:00,29507.5,29512.25,29483.25,29483.75,304,0.0,0.0
2026-08-19 01:35:00-04:00,29484.75,29493.0,29466.25,29473.0,446,0.0,0.0
2026-08-19 01:40:00-04:00,29473.0,29478.0,29459.0,29472.75,714,0.0,0.0
2026-08-19 01:45:00-04:00,29471.5,29477.0,29460.75,29469.0,339,0.0,0.0
2026-08-19 01:50:00-04:00,29468.75,29469.0,29453.0,29456.25,385,0.0,0.0
2026-08-19 01:55:00-04:00,29456.0,29463.25,29446.0,29457.5,826,0.0,0.0
2026-08-19 02:00:00-04:00,29456.5,29466.0,29444.25,29447.5,656,0.0,0.0
2026-08-19 02:05:00-04:00,29448.25,29452.5,29431.25,29433.75,931,0.0,0.0
2026-08-19 02:10:00-04:00,29433.0,29447.75,29430.5,29436.0,612,0.0,0.0
2026-08-19 02:15:00-04:00,29435.5,29487.0,29435.0,29477.0,897,0.0,0.0
2026-08-19 02:20:00-04:00,29477.75,29499.25,29477.25,29498.5,658,0.0,0.0
2026-08-19 02:25:00-04:00,29500.0,29504.75,29472.0,29482.0,603,0.0,0.0
2026-08-19 02:30:00-04:00,29481.5,29494.5,29472.5,29481.75,285,0.0,0.0
2026-08-19 02:35:00-04:00,29482.25,29489.75,29475.75,29477.25,252,0.0,0.0
2026-08-19 02:40:00-04:00,29475.75,29492.0,29460.0,29490.25,693,0.0,0.0
2026-08-19 02:45:00-04:00,29491.75,29532.25,29491.25,29521.0,1362,0.0,0.0
2026-08-19 02:50:00-04:00,29521.0,29544.75,29518.5,29541.5,962,0.0,0.0
2026-08-19 02:55:00-04:00,29542.75,29561.5,29538.75,29559.75,987,0.0,0.0
2026-08-19 03:00:00-04:00,29558.75,29559.25,29526.0,29531.5,1249,0.0,0.0
2026-08-19 03:05:00-04:00,29532.0,29551.25,29520.25,29547.75,739,0.0,0.0
2026-08-19 03:10:00-04:00,29547.75,29563.5,29541.5,29559.0,776,0.0,0.0
2026-08-19 03:15:00-04:00,29559.0,29561.25,29533.5,29546.0,474,0.0,0.0
2026-08-19 03:20:00-04:00,29547.25,29575.0,29546.0,29573.75,625,0.0,0.0
2026-08-19 03:25:00-04:00,29574.5,29578.25,29564.75,29578.25,555,0.0,0.0
2026-08-19 03:30:00-04:00,29578.5,29589.25,29567.25,29578.25,876,0.0,0.0
2026-08-19 03:35:00-04:00,29578.0,29587.25,29565.5,29567.5,463,0.0,0.0
2026-08-19 03:40:00-04:00,29567.75,29574.0,29547.25,29571.0,781,0.0,0.0
2026-08-19 03:45:00-04:00,29571.5,29589.0,29569.5,29581.75,733,0.0,0.0
2026-08-19 03:50:00-04:00,29581.5,29585.5,29570.0,29578.75,470,0.0,0.0
2026-08-19 03:55:00-04:00,29575.5,29606.5,29575.0,29601.25,1148,0.0,0.0
2026-08-19 04:00:00-04:00,29600.25,29634.5,29593.0,29632.75,1612,0.0,0.0
2026-08-19 04:05:00-04:00,29632.5,29637.0,29619.5,29629.0,1446,0.0,0.0
2026-08-19 04:10:00-04:00,29629.0,29640.75,29620.75,29624.75,886,0.0,0.0
2026-08-19 04:15:00-04:00,29625.0,29633.75,29607.5,29628.75,892,0.0,0.0
2026-08-19 04:20:00-04:00,29628.75,29639.0,29611.25,29626.0,1409,0.0,0.0
2026-08-19 04:25:00-04:00,29626.5,29629.5,29610.25,29622.5,624,0.0,0.0
2026-08-19 04:30:00-04:00,29620.5,29623.0,29600.25,29608.5,679,0.0,0.0
2026-08-19 04:35:00-04:00,29608.0,29619.75,29607.75,29617.25,349,0.0,0.0
2026-08-19 04:40:00-04:00,29617.75,29632.0,29613.5,29626.25,597,0.0,0.0
2026-08-19 04:45:00-04:00,29626.5,29633.25,29624.75,29625.75,384,0.0,0.0
2026-08-19 04:50:00-04:00,29625.25,29630.0,29610.75,29617.25,530,0.0,0.0
2026-08-19 04:55:00-04:00,29617.75,29618.5,29607.0,29609.5,468,0.0,0.0
2026-08-19 05:00:00-04:00,29606.25,29626.0,29605.0,29625.5,457,0.0,0.0
2026-08-19 05:05:00-04:00,29625.0,29630.0,29599.0,29599.0,693,0.0,0.0
2026-08-19 05:10:00-04:00,29600.0,29605.25,29592.75,29593.5,554,0.0,0.0
2026-08-19 05:15:00-04:00,29594.5,29598.25,29584.75,29592.5,685,0.0,0.0
2026-08-19 05:20:00-04:00,29593.0,29595.0,29584.0,29584.5,423,0.0,0.0
2026-08-19 05:25:00-04:00,29584.0,29586.75,29566.25,29571.0,649,0.0,0.0
2026-08-19 05:30:00-04:00,29571.0,29587.0,29565.0,29578.0,438,0.0,0.0
2026-08-19 05:35:00-04:00,29581.75,29583.75,29570.0,29573.25,309,0.0,0.0
2026-08-19 05:40:00-04:00,29572.25,29574.5,29549.5,29552.0,592,0.0,0.0
2026-08-19 05:45:00-04:00,29552.0,29563.0,29548.25,29559.5,346,0.0,0.0
2026-08-19 05:50:00-04:00,29559.75,29560.0,29544.75,29553.0,434,0.0,0.0
2026-08-19 05:55:00-04:00,29553.25,29556.75,29536.5,29553.75,476,0.0,0.0
2026-08-19 06:00:00-04:00,29553.25,29557.75,29522.25,29522.25,859,0.0,0.0
2026-08-19 06:05:00-04:00,29523.0,29530.5,29514.0,29521.25,686,0.0,0.0
2026-08-19 06:10:00-04:00,29520.25,29543.5,29510.75,29540.75,611,0.0,0.0
2026-08-19 06:15:00-04:00,29539.5,29540.0,29523.0,29531.0,422,0.0,0.0
2026-08-19 06:20:00-04:00,29529.5,29534.75,29517.25,29522.5,372,0.0,0.0
2026-08-19 06:25:00-04:00,29522.0,29541.25,29512.25,29536.25,558,0.0,0.0
2026-08-19 06:30:00-04:00,29536.0,29542.5,29528.5,29537.75,382,0.0,0.0
2026-08-19 06:35:00-04:00,29538.25,29557.75,29534.25,29554.25,836,0.0,0.0
2026-08-19 06:40:00-04:00,29554.25,29557.0,29546.5,29555.0,300,0.0,0.0
2026-08-19 06:45:00-04:00,29555.25,29558.75,29539.5,29540.5,248,0.0,0.0
2026-08-19 06:50:00-04:00,29539.25,29543.25,29530.0,29531.5,315,0.0,0.0
2026-08-19 06:55:00-04:00,29531.5,29532.5,29517.75,29521.0,494,0.0,0.0
2026-08-19 07:00:00-04:00,29522.5,29563.25,29509.5,29561.25,1171,0.0,0.0
2026-08-19 07:05:00-04:00,29560.25,29578.0,29545.0,29545.5,799,0.0,0.0
2026-08-19 07:10:00-04:00,29545.0,29555.0,29541.25,29545.75,566,0.0,0.0
2026-08-19 07:15:00-04:00,29549.0,29551.75,29535.0,29547.5,401,0.0,0.0
2026-08-19 07:20:00-04:00,29547.75,29559.5,29531.25,29553.5,567,0.0,0.0
2026-08-19 07:25:00-04:00,29553.25,29560.25,29533.5,29538.5,467,0.0,0.0
2026-08-19 07:30:00-04:00,29536.25,29540.25,29513.0,29519.75,534,0.0,0.0
2026-08-19 07:35:00-04:00,29518.0,29530.0,29516.25,29524.25,380,0.0,0.0
2026-08-19 07:40:00-04:00,29525.25,29527.5,29508.0,29515.0,527,0.0,0.0
2026-08-19 07:45:00-04:00,29513.75,29527.0,29506.75,29516.0,470,0.0,0.0
2026-08-19 07:50:00-04:00,29516.0,29525.25,29510.25,29518.75,455,0.0,0.0
2026-08-19 07:55:00-04:00,29521.75,29537.5,29517.5,29536.0,470,0.0,0.0
2026-08-19 08:00:00-04:00,29535.0,29551.0,29511.5,29525.25,917,0.0,0.0
2026-08-19 08:05:00-04:00,29524.5,29558.5,29522.0,29546.5,803,0.0,0.0
2026-08-19 08:10:00-04:00,29545.75,29555.75,29533.5,29553.0,1099,0.0,0.0
2026-08-19 08:15:00-04:00,29553.0,29573.75,29549.75,29570.25,951,0.0,0.0
2026-08-19 08:20:00-04:00,29570.0,29572.0,29557.75,29565.5,943,0.0,0.0
2026-08-19 08:25:00-04:00,29566.0,29583.0,29551.5,29573.25,1749,0.0,0.0
2026-08-19 08:30:00-04:00,29574.0,29623.0,29549.25,29617.25,2932,0.0,0.0
2026-08-19 08:35:00-04:00,29616.75,29668.25,29578.0,29661.25,5597,0.0,0.0
2026-08-19 08:40:00-04:00,29661.5,29685.0,29654.75,29683.25,4022,0.0,0.0
2026-08-19 08:45:00-04:00,29683.5,29721.75,29683.5,29721.0,4768,0.0,0.0
2026-08-19 08:50:00-04:00,29721.5,29757.25,29721.5,29743.5,4692,0.0,0.0
2026-08-19 08:55:00-04:00,29743.5,29747.25,29724.25,29742.75,3408,0.0,0.0
2026-08-19 09:00:00-04:00,29743.0,29743.0,29679.75,29683.75,3993,0.0,0.0
2026-08-19 09:05:00-04:00,29683.5,29717.5,29682.25,29707.75,2779,0.0,0.0
2026-08-19 09:10:00-04:00,29707.75,29735.5,29706.75,29723.75,1841,0.0,0.0
2026-08-19 09:15:00-04:00,29723.25,29726.75,29707.75,29719.5,1879,0.0,0.0
2026-08-19 09:20:00-04:00,29719.75,29747.75,29714.75,29742.5,1920,0.0,0.0
2026-08-19 09:25:00-04:00,29742.5,29748.25,29695.75,29697.0,3769,0.0,0.0
2026-08-19 09:30:00-04:00,29696.0,29742.75,29648.5,29673.0,20184,0.0,0.0
2026-08-19 09:35:00-04:00,29673.5,29688.25,29587.75,29589.75,14590,0.0,0.0
2026-08-19 09:40:00-04:00,29589.5,29628.75,29560.5,29610.75,15439,0.0,0.0
2026-08-19 09:45:00-04:00,29609.75,29635.5,29458.25,29470.5,17081,0.0,0.0
2026-08-19 09:50:00-04:00,29470.0,29493.0,29406.5,29471.25,18544,0.0,0.0
2026-08-19 09:55:00-04:00,29471.0,29525.5,29460.5,29496.5,11619,0.0,0.0
2026-08-19 10:00:00-04:00,29496.25,29514.25,29456.0,29472.25,10937,0.0,0.0
2026-08-19 10:05:00-04:00,29472.25,29504.25,29433.5,29452.25,9182,0.0,0.0
2026-08-19 10:10:00-04:00,29451.75,29462.0,29377.25,29382.5,11621,0.0,0.0
2026-08-19 10:15:00-04:00,29382.25,29469.0,29375.75,29418.5,12908,0.0,0.0
2026-08-19 10:20:00-04:00,29419.25,29456.75,29385.25,29415.5,9558,0.0,0.0
2026-08-19 10:25:00-04:00,29413.5,29485.0,29395.0,29482.5,8193,0.0,0.0
2026-08-19 10:30:00-04:00,29482.5,29517.0,29468.25,29494.25,7787,0.0,0.0
2026-08-19 10:35:00-04:00,29495.0,29567.0,29483.75,29565.75,7819,0.0,0.0
2026-08-19 10:40:00-04:00,29565.75,29575.0,29535.0,29564.0,7039,0.0,0.0
2026-08-19 10:45:00-04:00,29564.5,29566.75,29527.0,29531.25,5357,0.0,0.0
2026-08-19 10:50:00-04:00,29531.5,29596.75,29527.0,29595.75,6552,0.0,0.0
2026-08-19 10:55:00-04:00,29596.0,29624.5,29582.25,29623.25,6150,0.0,0.0
2026-08-19 11:00:00-04:00,29623.0,29629.75,29593.0,29596.25,6186,0.0,0.0
2026-08-19 11:05:00-04:00,29596.5,29609.5,29581.0,29586.5,4491,0.0,0.0
2026-08-19 11:10:00-04:00,29586.75,29624.0,29584.75,29617.25,3498,0.0,0.0
2026-08-19 11:15:00-04:00,29616.25,29629.0,29595.0,29624.0,4144,0.0,0.0
2026-08-19 11:20:00-04:00,29623.0,29631.25,29602.0,29602.5,3477,0.0,0.0
2026-08-19 11:25:00-04:00,29602.5,29620.0,29588.0,29613.5,4077,0.0,0.0
2026-08-19 11:30:00-04:00,29613.25,29616.5,29587.0,29592.25,2943,0.0,0.0
2026-08-19 11:35:00-04:00,29591.75,29598.0,29570.5,29572.75,3694,0.0,0.0
2026-08-19 11:40:00-04:00,29572.5,29597.75,29550.25,29596.75,4822,0.0,0.0
2026-08-19 11:45:00-04:00,29596.25,29616.25,29586.25,29586.75,3604,0.0,0.0
2026-08-19 11:50:00-04:00,29587.0,29596.0,29569.75,29574.5,3482,0.0,0.0
2026-08-19 11:55:00-04:00,29574.5,29608.25,29571.25,29606.25,3044,0.0,0.0
2026-08-19 12:00:00-04:00,29607.25,29639.5,29587.5,29638.25,4719,0.0,0.0
2026-08-19 12:05:00-04:00,29638.5,29653.75,29629.25,29650.75,3206,0.0,0.0
2026-08-19 12:10:00-04:00,29651.25,29653.25,29636.5,29637.0,2154,0.0,0.0
2026-08-19 12:15:00-04:00,29637.25,29667.25,29628.25,29659.5,3378,0.0,0.0
2026-08-19 12:20:00-04:00,29659.75,29665.25,29633.75,29638.25,2560,0.0,0.0
2026-08-19 12:25:00-04:00,29638.25,29639.25,29602.25,29609.0,3365,0.0,0.0
2026-08-19 12:30:00-04:00,29609.0,29617.25,29596.0,29611.25,2731,0.0,0.0
2026-08-19 12:35:00-04:00,29611.75,29621.5,29594.0,29609.75,2230,0.0,0.0
2026-08-19 12:40:00-04:00,29609.25,29620.75,29602.5,29610.25,1799,0.0,0.0
2026-08-19 12:45:00-04:00,29610.25,29611.25,29587.25,29589.25,2237,0.0,0.0
2026-08-19 12:50:00-04:00,29588.5,29588.5,29564.0,29571.5,2928,0.0,0.0
2026-08-19 12:55:00-04:00,29571.75,29572.0,29553.0,29559.5,2350,0.0,0.0
2026-08-19 13:00:00-04:00,29560.0,29569.25,29545.0,29556.0,3045,0.0,0.0
2026-08-19 13:05:00-04:00,29557.0,29573.25,29539.5,29541.25,2950,0.0,0.0
2026-08-19 13:10:00-04:00,29542.0,29562.75,29542.0,29548.0,2317,0.0,0.0
2026-08-19 13:15:00-04:00,29547.75,29556.5,29526.25,29526.25,2623,0.0,0.0
2026-08-19 13:20:00-04:00,29527.0,29528.5,29510.5,29518.5,3477,0.0,0.0
2026-08-19 13:25:00-04:00,29518.25,29543.5,29512.75,29539.5,2475,0.0,0.0
2026-08-19 13:30:00-04:00,29540.0,29543.25,29519.25,29519.25,2218,0.0,0.0
2026-08-19 13:35:00-04:00,29519.0,29538.0,29513.75,29523.0,1910,0.0,0.0
2026-08-19 13:40:00-04:00,29522.5,29544.25,29522.25,29537.0,1966,0.0,0.0
2026-08-19 13:45:00-04:00,29536.25,29550.25,29534.25,29541.0,1889,0.0,0.0
2026-08-19 13:50:00-04:00,29541.5,29561.0,29538.0,29551.5,1909,0.0,0.0
2026-08-19 13:55:00-04:00,29551.5,29553.75,29537.75,29544.25,1390,0.0,0.0
2026-08-19 14:00:00-04:00,29544.0,29592.5,29535.75,29562.75,4542,0.0,0.0
2026-08-19 14:05:00-04:00,29563.0,29571.75,29498.5,29501.75,5266,0.0,0.0
2026-08-19 14:10:00-04:00,29501.5,29541.25,29500.0,29520.0,3460,0.0,0.0
2026-08-19 14:15:00-04:00,29519.75,29523.5,29492.0,29511.25,3134,0.0,0.0
2026-08-19 14:20:00-04:00,29511.5,29524.0,29506.5,29512.75,1996,0.0,0.0
2026-08-19 14:25:00-04:00,29511.5,29540.5,29509.5,29538.75,2491,0.0,0.0
2026-08-19 14:30:00-04:00,29538.5,29578.75,29537.75,29567.0,4336,0.0,0.0
2026-08-19 14:35:00-04:00,29567.25,29567.75,29536.25,29542.5,2244,0.0,0.0
2026-08-19 14:40:00-04:00,29542.75,29563.75,29542.25,29560.0,1955,0.0,0.0
2026-08-19 14:45:00-04:00,29560.5,29561.25,29541.25,29555.0,1702,0.0,0.0
2026-08-19 14:50:00-04:00,29555.5,29557.75,29536.0,29548.0,1815,0.0,0.0
2026-08-19 14:55:00-04:00,29547.75,29549.0,29527.5,29535.0,2128,0.0,0.0
2026-08-19 15:00:00-04:00,29535.25,29553.0,29529.5,29540.0,2425,0.0,0.0
2026-08-19 15:05:00-04:00,29541.5,29558.5,29532.5,29556.75,1650,0.0,0.0
2026-08-19 15:10:00-04:00,29556.25,29559.5,29544.75,29547.25,1684,0.0,0.0
2026-08-19 15:15:00-04:00,29547.5,29566.75,29543.75,29566.0,2037,0.0,0.0
2026-08-19 15:20:00-04:00,29565.5,29574.0,29550.25,29564.0,2373,0.0,0.0
2026-08-19 15:25:00-04:00,29564.0,29579.75,29553.25,29555.75,2243,0.0,0.0
2026-08-19 15:30:00-04:00,29556.75,29590.0,29551.5,29582.0,3006,0.0,0.0
2026-08-19 15:35:00-04:00,29582.0,29582.0,29536.25,29537.75,3460,0.0,0.0
2026-08-19 15:40:00-04:00,29537.75,29547.0,29527.25,29530.75,2427,0.0,0.0
2026-08-19 15:45:00-04:00,29530.5,29532.75,29501.25,29511.0,4303,0.0,0.0
2026-08-19 15:50:00-04:00,29511.75,29521.75,29485.25,29511.25,7246,0.0,0.0
2026-08-19 15:55:00-04:00,29511.25,29525.75,29488.5,29521.5,13780,0.0,0.0
2026-08-19 16:00:00-04:00,29522.0,29542.75,29520.0,29533.75,4573,0.0,0.0
2026-08-19 16:05:00-04:00,29534.25,29536.5,29517.75,29533.5,1592,0.0,0.0
2026-08-19 16:10:00-04:00,29532.75,29534.25,29518.25,29518.25,1053,0.0,0.0
2026-08-19 16:15:00-04:00,29518.75,29522.25,29514.25,29519.0,600,0.0,0.0
2026-08-19 16:20:00-04:00,29520.0,29520.5,29516.75,29518.75,290,0.0,0.0
2026-08-19 16:25:00-04:00,29519.75,29529.0,29519.0,29525.25,480,0.0,0.0
2026-08-19 16:30:00-04:00,29524.75,29532.0,29522.5,29527.75,296,0.0,0.0
2026-08-19 16:35:00-04:00,29528.0,29530.5,29523.0,29523.25,304,0.0,0.0
2026-08-19 16:40:00-04:00,29523.0,29531.5,29520.0,29529.25,443,0.0,0.0
2026-08-19 16:45:00-04:00,29529.0,29541.25,29527.25,29541.0,499,0.0,0.0
2026-08-19 16:50:00-04:00,29541.25,29557.25,29539.5,29553.75,645,0.0,0.0
2026-08-19 16:55:00-04:00,29554.0,29562.5,29552.75,29561.0,522,0.0,0.0
2026-08-19 18:00:00-04:00,29561.5,29615.0,29556.5,29605.5,0,0.0,0.0
2026-08-19 18:05:00-04:00,29604.25,29612.0,29590.75,29610.5,690,0.0,0.0
2026-08-19 18:10:00-04:00,29608.75,29639.0,29590.75,29627.25,970,0.0,0.0
2026-08-19 18:15:00-04:00,29627.25,29628.5,29613.25,29613.25,278,0.0,0.0
2026-08-19 18:20:00-04:00,29614.5,29632.25,29606.5,29632.25,525,0.0,0.0
2026-08-19 18:25:00-04:00,29631.0,29632.25,29616.0,29621.5,506,0.0,0.0
2026-08-19 18:30:00-04:00,29622.0,29622.0,29613.0,29617.75,249,0.0,0.0
2026-08-19 18:35:00-04:00,29617.25,29638.0,29615.25,29635.0,324,0.0,0.0
2026-08-19 18:40:00-04:00,29635.0,29638.0,29629.5,29630.0,296,0.0,0.0
2026-08-19 18:45:00-04:00,29631.25,29636.25,29628.5,29632.25,208,0.0,0.0
2026-08-19 18:50:00-04:00,29632.25,29639.5,29632.0,29636.75,495,0.0,0.0
2026-08-19 18:55:00-04:00,29636.25,29654.25,29630.75,29649.5,1474,0.0,0.0
2026-08-19 19:00:00-04:00,29650.75,29689.75,29632.75,29647.25,1970,0.0,0.0
2026-08-19 19:05:00-04:00,29646.25,29666.0,29645.0,29662.5,286,0.0,0.0
2026-08-19 19:10:00-04:00,29663.0,29664.0,29649.5,29651.75,274,0.0,0.0
2026-08-19 19:15:00-04:00,29651.0,29660.0,29650.75,29655.0,166,0.0,0.0
2026-08-19 19:20:00-04:00,29654.75,29655.5,29641.75,29648.0,317,0.0,0.0
2026-08-19 19:25:00-04:00,29648.75,29652.0,29647.0,29651.25,147,0.0,0.0
2026-08-19 19:30:00-04:00,29652.0,29659.0,29644.25,29648.5,354,0.0,0.0
2026-08-19 19:35:00-04:00,29650.25,29656.25,29645.75,29650.0,119,0.0,0.0
2026-08-19 19:40:00-04:00,29650.5,29666.75,29649.75,29659.75,216,0.0,0.0
2026-08-19 19:45:00-04:00,29658.75,29660.25,29649.5,29651.25,305,0.0,0.0
2026-08-19 19:50:00-04:00,29652.5,29662.25,29639.75,29646.0,441,0.0,0.0
2026-08-19 19:55:00-04:00,29644.5,29646.75,29626.0,29628.5,864,0.0,0.0
2026-08-19 20:00:00-04:00,29629.0,29629.0,29595.0,29618.0,1410,0.0,0.0
2026-08-19 20:05:00-04:00,29618.0,29625.25,29581.5,29598.5,1056,0.0,0.0
2026-08-19 20:10:00-04:00,29597.25,29631.75,29590.5,29629.5,736,0.0,0.0
2026-08-19 20:15:00-04:00,29630.0,29660.25,29628.5,29653.75,1043,0.0,0.0
2026-08-19 20:20:00-04:00,29654.5,29665.5,29628.0,29648.25,932,0.0,0.0
2026-08-19 20:25:00-04:00,29647.25,29647.25,29625.0,29630.5,506,0.0,0.0
2026-08-19 20:30:00-04:00,29630.75,29642.0,29617.0,29641.25,595,0.0,0.0
2026-08-19 20:35:00-04:00,29642.0,29660.5,29627.25,29660.5,503,0.0,0.0
2026-08-19 20:40:00-04:00,29659.0,29666.0,29652.0,29654.25,562,0.0,0.0
2026-08-19 20:45:00-04:00,29655.0,29668.0,29642.25,29644.5,480,0.0,0.0
2026-08-19 20:50:00-04:00,29646.5,29670.0,29646.0,29668.75,418,0.0,0.0
2026-08-19 20:55:00-04:00,29670.0,29675.75,29664.5,29669.75,496,0.0,0.0
2026-08-19 21:00:00-04:00,29670.5,29684.25,29665.5,29672.25,720,0.0,0.0
2026-08-19 21:05:00-04:00,29675.0,29682.5,29655.0,29658.0,480,0.0,0.0
2026-08-19 21:10:00-04:00,29657.0,29660.0,29640.5,29644.25,677,0.0,0.0
2026-08-19 21:15:00-04:00,29645.25,29667.0,29633.25,29661.25,860,0.0,0.0
2026-08-19 21:20:00-04:00,29661.0,29664.5,29630.5,29633.25,569,0.0,0.0
2026-08-19 21:25:00-04:00,29634.0,29646.25,29624.75,29634.5,523,0.0,0.0
2026-08-19 21:30:00-04:00,29633.75,29647.0,29623.75,29643.0,500,0.0,0.0
2026-08-19 21:35:00-04:00,29643.25,29655.75,29638.5,29655.0,475,0.0,0.0
2026-08-19 21:40:00-04:00,29652.75,29671.5,29651.5,29668.75,516,0.0,0.0
2026-08-19 21:45:00-04:00,29668.75,29674.0,29656.0,29665.5,430,0.0,0.0
2026-08-19 21:50:00-04:00,29666.0,29674.75,29645.5,29662.75,590,0.0,0.0
2026-08-19 21:55:00-04:00,29662.5,29663.25,29630.0,29642.25,621,0.0,0.0
2026-08-19 22:00:00-04:00,29641.75,29683.0,29640.0,29673.5,767,0.0,0.0
2026-08-19 22:05:00-04:00,29673.75,29683.25,29670.5,29670.5,237,0.0,0.0
2026-08-19 22:10:00-04:00,29670.75,29674.75,29654.25,29669.25,407,0.0,0.0
2026-08-19 22:15:00-04:00,29668.25,29670.0,29644.0,29648.5,381,0.0,0.0
2026-08-19 22:20:00-04:00,29647.25,29647.25,29612.75,29626.75,1233,0.0,0.0
2026-08-19 22:25:00-04:00,29628.0,29636.5,29620.0,29633.25,428,0.0,0.0
2026-08-19 22:30:00-04:00,29631.25,29658.75,29610.0,29658.75,836,0.0,0.0
2026-08-19 22:35:00-04:00,29658.75,29662.25,29636.5,29648.25,345,0.0,0.0
2026-08-19 22:40:00-04:00,29649.0,29652.25,29639.5,29646.25,206,0.0,0.0
2026-08-19 22:45:00-04:00,29645.5,29648.0,29621.0,29621.5,284,0.0,0.0
2026-08-19 22:50:00-04:00,29623.5,29626.75,29611.25,29618.75,457,0.0,0.0
2026-08-19 22:55:00-04:00,29617.25,29632.5,29614.25,29630.25,358,0.0,0.0
2026-08-19 23:00:00-04:00,29632.0,29640.5,29620.75,29636.25,261,0.0,0.0
2026-08-19 23:05:00-04:00,29637.5,29655.75,29631.75,29634.0,474,0.0,0.0
2026-08-19 23:10:00-04:00,29634.5,29634.5,29606.0,29623.0,645,0.0,0.0
2026-08-19 23:15:00-04:00,29624.25,29643.75,29621.25,29640.5,247,0.0,0.0
2026-08-19 23:20:00-04:00,29640.5,29657.25,29640.25,29644.0,287,0.0,0.0
2026-08-19 23:25:00-04:00,29643.25,29644.75,29625.25,29626.0,300,0.0,0.0
2026-08-19 23:30:00-04:00,29625.0,29628.75,29601.25,29603.0,905,0.0,0.0
2026-08-19 23:35:00-04:00,29602.75,29611.25,29593.5,29611.25,462,0.0,0.0
2026-08-19 23:40:00-04:00,29610.25,29627.0,29605.75,29618.75,399,0.0,0.0
2026-08-19 23:45:00-04:00,29618.75,29628.0,29615.0,29626.25,222,0.0,0.0
2026-08-19 23:50:00-04:00,29626.25,29631.25,29617.25,29619.25,275,0.0,0.0
2026-08-19 23:55:00-04:00,29621.0,29631.25,29609.25,29613.0,358,0.0,0.0
2026-08-20 00:05:00-04:00,29646.25,29652.5,29645.0,29652.0,750,0.0,0.0
2026-08-20 00:10:00-04:00,29652.25,29656.0,29648.25,29655.25,205,0.0,0.0
2026-08-20 00:15:00-04:00,29655.25,29656.0,29648.25,29653.75,152,0.0,0.0
2026-08-20 00:20:00-04:00,29652.5,29652.5,29637.0,29638.75,288,0.0,0.0
2026-08-20 00:25:00-04:00,29639.25,29646.0,29636.0,29639.25,149,0.0,0.0
2026-08-20 00:30:00-04:00,29640.25,29640.25,29610.0,29612.75,459,0.0,0.0
2026-08-20 00:35:00-04:00,29612.25,29621.75,29608.5,29619.75,361,0.0,0.0
2026-08-20 00:40:00-04:00,29619.75,29629.5,29618.5,29628.5,219,0.0,0.0
2026-08-20 00:45:00-04:00,29627.75,29631.75,29624.75,29628.75,130,0.0,0.0
2026-08-20 00:50:00-04:00,29629.5,29642.0,29621.25,29621.5,217,0.0,0.0
2026-08-20 00:55:00-04:00,29622.0,29622.25,29612.25,29615.0,257,0.0,0.0
2026-08-20 01:00:00-04:00,29617.0,29623.75,29610.0,29619.0,265,0.0,0.0
2026-08-20 01:05:00-04:00,29619.0,29619.0,29606.25,29608.25,190,0.0,0.0
2026-08-20 01:10:00-04:00,29608.5,29608.5,29587.75,29597.0,452,0.0,0.0
2026-08-20 01:15:00-04:00,29597.75,29629.5,29594.5,29626.25,610,0.0,0.0
2026-08-20 01:20:00-04:00,29626.75,29633.5,29608.75,29632.75,425,0.0,0.0
2026-08-20 01:25:00-04:00,29631.5,29641.0,29615.25,29616.0,330,0.0,0.0
2026-08-20 01:30:00-04:00,29617.25,29634.25,29608.0,29613.25,287,0.0,0.0
2026-08-20 01:35:00-04:00,29612.0,29615.0,29604.75,29613.0,422,0.0,0.0
2026-08-20 01:40:00-04:00,29612.75,29627.25,29606.75,29615.5,227,0.0,0.0
2026-08-20 01:45:00-04:00,29613.75,29618.0,29602.25,29613.0,330,0.0,0.0
2026-08-20 01:50:00-04:00,29612.5,29615.5,29599.75,29601.75,210,0.0,0.0
2026-08-20 01:55:00-04:00,29601.0,29610.25,29600.25,29605.5,171,0.0,0.0
2026-08-20 02:00:00-04:00,29607.0,29632.75,29602.25,29631.0,528,0.0,0.0
2026-08-20 02:05:00-04:00,29632.0,29657.5,29630.5,29657.25,632,0.0,0.0
2026-08-20 02:10:00-04:00,29657.0,29666.25,29651.0,29660.0,543,0.0,0.0
2026-08-20 02:15:00-04:00,29659.25,29661.75,29639.0,29652.75,566,0.0,0.0
2026-08-20 02:20:00-04:00,29652.5,29656.0,29645.0,29655.5,285,0.0,0.0
2026-08-20 02:25:00-04:00,29655.0,29655.75,29640.5,29654.5,303,0.0,0.0
2026-08-20 02:30:00-04:00,29653.5,29677.0,29647.0,29676.25,469,0.0,0.0
2026-08-20 02:35:00-04:00,29675.5,29677.25,29657.0,29658.5,382,0.0,0.0
2026-08-20 02:40:00-04:00,29658.0,29677.25,29656.5,29671.25,369,0.0,0.0
2026-08-20 02:45:00-04:00,29673.0,29685.0,29670.0,29673.0,548,0.0,0.0
2026-08-20 02:50:00-04:00,29673.75,29686.5,29666.25,29675.5,486,0.0,0.0
2026-08-20 02:55:00-04:00,29674.0,29679.0,29666.5,29672.5,248,0.0,0.0
2026-08-20 03:00:00-04:00,29672.75,29672.75,29632.5,29652.25,1129,0.0,0.0
2026-08-20 03:05:00-04:00,29653.0,29668.25,29644.75,29666.25,541,0.0,0.0
2026-08-20 03:10:00-04:00,29666.75,29670.5,29637.25,29637.25,436,0.0,0.0
2026-08-20 03:15:00-04:00,29638.0,29643.25,29633.75,29638.5,319,0.0,0.0
2026-08-20 03:20:00-04:00,29639.0,29648.0,29613.75,29618.5,788,0.0,0.0
2026-08-20 03:25:00-04:00,29618.25,29626.5,29604.75,29615.75,509,0.0,0.0
2026-08-20 03:30:00-04:00,29615.5,29629.75,29595.0,29624.75,801,0.0,0.0
2026-08-20 03:35:00-04:00,29626.75,29635.0,29613.5,29620.25,470,0.0,0.0
2026-08-20 03:40:00-04:00,29622.0,29625.25,29604.0,29606.25,410,0.0,0.0
2026-08-20 03:45:00-04:00,29606.25,29637.0,29603.5,29633.25,453,0.0,0.0
2026-08-20 03:50:00-04:00,29632.5,29632.5,29605.0,29609.25,326,0.0,0.0
2026-08-20 03:55:00-04:00,29610.25,29613.75,29592.75,29594.5,358,0.0,0.0
2026-08-20 04:00:00-04:00,29595.75,29605.5,29556.5,29559.75,1617,0.0,0.0
2026-08-20 04:05:00-04:00,29559.5,29577.5,29549.75,29560.0,1051,0.0,0.0
2026-08-20 04:10:00-04:00,29558.75,29558.75,29520.0,29537.25,1407,0.0,0.0
2026-08-20 04:15:00-04:00,29538.0,29548.5,29515.5,29535.0,880,0.0,0.0
2026-08-20 04:20:00-04:00,29535.25,29542.0,29504.5,29507.75,710,0.0,0.0
2026-08-20 04:25:00-04:00,29509.75,29515.75,29496.0,29501.25,964,0.0,0.0
2026-08-20 04:30:00-04:00,29502.0,29502.25,29467.0,29467.0,1253,0.0,0.0
2026-08-20 04:35:00-04:00,29467.25,29517.0,29464.0,29517.0,1259,0.0,0.0
2026-08-20 04:40:00-04:00,29517.25,29529.5,29499.25,29500.5,796,0.0,0.0
2026-08-20 04:45:00-04:00,29499.0,29504.75,29452.75,29474.0,1503,0.0,0.0
2026-08-20 04:50:00-04:00,29473.5,29493.75,29472.75,29485.75,383,0.0,0.0
2026-08-20 04:55:00-04:00,29485.5,29485.5,29464.0,29475.75,713,0.0,0.0
2026-08-20 05:00:00-04:00,29477.25,29515.5,29468.0,29513.0,727,0.0,0.0
2026-08-20 05:05:00-04:00,29512.5,29542.5,29497.25,29539.25,1048,0.0,0.0
2026-08-20 05:10:00-04:00,29539.25,29543.75,29510.75,29518.75,521,0.0,0.0
2026-08-20 05:15:00-04:00,29523.0,29535.0,29512.5,29524.25,398,0.0,0.0
2026-08-20 05:20:00-04:00,29523.0,29536.0,29518.5,29532.75,193,0.0,0.0
2026-08-20 05:25:00-04:00,29533.0,29542.25,29528.0,29530.75,272,0.0,0.0
2026-08-20 05:30:00-04:00,29527.0,29530.75,29512.25,29514.0,331,0.0,0.0
2026-08-20 05:35:00-04:00,29514.0,29524.0,29507.5,29522.5,277,0.0,0.0
2026-08-20 05:40:00-04:00,29521.75,29536.5,29510.5,29536.0,328,0.0,0.0
2026-08-20 05:45:00-04:00,29535.25,29546.75,29530.75,29533.75,235,0.0,0.0
2026-08-20 05:50:00-04:00,29532.25,29537.75,29512.75,29530.5,272,0.0,0.0
2026-08-20 05:55:00-04:00,29531.75,29535.75,29527.75,29528.25,164,0.0,0.0
2026-08-20 06:00:00-04:00,29527.25,29540.0,29511.75,29532.75,410,0.0,0.0
2026-08-20 06:05:00-04:00,29535.0,29547.75,29527.5,29547.75,281,0.0,0.0
2026-08-20 06:10:00-04:00,29548.0,29564.0,29542.25,29556.5,548,0.0,0.0
2026-08-20 06:15:00-04:00,29557.5,29559.25,29539.5,29546.5,366,0.0,0.0
2026-08-20 06:20:00-04:00,29546.75,29552.75,29541.75,29551.5,324,0.0,0.0
2026-08-20 06:25:00-04:00,29551.5,29554.5,29526.5,29537.75,776,0.0,0.0
2026-08-20 06:30:00-04:00,29535.75,29547.75,29530.0,29530.25,286,0.0,0.0
2026-08-20 06:35:00-04:00,29530.0,29547.75,29516.25,29525.0,854,0.0,0.0
2026-08-20 06:40:00-04:00,29524.75,29532.25,29517.25,29524.25,226,0.0,0.0
2026-08-20 06:45:00-04:00,29526.0,29560.25,29525.25,29555.0,299,0.0,0.0
2026-08-20 06:50:00-04:00,29554.75,29559.75,29542.25,29543.5,328,0.0,0.0
2026-08-20 06:55:00-04:00,29544.5,29567.0,29538.5,29566.0,342,0.0,0.0
2026-08-20 07:00:00-04:00,29566.0,29582.25,29498.0,29498.75,2049,0.0,0.0
2026-08-20 07:05:00-04:00,29498.75,29500.25,29479.0,29491.25,834,0.0,0.0
2026-08-20 07:10:00-04:00,29490.25,29494.5,29464.0,29487.0,918,0.0,0.0
2026-08-20 07:15:00-04:00,29488.5,29498.25,29468.75,29473.5,565,0.0,0.0
2026-08-20 07:20:00-04:00,29472.0,29472.75,29441.5,29448.0,1922,0.0,0.0
2026-08-20 07:25:00-04:00,29449.25,29458.0,29422.0,29425.0,1035,0.0,0.0
2026-08-20 07:30:00-04:00,29424.5,29444.5,29419.0,29431.75,1237,0.0,0.0
2026-08-20 07:35:00-04:00,29431.5,29449.5,29419.0,29447.5,825,0.0,0.0
2026-08-20 07:40:00-04:00,29449.25,29453.5,29418.0,29423.75,907,0.0,0.0
2026-08-20 07:45:00-04:00,29423.25,29425.0,29372.25,29384.0,2657,0.0,0.0
2026-08-20 07:50:00-04:00,29384.0,29397.5,29373.25,29373.25,1369,0.0,0.0
2026-08-20 07:55:00-04:00,29373.75,29378.5,29348.75,29362.0,1784,0.0,0.0
2026-08-20 08:00:00-04:00,29361.25,29375.0,29286.75,29316.0,3565,0.0,0.0
2026-08-20 08:05:00-04:00,29318.25,29325.0,29291.0,29298.75,2685,0.0,0.0
2026-08-20 08:10:00-04:00,29297.75,29300.0,29262.5,29272.0,3150,0.0,0.0
2026-08-20 08:15:00-04:00,29272.0,29294.25,29264.0,29271.5,2008,0.0,0.0
2026-08-20 08:20:00-04:00,29272.25,29306.5,29270.0,29300.75,2041,0.0,0.0
2026-08-20 08:25:00-04:00,29300.0,29300.5,29275.0,29276.5,1107,0.0,0.0
2026-08-20 08:30:00-04:00,29278.0,29282.25,29252.25,29268.0,2465,0.0,0.0
2026-08-20 08:35:00-04:00,29267.75,29269.5,29240.0,29267.25,2299,0.0,0.0
2026-08-20 08:40:00-04:00,29267.0,29292.5,29260.25,29290.25,1790,0.0,0.0
2026-08-20 08:45:00-04:00,29289.25,29314.0,29283.75,29313.0,1716,0.0,0.0
2026-08-20 08:50:00-04:00,29312.0,29347.5,29312.0,29346.25,2334,0.0,0.0
2026-08-20 08:55:00-04:00,29346.5,29351.0,29335.5,29346.0,1174,0.0,0.0
2026-08-20 09:00:00-04:00,29346.75,29373.25,29343.75,29364.75,2187,0.0,0.0
2026-08-20 09:05:00-04:00,29365.0,29372.5,29344.25,29345.5,1818,0.0,0.0
2026-08-20 09:10:00-04:00,29345.25,29351.5,29332.75,29338.0,1421,0.0,0.0
2026-08-20 09:15:00-04:00,29338.25,29348.25,29329.5,29338.75,1352,0.0,0.0
2026-08-20 09:20:00-04:00,29338.25,29348.0,29324.0,29348.0,1480,0.0,0.0
2026-08-20 09:25:00-04:00,29347.25,29369.0,29336.25,29350.75,3184,0.0,0.0
2026-08-20 09:30:00-04:00,29350.5,29434.0,29338.75,29403.25,17756,0.0,0.0
2026-08-20 09:35:00-04:00,29404.25,29470.25,29372.0,29438.5,14820,0.0,0.0
2026-08-20 09:40:00-04:00,29439.25,29457.0,29390.0,29442.5,12200,0.0,0.0
2026-08-20 09:45:00-04:00,29442.5,29460.0,29350.0,29384.25,13058,0.0,0.0
2026-08-20 09:50:00-04:00,29383.75,29391.75,29308.75,29367.5,13509,0.0,0.0
2026-08-20 09:55:00-04:00,29368.75,29409.0,29324.0,29354.0,11963,0.0,0.0
2026-08-20 10:00:00-04:00,29354.0,29395.0,29319.25,29328.0,10202,0.0,0.0
2026-08-20 10:05:00-04:00,29328.0,29392.0,29316.5,29391.5,8921,0.0,0.0
2026-08-20 10:10:00-04:00,29390.75,29409.0,29362.75,29368.0,9011,0.0,0.0
2026-08-20 10:15:00-04:00,29369.0,29381.75,29313.75,29316.0,8216,0.0,0.0
2026-08-20 10:20:00-04:00,29315.25,29414.0,29305.0,29396.75,10899,0.0,0.0
2026-08-20 10:25:00-04:00,29396.75,29401.0,29334.25,29349.75,7526,0.0,0.0
2026-08-20 10:30:00-04:00,29350.75,29386.75,29336.0,29337.25,6555,0.0,0.0
2026-08-20 10:35:00-04:00,29337.0,29418.5,29329.0,29411.5,6804,0.0,0.0
2026-08-20 10:40:00-04:00,29412.25,29430.0,29393.5,29421.75,5400,0.0,0.0
2026-08-20 10:45:00-04:00,29421.5,29433.5,29372.5,29376.25,5530,0.0,0.0
2026-08-20 10:50:00-04:00,29376.0,29398.25,29352.5,29360.5,4840,0.0,0.0
2026-08-20 10:55:00-04:00,29360.25,29395.75,29349.0,29392.75,4990,0.0,0.0
2026-08-20 11:00:00-04:00,29392.5,29457.5,29388.5,29430.25,9297,0.0,0.0
2026-08-20 11:05:00-04:00,29430.75,29431.75,29343.5,29358.25,7670,0.0,0.0
2026-08-20 11:10:00-04:00,29357.5,29383.0,29324.5,29365.25,6516,0.0,0.0
2026-08-20 11:15:00-04:00,29364.5,29369.5,29342.0,29354.5,4289,0.0,0.0
2026-08-20 11:20:00-04:00,29353.75,29359.5,29308.5,29321.5,5061,0.0,0.0
2026-08-20 11:25:00-04:00,29320.5,29346.0,29301.0,29345.0,5748,0.0,0.0
2026-08-20 11:30:00-04:00,29344.0,29350.5,29292.0,29301.25,5221,0.0,0.0
2026-08-20 11:35:00-04:00,29301.0,29315.75,29277.25,29279.0,4914,0.0,0.0
2026-08-20 11:40:00-04:00,29279.0,29302.5,29276.5,29278.5,3683,0.0,0.0
2026-08-20 11:45:00-04:00,29278.75,29308.25,29269.25,29295.5,4452,0.0,0.0
2026-08-20 11:50:00-04:00,29295.5,29332.5,29291.0,29322.75,3893,0.0,0.0
2026-08-20 11:55:00-04:00,29322.75,29332.75,29314.25,29329.75,3222,0.0,0.0
2026-08-20 12:00:00-04:00,29329.75,29346.0,29312.5,29316.5,4065,0.0,0.0
2026-08-20 12:05:00-04:00,29315.75,29335.0,29302.75,29332.75,3086,0.0,0.0
2026-08-20 12:10:00-04:00,29333.75,29342.0,29306.5,29307.25,2799,0.0,0.0
2026-08-20 12:15:00-04:00,29307.0,29323.5,29305.0,29322.5,2017,0.0,0.0
2026-08-20 12:20:00-04:00,29323.0,29355.25,29311.5,29348.25,3471,0.0,0.0
2026-08-20 12:25:00-04:00,29348.5,29356.5,29334.5,29340.75,2328,0.0,0.0
2026-08-20 12:30:00-04:00,29340.25,29349.5,29310.0,29347.75,3409,0.0,0.0
2026-08-20 12:35:00-04:00,29348.0,29360.5,29341.25,29359.0,2522,0.0,0.0
2026-08-20 12:40:00-04:00,29358.25,29378.0,29355.0,29377.25,3119,0.0,0.0
2026-08-20 12:45:00-04:00,29377.0,29389.0,29364.75,29369.0,3542,0.0,0.0
2026-08-20 12:50:00-04:00,29368.75,29380.25,29356.25,29370.0,2456,0.0,0.0
2026-08-20 12:55:00-04:00,29369.75,29385.75,29361.25,29380.0,2805,0.0,0.0
2026-08-20 13:00:00-04:00,29380.0,29382.0,29352.25,29358.75,2278,0.0,0.0
2026-08-20 13:05:00-04:00,29359.0,29361.5,29334.75,29343.0,2574,0.0,0.0
2026-08-20 13:10:00-04:00,29343.25,29354.25,29335.0,29337.0,1781,0.0,0.0
2026-08-20 13:15:00-04:00,29337.0,29338.5,29304.0,29305.5,3633,0.0,0.0
2026-08-20 13:20:00-04:00,29305.75,29324.75,29298.0,29310.25,2892,0.0,0.0
2026-08-20 13:25:00-04:00,29310.0,29317.0,29292.5,29294.5,3346,0.0,0.0
2026-08-20 13:30:00-04:00,29294.25,29304.25,29285.75,29288.25,2685,0.0,0.0
2026-08-20 13:35:00-04:00,29288.25,29300.5,29282.75,29289.75,2461,0.0,0.0
2026-08-20 13:40:00-04:00,29289.25,29293.25,29282.75,29289.75,1937,0.0,0.0
2026-08-20 13:45:00-04:00,29290.0,29313.25,29287.25,29305.25,3094,0.0,0.0
2026-08-20 13:50:00-04:00,29305.0,29325.75,29299.75,29301.5,2849,0.0,0.0
2026-08-20 13:55:00-04:00,29301.75,29310.0,29290.5,29292.75,2386,0.0,0.0
2026-08-20 14:00:00-04:00,29292.5,29293.0,29251.75,29260.75,5083,0.0,0.0
2026-08-20 14:05:00-04:00,29260.5,29265.75,29228.0,29234.5,5733,0.0,0.0
2026-08-20 14:10:00-04:00,29234.5,29239.25,29215.0,29230.5,4214,0.0,0.0
2026-08-20 14:15:00-04:00,29230.25,29236.25,29202.75,29233.75,4310,0.0,0.0
2026-08-20 14:20:00-04:00,29234.25,29248.25,29228.75,29230.0,3375,0.0,0.0
2026-08-20 14:25:00-04:00,29230.0,29239.75,29220.5,29232.75,3136,0.0,0.0
2026-08-20 14:30:00-04:00,29233.0,29237.5,29212.0,29216.5,3087,0.0,0.0
2026-08-20 14:35:00-04:00,29216.75,29232.0,29213.0,29222.5,2779,0.0,0.0
2026-08-20 14:40:00-04:00,29222.75,29235.75,29212.5,29234.0,2751,0.0,0.0
2026-08-20 14:45:00-04:00,29234.5,29253.75,29227.0,29251.25,3221,0.0,0.0
2026-08-20 14:50:00-04:00,29250.75,29255.0,29240.25,29249.0,2665,0.0,0.0
2026-08-20 14:55:00-04:00,29249.75,29259.0,29243.25,29243.75,2303,0.0,0.0
2026-08-20 15:00:00-04:00,29243.75,29275.25,29242.25,29272.0,3726,0.0,0.0
2026-08-20 15:05:00-04:00,29272.25,29293.0,29264.5,29289.75,3829,0.0,0.0
2026-08-20 15:10:00-04:00,29290.0,29293.5,29273.5,29281.25,2677,0.0,0.0
2026-08-20 15:15:00-04:00,29281.0,29294.25,29267.75,29271.25,2444,0.0,0.0
2026-08-20 15:20:00-04:00,29271.5,29305.0,29268.25,29296.25,3490,0.0,0.0
2026-08-20 15:25:00-04:00,29296.75,29307.5,29295.5,29304.5,2645,0.0,0.0
2026-08-20 15:30:00-04:00,29304.25,29310.5,29290.25,29304.0,3513,0.0,0.0
2026-08-20 15:35:00-04:00,29304.0,29335.25,29299.0,29329.0,4385,0.0,0.0
2026-08-20 15:40:00-04:00,29328.25,29333.5,29302.0,29310.75,3817,0.0,0.0
2026-08-20 15:45:00-04:00,29310.75,29321.5,29293.0,29320.0,4261,0.0,0.0
2026-08-20 15:50:00-04:00,29319.75,29331.25,29299.25,29304.5,6430,0.0,0.0
2026-08-20 15:55:00-04:00,29304.25,29319.25,29286.5,29305.75,15404,0.0,0.0
2026-08-20 16:00:00-04:00,29306.0,29320.5,29304.0,29314.0,4176,0.0,0.0
2026-08-20 16:05:00-04:00,29313.5,29314.0,29277.25,29288.25,1704,0.0,0.0
2026-08-20 16:10:00-04:00,29288.75,29300.25,29277.0,29281.25,1635,0.0,0.0
2026-08-20 16:15:00-04:00,29281.5,29285.0,29262.5,29274.5,1094,0.0,0.0
2026-08-20 16:20:00-04:00,29274.25,29289.0,29274.0,29288.75,554,0.0,0.0
2026-08-20 16:25:00-04:00,29288.5,29293.5,29284.5,29288.25,540,0.0,0.0
2026-08-20 16:30:00-04:00,29287.75,29296.75,29285.25,29296.0,423,0.0,0.0
2026-08-20 16:35:00-04:00,29295.75,29311.5,29295.75,29303.25,612,0.0,0.0
2026-08-20 16:40:00-04:00,29302.5,29307.25,29297.75,29302.25,402,0.0,0.0
2026-08-20 16:45:00-04:00,29302.0,29305.25,29300.5,29305.0,380,0.0,0.0
2026-08-20 16:50:00-04:00,29305.25,29305.75,29296.25,29304.0,395,0.0,0.0
2026-08-20 16:55:00-04:00,29304.5,29319.5,29304.25,29317.25,563,0.0,0.0
2026-08-20 18:00:00-04:00,29327.0,29345.75,29280.0,29281.0,0,0.0,0.0
2026-08-20 18:05:00-04:00,29280.75,29292.5,29274.25,29287.75,800,0.0,0.0
2026-08-20 18:10:00-04:00,29287.5,29290.0,29276.5,29278.25,241,0.0,0.0
2026-08-20 18:15:00-04:00,29277.5,29291.25,29277.0,29285.5,226,0.0,0.0
2026-08-20 18:20:00-04:00,29284.0,29288.75,29281.5,29283.0,197,0.0,0.0
2026-08-20 18:25:00-04:00,29284.0,29288.25,29278.75,29285.75,154,0.0,0.0
2026-08-20 18:30:00-04:00,29286.5,29304.5,29281.75,29304.0,345,0.0,0.0
2026-08-20 18:35:00-04:00,29304.25,29309.0,29296.75,29298.25,353,0.0,0.0
2026-08-20 18:40:00-04:00,29299.5,29304.25,29286.0,29300.75,306,0.0,0.0
2026-08-20 18:45:00-04:00,29300.75,29312.0,29296.0,29310.0,266,0.0,0.0
2026-08-20 18:50:00-04:00,29309.5,29325.5,29308.0,29322.0,577,0.0,0.0
2026-08-20 18:55:00-04:00,29322.0,29324.25,29320.0,29323.0,123,0.0,0.0
2026-08-20 19:00:00-04:00,29321.5,29323.25,29317.5,29318.75,258,0.0,0.0
2026-08-20 19:05:00-04:00,29318.75,29324.25,29315.5,29318.75,210,0.0,0.0
2026-08-20 19:10:00-04:00,29319.5,29319.75,29313.25,29318.75,96,0.0,0.0
2026-08-20 19:15:00-04:00,29318.75,29328.5,29314.5,29321.0,280,0.0,0.0
2026-08-20 19:20:00-04:00,29320.75,29322.75,29317.75,29319.25,131,0.0,0.0
2026-08-20 19:25:00-04:00,29319.25,29322.0,29312.5,29315.5,162,0.0,0.0
2026-08-20 19:30:00-04:00,29316.5,29319.75,29311.75,29313.25,127,0.0,0.0
2026-08-20 19:35:00-04:00,29312.25,29312.75,29295.5,29302.25,517,0.0,0.0
2026-08-20 19:40:00-04:00,29302.0,29323.75,29302.0,29316.5,613,0.0,0.0
2026-08-20 19:45:00-04:00,29317.0,29318.0,29286.75,29308.0,696,0.0,0.0
2026-08-20 19:50:00-04:00,29308.25,29315.25,29294.5,29305.75,512,0.0,0.0
2026-08-20 19:55:00-04:00,29304.0,29304.75,29292.25,29293.0,280,0.0,0.0
2026-08-20 20:00:00-04:00,29292.5,29331.25,29289.75,29317.5,944,0.0,0.0
2026-08-20 20:05:00-04:00,29316.25,29345.25,29314.25,29325.75,782,0.0,0.0
2026-08-20 20:10:00-04:00,29326.0,29365.5,29317.25,29360.75,1260,0.0,0.0
2026-08-20 20:15:00-04:00,29360.5,29360.5,29321.5,29327.0,947,0.0,0.0
2026-08-20 20:20:00-04:00,29327.0,29345.25,29320.75,29325.75,491,0.0,0.0
2026-08-20 20:25:00-04:00,29326.5,29331.0,29315.0,29325.5,405,0.0,0.0
2026-08-20 20:30:00-04:00,29326.75,29338.25,29311.75,29335.75,597,0.0,0.0
2026-08-20 20:35:00-04:00,29335.0,29351.75,29325.5,29350.0,496,0.0,0.0
2026-08-20 20:40:00-04:00,29349.5,29357.25,29330.25,29354.5,555,0.0,0.0
2026-08-20 20:45:00-04:00,29353.0,29362.0,29348.75,29355.0,566,0.0,0.0
2026-08-20 20:50:00-04:00,29355.0,29360.0,29327.0,29327.25,423,0.0,0.0
2026-08-20 20:55:00-04:00,29328.25,29332.25,29319.5,29320.5,327,0.0,0.0
2026-08-20 21:00:00-04:00,29320.5,29335.25,29317.25,29321.0,486,0.0,0.0
2026-08-20 21:05:00-04:00,29320.25,29323.0,29291.75,29305.5,1069,0.0,0.0
2026-08-20 21:10:00-04:00,29305.5,29331.75,29300.25,29331.25,710,0.0,0.0
2026-08-20 21:15:00-04:00,29330.0,29353.5,29313.25,29352.0,629,0.0,0.0
2026-08-20 21:20:00-04:00,29352.75,29353.25,29317.75,29332.75,508,0.0,0.0
2026-08-20 21:25:00-04:00,29332.75,29357.0,29329.75,29341.5,546,0.0,0.0
2026-08-20 21:30:00-04:00,29340.5,29357.0,29333.0,29340.0,403,0.0,0.0
2026-08-20 21:35:00-04:00,29339.75,29341.0,29320.25,29325.75,450,0.0,0.0
2026-08-20 21:40:00-04:00,29326.0,29356.5,29324.0,29350.5,618,0.0,0.0
2026-08-20 21:45:00-04:00,29350.25,29370.0,29340.5,29366.75,521,0.0,0.0
2026-08-20 21:50:00-04:00,29368.0,29372.5,29342.25,29343.25,538,0.0,0.0
2026-08-20 21:55:00-04:00,29342.0,29355.75,29333.5,29354.25,353,0.0,0.0
2026-08-20 22:00:00-04:00,29353.75,29362.0,29346.0,29347.0,313,0.0,0.0
2026-08-20 22:05:00-04:00,29345.0,29365.75,29343.25,29365.25,285,0.0,0.0
2026-08-20 22:10:00-04:00,29364.25,29375.75,29354.0,29373.5,385,0.0,0.0
2026-08-20 22:15:00-04:00,29372.75,29375.5,29366.75,29370.0,359,0.0,0.0
2026-08-20 22:20:00-04:00,29369.75,29395.0,29368.5,29382.75,728,0.0,0.0
2026-08-20 22:25:00-04:00,29383.25,29390.0,29378.75,29390.0,304,0.0,0.0
2026-08-20 22:30:00-04:00,29390.0,29395.75,29387.0,29392.5,387,0.0,0.0
2026-08-20 22:35:00-04:00,29391.0,29396.25,29381.75,29383.75,255,0.0,0.0
2026-08-20 22:40:00-04:00,29383.25,29390.0,29376.0,29380.5,473,0.0,0.0
2026-08-20 22:45:00-04:00,29380.25,29396.0,29377.0,29390.5,335,0.0,0.0
2026-08-20 22:50:00-04:00,29391.0,29399.25,29386.0,29386.0,384,0.0,0.0
2026-08-20 22:55:00-04:00,29387.25,29392.0,29383.5,29384.0,165,0.0,0.0
2026-08-20 23:00:00-04:00,29384.0,29388.25,29380.5,29380.5,184,0.0,0.0
2026-08-20 23:05:00-04:00,29380.5,29381.25,29362.5,29367.5,573,0.0,0.0
2026-08-20 23:10:00-04:00,29368.0,29368.0,29355.0,29356.5,415,0.0,0.0
2026-08-20 23:15:00-04:00,29356.0,29368.25,29349.0,29353.25,486,0.0,0.0
2026-08-20 23:20:00-04:00,29352.75,29371.25,29352.25,29366.5,271,0.0,0.0
2026-08-20 23:25:00-04:00,29365.75,29366.75,29358.5,29363.0,198,0.0,0.0
2026-08-20 23:30:00-04:00,29364.75,29376.75,29363.0,29374.75,345,0.0,0.0
2026-08-20 23:35:00-04:00,29374.0,29375.0,29357.5,29364.25,246,0.0,0.0
2026-08-20 23:40:00-04:00,29363.0,29363.5,29354.25,29357.25,215,0.0,0.0
2026-08-20 23:45:00-04:00,29356.0,29356.5,29345.0,29353.0,267,0.0,0.0
2026-08-20 23:50:00-04:00,29353.0,29357.5,29345.5,29348.25,261,0.0,0.0
2026-08-20 23:55:00-04:00,29348.5,29360.75,29342.75,29360.25,393,0.0,0.0
2026-08-21 00:05:00-04:00,29362.0,29367.0,29358.5,29358.5,769,0.0,0.0
2026-08-21 00:10:00-04:00,29359.75,29370.0,29352.5,29367.75,259,0.0,0.0
2026-08-21 00:15:00-04:00,29366.5,29371.75,29349.0,29352.0,378,0.0,0.0
2026-08-21 00:20:00-04:00,29352.25,29352.25,29332.25,29337.75,482,0.0,0.0
2026-08-21 00:25:00-04:00,29336.5,29339.0,29330.5,29330.5,213,0.0,0.0
2026-08-21 00:30:00-04:00,29330.0,29338.75,29323.0,29332.25,389,0.0,0.0
2026-08-21 00:35:00-04:00,29332.5,29334.0,29321.25,29326.25,220,0.0,0.0
2026-08-21 00:40:00-04:00,29326.75,29338.5,29326.0,29334.75,245,0.0,0.0
2026-08-21 00:45:00-04:00,29334.5,29360.0,29333.25,29359.75,398,0.0,0.0
2026-08-21 00:50:00-04:00,29360.25,29364.5,29354.75,29361.5,268,0.0,0.0
2026-08-21 00:55:00-04:00,29362.0,29362.5,29351.0,29356.25,200,0.0,0.0
2026-08-21 01:00:00-04:00,29358.25,29369.75,29352.0,29369.0,342,0.0,0.0
2026-08-21 01:05:00-04:00,29369.25,29371.0,29354.75,29355.5,214,0.0,0.0
2026-08-21 01:10:00-04:00,29356.5,29370.0,29354.5,29367.0,130,0.0,0.0
2026-08-21 01:15:00-04:00,29366.25,29380.75,29364.25,29378.0,204,0.0,0.0
2026-08-21 01:20:00-04:00,29377.25,29377.25,29360.75,29360.75,242,0.0,0.0
2026-08-21 01:25:00-04:00,29361.25,29365.25,29351.5,29353.25,305,0.0,0.0
2026-08-21 01:30:00-04:00,29352.25,29371.0,29348.25,29371.0,241,0.0,0.0
2026-08-21 01:35:00-04:00,29370.0,29377.5,29365.0,29366.75,256,0.0,0.0
2026-08-21 01:40:00-04:00,29366.75,29368.0,29350.75,29360.75,282,0.0,0.0
2026-08-21 01:45:00-04:00,29360.5,29361.5,29344.5,29345.5,286,0.0,0.0
2026-08-21 01:50:00-04:00,29344.0,29353.75,29340.25,29350.5,269,0.0,0.0
2026-08-21 01:55:00-04:00,29350.25,29367.25,29348.5,29366.25,292,0.0,0.0
2026-08-21 02:00:00-04:00,29365.5,29367.75,29354.5,29359.75,430,0.0,0.0
2026-08-21 02:05:00-04:00,29359.25,29370.5,29355.75,29363.25,269,0.0,0.0
2026-08-21 02:10:00-04:00,29362.75,29375.75,29362.5,29374.0,300,0.0,0.0
2026-08-21 02:15:00-04:00,29374.25,29379.0,29366.75,29370.75,293,0.0,0.0
2026-08-21 02:20:00-04:00,29369.5,29377.75,29367.0,29368.0,173,0.0,0.0
2026-08-21 02:25:00-04:00,29369.0,29381.0,29368.5,29376.25,254,0.0,0.0
2026-08-21 02:30:00-04:00,29375.5,29393.75,29368.5,29393.75,500,0.0,0.0
2026-08-21 02:35:00-04:00,29393.75,29401.5,29386.0,29390.0,502,0.0,0.0
2026-08-21 02:40:00-04:00,29390.5,29391.0,29372.75,29372.75,294,0.0,0.0
2026-08-21 02:45:00-04:00,29372.75,29386.25,29365.5,29384.5,528,0.0,0.0
2026-08-21 02:50:00-04:00,29383.75,29384.5,29374.25,29381.0,292,0.0,0.0
2026-08-21 02:55:00-04:00,29380.25,29391.5,29377.5,29386.5,300,0.0,0.0
2026-08-21 03:00:00-04:00,29386.0,29404.75,29380.5,29403.75,715,0.0,0.0
2026-08-21 03:05:00-04:00,29404.0,29419.5,29402.5,29412.25,776,0.0,0.0
2026-08-21 03:10:00-04:00,29412.0,29429.0,29406.5,29429.0,506,0.0,0.0
2026-08-21 03:15:00-04:00,29427.25,29435.75,29414.25,29434.25,875,0.0,0.0
2026-08-21 03:20:00-04:00,29434.25,29458.75,29430.0,29454.5,826,0.0,0.0
2026-08-21 03:25:00-04:00,29453.5,29455.0,29425.25,29427.5,762,0.0,0.0
2026-08-21 03:30:00-04:00,29426.0,29453.5,29420.5,29443.0,894,0.0,0.0
2026-08-21 03:35:00-04:00,29443.0,29446.5,29433.0,29438.5,624,0.0,0.0
2026-08-21 03:40:00-04:00,29438.5,29445.25,29421.25,29424.0,578,0.0,0.0
2026-08-21 03:45:00-04:00,29424.25,29445.5,29422.5,29437.5,545,0.0,0.0
2026-08-21 03:50:00-04:00,29437.5,29437.75,29429.5,29431.0,213,0.0,0.0
2026-08-21 03:55:00-04:00,29431.0,29446.75,29425.25,29446.0,316,0.0,0.0
2026-08-21 04:00:00-04:00,29447.25,29464.25,29440.75,29457.0,1093,0.0,0.0
2026-08-21 04:05:00-04:00,29455.5,29455.5,29409.25,29421.5,1072,0.0,0.0
2026-08-21 04:10:00-04:00,29421.75,29429.25,29407.75,29417.5,679,0.0,0.0
2026-08-21 04:15:00-04:00,29419.25,29424.5,29405.0,29418.75,395,0.0,0.0
2026-08-21 04:20:00-04:00,29417.25,29421.0,29390.5,29403.0,885,0.0,0.0
2026-08-21 04:25:00-04:00,29403.75,29423.0,29402.75,29421.5,470,0.0,0.0
2026-08-21 04:30:00-04:00,29421.25,29433.5,29418.0,29428.0,792,0.0,0.0
2026-08-21 04:35:00-04:00,29427.75,29445.25,29427.75,29444.0,636,0.0,0.0
2026-08-21 04:40:00-04:00,29444.0,29456.75,29441.0,29454.75,743,0.0,0.0
2026-08-21 04:45:00-04:00,29455.0,29456.0,29448.25,29448.25,487,0.0,0.0
2026-08-21 04:50:00-04:00,29448.75,29467.5,29447.25,29457.25,770,0.0,0.0
2026-08-21 04:55:00-04:00,29457.75,29463.0,29451.0,29453.0,247,0.0,0.0
2026-08-21 05:00:00-04:00,29454.0,29455.0,29429.75,29433.25,685,0.0,0.0
2026-08-21 05:05:00-04:00,29433.75,29434.5,29414.25,29420.0,716,0.0,0.0
2026-08-21 05:10:00-04:00,29419.25,29439.75,29411.5,29438.0,827,0.0,0.0
2026-08-21 05:15:00-04:00,29438.5,29444.75,29430.0,29439.25,589,0.0,0.0
2026-08-21 05:20:00-04:00,29440.25,29444.0,29436.0,29437.25,271,0.0,0.0
2026-08-21 05:25:00-04:00,29437.75,29444.5,29434.0,29435.5,196,0.0,0.0
2026-08-21 05:30:00-04:00,29435.5,29445.5,29429.75,29442.0,249,0.0,0.0
2026-08-21 05:35:00-04:00,29441.75,29468.75,29441.25,29467.75,1176,0.0,0.0
2026-08-21 05:40:00-04:00,29467.75,29482.75,29461.75,29474.75,1552,0.0,0.0
2026-08-21 05:45:00-04:00,29474.75,29480.75,29464.5,29480.75,569,0.0,0.0
2026-08-21 05:50:00-04:00,29481.75,29495.0,29472.75,29487.5,591,0.0,0.0
2026-08-21 05:55:00-04:00,29487.25,29491.25,29484.25,29485.0,487,0.0,0.0
2026-08-21 06:00:00-04:00,29485.75,29512.5,29485.75,29508.0,1123,0.0,0.0
2026-08-21 06:05:00-04:00,29508.75,29518.5,29485.5,29492.0,1336,0.0,0.0
2026-08-21 06:10:00-04:00,29491.25,29496.25,29476.5,29485.0,550,0.0,0.0
2026-08-21 06:15:00-04:00,29485.5,29487.0,29476.0,29476.25,454,0.0,0.0
2026-08-21 06:20:00-04:00,29477.75,29478.75,29470.25,29475.75,365,0.0,0.0
2026-08-21 06:25:00-04:00,29476.5,29491.0,29476.25,29490.0,367,0.0,0.0
2026-08-21 06:30:00-04:00,29489.5,29495.0,29475.75,29478.75,385,0.0,0.0
2026-08-21 06:35:00-04:00,29478.75,29482.75,29473.0,29480.25,224,0.0,0.0
2026-08-21 06:40:00-04:00,29480.75,29484.25,29474.0,29477.0,116,0.0,0.0
2026-08-21 06:45:00-04:00,29478.5,29483.25,29478.25,29479.25,186,0.0,0.0
2026-08-21 06:50:00-04:00,29480.0,29486.75,29475.5,29479.25,343,0.0,0.0
2026-08-21 06:55:00-04:00,29479.5,29488.75,29471.25,29479.5,606,0.0,0.0
2026-08-21 07:00:00-04:00,29480.0,29486.0,29452.75,29467.0,1027,0.0,0.0
2026-08-21 07:05:00-04:00,29467.5,29486.0,29465.25,29478.0,776,0.0,0.0
2026-08-21 07:10:00-04:00,29477.25,29480.0,29460.5,29467.75,324,0.0,0.0
2026-08-21 07:15:00-04:00,29468.25,29482.5,29466.5,29476.75,335,0.0,0.0
2026-08-21 07:20:00-04:00,29476.5,29524.0,29476.5,29519.0,1611,0.0,0.0
2026-08-21 07:25:00-04:00,29516.75,29525.0,29504.25,29519.25,1101,0.0,0.0
2026-08-21 07:30:00-04:00,29518.5,29523.25,29500.0,29510.75,992,0.0,0.0
2026-08-21 07:35:00-04:00,29511.25,29539.0,29511.25,29518.25,1742,0.0,0.0
2026-08-21 07:40:00-04:00,29517.0,29533.0,29507.0,29530.75,1010,0.0,0.0
2026-08-21 07:45:00-04:00,29530.75,29531.0,29504.75,29512.25,663,0.0,0.0
2026-08-21 07:50:00-04:00,29511.5,29511.5,29501.25,29507.5,548,0.0,0.0
2026-08-21 07:55:00-04:00,29506.75,29511.5,29498.5,29500.0,354,0.0,0.0
2026-08-21 08:00:00-04:00,29499.5,29503.75,29479.75,29484.5,1229,0.0,0.0
2026-08-21 08:05:00-04:00,29483.75,29500.75,29480.0,29496.5,762,0.0,0.0
2026-08-21 08:10:00-04:00,29496.75,29497.75,29486.25,29487.25,405,0.0,0.0
2026-08-21 08:15:00-04:00,29487.5,29503.0,29484.75,29489.5,643,0.0,0.0
2026-08-21 08:20:00-04:00,29489.25,29504.0,29477.75,29502.5,871,0.0,0.0
2026-08-21 08:25:00-04:00,29501.5,29516.75,29499.75,29516.25,625,0.0,0.0
2026-08-21 08:30:00-04:00,29515.5,29523.25,29508.25,29514.0,835,0.0,0.0
2026-08-21 08:35:00-04:00,29514.25,29523.5,29509.0,29515.0,783,0.0,0.0
2026-08-21 08:40:00-04:00,29514.5,29529.75,29511.25,29528.25,1091,0.0,0.0
2026-08-21 08:45:00-04:00,29529.0,29539.0,29520.0,29531.5,1004,0.0,0.0
2026-08-21 08:50:00-04:00,29531.25,29531.5,29506.0,29510.25,1264,0.0,0.0
2026-08-21 08:55:00-04:00,29509.5,29513.5,29503.5,29511.5,722,0.0,0.0
2026-08-21 09:00:00-04:00,29511.75,29516.0,29502.5,29506.75,858,0.0,0.0
2026-08-21 09:05:00-04:00,29506.75,29507.75,29486.5,29487.75,1104,0.0,0.0
2026-08-21 09:10:00-04:00,29487.5,29489.0,29467.0,29469.0,1814,0.0,0.0
2026-08-21 09:15:00-04:00,29469.5,29472.75,29448.75,29449.75,2165,0.0,0.0
2026-08-21 09:20:00-04:00,29449.75,29452.75,29441.25,29447.0,1720,0.0,0.0
2026-08-21 09:25:00-04:00,29447.0,29485.25,29418.0,29469.25,6636,0.0,0.0
2026-08-21 09:30:00-04:00,29469.25,29476.0,29357.75,29362.25,17199,0.0,0.0
2026-08-21 09:35:00-04:00,29363.0,29373.5,29319.0,29350.0,12659,0.0,0.0
2026-08-21 09:40:00-04:00,29349.25,29360.25,29312.25,29322.5,9699,0.0,0.0
2026-08-21 09:45:00-04:00,29320.25,29359.25,29307.0,29340.25,10507,0.0,0.0
2026-08-21 09:50:00-04:00,29340.0,29345.5,29255.75,29292.0,11470,0.0,0.0
2026-08-21 09:55:00-04:00,29292.25,29320.25,29271.75,29303.5,10934,0.0,0.0
2026-08-21 10:00:00-04:00,29303.25,29320.25,29262.25,29291.0,10193,0.0,0.0
2026-08-21 10:05:00-04:00,29291.75,29335.5,29289.75,29311.25,9175,0.0,0.0
2026-08-21 10:10:00-04:00,29313.0,29328.5,29246.25,29253.25,9296,0.0,0.0
2026-08-21 10:15:00-04:00,29253.0,29283.0,29228.0,29229.75,8985,0.0,0.0
2026-08-21 10:20:00-04:00,29230.5,29288.5,29220.0,29255.25,8860,0.0,0.0
2026-08-21 10:25:00-04:00,29255.5,29311.75,29251.75,29278.75,7773,0.0,0.0
2026-08-21 10:30:00-04:00,29280.25,29306.75,29274.25,29275.25,6126,0.0,0.0
2026-08-21 10:35:00-04:00,29276.0,29298.0,29264.75,29279.0,5921,0.0,0.0
2026-08-21 10:40:00-04:00,29279.0,29310.0,29258.0,29296.5,5974,0.0,0.0
2026-08-21 10:45:00-04:00,29296.25,29320.75,29289.25,29310.25,6108,0.0,0.0
2026-08-21 10:50:00-04:00,29310.75,29323.25,29288.5,29295.75,5196,0.0,0.0
2026-08-21 10:55:00-04:00,29295.0,29333.75,29288.75,29331.75,5893,0.0,0.0
2026-08-21 11:00:00-04:00,29332.0,29366.25,29326.75,29359.75,7661,0.0,0.0
2026-08-21 11:05:00-04:00,29360.5,29368.75,29342.5,29350.25,5204,0.0,0.0
2026-08-21 11:10:00-04:00,29350.0,29362.5,29344.25,29353.0,3598,0.0,0.0
2026-08-21 11:15:00-04:00,29352.5,29367.0,29335.25,29341.75,3659,0.0,0.0
2026-08-21 11:20:00-04:00,29342.0,29359.5,29331.5,29337.5,3912,0.0,0.0
2026-08-21 11:25:00-04:00,29336.25,29371.25,29334.5,29368.25,3727,0.0,0.0
2026-08-21 11:30:00-04:00,29367.75,29405.25,29364.0,29403.5,5698,0.0,0.0
2026-08-21 11:35:00-04:00,29403.25,29444.5,29399.5,29442.75,6597,0.0,0.0
2026-08-21 11:40:00-04:00,29442.0,29471.75,29437.75,29451.5,8179,0.0,0.0
2026-08-21 11:45:00-04:00,29452.25,29457.75,29425.5,29431.25,5450,0.0,0.0
2026-08-21 11:50:00-04:00,29431.25,29488.75,29431.25,29472.5,7298,0.0,0.0
2026-08-21 11:55:00-04:00,29472.75,29473.5,29436.25,29443.0,5521,0.0,0.0
2026-08-21 12:00:00-04:00,29443.5,29447.25,29416.0,29419.75,4592,0.0,0.0
2026-08-21 12:05:00-04:00,29419.75,29428.25,29392.0,29394.5,4768,0.0,0.0
2026-08-21 12:10:00-04:00,29394.75,29408.25,29390.0,29394.5,3725,0.0,0.0
2026-08-21 12:15:00-04:00,29393.75,29419.75,29390.25,29399.0,3815,0.0,0.0
2026-08-21 12:20:00-04:00,29398.5,29452.75,29388.75,29405.0,7066,0.0,0.0
2026-08-21 12:25:00-04:00,29404.0,29414.0,29397.0,29409.5,2397,0.0,0.0
2026-08-21 12:30:00-04:00,29410.0,29413.25,29394.75,29394.75,1933,0.0,0.0
2026-08-21 12:35:00-04:00,29395.25,29418.25,29393.5,29416.5,1935,0.0,0.0
2026-08-21 12:40:00-04:00,29416.0,29425.5,29411.5,29417.5,2061,0.0,0.0
2026-08-21 12:45:00-04:00,29417.0,29417.5,29399.75,29400.25,1779,0.0,0.0
2026-08-21 12:50:00-04:00,29400.25,29401.0,29380.75,29390.25,2854,0.0,0.0
2026-08-21 12:55:00-04:00,29390.5,29414.25,29382.5,29412.25,2557,0.0,0.0
2026-08-21 13:00:00-04:00,29412.0,29424.0,29408.0,29410.75,2674,0.0,0.0
2026-08-21 13:05:00-04:00,29410.0,29423.0,29403.0,29411.5,2468,0.0,0.0
2026-08-21 13:10:00-04:00,29411.5,29411.5,29398.75,29408.0,2210,0.0,0.0
2026-08-21 13:15:00-04:00,29408.0,29410.25,29398.25,29401.75,2018,0.0,0.0
2026-08-21 13:20:00-04:00,29401.25,29402.0,29376.25,29388.75,3290,0.0,0.0
2026-08-21 13:25:00-04:00,29388.5,29406.25,29378.5,29395.25,2310,0.0,0.0
2026-08-21 13:30:00-04:00,29396.0,29401.25,29385.25,29386.25,1906,0.0,0.0
2026-08-21 13:35:00-04:00,29385.5,29404.75,29382.75,29394.5,1968,0.0,0.0
2026-08-21 13:40:00-04:00,29394.5,29404.75,29386.0,29404.75,1445,0.0,0.0
2026-08-21 13:45:00-04:00,29404.75,29410.5,29395.25,29399.5,1935,0.0,0.0
2026-08-21 13:50:00-04:00,29399.0,29402.5,29388.0,29394.5,1691,0.0,0.0
2026-08-21 13:55:00-04:00,29393.25,29393.5,29381.5,29383.75,1618,0.0,0.0
2026-08-21 14:00:00-04:00,29383.25,29405.25,29378.75,29400.75,2941,0.0,0.0
2026-08-21 14:05:00-04:00,29400.5,29400.75,29373.5,29376.25,2461,0.0,0.0
2026-08-21 14:10:00-04:00,29376.5,29387.25,29372.25,29374.75,2045,0.0,0.0
2026-08-21 14:15:00-04:00,29374.25,29383.5,29367.25,29380.0,1749,0.0,0.0
2026-08-21 14:20:00-04:00,29380.0,29392.0,29377.75,29384.75,1982,0.0,0.0
2026-08-21 14:25:00-04:00,29384.5,29387.5,29362.75,29363.0,1946,0.0,0.0
2026-08-21 14:30:00-04:00,29363.0,29367.5,29353.75,29357.5,2241,0.0,0.0
2026-08-21 14:35:00-04:00,29357.5,29367.75,29357.5,29361.25,1416,0.0,0.0
2026-08-21 14:40:00-04:00,29361.25,29372.25,29360.75,29366.5,1509,0.0,0.0
2026-08-21 14:45:00-04:00,29366.5,29384.0,29363.5,29382.25,1491,0.0,0.0
2026-08-21 14:50:00-04:00,29382.5,29396.0,29382.25,29391.25,2066,0.0,0.0
2026-08-21 14:55:00-04:00,29391.25,29403.5,29385.25,29400.25,2016,0.0,0.0
2026-08-21 15:00:00-04:00,29400.0,29415.0,29391.25,29392.0,3642,0.0,0.0
2026-08-21 15:05:00-04:00,29392.25,29406.25,29388.75,29398.0,2300,0.0,0.0
2026-08-21 15:10:00-04:00,29397.75,29398.25,29384.25,29388.5,2163,0.0,0.0
2026-08-21 15:15:00-04:00,29388.25,29397.5,29380.25,29388.25,2515,0.0,0.0
2026-08-21 15:20:00-04:00,29387.5,29400.0,29383.75,29398.5,1877,0.0,0.0
2026-08-21 15:25:00-04:00,29398.75,29404.5,29393.75,29394.5,2344,0.0,0.0
2026-08-21 15:30:00-04:00,29393.5,29409.5,29393.5,29404.0,2536,0.0,0.0
2026-08-21 15:35:00-04:00,29403.75,29412.5,29399.0,29410.0,1898,0.0,0.0
2026-08-21 15:40:00-04:00,29409.5,29411.25,29397.0,29410.75,2381,0.0,0.0
2026-08-21 15:45:00-04:00,29410.75,29432.25,29408.25,29427.75,4070,0.0,0.0
2026-08-21 15:50:00-04:00,29427.25,29432.0,29391.5,29395.5,6292,0.0,0.0
2026-08-21 15:55:00-04:00,29395.75,29413.25,29375.25,29395.25,14632,0.0,0.0
2026-08-21 16:00:00-04:00,29395.75,29398.0,29377.5,29387.75,3409,0.0,0.0
2026-08-21 16:05:00-04:00,29387.5,29388.0,29370.25,29383.0,2017,0.0,0.0
2026-08-21 16:10:00-04:00,29382.75,29386.75,29376.0,29381.75,1340,0.0,0.0
2026-08-21 16:15:00-04:00,29382.0,29388.5,29376.75,29376.75,846,0.0,0.0
2026-08-21 16:20:00-04:00,29377.5,29380.75,29368.0,29371.5,743,0.0,0.0
2026-08-21 16:25:00-04:00,29371.25,29374.75,29367.75,29370.0,623,0.0,0.0
2026-08-21 16:30:00-04:00,29370.5,29379.25,29370.0,29378.25,378,0.0,0.0
2026-08-21 16:35:00-04:00,29378.25,29382.5,29376.5,29380.5,419,0.0,0.0
2026-08-21 16:40:00-04:00,29381.25,29388.0,29379.75,29385.25,664,0.0,0.0
2026-08-21 16:45:00-04:00,29384.75,29385.0,29372.0,29374.25,923,0.0,0.0
2026-08-21 16:50:00-04:00,29374.25,29379.25,29372.0,29377.0,449,0.0,0.0
2026-08-21 16:55:00-04:00,29376.75,29387.75,29373.0,29387.75,494,0.0,0.0
2026-08-23 18:10:00-04:00,29321.0,29332.0,29317.0,29331.75,191,0.0,0.0
2026-08-23 18:15:00-04:00,29330.25,29335.5,29313.0,29324.5,544,0.0,0.0
2026-08-23 18:20:00-04:00,29323.25,29341.75,29322.5,29336.0,482,0.0,0.0
2026-08-23 18:25:00-04:00,29336.75,29343.0,29335.75,29338.75,237,0.0,0.0
2026-08-23 18:30:00-04:00,29337.75,29346.0,29335.0,29340.25,290,0.0,0.0
2026-08-23 18:35:00-04:00,29340.25,29361.75,29337.25,29355.5,542,0.0,0.0
2026-08-23 18:40:00-04:00,29354.5,29384.75,29351.0,29382.25,656,0.0,0.0
2026-08-23 18:45:00-04:00,29381.25,29400.0,29380.75,29391.5,592,0.0,0.0
2026-08-23 18:50:00-04:00,29392.0,29393.75,29383.5,29385.0,307,0.0,0.0
2026-08-23 18:55:00-04:00,29385.0,29391.75,29384.75,29390.5,150,0.0,0.0
2026-08-23 19:00:00-04:00,29390.5,29391.5,29384.0,29388.5,163,0.0,0.0
2026-08-23 19:05:00-04:00,29388.25,29394.0,29386.0,29390.25,135,0.0,0.0
2026-08-23 19:10:00-04:00,29390.5,29393.25,29385.25,29387.0,108,0.0,0.0
2026-08-23 19:15:00-04:00,29387.25,29408.5,29386.5,29400.25,367,0.0,0.0
2026-08-23 19:20:00-04:00,29401.25,29418.0,29400.5,29417.5,361,0.0,0.0
2026-08-23 19:25:00-04:00,29415.5,29429.5,29415.25,29429.0,407,0.0,0.0
2026-08-23 19:30:00-04:00,29427.0,29448.0,29423.5,29438.5,614,0.0,0.0
2026-08-23 19:35:00-04:00,29437.75,29443.75,29433.75,29435.0,332,0.0,0.0
2026-08-23 19:40:00-04:00,29435.0,29436.75,29418.0,29420.0,585,0.0,0.0
2026-08-23 19:45:00-04:00,29419.75,29472.75,29419.5,29470.75,1034,0.0,0.0
2026-08-23 19:50:00-04:00,29469.0,29480.5,29453.75,29457.25,717,0.0,0.0
2026-08-23 19:55:00-04:00,29456.75,29475.75,29456.0,29467.75,455,0.0,0.0
2026-08-23 20:00:00-04:00,29466.5,29472.5,29431.0,29433.0,1352,0.0,0.0
2026-08-23 20:05:00-04:00,29437.5,29454.5,29423.5,29448.25,1197,0.0,0.0
2026-08-23 20:10:00-04:00,29450.5,29458.75,29428.75,29437.25,731,0.0,0.0
2026-08-23 20:15:00-04:00,29435.75,29437.75,29362.5,29366.75,2089,0.0,0.0
2026-08-23 20:20:00-04:00,29367.75,29382.0,29352.5,29376.25,1411,0.0,0.0
2026-08-23 20:25:00-04:00,29376.5,29376.5,29335.0,29356.5,1563,0.0,0.0
2026-08-23 20:30:00-04:00,29357.25,29359.0,29337.25,29352.75,766,0.0,0.0
2026-08-23 20:35:00-04:00,29351.5,29376.0,29340.0,29363.25,892,0.0,0.0
2026-08-23 20:40:00-04:00,29363.75,29377.5,29354.5,29354.75,473,0.0,0.0
2026-08-23 20:45:00-04:00,29355.5,29388.0,29351.5,29386.75,648,0.0,0.0
2026-08-23 20:50:00-04:00,29387.5,29388.0,29372.0,29383.25,600,0.0,0.0
2026-08-23 20:55:00-04:00,29383.5,29428.25,29381.75,29427.25,1342,0.0,0.0
2026-08-23 21:00:00-04:00,29425.75,29436.0,29393.25,29411.75,1101,0.0,0.0
2026-08-23 21:05:00-04:00,29415.0,29433.5,29406.0,29418.0,594,0.0,0.0
2026-08-23 21:10:00-04:00,29418.75,29443.5,29418.75,29435.0,548,0.0,0.0
2026-08-23 21:15:00-04:00,29436.25,29449.0,29431.25,29441.25,474,0.0,0.0
2026-08-23 21:20:00-04:00,29441.5,29442.5,29414.0,29421.25,515,0.0,0.0
2026-08-23 21:25:00-04:00,29420.25,29433.0,29407.75,29410.25,616,0.0,0.0
2026-08-23 21:30:00-04:00,29409.5,29410.75,29387.75,29404.5,709,0.0,0.0
2026-08-23 21:35:00-04:00,29404.25,29407.0,29383.5,29400.25,574,0.0,0.0
2026-08-23 21:40:00-04:00,29396.25,29408.5,29389.75,29394.25,418,0.0,0.0
2026-08-23 21:45:00-04:00,29392.0,29395.0,29369.25,29381.0,891,0.0,0.0
2026-08-23 21:50:00-04:00,29381.5,29404.75,29366.0,29367.75,628,0.0,0.0
2026-08-23 21:55:00-04:00,29366.5,29368.0,29321.0,29323.25,1168,0.0,0.0
2026-08-23 22:00:00-04:00,29321.5,29337.0,29303.5,29332.75,1636,0.0,0.0
2026-08-23 22:05:00-04:00,29330.25,29334.5,29301.25,29323.5,1172,0.0,0.0
2026-08-23 22:10:00-04:00,29321.75,29357.5,29301.5,29353.25,1107,0.0,0.0
2026-08-23 22:15:00-04:00,29353.25,29371.5,29350.75,29363.25,810,0.0,0.0
2026-08-23 22:20:00-04:00,29363.5,29368.5,29347.5,29354.0,466,0.0,0.0
2026-08-23 22:25:00-04:00,29352.0,29373.25,29350.0,29363.0,550,0.0,0.0
2026-08-23 22:30:00-04:00,29363.0,29371.0,29356.25,29368.75,313,0.0,0.0
2026-08-23 22:35:00-04:00,29367.75,29373.25,29359.75,29367.5,258,0.0,0.0
2026-08-23 22:40:00-04:00,29367.5,29372.0,29359.25,29370.25,450,0.0,0.0
2026-08-23 22:45:00-04:00,29370.5,29375.75,29351.0,29358.5,435,0.0,0.0
2026-08-23 22:50:00-04:00,29360.0,29364.0,29341.75,29349.5,576,0.0,0.0
2026-08-23 22:55:00-04:00,29349.5,29377.25,29342.75,29370.5,1034,0.0,0.0
2026-08-23 23:00:00-04:00,29371.25,29372.5,29338.5,29342.75,518,0.0,0.0
2026-08-23 23:05:00-04:00,29342.5,29344.5,29320.25,29322.75,535,0.0,0.0
2026-08-23 23:10:00-04:00,29321.75,29325.5,29303.25,29304.5,554,0.0,0.0
2026-08-23 23:15:00-04:00,29304.0,29314.0,29291.0,29294.5,1031,0.0,0.0
2026-08-23 23:20:00-04:00,29295.75,29310.5,29289.75,29301.25,692,0.0,0.0
2026-08-23 23:25:00-04:00,29302.25,29303.5,29290.25,29295.5,336,0.0,0.0
2026-08-23 23:30:00-04:00,29295.0,29298.0,29283.0,29297.5,527,0.0,0.0
2026-08-23 23:35:00-04:00,29296.5,29304.5,29284.5,29290.75,575,0.0,0.0
2026-08-23 23:40:00-04:00,29292.25,29305.0,29281.75,29284.5,465,0.0,0.0
2026-08-23 23:45:00-04:00,29284.0,29302.0,29278.75,29298.75,652,0.0,0.0
2026-08-23 23:50:00-04:00,29299.75,29305.0,29265.25,29271.75,780,0.0,0.0
2026-08-23 23:55:00-04:00,29270.75,29274.75,29261.25,29271.0,305,0.0,0.0
2026-08-24 00:00:00-04:00,29272.25,29281.25,29268.25,29279.25,428,0.0,0.0
2026-08-24 00:05:00-04:00,29278.75,29281.5,29271.0,29272.75,155,0.0,0.0
2026-08-24 00:10:00-04:00,29276.0,29299.0,29274.5,29299.0,508,0.0,0.0
2026-08-24 00:15:00-04:00,29299.0,29300.75,29284.25,29290.0,333,0.0,0.0
2026-08-24 00:20:00-04:00,29291.5,29300.0,29274.5,29277.25,434,0.0,0.0
2026-08-24 00:25:00-04:00,29276.75,29293.25,29271.25,29292.0,590,0.0,0.0
2026-08-24 00:30:00-04:00,29292.25,29299.25,29279.25,29287.0,306,0.0,0.0
2026-08-24 00:35:00-04:00,29287.0,29293.0,29276.5,29286.75,383,0.0,0.0
2026-08-24 00:40:00-04:00,29286.25,29299.5,29282.0,29299.25,260,0.0,0.0
2026-08-24 00:45:00-04:00,29299.25,29304.0,29285.75,29287.0,412,0.0,0.0
2026-08-24 00:50:00-04:00,29291.75,29292.75,29272.25,29274.75,298,0.0,0.0
2026-08-24 00:55:00-04:00,29275.25,29276.75,29263.0,29265.75,346,0.0,0.0
2026-08-24 01:00:00-04:00,29265.5,29275.75,29261.25,29267.75,383,0.0,0.0
2026-08-24 01:05:00-04:00,29266.75,29297.25,29266.75,29288.5,624,0.0,0.0
2026-08-24 01:10:00-04:00,29288.5,29295.5,29282.5,29293.5,262,0.0,0.0
2026-08-24 01:15:00-04:00,29293.25,29293.25,29265.0,29267.5,304,0.0,0.0
2026-08-24 01:20:00-04:00,29266.0,29270.0,29258.0,29258.25,493,0.0,0.0
2026-08-24 01:25:00-04:00,29258.5,29260.75,29247.0,29250.0,485,0.0,0.0
2026-08-24 01:30:00-04:00,29248.0,29249.75,29207.5,29217.5,1177,0.0,0.0
2026-08-24 01:35:00-04:00,29218.25,29255.5,29210.75,29233.0,1118,0.0,0.0
2026-08-24 01:40:00-04:00,29234.0,29266.5,29234.0,29238.75,751,0.0,0.0
2026-08-24 01:45:00-04:00,29238.0,29246.0,29220.0,29225.75,524,0.0,0.0
2026-08-24 01:50:00-04:00,29225.0,29235.0,29214.5,29214.75,778,0.0,0.0
2026-08-24 01:55:00-04:00,29216.75,29218.25,29188.0,29200.75,1648,0.0,0.0
2026-08-24 02:00:00-04:00,29200.25,29219.25,29164.0,29164.5,1514,0.0,0.0
2026-08-24 02:05:00-04:00,29165.75,29171.25,29143.0,29158.75,1823,0.0,0.0
2026-08-24 02:10:00-04:00,29159.25,29160.5,29142.5,29152.5,871,0.0,0.0
2026-08-24 02:15:00-04:00,29152.5,29178.5,29137.5,29140.0,1324,0.0,0.0
2026-08-24 02:20:00-04:00,29139.0,29168.0,29120.5,29167.75,958,0.0,0.0
2026-08-24 02:25:00-04:00,29168.75,29179.0,29163.0,29166.5,491,0.0,0.0
2026-08-24 02:30:00-04:00,29164.75,29170.5,29151.0,29167.75,471,0.0,0.0
2026-08-24 02:35:00-04:00,29167.0,29180.5,29163.0,29174.25,472,0.0,0.0
2026-08-24 02:40:00-04:00,29176.25,29178.0,29144.0,29149.5,504,0.0,0.0
2026-08-24 02:45:00-04:00,29151.0,29156.75,29142.0,29154.0,404,0.0,0.0
2026-08-24 02:50:00-04:00,29153.25,29175.75,29152.25,29174.75,439,0.0,0.0
2026-08-24 02:55:00-04:00,29176.75,29177.25,29161.0,29164.5,412,0.0,0.0
2026-08-24 03:00:00-04:00,29164.5,29180.75,29146.5,29167.5,746,0.0,0.0
2026-08-24 03:05:00-04:00,29165.75,29197.5,29161.25,29193.25,812,0.0,0.0
2026-08-24 03:10:00-04:00,29193.0,29205.0,29182.0,29200.25,498,0.0,0.0
2026-08-24 03:15:00-04:00,29200.5,29208.75,29185.25,29197.5,589,0.0,0.0
2026-08-24 03:20:00-04:00,29196.0,29196.25,29180.25,29187.5,359,0.0,0.0
2026-08-24 03:25:00-04:00,29188.75,29204.5,29178.5,29183.5,416,0.0,0.0
2026-08-24 03:30:00-04:00,29182.25,29207.5,29173.5,29206.0,588,0.0,0.0
2026-08-24 03:35:00-04:00,29207.25,29212.5,29190.5,29192.0,388,0.0,0.0
2026-08-24 03:40:00-04:00,29191.25,29191.75,29161.25,29162.75,645,0.0,0.0
2026-08-24 03:45:00-04:00,29163.25,29175.25,29156.25,29158.5,464,0.0,0.0
2026-08-24 03:50:00-04:00,29157.5,29161.5,29130.75,29146.75,874,0.0,0.0
2026-08-24 03:55:00-04:00,29146.0,29152.25,29134.25,29143.75,470,0.0,0.0
2026-08-24 04:00:00-04:00,29146.25,29156.0,29116.75,29127.75,1235,0.0,0.0
2026-08-24 04:05:00-04:00,29129.5,29209.0,29126.75,29163.5,1657,0.0,0.0
2026-08-24 04:10:00-04:00,29164.5,29188.25,29164.5,29184.5,397,0.0,0.0
2026-08-24 04:15:00-04:00,29183.5,29210.5,29171.75,29205.5,666,0.0,0.0
2026-08-24 04:20:00-04:00,29205.75,29208.25,29184.5,29192.5,546,0.0,0.0
2026-08-24 04:25:00-04:00,29193.75,29201.5,29174.75,29191.75,430,0.0,0.0
2026-08-24 04:30:00-04:00,29191.5,29203.5,29179.75,29197.0,322,0.0,0.0
2026-08-24 04:35:00-04:00,29196.25,29225.75,29192.0,29223.25,655,0.0,0.0
2026-08-24 04:40:00-04:00,29222.75,29225.25,29209.5,29224.5,400,0.0,0.0
2026-08-24 04:45:00-04:00,29224.25,29224.5,29214.75,29216.0,296,0.0,0.0
2026-08-24 04:50:00-04:00,29216.25,29240.0,29216.25,29232.75,530,0.0,0.0
2026-08-24 04:55:00-04:00,29233.25,29233.25,29213.5,29215.0,341,0.0,0.0
2026-08-24 05:00:00-04:00,29215.75,29245.5,29201.0,29242.75,865,0.0,0.0
2026-08-24 05:05:00-04:00,29242.5,29246.5,29230.0,29244.25,405,0.0,0.0
2026-08-24 05:10:00-04:00,29242.0,29247.75,29233.0,29234.0,296,0.0,0.0
2026-08-24 05:15:00-04:00,29233.0,29235.5,29219.25,29220.75,285,0.0,0.0
2026-08-24 05:20:00-04:00,29221.0,29224.5,29212.5,29217.75,327,0.0,0.0
2026-08-24 05:25:00-04:00,29216.75,29217.0,29208.25,29210.5,238,0.0,0.0
2026-08-24 05:30:00-04:00,29209.5,29226.0,29209.0,29225.25,452,0.0,0.0
2026-08-24 05:35:00-04:00,29224.5,29242.25,29221.75,29238.75,438,0.0,0.0
2026-08-24 05:40:00-04:00,29237.5,29238.75,29223.75,29236.5,289,0.0,0.0
2026-08-24 05:45:00-04:00,29236.0,29249.75,29231.25,29244.25,474,0.0,0.0
2026-08-24 05:50:00-04:00,29244.5,29245.75,29229.5,29232.25,229,0.0,0.0
2026-08-24 05:55:00-04:00,29232.5,29238.0,29227.0,29231.5,205,0.0,0.0
2026-08-24 06:00:00-04:00,29231.75,29244.75,29227.5,29244.25,395,0.0,0.0
2026-08-24 06:05:00-04:00,29244.75,29247.0,29232.0,29232.0,352,0.0,0.0
2026-08-24 06:10:00-04:00,29233.0,29236.0,29214.75,29214.75,453,0.0,0.0
2026-08-24 06:15:00-04:00,29216.0,29220.0,29212.0,29212.0,203,0.0,0.0
2026-08-24 06:20:00-04:00,29212.75,29236.0,29204.25,29232.0,617,0.0,0.0
2026-08-24 06:25:00-04:00,29232.5,29232.5,29208.0,29209.25,388,0.0,0.0
2026-08-24 06:30:00-04:00,29208.5,29240.0,29205.0,29236.75,556,0.0,0.0
2026-08-24 06:35:00-04:00,29238.0,29238.0,29220.5,29221.5,300,0.0,0.0
2026-08-24 06:40:00-04:00,29222.0,29222.25,29197.25,29210.0,531,0.0,0.0
2026-08-24 06:45:00-04:00,29208.25,29210.0,29195.25,29198.0,329,0.0,0.0
2026-08-24 06:50:00-04:00,29198.5,29199.25,29179.5,29186.5,441,0.0,0.0
2026-08-24 06:55:00-04:00,29187.0,29193.0,29183.25,29184.75,253,0.0,0.0
2026-08-24 07:00:00-04:00,29185.25,29192.5,29152.75,29155.5,1032,0.0,0.0
2026-08-24 07:05:00-04:00,29155.5,29166.5,29145.75,29163.5,698,0.0,0.0
2026-08-24 07:10:00-04:00,29164.75,29172.5,29150.5,29167.75,780,0.0,0.0
2026-08-24 07:15:00-04:00,29167.75,29179.75,29164.5,29177.75,475,0.0,0.0
2026-08-24 07:20:00-04:00,29179.0,29190.0,29175.0,29187.75,459,0.0,0.0
2026-08-24 07:25:00-04:00,29188.0,29203.0,29179.75,29183.0,620,0.0,0.0
2026-08-24 07:30:00-04:00,29183.5,29230.0,29183.0,29221.5,1038,0.0,0.0
2026-08-24 07:35:00-04:00,29225.5,29283.0,29223.25,29260.75,2774,0.0,0.0
2026-08-24 07:40:00-04:00,29261.75,29277.75,29250.25,29260.0,804,0.0,0.0
2026-08-24 07:45:00-04:00,29260.25,29260.5,29231.0,29239.75,1275,0.0,0.0
2026-08-24 07:50:00-04:00,29239.0,29249.5,29232.75,29249.5,398,0.0,0.0
2026-08-24 07:55:00-04:00,29248.75,29256.0,29239.5,29245.5,723,0.0,0.0
2026-08-24 08:00:00-04:00,29245.5,29245.75,29221.25,29222.0,644,0.0,0.0
2026-08-24 08:05:00-04:00,29221.25,29235.75,29217.75,29222.75,620,0.0,0.0
2026-08-24 08:10:00-04:00,29222.5,29225.0,29207.5,29211.5,784,0.0,0.0
2026-08-24 08:15:00-04:00,29212.25,29223.0,29203.5,29213.0,544,0.0,0.0
2026-08-24 08:20:00-04:00,29212.75,29231.25,29211.25,29225.25,669,0.0,0.0
2026-08-24 08:25:00-04:00,29225.5,29231.25,29213.75,29230.0,476,0.0,0.0
2026-08-24 08:30:00-04:00,29229.5,29232.0,29171.5,29198.0,2149,0.0,0.0
2026-08-24 08:35:00-04:00,29197.5,29226.5,29196.0,29212.25,914,0.0,0.0
2026-08-24 08:40:00-04:00,29211.5,29240.75,29194.5,29203.5,1340,0.0,0.0
2026-08-24 08:45:00-04:00,29206.0,29225.5,29199.75,29224.25,514,0.0,0.0
2026-08-24 08:50:00-04:00,29224.25,29232.75,29214.25,29218.25,506,0.0,0.0
2026-08-24 08:55:00-04:00,29219.25,29225.5,29204.75,29206.0,495,0.0,0.0
2026-08-24 09:00:00-04:00,29205.75,29217.5,29203.75,29214.0,776,0.0,0.0
2026-08-24 09:05:00-04:00,29214.75,29218.75,29196.75,29204.0,697,0.0,0.0
2026-08-24 09:10:00-04:00,29204.0,29220.25,29202.5,29208.25,762,0.0,0.0
2026-08-24 09:15:00-04:00,29208.75,29224.25,29201.0,29201.75,1038,0.0,0.0
2026-08-24 09:20:00-04:00,29201.75,29214.25,29196.5,29197.0,853,0.0,0.0
2026-08-24 09:25:00-04:00,29197.75,29236.75,29195.75,29235.0,3021,0.0,0.0
2026-08-24 09:30:00-04:00,29235.5,29243.0,29083.25,29112.75,21770,0.0,0.0
2026-08-24 09:35:00-04:00,29111.75,29145.75,29066.0,29080.0,14718,0.0,0.0
2026-08-24 09:40:00-04:00,29079.5,29091.25,28975.5,28978.75,15243,0.0,0.0
2026-08-24 09:45:00-04:00,28978.5,29030.75,28953.5,28990.75,14158,0.0,0.0
2026-08-24 09:50:00-04:00,28991.25,29013.75,28946.75,29009.0,11900,0.0,0.0
2026-08-24 09:55:00-04:00,29010.0,29038.0,28999.25,29021.75,8213,0.0,0.0
2026-08-24 10:00:00-04:00,29022.25,29036.75,28962.75,28975.0,10886,0.0,0.0
2026-08-24 10:05:00-04:00,28975.75,28998.75,28960.5,28977.5,7193,0.0,0.0
2026-08-24 10:10:00-04:00,28977.0,28996.0,28953.5,28993.25,6298,0.0,0.0
2026-08-24 10:15:00-04:00,28993.0,29008.75,28967.5,28977.5,6450,0.0,0.0
2026-08-24 10:20:00-04:00,28977.0,29033.25,28975.25,29001.75,6991,0.0,0.0
2026-08-24 10:25:00-04:00,29001.5,29019.5,28979.25,29012.25,5478,0.0,0.0
2026-08-24 10:30:00-04:00,29011.75,29081.5,29001.5,29076.5,8219,0.0,0.0
2026-08-24 10:35:00-04:00,29077.0,29095.75,29064.75,29081.25,6670,0.0,0.0
2026-08-24 10:40:00-04:00,29081.75,29110.75,29071.0,29085.5,6357,0.0,0.0
2026-08-24 10:45:00-04:00,29086.0,29110.0,29078.5,29106.75,4898,0.0,0.0
2026-08-24 10:50:00-04:00,29107.25,29110.25,29081.25,29096.25,4527,0.0,0.0
2026-08-24 10:55:00-04:00,29096.75,29107.0,29077.5,29082.75,4856,0.0,0.0
2026-08-24 11:00:00-04:00,29083.25,29096.75,29055.5,29059.0,4883,0.0,0.0
2026-08-24 11:05:00-04:00,29058.75,29069.5,29042.25,29060.5,4859,0.0,0.0
2026-08-24 11:10:00-04:00,29059.75,29079.5,29045.75,29048.5,4032,0.0,0.0
2026-08-24 11:15:00-04:00,29049.25,29064.5,29046.75,29058.75,2710,0.0,0.0
2026-08-24 11:20:00-04:00,29057.75,29084.75,29038.75,29081.25,4537,0.0,0.0
2026-08-24 11:25:00-04:00,29081.75,29137.0,29079.0,29121.25,8387,0.0,0.0
2026-08-24 11:30:00-04:00,29122.0,29139.0,29111.5,29135.25,6831,0.0,0.0
2026-08-24 11:35:00-04:00,29134.5,29164.0,29127.75,29158.0,5258,0.0,0.0
2026-08-24 11:40:00-04:00,29158.5,29182.0,29154.5,29175.75,6362,0.0,0.0
2026-08-24 11:45:00-04:00,29176.25,29205.5,29176.0,29186.25,5730,0.0,0.0
2026-08-24 11:50:00-04:00,29186.5,29197.5,29177.5,29181.75,3809,0.0,0.0
2026-08-24 11:55:00-04:00,29182.0,29182.75,29150.0,29168.75,4750,0.0,0.0
2026-08-24 12:00:00-04:00,29169.0,29189.25,29156.75,29172.75,5888,0.0,0.0
2026-08-24 12:05:00-04:00,29172.75,29180.0,29158.75,29159.0,2897,0.0,0.0
2026-08-24 12:10:00-04:00,29160.75,29181.25,29157.0,29180.75,2302,0.0,0.0
2026-08-24 12:15:00-04:00,29181.0,29210.25,29178.75,29198.5,4419,0.0,0.0
2026-08-24 12:20:00-04:00,29198.25,29224.75,29194.5,29204.5,3767,0.0,0.0
2026-08-24 12:25:00-04:00,29205.75,29208.0,29197.25,29203.75,1931,0.0,0.0
2026-08-24 12:30:00-04:00,29204.25,29212.25,29182.25,29188.25,3142,0.0,0.0
2026-08-24 12:35:00-04:00,29188.75,29203.25,29184.0,29186.75,2279,0.0,0.0
2026-08-24 12:40:00-04:00,29186.25,29189.5,29174.0,29185.25,2201,0.0,0.0
2026-08-24 12:45:00-04:00,29185.0,29189.0,29173.0,29188.25,2165,0.0,0.0
2026-08-24 12:50:00-04:00,29188.75,29192.75,29172.0,29181.75,2036,0.0,0.0
2026-08-24 12:55:00-04:00,29181.5,29183.25,29170.5,29171.0,1962,0.0,0.0
2026-08-24 13:00:00-04:00,29171.25,29172.25,29154.75,29158.75,3032,0.0,0.0
2026-08-24 13:05:00-04:00,29159.0,29198.25,29157.25,29190.75,3656,0.0,0.0
2026-08-24 13:10:00-04:00,29191.25,29210.5,29182.5,29194.25,3864,0.0,0.0
2026-08-24 13:15:00-04:00,29194.0,29195.25,29166.25,29167.0,3064,0.0,0.0
2026-08-24 13:20:00-04:00,29167.25,29169.75,29137.5,29144.25,3943,0.0,0.0
2026-08-24 13:25:00-04:00,29145.25,29158.0,29132.0,29140.0,3189,0.0,0.0
2026-08-24 13:30:00-04:00,29139.5,29142.5,29132.25,29136.75,1794,0.0,0.0
2026-08-24 13:35:00-04:00,29121.25,29133.0,29120.25,29131.75,3585,0.0,0.0
2026-08-24 13:40:00-04:00,29132.75,29137.0,29118.75,29119.25,2492,0.0,0.0
2026-08-24 13:45:00-04:00,29119.0,29137.5,29117.75,29131.75,2281,0.0,0.0
2026-08-24 13:50:00-04:00,29131.5,29143.0,29118.5,29121.75,3298,0.0,0.0
2026-08-24 13:55:00-04:00,29121.75,29126.0,29116.5,29123.0,1698,0.0,0.0
2026-08-24 14:00:00-04:00,29123.75,29156.5,29123.0,29148.75,3204,0.0,0.0
2026-08-24 14:05:00-04:00,29148.25,29184.5,29146.0,29180.0,3160,0.0,0.0
2026-08-24 14:10:00-04:00,29179.25,29188.75,29167.75,29187.0,2768,0.0,0.0
2026-08-24 14:15:00-04:00,29187.25,29200.25,29172.75,29176.5,2957,0.0,0.0
2026-08-24 14:20:00-04:00,29176.25,29221.25,29174.5,29217.0,4643,0.0,0.0
2026-08-24 14:25:00-04:00,29217.25,29224.0,29212.75,29218.25,2671,0.0,0.0
2026-08-24 14:30:00-04:00,29218.0,29233.25,29212.0,29220.0,4683,0.0,0.0
2026-08-24 14:35:00-04:00,29220.25,29224.75,29180.25,29186.75,3463,0.0,0.0
2026-08-24 14:40:00-04:00,29187.0,29196.75,29183.0,29190.0,2011,0.0,0.0
2026-08-24 14:45:00-04:00,29190.25,29193.5,29174.25,29178.75,1768,0.0,0.0
2026-08-24 14:50:00-04:00,29179.0,29187.25,29164.75,29168.0,2394,0.0,0.0
2026-08-24 14:55:00-04:00,29168.0,29174.5,29153.0,29154.0,2361,0.0,0.0
2026-08-24 15:00:00-04:00,29153.75,29162.25,29148.75,29154.5,2367,0.0,0.0
2026-08-24 15:05:00-04:00,29154.75,29162.0,29143.5,29147.0,2047,0.0,0.0
2026-08-24 15:10:00-04:00,29146.75,29161.5,29143.0,29155.25,2288,0.0,0.0
2026-08-24 15:15:00-04:00,29154.75,29160.5,29142.75,29157.5,2265,0.0,0.0
2026-08-24 15:20:00-04:00,29157.5,29167.0,29149.5,29155.75,2648,0.0,0.0
2026-08-24 15:25:00-04:00,29155.5,29163.25,29153.25,29158.75,1722,0.0,0.0
2026-08-24 15:30:00-04:00,29158.0,29173.0,29140.5,29142.25,3393,0.0,0.0
2026-08-24 15:35:00-04:00,29142.5,29144.0,29127.5,29132.0,2975,0.0,0.0
2026-08-24 15:40:00-04:00,29131.75,29137.5,29125.25,29131.0,2755,0.0,0.0
2026-08-24 15:45:00-04:00,29131.0,29134.25,29120.75,29132.25,3252,0.0,0.0
2026-08-24 15:50:00-04:00,29132.75,29142.0,29101.5,29125.0,7554,0.0,0.0
2026-08-24 15:55:00-04:00,29125.25,29125.25,29095.5,29099.5,15326,0.0,0.0
2026-08-24 16:00:00-04:00,29099.25,29117.0,29097.25,29108.75,4363,0.0,0.0
2026-08-24 16:05:00-04:00,29108.75,29124.75,29106.75,29112.25,1473,0.0,0.0
2026-08-24 16:10:00-04:00,29112.25,29113.5,29107.25,29109.25,761,0.0,0.0
2026-08-24 16:15:00-04:00,29109.5,29113.0,29106.25,29112.5,925,0.0,0.0
2026-08-24 16:20:00-04:00,29111.75,29112.25,29086.5,29087.5,1033,0.0,0.0
2026-08-24 16:25:00-04:00,29087.5,29087.75,29080.75,29084.0,623,0.0,0.0
2026-08-24 16:30:00-04:00,29083.75,29092.5,29083.5,29089.75,436,0.0,0.0
2026-08-24 16:35:00-04:00,29089.5,29101.25,29087.5,29099.5,410,0.0,0.0
2026-08-24 16:40:00-04:00,29099.0,29101.75,29096.0,29100.25,342,0.0,0.0
2026-08-24 16:45:00-04:00,29100.5,29104.75,29095.25,29096.5,606,0.0,0.0
2026-08-24 16:50:00-04:00,29097.25,29099.25,29089.25,29097.75,557,0.0,0.0
2026-08-24 16:55:00-04:00,29098.5,29136.5,29098.5,29131.25,992,0.0,0.0
2026-08-24 18:00:00-04:00,29140.5,29152.75,29121.75,29126.25,0,0.0,0.0
2026-08-24 18:05:00-04:00,29127.5,29151.0,29125.25,29126.25,520,0.0,0.0
2026-08-24 18:10:00-04:00,29126.25,29128.25,29120.0,29123.75,325,0.0,0.0
2026-08-24 18:15:00-04:00,29124.5,29129.5,29120.25,29124.75,216,0.0,0.0
2026-08-24 18:20:00-04:00,29123.5,29130.0,29120.0,29130.0,270,0.0,0.0
2026-08-24 18:25:00-04:00,29128.75,29129.25,29121.0,29126.75,95,0.0,0.0
2026-08-24 18:30:00-04:00,29123.75,29130.0,29113.5,29122.75,373,0.0,0.0
2026-08-24 18:35:00-04:00,29123.5,29128.75,29123.0,29125.75,61,0.0,0.0
2026-08-24 18:40:00-04:00,29125.5,29126.0,29115.0,29117.75,217,0.0,0.0
2026-08-24 18:45:00-04:00,29119.0,29120.25,29115.25,29116.75,128,0.0,0.0
2026-08-24 18:50:00-04:00,29117.0,29121.5,29111.5,29119.0,154,0.0,0.0
2026-08-24 18:55:00-04:00,29119.0,29121.25,29111.75,29121.0,252,0.0,0.0
2026-08-24 19:00:00-04:00,29121.0,29125.5,29116.5,29121.0,116,0.0,0.0
2026-08-24 19:05:00-04:00,29119.0,29124.75,29118.0,29124.25,111,0.0,0.0
2026-08-24 19:10:00-04:00,29124.0,29124.5,29120.5,29124.0,81,0.0,0.0
2026-08-24 19:15:00-04:00,29124.75,29128.25,29112.75,29118.0,362,0.0,0.0
2026-08-24 19:20:00-04:00,29118.5,29127.5,29116.25,29119.25,232,0.0,0.0
2026-08-24 19:25:00-04:00,29118.75,29121.0,29105.75,29106.75,344,0.0,0.0
2026-08-24 19:30:00-04:00,29107.25,29110.0,29097.0,29103.75,687,0.0,0.0
2026-08-24 19:35:00-04:00,29097.0,29099.5,29091.25,29093.5,399,0.0,0.0
2026-08-24 19:40:00-04:00,29092.25,29116.0,29072.0,29084.25,1435,0.0,0.0
2026-08-24 19:45:00-04:00,29086.25,29091.0,29081.75,29084.5,344,0.0,0.0
2026-08-24 19:50:00-04:00,29086.5,29100.0,29082.75,29083.75,493,0.0,0.0
2026-08-24 19:55:00-04:00,29083.0,29097.0,29081.5,29096.25,270,0.0,0.0
2026-08-24 20:00:00-04:00,29095.75,29102.25,29065.0,29065.25,1196,0.0,0.0
2026-08-24 20:05:00-04:00,29065.75,29084.0,29060.0,29062.25,836,0.0,0.0
2026-08-24 20:10:00-04:00,29062.75,29063.25,29038.25,29042.0,1094,0.0,0.0
2026-08-24 20:15:00-04:00,29041.5,29044.5,29017.0,29021.0,1367,0.0,0.0
2026-08-24 20:20:00-04:00,29021.0,29076.25,29021.0,29050.0,1530,0.0,0.0
2026-08-24 20:25:00-04:00,29050.5,29084.25,29040.0,29079.5,1263,0.0,0.0
2026-08-24 20:30:00-04:00,29079.25,29091.0,29070.75,29086.5,724,0.0,0.0
2026-08-24 20:35:00-04:00,29085.75,29102.0,29083.0,29086.25,698,0.0,0.0
2026-08-24 20:40:00-04:00,29086.75,29131.25,29082.25,29124.5,1139,0.0,0.0
2026-08-24 20:45:00-04:00,29123.75,29146.0,29106.0,29117.0,1101,0.0,0.0
2026-08-24 20:50:00-04:00,29117.75,29144.0,29116.5,29136.0,440,0.0,0.0
2026-08-24 20:55:00-04:00,29137.75,29141.0,29125.5,29126.5,381,0.0,0.0
2026-08-24 21:00:00-04:00,29128.0,29134.5,29115.75,29134.5,518,0.0,0.0
2026-08-24 21:05:00-04:00,29134.5,29141.5,29114.0,29137.25,669,0.0,0.0
2026-08-24 21:10:00-04:00,29138.0,29143.25,29121.25,29130.0,544,0.0,0.0
2026-08-24 21:15:00-04:00,29129.5,29136.75,29115.25,29129.5,512,0.0,0.0
2026-08-24 21:20:00-04:00,29128.75,29130.0,29097.75,29099.0,659,0.0,0.0
2026-08-24 21:25:00-04:00,29098.25,29123.5,29095.5,29115.0,585,0.0,0.0
2026-08-24 21:30:00-04:00,29114.25,29149.0,29108.5,29118.25,1479,0.0,0.0
2026-08-24 21:35:00-04:00,29116.75,29155.5,29115.0,29150.5,691,0.0,0.0
2026-08-24 21:40:00-04:00,29149.25,29152.5,29122.0,29134.0,557,0.0,0.0
2026-08-24 21:45:00-04:00,29135.5,29152.25,29132.75,29147.5,432,0.0,0.0
2026-08-24 21:50:00-04:00,29142.75,29148.25,29127.25,29145.5,417,0.0,0.0
2026-08-24 21:55:00-04:00,29145.25,29146.75,29125.5,29128.25,292,0.0,0.0
2026-08-24 22:00:00-04:00,29127.0,29145.5,29124.75,29139.75,648,0.0,0.0
2026-08-24 22:05:00-04:00,29137.5,29140.75,29106.0,29110.25,536,0.0,0.0
2026-08-24 22:10:00-04:00,29111.0,29117.25,29104.0,29117.0,641,0.0,0.0
2026-08-24 22:15:00-04:00,29117.0,29140.0,29104.0,29138.0,586,0.0,0.0
2026-08-24 22:20:00-04:00,29137.5,29144.5,29116.5,29144.5,447,0.0,0.0
2026-08-24 22:25:00-04:00,29143.75,29149.0,29119.25,29146.0,785,0.0,0.0
2026-08-24 22:30:00-04:00,29145.25,29168.25,29138.5,29155.25,875,0.0,0.0
2026-08-24 22:35:00-04:00,29157.25,29160.75,29134.25,29148.0,376,0.0,0.0
2026-08-24 22:40:00-04:00,29147.75,29166.5,29135.75,29138.75,607,0.0,0.0
2026-08-24 22:45:00-04:00,29137.0,29138.0,29118.25,29120.0,509,0.0,0.0
2026-08-24 22:50:00-04:00,29120.75,29121.25,29105.0,29113.0,563,0.0,0.0
2026-08-24 22:55:00-04:00,29111.5,29113.25,29093.5,29101.75,488,0.0,0.0
2026-08-24 23:00:00-04:00,29102.5,29128.25,29100.25,29120.5,616,0.0,0.0
2026-08-24 23:05:00-04:00,29121.75,29166.5,29121.5,29152.25,1059,0.0,0.0
2026-08-24 23:10:00-04:00,29151.5,29165.0,29146.75,29151.25,598,0.0,0.0
2026-08-24 23:15:00-04:00,29151.5,29176.25,29151.0,29169.5,827,0.0,0.0
2026-08-24 23:20:00-04:00,29170.25,29170.25,29153.75,29155.25,382,0.0,0.0
2026-08-24 23:25:00-04:00,29154.75,29175.25,29151.25,29175.0,391,0.0,0.0
2026-08-24 23:30:00-04:00,29174.5,29190.0,29168.25,29186.75,741,0.0,0.0
2026-08-24 23:35:00-04:00,29186.5,29188.75,29165.5,29171.5,575,0.0,0.0
2026-08-24 23:40:00-04:00,29171.5,29176.5,29163.5,29167.75,344,0.0,0.0
2026-08-24 23:45:00-04:00,29168.25,29168.25,29153.75,29155.0,282,0.0,0.0
2026-08-24 23:50:00-04:00,29155.25,29167.0,29151.75,29157.5,443,0.0,0.0
2026-08-24 23:55:00-04:00,29158.0,29165.0,29154.25,29157.75,218,0.0,0.0
2026-08-25 00:05:00-04:00,29190.0,29195.5,29183.75,29194.5,1197,0.0,0.0
2026-08-25 00:10:00-04:00,29193.5,29197.0,29183.25,29196.25,231,0.0,0.0
2026-08-25 00:15:00-04:00,29196.75,29200.0,29188.0,29191.25,377,0.0,0.0
2026-08-25 00:20:00-04:00,29192.5,29202.0,29191.0,29202.0,235,0.0,0.0
2026-08-25 00:25:00-04:00,29201.5,29207.25,29194.25,29201.0,409,0.0,0.0
2026-08-25 00:30:00-04:00,29201.75,29217.25,29198.0,29205.75,414,0.0,0.0
2026-08-25 00:35:00-04:00,29206.25,29207.75,29190.75,29202.0,286,0.0,0.0
2026-08-25 00:40:00-04:00,29200.75,29213.75,29197.0,29211.5,347,0.0,0.0
2026-08-25 00:45:00-04:00,29211.25,29216.5,29202.25,29211.0,354,0.0,0.0
2026-08-25 00:50:00-04:00,29209.75,29209.75,29185.0,29196.0,336,0.0,0.0
2026-08-25 00:55:00-04:00,29196.75,29201.5,29189.75,29198.75,349,0.0,0.0
2026-08-25 01:00:00-04:00,29200.25,29216.0,29190.0,29208.75,611,0.0,0.0
2026-08-25 01:05:00-04:00,29207.25,29211.0,29200.0,29202.5,329,0.0,0.0
2026-08-25 01:10:00-04:00,29203.5,29225.0,29199.75,29204.75,614,0.0,0.0
2026-08-25 01:15:00-04:00,29206.0,29223.5,29206.0,29212.5,484,0.0,0.0
2026-08-25 01:20:00-04:00,29212.75,29227.0,29206.75,29221.75,450,0.0,0.0
2026-08-25 01:25:00-04:00,29221.25,29225.75,29214.0,29220.25,261,0.0,0.0
2026-08-25 01:30:00-04:00,29219.25,29230.5,29215.0,29227.75,542,0.0,0.0
2026-08-25 01:35:00-04:00,29228.0,29234.75,29219.5,29224.0,437,0.0,0.0
2026-08-25 01:40:00-04:00,29224.0,29233.25,29201.25,29204.25,826,0.0,0.0
2026-08-25 01:45:00-04:00,29204.25,29221.25,29201.0,29214.5,436,0.0,0.0
2026-08-25 01:50:00-04:00,29213.75,29229.25,29210.0,29225.75,528,0.0,0.0
2026-08-25 01:55:00-04:00,29224.75,29241.0,29224.75,29232.0,938,0.0,0.0
2026-08-25 02:00:00-04:00,29231.75,29251.75,29230.0,29236.25,723,0.0,0.0
2026-08-25 02:10:00-04:00,29105.75,29259.0,29105.75,29248.0,1498,0.0,0.0
2026-08-25 02:15:00-04:00,29248.25,29266.0,29242.5,29262.25,623,0.0,0.0
2026-08-25 02:20:00-04:00,29263.0,29288.5,29254.75,29274.75,925,0.0,0.0
2026-08-25 02:25:00-04:00,29274.5,29282.25,29263.5,29266.25,462,0.0,0.0
2026-08-25 02:30:00-04:00,29265.25,29267.5,29254.0,29262.75,448,0.0,0.0
2026-08-25 02:35:00-04:00,29261.25,29263.75,29243.5,29248.0,347,0.0,0.0
2026-08-25 02:40:00-04:00,29247.75,29263.25,29247.25,29263.25,304,0.0,0.0
2026-08-25 02:45:00-04:00,29262.75,29262.75,29240.75,29242.25,349,0.0,0.0
2026-08-25 02:50:00-04:00,29242.5,29248.0,29236.25,29247.0,389,0.0,0.0
2026-08-25 02:55:00-04:00,29247.75,29263.25,29242.75,29263.25,566,0.0,0.0
2026-08-25 03:00:00-04:00,29263.5,29290.75,29262.5,29288.5,834,0.0,0.0
2026-08-25 03:05:00-04:00,29288.5,29289.0,29266.5,29270.5,435,0.0,0.0
2026-08-25 03:10:00-04:00,29269.5,29273.25,29250.0,29252.75,547,0.0,0.0
2026-08-25 03:15:00-04:00,29252.75,29263.5,29226.5,29230.5,688,0.0,0.0
2026-08-25 03:20:00-04:00,29230.25,29257.75,29226.75,29246.25,693,0.0,0.0
2026-08-25 03:25:00-04:00,29247.5,29252.75,29233.0,29248.25,561,0.0,0.0
2026-08-25 03:30:00-04:00,29246.25,29257.75,29242.5,29244.5,597,0.0,0.0
2026-08-25 03:35:00-04:00,29248.0,29248.5,29232.0,29238.0,492,0.0,0.0
2026-08-25 03:40:00-04:00,29237.75,29261.5,29232.75,29255.75,398,0.0,0.0
2026-08-25 03:45:00-04:00,29258.0,29259.0,29234.75,29240.25,329,0.0,0.0
2026-08-25 03:50:00-04:00,29239.75,29239.75,29226.25,29229.75,271,0.0,0.0
2026-08-25 03:55:00-04:00,29229.25,29240.75,29228.0,29231.75,215,0.0,0.0
2026-08-25 04:00:00-04:00,29233.5,29254.75,29214.5,29219.75,926,0.0,0.0
2026-08-25 04:05:00-04:00,29220.25,29239.75,29215.0,29233.5,505,0.0,0.0
2026-08-25 04:10:00-04:00,29233.5,29233.5,29212.25,29216.75,504,0.0,0.0
2026-08-25 04:15:00-04:00,29218.5,29254.0,29218.5,29238.75,583,0.0,0.0
2026-08-25 04:20:00-04:00,29237.0,29326.0,29233.5,29316.5,2323,0.0,0.0
2026-08-25 04:25:00-04:00,29312.25,29314.75,29271.25,29276.5,883,0.0,0.0
2026-08-25 04:30:00-04:00,29278.25,29298.25,29264.75,29285.0,613,0.0,0.0
2026-08-25 04:35:00-04:00,29286.0,29290.0,29257.0,29263.0,479,0.0,0.0
2026-08-25 04:40:00-04:00,29265.25,29282.0,29262.0,29282.0,356,0.0,0.0
2026-08-25 04:45:00-04:00,29282.25,29300.75,29282.0,29292.75,536,0.0,0.0
2026-08-25 04:50:00-04:00,29292.75,29305.5,29289.25,29291.25,396,0.0,0.0
2026-08-25 04:55:00-04:00,29290.0,29306.25,29283.5,29301.75,498,0.0,0.0
2026-08-25 05:00:00-04:00,29302.0,29310.25,29286.0,29309.5,538,0.0,0.0
2026-08-25 05:05:00-04:00,29308.5,29337.0,29299.0,29318.75,1147,0.0,0.0
2026-08-25 05:10:00-04:00,29320.0,29333.75,29313.75,29323.0,460,0.0,0.0
2026-08-25 05:15:00-04:00,29324.25,29334.75,29322.5,29330.0,334,0.0,0.0
2026-08-25 05:20:00-04:00,29330.5,29333.5,29321.25,29322.25,521,0.0,0.0
2026-08-25 05:25:00-04:00,29321.5,29321.75,29305.75,29318.0,455,0.0,0.0
2026-08-25 05:30:00-04:00,29317.0,29366.75,29315.0,29361.75,1329,0.0,0.0
2026-08-25 05:35:00-04:00,29361.5,29363.0,29341.5,29343.5,1020,0.0,0.0
2026-08-25 05:40:00-04:00,29344.25,29374.0,29341.75,29361.25,887,0.0,0.0
2026-08-25 05:45:00-04:00,29360.5,29389.5,29356.0,29389.0,1300,0.0,0.0
2026-08-25 05:50:00-04:00,29389.25,29403.75,29384.0,29400.0,1247,0.0,0.0
2026-08-25 05:55:00-04:00,29400.5,29425.75,29389.0,29392.5,1159,0.0,0.0
2026-08-25 06:00:00-04:00,29389.25,29392.5,29370.0,29379.0,638,0.0,0.0
2026-08-25 06:05:00-04:00,29379.0,29407.75,29377.75,29405.5,725,0.0,0.0
2026-08-25 06:10:00-04:00,29404.75,29410.25,29384.25,29389.75,696,0.0,0.0
2026-08-25 06:15:00-04:00,29391.25,29392.75,29379.5,29383.5,571,0.0,0.0
2026-08-25 06:20:00-04:00,29384.25,29385.0,29376.0,29379.5,399,0.0,0.0
2026-08-25 06:25:00-04:00,29378.75,29382.0,29367.25,29370.0,401,0.0,0.0
2026-08-25 06:30:00-04:00,29370.75,29379.75,29360.5,29368.5,519,0.0,0.0
2026-08-25 06:35:00-04:00,29369.0,29370.5,29362.25,29365.25,496,0.0,0.0
2026-08-25 06:40:00-04:00,29364.5,29369.25,29346.5,29347.5,510,0.0,0.0
2026-08-25 06:45:00-04:00,29347.0,29363.0,29346.25,29360.25,346,0.0,0.0
2026-08-25 06:50:00-04:00,29360.0,29369.5,29357.25,29362.75,436,0.0,0.0
2026-08-25 06:55:00-04:00,29362.5,29365.25,29350.0,29358.5,491,0.0,0.0
2026-08-25 07:00:00-04:00,29358.0,29362.25,29333.5,29335.25,929,0.0,0.0
2026-08-25 07:05:00-04:00,29335.25,29336.5,29304.0,29329.75,979,0.0,0.0
2026-08-25 07:10:00-04:00,29328.75,29344.5,29325.75,29340.25,604,0.0,0.0
2026-08-25 07:15:00-04:00,29340.25,29344.5,29320.0,29329.25,663,0.0,0.0
2026-08-25 07:20:00-04:00,29332.25,29355.0,29330.5,29350.25,734,0.0,0.0
2026-08-25 07:25:00-04:00,29349.5,29351.5,29326.0,29340.5,663,0.0,0.0
2026-08-25 07:30:00-04:00,29340.75,29357.0,29339.5,29345.75,548,0.0,0.0
2026-08-25 07:35:00-04:00,29345.75,29360.25,29344.25,29358.5,748,0.0,0.0
2026-08-25 07:40:00-04:00,29360.0,29362.25,29353.5,29358.25,431,0.0,0.0
2026-08-25 07:45:00-04:00,29357.25,29380.75,29355.25,29380.0,698,0.0,0.0
2026-08-25 07:50:00-04:00,29380.75,29390.5,29370.5,29372.75,722,0.0,0.0
2026-08-25 07:55:00-04:00,29372.0,29378.25,29365.0,29373.0,570,0.0,0.0
2026-08-25 08:00:00-04:00,29372.75,29382.75,29355.25,29378.0,753,0.0,0.0
2026-08-25 08:05:00-04:00,29378.25,29381.0,29368.0,29378.0,512,0.0,0.0
2026-08-25 08:10:00-04:00,29377.75,29382.0,29357.75,29380.75,709,0.0,0.0
2026-08-25 08:15:00-04:00,29380.5,29409.5,29378.0,29399.5,1729,0.0,0.0
2026-08-25 08:20:00-04:00,29399.5,29400.5,29363.75,29377.75,1244,0.0,0.0
2026-08-25 08:25:00-04:00,29378.25,29382.5,29371.25,29374.25,514,0.0,0.0
2026-08-25 08:30:00-04:00,29373.25,29373.25,29333.25,29339.0,1334,0.0,0.0
2026-08-25 08:35:00-04:00,29338.0,29339.0,29315.0,29320.0,1187,0.0,0.0
2026-08-25 08:40:00-04:00,29319.75,29337.25,29312.5,29328.0,1256,0.0,0.0
2026-08-25 08:45:00-04:00,29328.0,29331.25,29320.0,29327.75,658,0.0,0.0
2026-08-25 08:50:00-04:00,29327.75,29347.0,29326.25,29334.75,1265,0.0,0.0
2026-08-25 08:55:00-04:00,29334.75,29342.5,29332.75,29334.0,462,0.0,0.0
2026-08-25 09:00:00-04:00,29334.0,29341.75,29316.0,29324.5,1801,0.0,0.0
2026-08-25 09:05:00-04:00,29324.5,29332.25,29311.5,29324.75,1113,0.0,0.0
2026-08-25 09:10:00-04:00,29323.5,29344.75,29323.25,29329.25,1614,0.0,0.0
2026-08-25 09:15:00-04:00,29327.25,29342.0,29321.5,29333.75,1239,0.0,0.0
2026-08-25 09:20:00-04:00,29333.75,29338.0,29317.5,29319.25,1346,0.0,0.0
2026-08-25 09:25:00-04:00,29319.75,29340.75,29294.5,29296.25,2748,0.0,0.0
2026-08-25 09:30:00-04:00,29297.0,29376.25,29279.25,29375.25,17789,0.0,0.0
2026-08-25 09:35:00-04:00,29374.75,29376.0,29301.5,29316.0,13681,0.0,0.0
2026-08-25 09:40:00-04:00,29316.0,29374.25,29315.0,29349.75,11983,0.0,0.0
2026-08-25 09:45:00-04:00,29348.75,29414.75,29342.75,29393.0,13598,0.0,0.0
2026-08-25 09:50:00-04:00,29393.0,29396.25,29341.0,29343.25,10078,0.0,0.0
2026-08-25 09:55:00-04:00,29342.25,29345.5,29289.25,29312.75,9901,0.0,0.0
2026-08-25 10:00:00-04:00,29313.25,29315.0,29246.5,29261.25,12016,0.0,0.0
2026-08-25 10:05:00-04:00,29261.75,29279.75,29244.0,29259.0,7595,0.0,0.0
2026-08-25 10:10:00-04:00,29258.75,29285.25,29239.75,29246.0,6691,0.0,0.0
2026-08-25 10:15:00-04:00,29245.0,29269.5,29233.75,29242.75,7307,0.0,0.0
2026-08-25 10:20:00-04:00,29242.75,29255.25,29209.25,29229.25,8138,0.0,0.0
2026-08-25 10:25:00-04:00,29229.25,29252.25,29213.25,29215.25,6577,0.0,0.0
2026-08-25 10:30:00-04:00,29214.75,29249.5,29138.0,29206.75,13452,0.0,0.0
2026-08-25 10:35:00-04:00,29207.0,29268.75,29205.0,29258.75,6603,0.0,0.0
2026-08-25 10:40:00-04:00,29258.5,29261.25,29191.0,29219.25,6956,0.0,0.0
2026-08-25 10:45:00-04:00,29218.25,29230.5,29206.0,29218.5,4459,0.0,0.0
2026-08-25 10:50:00-04:00,29219.25,29260.25,29208.25,29244.75,4730,0.0,0.0
2026-08-25 10:55:00-04:00,29244.75,29250.0,29218.75,29232.5,4712,0.0,0.0
2026-08-25 11:00:00-04:00,29233.0,29235.75,29197.5,29204.75,4865,0.0,0.0
2026-08-25 11:05:00-04:00,29204.5,29226.5,29197.0,29214.5,3588,0.0,0.0
2026-08-25 11:10:00-04:00,29213.25,29231.25,29207.75,29223.0,2747,0.0,0.0
2026-08-25 11:15:00-04:00,29223.75,29245.0,29219.0,29236.5,3523,0.0,0.0
2026-08-25 11:20:00-04:00,29237.0,29261.25,29225.75,29236.75,4609,0.0,0.0
2026-08-25 11:25:00-04:00,29237.0,29282.0,29230.0,29276.75,3662,0.0,0.0
2026-08-25 11:30:00-04:00,29277.25,29309.75,29264.25,29268.0,6157,0.0,0.0
2026-08-25 11:35:00-04:00,29267.5,29301.75,29265.0,29271.5,4694,0.0,0.0
2026-08-25 11:40:00-04:00,29271.0,29276.0,29255.25,29267.25,3040,0.0,0.0
2026-08-25 11:45:00-04:00,29266.75,29266.75,29222.75,29228.5,3948,0.0,0.0
2026-08-25 11:50:00-04:00,29228.75,29264.0,29222.75,29257.25,3417,0.0,0.0
2026-08-25 11:55:00-04:00,29258.0,29274.25,29254.75,29262.0,3786,0.0,0.0
2026-08-25 12:00:00-04:00,29263.25,29289.5,29260.75,29274.0,3181,0.0,0.0
2026-08-25 12:05:00-04:00,29273.25,29287.25,29266.75,29268.0,2506,0.0,0.0
2026-08-25 12:10:00-04:00,29268.5,29280.25,29263.25,29277.75,2242,0.0,0.0
2026-08-25 12:15:00-04:00,29278.0,29290.0,29274.5,29286.25,2376,0.0,0.0
2026-08-25 12:20:00-04:00,29286.0,29294.0,29276.25,29286.5,2315,0.0,0.0
2026-08-25 12:25:00-04:00,29286.75,29298.5,29284.75,29293.75,2793,0.0,0.0
2026-08-25 12:30:00-04:00,29294.75,29299.75,29286.0,29287.75,1769,0.0,0.0
2026-08-25 12:35:00-04:00,29287.75,29294.0,29271.75,29291.75,2718,0.0,0.0
2026-08-25 12:40:00-04:00,29291.75,29292.25,29259.0,29265.25,3145,0.0,0.0
2026-08-25 12:45:00-04:00,29265.75,29283.25,29262.5,29270.5,2826,0.0,0.0
2026-08-25 12:50:00-04:00,29271.0,29272.25,29255.0,29259.0,2667,0.0,0.0
2026-08-25 12:55:00-04:00,29258.5,29282.0,29252.75,29274.75,3124,0.0,0.0
2026-08-25 13:00:00-04:00,29275.5,29279.0,29242.5,29243.0,3208,0.0,0.0
2026-08-25 13:05:00-04:00,29242.75,29248.0,29224.0,29234.25,3475,0.0,0.0
2026-08-25 13:10:00-04:00,29234.5,29245.25,29224.0,29243.0,2413,0.0,0.0
2026-08-25 13:15:00-04:00,29242.5,29258.5,29237.25,29256.75,3057,0.0,0.0
2026-08-25 13:20:00-04:00,29256.75,29257.5,29236.5,29236.5,2138,0.0,0.0
2026-08-25 13:25:00-04:00,29236.25,29236.5,29214.5,29224.5,3156,0.0,0.0
2026-08-25 13:30:00-04:00,29224.75,29232.25,29216.0,29228.25,2205,0.0,0.0
2026-08-25 13:35:00-04:00,29227.75,29234.5,29222.0,29229.0,1575,0.0,0.0
2026-08-25 13:40:00-04:00,29229.25,29230.25,29219.0,29222.25,1726,0.0,0.0
2026-08-25 13:45:00-04:00,29222.5,29231.5,29218.25,29225.75,1614,0.0,0.0
2026-08-25 13:50:00-04:00,29226.0,29231.0,29216.75,29227.75,1508,0.0,0.0
2026-08-25 13:55:00-04:00,29228.0,29232.25,29218.75,29227.25,1355,0.0,0.0
2026-08-25 14:00:00-04:00,29226.75,29227.5,29203.0,29204.0,3074,0.0,0.0
2026-08-25 14:05:00-04:00,29204.0,29217.5,29202.0,29210.5,2374,0.0,0.0
2026-08-25 14:10:00-04:00,29211.0,29221.0,29204.25,29206.0,2020,0.0,0.0
2026-08-25 14:15:00-04:00,29205.75,29214.25,29202.5,29213.75,1701,0.0,0.0
2026-08-25 14:20:00-04:00,29213.75,29227.5,29212.75,29221.5,2272,0.0,0.0
2026-08-25 14:25:00-04:00,29221.75,29222.75,29208.0,29219.75,1684,0.0,0.0
2026-08-25 14:30:00-04:00,29219.75,29244.5,29219.0,29242.5,3078,0.0,0.0
2026-08-25 14:35:00-04:00,29242.25,29252.25,29237.0,29246.25,2191,0.0,0.0
2026-08-25 14:40:00-04:00,29246.25,29259.25,29241.75,29257.75,2503,0.0,0.0
2026-08-25 14:45:00-04:00,29257.75,29275.0,29257.75,29269.75,3700,0.0,0.0
2026-08-25 14:50:00-04:00,29269.75,29270.75,29257.5,29259.75,2573,0.0,0.0
2026-08-25 14:55:00-04:00,29260.0,29264.75,29253.0,29255.5,2163,0.0,0.0
2026-08-25 15:00:00-04:00,29256.0,29266.5,29245.5,29246.5,2815,0.0,0.0
2026-08-25 15:05:00-04:00,29246.75,29252.25,29241.75,29247.75,1969,0.0,0.0
2026-08-25 15:10:00-04:00,29247.75,29249.0,29230.25,29234.75,2151,0.0,0.0
2026-08-25 15:15:00-04:00,29234.25,29238.75,29221.75,29225.5,2736,0.0,0.0
2026-08-25 15:20:00-04:00,29225.0,29226.75,29212.75,29223.75,2428,0.0,0.0
2026-08-25 15:25:00-04:00,29223.5,29227.75,29216.75,29226.0,1553,0.0,0.0
2026-08-25 15:30:00-04:00,29225.75,29227.5,29211.5,29227.0,2469,0.0,0.0
2026-08-25 15:35:00-04:00,29226.5,29241.25,29224.5,29234.5,2591,0.0,0.0
2026-08-25 15:40:00-04:00,29234.25,29257.75,29233.5,29239.0,3181,0.0,0.0
2026-08-25 15:45:00-04:00,29238.25,29247.25,29229.5,29243.0,2447,0.0,0.0
2026-08-25 15:50:00-04:00,29242.75,29286.75,29233.0,29283.25,7570,0.0,0.0
2026-08-25 15:55:00-04:00,29283.25,29289.5,29264.0,29270.25,11918,0.0,0.0
2026-08-25 16:00:00-04:00,29270.5,29284.75,29262.0,29274.5,5311,0.0,0.0
2026-08-25 16:05:00-04:00,29274.25,29294.75,29270.5,29288.75,1611,0.0,0.0
2026-08-25 16:10:00-04:00,29287.75,29293.5,29285.5,29288.75,1127,0.0,0.0
2026-08-25 16:15:00-04:00,29288.5,29295.0,29283.25,29294.0,795,0.0,0.0
2026-08-25 16:20:00-04:00,29294.5,29312.5,29291.75,29308.75,1446,0.0,0.0
2026-08-25 16:25:00-04:00,29308.5,29313.5,29300.0,29302.5,967,0.0,0.0
2026-08-25 16:30:00-04:00,29302.0,29308.75,29302.0,29305.0,527,0.0,0.0
2026-08-25 16:35:00-04:00,29304.5,29305.25,29292.5,29293.0,519,0.0,0.0
2026-08-25 16:40:00-04:00,29293.25,29293.25,29281.5,29282.25,476,0.0,0.0
2026-08-25 16:45:00-04:00,29282.25,29285.25,29268.75,29270.5,911,0.0,0.0
2026-08-25 16:50:00-04:00,29270.0,29287.75,29269.75,29284.75,602,0.0,0.0
2026-08-25 16:55:00-04:00,29284.75,29287.75,29280.5,29287.5,379,0.0,0.0
2026-08-25 18:00:00-04:00,29288.0,29309.75,29286.5,29302.5,0,0.0,0.0
2026-08-25 18:05:00-04:00,29302.0,29305.5,29290.75,29297.75,397,0.0,0.0
2026-08-25 18:10:00-04:00,29298.75,29299.75,29291.0,29293.25,195,0.0,0.0
2026-08-25 18:15:00-04:00,29293.5,29294.25,29289.5,29292.25,185,0.0,0.0
2026-08-25 18:20:00-04:00,29290.5,29293.25,29280.0,29290.75,383,0.0,0.0
2026-08-25 18:25:00-04:00,29290.25,29293.0,29285.5,29291.25,205,0.0,0.0
2026-08-25 18:30:00-04:00,29291.5,29293.0,29287.25,29290.25,121,0.0,0.0
2026-08-25 18:35:00-04:00,29290.25,29291.0,29282.0,29284.75,150,0.0,0.0
2026-08-25 18:40:00-04:00,29285.5,29289.25,29280.75,29288.25,194,0.0,0.0
2026-08-25 18:45:00-04:00,29287.25,29287.75,29280.75,29281.0,154,0.0,0.0
2026-08-25 18:50:00-04:00,29281.5,29283.25,29281.0,29283.0,58,0.0,0.0
2026-08-25 18:55:00-04:00,29283.25,29288.0,29281.75,29284.5,81,0.0,0.0
2026-08-25 19:00:00-04:00,29284.25,29288.5,29284.25,29286.75,106,0.0,0.0
2026-08-25 19:05:00-04:00,29286.25,29286.75,29273.75,29279.0,399,0.0,0.0
2026-08-25 19:10:00-04:00,29278.75,29278.75,29274.5,29275.75,96,0.0,0.0
2026-08-25 19:15:00-04:00,29276.25,29278.75,29273.25,29273.75,145,0.0,0.0
2026-08-25 19:20:00-04:00,29274.25,29274.25,29254.0,29262.0,701,0.0,0.0
2026-08-25 19:25:00-04:00,29261.0,29262.25,29245.25,29246.0,410,0.0,0.0
2026-08-25 19:30:00-04:00,29246.0,29248.5,29231.0,29239.75,710,0.0,0.0
2026-08-25 19:35:00-04:00,29238.25,29245.0,29237.0,29239.25,214,0.0,0.0
2026-08-25 19:40:00-04:00,29238.25,29242.75,29228.0,29234.75,323,0.0,0.0
2026-08-25 19:45:00-04:00,29233.0,29235.0,29218.5,29219.0,568,0.0,0.0
2026-08-25 19:50:00-04:00,29218.75,29224.75,29207.0,29219.5,915,0.0,0.0
2026-08-25 19:55:00-04:00,29220.5,29226.25,29209.0,29211.5,437,0.0,0.0
2026-08-25 20:00:00-04:00,29210.25,29223.0,29185.0,29212.25,1887,0.0,0.0
2026-08-25 20:05:00-04:00,29213.0,29221.75,29191.25,29220.0,976,0.0,0.0
2026-08-25 20:10:00-04:00,29220.75,29227.75,29208.0,29208.5,810,0.0,0.0
2026-08-25 20:15:00-04:00,29209.5,29238.5,29208.5,29223.25,928,0.0,0.0
2026-08-25 20:20:00-04:00,29221.25,29224.75,29199.25,29204.0,576,0.0,0.0
2026-08-25 20:25:00-04:00,29204.5,29205.75,29165.25,29184.25,1408,0.0,0.0
2026-08-25 20:30:00-04:00,29183.75,29188.0,29165.25,29166.25,947,0.0,0.0
2026-08-25 20:35:00-04:00,29167.25,29172.5,29146.75,29153.25,1651,0.0,0.0
2026-08-25 20:40:00-04:00,29154.25,29157.5,29138.0,29151.25,988,0.0,0.0
2026-08-25 20:45:00-04:00,29150.75,29160.0,29143.75,29150.0,694,0.0,0.0
2026-08-25 20:50:00-04:00,29150.75,29152.0,29126.5,29131.75,1114,0.0,0.0
2026-08-25 20:55:00-04:00,29131.25,29132.5,29110.5,29112.25,885,0.0,0.0
2026-08-25 21:00:00-04:00,29113.0,29142.25,29106.75,29141.25,1378,0.0,0.0
2026-08-25 21:05:00-04:00,29142.25,29147.0,29117.25,29126.0,964,0.0,0.0
2026-08-25 21:10:00-04:00,29126.25,29138.75,29120.5,29123.75,663,0.0,0.0
2026-08-25 21:15:00-04:00,29123.5,29134.0,29115.0,29117.0,697,0.0,0.0
2026-08-25 21:20:00-04:00,29118.25,29133.0,29100.0,29106.0,880,0.0,0.0
2026-08-25 21:25:00-04:00,29106.25,29111.25,29099.0,29109.75,549,0.0,0.0
2026-08-25 21:30:00-04:00,29110.5,29117.5,29096.75,29104.25,1105,0.0,0.0
2026-08-25 21:35:00-04:00,29104.75,29129.0,29096.0,29125.5,722,0.0,0.0
2026-08-25 21:40:00-04:00,29126.0,29128.0,29110.25,29116.25,565,0.0,0.0
2026-08-25 21:45:00-04:00,29117.5,29122.25,29104.75,29110.5,462,0.0,0.0
2026-08-25 21:50:00-04:00,29110.25,29126.75,29105.75,29123.5,391,0.0,0.0
2026-08-25 21:55:00-04:00,29123.75,29135.0,29122.0,29133.5,594,0.0,0.0
2026-08-25 22:00:00-04:00,29133.5,29143.75,29122.75,29133.0,610,0.0,0.0
2026-08-25 22:05:00-04:00,29134.25,29137.0,29119.25,29128.0,444,0.0,0.0
2026-08-25 22:10:00-04:00,29129.0,29144.5,29128.0,29143.25,637,0.0,0.0
2026-08-25 22:15:00-04:00,29143.0,29158.75,29140.5,29153.75,890,0.0,0.0
2026-08-25 22:20:00-04:00,29153.75,29170.0,29151.75,29161.75,646,0.0,0.0
2026-08-25 22:25:00-04:00,29162.0,29174.75,29161.25,29172.25,577,0.0,0.0
2026-08-25 22:30:00-04:00,29172.75,29187.0,29171.0,29181.25,801,0.0,0.0
2026-08-25 22:35:00-04:00,29182.5,29198.75,29177.75,29197.25,688,0.0,0.0
2026-08-25 22:40:00-04:00,29196.75,29217.75,29195.5,29217.0,1116,0.0,0.0
2026-08-25 22:45:00-04:00,29217.25,29228.25,29211.25,29220.5,841,0.0,0.0
2026-08-25 22:50:00-04:00,29221.0,29229.75,29215.75,29217.0,633,0.0,0.0
2026-08-25 22:55:00-04:00,29216.5,29227.25,29215.5,29220.25,245,0.0,0.0
2026-08-25 23:00:00-04:00,29221.5,29230.0,29212.0,29228.75,515,0.0,0.0
2026-08-25 23:05:00-04:00,29228.75,29230.5,29214.75,29217.5,305,0.0,0.0
2026-08-25 23:10:00-04:00,29217.25,29235.75,29216.0,29231.5,482,0.0,0.0
2026-08-25 23:15:00-04:00,29231.0,29232.0,29221.5,29225.5,319,0.0,0.0
2026-08-25 23:20:00-04:00,29226.25,29231.75,29221.25,29223.25,193,0.0,0.0
2026-08-25 23:25:00-04:00,29223.25,29223.5,29213.25,29214.75,295,0.0,0.0
2026-08-25 23:30:00-04:00,29215.5,29226.75,29205.0,29226.0,654,0.0,0.0
2026-08-25 23:35:00-04:00,29226.5,29244.0,29226.0,29239.5,800,0.0,0.0
2026-08-25 23:40:00-04:00,29238.5,29238.75,29231.25,29237.0,400,0.0,0.0
2026-08-25 23:45:00-04:00,29237.5,29263.5,29235.75,29263.25,974,0.0,0.0
2026-08-25 23:50:00-04:00,29263.75,29275.25,29262.0,29266.25,780,0.0,0.0
2026-08-25 23:55:00-04:00,29267.25,29272.5,29262.25,29267.0,513,0.0,0.0
2026-08-26 00:05:00-04:00,29265.25,29269.0,29263.5,29269.0,966,0.0,0.0
2026-08-26 00:10:00-04:00,29269.25,29279.75,29260.5,29273.0,483,0.0,0.0
2026-08-26 00:15:00-04:00,29273.25,29274.25,29262.0,29272.75,516,0.0,0.0
2026-08-26 00:20:00-04:00,29273.5,29277.5,29267.75,29269.5,322,0.0,0.0
2026-08-26 00:25:00-04:00,29269.75,29283.25,29266.75,29272.25,362,0.0,0.0
2026-08-26 00:30:00-04:00,29272.0,29275.25,29261.5,29265.0,376,0.0,0.0
2026-08-26 00:35:00-04:00,29265.5,29268.75,29253.5,29256.0,321,0.0,0.0
2026-08-26 00:40:00-04:00,29256.0,29260.5,29247.75,29250.75,534,0.0,0.0
2026-08-26 00:45:00-04:00,29251.0,29251.75,29217.25,29224.75,823,0.0,0.0
2026-08-26 00:50:00-04:00,29223.75,29236.75,29220.75,29232.5,549,0.0,0.0
2026-08-26 00:55:00-04:00,29232.0,29236.25,29223.0,29226.75,228,0.0,0.0
2026-08-26 01:00:00-04:00,29227.75,29258.75,29226.5,29250.25,712,0.0,0.0
2026-08-26 01:05:00-04:00,29251.25,29259.75,29235.0,29258.0,537,0.0,0.0
2026-08-26 01:10:00-04:00,29257.25,29257.25,29236.0,29239.25,351,0.0,0.0
2026-08-26 01:15:00-04:00,29238.5,29248.75,29229.0,29240.0,467,0.0,0.0
2026-08-26 01:20:00-04:00,29239.25,29245.5,29235.0,29243.0,166,0.0,0.0
2026-08-26 01:25:00-04:00,29243.5,29247.5,29233.75,29245.0,255,0.0,0.0
2026-08-26 01:30:00-04:00,29246.0,29262.75,29246.0,29254.5,406,0.0,0.0
2026-08-26 01:35:00-04:00,29252.0,29252.0,29241.25,29245.25,211,0.0,0.0
2026-08-26 01:40:00-04:00,29246.0,29251.5,29242.25,29248.25,102,0.0,0.0
2026-08-26 01:45:00-04:00,29247.25,29247.75,29231.75,29234.5,275,0.0,0.0
2026-08-26 01:50:00-04:00,29236.0,29239.5,29226.0,29227.0,216,0.0,0.0
2026-08-26 01:55:00-04:00,29227.75,29244.25,29226.0,29243.0,427,0.0,0.0
2026-08-26 02:00:00-04:00,29242.25,29248.75,29216.0,29219.5,574,0.0,0.0
2026-08-26 02:05:00-04:00,29217.25,29221.0,29212.0,29218.25,360,0.0,0.0
2026-08-26 02:10:00-04:00,29218.5,29231.5,29215.0,29217.0,421,0.0,0.0
2026-08-26 02:15:00-04:00,29215.0,29219.0,29203.5,29213.0,506,0.0,0.0
2026-08-26 02:20:00-04:00,29212.5,29213.75,29204.75,29211.75,231,0.0,0.0
2026-08-26 02:25:00-04:00,29212.5,29226.5,29203.75,29218.75,422,0.0,0.0
2026-08-26 02:30:00-04:00,29218.25,29234.5,29209.75,29232.0,285,0.0,0.0
2026-08-26 02:35:00-04:00,29232.25,29242.0,29229.0,29236.25,503,0.0,0.0
2026-08-26 02:40:00-04:00,29235.75,29256.75,29235.75,29255.25,374,0.0,0.0
2026-08-26 02:45:00-04:00,29255.75,29277.25,29254.75,29261.5,894,0.0,0.0
2026-08-26 02:50:00-04:00,29261.75,29262.25,29236.5,29239.25,384,0.0,0.0
2026-08-26 02:55:00-04:00,29238.25,29256.75,29232.25,29252.75,394,0.0,0.0
2026-08-26 03:00:00-04:00,29252.25,29256.25,29232.75,29251.5,763,0.0,0.0
2026-08-26 03:05:00-04:00,29252.0,29257.75,29213.25,29216.5,496,0.0,0.0
2026-08-26 03:10:00-04:00,29216.75,29237.0,29201.25,29236.75,917,0.0,0.0
2026-08-26 03:15:00-04:00,29237.0,29244.5,29225.25,29230.0,469,0.0,0.0
2026-08-26 03:20:00-04:00,29230.25,29230.25,29210.25,29214.75,433,0.0,0.0
2026-08-26 03:25:00-04:00,29215.0,29216.25,29192.25,29199.0,885,0.0,0.0
2026-08-26 03:30:00-04:00,29201.25,29205.5,29185.75,29196.5,516,0.0,0.0
2026-08-26 03:35:00-04:00,29194.25,29211.0,29194.25,29200.0,433,0.0,0.0
2026-08-26 03:40:00-04:00,29199.5,29204.75,29193.25,29199.25,276,0.0,0.0
2026-08-26 03:45:00-04:00,29199.5,29219.25,29194.25,29197.0,431,0.0,0.0
2026-08-26 03:50:00-04:00,29198.25,29205.5,29187.25,29204.0,351,0.0,0.0
2026-08-26 03:55:00-04:00,29201.25,29215.25,29200.0,29212.25,241,0.0,0.0
2026-08-26 04:00:00-04:00,29213.0,29235.75,29198.25,29231.0,893,0.0,0.0
2026-08-26 04:05:00-04:00,29228.25,29241.5,29213.75,29237.75,603,0.0,0.0
2026-08-26 04:10:00-04:00,29238.0,29245.25,29202.0,29205.75,578,0.0,0.0
2026-08-26 04:15:00-04:00,29205.5,29228.0,29194.25,29198.75,515,0.0,0.0
2026-08-26 04:20:00-04:00,29199.0,29201.0,29185.0,29196.25,657,0.0,0.0
2026-08-26 04:25:00-04:00,29197.5,29235.5,29195.5,29235.5,510,0.0,0.0
2026-08-26 04:30:00-04:00,29234.75,29242.75,29211.75,29230.5,522,0.0,0.0
2026-08-26 04:35:00-04:00,29230.25,29239.75,29228.0,29238.5,204,0.0,0.0
2026-08-26 04:40:00-04:00,29239.5,29251.0,29234.5,29242.5,294,0.0,0.0
2026-08-26 04:45:00-04:00,29241.0,29241.25,29230.0,29231.25,165,0.0,0.0
2026-08-26 04:50:00-04:00,29232.75,29235.75,29223.75,29225.75,172,0.0,0.0
2026-08-26 04:55:00-04:00,29225.0,29228.0,29209.75,29228.0,336,0.0,0.0
2026-08-26 05:00:00-04:00,29227.75,29234.75,29217.0,29221.25,341,0.0,0.0
2026-08-26 05:05:00-04:00,29220.75,29223.5,29213.5,29214.0,125,0.0,0.0
2026-08-26 05:10:00-04:00,29213.75,29223.75,29213.75,29218.75,127,0.0,0.0
2026-08-26 05:15:00-04:00,29218.25,29221.5,29204.5,29210.0,291,0.0,0.0
2026-08-26 05:20:00-04:00,29210.25,29219.75,29196.0,29196.0,392,0.0,0.0
2026-08-26 05:25:00-04:00,29197.0,29206.5,29191.25,29198.0,436,0.0,0.0
2026-08-26 05:30:00-04:00,29200.0,29219.25,29198.5,29205.75,352,0.0,0.0
2026-08-26 05:35:00-04:00,29207.5,29211.0,29204.0,29209.5,216,0.0,0.0
2026-08-26 05:40:00-04:00,29211.5,29218.5,29208.25,29214.75,89,0.0,0.0
2026-08-26 05:45:00-04:00,29214.0,29225.25,29213.75,29224.5,278,0.0,0.0
2026-08-26 05:50:00-04:00,29225.5,29235.5,29221.25,29231.25,311,0.0,0.0
2026-08-26 05:55:00-04:00,29232.0,29236.5,29229.0,29234.5,169,0.0,0.0
2026-08-26 06:00:00-04:00,29234.25,29235.0,29212.25,29216.75,310,0.0,0.0
2026-08-26 06:05:00-04:00,29216.0,29222.0,29210.5,29214.0,219,0.0,0.0
2026-08-26 06:10:00-04:00,29213.5,29213.5,29196.0,29198.0,327,0.0,0.0
2026-08-26 06:15:00-04:00,29197.25,29212.0,29196.5,29210.25,302,0.0,0.0
2026-08-26 06:20:00-04:00,29211.25,29217.0,29196.25,29216.25,387,0.0,0.0
2026-08-26 06:25:00-04:00,29215.75,29217.0,29200.0,29200.25,212,0.0,0.0
2026-08-26 06:30:00-04:00,29201.0,29229.75,29188.75,29227.5,714,0.0,0.0
2026-08-26 06:35:00-04:00,29228.0,29240.5,29225.0,29235.75,452,0.0,0.0
2026-08-26 06:40:00-04:00,29236.25,29242.25,29225.75,29228.5,243,0.0,0.0
2026-08-26 06:45:00-04:00,29228.5,29240.25,29224.0,29238.25,235,0.0,0.0
2026-08-26 06:50:00-04:00,29237.75,29239.5,29224.5,29229.5,448,0.0,0.0
2026-08-26 06:55:00-04:00,29230.0,29239.5,29227.25,29237.5,214,0.0,0.0
2026-08-26 07:00:00-04:00,29237.5,29264.5,29235.0,29259.75,836,0.0,0.0
2026-08-26 07:05:00-04:00,29259.25,29259.25,29235.75,29239.5,367,0.0,0.0
2026-08-26 07:10:00-04:00,29240.0,29257.0,29238.75,29254.0,331,0.0,0.0
2026-08-26 07:15:00-04:00,29253.0,29278.75,29252.25,29257.5,1116,0.0,0.0
2026-08-26 07:20:00-04:00,29257.75,29260.0,29247.75,29248.75,421,0.0,0.0
2026-08-26 07:25:00-04:00,29247.75,29253.5,29234.75,29253.0,435,0.0,0.0
2026-08-26 07:30:00-04:00,29252.25,29261.75,29240.5,29242.75,506,0.0,0.0
2026-08-26 07:35:00-04:00,29242.25,29243.5,29202.5,29205.0,955,0.0,0.0
2026-08-26 07:40:00-04:00,29205.0,29214.75,29193.0,29209.5,830,0.0,0.0
2026-08-26 07:45:00-04:00,29210.25,29212.75,29186.0,29192.0,896,0.0,0.0
2026-08-26 07:50:00-04:00,29194.5,29227.5,29194.0,29218.25,1013,0.0,0.0
2026-08-26 07:55:00-04:00,29217.0,29222.75,29214.0,29219.5,396,0.0,0.0
2026-08-26 08:00:00-04:00,29220.75,29223.5,29202.5,29219.75,715,0.0,0.0
2026-08-26 08:05:00-04:00,29219.25,29222.25,29203.5,29212.0,476,0.0,0.0
2026-08-26 08:10:00-04:00,29212.25,29221.25,29200.0,29215.75,724,0.0,0.0
2026-08-26 08:15:00-04:00,29215.5,29216.5,29190.0,29203.25,827,0.0,0.0
2026-08-26 08:20:00-04:00,29203.25,29235.75,29199.5,29230.25,1053,0.0,0.0
2026-08-26 08:25:00-04:00,29231.0,29259.5,29227.25,29257.25,1142,0.0,0.0
2026-08-26 08:30:00-04:00,29256.75,29263.25,29163.0,29177.0,4566,0.0,0.0
2026-08-26 08:35:00-04:00,29177.0,29181.0,29149.75,29172.75,2268,0.0,0.0
2026-08-26 08:40:00-04:00,29172.0,29188.5,29161.0,29164.75,1813,0.0,0.0
2026-08-26 08:45:00-04:00,29165.0,29181.0,29149.5,29175.25,1878,0.0,0.0
2026-08-26 08:50:00-04:00,29174.5,29181.5,29133.25,29145.25,2802,0.0,0.0
2026-08-26 08:55:00-04:00,29145.25,29162.75,29139.25,29150.75,2546,0.0,0.0
2026-08-26 09:00:00-04:00,29151.75,29164.75,29144.0,29153.25,1823,0.0,0.0
2026-08-26 09:05:00-04:00,29154.0,29166.5,29133.5,29138.25,1519,0.0,0.0
2026-08-26 09:10:00-04:00,29138.5,29173.0,29134.75,29171.75,1330,0.0,0.0
2026-08-26 09:15:00-04:00,29172.25,29174.0,29159.75,29164.75,1332,0.0,0.0
2026-08-26 09:20:00-04:00,29164.25,29164.75,29153.5,29162.0,1020,0.0,0.0
2026-08-26 09:25:00-04:00,29163.5,29175.0,29155.5,29173.75,2295,0.0,0.0
2026-08-26 09:30:00-04:00,29174.5,29283.0,29174.25,29256.0,17330,0.0,0.0
2026-08-26 09:35:00-04:00,29256.0,29275.5,29206.75,29236.75,13878,0.0,0.0
2026-08-26 09:40:00-04:00,29236.0,29313.25,29223.75,29291.0,12440,0.0,0.0
2026-08-26 09:45:00-04:00,29290.75,29316.0,29267.5,29268.5,9202,0.0,0.0
2026-08-26 09:50:00-04:00,29269.25,29309.0,29252.5,29307.5,7704,0.0,0.0
2026-08-26 09:55:00-04:00,29307.75,29332.75,29294.0,29331.25,6814,0.0,0.0
2026-08-26 10:00:00-04:00,29331.5,29332.5,29296.75,29305.25,5739,0.0,0.0
2026-08-26 10:05:00-04:00,29305.25,29311.0,29273.5,29281.25,4828,0.0,0.0
2026-08-26 10:10:00-04:00,29281.75,29283.75,29235.5,29246.0,6115,0.0,0.0
2026-08-26 10:15:00-04:00,29246.25,29262.75,29230.5,29238.25,5041,0.0,0.0
2026-08-26 10:20:00-04:00,29238.75,29244.25,29200.0,29202.75,6112,0.0,0.0
2026-08-26 10:25:00-04:00,29202.75,29208.75,29156.75,29178.25,8651,0.0,0.0
2026-08-26 10:30:00-04:00,29178.25,29204.0,29176.0,29197.25,5201,0.0,0.0
2026-08-26 10:35:00-04:00,29196.25,29231.75,29183.25,29214.0,5002,0.0,0.0
2026-08-26 10:40:00-04:00,29213.5,29238.5,29212.5,29221.0,4171,0.0,0.0
2026-08-26 10:45:00-04:00,29221.5,29244.5,29206.25,29238.5,4098,0.0,0.0
2026-08-26 10:50:00-04:00,29238.0,29268.0,29238.0,29241.25,4398,0.0,0.0
2026-08-26 10:55:00-04:00,29241.25,29259.0,29234.5,29252.25,3248,0.0,0.0
2026-08-26 11:00:00-04:00,29251.75,29272.75,29246.0,29261.5,3777,0.0,0.0
2026-08-26 11:05:00-04:00,29261.0,29283.0,29259.75,29269.75,3218,0.0,0.0
2026-08-26 11:10:00-04:00,29270.0,29276.0,29250.0,29257.5,3184,0.0,0.0
2026-08-26 11:15:00-04:00,29257.25,29257.75,29222.5,29244.0,3985,0.0,0.0
2026-08-26 11:20:00-04:00,29242.75,29261.25,29233.5,29241.0,2964,0.0,0.0
2026-08-26 11:25:00-04:00,29240.0,29267.0,29236.5,29256.5,3217,0.0,0.0
2026-08-26 11:30:00-04:00,29256.75,29260.0,29220.75,29230.25,3406,0.0,0.0
2026-08-26 11:35:00-04:00,29230.25,29257.25,29228.5,29251.0,2937,0.0,0.0
2026-08-26 11:40:00-04:00,29251.0,29289.75,29248.0,29283.0,4052,0.0,0.0
2026-08-26 11:45:00-04:00,29282.25,29291.0,29274.75,29288.75,2454,0.0,0.0
2026-08-26 11:50:00-04:00,29289.0,29291.5,29231.75,29235.75,6353,0.0,0.0
2026-08-26 11:55:00-04:00,29235.0,29245.75,29215.5,29217.75,3268,0.0,0.0
2026-08-26 12:00:00-04:00,29217.75,29219.25,29189.0,29214.0,5012,0.0,0.0
2026-08-26 12:05:00-04:00,29213.25,29224.25,29201.0,29207.0,2982,0.0,0.0
2026-08-26 12:10:00-04:00,29207.5,29213.75,29198.5,29200.0,1995,0.0,0.0
2026-08-26 12:15:00-04:00,29201.25,29205.75,29192.5,29202.75,2098,0.0,0.0
2026-08-26 12:20:00-04:00,29203.0,29215.75,29199.75,29211.25,1932,0.0,0.0
2026-08-26 12:25:00-04:00,29211.5,29212.75,29199.5,29207.0,1207,0.0,0.0
2026-08-26 12:30:00-04:00,29207.25,29220.0,29205.25,29213.75,1562,0.0,0.0
2026-08-26 12:35:00-04:00,29213.75,29219.0,29181.0,29182.75,2583,0.0,0.0
2026-08-26 12:40:00-04:00,29182.25,29194.0,29170.0,29174.5,2867,0.0,0.0
2026-08-26 12:45:00-04:00,29174.75,29198.5,29171.75,29183.25,2569,0.0,0.0
2026-08-26 12:50:00-04:00,29183.0,29193.0,29175.5,29185.5,1595,0.0,0.0
2026-08-26 12:55:00-04:00,29185.0,29224.75,29184.75,29216.75,4276,0.0,0.0
2026-08-26 13:00:00-04:00,29216.0,29232.5,29210.5,29228.5,2679,0.0,0.0
2026-08-26 13:05:00-04:00,29227.75,29238.0,29217.75,29234.25,1691,0.0,0.0
2026-08-26 13:10:00-04:00,29234.0,29242.25,29230.25,29238.0,2038,0.0,0.0
2026-08-26 13:15:00-04:00,29238.25,29262.0,29238.0,29253.0,3530,0.0,0.0
2026-08-26 13:20:00-04:00,29253.5,29270.0,29253.0,29268.75,2444,0.0,0.0
2026-08-26 13:25:00-04:00,29268.5,29270.75,29256.5,29267.25,2132,0.0,0.0
2026-08-26 13:30:00-04:00,29268.0,29281.5,29262.75,29278.25,3190,0.0,0.0
2026-08-26 13:35:00-04:00,29278.5,29287.75,29274.5,29280.5,2280,0.0,0.0
2026-08-26 13:40:00-04:00,29280.75,29291.75,29272.75,29281.5,2228,0.0,0.0
2026-08-26 13:45:00-04:00,29281.5,29286.25,29267.5,29270.0,2077,0.0,0.0
2026-08-26 13:50:00-04:00,29270.25,29288.5,29269.75,29287.0,2635,0.0,0.0
2026-08-26 13:55:00-04:00,29287.0,29293.75,29283.0,29284.25,2019,0.0,0.0
2026-08-26 14:00:00-04:00,29284.5,29285.0,29271.5,29277.5,1752,0.0,0.0
2026-08-26 14:05:00-04:00,29278.25,29296.0,29277.25,29290.75,1993,0.0,0.0
2026-08-26 14:10:00-04:00,29290.75,29292.0,29266.0,29270.0,2122,0.0,0.0
2026-08-26 14:15:00-04:00,29270.75,29286.75,29264.75,29281.5,2535,0.0,0.0
2026-08-26 14:20:00-04:00,29282.5,29292.25,29276.0,29277.5,1556,0.0,0.0
2026-08-26 14:25:00-04:00,29276.5,29285.0,29271.25,29280.0,1768,0.0,0.0
2026-08-26 14:30:00-04:00,29279.75,29303.5,29275.75,29297.25,2774,0.0,0.0
2026-08-26 14:35:00-04:00,29297.25,29299.75,29290.0,29292.0,1471,0.0,0.0
2026-08-26 14:40:00-04:00,29292.0,29298.0,29288.0,29295.0,1474,0.0,0.0
2026-08-26 14:45:00-04:00,29295.0,29328.75,29294.75,29319.75,4327,0.0,0.0
2026-08-26 14:50:00-04:00,29319.5,29327.0,29310.0,29318.75,2303,0.0,0.0
2026-08-26 14:55:00-04:00,29318.25,29329.75,29315.75,29321.75,2524,0.0,0.0
2026-08-26 15:00:00-04:00,29321.25,29368.25,29317.75,29367.0,5599,0.0,0.0
2026-08-26 15:05:00-04:00,29366.25,29368.25,29347.25,29347.5,2948,0.0,0.0
2026-08-26 15:10:00-04:00,29348.0,29352.25,29330.25,29340.5,2803,0.0,0.0
2026-08-26 15:15:00-04:00,29340.5,29357.25,29339.0,29354.5,2113,0.0,0.0
2026-08-26 15:20:00-04:00,29354.25,29354.75,29332.25,29346.0,2730,0.0,0.0
2026-08-26 15:25:00-04:00,29345.75,29355.25,29335.75,29338.0,2295,0.0,0.0
2026-08-26 15:30:00-04:00,29338.0,29345.5,29329.5,29343.25,2850,0.0,0.0
2026-08-26 15:35:00-04:00,29343.25,29344.5,29322.0,29322.75,3076,0.0,0.0
2026-08-26 15:40:00-04:00,29322.75,29329.0,29307.5,29309.5,3016,0.0,0.0
2026-08-26 15:45:00-04:00,29309.25,29337.0,29305.5,29335.25,4005,0.0,0.0
2026-08-26 15:50:00-04:00,29335.5,29341.5,29281.25,29291.25,5997,0.0,0.0
2026-08-26 15:55:00-04:00,29290.75,29310.75,29280.25,29297.25,12963,0.0,0.0
2026-08-26 16:00:00-04:00,29297.0,29348.25,29283.25,29336.25,5378,0.0,0.0
2026-08-26 16:05:00-04:00,29335.25,29375.0,29335.0,29353.25,2502,0.0,0.0
2026-08-26 16:10:00-04:00,29354.25,29367.0,29349.0,29362.25,818,0.0,0.0
2026-08-26 16:15:00-04:00,29360.75,29383.75,29354.5,29381.5,1425,0.0,0.0
2026-08-26 16:20:00-04:00,29379.75,29382.0,29291.0,29345.5,6657,0.0,0.0
2026-08-26 16:25:00-04:00,29344.75,29362.75,29319.0,29342.25,2458,0.0,0.0
2026-08-26 16:30:00-04:00,29342.0,29346.25,29317.0,29328.0,1476,0.0,0.0
2026-08-26 16:35:00-04:00,29327.5,29355.0,29325.0,29343.0,976,0.0,0.0
2026-08-26 16:40:00-04:00,29343.0,29356.0,29333.75,29340.0,828,0.0,0.0
2026-08-26 16:45:00-04:00,29339.0,29382.0,29336.75,29382.0,1155,0.0,0.0
2026-08-26 16:50:00-04:00,29382.0,29398.25,29377.0,29391.0,1502,0.0,0.0
2026-08-26 16:55:00-04:00,29390.75,29437.75,29386.25,29432.5,1255,0.0,0.0
2026-08-26 18:00:00-04:00,29499.5,29582.25,29499.25,29572.75,0,0.0,0.0
2026-08-26 18:05:00-04:00,29573.75,29576.25,29550.5,29562.0,1516,0.0,0.0
2026-08-26 18:10:00-04:00,29560.75,29575.0,29551.25,29566.0,1173,0.0,0.0
2026-08-26 18:15:00-04:00,29565.5,29596.75,29554.25,29584.0,1552,0.0,0.0
2026-08-26 18:20:00-04:00,29583.75,29602.0,29579.0,29590.0,908,0.0,0.0
2026-08-26 18:25:00-04:00,29589.75,29594.75,29578.5,29583.75,473,0.0,0.0
2026-08-26 18:30:00-04:00,29583.5,29600.0,29581.0,29598.75,522,0.0,0.0
2026-08-26 18:35:00-04:00,29600.0,29618.0,29600.0,29603.0,1153,0.0,0.0
2026-08-26 18:40:00-04:00,29602.5,29617.25,29597.25,29617.25,800,0.0,0.0
2026-08-26 18:45:00-04:00,29615.75,29616.75,29607.5,29612.25,437,0.0,0.0
2026-08-26 18:50:00-04:00,29612.0,29628.5,29605.25,29606.5,1052,0.0,0.0
2026-08-26 18:55:00-04:00,29606.25,29611.0,29599.25,29606.5,318,0.0,0.0
2026-08-26 19:00:00-04:00,29605.0,29615.5,29602.5,29605.0,708,0.0,0.0
2026-08-26 19:05:00-04:00,29605.25,29608.75,29591.75,29597.5,562,0.0,0.0
2026-08-26 19:10:00-04:00,29598.0,29602.5,29591.0,29592.25,372,0.0,0.0
2026-08-26 19:15:00-04:00,29593.25,29593.25,29585.0,29589.0,280,0.0,0.0
2026-08-26 19:20:00-04:00,29588.0,29606.75,29587.0,29606.25,537,0.0,0.0
2026-08-26 19:25:00-04:00,29605.25,29612.5,29589.5,29602.5,547,0.0,0.0
2026-08-26 19:30:00-04:00,29602.75,29606.0,29594.5,29604.25,201,0.0,0.0
2026-08-26 19:35:00-04:00,29604.75,29611.75,29599.5,29606.5,221,0.0,0.0
2026-08-26 19:40:00-04:00,29605.25,29608.75,29603.75,29606.5,97,0.0,0.0
2026-08-26 19:45:00-04:00,29606.25,29626.5,29605.0,29622.0,563,0.0,0.0
2026-08-26 19:50:00-04:00,29622.75,29626.5,29610.0,29616.75,461,0.0,0.0
2026-08-26 19:55:00-04:00,29617.5,29653.0,29614.75,29646.5,1289,0.0,0.0
2026-08-26 20:00:00-04:00,29648.25,29654.75,29614.0,29615.25,1366,0.0,0.0
2026-08-26 20:05:00-04:00,29615.5,29634.5,29605.0,29608.0,964,0.0,0.0
2026-08-26 20:10:00-04:00,29609.0,29611.25,29578.0,29590.0,1260,0.0,0.0
2026-08-26 20:15:00-04:00,29590.0,29590.5,29558.0,29565.0,1197,0.0,0.0
2026-08-26 20:20:00-04:00,29564.75,29585.0,29564.0,29580.75,831,0.0,0.0
2026-08-26 20:25:00-04:00,29581.0,29583.25,29562.25,29581.0,641,0.0,0.0
2026-08-26 20:30:00-04:00,29580.5,29581.25,29533.5,29535.75,1384,0.0,0.0
2026-08-26 20:35:00-04:00,29535.0,29539.5,29504.0,29514.5,1841,0.0,0.0
2026-08-26 20:40:00-04:00,29515.25,29521.5,29476.25,29478.0,1770,0.0,0.0
2026-08-26 20:45:00-04:00,29478.0,29479.5,29446.0,29461.0,2310,0.0,0.0
2026-08-26 20:50:00-04:00,29460.75,29466.0,29440.0,29444.25,1199,0.0,0.0
2026-08-26 20:55:00-04:00,29444.0,29456.0,29438.25,29445.75,1061,0.0,0.0
2026-08-26 21:00:00-04:00,29443.75,29469.75,29432.5,29463.25,1961,0.0,0.0
2026-08-26 21:05:00-04:00,29467.25,29486.5,29461.75,29484.25,1065,0.0,0.0
2026-08-26 21:10:00-04:00,29485.25,29490.0,29445.5,29452.75,1214,0.0,0.0
2026-08-26 21:15:00-04:00,29452.0,29484.0,29447.75,29481.25,888,0.0,0.0
2026-08-26 21:20:00-04:00,29481.75,29498.25,29478.75,29497.25,768,0.0,0.0
2026-08-26 21:25:00-04:00,29495.75,29509.25,29490.75,29503.25,695,0.0,0.0
2026-08-26 21:30:00-04:00,29503.0,29523.5,29497.0,29517.0,943,0.0,0.0
2026-08-26 21:35:00-04:00,29518.25,29535.0,29514.25,29529.5,746,0.0,0.0
2026-08-26 21:40:00-04:00,29530.0,29531.5,29491.75,29492.75,1125,0.0,0.0
2026-08-26 21:45:00-04:00,29493.75,29542.0,29493.75,29538.75,909,0.0,0.0
2026-08-26 21:50:00-04:00,29537.5,29554.0,29533.75,29553.75,680,0.0,0.0
2026-08-26 21:55:00-04:00,29553.0,29554.25,29525.75,29529.75,820,0.0,0.0
2026-08-26 22:00:00-04:00,29531.75,29541.0,29525.75,29540.75,734,0.0,0.0
2026-08-26 22:05:00-04:00,29538.0,29540.0,29516.75,29539.5,586,0.0,0.0
2026-08-26 22:10:00-04:00,29540.0,29544.25,29530.75,29539.75,492,0.0,0.0
2026-08-26 22:15:00-04:00,29540.75,29542.25,29528.75,29536.0,214,0.0,0.0
2026-08-26 22:20:00-04:00,29535.25,29541.75,29528.5,29533.5,228,0.0,0.0
2026-08-26 22:25:00-04:00,29533.0,29543.25,29525.75,29539.0,286,0.0,0.0
2026-08-26 22:30:00-04:00,29538.75,29555.0,29536.75,29552.5,468,0.0,0.0
2026-08-26 22:35:00-04:00,29552.75,29553.25,29543.0,29552.5,373,0.0,0.0
2026-08-26 22:40:00-04:00,29552.25,29553.0,29530.5,29541.25,476,0.0,0.0
2026-08-26 22:45:00-04:00,29541.75,29547.75,29536.75,29540.5,312,0.0,0.0
2026-08-26 22:50:00-04:00,29539.75,29560.5,29539.75,29551.0,513,0.0,0.0
2026-08-26 22:55:00-04:00,29551.75,29555.5,29544.5,29548.75,444,0.0,0.0
2026-08-26 23:00:00-04:00,29550.5,29563.0,29543.25,29554.25,537,0.0,0.0
2026-08-26 23:05:00-04:00,29554.5,29554.5,29536.0,29538.25,522,0.0,0.0
2026-08-26 23:10:00-04:00,29540.25,29541.25,29530.0,29540.25,343,0.0,0.0
2026-08-26 23:15:00-04:00,29541.0,29556.25,29540.75,29556.25,271,0.0,0.0
2026-08-26 23:20:00-04:00,29556.0,29573.5,29551.25,29572.5,614,0.0,0.0
2026-08-26 23:25:00-04:00,29572.5,29575.75,29561.25,29564.25,312,0.0,0.0
2026-08-26 23:30:00-04:00,29566.0,29572.25,29551.25,29561.0,494,0.0,0.0
2026-08-26 23:35:00-04:00,29561.25,29561.25,29547.75,29551.0,173,0.0,0.0
2026-08-26 23:40:00-04:00,29551.0,29555.25,29541.75,29541.75,282,0.0,0.0
2026-08-26 23:45:00-04:00,29543.5,29552.5,29535.5,29539.25,292,0.0,0.0
2026-08-26 23:50:00-04:00,29539.5,29547.0,29526.5,29537.5,434,0.0,0.0
2026-08-26 23:55:00-04:00,29538.75,29550.25,29533.5,29534.25,379,0.0,0.0
2026-08-27 00:05:00-04:00,29533.75,29537.5,29532.75,29536.25,396,0.0,0.0
2026-08-27 00:10:00-04:00,29534.75,29536.0,29529.25,29534.0,131,0.0,0.0
2026-08-27 00:15:00-04:00,29534.75,29550.25,29532.75,29544.5,327,0.0,0.0
2026-08-27 00:20:00-04:00,29544.0,29549.75,29537.5,29547.0,193,0.0,0.0
2026-08-27 00:25:00-04:00,29547.25,29551.75,29528.5,29528.5,268,0.0,0.0
2026-08-27 00:30:00-04:00,29528.5,29530.25,29518.0,29521.75,386,0.0,0.0
2026-08-27 00:35:00-04:00,29521.0,29522.5,29505.25,29505.25,373,0.0,0.0
2026-08-27 00:40:00-04:00,29505.25,29513.0,29498.25,29504.25,481,0.0,0.0
2026-08-27 00:45:00-04:00,29503.5,29520.75,29495.25,29502.5,651,0.0,0.0
2026-08-27 00:50:00-04:00,29504.75,29511.0,29494.5,29497.0,275,0.0,0.0
2026-08-27 00:55:00-04:00,29496.0,29502.75,29493.0,29497.25,327,0.0,0.0
2026-08-27 01:00:00-04:00,29501.5,29504.25,29474.75,29481.25,793,0.0,0.0
2026-08-27 01:05:00-04:00,29480.25,29493.25,29475.0,29476.5,554,0.0,0.0
2026-08-27 01:10:00-04:00,29475.75,29491.0,29472.75,29484.5,459,0.0,0.0
2026-08-27 01:15:00-04:00,29482.25,29482.25,29448.0,29452.0,737,0.0,0.0
2026-08-27 01:20:00-04:00,29452.25,29474.75,29449.75,29473.0,621,0.0,0.0
2026-08-27 01:25:00-04:00,29473.0,29478.75,29461.0,29468.0,638,0.0,0.0
2026-08-27 01:30:00-04:00,29466.25,29467.75,29451.0,29457.5,484,0.0,0.0
2026-08-27 01:35:00-04:00,29455.25,29461.25,29445.25,29460.0,513,0.0,0.0
2026-08-27 01:40:00-04:00,29458.75,29472.75,29438.5,29442.5,799,0.0,0.0
2026-08-27 01:45:00-04:00,29441.5,29462.25,29437.75,29460.5,458,0.0,0.0
2026-08-27 01:50:00-04:00,29461.75,29465.0,29438.0,29442.25,666,0.0,0.0
2026-08-27 01:55:00-04:00,29443.0,29443.0,29428.5,29438.75,696,0.0,0.0
2026-08-27 02:00:00-04:00,29437.5,29437.5,29419.25,29421.5,1211,0.0,0.0
2026-08-27 02:05:00-04:00,29420.25,29428.0,29403.5,29406.0,959,0.0,0.0
2026-08-27 02:10:00-04:00,29406.5,29434.75,29401.75,29432.5,1065,0.0,0.0
2026-08-27 02:15:00-04:00,29433.0,29449.25,29432.5,29442.0,713,0.0,0.0
2026-08-27 02:20:00-04:00,29443.75,29448.0,29436.0,29443.75,340,0.0,0.0
2026-08-27 02:25:00-04:00,29444.0,29451.0,29432.0,29450.75,611,0.0,0.0
2026-08-27 02:30:00-04:00,29451.5,29464.75,29449.0,29462.25,548,0.0,0.0
2026-08-27 02:35:00-04:00,29462.0,29472.0,29457.5,29471.5,508,0.0,0.0
2026-08-27 02:40:00-04:00,29471.5,29490.5,29471.25,29489.25,622,0.0,0.0
2026-08-27 02:45:00-04:00,29489.0,29497.0,29482.25,29483.25,570,0.0,0.0
2026-08-27 02:50:00-04:00,29484.5,29487.0,29478.0,29480.75,404,0.0,0.0
2026-08-27 02:55:00-04:00,29480.5,29500.0,29480.5,29499.5,559,0.0,0.0
2026-08-27 03:00:00-04:00,29498.75,29507.5,29477.25,29507.5,1122,0.0,0.0
2026-08-27 03:05:00-04:00,29507.5,29525.5,29504.25,29521.0,1134,0.0,0.0
2026-08-27 03:10:00-04:00,29522.25,29538.5,29518.5,29536.0,743,0.0,0.0
2026-08-27 03:15:00-04:00,29537.0,29542.25,29527.75,29537.75,667,0.0,0.0
2026-08-27 03:20:00-04:00,29537.0,29540.75,29524.25,29528.75,644,0.0,0.0
2026-08-27 03:25:00-04:00,29528.5,29548.75,29524.0,29548.25,718,0.0,0.0
2026-08-27 03:30:00-04:00,29547.75,29549.75,29533.0,29542.0,880,0.0,0.0
2026-08-27 03:35:00-04:00,29541.75,29544.75,29506.0,29507.0,838,0.0,0.0
2026-08-27 03:40:00-04:00,29506.5,29515.0,29499.0,29504.0,652,0.0,0.0
2026-08-27 03:45:00-04:00,29504.75,29519.0,29500.75,29512.75,350,0.0,0.0
2026-08-27 03:50:00-04:00,29513.5,29535.75,29507.25,29533.25,556,0.0,0.0
2026-08-27 03:55:00-04:00,29534.0,29548.25,29533.25,29539.5,514,0.0,0.0
2026-08-27 04:00:00-04:00,29538.75,29572.0,29537.0,29570.25,1227,0.0,0.0
2026-08-27 04:05:00-04:00,29570.5,29600.0,29570.5,29598.5,1171,0.0,0.0
2026-08-27 04:10:00-04:00,29598.5,29624.0,29595.25,29622.0,1242,0.0,0.0
2026-08-27 04:15:00-04:00,29622.5,29624.0,29596.75,29608.75,1006,0.0,0.0
2026-08-27 04:20:00-04:00,29609.0,29620.0,29599.75,29617.75,808,0.0,0.0
2026-08-27 04:25:00-04:00,29618.75,29659.75,29615.25,29656.5,1815,0.0,0.0
2026-08-27 04:30:00-04:00,29656.75,29658.0,29627.0,29627.5,919,0.0,0.0
2026-08-27 04:35:00-04:00,29629.25,29634.75,29617.75,29626.5,812,0.0,0.0
2026-08-27 04:40:00-04:00,29627.0,29640.5,29610.25,29629.5,1034,0.0,0.0
2026-08-27 04:45:00-04:00,29632.5,29659.75,29630.5,29652.25,983,0.0,0.0
2026-08-27 04:50:00-04:00,29652.25,29662.0,29628.75,29632.5,983,0.0,0.0
2026-08-27 04:55:00-04:00,29629.75,29635.25,29622.0,29623.75,656,0.0,0.0
2026-08-27 05:00:00-04:00,29624.75,29634.25,29590.25,29591.75,1603,0.0,0.0
2026-08-27 05:05:00-04:00,29590.5,29612.5,29581.25,29605.75,1112,0.0,0.0
2026-08-27 05:10:00-04:00,29606.25,29610.0,29582.75,29584.0,458,0.0,0.0
2026-08-27 05:15:00-04:00,29584.25,29590.0,29568.0,29587.25,838,0.0,0.0
2026-08-27 05:20:00-04:00,29588.25,29608.5,29579.0,29608.0,532,0.0,0.0
2026-08-27 05:25:00-04:00,29608.0,29615.0,29594.5,29598.0,730,0.0,0.0
2026-08-27 05:30:00-04:00,29597.75,29625.5,29596.75,29620.0,1121,0.0,0.0
2026-08-27 05:35:00-04:00,29619.5,29620.5,29609.25,29614.5,601,0.0,0.0
2026-08-27 05:40:00-04:00,29616.25,29619.75,29611.25,29615.0,776,0.0,0.0
2026-08-27 05:45:00-04:00,29614.5,29634.5,29613.5,29619.25,910,0.0,0.0
2026-08-27 05:50:00-04:00,29620.0,29630.75,29605.75,29619.25,615,0.0,0.0
2026-08-27 05:55:00-04:00,29618.5,29619.0,29599.5,29602.0,564,0.0,0.0
2026-08-27 06:00:00-04:00,29602.25,29602.75,29582.25,29596.25,562,0.0,0.0
2026-08-27 06:05:00-04:00,29596.0,29604.0,29594.5,29597.5,350,0.0,0.0
2026-08-27 06:10:00-04:00,29598.0,29606.25,29586.5,29598.75,350,0.0,0.0
2026-08-27 06:15:00-04:00,29598.75,29603.75,29583.75,29583.75,332,0.0,0.0
2026-08-27 06:20:00-04:00,29583.5,29592.0,29579.0,29586.5,374,0.0,0.0
2026-08-27 06:25:00-04:00,29583.75,29588.0,29577.0,29579.75,358,0.0,0.0
2026-08-27 06:30:00-04:00,29580.75,29585.75,29575.5,29582.75,341,0.0,0.0
2026-08-27 06:35:00-04:00,29583.0,29583.75,29570.0,29572.0,514,0.0,0.0
2026-08-27 06:40:00-04:00,29572.0,29602.75,29570.75,29600.0,519,0.0,0.0
2026-08-27 06:45:00-04:00,29599.75,29601.0,29584.5,29584.5,381,0.0,0.0
2026-08-27 06:50:00-04:00,29583.5,29595.75,29568.25,29595.5,535,0.0,0.0
2026-08-27 06:55:00-04:00,29596.5,29602.25,29591.0,29597.5,327,0.0,0.0
2026-08-27 07:00:00-04:00,29599.0,29607.0,29577.0,29605.25,835,0.0,0.0
2026-08-27 07:05:00-04:00,29606.75,29615.75,29588.25,29609.0,798,0.0,0.0
2026-08-27 07:10:00-04:00,29607.75,29630.0,29604.25,29616.25,698,0.0,0.0
2026-08-27 07:15:00-04:00,29616.25,29621.25,29592.75,29593.75,658,0.0,0.0
2026-08-27 07:20:00-04:00,29593.5,29599.5,29585.75,29592.0,588,0.0,0.0
2026-08-27 07:25:00-04:00,29591.5,29596.5,29569.5,29569.5,632,0.0,0.0
2026-08-27 07:30:00-04:00,29570.25,29588.0,29551.0,29571.25,1372,0.0,0.0
2026-08-27 07:35:00-04:00,29571.75,29574.25,29546.25,29553.0,785,0.0,0.0
2026-08-27 07:40:00-04:00,29551.0,29567.0,29549.0,29565.5,529,0.0,0.0
2026-08-27 07:45:00-04:00,29563.5,29563.5,29516.75,29518.25,1090,0.0,0.0
2026-08-27 07:50:00-04:00,29517.75,29535.75,29514.75,29534.0,746,0.0,0.0
2026-08-27 07:55:00-04:00,29533.75,29560.25,29533.75,29558.5,601,0.0,0.0
2026-08-27 08:00:00-04:00,29557.75,29568.25,29551.0,29562.25,908,0.0,0.0
2026-08-27 08:05:00-04:00,29563.25,29573.5,29556.0,29572.25,1033,0.0,0.0
2026-08-27 08:10:00-04:00,29573.25,29589.0,29570.0,29584.0,785,0.0,0.0
2026-08-27 08:15:00-04:00,29584.25,29586.0,29567.75,29579.25,532,0.0,0.0
2026-08-27 08:20:00-04:00,29579.0,29585.25,29565.75,29583.75,616,0.0,0.0
2026-08-27 08:25:00-04:00,29584.25,29590.5,29572.25,29579.25,787,0.0,0.0
2026-08-27 08:30:00-04:00,29579.0,29581.25,29562.0,29568.75,1161,0.0,0.0
2026-08-27 08:35:00-04:00,29568.5,29573.25,29549.0,29557.5,1203,0.0,0.0
2026-08-27 08:40:00-04:00,29555.5,29565.0,29534.5,29537.5,898,0.0,0.0
2026-08-27 08:45:00-04:00,29536.25,29541.0,29526.5,29532.5,1022,0.0,0.0
2026-08-27 08:50:00-04:00,29531.75,29539.75,29515.5,29531.0,1382,0.0,0.0
2026-08-27 08:55:00-04:00,29531.5,29538.0,29519.0,29522.5,838,0.0,0.0
2026-08-27 09:00:00-04:00,29522.0,29548.0,29518.5,29545.0,1551,0.0,0.0
2026-08-27 09:05:00-04:00,29545.0,29559.5,29540.25,29550.75,925,0.0,0.0
2026-08-27 09:10:00-04:00,29551.25,29561.75,29546.5,29555.75,969,0.0,0.0
2026-08-27 09:15:00-04:00,29554.5,29570.25,29544.0,29550.25,1507,0.0,0.0
2026-08-27 09:20:00-04:00,29550.25,29554.0,29536.25,29537.5,1651,0.0,0.0
2026-08-27 09:25:00-04:00,29538.0,29562.5,29523.25,29524.75,3421,0.0,0.0
2026-08-27 09:30:00-04:00,29524.5,29588.75,29452.75,29463.5,23552,0.0,0.0
2026-08-27 09:35:00-04:00,29464.5,29490.75,29443.0,29489.75,13957,0.0,0.0
2026-08-27 09:40:00-04:00,29490.0,29586.0,29486.5,29575.0,15030,0.0,0.0
2026-08-27 09:45:00-04:00,29576.0,29605.0,29451.75,29476.5,19055,0.0,0.0
2026-08-27 09:50:00-04:00,29477.0,29567.25,29477.0,29543.25,11469,0.0,0.0
2026-08-27 09:55:00-04:00,29542.25,29544.75,29423.75,29483.0,13797,0.0,0.0
2026-08-27 10:00:00-04:00,29484.0,29549.0,29478.5,29535.5,11148,0.0,0.0
2026-08-27 10:05:00-04:00,29536.25,29557.5,29502.0,29530.25,8176,0.0,0.0
2026-08-27 10:10:00-04:00,29529.75,29588.5,29527.25,29559.0,7190,0.0,0.0
2026-08-27 10:15:00-04:00,29558.0,29593.25,29558.0,29577.25,5971,0.0,0.0
2026-08-27 10:20:00-04:00,29577.5,29601.5,29571.0,29593.0,6598,0.0,0.0
2026-08-27 10:25:00-04:00,29593.25,29623.5,29576.5,29606.75,6465,0.0,0.0
2026-08-27 10:30:00-04:00,29606.5,29610.25,29563.5,29573.25,7466,0.0,0.0
2026-08-27 10:35:00-04:00,29574.0,29605.0,29543.5,29544.0,5211,0.0,0.0
2026-08-27 10:40:00-04:00,29544.75,29566.5,29538.0,29557.75,5021,0.0,0.0
2026-08-27 10:45:00-04:00,29557.25,29599.75,29532.0,29593.75,5808,0.0,0.0
2026-08-27 10:50:00-04:00,29593.25,29605.25,29560.25,29579.0,6101,0.0,0.0
2026-08-27 10:55:00-04:00,29578.5,29602.25,29552.25,29601.5,4820,0.0,0.0
2026-08-27 11:00:00-04:00,29601.75,29615.5,29588.25,29611.25,4422,0.0,0.0
2026-08-27 11:05:00-04:00,29610.75,29625.75,29604.75,29623.25,3754,0.0,0.0
2026-08-27 11:10:00-04:00,29623.0,29628.0,29608.0,29625.5,3592,0.0,0.0
2026-08-27 11:15:00-04:00,29625.75,29635.0,29618.5,29624.0,3234,0.0,0.0
2026-08-27 11:20:00-04:00,29625.0,29627.5,29595.75,29597.5,3703,0.0,0.0
2026-08-27 11:25:00-04:00,29597.25,29599.75,29573.0,29578.5,3812,0.0,0.0
2026-08-27 11:30:00-04:00,29578.25,29597.25,29564.5,29578.0,4643,0.0,0.0
2026-08-27 11:35:00-04:00,29578.25,29583.25,29547.75,29557.0,3976,0.0,0.0
2026-08-27 11:40:00-04:00,29557.25,29574.0,29528.5,29534.5,5424,0.0,0.0
2026-08-27 11:45:00-04:00,29534.75,29534.75,29511.5,29524.25,5007,0.0,0.0
2026-08-27 11:50:00-04:00,29523.75,29610.0,29523.5,29609.0,7732,0.0,0.0
2026-08-27 11:55:00-04:00,29609.0,29609.25,29592.75,29598.0,4053,0.0,0.0
2026-08-27 12:00:00-04:00,29597.25,29623.75,29594.75,29615.0,3646,0.0,0.0
2026-08-27 12:05:00-04:00,29615.25,29621.25,29590.25,29594.0,3412,0.0,0.0
2026-08-27 12:10:00-04:00,29594.0,29605.0,29581.75,29590.5,2694,0.0,0.0
2026-08-27 12:15:00-04:00,29589.75,29603.0,29577.0,29589.0,2764,0.0,0.0
2026-08-27 12:20:00-04:00,29588.25,29589.75,29570.0,29576.25,2394,0.0,0.0
2026-08-27 12:25:00-04:00,29577.0,29608.0,29572.25,29603.0,3016,0.0,0.0
2026-08-27 12:30:00-04:00,29603.5,29614.5,29599.0,29613.5,1872,0.0,0.0
2026-08-27 12:35:00-04:00,29613.75,29642.0,29609.5,29639.25,3293,0.0,0.0
2026-08-27 12:40:00-04:00,29639.0,29651.0,29636.75,29645.75,3061,0.0,0.0
2026-08-27 12:45:00-04:00,29645.75,29659.5,29643.0,29646.75,3664,0.0,0.0
2026-08-27 12:50:00-04:00,29647.25,29656.0,29637.0,29654.25,3086,0.0,0.0
2026-08-27 12:55:00-04:00,29654.25,29654.25,29642.25,29651.75,2507,0.0,0.0
2026-08-27 13:00:00-04:00,29652.0,29667.25,29650.25,29665.25,3330,0.0,0.0
2026-08-27 13:05:00-04:00,29665.0,29668.5,29648.0,29667.75,3361,0.0,0.0
2026-08-27 13:10:00-04:00,29667.75,29676.0,29664.5,29669.75,2815,0.0,0.0
2026-08-27 13:15:00-04:00,29670.5,29673.75,29659.5,29664.75,2049,0.0,0.0
2026-08-27 13:20:00-04:00,29664.75,29678.5,29660.75,29673.0,2411,0.0,0.0
2026-08-27 13:25:00-04:00,29673.0,29673.0,29638.0,29641.5,3641,0.0,0.0
2026-08-27 13:30:00-04:00,29641.25,29658.5,29634.25,29638.25,3895,0.0,0.0
2026-08-27 13:35:00-04:00,29638.75,29646.5,29631.25,29631.75,2121,0.0,0.0
2026-08-27 13:40:00-04:00,29632.0,29648.0,29627.0,29628.75,2340,0.0,0.0
2026-08-27 13:45:00-04:00,29628.5,29632.25,29612.75,29618.0,3055,0.0,0.0
2026-08-27 13:50:00-04:00,29618.25,29629.25,29610.0,29625.25,2846,0.0,0.0
2026-08-27 13:55:00-04:00,29625.5,29627.25,29607.0,29611.5,2498,0.0,0.0
2026-08-27 14:00:00-04:00,29612.0,29622.0,29574.0,29574.5,5230,0.0,0.0
2026-08-27 14:05:00-04:00,29574.5,29591.75,29573.25,29581.0,2877,0.0,0.0
2026-08-27 14:10:00-04:00,29581.0,29585.75,29561.75,29577.0,4049,0.0,0.0
2026-08-27 14:15:00-04:00,29576.5,29589.75,29564.75,29578.0,3286,0.0,0.0
2026-08-27 14:20:00-04:00,29577.75,29582.5,29563.75,29567.25,2961,0.0,0.0
2026-08-27 14:25:00-04:00,29567.75,29569.0,29526.5,29538.25,5419,0.0,0.0
2026-08-27 14:30:00-04:00,29538.25,29571.5,29537.0,29549.25,5033,0.0,0.0
2026-08-27 14:35:00-04:00,29550.5,29579.25,29543.0,29579.0,3434,0.0,0.0
2026-08-27 14:40:00-04:00,29579.25,29581.25,29567.0,29572.5,2583,0.0,0.0
2026-08-27 14:45:00-04:00,29572.5,29582.25,29552.0,29552.5,3200,0.0,0.0
2026-08-27 14:50:00-04:00,29553.25,29566.25,29546.75,29555.0,2470,0.0,0.0
2026-08-27 14:55:00-04:00,29554.75,29577.5,29544.75,29571.25,3012,0.0,0.0
2026-08-27 15:00:00-04:00,29571.5,29592.5,29567.0,29588.75,2934,0.0,0.0
2026-08-27 15:05:00-04:00,29588.5,29604.0,29572.25,29591.0,4306,0.0,0.0
2026-08-27 15:10:00-04:00,29591.75,29606.75,29590.0,29592.5,2748,0.0,0.0
2026-08-27 15:15:00-04:00,29592.75,29610.25,29592.75,29605.75,2799,0.0,0.0
2026-08-27 15:20:00-04:00,29605.75,29612.25,29602.25,29603.75,2311,0.0,0.0
2026-08-27 15:25:00-04:00,29603.75,29613.0,29595.0,29602.25,2766,0.0,0.0
2026-08-27 15:30:00-04:00,29602.75,29629.0,29595.0,29624.0,3329,0.0,0.0
2026-08-27 15:35:00-04:00,29624.5,29631.75,29619.75,29628.75,2626,0.0,0.0
2026-08-27 15:40:00-04:00,29628.5,29633.5,29622.25,29633.25,2577,0.0,0.0
2026-08-27 15:45:00-04:00,29632.75,29650.0,29629.5,29647.5,3766,0.0,0.0
2026-08-27 15:50:00-04:00,29647.75,29685.25,29629.0,29682.5,8110,0.0,0.0
2026-08-27 15:55:00-04:00,29682.0,29704.5,29672.5,29691.75,19229,0.0,0.0
2026-08-27 16:00:00-04:00,29691.75,29708.0,29672.25,29674.75,6772,0.0,0.0
2026-08-27 16:05:00-04:00,29675.25,29691.25,29655.25,29657.0,3458,0.0,0.0
2026-08-27 16:10:00-04:00,29657.75,29668.0,29647.25,29648.0,1254,0.0,0.0
2026-08-27 16:15:00-04:00,29648.25,29656.5,29646.75,29650.0,730,0.0,0.0
2026-08-27 16:20:00-04:00,29650.25,29651.0,29636.0,29640.0,663,0.0,0.0
2026-08-27 16:25:00-04:00,29639.75,29642.25,29634.25,29638.5,549,0.0,0.0
2026-08-27 16:30:00-04:00,29639.25,29644.75,29638.75,29641.25,376,0.0,0.0
2026-08-27 16:35:00-04:00,29642.0,29643.0,29634.75,29636.75,380,0.0,0.0
2026-08-27 16:40:00-04:00,29636.75,29643.75,29635.75,29639.75,634,0.0,0.0
2026-08-27 16:45:00-04:00,29640.25,29642.0,29627.75,29630.75,849,0.0,0.0
2026-08-27 16:50:00-04:00,29630.25,29633.5,29620.5,29624.75,724,0.0,0.0
2026-08-27 16:55:00-04:00,29625.5,29639.0,29623.75,29635.25,509,0.0,0.0
2026-08-27 18:00:00-04:00,29635.5,29644.75,29600.0,29617.0,0,0.0,0.0
2026-08-27 18:05:00-04:00,29617.25,29627.5,29612.5,29624.25,281,0.0,0.0
2026-08-27 18:10:00-04:00,29624.25,29627.0,29611.5,29620.5,196,0.0,0.0
2026-08-27 18:15:00-04:00,29622.25,29629.5,29619.75,29626.25,247,0.0,0.0
2026-08-27 18:20:00-04:00,29628.5,29637.5,29622.5,29636.5,354,0.0,0.0
2026-08-27 18:25:00-04:00,29635.25,29639.5,29622.0,29637.25,347,0.0,0.0
2026-08-27 18:30:00-04:00,29637.0,29640.75,29630.75,29636.25,260,0.0,0.0
2026-08-27 18:35:00-04:00,29636.0,29639.0,29632.25,29635.0,216,0.0,0.0
2026-08-27 18:40:00-04:00,29634.0,29638.0,29630.0,29635.5,168,0.0,0.0
2026-08-27 18:45:00-04:00,29635.25,29636.75,29632.75,29635.5,92,0.0,0.0
2026-08-27 18:50:00-04:00,29636.75,29637.0,29630.75,29631.5,93,0.0,0.0
2026-08-27 18:55:00-04:00,29631.75,29639.5,29631.25,29634.75,157,0.0,0.0
2026-08-27 19:00:00-04:00,29633.5,29637.25,29625.5,29627.5,212,0.0,0.0
2026-08-27 19:05:00-04:00,29627.25,29637.5,29623.75,29631.5,287,0.0,0.0
2026-08-27 19:10:00-04:00,29631.0,29631.0,29605.0,29616.5,659,0.0,0.0
2026-08-27 19:15:00-04:00,29616.0,29617.25,29604.0,29610.0,213,0.0,0.0
2026-08-27 19:20:00-04:00,29610.75,29613.0,29608.75,29611.75,95,0.0,0.0
2026-08-27 19:25:00-04:00,29609.75,29614.0,29604.5,29608.25,205,0.0,0.0
2026-08-27 19:30:00-04:00,29610.0,29612.75,29602.5,29605.5,219,0.0,0.0
2026-08-27 19:35:00-04:00,29606.0,29611.75,29604.75,29611.0,109,0.0,0.0
2026-08-27 19:40:00-04:00,29610.0,29611.5,29604.25,29604.5,105,0.0,0.0
2026-08-27 19:45:00-04:00,29604.5,29605.25,29592.25,29594.25,782,0.0,0.0
2026-08-27 19:50:00-04:00,29594.5,29597.75,29592.25,29593.75,320,0.0,0.0
2026-08-27 19:55:00-04:00,29594.25,29604.0,29592.0,29600.75,641,0.0,0.0
2026-08-27 20:00:00-04:00,29601.75,29625.25,29594.25,29608.0,1387,0.0,0.0
2026-08-27 20:05:00-04:00,29609.0,29632.0,29595.75,29623.5,1182,0.0,0.0
2026-08-27 20:10:00-04:00,29623.25,29656.0,29622.0,29653.0,1254,0.0,0.0
2026-08-27 20:15:00-04:00,29652.75,29655.75,29625.5,29648.75,1321,0.0,0.0
2026-08-27 20:20:00-04:00,29647.5,29652.5,29643.0,29645.5,465,0.0,0.0
2026-08-27 20:25:00-04:00,29647.0,29654.5,29637.5,29653.0,518,0.0,0.0
2026-08-27 20:30:00-04:00,29651.25,29654.0,29642.0,29648.5,357,0.0,0.0
2026-08-27 20:35:00-04:00,29647.25,29647.5,29635.5,29640.5,300,0.0,0.0
2026-08-27 20:40:00-04:00,29640.5,29658.0,29633.5,29654.5,608,0.0,0.0
2026-08-27 20:45:00-04:00,29653.25,29660.0,29644.25,29658.5,308,0.0,0.0
2026-08-27 20:50:00-04:00,29659.0,29667.25,29646.5,29647.0,721,0.0,0.0
2026-08-27 20:55:00-04:00,29647.5,29652.25,29642.0,29645.0,276,0.0,0.0
2026-08-27 21:00:00-04:00,29645.75,29662.75,29642.75,29659.75,567,0.0,0.0
2026-08-27 21:05:00-04:00,29659.5,29665.5,29651.25,29665.5,437,0.0,0.0
2026-08-27 21:10:00-04:00,29665.25,29670.25,29658.5,29661.0,484,0.0,0.0
2026-08-27 21:15:00-04:00,29661.0,29672.75,29659.5,29666.25,337,0.0,0.0
2026-08-27 21:20:00-04:00,29666.25,29668.5,29653.75,29656.75,408,0.0,0.0
2026-08-27 21:25:00-04:00,29659.5,29659.5,29643.5,29648.75,418,0.0,0.0
2026-08-27 21:30:00-04:00,29648.5,29665.0,29643.75,29664.75,650,0.0,0.0
2026-08-27 21:35:00-04:00,29664.75,29672.25,29641.75,29647.0,893,0.0,0.0
2026-08-27 21:40:00-04:00,29646.5,29657.5,29642.0,29654.75,442,0.0,0.0
2026-08-27 21:45:00-04:00,29654.5,29661.25,29644.0,29659.5,424,0.0,0.0
2026-08-27 21:50:00-04:00,29659.75,29674.75,29659.0,29673.0,561,0.0,0.0
2026-08-27 21:55:00-04:00,29673.75,29679.75,29669.75,29677.75,423,0.0,0.0
2026-08-27 22:00:00-04:00,29678.75,29691.5,29678.75,29689.75,725,0.0,0.0
2026-08-27 22:05:00-04:00,29689.75,29697.25,29688.0,29694.0,405,0.0,0.0
2026-08-27 22:10:00-04:00,29696.25,29699.5,29689.0,29692.75,273,0.0,0.0
2026-08-27 22:15:00-04:00,29694.75,29700.25,29692.0,29698.0,290,0.0,0.0
2026-08-27 22:20:00-04:00,29699.0,29703.0,29686.25,29697.75,601,0.0,0.0
2026-08-27 22:25:00-04:00,29697.5,29697.5,29689.0,29692.75,222,0.0,0.0
2026-08-27 22:30:00-04:00,29691.0,29691.0,29674.0,29675.75,576,0.0,0.0
2026-08-27 22:35:00-04:00,29674.5,29675.0,29666.0,29669.0,542,0.0,0.0
2026-08-27 22:40:00-04:00,29667.5,29668.75,29644.75,29647.25,528,0.0,0.0
2026-08-27 22:45:00-04:00,29647.0,29651.25,29645.0,29650.25,333,0.0,0.0
2026-08-27 22:50:00-04:00,29650.25,29668.5,29649.25,29662.5,558,0.0,0.0
2026-08-27 22:55:00-04:00,29663.25,29670.25,29663.0,29663.75,184,0.0,0.0
2026-08-27 23:00:00-04:00,29664.75,29683.0,29660.5,29682.0,444,0.0,0.0
2026-08-27 23:05:00-04:00,29682.75,29687.25,29676.75,29684.5,371,0.0,0.0
2026-08-27 23:10:00-04:00,29685.25,29702.0,29683.5,29694.5,514,0.0,0.0
2026-08-27 23:15:00-04:00,29693.75,29701.0,29689.5,29697.25,265,0.0,0.0
2026-08-27 23:20:00-04:00,29697.75,29701.75,29694.0,29699.5,236,0.0,0.0
2026-08-27 23:25:00-04:00,29700.0,29707.0,29697.5,29700.25,439,0.0,0.0
2026-08-27 23:30:00-04:00,29700.5,29704.25,29683.0,29685.0,529,0.0,0.0
2026-08-27 23:35:00-04:00,29684.5,29685.5,29672.75,29675.75,479,0.0,0.0
2026-08-27 23:40:00-04:00,29674.75,29675.0,29648.75,29651.75,780,0.0,0.0
2026-08-27 23:45:00-04:00,29651.5,29668.25,29640.25,29664.25,853,0.0,0.0
2026-08-27 23:50:00-04:00,29663.5,29674.0,29663.25,29671.75,355,0.0,0.0
2026-08-27 23:55:00-04:00,29671.5,29676.5,29666.5,29671.5,243,0.0,0.0
2026-08-28 00:05:00-04:00,29646.0,29648.75,29644.25,29647.25,844,0.0,0.0
2026-08-28 00:10:00-04:00,29648.0,29666.5,29647.25,29661.5,400,0.0,0.0
2026-08-28 00:15:00-04:00,29660.75,29669.75,29657.25,29662.0,297,0.0,0.0
2026-08-28 00:20:00-04:00,29662.5,29665.75,29658.75,29660.75,123,0.0,0.0
2026-08-28 00:25:00-04:00,29660.5,29664.25,29657.0,29659.5,161,0.0,0.0
2026-08-28 00:30:00-04:00,29658.5,29660.75,29645.25,29646.25,251,0.0,0.0
2026-08-28 00:35:00-04:00,29645.5,29652.0,29641.0,29646.75,346,0.0,0.0
2026-08-28 00:40:00-04:00,29647.5,29649.75,29639.0,29644.25,203,0.0,0.0
2026-08-28 00:45:00-04:00,29643.5,29650.0,29641.25,29644.0,241,0.0,0.0
2026-08-28 00:50:00-04:00,29643.5,29647.0,29640.75,29643.0,142,0.0,0.0
2026-08-28 00:55:00-04:00,29643.25,29646.0,29636.25,29641.75,226,0.0,0.0
2026-08-28 01:00:00-04:00,29642.0,29643.75,29629.5,29636.25,509,0.0,0.0
2026-08-28 01:05:00-04:00,29635.0,29637.0,29625.25,29627.25,326,0.0,0.0
2026-08-28 01:10:00-04:00,29628.75,29629.75,29620.75,29623.75,448,0.0,0.0
2026-08-28 01:15:00-04:00,29624.75,29627.5,29617.0,29617.75,198,0.0,0.0
2026-08-28 01:20:00-04:00,29618.0,29623.75,29611.5,29621.0,414,0.0,0.0
2026-08-28 01:25:00-04:00,29621.0,29628.25,29614.0,29622.75,452,0.0,0.0
2026-08-28 01:30:00-04:00,29623.0,29624.5,29616.0,29617.5,225,0.0,0.0
2026-08-28 01:35:00-04:00,29616.5,29619.25,29603.5,29607.5,694,0.0,0.0
2026-08-28 01:40:00-04:00,29606.75,29613.75,29605.5,29613.75,236,0.0,0.0
2026-08-28 01:45:00-04:00,29612.5,29613.0,29602.75,29606.0,209,0.0,0.0
2026-08-28 01:50:00-04:00,29605.75,29612.25,29598.25,29608.5,521,0.0,0.0
2026-08-28 01:55:00-04:00,29608.5,29609.5,29597.25,29598.25,268,0.0,0.0
2026-08-28 02:00:00-04:00,29599.0,29613.25,29594.5,29611.25,665,0.0,0.0
2026-08-28 02:05:00-04:00,29611.25,29613.25,29600.75,29607.5,340,0.0,0.0
2026-08-28 02:10:00-04:00,29607.75,29618.5,29602.25,29603.25,426,0.0,0.0
2026-08-28 02:15:00-04:00,29602.25,29617.75,29601.5,29612.25,261,0.0,0.0
2026-08-28 02:20:00-04:00,29612.5,29623.75,29610.25,29614.75,405,0.0,0.0
2026-08-28 02:25:00-04:00,29615.75,29617.0,29594.5,29596.0,483,0.0,0.0
2026-08-28 02:30:00-04:00,29597.5,29620.75,29596.0,29616.25,829,0.0,0.0
2026-08-28 02:35:00-04:00,29616.25,29620.75,29610.0,29610.75,288,0.0,0.0
2026-08-28 02:40:00-04:00,29610.0,29623.0,29597.0,29620.75,569,0.0,0.0
2026-08-28 02:45:00-04:00,29619.5,29627.75,29616.0,29625.0,406,0.0,0.0
2026-08-28 02:50:00-04:00,29625.5,29628.25,29620.0,29625.75,228,0.0,0.0
2026-08-28 02:55:00-04:00,29626.25,29645.25,29626.25,29645.25,461,0.0,0.0
2026-08-28 03:00:00-04:00,29645.25,29653.5,29625.5,29629.0,953,0.0,0.0
2026-08-28 03:05:00-04:00,29629.0,29632.0,29605.0,29612.0,951,0.0,0.0
2026-08-28 03:10:00-04:00,29610.5,29619.0,29606.0,29612.5,543,0.0,0.0
2026-08-28 03:15:00-04:00,29612.0,29617.0,29599.75,29612.25,527,0.0,0.0
2026-08-28 03:20:00-04:00,29611.5,29617.5,29602.75,29612.5,441,0.0,0.0
2026-08-28 03:25:00-04:00,29615.25,29624.0,29612.25,29613.75,343,0.0,0.0
2026-08-28 03:30:00-04:00,29613.5,29620.0,29607.25,29608.25,267,0.0,0.0
2026-08-28 03:35:00-04:00,29612.0,29620.25,29606.5,29609.0,289,0.0,0.0
2026-08-28 03:40:00-04:00,29609.25,29610.5,29593.0,29597.5,699,0.0,0.0
2026-08-28 03:45:00-04:00,29597.0,29624.75,29595.0,29624.5,412,0.0,0.0
2026-08-28 03:50:00-04:00,29624.75,29625.75,29599.5,29612.75,434,0.0,0.0
2026-08-28 03:55:00-04:00,29612.5,29614.25,29600.0,29607.0,194,0.0,0.0
2026-08-28 04:00:00-04:00,29607.0,29620.5,29586.75,29591.0,1500,0.0,0.0
2026-08-28 04:05:00-04:00,29592.5,29592.75,29578.25,29589.25,851,0.0,0.0
2026-08-28 04:10:00-04:00,29588.5,29606.0,29581.75,29584.75,673,0.0,0.0
2026-08-28 04:15:00-04:00,29586.0,29594.0,29581.75,29586.75,345,0.0,0.0
2026-08-28 04:20:00-04:00,29585.0,29600.0,29582.5,29596.25,434,0.0,0.0
2026-08-28 04:25:00-04:00,29596.0,29605.5,29591.0,29598.25,354,0.0,0.0
2026-08-28 04:30:00-04:00,29598.5,29631.75,29596.25,29631.5,618,0.0,0.0
2026-08-28 04:35:00-04:00,29632.0,29633.5,29623.0,29625.25,354,0.0,0.0
2026-08-28 04:40:00-04:00,29626.25,29629.0,29616.25,29623.5,344,0.0,0.0
2026-08-28 04:45:00-04:00,29623.5,29624.25,29607.0,29611.75,449,0.0,0.0
2026-08-28 04:50:00-04:00,29611.25,29621.75,29603.0,29608.75,395,0.0,0.0
2026-08-28 04:55:00-04:00,29609.5,29624.0,29607.0,29619.75,368,0.0,0.0
2026-08-28 05:00:00-04:00,29619.0,29620.0,29605.0,29607.5,395,0.0,0.0
2026-08-28 05:05:00-04:00,29606.5,29614.5,29604.0,29608.0,226,0.0,0.0
2026-08-28 05:10:00-04:00,29608.75,29617.5,29603.5,29606.0,291,0.0,0.0
2026-08-28 05:15:00-04:00,29605.75,29611.25,29601.25,29604.0,251,0.0,0.0
2026-08-28 05:20:00-04:00,29603.25,29614.5,29595.75,29611.75,350,0.0,0.0
2026-08-28 05:25:00-04:00,29611.75,29620.5,29607.0,29615.75,309,0.0,0.0
2026-08-28 05:30:00-04:00,29615.5,29618.5,29606.0,29617.5,167,0.0,0.0
2026-08-28 05:35:00-04:00,29617.0,29617.5,29603.0,29608.25,215,0.0,0.0
2026-08-28 05:40:00-04:00,29607.5,29610.0,29602.25,29607.5,179,0.0,0.0
2026-08-28 05:45:00-04:00,29605.0,29611.75,29599.0,29606.0,205,0.0,0.0
2026-08-28 05:50:00-04:00,29606.5,29620.25,29605.75,29614.0,272,0.0,0.0
2026-08-28 05:55:00-04:00,29613.75,29614.75,29604.5,29605.5,177,0.0,0.0
2026-08-28 06:00:00-04:00,29606.0,29606.5,29597.0,29599.5,275,0.0,0.0
2026-08-28 06:05:00-04:00,29600.5,29609.0,29593.25,29599.0,370,0.0,0.0
2026-08-28 06:10:00-04:00,29599.5,29610.0,29593.5,29603.75,425,0.0,0.0
2026-08-28 06:15:00-04:00,29604.0,29609.0,29598.5,29598.5,134,0.0,0.0
2026-08-28 06:20:00-04:00,29598.75,29617.25,29597.5,29616.25,263,0.0,0.0
2026-08-28 06:25:00-04:00,29613.75,29615.0,29606.25,29611.5,199,0.0,0.0
2026-08-28 06:30:00-04:00,29611.25,29623.0,29611.25,29613.0,256,0.0,0.0
2026-08-28 06:35:00-04:00,29613.75,29621.0,29606.0,29619.5,224,0.0,0.0
2026-08-28 06:40:00-04:00,29619.75,29620.25,29600.0,29602.5,314,0.0,0.0
2026-08-28 06:45:00-04:00,29601.5,29611.0,29599.5,29605.75,373,0.0,0.0
2026-08-28 06:50:00-04:00,29603.75,29604.75,29598.0,29603.0,227,0.0,0.0
2026-08-28 06:55:00-04:00,29604.0,29625.0,29603.5,29622.0,368,0.0,0.0
2026-08-28 07:00:00-04:00,29622.25,29634.75,29603.75,29627.25,853,0.0,0.0
2026-08-28 07:05:00-04:00,29626.5,29626.5,29599.5,29599.75,464,0.0,0.0
2026-08-28 07:10:00-04:00,29601.5,29616.25,29598.25,29614.5,406,0.0,0.0
2026-08-28 07:15:00-04:00,29614.5,29624.25,29614.0,29623.75,342,0.0,0.0
2026-08-28 07:20:00-04:00,29624.5,29636.5,29624.5,29636.5,549,0.0,0.0
2026-08-28 07:25:00-04:00,29636.0,29636.5,29629.25,29633.5,251,0.0,0.0
2026-08-28 07:30:00-04:00,29635.0,29640.0,29620.0,29620.5,324,0.0,0.0
2026-08-28 07:35:00-04:00,29619.75,29622.25,29613.5,29618.25,290,0.0,0.0
2026-08-28 07:40:00-04:00,29617.5,29623.75,29607.0,29610.25,307,0.0,0.0
2026-08-28 07:45:00-04:00,29609.5,29615.0,29607.5,29611.75,205,0.0,0.0
2026-08-28 07:50:00-04:00,29612.0,29614.25,29604.0,29611.25,304,0.0,0.0
2026-08-28 07:55:00-04:00,29611.75,29611.75,29597.5,29603.5,391,0.0,0.0
2026-08-28 08:00:00-04:00,29601.5,29615.5,29597.5,29613.5,536,0.0,0.0
2026-08-28 08:05:00-04:00,29613.5,29629.5,29611.75,29628.25,659,0.0,0.0
2026-08-28 08:10:00-04:00,29627.5,29632.5,29614.75,29630.25,759,0.0,0.0
2026-08-28 08:15:00-04:00,29631.0,29645.25,29627.75,29638.0,731,0.0,0.0
2026-08-28 08:20:00-04:00,29640.5,29660.75,29640.25,29657.75,1002,0.0,0.0
2026-08-28 08:25:00-04:00,29657.5,29663.0,29648.75,29661.5,769,0.0,0.0
2026-08-28 08:30:00-04:00,29661.25,29661.75,29628.5,29628.5,880,0.0,0.0
2026-08-28 08:35:00-04:00,29628.75,29637.75,29615.0,29632.75,871,0.0,0.0
2026-08-28 08:40:00-04:00,29633.5,29660.75,29630.5,29658.25,760,0.0,0.0
2026-08-28 08:45:00-04:00,29658.25,29662.75,29649.25,29659.75,1010,0.0,0.0
2026-08-28 08:50:00-04:00,29659.0,29664.0,29655.25,29659.25,619,0.0,0.0
2026-08-28 08:55:00-04:00,29659.75,29665.0,29652.75,29659.0,610,0.0,0.0
2026-08-28 09:00:00-04:00,29659.0,29681.75,29650.25,29664.0,2267,0.0,0.0
2026-08-28 09:05:00-04:00,29664.25,29667.75,29651.0,29654.25,1224,0.0,0.0
2026-08-28 09:10:00-04:00,29655.0,29661.75,29654.75,29661.0,603,0.0,0.0
2026-08-28 09:15:00-04:00,29661.0,29662.75,29651.0,29652.25,669,0.0,0.0
2026-08-28 09:20:00-04:00,29652.25,29658.25,29643.5,29647.0,998,0.0,0.0
2026-08-28 09:25:00-04:00,29647.0,29647.25,29622.0,29628.0,3087,0.0,0.0
2026-08-28 09:30:00-04:00,29628.0,29637.0,29562.75,29605.75,17602,0.0,0.0
2026-08-28 09:35:00-04:00,29605.0,29659.75,29585.75,29651.25,11849,0.0,0.0
2026-08-28 09:40:00-04:00,29651.75,29701.75,29648.75,29687.75,9041,0.0,0.0
2026-08-28 09:45:00-04:00,29687.25,29703.25,29654.0,29657.75,9808,0.0,0.0
2026-08-28 09:50:00-04:00,29658.5,29669.5,29625.0,29633.5,7547,0.0,0.0
2026-08-28 09:55:00-04:00,29634.75,29668.0,29625.75,29629.0,5591,0.0,0.0
2026-08-28 10:00:00-04:00,29632.0,29706.0,29597.75,29629.5,14084,0.0,0.0
2026-08-28 10:05:00-04:00,29629.0,29631.75,29559.0,29581.5,14022,0.0,0.0
2026-08-28 10:10:00-04:00,29582.25,29602.0,29505.0,29535.0,13207,0.0,0.0
2026-08-28 10:15:00-04:00,29534.75,29628.5,29532.25,29605.0,11283,0.0,0.0
2026-08-28 10:20:00-04:00,29604.5,29675.75,29603.5,29643.5,11308,0.0,0.0
2026-08-28 10:25:00-04:00,29643.5,29654.0,29604.0,29653.5,9800,0.0,0.0
2026-08-28 10:30:00-04:00,29653.75,29688.5,29632.0,29683.25,9607,0.0,0.0
2026-08-28 10:35:00-04:00,29684.5,29713.0,29671.0,29680.0,8524,0.0,0.0
2026-08-28 10:40:00-04:00,29681.0,29744.0,29674.5,29734.25,8775,0.0,0.0
2026-08-28 10:45:00-04:00,29734.75,29755.0,29725.25,29750.0,7772,0.0,0.0
2026-08-28 10:50:00-04:00,29750.0,29778.5,29744.0,29769.5,7280,0.0,0.0
2026-08-28 10:55:00-04:00,29769.5,29799.0,29767.25,29796.5,8020,0.0,0.0
2026-08-28 11:00:00-04:00,29796.5,29811.5,29778.5,29797.0,8675,0.0,0.0
2026-08-28 11:05:00-04:00,29797.0,29803.75,29755.25,29763.25,5886,0.0,0.0
2026-08-28 11:10:00-04:00,29762.5,29772.0,29735.25,29748.75,6212,0.0,0.0
2026-08-28 11:15:00-04:00,29748.75,29775.0,29746.0,29748.25,4679,0.0,0.0
2026-08-28 11:20:00-04:00,29748.0,29773.25,29738.0,29768.5,4490,0.0,0.0
2026-08-28 11:25:00-04:00,29768.5,29791.25,29764.25,29782.75,4184,0.0,0.0
2026-08-28 11:30:00-04:00,29783.25,29785.5,29762.25,29763.25,3452,0.0,0.0
2026-08-28 11:35:00-04:00,29763.25,29769.0,29716.5,29721.75,5042,0.0,0.0
2026-08-28 11:40:00-04:00,29721.5,29722.5,29663.0,29671.25,10048,0.0,0.0
2026-08-28 11:45:00-04:00,29671.25,29682.75,29627.5,29634.0,7966,0.0,0.0
2026-08-28 11:50:00-04:00,29633.75,29647.0,29585.5,29618.25,10113,0.0,0.0
2026-08-28 11:55:00-04:00,29618.5,29620.25,29544.25,29552.5,10455,0.0,0.0
2026-08-28 12:00:00-04:00,29553.0,29566.5,29509.75,29531.75,10828,0.0,0.0
2026-08-28 12:05:00-04:00,29531.75,29593.0,29528.75,29587.0,7152,0.0,0.0
2026-08-28 12:10:00-04:00,29585.5,29591.5,29554.0,29558.5,5843,0.0,0.0
2026-08-28 12:15:00-04:00,29558.25,29570.75,29492.75,29510.25,8385,0.0,0.0
2026-08-28 12:20:00-04:00,29511.25,29523.75,29464.5,29486.0,8962,0.0,0.0
2026-08-28 12:25:00-04:00,29485.5,29504.5,29476.75,29489.0,5501,0.0,0.0
2026-08-28 12:30:00-04:00,29488.5,29526.0,29476.0,29476.75,6277,0.0,0.0
2026-08-28 12:35:00-04:00,29476.75,29529.25,29475.75,29512.0,5068,0.0,0.0
2026-08-28 12:40:00-04:00,29511.5,29512.25,29475.0,29483.75,4341,0.0,0.0
2026-08-28 12:45:00-04:00,29483.75,29545.5,29483.0,29537.5,5219,0.0,0.0
2026-08-28 12:50:00-04:00,29536.5,29549.0,29507.5,29513.0,4482,0.0,0.0
2026-08-28 12:55:00-04:00,29513.0,29524.0,29499.75,29501.25,3467,0.0,0.0
2026-08-28 13:00:00-04:00,29502.0,29503.0,29446.0,29469.25,8563,0.0,0.0
2026-08-28 13:05:00-04:00,29469.0,29469.0,29436.25,29450.25,4894,0.0,0.0
2026-08-28 13:10:00-04:00,29449.25,29485.5,29438.75,29484.25,4274,0.0,0.0
2026-08-28 13:15:00-04:00,29483.5,29489.75,29464.25,29478.25,3081,0.0,0.0
2026-08-28 13:20:00-04:00,29478.5,29487.0,29452.25,29475.25,3389,0.0,0.0
2026-08-28 13:25:00-04:00,29475.75,29495.25,29461.75,29470.0,3141,0.0,0.0
2026-08-28 13:30:00-04:00,29470.0,29503.5,29464.75,29496.25,2944,0.0,0.0
2026-08-28 13:35:00-04:00,29496.5,29504.5,29461.25,29464.5,3236,0.0,0.0
2026-08-28 13:40:00-04:00,29464.25,29491.75,29461.5,29484.0,2307,0.0,0.0
2026-08-28 13:45:00-04:00,29482.75,29528.5,29475.75,29523.75,3616,0.0,0.0
2026-08-28 13:50:00-04:00,29524.5,29529.25,29512.5,29517.0,2337,0.0,0.0
2026-08-28 13:55:00-04:00,29517.75,29520.0,29494.25,29514.75,3379,0.0,0.0
2026-08-28 14:00:00-04:00,29515.75,29521.5,29496.0,29503.5,2758,0.0,0.0
2026-08-28 14:05:00-04:00,29502.5,29517.5,29495.0,29505.5,2309,0.0,0.0
2026-08-28 14:10:00-04:00,29505.5,29518.75,29488.25,29489.25,2705,0.0,0.0
2026-08-28 14:15:00-04:00,29489.25,29504.75,29482.75,29494.75,2554,0.0,0.0
2026-08-28 14:20:00-04:00,29494.5,29505.0,29471.25,29481.25,2402,0.0,0.0
2026-08-28 14:25:00-04:00,29481.5,29496.5,29473.0,29483.75,2502,0.0,0.0
2026-08-28 14:30:00-04:00,29483.25,29502.75,29479.0,29497.5,2397,0.0,0.0
2026-08-28 14:35:00-04:00,29497.5,29507.0,29479.25,29479.75,2294,0.0,0.0
2026-08-28 14:40:00-04:00,29479.75,29499.0,29476.0,29491.25,2366,0.0,0.0
2026-08-28 14:45:00-04:00,29491.0,29493.5,29463.75,29465.75,1996,0.0,0.0
2026-08-28 14:50:00-04:00,29465.75,29466.0,29441.0,29454.0,3946,0.0,0.0
2026-08-28 14:55:00-04:00,29453.75,29462.5,29443.25,29455.5,2490,0.0,0.0
2026-08-28 15:00:00-04:00,29456.0,29470.75,29443.5,29462.75,3153,0.0,0.0
2026-08-28 15:05:00-04:00,29462.5,29491.25,29454.5,29490.75,4381,0.0,0.0
2026-08-28 15:10:00-04:00,29489.75,29492.25,29465.0,29479.5,2630,0.0,0.0
2026-08-28 15:15:00-04:00,29479.0,29484.0,29464.5,29478.75,2063,0.0,0.0
2026-08-28 15:20:00-04:00,29479.25,29496.75,29476.5,29485.75,2805,0.0,0.0
2026-08-28 15:25:00-04:00,29485.25,29502.0,29483.25,29498.25,2147,0.0,0.0
2026-08-28 15:30:00-04:00,29498.5,29503.75,29484.75,29498.0,2991,0.0,0.0
2026-08-28 15:35:00-04:00,29497.25,29502.0,29482.25,29501.25,2504,0.0,0.0
2026-08-28 15:40:00-04:00,29501.75,29513.75,29500.0,29503.0,3408,0.0,0.0
2026-08-28 15:45:00-04:00,29502.25,29506.25,29473.5,29490.5,4830,0.0,0.0
2026-08-28 15:50:00-04:00,29491.0,29521.5,29482.5,29491.25,8238,0.0,0.0
2026-08-28 15:55:00-04:00,29491.25,29513.75,29482.5,29496.0,15165,0.0,0.0
2026-08-28 16:00:00-04:00,29496.5,29507.75,29487.75,29493.75,3930,0.0,0.0
2026-08-28 16:05:00-04:00,29493.25,29493.25,29478.25,29482.25,1456,0.0,0.0
2026-08-28 16:10:00-04:00,29483.0,29492.25,29480.75,29487.5,948,0.0,0.0
2026-08-28 16:15:00-04:00,29488.5,29492.0,29485.25,29489.5,480,0.0,0.0
2026-08-28 16:20:00-04:00,29490.0,29492.0,29486.5,29490.5,469,0.0,0.0
2026-08-28 16:25:00-04:00,29490.25,29493.25,29486.5,29492.0,428,0.0,0.0
2026-08-28 16:30:00-04:00,29492.0,29493.25,29485.0,29487.75,554,0.0,0.0
2026-08-28 16:35:00-04:00,29487.5,29498.75,29485.0,29491.5,962,0.0,0.0
2026-08-28 16:40:00-04:00,29492.0,29508.0,29491.0,29507.25,636,0.0,0.0
2026-08-28 16:45:00-04:00,29507.5,29519.25,29506.75,29515.0,685,0.0,0.0
2026-08-28 16:50:00-04:00,29514.75,29517.5,29506.75,29517.25,829,0.0,0.0
2026-08-28 16:55:00-04:00,29517.0,29517.0,29491.75,29491.75,543,0.0,0.0
2026-08-30 18:10:00-04:00,29457.25,29471.25,29446.75,29471.0,451,0.0,0.0
2026-08-30 18:15:00-04:00,29471.25,29489.5,29467.25,29484.0,680,0.0,0.0
2026-08-30 18:20:00-04:00,29485.75,29495.0,29480.0,29480.0,414,0.0,0.0
2026-08-30 18:25:00-04:00,29481.75,29483.5,29470.5,29473.0,362,0.0,0.0
2026-08-30 18:30:00-04:00,29474.75,29476.5,29451.5,29455.5,516,0.0,0.0
2026-08-30 18:35:00-04:00,29456.25,29463.25,29432.5,29446.75,1160,0.0,0.0
2026-08-30 18:40:00-04:00,29446.25,29454.0,29428.0,29436.75,859,0.0,0.0
2026-08-30 18:45:00-04:00,29436.0,29453.5,29435.0,29443.0,505,0.0,0.0
2026-08-30 18:50:00-04:00,29443.25,29447.5,29438.0,29446.0,223,0.0,0.0
2026-08-30 18:55:00-04:00,29445.75,29447.5,29437.0,29442.5,198,0.0,0.0
2026-08-30 19:00:00-04:00,29442.5,29443.75,29428.75,29433.0,458,0.0,0.0
2026-08-30 19:05:00-04:00,29432.5,29449.25,29431.5,29435.25,440,0.0,0.0
2026-08-30 19:10:00-04:00,29434.25,29436.0,29405.75,29409.75,1381,0.0,0.0
2026-08-30 19:15:00-04:00,29410.0,29416.0,29408.75,29412.25,397,0.0,0.0
2026-08-30 19:20:00-04:00,29413.75,29413.75,29371.25,29380.25,1859,0.0,0.0
2026-08-30 19:25:00-04:00,29382.5,29385.0,29369.0,29371.75,683,0.0,0.0
2026-08-30 19:30:00-04:00,29372.0,29372.75,29348.0,29360.0,1309,0.0,0.0
2026-08-30 19:35:00-04:00,29361.75,29375.5,29355.25,29358.75,783,0.0,0.0
2026-08-30 19:40:00-04:00,29355.75,29365.75,29321.25,29355.5,1217,0.0,0.0
2026-08-30 19:45:00-04:00,29354.0,29354.0,29301.25,29309.5,1587,0.0,0.0
2026-08-30 19:50:00-04:00,29311.5,29330.5,29308.5,29324.75,895,0.0,0.0
2026-08-30 19:55:00-04:00,29323.5,29324.5,29289.0,29289.75,1416,0.0,0.0
2026-08-30 20:00:00-04:00,29291.0,29302.0,29273.5,29292.0,1514,0.0,0.0
2026-08-30 20:05:00-04:00,29290.75,29307.5,29274.25,29302.25,1359,0.0,0.0
2026-08-30 20:10:00-04:00,29300.0,29346.75,29297.75,29339.75,1529,0.0,0.0
2026-08-30 20:15:00-04:00,29341.0,29367.0,29334.5,29345.0,1326,0.0,0.0
2026-08-30 20:20:00-04:00,29345.0,29376.0,29341.5,29375.75,852,0.0,0.0
2026-08-30 20:25:00-04:00,29375.0,29378.25,29354.0,29372.0,686,0.0,0.0
2026-08-30 20:30:00-04:00,29370.25,29398.0,29366.75,29390.5,1074,0.0,0.0
2026-08-30 20:35:00-04:00,29391.75,29398.5,29387.75,29393.75,629,0.0,0.0
2026-08-30 20:40:00-04:00,29393.0,29398.5,29378.75,29388.75,610,0.0,0.0
2026-08-30 20:45:00-04:00,29390.25,29391.75,29369.0,29372.25,811,0.0,0.0
2026-08-30 20:50:00-04:00,29371.5,29393.0,29368.0,29384.5,670,0.0,0.0
2026-08-30 20:55:00-04:00,29385.5,29386.5,29350.5,29357.0,922,0.0,0.0
2026-08-30 21:00:00-04:00,29358.25,29358.25,29304.75,29345.75,2051,0.0,0.0
2026-08-30 21:05:00-04:00,29343.75,29344.75,29309.25,29316.25,915,0.0,0.0
2026-08-30 21:10:00-04:00,29316.0,29330.0,29292.5,29324.75,1194,0.0,0.0
2026-08-30 21:15:00-04:00,29324.25,29335.5,29305.5,29329.0,1069,0.0,0.0
2026-08-30 21:20:00-04:00,29327.5,29340.25,29304.0,29325.0,966,0.0,0.0
2026-08-30 21:25:00-04:00,29326.0,29339.5,29308.0,29331.75,549,0.0,0.0
2026-08-30 21:30:00-04:00,29330.25,29336.75,29308.5,29311.25,865,0.0,0.0
2026-08-30 21:35:00-04:00,29312.5,29332.5,29306.5,29326.75,715,0.0,0.0
2026-08-30 21:40:00-04:00,29327.5,29338.0,29310.25,29313.5,618,0.0,0.0
2026-08-30 21:45:00-04:00,29313.25,29328.25,29302.75,29313.5,713,0.0,0.0
2026-08-30 21:50:00-04:00,29313.5,29321.25,29302.25,29310.0,707,0.0,0.0
2026-08-30 21:55:00-04:00,29309.5,29331.5,29306.0,29327.0,527,0.0,0.0
2026-08-30 22:00:00-04:00,29325.75,29336.25,29308.5,29335.5,822,0.0,0.0
2026-08-30 22:05:00-04:00,29337.0,29359.0,29331.5,29353.75,880,0.0,0.0
2026-08-30 22:10:00-04:00,29355.0,29362.75,29338.25,29355.75,618,0.0,0.0
2026-08-30 22:15:00-04:00,29357.0,29357.0,29315.0,29340.75,1261,0.0,0.0
2026-08-30 22:20:00-04:00,29339.25,29340.25,29321.0,29323.75,685,0.0,0.0
2026-08-30 22:25:00-04:00,29324.25,29336.75,29304.5,29331.5,796,0.0,0.0
2026-08-30 22:30:00-04:00,29327.0,29335.25,29297.5,29299.0,782,0.0,0.0
2026-08-30 22:35:00-04:00,29299.0,29308.0,29288.75,29295.25,797,0.0,0.0
2026-08-30 22:40:00-04:00,29295.25,29301.0,29287.0,29296.5,528,0.0,0.0
2026-08-30 22:45:00-04:00,29297.5,29326.0,29287.75,29296.0,992,0.0,0.0
2026-08-30 22:50:00-04:00,29300.25,29321.25,29291.0,29317.5,612,0.0,0.0
2026-08-30 22:55:00-04:00,29316.0,29346.5,29315.5,29344.25,599,0.0,0.0
2026-08-30 23:00:00-04:00,29346.0,29359.75,29336.75,29350.25,676,0.0,0.0
2026-08-30 23:05:00-04:00,29351.25,29362.25,29345.25,29361.5,402,0.0,0.0
2026-08-30 23:10:00-04:00,29361.75,29367.25,29353.0,29355.5,494,0.0,0.0
2026-08-30 23:15:00-04:00,29355.5,29356.25,29346.25,29348.25,334,0.0,0.0
2026-08-30 23:20:00-04:00,29348.25,29356.0,29346.0,29353.75,274,0.0,0.0
2026-08-30 23:25:00-04:00,29354.25,29358.0,29343.0,29344.0,396,0.0,0.0
2026-08-30 23:30:00-04:00,29345.75,29350.5,29339.25,29345.5,365,0.0,0.0
2026-08-30 23:35:00-04:00,29346.75,29351.0,29337.75,29343.5,274,0.0,0.0
2026-08-30 23:40:00-04:00,29342.0,29351.0,29339.0,29345.0,188,0.0,0.0
2026-08-30 23:45:00-04:00,29346.0,29349.0,29338.75,29344.0,177,0.0,0.0
2026-08-30 23:50:00-04:00,29345.0,29348.75,29339.25,29345.75,152,0.0,0.0
2026-08-30 23:55:00-04:00,29346.25,29353.5,29345.75,29348.75,169,0.0,0.0
2026-08-31 00:00:00-04:00,29352.5,29354.75,29343.5,29348.0,262,0.0,0.0
2026-08-31 00:05:00-04:00,29347.0,29351.0,29341.5,29349.0,115,0.0,0.0
2026-08-31 00:10:00-04:00,29349.75,29354.75,29342.25,29354.75,175,0.0,0.0
2026-08-31 00:15:00-04:00,29353.25,29357.0,29342.75,29350.75,301,0.0,0.0
2026-08-31 00:20:00-04:00,29352.5,29354.0,29343.5,29348.75,167,0.0,0.0
2026-08-31 00:25:00-04:00,29349.5,29353.75,29345.0,29347.25,78,0.0,0.0
2026-08-31 00:30:00-04:00,29348.0,29351.25,29333.75,29338.75,339,0.0,0.0
2026-08-31 00:35:00-04:00,29337.75,29383.75,29337.75,29382.0,912,0.0,0.0
2026-08-31 00:40:00-04:00,29380.5,29384.75,29369.75,29383.0,320,0.0,0.0
2026-08-31 00:45:00-04:00,29380.75,29381.0,29365.5,29368.75,290,0.0,0.0
2026-08-31 00:50:00-04:00,29368.5,29397.0,29368.5,29395.25,542,0.0,0.0
2026-08-31 00:55:00-04:00,29395.5,29423.75,29394.0,29414.75,1104,0.0,0.0
2026-08-31 01:00:00-04:00,29415.0,29430.0,29407.75,29427.75,629,0.0,0.0
2026-08-31 01:05:00-04:00,29426.0,29437.75,29418.0,29419.0,543,0.0,0.0
2026-08-31 01:10:00-04:00,29419.5,29445.0,29417.75,29443.75,426,0.0,0.0
2026-08-31 01:15:00-04:00,29442.75,29477.0,29442.25,29471.75,1133,0.0,0.0
2026-08-31 01:20:00-04:00,29471.5,29472.25,29455.5,29466.75,585,0.0,0.0
2026-08-31 01:25:00-04:00,29467.75,29477.25,29463.0,29470.0,369,0.0,0.0
2026-08-31 01:30:00-04:00,29470.0,29474.25,29443.75,29451.75,781,0.0,0.0
2026-08-31 01:35:00-04:00,29450.5,29452.0,29439.25,29442.5,407,0.0,0.0
2026-08-31 01:40:00-04:00,29442.0,29456.25,29426.25,29442.0,765,0.0,0.0
2026-08-31 01:45:00-04:00,29442.25,29452.0,29437.25,29439.0,407,0.0,0.0
2026-08-31 01:50:00-04:00,29439.5,29448.0,29432.0,29448.0,350,0.0,0.0
2026-08-31 01:55:00-04:00,29447.75,29462.5,29444.5,29462.25,472,0.0,0.0
2026-08-31 02:00:00-04:00,29462.0,29468.0,29448.75,29468.0,574,0.0,0.0
2026-08-31 02:05:00-04:00,29468.25,29489.5,29466.75,29486.25,813,0.0,0.0
2026-08-31 02:10:00-04:00,29485.5,29503.5,29485.25,29500.5,927,0.0,0.0
2026-08-31 02:15:00-04:00,29501.25,29515.0,29501.25,29511.75,846,0.0,0.0
2026-08-31 02:20:00-04:00,29511.5,29518.5,29505.25,29513.75,752,0.0,0.0
2026-08-31 02:25:00-04:00,29513.5,29513.5,29501.25,29512.5,564,0.0,0.0
2026-08-31 02:30:00-04:00,29512.5,29514.25,29495.75,29499.5,651,0.0,0.0
2026-08-31 02:35:00-04:00,29500.25,29518.75,29498.0,29518.75,361,0.0,0.0
2026-08-31 02:40:00-04:00,29517.75,29517.75,29505.0,29508.0,367,0.0,0.0
2026-08-31 02:45:00-04:00,29507.5,29528.5,29505.0,29512.0,653,0.0,0.0
2026-08-31 02:50:00-04:00,29511.75,29517.25,29503.5,29516.5,253,0.0,0.0
2026-08-31 02:55:00-04:00,29517.25,29520.0,29512.5,29517.75,233,0.0,0.0
2026-08-31 03:00:00-04:00,29516.25,29518.75,29503.75,29509.75,478,0.0,0.0
2026-08-31 03:05:00-04:00,29508.25,29521.0,29500.75,29507.5,351,0.0,0.0
2026-08-31 03:10:00-04:00,29508.5,29514.25,29502.0,29513.75,311,0.0,0.0
2026-08-31 03:15:00-04:00,29513.25,29514.5,29500.0,29503.75,219,0.0,0.0
2026-08-31 03:20:00-04:00,29505.5,29521.25,29503.5,29517.75,247,0.0,0.0
2026-08-31 03:25:00-04:00,29517.25,29519.0,29503.5,29509.75,239,0.0,0.0
2026-08-31 03:30:00-04:00,29508.25,29517.25,29503.75,29512.5,207,0.0,0.0
2026-08-31 03:35:00-04:00,29512.5,29522.75,29502.75,29506.5,342,0.0,0.0
2026-08-31 03:40:00-04:00,29508.25,29509.5,29501.0,29506.0,218,0.0,0.0
2026-08-31 03:45:00-04:00,29505.5,29508.25,29499.5,29505.25,253,0.0,0.0
2026-08-31 03:50:00-04:00,29504.75,29505.5,29493.5,29501.75,241,0.0,0.0
2026-08-31 03:55:00-04:00,29502.75,29510.75,29501.0,29508.25,227,0.0,0.0
2026-08-31 04:00:00-04:00,29508.5,29534.75,29487.25,29491.0,1546,0.0,0.0
2026-08-31 04:05:00-04:00,29492.25,29532.5,29485.0,29530.25,774,0.0,0.0
2026-08-31 04:10:00-04:00,29530.5,29535.0,29503.75,29505.0,751,0.0,0.0
2026-08-31 04:15:00-04:00,29504.75,29511.0,29498.5,29498.75,272,0.0,0.0
2026-08-31 04:20:00-04:00,29498.25,29505.75,29485.5,29496.0,632,0.0,0.0
2026-08-31 04:25:00-04:00,29494.5,29505.5,29492.5,29501.0,232,0.0,0.0
2026-08-31 04:30:00-04:00,29500.75,29502.25,29490.25,29495.75,256,0.0,0.0
2026-08-31 04:35:00-04:00,29495.5,29500.25,29487.0,29490.0,364,0.0,0.0
2026-08-31 04:40:00-04:00,29490.25,29491.5,29475.0,29484.5,614,0.0,0.0
2026-08-31 04:45:00-04:00,29484.75,29494.0,29482.75,29490.5,328,0.0,0.0
2026-08-31 04:50:00-04:00,29490.25,29498.5,29486.25,29487.5,301,0.0,0.0
2026-08-31 04:55:00-04:00,29488.75,29492.5,29480.25,29485.0,214,0.0,0.0
2026-08-31 05:00:00-04:00,29485.25,29489.0,29470.75,29472.25,301,0.0,0.0
2026-08-31 05:05:00-04:00,29472.75,29493.0,29471.25,29492.5,419,0.0,0.0
2026-08-31 05:10:00-04:00,29492.0,29500.75,29488.75,29492.5,458,0.0,0.0
2026-08-31 05:15:00-04:00,29492.25,29509.25,29492.25,29506.75,408,0.0,0.0
2026-08-31 05:20:00-04:00,29504.25,29509.0,29490.0,29497.5,449,0.0,0.0
2026-08-31 05:25:00-04:00,29497.5,29498.0,29490.75,29491.25,78,0.0,0.0
2026-08-31 05:30:00-04:00,29491.75,29492.5,29481.25,29483.5,298,0.0,0.0
2026-08-31 05:35:00-04:00,29483.0,29484.0,29473.5,29474.5,246,0.0,0.0
2026-08-31 05:40:00-04:00,29473.5,29473.5,29467.0,29468.0,254,0.0,0.0
2026-08-31 05:45:00-04:00,29468.0,29469.25,29447.5,29449.0,510,0.0,0.0
2026-08-31 05:50:00-04:00,29448.0,29456.0,29447.25,29452.25,359,0.0,0.0
2026-08-31 05:55:00-04:00,29452.0,29452.0,29445.5,29450.5,241,0.0,0.0
2026-08-31 06:00:00-04:00,29451.5,29453.0,29440.5,29449.25,599,0.0,0.0
2026-08-31 06:05:00-04:00,29448.5,29460.0,29448.0,29450.0,473,0.0,0.0
2026-08-31 06:10:00-04:00,29449.0,29460.0,29447.5,29458.0,490,0.0,0.0
2026-08-31 06:15:00-04:00,29457.25,29458.25,29445.75,29451.0,432,0.0,0.0
2026-08-31 06:20:00-04:00,29452.75,29467.75,29450.5,29464.5,462,0.0,0.0
2026-08-31 06:25:00-04:00,29463.5,29467.75,29450.0,29461.0,341,0.0,0.0
2026-08-31 06:30:00-04:00,29460.75,29461.0,29450.0,29452.25,208,0.0,0.0
2026-08-31 06:35:00-04:00,29453.75,29460.25,29452.0,29457.75,142,0.0,0.0
2026-08-31 06:40:00-04:00,29458.25,29459.0,29452.25,29455.25,129,0.0,0.0
2026-08-31 06:45:00-04:00,29454.0,29459.5,29450.0,29456.0,120,0.0,0.0
2026-08-31 06:50:00-04:00,29455.75,29471.5,29450.5,29462.25,351,0.0,0.0
2026-08-31 06:55:00-04:00,29463.0,29465.25,29456.75,29458.75,291,0.0,0.0
2026-08-31 07:00:00-04:00,29458.25,29463.5,29441.75,29446.25,740,0.0,0.0
2026-08-31 07:05:00-04:00,29447.5,29460.25,29436.75,29455.25,459,0.0,0.0
2026-08-31 07:10:00-04:00,29456.0,29459.25,29439.0,29439.5,282,0.0,0.0
2026-08-31 07:15:00-04:00,29439.25,29461.5,29435.5,29457.75,597,0.0,0.0
2026-08-31 07:20:00-04:00,29457.25,29461.75,29446.75,29459.5,361,0.0,0.0
2026-08-31 07:25:00-04:00,29460.0,29471.0,29455.75,29465.0,396,0.0,0.0
2026-08-31 07:30:00-04:00,29465.5,29466.75,29438.0,29438.0,638,0.0,0.0
2026-08-31 07:35:00-04:00,29438.0,29441.25,29434.0,29436.5,337,0.0,0.0
2026-08-31 07:40:00-04:00,29437.75,29459.75,29432.75,29433.5,648,0.0,0.0
2026-08-31 07:45:00-04:00,29434.0,29440.0,29425.75,29431.0,568,0.0,0.0
2026-08-31 07:50:00-04:00,29431.0,29439.75,29425.25,29429.0,392,0.0,0.0
2026-08-31 07:55:00-04:00,29431.75,29435.25,29427.25,29429.75,205,0.0,0.0
2026-08-31 08:00:00-04:00,29429.75,29449.0,29427.75,29440.75,695,0.0,0.0
2026-08-31 08:05:00-04:00,29440.75,29470.0,29398.5,29447.75,1997,0.0,0.0
2026-08-31 08:10:00-04:00,29447.0,29456.25,29433.5,29449.75,511,0.0,0.0
2026-08-31 08:15:00-04:00,29449.75,29473.25,29449.75,29470.75,539,0.0,0.0
2026-08-31 08:20:00-04:00,29472.25,29486.0,29438.75,29439.75,873,0.0,0.0
2026-08-31 08:25:00-04:00,29441.25,29441.75,29397.0,29415.75,1905,0.0,0.0
2026-08-31 08:30:00-04:00,29415.75,29426.0,29403.25,29424.75,927,0.0,0.0
2026-08-31 08:35:00-04:00,29424.25,29442.25,29403.75,29406.0,1469,0.0,0.0
2026-08-31 08:40:00-04:00,29405.75,29407.5,29389.75,29399.25,1236,0.0,0.0
2026-08-31 08:45:00-04:00,29398.5,29407.5,29390.75,29397.5,710,0.0,0.0
2026-08-31 08:50:00-04:00,29398.75,29404.0,29381.25,29382.75,800,0.0,0.0
2026-08-31 08:55:00-04:00,29383.25,29393.5,29380.0,29389.0,1110,0.0,0.0
2026-08-31 09:00:00-04:00,29389.5,29398.0,29377.5,29386.25,1677,0.0,0.0
2026-08-31 09:05:00-04:00,29386.5,29396.25,29384.5,29393.5,874,0.0,0.0
2026-08-31 09:10:00-04:00,29393.25,29411.25,29390.75,29408.5,1024,0.0,0.0
2026-08-31 09:15:00-04:00,29409.5,29423.0,29408.25,29418.25,1075,0.0,0.0
2026-08-31 09:20:00-04:00,29418.25,29425.0,29415.0,29416.0,821,0.0,0.0
2026-08-31 09:25:00-04:00,29415.25,29445.25,29411.0,29438.75,3165,0.0,0.0
2026-08-31 09:30:00-04:00,29438.5,29516.75,29417.5,29465.25,16534,0.0,0.0
2026-08-31 09:35:00-04:00,29465.25,29465.75,29390.25,29398.75,12263,0.0,0.0
2026-08-31 09:40:00-04:00,29400.0,29442.25,29391.75,29407.25,10067,0.0,0.0
2026-08-31 09:45:00-04:00,29407.75,29475.5,29387.75,29439.5,12296,0.0,0.0
2026-08-31 09:50:00-04:00,29439.25,29468.75,29412.75,29465.25,8822,0.0,0.0
2026-08-31 09:55:00-04:00,29465.0,29479.0,29431.25,29438.75,6549,0.0,0.0
2026-08-31 10:00:00-04:00,29439.25,29447.75,29396.5,29403.25,6518,0.0,0.0
2026-08-31 10:05:00-04:00,29403.0,29423.5,29376.75,29377.75,7360,0.0,0.0
2026-08-31 10:10:00-04:00,29377.75,29405.5,29371.0,29394.5,5648,0.0,0.0
2026-08-31 10:15:00-04:00,29393.25,29431.5,29381.25,29418.25,6709,0.0,0.0
2026-08-31 10:20:00-04:00,29419.0,29425.25,29365.75,29366.5,5514,0.0,0.0
2026-08-31 10:25:00-04:00,29367.0,29386.75,29355.0,29376.25,5526,0.0,0.0
2026-08-31 10:30:00-04:00,29374.25,29388.0,29364.5,29376.25,3777,0.0,0.0
2026-08-31 10:35:00-04:00,29377.0,29429.5,29371.0,29407.0,5587,0.0,0.0
2026-08-31 10:40:00-04:00,29406.75,29434.75,29403.5,29425.25,5069,0.0,0.0
2026-08-31 10:45:00-04:00,29425.25,29428.25,29384.25,29390.5,4280,0.0,0.0
2026-08-31 10:50:00-04:00,29389.5,29414.0,29385.25,29411.0,3275,0.0,0.0
2026-08-31 10:55:00-04:00,29410.75,29444.25,29407.0,29416.0,5829,0.0,0.0
2026-08-31 11:00:00-04:00,29415.25,29442.5,29395.5,29410.5,6082,0.0,0.0
2026-08-31 11:05:00-04:00,29410.25,29436.25,29403.0,29408.25,3852,0.0,0.0
2026-08-31 11:10:00-04:00,29408.5,29431.0,29404.75,29417.25,3373,0.0,0.0
2026-08-31 11:15:00-04:00,29416.75,29427.75,29396.5,29420.25,3429,0.0,0.0
2026-08-31 11:20:00-04:00,29420.25,29442.5,29407.75,29437.0,4421,0.0,0.0
2026-08-31 11:25:00-04:00,29437.0,29445.75,29415.75,29421.0,3594,0.0,0.0
2026-08-31 11:30:00-04:00,29420.5,29424.75,29386.25,29397.25,4723,0.0,0.0
2026-08-31 11:35:00-04:00,29397.25,29404.5,29384.0,29397.25,2905,0.0,0.0
2026-08-31 11:40:00-04:00,29397.25,29409.5,29383.0,29409.0,2905,0.0,0.0
2026-08-31 11:45:00-04:00,29408.5,29418.5,29395.25,29411.0,2901,0.0,0.0
2026-08-31 11:50:00-04:00,29410.5,29432.75,29410.5,29418.75,3511,0.0,0.0
2026-08-31 11:55:00-04:00,29418.5,29423.25,29384.5,29388.75,3984,0.0,0.0
2026-08-31 12:00:00-04:00,29389.25,29390.5,29365.0,29370.0,4060,0.0,0.0
2026-08-31 12:05:00-04:00,29369.0,29378.0,29362.5,29373.25,3075,0.0,0.0
2026-08-31 12:10:00-04:00,29373.75,29412.75,29370.5,29407.25,4153,0.0,0.0
2026-08-31 12:15:00-04:00,29407.75,29410.75,29381.5,29399.0,2910,0.0,0.0
2026-08-31 12:20:00-04:00,29400.0,29407.25,29389.75,29400.25,2455,0.0,0.0
2026-08-31 12:25:00-04:00,29400.5,29426.5,29399.75,29425.0,3089,0.0,0.0
2026-08-31 12:30:00-04:00,29425.0,29426.75,29408.0,29416.0,3479,0.0,0.0
2026-08-31 12:35:00-04:00,29416.25,29426.25,29395.25,29395.25,2332,0.0,0.0
2026-08-31 12:40:00-04:00,29396.25,29430.75,29394.25,29413.5,3053,0.0,0.0
2026-08-31 12:45:00-04:00,29413.25,29433.75,29409.5,29426.25,1858,0.0,0.0
2026-08-31 12:50:00-04:00,29426.25,29439.75,29421.75,29431.5,2599,0.0,0.0
2026-08-31 12:55:00-04:00,29431.5,29443.25,29431.0,29440.5,2000,0.0,0.0
2026-08-31 13:00:00-04:00,29440.0,29441.0,29423.0,29430.25,1903,0.0,0.0
2026-08-31 13:05:00-04:00,29429.25,29438.25,29417.75,29419.5,1684,0.0,0.0
2026-08-31 13:10:00-04:00,29419.25,29427.0,29415.25,29423.5,1696,0.0,0.0
2026-08-31 13:15:00-04:00,29423.75,29434.0,29411.25,29420.0,2066,0.0,0.0
2026-08-31 13:20:00-04:00,29419.0,29425.5,29413.75,29418.5,1336,0.0,0.0
2026-08-31 13:25:00-04:00,29418.5,29420.25,29393.25,29396.75,2230,0.0,0.0
2026-08-31 13:30:00-04:00,29396.75,29405.0,29388.25,29388.25,2751,0.0,0.0
2026-08-31 13:35:00-04:00,29388.5,29417.0,29388.0,29416.75,2343,0.0,0.0
2026-08-31 13:40:00-04:00,29416.25,29439.75,29414.75,29439.5,2867,0.0,0.0
2026-08-31 13:45:00-04:00,29439.75,29445.0,29430.75,29437.0,2223,0.0,0.0
2026-08-31 13:50:00-04:00,29437.0,29457.5,29436.0,29453.75,2708,0.0,0.0
2026-08-31 13:55:00-04:00,29453.0,29456.25,29432.5,29442.0,2252,0.0,0.0
2026-08-31 14:00:00-04:00,29442.0,29453.75,29422.25,29452.0,3591,0.0,0.0
2026-08-31 14:05:00-04:00,29451.0,29458.75,29442.5,29454.75,1868,0.0,0.0
2026-08-31 14:10:00-04:00,29455.5,29456.0,29442.25,29446.75,1504,0.0,0.0
2026-08-31 14:15:00-04:00,29446.75,29457.75,29444.75,29454.25,1337,0.0,0.0
2026-08-31 14:20:00-04:00,29454.25,29464.25,29444.5,29454.5,2076,0.0,0.0
2026-08-31 14:25:00-04:00,29453.5,29455.25,29437.25,29438.25,2047,0.0,0.0
2026-08-31 14:30:00-04:00,29438.0,29443.25,29422.25,29424.0,2043,0.0,0.0
2026-08-31 14:35:00-04:00,29423.75,29429.25,29391.5,29397.5,3973,0.0,0.0
2026-08-31 14:40:00-04:00,29397.25,29404.0,29382.5,29399.0,3384,0.0,0.0
2026-08-31 14:45:00-04:00,29399.75,29406.0,29390.5,29404.5,2303,0.0,0.0
2026-08-31 14:50:00-04:00,29404.5,29415.0,29396.0,29409.25,2075,0.0,0.0
2026-08-31 14:55:00-04:00,29408.75,29420.25,29400.25,29403.75,2212,0.0,0.0
2026-08-31 15:00:00-04:00,29404.5,29425.5,29404.5,29411.75,2267,0.0,0.0
2026-08-31 15:05:00-04:00,29412.0,29424.0,29403.5,29422.0,1789,0.0,0.0
2026-08-31 15:10:00-04:00,29421.5,29429.75,29414.75,29425.5,2306,0.0,0.0
2026-08-31 15:15:00-04:00,29425.5,29428.75,29417.25,29421.75,1616,0.0,0.0
2026-08-31 15:20:00-04:00,29421.75,29441.75,29419.0,29432.75,2629,0.0,0.0
2026-08-31 15:25:00-04:00,29432.75,29453.5,29427.75,29448.25,2836,0.0,0.0
2026-08-31 15:30:00-04:00,29447.75,29449.5,29430.5,29444.5,2540,0.0,0.0
2026-08-31 15:35:00-04:00,29444.5,29456.5,29439.75,29451.5,1997,0.0,0.0
2026-08-31 15:40:00-04:00,29451.5,29483.25,29447.25,29477.0,4930,0.0,0.0
2026-08-31 15:45:00-04:00,29476.75,29485.75,29458.5,29474.5,4324,0.0,0.0
2026-08-31 15:50:00-04:00,29474.5,29534.5,29474.5,29524.5,11071,0.0,0.0
2026-08-31 15:55:00-04:00,29524.0,29538.25,29498.0,29506.0,19334,0.0,0.0
2026-08-31 16:00:00-04:00,29506.5,29527.5,29503.75,29516.5,5359,0.0,0.0
2026-08-31 16:05:00-04:00,29516.75,29527.25,29514.0,29519.5,1376,0.0,0.0
2026-08-31 16:10:00-04:00,29520.75,29524.25,29508.0,29511.5,1098,0.0,0.0
2026-08-31 16:15:00-04:00,29511.5,29515.5,29509.0,29513.0,598,0.0,0.0
2026-08-31 16:20:00-04:00,29512.25,29512.25,29507.0,29510.5,418,0.0,0.0
2026-08-31 16:25:00-04:00,29510.75,29516.75,29509.5,29513.75,380,0.0,0.0
2026-08-31 16:30:00-04:00,29513.0,29516.0,29510.0,29514.75,334,0.0,0.0
2026-08-31 16:35:00-04:00,29515.0,29517.5,29513.25,29516.0,219,0.0,0.0
2026-08-31 16:40:00-04:00,29516.5,29520.5,29515.75,29516.75,420,0.0,0.0
2026-08-31 16:45:00-04:00,29516.75,29517.75,29507.5,29507.5,331,0.0,0.0
2026-08-31 16:50:00-04:00,29507.0,29517.5,29507.0,29517.0,344,0.0,0.0
2026-08-31 16:55:00-04:00,29516.75,29521.25,29513.75,29521.0,456,0.0,0.0
2026-08-31 18:00:00-04:00,29518.25,29522.5,29501.5,29506.25,0,0.0,0.0
2026-08-31 18:05:00-04:00,29507.75,29513.25,29501.25,29507.75,285,0.0,0.0
2026-08-31 18:10:00-04:00,29509.0,29510.75,29503.0,29507.75,283,0.0,0.0
2026-08-31 18:15:00-04:00,29507.0,29508.5,29498.5,29501.5,216,0.0,0.0
2026-08-31 18:20:00-04:00,29502.0,29503.75,29500.0,29503.75,77,0.0,0.0
2026-08-31 18:25:00-04:00,29504.5,29505.75,29500.75,29501.75,120,0.0,0.0
2026-08-31 18:30:00-04:00,29502.5,29506.5,29501.75,29505.5,188,0.0,0.0
2026-08-31 18:35:00-04:00,29503.5,29508.25,29502.5,29505.5,112,0.0,0.0
2026-08-31 18:40:00-04:00,29505.5,29506.25,29503.25,29505.0,50,0.0,0.0
2026-08-31 18:45:00-04:00,29505.0,29506.75,29492.0,29494.0,298,0.0,0.0
2026-08-31 18:50:00-04:00,29494.75,29496.25,29491.0,29491.75,223,0.0,0.0
2026-08-31 18:55:00-04:00,29492.0,29497.0,29492.0,29493.5,170,0.0,0.0
2026-08-31 19:00:00-04:00,29493.25,29505.0,29490.0,29492.25,339,0.0,0.0
2026-08-31 19:05:00-04:00,29493.0,29499.5,29492.0,29496.0,217,0.0,0.0
2026-08-31 19:10:00-04:00,29496.0,29498.75,29491.0,29496.0,184,0.0,0.0
2026-08-31 19:15:00-04:00,29495.75,29497.5,29490.0,29494.5,82,0.0,0.0
2026-08-31 19:20:00-04:00,29494.0,29495.75,29486.0,29489.5,237,0.0,0.0
2026-08-31 19:25:00-04:00,29489.75,29499.5,29488.25,29497.0,209,0.0,0.0
2026-08-31 19:30:00-04:00,29495.5,29513.5,29494.5,29507.75,492,0.0,0.0
2026-08-31 19:35:00-04:00,29507.5,29515.0,29493.5,29501.25,517,0.0,0.0
2026-08-31 19:40:00-04:00,29501.75,29512.25,29500.25,29510.25,287,0.0,0.0
2026-08-31 19:45:00-04:00,29509.75,29519.5,29501.5,29506.25,440,0.0,0.0
2026-08-31 19:50:00-04:00,29506.75,29511.0,29502.75,29503.75,153,0.0,0.0
2026-08-31 19:55:00-04:00,29503.75,29505.0,29496.5,29501.25,303,0.0,0.0
2026-08-31 20:00:00-04:00,29503.25,29516.25,29480.5,29501.0,1268,0.0,0.0
2026-08-31 20:05:00-04:00,29500.75,29521.75,29497.75,29517.75,855,0.0,0.0
2026-08-31 20:10:00-04:00,29516.5,29517.25,29486.75,29489.25,572,0.0,0.0
2026-08-31 20:15:00-04:00,29489.0,29513.0,29478.25,29513.0,1019,0.0,0.0
2026-08-31 20:20:00-04:00,29513.25,29518.75,29502.25,29504.0,557,0.0,0.0
2026-08-31 20:25:00-04:00,29504.0,29514.5,29495.75,29501.0,565,0.0,0.0
2026-08-31 20:30:00-04:00,29501.0,29520.5,29484.25,29491.75,883,0.0,0.0
2026-08-31 20:35:00-04:00,29491.5,29493.0,29486.0,29487.5,256,0.0,0.0
2026-08-31 20:40:00-04:00,29488.25,29507.75,29485.75,29501.75,566,0.0,0.0
2026-08-31 20:45:00-04:00,29503.5,29508.5,29492.5,29504.0,398,0.0,0.0
2026-08-31 20:50:00-04:00,29504.75,29506.5,29494.25,29498.25,234,0.0,0.0
2026-08-31 20:55:00-04:00,29498.25,29508.0,29491.75,29506.0,238,0.0,0.0
2026-08-31 21:00:00-04:00,29506.0,29514.25,29501.5,29510.75,629,0.0,0.0
2026-08-31 21:05:00-04:00,29510.25,29512.75,29491.5,29505.75,524,0.0,0.0
2026-08-31 21:10:00-04:00,29504.5,29514.0,29498.75,29512.25,397,0.0,0.0
2026-08-31 21:15:00-04:00,29512.0,29516.25,29508.0,29513.25,324,0.0,0.0
2026-08-31 21:20:00-04:00,29513.75,29516.25,29504.0,29508.25,351,0.0,0.0
2026-08-31 21:25:00-04:00,29507.0,29507.25,29477.0,29484.0,1187,0.0,0.0
2026-08-31 21:30:00-04:00,29483.0,29506.0,29475.0,29505.75,783,0.0,0.0
2026-08-31 21:35:00-04:00,29505.75,29515.5,29491.75,29499.75,1017,0.0,0.0
2026-08-31 21:40:00-04:00,29499.5,29508.5,29494.75,29508.25,329,0.0,0.0
2026-08-31 21:45:00-04:00,29508.75,29511.0,29502.0,29505.75,399,0.0,0.0
2026-08-31 21:50:00-04:00,29505.5,29506.5,29491.5,29491.5,256,0.0,0.0
2026-08-31 21:55:00-04:00,29492.5,29505.0,29490.5,29499.75,292,0.0,0.0
2026-08-31 22:00:00-04:00,29498.0,29502.75,29492.5,29496.75,223,0.0,0.0
2026-08-31 22:05:00-04:00,29496.0,29497.0,29482.25,29485.0,557,0.0,0.0
2026-08-31 22:10:00-04:00,29484.25,29484.25,29475.0,29481.0,497,0.0,0.0
2026-08-31 22:15:00-04:00,29480.5,29485.0,29476.5,29483.5,286,0.0,0.0
2026-08-31 22:20:00-04:00,29483.75,29486.5,29473.0,29476.5,349,0.0,0.0
2026-08-31 22:25:00-04:00,29475.5,29475.75,29452.75,29459.75,890,0.0,0.0
2026-08-31 22:30:00-04:00,29460.0,29472.5,29459.0,29462.75,647,0.0,0.0
2026-08-31 22:35:00-04:00,29461.75,29462.0,29440.0,29443.0,694,0.0,0.0
2026-08-31 22:40:00-04:00,29441.5,29444.75,29434.75,29439.0,557,0.0,0.0
2026-08-31 22:45:00-04:00,29438.75,29454.5,29436.25,29450.75,591,0.0,0.0
2026-08-31 22:50:00-04:00,29451.25,29458.25,29450.0,29456.25,304,0.0,0.0
2026-08-31 22:55:00-04:00,29456.5,29493.25,29455.25,29492.0,1086,0.0,0.0
2026-08-31 23:00:00-04:00,29491.5,29493.75,29471.25,29473.0,750,0.0,0.0
2026-08-31 23:05:00-04:00,29472.0,29480.0,29468.0,29472.5,312,0.0,0.0
2026-08-31 23:10:00-04:00,29471.5,29478.0,29467.5,29471.5,254,0.0,0.0
2026-08-31 23:15:00-04:00,29471.5,29476.5,29466.75,29471.25,156,0.0,0.0
2026-08-31 23:20:00-04:00,29470.5,29472.0,29464.5,29468.0,266,0.0,0.0
2026-08-31 23:25:00-04:00,29468.25,29474.0,29459.25,29464.25,500,0.0,0.0
2026-08-31 23:30:00-04:00,29465.5,29475.0,29461.25,29470.25,205,0.0,0.0
2026-08-31 23:35:00-04:00,29469.0,29481.5,29466.5,29477.0,206,0.0,0.0
2026-08-31 23:40:00-04:00,29476.5,29483.25,29473.75,29477.75,359,0.0,0.0
2026-08-31 23:45:00-04:00,29477.0,29486.75,29474.75,29485.0,212,0.0,0.0
2026-08-31 23:50:00-04:00,29485.5,29488.5,29479.75,29481.5,269,0.0,0.0
2026-08-31 23:55:00-04:00,29480.5,29483.5,29479.25,29482.75,86,0.0,0.0
2026-09-01 00:05:00-04:00,29485.0,29485.25,29481.0,29485.25,661,0.0,0.0
2026-09-01 00:10:00-04:00,29485.75,29492.75,29483.75,29489.0,174,0.0,0.0
2026-09-01 00:15:00-04:00,29488.25,29499.0,29487.5,29496.0,266,0.0,0.0
2026-09-01 00:20:00-04:00,29495.75,29500.5,29492.75,29496.25,264,0.0,0.0
2026-09-01 00:25:00-04:00,29496.5,29501.5,29485.5,29492.75,556,0.0,0.0
2026-09-01 00:30:00-04:00,29493.75,29503.0,29489.5,29494.5,324,0.0,0.0
2026-09-01 00:35:00-04:00,29494.5,29499.75,29487.75,29489.5,182,0.0,0.0
2026-09-01 00:40:00-04:00,29488.75,29491.5,29470.25,29471.25,412,0.0,0.0
2026-09-01 00:45:00-04:00,29471.25,29494.0,29467.0,29490.75,609,0.0,0.0
2026-09-01 00:50:00-04:00,29491.0,29493.0,29474.0,29476.25,396,0.0,0.0
2026-09-01 00:55:00-04:00,29476.0,29477.75,29466.0,29473.75,580,0.0,0.0
2026-09-01 01:00:00-04:00,29473.25,29474.5,29460.0,29470.75,461,0.0,0.0
2026-09-01 01:05:00-04:00,29472.75,29475.5,29470.25,29474.0,137,0.0,0.0
2026-09-01 01:10:00-04:00,29473.25,29475.75,29463.75,29464.25,194,0.0,0.0
2026-09-01 01:15:00-04:00,29464.5,29467.75,29452.0,29454.0,360,0.0,0.0
2026-09-01 01:20:00-04:00,29454.5,29464.5,29447.25,29463.25,414,0.0,0.0
2026-09-01 01:25:00-04:00,29463.25,29487.75,29462.0,29486.0,705,0.0,0.0
2026-09-01 01:30:00-04:00,29485.0,29503.25,29482.25,29496.5,882,0.0,0.0
2026-09-01 01:35:00-04:00,29496.0,29521.0,29492.0,29515.0,1445,0.0,0.0
2026-09-01 01:40:00-04:00,29515.75,29535.75,29515.75,29534.0,1132,0.0,0.0
2026-09-01 01:45:00-04:00,29534.25,29537.5,29525.25,29526.5,537,0.0,0.0
2026-09-01 01:50:00-04:00,29526.0,29543.5,29521.75,29542.25,734,0.0,0.0
2026-09-01 01:55:00-04:00,29542.0,29571.25,29542.0,29561.5,1274,0.0,0.0
2026-09-01 02:00:00-04:00,29561.75,29568.0,29540.5,29541.5,730,0.0,0.0
2026-09-01 02:05:00-04:00,29541.25,29558.0,29531.0,29545.75,977,0.0,0.0
2026-09-01 02:10:00-04:00,29545.25,29552.25,29541.0,29545.25,395,0.0,0.0
2026-09-01 02:15:00-04:00,29544.5,29547.0,29529.25,29538.0,533,0.0,0.0
2026-09-01 02:20:00-04:00,29539.0,29545.0,29525.75,29528.25,551,0.0,0.0
2026-09-01 02:25:00-04:00,29528.75,29536.75,29514.75,29517.5,574,0.0,0.0
2026-09-01 02:30:00-04:00,29516.5,29535.0,29513.75,29522.0,487,0.0,0.0
2026-09-01 02:35:00-04:00,29521.5,29537.5,29514.5,29537.25,395,0.0,0.0
2026-09-01 02:40:00-04:00,29537.0,29545.0,29532.5,29539.25,433,0.0,0.0
2026-09-01 02:45:00-04:00,29539.75,29540.25,29524.25,29528.5,288,0.0,0.0
2026-09-01 02:50:00-04:00,29529.0,29531.5,29523.75,29529.25,209,0.0,0.0
2026-09-01 02:55:00-04:00,29530.0,29531.75,29514.5,29515.75,440,0.0,0.0
2026-09-01 03:00:00-04:00,29515.5,29549.25,29512.25,29547.75,1004,0.0,0.0
2026-09-01 03:05:00-04:00,29547.75,29554.5,29534.0,29534.0,585,0.0,0.0
2026-09-01 03:10:00-04:00,29533.5,29555.5,29515.25,29553.5,1159,0.0,0.0
2026-09-01 03:15:00-04:00,29554.25,29556.75,29529.75,29541.0,550,0.0,0.0
2026-09-01 03:20:00-04:00,29541.25,29549.5,29528.25,29541.75,310,0.0,0.0
2026-09-01 03:25:00-04:00,29542.5,29554.75,29540.5,29545.0,330,0.0,0.0
2026-09-01 03:30:00-04:00,29546.75,29547.0,29515.75,29516.25,715,0.0,0.0
2026-09-01 03:35:00-04:00,29515.25,29515.25,29468.5,29468.5,1577,0.0,0.0
2026-09-01 03:40:00-04:00,29469.0,29476.0,29462.0,29464.0,803,0.0,0.0
2026-09-01 03:45:00-04:00,29463.0,29478.75,29439.0,29475.0,1288,0.0,0.0
2026-09-01 03:50:00-04:00,29473.5,29475.0,29454.0,29455.25,611,0.0,0.0
2026-09-01 03:55:00-04:00,29455.5,29458.75,29430.0,29436.25,1005,0.0,0.0
2026-09-01 04:00:00-04:00,29436.25,29445.25,29412.25,29430.5,1371,0.0,0.0
2026-09-01 04:05:00-04:00,29429.25,29449.0,29327.0,29337.0,4590,0.0,0.0
2026-09-01 04:10:00-04:00,29337.25,29361.25,29330.0,29348.75,1383,0.0,0.0
2026-09-01 04:15:00-04:00,29351.0,29358.5,29318.5,29330.75,1239,0.0,0.0
2026-09-01 04:20:00-04:00,29330.0,29335.0,29301.0,29306.0,1328,0.0,0.0
2026-09-01 04:25:00-04:00,29305.5,29319.25,29279.0,29285.5,2356,0.0,0.0
2026-09-01 04:30:00-04:00,29286.0,29312.0,29281.25,29308.5,1001,0.0,0.0
2026-09-01 04:35:00-04:00,29308.0,29309.75,29260.5,29267.25,1616,0.0,0.0
2026-09-01 04:40:00-04:00,29266.75,29279.0,29246.75,29257.5,1428,0.0,0.0
2026-09-01 04:45:00-04:00,29257.0,29273.0,29248.25,29257.5,869,0.0,0.0
2026-09-01 04:50:00-04:00,29257.0,29276.75,29248.25,29267.5,734,0.0,0.0
2026-09-01 04:55:00-04:00,29268.0,29279.75,29231.0,29235.25,1219,0.0,0.0
2026-09-01 05:00:00-04:00,29235.75,29243.25,29211.5,29222.25,1679,0.0,0.0
2026-09-01 05:05:00-04:00,29223.25,29229.5,29201.75,29211.75,1180,0.0,0.0
2026-09-01 05:10:00-04:00,29213.0,29221.75,29204.0,29207.75,652,0.0,0.0
2026-09-01 05:15:00-04:00,29206.75,29218.0,29195.75,29201.0,998,0.0,0.0
2026-09-01 05:20:00-04:00,29200.5,29206.5,29185.5,29196.0,1107,0.0,0.0
2026-09-01 05:25:00-04:00,29196.5,29201.75,29189.25,29197.0,489,0.0,0.0
2026-09-01 05:30:00-04:00,29199.0,29208.0,29193.75,29203.0,678,0.0,0.0
2026-09-01 05:35:00-04:00,29201.5,29206.5,29184.25,29187.0,679,0.0,0.0
2026-09-01 05:40:00-04:00,29186.75,29216.75,29184.25,29213.25,912,0.0,0.0
2026-09-01 05:45:00-04:00,29212.25,29228.0,29211.75,29219.75,676,0.0,0.0
2026-09-01 05:50:00-04:00,29219.0,29223.25,29213.75,29222.75,506,0.0,0.0
2026-09-01 05:55:00-04:00,29223.0,29224.75,29211.5,29212.5,448,0.0,0.0
2026-09-01 06:00:00-04:00,29212.5,29227.25,29201.25,29210.5,681,0.0,0.0
2026-09-01 06:05:00-04:00,29210.75,29221.75,29207.25,29208.25,346,0.0,0.0
2026-09-01 06:10:00-04:00,29208.75,29227.25,29205.0,29221.5,417,0.0,0.0
2026-09-01 06:15:00-04:00,29222.0,29229.25,29211.75,29219.0,439,0.0,0.0
2026-09-01 06:20:00-04:00,29220.0,29248.25,29217.5,29245.25,907,0.0,0.0
2026-09-01 06:25:00-04:00,29245.75,29248.75,29233.0,29237.5,557,0.0,0.0
2026-09-01 06:30:00-04:00,29237.75,29256.0,29235.75,29255.25,440,0.0,0.0
2026-09-01 06:35:00-04:00,29255.5,29257.75,29249.0,29250.0,408,0.0,0.0
2026-09-01 06:40:00-04:00,29250.0,29250.25,29227.0,29227.5,600,0.0,0.0
2026-09-01 06:45:00-04:00,29227.25,29243.0,29218.25,29223.5,1330,0.0,0.0
2026-09-01 06:50:00-04:00,29224.0,29224.75,29197.25,29213.5,930,0.0,0.0
2026-09-01 06:55:00-04:00,29212.5,29216.0,29208.5,29210.0,385,0.0,0.0
2026-09-01 07:00:00-04:00,29209.25,29213.25,29190.0,29204.5,1093,0.0,0.0
2026-09-01 07:05:00-04:00,29203.5,29203.5,29178.0,29198.0,1392,0.0,0.0
2026-09-01 07:10:00-04:00,29198.75,29204.75,29193.25,29200.75,527,0.0,0.0
2026-09-01 07:15:00-04:00,29200.5,29211.75,29199.0,29207.75,662,0.0,0.0
2026-09-01 07:20:00-04:00,29207.75,29216.75,29196.75,29200.5,555,0.0,0.0
2026-09-01 07:25:00-04:00,29200.5,29212.0,29196.25,29208.75,549,0.0,0.0
2026-09-01 07:30:00-04:00,29207.75,29225.75,29205.75,29212.5,971,0.0,0.0
2026-09-01 07:35:00-04:00,29212.5,29236.25,29210.75,29235.75,644,0.0,0.0
2026-09-01 07:40:00-04:00,29235.0,29238.0,29226.0,29226.25,561,0.0,0.0
2026-09-01 07:45:00-04:00,29228.25,29228.5,29205.25,29208.5,882,0.0,0.0
2026-09-01 07:50:00-04:00,29208.5,29217.5,29198.0,29199.0,701,0.0,0.0
2026-09-01 07:55:00-04:00,29199.25,29199.75,29167.75,29172.5,1479,0.0,0.0
2026-09-01 08:00:00-04:00,29171.5,29179.5,29157.5,29174.25,1566,0.0,0.0
2026-09-01 08:05:00-04:00,29173.75,29176.25,29154.5,29158.75,1274,0.0,0.0
2026-09-01 08:10:00-04:00,29159.0,29167.0,29153.75,29165.5,888,0.0,0.0
2026-09-01 08:15:00-04:00,29164.75,29173.0,29146.25,29148.25,1632,0.0,0.0
2026-09-01 08:20:00-04:00,29148.25,29161.75,29137.5,29156.0,1717,0.0,0.0
2026-09-01 08:25:00-04:00,29156.75,29171.5,29150.75,29170.5,985,0.0,0.0
2026-09-01 08:30:00-04:00,29169.75,29170.5,29140.75,29149.5,1559,0.0,0.0
2026-09-01 08:35:00-04:00,29149.0,29154.5,29126.25,29138.75,1946,0.0,0.0
2026-09-01 08:40:00-04:00,29138.0,29141.25,29123.25,29129.5,1640,0.0,0.0
2026-09-01 08:45:00-04:00,29129.5,29153.0,29123.75,29127.0,1689,0.0,0.0
2026-09-01 08:50:00-04:00,29127.25,29138.0,29124.5,29131.25,1102,0.0,0.0
2026-09-01 08:55:00-04:00,29131.75,29134.5,29122.25,29125.75,1018,0.0,0.0
2026-09-01 09:00:00-04:00,29125.75,29126.25,29095.0,29099.25,3361,0.0,0.0
2026-09-01 09:05:00-04:00,29099.0,29104.5,29087.0,29098.5,2738,0.0,0.0
2026-09-01 09:10:00-04:00,29098.25,29104.25,29089.25,29093.0,1746,0.0,0.0
2026-09-01 09:15:00-04:00,29093.0,29100.0,29084.25,29097.25,1708,0.0,0.0
2026-09-01 09:20:00-04:00,29097.0,29114.5,29095.0,29112.5,2053,0.0,0.0
2026-09-01 09:25:00-04:00,29113.0,29122.75,29100.0,29112.25,3518,0.0,0.0
2026-09-01 09:30:00-04:00,29111.75,29124.75,29062.75,29099.0,19223,0.0,0.0
2026-09-01 09:35:00-04:00,29099.25,29140.5,29060.25,29071.75,13922,0.0,0.0
2026-09-01 09:40:00-04:00,29071.0,29096.75,29040.25,29083.75,11642,0.0,0.0
2026-09-01 09:45:00-04:00,29084.0,29144.25,29074.75,29143.25,11108,0.0,0.0
2026-09-01 09:50:00-04:00,29143.0,29158.0,29106.0,29124.0,8037,0.0,0.0
2026-09-01 09:55:00-04:00,29124.5,29130.0,29092.0,29105.0,6086,0.0,0.0
2026-09-01 10:00:00-04:00,29106.0,29138.25,29085.25,29104.5,8950,0.0,0.0
2026-09-01 10:05:00-04:00,29104.5,29161.75,29104.25,29154.0,6775,0.0,0.0
2026-09-01 10:10:00-04:00,29153.25,29160.0,29116.0,29133.25,6312,0.0,0.0
2026-09-01 10:15:00-04:00,29133.5,29174.25,29132.0,29145.25,7481,0.0,0.0
2026-09-01 10:20:00-04:00,29145.25,29179.5,29145.25,29160.75,5509,0.0,0.0
2026-09-01 10:25:00-04:00,29161.25,29178.0,29154.5,29165.25,4224,0.0,0.0
2026-09-01 10:30:00-04:00,29165.25,29213.25,29162.25,29209.75,6772,0.0,0.0
2026-09-01 10:35:00-04:00,29210.0,29215.0,29196.5,29208.5,5144,0.0,0.0
2026-09-01 10:40:00-04:00,29209.25,29235.0,29204.75,29234.0,5235,0.0,0.0
2026-09-01 10:45:00-04:00,29234.0,29268.0,29224.25,29246.0,6624,0.0,0.0
2026-09-01 10:50:00-04:00,29246.25,29247.0,29218.5,29222.0,6291,0.0,0.0
2026-09-01 10:55:00-04:00,29222.25,29229.75,29207.0,29228.0,5072,0.0,0.0
2026-09-01 11:00:00-04:00,29228.5,29241.5,29200.5,29211.5,5052,0.0,0.0
2026-09-01 11:05:00-04:00,29211.75,29216.0,29180.5,29181.75,5114,0.0,0.0
2026-09-01 11:10:00-04:00,29181.5,29200.0,29180.25,29183.75,3781,0.0,0.0
2026-09-01 11:15:00-04:00,29183.0,29204.5,29178.25,29199.0,3370,0.0,0.0
2026-09-01 11:20:00-04:00,29199.0,29217.5,29186.25,29216.25,3613,0.0,0.0
2026-09-01 11:25:00-04:00,29215.5,29233.25,29207.75,29232.5,3212,0.0,0.0
2026-09-01 11:30:00-04:00,29232.25,29245.25,29224.25,29232.75,4611,0.0,0.0
2026-09-01 11:35:00-04:00,29232.5,29269.5,29229.0,29267.0,4910,0.0,0.0
2026-09-01 11:40:00-04:00,29266.75,29291.25,29266.25,29287.75,5355,0.0,0.0
2026-09-01 11:45:00-04:00,29287.75,29317.75,29286.0,29312.0,6191,0.0,0.0
2026-09-01 11:50:00-04:00,29312.75,29316.75,29295.25,29310.0,4227,0.0,0.0
2026-09-01 11:55:00-04:00,29309.25,29311.25,29289.0,29296.25,3435,0.0,0.0
2026-09-01 12:00:00-04:00,29295.5,29300.75,29276.5,29279.75,3866,0.0,0.0
2026-09-01 12:05:00-04:00,29279.25,29283.0,29256.25,29260.25,3967,0.0,0.0
2026-09-01 12:10:00-04:00,29260.25,29265.75,29232.0,29232.25,3983,0.0,0.0
2026-09-01 12:15:00-04:00,29232.75,29236.25,29202.25,29204.0,5195,0.0,0.0
2026-09-01 12:20:00-04:00,29204.75,29209.75,29170.5,29195.5,8738,0.0,0.0
2026-09-01 12:25:00-04:00,29195.25,29202.5,29162.75,29176.75,6368,0.0,0.0
2026-09-01 12:30:00-04:00,29177.0,29184.5,29131.25,29134.75,6623,0.0,0.0
2026-09-01 12:35:00-04:00,29135.0,29164.0,29133.75,29163.25,4753,0.0,0.0
2026-09-01 12:40:00-04:00,29164.0,29168.75,29136.0,29138.0,4390,0.0,0.0
2026-09-01 12:45:00-04:00,29137.75,29162.0,29133.0,29161.75,2949,0.0,0.0
2026-09-01 12:50:00-04:00,29161.75,29167.25,29151.75,29162.5,2457,0.0,0.0
2026-09-01 12:55:00-04:00,29164.0,29197.25,29163.5,29191.75,4140,0.0,0.0
2026-09-01 13:00:00-04:00,29191.25,29191.75,29149.5,29151.0,3713,0.0,0.0
2026-09-01 13:05:00-04:00,29150.0,29159.0,29138.75,29147.25,2811,0.0,0.0
2026-09-01 13:10:00-04:00,29147.75,29165.5,29140.25,29156.25,2889,0.0,0.0
2026-09-01 13:15:00-04:00,29156.25,29163.75,29133.75,29141.0,2986,0.0,0.0
2026-09-01 13:20:00-04:00,29141.5,29150.25,29131.75,29139.25,2489,0.0,0.0
2026-09-01 13:25:00-04:00,29140.0,29146.25,29100.5,29141.75,5394,0.0,0.0
2026-09-01 13:30:00-04:00,29143.0,29159.0,29137.75,29152.25,2907,0.0,0.0
2026-09-01 13:35:00-04:00,29152.0,29161.75,29140.5,29143.75,2140,0.0,0.0
2026-09-01 13:40:00-04:00,29143.25,29158.75,29141.5,29151.5,1534,0.0,0.0
2026-09-01 13:45:00-04:00,29151.5,29153.25,29122.5,29123.5,3102,0.0,0.0
2026-09-01 13:50:00-04:00,29122.5,29138.75,29117.75,29124.5,2427,0.0,0.0
2026-09-01 13:55:00-04:00,29124.5,29142.75,29119.0,29140.75,1959,0.0,0.0
2026-09-01 14:00:00-04:00,29139.75,29151.5,29120.5,29124.75,2798,0.0,0.0
2026-09-01 14:05:00-04:00,29124.25,29124.25,29111.5,29120.5,2183,0.0,0.0
2026-09-01 14:10:00-04:00,29120.75,29126.0,29101.25,29102.25,2507,0.0,0.0
2026-09-01 14:15:00-04:00,29102.5,29117.25,29090.25,29111.0,4015,0.0,0.0
2026-09-01 14:20:00-04:00,29111.75,29118.5,29104.75,29115.5,1921,0.0,0.0
2026-09-01 14:25:00-04:00,29115.25,29115.75,29085.25,29094.25,3147,0.0,0.0
2026-09-01 14:30:00-04:00,29094.5,29097.25,29067.75,29072.5,4047,0.0,0.0
2026-09-01 14:35:00-04:00,29072.25,29080.0,29058.0,29060.0,3174,0.0,0.0
2026-09-01 14:40:00-04:00,29060.75,29064.5,29014.25,29014.5,6024,0.0,0.0
2026-09-01 14:45:00-04:00,29015.0,29042.5,29002.0,29041.75,7067,0.0,0.0
2026-09-01 14:50:00-04:00,29042.25,29051.5,29033.25,29047.75,3207,0.0,0.0
2026-09-01 14:55:00-04:00,29048.0,29081.25,29044.5,29076.0,4526,0.0,0.0
2026-09-01 15:00:00-04:00,29075.5,29104.75,29070.5,29098.75,4136,0.0,0.0
2026-09-01 15:05:00-04:00,29099.75,29108.0,29088.5,29102.75,2841,0.0,0.0
2026-09-01 15:10:00-04:00,29103.0,29121.5,29098.75,29120.0,3604,0.0,0.0
2026-09-01 15:15:00-04:00,29120.0,29125.5,29108.5,29116.0,3153,0.0,0.0
2026-09-01 15:20:00-04:00,29115.75,29124.75,29103.75,29117.25,2692,0.0,0.0
2026-09-01 15:25:00-04:00,29117.0,29129.25,29110.5,29127.25,2730,0.0,0.0
2026-09-01 15:30:00-04:00,29126.75,29128.25,29093.0,29119.25,3981,0.0,0.0
2026-09-01 15:35:00-04:00,29119.0,29124.5,29103.25,29103.75,2328,0.0,0.0
2026-09-01 15:40:00-04:00,29103.75,29123.25,29098.25,29117.75,2789,0.0,0.0
2026-09-01 15:45:00-04:00,29118.0,29141.0,29112.75,29132.75,4923,0.0,0.0
2026-09-01 15:50:00-04:00,29132.0,29132.5,29086.0,29103.75,7277,0.0,0.0
2026-09-01 15:55:00-04:00,29104.0,29131.25,29096.25,29126.0,16833,0.0,0.0
2026-09-01 16:00:00-04:00,29126.0,29158.0,29118.0,29131.25,6788,0.0,0.0
2026-09-01 16:05:00-04:00,29130.75,29145.0,29113.5,29128.75,3039,0.0,0.0
2026-09-01 16:10:00-04:00,29129.0,29137.0,29120.25,29135.0,1336,0.0,0.0
2026-09-01 16:15:00-04:00,29135.0,29157.25,29134.25,29156.25,1318,0.0,0.0
2026-09-01 16:20:00-04:00,29156.0,29159.0,29149.25,29150.25,717,0.0,0.0
2026-09-01 16:25:00-04:00,29150.5,29154.0,29136.5,29136.75,516,0.0,0.0
2026-09-01 16:30:00-04:00,29136.0,29143.5,29133.5,29134.5,455,0.0,0.0
2026-09-01 16:35:00-04:00,29135.75,29140.5,29135.5,29137.5,246,0.0,0.0
2026-09-01 16:40:00-04:00,29137.25,29155.25,29130.25,29147.25,701,0.0,0.0
2026-09-01 16:45:00-04:00,29146.0,29147.5,29138.0,29141.75,387,0.0,0.0
2026-09-01 16:50:00-04:00,29140.75,29146.25,29134.75,29137.0,391,0.0,0.0
2026-09-01 16:55:00-04:00,29137.25,29142.25,29130.75,29139.0,570,0.0,0.0
2026-09-01 18:00:00-04:00,29136.5,29149.0,29117.0,29122.75,0,0.0,0.0
2026-09-01 18:05:00-04:00,29120.25,29121.5,29110.75,29113.25,385,0.0,0.0
2026-09-01 18:10:00-04:00,29113.5,29113.75,29107.75,29110.0,220,0.0,0.0
2026-09-01 18:15:00-04:00,29110.5,29114.5,29106.75,29109.5,296,0.0,0.0
2026-09-01 18:20:00-04:00,29109.0,29113.25,29102.25,29111.5,203,0.0,0.0
2026-09-01 18:25:00-04:00,29112.0,29126.0,29107.0,29113.75,483,0.0,0.0
2026-09-01 18:30:00-04:00,29114.75,29121.0,29112.5,29116.75,177,0.0,0.0
2026-09-01 18:35:00-04:00,29116.5,29121.0,29111.0,29116.75,209,0.0,0.0
2026-09-01 18:40:00-04:00,29116.75,29118.75,29111.75,29117.25,155,0.0,0.0
2026-09-01 18:45:00-04:00,29116.75,29138.5,29114.25,29133.5,434,0.0,0.0
2026-09-01 18:50:00-04:00,29134.5,29139.0,29130.0,29134.0,333,0.0,0.0
2026-09-01 18:55:00-04:00,29132.25,29138.0,29126.25,29132.0,209,0.0,0.0
2026-09-01 19:00:00-04:00,29129.75,29135.5,29128.5,29130.5,141,0.0,0.0
2026-09-01 19:05:00-04:00,29130.75,29133.5,29129.25,29129.5,115,0.0,0.0
2026-09-01 19:10:00-04:00,29129.0,29133.25,29128.5,29129.0,78,0.0,0.0
2026-09-01 19:15:00-04:00,29129.25,29132.25,29127.0,29130.5,112,0.0,0.0
2026-09-01 19:20:00-04:00,29128.75,29139.0,29119.0,29131.75,468,0.0,0.0
2026-09-01 19:25:00-04:00,29131.5,29137.25,29129.75,29136.5,243,0.0,0.0
2026-09-01 19:30:00-04:00,29137.5,29144.75,29133.25,29135.5,308,0.0,0.0
2026-09-01 19:35:00-04:00,29135.5,29141.0,29134.25,29134.25,148,0.0,0.0
2026-09-01 19:40:00-04:00,29134.0,29144.75,29133.0,29140.25,241,0.0,0.0
2026-09-01 19:45:00-04:00,29141.75,29148.25,29134.0,29140.5,359,0.0,0.0
2026-09-01 19:50:00-04:00,29141.25,29143.75,29136.0,29139.75,199,0.0,0.0
2026-09-01 19:55:00-04:00,29139.25,29140.0,29131.25,29134.5,190,0.0,0.0
2026-09-01 20:00:00-04:00,29135.75,29144.75,29126.0,29127.0,706,0.0,0.0
2026-09-01 20:05:00-04:00,29128.0,29135.0,29106.0,29126.0,1019,0.0,0.0
2026-09-01 20:10:00-04:00,29124.75,29140.25,29118.75,29130.75,721,0.0,0.0
2026-09-01 20:15:00-04:00,29128.0,29153.25,29127.75,29135.25,1003,0.0,0.0
2026-09-01 20:20:00-04:00,29136.5,29170.0,29132.5,29147.25,1359,0.0,0.0
2026-09-01 20:25:00-04:00,29148.25,29149.0,29123.25,29126.0,656,0.0,0.0
2026-09-01 20:30:00-04:00,29127.75,29148.75,29119.0,29122.5,777,0.0,0.0
2026-09-01 20:35:00-04:00,29123.0,29140.25,29122.75,29129.25,376,0.0,0.0
2026-09-01 20:40:00-04:00,29128.75,29142.5,29114.5,29140.25,657,0.0,0.0
2026-09-01 20:45:00-04:00,29139.0,29145.0,29132.0,29134.5,500,0.0,0.0
2026-09-01 20:50:00-04:00,29132.25,29133.5,29118.25,29119.0,369,0.0,0.0
2026-09-01 20:55:00-04:00,29119.5,29126.75,29102.0,29104.0,633,0.0,0.0
2026-09-01 21:00:00-04:00,29103.25,29127.25,29097.25,29121.5,1259,0.0,0.0
2026-09-01 21:05:00-04:00,29121.5,29122.25,29099.0,29103.5,789,0.0,0.0
2026-09-01 21:10:00-04:00,29103.75,29107.5,29086.75,29097.75,697,0.0,0.0
2026-09-01 21:15:00-04:00,29097.75,29118.5,29094.75,29107.5,845,0.0,0.0
2026-09-01 21:20:00-04:00,29107.0,29125.75,29099.5,29124.25,599,0.0,0.0
2026-09-01 21:25:00-04:00,29124.0,29129.5,29108.5,29115.0,521,0.0,0.0
2026-09-01 21:30:00-04:00,29115.75,29122.75,29105.0,29122.25,458,0.0,0.0
2026-09-01 21:35:00-04:00,29122.75,29122.75,29085.75,29086.75,805,0.0,0.0
2026-09-01 21:40:00-04:00,29086.5,29091.5,29070.5,29074.75,1241,0.0,0.0
2026-09-01 21:45:00-04:00,29074.25,29078.5,29058.5,29064.25,795,0.0,0.0
2026-09-01 21:50:00-04:00,29062.0,29065.5,29047.75,29058.0,1001,0.0,0.0
2026-09-01 21:55:00-04:00,29058.25,29078.0,29055.0,29075.5,710,0.0,0.0
2026-09-01 22:00:00-04:00,29075.5,29077.0,29051.0,29053.75,663,0.0,0.0
2026-09-01 22:05:00-04:00,29055.5,29059.5,29044.5,29048.75,551,0.0,0.0
2026-09-01 22:10:00-04:00,29048.75,29068.25,29047.5,29065.0,516,0.0,0.0
2026-09-01 22:15:00-04:00,29066.5,29091.0,29066.5,29088.0,713,0.0,0.0
2026-09-01 22:20:00-04:00,29089.0,29100.0,29077.75,29091.75,765,0.0,0.0
2026-09-01 22:25:00-04:00,29092.0,29098.0,29083.75,29085.5,291,0.0,0.0
2026-09-01 22:30:00-04:00,29084.5,29084.75,29069.75,29072.0,493,0.0,0.0
2026-09-01 22:35:00-04:00,29072.5,29077.0,29061.75,29068.0,344,0.0,0.0
2026-09-01 22:40:00-04:00,29069.0,29083.75,29069.0,29082.75,394,0.0,0.0
2026-09-01 22:45:00-04:00,29083.25,29091.25,29081.25,29090.25,409,0.0,0.0
2026-09-01 22:50:00-04:00,29089.75,29092.25,29077.25,29080.75,295,0.0,0.0
2026-09-01 22:55:00-04:00,29081.25,29085.25,29074.5,29084.25,273,0.0,0.0
2026-09-01 23:00:00-04:00,29086.5,29089.25,29071.25,29072.5,368,0.0,0.0
2026-09-01 23:05:00-04:00,29071.5,29078.5,29058.75,29078.25,618,0.0,0.0
2026-09-01 23:10:00-04:00,29079.0,29089.5,29076.75,29083.25,315,0.0,0.0
2026-09-01 23:15:00-04:00,29083.0,29084.0,29070.0,29074.25,267,0.0,0.0
2026-09-01 23:20:00-04:00,29074.5,29078.75,29068.0,29072.75,187,0.0,0.0
2026-09-01 23:25:00-04:00,29074.25,29079.5,29069.0,29069.0,193,0.0,0.0
2026-09-01 23:30:00-04:00,29070.25,29071.25,29053.75,29060.25,410,0.0,0.0
2026-09-01 23:35:00-04:00,29059.25,29073.0,29055.5,29070.5,287,0.0,0.0
2026-09-01 23:40:00-04:00,29070.25,29071.25,29055.0,29056.0,367,0.0,0.0
2026-09-01 23:45:00-04:00,29057.75,29065.0,29054.5,29054.5,176,0.0,0.0
2026-09-01 23:50:00-04:00,29054.25,29056.75,29046.25,29056.75,330,0.0,0.0
2026-09-01 23:55:00-04:00,29056.0,29056.25,29047.5,29054.0,170,0.0,0.0
2026-09-02 00:05:00-04:00,29054.75,29055.0,29041.0,29044.5,871,0.0,0.0
2026-09-02 00:10:00-04:00,29044.0,29048.5,29035.5,29047.25,345,0.0,0.0
2026-09-02 00:15:00-04:00,29045.75,29062.75,29044.25,29060.0,315,0.0,0.0
2026-09-02 00:20:00-04:00,29060.0,29061.5,29046.25,29052.0,254,0.0,0.0
2026-09-02 00:25:00-04:00,29051.75,29058.75,29048.0,29051.0,217,0.0,0.0
2026-09-02 00:30:00-04:00,29051.25,29062.5,29048.0,29057.0,303,0.0,0.0
2026-09-02 00:35:00-04:00,29057.25,29058.0,29048.5,29050.25,213,0.0,0.0
2026-09-02 00:40:00-04:00,29050.25,29058.25,29047.75,29054.0,173,0.0,0.0
2026-09-02 00:45:00-04:00,29054.75,29065.0,29051.0,29056.5,395,0.0,0.0
2026-09-02 00:50:00-04:00,29058.0,29061.5,29056.0,29059.75,171,0.0,0.0
2026-09-02 00:55:00-04:00,29059.0,29062.5,29054.5,29058.25,166,0.0,0.0
2026-09-02 01:00:00-04:00,29059.0,29061.0,29040.5,29044.0,382,0.0,0.0
2026-09-02 01:05:00-04:00,29043.0,29049.25,29037.5,29039.0,257,0.0,0.0
2026-09-02 01:10:00-04:00,29040.25,29071.75,29040.25,29066.25,432,0.0,0.0
2026-09-02 01:15:00-04:00,29067.25,29088.25,29063.75,29079.75,692,0.0,0.0
2026-09-02 01:20:00-04:00,29082.0,29086.0,29068.75,29083.75,593,0.0,0.0
2026-09-02 01:25:00-04:00,29083.5,29092.0,29081.75,29091.25,360,0.0,0.0
2026-09-02 01:30:00-04:00,29092.0,29104.25,29086.0,29087.25,632,0.0,0.0
2026-09-02 01:35:00-04:00,29085.0,29088.5,29071.0,29071.0,432,0.0,0.0
2026-09-02 01:40:00-04:00,29071.75,29101.0,29070.5,29099.25,389,0.0,0.0
2026-09-02 01:45:00-04:00,29099.75,29101.5,29093.0,29095.25,224,0.0,0.0
2026-09-02 01:50:00-04:00,29095.25,29096.5,29062.5,29064.5,534,0.0,0.0
2026-09-02 01:55:00-04:00,29064.5,29078.0,29063.0,29073.0,307,0.0,0.0
2026-09-02 02:00:00-04:00,29072.25,29080.5,29043.0,29045.25,869,0.0,0.0
2026-09-02 02:05:00-04:00,29047.25,29054.0,29040.25,29051.0,449,0.0,0.0
2026-09-02 02:10:00-04:00,29050.25,29057.0,29042.75,29049.25,371,0.0,0.0
2026-09-02 02:15:00-04:00,29050.0,29052.5,29025.25,29028.5,622,0.0,0.0
2026-09-02 02:20:00-04:00,29027.0,29035.75,29025.25,29035.75,400,0.0,0.0
2026-09-02 02:25:00-04:00,29035.25,29055.0,29020.5,29023.5,720,0.0,0.0
2026-09-02 02:30:00-04:00,29023.0,29032.75,29016.5,29031.5,625,0.0,0.0
2026-09-02 02:35:00-04:00,29031.5,29074.75,29029.0,29074.25,856,0.0,0.0
2026-09-02 02:40:00-04:00,29074.25,29098.25,29069.0,29073.75,889,0.0,0.0
2026-09-02 02:45:00-04:00,29073.5,29073.75,29061.25,29066.0,448,0.0,0.0
2026-09-02 02:50:00-04:00,29065.75,29068.5,29053.0,29054.5,362,0.0,0.0
2026-09-02 02:55:00-04:00,29053.25,29080.0,29051.0,29077.25,460,0.0,0.0
2026-09-02 03:00:00-04:00,29077.0,29105.75,29065.5,29101.0,933,0.0,0.0
2026-09-02 03:05:00-04:00,29100.75,29114.0,29096.0,29109.75,659,0.0,0.0
2026-09-02 03:10:00-04:00,29110.25,29120.75,29099.75,29103.25,693,0.0,0.0
2026-09-02 03:15:00-04:00,29103.5,29117.0,29099.75,29113.75,406,0.0,0.0
2026-09-02 03:20:00-04:00,29113.5,29113.75,29097.25,29100.0,372,0.0,0.0
2026-09-02 03:25:00-04:00,29100.25,29101.0,29075.75,29094.5,872,0.0,0.0
2026-09-02 03:30:00-04:00,29094.25,29101.0,29080.0,29087.5,565,0.0,0.0
2026-09-02 03:35:00-04:00,29086.5,29090.0,29071.75,29073.5,359,0.0,0.0
2026-09-02 03:40:00-04:00,29073.0,29085.25,29064.75,29070.75,437,0.0,0.0
2026-09-02 03:45:00-04:00,29070.75,29074.5,29060.75,29063.75,390,0.0,0.0
2026-09-02 03:50:00-04:00,29062.5,29075.25,29050.0,29069.0,479,0.0,0.0
2026-09-02 03:55:00-04:00,29067.5,29078.25,29061.75,29061.75,410,0.0,0.0
2026-09-02 04:00:00-04:00,29062.25,29096.5,29052.5,29095.25,1020,0.0,0.0
2026-09-02 04:05:00-04:00,29094.5,29097.25,29066.25,29075.0,486,0.0,0.0
2026-09-02 04:10:00-04:00,29074.75,29087.25,29068.75,29073.75,359,0.0,0.0
2026-09-02 04:15:00-04:00,29073.75,29088.0,29056.0,29056.75,440,0.0,0.0
2026-09-02 04:20:00-04:00,29057.5,29062.25,29039.75,29047.0,579,0.0,0.0
2026-09-02 04:25:00-04:00,29046.0,29060.75,29041.25,29053.5,332,0.0,0.0
2026-09-02 04:30:00-04:00,29052.75,29068.75,29046.25,29049.5,530,0.0,0.0
2026-09-02 04:35:00-04:00,29049.5,29057.25,29035.5,29048.25,472,0.0,0.0
2026-09-02 04:40:00-04:00,29047.25,29055.0,29031.5,29035.75,473,0.0,0.0
2026-09-02 04:45:00-04:00,29036.5,29037.25,29020.75,29023.0,403,0.0,0.0
2026-09-02 04:50:00-04:00,29022.5,29025.0,28955.75,28964.0,2060,0.0,0.0
2026-09-02 04:55:00-04:00,28964.25,28983.75,28954.5,28977.75,974,0.0,0.0
2026-09-02 05:00:00-04:00,28977.25,29017.0,28973.75,29010.0,1174,0.0,0.0
2026-09-02 05:05:00-04:00,29010.0,29027.5,28997.0,29001.5,707,0.0,0.0
2026-09-02 05:10:00-04:00,29000.75,29008.0,28969.0,28969.25,623,0.0,0.0
2026-09-02 05:15:00-04:00,28971.25,28995.0,28968.75,28990.75,619,0.0,0.0
2026-09-02 05:20:00-04:00,28989.75,28989.75,28955.0,28968.0,917,0.0,0.0
2026-09-02 05:25:00-04:00,28967.5,28981.75,28962.75,28978.25,488,0.0,0.0
2026-09-02 05:30:00-04:00,28978.25,28981.5,28946.25,28954.5,1212,0.0,0.0
2026-09-02 05:35:00-04:00,28953.5,28958.0,28940.5,28948.0,711,0.0,0.0
2026-09-02 05:40:00-04:00,28949.75,28958.75,28946.0,28948.75,374,0.0,0.0
2026-09-02 05:45:00-04:00,28948.75,28960.75,28947.5,28957.25,382,0.0,0.0
2026-09-02 05:50:00-04:00,28956.25,28966.0,28953.25,28957.5,301,0.0,0.0
2026-09-02 05:55:00-04:00,28959.5,28974.5,28959.0,28973.25,540,0.0,0.0
2026-09-02 06:00:00-04:00,28972.75,28979.5,28950.0,28950.0,639,0.0,0.0
2026-09-02 06:05:00-04:00,28950.25,28960.25,28947.25,28952.75,536,0.0,0.0
2026-09-02 06:10:00-04:00,28952.5,28978.75,28952.0,28978.0,519,0.0,0.0
2026-09-02 06:15:00-04:00,28978.0,28983.0,28972.0,28977.25,360,0.0,0.0
2026-09-02 06:20:00-04:00,28977.0,28985.75,28971.5,28976.0,313,0.0,0.0
2026-09-02 06:25:00-04:00,28976.25,28996.0,28976.25,28985.75,732,0.0,0.0
2026-09-02 06:30:00-04:00,28985.5,28989.25,28964.25,28975.0,593,0.0,0.0
2026-09-02 06:35:00-04:00,28975.5,28982.75,28963.25,28966.0,421,0.0,0.0
2026-09-02 06:40:00-04:00,28965.5,28969.75,28961.0,28966.5,334,0.0,0.0
2026-09-02 06:45:00-04:00,28966.0,28977.25,28962.5,28977.0,291,0.0,0.0
2026-09-02 06:50:00-04:00,28977.5,28978.25,28958.0,28972.75,389,0.0,0.0
2026-09-02 06:55:00-04:00,28973.25,28988.75,28969.75,28988.0,449,0.0,0.0
2026-09-02 07:00:00-04:00,28987.75,28989.5,28927.25,28936.25,2165,0.0,0.0
2026-09-02 07:05:00-04:00,28935.5,28992.75,28927.5,28980.5,1708,0.0,0.0
2026-09-02 07:10:00-04:00,28979.5,29021.75,28969.75,29016.5,1667,0.0,0.0
2026-09-02 07:15:00-04:00,29014.25,29025.0,28992.5,29008.0,1560,0.0,0.0
2026-09-02 07:20:00-04:00,29008.75,29017.25,28996.5,29016.25,554,0.0,0.0
2026-09-02 07:25:00-04:00,29015.25,29035.75,29011.5,29023.0,913,0.0,0.0
2026-09-02 07:30:00-04:00,29025.25,29055.0,29019.0,29051.0,900,0.0,0.0
2026-09-02 07:35:00-04:00,29052.5,29059.5,29045.5,29050.75,803,0.0,0.0
2026-09-02 07:40:00-04:00,29050.75,29051.75,29027.0,29029.75,933,0.0,0.0
2026-09-02 07:45:00-04:00,29029.75,29035.5,29022.75,29025.25,473,0.0,0.0
2026-09-02 07:50:00-04:00,29025.75,29047.5,29022.5,29039.25,724,0.0,0.0
2026-09-02 07:55:00-04:00,29039.75,29084.5,29037.25,29084.5,1436,0.0,0.0
2026-09-02 08:00:00-04:00,29083.75,29089.0,29074.5,29086.75,1075,0.0,0.0
2026-09-02 08:05:00-04:00,29086.0,29108.5,29085.25,29091.25,1762,0.0,0.0
2026-09-02 08:10:00-04:00,29091.5,29124.0,29081.25,29121.5,1635,0.0,0.0
2026-09-02 08:15:00-04:00,29121.5,29124.25,29094.75,29099.0,1229,0.0,0.0
2026-09-02 08:20:00-04:00,29098.5,29149.5,29095.0,29127.5,2724,0.0,0.0
2026-09-02 08:25:00-04:00,29127.25,29135.75,29102.25,29108.0,1213,0.0,0.0
2026-09-02 08:30:00-04:00,29107.0,29110.25,29079.75,29087.25,1544,0.0,0.0
2026-09-02 08:35:00-04:00,29087.5,29091.0,29067.25,29077.5,1097,0.0,0.0
2026-09-02 08:40:00-04:00,29077.25,29083.0,29067.75,29069.75,734,0.0,0.0
2026-09-02 08:45:00-04:00,29069.0,29071.25,29055.25,29056.25,897,0.0,0.0
2026-09-02 08:50:00-04:00,29056.25,29059.0,29039.25,29042.25,962,0.0,0.0
2026-09-02 08:55:00-04:00,29042.25,29044.0,29032.75,29040.0,1264,0.0,0.0
2026-09-02 09:00:00-04:00,29040.25,29059.0,29037.75,29054.5,1609,0.0,0.0
2026-09-02 09:05:00-04:00,29054.25,29070.0,29049.75,29063.5,1246,0.0,0.0
2026-09-02 09:10:00-04:00,29062.0,29070.5,29059.25,29067.5,719,0.0,0.0
2026-09-02 09:15:00-04:00,29068.5,29080.0,29064.25,29075.0,903,0.0,0.0
2026-09-02 09:20:00-04:00,29075.25,29092.5,29071.75,29089.75,1252,0.0,0.0
2026-09-02 09:25:00-04:00,29088.75,29115.25,29078.25,29098.5,3491,0.0,0.0
2026-09-02 09:30:00-04:00,29098.5,29102.75,29042.75,29083.75,15615,0.0,0.0
2026-09-02 09:35:00-04:00,29083.75,29090.5,29036.5,29086.75,9971,0.0,0.0
2026-09-02 09:40:00-04:00,29087.0,29119.0,29075.25,29091.0,8364,0.0,0.0
2026-09-02 09:45:00-04:00,29090.25,29112.5,29041.75,29047.5,8808,0.0,0.0
2026-09-02 09:50:00-04:00,29048.0,29072.5,29025.25,29029.75,8055,0.0,0.0
2026-09-02 09:55:00-04:00,29030.25,29067.75,29017.25,29062.25,8180,0.0,0.0
2026-09-02 10:00:00-04:00,29061.75,29084.0,29032.25,29082.25,8196,0.0,0.0
2026-09-02 10:05:00-04:00,29083.25,29114.25,29079.75,29096.0,7067,0.0,0.0
2026-09-02 10:10:00-04:00,29096.0,29128.25,29088.0,29127.25,7464,0.0,0.0
2026-09-02 10:15:00-04:00,29127.75,29163.5,29119.25,29160.5,8140,0.0,0.0
2026-09-02 10:20:00-04:00,29160.5,29188.5,29149.25,29173.25,7699,0.0,0.0
2026-09-02 10:25:00-04:00,29173.0,29193.0,29160.25,29187.25,5734,0.0,0.0
2026-09-02 10:30:00-04:00,29187.0,29206.25,29172.25,29204.5,6391,0.0,0.0
2026-09-02 10:35:00-04:00,29205.0,29213.0,29168.5,29185.75,5520,0.0,0.0
2026-09-02 10:40:00-04:00,29186.25,29203.0,29179.0,29201.5,4643,0.0,0.0
2026-09-02 10:45:00-04:00,29201.75,29202.5,29146.0,29160.75,4758,0.0,0.0
2026-09-02 10:50:00-04:00,29160.25,29160.5,29121.75,29130.25,5532,0.0,0.0
2026-09-02 10:55:00-04:00,29130.0,29140.75,29111.25,29120.25,4587,0.0,0.0
2026-09-02 11:00:00-04:00,29119.5,29147.75,29106.25,29139.25,6392,0.0,0.0
2026-09-02 11:05:00-04:00,29139.0,29154.5,29127.5,29153.75,4388,0.0,0.0
2026-09-02 11:10:00-04:00,29153.75,29168.5,29140.0,29158.25,4856,0.0,0.0
2026-09-02 11:15:00-04:00,29158.0,29189.25,29151.75,29183.75,4105,0.0,0.0
2026-09-02 11:20:00-04:00,29184.0,29188.0,29167.25,29178.5,3169,0.0,0.0
2026-09-02 11:25:00-04:00,29178.75,29208.5,29177.5,29205.25,3698,0.0,0.0
2026-09-02 11:30:00-04:00,29205.0,29208.5,29188.5,29192.25,3798,0.0,0.0
2026-09-02 11:35:00-04:00,29192.25,29202.5,29171.5,29179.75,4383,0.0,0.0
2026-09-02 11:40:00-04:00,29178.25,29188.25,29174.0,29182.25,2884,0.0,0.0
2026-09-02 11:45:00-04:00,29182.25,29183.75,29141.0,29142.5,3914,0.0,0.0
2026-09-02 11:50:00-04:00,29142.5,29166.0,29136.0,29151.25,3800,0.0,0.0
2026-09-02 11:55:00-04:00,29151.25,29190.75,29141.0,29185.25,3706,0.0,0.0
2026-09-02 12:00:00-04:00,29184.5,29197.0,29173.5,29195.5,2904,0.0,0.0
2026-09-02 12:05:00-04:00,29195.75,29198.5,29184.0,29188.75,2024,0.0,0.0
2026-09-02 12:10:00-04:00,29188.0,29195.0,29182.25,29186.75,1813,0.0,0.0
2026-09-02 12:15:00-04:00,29186.5,29186.75,29159.25,29169.5,2490,0.0,0.0
2026-09-02 12:20:00-04:00,29170.25,29176.25,29157.25,29161.0,2238,0.0,0.0
2026-09-02 12:25:00-04:00,29160.25,29167.75,29142.25,29151.75,2288,0.0,0.0
2026-09-02 12:30:00-04:00,29151.5,29175.25,29149.25,29161.5,3098,0.0,0.0
2026-09-02 12:35:00-04:00,29161.5,29173.25,29156.0,29157.25,1714,0.0,0.0
2026-09-02 12:40:00-04:00,29157.5,29159.5,29138.25,29139.0,2234,0.0,0.0
2026-09-02 12:45:00-04:00,29138.5,29151.25,29138.5,29147.5,1744,0.0,0.0
2026-09-02 12:50:00-04:00,29148.0,29167.5,29137.0,29164.5,2324,0.0,0.0
2026-09-02 12:55:00-04:00,29164.75,29168.25,29148.5,29155.0,1897,0.0,0.0
2026-09-02 13:00:00-04:00,29154.75,29182.5,29154.75,29174.0,2423,0.0,0.0
2026-09-02 13:05:00-04:00,29173.25,29178.0,29127.0,29131.0,3363,0.0,0.0
2026-09-02 13:10:00-04:00,29131.0,29153.0,29129.5,29145.25,2520,0.0,0.0
2026-09-02 13:15:00-04:00,29145.0,29146.75,29125.25,29131.0,2140,0.0,0.0
2026-09-02 13:20:00-04:00,29131.5,29152.25,29126.5,29146.0,2629,0.0,0.0
2026-09-02 13:25:00-04:00,29145.75,29154.5,29141.0,29150.75,1843,0.0,0.0
2026-09-02 13:30:00-04:00,29150.5,29155.25,29132.75,29132.75,2249,0.0,0.0
2026-09-02 13:35:00-04:00,29133.0,29140.5,29130.25,29135.0,1571,0.0,0.0
2026-09-02 13:40:00-04:00,29135.0,29158.75,29127.5,29158.75,3329,0.0,0.0
2026-09-02 13:45:00-04:00,29159.0,29173.75,29157.25,29158.75,2949,0.0,0.0
2026-09-02 13:50:00-04:00,29159.5,29164.75,29151.0,29157.0,1857,0.0,0.0
2026-09-02 13:55:00-04:00,29156.5,29168.75,29142.5,29158.75,2491,0.0,0.0
2026-09-02 14:00:00-04:00,29159.5,29161.5,29135.75,29158.5,2890,0.0,0.0
2026-09-02 14:05:00-04:00,29158.25,29166.0,29146.0,29150.5,2080,0.0,0.0
2026-09-02 14:10:00-04:00,29150.0,29153.75,29137.75,29147.0,2230,0.0,0.0
2026-09-02 14:15:00-04:00,29146.75,29199.75,29143.25,29173.25,4834,0.0,0.0
2026-09-02 14:20:00-04:00,29172.5,29176.5,29160.5,29170.5,2524,0.0,0.0
2026-09-02 14:25:00-04:00,29170.75,29174.0,29155.0,29159.25,1965,0.0,0.0
2026-09-02 14:30:00-04:00,29159.25,29175.0,29156.75,29158.25,2195,0.0,0.0
2026-09-02 14:35:00-04:00,29158.25,29165.0,29138.75,29141.25,2380,0.0,0.0
2026-09-02 14:40:00-04:00,29140.75,29143.5,29131.5,29136.75,2184,0.0,0.0
2026-09-02 14:45:00-04:00,29136.0,29152.75,29130.25,29149.5,2371,0.0,0.0
2026-09-02 14:50:00-04:00,29149.5,29154.25,29134.25,29139.75,1855,0.0,0.0
2026-09-02 14:55:00-04:00,29140.5,29153.0,29138.0,29145.5,1657,0.0,0.0
2026-09-02 15:00:00-04:00,29145.75,29156.0,29139.0,29150.0,2027,0.0,0.0
2026-09-02 15:05:00-04:00,29150.25,29166.5,29148.0,29166.0,1804,0.0,0.0
2026-09-02 15:10:00-04:00,29166.25,29172.0,29160.25,29165.5,1990,0.0,0.0
2026-09-02 15:15:00-04:00,29166.25,29170.5,29157.0,29170.25,1830,0.0,0.0
2026-09-02 15:20:00-04:00,29170.0,29170.25,29151.25,29156.75,1935,0.0,0.0
2026-09-02 15:25:00-04:00,29156.75,29170.75,29150.0,29167.25,1836,0.0,0.0
2026-09-02 15:30:00-04:00,29167.25,29175.0,29160.25,29171.25,2414,0.0,0.0
2026-09-02 15:35:00-04:00,29171.25,29172.25,29155.25,29160.25,2325,0.0,0.0
2026-09-02 15:40:00-04:00,29160.75,29177.5,29159.0,29175.0,1735,0.0,0.0
2026-09-02 15:45:00-04:00,29175.25,29187.5,29173.5,29184.25,2987,0.0,0.0
2026-09-02 15:50:00-04:00,29183.75,29197.25,29170.5,29192.0,4414,0.0,0.0
2026-09-02 15:55:00-04:00,29192.25,29194.75,29171.0,29190.25,10508,0.0,0.0
2026-09-02 16:00:00-04:00,29190.5,29202.25,29187.75,29198.5,3488,0.0,0.0
2026-09-02 16:05:00-04:00,29197.75,29212.0,29194.75,29199.0,1549,0.0,0.0
2026-09-02 16:10:00-04:00,29199.5,29205.5,29187.5,29194.25,1246,0.0,0.0
2026-09-02 16:15:00-04:00,29192.0,29193.75,29139.75,29150.25,3137,0.0,0.0
2026-09-02 16:20:00-04:00,29151.25,29163.75,29146.25,29157.75,908,0.0,0.0
2026-09-02 16:25:00-04:00,29158.0,29166.75,29154.0,29156.25,568,0.0,0.0
2026-09-02 16:30:00-04:00,29156.0,29160.5,29150.75,29160.5,365,0.0,0.0
2026-09-02 16:35:00-04:00,29160.0,29160.0,29152.5,29153.5,316,0.0,0.0
2026-09-02 16:40:00-04:00,29154.0,29163.25,29147.5,29148.0,738,0.0,0.0
2026-09-02 16:45:00-04:00,29147.75,29162.25,29146.5,29161.0,457,0.0,0.0
2026-09-02 16:50:00-04:00,29160.25,29164.0,29155.0,29163.0,298,0.0,0.0
2026-09-02 16:55:00-04:00,29163.25,29164.0,29139.25,29141.0,680,0.0,0.0
2026-09-02 18:00:00-04:00,29177.0,29183.75,29148.0,29162.75,0,0.0,0.0
2026-09-02 18:05:00-04:00,29163.0,29163.0,29150.5,29159.0,248,0.0,0.0
2026-09-02 18:10:00-04:00,29160.0,29188.75,29156.75,29185.75,583,0.0,0.0
2026-09-02 18:15:00-04:00,29184.75,29189.0,29178.0,29185.25,525,0.0,0.0
2026-09-02 18:20:00-04:00,29186.5,29208.75,29186.5,29203.75,527,0.0,0.0
2026-09-02 18:25:00-04:00,29203.75,29203.75,29192.5,29196.0,300,0.0,0.0
2026-09-02 18:30:00-04:00,29196.0,29199.25,29193.25,29194.75,193,0.0,0.0
2026-09-02 18:35:00-04:00,29195.0,29200.5,29192.0,29197.75,251,0.0,0.0
2026-09-02 18:40:00-04:00,29197.0,29203.0,29192.5,29196.0,242,0.0,0.0
2026-09-02 18:45:00-04:00,29195.25,29195.5,29181.5,29182.75,339,0.0,0.0
2026-09-02 18:50:00-04:00,29182.0,29185.0,29178.25,29180.25,231,0.0,0.0
2026-09-02 18:55:00-04:00,29181.0,29185.75,29180.0,29180.5,142,0.0,0.0
2026-09-02 19:00:00-04:00,29180.75,29188.75,29180.75,29184.0,253,0.0,0.0
2026-09-02 19:05:00-04:00,29185.5,29187.0,29178.75,29179.5,238,0.0,0.0
2026-09-02 19:10:00-04:00,29179.5,29186.75,29170.75,29171.75,450,0.0,0.0
2026-09-02 19:15:00-04:00,29172.75,29173.25,29167.5,29170.75,240,0.0,0.0
2026-09-02 19:20:00-04:00,29170.5,29173.75,29167.5,29173.75,344,0.0,0.0
2026-09-02 19:25:00-04:00,29173.75,29180.0,29173.0,29179.0,255,0.0,0.0
2026-09-02 19:30:00-04:00,29180.0,29186.0,29175.25,29179.5,266,0.0,0.0
2026-09-02 19:35:00-04:00,29179.25,29187.25,29175.0,29184.0,183,0.0,0.0
2026-09-02 19:40:00-04:00,29184.75,29188.25,29183.25,29188.25,146,0.0,0.0
2026-09-02 19:45:00-04:00,29188.0,29213.0,29187.5,29205.0,1221,0.0,0.0
2026-09-02 19:50:00-04:00,29205.0,29211.75,29203.25,29205.25,352,0.0,0.0
2026-09-02 19:55:00-04:00,29203.5,29208.25,29200.25,29201.25,284,0.0,0.0
2026-09-02 20:00:00-04:00,29200.75,29201.75,29182.25,29189.75,785,0.0,0.0
2026-09-02 20:05:00-04:00,29188.75,29194.75,29172.25,29177.0,673,0.0,0.0
2026-09-02 20:10:00-04:00,29178.75,29188.5,29165.75,29169.25,676,0.0,0.0
2026-09-02 20:15:00-04:00,29166.75,29168.25,29147.5,29150.25,1013,0.0,0.0
2026-09-02 20:20:00-04:00,29150.5,29156.5,29141.0,29153.75,519,0.0,0.0
2026-09-02 20:25:00-04:00,29154.5,29164.0,29151.0,29156.25,518,0.0,0.0
2026-09-02 20:30:00-04:00,29155.75,29161.75,29146.0,29150.0,402,0.0,0.0
2026-09-02 20:35:00-04:00,29151.25,29162.0,29148.75,29158.25,233,0.0,0.0
2026-09-02 20:40:00-04:00,29157.75,29161.0,29150.0,29156.5,272,0.0,0.0
2026-09-02 20:45:00-04:00,29155.75,29158.75,29149.5,29156.25,276,0.0,0.0
2026-09-02 20:50:00-04:00,29157.75,29161.75,29152.25,29157.0,146,0.0,0.0
2026-09-02 20:55:00-04:00,29157.5,29158.75,29146.75,29151.0,276,0.0,0.0
2026-09-02 21:00:00-04:00,29150.75,29173.0,29147.75,29172.0,459,0.0,0.0
2026-09-02 21:05:00-04:00,29173.0,29186.75,29170.0,29176.5,863,0.0,0.0
2026-09-02 21:10:00-04:00,29175.75,29185.25,29163.25,29183.25,557,0.0,0.0
2026-09-02 21:15:00-04:00,29182.5,29200.75,29181.25,29195.75,705,0.0,0.0
2026-09-02 21:20:00-04:00,29194.25,29199.25,29166.25,29167.75,663,0.0,0.0
2026-09-02 21:25:00-04:00,29167.0,29177.5,29156.5,29174.75,779,0.0,0.0
2026-09-02 21:30:00-04:00,29176.75,29198.5,29171.0,29198.5,834,0.0,0.0
2026-09-02 21:35:00-04:00,29198.25,29199.25,29175.5,29177.5,584,0.0,0.0
2026-09-02 21:40:00-04:00,29178.0,29181.0,29167.75,29169.0,319,0.0,0.0
2026-09-02 21:45:00-04:00,29169.0,29175.75,29156.5,29175.25,655,0.0,0.0
2026-09-02 21:50:00-04:00,29175.5,29175.5,29151.0,29158.0,517,0.0,0.0
2026-09-02 21:55:00-04:00,29157.0,29158.0,29136.25,29137.5,668,0.0,0.0
2026-09-02 22:00:00-04:00,29136.75,29153.5,29132.75,29147.25,586,0.0,0.0
2026-09-02 22:05:00-04:00,29148.0,29166.25,29146.25,29165.5,554,0.0,0.0
2026-09-02 22:10:00-04:00,29164.75,29188.0,29164.0,29182.5,867,0.0,0.0
2026-09-02 22:15:00-04:00,29182.75,29195.0,29177.5,29192.0,492,0.0,0.0
2026-09-02 22:20:00-04:00,29192.5,29193.75,29176.5,29180.75,527,0.0,0.0
2026-09-02 22:25:00-04:00,29180.75,29190.5,29173.0,29188.5,420,0.0,0.0
2026-09-02 22:30:00-04:00,29186.5,29199.0,29184.25,29191.75,354,0.0,0.0
2026-09-02 22:35:00-04:00,29191.5,29191.75,29180.0,29184.75,355,0.0,0.0
2026-09-02 22:40:00-04:00,29183.5,29184.5,29168.75,29173.0,290,0.0,0.0
2026-09-02 22:45:00-04:00,29173.25,29186.0,29167.5,29185.0,410,0.0,0.0
2026-09-02 22:50:00-04:00,29185.5,29188.5,29178.0,29181.25,287,0.0,0.0
2026-09-02 22:55:00-04:00,29181.25,29186.5,29179.25,29180.75,128,0.0,0.0
2026-09-02 23:00:00-04:00,29182.25,29197.0,29179.5,29194.75,302,0.0,0.0
2026-09-02 23:05:00-04:00,29194.0,29198.25,29188.0,29194.5,334,0.0,0.0
2026-09-02 23:10:00-04:00,29194.5,29204.5,29194.5,29203.25,378,0.0,0.0
2026-09-02 23:15:00-04:00,29204.25,29234.0,29202.25,29228.5,1405,0.0,0.0
2026-09-02 23:20:00-04:00,29228.25,29231.25,29212.25,29215.75,469,0.0,0.0
2026-09-02 23:25:00-04:00,29216.5,29229.25,29213.0,29219.75,461,0.0,0.0
2026-09-02 23:30:00-04:00,29220.75,29233.0,29217.75,29224.75,325,0.0,0.0
2026-09-02 23:35:00-04:00,29221.0,29228.5,29218.0,29227.5,212,0.0,0.0
2026-09-02 23:40:00-04:00,29228.0,29233.75,29225.5,29227.5,291,0.0,0.0
2026-09-02 23:45:00-04:00,29227.0,29236.0,29220.25,29230.25,408,0.0,0.0
2026-09-02 23:50:00-04:00,29230.75,29239.5,29230.75,29237.25,292,0.0,0.0
2026-09-02 23:55:00-04:00,29237.5,29243.0,29231.0,29232.0,255,0.0,0.0
2026-09-03 00:05:00-04:00,29245.5,29250.75,29245.25,29249.75,869,0.0,0.0
2026-09-03 00:10:00-04:00,29251.0,29255.0,29237.75,29247.0,362,0.0,0.0
2026-09-03 00:15:00-04:00,29247.0,29249.25,29243.25,29244.75,254,0.0,0.0
2026-09-03 00:20:00-04:00,29244.0,29246.0,29233.75,29242.0,284,0.0,0.0
2026-09-03 00:25:00-04:00,29242.25,29246.75,29227.25,29227.75,249,0.0,0.0
2026-09-03 00:30:00-04:00,29227.75,29236.25,29226.5,29233.25,333,0.0,0.0
2026-09-03 00:35:00-04:00,29231.75,29235.0,29219.5,29223.25,440,0.0,0.0
2026-09-03 00:40:00-04:00,29223.0,29226.0,29214.75,29219.25,347,0.0,0.0
2026-09-03 00:45:00-04:00,29218.75,29229.0,29217.25,29222.25,296,0.0,0.0
2026-09-03 00:50:00-04:00,29221.5,29223.75,29215.5,29216.75,146,0.0,0.0
2026-09-03 00:55:00-04:00,29216.5,29217.75,29204.5,29207.5,347,0.0,0.0
2026-09-03 01:00:00-04:00,29207.25,29208.5,29176.5,29176.5,883,0.0,0.0
2026-09-03 01:05:00-04:00,29177.5,29179.25,29157.0,29162.25,837,0.0,0.0
2026-09-03 01:10:00-04:00,29161.5,29167.5,29140.75,29149.0,943,0.0,0.0
2026-09-03 01:15:00-04:00,29147.75,29148.5,29105.75,29110.0,2139,0.0,0.0
2026-09-03 01:20:00-04:00,29109.5,29115.75,29075.0,29092.5,2268,0.0,0.0
2026-09-03 01:25:00-04:00,29093.75,29110.0,29076.25,29104.0,1341,0.0,0.0
2026-09-03 01:30:00-04:00,29102.75,29140.0,29098.25,29139.25,1725,0.0,0.0
2026-09-03 01:35:00-04:00,29139.25,29148.0,29118.5,29138.0,1139,0.0,0.0
2026-09-03 01:40:00-04:00,29138.5,29152.0,29122.0,29143.0,887,0.0,0.0
2026-09-03 01:45:00-04:00,29143.0,29169.5,29127.5,29169.25,941,0.0,0.0
2026-09-03 01:50:00-04:00,29169.0,29188.5,29163.5,29174.0,1074,0.0,0.0
2026-09-03 01:55:00-04:00,29174.5,29188.75,29171.25,29188.75,488,0.0,0.0
2026-09-03 02:00:00-04:00,29188.5,29197.0,29175.0,29192.0,1071,0.0,0.0
2026-09-03 02:05:00-04:00,29192.0,29203.25,29176.25,29177.25,753,0.0,0.0
2026-09-03 02:10:00-04:00,29177.25,29178.0,29162.75,29170.0,634,0.0,0.0
2026-09-03 02:15:00-04:00,29169.0,29180.25,29167.0,29172.0,383,0.0,0.0
2026-09-03 02:20:00-04:00,29170.25,29179.0,29164.5,29165.75,379,0.0,0.0
2026-09-03 02:25:00-04:00,29165.5,29179.75,29161.0,29177.25,541,0.0,0.0
2026-09-03 02:30:00-04:00,29177.0,29187.5,29165.5,29180.5,611,0.0,0.0
2026-09-03 02:35:00-04:00,29180.25,29186.5,29164.0,29178.0,522,0.0,0.0
2026-09-03 02:40:00-04:00,29175.0,29184.5,29175.0,29181.5,335,0.0,0.0
2026-09-03 02:45:00-04:00,29182.0,29182.75,29169.25,29175.5,277,0.0,0.0
2026-09-03 02:50:00-04:00,29174.25,29174.25,29166.0,29167.75,212,0.0,0.0
2026-09-03 02:55:00-04:00,29167.5,29176.5,29159.5,29174.25,407,0.0,0.0
2026-09-03 03:00:00-04:00,29173.25,29206.75,29160.0,29206.25,1071,0.0,0.0
2026-09-03 03:05:00-04:00,29207.0,29233.0,29193.75,29196.75,1245,0.0,0.0
2026-09-03 03:10:00-04:00,29195.75,29205.5,29189.5,29205.5,432,0.0,0.0
2026-09-03 03:15:00-04:00,29204.75,29207.0,29193.75,29203.5,306,0.0,0.0
2026-09-03 03:20:00-04:00,29201.25,29211.5,29200.0,29207.75,332,0.0,0.0
2026-09-03 03:25:00-04:00,29207.0,29211.0,29178.5,29203.25,817,0.0,0.0
2026-09-03 03:30:00-04:00,29202.5,29217.25,29192.0,29215.5,511,0.0,0.0
2026-09-03 03:35:00-04:00,29216.0,29229.0,29201.25,29227.0,601,0.0,0.0
2026-09-03 03:40:00-04:00,29227.0,29245.5,29221.75,29241.25,851,0.0,0.0
2026-09-03 03:45:00-04:00,29240.75,29240.75,29192.0,29193.25,819,0.0,0.0
2026-09-03 03:50:00-04:00,29193.75,29223.25,29182.75,29221.75,692,0.0,0.0
2026-09-03 03:55:00-04:00,29220.0,29223.75,29209.75,29220.25,284,0.0,0.0
2026-09-03 04:00:00-04:00,29220.25,29278.75,29213.25,29257.75,2932,0.0,0.0
2026-09-03 04:05:00-04:00,29258.25,29292.75,29240.5,29244.75,2275,0.0,0.0
2026-09-03 04:10:00-04:00,29246.0,29266.75,29240.75,29247.25,1326,0.0,0.0
2026-09-03 04:15:00-04:00,29247.0,29250.0,29233.75,29248.25,901,0.0,0.0
2026-09-03 04:20:00-04:00,29246.5,29253.25,29232.75,29242.0,637,0.0,0.0
2026-09-03 04:25:00-04:00,29241.0,29264.0,29238.75,29256.0,876,0.0,0.0
2026-09-03 04:30:00-04:00,29257.25,29257.25,29239.0,29243.5,679,0.0,0.0
2026-09-03 04:35:00-04:00,29243.5,29250.75,29227.0,29227.75,541,0.0,0.0
2026-09-03 04:40:00-04:00,29227.25,29238.25,29226.75,29228.25,378,0.0,0.0
2026-09-03 04:45:00-04:00,29229.5,29235.0,29223.25,29233.0,359,0.0,0.0
2026-09-03 04:50:00-04:00,29232.5,29232.5,29215.0,29226.25,461,0.0,0.0
2026-09-03 04:55:00-04:00,29226.0,29229.0,29215.0,29216.25,313,0.0,0.0
2026-09-03 05:00:00-04:00,29218.5,29224.75,29212.75,29219.25,421,0.0,0.0
2026-09-03 05:05:00-04:00,29219.25,29222.25,29211.0,29220.25,280,0.0,0.0
2026-09-03 05:10:00-04:00,29221.5,29225.75,29212.0,29223.5,372,0.0,0.0
2026-09-03 05:15:00-04:00,29223.5,29224.0,29204.0,29212.25,343,0.0,0.0
2026-09-03 05:20:00-04:00,29212.5,29215.5,29194.25,29197.25,525,0.0,0.0
2026-09-03 05:25:00-04:00,29196.75,29203.0,29187.75,29187.75,365,0.0,0.0
2026-09-03 05:30:00-04:00,29187.25,29198.0,29179.75,29187.5,541,0.0,0.0
2026-09-03 05:35:00-04:00,29188.25,29190.0,29173.25,29177.5,349,0.0,0.0
2026-09-03 05:40:00-04:00,29177.75,29179.25,29169.25,29176.75,441,0.0,0.0
2026-09-03 05:45:00-04:00,29176.25,29176.25,29149.25,29154.0,765,0.0,0.0
2026-09-03 05:50:00-04:00,29154.0,29166.5,29145.5,29145.5,585,0.0,0.0
2026-09-03 05:55:00-04:00,29148.5,29150.0,29126.5,29137.75,784,0.0,0.0
2026-09-03 06:00:00-04:00,29138.0,29154.25,29135.0,29150.25,744,0.0,0.0
2026-09-03 06:05:00-04:00,29149.5,29158.5,29141.0,29142.5,524,0.0,0.0
2026-09-03 06:10:00-04:00,29141.75,29143.75,29120.25,29124.75,767,0.0,0.0
2026-09-03 06:15:00-04:00,29125.5,29134.25,29121.0,29128.0,618,0.0,0.0
2026-09-03 06:20:00-04:00,29128.25,29131.75,29122.25,29122.25,324,0.0,0.0
2026-09-03 06:25:00-04:00,29122.5,29133.25,29119.25,29127.5,867,0.0,0.0
2026-09-03 06:30:00-04:00,29127.0,29140.0,29117.25,29121.0,565,0.0,0.0
2026-09-03 06:35:00-04:00,29120.75,29125.25,29105.5,29120.0,631,0.0,0.0
2026-09-03 06:40:00-04:00,29120.5,29134.25,29117.25,29128.25,432,0.0,0.0
2026-09-03 06:45:00-04:00,29128.0,29128.75,29108.0,29110.25,440,0.0,0.0
2026-09-03 06:50:00-04:00,29109.5,29129.5,29108.25,29124.0,368,0.0,0.0
2026-09-03 06:55:00-04:00,29124.5,29129.75,29114.0,29128.0,374,0.0,0.0
2026-09-03 07:00:00-04:00,29129.0,29140.25,29106.25,29138.5,1152,0.0,0.0
2026-09-03 07:05:00-04:00,29139.5,29170.75,29137.25,29164.25,1164,0.0,0.0
2026-09-03 07:10:00-04:00,29163.0,29167.0,29154.5,29164.5,503,0.0,0.0
2026-09-03 07:15:00-04:00,29164.0,29186.75,29162.75,29167.75,1017,0.0,0.0
2026-09-03 07:20:00-04:00,29167.5,29174.25,29156.5,29174.0,454,0.0,0.0
2026-09-03 07:25:00-04:00,29172.75,29178.25,29159.5,29166.75,384,0.0,0.0
2026-09-03 07:30:00-04:00,29167.0,29173.5,29111.25,29167.75,1586,0.0,0.0
2026-09-03 07:35:00-04:00,29167.75,29168.25,29143.75,29143.75,553,0.0,0.0
2026-09-03 07:40:00-04:00,29143.0,29151.5,29135.75,29142.5,415,0.0,0.0
2026-09-03 07:45:00-04:00,29142.25,29144.5,29103.75,29105.5,1136,0.0,0.0
2026-09-03 07:50:00-04:00,29104.75,29115.5,29103.25,29107.25,992,0.0,0.0
2026-09-03 07:55:00-04:00,29106.5,29114.25,29101.0,29105.5,729,0.0,0.0
2026-09-03 08:00:00-04:00,29105.5,29132.0,29104.0,29127.0,1199,0.0,0.0
2026-09-03 08:05:00-04:00,29127.0,29135.0,29124.5,29132.0,414,0.0,0.0
2026-09-03 08:10:00-04:00,29131.25,29147.25,29122.75,29125.0,996,0.0,0.0
2026-09-03 08:15:00-04:00,29125.5,29130.25,29111.5,29113.0,829,0.0,0.0
2026-09-03 08:20:00-04:00,29113.25,29139.5,29105.75,29134.75,1050,0.0,0.0
2026-09-03 08:25:00-04:00,29134.25,29151.0,29127.5,29145.75,969,0.0,0.0
2026-09-03 08:30:00-04:00,29144.75,29244.0,29144.0,29207.25,4953,0.0,0.0
2026-09-03 08:35:00-04:00,29208.5,29209.5,29179.0,29200.25,2428,0.0,0.0
2026-09-03 08:40:00-04:00,29198.25,29205.25,29182.0,29189.75,1341,0.0,0.0
2026-09-03 08:45:00-04:00,29189.0,29202.0,29185.0,29200.25,1069,0.0,0.0
2026-09-03 08:50:00-04:00,29202.0,29245.25,29200.25,29239.25,2103,0.0,0.0
2026-09-03 08:55:00-04:00,29238.25,29258.75,29238.0,29244.5,2388,0.0,0.0
2026-09-03 09:00:00-04:00,29243.75,29245.5,29202.5,29214.25,2843,0.0,0.0
2026-09-03 09:05:00-04:00,29214.25,29224.25,29194.25,29208.0,1541,0.0,0.0
2026-09-03 09:10:00-04:00,29209.0,29246.0,29206.25,29239.25,1503,0.0,0.0
2026-09-03 09:15:00-04:00,29239.5,29243.5,29202.75,29206.0,1650,0.0,0.0
2026-09-03 09:20:00-04:00,29206.25,29224.75,29200.5,29224.75,1751,0.0,0.0
2026-09-03 09:25:00-04:00,29224.25,29253.75,29213.0,29249.0,2746,0.0,0.0
2026-09-03 09:30:00-04:00,29249.5,29285.0,29222.25,29254.25,19651,0.0,0.0
2026-09-03 09:35:00-04:00,29254.0,29337.5,29199.5,29328.75,18104,0.0,0.0
2026-09-03 09:40:00-04:00,29329.5,29359.5,29314.0,29345.5,12290,0.0,0.0
2026-09-03 09:45:00-04:00,29345.25,29368.5,29318.75,29358.5,10960,0.0,0.0
2026-09-03 09:50:00-04:00,29359.5,29375.5,29324.75,29349.25,9038,0.0,0.0
2026-09-03 09:55:00-04:00,29349.75,29354.25,29296.75,29333.0,8773,0.0,0.0
2026-09-03 10:00:00-04:00,29331.75,29333.25,29250.25,29267.5,12165,0.0,0.0
2026-09-03 10:05:00-04:00,29267.75,29283.25,29241.75,29267.5,8254,0.0,0.0
2026-09-03 10:10:00-04:00,29267.75,29303.0,29249.5,29300.75,7800,0.0,0.0
2026-09-03 10:15:00-04:00,29301.0,29349.5,29295.75,29343.0,9017,0.0,0.0
2026-09-03 10:20:00-04:00,29343.75,29364.5,29328.25,29350.75,6820,0.0,0.0
2026-09-03 10:25:00-04:00,29351.0,29364.25,29327.0,29343.0,5887,0.0,0.0
2026-09-03 10:30:00-04:00,29343.0,29360.5,29284.0,29288.0,8289,0.0,0.0
2026-09-03 10:35:00-04:00,29288.25,29319.0,29280.0,29284.5,5302,0.0,0.0
2026-09-03 10:40:00-04:00,29284.0,29311.5,29273.25,29283.0,6032,0.0,0.0
2026-09-03 10:45:00-04:00,29283.0,29313.0,29275.5,29309.0,5203,0.0,0.0
2026-09-03 10:50:00-04:00,29309.5,29314.25,29285.25,29312.25,4665,0.0,0.0
2026-09-03 10:55:00-04:00,29313.0,29368.0,29246.5,29363.5,9749,0.0,0.0
2026-09-03 11:00:00-04:00,29363.25,29442.0,29362.25,29436.5,12502,0.0,0.0
2026-09-03 11:05:00-04:00,29437.0,29445.5,29422.25,29429.75,7774,0.0,0.0
2026-09-03 11:10:00-04:00,29430.0,29466.25,29426.25,29465.0,7763,0.0,0.0
2026-09-03 11:15:00-04:00,29464.75,29480.0,29461.0,29472.5,6963,0.0,0.0
2026-09-03 11:20:00-04:00,29472.75,29496.0,29453.75,29482.25,7384,0.0,0.0
2026-09-03 11:25:00-04:00,29481.75,29539.5,29479.0,29536.5,8551,0.0,0.0
2026-09-03 11:30:00-04:00,29536.0,29542.5,29517.75,29527.75,7037,0.0,0.0
2026-09-03 11:35:00-04:00,29528.0,29537.5,29510.0,29513.5,4277,0.0,0.0
2026-09-03 11:40:00-04:00,29515.25,29525.0,29503.5,29506.5,4628,0.0,0.0
2026-09-03 11:45:00-04:00,29506.75,29520.75,29504.0,29513.75,3067,0.0,0.0
2026-09-03 11:50:00-04:00,29513.5,29531.25,29507.5,29528.25,3446,0.0,0.0
2026-09-03 11:55:00-04:00,29528.25,29539.25,29521.25,29538.0,2744,0.0,0.0
2026-09-03 12:00:00-04:00,29538.75,29539.75,29512.5,29512.5,4536,0.0,0.0
2026-09-03 12:05:00-04:00,29513.0,29518.75,29503.0,29510.5,3444,0.0,0.0
2026-09-03 12:10:00-04:00,29509.5,29526.0,29505.0,29519.0,2936,0.0,0.0
2026-09-03 12:15:00-04:00,29519.5,29529.5,29511.0,29524.5,2399,0.0,0.0
2026-09-03 12:20:00-04:00,29524.5,29527.25,29500.75,29501.25,2352,0.0,0.0
2026-09-03 12:25:00-04:00,29501.75,29504.0,29489.25,29497.0,3155,0.0,0.0
2026-09-03 12:30:00-04:00,29497.0,29501.0,29484.75,29488.75,2494,0.0,0.0
2026-09-03 12:35:00-04:00,29490.0,29525.75,29483.0,29521.75,3626,0.0,0.0
2026-09-03 12:40:00-04:00,29521.75,29534.5,29519.0,29528.0,2707,0.0,0.0
2026-09-03 12:45:00-04:00,29528.0,29533.0,29521.0,29530.75,1895,0.0,0.0
2026-09-03 12:50:00-04:00,29530.25,29532.75,29516.5,29521.25,1937,0.0,0.0
2026-09-03 12:55:00-04:00,29521.25,29544.0,29519.25,29528.0,3504,0.0,0.0
2026-09-03 13:00:00-04:00,29528.25,29534.0,29509.0,29519.5,2383,0.0,0.0
2026-09-03 13:05:00-04:00,29519.5,29520.5,29492.75,29493.0,2143,0.0,0.0
2026-09-03 13:10:00-04:00,29492.75,29501.75,29486.75,29490.5,2214,0.0,0.0
2026-09-03 13:15:00-04:00,29491.25,29501.25,29484.75,29486.25,2054,0.0,0.0
2026-09-03 13:20:00-04:00,29486.25,29487.5,29476.0,29482.25,2624,0.0,0.0
2026-09-03 13:25:00-04:00,29483.0,29508.0,29481.75,29502.5,2331,0.0,0.0
2026-09-03 13:30:00-04:00,29502.75,29518.75,29502.25,29514.0,2292,0.0,0.0
2026-09-03 13:35:00-04:00,29514.5,29529.0,29511.75,29520.5,2618,0.0,0.0
2026-09-03 13:40:00-04:00,29520.75,29532.0,29519.0,29528.5,2384,0.0,0.0
2026-09-03 13:45:00-04:00,29529.0,29535.0,29521.75,29530.5,2791,0.0,0.0
2026-09-03 13:50:00-04:00,29531.0,29552.5,29525.0,29546.0,3337,0.0,0.0
2026-09-03 13:55:00-04:00,29548.25,29552.5,29542.0,29543.75,2085,0.0,0.0
2026-09-03 14:00:00-04:00,29551.5,29578.5,29551.5,29574.5,6189,0.0,0.0
2026-09-03 14:05:00-04:00,29574.75,29579.5,29565.25,29574.75,3135,0.0,0.0
2026-09-03 14:10:00-04:00,29574.25,29578.75,29569.5,29573.5,2333,0.0,0.0
2026-09-03 14:15:00-04:00,29573.75,29584.25,29567.75,29571.5,3210,0.0,0.0
2026-09-03 14:20:00-04:00,29571.5,29575.75,29564.75,29573.0,2220,0.0,0.0
2026-09-03 14:25:00-04:00,29572.75,29578.75,29566.5,29570.5,1855,0.0,0.0
2026-09-03 14:30:00-04:00,29571.0,29578.0,29564.0,29576.5,2117,0.0,0.0
2026-09-03 14:35:00-04:00,29576.75,29580.0,29570.25,29575.5,1394,0.0,0.0
2026-09-03 14:40:00-04:00,29575.25,29576.5,29559.5,29560.5,2114,0.0,0.0
2026-09-03 14:45:00-04:00,29560.75,29576.25,29559.5,29576.25,1849,0.0,0.0
2026-09-03 14:50:00-04:00,29576.0,29581.0,29564.5,29569.75,2205,0.0,0.0
2026-09-03 14:55:00-04:00,29569.5,29569.75,29560.5,29568.25,2067,0.0,0.0
2026-09-03 15:00:00-04:00,29568.25,29570.5,29552.0,29557.0,2344,0.0,0.0
2026-09-03 15:05:00-04:00,29557.25,29561.0,29546.75,29548.25,1892,0.0,0.0
2026-09-03 15:10:00-04:00,29548.5,29552.5,29532.75,29538.25,2654,0.0,0.0
2026-09-03 15:15:00-04:00,29538.25,29543.0,29530.5,29543.0,2881,0.0,0.0
2026-09-03 15:20:00-04:00,29543.0,29543.5,29526.5,29530.5,3471,0.0,0.0
2026-09-03 15:25:00-04:00,29530.75,29537.0,29526.0,29533.25,2325,0.0,0.0
2026-09-03 15:30:00-04:00,29533.25,29539.5,29523.75,29525.75,3207,0.0,0.0
2026-09-03 15:35:00-04:00,29526.25,29536.75,29525.5,29531.75,2255,0.0,0.0
2026-09-03 15:40:00-04:00,29532.0,29540.0,29521.75,29524.0,2929,0.0,0.0
2026-09-03 15:45:00-04:00,29524.25,29536.0,29515.5,29521.5,3240,0.0,0.0
2026-09-03 15:50:00-04:00,29520.75,29528.75,29509.75,29526.0,5927,0.0,0.0
2026-09-03 15:55:00-04:00,29526.0,29536.25,29509.25,29530.75,16204,0.0,0.0
2026-09-03 16:00:00-04:00,29530.75,29536.25,29507.0,29514.75,4888,0.0,0.0
2026-09-03 16:05:00-04:00,29514.5,29523.25,29510.5,29518.0,1272,0.0,0.0
2026-09-03 16:10:00-04:00,29518.75,29522.0,29513.75,29521.25,858,0.0,0.0
2026-09-03 16:15:00-04:00,29521.5,29522.0,29511.0,29512.0,686,0.0,0.0
2026-09-03 16:20:00-04:00,29512.25,29512.75,29505.0,29505.25,513,0.0,0.0
2026-09-03 16:25:00-04:00,29506.0,29512.0,29505.5,29510.25,336,0.0,0.0
2026-09-03 16:30:00-04:00,29510.25,29516.0,29508.0,29514.5,337,0.0,0.0
2026-09-03 16:35:00-04:00,29514.0,29516.75,29511.0,29512.0,287,0.0,0.0
2026-09-03 16:40:00-04:00,29511.5,29513.5,29510.25,29510.75,305,0.0,0.0
2026-09-03 16:45:00-04:00,29511.25,29512.75,29507.0,29510.25,461,0.0,0.0
2026-09-03 16:50:00-04:00,29509.75,29510.0,29499.25,29501.5,523,0.0,0.0
2026-09-03 16:55:00-04:00,29502.0,29507.75,29501.0,29502.25,422,0.0,0.0
2026-09-03 18:00:00-04:00,29505.0,29509.0,29484.0,29494.25,0,0.0,0.0
2026-09-03 18:05:00-04:00,29494.0,29496.75,29485.25,29487.0,249,0.0,0.0
2026-09-03 18:10:00-04:00,29485.75,29489.0,29482.0,29485.25,290,0.0,0.0
2026-09-03 18:15:00-04:00,29485.5,29496.0,29484.75,29491.25,290,0.0,0.0
2026-09-03 18:20:00-04:00,29492.25,29494.75,29488.25,29489.5,139,0.0,0.0
2026-09-03 18:25:00-04:00,29490.0,29491.75,29485.5,29490.0,212,0.0,0.0
2026-09-03 18:30:00-04:00,29491.0,29496.75,29490.0,29496.5,177,0.0,0.0
2026-09-03 18:35:00-04:00,29496.75,29498.5,29492.5,29494.0,112,0.0,0.0
2026-09-03 18:40:00-04:00,29493.5,29495.75,29490.75,29494.25,153,0.0,0.0
2026-09-03 18:45:00-04:00,29495.75,29499.5,29493.5,29496.25,207,0.0,0.0
2026-09-03 18:50:00-04:00,29497.0,29502.75,29496.5,29499.0,174,0.0,0.0
2026-09-03 18:55:00-04:00,29499.0,29512.75,29499.0,29508.75,420,0.0,0.0
2026-09-03 19:00:00-04:00,29508.25,29511.5,29502.25,29507.25,264,0.0,0.0
2026-09-03 19:05:00-04:00,29506.5,29511.0,29501.25,29510.75,214,0.0,0.0
2026-09-03 19:10:00-04:00,29510.0,29510.75,29500.5,29503.25,170,0.0,0.0
2026-09-03 19:15:00-04:00,29503.0,29506.5,29498.25,29506.0,204,0.0,0.0
2026-09-03 19:20:00-04:00,29505.75,29507.0,29501.75,29503.5,82,0.0,0.0
2026-09-03 19:25:00-04:00,29504.25,29509.5,29504.0,29507.25,114,0.0,0.0
2026-09-03 19:30:00-04:00,29507.0,29507.75,29501.25,29503.75,122,0.0,0.0
2026-09-03 19:35:00-04:00,29504.25,29505.75,29502.75,29504.75,49,0.0,0.0
2026-09-03 19:40:00-04:00,29505.0,29511.0,29505.0,29505.0,110,0.0,0.0
2026-09-03 19:45:00-04:00,29506.5,29516.75,29504.75,29510.75,419,0.0,0.0
2026-09-03 19:50:00-04:00,29511.25,29515.0,29502.75,29506.25,217,0.0,0.0
2026-09-03 19:55:00-04:00,29507.0,29513.0,29502.25,29504.0,166,0.0,0.0
2026-09-03 20:00:00-04:00,29503.75,29511.5,29495.0,29511.25,545,0.0,0.0
2026-09-03 20:05:00-04:00,29510.75,29520.5,29507.5,29513.5,515,0.0,0.0
2026-09-03 20:10:00-04:00,29512.5,29519.25,29507.0,29509.75,436,0.0,0.0
2026-09-03 20:15:00-04:00,29510.25,29520.5,29505.0,29519.0,491,0.0,0.0
2026-09-03 20:20:00-04:00,29519.5,29527.75,29518.75,29524.25,465,0.0,0.0
2026-09-03 20:25:00-04:00,29525.0,29529.0,29514.5,29527.5,593,0.0,0.0
2026-09-03 20:30:00-04:00,29527.75,29531.75,29519.25,29526.5,546,0.0,0.0
2026-09-03 20:35:00-04:00,29525.25,29530.5,29519.75,29529.75,289,0.0,0.0
2026-09-03 20:40:00-04:00,29528.75,29533.5,29527.5,29532.5,322,0.0,0.0
2026-09-03 20:45:00-04:00,29532.5,29542.25,29531.0,29539.75,485,0.0,0.0
2026-09-03 20:50:00-04:00,29539.25,29541.75,29537.25,29537.75,260,0.0,0.0
2026-09-03 20:55:00-04:00,29537.75,29538.0,29530.0,29530.75,301,0.0,0.0
2026-09-03 21:00:00-04:00,29530.0,29532.75,29517.75,29525.75,642,0.0,0.0
2026-09-03 21:05:00-04:00,29527.25,29532.0,29524.0,29526.75,252,0.0,0.0
2026-09-03 21:10:00-04:00,29526.0,29529.25,29520.75,29522.75,304,0.0,0.0
2026-09-03 21:15:00-04:00,29523.0,29528.25,29516.25,29526.25,366,0.0,0.0
2026-09-03 21:20:00-04:00,29526.75,29542.5,29526.75,29540.0,682,0.0,0.0
2026-09-03 21:25:00-04:00,29539.5,29542.75,29532.25,29540.75,429,0.0,0.0
2026-09-03 21:30:00-04:00,29539.5,29545.25,29537.0,29542.0,273,0.0,0.0
2026-09-03 21:35:00-04:00,29542.0,29547.75,29536.5,29537.5,378,0.0,0.0
2026-09-03 21:40:00-04:00,29538.25,29546.5,29534.5,29545.0,314,0.0,0.0
2026-09-03 21:45:00-04:00,29545.25,29546.0,29531.75,29532.0,320,0.0,0.0
2026-09-03 21:50:00-04:00,29532.25,29538.0,29526.25,29528.25,537,0.0,0.0
2026-09-03 21:55:00-04:00,29527.5,29548.75,29523.25,29548.0,597,0.0,0.0
2026-09-03 22:00:00-04:00,29547.75,29548.25,29537.25,29539.0,271,0.0,0.0
2026-09-03 22:05:00-04:00,29539.25,29547.5,29539.25,29545.75,150,0.0,0.0
2026-09-03 22:10:00-04:00,29546.0,29553.25,29544.5,29550.25,410,0.0,0.0
2026-09-03 22:15:00-04:00,29549.0,29551.25,29547.5,29551.0,102,0.0,0.0
2026-09-03 22:20:00-04:00,29549.75,29555.75,29547.0,29555.0,265,0.0,0.0
2026-09-03 22:25:00-04:00,29554.25,29556.25,29552.75,29555.0,170,0.0,0.0
2026-09-03 22:30:00-04:00,29555.75,29566.5,29549.75,29549.75,652,0.0,0.0
2026-09-03 22:35:00-04:00,29549.0,29552.5,29544.0,29552.25,497,0.0,0.0
2026-09-03 22:40:00-04:00,29551.25,29554.75,29545.75,29546.5,158,0.0,0.0
2026-09-03 22:45:00-04:00,29546.5,29560.5,29545.25,29559.0,404,0.0,0.0
2026-09-03 22:50:00-04:00,29558.0,29568.0,29556.0,29565.5,368,0.0,0.0
2026-09-03 22:55:00-04:00,29566.0,29566.0,29561.5,29564.5,207,0.0,0.0
2026-09-03 23:00:00-04:00,29563.25,29566.5,29560.0,29562.75,181,0.0,0.0
2026-09-03 23:05:00-04:00,29562.75,29565.0,29561.0,29563.0,78,0.0,0.0
2026-09-03 23:10:00-04:00,29562.75,29563.25,29557.25,29560.5,245,0.0,0.0
2026-09-03 23:15:00-04:00,29560.25,29577.5,29559.75,29576.25,515,0.0,0.0
2026-09-03 23:20:00-04:00,29576.25,29578.25,29563.0,29566.0,417,0.0,0.0
2026-09-03 23:25:00-04:00,29565.75,29571.0,29564.75,29569.0,215,0.0,0.0
2026-09-03 23:30:00-04:00,29569.5,29577.25,29568.5,29576.25,296,0.0,0.0
2026-09-03 23:35:00-04:00,29575.75,29578.75,29574.75,29577.0,184,0.0,0.0
2026-09-03 23:40:00-04:00,29577.0,29578.25,29566.75,29568.5,203,0.0,0.0
2026-09-03 23:45:00-04:00,29567.5,29571.75,29563.75,29570.75,284,0.0,0.0
2026-09-03 23:50:00-04:00,29570.75,29572.75,29568.5,29570.75,104,0.0,0.0
2026-09-03 23:55:00-04:00,29571.25,29573.25,29569.5,29571.5,61,0.0,0.0
2026-09-04 00:05:00-04:00,29564.25,29565.5,29563.25,29565.5,626,0.0,0.0
2026-09-04 00:10:00-04:00,29566.5,29577.75,29563.0,29575.5,289,0.0,0.0
2026-09-04 00:15:00-04:00,29576.0,29576.5,29567.5,29568.25,184,0.0,0.0
2026-09-04 00:20:00-04:00,29568.25,29588.0,29567.5,29583.25,396,0.0,0.0
2026-09-04 00:25:00-04:00,29582.5,29595.0,29578.75,29593.0,690,0.0,0.0
2026-09-04 00:30:00-04:00,29592.25,29601.25,29591.0,29600.25,447,0.0,0.0
2026-09-04 00:35:00-04:00,29599.5,29600.0,29587.5,29587.5,316,0.0,0.0
2026-09-04 00:40:00-04:00,29588.0,29589.0,29585.0,29588.0,155,0.0,0.0
2026-09-04 00:45:00-04:00,29588.5,29590.5,29583.5,29583.75,186,0.0,0.0
2026-09-04 00:50:00-04:00,29583.5,29588.75,29583.25,29586.25,130,0.0,0.0
2026-09-04 00:55:00-04:00,29587.75,29599.75,29586.25,29598.25,313,0.0,0.0
2026-09-04 01:00:00-04:00,29597.5,29603.0,29593.75,29599.5,442,0.0,0.0
2026-09-04 01:05:00-04:00,29600.0,29616.0,29599.0,29611.75,664,0.0,0.0
2026-09-04 01:10:00-04:00,29611.0,29623.5,29608.5,29621.5,436,0.0,0.0
2026-09-04 01:15:00-04:00,29621.0,29643.0,29620.5,29641.25,889,0.0,0.0
2026-09-04 01:20:00-04:00,29641.5,29643.0,29630.5,29635.75,573,0.0,0.0
2026-09-04 01:25:00-04:00,29635.75,29639.0,29620.25,29622.75,388,0.0,0.0
2026-09-04 01:30:00-04:00,29622.0,29625.25,29617.25,29622.75,331,0.0,0.0
2026-09-04 01:35:00-04:00,29622.75,29622.75,29613.5,29618.5,386,0.0,0.0
2026-09-04 01:40:00-04:00,29618.25,29620.0,29605.5,29608.5,446,0.0,0.0
2026-09-04 01:45:00-04:00,29609.25,29613.0,29600.0,29601.0,296,0.0,0.0
2026-09-04 01:50:00-04:00,29601.25,29601.25,29591.5,29600.0,555,0.0,0.0
2026-09-04 01:55:00-04:00,29599.75,29622.0,29597.25,29620.75,757,0.0,0.0
2026-09-04 02:00:00-04:00,29620.25,29634.5,29617.0,29625.5,865,0.0,0.0
2026-09-04 02:05:00-04:00,29624.5,29631.75,29621.75,29629.5,376,0.0,0.0
2026-09-04 02:10:00-04:00,29629.0,29643.75,29626.0,29642.25,653,0.0,0.0
2026-09-04 02:15:00-04:00,29641.75,29642.0,29622.5,29630.75,444,0.0,0.0
2026-09-04 02:20:00-04:00,29631.0,29642.25,29629.5,29633.25,543,0.0,0.0
2026-09-04 02:25:00-04:00,29633.25,29640.0,29629.0,29631.25,347,0.0,0.0
2026-09-04 02:30:00-04:00,29631.5,29633.0,29607.0,29607.75,476,0.0,0.0
2026-09-04 02:35:00-04:00,29608.5,29609.0,29598.0,29600.5,551,0.0,0.0
2026-09-04 02:40:00-04:00,29601.75,29612.75,29595.75,29604.0,525,0.0,0.0
2026-09-04 02:45:00-04:00,29603.5,29604.0,29587.5,29591.25,320,0.0,0.0
2026-09-04 02:50:00-04:00,29590.5,29591.0,29578.5,29584.0,482,0.0,0.0
2026-09-04 02:55:00-04:00,29584.25,29584.75,29574.0,29576.75,394,0.0,0.0
2026-09-04 03:00:00-04:00,29577.75,29598.5,29575.25,29594.0,642,0.0,0.0
2026-09-04 03:05:00-04:00,29594.75,29604.75,29584.75,29604.75,519,0.0,0.0
2026-09-04 03:10:00-04:00,29604.0,29623.75,29603.75,29620.0,721,0.0,0.0
2026-09-04 03:15:00-04:00,29619.5,29621.25,29607.25,29617.0,436,0.0,0.0
2026-09-04 03:20:00-04:00,29619.0,29623.0,29613.5,29618.0,226,0.0,0.0
2026-09-04 03:25:00-04:00,29615.5,29637.25,29609.25,29636.25,416,0.0,0.0
2026-09-04 03:30:00-04:00,29635.75,29646.75,29634.0,29643.5,769,0.0,0.0
2026-09-04 03:35:00-04:00,29643.25,29646.0,29628.0,29639.25,428,0.0,0.0
2026-09-04 03:40:00-04:00,29639.0,29653.0,29636.25,29646.75,573,0.0,0.0
2026-09-04 03:45:00-04:00,29646.5,29658.25,29643.0,29657.75,496,0.0,0.0
2026-09-04 03:50:00-04:00,29656.75,29657.75,29647.0,29647.0,303,0.0,0.0
2026-09-04 03:55:00-04:00,29648.0,29654.5,29641.25,29652.25,321,0.0,0.0
2026-09-04 04:00:00-04:00,29653.75,29663.0,29635.5,29649.75,1113,0.0,0.0
2026-09-04 04:05:00-04:00,29650.0,29669.25,29642.5,29658.0,795,0.0,0.0
2026-09-04 04:10:00-04:00,29659.0,29667.5,29648.0,29650.25,574,0.0,0.0
2026-09-04 04:15:00-04:00,29650.75,29656.5,29646.75,29653.25,302,0.0,0.0
2026-09-04 04:20:00-04:00,29654.0,29664.75,29645.0,29645.0,413,0.0,0.0
2026-09-04 04:25:00-04:00,29645.75,29672.0,29645.75,29668.5,489,0.0,0.0
2026-09-04 04:30:00-04:00,29670.0,29673.0,29654.75,29657.25,383,0.0,0.0
2026-09-04 04:35:00-04:00,29657.75,29659.0,29643.75,29649.25,309,0.0,0.0
2026-09-04 04:40:00-04:00,29649.5,29659.25,29647.0,29658.5,319,0.0,0.0
2026-09-04 04:45:00-04:00,29658.25,29661.25,29650.0,29651.0,320,0.0,0.0
2026-09-04 04:50:00-04:00,29650.0,29663.25,29647.0,29658.0,351,0.0,0.0
2026-09-04 04:55:00-04:00,29659.0,29664.75,29654.0,29658.5,283,0.0,0.0
2026-09-04 05:00:00-04:00,29657.5,29658.25,29645.25,29645.25,283,0.0,0.0
2026-09-04 05:05:00-04:00,29646.25,29653.25,29639.25,29642.0,431,0.0,0.0
2026-09-04 05:10:00-04:00,29643.5,29644.0,29625.25,29628.5,470,0.0,0.0
2026-09-04 05:15:00-04:00,29629.75,29642.5,29626.0,29641.5,411,0.0,0.0
2026-09-04 05:20:00-04:00,29641.5,29642.0,29616.5,29621.0,460,0.0,0.0
2026-09-04 05:25:00-04:00,29621.25,29628.0,29617.0,29624.5,244,0.0,0.0
2026-09-04 05:30:00-04:00,29625.75,29635.25,29618.5,29629.0,349,0.0,0.0
2026-09-04 05:35:00-04:00,29630.5,29638.5,29630.0,29637.25,208,0.0,0.0
2026-09-04 05:40:00-04:00,29638.0,29647.0,29637.0,29643.0,279,0.0,0.0
2026-09-04 05:45:00-04:00,29644.5,29653.25,29643.5,29651.0,247,0.0,0.0
2026-09-04 05:50:00-04:00,29651.0,29660.75,29643.75,29655.75,350,0.0,0.0
2026-09-04 05:55:00-04:00,29655.0,29661.75,29649.25,29657.25,370,0.0,0.0
2026-09-04 06:00:00-04:00,29656.75,29668.75,29655.0,29662.5,500,0.0,0.0
2026-09-04 06:05:00-04:00,29662.25,29663.75,29653.25,29660.25,255,0.0,0.0
2026-09-04 06:10:00-04:00,29659.75,29665.5,29654.75,29661.5,223,0.0,0.0
2026-09-04 06:15:00-04:00,29660.75,29666.5,29658.5,29666.5,181,0.0,0.0
2026-09-04 06:20:00-04:00,29666.75,29670.25,29661.0,29668.75,198,0.0,0.0
2026-09-04 06:25:00-04:00,29668.5,29686.0,29665.5,29678.5,873,0.0,0.0
2026-09-04 06:30:00-04:00,29676.5,29680.75,29670.25,29672.25,310,0.0,0.0
2026-09-04 06:35:00-04:00,29672.0,29682.75,29668.5,29680.75,334,0.0,0.0
2026-09-04 06:40:00-04:00,29681.75,29683.75,29674.0,29679.5,205,0.0,0.0
2026-09-04 06:45:00-04:00,29680.0,29704.5,29679.25,29684.5,892,0.0,0.0
2026-09-04 06:50:00-04:00,29685.0,29685.0,29675.75,29682.5,265,0.0,0.0
2026-09-04 06:55:00-04:00,29682.25,29684.25,29677.5,29680.0,220,0.0,0.0
2026-09-04 07:00:00-04:00,29681.5,29686.0,29650.75,29656.75,870,0.0,0.0
2026-09-04 07:05:00-04:00,29655.5,29663.25,29651.0,29653.0,316,0.0,0.0
2026-09-04 07:10:00-04:00,29652.25,29663.25,29651.25,29660.0,274,0.0,0.0
2026-09-04 07:15:00-04:00,29660.5,29666.0,29657.0,29657.75,303,0.0,0.0
2026-09-04 07:20:00-04:00,29658.25,29667.5,29655.5,29663.0,305,0.0,0.0
2026-09-04 07:25:00-04:00,29662.25,29676.75,29661.25,29662.5,373,0.0,0.0
2026-09-04 07:30:00-04:00,29663.75,29676.0,29661.0,29669.25,362,0.0,0.0
2026-09-04 07:35:00-04:00,29669.25,29676.25,29667.75,29670.75,329,0.0,0.0
2026-09-04 07:40:00-04:00,29669.5,29675.0,29666.0,29671.25,354,0.0,0.0
2026-09-04 07:45:00-04:00,29671.0,29678.75,29666.5,29677.25,346,0.0,0.0
2026-09-04 07:50:00-04:00,29677.25,29685.25,29676.25,29682.0,324,0.0,0.0
2026-09-04 07:55:00-04:00,29681.5,29690.0,29677.25,29683.25,550,0.0,0.0
2026-09-04 08:00:00-04:00,29682.0,29686.25,29653.75,29657.0,1019,0.0,0.0
2026-09-04 08:05:00-04:00,29655.75,29665.75,29627.0,29660.0,1651,0.0,0.0
2026-09-04 08:10:00-04:00,29660.25,29663.25,29636.25,29643.25,923,0.0,0.0
2026-09-04 08:15:00-04:00,29642.25,29657.0,29631.75,29656.5,857,0.0,0.0
2026-09-04 08:20:00-04:00,29656.25,29668.0,29654.75,29666.5,631,0.0,0.0
2026-09-04 08:25:00-04:00,29666.75,29694.0,29662.5,29674.25,1222,0.0,0.0
2026-09-04 08:30:00-04:00,29674.5,29693.75,29531.25,29552.5,7947,0.0,0.0
2026-09-04 08:35:00-04:00,29553.75,29574.0,29540.0,29556.5,3915,0.0,0.0
2026-09-04 08:40:00-04:00,29555.5,29587.0,29555.0,29557.75,2865,0.0,0.0
2026-09-04 08:45:00-04:00,29557.25,29557.75,29502.0,29518.25,3932,0.0,0.0
2026-09-04 08:50:00-04:00,29518.5,29548.25,29515.5,29530.0,3068,0.0,0.0
2026-09-04 08:55:00-04:00,29529.0,29550.25,29518.0,29546.5,1906,0.0,0.0
2026-09-04 09:00:00-04:00,29547.0,29551.75,29523.0,29536.75,2924,0.0,0.0
2026-09-04 09:05:00-04:00,29536.75,29556.75,29532.0,29534.5,1696,0.0,0.0
2026-09-04 09:10:00-04:00,29533.75,29550.5,29527.75,29548.25,1057,0.0,0.0
2026-09-04 09:15:00-04:00,29548.25,29564.5,29546.75,29564.0,1640,0.0,0.0
2026-09-04 09:20:00-04:00,29563.5,29587.5,29561.25,29583.75,2365,0.0,0.0
2026-09-04 09:25:00-04:00,29582.75,29591.0,29572.5,29588.0,3101,0.0,0.0
2026-09-04 09:30:00-04:00,29588.75,29635.0,29554.5,29634.0,16831,0.0,0.0
2026-09-04 09:35:00-04:00,29634.0,29644.5,29611.25,29628.75,10982,0.0,0.0
2026-09-04 09:40:00-04:00,29628.5,29647.0,29597.75,29616.5,11510,0.0,0.0
2026-09-04 09:45:00-04:00,29616.25,29649.0,29577.5,29634.0,9506,0.0,0.0
2026-09-04 09:50:00-04:00,29634.5,29664.75,29609.75,29660.0,7634,0.0,0.0
2026-09-04 09:55:00-04:00,29660.25,29691.75,29652.25,29691.0,7281,0.0,0.0
2026-09-04 10:00:00-04:00,29690.5,29691.0,29653.75,29668.0,7377,0.0,0.0
2026-09-04 10:05:00-04:00,29668.25,29675.5,29641.0,29644.5,6495,0.0,0.0
2026-09-04 10:10:00-04:00,29644.5,29654.75,29594.0,29648.5,9479,0.0,0.0
2026-09-04 10:15:00-04:00,29648.0,29649.75,29600.0,29601.75,6778,0.0,0.0
2026-09-04 10:20:00-04:00,29601.75,29611.25,29579.0,29595.75,8460,0.0,0.0
2026-09-04 10:25:00-04:00,29595.5,29602.5,29564.75,29595.5,7708,0.0,0.0
2026-09-04 10:30:00-04:00,29596.25,29598.25,29554.0,29559.0,7001,0.0,0.0
2026-09-04 10:35:00-04:00,29559.0,29589.25,29558.25,29587.75,5384,0.0,0.0
2026-09-04 10:40:00-04:00,29587.0,29587.0,29531.0,29533.5,6933,0.0,0.0
2026-09-04 10:45:00-04:00,29533.25,29544.25,29510.0,29510.25,6789,0.0,0.0
2026-09-04 10:50:00-04:00,29510.75,29535.5,29508.75,29516.25,6038,0.0,0.0
2026-09-04 10:55:00-04:00,29516.25,29530.0,29498.75,29521.0,6173,0.0,0.0
2026-09-04 11:00:00-04:00,29520.0,29529.0,29497.25,29516.25,5852,0.0,0.0
2026-09-04 11:05:00-04:00,29515.25,29531.5,29503.25,29525.5,4858,0.0,0.0
2026-09-04 11:10:00-04:00,29525.25,29541.25,29511.25,29540.5,4787,0.0,0.0
2026-09-04 11:15:00-04:00,29540.75,29543.0,29493.25,29501.25,6066,0.0,0.0
2026-09-04 11:20:00-04:00,29501.25,29512.0,29484.25,29502.5,5085,0.0,0.0
2026-09-04 11:25:00-04:00,29502.75,29512.75,29495.0,29506.75,3491,0.0,0.0
2026-09-04 11:30:00-04:00,29506.75,29510.75,29478.0,29491.25,5555,0.0,0.0
2026-09-04 11:35:00-04:00,29491.25,29506.75,29490.25,29501.25,2578,0.0,0.0
2026-09-04 11:40:00-04:00,29501.75,29524.5,29497.25,29520.5,3452,0.0,0.0
2026-09-04 11:45:00-04:00,29520.0,29522.25,29487.0,29501.75,3989,0.0,0.0
2026-09-04 11:50:00-04:00,29501.25,29516.25,29494.75,29503.75,3284,0.0,0.0
2026-09-04 11:55:00-04:00,29503.75,29519.0,29497.5,29515.0,2836,0.0,0.0
2026-09-04 12:00:00-04:00,29514.75,29520.0,29505.0,29514.25,2439,0.0,0.0
2026-09-04 12:05:00-04:00,29514.0,29536.75,29507.25,29532.0,3626,0.0,0.0
2026-09-04 12:10:00-04:00,29532.5,29554.25,29527.0,29547.75,3756,0.0,0.0
2026-09-04 12:15:00-04:00,29548.0,29548.25,29536.0,29543.75,2495,0.0,0.0
2026-09-04 12:20:00-04:00,29544.0,29565.25,29544.0,29554.0,3216,0.0,0.0
2026-09-04 12:25:00-04:00,29553.75,29560.75,29546.5,29554.0,2492,0.0,0.0
2026-09-04 12:30:00-04:00,29554.5,29571.5,29548.75,29570.75,2942,0.0,0.0
2026-09-04 12:35:00-04:00,29571.0,29574.0,29557.0,29561.5,2749,0.0,0.0
2026-09-04 12:40:00-04:00,29561.75,29569.25,29558.0,29568.0,2211,0.0,0.0
2026-09-04 12:45:00-04:00,29568.25,29589.5,29565.0,29587.75,3644,0.0,0.0
2026-09-04 12:50:00-04:00,29588.0,29595.75,29584.0,29585.5,2960,0.0,0.0
2026-09-04 12:55:00-04:00,29584.75,29588.0,29575.5,29576.0,2761,0.0,0.0
2026-09-04 13:00:00-04:00,29576.25,29580.5,29544.75,29551.0,3734,0.0,0.0
2026-09-04 13:05:00-04:00,29551.0,29560.75,29538.25,29539.75,2916,0.0,0.0
2026-09-04 13:10:00-04:00,29539.25,29546.5,29531.75,29535.25,2263,0.0,0.0
2026-09-04 13:15:00-04:00,29534.75,29543.5,29526.5,29531.25,2812,0.0,0.0
2026-09-04 13:20:00-04:00,29531.75,29535.5,29517.0,29517.75,2377,0.0,0.0
2026-09-04 13:25:00-04:00,29518.25,29527.5,29504.25,29508.0,2637,0.0,0.0
2026-09-04 13:30:00-04:00,29508.0,29508.5,29485.0,29493.5,3633,0.0,0.0
2026-09-04 13:35:00-04:00,29493.75,29501.25,29489.25,29495.25,2305,0.0,0.0
2026-09-04 13:40:00-04:00,29494.75,29496.25,29474.75,29478.25,3603,0.0,0.0
2026-09-04 13:45:00-04:00,29479.0,29492.5,29468.0,29484.25,3923,0.0,0.0
2026-09-04 13:50:00-04:00,29483.75,29496.0,29481.0,29485.75,3084,0.0,0.0
2026-09-04 13:55:00-04:00,29486.0,29498.25,29480.5,29491.75,2194,0.0,0.0
2026-09-04 14:00:00-04:00,29491.5,29497.75,29472.25,29476.0,2987,0.0,0.0
2026-09-04 14:05:00-04:00,29476.75,29490.0,29471.25,29489.0,2700,0.0,0.0
2026-09-04 14:10:00-04:00,29489.0,29497.25,29485.75,29489.0,2196,0.0,0.0
2026-09-04 14:15:00-04:00,29488.25,29506.0,29484.5,29504.75,2564,0.0,0.0
2026-09-04 14:20:00-04:00,29505.0,29514.5,29500.75,29506.5,2512,0.0,0.0
2026-09-04 14:25:00-04:00,29506.5,29512.0,29502.0,29511.0,2160,0.0,0.0
2026-09-04 14:30:00-04:00,29511.0,29518.25,29511.0,29517.25,2275,0.0,0.0
2026-09-04 14:35:00-04:00,29517.5,29519.5,29504.0,29511.25,2382,0.0,0.0
2026-09-04 14:40:00-04:00,29511.25,29524.5,29504.5,29520.75,2580,0.0,0.0
2026-09-04 14:45:00-04:00,29521.25,29528.5,29520.0,29527.25,2106,0.0,0.0
2026-09-04 14:50:00-04:00,29527.0,29531.0,29521.25,29528.75,1518,0.0,0.0
2026-09-04 14:55:00-04:00,29528.75,29542.5,29525.5,29538.75,2429,0.0,0.0
2026-09-04 15:00:00-04:00,29538.75,29544.0,29510.75,29512.25,3706,0.0,0.0
2026-09-04 15:05:00-04:00,29512.5,29518.25,29506.75,29509.5,2060,0.0,0.0
2026-09-04 15:10:00-04:00,29509.75,29519.0,29507.0,29511.25,1573,0.0,0.0
2026-09-04 15:15:00-04:00,29511.0,29522.0,29510.5,29514.75,1424,0.0,0.0
2026-09-04 15:20:00-04:00,29514.75,29524.5,29514.0,29522.75,1693,0.0,0.0
2026-09-04 15:25:00-04:00,29522.75,29531.25,29521.0,29526.5,2151,0.0,0.0
2026-09-04 15:30:00-04:00,29526.5,29540.0,29519.25,29538.0,2667,0.0,0.0
2026-09-04 15:35:00-04:00,29538.0,29547.5,29526.75,29534.0,2968,0.0,0.0
2026-09-04 15:40:00-04:00,29534.0,29542.25,29530.25,29541.0,1967,0.0,0.0
2026-09-04 15:45:00-04:00,29540.75,29553.0,29540.0,29551.0,3420,0.0,0.0
2026-09-04 15:50:00-04:00,29551.0,29578.5,29551.0,29576.5,7329,0.0,0.0
2026-09-04 15:55:00-04:00,29576.25,29586.5,29558.5,29569.25,14481,0.0,0.0
2026-09-04 16:00:00-04:00,29568.75,29569.0,29543.25,29544.0,4663,0.0,0.0
2026-09-04 16:05:00-04:00,29544.0,29545.5,29529.5,29534.75,1761,0.0,0.0
2026-09-04 16:10:00-04:00,29534.75,29546.75,29534.0,29541.25,1307,0.0,0.0
2026-09-04 16:15:00-04:00,29541.25,29543.25,29537.0,29538.25,502,0.0,0.0
2026-09-04 16:20:00-04:00,29539.0,29540.25,29529.75,29532.0,372,0.0,0.0
2026-09-04 16:25:00-04:00,29532.25,29534.25,29530.0,29531.5,319,0.0,0.0
2026-09-04 16:30:00-04:00,29531.75,29532.0,29514.5,29518.75,985,0.0,0.0
2026-09-04 16:35:00-04:00,29518.5,29529.75,29516.75,29524.25,722,0.0,0.0
2026-09-04 16:40:00-04:00,29524.75,29531.25,29523.75,29530.75,420,0.0,0.0
2026-09-04 16:45:00-04:00,29530.5,29532.5,29525.0,29526.0,612,0.0,0.0
2026-09-04 16:50:00-04:00,29526.25,29529.75,29524.0,29528.75,656,0.0,0.0
2026-09-04 16:55:00-04:00,29528.75,29565.25,29519.5,29565.25,704,0.0,0.0
2026-09-08 00:00:00-04:00,29742.75,29743.75,29730.5,29734.0,656,0.0,0.0
2026-09-08 00:05:00-04:00,29733.75,29749.75,29733.5,29747.25,503,0.0,0.0
2026-09-08 00:10:00-04:00,29747.25,29747.25,29739.75,29740.25,332,0.0,0.0
2026-09-08 00:15:00-04:00,29739.75,29745.25,29734.0,29743.5,352,0.0,0.0
2026-09-08 00:20:00-04:00,29742.75,29750.5,29741.25,29749.25,270,0.0,0.0
2026-09-08 00:25:00-04:00,29748.75,29752.0,29740.75,29745.5,364,0.0,0.0
2026-09-08 00:30:00-04:00,29746.25,29750.5,29736.25,29738.0,458,0.0,0.0
2026-09-08 00:35:00-04:00,29737.5,29758.5,29728.25,29758.0,876,0.0,0.0
2026-09-08 00:40:00-04:00,29758.5,29764.0,29750.75,29758.75,613,0.0,0.0
2026-09-08 00:45:00-04:00,29758.25,29764.75,29745.75,29751.0,562,0.0,0.0
2026-09-08 00:50:00-04:00,29751.5,29754.0,29741.0,29744.25,544,0.0,0.0
2026-09-08 00:55:00-04:00,29745.5,29749.25,29731.0,29737.25,531,0.0,0.0
2026-09-08 01:00:00-04:00,29738.5,29739.75,29726.0,29727.0,602,0.0,0.0
2026-09-08 01:05:00-04:00,29726.5,29729.25,29696.5,29700.75,1269,0.0,0.0
2026-09-08 01:10:00-04:00,29700.5,29700.5,29680.0,29683.5,1108,0.0,0.0
2026-09-08 01:15:00-04:00,29685.5,29715.5,29675.0,29715.5,1040,0.0,0.0
2026-09-08 01:20:00-04:00,29716.5,29733.25,29709.0,29712.75,960,0.0,0.0
2026-09-08 01:25:00-04:00,29712.0,29719.0,29678.5,29678.75,838,0.0,0.0
2026-09-08 01:30:00-04:00,29679.5,29680.0,29645.0,29647.5,1564,0.0,0.0
2026-09-08 01:35:00-04:00,29648.25,29685.25,29645.0,29684.75,1048,0.0,0.0
2026-09-08 01:40:00-04:00,29684.0,29685.0,29631.75,29636.75,1403,0.0,0.0
2026-09-08 01:45:00-04:00,29636.5,29647.5,29632.5,29643.0,853,0.0,0.0
2026-09-08 01:50:00-04:00,29642.0,29643.25,29614.25,29615.25,1094,0.0,0.0
2026-09-08 01:55:00-04:00,29615.5,29624.0,29610.0,29612.25,788,0.0,0.0
2026-09-08 02:00:00-04:00,29612.25,29622.25,29596.75,29611.5,1577,0.0,0.0
2026-09-08 02:05:00-04:00,29609.75,29610.75,29587.5,29605.0,1171,0.0,0.0
2026-09-08 02:10:00-04:00,29605.25,29605.25,29581.75,29591.0,996,0.0,0.0
2026-09-08 02:15:00-04:00,29588.75,29591.75,29548.75,29548.75,1488,0.0,0.0
2026-09-08 02:20:00-04:00,29550.0,29584.5,29545.5,29573.0,1164,0.0,0.0
2026-09-08 02:25:00-04:00,29573.0,29586.75,29566.75,29576.25,832,0.0,0.0
2026-09-08 02:30:00-04:00,29576.25,29588.0,29568.0,29574.75,995,0.0,0.0
2026-09-08 02:35:00-04:00,29575.0,29601.25,29558.25,29600.25,1301,0.0,0.0
2026-09-08 02:40:00-04:00,29599.75,29613.5,29598.5,29608.0,1058,0.0,0.0
2026-09-08 02:45:00-04:00,29608.75,29620.25,29606.0,29609.25,759,0.0,0.0
2026-09-08 02:50:00-04:00,29608.75,29613.75,29580.5,29586.75,859,0.0,0.0
2026-09-08 02:55:00-04:00,29587.75,29602.75,29586.75,29600.25,644,0.0,0.0
2026-09-08 03:00:00-04:00,29601.0,29614.5,29586.5,29613.5,1069,0.0,0.0
2026-09-08 03:05:00-04:00,29612.75,29638.75,29605.0,29605.5,1143,0.0,0.0
2026-09-08 03:10:00-04:00,29605.25,29619.75,29598.0,29609.5,814,0.0,0.0
2026-09-08 03:15:00-04:00,29609.5,29616.75,29595.5,29614.5,876,0.0,0.0
2026-09-08 03:20:00-04:00,29615.5,29625.75,29596.75,29625.25,779,0.0,0.0
2026-09-08 03:25:00-04:00,29625.75,29628.75,29616.0,29623.75,487,0.0,0.0
2026-09-08 03:30:00-04:00,29622.75,29624.5,29585.25,29588.5,809,0.0,0.0
2026-09-08 03:35:00-04:00,29588.75,29595.25,29563.0,29563.0,1030,0.0,0.0
2026-09-08 03:40:00-04:00,29564.75,29573.5,29550.0,29562.5,939,0.0,0.0
2026-09-08 03:45:00-04:00,29564.5,29566.75,29553.0,29563.5,529,0.0,0.0
2026-09-08 03:50:00-04:00,29562.5,29562.5,29534.75,29539.0,659,0.0,0.0
2026-09-08 03:55:00-04:00,29538.25,29553.25,29529.75,29535.5,730,0.0,0.0
2026-09-08 04:00:00-04:00,29534.5,29541.25,29481.75,29486.75,2901,0.0,0.0
2026-09-08 04:05:00-04:00,29486.75,29534.5,29484.25,29496.25,1760,0.0,0.0
2026-09-08 04:10:00-04:00,29496.25,29514.0,29477.75,29512.5,1177,0.0,0.0
2026-09-08 04:15:00-04:00,29512.75,29530.25,29511.25,29514.75,987,0.0,0.0
2026-09-08 04:20:00-04:00,29514.5,29519.25,29496.0,29510.25,836,0.0,0.0
2026-09-08 04:25:00-04:00,29511.75,29526.5,29498.5,29499.75,831,0.0,0.0
2026-09-08 04:30:00-04:00,29499.5,29525.75,29490.5,29523.25,926,0.0,0.0
2026-09-08 04:35:00-04:00,29521.75,29522.75,29493.25,29504.0,448,0.0,0.0
2026-09-08 04:40:00-04:00,29505.25,29511.5,29496.75,29502.0,421,0.0,0.0
2026-09-08 04:45:00-04:00,29502.25,29533.0,29489.5,29504.25,1246,0.0,0.0
2026-09-08 04:50:00-04:00,29507.25,29512.25,29490.0,29501.5,527,0.0,0.0
2026-09-08 04:55:00-04:00,29503.0,29509.25,29494.0,29507.0,483,0.0,0.0
2026-09-08 05:00:00-04:00,29507.0,29516.5,29484.5,29510.0,770,0.0,0.0
2026-09-08 05:05:00-04:00,29509.5,29528.75,29508.25,29528.5,450,0.0,0.0
2026-09-08 05:10:00-04:00,29529.25,29546.25,29525.0,29545.75,677,0.0,0.0
2026-09-08 05:15:00-04:00,29544.0,29546.5,29530.75,29535.0,317,0.0,0.0
2026-09-08 05:20:00-04:00,29533.5,29545.5,29528.75,29544.75,307,0.0,0.0
2026-09-08 05:25:00-04:00,29544.75,29549.25,29535.0,29547.75,417,0.0,0.0
2026-09-08 05:30:00-04:00,29549.25,29566.25,29542.75,29561.75,570,0.0,0.0
2026-09-08 05:35:00-04:00,29562.75,29576.0,29557.75,29575.25,839,0.0,0.0
2026-09-08 05:40:00-04:00,29573.0,29587.0,29561.0,29568.0,1154,0.0,0.0
2026-09-08 05:45:00-04:00,29568.0,29586.5,29566.75,29584.5,486,0.0,0.0
2026-09-08 05:50:00-04:00,29584.25,29591.5,29581.5,29588.75,425,0.0,0.0
2026-09-08 05:55:00-04:00,29588.75,29600.5,29586.0,29599.75,462,0.0,0.0
2026-09-08 06:00:00-04:00,29600.0,29600.0,29584.5,29586.75,525,0.0,0.0
2026-09-08 06:05:00-04:00,29587.0,29590.25,29580.25,29581.75,293,0.0,0.0
2026-09-08 06:10:00-04:00,29581.0,29586.5,29572.75,29584.5,453,0.0,0.0
2026-09-08 06:15:00-04:00,29584.25,29598.5,29583.25,29598.25,324,0.0,0.0
2026-09-08 06:20:00-04:00,29598.5,29649.0,29595.25,29606.0,2311,0.0,0.0
2026-09-08 06:25:00-04:00,29606.75,29612.0,29601.25,29607.75,450,0.0,0.0
2026-09-08 06:30:00-04:00,29607.75,29608.25,29581.75,29589.0,625,0.0,0.0
2026-09-08 06:35:00-04:00,29588.75,29597.5,29587.5,29594.25,243,0.0,0.0
2026-09-08 06:40:00-04:00,29594.5,29596.25,29586.75,29592.75,447,0.0,0.0
2026-09-08 06:45:00-04:00,29591.25,29592.5,29566.5,29569.0,841,0.0,0.0
2026-09-08 06:50:00-04:00,29569.0,29572.0,29546.5,29562.0,1107,0.0,0.0
2026-09-08 06:55:00-04:00,29561.5,29577.0,29561.5,29568.0,514,0.0,0.0
2026-09-08 07:00:00-04:00,29568.5,29580.0,29560.25,29570.5,658,0.0,0.0
2026-09-08 07:05:00-04:00,29571.0,29583.75,29538.5,29560.0,1356,0.0,0.0
2026-09-08 07:10:00-04:00,29559.5,29560.25,29533.5,29547.0,786,0.0,0.0
2026-09-08 07:15:00-04:00,29546.75,29574.25,29545.0,29574.25,712,0.0,0.0
2026-09-08 07:20:00-04:00,29574.25,29576.5,29555.75,29567.25,486,0.0,0.0
2026-09-08 07:25:00-04:00,29566.75,29571.25,29559.0,29562.25,299,0.0,0.0
2026-09-08 07:30:00-04:00,29563.0,29575.5,29557.0,29570.75,483,0.0,0.0
2026-09-08 07:35:00-04:00,29571.5,29572.5,29559.5,29559.5,433,0.0,0.0
2026-09-08 07:40:00-04:00,29559.0,29562.0,29546.0,29547.0,399,0.0,0.0
2026-09-08 07:45:00-04:00,29547.0,29553.5,29538.5,29546.75,628,0.0,0.0
2026-09-08 07:50:00-04:00,29546.0,29572.0,29545.75,29570.75,818,0.0,0.0
2026-09-08 07:55:00-04:00,29571.25,29601.75,29571.25,29601.0,1186,0.0,0.0
2026-09-08 08:00:00-04:00,29601.0,29601.0,29573.5,29580.75,901,0.0,0.0
2026-09-08 08:05:00-04:00,29580.75,29590.0,29572.25,29587.5,640,0.0,0.0
2026-09-08 08:10:00-04:00,29587.5,29587.5,29551.25,29555.0,824,0.0,0.0
2026-09-08 08:15:00-04:00,29555.75,29580.0,29548.0,29579.0,726,0.0,0.0
2026-09-08 08:20:00-04:00,29578.75,29586.25,29568.0,29580.25,857,0.0,0.0
2026-09-08 08:25:00-04:00,29579.25,29595.5,29579.25,29595.5,630,0.0,0.0
2026-09-08 08:30:00-04:00,29595.25,29626.0,29591.0,29620.75,1475,0.0,0.0
2026-09-08 08:35:00-04:00,29620.5,29627.0,29608.5,29616.5,907,0.0,0.0
2026-09-08 08:40:00-04:00,29616.5,29621.25,29604.75,29615.0,972,0.0,0.0
2026-09-08 08:45:00-04:00,29615.0,29629.25,29604.25,29626.0,934,0.0,0.0
2026-09-08 08:50:00-04:00,29626.5,29638.0,29621.5,29637.75,981,0.0,0.0
2026-09-08 08:55:00-04:00,29637.5,29654.75,29630.25,29654.0,1375,0.0,0.0
2026-09-08 09:00:00-04:00,29653.75,29654.75,29634.5,29647.75,1698,0.0,0.0
2026-09-08 09:05:00-04:00,29647.5,29656.0,29640.5,29645.25,1364,0.0,0.0
2026-09-08 09:10:00-04:00,29645.75,29660.0,29643.75,29658.5,855,0.0,0.0
2026-09-08 09:15:00-04:00,29659.0,29667.25,29651.25,29667.25,1149,0.0,0.0
2026-09-08 09:20:00-04:00,29666.25,29668.25,29653.25,29655.0,1663,0.0,0.0
2026-09-08 09:25:00-04:00,29655.25,29662.0,29635.75,29644.5,3585,0.0,0.0
2026-09-08 09:30:00-04:00,29644.75,29686.5,29572.0,29600.5,19308,0.0,0.0
2026-09-08 09:35:00-04:00,29600.25,29613.25,29560.5,29568.0,12146,0.0,0.0
2026-09-08 09:40:00-04:00,29567.5,29573.5,29467.0,29474.0,13689,0.0,0.0
2026-09-08 09:45:00-04:00,29474.25,29527.5,29469.75,29526.75,11886,0.0,0.0
2026-09-08 09:50:00-04:00,29526.75,29527.75,29455.25,29501.0,10582,0.0,0.0
2026-09-08 09:55:00-04:00,29501.5,29538.5,29489.5,29502.75,9247,0.0,0.0
2026-09-08 10:00:00-04:00,29503.25,29512.5,29436.25,29483.25,12587,0.0,0.0
2026-09-08 10:05:00-04:00,29484.5,29491.25,29451.75,29453.25,7440,0.0,0.0
2026-09-08 10:10:00-04:00,29452.75,29479.5,29424.75,29462.5,8549,0.0,0.0
2026-09-08 10:15:00-04:00,29462.25,29493.75,29458.5,29479.25,7423,0.0,0.0
2026-09-08 10:20:00-04:00,29480.5,29524.75,29476.0,29522.25,6289,0.0,0.0
2026-09-08 10:25:00-04:00,29520.5,29521.75,29484.0,29516.75,5010,0.0,0.0
2026-09-08 10:30:00-04:00,29516.0,29525.25,29490.0,29522.75,5293,0.0,0.0
2026-09-08 10:35:00-04:00,29522.25,29524.5,29496.5,29506.25,3795,0.0,0.0
2026-09-08 10:40:00-04:00,29505.75,29538.0,29503.75,29530.0,4109,0.0,0.0
2026-09-08 10:45:00-04:00,29530.75,29534.0,29511.75,29527.0,4835,0.0,0.0
2026-09-08 10:50:00-04:00,29526.5,29551.5,29523.0,29549.25,5365,0.0,0.0
2026-09-08 10:55:00-04:00,29549.25,29563.5,29540.0,29563.0,4330,0.0,0.0
2026-09-08 11:00:00-04:00,29563.0,29567.75,29549.5,29558.25,4014,0.0,0.0
2026-09-08 11:05:00-04:00,29558.25,29568.5,29545.5,29557.25,3066,0.0,0.0
2026-09-08 11:10:00-04:00,29557.0,29610.0,29555.5,29602.75,6303,0.0,0.0
2026-09-08 11:15:00-04:00,29603.0,29624.5,29593.75,29618.5,5212,0.0,0.0
2026-09-08 11:20:00-04:00,29618.5,29620.0,29581.0,29617.75,5562,0.0,0.0
2026-09-08 11:25:00-04:00,29617.25,29639.5,29605.75,29609.0,6050,0.0,0.0
2026-09-08 11:30:00-04:00,29609.25,29621.25,29600.75,29610.75,3373,0.0,0.0
2026-09-08 11:35:00-04:00,29610.75,29612.75,29595.5,29611.5,3013,0.0,0.0
2026-09-08 11:40:00-04:00,29612.0,29645.25,29606.75,29641.5,4453,0.0,0.0
2026-09-08 11:45:00-04:00,29641.5,29644.0,29606.5,29612.75,4126,0.0,0.0
2026-09-08 11:50:00-04:00,29612.75,29626.5,29607.5,29613.75,3237,0.0,0.0
2026-09-08 11:55:00-04:00,29613.75,29621.5,29599.0,29604.25,3076,0.0,0.0
2026-09-08 12:00:00-04:00,29604.25,29618.0,29596.75,29618.0,3248,0.0,0.0
2026-09-08 12:05:00-04:00,29617.0,29622.0,29589.0,29589.75,2947,0.0,0.0
2026-09-08 12:10:00-04:00,29589.75,29595.0,29577.5,29589.5,2891,0.0,0.0
2026-09-08 12:15:00-04:00,29588.75,29589.75,29569.25,29569.5,2793,0.0,0.0
2026-09-08 12:20:00-04:00,29569.0,29591.75,29562.5,29591.75,3073,0.0,0.0
2026-09-08 12:25:00-04:00,29592.0,29604.5,29565.75,29567.75,3450,0.0,0.0
2026-09-08 12:30:00-04:00,29568.5,29583.75,29561.75,29575.5,3079,0.0,0.0
2026-09-08 12:35:00-04:00,29575.5,29583.0,29569.25,29575.0,2178,0.0,0.0
2026-09-08 12:40:00-04:00,29575.5,29584.5,29568.0,29575.5,2173,0.0,0.0
2026-09-08 12:45:00-04:00,29575.0,29595.75,29570.25,29590.5,2360,0.0,0.0
2026-09-08 12:50:00-04:00,29590.25,29609.25,29582.75,29595.25,3905,0.0,0.0
2026-09-08 12:55:00-04:00,29596.25,29599.25,29549.5,29573.5,5491,0.0,0.0
2026-09-08 13:00:00-04:00,29572.75,29631.5,29572.0,29630.25,4379,0.0,0.0
2026-09-08 13:05:00-04:00,29630.5,29641.5,29616.5,29620.5,3217,0.0,0.0
2026-09-08 13:10:00-04:00,29620.75,29632.75,29619.0,29628.75,1904,0.0,0.0
2026-09-08 13:15:00-04:00,29628.0,29633.5,29620.75,29625.5,1906,0.0,0.0
2026-09-08 13:20:00-04:00,29626.25,29629.25,29612.0,29623.25,2196,0.0,0.0
2026-09-08 13:25:00-04:00,29622.5,29624.5,29606.25,29615.75,1972,0.0,0.0
2026-09-08 13:30:00-04:00,29616.5,29632.5,29614.75,29627.0,2061,0.0,0.0
2026-09-08 13:35:00-04:00,29627.75,29631.75,29619.75,29620.75,1593,0.0,0.0
2026-09-08 13:40:00-04:00,29620.5,29620.75,29598.0,29599.5,2326,0.0,0.0
2026-09-08 13:45:00-04:00,29600.0,29611.5,29600.0,29606.0,1586,0.0,0.0
2026-09-08 13:50:00-04:00,29605.75,29613.25,29595.75,29608.5,1911,0.0,0.0
2026-09-08 13:55:00-04:00,29608.5,29609.0,29588.75,29590.0,1990,0.0,0.0
2026-09-08 14:00:00-04:00,29590.5,29599.5,29587.0,29598.0,2362,0.0,0.0
2026-09-08 14:05:00-04:00,29597.75,29611.0,29596.0,29606.75,2048,0.0,0.0
2026-09-08 14:10:00-04:00,29606.0,29613.5,29600.0,29605.25,2048,0.0,0.0
2026-09-08 14:15:00-04:00,29605.0,29615.5,29603.5,29609.5,1956,0.0,0.0
2026-09-08 14:20:00-04:00,29609.75,29614.0,29590.0,29592.0,2147,0.0,0.0
2026-09-08 14:25:00-04:00,29592.0,29600.25,29588.5,29597.0,1824,0.0,0.0
2026-09-08 14:30:00-04:00,29597.25,29600.5,29590.5,29591.25,1358,0.0,0.0
2026-09-08 14:35:00-04:00,29591.25,29596.5,29579.75,29585.0,2754,0.0,0.0
2026-09-08 14:40:00-04:00,29585.0,29604.5,29578.0,29602.75,2563,0.0,0.0
2026-09-08 14:45:00-04:00,29603.25,29611.0,29519.75,29545.0,9156,0.0,0.0
2026-09-08 14:50:00-04:00,29545.5,29580.75,29535.75,29575.25,6024,0.0,0.0
2026-09-08 14:55:00-04:00,29575.25,29586.0,29570.0,29576.25,3030,0.0,0.0
2026-09-08 15:00:00-04:00,29576.25,29586.25,29560.25,29569.5,2713,0.0,0.0
2026-09-08 15:05:00-04:00,29568.75,29583.5,29565.0,29568.0,2830,0.0,0.0
2026-09-08 15:10:00-04:00,29568.5,29580.0,29566.25,29574.75,2097,0.0,0.0
2026-09-08 15:15:00-04:00,29575.0,29579.25,29559.0,29561.0,1694,0.0,0.0
2026-09-08 15:20:00-04:00,29560.25,29570.25,29546.25,29550.25,2192,0.0,0.0
2026-09-08 15:25:00-04:00,29549.75,29568.5,29544.75,29564.0,2251,0.0,0.0
2026-09-08 15:30:00-04:00,29564.5,29566.25,29547.75,29562.75,2443,0.0,0.0
2026-09-08 15:35:00-04:00,29562.75,29564.0,29549.0,29555.5,1912,0.0,0.0
2026-09-08 15:40:00-04:00,29555.25,29560.0,29543.5,29549.0,1908,0.0,0.0
2026-09-08 15:45:00-04:00,29549.0,29552.75,29524.75,29544.75,4669,0.0,0.0
2026-09-08 15:50:00-04:00,29545.0,29551.75,29496.0,29507.75,11050,0.0,0.0
2026-09-08 15:55:00-04:00,29508.0,29549.5,29500.0,29543.5,15489,0.0,0.0
2026-09-08 16:00:00-04:00,29543.0,29550.75,29507.5,29517.25,5301,0.0,0.0
2026-09-08 16:05:00-04:00,29517.0,29524.0,29506.0,29520.5,1886,0.0,0.0
2026-09-08 16:10:00-04:00,29520.0,29527.5,29519.5,29524.25,1151,0.0,0.0
2026-09-08 16:15:00-04:00,29524.25,29528.25,29514.5,29520.25,793,0.0,0.0
2026-09-08 16:20:00-04:00,29520.25,29526.75,29518.0,29523.0,355,0.0,0.0
2026-09-08 16:25:00-04:00,29522.75,29527.5,29506.5,29507.75,1597,0.0,0.0
2026-09-08 16:30:00-04:00,29507.5,29511.5,29503.5,29510.25,700,0.0,0.0
2026-09-08 16:35:00-04:00,29510.25,29517.5,29510.25,29515.25,321,0.0,0.0
2026-09-08 16:40:00-04:00,29514.25,29524.75,29513.25,29521.25,497,0.0,0.0
2026-09-08 16:45:00-04:00,29522.0,29523.5,29518.5,29520.75,293,0.0,0.0
2026-09-08 16:50:00-04:00,29520.0,29527.0,29520.0,29525.25,245,0.0,0.0
2026-09-08 16:55:00-04:00,29525.0,29527.25,29520.25,29525.75,383,0.0,0.0
2026-09-08 18:00:00-04:00,29526.5,29539.25,29503.0,29535.75,0,0.0,0.0
2026-09-08 18:05:00-04:00,29533.5,29535.75,29525.0,29527.0,389,0.0,0.0
2026-09-08 18:10:00-04:00,29526.5,29528.0,29521.75,29521.75,164,0.0,0.0
2026-09-08 18:15:00-04:00,29521.75,29527.75,29518.25,29523.75,264,0.0,0.0
2026-09-08 18:20:00-04:00,29523.75,29526.25,29508.0,29516.75,565,0.0,0.0
2026-09-08 18:25:00-04:00,29517.75,29529.0,29517.75,29521.5,274,0.0,0.0
2026-09-08 18:30:00-04:00,29522.25,29524.5,29516.0,29521.5,258,0.0,0.0
2026-09-08 18:35:00-04:00,29523.0,29525.75,29520.0,29524.5,128,0.0,0.0
2026-09-08 18:40:00-04:00,29525.0,29530.0,29524.75,29527.5,206,0.0,0.0
2026-09-08 18:45:00-04:00,29527.5,29535.0,29526.75,29534.0,151,0.0,0.0
2026-09-08 18:50:00-04:00,29533.5,29537.25,29529.75,29534.5,217,0.0,0.0
2026-09-08 18:55:00-04:00,29534.0,29547.0,29533.0,29544.75,440,0.0,0.0
2026-09-08 19:00:00-04:00,29544.5,29546.5,29532.25,29536.0,237,0.0,0.0
2026-09-08 19:05:00-04:00,29536.75,29538.5,29533.25,29533.5,226,0.0,0.0
2026-09-08 19:10:00-04:00,29534.25,29535.5,29529.5,29531.5,211,0.0,0.0
2026-09-08 19:15:00-04:00,29531.25,29531.25,29517.0,29524.5,432,0.0,0.0
2026-09-08 19:20:00-04:00,29524.25,29528.0,29519.5,29526.25,237,0.0,0.0
2026-09-08 19:25:00-04:00,29526.0,29526.75,29513.0,29516.75,385,0.0,0.0
2026-09-08 19:30:00-04:00,29515.75,29519.25,29513.5,29513.75,191,0.0,0.0
2026-09-08 19:35:00-04:00,29513.75,29513.75,29501.5,29507.5,469,0.0,0.0
2026-09-08 19:40:00-04:00,29507.0,29512.0,29503.75,29506.25,238,0.0,0.0
2026-09-08 19:45:00-04:00,29507.0,29512.0,29496.0,29502.0,567,0.0,0.0
2026-09-08 19:50:00-04:00,29503.5,29505.25,29489.75,29490.5,597,0.0,0.0
2026-09-08 19:55:00-04:00,29490.0,29504.0,29489.75,29498.5,739,0.0,0.0
2026-09-08 20:00:00-04:00,29500.75,29548.25,29499.5,29545.5,1577,0.0,0.0
2026-09-08 20:05:00-04:00,29545.25,29561.75,29536.0,29537.5,1370,0.0,0.0
2026-09-08 20:10:00-04:00,29536.5,29550.5,29533.0,29539.0,658,0.0,0.0
2026-09-08 20:15:00-04:00,29539.75,29539.75,29517.0,29532.0,1167,0.0,0.0
2026-09-08 20:20:00-04:00,29531.75,29537.5,29525.75,29528.75,570,0.0,0.0
2026-09-08 20:25:00-04:00,29528.75,29530.25,29516.0,29525.25,589,0.0,0.0
2026-09-08 20:30:00-04:00,29523.75,29529.0,29509.0,29522.25,684,0.0,0.0
2026-09-08 20:35:00-04:00,29521.75,29532.0,29511.5,29528.0,548,0.0,0.0
2026-09-08 20:40:00-04:00,29528.75,29540.0,29515.5,29537.75,637,0.0,0.0
2026-09-08 20:45:00-04:00,29538.25,29543.5,29532.25,29539.0,440,0.0,0.0
2026-09-08 20:50:00-04:00,29539.25,29562.25,29539.25,29559.25,938,0.0,0.0
2026-09-08 20:55:00-04:00,29559.0,29564.0,29551.75,29559.75,590,0.0,0.0
2026-09-08 21:00:00-04:00,29559.75,29573.5,29555.75,29563.25,1094,0.0,0.0
2026-09-08 21:05:00-04:00,29563.75,29578.75,29558.5,29577.25,957,0.0,0.0
2026-09-08 21:10:00-04:00,29578.5,29581.0,29573.0,29574.5,376,0.0,0.0
2026-09-08 21:15:00-04:00,29575.25,29581.25,29569.5,29578.25,774,0.0,0.0
2026-09-08 21:20:00-04:00,29578.0,29596.75,29575.0,29594.0,1203,0.0,0.0
2026-09-08 21:25:00-04:00,29594.0,29599.5,29588.25,29590.0,826,0.0,0.0
2026-09-08 21:30:00-04:00,29589.75,29596.25,29577.5,29594.75,721,0.0,0.0
2026-09-08 21:35:00-04:00,29596.0,29607.5,29594.5,29603.25,1056,0.0,0.0
2026-09-08 21:40:00-04:00,29603.0,29603.75,29589.5,29593.25,407,0.0,0.0
2026-09-08 21:45:00-04:00,29593.25,29608.5,29593.25,29601.25,571,0.0,0.0
2026-09-08 21:50:00-04:00,29599.75,29601.0,29581.5,29590.75,657,0.0,0.0
2026-09-08 21:55:00-04:00,29591.75,29597.25,29585.5,29593.25,292,0.0,0.0
2026-09-08 22:00:00-04:00,29593.5,29612.5,29591.0,29608.75,626,0.0,0.0
2026-09-08 22:05:00-04:00,29609.0,29610.0,29597.0,29607.25,462,0.0,0.0
2026-09-08 22:10:00-04:00,29606.5,29612.25,29589.0,29594.25,529,0.0,0.0
2026-09-08 22:15:00-04:00,29594.5,29595.5,29583.25,29590.25,571,0.0,0.0
2026-09-08 22:20:00-04:00,29591.0,29603.75,29587.0,29601.5,402,0.0,0.0
2026-09-08 22:25:00-04:00,29601.5,29604.25,29597.5,29601.0,346,0.0,0.0
2026-09-08 22:30:00-04:00,29601.5,29606.0,29596.75,29602.75,516,0.0,0.0
2026-09-08 22:35:00-04:00,29602.25,29606.75,29597.25,29605.5,251,0.0,0.0
2026-09-08 22:40:00-04:00,29605.25,29624.75,29604.75,29620.75,1116,0.0,0.0
2026-09-08 22:45:00-04:00,29620.25,29625.5,29614.5,29619.25,435,0.0,0.0
2026-09-08 22:50:00-04:00,29619.75,29621.75,29613.0,29616.0,274,0.0,0.0
2026-09-08 22:55:00-04:00,29615.0,29615.0,29606.25,29611.0,325,0.0,0.0
2026-09-08 23:00:00-04:00,29611.5,29613.75,29591.5,29591.5,641,0.0,0.0
2026-09-08 23:05:00-04:00,29592.0,29594.5,29583.75,29589.0,428,0.0,0.0
2026-09-08 23:10:00-04:00,29589.25,29600.5,29584.75,29591.0,710,0.0,0.0
2026-09-08 23:15:00-04:00,29590.5,29603.5,29590.5,29594.0,454,0.0,0.0
2026-09-08 23:20:00-04:00,29596.0,29598.75,29589.0,29594.5,366,0.0,0.0
2026-09-08 23:25:00-04:00,29594.25,29602.75,29590.0,29596.5,310,0.0,0.0
2026-09-08 23:30:00-04:00,29597.75,29604.25,29588.25,29591.25,381,0.0,0.0
2026-09-08 23:35:00-04:00,29591.0,29598.75,29589.75,29595.5,333,0.0,0.0
2026-09-08 23:40:00-04:00,29594.25,29596.25,29587.0,29591.0,218,0.0,0.0
2026-09-08 23:45:00-04:00,29589.25,29591.5,29575.0,29575.75,670,0.0,0.0
2026-09-08 23:50:00-04:00,29576.75,29581.5,29560.5,29565.5,776,0.0,0.0
2026-09-08 23:55:00-04:00,29564.25,29572.0,29564.25,29566.75,308,0.0,0.0
2026-09-09 00:05:00-04:00,29577.0,29578.25,29570.25,29571.0,1315,0.0,0.0
2026-09-09 00:10:00-04:00,29570.0,29572.0,29549.0,29557.0,1160,0.0,0.0
2026-09-09 00:15:00-04:00,29556.5,29563.25,29553.5,29558.5,380,0.0,0.0
2026-09-09 00:20:00-04:00,29557.5,29589.75,29557.5,29587.25,645,0.0,0.0
2026-09-09 00:25:00-04:00,29586.0,29593.0,29578.5,29581.25,537,0.0,0.0
2026-09-09 00:30:00-04:00,29580.25,29598.0,29573.0,29597.75,481,0.0,0.0
2026-09-09 00:35:00-04:00,29596.75,29606.5,29596.75,29600.75,425,0.0,0.0
2026-09-09 00:40:00-04:00,29600.0,29607.0,29595.5,29603.75,265,0.0,0.0
2026-09-09 00:45:00-04:00,29604.25,29608.0,29600.0,29607.0,283,0.0,0.0
2026-09-09 00:50:00-04:00,29607.0,29613.75,29602.0,29612.75,329,0.0,0.0
2026-09-09 00:55:00-04:00,29612.0,29620.25,29612.0,29614.0,516,0.0,0.0
2026-09-09 01:00:00-04:00,29614.5,29616.25,29599.75,29605.25,535,0.0,0.0
2026-09-09 01:05:00-04:00,29605.25,29608.0,29597.0,29605.5,309,0.0,0.0
2026-09-09 01:10:00-04:00,29607.75,29613.75,29602.25,29605.5,176,0.0,0.0
2026-09-09 01:15:00-04:00,29604.75,29604.75,29580.75,29582.5,490,0.0,0.0
2026-09-09 01:20:00-04:00,29583.75,29583.75,29565.75,29580.5,810,0.0,0.0
2026-09-09 01:25:00-04:00,29581.5,29589.25,29575.0,29580.25,613,0.0,0.0
2026-09-09 01:30:00-04:00,29580.75,29592.0,29562.0,29579.0,747,0.0,0.0
2026-09-09 01:35:00-04:00,29579.5,29588.5,29573.25,29580.25,397,0.0,0.0
2026-09-09 01:40:00-04:00,29581.0,29590.25,29574.5,29576.5,315,0.0,0.0
2026-09-09 01:45:00-04:00,29578.75,29587.5,29573.75,29587.0,213,0.0,0.0
2026-09-09 01:50:00-04:00,29586.25,29606.75,29585.5,29605.25,511,0.0,0.0
2026-09-09 01:55:00-04:00,29607.25,29621.5,29600.25,29621.25,626,0.0,0.0
2026-09-09 02:00:00-04:00,29621.75,29628.5,29616.0,29624.25,925,0.0,0.0
2026-09-09 02:05:00-04:00,29623.75,29628.25,29604.25,29607.5,445,0.0,0.0
2026-09-09 02:10:00-04:00,29607.25,29632.25,29605.25,29629.25,731,0.0,0.0
2026-09-09 02:15:00-04:00,29629.25,29633.75,29626.0,29628.5,432,0.0,0.0
2026-09-09 02:20:00-04:00,29628.25,29629.25,29612.0,29622.0,392,0.0,0.0
2026-09-09 02:25:00-04:00,29621.25,29624.0,29586.5,29593.75,678,0.0,0.0
2026-09-09 02:30:00-04:00,29592.75,29607.5,29588.0,29606.5,616,0.0,0.0
2026-09-09 02:35:00-04:00,29606.5,29614.0,29602.75,29609.25,362,0.0,0.0
2026-09-09 02:40:00-04:00,29609.0,29613.0,29605.75,29611.75,329,0.0,0.0
2026-09-09 02:45:00-04:00,29612.25,29612.5,29589.25,29593.75,679,0.0,0.0
2026-09-09 02:50:00-04:00,29595.0,29602.5,29582.5,29583.5,513,0.0,0.0
2026-09-09 02:55:00-04:00,29583.25,29586.5,29578.0,29579.5,376,0.0,0.0
2026-09-09 03:00:00-04:00,29581.5,29591.25,29561.25,29588.75,1192,0.0,0.0
2026-09-09 03:05:00-04:00,29591.5,29603.25,29589.75,29596.25,511,0.0,0.0
2026-09-09 03:10:00-04:00,29596.0,29611.5,29572.25,29572.25,835,0.0,0.0
2026-09-09 03:15:00-04:00,29572.25,29581.0,29558.0,29568.25,1111,0.0,0.0
2026-09-09 03:20:00-04:00,29568.0,29600.0,29568.0,29593.75,773,0.0,0.0
2026-09-09 03:25:00-04:00,29594.0,29613.0,29590.0,29612.25,679,0.0,0.0
2026-09-09 03:30:00-04:00,29611.75,29613.0,29598.25,29602.5,399,0.0,0.0
2026-09-09 03:35:00-04:00,29603.25,29614.0,29591.5,29596.25,526,0.0,0.0
2026-09-09 03:40:00-04:00,29596.0,29600.25,29590.0,29594.25,346,0.0,0.0
2026-09-09 03:45:00-04:00,29596.25,29597.0,29573.25,29574.5,501,0.0,0.0
2026-09-09 03:50:00-04:00,29574.5,29578.75,29565.25,29578.75,518,0.0,0.0
2026-09-09 03:55:00-04:00,29578.75,29591.0,29575.75,29588.0,452,0.0,0.0
2026-09-09 04:00:00-04:00,29589.5,29603.5,29576.0,29598.5,1033,0.0,0.0
2026-09-09 04:05:00-04:00,29598.5,29609.0,29585.5,29591.75,711,0.0,0.0
2026-09-09 04:10:00-04:00,29591.75,29600.25,29579.75,29582.25,369,0.0,0.0
2026-09-09 04:15:00-04:00,29583.0,29593.25,29580.5,29588.5,338,0.0,0.0
2026-09-09 04:20:00-04:00,29587.75,29591.5,29568.0,29569.25,484,0.0,0.0
2026-09-09 04:25:00-04:00,29569.25,29594.25,29566.75,29587.75,538,0.0,0.0
2026-09-09 04:30:00-04:00,29585.75,29592.75,29577.75,29577.75,418,0.0,0.0
2026-09-09 04:35:00-04:00,29578.75,29578.75,29550.25,29552.0,843,0.0,0.0
2026-09-09 04:40:00-04:00,29551.0,29570.75,29540.25,29541.75,1053,0.0,0.0
2026-09-09 04:45:00-04:00,29543.0,29553.0,29538.75,29548.75,651,0.0,0.0
2026-09-09 04:50:00-04:00,29548.0,29569.25,29545.75,29567.75,448,0.0,0.0
2026-09-09 04:55:00-04:00,29567.5,29571.75,29561.25,29564.75,297,0.0,0.0
2026-09-09 05:00:00-04:00,29565.0,29575.0,29552.5,29564.25,516,0.0,0.0
2026-09-09 05:05:00-04:00,29563.75,29567.25,29538.25,29540.5,563,0.0,0.0
2026-09-09 05:10:00-04:00,29539.75,29554.0,29532.5,29550.5,602,0.0,0.0
2026-09-09 05:15:00-04:00,29550.5,29557.0,29543.5,29545.75,240,0.0,0.0
2026-09-09 05:20:00-04:00,29543.5,29544.25,29514.5,29518.25,823,0.0,0.0
2026-09-09 05:25:00-04:00,29517.5,29532.25,29517.25,29528.5,471,0.0,0.0
2026-09-09 05:30:00-04:00,29528.5,29539.25,29499.75,29501.25,960,0.0,0.0
2026-09-09 05:35:00-04:00,29500.75,29501.75,29486.0,29494.0,940,0.0,0.0
2026-09-09 05:40:00-04:00,29493.25,29495.5,29471.25,29479.0,833,0.0,0.0
2026-09-09 05:45:00-04:00,29479.0,29485.5,29455.75,29460.25,1005,0.0,0.0
2026-09-09 05:50:00-04:00,29461.25,29467.0,29414.0,29417.25,2130,0.0,0.0
2026-09-09 05:55:00-04:00,29417.0,29422.25,29388.75,29400.5,2100,0.0,0.0
2026-09-09 06:00:00-04:00,29401.0,29416.25,29371.75,29412.25,2396,0.0,0.0
2026-09-09 06:05:00-04:00,29413.25,29424.75,29388.75,29390.25,1436,0.0,0.0
2026-09-09 06:10:00-04:00,29389.75,29413.75,29385.25,29395.75,1093,0.0,0.0
2026-09-09 06:15:00-04:00,29395.0,29422.25,29381.75,29420.75,1244,0.0,0.0
2026-09-09 06:20:00-04:00,29421.25,29432.25,29405.5,29414.25,1147,0.0,0.0
2026-09-09 06:25:00-04:00,29411.75,29423.5,29403.75,29419.0,558,0.0,0.0
2026-09-09 06:30:00-04:00,29417.75,29428.0,29410.25,29421.0,737,0.0,0.0
2026-09-09 06:35:00-04:00,29421.25,29432.0,29415.75,29417.5,789,0.0,0.0
2026-09-09 06:40:00-04:00,29418.0,29421.25,29396.25,29397.5,661,0.0,0.0
2026-09-09 06:45:00-04:00,29397.5,29402.5,29379.25,29389.0,1070,0.0,0.0
2026-09-09 06:50:00-04:00,29389.5,29399.25,29368.25,29391.0,1283,0.0,0.0
2026-09-09 06:55:00-04:00,29390.5,29405.0,29384.0,29391.5,994,0.0,0.0
2026-09-09 07:00:00-04:00,29392.0,29405.5,29378.0,29394.5,1333,0.0,0.0
2026-09-09 07:05:00-04:00,29394.25,29415.5,29386.5,29415.5,801,0.0,0.0
2026-09-09 07:10:00-04:00,29415.75,29430.25,29405.25,29407.25,891,0.0,0.0
2026-09-09 07:15:00-04:00,29409.5,29410.0,29377.75,29392.5,1154,0.0,0.0
2026-09-09 07:20:00-04:00,29392.5,29425.25,29380.0,29424.75,783,0.0,0.0
2026-09-09 07:25:00-04:00,29424.5,29430.5,29413.5,29418.5,680,0.0,0.0
2026-09-09 07:30:00-04:00,29418.0,29419.25,29392.5,29394.0,744,0.0,0.0
2026-09-09 07:35:00-04:00,29392.25,29401.0,29387.25,29400.0,617,0.0,0.0
2026-09-09 07:40:00-04:00,29399.75,29403.25,29376.5,29377.5,968,0.0,0.0
2026-09-09 07:45:00-04:00,29378.5,29440.0,29376.75,29434.75,2215,0.0,0.0
2026-09-09 07:50:00-04:00,29433.5,29452.0,29413.75,29416.5,2192,0.0,0.0
2026-09-09 07:55:00-04:00,29416.5,29416.5,29392.0,29396.75,882,0.0,0.0
2026-09-09 08:00:00-04:00,29397.0,29400.5,29367.0,29372.5,1480,0.0,0.0
2026-09-09 08:05:00-04:00,29372.5,29380.5,29358.75,29366.25,1505,0.0,0.0
2026-09-09 08:10:00-04:00,29365.75,29366.75,29334.75,29337.0,2060,0.0,0.0
2026-09-09 08:15:00-04:00,29337.25,29353.75,29333.0,29344.25,1672,0.0,0.0
2026-09-09 08:20:00-04:00,29345.25,29366.5,29343.75,29357.75,1039,0.0,0.0
2026-09-09 08:25:00-04:00,29358.5,29366.5,29351.5,29351.75,761,0.0,0.0
2026-09-09 08:30:00-04:00,29351.75,29382.0,29343.5,29377.0,1493,0.0,0.0
2026-09-09 08:35:00-04:00,29377.25,29384.25,29370.5,29380.25,947,0.0,0.0
2026-09-09 08:40:00-04:00,29379.25,29384.0,29371.5,29381.75,909,0.0,0.0
2026-09-09 08:45:00-04:00,29381.25,29402.0,29381.25,29401.0,1315,0.0,0.0
2026-09-09 08:50:00-04:00,29400.75,29404.0,29384.5,29386.25,960,0.0,0.0
2026-09-09 08:55:00-04:00,29385.5,29400.0,29384.25,29390.5,853,0.0,0.0
2026-09-09 09:00:00-04:00,29390.75,29408.0,29382.5,29403.25,1346,0.0,0.0
2026-09-09 09:05:00-04:00,29404.0,29405.5,29395.75,29398.25,1121,0.0,0.0
2026-09-09 09:10:00-04:00,29398.5,29408.5,29394.5,29403.75,987,0.0,0.0
2026-09-09 09:15:00-04:00,29403.0,29416.0,29398.75,29414.5,1029,0.0,0.0
2026-09-09 09:20:00-04:00,29414.75,29419.25,29408.25,29418.0,1164,0.0,0.0
2026-09-09 09:25:00-04:00,29419.0,29458.5,29419.0,29454.5,4088,0.0,0.0
2026-09-09 09:30:00-04:00,29455.0,29498.75,29418.25,29478.75,18717,0.0,0.0
2026-09-09 09:35:00-04:00,29478.25,29499.25,29467.25,29483.25,9735,0.0,0.0
2026-09-09 09:40:00-04:00,29482.75,29503.75,29461.75,29478.75,8503,0.0,0.0
2026-09-09 09:45:00-04:00,29479.0,29513.75,29456.5,29499.5,11002,0.0,0.0
2026-09-09 09:50:00-04:00,29500.25,29523.75,29483.25,29517.5,7013,0.0,0.0
2026-09-09 09:55:00-04:00,29518.25,29567.25,29513.0,29558.5,9013,0.0,0.0
2026-09-09 10:00:00-04:00,29558.25,29586.75,29531.25,29578.0,8982,0.0,0.0
2026-09-09 10:05:00-04:00,29578.25,29593.75,29561.25,29572.25,6898,0.0,0.0
2026-09-09 10:10:00-04:00,29572.5,29582.25,29543.75,29562.25,5761,0.0,0.0
2026-09-09 10:15:00-04:00,29561.25,29561.75,29488.5,29500.0,10005,0.0,0.0
2026-09-09 10:20:00-04:00,29500.5,29507.75,29460.0,29462.25,8486,0.0,0.0
2026-09-09 10:25:00-04:00,29462.0,29537.75,29459.5,29535.5,8695,0.0,0.0
2026-09-09 10:30:00-04:00,29535.0,29537.0,29500.0,29519.5,5357,0.0,0.0
2026-09-09 10:35:00-04:00,29519.25,29530.25,29494.25,29524.25,4774,0.0,0.0
2026-09-09 10:40:00-04:00,29524.0,29543.5,29511.25,29537.5,4275,0.0,0.0
2026-09-09 10:45:00-04:00,29537.25,29541.75,29518.0,29538.5,3235,0.0,0.0
2026-09-09 10:50:00-04:00,29538.5,29541.0,29500.0,29506.5,4951,0.0,0.0
2026-09-09 10:55:00-04:00,29506.75,29538.25,29503.75,29528.25,3628,0.0,0.0
2026-09-09 11:00:00-04:00,29528.75,29562.25,29481.75,29492.0,10095,0.0,0.0
2026-09-09 11:05:00-04:00,29493.0,29506.0,29434.0,29441.75,7956,0.0,0.0
2026-09-09 11:10:00-04:00,29441.25,29448.0,29386.25,29399.0,11057,0.0,0.0
2026-09-09 11:15:00-04:00,29398.5,29451.75,29391.0,29444.25,7869,0.0,0.0
2026-09-09 11:20:00-04:00,29443.75,29454.5,29358.0,29363.75,8594,0.0,0.0
2026-09-09 11:25:00-04:00,29364.0,29394.25,29359.5,29390.5,6091,0.0,0.0
2026-09-09 11:30:00-04:00,29390.25,29435.25,29388.0,29434.25,6361,0.0,0.0
2026-09-09 11:35:00-04:00,29433.5,29475.0,29405.75,29469.5,7721,0.0,0.0
2026-09-09 11:40:00-04:00,29469.0,29482.5,29424.75,29438.0,6576,0.0,0.0
2026-09-09 11:45:00-04:00,29438.75,29442.5,29424.25,29436.25,2532,0.0,0.0
2026-09-09 11:50:00-04:00,29436.25,29467.0,29436.25,29465.0,3525,0.0,0.0
2026-09-09 11:55:00-04:00,29465.75,29466.0,29427.25,29448.0,3937,0.0,0.0
2026-09-09 12:00:00-04:00,29448.25,29458.5,29441.0,29456.0,2518,0.0,0.0
2026-09-09 12:05:00-04:00,29456.0,29462.0,29413.25,29414.25,3645,0.0,0.0
2026-09-09 12:10:00-04:00,29414.0,29434.75,29410.75,29414.75,2779,0.0,0.0
2026-09-09 12:15:00-04:00,29414.25,29416.25,29397.75,29403.75,3009,0.0,0.0
2026-09-09 12:20:00-04:00,29403.25,29413.75,29394.5,29413.5,2468,0.0,0.0
2026-09-09 12:25:00-04:00,29413.5,29416.75,29386.75,29399.5,3542,0.0,0.0
2026-09-09 12:30:00-04:00,29399.75,29436.5,29397.75,29431.75,3356,0.0,0.0
2026-09-09 12:35:00-04:00,29431.75,29444.5,29422.75,29443.0,2681,0.0,0.0
2026-09-09 12:40:00-04:00,29443.5,29455.5,29436.0,29455.0,3180,0.0,0.0
2026-09-09 12:45:00-04:00,29454.75,29462.75,29441.0,29454.75,2795,0.0,0.0
2026-09-09 12:50:00-04:00,29454.75,29478.0,29454.5,29462.5,3982,0.0,0.0
2026-09-09 12:55:00-04:00,29462.5,29470.5,29455.25,29458.0,2705,0.0,0.0
2026-09-09 13:00:00-04:00,29457.5,29482.5,29446.0,29448.25,4776,0.0,0.0
2026-09-09 13:05:00-04:00,29448.75,29468.25,29448.75,29457.0,1957,0.0,0.0
2026-09-09 13:10:00-04:00,29456.5,29481.0,29453.25,29476.25,2419,0.0,0.0
2026-09-09 13:15:00-04:00,29476.5,29483.75,29460.5,29460.75,2605,0.0,0.0
2026-09-09 13:20:00-04:00,29461.0,29470.5,29454.5,29470.5,1919,0.0,0.0
2026-09-09 13:25:00-04:00,29470.0,29470.75,29449.5,29450.25,1667,0.0,0.0
2026-09-09 13:30:00-04:00,29450.75,29462.0,29441.5,29452.75,2675,0.0,0.0
2026-09-09 13:35:00-04:00,29452.75,29457.25,29428.25,29433.25,1882,0.0,0.0
2026-09-09 13:40:00-04:00,29433.25,29457.75,29432.5,29455.25,1937,0.0,0.0
2026-09-09 13:45:00-04:00,29455.75,29473.25,29455.75,29470.75,2136,0.0,0.0
2026-09-09 13:50:00-04:00,29470.75,29483.0,29462.5,29481.0,1822,0.0,0.0
2026-09-09 13:55:00-04:00,29480.75,29483.5,29467.75,29468.75,1824,0.0,0.0
2026-09-09 14:00:00-04:00,29468.25,29471.75,29463.25,29468.0,1367,0.0,0.0
2026-09-09 14:05:00-04:00,29467.5,29468.75,29451.25,29454.0,1673,0.0,0.0
2026-09-09 14:10:00-04:00,29453.75,29456.5,29441.25,29442.25,1667,0.0,0.0
2026-09-09 14:15:00-04:00,29441.25,29452.0,29436.75,29444.5,2693,0.0,0.0
2026-09-09 14:20:00-04:00,29445.0,29460.5,29443.5,29458.75,2153,0.0,0.0
2026-09-09 14:25:00-04:00,29458.5,29462.25,29446.25,29453.5,1656,0.0,0.0
2026-09-09 14:30:00-04:00,29453.5,29461.75,29445.75,29454.0,2000,0.0,0.0
2026-09-09 14:35:00-04:00,29454.25,29463.5,29453.0,29460.75,1379,0.0,0.0
2026-09-09 14:40:00-04:00,29460.0,29469.5,29460.0,29466.75,1821,0.0,0.0
2026-09-09 14:45:00-04:00,29466.25,29469.5,29457.0,29459.5,1367,0.0,0.0
2026-09-09 14:50:00-04:00,29460.0,29473.75,29458.25,29470.0,1889,0.0,0.0
2026-09-09 14:55:00-04:00,29470.5,29474.0,29446.25,29447.5,2765,0.0,0.0
2026-09-09 15:00:00-04:00,29448.0,29451.75,29430.5,29435.75,2776,0.0,0.0
2026-09-09 15:05:00-04:00,29435.0,29454.75,29433.5,29451.75,2117,0.0,0.0
2026-09-09 15:10:00-04:00,29452.25,29455.25,29447.5,29449.0,1317,0.0,0.0
2026-09-09 15:15:00-04:00,29449.5,29470.5,29449.5,29467.75,1673,0.0,0.0
2026-09-09 15:20:00-04:00,29467.5,29471.25,29458.5,29465.5,1461,0.0,0.0
2026-09-09 15:25:00-04:00,29465.0,29469.5,29451.5,29451.5,1432,0.0,0.0
2026-09-09 15:30:00-04:00,29452.25,29457.5,29445.5,29450.25,1554,0.0,0.0
2026-09-09 15:35:00-04:00,29450.25,29451.75,29439.75,29442.5,1858,0.0,0.0
2026-09-09 15:40:00-04:00,29442.25,29448.0,29436.75,29447.0,2257,0.0,0.0
2026-09-09 15:45:00-04:00,29447.25,29451.75,29439.0,29449.75,2711,0.0,0.0
2026-09-09 15:50:00-04:00,29450.0,29452.25,29432.75,29441.5,5329,0.0,0.0
2026-09-09 15:55:00-04:00,29442.0,29458.5,29423.25,29454.5,12796,0.0,0.0
2026-09-09 16:00:00-04:00,29455.0,29459.25,29428.75,29440.75,5373,0.0,0.0
2026-09-09 16:05:00-04:00,29440.75,29451.0,29438.75,29449.75,1259,0.0,0.0
2026-09-09 16:10:00-04:00,29450.0,29456.5,29446.0,29451.25,1635,0.0,0.0
2026-09-09 16:15:00-04:00,29451.5,29453.25,29448.25,29451.5,620,0.0,0.0
2026-09-09 16:20:00-04:00,29452.0,29454.5,29450.0,29454.25,357,0.0,0.0
2026-09-09 16:25:00-04:00,29454.5,29454.75,29449.25,29450.0,328,0.0,0.0
2026-09-09 16:30:00-04:00,29449.75,29453.5,29447.25,29453.5,364,0.0,0.0
2026-09-09 16:35:00-04:00,29453.5,29458.75,29453.25,29456.25,364,0.0,0.0
2026-09-09 16:40:00-04:00,29457.0,29459.0,29451.75,29454.5,393,0.0,0.0
2026-09-09 16:45:00-04:00,29455.0,29456.25,29453.5,29454.25,308,0.0,0.0
2026-09-09 16:50:00-04:00,29454.5,29454.5,29449.0,29452.25,452,0.0,0.0
2026-09-09 16:55:00-04:00,29452.75,29460.0,29450.25,29460.0,403,0.0,0.0
2026-09-09 18:00:00-04:00,29458.5,29472.75,29431.75,29436.0,0,0.0,0.0
2026-09-09 18:05:00-04:00,29434.75,29441.5,29426.0,29435.25,383,0.0,0.0
2026-09-09 18:10:00-04:00,29435.5,29441.0,29425.5,29428.75,412,0.0,0.0
2026-09-09 18:15:00-04:00,29428.75,29430.0,29423.75,29425.75,250,0.0,0.0
2026-09-09 18:20:00-04:00,29427.0,29433.0,29424.5,29429.0,221,0.0,0.0
2026-09-09 18:25:00-04:00,29430.5,29434.0,29426.5,29429.0,174,0.0,0.0
2026-09-09 18:30:00-04:00,29429.5,29437.0,29428.75,29432.0,143,0.0,0.0
2026-09-09 18:35:00-04:00,29434.25,29437.5,29432.0,29433.75,79,0.0,0.0
2026-09-09 18:40:00-04:00,29434.75,29435.5,29432.5,29433.75,87,0.0,0.0
2026-09-09 18:45:00-04:00,29434.0,29438.0,29432.25,29434.0,127,0.0,0.0
2026-09-09 18:50:00-04:00,29433.75,29433.75,29427.5,29428.25,148,0.0,0.0
2026-09-09 18:55:00-04:00,29428.75,29432.0,29425.75,29431.5,79,0.0,0.0
2026-09-09 19:00:00-04:00,29430.5,29432.75,29425.25,29429.25,133,0.0,0.0
2026-09-09 19:05:00-04:00,29430.25,29430.5,29420.0,29423.5,192,0.0,0.0
2026-09-09 19:10:00-04:00,29424.25,29425.0,29419.25,29422.0,233,0.0,0.0
2026-09-09 19:15:00-04:00,29421.25,29435.0,29416.25,29429.5,402,0.0,0.0
2026-09-09 19:20:00-04:00,29427.75,29430.25,29423.75,29427.5,169,0.0,0.0
2026-09-09 19:25:00-04:00,29426.0,29428.0,29420.5,29427.5,191,0.0,0.0
2026-09-09 19:30:00-04:00,29428.75,29431.0,29426.25,29426.75,121,0.0,0.0
2026-09-09 19:35:00-04:00,29426.25,29429.0,29425.0,29428.0,66,0.0,0.0
2026-09-09 19:40:00-04:00,29427.75,29431.5,29425.0,29429.75,103,0.0,0.0
2026-09-09 19:45:00-04:00,29432.0,29435.5,29428.25,29435.25,316,0.0,0.0
2026-09-09 19:50:00-04:00,29433.5,29470.75,29432.5,29468.25,998,0.0,0.0
2026-09-09 19:55:00-04:00,29467.25,29467.5,29453.25,29463.5,449,0.0,0.0
2026-09-09 20:00:00-04:00,29464.5,29472.25,29453.25,29471.75,735,0.0,0.0
2026-09-09 20:05:00-04:00,29470.25,29480.25,29469.25,29473.0,624,0.0,0.0
2026-09-09 20:10:00-04:00,29472.25,29478.75,29440.75,29449.5,1020,0.0,0.0
2026-09-09 20:15:00-04:00,29449.75,29475.0,29448.5,29464.5,949,0.0,0.0
2026-09-09 20:20:00-04:00,29466.75,29473.75,29459.25,29463.75,449,0.0,0.0
2026-09-09 20:25:00-04:00,29464.5,29477.75,29454.5,29473.75,585,0.0,0.0
2026-09-09 20:30:00-04:00,29474.0,29475.75,29455.0,29460.25,455,0.0,0.0
2026-09-09 20:35:00-04:00,29459.0,29464.0,29453.5,29456.5,386,0.0,0.0
2026-09-09 20:40:00-04:00,29456.0,29458.75,29441.75,29456.5,750,0.0,0.0
2026-09-09 20:45:00-04:00,29456.25,29456.25,29435.0,29438.5,860,0.0,0.0
2026-09-09 20:50:00-04:00,29438.0,29438.75,29422.5,29428.75,835,0.0,0.0
2026-09-09 20:55:00-04:00,29428.5,29428.5,29408.0,29412.0,938,0.0,0.0
2026-09-09 21:00:00-04:00,29413.5,29426.25,29404.75,29414.5,897,0.0,0.0
2026-09-09 21:05:00-04:00,29414.25,29424.75,29403.0,29410.75,841,0.0,0.0
2026-09-09 21:10:00-04:00,29410.5,29414.75,29389.0,29399.75,1024,0.0,0.0
2026-09-09 21:15:00-04:00,29400.25,29414.25,29390.5,29413.75,861,0.0,0.0
2026-09-09 21:20:00-04:00,29414.25,29415.25,29381.25,29388.5,1185,0.0,0.0
2026-09-09 21:25:00-04:00,29388.0,29393.0,29372.5,29375.75,790,0.0,0.0
2026-09-09 21:30:00-04:00,29374.25,29384.0,29366.0,29367.5,782,0.0,0.0
2026-09-09 21:35:00-04:00,29367.25,29382.5,29364.0,29382.0,579,0.0,0.0
2026-09-09 21:40:00-04:00,29381.75,29404.25,29381.0,29400.5,977,0.0,0.0
2026-09-09 21:45:00-04:00,29399.75,29417.25,29394.25,29411.75,986,0.0,0.0
2026-09-09 21:50:00-04:00,29412.25,29416.5,29385.0,29386.25,714,0.0,0.0
2026-09-09 21:55:00-04:00,29387.5,29413.25,29387.0,29410.5,570,0.0,0.0
2026-09-09 22:00:00-04:00,29411.0,29411.0,29396.25,29400.25,472,0.0,0.0
2026-09-09 22:05:00-04:00,29401.25,29412.0,29393.25,29395.0,513,0.0,0.0
2026-09-09 22:10:00-04:00,29395.0,29397.75,29376.25,29395.5,784,0.0,0.0
2026-09-09 22:15:00-04:00,29395.5,29396.25,29374.25,29378.75,506,0.0,0.0
2026-09-09 22:20:00-04:00,29378.25,29392.75,29377.75,29387.5,377,0.0,0.0
2026-09-09 22:25:00-04:00,29388.0,29388.25,29373.0,29378.5,328,0.0,0.0
2026-09-09 22:30:00-04:00,29379.0,29398.0,29376.0,29396.25,338,0.0,0.0
2026-09-09 22:35:00-04:00,29397.0,29414.25,29393.25,29412.0,602,0.0,0.0
2026-09-09 22:40:00-04:00,29412.0,29422.25,29408.75,29414.75,547,0.0,0.0
2026-09-09 22:45:00-04:00,29413.75,29421.5,29406.25,29412.25,582,0.0,0.0
2026-09-09 22:50:00-04:00,29411.5,29423.25,29411.5,29420.75,290,0.0,0.0
2026-09-09 22:55:00-04:00,29419.5,29419.5,29410.75,29418.25,220,0.0,0.0
2026-09-09 23:00:00-04:00,29418.75,29434.75,29416.75,29431.75,604,0.0,0.0
2026-09-09 23:05:00-04:00,29430.0,29431.25,29423.5,29429.5,234,0.0,0.0
2026-09-09 23:10:00-04:00,29430.25,29437.0,29418.75,29420.5,449,0.0,0.0
2026-09-09 23:15:00-04:00,29420.5,29425.25,29416.0,29421.5,247,0.0,0.0
2026-09-09 23:20:00-04:00,29422.0,29428.75,29399.25,29401.0,767,0.0,0.0
2026-09-09 23:25:00-04:00,29400.75,29407.5,29388.25,29405.25,530,0.0,0.0
2026-09-09 23:30:00-04:00,29404.75,29413.25,29401.25,29407.25,395,0.0,0.0
2026-09-09 23:35:00-04:00,29407.5,29408.0,29392.25,29405.75,343,0.0,0.0
2026-09-09 23:40:00-04:00,29404.25,29416.0,29404.25,29413.0,272,0.0,0.0
2026-09-09 23:45:00-04:00,29415.0,29431.0,29411.75,29428.25,449,0.0,0.0
2026-09-09 23:50:00-04:00,29426.5,29426.5,29415.25,29422.5,379,0.0,0.0
2026-09-09 23:55:00-04:00,29422.75,29427.75,29419.0,29424.5,182,0.0,0.0
2026-09-10 00:05:00-04:00,29427.25,29428.25,29423.0,29426.25,882,0.0,0.0
2026-09-10 00:10:00-04:00,29426.75,29431.25,29424.5,29428.0,205,0.0,0.0
2026-09-10 00:15:00-04:00,29428.25,29432.75,29424.75,29428.75,267,0.0,0.0
2026-09-10 00:20:00-04:00,29427.5,29433.75,29423.5,29430.5,213,0.0,0.0
2026-09-10 00:25:00-04:00,29431.5,29437.5,29427.5,29434.5,208,0.0,0.0
2026-09-10 00:30:00-04:00,29433.75,29437.25,29431.0,29436.75,218,0.0,0.0
2026-09-10 00:35:00-04:00,29436.5,29444.25,29432.75,29444.25,333,0.0,0.0
2026-09-10 00:40:00-04:00,29444.25,29447.25,29432.25,29434.75,341,0.0,0.0
2026-09-10 00:45:00-04:00,29434.25,29446.75,29432.5,29443.75,329,0.0,0.0
2026-09-10 00:50:00-04:00,29444.25,29462.5,29444.25,29454.0,650,0.0,0.0
2026-09-10 00:55:00-04:00,29453.5,29461.25,29448.5,29458.75,251,0.0,0.0
2026-09-10 01:00:00-04:00,29459.5,29469.75,29454.25,29455.0,539,0.0,0.0
2026-09-10 01:05:00-04:00,29455.0,29458.0,29448.5,29452.5,346,0.0,0.0
2026-09-10 01:10:00-04:00,29452.0,29462.5,29448.5,29461.75,287,0.0,0.0
2026-09-10 01:15:00-04:00,29460.5,29461.0,29454.75,29460.75,224,0.0,0.0
2026-09-10 01:20:00-04:00,29460.0,29465.5,29456.25,29463.25,270,0.0,0.0
2026-09-10 01:25:00-04:00,29464.25,29493.5,29463.5,29490.25,1217,0.0,0.0
2026-09-10 01:30:00-04:00,29491.0,29496.25,29481.25,29490.5,490,0.0,0.0
2026-09-10 01:35:00-04:00,29490.75,29498.5,29481.0,29482.75,412,0.0,0.0
2026-09-10 01:40:00-04:00,29482.25,29491.0,29482.0,29487.5,205,0.0,0.0
2026-09-10 01:45:00-04:00,29487.5,29508.25,29487.5,29491.0,487,0.0,0.0
2026-09-10 01:50:00-04:00,29491.5,29491.75,29473.0,29474.0,521,0.0,0.0
2026-09-10 01:55:00-04:00,29473.5,29487.5,29465.0,29484.75,538,0.0,0.0
2026-09-10 02:00:00-04:00,29484.0,29492.5,29473.0,29475.0,693,0.0,0.0
2026-09-10 02:05:00-04:00,29473.5,29474.25,29458.25,29459.25,629,0.0,0.0
2026-09-10 02:10:00-04:00,29461.0,29466.25,29453.25,29455.5,430,0.0,0.0
2026-09-10 02:15:00-04:00,29455.75,29460.5,29439.75,29442.25,631,0.0,0.0
2026-09-10 02:20:00-04:00,29442.0,29451.5,29435.25,29447.25,629,0.0,0.0
2026-09-10 02:25:00-04:00,29448.75,29473.0,29443.5,29472.0,885,0.0,0.0
2026-09-10 02:30:00-04:00,29473.5,29484.25,29468.5,29470.75,578,0.0,0.0
2026-09-10 02:35:00-04:00,29470.75,29488.5,29469.0,29488.5,301,0.0,0.0
2026-09-10 02:40:00-04:00,29488.75,29488.75,29476.75,29479.0,315,0.0,0.0
2026-09-10 02:45:00-04:00,29479.75,29490.5,29478.25,29489.0,271,0.0,0.0
2026-09-10 02:50:00-04:00,29488.75,29491.25,29471.5,29473.75,490,0.0,0.0
2026-09-10 02:55:00-04:00,29474.0,29476.75,29466.75,29476.25,392,0.0,0.0
2026-09-10 03:00:00-04:00,29476.75,29478.25,29454.0,29455.0,563,0.0,0.0
2026-09-10 03:05:00-04:00,29455.75,29469.75,29450.75,29465.0,488,0.0,0.0
2026-09-10 03:10:00-04:00,29465.25,29476.25,29462.25,29470.0,327,0.0,0.0
2026-09-10 03:15:00-04:00,29471.0,29473.0,29459.5,29468.0,233,0.0,0.0
2026-09-10 03:20:00-04:00,29467.75,29471.5,29459.25,29463.0,398,0.0,0.0
2026-09-10 03:25:00-04:00,29462.75,29464.5,29433.0,29435.25,556,0.0,0.0
2026-09-10 03:30:00-04:00,29434.75,29438.75,29417.25,29426.25,839,0.0,0.0
2026-09-10 03:35:00-04:00,29426.5,29438.75,29421.75,29423.5,420,0.0,0.0
2026-09-10 03:40:00-04:00,29423.0,29445.5,29421.0,29444.75,371,0.0,0.0
2026-09-10 03:45:00-04:00,29443.75,29450.0,29436.5,29444.5,427,0.0,0.0
2026-09-10 03:50:00-04:00,29444.5,29455.5,29442.5,29449.5,552,0.0,0.0
2026-09-10 03:55:00-04:00,29449.75,29455.25,29445.0,29445.0,203,0.0,0.0
2026-09-10 04:00:00-04:00,29443.75,29460.25,29437.0,29447.25,989,0.0,0.0
2026-09-10 04:05:00-04:00,29447.5,29458.0,29438.75,29443.75,382,0.0,0.0
2026-09-10 04:10:00-04:00,29444.75,29454.75,29431.0,29432.25,380,0.0,0.0
2026-09-10 04:15:00-04:00,29433.5,29437.0,29424.5,29435.0,425,0.0,0.0
2026-09-10 04:20:00-04:00,29434.5,29451.75,29433.0,29445.25,475,0.0,0.0
2026-09-10 04:25:00-04:00,29445.25,29453.25,29437.75,29449.5,266,0.0,0.0
2026-09-10 04:30:00-04:00,29449.0,29457.0,29427.5,29428.5,618,0.0,0.0
2026-09-10 04:35:00-04:00,29428.25,29448.0,29428.25,29439.0,441,0.0,0.0
2026-09-10 04:40:00-04:00,29437.75,29441.25,29413.0,29416.75,713,0.0,0.0
2026-09-10 04:45:00-04:00,29417.75,29428.0,29412.25,29413.5,424,0.0,0.0
2026-09-10 04:50:00-04:00,29414.25,29416.75,29406.0,29413.5,472,0.0,0.0
2026-09-10 04:55:00-04:00,29415.0,29415.25,29405.25,29414.0,254,0.0,0.0
2026-09-10 05:00:00-04:00,29412.5,29431.0,29406.75,29429.0,511,0.0,0.0
2026-09-10 05:05:00-04:00,29428.0,29429.5,29409.0,29413.0,260,0.0,0.0
2026-09-10 05:10:00-04:00,29412.25,29423.25,29411.0,29415.5,252,0.0,0.0
2026-09-10 05:15:00-04:00,29416.75,29419.25,29407.75,29416.0,145,0.0,0.0
2026-09-10 05:20:00-04:00,29416.75,29419.75,29407.0,29407.5,265,0.0,0.0
2026-09-10 05:25:00-04:00,29407.25,29409.75,29392.5,29397.0,576,0.0,0.0
2026-09-10 05:30:00-04:00,29395.5,29396.0,29373.0,29385.5,756,0.0,0.0
2026-09-10 05:35:00-04:00,29385.0,29386.5,29372.5,29373.5,470,0.0,0.0
2026-09-10 05:40:00-04:00,29372.75,29392.25,29359.25,29391.75,939,0.0,0.0
2026-09-10 05:45:00-04:00,29390.75,29406.75,29390.75,29401.75,582,0.0,0.0
2026-09-10 05:50:00-04:00,29402.25,29420.0,29397.0,29411.0,648,0.0,0.0
2026-09-10 05:55:00-04:00,29410.5,29414.5,29400.5,29406.5,311,0.0,0.0
2026-09-10 06:00:00-04:00,29405.75,29418.0,29394.5,29408.25,513,0.0,0.0
2026-09-10 06:05:00-04:00,29410.25,29412.5,29388.75,29395.0,385,0.0,0.0
2026-09-10 06:10:00-04:00,29395.5,29402.25,29389.5,29396.5,283,0.0,0.0
2026-09-10 06:15:00-04:00,29394.5,29400.25,29393.75,29396.0,345,0.0,0.0
2026-09-10 06:20:00-04:00,29394.5,29402.0,29389.0,29394.25,320,0.0,0.0
2026-09-10 06:25:00-04:00,29394.25,29409.75,29385.25,29391.0,438,0.0,0.0
2026-09-10 06:30:00-04:00,29391.0,29391.75,29363.5,29366.5,640,0.0,0.0
2026-09-10 06:35:00-04:00,29368.25,29396.25,29366.75,29393.75,646,0.0,0.0
2026-09-10 06:40:00-04:00,29394.5,29404.5,29391.5,29392.25,341,0.0,0.0
2026-09-10 06:45:00-04:00,29392.0,29393.0,29380.5,29389.25,324,0.0,0.0
2026-09-10 06:50:00-04:00,29390.5,29393.25,29368.0,29368.0,400,0.0,0.0
2026-09-10 06:55:00-04:00,29367.75,29423.75,29363.75,29376.0,2046,0.0,0.0
2026-09-10 07:00:00-04:00,29375.0,29376.0,29326.75,29347.25,1826,0.0,0.0
2026-09-10 07:05:00-04:00,29347.5,29354.0,29331.0,29338.25,887,0.0,0.0
2026-09-10 07:10:00-04:00,29338.25,29348.75,29327.75,29343.25,633,0.0,0.0
2026-09-10 07:15:00-04:00,29343.25,29349.25,29335.0,29338.5,576,0.0,0.0
2026-09-10 07:20:00-04:00,29338.25,29346.25,29331.5,29342.75,597,0.0,0.0
2026-09-10 07:25:00-04:00,29344.5,29344.75,29335.0,29336.0,260,0.0,0.0
2026-09-10 07:30:00-04:00,29337.5,29362.0,29335.75,29358.0,639,0.0,0.0
2026-09-10 07:35:00-04:00,29357.5,29364.0,29351.25,29358.25,531,0.0,0.0
2026-09-10 07:40:00-04:00,29356.75,29358.0,29339.5,29345.75,514,0.0,0.0
2026-09-10 07:45:00-04:00,29345.5,29352.5,29315.5,29316.5,879,0.0,0.0
2026-09-10 07:50:00-04:00,29317.0,29318.25,29290.0,29300.0,1889,0.0,0.0
2026-09-10 07:55:00-04:00,29298.5,29298.5,29262.75,29264.5,2144,0.0,0.0
2026-09-10 08:00:00-04:00,29264.25,29278.25,29242.25,29247.0,2458,0.0,0.0
2026-09-10 08:05:00-04:00,29248.0,29254.75,29236.0,29237.5,1446,0.0,0.0
2026-09-10 08:10:00-04:00,29237.75,29264.25,29232.75,29258.25,1364,0.0,0.0
2026-09-10 08:15:00-04:00,29260.0,29262.75,29227.5,29234.75,1649,0.0,0.0
2026-09-10 08:20:00-04:00,29234.75,29236.5,29216.75,29220.75,1771,0.0,0.0
2026-09-10 08:25:00-04:00,29219.0,29250.0,29211.0,29237.5,1507,0.0,0.0
2026-09-10 08:30:00-04:00,29229.0,29251.75,29106.75,29110.25,8247,0.0,0.0
2026-09-10 08:35:00-04:00,29110.5,29140.75,29100.0,29110.5,5395,0.0,0.0
2026-09-10 08:40:00-04:00,29111.25,29113.5,29082.0,29102.5,4926,0.0,0.0
2026-09-10 08:45:00-04:00,29103.75,29106.0,29075.5,29101.0,3851,0.0,0.0
2026-09-10 08:50:00-04:00,29100.0,29105.0,29067.0,29081.0,4073,0.0,0.0
2026-09-10 08:55:00-04:00,29080.25,29082.0,29043.25,29056.5,3776,0.0,0.0
2026-09-10 09:00:00-04:00,29058.0,29098.25,29054.75,29092.5,4103,0.0,0.0
2026-09-10 09:05:00-04:00,29093.5,29095.75,29058.5,29071.25,3322,0.0,0.0
2026-09-10 09:10:00-04:00,29070.5,29091.0,29067.75,29068.75,2424,0.0,0.0
2026-09-10 09:15:00-04:00,29069.0,29080.75,29052.25,29066.0,2821,0.0,0.0
2026-09-10 09:20:00-04:00,29067.0,29074.75,29054.0,29056.5,1933,0.0,0.0
2026-09-10 09:25:00-04:00,29056.75,29090.25,29043.75,29089.0,5078,0.0,0.0
2026-09-10 09:30:00-04:00,29089.5,29123.25,29057.5,29098.25,20960,0.0,0.0
2026-09-10 09:35:00-04:00,29098.25,29185.5,29088.75,29178.5,15962,0.0,0.0
2026-09-10 09:40:00-04:00,29179.0,29200.0,29133.0,29138.0,15883,0.0,0.0
2026-09-10 09:45:00-04:00,29138.25,29203.25,29131.75,29186.0,12429,0.0,0.0
2026-09-10 09:50:00-04:00,29186.0,29187.0,29102.5,29105.75,10622,0.0,0.0
2026-09-10 09:55:00-04:00,29106.25,29124.0,29088.5,29099.75,8691,0.0,0.0
2026-09-10 10:00:00-04:00,29099.5,29178.75,29097.25,29148.75,10123,0.0,0.0
2026-09-10 10:05:00-04:00,29148.5,29156.75,29106.75,29136.5,7565,0.0,0.0
2026-09-10 10:10:00-04:00,29137.0,29169.75,29118.75,29139.75,8529,0.0,0.0
2026-09-10 10:15:00-04:00,29139.5,29162.25,29111.0,29156.75,7867,0.0,0.0
2026-09-10 10:20:00-04:00,29157.25,29263.0,29152.5,29230.0,13655,0.0,0.0
2026-09-10 10:25:00-04:00,29229.5,29255.75,29195.5,29205.75,12324,0.0,0.0
2026-09-10 10:30:00-04:00,29206.25,29241.25,29204.75,29219.0,6370,0.0,0.0
2026-09-10 10:35:00-04:00,29219.25,29275.0,29219.25,29261.5,7650,0.0,0.0
2026-09-10 10:40:00-04:00,29261.0,29269.75,29222.5,29237.25,6390,0.0,0.0
2026-09-10 10:45:00-04:00,29236.0,29250.75,29212.5,29228.5,5496,0.0,0.0
2026-09-10 10:50:00-04:00,29227.75,29246.5,29210.0,29244.5,5715,0.0,0.0
2026-09-10 10:55:00-04:00,29244.25,29264.75,29229.75,29263.25,5146,0.0,0.0
2026-09-10 11:00:00-04:00,29263.25,29265.0,29214.0,29227.0,6746,0.0,0.0
2026-09-10 11:05:00-04:00,29227.0,29254.5,29221.75,29224.75,3874,0.0,0.0
2026-09-10 11:10:00-04:00,29224.75,29260.5,29224.25,29243.75,5285,0.0,0.0
2026-09-10 11:15:00-04:00,29243.25,29250.0,29208.25,29223.25,4185,0.0,0.0
2026-09-10 11:20:00-04:00,29223.25,29235.75,29197.5,29233.5,4788,0.0,0.0
2026-09-10 11:25:00-04:00,29232.75,29256.0,29223.75,29236.0,4397,0.0,0.0
2026-09-10 11:30:00-04:00,29236.75,29249.75,29217.25,29242.5,4598,0.0,0.0
2026-09-10 11:35:00-04:00,29242.75,29272.75,29227.5,29242.0,4457,0.0,0.0
2026-09-10 11:40:00-04:00,29241.0,29254.75,29229.0,29251.5,3058,0.0,0.0
2026-09-10 11:45:00-04:00,29251.25,29256.75,29214.5,29231.25,3910,0.0,0.0
2026-09-10 11:50:00-04:00,29230.25,29240.0,29204.25,29205.0,4259,0.0,0.0
2026-09-10 11:55:00-04:00,29205.5,29214.25,29186.0,29205.0,4951,0.0,0.0
2026-09-10 12:00:00-04:00,29205.0,29231.5,29197.5,29204.75,4191,0.0,0.0
2026-09-10 12:05:00-04:00,29204.0,29213.0,29180.5,29182.25,3135,0.0,0.0
2026-09-10 12:10:00-04:00,29182.25,29193.75,29165.75,29181.25,3902,0.0,0.0
2026-09-10 12:15:00-04:00,29180.5,29202.0,29169.5,29175.5,3672,0.0,0.0
2026-09-10 12:20:00-04:00,29176.0,29191.0,29174.25,29180.0,2420,0.0,0.0
2026-09-10 12:25:00-04:00,29179.75,29183.75,29161.75,29177.0,2736,0.0,0.0
2026-09-10 12:30:00-04:00,29176.75,29194.25,29146.5,29151.75,6132,0.0,0.0
2026-09-10 12:35:00-04:00,29152.0,29175.25,29133.75,29170.5,5017,0.0,0.0
2026-09-10 12:40:00-04:00,29170.5,29215.75,29168.0,29208.0,4097,0.0,0.0
2026-09-10 12:45:00-04:00,29208.25,29241.0,29205.5,29208.75,5464,0.0,0.0
2026-09-10 12:50:00-04:00,29209.0,29235.0,29204.5,29235.0,3030,0.0,0.0
2026-09-10 12:55:00-04:00,29234.75,29242.75,29224.25,29232.5,3195,0.0,0.0
2026-09-10 13:00:00-04:00,29232.75,29267.5,29212.75,29226.5,4699,0.0,0.0
2026-09-10 13:05:00-04:00,29226.75,29237.75,29219.75,29228.75,2878,0.0,0.0
2026-09-10 13:10:00-04:00,29228.0,29248.0,29224.5,29225.5,2727,0.0,0.0
2026-09-10 13:15:00-04:00,29225.75,29233.0,29215.5,29223.0,2397,0.0,0.0
2026-09-10 13:20:00-04:00,29223.25,29225.0,29207.5,29211.0,1954,0.0,0.0
2026-09-10 13:25:00-04:00,29211.5,29213.0,29199.5,29209.25,2268,0.0,0.0
2026-09-10 13:30:00-04:00,29209.0,29214.75,29197.5,29204.0,2346,0.0,0.0
2026-09-10 13:35:00-04:00,29204.0,29214.75,29177.25,29178.25,2949,0.0,0.0
2026-09-10 13:40:00-04:00,29177.75,29204.25,29175.5,29202.5,2671,0.0,0.0
2026-09-10 13:45:00-04:00,29202.5,29205.25,29187.75,29191.0,1644,0.0,0.0
2026-09-10 13:50:00-04:00,29190.5,29204.25,29183.25,29194.75,2351,0.0,0.0
2026-09-10 13:55:00-04:00,29194.5,29199.75,29183.25,29186.0,1874,0.0,0.0
2026-09-10 14:00:00-04:00,29186.25,29199.75,29163.0,29168.5,3680,0.0,0.0
2026-09-10 14:05:00-04:00,29169.0,29179.25,29154.0,29158.75,2990,0.0,0.0
2026-09-10 14:10:00-04:00,29157.75,29168.5,29148.25,29159.75,2823,0.0,0.0
2026-09-10 14:15:00-04:00,29159.75,29162.25,29148.75,29161.5,2298,0.0,0.0
2026-09-10 14:20:00-04:00,29161.5,29180.25,29161.25,29167.25,2913,0.0,0.0
2026-09-10 14:25:00-04:00,29167.5,29173.0,29153.5,29158.5,2122,0.0,0.0
2026-09-10 14:30:00-04:00,29157.75,29165.5,29146.25,29164.0,2502,0.0,0.0
2026-09-10 14:35:00-04:00,29164.0,29176.0,29156.75,29175.25,1930,0.0,0.0
2026-09-10 14:40:00-04:00,29174.75,29176.25,29166.25,29173.5,1490,0.0,0.0
2026-09-10 14:45:00-04:00,29173.0,29184.25,29151.0,29165.75,3049,0.0,0.0
2026-09-10 14:50:00-04:00,29165.75,29199.0,29155.25,29181.5,4308,0.0,0.0
2026-09-10 14:55:00-04:00,29181.25,29189.25,29167.25,29174.25,1954,0.0,0.0
2026-09-10 15:00:00-04:00,29174.25,29176.0,29151.25,29152.5,3174,0.0,0.0
2026-09-10 15:05:00-04:00,29152.25,29167.75,29141.0,29165.75,4272,0.0,0.0
2026-09-10 15:10:00-04:00,29166.25,29169.0,29142.25,29156.5,2616,0.0,0.0
2026-09-10 15:15:00-04:00,29157.25,29164.5,29136.0,29144.0,2724,0.0,0.0
2026-09-10 15:20:00-04:00,29144.0,29157.0,29139.75,29155.0,2052,0.0,0.0
2026-09-10 15:25:00-04:00,29155.25,29163.0,29152.0,29160.0,1928,0.0,0.0
2026-09-10 15:30:00-04:00,29158.75,29166.25,29144.25,29163.5,2588,0.0,0.0
2026-09-10 15:35:00-04:00,29162.75,29164.75,29145.25,29159.25,2464,0.0,0.0
2026-09-10 15:40:00-04:00,29159.25,29169.25,29156.0,29158.0,2562,0.0,0.0
2026-09-10 15:45:00-04:00,29158.0,29166.0,29146.5,29158.75,2764,0.0,0.0
2026-09-10 15:50:00-04:00,29159.75,29168.5,29123.25,29136.5,7818,0.0,0.0
2026-09-10 15:55:00-04:00,29136.25,29147.5,29126.0,29138.0,14957,0.0,0.0
2026-09-10 16:00:00-04:00,29138.25,29148.75,29130.0,29131.75,4122,0.0,0.0
2026-09-10 16:05:00-04:00,29134.0,29144.75,29123.0,29141.25,1292,0.0,0.0
2026-09-10 16:10:00-04:00,29141.25,29156.75,29134.75,29153.25,1687,0.0,0.0
2026-09-10 16:15:00-04:00,29153.75,29156.0,29145.25,29150.5,712,0.0,0.0
2026-09-10 16:20:00-04:00,29150.75,29154.0,29149.0,29152.0,580,0.0,0.0
2026-09-10 16:25:00-04:00,29152.0,29154.5,29142.25,29144.5,644,0.0,0.0
2026-09-10 16:30:00-04:00,29145.5,29151.5,29144.25,29149.25,503,0.0,0.0
2026-09-10 16:35:00-04:00,29148.75,29153.0,29146.5,29152.5,338,0.0,0.0
2026-09-10 16:40:00-04:00,29151.5,29153.0,29149.0,29151.5,274,0.0,0.0
2026-09-10 16:45:00-04:00,29152.0,29154.5,29144.5,29148.25,479,0.0,0.0
2026-09-10 16:50:00-04:00,29148.5,29152.75,29146.25,29151.75,257,0.0,0.0
2026-09-10 16:55:00-04:00,29151.75,29154.5,29128.0,29143.25,611,0.0,0.0
2026-09-10 18:00:00-04:00,29141.0,29156.75,29139.5,29149.75,0,0.0,0.0
2026-09-10 18:05:00-04:00,29148.25,29150.75,29134.5,29144.25,382,0.0,0.0
2026-09-10 18:10:00-04:00,29144.0,29151.75,29139.5,29143.25,296,0.0,0.0
2026-09-10 18:15:00-04:00,29144.5,29152.0,29141.0,29148.75,296,0.0,0.0
2026-09-10 18:20:00-04:00,29148.25,29157.5,29137.75,29140.75,470,0.0,0.0
2026-09-10 18:25:00-04:00,29141.25,29143.5,29117.25,29118.0,629,0.0,0.0
2026-09-10 18:30:00-04:00,29117.25,29122.75,29113.0,29115.25,556,0.0,0.0
2026-09-10 18:35:00-04:00,29115.5,29119.5,29107.75,29109.25,339,0.0,0.0
2026-09-10 18:40:00-04:00,29109.75,29112.25,29104.25,29105.5,422,0.0,0.0
2026-09-10 18:45:00-04:00,29105.75,29116.25,29098.75,29114.0,499,0.0,0.0
2026-09-10 18:50:00-04:00,29114.25,29115.5,29102.25,29104.0,366,0.0,0.0
2026-09-10 18:55:00-04:00,29105.25,29111.0,29104.0,29107.5,232,0.0,0.0
2026-09-10 19:00:00-04:00,29106.25,29115.0,29100.0,29105.5,344,0.0,0.0
2026-09-10 19:05:00-04:00,29105.0,29110.75,29103.0,29109.5,221,0.0,0.0
2026-09-10 19:10:00-04:00,29109.0,29111.25,29104.0,29109.5,210,0.0,0.0
2026-09-10 19:15:00-04:00,29110.25,29111.5,29106.5,29107.5,151,0.0,0.0
2026-09-10 19:20:00-04:00,29108.25,29110.5,29096.75,29098.75,232,0.0,0.0
2026-09-10 19:25:00-04:00,29099.25,29110.25,29099.0,29102.75,227,0.0,0.0
2026-09-10 19:30:00-04:00,29103.0,29111.5,29103.0,29106.5,167,0.0,0.0
2026-09-10 19:35:00-04:00,29106.5,29108.25,29101.0,29103.75,158,0.0,0.0
2026-09-10 19:40:00-04:00,29104.25,29107.25,29097.75,29106.75,430,0.0,0.0
2026-09-10 19:45:00-04:00,29105.75,29107.0,29097.0,29099.25,327,0.0,0.0
2026-09-10 19:50:00-04:00,29100.0,29100.75,29077.75,29080.25,848,0.0,0.0
2026-09-10 19:55:00-04:00,29080.5,29081.0,29062.5,29064.75,912,0.0,0.0
2026-09-10 20:00:00-04:00,29065.0,29102.0,29063.25,29093.5,1470,0.0,0.0
2026-09-10 20:05:00-04:00,29093.25,29127.75,29091.75,29111.0,1426,0.0,0.0
2026-09-10 20:10:00-04:00,29110.5,29121.75,29106.5,29108.5,620,0.0,0.0
2026-09-10 20:15:00-04:00,29109.75,29118.0,29103.25,29106.75,525,0.0,0.0
2026-09-10 20:20:00-04:00,29107.0,29129.0,29095.0,29121.25,975,0.0,0.0
2026-09-10 20:25:00-04:00,29120.75,29144.75,29115.25,29138.5,841,0.0,0.0
2026-09-10 20:30:00-04:00,29138.25,29143.0,29118.0,29128.25,655,0.0,0.0
2026-09-10 20:35:00-04:00,29127.5,29166.25,29126.0,29149.5,1356,0.0,0.0
2026-09-10 20:40:00-04:00,29149.5,29152.5,29118.75,29123.75,1091,0.0,0.0
2026-09-10 20:45:00-04:00,29124.5,29139.25,29123.5,29135.0,427,0.0,0.0
2026-09-10 20:50:00-04:00,29138.5,29154.0,29136.5,29150.0,410,0.0,0.0
2026-09-10 20:55:00-04:00,29150.75,29163.5,29147.5,29161.0,471,0.0,0.0
2026-09-10 21:00:00-04:00,29159.75,29171.5,29153.5,29164.25,854,0.0,0.0
2026-09-10 21:05:00-04:00,29163.0,29163.0,29148.25,29157.5,657,0.0,0.0
2026-09-10 21:10:00-04:00,29156.0,29165.25,29146.5,29148.25,472,0.0,0.0
2026-09-10 21:15:00-04:00,29149.5,29150.0,29139.0,29141.5,511,0.0,0.0
2026-09-10 21:20:00-04:00,29142.0,29143.0,29124.75,29130.25,593,0.0,0.0
2026-09-10 21:25:00-04:00,29130.75,29139.75,29125.0,29125.5,583,0.0,0.0
2026-09-10 21:30:00-04:00,29126.5,29137.5,29122.75,29127.25,552,0.0,0.0
2026-09-10 21:35:00-04:00,29127.75,29138.25,29115.75,29120.75,528,0.0,0.0
2026-09-10 21:40:00-04:00,29120.25,29120.5,29109.0,29118.5,594,0.0,0.0
2026-09-10 21:45:00-04:00,29119.75,29119.75,29105.0,29109.75,537,0.0,0.0
2026-09-10 21:50:00-04:00,29109.0,29115.25,29103.5,29111.0,331,0.0,0.0
2026-09-10 21:55:00-04:00,29112.0,29130.0,29110.0,29128.75,605,0.0,0.0
2026-09-10 22:00:00-04:00,29129.5,29138.5,29122.5,29126.75,705,0.0,0.0
2026-09-10 22:05:00-04:00,29128.0,29136.5,29120.75,29125.25,461,0.0,0.0
2026-09-10 22:10:00-04:00,29128.0,29135.5,29125.0,29131.75,224,0.0,0.0
2026-09-10 22:15:00-04:00,29131.25,29132.0,29113.25,29118.5,641,0.0,0.0
2026-09-10 22:20:00-04:00,29118.5,29126.5,29112.5,29114.25,334,0.0,0.0
2026-09-10 22:25:00-04:00,29114.25,29115.75,29098.5,29107.25,866,0.0,0.0
2026-09-10 22:30:00-04:00,29107.25,29109.25,29082.5,29089.0,884,0.0,0.0
2026-09-10 22:35:00-04:00,29088.25,29106.5,29087.75,29103.0,482,0.0,0.0
2026-09-10 22:40:00-04:00,29101.75,29106.5,29082.25,29086.5,429,0.0,0.0
2026-09-10 22:45:00-04:00,29086.25,29109.75,29083.5,29108.25,667,0.0,0.0
2026-09-10 22:50:00-04:00,29108.25,29111.5,29087.75,29088.5,422,0.0,0.0
2026-09-10 22:55:00-04:00,29088.75,29095.25,29083.25,29093.25,307,0.0,0.0
2026-09-10 23:00:00-04:00,29092.0,29096.75,29081.75,29086.25,447,0.0,0.0
2026-09-10 23:05:00-04:00,29086.0,29087.5,29075.5,29077.5,487,0.0,0.0
2026-09-10 23:10:00-04:00,29077.75,29081.0,29061.75,29076.0,770,0.0,0.0
2026-09-10 23:15:00-04:00,29076.75,29084.0,29073.0,29080.25,281,0.0,0.0
2026-09-10 23:20:00-04:00,29080.0,29082.5,29062.75,29066.75,503,0.0,0.0
2026-09-10 23:25:00-04:00,29067.0,29081.25,29066.5,29071.25,383,0.0,0.0
2026-09-10 23:30:00-04:00,29071.5,29072.0,29048.5,29059.0,980,0.0,0.0
2026-09-10 23:35:00-04:00,29059.75,29074.25,29057.0,29063.0,537,0.0,0.0
2026-09-10 23:40:00-04:00,29061.5,29089.5,29060.0,29085.5,697,0.0,0.0
2026-09-10 23:45:00-04:00,29086.5,29088.25,29054.0,29057.0,693,0.0,0.0
2026-09-10 23:50:00-04:00,29056.75,29068.25,29050.75,29063.0,525,0.0,0.0
2026-09-10 23:55:00-04:00,29063.0,29071.25,29061.0,29070.0,291,0.0,0.0
2026-09-11 00:05:00-04:00,29082.25,29083.5,29076.0,29076.0,2364,0.0,0.0
2026-09-11 00:10:00-04:00,29077.25,29094.75,29055.25,29093.25,1154,0.0,0.0
2026-09-11 00:15:00-04:00,29093.75,29093.75,29075.75,29082.25,558,0.0,0.0
2026-09-11 00:20:00-04:00,29080.5,29108.5,29080.0,29107.5,687,0.0,0.0
2026-09-11 00:25:00-04:00,29107.75,29126.5,29107.5,29123.75,645,0.0,0.0
2026-09-11 00:30:00-04:00,29124.25,29131.75,29119.5,29120.0,504,0.0,0.0
2026-09-11 00:35:00-04:00,29118.5,29130.25,29116.75,29127.0,381,0.0,0.0
2026-09-11 00:40:00-04:00,29125.75,29140.25,29125.25,29137.0,518,0.0,0.0
2026-09-11 00:45:00-04:00,29137.75,29143.0,29131.25,29140.5,524,0.0,0.0
2026-09-11 00:50:00-04:00,29139.75,29151.5,29133.0,29137.0,561,0.0,0.0
2026-09-11 00:55:00-04:00,29136.0,29141.0,29120.75,29125.0,399,0.0,0.0
2026-09-11 01:00:00-04:00,29124.5,29129.75,29120.75,29123.5,437,0.0,0.0
2026-09-11 01:05:00-04:00,29124.0,29145.75,29119.5,29142.5,642,0.0,0.0
2026-09-11 01:10:00-04:00,29142.0,29161.25,29139.25,29158.25,751,0.0,0.0
2026-09-11 01:15:00-04:00,29159.0,29165.0,29145.75,29148.25,492,0.0,0.0
2026-09-11 01:20:00-04:00,29149.5,29154.5,29136.75,29147.0,406,0.0,0.0
2026-09-11 01:25:00-04:00,29147.5,29147.5,29130.0,29134.0,373,0.0,0.0
2026-09-11 01:30:00-04:00,29134.0,29160.75,29133.75,29156.0,668,0.0,0.0
2026-09-11 01:35:00-04:00,29156.5,29174.0,29156.25,29173.25,550,0.0,0.0
2026-09-11 01:40:00-04:00,29172.0,29195.25,29168.5,29191.0,864,0.0,0.0
2026-09-11 01:45:00-04:00,29191.0,29200.75,29176.5,29200.75,693,0.0,0.0
2026-09-11 01:50:00-04:00,29199.5,29228.5,29192.0,29221.75,1052,0.0,0.0
2026-09-11 01:55:00-04:00,29222.0,29242.75,29221.25,29233.25,1182,0.0,0.0
2026-09-11 02:00:00-04:00,29233.0,29237.25,29221.0,29221.75,715,0.0,0.0
2026-09-11 02:05:00-04:00,29222.75,29245.75,29216.0,29234.25,852,0.0,0.0
2026-09-11 02:10:00-04:00,29234.25,29248.5,29225.25,29244.25,737,0.0,0.0
2026-09-11 02:15:00-04:00,29245.0,29252.0,29225.0,29235.0,885,0.0,0.0
2026-09-11 02:20:00-04:00,29236.0,29237.25,29224.0,29230.25,359,0.0,0.0
2026-09-11 02:25:00-04:00,29231.25,29231.25,29222.25,29224.5,415,0.0,0.0
2026-09-11 02:30:00-04:00,29225.25,29235.75,29215.5,29219.25,884,0.0,0.0
2026-09-11 02:35:00-04:00,29219.5,29239.0,29219.5,29234.5,422,0.0,0.0
2026-09-11 02:40:00-04:00,29234.5,29234.5,29218.25,29228.5,365,0.0,0.0
2026-09-11 02:45:00-04:00,29228.5,29261.5,29228.5,29252.5,869,0.0,0.0
2026-09-11 02:50:00-04:00,29252.75,29257.0,29244.0,29249.25,404,0.0,0.0
2026-09-11 02:55:00-04:00,29249.25,29259.5,29246.5,29255.0,412,0.0,0.0
2026-09-11 03:00:00-04:00,29254.25,29266.5,29249.25,29266.5,552,0.0,0.0
2026-09-11 03:05:00-04:00,29266.0,29268.75,29252.5,29257.5,522,0.0,0.0
2026-09-11 03:10:00-04:00,29259.0,29266.25,29250.0,29257.0,594,0.0,0.0
2026-09-11 03:15:00-04:00,29258.75,29264.0,29248.5,29256.75,410,0.0,0.0
2026-09-11 03:20:00-04:00,29255.0,29262.5,29245.0,29254.25,421,0.0,0.0
2026-09-11 03:25:00-04:00,29253.75,29254.0,29235.75,29235.75,495,0.0,0.0
2026-09-11 03:30:00-04:00,29235.75,29247.5,29229.0,29230.0,410,0.0,0.0
2026-09-11 03:35:00-04:00,29230.5,29241.75,29229.75,29236.5,507,0.0,0.0
2026-09-11 03:40:00-04:00,29235.5,29243.25,29229.5,29235.25,241,0.0,0.0
2026-09-11 03:45:00-04:00,29235.25,29239.25,29225.0,29231.5,533,0.0,0.0
2026-09-11 03:50:00-04:00,29231.0,29241.0,29229.0,29238.75,290,0.0,0.0
2026-09-11 03:55:00-04:00,29239.0,29245.75,29237.0,29242.5,228,0.0,0.0
2026-09-11 04:00:00-04:00,29242.5,29272.0,29240.0,29245.25,1089,0.0,0.0
2026-09-11 04:05:00-04:00,29246.0,29246.25,29227.0,29231.0,426,0.0,0.0
2026-09-11 04:10:00-04:00,29233.0,29256.0,29224.5,29244.75,1143,0.0,0.0
2026-09-11 04:15:00-04:00,29245.0,29267.25,29239.25,29255.0,570,0.0,0.0
2026-09-11 04:20:00-04:00,29254.75,29318.0,29251.0,29285.75,2071,0.0,0.0
2026-09-11 04:25:00-04:00,29286.5,29290.5,29264.25,29269.75,927,0.0,0.0
2026-09-11 04:30:00-04:00,29271.0,29313.75,29270.75,29304.0,816,0.0,0.0
2026-09-11 04:35:00-04:00,29307.0,29307.5,29291.0,29293.5,489,0.0,0.0
2026-09-11 04:40:00-04:00,29293.5,29300.25,29288.25,29289.75,353,0.0,0.0
2026-09-11 04:45:00-04:00,29291.5,29308.25,29287.0,29304.5,477,0.0,0.0
2026-09-11 04:50:00-04:00,29305.0,29322.75,29301.5,29311.0,737,0.0,0.0
2026-09-11 04:55:00-04:00,29309.75,29326.0,29307.0,29322.75,494,0.0,0.0
2026-09-11 05:00:00-04:00,29324.25,29334.0,29314.0,29316.75,1060,0.0,0.0
2026-09-11 05:05:00-04:00,29317.0,29322.0,29300.5,29300.5,529,0.0,0.0
2026-09-11 05:10:00-04:00,29301.5,29305.0,29292.5,29294.25,445,0.0,0.0
2026-09-11 05:15:00-04:00,29293.0,29309.0,29289.5,29306.25,466,0.0,0.0
2026-09-11 05:20:00-04:00,29305.5,29315.25,29301.0,29302.25,533,0.0,0.0
2026-09-11 05:25:00-04:00,29302.0,29306.75,29298.25,29304.0,228,0.0,0.0
2026-09-11 05:30:00-04:00,29304.75,29312.0,29301.75,29306.75,199,0.0,0.0
2026-09-11 05:35:00-04:00,29308.25,29312.5,29304.25,29309.0,258,0.0,0.0
2026-09-11 05:40:00-04:00,29309.5,29315.5,29306.0,29308.0,200,0.0,0.0
2026-09-11 05:45:00-04:00,29307.75,29314.0,29303.75,29309.75,172,0.0,0.0
2026-09-11 05:50:00-04:00,29310.75,29313.0,29306.5,29308.75,164,0.0,0.0
2026-09-11 05:55:00-04:00,29309.25,29326.5,29308.0,29319.0,394,0.0,0.0
2026-09-11 06:00:00-04:00,29319.25,29339.75,29285.25,29335.0,1369,0.0,0.0
2026-09-11 06:05:00-04:00,29334.0,29335.25,29323.0,29330.5,448,0.0,0.0
2026-09-11 06:10:00-04:00,29330.75,29335.0,29319.25,29326.25,373,0.0,0.0
2026-09-11 06:15:00-04:00,29326.5,29329.75,29320.0,29326.5,200,0.0,0.0
2026-09-11 06:20:00-04:00,29326.0,29327.75,29314.0,29320.25,467,0.0,0.0
2026-09-11 06:25:00-04:00,29321.5,29322.0,29307.75,29314.25,420,0.0,0.0
2026-09-11 06:30:00-04:00,29314.25,29323.5,29309.5,29323.5,358,0.0,0.0
2026-09-11 06:35:00-04:00,29324.25,29328.75,29312.75,29320.5,269,0.0,0.0
2026-09-11 06:40:00-04:00,29320.0,29321.0,29314.5,29315.75,274,0.0,0.0
2026-09-11 06:45:00-04:00,29316.0,29316.25,29305.5,29309.75,305,0.0,0.0
2026-09-11 06:50:00-04:00,29310.75,29318.25,29307.0,29310.0,262,0.0,0.0
2026-09-11 06:55:00-04:00,29310.5,29316.0,29307.75,29309.25,331,0.0,0.0
2026-09-11 07:00:00-04:00,29310.5,29315.0,29304.0,29304.25,511,0.0,0.0
2026-09-11 07:05:00-04:00,29303.75,29304.75,29290.0,29294.75,589,0.0,0.0
2026-09-11 07:10:00-04:00,29294.0,29300.75,29289.5,29293.5,406,0.0,0.0
2026-09-11 07:15:00-04:00,29294.25,29307.5,29290.25,29307.5,406,0.0,0.0
2026-09-11 07:20:00-04:00,29307.5,29309.25,29294.75,29308.0,393,0.0,0.0
2026-09-11 07:25:00-04:00,29308.0,29324.75,29308.0,29312.75,645,0.0,0.0
2026-09-11 07:30:00-04:00,29313.0,29321.75,29302.0,29303.25,680,0.0,0.0
2026-09-11 07:35:00-04:00,29303.5,29314.0,29296.75,29312.75,534,0.0,0.0
2026-09-11 07:40:00-04:00,29312.25,29332.25,29310.0,29330.25,606,0.0,0.0
2026-09-11 07:45:00-04:00,29330.25,29337.5,29319.5,29335.75,533,0.0,0.0
2026-09-11 07:50:00-04:00,29335.75,29336.75,29326.0,29326.25,343,0.0,0.0
2026-09-11 07:55:00-04:00,29327.25,29334.25,29321.25,29323.25,356,0.0,0.0
2026-09-11 08:00:00-04:00,29324.25,29326.75,29307.0,29310.25,598,0.0,0.0
2026-09-11 08:05:00-04:00,29311.5,29315.75,29304.0,29315.25,754,0.0,0.0
2026-09-11 08:10:00-04:00,29316.5,29336.75,29307.0,29323.75,1148,0.0,0.0
2026-09-11 08:15:00-04:00,29324.25,29348.75,29318.5,29337.75,940,0.0,0.0
2026-09-11 08:20:00-04:00,29338.25,29344.0,29326.0,29327.5,816,0.0,0.0
2026-09-11 08:25:00-04:00,29328.25,29399.0,29325.75,29389.75,2939,0.0,0.0
2026-09-11 08:30:00-04:00,29385.0,29399.5,29204.0,29338.75,10114,0.0,0.0
2026-09-11 08:35:00-04:00,29338.25,29376.25,29320.0,29363.75,5103,0.0,0.0
2026-09-11 08:40:00-04:00,29364.25,29379.5,29342.75,29356.5,3076,0.0,0.0
2026-09-11 08:45:00-04:00,29357.25,29403.25,29343.0,29394.5,3269,0.0,0.0
2026-09-11 08:50:00-04:00,29394.5,29446.5,29393.5,29437.25,3906,0.0,0.0
2026-09-11 08:55:00-04:00,29436.75,29475.75,29433.5,29469.5,3519,0.0,0.0
2026-09-11 09:00:00-04:00,29468.75,29500.25,29467.0,29469.25,4696,0.0,0.0
2026-09-11 09:05:00-04:00,29469.75,29483.75,29446.75,29452.0,3545,0.0,0.0
2026-09-11 09:10:00-04:00,29452.25,29457.5,29434.75,29443.5,2222,0.0,0.0
2026-09-11 09:15:00-04:00,29442.75,29448.25,29427.0,29430.25,2006,0.0,0.0
2026-09-11 09:20:00-04:00,29430.25,29440.0,29424.0,29430.0,1468,0.0,0.0
2026-09-11 09:25:00-04:00,29430.25,29452.25,29414.75,29418.0,4186,0.0,0.0
2026-09-11 09:30:00-04:00,29417.5,29426.25,29347.25,29419.25,20733,0.0,0.0
2026-09-11 09:35:00-04:00,29419.5,29431.75,29373.25,29400.75,14989,0.0,0.0
2026-09-11 09:40:00-04:00,29400.5,29440.0,29353.75,29433.75,15469,0.0,0.0
2026-09-11 09:45:00-04:00,29434.0,29472.0,29399.0,29434.5,13360,0.0,0.0
2026-09-11 09:50:00-04:00,29435.5,29445.5,29379.25,29426.5,10704,0.0,0.0
2026-09-11 09:55:00-04:00,29426.75,29480.75,29415.5,29472.75,7946,0.0,0.0
2026-09-11 10:00:00-04:00,29473.0,29473.25,29386.5,29392.5,12287,0.0,0.0
2026-09-11 10:05:00-04:00,29392.0,29408.5,29365.0,29393.75,9201,0.0,0.0
2026-09-11 10:10:00-04:00,29393.0,29424.25,29378.75,29397.75,11211,0.0,0.0
2026-09-11 10:15:00-04:00,29397.0,29441.0,29373.25,29438.75,6955,0.0,0.0
2026-09-11 10:20:00-04:00,29439.25,29461.75,29433.0,29444.25,6132,0.0,0.0
2026-09-11 10:25:00-04:00,29444.0,29467.5,29439.0,29451.0,5347,0.0,0.0
2026-09-11 10:30:00-04:00,29451.25,29455.25,29406.5,29413.5,7648,0.0,0.0
2026-09-11 10:35:00-04:00,29412.75,29412.75,29369.25,29384.75,7528,0.0,0.0
2026-09-11 10:40:00-04:00,29384.5,29410.0,29353.25,29372.0,7223,0.0,0.0
2026-09-11 10:45:00-04:00,29372.75,29400.75,29334.0,29398.75,12357,0.0,0.0
2026-09-11 10:50:00-04:00,29398.5,29401.0,29367.0,29369.75,6186,0.0,0.0
2026-09-11 10:55:00-04:00,29369.5,29377.5,29349.25,29369.75,5724,0.0,0.0
2026-09-11 11:00:00-04:00,29370.75,29404.0,29361.0,29403.75,5369,0.0,0.0
2026-09-11 11:05:00-04:00,29403.75,29432.5,29400.5,29421.25,5654,0.0,0.0
2026-09-11 11:10:00-04:00,29421.0,29425.75,29375.25,29393.5,4766,0.0,0.0
2026-09-11 11:15:00-04:00,29393.75,29445.5,29393.75,29438.75,4940,0.0,0.0
2026-09-11 11:20:00-04:00,29439.25,29463.0,29435.25,29460.75,4315,0.0,0.0
2026-09-11 11:25:00-04:00,29461.5,29493.25,29457.0,29485.0,6661,0.0,0.0
2026-09-11 11:30:00-04:00,29485.25,29499.75,29477.0,29485.25,5006,0.0,0.0
2026-09-11 11:35:00-04:00,29485.25,29487.75,29462.75,29475.5,4208,0.0,0.0
2026-09-11 11:40:00-04:00,29475.25,29484.25,29467.0,29478.0,2704,0.0,0.0
2026-09-11 11:45:00-04:00,29478.25,29478.75,29461.75,29469.25,3418,0.0,0.0
2026-09-11 11:50:00-04:00,29470.75,29476.25,29442.25,29448.25,3694,0.0,0.0
2026-09-11 11:55:00-04:00,29448.5,29461.5,29441.25,29450.0,3359,0.0,0.0
2026-09-11 12:00:00-04:00,29450.25,29482.25,29450.25,29481.75,3483,0.0,0.0
2026-09-11 12:05:00-04:00,29482.0,29485.25,29460.5,29469.5,2612,0.0,0.0
2026-09-11 12:10:00-04:00,29469.25,29473.0,29445.0,29448.0,2677,0.0,0.0
2026-09-11 12:15:00-04:00,29447.75,29452.25,29433.75,29438.5,3095,0.0,0.0
2026-09-11 12:20:00-04:00,29438.75,29442.75,29421.5,29426.0,2622,0.0,0.0
2026-09-11 12:25:00-04:00,29426.0,29436.0,29397.75,29402.75,6165,0.0,0.0
2026-09-11 12:30:00-04:00,29402.0,29441.5,29395.25,29427.25,5788,0.0,0.0
2026-09-11 12:35:00-04:00,29427.75,29429.0,29396.25,29398.5,3270,0.0,0.0
2026-09-11 12:40:00-04:00,29398.25,29434.0,29392.0,29432.0,3765,0.0,0.0
2026-09-11 12:45:00-04:00,29431.25,29435.5,29413.25,29415.75,2223,0.0,0.0
2026-09-11 12:50:00-04:00,29415.75,29429.0,29414.0,29429.0,1680,0.0,0.0
2026-09-11 12:55:00-04:00,29429.25,29437.75,29426.0,29436.75,1881,0.0,0.0
2026-09-11 13:00:00-04:00,29437.0,29449.0,29435.75,29440.25,2668,0.0,0.0
2026-09-11 13:05:00-04:00,29440.25,29464.75,29440.0,29453.0,4031,0.0,0.0
2026-09-11 13:10:00-04:00,29452.5,29459.0,29435.75,29437.5,3010,0.0,0.0
2026-09-11 13:15:00-04:00,29438.25,29462.75,29438.0,29457.0,2214,0.0,0.0
2026-09-11 13:20:00-04:00,29456.75,29475.25,29456.5,29474.25,2732,0.0,0.0
2026-09-11 13:25:00-04:00,29473.75,29479.0,29462.5,29463.5,2994,0.0,0.0
2026-09-11 13:30:00-04:00,29463.25,29478.0,29461.0,29463.0,2717,0.0,0.0
2026-09-11 13:35:00-04:00,29463.5,29469.25,29457.5,29459.25,1811,0.0,0.0
2026-09-11 13:40:00-04:00,29458.75,29470.5,29457.5,29462.25,2143,0.0,0.0
2026-09-11 13:45:00-04:00,29462.5,29468.5,29455.0,29465.0,1881,0.0,0.0
2026-09-11 13:50:00-04:00,29465.25,29467.75,29461.5,29463.25,1395,0.0,0.0
2026-09-11 13:55:00-04:00,29463.5,29464.75,29447.75,29452.5,1517,0.0,0.0
2026-09-11 14:00:00-04:00,29452.25,29460.5,29449.0,29453.75,1724,0.0,0.0
2026-09-11 14:05:00-04:00,29453.25,29454.25,29443.0,29446.75,1704,0.0,0.0
2026-09-11 14:10:00-04:00,29446.75,29447.0,29437.5,29441.0,1687,0.0,0.0
2026-09-11 14:15:00-04:00,29441.5,29446.5,29434.0,29441.25,3009,0.0,0.0
2026-09-11 14:20:00-04:00,29441.25,29442.5,29417.0,29431.75,5560,0.0,0.0
2026-09-11 14:25:00-04:00,29431.25,29446.75,29426.75,29441.5,2884,0.0,0.0
2026-09-11 14:30:00-04:00,29442.0,29456.75,29432.0,29455.25,2338,0.0,0.0
2026-09-11 14:35:00-04:00,29455.25,29459.0,29443.0,29446.5,1621,0.0,0.0
2026-09-11 14:40:00-04:00,29446.75,29450.75,29434.75,29437.75,1695,0.0,0.0
2026-09-11 14:45:00-04:00,29438.0,29444.75,29430.0,29431.25,2569,0.0,0.0
2026-09-11 14:50:00-04:00,29430.75,29435.0,29427.0,29428.5,1747,0.0,0.0
2026-09-11 14:55:00-04:00,29427.75,29438.25,29425.75,29429.5,2247,0.0,0.0
2026-09-11 15:00:00-04:00,29429.5,29433.25,29422.0,29426.5,1882,0.0,0.0
2026-09-11 15:05:00-04:00,29426.5,29431.5,29411.5,29414.0,2670,0.0,0.0
2026-09-11 15:10:00-04:00,29414.25,29418.75,29405.25,29416.0,2825,0.0,0.0
2026-09-11 15:15:00-04:00,29415.0,29425.75,29411.5,29419.25,2577,0.0,0.0
2026-09-11 15:20:00-04:00,29418.75,29424.5,29413.25,29423.5,2105,0.0,0.0
2026-09-11 15:25:00-04:00,29423.25,29427.5,29412.25,29415.0,2280,0.0,0.0
2026-09-11 15:30:00-04:00,29414.25,29419.5,29411.5,29419.25,2522,0.0,0.0
2026-09-11 15:35:00-04:00,29419.0,29421.0,29412.5,29417.25,1566,0.0,0.0
2026-09-11 15:40:00-04:00,29417.75,29427.0,29417.0,29424.0,2373,0.0,0.0
2026-09-11 15:45:00-04:00,29423.75,29428.5,29412.0,29413.75,3022,0.0,0.0
2026-09-11 15:50:00-04:00,29414.5,29417.75,29394.5,29409.0,7714,0.0,0.0
2026-09-11 15:55:00-04:00,29409.0,29409.0,29378.75,29386.5,16005,0.0,0.0
2026-09-11 16:00:00-04:00,29386.75,29391.0,29380.5,29385.25,4994,0.0,0.0
2026-09-11 16:05:00-04:00,29385.5,29392.75,29384.25,29390.75,1309,0.0,0.0
2026-09-11 16:10:00-04:00,29391.0,29393.0,29376.25,29381.25,1193,0.0,0.0
2026-09-11 16:15:00-04:00,29381.5,29382.5,29376.5,29378.0,388,0.0,0.0
2026-09-11 16:20:00-04:00,29378.0,29387.25,29378.0,29384.75,459,0.0,0.0
2026-09-11 16:25:00-04:00,29385.25,29386.5,29380.25,29384.5,242,0.0,0.0
2026-09-11 16:30:00-04:00,29384.75,29394.0,29384.25,29390.5,583,0.0,0.0
2026-09-11 16:35:00-04:00,29390.75,29396.5,29389.0,29395.5,439,0.0,0.0
2026-09-11 16:40:00-04:00,29395.0,29396.25,29386.25,29389.25,466,0.0,0.0
2026-09-11 16:45:00-04:00,29389.25,29390.5,29383.25,29387.25,446,0.0,0.0
2026-09-11 16:50:00-04:00,29387.75,29393.75,29387.0,29393.75,197,0.0,0.0
2026-09-11 16:55:00-04:00,29392.75,29397.5,29387.0,29387.0,520,0.0,0.0
2026-09-13 18:10:00-04:00,29002.5,29028.0,28993.0,29025.5,894,0.0,0.0
2026-09-13 18:15:00-04:00,29023.5,29042.25,29013.0,29041.75,898,0.0,0.0
2026-09-13 18:20:00-04:00,29040.5,29046.0,29032.5,29042.0,1229,0.0,0.0
2026-09-13 18:25:00-04:00,29043.0,29086.0,29043.0,29083.75,1375,0.0,0.0
2026-09-13 18:30:00-04:00,29081.0,29103.5,29077.75,29097.75,1306,0.0,0.0
2026-09-13 18:35:00-04:00,29098.0,29104.0,29089.25,29099.5,623,0.0,0.0
2026-09-13 18:40:00-04:00,29098.75,29100.75,29073.0,29075.5,693,0.0,0.0
2026-09-13 18:45:00-04:00,29075.75,29086.25,29065.75,29075.25,505,0.0,0.0
2026-09-13 18:50:00-04:00,29074.25,29084.25,29074.25,29080.5,237,0.0,0.0
2026-09-13 18:55:00-04:00,29079.0,29084.75,29065.5,29068.5,489,0.0,0.0
2026-09-13 19:00:00-04:00,29069.0,29076.0,29055.5,29061.75,547,0.0,0.0
2026-09-13 19:05:00-04:00,29061.75,29065.25,29055.75,29063.0,201,0.0,0.0
2026-09-13 19:10:00-04:00,29062.75,29067.75,29060.5,29063.0,167,0.0,0.0
2026-09-13 19:15:00-04:00,29062.75,29064.5,29061.0,29061.0,89,0.0,0.0
2026-09-13 19:20:00-04:00,29061.25,29093.75,29060.75,29093.25,457,0.0,0.0
2026-09-13 19:25:00-04:00,29092.25,29099.5,29080.75,29096.75,417,0.0,0.0
2026-09-13 19:30:00-04:00,29096.0,29101.5,29091.0,29092.0,311,0.0,0.0
2026-09-13 19:35:00-04:00,29091.25,29091.25,29040.5,29046.75,1061,0.0,0.0
2026-09-13 19:40:00-04:00,29046.5,29055.0,29031.0,29038.75,375,0.0,0.0
2026-09-13 19:45:00-04:00,29038.5,29038.5,29017.5,29022.75,577,0.0,0.0
2026-09-13 19:50:00-04:00,29022.0,29037.25,29010.0,29021.75,691,0.0,0.0
2026-09-13 19:55:00-04:00,29022.25,29025.25,29011.0,29017.5,357,0.0,0.0
2026-09-13 20:00:00-04:00,29016.25,29053.25,29016.25,29047.25,1196,0.0,0.0
2026-09-13 20:05:00-04:00,29046.25,29075.25,29045.25,29070.25,631,0.0,0.0
2026-09-13 20:10:00-04:00,29069.5,29069.5,29047.5,29056.25,822,0.0,0.0
2026-09-13 20:15:00-04:00,29056.75,29064.5,29041.25,29047.25,717,0.0,0.0
2026-09-13 20:20:00-04:00,29047.5,29047.5,29020.5,29034.0,1272,0.0,0.0
2026-09-13 20:25:00-04:00,29035.0,29035.5,29005.0,29015.0,1066,0.0,0.0
2026-09-13 20:30:00-04:00,29013.5,29030.75,29012.0,29023.75,430,0.0,0.0
2026-09-13 20:35:00-04:00,29023.75,29032.0,29011.75,29017.75,315,0.0,0.0
2026-09-13 20:40:00-04:00,29015.5,29037.0,29008.75,29036.25,514,0.0,0.0
2026-09-13 20:45:00-04:00,29036.5,29044.5,29025.5,29034.25,452,0.0,0.0
2026-09-13 20:50:00-04:00,29035.0,29040.0,29021.25,29038.75,513,0.0,0.0
2026-09-13 20:55:00-04:00,29038.75,29046.5,29013.75,29014.5,638,0.0,0.0
2026-09-13 21:00:00-04:00,29015.0,29032.25,29000.25,29019.5,949,0.0,0.0
2026-09-13 21:05:00-04:00,29018.5,29032.0,29014.5,29028.0,416,0.0,0.0
2026-09-13 21:10:00-04:00,29029.5,29038.75,29008.0,29012.0,476,0.0,0.0
2026-09-13 21:15:00-04:00,29011.0,29016.5,29005.25,29007.0,215,0.0,0.0
2026-09-13 21:20:00-04:00,29007.0,29012.75,28999.25,29007.25,549,0.0,0.0
2026-09-13 21:25:00-04:00,29006.5,29021.0,29000.75,29017.75,447,0.0,0.0
2026-09-13 21:30:00-04:00,29018.0,29020.5,29003.25,29004.75,385,0.0,0.0
2026-09-13 21:35:00-04:00,29004.75,29032.0,29004.75,29031.5,508,0.0,0.0
2026-09-13 21:40:00-04:00,29031.5,29037.75,29019.25,29025.75,441,0.0,0.0
2026-09-13 21:45:00-04:00,29027.0,29045.25,29027.0,29041.0,451,0.0,0.0
2026-09-13 21:50:00-04:00,29042.0,29049.5,29035.25,29046.75,428,0.0,0.0
2026-09-13 21:55:00-04:00,29046.25,29074.75,29045.75,29068.25,956,0.0,0.0
2026-09-13 22:00:00-04:00,29068.0,29077.5,29054.0,29058.25,742,0.0,0.0
2026-09-13 22:05:00-04:00,29058.0,29080.75,29057.0,29070.75,506,0.0,0.0
2026-09-13 22:10:00-04:00,29068.75,29079.25,29065.5,29071.5,280,0.0,0.0
2026-09-13 22:15:00-04:00,29070.75,29073.0,29059.5,29072.0,383,0.0,0.0
2026-09-13 22:20:00-04:00,29069.25,29075.0,29065.0,29066.5,142,0.0,0.0
2026-09-13 22:25:00-04:00,29069.5,29071.0,29062.5,29066.0,210,0.0,0.0
2026-09-13 22:30:00-04:00,29062.75,29074.5,29062.5,29067.0,224,0.0,0.0
2026-09-13 22:35:00-04:00,29066.25,29067.75,29054.5,29056.0,518,0.0,0.0
2026-09-13 22:40:00-04:00,29058.0,29062.5,29040.75,29050.0,573,0.0,0.0
2026-09-13 22:45:00-04:00,29047.25,29065.5,29047.0,29061.25,268,0.0,0.0
2026-09-13 22:50:00-04:00,29060.25,29070.0,29060.25,29065.75,246,0.0,0.0
2026-09-13 22:55:00-04:00,29065.0,29065.25,29050.75,29053.5,286,0.0,0.0
2026-09-13 23:00:00-04:00,29052.75,29057.25,29046.0,29051.75,315,0.0,0.0
2026-09-13 23:05:00-04:00,29050.0,29059.25,29050.0,29052.5,403,0.0,0.0
2026-09-13 23:10:00-04:00,29052.5,29052.5,29028.0,29031.0,720,0.0,0.0
2026-09-13 23:15:00-04:00,29029.75,29038.0,29008.25,29014.75,911,0.0,0.0
2026-09-13 23:20:00-04:00,29015.75,29026.0,29015.0,29020.5,394,0.0,0.0
2026-09-13 23:25:00-04:00,29022.0,29029.75,29016.0,29026.5,310,0.0,0.0
2026-09-13 23:30:00-04:00,29026.5,29027.0,29010.0,29020.25,368,0.0,0.0
2026-09-13 23:35:00-04:00,29022.0,29023.75,29013.0,29019.75,204,0.0,0.0
2026-09-13 23:40:00-04:00,29020.25,29021.5,29011.5,29015.5,227,0.0,0.0
2026-09-13 23:45:00-04:00,29016.0,29022.5,29009.75,29015.5,263,0.0,0.0
2026-09-13 23:50:00-04:00,29015.0,29025.5,29011.0,29020.0,228,0.0,0.0
2026-09-13 23:55:00-04:00,29019.75,29020.5,29014.25,29015.0,126,0.0,0.0
2026-09-14 00:00:00-04:00,29016.75,29030.0,29015.75,29029.25,369,0.0,0.0
2026-09-14 00:05:00-04:00,29030.0,29036.25,29023.0,29026.5,300,0.0,0.0
2026-09-14 00:10:00-04:00,29024.25,29024.25,29010.0,29011.5,411,0.0,0.0
2026-09-14 00:15:00-04:00,29010.75,29014.75,29002.25,29013.25,414,0.0,0.0
2026-09-14 00:20:00-04:00,29013.25,29019.0,29009.75,29019.0,204,0.0,0.0
2026-09-14 00:25:00-04:00,29019.25,29022.75,29016.75,29018.0,156,0.0,0.0
2026-09-14 00:30:00-04:00,29018.0,29018.75,29001.5,29008.25,361,0.0,0.0
2026-09-14 00:35:00-04:00,29010.5,29023.75,29003.5,29022.25,263,0.0,0.0
2026-09-14 00:40:00-04:00,29021.5,29023.75,29006.0,29008.5,250,0.0,0.0
2026-09-14 00:45:00-04:00,29009.75,29027.0,29009.75,29024.25,238,0.0,0.0
2026-09-14 00:50:00-04:00,29024.0,29033.75,29013.25,29014.25,357,0.0,0.0
2026-09-14 00:55:00-04:00,29016.25,29023.75,29011.5,29015.0,198,0.0,0.0
2026-09-14 01:00:00-04:00,29015.0,29022.5,29009.75,29020.0,172,0.0,0.0
2026-09-14 01:05:00-04:00,29021.0,29025.0,29018.0,29018.0,128,0.0,0.0
2026-09-14 01:10:00-04:00,29018.0,29020.75,29008.5,29016.5,171,0.0,0.0
2026-09-14 01:15:00-04:00,29018.25,29019.5,29005.25,29007.5,177,0.0,0.0
2026-09-14 01:20:00-04:00,29008.5,29010.0,29000.0,29002.0,204,0.0,0.0
2026-09-14 01:25:00-04:00,29002.0,29016.0,29000.75,29010.5,170,0.0,0.0
2026-09-14 01:30:00-04:00,29011.5,29015.0,29002.75,29009.0,195,0.0,0.0
2026-09-14 01:35:00-04:00,29009.25,29019.5,29002.75,29012.75,294,0.0,0.0
2026-09-14 01:40:00-04:00,29010.5,29013.5,28986.5,28996.5,765,0.0,0.0
2026-09-14 01:45:00-04:00,28997.75,29003.0,28991.5,28993.75,314,0.0,0.0
2026-09-14 01:50:00-04:00,28994.5,29007.75,28989.0,29007.5,267,0.0,0.0
2026-09-14 01:55:00-04:00,29008.0,29016.0,28998.5,29013.25,272,0.0,0.0
2026-09-14 02:00:00-04:00,29014.5,29030.0,29009.0,29026.75,711,0.0,0.0
2026-09-14 02:05:00-04:00,29028.0,29031.0,29019.5,29027.25,369,0.0,0.0
2026-09-14 02:10:00-04:00,29025.75,29037.5,29022.5,29028.75,371,0.0,0.0
2026-09-14 02:15:00-04:00,29027.5,29030.75,29022.0,29027.75,215,0.0,0.0
2026-09-14 02:20:00-04:00,29026.0,29032.5,29013.5,29027.5,466,0.0,0.0
2026-09-14 02:25:00-04:00,29027.5,29035.0,29026.75,29032.0,326,0.0,0.0
2026-09-14 02:30:00-04:00,29031.0,29033.75,29005.25,29009.75,468,0.0,0.0
2026-09-14 02:35:00-04:00,29008.0,29014.25,29002.5,29010.25,364,0.0,0.0
2026-09-14 02:40:00-04:00,29011.5,29016.75,28997.75,29009.25,425,0.0,0.0
2026-09-14 02:45:00-04:00,29011.5,29017.0,28997.75,28997.75,249,0.0,0.0
2026-09-14 02:50:00-04:00,28997.25,29006.0,28993.5,29000.5,344,0.0,0.0
2026-09-14 02:55:00-04:00,29002.25,29002.25,28973.5,28976.5,823,0.0,0.0
2026-09-14 03:00:00-04:00,28977.5,28982.5,28937.5,28957.5,1629,0.0,0.0
2026-09-14 03:05:00-04:00,28957.5,28966.5,28947.25,28952.25,516,0.0,0.0
2026-09-14 03:10:00-04:00,28952.25,28976.0,28943.5,28974.0,465,0.0,0.0
2026-09-14 03:15:00-04:00,28973.75,28979.5,28965.25,28970.75,369,0.0,0.0
2026-09-14 03:20:00-04:00,28970.0,28991.5,28958.75,28978.5,502,0.0,0.0
2026-09-14 03:25:00-04:00,28979.0,28982.25,28948.5,28951.0,473,0.0,0.0
2026-09-14 03:30:00-04:00,28950.0,28958.5,28946.5,28955.5,346,0.0,0.0
2026-09-14 03:35:00-04:00,28958.0,28959.5,28949.0,28952.0,416,0.0,0.0
2026-09-14 03:40:00-04:00,28951.25,28959.0,28925.0,28930.75,745,0.0,0.0
2026-09-14 03:45:00-04:00,28929.75,28940.5,28914.25,28937.5,762,0.0,0.0
2026-09-14 03:50:00-04:00,28936.75,28938.0,28905.0,28913.0,744,0.0,0.0
2026-09-14 03:55:00-04:00,28913.0,28922.75,28909.5,28917.25,472,0.0,0.0
2026-09-14 04:00:00-04:00,28920.0,28934.5,28906.25,28918.0,1033,0.0,0.0
2026-09-14 04:05:00-04:00,28918.0,28949.0,28911.0,28939.75,861,0.0,0.0
2026-09-14 04:10:00-04:00,28940.0,28940.25,28919.0,28933.25,546,0.0,0.0
2026-09-14 04:15:00-04:00,28934.75,28934.75,28902.25,28908.25,499,0.0,0.0
2026-09-14 04:20:00-04:00,28908.75,28922.75,28901.0,28904.25,503,0.0,0.0
2026-09-14 04:25:00-04:00,28902.75,28908.75,28874.75,28876.0,900,0.0,0.0
2026-09-14 04:30:00-04:00,28876.25,28895.0,28872.5,28888.75,666,0.0,0.0
2026-09-14 04:35:00-04:00,28889.5,28912.25,28888.5,28910.0,620,0.0,0.0
2026-09-14 04:40:00-04:00,28911.5,28916.5,28892.75,28895.5,675,0.0,0.0
2026-09-14 04:45:00-04:00,28895.25,28902.75,28856.0,28868.0,1228,0.0,0.0
2026-09-14 04:50:00-04:00,28867.5,28883.25,28858.0,28862.25,582,0.0,0.0
2026-09-14 04:55:00-04:00,28862.5,28877.75,28850.0,28877.25,728,0.0,0.0
2026-09-14 05:00:00-04:00,28877.5,28888.5,28872.0,28881.75,706,0.0,0.0
2026-09-14 05:05:00-04:00,28883.25,28891.5,28879.5,28882.75,388,0.0,0.0
2026-09-14 05:10:00-04:00,28882.5,28886.5,28836.0,28847.5,1146,0.0,0.0
2026-09-14 05:15:00-04:00,28848.25,28852.25,28833.5,28847.25,1157,0.0,0.0
2026-09-14 05:20:00-04:00,28847.25,28853.75,28816.75,28821.25,1074,0.0,0.0
2026-09-14 05:25:00-04:00,28822.25,28860.5,28816.25,28852.0,702,0.0,0.0
2026-09-14 05:30:00-04:00,28851.5,28869.25,28846.75,28860.75,1037,0.0,0.0
2026-09-14 05:35:00-04:00,28860.25,28864.75,28844.0,28849.25,568,0.0,0.0
2026-09-14 05:40:00-04:00,28849.25,28870.0,28846.5,28849.75,723,0.0,0.0
2026-09-14 05:45:00-04:00,28850.0,28858.25,28845.0,28846.5,408,0.0,0.0
2026-09-14 05:50:00-04:00,28845.25,28862.75,28839.0,28856.5,346,0.0,0.0
2026-09-14 05:55:00-04:00,28859.0,28860.5,28847.25,28855.75,301,0.0,0.0
2026-09-14 06:00:00-04:00,28856.0,28864.0,28855.0,28858.25,529,0.0,0.0
2026-09-14 06:05:00-04:00,28858.75,28867.5,28855.25,28860.75,354,0.0,0.0
2026-09-14 06:10:00-04:00,28860.75,28883.0,28860.5,28875.0,553,0.0,0.0
2026-09-14 06:15:00-04:00,28874.75,28876.0,28861.5,28868.75,526,0.0,0.0
2026-09-14 06:20:00-04:00,28869.5,28900.0,28867.75,28891.5,1022,0.0,0.0
2026-09-14 06:25:00-04:00,28891.75,28910.0,28891.25,28907.75,598,0.0,0.0
2026-09-14 06:30:00-04:00,28908.5,28918.25,28902.5,28915.25,637,0.0,0.0
2026-09-14 06:35:00-04:00,28915.5,28927.0,28915.5,28918.75,464,0.0,0.0
2026-09-14 06:40:00-04:00,28919.5,28940.5,28916.25,28934.0,790,0.0,0.0
2026-09-14 06:45:00-04:00,28934.0,28941.0,28925.75,28936.5,530,0.0,0.0
2026-09-14 06:50:00-04:00,28936.5,28937.5,28916.75,28919.25,574,0.0,0.0
2026-09-14 06:55:00-04:00,28918.0,28934.5,28918.0,28926.0,666,0.0,0.0
2026-09-14 07:00:00-04:00,28926.75,28942.75,28913.5,28941.75,817,0.0,0.0
2026-09-14 07:05:00-04:00,28940.25,28945.75,28934.5,28941.25,720,0.0,0.0
2026-09-14 07:10:00-04:00,28939.0,28947.75,28925.25,28937.25,486,0.0,0.0
2026-09-14 07:15:00-04:00,28936.25,28952.0,28935.75,28944.0,518,0.0,0.0
2026-09-14 07:20:00-04:00,28944.25,28957.0,28940.5,28955.5,1009,0.0,0.0
2026-09-14 07:25:00-04:00,28955.5,28977.5,28953.0,28972.0,1025,0.0,0.0
2026-09-14 07:30:00-04:00,28972.75,28972.75,28951.25,28955.75,1268,0.0,0.0
2026-09-14 07:35:00-04:00,28955.0,28955.25,28931.0,28949.25,895,0.0,0.0
2026-09-14 07:40:00-04:00,28948.25,28958.0,28939.0,28948.0,1019,0.0,0.0
2026-09-14 07:45:00-04:00,28948.75,28960.75,28943.0,28957.0,774,0.0,0.0
2026-09-14 07:50:00-04:00,28957.0,28957.0,28921.0,28929.5,989,0.0,0.0
2026-09-14 07:55:00-04:00,28931.0,28939.5,28925.0,28928.75,530,0.0,0.0
2026-09-14 08:00:00-04:00,28928.5,28928.5,28893.5,28900.0,1766,0.0,0.0
2026-09-14 08:05:00-04:00,28900.0,28912.25,28891.25,28907.25,1322,0.0,0.0
2026-09-14 08:10:00-04:00,28907.0,28923.25,28900.75,28912.0,1366,0.0,0.0
2026-09-14 08:15:00-04:00,28911.75,28945.5,28910.0,28922.75,1589,0.0,0.0
2026-09-14 08:20:00-04:00,28925.75,28931.0,28914.25,28920.75,595,0.0,0.0
2026-09-14 08:25:00-04:00,28920.75,28922.0,28906.75,28918.0,1351,0.0,0.0
2026-09-14 08:30:00-04:00,28917.75,28931.0,28902.75,28909.5,3658,0.0,0.0
2026-09-14 08:35:00-04:00,28907.75,28908.5,28851.0,28871.75,3455,0.0,0.0
2026-09-14 08:40:00-04:00,28871.25,28903.0,28845.0,28900.75,3165,0.0,0.0
2026-09-14 08:45:00-04:00,28900.25,28905.0,28874.25,28887.5,1859,0.0,0.0
2026-09-14 08:50:00-04:00,28886.25,28891.75,28861.0,28861.75,2743,0.0,0.0
2026-09-14 08:55:00-04:00,28862.75,28884.0,28857.25,28879.25,2319,0.0,0.0
2026-09-14 09:00:00-04:00,28880.0,28881.25,28836.0,28842.25,3636,0.0,0.0
2026-09-14 09:05:00-04:00,28842.25,28849.0,28829.0,28837.25,3048,0.0,0.0
2026-09-14 09:10:00-04:00,28839.0,28879.25,28835.0,28876.5,2533,0.0,0.0
2026-09-14 09:15:00-04:00,28878.0,28904.75,28877.5,28900.25,1761,0.0,0.0
2026-09-14 09:20:00-04:00,28900.25,28913.0,28896.5,28905.25,1383,0.0,0.0
2026-09-14 09:25:00-04:00,28905.0,28924.25,28895.75,28905.25,3579,0.0,0.0
2026-09-14 09:30:00-04:00,28906.5,28932.75,28880.5,28905.0,12518,0.0,0.0
2026-09-14 09:35:00-04:00,28904.75,28919.25,28878.75,28889.0,11906,0.0,0.0
2026-09-14 09:40:00-04:00,28888.25,28953.5,28883.75,28951.5,10171,0.0,0.0
2026-09-14 09:45:00-04:00,28952.0,29045.75,28951.0,29032.0,11667,0.0,0.0
2026-09-14 09:50:00-04:00,29032.75,29040.75,28997.75,29005.75,7588,0.0,0.0
2026-09-14 09:55:00-04:00,29005.75,29018.0,28990.25,29003.25,6644,0.0,0.0
2026-09-14 10:00:00-04:00,29003.5,29038.75,29001.0,29024.5,7531,0.0,0.0
2026-09-14 10:05:00-04:00,29023.75,29075.5,29018.5,29065.25,6118,0.0,0.0
2026-09-14 10:10:00-04:00,29065.25,29089.0,29064.75,29073.25,6997,0.0,0.0
2026-09-14 10:15:00-04:00,29073.75,29081.0,29030.5,29044.25,5292,0.0,0.0
2026-09-14 10:20:00-04:00,29043.5,29047.25,29005.75,29005.75,6068,0.0,0.0
2026-09-14 10:25:00-04:00,29005.5,29012.0,28976.0,29007.0,8466,0.0,0.0
2026-09-14 10:30:00-04:00,29006.25,29020.25,28988.75,29018.25,5169,0.0,0.0
2026-09-14 10:35:00-04:00,29017.0,29017.75,28959.5,28970.5,8575,0.0,0.0
2026-09-14 10:40:00-04:00,28969.75,28992.0,28955.75,28991.5,6634,0.0,0.0
2026-09-14 10:45:00-04:00,28991.25,29020.5,28987.75,29007.25,6218,0.0,0.0
2026-09-14 10:50:00-04:00,29007.0,29007.75,28973.25,28981.75,5080,0.0,0.0
2026-09-14 10:55:00-04:00,28981.75,29012.25,28970.0,29012.0,4623,0.0,0.0
2026-09-14 11:00:00-04:00,29011.25,29017.75,28986.75,28988.75,4774,0.0,0.0
2026-09-14 11:05:00-04:00,28987.75,29080.5,28986.25,29038.75,8333,0.0,0.0
2026-09-14 11:10:00-04:00,29039.75,29046.25,29022.0,29023.25,3218,0.0,0.0
2026-09-14 11:15:00-04:00,29022.25,29063.0,29018.0,29057.5,3687,0.0,0.0
2026-09-14 11:20:00-04:00,29057.5,29075.5,29045.75,29071.75,3597,0.0,0.0
2026-09-14 11:25:00-04:00,29071.25,29090.0,29062.5,29078.0,4789,0.0,0.0
2026-09-14 11:30:00-04:00,29077.0,29460.5,29076.0,29454.5,18996,0.0,0.0
2026-09-14 11:35:00-04:00,29455.75,29476.0,29438.0,29471.0,7669,0.0,0.0
2026-09-14 11:40:00-04:00,29471.75,29505.25,29463.0,29497.25,8345,0.0,0.0
2026-09-14 11:45:00-04:00,29498.0,29499.75,29469.0,29470.0,6217,0.0,0.0
2026-09-14 11:50:00-04:00,29470.25,29484.25,29461.0,29480.5,4239,0.0,0.0
2026-09-14 11:55:00-04:00,29479.75,29485.0,29467.5,29471.75,3062,0.0,0.0
2026-09-14 12:00:00-04:00,29472.0,29476.0,29439.25,29439.25,4208,0.0,0.0
2026-09-14 12:05:00-04:00,29439.0,29452.0,29428.5,29436.75,4247,0.0,0.0
2026-09-14 12:10:00-04:00,29437.25,29462.25,29435.0,29457.5,3025,0.0,0.0
2026-09-14 12:15:00-04:00,29457.25,29523.0,29457.25,29514.5,4900,0.0,0.0
2026-09-14 12:20:00-04:00,29514.25,29527.25,29498.0,29517.0,3578,0.0,0.0
2026-09-14 12:25:00-04:00,29517.0,29519.0,29485.75,29491.25,3730,0.0,0.0
2026-09-14 12:30:00-04:00,29490.5,29505.5,29484.5,29489.5,3536,0.0,0.0
2026-09-14 12:35:00-04:00,29489.75,29502.25,29481.0,29499.25,2397,0.0,0.0
2026-09-14 12:40:00-04:00,29499.25,29519.0,29493.5,29518.5,2631,0.0,0.0
2026-09-14 12:45:00-04:00,29518.0,29575.5,29504.0,29562.75,7831,0.0,0.0
2026-09-14 12:50:00-04:00,29562.5,29573.75,29552.25,29553.75,4269,0.0,0.0
2026-09-14 12:55:00-04:00,29554.75,29561.25,29538.0,29558.25,3441,0.0,0.0
2026-09-14 13:00:00-04:00,29558.75,29565.25,29542.0,29549.0,3714,0.0,0.0
2026-09-14 13:05:00-04:00,29549.0,29555.25,29538.75,29550.0,3744,0.0,0.0
2026-09-14 13:10:00-04:00,29550.25,29576.25,29548.25,29553.75,5189,0.0,0.0
2026-09-14 13:15:00-04:00,29554.0,29562.0,29537.25,29547.5,3137,0.0,0.0
2026-09-14 13:20:00-04:00,29547.25,29567.0,29545.25,29563.75,3040,0.0,0.0
2026-09-14 13:25:00-04:00,29563.0,29580.0,29556.25,29580.0,2276,0.0,0.0
2026-09-14 13:30:00-04:00,29579.5,29585.75,29568.5,29576.75,3047,0.0,0.0
2026-09-14 13:35:00-04:00,29576.5,29583.75,29568.25,29583.25,2553,0.0,0.0
2026-09-14 13:40:00-04:00,29584.0,29585.25,29573.5,29580.5,2574,0.0,0.0
2026-09-14 13:45:00-04:00,29580.5,29594.0,29579.5,29590.5,2576,0.0,0.0
2026-09-14 13:50:00-04:00,29590.5,29600.25,29587.0,29595.5,3346,0.0,0.0
2026-09-14 13:55:00-04:00,29595.25,29604.5,29580.75,29581.5,2887,0.0,0.0
2026-09-14 14:00:00-04:00,29582.0,29601.25,29571.5,29575.5,3822,0.0,0.0
2026-09-14 14:05:00-04:00,29575.75,29588.75,29567.25,29585.75,2374,0.0,0.0
2026-09-14 14:10:00-04:00,29585.75,29586.0,29573.75,29583.5,1950,0.0,0.0
2026-09-14 14:15:00-04:00,29584.0,29590.0,29572.25,29575.25,2025,0.0,0.0
2026-09-14 14:20:00-04:00,29575.75,29577.75,29561.0,29561.5,3060,0.0,0.0
2026-09-14 14:25:00-04:00,29561.5,29567.25,29556.5,29562.0,1839,0.0,0.0
2026-09-14 14:30:00-04:00,29562.25,29576.0,29558.25,29570.0,2103,0.0,0.0
2026-09-14 14:35:00-04:00,29570.0,29582.75,29565.75,29575.5,1758,0.0,0.0
2026-09-14 14:40:00-04:00,29574.5,29582.25,29569.5,29570.0,1802,0.0,0.0
2026-09-14 14:45:00-04:00,29570.25,29573.75,29557.0,29571.0,3165,0.0,0.0
2026-09-14 14:50:00-04:00,29571.25,29574.25,29562.75,29564.75,1460,0.0,0.0
2026-09-14 14:55:00-04:00,29564.5,29568.0,29554.0,29557.0,2169,0.0,0.0
2026-09-14 15:00:00-04:00,29556.75,29559.0,29542.0,29547.75,3155,0.0,0.0
2026-09-14 15:05:00-04:00,29547.5,29550.0,29527.0,29535.75,2438,0.0,0.0
2026-09-14 15:10:00-04:00,29535.25,29541.0,29526.75,29533.5,1527,0.0,0.0
2026-09-14 15:15:00-04:00,29532.75,29533.0,29520.75,29529.0,2295,0.0,0.0
2026-09-14 15:20:00-04:00,29529.0,29531.75,29516.25,29524.75,2260,0.0,0.0
2026-09-14 15:25:00-04:00,29524.0,29530.0,29521.5,29523.5,1672,0.0,0.0
2026-09-14 15:30:00-04:00,29523.25,29530.0,29521.25,29523.0,1895,0.0,0.0
2026-09-14 15:35:00-04:00,29523.25,29523.75,29508.75,29510.25,2640,0.0,0.0
2026-09-14 15:40:00-04:00,29510.5,29520.25,29508.75,29514.0,2385,0.0,0.0
2026-09-14 15:45:00-04:00,29514.0,29523.25,29512.0,29522.25,3461,0.0,0.0
2026-09-14 15:50:00-04:00,29521.25,29526.0,29484.0,29490.75,6191,0.0,0.0
2026-09-14 15:55:00-04:00,29490.75,29491.0,29444.5,29449.5,17286,0.0,0.0
2026-09-14 16:00:00-04:00,29448.75,29464.25,29448.0,29457.0,4830,0.0,0.0
2026-09-14 16:05:00-04:00,29456.75,29458.75,29449.5,29452.0,2440,0.0,0.0
2026-09-14 16:10:00-04:00,29453.0,29461.5,29450.5,29458.75,1357,0.0,0.0
2026-09-14 16:15:00-04:00,29459.25,29459.75,29445.25,29458.5,784,0.0,0.0
2026-09-14 16:20:00-04:00,29459.0,29476.0,29458.75,29474.75,1021,0.0,0.0
2026-09-14 16:25:00-04:00,29474.75,29478.25,29471.25,29475.75,564,0.0,0.0
2026-09-14 16:30:00-04:00,29475.75,29478.75,29469.5,29477.0,373,0.0,0.0
2026-09-14 16:35:00-04:00,29477.5,29479.25,29474.0,29478.5,372,0.0,0.0
2026-09-14 16:40:00-04:00,29477.75,29482.25,29475.25,29477.75,554,0.0,0.0
2026-09-14 16:45:00-04:00,29477.5,29487.75,29477.25,29486.75,403,0.0,0.0
2026-09-14 16:50:00-04:00,29487.0,29493.75,29484.5,29493.0,557,0.0,0.0
2026-09-14 16:55:00-04:00,29493.0,29494.5,29480.75,29489.75,673,0.0,0.0
2026-09-14 18:00:00-04:00,29488.5,29490.25,29465.0,29476.0,0,0.0,0.0
2026-09-14 18:05:00-04:00,29476.75,29476.75,29457.5,29461.25,368,0.0,0.0
2026-09-14 18:10:00-04:00,29461.25,29465.25,29458.5,29462.25,198,0.0,0.0
2026-09-14 18:15:00-04:00,29463.5,29467.75,29451.75,29457.75,424,0.0,0.0
2026-09-14 18:20:00-04:00,29458.0,29462.0,29457.0,29459.0,161,0.0,0.0
2026-09-14 18:25:00-04:00,29458.0,29459.0,29449.25,29457.0,281,0.0,0.0
2026-09-14 18:30:00-04:00,29457.75,29463.0,29457.0,29460.25,228,0.0,0.0
2026-09-14 18:35:00-04:00,29460.0,29465.0,29456.0,29459.5,193,0.0,0.0
2026-09-14 18:40:00-04:00,29459.5,29462.5,29454.5,29455.75,211,0.0,0.0
2026-09-14 18:45:00-04:00,29456.75,29466.5,29456.0,29466.0,235,0.0,0.0
2026-09-14 18:50:00-04:00,29466.75,29474.25,29464.75,29466.5,325,0.0,0.0
2026-09-14 18:55:00-04:00,29466.25,29468.25,29458.5,29458.5,168,0.0,0.0
2026-09-14 19:00:00-04:00,29459.5,29462.5,29449.75,29458.5,357,0.0,0.0
2026-09-14 19:05:00-04:00,29459.0,29461.25,29453.5,29460.5,85,0.0,0.0
2026-09-14 19:10:00-04:00,29460.0,29467.25,29457.0,29461.25,451,0.0,0.0
2026-09-14 19:15:00-04:00,29462.25,29463.25,29451.0,29453.25,174,0.0,0.0
2026-09-14 19:20:00-04:00,29453.25,29461.5,29450.5,29459.5,123,0.0,0.0
2026-09-14 19:25:00-04:00,29459.0,29462.75,29453.25,29455.75,206,0.0,0.0
2026-09-14 19:30:00-04:00,29454.75,29459.25,29453.0,29456.75,188,0.0,0.0
2026-09-14 19:35:00-04:00,29457.75,29462.25,29456.5,29460.5,72,0.0,0.0
2026-09-14 19:40:00-04:00,29461.5,29463.25,29455.25,29458.5,105,0.0,0.0
2026-09-14 19:45:00-04:00,29458.5,29461.25,29449.75,29454.0,436,0.0,0.0
2026-09-14 19:50:00-04:00,29454.5,29455.5,29442.75,29450.0,368,0.0,0.0
2026-09-14 19:55:00-04:00,29450.75,29459.5,29449.5,29457.25,272,0.0,0.0
2026-09-14 20:00:00-04:00,29457.25,29470.0,29445.75,29449.25,746,0.0,0.0
2026-09-14 20:05:00-04:00,29450.0,29465.5,29426.75,29459.75,1181,0.0,0.0
2026-09-14 20:10:00-04:00,29461.25,29461.25,29444.0,29457.75,545,0.0,0.0
2026-09-14 20:15:00-04:00,29457.0,29457.25,29433.75,29443.75,806,0.0,0.0
2026-09-14 20:20:00-04:00,29441.5,29461.75,29436.25,29459.25,461,0.0,0.0
2026-09-14 20:25:00-04:00,29460.0,29466.25,29449.0,29455.25,548,0.0,0.0
2026-09-14 20:30:00-04:00,29453.5,29461.25,29452.75,29458.5,395,0.0,0.0
2026-09-14 20:35:00-04:00,29458.25,29480.0,29458.0,29477.0,480,0.0,0.0
2026-09-14 20:40:00-04:00,29476.25,29490.75,29476.25,29485.75,593,0.0,0.0
2026-09-14 20:45:00-04:00,29484.75,29487.0,29470.0,29477.25,403,0.0,0.0
2026-09-14 20:50:00-04:00,29476.75,29489.5,29476.5,29480.0,422,0.0,0.0
2026-09-14 20:55:00-04:00,29480.25,29484.0,29463.0,29467.75,488,0.0,0.0
2026-09-14 21:00:00-04:00,29467.5,29489.25,29459.5,29484.5,648,0.0,0.0
2026-09-14 21:05:00-04:00,29484.75,29485.5,29471.5,29477.25,462,0.0,0.0
2026-09-14 21:10:00-04:00,29477.25,29492.75,29476.75,29487.5,343,0.0,0.0
2026-09-14 21:15:00-04:00,29487.5,29495.25,29485.5,29488.25,375,0.0,0.0
2026-09-14 21:20:00-04:00,29487.75,29490.25,29483.75,29488.75,196,0.0,0.0
2026-09-14 21:25:00-04:00,29487.5,29490.5,29470.5,29474.5,388,0.0,0.0
2026-09-14 21:30:00-04:00,29473.75,29477.5,29456.75,29458.0,554,0.0,0.0
2026-09-14 21:35:00-04:00,29456.75,29459.25,29444.5,29453.75,733,0.0,0.0
2026-09-14 21:40:00-04:00,29453.0,29453.0,29428.0,29438.5,922,0.0,0.0
2026-09-14 21:45:00-04:00,29439.75,29454.75,29430.25,29454.0,822,0.0,0.0
2026-09-14 21:50:00-04:00,29452.75,29469.0,29439.25,29460.25,676,0.0,0.0
2026-09-14 21:55:00-04:00,29461.5,29470.0,29457.75,29463.5,381,0.0,0.0
2026-09-14 22:00:00-04:00,29463.75,29475.25,29459.75,29471.0,527,0.0,0.0
2026-09-14 22:05:00-04:00,29469.75,29471.0,29453.75,29460.25,340,0.0,0.0
2026-09-14 22:10:00-04:00,29461.5,29466.5,29454.25,29460.75,222,0.0,0.0
2026-09-14 22:15:00-04:00,29461.5,29465.5,29452.0,29455.25,314,0.0,0.0
2026-09-14 22:20:00-04:00,29456.75,29463.75,29453.25,29463.75,148,0.0,0.0
2026-09-14 22:25:00-04:00,29462.5,29468.25,29457.75,29463.25,231,0.0,0.0
2026-09-14 22:30:00-04:00,29464.0,29469.75,29455.5,29464.5,325,0.0,0.0
2026-09-14 22:35:00-04:00,29463.0,29469.75,29456.75,29461.75,262,0.0,0.0
2026-09-14 22:40:00-04:00,29461.5,29466.25,29452.0,29461.25,223,0.0,0.0
2026-09-14 22:45:00-04:00,29459.0,29468.75,29455.0,29466.25,219,0.0,0.0
2026-09-14 22:50:00-04:00,29467.0,29467.75,29456.75,29461.75,220,0.0,0.0
2026-09-14 22:55:00-04:00,29462.75,29468.75,29458.75,29460.5,394,0.0,0.0
2026-09-14 23:00:00-04:00,29460.0,29467.75,29455.5,29458.0,338,0.0,0.0
2026-09-14 23:05:00-04:00,29457.5,29457.5,29449.0,29452.25,364,0.0,0.0
2026-09-14 23:10:00-04:00,29450.5,29455.25,29444.5,29451.25,263,0.0,0.0
2026-09-14 23:15:00-04:00,29450.75,29454.75,29444.0,29446.5,223,0.0,0.0
2026-09-14 23:20:00-04:00,29446.25,29449.75,29443.0,29445.5,127,0.0,0.0
2026-09-14 23:25:00-04:00,29446.25,29448.25,29440.25,29447.5,203,0.0,0.0
2026-09-14 23:30:00-04:00,29444.0,29451.25,29440.5,29447.0,233,0.0,0.0
2026-09-14 23:35:00-04:00,29448.5,29452.0,29441.25,29442.25,183,0.0,0.0
2026-09-14 23:40:00-04:00,29442.75,29449.0,29441.5,29449.0,108,0.0,0.0
2026-09-14 23:45:00-04:00,29449.5,29454.75,29436.75,29440.75,385,0.0,0.0
2026-09-14 23:50:00-04:00,29441.25,29442.0,29422.5,29424.25,374,0.0,0.0
2026-09-14 23:55:00-04:00,29423.0,29424.0,29415.0,29416.75,303,0.0,0.0
2026-09-15 00:05:00-04:00,29418.0,29421.0,29417.75,29421.0,799,0.0,0.0
2026-09-15 00:10:00-04:00,29419.5,29425.25,29411.5,29414.5,214,0.0,0.0
2026-09-15 00:15:00-04:00,29415.25,29418.0,29405.25,29410.5,427,0.0,0.0
2026-09-15 00:20:00-04:00,29410.25,29411.25,29389.0,29390.0,838,0.0,0.0
2026-09-15 00:25:00-04:00,29390.75,29391.75,29376.75,29385.5,568,0.0,0.0
2026-09-15 00:30:00-04:00,29386.5,29392.5,29379.25,29383.5,297,0.0,0.0
2026-09-15 00:35:00-04:00,29383.75,29383.75,29363.5,29372.75,439,0.0,0.0
2026-09-15 00:40:00-04:00,29373.0,29393.5,29371.25,29388.0,590,0.0,0.0
2026-09-15 00:45:00-04:00,29387.5,29398.75,29381.25,29389.25,441,0.0,0.0
2026-09-15 00:50:00-04:00,29388.25,29390.0,29365.75,29376.5,526,0.0,0.0
2026-09-15 00:55:00-04:00,29377.0,29377.0,29352.0,29353.25,629,0.0,0.0
2026-09-15 01:00:00-04:00,29352.25,29362.75,29348.25,29351.75,726,0.0,0.0
2026-09-15 01:05:00-04:00,29350.0,29356.0,29332.75,29335.0,780,0.0,0.0
2026-09-15 01:10:00-04:00,29332.75,29335.25,29318.0,29325.0,767,0.0,0.0
2026-09-15 01:15:00-04:00,29325.75,29325.75,29308.5,29312.25,656,0.0,0.0
2026-09-15 01:20:00-04:00,29313.5,29326.0,29311.75,29317.0,462,0.0,0.0
2026-09-15 01:25:00-04:00,29317.25,29344.25,29316.0,29340.75,568,0.0,0.0
2026-09-15 01:30:00-04:00,29340.0,29354.75,29331.75,29350.75,563,0.0,0.0
2026-09-15 01:35:00-04:00,29351.25,29353.5,29329.25,29344.25,473,0.0,0.0
2026-09-15 01:40:00-04:00,29344.25,29379.0,29344.25,29376.25,689,0.0,0.0
2026-09-15 01:45:00-04:00,29377.0,29388.0,29369.25,29374.25,561,0.0,0.0
2026-09-15 01:50:00-04:00,29374.25,29404.5,29369.75,29402.5,765,0.0,0.0
2026-09-15 01:55:00-04:00,29403.25,29403.5,29376.5,29379.25,566,0.0,0.0
2026-09-15 02:00:00-04:00,29378.25,29395.25,29377.0,29389.5,775,0.0,0.0
2026-09-15 02:05:00-04:00,29388.5,29392.5,29366.75,29378.25,593,0.0,0.0
2026-09-15 02:10:00-04:00,29378.0,29390.5,29370.0,29386.5,437,0.0,0.0
2026-09-15 02:15:00-04:00,29384.25,29393.5,29379.5,29390.75,426,0.0,0.0
2026-09-15 02:20:00-04:00,29390.25,29395.25,29379.75,29380.0,306,0.0,0.0
2026-09-15 02:25:00-04:00,29381.75,29384.75,29370.5,29372.25,256,0.0,0.0
2026-09-15 02:30:00-04:00,29372.0,29373.75,29357.0,29359.0,500,0.0,0.0
2026-09-15 02:35:00-04:00,29358.25,29371.25,29347.0,29357.0,451,0.0,0.0
2026-09-15 02:40:00-04:00,29356.75,29366.25,29345.5,29348.25,399,0.0,0.0
2026-09-15 02:45:00-04:00,29346.75,29361.0,29345.5,29353.75,320,0.0,0.0
2026-09-15 02:50:00-04:00,29355.25,29356.25,29346.0,29347.75,283,0.0,0.0
2026-09-15 02:55:00-04:00,29346.0,29358.75,29339.0,29352.25,462,0.0,0.0
2026-09-15 03:00:00-04:00,29354.5,29376.0,29339.5,29368.25,1118,0.0,0.0
2026-09-15 03:05:00-04:00,29367.25,29374.75,29344.25,29360.0,652,0.0,0.0
2026-09-15 03:10:00-04:00,29364.0,29367.5,29323.25,29327.5,929,0.0,0.0
2026-09-15 03:15:00-04:00,29325.75,29352.5,29325.75,29352.5,537,0.0,0.0
2026-09-15 03:20:00-04:00,29352.25,29378.25,29350.75,29376.5,642,0.0,0.0
2026-09-15 03:25:00-04:00,29377.25,29382.5,29343.0,29354.5,634,0.0,0.0
2026-09-15 03:30:00-04:00,29354.5,29364.25,29349.0,29354.75,507,0.0,0.0
2026-09-15 03:35:00-04:00,29352.0,29355.25,29334.5,29337.25,661,0.0,0.0
2026-09-15 03:40:00-04:00,29337.0,29340.5,29312.25,29316.25,959,0.0,0.0
2026-09-15 03:45:00-04:00,29316.25,29339.0,29313.0,29325.0,1153,0.0,0.0
2026-09-15 03:50:00-04:00,29326.0,29330.75,29301.75,29313.25,1037,0.0,0.0
2026-09-15 03:55:00-04:00,29312.5,29320.0,29298.75,29316.0,948,0.0,0.0
2026-09-15 04:00:00-04:00,29317.75,29317.75,29277.75,29282.75,1488,0.0,0.0
2026-09-15 04:05:00-04:00,29283.75,29284.75,29242.25,29242.5,1207,0.0,0.0
2026-09-15 04:10:00-04:00,29241.0,29279.0,29231.0,29276.5,1244,0.0,0.0
2026-09-15 04:15:00-04:00,29277.5,29301.0,29276.75,29300.25,963,0.0,0.0
2026-09-15 04:20:00-04:00,29300.5,29310.0,29294.5,29295.75,957,0.0,0.0
2026-09-15 04:25:00-04:00,29296.5,29303.75,29275.5,29290.5,1185,0.0,0.0
2026-09-15 04:30:00-04:00,29289.25,29295.0,29269.5,29272.25,771,0.0,0.0
2026-09-15 04:35:00-04:00,29273.25,29291.5,29269.75,29281.75,605,0.0,0.0
2026-09-15 04:40:00-04:00,29281.75,29285.25,29269.5,29271.75,450,0.0,0.0
2026-09-15 04:45:00-04:00,29271.0,29274.25,29265.0,29273.5,307,0.0,0.0
2026-09-15 04:50:00-04:00,29272.25,29281.0,29270.25,29274.75,285,0.0,0.0
2026-09-15 04:55:00-04:00,29275.25,29286.75,29264.25,29271.5,499,0.0,0.0
2026-09-15 05:00:00-04:00,29272.25,29276.5,29250.75,29267.75,686,0.0,0.0
2026-09-15 05:05:00-04:00,29267.0,29285.0,29261.75,29263.0,668,0.0,0.0
2026-09-15 05:10:00-04:00,29260.75,29271.5,29250.0,29260.25,620,0.0,0.0
2026-09-15 05:15:00-04:00,29260.5,29266.75,29236.5,29242.75,736,0.0,0.0
2026-09-15 05:20:00-04:00,29243.25,29274.75,29242.25,29251.0,892,0.0,0.0
2026-09-15 05:25:00-04:00,29250.75,29272.25,29247.5,29269.0,479,0.0,0.0
2026-09-15 05:30:00-04:00,29270.5,29275.75,29258.5,29274.0,522,0.0,0.0
2026-09-15 05:35:00-04:00,29273.0,29296.0,29271.5,29293.5,821,0.0,0.0
2026-09-15 05:40:00-04:00,29294.0,29300.0,29289.75,29295.75,428,0.0,0.0
2026-09-15 05:45:00-04:00,29295.5,29327.5,29295.5,29327.0,724,0.0,0.0
2026-09-15 05:50:00-04:00,29326.25,29346.25,29323.5,29344.0,776,0.0,0.0
2026-09-15 05:55:00-04:00,29345.25,29345.75,29330.75,29339.0,585,0.0,0.0
2026-09-15 06:00:00-04:00,29340.5,29350.0,29331.0,29337.0,816,0.0,0.0
2026-09-15 06:05:00-04:00,29336.25,29344.75,29333.25,29343.0,359,0.0,0.0
2026-09-15 06:10:00-04:00,29341.75,29366.75,29341.25,29348.5,944,0.0,0.0
2026-09-15 06:15:00-04:00,29347.5,29348.25,29334.5,29343.25,534,0.0,0.0
2026-09-15 06:20:00-04:00,29344.5,29357.75,29340.5,29357.75,589,0.0,0.0
2026-09-15 06:25:00-04:00,29356.5,29362.5,29351.0,29361.75,693,0.0,0.0
2026-09-15 06:30:00-04:00,29362.0,29370.5,29354.5,29368.0,694,0.0,0.0
2026-09-15 06:35:00-04:00,29367.0,29375.5,29365.0,29373.5,546,0.0,0.0
2026-09-15 06:40:00-04:00,29372.5,29375.75,29362.75,29367.75,654,0.0,0.0
2026-09-15 06:45:00-04:00,29367.0,29378.0,29361.5,29375.5,572,0.0,0.0
2026-09-15 06:50:00-04:00,29375.0,29387.0,29372.5,29384.5,490,0.0,0.0
2026-09-15 06:55:00-04:00,29385.0,29396.0,29384.0,29393.5,1051,0.0,0.0
2026-09-15 07:00:00-04:00,29393.25,29420.5,29392.0,29405.25,1292,0.0,0.0
2026-09-15 07:05:00-04:00,29405.75,29418.0,29393.25,29415.25,806,0.0,0.0
2026-09-15 07:10:00-04:00,29416.25,29425.0,29412.75,29415.75,868,0.0,0.0
2026-09-15 07:15:00-04:00,29416.25,29427.25,29408.75,29419.5,679,0.0,0.0
2026-09-15 07:20:00-04:00,29418.75,29425.0,29405.0,29409.5,496,0.0,0.0
2026-09-15 07:25:00-04:00,29409.5,29413.75,29400.5,29405.25,435,0.0,0.0
2026-09-15 07:30:00-04:00,29405.25,29405.75,29388.75,29399.25,906,0.0,0.0
2026-09-15 07:35:00-04:00,29399.75,29413.0,29392.5,29395.5,719,0.0,0.0
2026-09-15 07:40:00-04:00,29395.75,29410.0,29391.0,29406.0,1017,0.0,0.0
2026-09-15 07:45:00-04:00,29406.25,29419.75,29402.5,29406.75,853,0.0,0.0
2026-09-15 07:50:00-04:00,29407.5,29422.25,29402.75,29407.75,546,0.0,0.0
2026-09-15 07:55:00-04:00,29408.25,29420.0,29403.75,29416.5,626,0.0,0.0
2026-09-15 08:00:00-04:00,29416.25,29428.75,29404.5,29420.25,1068,0.0,0.0
2026-09-15 08:05:00-04:00,29421.0,29424.25,29412.0,29420.75,627,0.0,0.0
2026-09-15 08:10:00-04:00,29420.5,29439.75,29418.5,29434.5,1244,0.0,0.0
2026-09-15 08:15:00-04:00,29434.25,29441.0,29424.25,29432.5,914,0.0,0.0
2026-09-15 08:20:00-04:00,29432.5,29432.75,29398.0,29406.25,1273,0.0,0.0
2026-09-15 08:25:00-04:00,29407.0,29430.0,29406.5,29423.0,792,0.0,0.0
2026-09-15 08:30:00-04:00,29421.0,29429.0,29401.5,29429.0,1327,0.0,0.0
2026-09-15 08:35:00-04:00,29429.25,29431.25,29417.25,29425.75,914,0.0,0.0
2026-09-15 08:40:00-04:00,29424.5,29432.5,29406.75,29420.75,1433,0.0,0.0
2026-09-15 08:45:00-04:00,29419.75,29468.5,29416.0,29459.0,3350,0.0,0.0
2026-09-15 08:50:00-04:00,29459.25,29474.25,29447.75,29471.5,1957,0.0,0.0
2026-09-15 08:55:00-04:00,29472.0,29484.5,29429.5,29435.75,2731,0.0,0.0
2026-09-15 09:00:00-04:00,29433.75,29444.75,29424.75,29444.0,1517,0.0,0.0
2026-09-15 09:05:00-04:00,29444.0,29447.0,29432.25,29439.0,1832,0.0,0.0
2026-09-15 09:10:00-04:00,29439.5,29445.5,29426.5,29429.75,1131,0.0,0.0
2026-09-15 09:15:00-04:00,29429.0,29435.5,29413.25,29421.25,1817,0.0,0.0
2026-09-15 09:20:00-04:00,29421.0,29425.5,29409.5,29418.25,1628,0.0,0.0
2026-09-15 09:25:00-04:00,29418.25,29439.25,29415.25,29420.5,2692,0.0,0.0
2026-09-15 09:30:00-04:00,29420.5,29424.5,29372.5,29385.5,16539,0.0,0.0
2026-09-15 09:35:00-04:00,29386.75,29441.25,29386.25,29430.5,11461,0.0,0.0
2026-09-15 09:40:00-04:00,29430.0,29440.75,29405.5,29435.75,8891,0.0,0.0
2026-09-15 09:45:00-04:00,29435.75,29453.5,29422.25,29429.25,7576,0.0,0.0
2026-09-15 09:50:00-04:00,29429.75,29436.75,29406.25,29429.25,6978,0.0,0.0
2026-09-15 09:55:00-04:00,29429.75,29438.25,29415.5,29429.25,4990,0.0,0.0
2026-09-15 10:00:00-04:00,29429.5,29432.0,29396.25,29396.5,5573,0.0,0.0
2026-09-15 10:05:00-04:00,29397.0,29403.25,29370.75,29381.0,6761,0.0,0.0
2026-09-15 10:10:00-04:00,29379.5,29381.25,29338.75,29342.75,7505,0.0,0.0
2026-09-15 10:15:00-04:00,29342.75,29365.0,29339.75,29355.5,7641,0.0,0.0
2026-09-15 10:20:00-04:00,29356.25,29362.5,29302.0,29327.5,9244,0.0,0.0
2026-09-15 10:25:00-04:00,29327.75,29337.5,29315.5,29326.25,6373,0.0,0.0
2026-09-15 10:30:00-04:00,29326.75,29334.25,29301.0,29310.25,7880,0.0,0.0
2026-09-15 10:35:00-04:00,29309.5,29319.5,29285.25,29291.0,6818,0.0,0.0
2026-09-15 10:40:00-04:00,29290.75,29291.0,29273.25,29287.5,5848,0.0,0.0
2026-09-15 10:45:00-04:00,29287.75,29302.0,29267.5,29268.0,5135,0.0,0.0
2026-09-15 10:50:00-04:00,29267.5,29271.25,29215.75,29239.75,10852,0.0,0.0
2026-09-15 10:55:00-04:00,29239.0,29260.0,29228.0,29239.75,7570,0.0,0.0
2026-09-15 11:00:00-04:00,29240.0,29284.0,29239.25,29283.75,7411,0.0,0.0
2026-09-15 11:05:00-04:00,29284.0,29290.25,29268.75,29274.25,4655,0.0,0.0
2026-09-15 11:10:00-04:00,29272.75,29281.5,29260.0,29273.0,5237,0.0,0.0
2026-09-15 11:15:00-04:00,29273.0,29295.5,29266.5,29287.5,4436,0.0,0.0
2026-09-15 11:20:00-04:00,29287.75,29295.75,29267.25,29287.5,4450,0.0,0.0
2026-09-15 11:25:00-04:00,29288.0,29297.25,29278.5,29291.75,3005,0.0,0.0
2026-09-15 11:30:00-04:00,29291.75,29293.75,29260.5,29281.75,5073,0.0,0.0
2026-09-15 11:35:00-04:00,29282.5,29289.75,29271.0,29271.75,3458,0.0,0.0
2026-09-15 11:40:00-04:00,29272.5,29297.25,29271.5,29287.5,3912,0.0,0.0
2026-09-15 11:45:00-04:00,29288.0,29290.5,29262.0,29267.5,3089,0.0,0.0
2026-09-15 11:50:00-04:00,29266.75,29298.75,29264.75,29279.25,5003,0.0,0.0
2026-09-15 11:55:00-04:00,29278.5,29311.5,29273.75,29277.75,4319,0.0,0.0
2026-09-15 12:00:00-04:00,29277.75,29289.75,29272.25,29285.25,2700,0.0,0.0
2026-09-15 12:05:00-04:00,29284.5,29285.0,29244.75,29250.0,3841,0.0,0.0
2026-09-15 12:10:00-04:00,29249.25,29254.25,29241.5,29244.5,2974,0.0,0.0
2026-09-15 12:15:00-04:00,29243.75,29268.75,29240.0,29267.5,3127,0.0,0.0
2026-09-15 12:20:00-04:00,29266.75,29301.75,29266.5,29296.0,4520,0.0,0.0
2026-09-15 12:25:00-04:00,29296.5,29300.5,29281.5,29285.0,4187,0.0,0.0
2026-09-15 12:30:00-04:00,29284.5,29294.0,29266.75,29286.25,4327,0.0,0.0
2026-09-15 12:35:00-04:00,29286.75,29288.25,29275.0,29281.25,2252,0.0,0.0
2026-09-15 12:40:00-04:00,29280.75,29284.25,29270.75,29277.5,2259,0.0,0.0
2026-09-15 12:45:00-04:00,29277.0,29284.5,29265.25,29274.25,2524,0.0,0.0
2026-09-15 12:50:00-04:00,29273.5,29301.0,29272.75,29297.5,3183,0.0,0.0
2026-09-15 12:55:00-04:00,29298.0,29302.5,29271.25,29279.5,3436,0.0,0.0
2026-09-15 13:00:00-04:00,29280.25,29284.0,29250.25,29250.25,3611,0.0,0.0
2026-09-15 13:05:00-04:00,29250.25,29268.0,29244.25,29255.75,3442,0.0,0.0
2026-09-15 13:10:00-04:00,29256.25,29272.25,29253.0,29253.75,2546,0.0,0.0
2026-09-15 13:15:00-04:00,29253.75,29262.5,29251.0,29261.5,1652,0.0,0.0
2026-09-15 13:20:00-04:00,29261.0,29266.75,29241.25,29243.75,1916,0.0,0.0
2026-09-15 13:25:00-04:00,29244.25,29256.75,29242.25,29253.75,2102,0.0,0.0
2026-09-15 13:30:00-04:00,29254.0,29268.25,29249.75,29258.0,2812,0.0,0.0
2026-09-15 13:35:00-04:00,29258.5,29264.75,29249.0,29253.5,1862,0.0,0.0
2026-09-15 13:40:00-04:00,29253.25,29260.25,29242.0,29255.25,2604,0.0,0.0
2026-09-15 13:45:00-04:00,29255.25,29262.0,29245.75,29249.75,2016,0.0,0.0
2026-09-15 13:50:00-04:00,29249.0,29264.75,29247.5,29264.25,1890,0.0,0.0
2026-09-15 13:55:00-04:00,29263.75,29271.5,29258.5,29263.75,2455,0.0,0.0
2026-09-15 14:00:00-04:00,29263.5,29274.25,29255.0,29273.75,2746,0.0,0.0
2026-09-15 14:05:00-04:00,29273.5,29280.75,29268.0,29280.75,1787,0.0,0.0
2026-09-15 14:10:00-04:00,29280.75,29287.75,29274.25,29280.25,2817,0.0,0.0
2026-09-15 14:15:00-04:00,29280.75,29283.0,29262.5,29266.75,2865,0.0,0.0
2026-09-15 14:20:00-04:00,29267.0,29273.25,29266.0,29271.5,1476,0.0,0.0
2026-09-15 14:25:00-04:00,29271.5,29281.0,29266.25,29281.0,2227,0.0,0.0
2026-09-15 14:30:00-04:00,29280.75,29280.75,29256.25,29258.75,2393,0.0,0.0
2026-09-15 14:35:00-04:00,29259.0,29262.75,29251.0,29258.5,1672,0.0,0.0
2026-09-15 14:40:00-04:00,29258.5,29269.5,29247.0,29250.75,3461,0.0,0.0
2026-09-15 14:45:00-04:00,29251.5,29253.0,29229.75,29236.25,3177,0.0,0.0
2026-09-15 14:50:00-04:00,29236.5,29244.25,29233.0,29242.75,2151,0.0,0.0
2026-09-15 14:55:00-04:00,29243.0,29254.0,29240.25,29252.5,3276,0.0,0.0
2026-09-15 15:00:00-04:00,29252.75,29258.75,29242.75,29251.0,2708,0.0,0.0
2026-09-15 15:05:00-04:00,29250.75,29255.25,29244.5,29252.75,2096,0.0,0.0
2026-09-15 15:10:00-04:00,29252.5,29254.75,29238.75,29241.0,2067,0.0,0.0
2026-09-15 15:15:00-04:00,29241.0,29244.0,29232.75,29241.25,2343,0.0,0.0
2026-09-15 15:20:00-04:00,29240.75,29241.75,29234.25,29236.0,2015,0.0,0.0
2026-09-15 15:25:00-04:00,29236.25,29244.0,29231.5,29238.25,1986,0.0,0.0
2026-09-15 15:30:00-04:00,29238.75,29241.25,29232.5,29233.25,2552,0.0,0.0
2026-09-15 15:35:00-04:00,29233.25,29233.25,29214.0,29219.25,3294,0.0,0.0
2026-09-15 15:40:00-04:00,29219.5,29230.75,29215.25,29227.0,3033,0.0,0.0
2026-09-15 15:45:00-04:00,29227.0,29234.5,29222.5,29233.0,3247,0.0,0.0
2026-09-15 15:50:00-04:00,29232.75,29239.5,29207.5,29237.75,6514,0.0,0.0
2026-09-15 15:55:00-04:00,29238.0,29254.25,29228.0,29251.5,17477,0.0,0.0
2026-09-15 16:00:00-04:00,29251.75,29281.75,29250.25,29277.75,6712,0.0,0.0
2026-09-15 16:05:00-04:00,29278.25,29279.5,29272.25,29276.75,1998,0.0,0.0
2026-09-15 16:10:00-04:00,29277.0,29291.0,29275.25,29287.0,1860,0.0,0.0
2026-09-15 16:15:00-04:00,29286.75,29287.5,29279.5,29281.0,980,0.0,0.0
2026-09-15 16:20:00-04:00,29281.5,29282.0,29274.5,29276.0,907,0.0,0.0
2026-09-15 16:25:00-04:00,29276.5,29276.75,29269.0,29270.5,629,0.0,0.0
2026-09-15 16:30:00-04:00,29270.5,29277.0,29267.25,29271.75,489,0.0,0.0
2026-09-15 16:35:00-04:00,29272.5,29280.0,29271.5,29277.25,321,0.0,0.0
2026-09-15 16:40:00-04:00,29276.75,29283.0,29273.5,29278.75,434,0.0,0.0
2026-09-15 16:45:00-04:00,29278.75,29285.0,29276.75,29284.5,313,0.0,0.0
2026-09-15 16:50:00-04:00,29284.5,29285.0,29279.25,29282.5,176,0.0,0.0
2026-09-15 16:55:00-04:00,29282.0,29287.0,29277.0,29277.0,435,0.0,0.0
2026-09-15 18:00:00-04:00,29263.75,29278.5,29251.25,29273.75,0,0.0,0.0
2026-09-15 18:05:00-04:00,29271.75,29273.0,29258.25,29264.75,441,0.0,0.0
2026-09-15 18:10:00-04:00,29263.25,29265.25,29257.75,29261.5,213,0.0,0.0
2026-09-15 18:15:00-04:00,29261.25,29270.75,29260.0,29265.5,287,0.0,0.0
2026-09-15 18:20:00-04:00,29263.5,29275.0,29262.75,29270.75,190,0.0,0.0
2026-09-15 18:25:00-04:00,29270.75,29272.0,29262.0,29269.25,213,0.0,0.0
2026-09-15 18:30:00-04:00,29268.25,29279.5,29266.75,29277.5,240,0.0,0.0
2026-09-15 18:35:00-04:00,29279.25,29286.25,29277.5,29286.25,211,0.0,0.0
2026-09-15 18:40:00-04:00,29285.0,29286.0,29279.5,29282.75,135,0.0,0.0
2026-09-15 18:45:00-04:00,29282.25,29286.25,29280.0,29283.5,132,0.0,0.0
2026-09-15 18:50:00-04:00,29284.75,29289.25,29284.0,29284.75,115,0.0,0.0
2026-09-15 18:55:00-04:00,29285.75,29286.75,29282.25,29282.5,83,0.0,0.0
2026-09-15 19:00:00-04:00,29282.0,29284.5,29278.0,29280.0,234,0.0,0.0
2026-09-15 19:05:00-04:00,29280.5,29283.0,29278.5,29279.0,81,0.0,0.0
2026-09-15 19:10:00-04:00,29279.5,29283.25,29276.0,29278.75,216,0.0,0.0
2026-09-15 19:15:00-04:00,29278.0,29279.5,29273.0,29275.0,160,0.0,0.0
2026-09-15 19:20:00-04:00,29276.5,29277.0,29273.25,29275.0,63,0.0,0.0
2026-09-15 19:25:00-04:00,29274.75,29275.0,29265.75,29267.0,251,0.0,0.0
2026-09-15 19:30:00-04:00,29267.25,29271.75,29266.0,29268.25,149,0.0,0.0
2026-09-15 19:35:00-04:00,29267.0,29273.5,29263.25,29273.0,172,0.0,0.0
2026-09-15 19:40:00-04:00,29272.75,29286.75,29270.0,29282.25,437,0.0,0.0
2026-09-15 19:45:00-04:00,29283.0,29286.25,29276.25,29278.5,230,0.0,0.0
2026-09-15 19:50:00-04:00,29278.75,29286.5,29278.0,29286.25,194,0.0,0.0
2026-09-15 19:55:00-04:00,29286.5,29287.75,29274.0,29278.5,216,0.0,0.0
2026-09-15 20:00:00-04:00,29277.5,29286.0,29257.75,29267.5,939,0.0,0.0
2026-09-15 20:05:00-04:00,29271.0,29278.25,29262.75,29264.0,382,0.0,0.0
2026-09-15 20:10:00-04:00,29267.25,29284.0,29261.0,29278.25,525,0.0,0.0
2026-09-15 20:15:00-04:00,29279.0,29283.5,29271.0,29279.25,506,0.0,0.0
2026-09-15 20:20:00-04:00,29277.75,29279.5,29270.75,29271.25,178,0.0,0.0
2026-09-15 20:25:00-04:00,29270.75,29278.0,29267.0,29274.5,290,0.0,0.0
2026-09-15 20:30:00-04:00,29275.5,29285.25,29271.5,29271.75,323,0.0,0.0
2026-09-15 20:35:00-04:00,29271.25,29280.25,29264.75,29278.75,285,0.0,0.0
2026-09-15 20:40:00-04:00,29277.25,29278.0,29271.5,29272.25,180,0.0,0.0
2026-09-15 20:45:00-04:00,29272.5,29285.25,29267.5,29279.0,409,0.0,0.0
2026-09-15 20:50:00-04:00,29280.75,29282.5,29274.75,29278.5,217,0.0,0.0
2026-09-15 20:55:00-04:00,29277.5,29279.75,29268.5,29272.5,327,0.0,0.0
2026-09-15 21:00:00-04:00,29272.25,29277.0,29258.75,29260.5,507,0.0,0.0
2026-09-15 21:05:00-04:00,29259.25,29259.25,29243.0,29246.0,972,0.0,0.0
2026-09-15 21:10:00-04:00,29245.75,29283.5,29240.5,29282.0,1204,0.0,0.0
2026-09-15 21:15:00-04:00,29282.5,29288.0,29269.75,29274.75,758,0.0,0.0
2026-09-15 21:20:00-04:00,29274.25,29288.75,29272.5,29285.5,465,0.0,0.0
2026-09-15 21:25:00-04:00,29285.5,29288.75,29276.75,29277.0,272,0.0,0.0
2026-09-15 21:30:00-04:00,29276.75,29278.75,29261.5,29271.0,527,0.0,0.0
2026-09-15 21:35:00-04:00,29270.75,29274.0,29244.75,29251.0,648,0.0,0.0
2026-09-15 21:40:00-04:00,29250.25,29262.0,29248.75,29256.5,341,0.0,0.0
2026-09-15 21:45:00-04:00,29256.5,29267.0,29249.75,29251.75,529,0.0,0.0
2026-09-15 21:50:00-04:00,29251.0,29252.5,29232.0,29234.5,702,0.0,0.0
2026-09-15 21:55:00-04:00,29233.75,29240.0,29226.0,29230.0,532,0.0,0.0
2026-09-15 22:00:00-04:00,29228.75,29260.5,29228.0,29253.25,927,0.0,0.0
2026-09-15 22:05:00-04:00,29254.0,29255.0,29234.0,29243.75,393,0.0,0.0
2026-09-15 22:10:00-04:00,29244.0,29253.5,29228.0,29233.0,445,0.0,0.0
2026-09-15 22:15:00-04:00,29234.5,29249.0,29233.75,29247.75,303,0.0,0.0
2026-09-15 22:20:00-04:00,29247.25,29260.0,29241.5,29258.5,271,0.0,0.0
2026-09-15 22:25:00-04:00,29259.0,29278.5,29258.5,29274.5,657,0.0,0.0
2026-09-15 22:30:00-04:00,29274.75,29284.0,29268.25,29274.75,699,0.0,0.0
2026-09-15 22:35:00-04:00,29276.25,29283.0,29268.0,29269.75,438,0.0,0.0
2026-09-15 22:40:00-04:00,29271.25,29273.75,29254.75,29260.5,367,0.0,0.0
2026-09-15 22:45:00-04:00,29261.0,29270.5,29259.5,29268.0,229,0.0,0.0
2026-09-15 22:50:00-04:00,29267.25,29280.0,29264.5,29274.0,340,0.0,0.0
2026-09-15 22:55:00-04:00,29274.75,29283.5,29273.75,29282.75,254,0.0,0.0
2026-09-15 23:00:00-04:00,29282.75,29305.0,29280.75,29300.0,779,0.0,0.0
2026-09-15 23:05:00-04:00,29300.0,29305.75,29292.0,29295.0,424,0.0,0.0
2026-09-15 23:10:00-04:00,29295.75,29321.25,29293.5,29320.0,837,0.0,0.0
2026-09-15 23:15:00-04:00,29320.25,29335.75,29317.5,29332.5,778,0.0,0.0
2026-09-15 23:20:00-04:00,29332.75,29358.5,29327.75,29342.75,1244,0.0,0.0
2026-09-15 23:25:00-04:00,29344.0,29347.25,29320.0,29320.5,595,0.0,0.0
2026-09-15 23:30:00-04:00,29320.0,29324.5,29307.25,29308.0,522,0.0,0.0
2026-09-15 23:35:00-04:00,29309.0,29312.5,29299.75,29311.25,663,0.0,0.0
2026-09-15 23:40:00-04:00,29311.25,29324.0,29308.5,29321.75,627,0.0,0.0
2026-09-15 23:45:00-04:00,29321.75,29338.75,29321.75,29328.75,782,0.0,0.0
2026-09-15 23:50:00-04:00,29328.25,29335.25,29325.25,29326.75,308,0.0,0.0
2026-09-15 23:55:00-04:00,29326.5,29336.5,29324.75,29331.25,153,0.0,0.0
2026-09-16 00:05:00-04:00,29331.75,29334.75,29331.0,29333.75,772,0.0,0.0
2026-09-16 00:10:00-04:00,29332.75,29336.0,29328.5,29332.0,205,0.0,0.0
2026-09-16 00:15:00-04:00,29331.75,29333.75,29323.75,29324.75,291,0.0,0.0
2026-09-16 00:20:00-04:00,29326.0,29340.5,29326.0,29334.75,335,0.0,0.0
2026-09-16 00:25:00-04:00,29334.5,29335.5,29319.0,29323.25,223,0.0,0.0
2026-09-16 00:30:00-04:00,29321.25,29322.75,29302.0,29303.5,283,0.0,0.0
2026-09-16 00:35:00-04:00,29303.25,29312.25,29298.75,29308.0,334,0.0,0.0
2026-09-16 00:40:00-04:00,29308.5,29315.25,29302.5,29304.25,290,0.0,0.0
2026-09-16 00:45:00-04:00,29305.25,29319.25,29304.0,29317.25,215,0.0,0.0
2026-09-16 00:50:00-04:00,29317.0,29320.0,29309.0,29311.75,166,0.0,0.0
2026-09-16 00:55:00-04:00,29310.75,29316.25,29303.5,29303.75,388,0.0,0.0
2026-09-16 01:00:00-04:00,29303.25,29307.25,29285.5,29303.5,691,0.0,0.0
2026-09-16 01:05:00-04:00,29304.25,29313.75,29297.25,29313.75,401,0.0,0.0
2026-09-16 01:10:00-04:00,29313.5,29317.0,29306.25,29312.25,322,0.0,0.0
2026-09-16 01:15:00-04:00,29312.75,29325.75,29312.0,29321.25,389,0.0,0.0
2026-09-16 01:20:00-04:00,29320.5,29323.25,29310.75,29317.5,349,0.0,0.0
2026-09-16 01:25:00-04:00,29317.5,29323.75,29309.25,29322.5,311,0.0,0.0
2026-09-16 01:30:00-04:00,29321.0,29326.5,29314.75,29323.0,326,0.0,0.0
2026-09-16 01:35:00-04:00,29321.0,29333.5,29319.5,29329.0,716,0.0,0.0
2026-09-16 01:40:00-04:00,29329.25,29345.75,29329.25,29343.25,590,0.0,0.0
2026-09-16 01:45:00-04:00,29343.5,29348.25,29324.75,29325.5,482,0.0,0.0
2026-09-16 01:50:00-04:00,29325.75,29333.0,29320.5,29333.0,535,0.0,0.0
2026-09-16 01:55:00-04:00,29332.5,29341.25,29331.25,29334.25,509,0.0,0.0
2026-09-16 02:00:00-04:00,29334.0,29357.75,29328.75,29334.5,1168,0.0,0.0
2026-09-16 02:05:00-04:00,29334.5,29365.0,29334.5,29357.25,915,0.0,0.0
2026-09-16 02:10:00-04:00,29357.25,29372.5,29356.25,29361.0,881,0.0,0.0
2026-09-16 02:15:00-04:00,29360.75,29364.25,29348.25,29363.0,742,0.0,0.0
2026-09-16 02:20:00-04:00,29363.5,29365.25,29340.5,29343.25,449,0.0,0.0
2026-09-16 02:25:00-04:00,29343.75,29347.25,29328.75,29341.25,459,0.0,0.0
2026-09-16 02:30:00-04:00,29341.5,29345.0,29330.75,29340.75,597,0.0,0.0
2026-09-16 02:35:00-04:00,29340.25,29349.0,29334.25,29342.75,397,0.0,0.0
2026-09-16 02:40:00-04:00,29342.0,29346.5,29335.25,29344.5,305,0.0,0.0
2026-09-16 02:45:00-04:00,29344.5,29347.5,29332.75,29343.5,321,0.0,0.0
2026-09-16 02:50:00-04:00,29341.5,29361.5,29340.0,29353.0,475,0.0,0.0
2026-09-16 02:55:00-04:00,29354.75,29369.0,29349.25,29365.75,455,0.0,0.0
2026-09-16 03:00:00-04:00,29365.5,29393.5,29359.0,29391.25,1336,0.0,0.0
2026-09-16 03:05:00-04:00,29389.5,29395.5,29378.0,29393.0,907,0.0,0.0
2026-09-16 03:10:00-04:00,29393.25,29394.5,29378.25,29384.75,682,0.0,0.0
2026-09-16 03:15:00-04:00,29384.5,29388.75,29367.25,29367.5,844,0.0,0.0
2026-09-16 03:20:00-04:00,29367.25,29392.25,29367.25,29385.5,545,0.0,0.0
2026-09-16 03:25:00-04:00,29384.75,29390.25,29382.25,29386.75,361,0.0,0.0
2026-09-16 03:30:00-04:00,29386.75,29398.0,29383.25,29387.75,515,0.0,0.0
2026-09-16 03:35:00-04:00,29388.25,29389.25,29373.25,29373.5,349,0.0,0.0
2026-09-16 03:40:00-04:00,29373.0,29376.75,29366.75,29370.25,387,0.0,0.0
2026-09-16 03:45:00-04:00,29371.75,29376.5,29366.25,29370.5,321,0.0,0.0
2026-09-16 03:50:00-04:00,29371.75,29371.75,29360.0,29360.5,455,0.0,0.0
2026-09-16 03:55:00-04:00,29360.25,29376.75,29359.5,29369.25,455,0.0,0.0
2026-09-16 04:00:00-04:00,29369.0,29376.5,29345.0,29346.5,975,0.0,0.0
2026-09-16 04:05:00-04:00,29346.5,29356.0,29336.25,29345.75,757,0.0,0.0
2026-09-16 04:10:00-04:00,29343.75,29349.25,29327.5,29346.25,805,0.0,0.0
2026-09-16 04:15:00-04:00,29345.25,29374.5,29343.5,29355.0,1454,0.0,0.0
2026-09-16 04:20:00-04:00,29354.5,29368.25,29337.0,29339.0,1327,0.0,0.0
2026-09-16 04:25:00-04:00,29338.5,29350.25,29331.25,29348.25,517,0.0,0.0
2026-09-16 04:30:00-04:00,29347.75,29365.0,29342.0,29348.5,919,0.0,0.0
2026-09-16 04:35:00-04:00,29348.75,29352.25,29328.75,29329.25,379,0.0,0.0
2026-09-16 04:40:00-04:00,29329.5,29349.5,29326.0,29347.5,664,0.0,0.0
2026-09-16 04:45:00-04:00,29347.75,29353.75,29340.75,29342.75,307,0.0,0.0
2026-09-16 04:50:00-04:00,29341.75,29366.5,29341.75,29364.0,387,0.0,0.0
2026-09-16 04:55:00-04:00,29363.25,29375.0,29361.75,29372.5,407,0.0,0.0
2026-09-16 05:00:00-04:00,29372.5,29378.25,29363.25,29376.5,644,0.0,0.0
2026-09-16 05:05:00-04:00,29377.25,29382.5,29365.5,29372.0,654,0.0,0.0
2026-09-16 05:10:00-04:00,29369.5,29374.25,29355.5,29356.5,272,0.0,0.0
2026-09-16 05:15:00-04:00,29357.25,29359.0,29336.75,29338.75,468,0.0,0.0
2026-09-16 05:20:00-04:00,29336.75,29352.25,29336.75,29343.75,350,0.0,0.0
2026-09-16 05:25:00-04:00,29344.25,29372.0,29342.5,29356.5,891,0.0,0.0
2026-09-16 05:30:00-04:00,29356.5,29366.25,29352.25,29364.5,316,0.0,0.0
2026-09-16 05:35:00-04:00,29364.25,29372.75,29360.25,29372.0,315,0.0,0.0
2026-09-16 05:40:00-04:00,29373.0,29389.75,29370.0,29382.75,673,0.0,0.0
2026-09-16 05:45:00-04:00,29382.0,29383.25,29367.0,29375.0,377,0.0,0.0
2026-09-16 05:50:00-04:00,29375.5,29386.5,29374.75,29386.25,239,0.0,0.0
2026-09-16 05:55:00-04:00,29386.75,29392.0,29379.75,29380.5,308,0.0,0.0
2026-09-16 06:00:00-04:00,29380.25,29386.75,29363.0,29363.0,643,0.0,0.0
2026-09-16 06:05:00-04:00,29363.25,29376.5,29357.5,29376.5,787,0.0,0.0
2026-09-16 06:10:00-04:00,29377.0,29378.75,29356.0,29369.5,568,0.0,0.0
2026-09-16 06:15:00-04:00,29369.75,29374.75,29362.25,29371.0,376,0.0,0.0
2026-09-16 06:20:00-04:00,29370.5,29377.0,29365.25,29367.75,355,0.0,0.0
2026-09-16 06:25:00-04:00,29367.75,29376.0,29365.0,29374.75,213,0.0,0.0
2026-09-16 06:30:00-04:00,29373.5,29378.5,29369.5,29371.0,287,0.0,0.0
2026-09-16 06:35:00-04:00,29371.75,29381.5,29371.75,29380.5,510,0.0,0.0
2026-09-16 06:40:00-04:00,29381.25,29384.25,29378.5,29382.75,278,0.0,0.0
2026-09-16 06:45:00-04:00,29381.75,29381.75,29372.0,29375.75,192,0.0,0.0
2026-09-16 06:50:00-04:00,29375.75,29376.5,29368.5,29371.75,212,0.0,0.0
2026-09-16 06:55:00-04:00,29370.75,29400.5,29368.75,29397.5,789,0.0,0.0
2026-09-16 07:00:00-04:00,29398.0,29419.25,29383.75,29393.5,2567,0.0,0.0
2026-09-16 07:05:00-04:00,29392.0,29399.0,29377.5,29393.5,1034,0.0,0.0
2026-09-16 07:10:00-04:00,29392.25,29395.25,29372.5,29372.5,564,0.0,0.0
2026-09-16 07:15:00-04:00,29373.0,29378.25,29363.5,29377.75,630,0.0,0.0
2026-09-16 07:20:00-04:00,29377.5,29378.5,29366.0,29375.25,548,0.0,0.0
2026-09-16 07:25:00-04:00,29376.25,29388.5,29375.25,29380.25,793,0.0,0.0
2026-09-16 07:30:00-04:00,29380.25,29395.75,29378.25,29391.5,768,0.0,0.0
2026-09-16 07:35:00-04:00,29391.0,29399.25,29385.75,29398.5,710,0.0,0.0
2026-09-16 07:40:00-04:00,29397.5,29417.75,29380.75,29409.25,1459,0.0,0.0
2026-09-16 07:45:00-04:00,29410.0,29414.75,29405.0,29408.5,459,0.0,0.0
2026-09-16 07:50:00-04:00,29409.25,29414.5,29406.25,29412.5,657,0.0,0.0
2026-09-16 07:55:00-04:00,29412.0,29417.0,29403.0,29417.0,704,0.0,0.0
2026-09-16 08:00:00-04:00,29415.5,29430.0,29412.0,29423.5,1669,0.0,0.0
2026-09-16 08:05:00-04:00,29424.0,29439.0,29417.5,29434.5,1103,0.0,0.0
2026-09-16 08:10:00-04:00,29434.0,29434.75,29421.5,29423.25,817,0.0,0.0
2026-09-16 08:15:00-04:00,29422.75,29432.0,29420.5,29432.0,1107,0.0,0.0
2026-09-16 08:20:00-04:00,29432.25,29436.0,29422.5,29423.0,1517,0.0,0.0
2026-09-16 08:25:00-04:00,29424.25,29436.5,29422.0,29433.5,1069,0.0,0.0
2026-09-16 08:30:00-04:00,29432.5,29432.75,29403.5,29411.25,1572,0.0,0.0
2026-09-16 08:35:00-04:00,29410.0,29414.25,29374.75,29383.5,1980,0.0,0.0
2026-09-16 08:40:00-04:00,29384.25,29385.0,29368.0,29369.0,1409,0.0,0.0
2026-09-16 08:45:00-04:00,29368.0,29398.25,29364.0,29397.25,1446,0.0,0.0
2026-09-16 08:50:00-04:00,29397.0,29405.0,29376.75,29379.0,1516,0.0,0.0
2026-09-16 08:55:00-04:00,29378.5,29406.0,29376.0,29403.0,1333,0.0,0.0
2026-09-16 09:00:00-04:00,29401.25,29412.5,29363.75,29367.0,2163,0.0,0.0
2026-09-16 09:05:00-04:00,29367.5,29392.0,29366.5,29391.0,1265,0.0,0.0
2026-09-16 09:10:00-04:00,29391.5,29405.0,29385.25,29403.0,1700,0.0,0.0
2026-09-16 09:15:00-04:00,29403.0,29403.25,29384.75,29388.25,1778,0.0,0.0
2026-09-16 09:20:00-04:00,29388.25,29415.5,29384.75,29397.0,3028,0.0,0.0
2026-09-16 09:25:00-04:00,29397.25,29403.0,29385.75,29386.25,2742,0.0,0.0
2026-09-16 09:30:00-04:00,29386.75,29421.25,29380.0,29405.75,15756,0.0,0.0
2026-09-16 09:35:00-04:00,29406.25,29411.75,29373.25,29391.0,7803,0.0,0.0
2026-09-16 09:40:00-04:00,29391.75,29421.75,29387.5,29404.5,7321,0.0,0.0
2026-09-16 09:45:00-04:00,29404.5,29465.0,29401.5,29461.75,10309,0.0,0.0
2026-09-16 09:50:00-04:00,29462.25,29477.5,29453.5,29463.0,7637,0.0,0.0
2026-09-16 09:55:00-04:00,29462.5,29481.5,29456.75,29478.75,5012,0.0,0.0
2026-09-16 10:00:00-04:00,29479.25,29484.25,29430.25,29435.25,7770,0.0,0.0
2026-09-16 10:05:00-04:00,29435.25,29468.0,29424.5,29454.5,6786,0.0,0.0
2026-09-16 10:10:00-04:00,29454.25,29462.0,29418.0,29450.0,5720,0.0,0.0
2026-09-16 10:15:00-04:00,29449.75,29477.0,29445.0,29469.75,5396,0.0,0.0
2026-09-16 10:20:00-04:00,29469.5,29474.75,29455.0,29463.5,4548,0.0,0.0
2026-09-16 10:25:00-04:00,29463.5,29465.0,29444.5,29452.25,4010,0.0,0.0
2026-09-16 10:30:00-04:00,29452.0,29459.0,29437.25,29445.0,4827,0.0,0.0
2026-09-16 10:35:00-04:00,29445.0,29449.5,29425.75,29438.75,4134,0.0,0.0
2026-09-16 10:40:00-04:00,29438.25,29466.75,29437.0,29466.75,4517,0.0,0.0
2026-09-16 10:45:00-04:00,29466.5,29475.25,29451.0,29457.25,4298,0.0,0.0
2026-09-16 10:50:00-04:00,29457.25,29472.75,29450.25,29463.75,3014,0.0,0.0
2026-09-16 10:55:00-04:00,29464.25,29501.0,29460.5,29499.0,5012,0.0,0.0
2026-09-16 11:00:00-04:00,29499.25,29514.5,29485.0,29501.5,6562,0.0,0.0
2026-09-16 11:05:00-04:00,29501.0,29535.75,29491.75,29528.5,7243,0.0,0.0
2026-09-16 11:10:00-04:00,29529.0,29533.25,29508.75,29524.0,5833,0.0,0.0
2026-09-16 11:15:00-04:00,29523.75,29526.0,29494.75,29507.75,4116,0.0,0.0
2026-09-16 11:20:00-04:00,29508.5,29517.5,29499.75,29516.5,3011,0.0,0.0
2026-09-16 11:25:00-04:00,29516.0,29524.75,29501.25,29506.25,3201,0.0,0.0
2026-09-16 11:30:00-04:00,29506.5,29510.5,29482.25,29489.25,4561,0.0,0.0
2026-09-16 11:35:00-04:00,29490.25,29506.0,29483.5,29493.5,4198,0.0,0.0
2026-09-16 11:40:00-04:00,29493.25,29502.5,29485.0,29496.0,2730,0.0,0.0
2026-09-16 11:45:00-04:00,29496.0,29549.75,29489.0,29527.5,8663,0.0,0.0
2026-09-16 11:50:00-04:00,29528.25,29531.5,29510.25,29511.0,3865,0.0,0.0
2026-09-16 11:55:00-04:00,29511.5,29516.25,29497.5,29499.25,2829,0.0,0.0
2026-09-16 12:00:00-04:00,29499.5,29502.5,29475.5,29475.75,3410,0.0,0.0
2026-09-16 12:05:00-04:00,29475.5,29489.0,29475.25,29485.5,2265,0.0,0.0
2026-09-16 12:10:00-04:00,29485.75,29487.25,29470.5,29484.5,2574,0.0,0.0
2026-09-16 12:15:00-04:00,29484.5,29495.75,29481.5,29490.5,2406,0.0,0.0
2026-09-16 12:20:00-04:00,29490.0,29490.5,29467.5,29469.5,2673,0.0,0.0
2026-09-16 12:25:00-04:00,29470.0,29486.0,29468.25,29485.0,2358,0.0,0.0
2026-09-16 12:30:00-04:00,29484.75,29487.75,29464.25,29465.75,2207,0.0,0.0
2026-09-16 12:35:00-04:00,29465.25,29474.5,29464.75,29470.5,1187,0.0,0.0
2026-09-16 12:40:00-04:00,29470.75,29476.5,29466.75,29470.0,1171,0.0,0.0
2026-09-16 12:45:00-04:00,29470.25,29492.25,29470.25,29486.0,2160,0.0,0.0
2026-09-16 12:50:00-04:00,29485.0,29488.0,29466.25,29474.25,2240,0.0,0.0
2026-09-16 12:55:00-04:00,29474.25,29479.5,29467.75,29468.5,1512,0.0,0.0
2026-09-16 13:00:00-04:00,29468.5,29469.5,29439.75,29448.0,3073,0.0,0.0
2026-09-16 13:05:00-04:00,29448.0,29452.5,29445.0,29452.25,1551,0.0,0.0
2026-09-16 13:10:00-04:00,29452.0,29463.25,29444.5,29460.5,1673,0.0,0.0
2026-09-16 13:15:00-04:00,29460.0,29465.0,29452.25,29454.25,1382,0.0,0.0
2026-09-16 13:20:00-04:00,29454.25,29463.0,29443.75,29448.5,1473,0.0,0.0
2026-09-16 13:25:00-04:00,29448.0,29458.0,29447.5,29456.0,1455,0.0,0.0
2026-09-16 13:30:00-04:00,29457.0,29463.0,29447.0,29451.5,1576,0.0,0.0
2026-09-16 13:35:00-04:00,29451.75,29455.25,29440.5,29440.75,1401,0.0,0.0
2026-09-16 13:40:00-04:00,29441.0,29441.25,29419.25,29423.0,2674,0.0,0.0
2026-09-16 13:45:00-04:00,29422.75,29444.25,29422.75,29433.25,1900,0.0,0.0
2026-09-16 13:50:00-04:00,29433.25,29450.75,29426.0,29446.25,2150,0.0,0.0
2026-09-16 13:55:00-04:00,29445.0,29478.5,29443.5,29475.0,3277,0.0,0.0
2026-09-16 14:00:00-04:00,29478.75,29517.0,29412.25,29507.5,12733,0.0,0.0
2026-09-16 14:05:00-04:00,29509.0,29539.0,29493.75,29500.5,8818,0.0,0.0
2026-09-16 14:10:00-04:00,29501.0,29509.75,29457.0,29465.5,6408,0.0,0.0
2026-09-16 14:15:00-04:00,29464.75,29482.75,29450.0,29464.75,4254,0.0,0.0
2026-09-16 14:20:00-04:00,29463.75,29479.25,29447.5,29454.75,3680,0.0,0.0
2026-09-16 14:25:00-04:00,29455.25,29460.75,29406.5,29454.75,6022,0.0,0.0
2026-09-16 14:30:00-04:00,29455.5,29467.5,29365.0,29371.5,11584,0.0,0.0
2026-09-16 14:35:00-04:00,29370.0,29402.75,29301.0,29392.0,13054,0.0,0.0
2026-09-16 14:40:00-04:00,29391.0,29494.75,29384.75,29438.75,11152,0.0,0.0
2026-09-16 14:45:00-04:00,29438.75,29472.25,29376.25,29381.25,9042,0.0,0.0
2026-09-16 14:50:00-04:00,29382.25,29397.0,29291.5,29295.25,12090,0.0,0.0
2026-09-16 14:55:00-04:00,29296.0,29326.5,29221.5,29231.0,15234,0.0,0.0
2026-09-16 15:00:00-04:00,29231.75,29303.75,29221.25,29273.25,12514,0.0,0.0
2026-09-16 15:05:00-04:00,29273.0,29277.75,29187.0,29204.75,12255,0.0,0.0
2026-09-16 15:10:00-04:00,29203.75,29213.0,29108.0,29129.5,13667,0.0,0.0
2026-09-16 15:15:00-04:00,29130.0,29164.25,29084.0,29109.75,11043,0.0,0.0
2026-09-16 15:20:00-04:00,29109.75,29131.5,29083.25,29111.25,10448,0.0,0.0
2026-09-16 15:25:00-04:00,29113.25,29136.75,29053.0,29132.0,10887,0.0,0.0
2026-09-16 15:30:00-04:00,29132.0,29196.75,29122.5,29195.25,10899,0.0,0.0
2026-09-16 15:35:00-04:00,29195.25,29199.75,29142.25,29190.0,7880,0.0,0.0
2026-09-16 15:40:00-04:00,29190.25,29208.75,29151.0,29174.0,6950,0.0,0.0
2026-09-16 15:45:00-04:00,29174.25,29236.5,29173.25,29224.75,7932,0.0,0.0
2026-09-16 15:50:00-04:00,29224.5,29254.25,29217.0,29240.0,10023,0.0,0.0
2026-09-16 15:55:00-04:00,29241.0,29268.75,29217.75,29254.25,15880,0.0,0.0
2026-09-16 16:00:00-04:00,29254.0,29283.25,29248.0,29269.0,7151,0.0,0.0
2026-09-16 16:05:00-04:00,29269.0,29279.75,29257.75,29268.75,2635,0.0,0.0
2026-09-16 16:10:00-04:00,29267.25,29270.25,29259.0,29265.75,1160,0.0,0.0
2026-09-16 16:15:00-04:00,29265.5,29270.25,29257.0,29261.0,967,0.0,0.0
2026-09-16 16:20:00-04:00,29261.75,29266.0,29248.75,29249.75,957,0.0,0.0
2026-09-16 16:25:00-04:00,29250.0,29250.25,29231.0,29244.5,1326,0.0,0.0
2026-09-16 16:30:00-04:00,29243.75,29255.0,29238.0,29254.5,557,0.0,0.0
2026-09-16 16:35:00-04:00,29251.5,29261.75,29242.75,29260.25,281,0.0,0.0
2026-09-16 16:40:00-04:00,29260.75,29267.5,29252.0,29259.75,588,0.0,0.0
2026-09-16 16:45:00-04:00,29260.25,29268.5,29256.75,29268.0,258,0.0,0.0
2026-09-16 16:50:00-04:00,29268.0,29272.75,29261.75,29266.0,339,0.0,0.0
2026-09-16 16:55:00-04:00,29266.75,29269.75,29252.0,29263.75,613,0.0,0.0
2026-09-16 18:00:00-04:00,29271.0,29288.5,29247.75,29251.25,0,0.0,0.0
2026-09-16 18:05:00-04:00,29253.25,29288.0,29253.25,29282.75,717,0.0,0.0
2026-09-16 18:10:00-04:00,29282.0,29286.25,29276.25,29281.25,313,0.0,0.0
2026-09-16 18:15:00-04:00,29284.75,29288.0,29280.0,29287.0,195,0.0,0.0
2026-09-16 18:20:00-04:00,29286.5,29300.0,29286.5,29296.75,486,0.0,0.0
2026-09-16 18:25:00-04:00,29297.5,29329.5,29297.0,29322.5,745,0.0,0.0
2026-09-16 18:30:00-04:00,29323.75,29337.25,29321.25,29333.5,469,0.0,0.0
2026-09-16 18:35:00-04:00,29332.75,29352.75,29332.75,29349.75,515,0.0,0.0
2026-09-16 18:40:00-04:00,29350.0,29369.25,29349.75,29357.25,903,0.0,0.0
2026-09-16 18:45:00-04:00,29357.0,29362.5,29342.75,29346.75,670,0.0,0.0
2026-09-16 18:50:00-04:00,29346.5,29352.0,29343.5,29345.25,385,0.0,0.0
2026-09-16 18:55:00-04:00,29346.5,29353.25,29342.0,29350.0,315,0.0,0.0
2026-09-16 19:00:00-04:00,29350.75,29364.5,29349.25,29356.0,489,0.0,0.0
2026-09-16 19:05:00-04:00,29354.75,29374.25,29352.25,29372.5,423,0.0,0.0
2026-09-16 19:10:00-04:00,29373.0,29375.0,29364.25,29368.25,323,0.0,0.0
2026-09-16 19:15:00-04:00,29370.0,29392.0,29369.75,29382.75,720,0.0,0.0
2026-09-16 19:20:00-04:00,29382.0,29399.75,29382.0,29397.25,506,0.0,0.0
2026-09-16 19:25:00-04:00,29397.0,29416.75,29389.0,29395.5,1122,0.0,0.0
2026-09-16 19:30:00-04:00,29396.0,29412.5,29395.5,29410.5,614,0.0,0.0
2026-09-16 19:35:00-04:00,29411.0,29411.0,29395.5,29402.25,480,0.0,0.0
2026-09-16 19:40:00-04:00,29403.5,29444.25,29401.25,29436.5,1964,0.0,0.0
2026-09-16 19:45:00-04:00,29435.25,29457.0,29433.5,29449.75,1482,0.0,0.0
2026-09-16 19:50:00-04:00,29450.5,29451.75,29439.5,29442.75,698,0.0,0.0
2026-09-16 19:55:00-04:00,29443.75,29452.0,29435.0,29450.5,683,0.0,0.0
2026-09-16 20:00:00-04:00,29451.5,29464.75,29441.5,29451.0,1251,0.0,0.0
2026-09-16 20:05:00-04:00,29450.25,29462.0,29441.0,29452.5,838,0.0,0.0
2026-09-16 20:10:00-04:00,29453.75,29457.75,29412.75,29413.75,1512,0.0,0.0
2026-09-16 20:15:00-04:00,29414.0,29448.75,29409.5,29442.5,1426,0.0,0.0
2026-09-16 20:20:00-04:00,29442.0,29447.0,29426.5,29430.25,628,0.0,0.0
2026-09-16 20:25:00-04:00,29432.5,29443.5,29426.75,29433.75,526,0.0,0.0
2026-09-16 20:30:00-04:00,29433.75,29469.5,29432.0,29457.25,1254,0.0,0.0
2026-09-16 20:35:00-04:00,29458.25,29467.25,29454.0,29464.75,416,0.0,0.0
2026-09-16 20:40:00-04:00,29463.75,29478.0,29456.5,29458.5,656,0.0,0.0
2026-09-16 20:45:00-04:00,29458.75,29459.0,29438.25,29449.25,830,0.0,0.0
2026-09-16 20:50:00-04:00,29452.0,29453.0,29428.75,29436.0,560,0.0,0.0
2026-09-16 20:55:00-04:00,29436.5,29467.0,29434.0,29450.25,825,0.0,0.0
2026-09-16 21:00:00-04:00,29451.5,29453.25,29436.25,29451.75,614,0.0,0.0
2026-09-16 21:05:00-04:00,29451.25,29474.25,29448.25,29452.75,927,0.0,0.0
2026-09-16 21:10:00-04:00,29452.0,29453.25,29434.0,29450.5,717,0.0,0.0
2026-09-16 21:15:00-04:00,29451.0,29454.25,29439.25,29443.75,548,0.0,0.0
2026-09-16 21:20:00-04:00,29444.25,29454.25,29443.25,29449.25,408,0.0,0.0
2026-09-16 21:25:00-04:00,29450.25,29453.5,29443.25,29446.5,242,0.0,0.0
2026-09-16 21:30:00-04:00,29447.0,29466.5,29447.0,29456.5,632,0.0,0.0
2026-09-16 21:35:00-04:00,29457.75,29469.25,29440.75,29442.75,583,0.0,0.0
2026-09-16 21:40:00-04:00,29441.0,29447.0,29427.75,29442.25,802,0.0,0.0
2026-09-16 21:45:00-04:00,29441.5,29447.0,29435.5,29441.0,240,0.0,0.0
2026-09-16 21:50:00-04:00,29440.25,29440.5,29413.0,29423.75,883,0.0,0.0
2026-09-16 21:55:00-04:00,29423.0,29425.25,29406.25,29418.5,948,0.0,0.0
2026-09-16 22:00:00-04:00,29419.0,29439.0,29417.0,29439.0,600,0.0,0.0
2026-09-16 22:05:00-04:00,29438.5,29438.5,29410.75,29413.5,861,0.0,0.0
2026-09-16 22:10:00-04:00,29412.5,29420.0,29406.25,29412.0,487,0.0,0.0
2026-09-16 22:15:00-04:00,29413.25,29426.25,29409.5,29421.5,390,0.0,0.0
2026-09-16 22:20:00-04:00,29421.5,29427.25,29413.75,29422.75,334,0.0,0.0
2026-09-16 22:25:00-04:00,29420.75,29428.75,29411.75,29418.25,422,0.0,0.0
2026-09-16 22:30:00-04:00,29418.25,29435.5,29416.75,29428.0,373,0.0,0.0
2026-09-16 22:35:00-04:00,29428.0,29451.0,29426.75,29443.0,633,0.0,0.0
2026-09-16 22:40:00-04:00,29443.75,29454.25,29441.5,29447.75,337,0.0,0.0
2026-09-16 22:45:00-04:00,29448.5,29449.25,29437.75,29444.25,335,0.0,0.0
2026-09-16 22:50:00-04:00,29444.0,29449.25,29422.5,29424.75,504,0.0,0.0
2026-09-16 22:55:00-04:00,29423.5,29431.75,29418.0,29421.75,525,0.0,0.0
2026-09-16 23:00:00-04:00,29423.0,29434.0,29419.0,29433.25,246,0.0,0.0
2026-09-16 23:05:00-04:00,29434.0,29444.0,29433.0,29438.75,231,0.0,0.0
2026-09-16 23:10:00-04:00,29440.0,29443.75,29427.75,29443.25,240,0.0,0.0
2026-09-16 23:15:00-04:00,29442.0,29446.75,29431.5,29435.25,233,0.0,0.0
2026-09-16 23:20:00-04:00,29434.0,29446.5,29428.25,29446.5,170,0.0,0.0
2026-09-16 23:25:00-04:00,29446.0,29449.0,29442.25,29446.5,141,0.0,0.0
2026-09-16 23:30:00-04:00,29446.0,29450.75,29440.25,29446.5,231,0.0,0.0
2026-09-16 23:35:00-04:00,29446.75,29453.75,29443.0,29453.0,140,0.0,0.0
2026-09-16 23:40:00-04:00,29452.75,29462.5,29450.5,29461.0,377,0.0,0.0
2026-09-16 23:45:00-04:00,29461.0,29461.0,29441.75,29458.25,378,0.0,0.0
2026-09-16 23:50:00-04:00,29457.75,29458.5,29450.0,29455.75,164,0.0,0.0
2026-09-16 23:55:00-04:00,29455.25,29466.5,29455.25,29465.5,272,0.0,0.0
2026-09-17 00:05:00-04:00,29466.0,29466.0,29462.25,29462.75,624,0.0,0.0
2026-09-17 00:10:00-04:00,29462.0,29464.0,29453.25,29459.5,263,0.0,0.0
2026-09-17 00:15:00-04:00,29458.5,29461.25,29448.75,29449.25,240,0.0,0.0
2026-09-17 00:20:00-04:00,29449.25,29452.0,29444.0,29446.25,212,0.0,0.0
2026-09-17 00:25:00-04:00,29446.25,29454.75,29440.75,29451.25,282,0.0,0.0
2026-09-17 00:30:00-04:00,29450.5,29451.75,29438.75,29442.0,259,0.0,0.0
2026-09-17 00:35:00-04:00,29442.75,29463.75,29442.75,29461.5,318,0.0,0.0
2026-09-17 00:40:00-04:00,29461.75,29467.5,29457.25,29461.25,286,0.0,0.0
2026-09-17 00:45:00-04:00,29462.75,29471.5,29460.0,29460.0,300,0.0,0.0
2026-09-17 00:50:00-04:00,29459.75,29460.0,29442.75,29445.5,410,0.0,0.0
2026-09-17 00:55:00-04:00,29445.75,29454.0,29445.0,29450.5,143,0.0,0.0
2026-09-17 01:00:00-04:00,29450.75,29453.75,29446.25,29451.5,216,0.0,0.0
2026-09-17 01:05:00-04:00,29451.25,29451.5,29444.0,29444.0,150,0.0,0.0
2026-09-17 01:10:00-04:00,29444.25,29446.5,29433.5,29435.0,322,0.0,0.0
2026-09-17 01:15:00-04:00,29433.25,29435.0,29425.5,29429.25,389,0.0,0.0
2026-09-17 01:20:00-04:00,29428.75,29430.5,29420.75,29428.25,378,0.0,0.0
2026-09-17 01:25:00-04:00,29427.75,29441.25,29426.75,29429.75,349,0.0,0.0
2026-09-17 01:30:00-04:00,29430.5,29432.0,29415.25,29422.75,659,0.0,0.0
2026-09-17 01:35:00-04:00,29421.25,29422.75,29403.75,29410.0,526,0.0,0.0
2026-09-17 01:40:00-04:00,29411.25,29412.75,29390.75,29391.75,668,0.0,0.0
2026-09-17 01:45:00-04:00,29392.75,29404.0,29392.75,29397.75,300,0.0,0.0
2026-09-17 01:50:00-04:00,29397.75,29405.0,29382.25,29384.25,665,0.0,0.0
2026-09-17 01:55:00-04:00,29383.75,29385.0,29371.0,29373.75,623,0.0,0.0
2026-09-17 02:00:00-04:00,29372.5,29408.0,29368.75,29401.0,924,0.0,0.0
2026-09-17 02:05:00-04:00,29399.75,29413.75,29390.0,29393.0,629,0.0,0.0
2026-09-17 02:10:00-04:00,29392.75,29398.5,29381.5,29392.0,484,0.0,0.0
2026-09-17 02:15:00-04:00,29393.0,29395.75,29376.5,29391.5,531,0.0,0.0
2026-09-17 02:20:00-04:00,29392.0,29411.25,29388.5,29410.75,332,0.0,0.0
2026-09-17 02:25:00-04:00,29411.5,29444.5,29408.5,29443.75,1056,0.0,0.0
2026-09-17 02:30:00-04:00,29443.75,29459.0,29440.75,29449.0,1042,0.0,0.0
2026-09-17 02:35:00-04:00,29449.0,29462.0,29444.0,29444.75,536,0.0,0.0
2026-09-17 02:40:00-04:00,29446.5,29469.5,29446.5,29463.25,676,0.0,0.0
2026-09-17 02:45:00-04:00,29461.75,29470.25,29458.75,29460.75,566,0.0,0.0
2026-09-17 02:50:00-04:00,29462.0,29470.5,29456.5,29464.5,851,0.0,0.0
2026-09-17 02:55:00-04:00,29463.5,29473.5,29460.5,29469.5,735,0.0,0.0
2026-09-17 03:00:00-04:00,29469.5,29496.5,29462.25,29491.25,1710,0.0,0.0
2026-09-17 03:05:00-04:00,29491.25,29522.0,29490.25,29518.0,1618,0.0,0.0
2026-09-17 03:10:00-04:00,29519.0,29523.75,29505.25,29510.0,807,0.0,0.0
2026-09-17 03:15:00-04:00,29510.0,29535.5,29506.25,29522.5,914,0.0,0.0
2026-09-17 03:20:00-04:00,29523.5,29537.25,29508.75,29534.0,866,0.0,0.0
2026-09-17 03:25:00-04:00,29531.0,29550.0,29529.0,29548.75,1374,0.0,0.0
2026-09-17 03:30:00-04:00,29549.5,29567.5,29546.75,29550.5,1118,0.0,0.0
2026-09-17 03:35:00-04:00,29550.25,29550.25,29537.0,29545.25,550,0.0,0.0
2026-09-17 03:40:00-04:00,29546.5,29550.25,29538.75,29547.5,477,0.0,0.0
2026-09-17 03:45:00-04:00,29546.25,29547.5,29533.25,29534.0,570,0.0,0.0
2026-09-17 03:50:00-04:00,29533.5,29534.5,29518.25,29520.0,910,0.0,0.0
2026-09-17 03:55:00-04:00,29520.25,29520.25,29509.75,29517.75,702,0.0,0.0
2026-09-17 04:00:00-04:00,29517.75,29530.75,29512.25,29528.5,869,0.0,0.0
2026-09-17 04:05:00-04:00,29528.75,29533.25,29521.0,29526.0,1015,0.0,0.0
2026-09-17 04:10:00-04:00,29524.75,29531.0,29490.25,29496.75,1040,0.0,0.0
2026-09-17 04:15:00-04:00,29496.0,29505.0,29485.0,29491.25,644,0.0,0.0
2026-09-17 04:20:00-04:00,29490.0,29503.5,29488.25,29502.0,482,0.0,0.0
2026-09-17 04:25:00-04:00,29501.25,29520.5,29501.0,29516.25,676,0.0,0.0
2026-09-17 04:30:00-04:00,29516.25,29524.5,29505.75,29523.75,541,0.0,0.0
2026-09-17 04:35:00-04:00,29523.5,29537.25,29523.0,29535.25,607,0.0,0.0
2026-09-17 04:40:00-04:00,29536.25,29537.75,29524.25,29530.5,259,0.0,0.0
2026-09-17 04:45:00-04:00,29530.0,29543.25,29527.5,29541.25,354,0.0,0.0
2026-09-17 04:50:00-04:00,29541.75,29559.75,29535.0,29553.25,702,0.0,0.0
2026-09-17 04:55:00-04:00,29555.0,29561.25,29550.0,29555.5,756,0.0,0.0
2026-09-17 05:00:00-04:00,29556.0,29579.75,29555.25,29570.25,1020,0.0,0.0
2026-09-17 05:05:00-04:00,29571.0,29584.0,29568.0,29577.75,558,0.0,0.0
2026-09-17 05:10:00-04:00,29578.5,29592.75,29570.0,29571.5,712,0.0,0.0
2026-09-17 05:15:00-04:00,29571.0,29575.25,29557.0,29558.0,609,0.0,0.0
2026-09-17 05:20:00-04:00,29558.25,29565.75,29555.5,29560.5,356,0.0,0.0
2026-09-17 05:25:00-04:00,29559.0,29563.75,29553.5,29555.75,360,0.0,0.0
2026-09-17 05:30:00-04:00,29556.5,29571.75,29553.5,29570.0,431,0.0,0.0
2026-09-17 05:35:00-04:00,29569.25,29573.25,29563.25,29564.0,293,0.0,0.0
2026-09-17 05:40:00-04:00,29563.5,29572.5,29560.75,29567.0,249,0.0,0.0
2026-09-17 05:45:00-04:00,29567.0,29569.5,29545.5,29550.25,414,0.0,0.0
2026-09-17 05:50:00-04:00,29551.0,29570.0,29550.25,29568.0,580,0.0,0.0
2026-09-17 05:55:00-04:00,29567.0,29580.0,29557.25,29558.5,550,0.0,0.0
2026-09-17 06:00:00-04:00,29558.5,29569.5,29557.75,29565.5,223,0.0,0.0
2026-09-17 06:05:00-04:00,29567.75,29577.5,29564.75,29571.5,387,0.0,0.0
2026-09-17 06:10:00-04:00,29572.25,29581.5,29569.25,29571.25,350,0.0,0.0
2026-09-17 06:15:00-04:00,29571.25,29576.0,29562.0,29562.0,440,0.0,0.0
2026-09-17 06:20:00-04:00,29563.5,29584.75,29563.5,29584.0,438,0.0,0.0
2026-09-17 06:25:00-04:00,29584.25,29589.25,29576.25,29578.25,416,0.0,0.0
2026-09-17 06:30:00-04:00,29579.25,29590.75,29571.5,29572.75,586,0.0,0.0
2026-09-17 06:35:00-04:00,29572.5,29583.75,29572.5,29579.0,563,0.0,0.0
2026-09-17 06:40:00-04:00,29577.5,29580.0,29561.75,29566.0,434,0.0,0.0
2026-09-17 06:45:00-04:00,29564.5,29571.0,29562.0,29568.0,280,0.0,0.0
2026-09-17 06:50:00-04:00,29567.25,29579.25,29565.75,29571.5,379,0.0,0.0
2026-09-17 06:55:00-04:00,29573.0,29589.0,29571.5,29586.75,285,0.0,0.0
2026-09-17 07:00:00-04:00,29586.75,29614.0,29585.0,29592.25,1558,0.0,0.0
2026-09-17 07:05:00-04:00,29592.75,29596.5,29582.75,29583.75,519,0.0,0.0
2026-09-17 07:10:00-04:00,29583.75,29591.0,29575.5,29589.0,645,0.0,0.0
2026-09-17 07:15:00-04:00,29589.5,29592.0,29566.25,29575.75,550,0.0,0.0
2026-09-17 07:20:00-04:00,29575.0,29585.25,29569.5,29569.5,395,0.0,0.0
2026-09-17 07:25:00-04:00,29570.0,29580.0,29565.0,29577.75,393,0.0,0.0
2026-09-17 07:30:00-04:00,29577.5,29582.0,29572.25,29574.5,269,0.0,0.0
2026-09-17 07:35:00-04:00,29572.75,29579.0,29566.5,29576.0,344,0.0,0.0
2026-09-17 07:40:00-04:00,29575.75,29575.75,29560.0,29561.25,432,0.0,0.0
2026-09-17 07:45:00-04:00,29559.75,29569.25,29558.25,29564.75,417,0.0,0.0
2026-09-17 07:50:00-04:00,29565.75,29583.25,29555.5,29579.0,846,0.0,0.0
2026-09-17 07:55:00-04:00,29578.25,29624.0,29573.5,29620.0,2486,0.0,0.0
2026-09-17 08:00:00-04:00,29621.0,29627.0,29595.5,29619.25,2352,0.0,0.0
2026-09-17 08:05:00-04:00,29619.5,29667.75,29615.5,29666.5,3168,0.0,0.0
2026-09-17 08:10:00-04:00,29666.75,29680.75,29662.5,29666.25,1811,0.0,0.0
2026-09-17 08:15:00-04:00,29667.25,29688.5,29662.75,29687.25,1657,0.0,0.0
2026-09-17 08:20:00-04:00,29687.25,29697.0,29682.0,29695.25,1801,0.0,0.0
2026-09-17 08:25:00-04:00,29695.25,29727.75,29689.5,29725.25,1950,0.0,0.0
2026-09-17 08:30:00-04:00,29723.75,29753.25,29712.25,29749.25,3794,0.0,0.0
2026-09-17 08:35:00-04:00,29748.5,29749.75,29722.0,29743.75,2746,0.0,0.0
2026-09-17 08:40:00-04:00,29743.0,29744.5,29720.0,29721.75,1843,0.0,0.0
2026-09-17 08:45:00-04:00,29721.5,29724.0,29708.75,29714.5,1693,0.0,0.0
2026-09-17 08:50:00-04:00,29714.0,29727.25,29711.0,29724.0,1199,0.0,0.0
2026-09-17 08:55:00-04:00,29723.25,29732.5,29714.0,29724.0,1305,0.0,0.0
2026-09-17 09:00:00-04:00,29724.25,29750.0,29715.75,29730.0,2524,0.0,0.0
2026-09-17 09:05:00-04:00,29730.75,29739.25,29723.5,29725.5,1606,0.0,0.0
2026-09-17 09:10:00-04:00,29725.75,29736.5,29714.0,29730.75,1951,0.0,0.0
2026-09-17 09:15:00-04:00,29730.25,29743.0,29726.0,29727.75,1611,0.0,0.0
2026-09-17 09:20:00-04:00,29728.5,29733.25,29712.0,29715.5,1831,0.0,0.0
2026-09-17 09:25:00-04:00,29715.5,29730.0,29709.75,29718.25,3363,0.0,0.0
2026-09-17 09:30:00-04:00,29718.25,29737.25,29641.0,29641.75,18886,0.0,0.0
2026-09-17 09:35:00-04:00,29641.5,29667.25,29605.75,29620.5,11525,0.0,0.0
2026-09-17 09:40:00-04:00,29621.0,29649.5,29613.0,29641.0,11252,0.0,0.0
2026-09-17 09:45:00-04:00,29641.75,29669.25,29623.75,29664.25,10935,0.0,0.0
2026-09-17 09:50:00-04:00,29665.0,29694.75,29645.0,29674.75,10196,0.0,0.0
2026-09-17 09:55:00-04:00,29674.25,29691.0,29661.75,29689.0,6826,0.0,0.0
2026-09-17 10:00:00-04:00,29689.5,29690.25,29648.5,29675.5,9470,0.0,0.0
2026-09-17 10:05:00-04:00,29675.0,29683.25,29639.5,29659.25,6946,0.0,0.0
2026-09-17 10:10:00-04:00,29657.75,29718.0,29646.5,29710.75,8601,0.0,0.0
2026-09-17 10:15:00-04:00,29710.0,29719.75,29696.25,29709.25,7417,0.0,0.0
2026-09-17 10:20:00-04:00,29709.0,29725.25,29692.5,29721.0,5485,0.0,0.0
2026-09-17 10:25:00-04:00,29721.0,29742.0,29710.5,29712.5,7036,0.0,0.0
2026-09-17 10:30:00-04:00,29712.0,29738.0,29708.0,29734.5,5345,0.0,0.0
2026-09-17 10:35:00-04:00,29734.0,29743.75,29721.25,29725.25,5171,0.0,0.0
2026-09-17 10:40:00-04:00,29725.25,29748.0,29713.5,29716.0,5897,0.0,0.0
2026-09-17 10:45:00-04:00,29715.5,29718.5,29681.0,29693.0,6233,0.0,0.0
2026-09-17 10:50:00-04:00,29693.0,29698.25,29668.75,29674.5,5453,0.0,0.0
2026-09-17 10:55:00-04:00,29674.25,29695.5,29666.5,29680.0,5529,0.0,0.0
2026-09-17 11:00:00-04:00,29680.75,29687.75,29666.25,29673.25,4590,0.0,0.0
2026-09-17 11:05:00-04:00,29673.75,29691.0,29652.0,29681.75,5326,0.0,0.0
2026-09-17 11:10:00-04:00,29681.25,29686.0,29670.25,29682.5,3813,0.0,0.0
2026-09-17 11:15:00-04:00,29682.25,29698.0,29671.0,29693.5,3430,0.0,0.0
2026-09-17 11:20:00-04:00,29693.75,29694.75,29678.25,29691.0,2752,0.0,0.0
2026-09-17 11:25:00-04:00,29691.5,29714.0,29691.25,29706.5,3916,0.0,0.0
2026-09-17 11:30:00-04:00,29706.5,29711.5,29699.0,29706.25,2695,0.0,0.0
2026-09-17 11:35:00-04:00,29706.25,29720.75,29704.0,29720.25,3029,0.0,0.0
2026-09-17 11:40:00-04:00,29720.0,29741.0,29718.25,29735.25,4985,0.0,0.0
2026-09-17 11:45:00-04:00,29735.0,29744.75,29731.0,29740.5,3742,0.0,0.0
2026-09-17 11:50:00-04:00,29741.0,29745.75,29731.25,29737.75,4012,0.0,0.0
2026-09-17 11:55:00-04:00,29738.0,29743.75,29726.75,29743.5,3383,0.0,0.0
2026-09-17 12:00:00-04:00,29743.25,29746.25,29728.75,29728.75,2995,0.0,0.0
2026-09-17 12:05:00-04:00,29729.5,29742.0,29717.0,29741.0,3548,0.0,0.0
2026-09-17 12:10:00-04:00,29740.5,29744.25,29732.0,29740.25,2237,0.0,0.0
2026-09-17 12:15:00-04:00,29740.0,29742.0,29733.0,29738.25,1669,0.0,0.0
2026-09-17 12:20:00-04:00,29738.0,29753.25,29729.25,29747.25,2873,0.0,0.0
2026-09-17 12:25:00-04:00,29747.0,29751.5,29742.0,29747.5,2179,0.0,0.0
2026-09-17 12:30:00-04:00,29747.25,29750.5,29716.5,29725.0,3690,0.0,0.0
2026-09-17 12:35:00-04:00,29725.5,29734.75,29722.25,29729.75,2623,0.0,0.0
2026-09-17 12:40:00-04:00,29729.0,29746.75,29724.75,29746.75,2343,0.0,0.0
2026-09-17 12:45:00-04:00,29746.25,29749.5,29739.75,29743.25,2661,0.0,0.0
2026-09-17 12:50:00-04:00,29742.75,29747.25,29739.75,29742.0,1532,0.0,0.0
2026-09-17 12:55:00-04:00,29742.0,29743.75,29704.25,29741.5,8413,0.0,0.0
2026-09-17 13:00:00-04:00,29741.25,29759.0,29738.5,29753.75,4997,0.0,0.0
2026-09-17 13:05:00-04:00,29754.25,29762.5,29745.5,29747.75,3001,0.0,0.0
2026-09-17 13:10:00-04:00,29747.75,29748.5,29730.0,29732.25,2879,0.0,0.0
2026-09-17 13:15:00-04:00,29732.5,29743.5,29731.0,29738.75,2150,0.0,0.0
2026-09-17 13:20:00-04:00,29739.25,29743.25,29722.0,29725.5,3604,0.0,0.0
2026-09-17 13:25:00-04:00,29725.75,29734.25,29721.25,29726.0,1847,0.0,0.0
2026-09-17 13:30:00-04:00,29726.75,29733.25,29717.25,29732.25,2453,0.0,0.0
2026-09-17 13:35:00-04:00,29731.75,29736.25,29723.25,29723.75,1920,0.0,0.0
2026-09-17 13:40:00-04:00,29723.5,29738.75,29723.5,29737.5,1943,0.0,0.0
2026-09-17 13:45:00-04:00,29737.0,29747.25,29735.25,29738.25,1807,0.0,0.0
2026-09-17 13:50:00-04:00,29738.25,29738.75,29727.5,29730.75,1868,0.0,0.0
2026-09-17 13:55:00-04:00,29731.25,29743.0,29729.75,29742.5,2002,0.0,0.0
2026-09-17 14:00:00-04:00,29742.5,29744.0,29733.0,29741.0,1874,0.0,0.0
2026-09-17 14:05:00-04:00,29741.5,29747.5,29724.5,29728.25,2471,0.0,0.0
2026-09-17 14:10:00-04:00,29728.0,29734.0,29724.5,29729.75,2105,0.0,0.0
2026-09-17 14:15:00-04:00,29730.0,29740.0,29720.5,29735.75,2800,0.0,0.0
2026-09-17 14:20:00-04:00,29735.75,29738.5,29722.75,29724.25,2033,0.0,0.0
2026-09-17 14:25:00-04:00,29724.25,29731.25,29723.25,29726.25,1713,0.0,0.0
2026-09-17 14:30:00-04:00,29726.75,29734.25,29720.75,29721.75,2194,0.0,0.0
2026-09-17 14:35:00-04:00,29722.0,29723.0,29708.25,29709.75,3336,0.0,0.0
2026-09-17 14:40:00-04:00,29709.5,29718.0,29705.0,29717.0,2823,0.0,0.0
2026-09-17 14:45:00-04:00,29716.5,29728.5,29715.0,29721.5,2367,0.0,0.0
2026-09-17 14:50:00-04:00,29721.0,29726.0,29716.0,29720.5,1781,0.0,0.0
2026-09-17 14:55:00-04:00,29720.5,29725.0,29715.0,29722.0,2184,0.0,0.0
2026-09-17 15:00:00-04:00,29722.0,29736.75,29720.0,29735.0,2954,0.0,0.0
2026-09-17 15:05:00-04:00,29735.25,29751.0,29735.25,29739.25,3953,0.0,0.0
2026-09-17 15:10:00-04:00,29739.5,29746.0,29734.5,29740.0,2302,0.0,0.0
2026-09-17 15:15:00-04:00,29740.25,29746.5,29736.75,29743.75,2086,0.0,0.0
2026-09-17 15:20:00-04:00,29744.0,29746.25,29734.0,29735.25,2100,0.0,0.0
2026-09-17 15:25:00-04:00,29735.0,29739.0,29728.25,29732.0,2419,0.0,0.0
2026-09-17 15:30:00-04:00,29732.0,29754.0,29730.75,29752.5,3581,0.0,0.0
2026-09-17 15:35:00-04:00,29752.75,29760.75,29752.0,29758.0,3163,0.0,0.0
2026-09-17 15:40:00-04:00,29758.25,29770.0,29746.5,29763.25,3830,0.0,0.0
2026-09-17 15:45:00-04:00,29763.5,29765.5,29749.5,29753.5,3540,0.0,0.0
2026-09-17 15:50:00-04:00,29753.5,29793.25,29753.5,29769.25,9464,0.0,0.0
2026-09-17 15:55:00-04:00,29769.75,29775.25,29731.5,29744.5,21219,0.0,0.0
2026-09-17 16:00:00-04:00,29744.5,29748.25,29734.25,29737.25,6440,0.0,0.0
2026-09-17 16:05:00-04:00,29737.5,29744.75,29735.5,29743.5,2259,0.0,0.0
2026-09-17 16:10:00-04:00,29743.25,29744.5,29723.5,29724.75,2283,0.0,0.0
2026-09-17 16:15:00-04:00,29724.25,29728.25,29716.0,29716.5,1517,0.0,0.0
2026-09-17 16:20:00-04:00,29716.75,29719.5,29715.0,29718.0,1008,0.0,0.0
2026-09-17 16:25:00-04:00,29718.0,29719.0,29715.0,29715.0,482,0.0,0.0
2026-09-17 16:30:00-04:00,29715.25,29718.5,29714.5,29717.75,364,0.0,0.0
2026-09-17 16:35:00-04:00,29717.5,29722.25,29716.25,29720.25,621,0.0,0.0
2026-09-17 16:40:00-04:00,29720.0,29721.75,29714.5,29715.5,379,0.0,0.0
2026-09-17 16:45:00-04:00,29715.75,29720.25,29714.25,29716.5,496,0.0,0.0
2026-09-17 16:50:00-04:00,29716.25,29723.0,29712.5,29721.0,441,0.0,0.0
2026-09-17 16:55:00-04:00,29720.5,29725.75,29717.25,29720.5,407,0.0,0.0
2026-09-17 18:00:00-04:00,29723.75,29728.5,29706.75,29707.0,0,0.0,0.0
2026-09-17 18:05:00-04:00,29707.75,29711.5,29696.25,29699.25,584,0.0,0.0
2026-09-17 18:10:00-04:00,29700.25,29706.75,29699.0,29704.25,359,0.0,0.0
2026-09-17 18:15:00-04:00,29704.25,29705.25,29690.0,29699.0,369,0.0,0.0
2026-09-17 18:20:00-04:00,29699.75,29702.25,29689.5,29694.0,331,0.0,0.0
2026-09-17 18:25:00-04:00,29694.0,29696.75,29680.75,29683.25,495,0.0,0.0
2026-09-17 18:30:00-04:00,29682.75,29684.0,29674.5,29678.5,435,0.0,0.0
2026-09-17 18:35:00-04:00,29677.75,29687.25,29676.5,29681.75,685,0.0,0.0
2026-09-17 18:40:00-04:00,29681.5,29683.75,29676.0,29681.25,306,0.0,0.0
2026-09-17 18:45:00-04:00,29681.75,29683.75,29679.25,29683.5,217,0.0,0.0
2026-09-17 18:50:00-04:00,29683.25,29683.25,29674.0,29674.5,313,0.0,0.0
2026-09-17 18:55:00-04:00,29675.5,29689.0,29674.25,29687.5,362,0.0,0.0
2026-09-17 19:00:00-04:00,29686.75,29700.75,29686.75,29698.0,733,0.0,0.0
2026-09-17 19:05:00-04:00,29698.0,29708.0,29698.0,29706.75,450,0.0,0.0
2026-09-17 19:10:00-04:00,29706.5,29712.0,29692.0,29693.0,627,0.0,0.0
2026-09-17 19:15:00-04:00,29693.0,29697.0,29686.0,29694.5,379,0.0,0.0
2026-09-17 19:20:00-04:00,29694.0,29703.75,29694.0,29697.75,234,0.0,0.0
2026-09-17 19:25:00-04:00,29698.5,29699.5,29688.75,29690.0,229,0.0,0.0
2026-09-17 19:30:00-04:00,29690.25,29697.5,29687.5,29696.75,180,0.0,0.0
2026-09-17 19:35:00-04:00,29696.0,29701.25,29693.5,29698.0,137,0.0,0.0
2026-09-17 19:40:00-04:00,29698.5,29705.0,29693.75,29698.5,253,0.0,0.0
2026-09-17 19:45:00-04:00,29697.5,29702.25,29690.0,29698.25,321,0.0,0.0
2026-09-17 19:50:00-04:00,29697.5,29702.0,29695.25,29699.5,161,0.0,0.0
2026-09-17 19:55:00-04:00,29699.5,29701.75,29695.25,29696.5,155,0.0,0.0
2026-09-17 20:00:00-04:00,29697.25,29708.0,29688.0,29699.75,865,0.0,0.0
2026-09-17 20:05:00-04:00,29695.0,29700.0,29678.75,29691.0,821,0.0,0.0
2026-09-17 20:10:00-04:00,29690.75,29698.5,29676.0,29698.25,610,0.0,0.0
2026-09-17 20:15:00-04:00,29698.75,29701.5,29687.5,29694.75,506,0.0,0.0
2026-09-17 20:20:00-04:00,29695.25,29696.75,29686.0,29695.25,256,0.0,0.0
2026-09-17 20:25:00-04:00,29695.5,29700.25,29682.25,29686.75,433,0.0,0.0
2026-09-17 20:30:00-04:00,29687.5,29697.25,29687.5,29695.25,258,0.0,0.0
2026-09-17 20:35:00-04:00,29694.75,29695.5,29671.75,29672.25,569,0.0,0.0
2026-09-17 20:40:00-04:00,29672.0,29685.75,29662.25,29680.75,1037,0.0,0.0
2026-09-17 20:45:00-04:00,29680.0,29683.0,29664.5,29665.0,421,0.0,0.0
2026-09-17 20:50:00-04:00,29665.0,29670.5,29660.5,29668.25,406,0.0,0.0
2026-09-17 20:55:00-04:00,29669.5,29669.5,29664.75,29666.5,239,0.0,0.0
2026-09-17 21:00:00-04:00,29665.75,29682.25,29658.25,29659.5,708,0.0,0.0
2026-09-17 21:05:00-04:00,29660.75,29676.0,29660.0,29665.75,461,0.0,0.0
2026-09-17 21:10:00-04:00,29666.25,29670.25,29659.75,29662.0,415,0.0,0.0
2026-09-17 21:15:00-04:00,29661.5,29661.5,29648.0,29659.0,971,0.0,0.0
2026-09-17 21:20:00-04:00,29659.25,29664.5,29652.5,29657.25,330,0.0,0.0
2026-09-17 21:25:00-04:00,29657.75,29660.25,29649.25,29657.5,257,0.0,0.0
2026-09-17 21:30:00-04:00,29657.25,29663.5,29652.0,29660.25,369,0.0,0.0
2026-09-17 21:35:00-04:00,29658.75,29668.0,29655.0,29662.25,414,0.0,0.0
2026-09-17 21:40:00-04:00,29661.5,29677.5,29660.5,29664.5,551,0.0,0.0
2026-09-17 21:45:00-04:00,29665.0,29683.0,29664.5,29680.25,502,0.0,0.0
2026-09-17 21:50:00-04:00,29680.5,29680.75,29669.5,29677.5,393,0.0,0.0
2026-09-17 21:55:00-04:00,29678.75,29680.5,29671.75,29678.0,304,0.0,0.0
2026-09-17 22:00:00-04:00,29679.75,29684.0,29676.0,29676.5,336,0.0,0.0
2026-09-17 22:05:00-04:00,29676.5,29679.0,29670.25,29671.25,243,0.0,0.0
2026-09-17 22:10:00-04:00,29670.75,29676.25,29663.0,29673.75,347,0.0,0.0
2026-09-17 22:15:00-04:00,29674.5,29681.75,29671.5,29681.0,225,0.0,0.0
2026-09-17 22:20:00-04:00,29681.0,29692.25,29680.0,29690.0,567,0.0,0.0
2026-09-17 22:25:00-04:00,29690.5,29691.25,29681.25,29687.75,299,0.0,0.0
2026-09-17 22:30:00-04:00,29688.0,29692.25,29684.0,29691.25,347,0.0,0.0
2026-09-17 22:35:00-04:00,29691.25,29693.25,29683.75,29687.0,214,0.0,0.0
2026-09-17 22:40:00-04:00,29686.5,29698.25,29686.5,29693.5,336,0.0,0.0
2026-09-17 22:45:00-04:00,29693.0,29699.5,29692.0,29698.25,224,0.0,0.0
2026-09-17 22:50:00-04:00,29698.25,29704.0,29689.75,29695.25,677,0.0,0.0
2026-09-17 22:55:00-04:00,29694.25,29702.75,29687.25,29692.75,464,0.0,0.0
2026-09-17 23:00:00-04:00,29693.75,29709.0,29689.0,29709.0,553,0.0,0.0
2026-09-17 23:05:00-04:00,29709.0,29729.0,29708.0,29725.25,1017,0.0,0.0
2026-09-17 23:10:00-04:00,29725.5,29738.0,29725.0,29737.0,1491,0.0,0.0
2026-09-17 23:15:00-04:00,29737.5,29737.75,29719.5,29727.75,650,0.0,0.0
2026-09-17 23:20:00-04:00,29729.0,29738.5,29728.75,29731.25,523,0.0,0.0
2026-09-17 23:25:00-04:00,29732.5,29737.75,29730.0,29733.5,232,0.0,0.0
2026-09-17 23:30:00-04:00,29734.0,29739.25,29727.25,29737.25,443,0.0,0.0
2026-09-17 23:35:00-04:00,29737.75,29747.0,29737.5,29743.25,871,0.0,0.0
2026-09-17 23:40:00-04:00,29742.25,29748.25,29742.25,29747.75,322,0.0,0.0
2026-09-17 23:45:00-04:00,29748.0,29763.75,29747.75,29762.25,908,0.0,0.0
2026-09-17 23:50:00-04:00,29761.5,29764.75,29754.25,29756.75,412,0.0,0.0
2026-09-17 23:55:00-04:00,29756.75,29758.5,29749.75,29752.25,278,0.0,0.0
2026-09-18 00:05:00-04:00,29762.75,29764.5,29762.0,29762.75,957,0.0,0.0
2026-09-18 00:10:00-04:00,29763.25,29768.75,29763.25,29768.25,294,0.0,0.0
2026-09-18 00:15:00-04:00,29767.75,29773.5,29760.75,29766.5,593,0.0,0.0
2026-09-18 00:20:00-04:00,29767.0,29767.5,29759.0,29760.0,291,0.0,0.0
2026-09-18 00:25:00-04:00,29760.25,29772.75,29755.0,29772.25,450,0.0,0.0
2026-09-18 00:30:00-04:00,29773.0,29779.75,29770.75,29772.5,683,0.0,0.0
2026-09-18 00:35:00-04:00,29773.25,29774.75,29766.5,29768.75,215,0.0,0.0
2026-09-18 00:40:00-04:00,29770.25,29801.0,29766.5,29795.0,1261,0.0,0.0
2026-09-18 00:45:00-04:00,29795.5,29796.75,29786.0,29791.25,539,0.0,0.0
2026-09-18 00:50:00-04:00,29790.75,29809.5,29790.5,29804.75,823,0.0,0.0
2026-09-18 00:55:00-04:00,29804.0,29812.75,29802.5,29810.5,546,0.0,0.0
2026-09-18 01:00:00-04:00,29810.25,29812.0,29805.0,29811.5,375,0.0,0.0
2026-09-18 01:05:00-04:00,29811.5,29812.0,29803.0,29805.5,303,0.0,0.0
2026-09-18 01:10:00-04:00,29806.0,29814.75,29805.75,29810.75,459,0.0,0.0
2026-09-18 01:15:00-04:00,29811.0,29815.5,29810.25,29814.25,303,0.0,0.0
2026-09-18 01:20:00-04:00,29814.25,29823.5,29812.5,29821.25,663,0.0,0.0
2026-09-18 01:25:00-04:00,29821.5,29827.25,29806.75,29814.5,975,0.0,0.0
2026-09-18 01:30:00-04:00,29815.5,29828.5,29812.0,29824.75,651,0.0,0.0
2026-09-18 01:35:00-04:00,29824.25,29842.5,29821.25,29839.25,1108,0.0,0.0
2026-09-18 01:40:00-04:00,29840.5,29854.0,29835.0,29854.0,1065,0.0,0.0
2026-09-18 01:45:00-04:00,29853.5,29859.25,29837.25,29840.75,1204,0.0,0.0
2026-09-18 01:50:00-04:00,29840.5,29854.0,29839.0,29842.75,718,0.0,0.0
2026-09-18 01:55:00-04:00,29841.75,29849.25,29838.25,29846.0,595,0.0,0.0
2026-09-18 02:00:00-04:00,29846.25,29870.75,29845.0,29867.75,1290,0.0,0.0
2026-09-18 02:05:00-04:00,29869.0,29872.5,29862.5,29870.5,739,0.0,0.0
2026-09-18 02:10:00-04:00,29870.5,29885.5,29864.0,29882.75,910,0.0,0.0
2026-09-18 02:15:00-04:00,29882.75,29890.0,29871.5,29879.75,1307,0.0,0.0
2026-09-18 02:20:00-04:00,29879.75,29897.25,29874.0,29892.25,795,0.0,0.0
2026-09-18 02:25:00-04:00,29892.25,29897.0,29882.75,29885.0,699,0.0,0.0
2026-09-18 02:30:00-04:00,29885.25,29913.0,29884.25,29905.25,1808,0.0,0.0
2026-09-18 02:35:00-04:00,29905.5,29919.0,29901.25,29918.0,885,0.0,0.0
2026-09-18 02:40:00-04:00,29917.5,29918.25,29899.75,29905.5,615,0.0,0.0
2026-09-18 02:45:00-04:00,29906.0,29912.5,29901.75,29907.0,447,0.0,0.0
2026-09-18 02:50:00-04:00,29907.5,29913.0,29905.25,29907.0,389,0.0,0.0
2026-09-18 02:55:00-04:00,29909.0,29921.5,29908.0,29916.0,502,0.0,0.0
2026-09-18 03:00:00-04:00,29916.25,29926.0,29910.75,29923.5,1042,0.0,0.0
2026-09-18 03:05:00-04:00,29922.75,29926.5,29915.25,29925.0,550,0.0,0.0
2026-09-18 03:10:00-04:00,29925.0,29938.5,29920.75,29921.5,927,0.0,0.0
2026-09-18 03:15:00-04:00,29922.0,29936.75,29919.5,29932.5,446,0.0,0.0
2026-09-18 03:20:00-04:00,29933.25,29947.5,29929.0,29941.25,1028,0.0,0.0
2026-09-18 03:25:00-04:00,29942.0,29964.25,29940.5,29960.25,1285,0.0,0.0
2026-09-18 03:30:00-04:00,29961.0,29966.75,29952.5,29959.0,768,0.0,0.0
2026-09-18 03:35:00-04:00,29958.75,29962.0,29952.25,29959.0,615,0.0,0.0
2026-09-18 03:40:00-04:00,29959.75,29960.0,29936.25,29940.25,906,0.0,0.0
2026-09-18 03:45:00-04:00,29939.75,29945.75,29933.25,29945.5,680,0.0,0.0
2026-09-18 03:50:00-04:00,29945.0,29951.75,29938.0,29948.25,679,0.0,0.0
2026-09-18 03:55:00-04:00,29947.5,29947.75,29924.25,29929.5,767,0.0,0.0
2026-09-18 04:00:00-04:00,29928.75,29944.0,29922.75,29927.0,1320,0.0,0.0
2026-09-18 04:05:00-04:00,29927.0,29928.75,29905.5,29907.5,1102,0.0,0.0
2026-09-18 04:10:00-04:00,29907.5,29920.0,29903.75,29913.25,867,0.0,0.0
2026-09-18 04:15:00-04:00,29912.0,29921.0,29907.5,29919.5,480,0.0,0.0
2026-09-18 04:20:00-04:00,29919.25,29931.5,29912.25,29916.5,946,0.0,0.0
2026-09-18 04:25:00-04:00,29917.5,29921.5,29895.75,29897.5,750,0.0,0.0
2026-09-18 04:30:00-04:00,29896.75,29913.0,29892.0,29913.0,648,0.0,0.0
2026-09-18 04:35:00-04:00,29912.75,29917.5,29901.75,29906.0,572,0.0,0.0
2026-09-18 04:40:00-04:00,29904.75,29913.25,29899.5,29912.25,513,0.0,0.0
2026-09-18 04:45:00-04:00,29912.5,29919.75,29904.0,29908.5,467,0.0,0.0
2026-09-18 04:50:00-04:00,29908.5,29915.0,29896.0,29896.0,544,0.0,0.0
2026-09-18 04:55:00-04:00,29896.75,29901.75,29891.25,29892.75,434,0.0,0.0
2026-09-18 05:00:00-04:00,29893.25,29894.25,29880.0,29884.75,817,0.0,0.0
2026-09-18 05:05:00-04:00,29884.5,29895.0,29881.5,29888.0,379,0.0,0.0
2026-09-18 05:10:00-04:00,29888.0,29895.5,29881.25,29884.0,248,0.0,0.0
2026-09-18 05:15:00-04:00,29883.25,29894.5,29881.25,29893.75,229,0.0,0.0
2026-09-18 05:20:00-04:00,29894.0,29899.0,29886.75,29887.75,339,0.0,0.0
2026-09-18 05:25:00-04:00,29888.0,29891.0,29870.5,29873.0,481,0.0,0.0
2026-09-18 05:30:00-04:00,29873.25,29874.0,29862.75,29866.0,713,0.0,0.0
2026-09-18 05:35:00-04:00,29865.75,29872.25,29847.5,29848.0,703,0.0,0.0
2026-09-18 05:40:00-04:00,29847.75,29853.25,29837.25,29837.25,781,0.0,0.0
2026-09-18 05:45:00-04:00,29838.25,29852.0,29836.0,29845.0,641,0.0,0.0
2026-09-18 05:50:00-04:00,29844.0,29857.5,29841.75,29848.75,464,0.0,0.0
2026-09-18 05:55:00-04:00,29849.75,29853.25,29838.5,29839.0,396,0.0,0.0
2026-09-18 06:00:00-04:00,29838.25,29850.75,29838.25,29847.75,484,0.0,0.0
2026-09-18 06:05:00-04:00,29847.0,29855.0,29843.25,29851.75,576,0.0,0.0
2026-09-18 06:10:00-04:00,29852.0,29859.75,29846.5,29858.25,355,0.0,0.0
2026-09-18 06:15:00-04:00,29857.25,29871.75,29856.25,29867.25,921,0.0,0.0
2026-09-18 06:20:00-04:00,29867.0,29875.5,29865.25,29871.5,435,0.0,0.0
2026-09-18 06:25:00-04:00,29871.25,29878.25,29866.75,29877.75,535,0.0,0.0
2026-09-18 06:30:00-04:00,29876.5,29890.25,29875.5,29885.25,927,0.0,0.0
2026-09-18 06:35:00-04:00,29886.0,29903.25,29884.5,29896.75,766,0.0,0.0
2026-09-18 06:40:00-04:00,29896.5,29899.75,29887.5,29892.25,452,0.0,0.0
2026-09-18 06:45:00-04:00,29892.25,29892.5,29876.25,29879.75,405,0.0,0.0
2026-09-18 06:50:00-04:00,29880.0,29884.0,29872.25,29878.25,340,0.0,0.0
2026-09-18 06:55:00-04:00,29878.25,29882.5,29874.5,29877.25,329,0.0,0.0
2026-09-18 07:00:00-04:00,29877.25,29898.75,29860.75,29897.75,1267,0.0,0.0
2026-09-18 07:05:00-04:00,29896.75,29897.0,29842.0,29867.0,2084,0.0,0.0
2026-09-18 07:10:00-04:00,29866.5,29872.5,29844.25,29856.25,604,0.0,0.0
2026-09-18 07:15:00-04:00,29855.0,29856.25,29828.25,29836.0,858,0.0,0.0
2026-09-18 07:20:00-04:00,29836.25,29845.75,29825.25,29834.25,649,0.0,0.0
2026-09-18 07:25:00-04:00,29834.25,29839.0,29828.0,29829.75,518,0.0,0.0
2026-09-18 07:30:00-04:00,29830.5,29854.25,29829.75,29847.0,652,0.0,0.0
2026-09-18 07:35:00-04:00,29847.0,29858.75,29841.0,29844.5,499,0.0,0.0
2026-09-18 07:40:00-04:00,29845.5,29845.5,29827.25,29831.0,599,0.0,0.0
2026-09-18 07:45:00-04:00,29831.75,29838.0,29822.5,29834.75,505,0.0,0.0
2026-09-18 07:50:00-04:00,29833.5,29845.5,29831.75,29843.0,533,0.0,0.0
2026-09-18 07:55:00-04:00,29844.0,29847.0,29828.0,29838.75,800,0.0,0.0
2026-09-18 08:00:00-04:00,29839.75,29848.5,29815.0,29840.0,1676,0.0,0.0
2026-09-18 08:05:00-04:00,29839.75,29853.5,29797.5,29798.75,2115,0.0,0.0
2026-09-18 08:10:00-04:00,29799.0,29802.25,29785.0,29787.75,1059,0.0,0.0
2026-09-18 08:15:00-04:00,29788.0,29798.25,29779.0,29779.25,1490,0.0,0.0
2026-09-18 08:20:00-04:00,29779.0,29790.5,29767.75,29770.25,1766,0.0,0.0
2026-09-18 08:25:00-04:00,29770.0,29786.75,29768.5,29775.0,1107,0.0,0.0
2026-09-18 08:30:00-04:00,29774.0,29796.25,29771.5,29791.25,1620,0.0,0.0
2026-09-18 08:35:00-04:00,29790.75,29795.25,29774.25,29785.25,1451,0.0,0.0
2026-09-18 08:40:00-04:00,29785.25,29794.0,29779.75,29790.0,767,0.0,0.0
2026-09-18 08:45:00-04:00,29789.25,29795.5,29785.5,29786.25,839,0.0,0.0
2026-09-18 08:50:00-04:00,29786.0,29794.5,29783.5,29785.5,505,0.0,0.0
2026-09-18 08:55:00-04:00,29785.5,29787.75,29770.0,29776.5,1051,0.0,0.0
2026-09-18 09:00:00-04:00,29776.25,29783.5,29764.25,29771.75,1741,0.0,0.0
2026-09-18 09:05:00-04:00,29772.0,29788.5,29770.75,29786.0,1196,0.0,0.0
2026-09-18 09:10:00-04:00,29785.75,29790.75,29783.0,29786.25,947,0.0,0.0
2026-09-18 09:15:00-04:00,29786.75,29796.25,29785.25,29793.5,1417,0.0,0.0
2026-09-18 09:20:00-04:00,29793.25,29794.25,29768.5,29768.75,1794,0.0,0.0
2026-09-18 09:25:00-04:00,29768.75,29819.5,29744.75,29814.25,10135,0.0,0.0
2026-09-18 09:30:00-04:00,29814.0,29842.0,29801.5,29810.75,17134,0.0,0.0
2026-09-18 09:35:00-04:00,29811.25,29839.75,29798.0,29836.25,9550,0.0,0.0
2026-09-18 09:40:00-04:00,29835.75,29844.75,29802.25,29816.75,8166,0.0,0.0
2026-09-18 09:45:00-04:00,29817.5,29838.25,29791.25,29795.25,7826,0.0,0.0
2026-09-18 09:50:00-04:00,29795.25,29805.75,29778.75,29782.75,7291,0.0,0.0
2026-09-18 09:55:00-04:00,29782.75,29789.5,29765.75,29776.75,6008,0.0,0.0
2026-09-18 10:00:00-04:00,29776.25,29783.75,29723.25,29728.25,10219,0.0,0.0
2026-09-18 10:05:00-04:00,29728.25,29747.5,29711.75,29740.25,9250,0.0,0.0
2026-09-18 10:10:00-04:00,29739.75,29756.25,29717.0,29719.25,8499,0.0,0.0
2026-09-18 10:15:00-04:00,29719.25,29726.75,29692.75,29725.25,8772,0.0,0.0
2026-09-18 10:20:00-04:00,29724.75,29747.75,29717.25,29732.25,6929,0.0,0.0
2026-09-18 10:25:00-04:00,29732.5,29745.5,29724.25,29728.75,4563,0.0,0.0
2026-09-18 10:30:00-04:00,29728.25,29738.25,29712.25,29725.75,5208,0.0,0.0
2026-09-18 10:35:00-04:00,29726.75,29752.25,29710.5,29734.5,5969,0.0,0.0
2026-09-18 10:40:00-04:00,29734.25,29736.75,29702.75,29714.25,4603,0.0,0.0
2026-09-18 10:45:00-04:00,29715.0,29744.0,29707.0,29742.5,4518,0.0,0.0
2026-09-18 10:50:00-04:00,29742.25,29766.75,29735.0,29763.5,6408,0.0,0.0
2026-09-18 10:55:00-04:00,29764.0,29767.25,29747.5,29758.25,4402,0.0,0.0
2026-09-18 11:00:00-04:00,29758.25,29765.0,29736.25,29751.25,4532,0.0,0.0
2026-09-18 11:05:00-04:00,29751.25,29772.5,29746.25,29749.75,3732,0.0,0.0
2026-09-18 11:10:00-04:00,29750.25,29754.25,29725.0,29729.5,4544,0.0,0.0
2026-09-18 11:15:00-04:00,29730.25,29735.75,29720.25,29731.0,3214,0.0,0.0
2026-09-18 11:20:00-04:00,29731.75,29743.25,29725.5,29738.75,3261,0.0,0.0
2026-09-18 11:25:00-04:00,29738.75,29754.5,29738.0,29749.25,3150,0.0,0.0
2026-09-18 11:30:00-04:00,29749.5,29755.5,29727.75,29735.5,5339,0.0,0.0
2026-09-18 11:35:00-04:00,29735.75,29744.0,29721.0,29725.75,3273,0.0,0.0
2026-09-18 11:40:00-04:00,29725.5,29727.75,29710.25,29723.5,3673,0.0,0.0
2026-09-18 11:45:00-04:00,29723.75,29727.0,29712.25,29719.5,2325,0.0,0.0
2026-09-18 11:50:00-04:00,29720.0,29730.5,29708.0,29710.25,3065,0.0,0.0
2026-09-18 11:55:00-04:00,29710.75,29720.5,29702.75,29708.25,3130,0.0,0.0
2026-09-18 12:00:00-04:00,29708.25,29711.0,29699.25,29705.75,2989,0.0,0.0
2026-09-18 12:05:00-04:00,29706.5,29724.25,29705.75,29714.25,2873,0.0,0.0
2026-09-18 12:10:00-04:00,29714.25,29719.0,29709.0,29709.0,1892,0.0,0.0
2026-09-18 12:15:00-04:00,29709.25,29722.75,29704.25,29721.0,2659,0.0,0.0
2026-09-18 12:20:00-04:00,29721.0,29722.0,29669.0,29672.75,5159,0.0,0.0
2026-09-18 12:25:00-04:00,29672.75,29705.25,29659.25,29699.75,7081,0.0,0.0
2026-09-18 12:30:00-04:00,29700.0,29721.0,29692.5,29713.75,4729,0.0,0.0
2026-09-18 12:35:00-04:00,29714.75,29719.5,29697.25,29708.75,3129,0.0,0.0
2026-09-18 12:40:00-04:00,29708.25,29722.5,29702.0,29716.0,2316,0.0,0.0
2026-09-18 12:45:00-04:00,29716.5,29720.0,29701.0,29714.0,2396,0.0,0.0
2026-09-18 12:50:00-04:00,29713.75,29730.5,29713.75,29727.75,2568,0.0,0.0
2026-09-18 12:55:00-04:00,29728.25,29735.0,29722.0,29727.5,2688,0.0,0.0
2026-09-18 13:00:00-04:00,29728.0,29735.75,29719.75,29731.5,2204,0.0,0.0
2026-09-18 13:05:00-04:00,29731.25,29743.25,29730.75,29736.75,2685,0.0,0.0
2026-09-18 13:10:00-04:00,29736.75,29741.75,29725.5,29741.25,2692,0.0,0.0
2026-09-18 13:15:00-04:00,29741.5,29749.25,29739.25,29746.0,2219,0.0,0.0
2026-09-18 13:20:00-04:00,29746.25,29748.25,29738.0,29747.75,1708,0.0,0.0
2026-09-18 13:25:00-04:00,29747.5,29751.5,29740.25,29741.75,2205,0.0,0.0
2026-09-18 13:30:00-04:00,29741.5,29742.0,29731.75,29741.0,2113,0.0,0.0
2026-09-18 13:35:00-04:00,29741.25,29756.0,29741.25,29755.5,2350,0.0,0.0
2026-09-18 13:40:00-04:00,29754.75,29762.5,29752.5,29762.0,2021,0.0,0.0
2026-09-18 13:45:00-04:00,29761.75,29764.75,29757.0,29758.25,1861,0.0,0.0
2026-09-18 13:50:00-04:00,29758.25,29766.75,29756.5,29762.0,1766,0.0,0.0
2026-09-18 13:55:00-04:00,29762.0,29768.0,29759.75,29763.25,1682,0.0,0.0
2026-09-18 14:00:00-04:00,29763.0,29768.75,29756.0,29761.5,2109,0.0,0.0
2026-09-18 14:05:00-04:00,29761.75,29763.5,29755.25,29758.25,1481,0.0,0.0
2026-09-18 14:10:00-04:00,29757.75,29760.0,29748.0,29753.75,2159,0.0,0.0
2026-09-18 14:15:00-04:00,29753.25,29764.75,29753.0,29764.5,1820,0.0,0.0
2026-09-18 14:20:00-04:00,29764.25,29788.0,29764.0,29776.25,4469,0.0,0.0
2026-09-18 14:25:00-04:00,29776.25,29781.5,29771.25,29780.75,1776,0.0,0.0
2026-09-18 14:30:00-04:00,29780.5,29785.5,29774.5,29785.0,1708,0.0,0.0
2026-09-18 14:35:00-04:00,29784.75,29785.75,29773.25,29780.0,1849,0.0,0.0
2026-09-18 14:40:00-04:00,29780.0,29792.5,29777.25,29790.75,2025,0.0,0.0
2026-09-18 14:45:00-04:00,29791.25,29824.5,29790.5,29819.5,4959,0.0,0.0
2026-09-18 14:50:00-04:00,29819.25,29849.5,29818.75,29837.0,5002,0.0,0.0
2026-09-18 14:55:00-04:00,29837.25,29838.0,29826.5,29832.0,3675,0.0,0.0
2026-09-18 15:00:00-04:00,29832.25,29848.25,29829.75,29844.5,3240,0.0,0.0
2026-09-18 15:05:00-04:00,29845.0,29852.25,29831.0,29837.5,2986,0.0,0.0
2026-09-18 15:10:00-04:00,29837.5,29844.75,29830.0,29835.0,2403,0.0,0.0
2026-09-18 15:15:00-04:00,29834.75,29840.5,29832.0,29837.75,1723,0.0,0.0
2026-09-18 15:20:00-04:00,29837.75,29846.0,29832.25,29840.25,2678,0.0,0.0
2026-09-18 15:25:00-04:00,29840.75,29842.25,29829.25,29831.25,1956,0.0,0.0
2026-09-18 15:30:00-04:00,29831.5,29834.0,29822.75,29826.0,2740,0.0,0.0
2026-09-18 15:35:00-04:00,29825.5,29843.75,29824.25,29840.25,2808,0.0,0.0
2026-09-18 15:40:00-04:00,29840.5,29853.25,29836.75,29852.25,2950,0.0,0.0
2026-09-18 15:45:00-04:00,29852.75,29873.0,29850.0,29872.75,4904,0.0,0.0
2026-09-18 15:50:00-04:00,29872.25,29888.75,29862.25,29877.5,9200,0.0,0.0
2026-09-18 15:55:00-04:00,29877.75,29937.75,29877.5,29915.75,25015,0.0,0.0
2026-09-18 16:00:00-04:00,29916.0,29952.75,29912.25,29947.0,9439,0.0,0.0
2026-09-18 16:05:00-04:00,29947.0,29951.0,29939.25,29944.75,2615,0.0,0.0
2026-09-18 16:10:00-04:00,29944.5,29993.25,29944.5,29970.0,4242,0.0,0.0
2026-09-18 16:15:00-04:00,29970.5,29975.25,29965.0,29966.0,1320,0.0,0.0
2026-09-18 16:20:00-04:00,29966.75,29973.0,29960.25,29964.75,1244,0.0,0.0
2026-09-18 16:25:00-04:00,29964.25,29970.25,29964.0,29967.25,644,0.0,0.0
2026-09-18 16:30:00-04:00,29968.5,29974.0,29963.0,29966.25,810,0.0,0.0
2026-09-18 16:35:00-04:00,29966.0,29967.75,29956.5,29966.25,627,0.0,0.0
2026-09-18 16:40:00-04:00,29966.5,29975.75,29966.5,29974.75,636,0.0,0.0
2026-09-18 16:45:00-04:00,29974.25,29986.5,29973.5,29977.75,805,0.0,0.0
2026-09-18 16:50:00-04:00,29977.25,29981.75,29958.25,29959.25,644,0.0,0.0
2026-09-18 16:55:00-04:00,29959.75,29962.0,29917.25,29917.25,732,0.0,0.0
2026-09-20 18:10:00-04:00,29946.5,30004.5,29945.0,29996.5,1696,0.0,0.0
2026-09-20 18:15:00-04:00,29997.0,30007.75,29979.25,29987.0,1383,0.0,0.0
2026-09-20 18:20:00-04:00,29988.0,29997.0,29979.5,29981.75,586,0.0,0.0
2026-09-20 18:25:00-04:00,29981.0,29993.5,29980.75,29990.25,479,0.0,0.0
2026-09-20 18:30:00-04:00,29989.0,30002.75,29987.0,30000.25,789,0.0,0.0
2026-09-20 18:35:00-04:00,30001.0,30026.75,30000.25,30007.25,1321,0.0,0.0
2026-09-20 18:40:00-04:00,30007.25,30023.25,30005.75,30007.5,625,0.0,0.0
2026-09-20 18:45:00-04:00,30009.0,30015.75,29996.0,30006.25,594,0.0,0.0
2026-09-20 18:50:00-04:00,30006.5,30009.25,30001.5,30006.5,310,0.0,0.0
2026-09-20 18:55:00-04:00,30007.0,30034.0,30007.0,30025.25,967,0.0,0.0
2026-09-20 19:00:00-04:00,30025.0,30029.25,30013.75,30016.5,460,0.0,0.0
2026-09-20 19:05:00-04:00,30017.5,30023.0,30014.75,30019.75,181,0.0,0.0
2026-09-20 19:10:00-04:00,30018.25,30023.25,30015.0,30019.75,272,0.0,0.0
2026-09-20 19:15:00-04:00,30020.5,30021.0,30013.75,30017.5,269,0.0,0.0
2026-09-20 19:20:00-04:00,30017.5,30018.5,30011.25,30018.25,246,0.0,0.0
2026-09-20 19:25:00-04:00,30019.0,30031.0,30017.0,30027.0,482,0.0,0.0
2026-09-20 19:30:00-04:00,30026.25,30031.75,30023.25,30027.0,312,0.0,0.0
2026-09-20 19:35:00-04:00,30027.5,30038.0,30026.0,30033.0,386,0.0,0.0
2026-09-20 19:40:00-04:00,30033.5,30040.25,30029.0,30036.0,415,0.0,0.0
2026-09-20 19:45:00-04:00,30035.25,30039.75,30026.75,30030.75,511,0.0,0.0
2026-09-20 19:50:00-04:00,30030.75,30030.75,30021.5,30024.75,350,0.0,0.0
2026-09-20 19:55:00-04:00,30024.25,30036.75,30023.75,30029.5,230,0.0,0.0
2026-09-20 20:00:00-04:00,30029.5,30055.0,30026.0,30048.5,1050,0.0,0.0
2026-09-20 20:05:00-04:00,30049.25,30065.25,30040.25,30047.5,1108,0.0,0.0
2026-09-20 20:10:00-04:00,30047.5,30047.75,30035.5,30043.25,468,0.0,0.0
2026-09-20 20:15:00-04:00,30041.25,30045.75,30018.0,30024.0,923,0.0,0.0
2026-09-20 20:20:00-04:00,30024.25,30069.25,30021.5,30066.0,1215,0.0,0.0
2026-09-20 20:25:00-04:00,30065.25,30079.25,30061.0,30067.0,710,0.0,0.0
2026-09-20 20:30:00-04:00,30067.0,30090.5,30067.0,30087.0,755,0.0,0.0
2026-09-20 20:35:00-04:00,30088.75,30091.75,30082.5,30090.25,615,0.0,0.0
2026-09-20 20:40:00-04:00,30089.5,30090.5,30071.0,30074.75,593,0.0,0.0
2026-09-20 20:45:00-04:00,30074.0,30082.25,30070.75,30077.75,480,0.0,0.0
2026-09-20 20:50:00-04:00,30078.25,30087.25,30077.0,30078.75,456,0.0,0.0
2026-09-20 20:55:00-04:00,30079.0,30097.25,30076.25,30095.5,793,0.0,0.0
2026-09-20 21:00:00-04:00,30095.5,30106.5,30088.5,30104.75,1518,0.0,0.0
2026-09-20 21:05:00-04:00,30105.75,30123.75,30102.0,30117.0,1195,0.0,0.0
2026-09-20 21:10:00-04:00,30118.25,30130.5,30105.25,30115.25,1224,0.0,0.0
2026-09-20 21:15:00-04:00,30115.5,30118.5,30106.75,30111.0,366,0.0,0.0
2026-09-20 21:20:00-04:00,30111.0,30115.5,30104.5,30111.25,426,0.0,0.0
2026-09-20 21:25:00-04:00,30111.75,30128.0,30110.75,30111.0,730,0.0,0.0
2026-09-20 21:30:00-04:00,30110.75,30120.75,30107.75,30118.75,441,0.0,0.0
2026-09-20 21:35:00-04:00,30119.5,30119.5,30108.25,30113.25,375,0.0,0.0
2026-09-20 21:40:00-04:00,30114.75,30120.0,30108.75,30113.75,318,0.0,0.0
2026-09-20 21:45:00-04:00,30114.0,30114.0,30088.5,30092.25,1059,0.0,0.0
2026-09-20 21:50:00-04:00,30092.25,30099.25,30083.5,30092.75,834,0.0,0.0
2026-09-20 21:55:00-04:00,30093.0,30094.25,30069.5,30071.0,928,0.0,0.0
2026-09-20 22:00:00-04:00,30070.5,30084.75,30063.5,30079.0,836,0.0,0.0
2026-09-20 22:05:00-04:00,30079.0,30082.5,30070.5,30081.25,456,0.0,0.0
2026-09-20 22:10:00-04:00,30080.75,30084.75,30075.0,30079.75,273,0.0,0.0
2026-09-20 22:15:00-04:00,30078.75,30082.5,30072.0,30077.25,328,0.0,0.0
2026-09-20 22:20:00-04:00,30076.25,30082.5,30073.25,30080.5,601,0.0,0.0
2026-09-20 22:25:00-04:00,30080.5,30089.5,30079.75,30088.75,652,0.0,0.0
2026-09-20 22:30:00-04:00,30088.0,30088.0,30068.0,30073.25,656,0.0,0.0
2026-09-20 22:35:00-04:00,30073.0,30081.75,30073.0,30078.75,258,0.0,0.0
2026-09-20 22:40:00-04:00,30078.75,30088.0,30073.5,30082.75,309,0.0,0.0
2026-09-20 22:45:00-04:00,30082.5,30105.0,30079.75,30100.75,955,0.0,0.0
2026-09-20 22:50:00-04:00,30100.25,30102.5,30079.25,30085.5,513,0.0,0.0
2026-09-20 22:55:00-04:00,30084.75,30086.5,30076.0,30080.0,468,0.0,0.0
2026-09-20 23:00:00-04:00,30078.5,30100.75,30078.5,30099.0,537,0.0,0.0
2026-09-20 23:05:00-04:00,30098.25,30100.25,30092.25,30094.25,303,0.0,0.0
2026-09-20 23:10:00-04:00,30094.25,30099.5,30089.25,30093.5,206,0.0,0.0
2026-09-20 23:15:00-04:00,30093.5,30104.75,30092.0,30101.75,239,0.0,0.0
2026-09-20 23:20:00-04:00,30102.5,30104.5,30097.75,30099.0,236,0.0,0.0
2026-09-20 23:25:00-04:00,30100.25,30103.75,30092.25,30093.75,186,0.0,0.0
2026-09-20 23:30:00-04:00,30092.75,30094.75,30082.25,30091.25,547,0.0,0.0
2026-09-20 23:35:00-04:00,30091.5,30095.25,30083.75,30092.5,380,0.0,0.0
2026-09-20 23:40:00-04:00,30091.75,30095.0,30088.25,30094.0,154,0.0,0.0
2026-09-20 23:45:00-04:00,30094.5,30107.0,30094.0,30095.25,588,0.0,0.0
2026-09-20 23:50:00-04:00,30094.0,30100.5,30090.5,30097.25,206,0.0,0.0
2026-09-20 23:55:00-04:00,30096.75,30097.0,30088.5,30090.0,175,0.0,0.0
2026-09-21 00:00:00-04:00,30087.25,30095.75,30083.25,30084.75,299,0.0,0.0
2026-09-21 00:05:00-04:00,30083.75,30087.5,30071.0,30081.0,678,0.0,0.0
2026-09-21 00:10:00-04:00,30081.25,30084.5,30072.5,30082.0,281,0.0,0.0
2026-09-21 00:15:00-04:00,30082.75,30099.75,30082.0,30098.0,365,0.0,0.0
2026-09-21 00:20:00-04:00,30098.0,30100.75,30088.0,30094.0,270,0.0,0.0
2026-09-21 00:25:00-04:00,30094.5,30097.5,30092.75,30094.0,97,0.0,0.0
2026-09-21 00:30:00-04:00,30093.25,30094.5,30081.5,30086.5,246,0.0,0.0
2026-09-21 00:35:00-04:00,30087.0,30087.0,30080.5,30085.5,136,0.0,0.0
2026-09-21 00:40:00-04:00,30085.0,30092.5,30084.75,30088.5,153,0.0,0.0
2026-09-21 00:45:00-04:00,30087.75,30098.0,30087.5,30093.75,142,0.0,0.0
2026-09-21 00:50:00-04:00,30093.75,30096.5,30091.0,30091.5,166,0.0,0.0
2026-09-21 00:55:00-04:00,30092.5,30096.25,30089.0,30090.0,160,0.0,0.0
2026-09-21 01:00:00-04:00,30090.25,30090.75,30083.75,30084.0,142,0.0,0.0
2026-09-21 01:05:00-04:00,30083.5,30086.0,30080.0,30083.5,145,0.0,0.0
2026-09-21 01:10:00-04:00,30083.0,30086.0,30080.25,30081.75,130,0.0,0.0
2026-09-21 01:15:00-04:00,30082.0,30083.0,30075.25,30079.25,306,0.0,0.0
2026-09-21 01:20:00-04:00,30079.5,30089.25,30079.25,30088.0,181,0.0,0.0
2026-09-21 01:25:00-04:00,30088.25,30088.25,30078.75,30081.75,178,0.0,0.0
2026-09-21 01:30:00-04:00,30081.25,30094.5,30077.5,30089.25,424,0.0,0.0
2026-09-21 01:35:00-04:00,30089.25,30103.0,30083.5,30095.5,440,0.0,0.0
2026-09-21 01:40:00-04:00,30096.0,30111.75,30095.5,30098.5,742,0.0,0.0
2026-09-21 01:45:00-04:00,30097.5,30102.5,30084.0,30085.0,457,0.0,0.0
2026-09-21 01:50:00-04:00,30085.25,30097.25,30082.5,30091.25,201,0.0,0.0
2026-09-21 01:55:00-04:00,30089.25,30093.0,30087.25,30090.75,175,0.0,0.0
2026-09-21 02:00:00-04:00,30090.5,30108.5,30090.5,30108.0,634,0.0,0.0
2026-09-21 02:05:00-04:00,30107.5,30115.0,30103.75,30114.0,516,0.0,0.0
2026-09-21 02:10:00-04:00,30113.5,30121.5,30106.0,30113.25,703,0.0,0.0
2026-09-21 02:15:00-04:00,30112.0,30125.0,30108.25,30116.25,699,0.0,0.0
2026-09-21 02:20:00-04:00,30116.0,30118.5,30108.75,30111.5,420,0.0,0.0
2026-09-21 02:25:00-04:00,30112.0,30115.5,30102.75,30108.0,410,0.0,0.0
2026-09-21 02:30:00-04:00,30108.25,30120.25,30106.5,30120.25,264,0.0,0.0
2026-09-21 02:35:00-04:00,30119.75,30123.5,30115.0,30122.0,323,0.0,0.0
2026-09-21 02:40:00-04:00,30121.5,30123.75,30117.0,30121.0,183,0.0,0.0
2026-09-21 02:45:00-04:00,30121.25,30136.5,30120.75,30135.0,787,0.0,0.0
2026-09-21 02:50:00-04:00,30134.75,30136.0,30117.25,30124.75,632,0.0,0.0
2026-09-21 02:55:00-04:00,30125.0,30144.5,30124.25,30141.5,719,0.0,0.0
2026-09-21 03:00:00-04:00,30142.0,30162.0,30131.75,30160.0,1554,0.0,0.0
2026-09-21 03:05:00-04:00,30159.5,30161.5,30148.25,30155.75,796,0.0,0.0
2026-09-21 03:10:00-04:00,30156.75,30156.75,30135.25,30153.0,826,0.0,0.0
2026-09-21 03:15:00-04:00,30153.25,30155.75,30146.0,30150.25,678,0.0,0.0
2026-09-21 03:20:00-04:00,30151.75,30152.0,30130.25,30135.5,554,0.0,0.0
2026-09-21 03:25:00-04:00,30135.5,30150.75,30126.0,30148.0,726,0.0,0.0
2026-09-21 03:30:00-04:00,30149.25,30155.25,30142.75,30147.0,589,0.0,0.0
2026-09-21 03:35:00-04:00,30147.5,30157.0,30145.0,30152.75,425,0.0,0.0
2026-09-21 03:40:00-04:00,30151.5,30151.75,30138.25,30144.75,563,0.0,0.0
2026-09-21 03:45:00-04:00,30144.5,30152.0,30140.0,30150.25,500,0.0,0.0
2026-09-21 03:50:00-04:00,30150.75,30178.0,30149.75,30177.75,1111,0.0,0.0
2026-09-21 03:55:00-04:00,30177.25,30188.25,30177.25,30178.75,712,0.0,0.0
2026-09-21 04:00:00-04:00,30178.5,30214.0,30172.5,30202.25,1658,0.0,0.0
2026-09-21 04:05:00-04:00,30202.25,30208.75,30184.75,30207.5,1092,0.0,0.0
2026-09-21 04:10:00-04:00,30208.0,30215.0,30202.25,30204.5,814,0.0,0.0
2026-09-21 04:15:00-04:00,30205.25,30208.25,30195.75,30197.75,368,0.0,0.0
2026-09-21 04:20:00-04:00,30198.0,30212.25,30191.25,30209.5,567,0.0,0.0
2026-09-21 04:25:00-04:00,30209.5,30214.0,30198.25,30198.75,657,0.0,0.0
2026-09-21 04:30:00-04:00,30198.75,30231.0,30197.5,30223.5,1004,0.0,0.0
2026-09-21 04:35:00-04:00,30224.5,30229.75,30219.25,30225.5,510,0.0,0.0
2026-09-21 04:40:00-04:00,30225.0,30237.5,30220.75,30234.25,565,0.0,0.0
2026-09-21 04:45:00-04:00,30232.75,30235.0,30222.0,30230.75,485,0.0,0.0
2026-09-21 04:50:00-04:00,30230.0,30236.5,30224.5,30227.75,467,0.0,0.0
2026-09-21 04:55:00-04:00,30228.25,30237.75,30224.75,30234.5,433,0.0,0.0
2026-09-21 05:00:00-04:00,30234.75,30237.5,30229.25,30231.0,393,0.0,0.0
2026-09-21 05:05:00-04:00,30229.5,30249.75,30228.5,30240.25,576,0.0,0.0
2026-09-21 05:10:00-04:00,30241.0,30245.25,30230.25,30241.0,542,0.0,0.0
2026-09-21 05:15:00-04:00,30239.0,30248.0,30233.0,30236.0,383,0.0,0.0
2026-09-21 05:20:00-04:00,30236.5,30249.5,30232.5,30247.25,356,0.0,0.0
2026-09-21 05:25:00-04:00,30245.75,30262.5,30242.75,30247.75,810,0.0,0.0
2026-09-21 05:30:00-04:00,30247.0,30250.75,30239.75,30249.0,473,0.0,0.0
2026-09-21 05:35:00-04:00,30250.0,30255.75,30248.0,30254.25,230,0.0,0.0
2026-09-21 05:40:00-04:00,30254.0,30260.0,30251.25,30257.75,245,0.0,0.0
2026-09-21 05:45:00-04:00,30258.0,30264.0,30253.25,30254.75,509,0.0,0.0
2026-09-21 05:50:00-04:00,30255.0,30259.75,30250.75,30254.25,420,0.0,0.0
2026-09-21 05:55:00-04:00,30253.5,30253.5,30233.0,30234.25,784,0.0,0.0
2026-09-21 06:00:00-04:00,30234.0,30247.5,30232.75,30246.0,515,0.0,0.0
2026-09-21 06:05:00-04:00,30245.5,30247.75,30238.0,30247.25,363,0.0,0.0
2026-09-21 06:10:00-04:00,30246.75,30246.75,30238.5,30246.5,285,0.0,0.0
2026-09-21 06:15:00-04:00,30246.75,30253.75,30242.25,30246.0,536,0.0,0.0
2026-09-21 06:20:00-04:00,30245.25,30247.25,30239.0,30240.0,259,0.0,0.0
2026-09-21 06:25:00-04:00,30240.25,30251.75,30239.25,30245.75,187,0.0,0.0
2026-09-21 06:30:00-04:00,30247.0,30261.0,30237.0,30259.5,739,0.0,0.0
2026-09-21 06:35:00-04:00,30258.75,30266.75,30246.5,30261.0,610,0.0,0.0
2026-09-21 06:40:00-04:00,30258.5,30259.5,30250.0,30252.25,284,0.0,0.0
2026-09-21 06:45:00-04:00,30251.0,30259.0,30247.5,30248.75,198,0.0,0.0
2026-09-21 06:50:00-04:00,30249.0,30255.75,30247.75,30254.75,204,0.0,0.0
2026-09-21 06:55:00-04:00,30255.25,30255.5,30239.25,30241.5,444,0.0,0.0
2026-09-21 07:00:00-04:00,30241.25,30251.75,30233.25,30236.0,774,0.0,0.0
2026-09-21 07:05:00-04:00,30235.75,30237.75,30222.75,30229.0,646,0.0,0.0
2026-09-21 07:10:00-04:00,30229.25,30238.25,30223.75,30232.5,401,0.0,0.0
2026-09-21 07:15:00-04:00,30232.25,30242.25,30232.25,30239.75,328,0.0,0.0
2026-09-21 07:20:00-04:00,30238.75,30238.75,30222.0,30223.5,410,0.0,0.0
2026-09-21 07:25:00-04:00,30223.25,30228.75,30216.0,30225.75,428,0.0,0.0
2026-09-21 07:30:00-04:00,30225.75,30242.0,30223.0,30234.25,599,0.0,0.0
2026-09-21 07:35:00-04:00,30235.5,30238.25,30220.75,30231.25,736,0.0,0.0
2026-09-21 07:40:00-04:00,30231.0,30241.0,30225.75,30240.75,375,0.0,0.0
2026-09-21 07:45:00-04:00,30241.0,30249.25,30233.0,30248.25,464,0.0,0.0
2026-09-21 07:50:00-04:00,30248.0,30257.75,30246.25,30254.5,611,0.0,0.0
2026-09-21 07:55:00-04:00,30255.25,30260.5,30243.75,30247.0,512,0.0,0.0
2026-09-21 08:00:00-04:00,30247.5,30268.75,30236.0,30267.75,1484,0.0,0.0
2026-09-21 08:05:00-04:00,30268.0,30275.0,30260.75,30263.75,1008,0.0,0.0
2026-09-21 08:10:00-04:00,30263.75,30265.75,30250.5,30252.25,1043,0.0,0.0
2026-09-21 08:15:00-04:00,30251.75,30257.75,30243.25,30252.5,715,0.0,0.0
2026-09-21 08:20:00-04:00,30252.75,30255.5,30236.25,30237.0,695,0.0,0.0
2026-09-21 08:25:00-04:00,30235.75,30238.25,30225.25,30225.5,839,0.0,0.0
2026-09-21 08:30:00-04:00,30226.25,30236.5,30222.25,30229.5,714,0.0,0.0
2026-09-21 08:35:00-04:00,30230.0,30235.75,30222.5,30232.0,864,0.0,0.0
2026-09-21 08:40:00-04:00,30231.5,30257.0,30226.75,30255.5,1353,0.0,0.0
2026-09-21 08:45:00-04:00,30255.75,30258.5,30233.25,30237.0,888,0.0,0.0
2026-09-21 08:50:00-04:00,30237.5,30243.5,30235.75,30237.25,456,0.0,0.0
2026-09-21 08:55:00-04:00,30237.25,30237.25,30224.25,30225.5,863,0.0,0.0
2026-09-21 09:00:00-04:00,30224.25,30236.5,30219.5,30233.25,876,0.0,0.0
2026-09-21 09:05:00-04:00,30232.5,30236.25,30224.25,30233.25,657,0.0,0.0
2026-09-21 09:10:00-04:00,30233.75,30238.25,30221.25,30223.0,899,0.0,0.0
2026-09-21 09:15:00-04:00,30224.0,30231.0,30222.25,30230.25,698,0.0,0.0
2026-09-21 09:20:00-04:00,30230.25,30230.75,30202.25,30203.0,1630,0.0,0.0
2026-09-21 09:25:00-04:00,30203.0,30233.0,30203.0,30221.5,4004,0.0,0.0
2026-09-21 09:30:00-04:00,30221.5,30260.0,30216.5,30252.0,16490,0.0,0.0
2026-09-21 09:35:00-04:00,30252.25,30303.25,30235.5,30296.5,12941,0.0,0.0
2026-09-21 09:40:00-04:00,30297.0,30340.5,30296.75,30339.75,9114,0.0,0.0
2026-09-21 09:45:00-04:00,30340.5,30371.0,30340.0,30359.25,10326,0.0,0.0
2026-09-21 09:50:00-04:00,30359.0,30408.5,30351.75,30407.75,10844,0.0,0.0
2026-09-21 09:55:00-04:00,30407.75,30423.0,30395.5,30417.0,8582,0.0,0.0
2026-09-21 10:00:00-04:00,30416.5,30437.75,30411.0,30417.5,8955,0.0,0.0
2026-09-21 10:05:00-04:00,30418.0,30420.25,30397.0,30408.5,6910,0.0,0.0
2026-09-21 10:10:00-04:00,30408.5,30444.75,30408.25,30436.75,7528,0.0,0.0
2026-09-21 10:15:00-04:00,30437.5,30471.75,30437.5,30468.75,7865,0.0,0.0
2026-09-21 10:20:00-04:00,30469.0,30505.0,30455.75,30502.5,8702,0.0,0.0
2026-09-21 10:25:00-04:00,30502.0,30519.75,30493.5,30518.0,7065,0.0,0.0
2026-09-21 10:30:00-04:00,30518.25,30531.25,30510.25,30524.25,6557,0.0,0.0
2026-09-21 10:35:00-04:00,30524.25,30557.25,30524.25,30530.75,7773,0.0,0.0
2026-09-21 10:40:00-04:00,30531.5,30539.0,30500.5,30516.75,7701,0.0,0.0
2026-09-21 10:45:00-04:00,30517.0,30531.75,30504.0,30519.0,6660,0.0,0.0
2026-09-21 10:50:00-04:00,30519.0,30529.25,30506.5,30527.75,4873,0.0,0.0
2026-09-21 10:55:00-04:00,30527.75,30559.5,30519.5,30550.5,6207,0.0,0.0
2026-09-21 11:00:00-04:00,30551.0,30577.5,30549.0,30576.0,6984,0.0,0.0
2026-09-21 11:05:00-04:00,30576.0,30579.0,30563.75,30575.25,4415,0.0,0.0
2026-09-21 11:10:00-04:00,30576.25,30581.0,30567.0,30575.5,4462,0.0,0.0
2026-09-21 11:15:00-04:00,30575.75,30587.25,30570.5,30584.75,4531,0.0,0.0
2026-09-21 11:20:00-04:00,30584.75,30586.25,30570.75,30573.5,3025,0.0,0.0
2026-09-21 11:25:00-04:00,30573.5,30587.5,30571.0,30584.5,2969,0.0,0.0
2026-09-21 11:30:00-04:00,30585.0,30595.0,30579.5,30582.5,3791,0.0,0.0
2026-09-21 11:35:00-04:00,30582.25,30610.5,30580.0,30608.25,5218,0.0,0.0
2026-09-21 11:40:00-04:00,30608.25,30614.25,30598.5,30613.5,3832,0.0,0.0
2026-09-21 11:45:00-04:00,30613.25,30632.25,30613.25,30624.25,5425,0.0,0.0
2026-09-21 11:50:00-04:00,30624.25,30639.25,30612.0,30612.75,5009,0.0,0.0
2026-09-21 11:55:00-04:00,30613.25,30618.0,30601.5,30609.75,3523,0.0,0.0
2026-09-21 12:00:00-04:00,30610.25,30632.75,30601.5,30630.0,3687,0.0,0.0
2026-09-21 12:05:00-04:00,30630.5,30655.0,30619.0,30652.0,7314,0.0,0.0
2026-09-21 12:10:00-04:00,30652.0,30661.25,30646.25,30652.5,4329,0.0,0.0
2026-09-21 12:15:00-04:00,30653.5,30662.75,30648.0,30657.25,3721,0.0,0.0
2026-09-21 12:20:00-04:00,30657.25,30671.0,30652.25,30670.5,3993,0.0,0.0
2026-09-21 12:25:00-04:00,30670.25,30687.5,30667.25,30678.25,3818,0.0,0.0
2026-09-21 12:30:00-04:00,30677.75,30704.25,30676.5,30696.0,4931,0.0,0.0
2026-09-21 12:35:00-04:00,30696.0,30699.5,30665.75,30667.0,3897,0.0,0.0
2026-09-21 12:40:00-04:00,30667.5,30683.25,30666.25,30670.25,3762,0.0,0.0
2026-09-21 12:45:00-04:00,30670.25,30681.25,30669.75,30678.5,2599,0.0,0.0
2026-09-21 12:50:00-04:00,30678.25,30682.5,30665.0,30674.25,2395,0.0,0.0
2026-09-21 12:55:00-04:00,30674.5,30681.25,30670.0,30680.5,2159,0.0,0.0
2026-09-21 13:00:00-04:00,30680.5,30688.5,30678.5,30685.25,2377,0.0,0.0
2026-09-21 13:05:00-04:00,30685.75,30693.75,30675.75,30681.25,2586,0.0,0.0
2026-09-21 13:10:00-04:00,30680.75,30694.25,30676.25,30689.0,2345,0.0,0.0
2026-09-21 13:15:00-04:00,30689.0,30692.25,30680.25,30689.0,2566,0.0,0.0
2026-09-21 13:20:00-04:00,30688.75,30693.0,30667.75,30670.5,3006,0.0,0.0
2026-09-21 13:25:00-04:00,30670.0,30689.5,30664.25,30687.75,3679,0.0,0.0
2026-09-21 13:30:00-04:00,30688.0,30695.75,30673.5,30675.25,3360,0.0,0.0
2026-09-21 13:35:00-04:00,30675.25,30684.5,30670.75,30681.0,2117,0.0,0.0
2026-09-21 13:40:00-04:00,30680.5,30716.5,30678.0,30714.0,3788,0.0,0.0
2026-09-21 13:45:00-04:00,30714.25,30724.5,30708.25,30712.75,3807,0.0,0.0
2026-09-21 13:50:00-04:00,30712.75,30723.0,30711.0,30718.5,1748,0.0,0.0
2026-09-21 13:55:00-04:00,30718.75,30719.25,30709.25,30712.5,2151,0.0,0.0
2026-09-21 14:00:00-04:00,30712.75,30724.25,30712.5,30724.25,2524,0.0,0.0
2026-09-21 14:05:00-04:00,30724.25,30731.75,30721.0,30724.25,2910,0.0,0.0
2026-09-21 14:10:00-04:00,30724.5,30736.75,30719.75,30730.25,2555,0.0,0.0
2026-09-21 14:15:00-04:00,30730.75,30745.0,30729.5,30739.5,3224,0.0,0.0
2026-09-21 14:20:00-04:00,30739.5,30757.0,30738.75,30754.75,3530,0.0,0.0
2026-09-21 14:25:00-04:00,30754.75,30759.0,30747.75,30753.5,2695,0.0,0.0
2026-09-21 14:30:00-04:00,30753.75,30755.5,30737.0,30743.25,3521,0.0,0.0
2026-09-21 14:35:00-04:00,30743.25,30763.0,30739.0,30763.0,3513,0.0,0.0
2026-09-21 14:40:00-04:00,30762.5,30767.5,30756.5,30765.25,2894,0.0,0.0
2026-09-21 14:45:00-04:00,30765.0,30775.0,30762.0,30772.5,3047,0.0,0.0
2026-09-21 14:50:00-04:00,30772.5,30797.25,30772.5,30792.0,5173,0.0,0.0
2026-09-21 14:55:00-04:00,30792.25,30794.75,30780.0,30786.5,3197,0.0,0.0
2026-09-21 15:00:00-04:00,30786.75,30797.5,30777.0,30777.25,3906,0.0,0.0
2026-09-21 15:05:00-04:00,30777.5,30791.0,30773.0,30789.0,3055,0.0,0.0
2026-09-21 15:10:00-04:00,30789.0,30802.5,30778.75,30801.75,3307,0.0,0.0
2026-09-21 15:15:00-04:00,30801.5,30807.0,30794.75,30805.25,3243,0.0,0.0
2026-09-21 15:20:00-04:00,30805.0,30813.5,30795.25,30803.0,3638,0.0,0.0
2026-09-21 15:25:00-04:00,30803.25,30812.25,30797.75,30803.75,2895,0.0,0.0
2026-09-21 15:30:00-04:00,30803.0,30838.0,30800.25,30835.5,5362,0.0,0.0
2026-09-21 15:35:00-04:00,30835.5,30862.75,30832.5,30854.5,5862,0.0,0.0
2026-09-21 15:40:00-04:00,30854.5,30858.25,30826.5,30835.5,5579,0.0,0.0
2026-09-21 15:45:00-04:00,30835.0,30837.75,30822.0,30825.0,4999,0.0,0.0
2026-09-21 15:50:00-04:00,30825.5,30825.5,30786.75,30794.75,9667,0.0,0.0
2026-09-21 15:55:00-04:00,30794.75,30807.75,30778.0,30783.5,18194,0.0,0.0
2026-09-21 16:00:00-04:00,30784.0,30794.0,30763.25,30767.75,5994,0.0,0.0
2026-09-21 16:05:00-04:00,30768.25,30786.0,30766.5,30781.5,2416,0.0,0.0
2026-09-21 16:10:00-04:00,30782.5,30784.0,30771.0,30778.5,1385,0.0,0.0
2026-09-21 16:15:00-04:00,30778.25,30779.0,30761.75,30771.0,1289,0.0,0.0
2026-09-21 16:20:00-04:00,30770.75,30772.5,30765.75,30769.0,681,0.0,0.0
2026-09-21 16:25:00-04:00,30769.5,30782.0,30769.25,30777.5,845,0.0,0.0
2026-09-21 16:30:00-04:00,30777.5,30778.5,30769.5,30772.25,554,0.0,0.0
2026-09-21 16:35:00-04:00,30772.0,30772.0,30760.0,30764.5,669,0.0,0.0
2026-09-21 16:40:00-04:00,30765.0,30767.25,30756.5,30763.0,724,0.0,0.0
2026-09-21 16:45:00-04:00,30762.25,30768.0,30760.5,30765.75,598,0.0,0.0
2026-09-21 16:50:00-04:00,30765.25,30769.75,30763.5,30768.25,410,0.0,0.0
2026-09-21 16:55:00-04:00,30768.25,30788.0,30763.75,30781.0,1187,0.0,0.0
2026-09-21 18:00:00-04:00,30780.0,30808.75,30778.5,30808.25,0,0.0,0.0
2026-09-21 18:05:00-04:00,30809.5,30821.25,30797.5,30804.5,721,0.0,0.0
2026-09-21 18:10:00-04:00,30805.0,30810.0,30786.25,30802.75,766,0.0,0.0
2026-09-21 18:15:00-04:00,30803.25,30815.75,30800.5,30808.0,475,0.0,0.0
2026-09-21 18:20:00-04:00,30808.5,30815.0,30804.0,30809.5,273,0.0,0.0
2026-09-21 18:25:00-04:00,30810.0,30816.0,30808.25,30814.0,249,0.0,0.0
2026-09-21 18:30:00-04:00,30815.75,30828.25,30811.5,30814.0,820,0.0,0.0
2026-09-21 18:35:00-04:00,30815.0,30820.75,30812.0,30813.5,154,0.0,0.0
2026-09-21 18:40:00-04:00,30813.5,30821.75,30805.0,30821.75,397,0.0,0.0
2026-09-21 18:45:00-04:00,30821.25,30824.5,30812.75,30824.5,293,0.0,0.0
2026-09-21 18:50:00-04:00,30823.0,30829.75,30815.5,30829.25,406,0.0,0.0
2026-09-21 18:55:00-04:00,30829.25,30833.5,30825.0,30829.5,371,0.0,0.0
2026-09-21 19:00:00-04:00,30828.25,30836.5,30823.25,30829.5,521,0.0,0.0
2026-09-21 19:05:00-04:00,30829.25,30840.75,30827.0,30838.5,370,0.0,0.0
2026-09-21 19:10:00-04:00,30838.25,30852.25,30836.0,30843.75,715,0.0,0.0
2026-09-21 19:15:00-04:00,30843.25,30847.25,30836.0,30841.75,368,0.0,0.0
2026-09-21 19:20:00-04:00,30841.75,30844.75,30838.0,30843.5,257,0.0,0.0
2026-09-21 19:25:00-04:00,30843.5,30844.75,30836.75,30842.75,310,0.0,0.0
2026-09-21 19:30:00-04:00,30842.25,30850.5,30836.75,30848.5,418,0.0,0.0
2026-09-21 19:35:00-04:00,30849.0,30850.75,30841.5,30846.0,302,0.0,0.0
2026-09-21 19:40:00-04:00,30847.0,30856.0,30846.25,30850.0,632,0.0,0.0
2026-09-21 19:45:00-04:00,30849.5,30855.0,30846.75,30849.0,535,0.0,0.0
2026-09-21 19:50:00-04:00,30848.5,30856.75,30847.25,30854.25,290,0.0,0.0
2026-09-21 19:55:00-04:00,30855.25,30855.25,30849.25,30852.25,301,0.0,0.0
2026-09-21 20:00:00-04:00,30852.25,30869.25,30850.0,30865.25,1329,0.0,0.0
2026-09-21 20:05:00-04:00,30865.25,30886.5,30864.0,30884.0,1007,0.0,0.0
2026-09-21 20:10:00-04:00,30884.5,30888.5,30873.0,30876.75,1235,0.0,0.0
2026-09-21 20:15:00-04:00,30876.75,30882.25,30862.75,30873.25,1614,0.0,0.0
2026-09-21 20:20:00-04:00,30874.0,30882.75,30870.0,30879.75,699,0.0,0.0
2026-09-21 20:25:00-04:00,30878.75,30893.75,30874.5,30892.25,629,0.0,0.0
2026-09-21 20:30:00-04:00,30893.0,30916.5,30880.5,30881.25,2354,0.0,0.0
2026-09-21 20:35:00-04:00,30881.5,30885.5,30872.75,30875.5,1011,0.0,0.0
2026-09-21 20:40:00-04:00,30875.75,30897.0,30872.25,30891.0,806,0.0,0.0
2026-09-21 20:45:00-04:00,30891.75,30906.75,30886.0,30896.25,916,0.0,0.0
2026-09-21 20:50:00-04:00,30896.25,30901.5,30893.75,30899.75,294,0.0,0.0
2026-09-21 20:55:00-04:00,30900.0,30903.25,30892.5,30899.5,457,0.0,0.0
2026-09-21 21:00:00-04:00,30900.0,30901.25,30883.0,30884.5,943,0.0,0.0
2026-09-21 21:05:00-04:00,30885.5,30897.25,30878.75,30889.75,661,0.0,0.0
2026-09-21 21:10:00-04:00,30888.75,30889.0,30877.75,30885.5,705,0.0,0.0
2026-09-21 21:15:00-04:00,30884.75,30884.75,30871.0,30871.5,786,0.0,0.0
2026-09-21 21:20:00-04:00,30871.75,30877.25,30867.5,30872.0,750,0.0,0.0
2026-09-21 21:25:00-04:00,30872.75,30888.25,30868.25,30882.75,746,0.0,0.0
2026-09-21 21:30:00-04:00,30882.0,30897.75,30873.0,30897.0,861,0.0,0.0
2026-09-21 21:35:00-04:00,30897.75,30904.75,30886.5,30889.75,1041,0.0,0.0
2026-09-21 21:40:00-04:00,30888.5,30899.25,30884.25,30884.25,446,0.0,0.0
2026-09-21 21:45:00-04:00,30887.25,30892.75,30874.5,30878.75,556,0.0,0.0
2026-09-21 21:50:00-04:00,30876.5,30888.5,30875.75,30884.75,483,0.0,0.0
2026-09-21 21:55:00-04:00,30885.25,30889.25,30873.75,30874.75,462,0.0,0.0
2026-09-21 22:00:00-04:00,30873.0,30893.5,30873.0,30890.75,595,0.0,0.0
2026-09-21 22:05:00-04:00,30888.75,30888.75,30877.5,30879.0,407,0.0,0.0
2026-09-21 22:10:00-04:00,30879.5,30879.5,30870.0,30873.5,491,0.0,0.0
2026-09-21 22:15:00-04:00,30874.25,30879.5,30871.75,30876.75,361,0.0,0.0
2026-09-21 22:20:00-04:00,30877.5,30884.75,30875.5,30879.75,461,0.0,0.0
2026-09-21 22:25:00-04:00,30880.0,30885.0,30877.75,30878.75,262,0.0,0.0
2026-09-21 22:30:00-04:00,30879.75,30881.25,30866.5,30869.0,717,0.0,0.0
2026-09-21 22:35:00-04:00,30870.25,30887.25,30868.0,30883.75,878,0.0,0.0
2026-09-21 22:40:00-04:00,30885.75,30895.0,30884.75,30888.25,431,0.0,0.0
2026-09-21 22:45:00-04:00,30888.75,30894.75,30884.25,30887.75,323,0.0,0.0
2026-09-21 22:50:00-04:00,30889.75,30897.0,30886.25,30896.0,365,0.0,0.0
2026-09-21 22:55:00-04:00,30895.0,30897.75,30887.75,30894.5,402,0.0,0.0
2026-09-21 23:00:00-04:00,30894.5,30897.25,30886.25,30893.0,491,0.0,0.0
2026-09-21 23:05:00-04:00,30893.75,30895.0,30883.0,30884.25,309,0.0,0.0
2026-09-21 23:10:00-04:00,30884.0,30891.75,30884.0,30891.5,257,0.0,0.0
2026-09-21 23:15:00-04:00,30891.25,30899.25,30887.25,30891.25,364,0.0,0.0
2026-09-21 23:20:00-04:00,30891.0,30892.0,30886.75,30887.5,214,0.0,0.0
2026-09-21 23:25:00-04:00,30887.0,30890.75,30887.0,30888.75,120,0.0,0.0
2026-09-21 23:30:00-04:00,30889.75,30892.0,30881.25,30890.75,506,0.0,0.0
2026-09-21 23:35:00-04:00,30891.25,30898.75,30888.5,30889.75,394,0.0,0.0
2026-09-21 23:40:00-04:00,30888.5,30891.75,30880.0,30881.75,499,0.0,0.0
2026-09-21 23:45:00-04:00,30881.5,30883.75,30877.5,30882.0,302,0.0,0.0
2026-09-21 23:50:00-04:00,30882.0,30882.25,30875.0,30875.0,380,0.0,0.0
2026-09-21 23:55:00-04:00,30875.5,30877.5,30863.75,30875.0,904,0.0,0.0
2026-09-22 00:05:00-04:00,30846.75,30847.75,30840.75,30841.5,0,0.0,0.0
2026-09-22 00:10:00-04:00,30842.0,30866.5,30832.5,30854.5,1334,0.0,0.0
2026-09-22 00:15:00-04:00,30853.5,30857.0,30836.75,30837.0,674,0.0,0.0
2026-09-22 00:20:00-04:00,30836.5,30842.25,30833.0,30839.25,592,0.0,0.0
2026-09-22 00:25:00-04:00,30838.0,30849.25,30832.25,30836.5,844,0.0,0.0
2026-09-22 00:30:00-04:00,30836.25,30847.75,30831.0,30834.0,536,0.0,0.0
2026-09-22 00:35:00-04:00,30833.5,30840.0,30827.0,30832.25,655,0.0,0.0
2026-09-22 00:40:00-04:00,30831.0,30842.0,30824.5,30829.0,584,0.0,0.0
2026-09-22 00:45:00-04:00,30829.0,30835.0,30820.0,30821.5,527,0.0,0.0
2026-09-22 00:50:00-04:00,30822.25,30823.5,30813.5,30816.0,732,0.0,0.0
2026-09-22 00:55:00-04:00,30817.75,30820.75,30809.25,30812.5,405,0.0,0.0
2026-09-22 01:00:00-04:00,30813.0,30820.75,30808.5,30813.25,509,0.0,0.0
2026-09-22 01:05:00-04:00,30814.0,30820.75,30807.0,30808.0,424,0.0,0.0
2026-09-22 01:10:00-04:00,30807.75,30813.25,30804.0,30809.5,501,0.0,0.0
2026-09-22 01:15:00-04:00,30809.5,30810.5,30783.25,30784.5,1367,0.0,0.0
2026-09-22 01:20:00-04:00,30784.0,30809.75,30783.5,30790.25,1368,0.0,0.0
2026-09-22 01:25:00-04:00,30790.0,30801.25,30785.25,30792.5,693,0.0,0.0
2026-09-22 01:30:00-04:00,30791.25,30793.75,30779.5,30791.5,822,0.0,0.0
2026-09-22 01:35:00-04:00,30791.5,30815.25,30791.0,30814.0,891,0.0,0.0
2026-09-22 01:40:00-04:00,30813.75,30823.5,30808.0,30818.0,615,0.0,0.0
2026-09-22 01:45:00-04:00,30816.5,30844.75,30815.75,30844.25,1440,0.0,0.0
2026-09-22 01:50:00-04:00,30844.5,30844.5,30820.75,30821.75,665,0.0,0.0
2026-09-22 01:55:00-04:00,30820.75,30823.5,30812.5,30814.75,559,0.0,0.0
2026-09-22 02:00:00-04:00,30816.25,30818.75,30789.25,30789.25,1108,0.0,0.0
2026-09-22 02:05:00-04:00,30789.5,30802.5,30785.75,30798.0,630,0.0,0.0
2026-09-22 02:10:00-04:00,30796.75,30800.5,30778.75,30784.25,683,0.0,0.0
2026-09-22 02:15:00-04:00,30784.25,30789.0,30773.0,30774.25,729,0.0,0.0
2026-09-22 02:20:00-04:00,30773.75,30782.75,30766.5,30771.25,998,0.0,0.0
2026-09-22 02:25:00-04:00,30772.25,30788.0,30768.25,30786.25,545,0.0,0.0
2026-09-22 02:30:00-04:00,30785.75,30792.25,30777.25,30779.0,656,0.0,0.0
2026-09-22 02:35:00-04:00,30779.75,30794.25,30778.0,30786.75,456,0.0,0.0
2026-09-22 02:40:00-04:00,30786.5,30794.25,30775.25,30780.25,485,0.0,0.0
2026-09-22 02:45:00-04:00,30779.25,30786.5,30775.75,30781.25,336,0.0,0.0
2026-09-22 02:50:00-04:00,30781.5,30786.0,30775.5,30777.25,258,0.0,0.0
2026-09-22 02:55:00-04:00,30777.0,30789.5,30777.0,30779.0,352,0.0,0.0
2026-09-22 03:00:00-04:00,30779.25,30789.25,30765.5,30775.75,838,0.0,0.0
2026-09-22 03:05:00-04:00,30775.75,30785.0,30766.75,30781.25,404,0.0,0.0
2026-09-22 03:10:00-04:00,30781.25,30788.0,30768.75,30779.0,373,0.0,0.0
2026-09-22 03:15:00-04:00,30778.75,30794.0,30773.75,30774.25,609,0.0,0.0
2026-09-22 03:20:00-04:00,30774.75,30785.0,30767.75,30775.75,614,0.0,0.0
2026-09-22 03:25:00-04:00,30777.0,30780.0,30766.75,30768.75,421,0.0,0.0
2026-09-22 03:30:00-04:00,30769.25,30776.75,30761.0,30764.75,985,0.0,0.0
2026-09-22 03:35:00-04:00,30765.0,30777.25,30761.75,30774.0,540,0.0,0.0
2026-09-22 03:40:00-04:00,30773.25,30779.75,30769.5,30779.5,285,0.0,0.0
2026-09-22 03:45:00-04:00,30780.0,30785.75,30764.75,30769.0,526,0.0,0.0
2026-09-22 03:50:00-04:00,30770.0,30781.0,30766.75,30780.25,342,0.0,0.0
2026-09-22 03:55:00-04:00,30778.0,30782.0,30768.5,30770.5,361,0.0,0.0
2026-09-22 04:00:00-04:00,30770.25,30771.5,30729.25,30731.0,1958,0.0,0.0
2026-09-22 04:05:00-04:00,30731.0,30747.75,30725.0,30736.5,1217,0.0,0.0
2026-09-22 04:10:00-04:00,30738.5,30742.5,30729.75,30736.5,922,0.0,0.0
2026-09-22 04:15:00-04:00,30736.0,30737.5,30713.0,30723.75,885,0.0,0.0
2026-09-22 04:20:00-04:00,30724.25,30724.75,30701.0,30712.25,992,0.0,0.0
2026-09-22 04:25:00-04:00,30711.25,30735.5,30683.0,30686.5,1749,0.0,0.0
2026-09-22 04:30:00-04:00,30686.75,30699.5,30670.0,30691.0,1648,0.0,0.0
2026-09-22 04:35:00-04:00,30690.5,30746.5,30687.25,30735.5,1659,0.0,0.0
2026-09-22 04:40:00-04:00,30735.5,30765.0,30727.75,30759.75,1422,0.0,0.0
2026-09-22 04:45:00-04:00,30759.0,30780.0,30744.0,30778.25,1362,0.0,0.0
2026-09-22 04:50:00-04:00,30777.5,30788.5,30767.25,30776.75,1438,0.0,0.0
2026-09-22 04:55:00-04:00,30777.25,30789.75,30769.5,30784.5,1014,0.0,0.0
2026-09-22 05:00:00-04:00,30782.5,30800.25,30757.0,30757.5,1361,0.0,0.0
2026-09-22 05:05:00-04:00,30757.0,30780.75,30754.25,30765.75,911,0.0,0.0
2026-09-22 05:10:00-04:00,30766.75,30780.25,30753.0,30763.25,883,0.0,0.0
2026-09-22 05:15:00-04:00,30763.5,30787.75,30762.25,30768.25,718,0.0,0.0
2026-09-22 05:20:00-04:00,30767.25,30774.5,30759.0,30767.25,380,0.0,0.0
2026-09-22 05:25:00-04:00,30767.75,30772.5,30761.5,30769.25,236,0.0,0.0
2026-09-22 05:30:00-04:00,30770.25,30787.25,30767.75,30776.5,771,0.0,0.0
2026-09-22 05:35:00-04:00,30778.0,30778.25,30764.0,30767.25,311,0.0,0.0
2026-09-22 05:40:00-04:00,30765.5,30790.25,30765.5,30790.0,577,0.0,0.0
2026-09-22 05:45:00-04:00,30789.5,30793.75,30781.5,30787.5,378,0.0,0.0
2026-09-22 05:50:00-04:00,30788.0,30850.75,30786.5,30821.5,3642,0.0,0.0
2026-09-22 05:55:00-04:00,30821.25,30846.5,30794.75,30837.25,2425,0.0,0.0
2026-09-22 06:00:00-04:00,30839.0,30842.5,30819.25,30833.75,1058,0.0,0.0
2026-09-22 06:05:00-04:00,30834.25,30847.0,30830.0,30839.0,786,0.0,0.0
2026-09-22 06:10:00-04:00,30837.75,30843.25,30808.75,30818.75,1020,0.0,0.0
2026-09-22 06:15:00-04:00,30818.25,30825.75,30810.25,30810.75,350,0.0,0.0
2026-09-22 06:20:00-04:00,30813.25,30815.25,30800.0,30801.75,499,0.0,0.0
2026-09-22 06:25:00-04:00,30800.0,30815.0,30794.0,30810.25,385,0.0,0.0
2026-09-22 06:30:00-04:00,30809.0,30815.25,30798.0,30805.25,533,0.0,0.0
2026-09-22 06:35:00-04:00,30805.0,30810.0,30798.25,30808.25,292,0.0,0.0
2026-09-22 06:40:00-04:00,30809.25,30830.75,30807.0,30821.5,616,0.0,0.0
2026-09-22 06:45:00-04:00,30821.5,30832.0,30807.75,30829.5,807,0.0,0.0
2026-09-22 06:50:00-04:00,30828.75,30834.25,30824.0,30826.25,388,0.0,0.0
2026-09-22 06:55:00-04:00,30826.5,30830.0,30814.0,30814.25,512,0.0,0.0
2026-09-22 07:00:00-04:00,30814.0,30829.0,30796.25,30810.5,952,0.0,0.0
2026-09-22 07:05:00-04:00,30808.75,30813.25,30754.5,30774.75,1915,0.0,0.0
2026-09-22 07:10:00-04:00,30774.75,30804.5,30764.0,30794.25,1749,0.0,0.0
2026-09-22 07:15:00-04:00,30795.5,30801.75,30788.75,30790.5,649,0.0,0.0
2026-09-22 07:20:00-04:00,30791.25,30803.0,30783.0,30799.5,486,0.0,0.0
2026-09-22 07:25:00-04:00,30798.75,30801.75,30777.5,30778.75,401,0.0,0.0
2026-09-22 07:30:00-04:00,30779.5,30795.0,30776.25,30788.75,414,0.0,0.0
2026-09-22 07:35:00-04:00,30788.5,30802.0,30787.75,30796.25,420,0.0,0.0
2026-09-22 07:40:00-04:00,30796.5,30807.5,30786.25,30794.25,602,0.0,0.0
2026-09-22 07:45:00-04:00,30794.5,30813.75,30785.5,30792.5,727,0.0,0.0
2026-09-22 07:50:00-04:00,30792.25,30792.5,30775.75,30775.75,317,0.0,0.0
2026-09-22 07:55:00-04:00,30776.75,30792.25,30772.25,30776.75,496,0.0,0.0
2026-09-22 08:00:00-04:00,30776.75,30791.75,30771.0,30787.0,664,0.0,0.0
2026-09-22 08:05:00-04:00,30785.5,30789.25,30749.0,30759.0,851,0.0,0.0
2026-09-22 08:10:00-04:00,30759.75,30769.25,30757.75,30762.75,559,0.0,0.0
2026-09-22 08:15:00-04:00,30760.75,30769.5,30749.0,30758.25,761,0.0,0.0
2026-09-22 08:20:00-04:00,30758.25,30777.0,30758.25,30770.75,571,0.0,0.0
2026-09-22 08:25:00-04:00,30770.25,30784.25,30770.0,30783.5,494,0.0,0.0
2026-09-22 08:30:00-04:00,30783.25,30788.5,30772.0,30784.75,832,0.0,0.0
2026-09-22 08:35:00-04:00,30785.0,30787.75,30763.75,30767.5,914,0.0,0.0
2026-09-22 08:40:00-04:00,30768.0,30781.5,30763.0,30764.0,648,0.0,0.0
2026-09-22 08:45:00-04:00,30764.75,30769.5,30761.25,30763.0,449,0.0,0.0
2026-09-22 08:50:00-04:00,30763.0,30765.0,30753.25,30757.25,440,0.0,0.0
