Datetime,Open,High,Low,Close,Volume,Dividends,Stock Splits,Capital Gains
2026-05-21 09:30:00-04:00,709.0,710.1900024414062,707.9400024414062,710.155029296875,2957908,0.0,0.0,0.0
2026-05-21 09:35:00-04:00,710.2100219726562,710.22900390625,708.3599853515625,708.8400268554688,709049,0.0,0.0,0.0
2026-05-21 09:40:00-04:00,708.8599853515625,710.1300048828125,708.2999877929688,708.844970703125,529840,0.0,0.0,0.0
2026-05-21 09:45:00-04:00,708.9500122070312,709.8099975585938,708.4000244140625,708.5800170898438,510573,0.0,0.0,0.0
2026-05-21 09:50:00-04:00,708.510009765625,710.8900146484375,708.3099975585938,710.8499755859375,879624,0.0,0.0,0.0
2026-05-21 09:55:00-04:00,710.844970703125,711.3499755859375,709.5700073242188,710.6300048828125,674202,0.0,0.0,0.0
2026-05-21 10:00:00-04:00,710.6099853515625,711.8900146484375,710.5499877929688,711.1199951171875,592069,0.0,0.0,0.0
2026-05-21 10:05:00-04:00,711.0700073242188,711.47998046875,710.22998046875,711.4650268554688,592166,0.0,0.0,0.0
2026-05-21 10:10:00-04:00,711.4199829101562,711.510009765625,709.780029296875,710.1699829101562,454290,0.0,0.0,0.0
2026-05-21 10:15:00-04:00,710.1300048828125,710.4099731445312,708.219970703125,708.2849731445312,686131,0.0,0.0,0.0
2026-05-21 10:20:00-04:00,708.2650146484375,708.3599853515625,706.77001953125,707.5103149414062,684159,0.0,0.0,0.0
2026-05-21 10:25:00-04:00,707.510009765625,708.469970703125,707.1900024414062,708.2650146484375,313613,0.0,0.0,0.0
2026-05-21 10:30:00-04:00,708.3099975585938,709.4000244140625,707.97998046875,708.4500122070312,480876,0.0,0.0,0.0
2026-05-21 10:35:00-04:00,708.4749755859375,709.8300170898438,708.4000244140625,709.5499877929688,446736,0.0,0.0,0.0
2026-05-21 10:40:00-04:00,709.5498046875,709.6500244140625,708.52001953125,709.3699951171875,421112,0.0,0.0,0.0
2026-05-21 10:45:00-04:00,709.3950805664062,709.6300048828125,707.9000244140625,708.5,332698,0.0,0.0,0.0
2026-05-21 10:50:00-04:00,708.510009765625,709.219970703125,707.7319946289062,709.0701293945312,291072,0.0,0.0,0.0
2026-05-21 10:55:00-04:00,709.1199951171875,709.8298950195312,708.77001953125,709.4199829101562,240018,0.0,0.0,0.0
2026-05-21 11:00:00-04:00,709.4400024414062,709.6099853515625,708.5700073242188,708.8394775390625,301487,0.0,0.0,0.0
2026-05-21 11:05:00-04:00,708.7432861328125,708.919921875,707.1500244140625,707.760009765625,387056,0.0,0.0,0.0
2026-05-21 11:10:00-04:00,707.6950073242188,709.739990234375,706.8499755859375,709.3117065429688,778130,0.0,0.0,0.0
2026-05-21 11:15:00-04:00,709.3099975585938,709.8099975585938,708.9099731445312,709.6099853515625,521173,0.0,0.0,0.0
2026-05-21 11:20:00-04:00,709.5900268554688,710.010009765625,709.0499877929688,709.4600219726562,353713,0.0,0.0,0.0
2026-05-21 11:25:00-04:00,709.4299926757812,709.97998046875,709.0999755859375,709.3599853515625,258816,0.0,0.0,0.0
2026-05-21 11:30:00-04:00,709.4500122070312,709.6400146484375,707.989990234375,708.25,390219,0.0,0.0,0.0
2026-05-21 11:35:00-04:00,708.1799926757812,709.8800048828125,708.0,709.8547973632812,363375,0.0,0.0,0.0
2026-05-21 11:40:00-04:00,709.8599853515625,710.3400268554688,709.6199951171875,709.9500122070312,236647,0.0,0.0,0.0
2026-05-21 11:45:00-04:00,709.9600219726562,710.9199829101562,709.9450073242188,710.8499145507812,293669,0.0,0.0,0.0
2026-05-21 11:50:00-04:00,710.8200073242188,711.0399780273438,710.4500122070312,710.6798706054688,144546,0.0,0.0,0.0
2026-05-21 11:55:00-04:00,710.5700073242188,710.7799072265625,710.0800170898438,710.0800170898438,247205,0.0,0.0,0.0
2026-05-21 12:00:00-04:00,710.1900024414062,710.9099731445312,710.1300048828125,710.7000122070312,202290,0.0,0.0,0.0
2026-05-21 12:05:00-04:00,710.780029296875,711.239990234375,710.219970703125,711.1799926757812,152126,0.0,0.0,0.0
2026-05-21 12:10:00-04:00,711.1710205078125,711.1900024414062,710.010009765625,710.385009765625,435122,0.0,0.0,0.0
2026-05-21 12:15:00-04:00,710.4384765625,710.530029296875,709.8701171875,710.0999755859375,163189,0.0,0.0,0.0
2026-05-21 12:20:00-04:00,710.094970703125,710.3400268554688,708.969970703125,709.6300048828125,539564,0.0,0.0,0.0
2026-05-21 12:25:00-04:00,709.5999755859375,709.8200073242188,709.2999877929688,709.7100219726562,159783,0.0,0.0,0.0
2026-05-21 12:30:00-04:00,709.739990234375,710.2000122070312,709.5432739257812,710.0700073242188,201711,0.0,0.0,0.0
2026-05-21 12:35:00-04:00,710.0703125,710.3400268554688,709.3900146484375,709.85498046875,138914,0.0,0.0,0.0
2026-05-21 12:40:00-04:00,709.8900146484375,710.10498046875,709.530029296875,709.8800048828125,121899,0.0,0.0,0.0
2026-05-21 12:45:00-04:00,709.989990234375,710.280029296875,709.0989990234375,709.3800048828125,196771,0.0,0.0,0.0
2026-05-21 12:50:00-04:00,709.3400268554688,709.7639770507812,708.77001953125,709.5499267578125,169116,0.0,0.0,0.0
2026-05-21 12:55:00-04:00,709.5050048828125,709.989990234375,709.469970703125,709.989990234375,120992,0.0,0.0,0.0
2026-05-21 13:00:00-04:00,710.0,710.7979736328125,710.0,710.4099731445312,227218,0.0,0.0,0.0
2026-05-21 13:05:00-04:00,710.3800048828125,710.77001953125,710.3800048828125,710.6300048828125,105515,0.0,0.0,0.0
2026-05-21 13:10:00-04:00,710.6199951171875,712.9500122070312,710.58251953125,712.0399169921875,809948,0.0,0.0,0.0
2026-05-21 13:15:00-04:00,712.0399780273438,714.2999877929688,711.8800048828125,713.6699829101562,841319,0.0,0.0,0.0
2026-05-21 13:20:00-04:00,713.6500244140625,715.2100219726562,712.5999755859375,713.77001953125,986067,0.0,0.0,0.0
2026-05-21 13:25:00-04:00,713.8300170898438,714.1799926757812,713.4650268554688,713.6699829101562,266600,0.0,0.0,0.0
2026-05-21 13:30:00-04:00,713.7449951171875,714.6300048828125,713.594970703125,714.280029296875,412284,0.0,0.0,0.0
2026-05-21 13:35:00-04:00,714.3099975585938,714.9199829101562,714.25,714.8599853515625,408747,0.0,0.0,0.0
2026-05-21 13:40:00-04:00,714.8300170898438,715.72998046875,714.8150024414062,715.6400146484375,597536,0.0,0.0,0.0
2026-05-21 13:45:00-04:00,715.6699829101562,715.89990234375,715.080078125,715.7999877929688,287271,0.0,0.0,0.0
2026-05-21 13:50:00-04:00,715.8250122070312,716.8699951171875,715.4500122070312,716.8099975585938,630708,0.0,0.0,0.0
2026-05-21 13:55:00-04:00,716.8499755859375,717.1195068359375,715.6699829101562,715.6950073242188,771504,0.0,0.0,0.0
2026-05-21 14:00:00-04:00,715.719970703125,716.3099975585938,714.9000244140625,715.0399780273438,426906,0.0,0.0,0.0
2026-05-21 14:05:00-04:00,715.010009765625,715.760009765625,714.8200073242188,715.4450073242188,319549,0.0,0.0,0.0
2026-05-21 14:10:00-04:00,715.4312133789062,715.5499877929688,714.4901123046875,714.5999755859375,331911,0.0,0.0,0.0
2026-05-21 14:15:00-04:00,714.5900268554688,715.030029296875,714.1300048828125,714.9967041015625,272470,0.0,0.0,0.0
2026-05-21 14:20:00-04:00,714.97998046875,715.25,714.530029296875,715.1500244140625,179761,0.0,0.0,0.0
2026-05-21 14:25:00-04:00,715.1799926757812,715.2598876953125,714.7000122070312,714.8250122070312,234942,0.0,0.0,0.0
2026-05-21 14:30:00-04:00,714.8300170898438,715.0599975585938,714.4000244140625,714.7299194335938,171514,0.0,0.0,0.0
2026-05-21 14:35:00-04:00,714.7050170898438,714.8400268554688,714.2800903320312,714.4500122070312,124989,0.0,0.0,0.0
2026-05-21 14:40:00-04:00,714.4099731445312,715.0499877929688,714.3900146484375,714.7899780273438,120443,0.0,0.0,0.0
2026-05-21 14:45:00-04:00,714.748291015625,714.97998046875,713.0900268554688,713.5401000976562,410703,0.0,0.0,0.0
2026-05-21 14:50:00-04:00,713.5399780273438,714.1099853515625,711.1300048828125,711.1799926757812,769131,0.0,0.0,0.0
2026-05-21 14:55:00-04:00,711.219970703125,711.9000244140625,710.9099731445312,711.8800048828125,729557,0.0,0.0,0.0
2026-05-21 15:00:00-04:00,711.9199829101562,712.9199829101562,711.8400268554688,712.7849731445312,615053,0.0,0.0,0.0
2026-05-21 15:05:00-04:00,712.7999877929688,713.4598999023438,712.0800170898438,713.39990234375,280849,0.0,0.0,0.0
2026-05-21 15:10:00-04:00,713.3300170898438,713.6900024414062,712.9400024414062,713.6804809570312,226914,0.0,0.0,0.0
2026-05-21 15:15:00-04:00,713.7000122070312,714.0800170898438,713.47998046875,714.0800170898438,240466,0.0,0.0,0.0
2026-05-21 15:20:00-04:00,714.0999755859375,714.219970703125,713.52001953125,713.968994140625,253798,0.0,0.0,0.0
2026-05-21 15:25:00-04:00,714.0,714.3099975585938,713.7000122070312,714.0449829101562,288335,0.0,0.0,0.0
2026-05-21 15:30:00-04:00,714.02001953125,714.25,713.5800170898438,713.5800170898438,188758,0.0,0.0,0.0
2026-05-21 15:35:00-04:00,713.6099853515625,714.219970703125,713.5900268554688,714.1199951171875,453982,0.0,0.0,0.0
2026-05-21 15:40:00-04:00,714.1199951171875,714.47998046875,713.4500122070312,713.780029296875,370708,0.0,0.0,0.0
2026-05-21 15:45:00-04:00,713.77001953125,714.135009765625,713.47998046875,714.0499877929688,204556,0.0,0.0,0.0
2026-05-21 15:50:00-04:00,714.0499877929688,714.5499877929688,713.4199829101562,713.9000244140625,830574,0.0,0.0,0.0
2026-05-21 15:55:00-04:00,713.7899780273438,714.9000244140625,713.4099731445312,714.4400024414062,1192428,0.0,0.0,0.0
2026-05-22 09:30:00-04:00,718.0599975585938,719.9588012695312,717.4199829101562,719.7498779296875,2644819,0.0,0.0,0.0
2026-05-22 09:35:00-04:00,719.75,720.9400024414062,719.4400024414062,720.7999877929688,747921,0.0,0.0,0.0
2026-05-22 09:40:00-04:00,720.8099975585938,721.3300170898438,718.97998046875,719.5599975585938,686673,0.0,0.0,0.0
2026-05-22 09:45:00-04:00,719.5900268554688,720.1799926757812,718.9400024414062,719.2301025390625,478304,0.0,0.0,0.0
2026-05-22 09:50:00-04:00,719.280029296875,719.3800048828125,718.2017211914062,719.2050170898438,505429,0.0,0.0,0.0
2026-05-22 09:55:00-04:00,719.1530151367188,719.5750122070312,718.3400268554688,719.5449829101562,573749,0.0,0.0,0.0
2026-05-22 10:00:00-04:00,719.510009765625,719.5700073242188,717.0900268554688,717.7899780273438,593151,0.0,0.0,0.0
2026-05-22 10:05:00-04:00,717.780029296875,717.8599853515625,716.3800048828125,717.7000122070312,451762,0.0,0.0,0.0
2026-05-22 10:10:00-04:00,717.6900024414062,718.2899780273438,717.3900146484375,717.7100219726562,459236,0.0,0.0,0.0
2026-05-22 10:15:00-04:00,717.719970703125,718.5700073242188,717.2420043945312,717.3699951171875,341449,0.0,0.0,0.0
2026-05-22 10:20:00-04:00,717.380126953125,717.5599975585938,715.969970703125,716.5499877929688,465527,0.0,0.0,0.0
2026-05-22 10:25:00-04:00,716.6201171875,717.760009765625,716.4400024414062,717.719970703125,498987,0.0,0.0,0.0
2026-05-22 10:30:00-04:00,717.7100219726562,718.5800170898438,717.489990234375,718.489990234375,327187,0.0,0.0,0.0
2026-05-22 10:35:00-04:00,718.5128173828125,718.97998046875,718.239990234375,718.739990234375,354260,0.0,0.0,0.0
2026-05-22 10:40:00-04:00,718.739990234375,719.4699096679688,718.6400756835938,719.4298706054688,386566,0.0,0.0,0.0
2026-05-22 10:45:00-04:00,719.4500122070312,719.530029296875,718.77001953125,719.3200073242188,255355,0.0,0.0,0.0
2026-05-22 10:50:00-04:00,719.2999877929688,719.3800048828125,718.8800048828125,719.22998046875,254890,0.0,0.0,0.0
2026-05-22 10:55:00-04:00,719.219970703125,719.8679809570312,719.1500244140625,719.6699829101562,260311,0.0,0.0,0.0
2026-05-22 11:00:00-04:00,719.7100219726562,720.3699951171875,719.6400146484375,720.25,245136,0.0,0.0,0.0
2026-05-22 11:05:00-04:00,720.25,720.8200073242188,720.25,720.7999877929688,357463,0.0,0.0,0.0
2026-05-22 11:10:00-04:00,720.760009765625,720.8300170898438,720.450927734375,720.6849975585938,251132,0.0,0.0,0.0
2026-05-22 11:15:00-04:00,720.6900024414062,721.0,720.5401000976562,720.9799194335938,217863,0.0,0.0,0.0
2026-05-22 11:20:00-04:00,720.969970703125,720.99951171875,720.3599853515625,720.47998046875,306248,0.0,0.0,0.0
2026-05-22 11:25:00-04:00,720.4849853515625,721.1599731445312,720.2100219726562,721.1400146484375,256376,0.0,0.0,0.0
2026-05-22 11:30:00-04:00,721.1699829101562,721.280029296875,720.739990234375,720.7899780273438,584124,0.0,0.0,0.0
2026-05-22 11:35:00-04:00,720.780029296875,721.1199951171875,720.5701293945312,720.75,167859,0.0,0.0,0.0
2026-05-22 11:40:00-04:00,720.719970703125,720.9498901367188,720.4400024414062,720.8400268554688,169126,0.0,0.0,0.0
2026-05-22 11:45:00-04:00,720.8599853515625,720.8599853515625,720.02001953125,720.0549926757812,165579,0.0,0.0,0.0
2026-05-22 11:50:00-04:00,720.0399780273438,720.780029296875,720.030029296875,720.6300048828125,340339,0.0,0.0,0.0
2026-05-22 11:55:00-04:00,720.6500244140625,720.760009765625,720.47998046875,720.6699829101562,215918,0.0,0.0,0.0
2026-05-22 12:00:00-04:00,720.6799926757812,720.8200073242188,720.1699829101562,720.594970703125,241514,0.0,0.0,0.0
2026-05-22 12:05:00-04:00,720.5499877929688,720.7100219726562,720.22998046875,720.35498046875,194449,0.0,0.0,0.0
2026-05-22 12:10:00-04:00,720.3930053710938,720.6599731445312,720.1400146484375,720.52001953125,192628,0.0,0.0,0.0
2026-05-22 12:15:00-04:00,720.510009765625,720.510009765625,719.6649780273438,719.72998046875,199789,0.0,0.0,0.0
2026-05-22 12:20:00-04:00,719.6749877929688,720.1300048828125,719.6099853515625,719.6300048828125,129903,0.0,0.0,0.0
2026-05-22 12:25:00-04:00,719.6300048828125,720.1799926757812,719.489990234375,720.1600952148438,220316,0.0,0.0,0.0
2026-05-22 12:30:00-04:00,720.2000122070312,720.4199829101562,719.5700073242188,719.5900268554688,336388,0.0,0.0,0.0
2026-05-22 12:35:00-04:00,719.5800170898438,720.02001953125,719.4000244140625,719.6400146484375,353432,0.0,0.0,0.0
2026-05-22 12:40:00-04:00,719.6400146484375,719.8800048828125,719.4301147460938,719.5601196289062,190759,0.0,0.0,0.0
2026-05-22 12:45:00-04:00,719.5700073242188,720.0999755859375,719.5549926757812,719.6950073242188,184192,0.0,0.0,0.0
2026-05-22 12:50:00-04:00,719.6950073242188,720.2169799804688,719.6400146484375,720.1849975585938,142215,0.0,0.0,0.0
2026-05-22 12:55:00-04:00,720.1799926757812,720.3416748046875,719.8300170898438,720.3049926757812,177419,0.0,0.0,0.0
2026-05-22 13:00:00-04:00,720.3200073242188,720.97998046875,720.3200073242188,720.9650268554688,230132,0.0,0.0,0.0
2026-05-22 13:05:00-04:00,720.989990234375,721.1099853515625,720.7999877929688,720.9349975585938,552405,0.0,0.0,0.0
2026-05-22 13:10:00-04:00,720.9299926757812,721.0800170898438,720.75,720.9354858398438,127631,0.0,0.0,0.0
2026-05-22 13:15:00-04:00,720.9349975585938,721.0900268554688,719.739990234375,719.9199829101562,231260,0.0,0.0,0.0
2026-05-22 13:20:00-04:00,719.8800048828125,720.6699829101562,719.719970703125,720.6300048828125,238495,0.0,0.0,0.0
2026-05-22 13:25:00-04:00,720.6500244140625,721.8499755859375,720.4600219726562,721.8400268554688,654577,0.0,0.0,0.0
2026-05-22 13:30:00-04:00,721.8699951171875,722.1199951171875,720.9299926757812,720.9349975585938,436543,0.0,0.0,0.0
2026-05-22 13:35:00-04:00,720.9500122070312,721.5,720.6199951171875,721.385009765625,279501,0.0,0.0,0.0
2026-05-22 13:40:00-04:00,721.3800048828125,721.4099731445312,721.0,721.0549926757812,138599,0.0,0.0,0.0
2026-05-22 13:45:00-04:00,721.0570068359375,721.2000122070312,720.780029296875,720.8200073242188,142691,0.0,0.0,0.0
2026-05-22 13:50:00-04:00,720.8237915039062,720.9199829101562,720.0800170898438,720.3699951171875,376980,0.0,0.0,0.0
2026-05-22 13:55:00-04:00,720.3900146484375,720.7849731445312,720.3099975585938,720.469970703125,323311,0.0,0.0,0.0
2026-05-22 14:00:00-04:00,720.4849853515625,720.7000122070312,719.719970703125,720.1500244140625,419951,0.0,0.0,0.0
2026-05-22 14:05:00-04:00,720.1300048828125,720.5700073242188,720.030029296875,720.4849853515625,238413,0.0,0.0,0.0
2026-05-22 14:10:00-04:00,720.4849853515625,720.7000122070312,719.989990234375,720.1300048828125,134561,0.0,0.0,0.0
2026-05-22 14:15:00-04:00,720.1599731445312,720.3300170898438,719.7999877929688,720.0700073242188,471849,0.0,0.0,0.0
2026-05-22 14:20:00-04:00,720.0855712890625,720.3599853515625,719.9801025390625,720.3200073242188,91018,0.0,0.0,0.0
2026-05-22 14:25:00-04:00,720.3099975585938,720.3580932617188,719.9301147460938,720.0900268554688,123839,0.0,0.0,0.0
2026-05-22 14:30:00-04:00,720.0599975585938,720.1300048828125,719.6400146484375,719.7999877929688,381315,0.0,0.0,0.0
2026-05-22 14:35:00-04:00,719.8099975585938,720.1500244140625,719.1950073242188,719.9099731445312,401576,0.0,0.0,0.0
2026-05-22 14:40:00-04:00,719.8900146484375,720.385009765625,719.869873046875,720.2050170898438,198020,0.0,0.0,0.0
2026-05-22 14:45:00-04:00,720.219970703125,720.3350219726562,719.6300048828125,719.760009765625,164217,0.0,0.0,0.0
2026-05-22 14:50:00-04:00,719.780029296875,720.219970703125,719.5999755859375,720.0798950195312,172857,0.0,0.0,0.0
2026-05-22 14:55:00-04:00,720.0700073242188,720.0700073242188,719.7200927734375,719.7899780273438,102444,0.0,0.0,0.0
2026-05-22 15:00:00-04:00,719.780029296875,720.0399780273438,718.6400146484375,719.09912109375,618935,0.0,0.0,0.0
2026-05-22 15:05:00-04:00,719.0700073242188,719.219970703125,718.3980102539062,718.8488159179688,387806,0.0,0.0,0.0
2026-05-22 15:10:00-04:00,718.8200073242188,719.0499877929688,718.3200073242188,718.5900268554688,232635,0.0,0.0,0.0
2026-05-22 15:15:00-04:00,718.5800170898438,718.6599731445312,718.0599975585938,718.4500122070312,466965,0.0,0.0,0.0
2026-05-22 15:20:00-04:00,718.47998046875,718.4826049804688,717.8800048828125,718.0399780273438,321372,0.0,0.0,0.0
2026-05-22 15:25:00-04:00,718.02001953125,718.10888671875,717.2100219726562,717.3853759765625,345189,0.0,0.0,0.0
2026-05-22 15:30:00-04:00,717.385009765625,717.9500122070312,717.0,717.860107421875,460538,0.0,0.0,0.0
2026-05-22 15:35:00-04:00,717.9000244140625,718.272705078125,717.6599731445312,718.0,1064894,0.0,0.0,0.0
2026-05-22 15:40:00-04:00,717.989990234375,718.1199951171875,717.4099731445312,717.6199951171875,575496,0.0,0.0,0.0
2026-05-22 15:45:00-04:00,717.6199951171875,717.6400146484375,716.9249877929688,717.4500122070312,458205,0.0,0.0,0.0
2026-05-22 15:50:00-04:00,717.4299926757812,717.6798706054688,716.9600219726562,717.22998046875,789083,0.0,0.0,0.0
2026-05-22 15:55:00-04:00,717.219970703125,718.1500244140625,717.1300048828125,717.4299926757812,1374931,0.0,0.0,0.0
2026-05-26 09:30:00-04:00,726.0250244140625,726.760009765625,724.510009765625,724.75,2952941,0.0,0.0,0.0
2026-05-26 09:35:00-04:00,724.7050170898438,725.0700073242188,724.1599731445312,724.97998046875,810183,0.0,0.0,0.0
2026-05-26 09:40:00-04:00,724.97998046875,726.8300170898438,724.780029296875,726.719970703125,738955,0.0,0.0,0.0
2026-05-26 09:45:00-04:00,726.739990234375,728.0599975585938,726.5999755859375,727.6599731445312,1199921,0.0,0.0,0.0
2026-05-26 09:50:00-04:00,727.6900024414062,727.8599853515625,726.1500244140625,727.3099975585938,674568,0.0,0.0,0.0
2026-05-26 09:55:00-04:00,727.3300170898438,728.4400024414062,727.0999755859375,728.4400024414062,714101,0.0,0.0,0.0
2026-05-26 10:00:00-04:00,728.4500122070312,728.72998046875,727.6900024414062,728.1400146484375,836853,0.0,0.0,0.0
2026-05-26 10:05:00-04:00,728.1099853515625,728.5499877929688,727.75,728.3800048828125,470428,0.0,0.0,0.0
2026-05-26 10:10:00-04:00,728.385009765625,729.0399780273438,728.0499877929688,729.0009155273438,398678,0.0,0.0,0.0
2026-05-26 10:15:00-04:00,729.02001953125,729.510009765625,728.5,729.4400024414062,535818,0.0,0.0,0.0
2026-05-26 10:20:00-04:00,729.4500122070312,729.8900146484375,729.1300048828125,729.8599853515625,588331,0.0,0.0,0.0
2026-05-26 10:25:00-04:00,729.8499755859375,730.3200073242188,729.5700073242188,729.9201049804688,681221,0.0,0.0,0.0
2026-05-26 10:30:00-04:00,729.9000244140625,730.27001953125,729.780029296875,730.1799926757812,500907,0.0,0.0,0.0
2026-05-26 10:35:00-04:00,730.2000122070312,731.1699829101562,730.1900024414062,730.7249755859375,511303,0.0,0.0,0.0
2026-05-26 10:40:00-04:00,730.7000122070312,731.1699829101562,730.5900268554688,730.8798828125,381894,0.0,0.0,0.0
2026-05-26 10:45:00-04:00,730.8499755859375,731.0499877929688,730.1400146484375,730.2449951171875,418678,0.0,0.0,0.0
2026-05-26 10:50:00-04:00,730.2449951171875,730.6099243164062,729.9099731445312,730.0599975585938,269188,0.0,0.0,0.0
2026-05-26 10:55:00-04:00,730.1199951171875,730.1599731445312,729.6129760742188,729.6300048828125,367448,0.0,0.0,0.0
2026-05-26 11:00:00-04:00,729.6599731445312,729.9299926757812,729.1400146484375,729.3400268554688,502866,0.0,0.0,0.0
2026-05-26 11:05:00-04:00,729.3599853515625,729.5399780273438,728.3900146484375,729.4000244140625,548374,0.0,0.0,0.0
2026-05-26 11:10:00-04:00,729.3800048828125,729.4000244140625,728.6300048828125,729.2799072265625,573958,0.0,0.0,0.0
2026-05-26 11:15:00-04:00,729.25,729.260009765625,728.239990234375,728.8707275390625,346575,0.0,0.0,0.0
2026-05-26 11:20:00-04:00,728.9199829101562,728.9650268554688,728.1599731445312,728.5999755859375,379182,0.0,0.0,0.0
2026-05-26 11:25:00-04:00,728.614990234375,729.0399780273438,728.1500244140625,728.3099975585938,556525,0.0,0.0,0.0
2026-05-26 11:30:00-04:00,728.322021484375,728.4500122070312,727.72998046875,728.251708984375,443286,0.0,0.0,0.0
2026-05-26 11:35:00-04:00,728.280029296875,728.489990234375,727.3900146484375,728.02001953125,274897,0.0,0.0,0.0
2026-05-26 11:40:00-04:00,728.0599975585938,728.1500244140625,727.489990234375,727.6500244140625,189612,0.0,0.0,0.0
2026-05-26 11:45:00-04:00,727.655029296875,727.9600219726562,726.8699951171875,727.0399780273438,472681,0.0,0.0,0.0
2026-05-26 11:50:00-04:00,727.0050048828125,727.1799926757812,725.8699951171875,726.1320190429688,538991,0.0,0.0,0.0
2026-05-26 11:55:00-04:00,726.0999755859375,726.6300048828125,725.5700073242188,726.5650024414062,522245,0.0,0.0,0.0
2026-05-26 12:00:00-04:00,726.5599975585938,727.5999145507812,726.3900146484375,727.4100952148438,522691,0.0,0.0,0.0
2026-05-26 12:05:00-04:00,727.4299926757812,727.8300170898438,726.763671875,726.969970703125,278945,0.0,0.0,0.0
2026-05-26 12:10:00-04:00,726.969970703125,727.260009765625,726.5499267578125,726.8400268554688,262779,0.0,0.0,0.0
2026-05-26 12:15:00-04:00,726.7999877929688,727.260009765625,726.5650024414062,727.1900024414062,113795,0.0,0.0,0.0
2026-05-26 12:20:00-04:00,727.2000122070312,727.594970703125,726.7890014648438,727.594970703125,148415,0.0,0.0,0.0
2026-05-26 12:25:00-04:00,727.5750122070312,728.1400146484375,727.5280151367188,728.1201171875,200720,0.0,0.0,0.0
2026-05-26 12:30:00-04:00,728.1591796875,728.5900268554688,728.0806274414062,728.530029296875,319239,0.0,0.0,0.0
2026-05-26 12:35:00-04:00,728.5349731445312,728.6898803710938,728.1599731445312,728.1599731445312,284012,0.0,0.0,0.0
2026-05-26 12:40:00-04:00,728.1699829101562,728.2000122070312,727.3699951171875,727.4199829101562,213988,0.0,0.0,0.0
2026-05-26 12:45:00-04:00,727.4299926757812,727.9099731445312,727.0399780273438,727.0399780273438,557628,0.0,0.0,0.0
2026-05-26 12:50:00-04:00,727.0599975585938,727.75,727.0599975585938,727.6900024414062,177685,0.0,0.0,0.0
2026-05-26 12:55:00-04:00,727.7000122070312,727.9299926757812,727.590087890625,727.7100219726562,108211,0.0,0.0,0.0
2026-05-26 13:00:00-04:00,727.7100219726562,728.3599853515625,727.541015625,728.1199951171875,146294,0.0,0.0,0.0
2026-05-26 13:05:00-04:00,728.1599731445312,728.260009765625,727.5499877929688,727.719970703125,80565,0.0,0.0,0.0
2026-05-26 13:10:00-04:00,727.739990234375,728.1099853515625,727.5999755859375,728.0001220703125,63586,0.0,0.0,0.0
2026-05-26 13:15:00-04:00,728.0499877929688,728.0900268554688,727.489990234375,727.5800170898438,126287,0.0,0.0,0.0
2026-05-26 13:20:00-04:00,727.5020141601562,728.010009765625,727.25,727.4000854492188,161083,0.0,0.0,0.0
2026-05-26 13:25:00-04:00,727.4000244140625,727.6300048828125,727.22998046875,727.5999145507812,95267,0.0,0.0,0.0
2026-05-26 13:30:00-04:00,727.5921020507812,728.1298828125,727.3201293945312,728.1298828125,117065,0.0,0.0,0.0
2026-05-26 13:35:00-04:00,728.1199951171875,728.3629760742188,727.8499755859375,727.8699951171875,193059,0.0,0.0,0.0
2026-05-26 13:40:00-04:00,727.864990234375,728.119873046875,727.5700073242188,727.9799194335938,467421,0.0,0.0,0.0
2026-05-26 13:45:00-04:00,728.0,728.625,727.97998046875,728.5308837890625,246442,0.0,0.0,0.0
2026-05-26 13:50:00-04:00,728.5789794921875,728.6300048828125,728.3656005859375,728.4000244140625,174426,0.0,0.0,0.0
2026-05-26 13:55:00-04:00,728.3599853515625,728.4299926757812,728.030029296875,728.260009765625,136421,0.0,0.0,0.0
2026-05-26 14:00:00-04:00,728.2349853515625,728.6400146484375,727.9000854492188,728.5797729492188,125832,0.0,0.0,0.0
2026-05-26 14:05:00-04:00,728.5900268554688,728.6900024414062,728.3699951171875,728.6599731445312,111796,0.0,0.0,0.0
2026-05-26 14:10:00-04:00,728.669921875,729.0700073242188,728.6300048828125,728.9351196289062,197994,0.0,0.0,0.0
2026-05-26 14:15:00-04:00,728.9400024414062,729.3499755859375,728.8499755859375,729.3499755859375,221199,0.0,0.0,0.0
2026-05-26 14:20:00-04:00,729.3900146484375,729.614990234375,729.125,729.405029296875,323752,0.0,0.0,0.0
2026-05-26 14:25:00-04:00,729.4199829101562,729.6199951171875,729.3099975585938,729.4392700195312,219609,0.0,0.0,0.0
2026-05-26 14:30:00-04:00,729.4299926757812,729.77001953125,729.4099731445312,729.719970703125,266512,0.0,0.0,0.0
2026-05-26 14:35:00-04:00,729.7100219726562,729.7650146484375,729.281982421875,729.4100952148438,186229,0.0,0.0,0.0
2026-05-26 14:40:00-04:00,729.4199829101562,729.47998046875,729.030029296875,729.0599975585938,208680,0.0,0.0,0.0
2026-05-26 14:45:00-04:00,729.0599975585938,729.25,728.9249877929688,728.9349975585938,126727,0.0,0.0,0.0
2026-05-26 14:50:00-04:00,728.9400024414062,729.4180297851562,728.7999877929688,729.2000122070312,157336,0.0,0.0,0.0
2026-05-26 14:55:00-04:00,729.2100219726562,729.2999877929688,728.510009765625,728.6300048828125,160109,0.0,0.0,0.0
2026-05-26 15:00:00-04:00,728.6099853515625,728.8900146484375,728.4500122070312,728.8900146484375,486930,0.0,0.0,0.0
2026-05-26 15:05:00-04:00,728.8900146484375,729.5150146484375,728.7000122070312,729.4849853515625,228739,0.0,0.0,0.0
2026-05-26 15:10:00-04:00,729.4849853515625,729.6900024414062,729.3599853515625,729.5599975585938,203950,0.0,0.0,0.0
2026-05-26 15:15:00-04:00,729.5499877929688,729.7999877929688,729.510009765625,729.6400146484375,231794,0.0,0.0,0.0
2026-05-26 15:20:00-04:00,729.6300048828125,729.780029296875,729.4349975585938,729.5800170898438,228384,0.0,0.0,0.0
2026-05-26 15:25:00-04:00,729.6099853515625,729.719970703125,729.3699951171875,729.5800170898438,191758,0.0,0.0,0.0
2026-05-26 15:30:00-04:00,729.5700073242188,730.1500244140625,729.5499877929688,730.010009765625,383813,0.0,0.0,0.0
2026-05-26 15:35:00-04:00,730.030029296875,730.3895263671875,729.9199829101562,730.3300170898438,343456,0.0,0.0,0.0
2026-05-26 15:40:00-04:00,730.3125,730.5900268554688,730.2550048828125,730.510009765625,434658,0.0,0.0,0.0
2026-05-26 15:45:00-04:00,730.510009765625,730.7000122070312,730.2899780273438,730.594970703125,438856,0.0,0.0,0.0
2026-05-26 15:50:00-04:00,730.6199951171875,731.02001953125,730.3200073242188,730.6799926757812,956955,0.0,0.0,0.0
2026-05-26 15:55:00-04:00,730.7000122070312,730.739990234375,729.9600219726562,730.2150268554688,1406505,0.0,0.0,0.0
2026-05-27 09:30:00-04:00,732.9500122070312,733.3200073242188,731.1599731445312,731.8699951171875,3678382,0.0,0.0,0.0
2026-05-27 09:35:00-04:00,731.8400268554688,732.1699829101562,729.7200927734375,730.030029296875,1247517,0.0,0.0,0.0
2026-05-27 09:40:00-04:00,730.0999755859375,730.0999755859375,727.510009765625,727.9000244140625,1350259,0.0,0.0,0.0
2026-05-27 09:45:00-04:00,727.9000244140625,729.1525268554688,726.8599853515625,728.3499755859375,944606,0.0,0.0,0.0
2026-05-27 09:50:00-04:00,728.3400268554688,730.280029296875,728.0900268554688,729.010009765625,1105639,0.0,0.0,0.0
2026-05-27 09:55:00-04:00,729.010009765625,729.9400024414062,728.2000122070312,729.9000244140625,641959,0.0,0.0,0.0
2026-05-27 10:00:00-04:00,729.8400268554688,730.8099975585938,729.27001953125,730.4000244140625,529838,0.0,0.0,0.0
2026-05-27 10:05:00-04:00,730.4299926757812,730.5700073242188,728.4500122070312,728.936279296875,578852,0.0,0.0,0.0
2026-05-27 10:10:00-04:00,728.9299926757812,729.1199951171875,727.989990234375,728.760009765625,518647,0.0,0.0,0.0
2026-05-27 10:15:00-04:00,728.7899780273438,729.780029296875,728.4500122070312,729.1900024414062,419730,0.0,0.0,0.0
2026-05-27 10:20:00-04:00,729.2000122070312,729.4099731445312,727.47998046875,727.5300903320312,583911,0.0,0.0,0.0
2026-05-27 10:25:00-04:00,727.510009765625,727.52001953125,725.6699829101562,726.35498046875,1039697,0.0,0.0,0.0
2026-05-27 10:30:00-04:00,726.3200073242188,727.1199951171875,725.4400024414062,727.1099853515625,708897,0.0,0.0,0.0
2026-05-27 10:35:00-04:00,727.0900268554688,728.4600219726562,726.7100219726562,728.385986328125,423829,0.0,0.0,0.0
2026-05-27 10:40:00-04:00,728.3200073242188,728.9600219726562,727.6900024414062,728.1900024414062,429787,0.0,0.0,0.0
2026-05-27 10:45:00-04:00,728.1900024414062,728.9600219726562,727.4400024414062,727.7609252929688,374203,0.0,0.0,0.0
2026-05-27 10:50:00-04:00,727.7999877929688,728.6950073242188,727.7999877929688,728.4749755859375,381082,0.0,0.0,0.0
2026-05-27 10:55:00-04:00,728.4400024414062,728.4600219726562,726.5,726.9199829101562,547082,0.0,0.0,0.0
2026-05-27 11:00:00-04:00,726.9400024414062,727.260009765625,726.2899780273438,726.6799926757812,497030,0.0,0.0,0.0
2026-05-27 11:05:00-04:00,726.6699829101562,727.4600219726562,726.22998046875,727.4299926757812,251743,0.0,0.0,0.0
2026-05-27 11:10:00-04:00,727.3800048828125,727.8200073242188,727.1300048828125,727.1900024414062,206409,0.0,0.0,0.0
2026-05-27 11:15:00-04:00,727.2000122070312,727.2000122070312,725.9400024414062,726.0299072265625,226707,0.0,0.0,0.0
2026-05-27 11:20:00-04:00,726.0150146484375,726.5599975585938,725.5449829101562,726.510009765625,415600,0.0,0.0,0.0
2026-05-27 11:25:00-04:00,726.5,727.1799926757812,726.4099731445312,727.1799926757812,210480,0.0,0.0,0.0
2026-05-27 11:30:00-04:00,727.1799926757812,727.919921875,727.0800170898438,727.599609375,384753,0.0,0.0,0.0
2026-05-27 11:35:00-04:00,727.5599975585938,727.6500244140625,726.080078125,726.1500244140625,212226,0.0,0.0,0.0
2026-05-27 11:40:00-04:00,726.1400146484375,726.6199951171875,725.593017578125,725.719970703125,440327,0.0,0.0,0.0
2026-05-27 11:45:00-04:00,725.7000122070312,726.4949951171875,725.5399780273438,725.9799194335938,271136,0.0,0.0,0.0
2026-05-27 11:50:00-04:00,725.9600219726562,726.8900146484375,725.6699829101562,726.5198974609375,283842,0.0,0.0,0.0
2026-05-27 11:55:00-04:00,726.47998046875,726.989990234375,726.0300903320312,726.7999877929688,208617,0.0,0.0,0.0
2026-05-27 12:00:00-04:00,726.7899780273438,727.3350219726562,726.1099853515625,726.6497802734375,267568,0.0,0.0,0.0
2026-05-27 12:05:00-04:00,726.6300048828125,727.7000122070312,726.6300048828125,727.7000122070312,245147,0.0,0.0,0.0
2026-05-27 12:10:00-04:00,727.719970703125,728.4000244140625,727.5399780273438,728.2949829101562,354011,0.0,0.0,0.0
2026-05-27 12:15:00-04:00,728.2899780273438,728.5800170898438,727.780029296875,728.1099853515625,211668,0.0,0.0,0.0
2026-05-27 12:20:00-04:00,728.0999755859375,728.7750244140625,728.0499877929688,728.6900024414062,323880,0.0,0.0,0.0
2026-05-27 12:25:00-04:00,728.6900024414062,728.7100830078125,727.780029296875,728.1900024414062,418959,0.0,0.0,0.0
2026-05-27 12:30:00-04:00,728.1599731445312,728.5,727.780029296875,728.155029296875,189530,0.0,0.0,0.0
2026-05-27 12:35:00-04:00,728.1500244140625,728.8099975585938,728.0900268554688,728.7899780273438,1377695,0.0,0.0,0.0
2026-05-27 12:40:00-04:00,728.760009765625,729.3400268554688,728.739990234375,729.1199951171875,331389,0.0,0.0,0.0
2026-05-27 12:45:00-04:00,729.1300048828125,729.5399169921875,729.0,729.510009765625,239853,0.0,0.0,0.0
2026-05-27 12:50:00-04:00,729.5,729.5599975585938,728.4320068359375,728.580078125,322764,0.0,0.0,0.0
2026-05-27 12:55:00-04:00,728.5800170898438,728.594970703125,727.7899780273438,728.099609375,332698,0.0,0.0,0.0
2026-05-27 13:00:00-04:00,728.1099853515625,728.2999877929688,727.5999755859375,727.780029296875,138165,0.0,0.0,0.0
2026-05-27 13:05:00-04:00,727.75,727.9600219726562,725.85498046875,725.9000244140625,336936,0.0,0.0,0.0
2026-05-27 13:10:00-04:00,725.8900146484375,726.719970703125,725.8900146484375,726.4500122070312,324648,0.0,0.0,0.0
2026-05-27 13:15:00-04:00,726.4600219726562,727.1099853515625,726.2999877929688,727.0549926757812,184774,0.0,0.0,0.0
2026-05-27 13:20:00-04:00,727.030029296875,727.635009765625,726.9299926757812,727.6207275390625,209522,0.0,0.0,0.0
2026-05-27 13:25:00-04:00,727.6099853515625,727.7999877929688,727.2899780273438,727.2999877929688,139738,0.0,0.0,0.0
2026-05-27 13:30:00-04:00,727.3499755859375,727.8499755859375,727.3001098632812,727.6699829101562,183513,0.0,0.0,0.0
2026-05-27 13:35:00-04:00,727.6699829101562,728.14990234375,727.6099853515625,727.739990234375,140644,0.0,0.0,0.0
2026-05-27 13:40:00-04:00,727.75,727.8200073242188,727.0202026367188,727.1199951171875,143105,0.0,0.0,0.0
2026-05-27 13:45:00-04:00,727.0900268554688,727.5343017578125,726.9700927734375,727.52001953125,144431,0.0,0.0,0.0
2026-05-27 13:50:00-04:00,727.5499877929688,728.0399780273438,727.510009765625,727.969970703125,151979,0.0,0.0,0.0
2026-05-27 13:55:00-04:00,727.97998046875,728.2000122070312,727.6799926757812,727.739990234375,144288,0.0,0.0,0.0
2026-05-27 14:00:00-04:00,727.719970703125,728.0599975585938,727.5,727.989990234375,136095,0.0,0.0,0.0
2026-05-27 14:05:00-04:00,727.969970703125,728.4600219726562,727.5599975585938,728.2401123046875,135360,0.0,0.0,0.0
2026-05-27 14:10:00-04:00,728.239990234375,728.4199829101562,727.8800048828125,728.3200073242188,569667,0.0,0.0,0.0
2026-05-27 14:15:00-04:00,728.2899780273438,728.7000122070312,728.1900024414062,728.6099853515625,137163,0.0,0.0,0.0
2026-05-27 14:20:00-04:00,728.5900268554688,729.2446899414062,728.5599975585938,729.22998046875,273027,0.0,0.0,0.0
2026-05-27 14:25:00-04:00,729.239990234375,729.6699829101562,729.2100219726562,729.6699829101562,472375,0.0,0.0,0.0
2026-05-27 14:30:00-04:00,729.6599731445312,729.8499755859375,729.4500122070312,729.6699829101562,258272,0.0,0.0,0.0
2026-05-27 14:35:00-04:00,729.6500244140625,729.7100219726562,728.9500122070312,729.4199829101562,194457,0.0,0.0,0.0
2026-05-27 14:40:00-04:00,729.4099731445312,729.719970703125,729.280029296875,729.5399780273438,138007,0.0,0.0,0.0
2026-05-27 14:45:00-04:00,729.52001953125,729.6951293945312,729.3099975585938,729.3099975585938,191201,0.0,0.0,0.0
2026-05-27 14:50:00-04:00,729.3099975585938,729.72998046875,729.2000122070312,729.3400268554688,186964,0.0,0.0,0.0
2026-05-27 14:55:00-04:00,729.3300170898438,729.7100219726562,729.239990234375,729.3201293945312,140369,0.0,0.0,0.0
2026-05-27 15:00:00-04:00,729.3099975585938,729.7098999023438,728.9199829101562,729.6500244140625,168370,0.0,0.0,0.0
2026-05-27 15:05:00-04:00,729.6500244140625,729.8499755859375,729.239990234375,729.48291015625,176664,0.0,0.0,0.0
2026-05-27 15:10:00-04:00,729.4400024414062,729.6300048828125,729.260009765625,729.3699951171875,166415,0.0,0.0,0.0
2026-05-27 15:15:00-04:00,729.3599853515625,729.6599731445312,729.3099975585938,729.3400268554688,142064,0.0,0.0,0.0
2026-05-27 15:20:00-04:00,729.3699951171875,729.6199951171875,729.3400268554688,729.489990234375,159217,0.0,0.0,0.0
2026-05-27 15:25:00-04:00,729.47998046875,729.5,728.5900268554688,728.989990234375,292730,0.0,0.0,0.0
2026-05-27 15:30:00-04:00,728.989990234375,729.5499267578125,728.969970703125,729.3800048828125,216832,0.0,0.0,0.0
2026-05-27 15:35:00-04:00,729.3599853515625,730.0698852539062,729.3400268554688,729.8599853515625,543402,0.0,0.0,0.0
2026-05-27 15:40:00-04:00,729.8800048828125,729.969970703125,729.6099853515625,729.9450073242188,225516,0.0,0.0,0.0
2026-05-27 15:45:00-04:00,729.969970703125,729.969970703125,729.4600219726562,729.5,515736,0.0,0.0,0.0
2026-05-27 15:50:00-04:00,729.47998046875,729.8800048828125,729.1699829101562,729.2891235351562,684293,0.0,0.0,0.0
2026-05-27 15:55:00-04:00,729.27001953125,729.6799926757812,729.1900024414062,729.489990234375,932544,0.0,0.0,0.0
2026-05-28 09:30:00-04:00,729.739990234375,731.1199951171875,728.5700073242188,728.6799926757812,2676916,0.0,0.0,0.0
2026-05-28 09:35:00-04:00,728.6799926757812,729.0399780273438,728.0,728.0,771395,0.0,0.0,0.0
2026-05-28 09:40:00-04:00,727.97998046875,728.239990234375,727.04052734375,727.2999877929688,751276,0.0,0.0,0.0
2026-05-28 09:45:00-04:00,727.2899780273438,727.7949829101562,726.6505126953125,726.6619873046875,700767,0.0,0.0,0.0
2026-05-28 09:50:00-04:00,726.7100219726562,728.3599853515625,726.4099731445312,727.2449951171875,882220,0.0,0.0,0.0
2026-05-28 09:55:00-04:00,727.2449951171875,728.3099975585938,727.1400146484375,728.1199951171875,461923,0.0,0.0,0.0
2026-05-28 10:00:00-04:00,728.1199951171875,728.8099975585938,727.4700927734375,728.1849975585938,505145,0.0,0.0,0.0
2026-05-28 10:05:00-04:00,728.219970703125,729.4650268554688,727.7999877929688,729.4600219726562,425071,0.0,0.0,0.0
2026-05-28 10:10:00-04:00,729.469970703125,732.8499755859375,728.5,732.260009765625,1496252,0.0,0.0,0.0
2026-05-28 10:15:00-04:00,732.2100219726562,732.530029296875,730.8709716796875,731.719970703125,852346,0.0,0.0,0.0
2026-05-28 10:20:00-04:00,731.780029296875,732.0499877929688,729.9100952148438,730.52001953125,488144,0.0,0.0,0.0
2026-05-28 10:25:00-04:00,730.530029296875,731.9500122070312,730.4500122070312,731.9298706054688,355736,0.0,0.0,0.0
2026-05-28 10:30:00-04:00,731.9299926757812,732.330078125,731.0,731.0,404455,0.0,0.0,0.0
2026-05-28 10:35:00-04:00,731.0050048828125,731.8599853515625,730.9199829101562,731.3599853515625,231209,0.0,0.0,0.0
2026-05-28 10:40:00-04:00,731.3900146484375,732.4550170898438,731.3298950195312,732.4500122070312,237074,0.0,0.0,0.0
2026-05-28 10:45:00-04:00,732.4099731445312,732.6740112304688,731.260009765625,731.8099975585938,415144,0.0,0.0,0.0
2026-05-28 10:50:00-04:00,731.7750244140625,732.6799926757812,731.77001953125,732.3900756835938,243298,0.0,0.0,0.0
2026-05-28 10:55:00-04:00,732.4299926757812,732.9400024414062,732.239990234375,732.8569946289062,220041,0.0,0.0,0.0
2026-05-28 11:00:00-04:00,732.8499755859375,734.0399780273438,732.69140625,733.8800048828125,602664,0.0,0.0,0.0
2026-05-28 11:05:00-04:00,733.9400024414062,734.219970703125,733.5599975585938,733.9788208007812,543445,0.0,0.0,0.0
2026-05-28 11:10:00-04:00,733.97998046875,734.1199951171875,733.6400146484375,733.6600952148438,431609,0.0,0.0,0.0
2026-05-28 11:15:00-04:00,733.6799926757812,734.1060180664062,733.3800048828125,733.9199829101562,168158,0.0,0.0,0.0
2026-05-28 11:20:00-04:00,733.9500122070312,734.3463134765625,733.8599853515625,734.1702880859375,320640,0.0,0.0,0.0
2026-05-28 11:25:00-04:00,734.219970703125,734.9849853515625,734.1099853515625,734.6699829101562,543158,0.0,0.0,0.0
2026-05-28 11:30:00-04:00,734.6900024414062,735.1900024414062,734.5549926757812,735.0999755859375,326975,0.0,0.0,0.0
2026-05-28 11:35:00-04:00,735.1300048828125,735.4099731445312,734.8800048828125,735.1400756835938,652027,0.0,0.0,0.0
2026-05-28 11:40:00-04:00,735.1599731445312,735.1599731445312,734.6500244140625,734.6500244140625,253474,0.0,0.0,0.0
2026-05-28 11:45:00-04:00,734.6199951171875,734.889892578125,734.3800048828125,734.523193359375,525078,0.0,0.0,0.0
2026-05-28 11:50:00-04:00,734.52001953125,735.1199951171875,734.52001953125,734.5399780273438,369327,0.0,0.0,0.0
2026-05-28 11:55:00-04:00,734.510009765625,734.9299926757812,734.4199829101562,734.736083984375,187300,0.0,0.0,0.0
2026-05-28 12:00:00-04:00,734.7200927734375,734.780029296875,734.10009765625,734.489990234375,361683,0.0,0.0,0.0
2026-05-28 12:05:00-04:00,734.5,735.0098876953125,734.4400024414062,734.9349975585938,189801,0.0,0.0,0.0
2026-05-28 12:10:00-04:00,734.9299926757812,735.186279296875,734.8499755859375,734.969970703125,235815,0.0,0.0,0.0
2026-05-28 12:15:00-04:00,734.9550170898438,735.6500244140625,734.8262939453125,735.6024780273438,220013,0.0,0.0,0.0
2026-05-28 12:20:00-04:00,735.5894775390625,736.0,735.2160034179688,735.8800048828125,261564,0.0,0.0,0.0
2026-05-28 12:25:00-04:00,735.8599853515625,735.9500122070312,735.5999755859375,735.6400146484375,220858,0.0,0.0,0.0
2026-05-28 12:30:00-04:00,735.64501953125,735.669921875,735.2000122070312,735.3049926757812,122654,0.0,0.0,0.0
2026-05-28 12:35:00-04:00,735.3400268554688,735.5599975585938,735.0700073242188,735.4450073242188,96083,0.0,0.0,0.0
2026-05-28 12:40:00-04:00,735.4500122070312,735.8400268554688,735.4299926757812,735.760009765625,201356,0.0,0.0,0.0
2026-05-28 12:45:00-04:00,735.75,736.0250244140625,735.6799926757812,735.739990234375,113871,0.0,0.0,0.0
2026-05-28 12:50:00-04:00,735.7501220703125,735.9199829101562,735.5599975585938,735.6199951171875,116685,0.0,0.0,0.0
2026-05-28 12:55:00-04:00,735.6099853515625,736.2999877929688,735.5999755859375,736.2249755859375,184417,0.0,0.0,0.0
2026-05-28 13:00:00-04:00,736.239990234375,736.4500122070312,736.1400146484375,736.2999877929688,220409,0.0,0.0,0.0
2026-05-28 13:05:00-04:00,736.2999877929688,736.405029296875,736.0700073242188,736.0827026367188,183013,0.0,0.0,0.0
2026-05-28 13:10:00-04:00,736.0800170898438,736.219970703125,735.9349975585938,735.989990234375,166756,0.0,0.0,0.0
2026-05-28 13:15:00-04:00,735.989990234375,736.0650024414062,735.5601196289062,735.6749877929688,220787,0.0,0.0,0.0
2026-05-28 13:20:00-04:00,735.6798706054688,736.0650024414062,735.6599731445312,736.010009765625,228121,0.0,0.0,0.0
2026-05-28 13:25:00-04:00,736.02001953125,736.0750122070312,735.5159912109375,735.5750122070312,204607,0.0,0.0,0.0
2026-05-28 13:30:00-04:00,735.5800170898438,735.8250122070312,735.260009765625,735.260009765625,408881,0.0,0.0,0.0
2026-05-28 13:35:00-04:00,735.260009765625,735.9650268554688,735.1599731445312,735.9201049804688,205424,0.0,0.0,0.0
2026-05-28 13:40:00-04:00,735.969970703125,736.1790161132812,735.8300170898438,736.1199951171875,412060,0.0,0.0,0.0
2026-05-28 13:45:00-04:00,736.1500244140625,736.489990234375,736.0599975585938,736.375,297360,0.0,0.0,0.0
2026-05-28 13:50:00-04:00,736.3900146484375,736.5999755859375,736.3099975585938,736.3900146484375,270622,0.0,0.0,0.0
2026-05-28 13:55:00-04:00,736.4000244140625,736.4299926757812,735.8900146484375,736.02001953125,167368,0.0,0.0,0.0
2026-05-28 14:00:00-04:00,736.0700073242188,736.47998046875,735.7899780273438,736.4450073242188,292517,0.0,0.0,0.0
2026-05-28 14:05:00-04:00,736.4299926757812,736.47998046875,736.114990234375,736.1199951171875,133374,0.0,0.0,0.0
2026-05-28 14:10:00-04:00,736.1019897460938,736.1300048828125,735.5999755859375,735.6599731445312,194325,0.0,0.0,0.0
2026-05-28 14:15:00-04:00,735.6799926757812,736.1400146484375,735.47998046875,735.7301025390625,284743,0.0,0.0,0.0
2026-05-28 14:20:00-04:00,735.7000122070312,736.1400146484375,735.510009765625,736.0650024414062,147290,0.0,0.0,0.0
2026-05-28 14:25:00-04:00,736.0999755859375,736.1849975585938,735.8499755859375,735.969970703125,134358,0.0,0.0,0.0
2026-05-28 14:30:00-04:00,735.9500122070312,735.9500122070312,735.5999755859375,735.719970703125,354226,0.0,0.0,0.0
2026-05-28 14:35:00-04:00,735.6900024414062,735.72998046875,735.22998046875,735.4700927734375,204153,0.0,0.0,0.0
2026-05-28 14:40:00-04:00,735.4600219726562,735.75,735.2899780273438,735.5800170898438,117533,0.0,0.0,0.0
2026-05-28 14:45:00-04:00,735.5999755859375,735.6500244140625,735.0999755859375,735.2150268554688,220600,0.0,0.0,0.0
2026-05-28 14:50:00-04:00,735.2449951171875,735.906982421875,735.1300048828125,735.8800048828125,1068723,0.0,0.0,0.0
2026-05-28 14:55:00-04:00,735.9000244140625,735.97998046875,735.3499755859375,735.3800048828125,153589,0.0,0.0,0.0
2026-05-28 15:00:00-04:00,735.3800048828125,735.6300048828125,735.0499877929688,735.6298828125,388334,0.0,0.0,0.0
2026-05-28 15:05:00-04:00,735.6099853515625,735.8200073242188,735.5900268554688,735.6199951171875,164754,0.0,0.0,0.0
2026-05-28 15:10:00-04:00,735.6099853515625,735.8399047851562,735.2349853515625,735.25,96172,0.0,0.0,0.0
2026-05-28 15:15:00-04:00,735.2402954101562,735.2999877929688,734.9199829101562,735.1849975585938,480444,0.0,0.0,0.0
2026-05-28 15:20:00-04:00,735.1599731445312,735.4000244140625,735.030029296875,735.3790283203125,184905,0.0,0.0,0.0
2026-05-28 15:25:00-04:00,735.364990234375,735.719970703125,735.3099975585938,735.6500244140625,152586,0.0,0.0,0.0
2026-05-28 15:30:00-04:00,735.6500244140625,735.989990234375,735.5999755859375,735.77001953125,561647,0.0,0.0,0.0
2026-05-28 15:35:00-04:00,735.7899780273438,736.25,735.739990234375,736.219970703125,203752,0.0,0.0,0.0
2026-05-28 15:40:00-04:00,736.2100219726562,736.22998046875,735.719970703125,735.72998046875,236643,0.0,0.0,0.0
2026-05-28 15:45:00-04:00,735.72998046875,736.1898803710938,735.5900268554688,735.87451171875,456853,0.0,0.0,0.0
2026-05-28 15:50:00-04:00,735.8599853515625,735.8599853515625,735.0800170898438,735.4400024414062,809273,0.0,0.0,0.0
2026-05-28 15:55:00-04:00,735.4299926757812,735.8200073242188,735.2000122070312,735.5700073242188,1224834,0.0,0.0,0.0
2026-05-29 09:30:00-04:00,737.7100830078125,738.9000244140625,737.4299926757812,737.6599731445312,2312523,0.0,0.0,0.0
2026-05-29 09:35:00-04:00,737.6500244140625,739.2100219726562,737.52001953125,738.8900146484375,850445,0.0,0.0,0.0
2026-05-29 09:40:00-04:00,738.9749755859375,739.780029296875,738.8200073242188,739.780029296875,662470,0.0,0.0,0.0
2026-05-29 09:45:00-04:00,739.7899780273438,740.5,739.5800170898438,740.3800048828125,543938,0.0,0.0,0.0
2026-05-29 09:50:00-04:00,740.3699951171875,741.0599975585938,740.1599731445312,740.6950073242188,469699,0.0,0.0,0.0
2026-05-29 09:55:00-04:00,740.6500244140625,741.2199096679688,740.510009765625,741.1900024414062,475227,0.0,0.0,0.0
2026-05-29 10:00:00-04:00,741.1699829101562,741.6099853515625,740.72998046875,741.010009765625,729009,0.0,0.0,0.0
2026-05-29 10:05:00-04:00,741.0900268554688,741.2083129882812,740.1500244140625,740.1500244140625,490776,0.0,0.0,0.0
2026-05-29 10:10:00-04:00,740.1400146484375,740.8200073242188,739.4199829101562,739.75,790054,0.0,0.0,0.0
2026-05-29 10:15:00-04:00,739.7899780273438,739.8499755859375,738.219970703125,738.7100219726562,898172,0.0,0.0,0.0
2026-05-29 10:20:00-04:00,738.7000122070312,739.3900146484375,738.040771484375,738.040771484375,833348,0.0,0.0,0.0
2026-05-29 10:25:00-04:00,738.030029296875,738.5499877929688,737.0399780273438,738.5,863035,0.0,0.0,0.0
2026-05-29 10:30:00-04:00,738.489990234375,739.25,738.0800170898438,739.25,597362,0.0,0.0,0.0
2026-05-29 10:35:00-04:00,739.25,739.27001953125,737.1500244140625,737.1500244140625,563140,0.0,0.0,0.0
2026-05-29 10:40:00-04:00,737.1649780273438,737.530029296875,735.719970703125,735.8099975585938,971409,0.0,0.0,0.0
2026-05-29 10:45:00-04:00,735.8099975585938,736.510009765625,735.25,735.989990234375,1336210,0.0,0.0,0.0
2026-05-29 10:50:00-04:00,736.02001953125,738.280029296875,735.8900146484375,736.9400024414062,1089842,0.0,0.0,0.0
2026-05-29 10:55:00-04:00,736.9600219726562,738.1599731445312,736.9600219726562,737.4500122070312,451878,0.0,0.0,0.0
2026-05-29 11:00:00-04:00,737.4500122070312,737.8599853515625,737.02001953125,737.6240234375,237669,0.0,0.0,0.0
2026-05-29 11:05:00-04:00,737.6240234375,738.2999877929688,736.9149780273438,738.1900024414062,316702,0.0,0.0,0.0
2026-05-29 11:10:00-04:00,738.2050170898438,739.1199951171875,738.1099853515625,739.0599975585938,365790,0.0,0.0,0.0
2026-05-29 11:15:00-04:00,739.0549926757812,739.3499755859375,738.260009765625,738.3099975585938,336859,0.0,0.0,0.0
2026-05-29 11:20:00-04:00,738.2999877929688,738.5029907226562,737.405029296875,738.364990234375,265173,0.0,0.0,0.0
2026-05-29 11:25:00-04:00,738.344970703125,738.9099731445312,737.780029296875,738.3200073242188,253789,0.0,0.0,0.0
2026-05-29 11:30:00-04:00,738.3200073242188,738.8599853515625,738.2100219726562,738.4349975585938,210534,0.0,0.0,0.0
2026-05-29 11:35:00-04:00,738.4600219726562,738.8560791015625,738.0800170898438,738.6900024414062,198154,0.0,0.0,0.0
2026-05-29 11:40:00-04:00,738.6400146484375,738.7572021484375,737.5499877929688,737.8200073242188,288261,0.0,0.0,0.0
2026-05-29 11:45:00-04:00,737.8300170898438,738.0599975585938,737.2999877929688,737.9359130859375,209901,0.0,0.0,0.0
2026-05-29 11:50:00-04:00,737.9024047851562,738.2999877929688,737.5700073242188,737.9349975585938,162199,0.0,0.0,0.0
2026-05-29 11:55:00-04:00,737.9349975585938,738.0499877929688,737.3300170898438,737.469970703125,154542,0.0,0.0,0.0
2026-05-29 12:00:00-04:00,737.489990234375,738.6400146484375,737.4199829101562,738.5399780273438,237882,0.0,0.0,0.0
2026-05-29 12:05:00-04:00,738.5596923828125,739.3099975585938,738.344970703125,739.2901000976562,210462,0.0,0.0,0.0
2026-05-29 12:10:00-04:00,739.2999877929688,739.5380249023438,739.030029296875,739.2650146484375,273260,0.0,0.0,0.0
2026-05-29 12:15:00-04:00,739.27001953125,739.530029296875,738.6500244140625,738.739990234375,258067,0.0,0.0,0.0
2026-05-29 12:20:00-04:00,738.719970703125,739.4099731445312,738.6403198242188,739.0499877929688,202455,0.0,0.0,0.0
2026-05-29 12:25:00-04:00,739.0,739.02001953125,738.4185791015625,738.489990234375,193220,0.0,0.0,0.0
2026-05-29 12:30:00-04:00,738.4949951171875,739.1199951171875,738.0599975585938,738.9398803710938,304806,0.0,0.0,0.0
2026-05-29 12:35:00-04:00,738.9249877929688,739.5,738.7899780273438,739.364990234375,236340,0.0,0.0,0.0
2026-05-29 12:40:00-04:00,739.3900146484375,739.530029296875,738.8599853515625,738.9299926757812,135056,0.0,0.0,0.0
2026-05-29 12:45:00-04:00,738.9400024414062,739.0335083007812,738.5999755859375,738.760009765625,127876,0.0,0.0,0.0
2026-05-29 12:50:00-04:00,738.75,738.77001953125,738.0966186523438,738.3599853515625,149083,0.0,0.0,0.0
2026-05-29 12:55:00-04:00,738.3499755859375,738.4301147460938,737.8300170898438,738.3499755859375,119700,0.0,0.0,0.0
2026-05-29 13:00:00-04:00,738.3499755859375,738.655029296875,738.1400146484375,738.1851196289062,209664,0.0,0.0,0.0
2026-05-29 13:05:00-04:00,738.2249755859375,738.4299926757812,737.969970703125,738.25,95188,0.0,0.0,0.0
2026-05-29 13:10:00-04:00,738.260009765625,738.469970703125,737.9199829101562,738.1950073242188,292646,0.0,0.0,0.0
2026-05-29 13:15:00-04:00,738.2349853515625,738.3800048828125,737.969970703125,738.090576171875,108446,0.0,0.0,0.0
2026-05-29 13:20:00-04:00,738.0900268554688,738.1749877929688,737.3499755859375,737.8599853515625,357871,0.0,0.0,0.0
2026-05-29 13:25:00-04:00,737.8699951171875,737.9799194335938,737.3200073242188,737.6300048828125,162386,0.0,0.0,0.0
2026-05-29 13:30:00-04:00,737.6300048828125,737.719970703125,737.0999755859375,737.60009765625,221499,0.0,0.0,0.0
2026-05-29 13:35:00-04:00,737.6300048828125,737.8150024414062,737.3699951171875,737.5451049804688,82898,0.0,0.0,0.0
2026-05-29 13:40:00-04:00,737.52001953125,737.6599731445312,736.97998046875,737.135009765625,158459,0.0,0.0,0.0
2026-05-29 13:45:00-04:00,737.1300048828125,737.2650146484375,736.9099731445312,737.0999755859375,228758,0.0,0.0,0.0
2026-05-29 13:50:00-04:00,737.0700073242188,737.4299926757812,736.7000122070312,736.7249755859375,350326,0.0,0.0,0.0
2026-05-29 13:55:00-04:00,736.7100219726562,736.7100219726562,735.8800048828125,735.989990234375,284346,0.0,0.0,0.0
2026-05-29 14:00:00-04:00,736.0399780273438,736.72998046875,735.780029296875,736.719970703125,777693,0.0,0.0,0.0
2026-05-29 14:05:00-04:00,736.72998046875,737.239990234375,736.72998046875,737.2249755859375,255661,0.0,0.0,0.0
2026-05-29 14:10:00-04:00,737.22998046875,737.5499877929688,736.8099975585938,736.9600219726562,335598,0.0,0.0,0.0
2026-05-29 14:15:00-04:00,736.9949951171875,737.22998046875,736.6500244140625,737.2000122070312,214286,0.0,0.0,0.0
2026-05-29 14:20:00-04:00,737.2100219726562,737.52001953125,737.0399780273438,737.5095825195312,161262,0.0,0.0,0.0
2026-05-29 14:25:00-04:00,737.52001953125,738.010009765625,737.4099731445312,737.8699951171875,188024,0.0,0.0,0.0
2026-05-29 14:30:00-04:00,737.8599853515625,738.4099731445312,737.8599853515625,738.260009765625,219420,0.0,0.0,0.0
2026-05-29 14:35:00-04:00,738.25,738.280029296875,737.5599975585938,737.8200073242188,243897,0.0,0.0,0.0
2026-05-29 14:40:00-04:00,737.7999877929688,738.0599975585938,737.760009765625,738.0,139582,0.0,0.0,0.0
2026-05-29 14:45:00-04:00,737.9990844726562,737.9990844726562,736.780029296875,737.0900268554688,342406,0.0,0.0,0.0
2026-05-29 14:50:00-04:00,737.0692138671875,737.280029296875,736.489990234375,736.9849853515625,210334,0.0,0.0,0.0
2026-05-29 14:55:00-04:00,737.0,737.0399780273438,736.35498046875,736.5349731445312,344188,0.0,0.0,0.0
2026-05-29 15:00:00-04:00,736.52001953125,737.2000122070312,736.3099975585938,736.97998046875,210969,0.0,0.0,0.0
2026-05-29 15:05:00-04:00,737.02001953125,737.5800170898438,737.010009765625,737.4400024414062,221882,0.0,0.0,0.0
2026-05-29 15:10:00-04:00,737.4500122070312,737.5900268554688,737.3300170898438,737.489990234375,593613,0.0,0.0,0.0
2026-05-29 15:15:00-04:00,737.4600219726562,737.5800170898438,736.989990234375,737.3400268554688,350788,0.0,0.0,0.0
2026-05-29 15:20:00-04:00,737.3300170898438,737.6856079101562,737.2100219726562,737.547607421875,314336,0.0,0.0,0.0
2026-05-29 15:25:00-04:00,737.52001953125,737.9199829101562,737.239990234375,737.8599853515625,395615,0.0,0.0,0.0
2026-05-29 15:30:00-04:00,737.8699951171875,738.3699951171875,737.8699951171875,738.3699951171875,362078,0.0,0.0,0.0
2026-05-29 15:35:00-04:00,738.4099731445312,739.0700073242188,738.3499755859375,739.0,478248,0.0,0.0,0.0
2026-05-29 15:40:00-04:00,738.989990234375,739.2791748046875,738.8372802734375,739.02001953125,331278,0.0,0.0,0.0
2026-05-29 15:45:00-04:00,739.02001953125,739.280029296875,738.6019897460938,739.1300048828125,609225,0.0,0.0,0.0
2026-05-29 15:50:00-04:00,739.1599731445312,739.4199829101562,738.2899780273438,738.530029296875,1168058,0.0,0.0,0.0
2026-05-29 15:55:00-04:00,738.530029296875,738.9149780273438,738.2249755859375,738.2249755859375,1653898,0.0,0.0,0.0
2026-06-01 09:30:00-04:00,737.1300048828125,738.97998046875,736.2999877929688,738.0184936523438,3026766,0.0,0.0,0.0
2026-06-01 09:35:00-04:00,737.969970703125,740.0150146484375,737.8099975585938,739.4149780273438,869442,0.0,0.0,0.0
2026-06-01 09:40:00-04:00,739.4301147460938,739.719970703125,738.5999755859375,738.8300170898438,723050,0.0,0.0,0.0
2026-06-01 09:45:00-04:00,738.8200073242188,740.1300048828125,738.8200073242188,739.1799926757812,520933,0.0,0.0,0.0
2026-06-01 09:50:00-04:00,739.1801147460938,739.739990234375,737.9299926757812,737.9299926757812,509401,0.0,0.0,0.0
2026-06-01 09:55:00-04:00,737.9299926757812,738.0599975585938,736.25,736.4000244140625,485060,0.0,0.0,0.0
2026-06-01 10:00:00-04:00,736.3099975585938,737.0999755859375,735.989990234375,736.2999267578125,697421,0.0,0.0,0.0
2026-06-01 10:05:00-04:00,736.239990234375,738.1500244140625,736.1799926757812,737.9099731445312,536427,0.0,0.0,0.0
2026-06-01 10:10:00-04:00,737.9298706054688,738.0,737.0900268554688,737.4099731445312,344621,0.0,0.0,0.0
2026-06-01 10:15:00-04:00,737.3699951171875,738.5999755859375,737.0999755859375,737.739990234375,624166,0.0,0.0,0.0
2026-06-01 10:20:00-04:00,737.7000122070312,739.0800170898438,737.5900268554688,738.7000122070312,485836,0.0,0.0,0.0
2026-06-01 10:25:00-04:00,738.7100219726562,738.8187866210938,737.9500122070312,738.1300048828125,389929,0.0,0.0,0.0
2026-06-01 10:30:00-04:00,738.0999755859375,739.3200073242188,737.8200073242188,738.9450073242188,375442,0.0,0.0,0.0
2026-06-01 10:35:00-04:00,738.9400024414062,739.3300170898438,738.3599853515625,738.6900024414062,356582,0.0,0.0,0.0
2026-06-01 10:40:00-04:00,738.6719970703125,739.2999877929688,738.530029296875,739.0501098632812,343637,0.0,0.0,0.0
2026-06-01 10:45:00-04:00,739.114990234375,739.6599731445312,738.739990234375,739.3400268554688,340227,0.0,0.0,0.0
2026-06-01 10:50:00-04:00,739.3920288085938,739.72998046875,738.8900146484375,739.3499755859375,352931,0.0,0.0,0.0
2026-06-01 10:55:00-04:00,739.3400268554688,739.530029296875,738.9500122070312,739.469970703125,262075,0.0,0.0,0.0
2026-06-01 11:00:00-04:00,739.5,739.7150268554688,739.0900268554688,739.3499755859375,310709,0.0,0.0,0.0
2026-06-01 11:05:00-04:00,739.3599853515625,739.9500122070312,738.9299926757812,739.4710083007812,288934,0.0,0.0,0.0
2026-06-01 11:10:00-04:00,739.5,739.8900146484375,738.97021484375,739.6699829101562,439657,0.0,0.0,0.0
2026-06-01 11:15:00-04:00,739.739990234375,740.2899780273438,739.7249755859375,740.1099853515625,382398,0.0,0.0,0.0
2026-06-01 11:20:00-04:00,740.1390991210938,740.719970703125,740.1199951171875,740.4600219726562,377921,0.0,0.0,0.0
2026-06-01 11:25:00-04:00,740.4400024414062,740.719970703125,740.0999755859375,740.52001953125,344946,0.0,0.0,0.0
2026-06-01 11:30:00-04:00,740.510009765625,742.1300048828125,740.510009765625,741.8300170898438,920200,0.0,0.0,0.0
2026-06-01 11:35:00-04:00,741.8200073242188,742.280029296875,741.75,741.8900146484375,413137,0.0,0.0,0.0
2026-06-01 11:40:00-04:00,741.9149780273438,742.1599731445312,741.52001953125,741.9099731445312,293956,0.0,0.0,0.0
2026-06-01 11:45:00-04:00,741.9299926757812,741.97998046875,741.1815795898438,741.2050170898438,198840,0.0,0.0,0.0
2026-06-01 11:50:00-04:00,741.2000122070312,741.7147216796875,741.010009765625,741.6500244140625,280964,0.0,0.0,0.0
2026-06-01 11:55:00-04:00,741.6588134765625,741.6799926757812,740.9199829101562,741.0399780273438,217143,0.0,0.0,0.0
2026-06-01 12:00:00-04:00,741.010009765625,741.8099975585938,741.010009765625,741.3200073242188,228695,0.0,0.0,0.0
2026-06-01 12:05:00-04:00,741.3159790039062,741.3499755859375,740.9400024414062,741.0999755859375,131354,0.0,0.0,0.0
2026-06-01 12:10:00-04:00,741.0800170898438,741.1699829101562,740.2899780273438,740.614990234375,297685,0.0,0.0,0.0
2026-06-01 12:15:00-04:00,740.5700073242188,740.75,739.8400268554688,740.3300170898438,305881,0.0,0.0,0.0
2026-06-01 12:20:00-04:00,740.4400024414062,741.0662841796875,740.3200073242188,741.0,231134,0.0,0.0,0.0
2026-06-01 12:25:00-04:00,741.0,741.3099975585938,740.8400268554688,741.25,156651,0.0,0.0,0.0
2026-06-01 12:30:00-04:00,741.2999877929688,741.969970703125,741.2999877929688,741.7200927734375,288915,0.0,0.0,0.0
2026-06-01 12:35:00-04:00,741.719970703125,741.9600219726562,741.4400024414062,741.8499755859375,217070,0.0,0.0,0.0
2026-06-01 12:40:00-04:00,741.8699951171875,741.9299926757812,741.5399780273438,741.5399780273438,226470,0.0,0.0,0.0
2026-06-01 12:45:00-04:00,741.5499877929688,741.6199951171875,741.18701171875,741.5900268554688,123078,0.0,0.0,0.0
2026-06-01 12:50:00-04:00,741.5800170898438,742.7899780273438,741.5499877929688,742.7429809570312,357696,0.0,0.0,0.0
2026-06-01 12:55:00-04:00,742.7481079101562,743.02001953125,742.6298828125,742.9500122070312,301903,0.0,0.0,0.0
2026-06-01 13:00:00-04:00,742.9500122070312,743.0394897460938,742.1500244140625,742.1500244140625,229386,0.0,0.0,0.0
2026-06-01 13:05:00-04:00,742.1649780273438,742.4099731445312,741.8699951171875,741.9500122070312,172064,0.0,0.0,0.0
2026-06-01 13:10:00-04:00,741.97998046875,742.3900146484375,741.969970703125,742.2199096679688,111266,0.0,0.0,0.0
2026-06-01 13:15:00-04:00,742.2150268554688,742.4400024414062,741.9299926757812,742.0499267578125,124559,0.0,0.0,0.0
2026-06-01 13:20:00-04:00,742.0599975585938,742.5,741.9500122070312,742.3699951171875,198656,0.0,0.0,0.0
2026-06-01 13:25:00-04:00,742.3800048828125,743.47998046875,742.1599731445312,743.4099731445312,210903,0.0,0.0,0.0
2026-06-01 13:30:00-04:00,743.489990234375,743.8499755859375,742.6799926757812,742.8400268554688,404506,0.0,0.0,0.0
2026-06-01 13:35:00-04:00,742.8499755859375,743.489990234375,742.6699829101562,743.35009765625,182110,0.0,0.0,0.0
2026-06-01 13:40:00-04:00,743.35498046875,745.5399780273438,743.25,744.6400146484375,768090,0.0,0.0,0.0
2026-06-01 13:45:00-04:00,744.6599731445312,745.4099731445312,744.6400146484375,745.1400146484375,781416,0.0,0.0,0.0
2026-06-01 13:50:00-04:00,745.14990234375,745.6400146484375,745.0598754882812,745.5599975585938,735551,0.0,0.0,0.0
2026-06-01 13:55:00-04:00,745.5700073242188,745.5900268554688,744.9099731445312,745.0900268554688,386904,0.0,0.0,0.0
2026-06-01 14:00:00-04:00,745.09912109375,745.1799926757812,744.9500122070312,745.0150146484375,207929,0.0,0.0,0.0
2026-06-01 14:05:00-04:00,745.010009765625,745.0999755859375,744.6801147460938,744.8699951171875,254994,0.0,0.0,0.0
2026-06-01 14:10:00-04:00,744.8300170898438,744.9400024414062,744.1300048828125,744.22998046875,227467,0.0,0.0,0.0
2026-06-01 14:15:00-04:00,744.239990234375,744.5800170898438,744.0700073242188,744.530029296875,173024,0.0,0.0,0.0
2026-06-01 14:20:00-04:00,744.5349731445312,744.739990234375,744.4550170898438,744.530029296875,130203,0.0,0.0,0.0
2026-06-01 14:25:00-04:00,744.5449829101562,744.6300048828125,744.3300170898438,744.5399780273438,55544,0.0,0.0,0.0
2026-06-01 14:30:00-04:00,744.530029296875,744.6798706054688,744.2100219726562,744.625,158140,0.0,0.0,0.0
2026-06-01 14:35:00-04:00,744.625,744.7075805664062,744.2100219726562,744.280029296875,235675,0.0,0.0,0.0
2026-06-01 14:40:00-04:00,744.2999877929688,744.4500122070312,744.1611938476562,744.4299926757812,104714,0.0,0.0,0.0
2026-06-01 14:45:00-04:00,744.4299926757812,744.4400024414062,743.9119873046875,743.9749755859375,115343,0.0,0.0,0.0
2026-06-01 14:50:00-04:00,743.969970703125,744.1099853515625,743.77001953125,744.0499877929688,144588,0.0,0.0,0.0
2026-06-01 14:55:00-04:00,744.030029296875,744.4600219726562,743.9400024414062,743.969970703125,150525,0.0,0.0,0.0
2026-06-01 15:00:00-04:00,743.9500122070312,744.3699951171875,743.719970703125,744.3350219726562,286912,0.0,0.0,0.0
2026-06-01 15:05:00-04:00,744.330078125,744.3823852539062,743.9000244140625,744.280029296875,201799,0.0,0.0,0.0
2026-06-01 15:10:00-04:00,744.25,744.530029296875,744.0811767578125,744.1500244140625,174988,0.0,0.0,0.0
2026-06-01 15:15:00-04:00,744.1400146484375,744.1799926757812,743.8599853515625,743.9600219726562,245156,0.0,0.0,0.0
2026-06-01 15:20:00-04:00,743.9598999023438,744.0599975585938,743.8200073242188,743.9600219726562,1442734,0.0,0.0,0.0
2026-06-01 15:25:00-04:00,743.9749755859375,744.1599731445312,743.8499755859375,744.0,179011,0.0,0.0,0.0
2026-06-01 15:30:00-04:00,744.0,744.0020141601562,743.27001953125,743.2999877929688,305578,0.0,0.0,0.0
2026-06-01 15:35:00-04:00,743.3049926757812,743.4299926757812,743.030029296875,743.3800048828125,303250,0.0,0.0,0.0
2026-06-01 15:40:00-04:00,743.35498046875,743.3599853515625,743.0599975585938,743.1500244140625,339023,0.0,0.0,0.0
2026-06-01 15:45:00-04:00,743.1400146484375,743.2899780273438,742.739990234375,742.7849731445312,482394,0.0,0.0,0.0
2026-06-01 15:50:00-04:00,742.7999877929688,743.0700073242188,742.469970703125,742.6900024414062,1016623,0.0,0.0,0.0
2026-06-01 15:55:00-04:00,742.719970703125,742.77001953125,742.3400268554688,742.6900024414062,1125546,0.0,0.0,0.0
2026-06-02 09:30:00-04:00,742.4600219726562,742.6599731445312,740.3300170898438,740.5700073242188,1968001,0.0,0.0,0.0
2026-06-02 09:35:00-04:00,740.52001953125,740.8284912109375,739.9600219726562,740.2100830078125,875250,0.0,0.0,0.0
2026-06-02 09:40:00-04:00,740.239990234375,741.1799926757812,739.22998046875,741.155029296875,1277322,0.0,0.0,0.0
2026-06-02 09:45:00-04:00,741.1199951171875,742.3099975585938,741.02001953125,742.3099975585938,617740,0.0,0.0,0.0
2026-06-02 09:50:00-04:00,742.3099975585938,743.1199951171875,742.0800170898438,742.5250244140625,653024,0.0,0.0,0.0
2026-06-02 09:55:00-04:00,742.5250244140625,743.5999755859375,741.9199829101562,743.52001953125,499526,0.0,0.0,0.0
2026-06-02 10:00:00-04:00,743.5399780273438,743.7000122070312,742.7659912109375,743.619873046875,637699,0.0,0.0,0.0
2026-06-02 10:05:00-04:00,743.6400146484375,744.0645751953125,743.3400268554688,743.8200073242188,421108,0.0,0.0,0.0
2026-06-02 10:10:00-04:00,743.8200073242188,744.6599731445312,743.4299926757812,744.3200073242188,539035,0.0,0.0,0.0
2026-06-02 10:15:00-04:00,744.3499755859375,744.3599853515625,743.5700073242188,744.1199951171875,461270,0.0,0.0,0.0
2026-06-02 10:20:00-04:00,744.1300048828125,744.4000854492188,742.8300170898438,742.9710083007812,412781,0.0,0.0,0.0
2026-06-02 10:25:00-04:00,742.9500122070312,743.219970703125,741.989990234375,742.5447998046875,569261,0.0,0.0,0.0
2026-06-02 10:30:00-04:00,742.530029296875,743.6699829101562,742.4400024414062,743.4199829101562,548832,0.0,0.0,0.0
2026-06-02 10:35:00-04:00,743.4000854492188,743.8200073242188,743.2000122070312,743.655029296875,293975,0.0,0.0,0.0
2026-06-02 10:40:00-04:00,743.6110229492188,744.0999755859375,742.989990234375,744.0800170898438,246066,0.0,0.0,0.0
2026-06-02 10:45:00-04:00,744.0999145507812,744.0999145507812,743.5499877929688,743.9199829101562,474898,0.0,0.0,0.0
2026-06-02 10:50:00-04:00,743.9600219726562,744.3400268554688,743.7598876953125,744.2000122070312,230151,0.0,0.0,0.0
2026-06-02 10:55:00-04:00,744.219970703125,744.5700073242188,744.0399780273438,744.5399780273438,460637,0.0,0.0,0.0
2026-06-02 11:00:00-04:00,744.5499877929688,744.7100219726562,743.9299926757812,744.14990234375,321262,0.0,0.0,0.0
2026-06-02 11:05:00-04:00,744.1099853515625,744.8900146484375,743.7899780273438,744.8200073242188,282664,0.0,0.0,0.0
2026-06-02 11:10:00-04:00,744.8300170898438,745.1099853515625,744.469970703125,745.10498046875,271300,0.0,0.0,0.0
2026-06-02 11:15:00-04:00,745.1199951171875,745.280029296875,745.0,745.2100219726562,391579,0.0,0.0,0.0
2026-06-02 11:20:00-04:00,745.1699829101562,745.3699951171875,745.0,745.2100219726562,683448,0.0,0.0,0.0
2026-06-02 11:25:00-04:00,745.1950073242188,745.3400268554688,744.7899780273438,745.0999755859375,201875,0.0,0.0,0.0
2026-06-02 11:30:00-04:00,745.0701293945312,745.2999877929688,744.7401123046875,745.260009765625,178065,0.0,0.0,0.0
2026-06-02 11:35:00-04:00,745.260009765625,745.5800170898438,745.1920166015625,745.3900146484375,226821,0.0,0.0,0.0
2026-06-02 11:40:00-04:00,745.3900146484375,745.52001953125,745.0900268554688,745.1400146484375,262165,0.0,0.0,0.0
2026-06-02 11:45:00-04:00,745.1599731445312,745.469970703125,744.9299926757812,745.1500244140625,208744,0.0,0.0,0.0
2026-06-02 11:50:00-04:00,745.1699829101562,745.6900024414062,745.0,745.5900268554688,354704,0.0,0.0,0.0
2026-06-02 11:55:00-04:00,745.6190795898438,745.8900146484375,745.5,745.7000122070312,258441,0.0,0.0,0.0
2026-06-02 12:00:00-04:00,745.6900024414062,745.7999877929688,745.1799926757812,745.3499755859375,169291,0.0,0.0,0.0
2026-06-02 12:05:00-04:00,745.364990234375,746.219970703125,745.364990234375,745.9801025390625,275294,0.0,0.0,0.0
2026-06-02 12:10:00-04:00,746.0050048828125,746.1199951171875,745.7899780273438,745.9299926757812,130177,0.0,0.0,0.0
2026-06-02 12:15:00-04:00,745.9600219726562,745.9600219726562,745.1901245117188,745.3099975585938,172460,0.0,0.0,0.0
2026-06-02 12:20:00-04:00,745.3099975585938,745.4400024414062,744.760498046875,745.2736206054688,184116,0.0,0.0,0.0
2026-06-02 12:25:00-04:00,745.2750244140625,745.2999877929688,744.864990234375,744.9500122070312,125130,0.0,0.0,0.0
2026-06-02 12:30:00-04:00,744.9608764648438,745.3400268554688,744.8499755859375,744.9299926757812,181666,0.0,0.0,0.0
2026-06-02 12:35:00-04:00,744.9450073242188,744.9600219726562,744.52001953125,744.6677856445312,144469,0.0,0.0,0.0
2026-06-02 12:40:00-04:00,744.659912109375,744.919921875,744.659912109375,744.6950073242188,246240,0.0,0.0,0.0
2026-06-02 12:45:00-04:00,744.6699829101562,745.3300170898438,744.5599975585938,745.2999877929688,220090,0.0,0.0,0.0
2026-06-02 12:50:00-04:00,745.3200073242188,745.6500244140625,745.3200073242188,745.4500122070312,546210,0.0,0.0,0.0
2026-06-02 12:55:00-04:00,745.4450073242188,745.7999877929688,745.3200073242188,745.7562866210938,330861,0.0,0.0,0.0
2026-06-02 13:00:00-04:00,745.72998046875,746.02001953125,745.3900146484375,745.9099731445312,200009,0.0,0.0,0.0
2026-06-02 13:05:00-04:00,745.905029296875,745.989990234375,745.5850219726562,745.760009765625,180768,0.0,0.0,0.0
2026-06-02 13:10:00-04:00,745.780029296875,745.9099731445312,745.60498046875,745.8201293945312,113365,0.0,0.0,0.0
2026-06-02 13:15:00-04:00,745.8300170898438,745.8300170898438,744.781982421875,744.8049926757812,215814,0.0,0.0,0.0
2026-06-02 13:20:00-04:00,744.7999877929688,745.0999755859375,744.489990234375,744.6300048828125,285394,0.0,0.0,0.0
2026-06-02 13:25:00-04:00,744.5999755859375,744.6799926757812,744.3099975585938,744.5549926757812,176340,0.0,0.0,0.0
2026-06-02 13:30:00-04:00,744.5599975585938,744.7000122070312,744.1699829101562,744.1849975585938,193467,0.0,0.0,0.0
2026-06-02 13:35:00-04:00,744.173095703125,744.239990234375,743.7349853515625,743.8300170898438,282583,0.0,0.0,0.0
2026-06-02 13:40:00-04:00,743.8300170898438,744.489990234375,743.7999877929688,744.3800048828125,281218,0.0,0.0,0.0
2026-06-02 13:45:00-04:00,744.3800048828125,744.7000122070312,744.2520141601562,744.6300048828125,199418,0.0,0.0,0.0
2026-06-02 13:50:00-04:00,744.6099853515625,744.7150268554688,744.3206176757812,744.5250244140625,182612,0.0,0.0,0.0
2026-06-02 13:55:00-04:00,744.52001953125,744.52001953125,744.1400146484375,744.2000122070312,148131,0.0,0.0,0.0
2026-06-02 14:00:00-04:00,744.2000122070312,744.27001953125,743.905029296875,744.0399780273438,114461,0.0,0.0,0.0
2026-06-02 14:05:00-04:00,744.0399780273438,744.6898803710938,744.0399780273438,744.6300048828125,179994,0.0,0.0,0.0
2026-06-02 14:10:00-04:00,744.5800170898438,745.0700073242188,744.5800170898438,744.6950073242188,168385,0.0,0.0,0.0
2026-06-02 14:15:00-04:00,744.6799926757812,744.6799926757812,744.3200073242188,744.3400268554688,130140,0.0,0.0,0.0
2026-06-02 14:20:00-04:00,744.3699951171875,744.510009765625,744.260009765625,744.385009765625,110772,0.0,0.0,0.0
2026-06-02 14:25:00-04:00,744.385009765625,744.614990234375,744.3200073242188,744.47998046875,111347,0.0,0.0,0.0
2026-06-02 14:30:00-04:00,744.47998046875,744.8499755859375,744.4600219726562,744.531982421875,215712,0.0,0.0,0.0
2026-06-02 14:35:00-04:00,744.4400024414062,744.4598999023438,743.75,743.7650146484375,187091,0.0,0.0,0.0
2026-06-02 14:40:00-04:00,743.75,744.0599975585938,743.5,743.97998046875,552587,0.0,0.0,0.0
2026-06-02 14:45:00-04:00,743.9299926757812,744.3300170898438,743.8798828125,744.25,195881,0.0,0.0,0.0
2026-06-02 14:50:00-04:00,744.25,744.3400268554688,743.9099731445312,744.14501953125,175680,0.0,0.0,0.0
2026-06-02 14:55:00-04:00,744.1400146484375,744.530029296875,744.0,744.4691772460938,128469,0.0,0.0,0.0
2026-06-02 15:00:00-04:00,744.47998046875,745.1749877929688,744.469970703125,745.1749877929688,413840,0.0,0.0,0.0
2026-06-02 15:05:00-04:00,745.1500244140625,745.25,744.8800048828125,745.14501953125,160133,0.0,0.0,0.0
2026-06-02 15:10:00-04:00,745.1400146484375,745.510009765625,745.135009765625,745.27001953125,182764,0.0,0.0,0.0
2026-06-02 15:15:00-04:00,745.3400268554688,745.4099731445312,745.0120239257812,745.2249755859375,160974,0.0,0.0,0.0
2026-06-02 15:20:00-04:00,745.219970703125,745.5999755859375,745.1699829101562,745.52001953125,214643,0.0,0.0,0.0
2026-06-02 15:25:00-04:00,745.4949951171875,745.5599975585938,745.010009765625,745.030029296875,262611,0.0,0.0,0.0
2026-06-02 15:30:00-04:00,745.030029296875,745.4299926757812,744.989990234375,745.3300170898438,336680,0.0,0.0,0.0
2026-06-02 15:35:00-04:00,745.3300170898438,745.52001953125,745.22998046875,745.2432861328125,348976,0.0,0.0,0.0
2026-06-02 15:40:00-04:00,745.22998046875,745.5900268554688,745.130126953125,745.4899291992188,287145,0.0,0.0,0.0
2026-06-02 15:45:00-04:00,745.47998046875,746.0650024414062,745.4000244140625,746.0,677974,0.0,0.0,0.0
2026-06-02 15:50:00-04:00,746.0,746.27001953125,745.7000122070312,745.9600219726562,751355,0.0,0.0,0.0
2026-06-02 15:55:00-04:00,745.9299926757812,746.4400024414062,745.7899780273438,746.1400146484375,1684815,0.0,0.0,0.0
2026-06-03 09:30:00-04:00,747.344970703125,748.6300048828125,746.3400268554688,746.4249877929688,2805247,0.0,0.0,0.0
2026-06-03 09:35:00-04:00,746.3900146484375,746.9199829101562,745.2000122070312,746.85498046875,1020354,0.0,0.0,0.0
2026-06-03 09:40:00-04:00,746.8400268554688,746.9298706054688,744.0999755859375,744.2000122070312,758024,0.0,0.0,0.0
2026-06-03 09:45:00-04:00,744.1199951171875,744.6799926757812,741.27001953125,741.6950073242188,1577262,0.0,0.0,0.0
2026-06-03 09:50:00-04:00,741.6799926757812,744.2100219726562,741.02001953125,742.9000244140625,1395590,0.0,0.0,0.0
2026-06-03 09:55:00-04:00,742.905029296875,743.5499877929688,742.2000122070312,742.6500244140625,710294,0.0,0.0,0.0
2026-06-03 10:00:00-04:00,742.6500244140625,744.6500244140625,742.3699951171875,744.0900268554688,965521,0.0,0.0,0.0
2026-06-03 10:05:00-04:00,744.1749877929688,744.8099975585938,743.5399780273438,744.4899291992188,632892,0.0,0.0,0.0
2026-06-03 10:10:00-04:00,744.469970703125,745.7100219726562,744.3599853515625,745.7100219726562,869707,0.0,0.0,0.0
2026-06-03 10:15:00-04:00,745.719970703125,746.1699829101562,745.27001953125,745.4299926757812,906061,0.0,0.0,0.0
2026-06-03 10:20:00-04:00,745.4998779296875,746.2100219726562,745.1099853515625,745.4500122070312,664499,0.0,0.0,0.0
2026-06-03 10:25:00-04:00,745.4329833984375,746.594970703125,745.1599731445312,746.5499877929688,452836,0.0,0.0,0.0
2026-06-03 10:30:00-04:00,746.5499877929688,746.6699829101562,745.9299926757812,746.1500244140625,533176,0.0,0.0,0.0
2026-06-03 10:35:00-04:00,746.1699829101562,746.4299926757812,745.219970703125,746.27001953125,671943,0.0,0.0,0.0
2026-06-03 10:40:00-04:00,746.3099975585938,746.9500122070312,745.9400024414062,746.010009765625,412040,0.0,0.0,0.0
2026-06-03 10:45:00-04:00,746.02001953125,746.530029296875,745.3800048828125,745.5349731445312,362567,0.0,0.0,0.0
2026-06-03 10:50:00-04:00,745.489990234375,745.989990234375,744.9500122070312,745.635009765625,329472,0.0,0.0,0.0
2026-06-03 10:55:00-04:00,745.6300048828125,745.6900024414062,744.6799926757812,745.1900024414062,394512,0.0,0.0,0.0
2026-06-03 11:00:00-04:00,745.2050170898438,746.1500244140625,745.1400146484375,745.8599853515625,363676,0.0,0.0,0.0
2026-06-03 11:05:00-04:00,745.8300170898438,745.9199829101562,745.3499755859375,745.60498046875,190659,0.0,0.0,0.0
2026-06-03 11:10:00-04:00,745.6199951171875,746.3699951171875,745.5700073242188,745.8300170898438,194575,0.0,0.0,0.0
2026-06-03 11:15:00-04:00,745.8300170898438,745.9299926757812,745.260009765625,745.489990234375,154630,0.0,0.0,0.0
2026-06-03 11:20:00-04:00,745.52001953125,745.8150024414062,744.1799926757812,744.4400024414062,408569,0.0,0.0,0.0
2026-06-03 11:25:00-04:00,744.4099731445312,745.2899780273438,743.9400024414062,745.219970703125,445841,0.0,0.0,0.0
2026-06-03 11:30:00-04:00,745.1900024414062,745.7999877929688,744.3499755859375,744.5349731445312,270188,0.0,0.0,0.0
2026-06-03 11:35:00-04:00,744.530029296875,745.1390991210938,743.9500122070312,744.1199951171875,246775,0.0,0.0,0.0
2026-06-03 11:40:00-04:00,744.1199951171875,744.22998046875,743.5499877929688,743.6300048828125,303748,0.0,0.0,0.0
2026-06-03 11:45:00-04:00,743.5999755859375,743.8800048828125,742.7725219726562,743.6599731445312,599038,0.0,0.0,0.0
2026-06-03 11:50:00-04:00,743.6500244140625,744.3150024414062,743.3699951171875,743.8150024414062,388375,0.0,0.0,0.0
2026-06-03 11:55:00-04:00,743.7999877929688,744.1400146484375,743.469970703125,743.6699829101562,232479,0.0,0.0,0.0
2026-06-03 12:00:00-04:00,743.7000122070312,744.0850219726562,743.0601196289062,743.5999755859375,271466,0.0,0.0,0.0
2026-06-03 12:05:00-04:00,743.6400146484375,743.8699951171875,743.0999755859375,743.3900146484375,165212,0.0,0.0,0.0
2026-06-03 12:10:00-04:00,743.4000244140625,744.1390991210938,743.3400268554688,743.8599853515625,156583,0.0,0.0,0.0
2026-06-03 12:15:00-04:00,743.8132934570312,743.8192749023438,742.7249755859375,743.3300170898438,316115,0.0,0.0,0.0
2026-06-03 12:20:00-04:00,743.3200073242188,743.5,742.27001953125,742.2999877929688,237077,0.0,0.0,0.0
2026-06-03 12:25:00-04:00,742.280029296875,742.5,741.8800048828125,742.4199829101562,529948,0.0,0.0,0.0
2026-06-03 12:30:00-04:00,742.3200073242188,743.0469970703125,742.280029296875,742.6900024414062,270050,0.0,0.0,0.0
2026-06-03 12:35:00-04:00,742.64501953125,742.64501953125,741.8800048828125,741.9920043945312,233569,0.0,0.0,0.0
2026-06-03 12:40:00-04:00,741.989990234375,742.27001953125,741.27001953125,741.6119995117188,461540,0.0,0.0,0.0
2026-06-03 12:45:00-04:00,742.0599975585938,743.0195922851562,742.0490112304688,742.7999877929688,206429,0.0,0.0,0.0
2026-06-03 12:50:00-04:00,743.0100708007812,743.2449951171875,742.6199951171875,742.969970703125,311185,0.0,0.0,0.0
2026-06-03 12:55:00-04:00,742.72998046875,743.739990234375,742.6599731445312,743.739990234375,196311,0.0,0.0,0.0
2026-06-03 13:00:00-04:00,743.77001953125,743.780029296875,742.7899780273438,742.8150024414062,171260,0.0,0.0,0.0
2026-06-03 13:05:00-04:00,742.7999877929688,743.4600219726562,742.2349853515625,743.0449829101562,260024,0.0,0.0,0.0
2026-06-03 13:10:00-04:00,743.0560302734375,743.1799926757812,741.969970703125,742.1528930664062,204295,0.0,0.0,0.0
2026-06-03 13:15:00-04:00,742.1900024414062,742.3526000976562,741.6002197265625,741.89990234375,168591,0.0,0.0,0.0
2026-06-03 13:20:00-04:00,741.89501953125,742.6345825195312,741.6832275390625,742.6013793945312,242446,0.0,0.0,0.0
2026-06-03 13:25:00-04:00,742.7000732421875,742.9683837890625,742.4299926757812,742.9210205078125,99503,0.0,0.0,0.0
2026-06-03 13:30:00-04:00,742.9199829101562,743.0800170898438,742.219970703125,742.989990234375,297822,0.0,0.0,0.0
2026-06-03 13:35:00-04:00,743.1900024414062,743.6599731445312,743.1799926757812,743.35498046875,209182,0.0,0.0,0.0
2026-06-03 13:40:00-04:00,743.3300170898438,743.9149780273438,743.1400146484375,743.9000244140625,190050,0.0,0.0,0.0
2026-06-03 13:45:00-04:00,743.9199829101562,744.1400146484375,743.7100219726562,744.010009765625,264597,0.0,0.0,0.0
2026-06-03 13:50:00-04:00,744.0499877929688,744.469970703125,743.9000244140625,744.469970703125,188135,0.0,0.0,0.0
2026-06-03 13:55:00-04:00,744.4600830078125,744.7100219726562,744.3800048828125,744.5900268554688,262006,0.0,0.0,0.0
2026-06-03 14:00:00-04:00,744.6370239257812,744.8599853515625,744.405029296875,744.8099975585938,194822,0.0,0.0,0.0
2026-06-03 14:05:00-04:00,744.7899780273438,744.7999877929688,744.3599853515625,744.4949951171875,148211,0.0,0.0,0.0
2026-06-03 14:10:00-04:00,744.4719848632812,744.6480102539062,743.8599853515625,744.135009765625,867710,0.0,0.0,0.0
2026-06-03 14:15:00-04:00,744.1599731445312,744.47998046875,743.760009765625,744.47998046875,403790,0.0,0.0,0.0
2026-06-03 14:20:00-04:00,744.4749755859375,744.97998046875,743.9500122070312,744.969970703125,229793,0.0,0.0,0.0
2026-06-03 14:25:00-04:00,744.989990234375,745.469970703125,744.8900146484375,745.4099731445312,242762,0.0,0.0,0.0
2026-06-03 14:30:00-04:00,745.4099731445312,745.52001953125,745.0419921875,745.0419921875,198327,0.0,0.0,0.0
2026-06-03 14:35:00-04:00,745.0449829101562,745.0800170898438,744.469970703125,744.6400146484375,567339,0.0,0.0,0.0
2026-06-03 14:40:00-04:00,744.6500244140625,744.8800048828125,744.3900146484375,744.7899780273438,992102,0.0,0.0,0.0
2026-06-03 14:45:00-04:00,744.8099975585938,745.1699829101562,744.739990234375,744.7449951171875,175477,0.0,0.0,0.0
2026-06-03 14:50:00-04:00,744.760009765625,745.0499267578125,744.5499877929688,744.8300170898438,109470,0.0,0.0,0.0
2026-06-03 14:55:00-04:00,744.8150024414062,744.9099731445312,744.4100952148438,744.780029296875,248198,0.0,0.0,0.0
2026-06-03 15:00:00-04:00,744.7999877929688,744.7999877929688,743.9600219726562,744.3900146484375,251310,0.0,0.0,0.0
2026-06-03 15:05:00-04:00,744.3699951171875,744.9600219726562,744.3499755859375,744.47998046875,131536,0.0,0.0,0.0
2026-06-03 15:10:00-04:00,744.52001953125,744.622314453125,743.9000244140625,744.4149780273438,229654,0.0,0.0,0.0
2026-06-03 15:15:00-04:00,744.4099731445312,744.97998046875,744.0999755859375,744.530029296875,485146,0.0,0.0,0.0
2026-06-03 15:20:00-04:00,744.489990234375,744.5900268554688,743.8499755859375,744.0,217606,0.0,0.0,0.0
2026-06-03 15:25:00-04:00,744.0900268554688,744.4149780273438,743.7705078125,744.3599853515625,579684,0.0,0.0,0.0
2026-06-03 15:30:00-04:00,744.344970703125,744.7000122070312,744.1699829101562,744.669921875,206675,0.0,0.0,0.0
2026-06-03 15:35:00-04:00,744.7000122070312,745.5,744.5501098632812,745.330078125,635956,0.0,0.0,0.0
2026-06-03 15:40:00-04:00,745.3300170898438,745.6950073242188,745.1942138671875,745.50830078125,342501,0.0,0.0,0.0
2026-06-03 15:45:00-04:00,745.489990234375,745.7550048828125,745.260009765625,745.5499877929688,450067,0.0,0.0,0.0
2026-06-03 15:50:00-04:00,745.5800170898438,745.7000122070312,744.5800170898438,744.635009765625,846187,0.0,0.0,0.0
2026-06-03 15:55:00-04:00,744.6099853515625,745.1199951171875,743.9400024414062,744.2542114257812,2508584,0.0,0.0,0.0
2026-06-04 09:30:00-04:00,735.489990234375,737.5599975585938,734.0700073242188,737.3099975585938,4642433,0.0,0.0,0.0
2026-06-04 09:35:00-04:00,737.3200073242188,737.7999877929688,736.4000244140625,737.0599975585938,901818,0.0,0.0,0.0
2026-06-04 09:40:00-04:00,737.0700073242188,737.280029296875,734.3400268554688,734.4600219726562,1164182,0.0,0.0,0.0
2026-06-04 09:45:00-04:00,734.469970703125,735.8499755859375,733.5599975585938,734.9500122070312,1154152,0.0,0.0,0.0
2026-06-04 09:50:00-04:00,735.0,736.6099853515625,734.3599853515625,734.969970703125,782569,0.0,0.0,0.0
2026-06-04 09:55:00-04:00,734.9249877929688,736.510009765625,734.6115112304688,735.0,744817,0.0,0.0,0.0
2026-06-04 10:00:00-04:00,735.0,735.510009765625,733.6900024414062,733.72998046875,729189,0.0,0.0,0.0
2026-06-04 10:05:00-04:00,733.7349853515625,733.9600219726562,732.6300048828125,733.4400024414062,1012314,0.0,0.0,0.0
2026-06-04 10:10:00-04:00,733.4099731445312,735.75,733.3300170898438,735.6900024414062,757089,0.0,0.0,0.0
2026-06-04 10:15:00-04:00,735.6701049804688,736.3200073242188,735.3300170898438,735.3300170898438,482827,0.0,0.0,0.0
2026-06-04 10:20:00-04:00,735.4299926757812,736.760009765625,735.02001953125,736.760009765625,328961,0.0,0.0,0.0
2026-06-04 10:25:00-04:00,736.719970703125,737.3499755859375,736.4000244140625,737.1900024414062,380183,0.0,0.0,0.0
2026-06-04 10:30:00-04:00,737.1500244140625,737.3200073242188,736.1599731445312,736.8250122070312,531682,0.0,0.0,0.0
2026-06-04 10:35:00-04:00,736.7999877929688,736.97998046875,736.02001953125,736.47998046875,333147,0.0,0.0,0.0
2026-06-04 10:40:00-04:00,736.47998046875,737.0900268554688,736.130126953125,736.1799926757812,295780,0.0,0.0,0.0
2026-06-04 10:45:00-04:00,736.1599731445312,736.9771728515625,735.98876953125,736.530029296875,349219,0.0,0.0,0.0
2026-06-04 10:50:00-04:00,736.5499877929688,736.9000244140625,736.1300048828125,736.6699829101562,281904,0.0,0.0,0.0
2026-06-04 10:55:00-04:00,736.5900268554688,737.5800170898438,736.5900268554688,737.5200805664062,235711,0.0,0.0,0.0
2026-06-04 11:00:00-04:00,737.5700073242188,738.1599731445312,737.5399780273438,737.8400268554688,328304,0.0,0.0,0.0
2026-06-04 11:05:00-04:00,737.8499755859375,739.489990234375,737.844970703125,739.3300170898438,548720,0.0,0.0,0.0
2026-06-04 11:10:00-04:00,739.3599853515625,739.9000244140625,739.0399780273438,739.8300170898438,536922,0.0,0.0,0.0
2026-06-04 11:15:00-04:00,739.8499755859375,740.27001953125,739.6500244140625,740.1099853515625,461293,0.0,0.0,0.0
2026-06-04 11:20:00-04:00,740.1024780273438,740.219970703125,739.3599853515625,740.0599975585938,414328,0.0,0.0,0.0
2026-06-04 11:25:00-04:00,740.0,740.0900268554688,739.52001953125,739.6104736328125,160317,0.0,0.0,0.0
2026-06-04 11:30:00-04:00,739.6300048828125,739.739990234375,739.260009765625,739.5449829101562,193744,0.0,0.0,0.0
2026-06-04 11:35:00-04:00,739.5800170898438,739.780029296875,739.2100219726562,739.6500244140625,432521,0.0,0.0,0.0
2026-06-04 11:40:00-04:00,739.6900024414062,739.760009765625,738.8900146484375,739.0599975585938,310063,0.0,0.0,0.0
2026-06-04 11:45:00-04:00,739.1099853515625,739.1400146484375,737.7899780273438,737.9426879882812,289086,0.0,0.0,0.0
2026-06-04 11:50:00-04:00,737.9299926757812,738.8300170898438,737.719970703125,738.6099853515625,420563,0.0,0.0,0.0
2026-06-04 11:55:00-04:00,738.5800170898438,739.135009765625,738.260009765625,738.9400024414062,219700,0.0,0.0,0.0
2026-06-04 12:00:00-04:00,738.9600219726562,739.3400268554688,738.5,739.1699829101562,308710,0.0,0.0,0.0
2026-06-04 12:05:00-04:00,739.1699829101562,739.8400268554688,738.9600219726562,739.6386108398438,347549,0.0,0.0,0.0
2026-06-04 12:10:00-04:00,739.6300048828125,739.8800048828125,739.4000244140625,739.6500244140625,161958,0.0,0.0,0.0
2026-06-04 12:15:00-04:00,739.6099853515625,740.2000122070312,739.6013793945312,740.02001953125,195840,0.0,0.0,0.0
2026-06-04 12:20:00-04:00,740.0,740.6749877929688,739.8800048828125,740.5900268554688,206528,0.0,0.0,0.0
2026-06-04 12:25:00-04:00,740.5900268554688,740.6500244140625,740.2100219726562,740.5499877929688,140745,0.0,0.0,0.0
2026-06-04 12:30:00-04:00,740.5549926757812,740.5700073242188,739.5401000976562,739.780029296875,355709,0.0,0.0,0.0
2026-06-04 12:35:00-04:00,739.8499755859375,740.47998046875,739.6799926757812,740.3499755859375,275198,0.0,0.0,0.0
2026-06-04 12:40:00-04:00,740.3499755859375,740.7963256835938,740.1400756835938,740.6300048828125,272083,0.0,0.0,0.0
2026-06-04 12:45:00-04:00,740.6400146484375,740.7000122070312,740.2200927734375,740.3800048828125,248463,0.0,0.0,0.0
2026-06-04 12:50:00-04:00,740.4000244140625,740.8800048828125,740.4000244140625,740.6699829101562,168204,0.0,0.0,0.0
2026-06-04 12:55:00-04:00,740.6599731445312,740.8200073242188,740.5,740.52001953125,190531,0.0,0.0,0.0
2026-06-04 13:00:00-04:00,740.52001953125,740.6900024414062,740.239990234375,740.4199829101562,239103,0.0,0.0,0.0
2026-06-04 13:05:00-04:00,740.4199829101562,740.9400024414062,740.1799926757812,740.9299926757812,231251,0.0,0.0,0.0
2026-06-04 13:10:00-04:00,740.9199829101562,741.0700073242188,740.6400146484375,740.8900146484375,263906,0.0,0.0,0.0
2026-06-04 13:15:00-04:00,740.8906860351562,740.9500122070312,740.4400024414062,740.7750244140625,242853,0.0,0.0,0.0
2026-06-04 13:20:00-04:00,740.760009765625,740.9199829101562,740.47998046875,740.85498046875,116259,0.0,0.0,0.0
2026-06-04 13:25:00-04:00,740.8599853515625,741.4500122070312,740.844970703125,741.3900146484375,233667,0.0,0.0,0.0
2026-06-04 13:30:00-04:00,741.385009765625,742.02001953125,741.3099975585938,741.7899780273438,402529,0.0,0.0,0.0
2026-06-04 13:35:00-04:00,741.77001953125,741.9129028320312,741.4099731445312,741.4199829101562,234959,0.0,0.0,0.0
2026-06-04 13:40:00-04:00,741.4099731445312,742.0,741.3499755859375,741.9949951171875,155509,0.0,0.0,0.0
2026-06-04 13:45:00-04:00,742.02001953125,742.1199951171875,741.6900024414062,742.1199951171875,183519,0.0,0.0,0.0
2026-06-04 13:50:00-04:00,742.10498046875,742.3900146484375,742.0200805664062,742.22998046875,215229,0.0,0.0,0.0
2026-06-04 13:55:00-04:00,742.219970703125,742.5700073242188,742.10498046875,742.5,155220,0.0,0.0,0.0
2026-06-04 14:00:00-04:00,742.4949951171875,742.989990234375,742.405029296875,742.969970703125,359001,0.0,0.0,0.0
2026-06-04 14:05:00-04:00,742.9600219726562,743.3300170898438,742.9600219726562,743.1699829101562,372219,0.0,0.0,0.0
2026-06-04 14:10:00-04:00,743.1799926757812,743.4299926757812,742.9826049804688,743.2999877929688,243696,0.0,0.0,0.0
2026-06-04 14:15:00-04:00,743.280029296875,743.3499755859375,742.8499755859375,743.27001953125,337878,0.0,0.0,0.0
2026-06-04 14:20:00-04:00,743.2650146484375,743.3389892578125,742.9099731445312,742.97998046875,333066,0.0,0.0,0.0
2026-06-04 14:25:00-04:00,742.9998779296875,743.3800048828125,742.9600219726562,743.1599731445312,193082,0.0,0.0,0.0
2026-06-04 14:30:00-04:00,743.135009765625,743.25,742.5499877929688,742.9299926757812,271390,0.0,0.0,0.0
2026-06-04 14:35:00-04:00,742.969970703125,743.0,742.530029296875,742.739990234375,589844,0.0,0.0,0.0
2026-06-04 14:40:00-04:00,742.719970703125,742.8599853515625,742.4199829101562,742.7799072265625,332091,0.0,0.0,0.0
2026-06-04 14:45:00-04:00,742.77099609375,743.1649780273438,742.5900268554688,743.1599731445312,186607,0.0,0.0,0.0
2026-06-04 14:50:00-04:00,743.1599731445312,743.2550048828125,742.9299926757812,742.9859008789062,98057,0.0,0.0,0.0
2026-06-04 14:55:00-04:00,742.969970703125,743.010009765625,742.219970703125,742.402099609375,315836,0.0,0.0,0.0
2026-06-04 15:00:00-04:00,742.4400024414062,742.77978515625,742.3300170898438,742.7349853515625,181654,0.0,0.0,0.0
2026-06-04 15:05:00-04:00,742.7000122070312,743.1699829101562,742.6799926757812,742.7100219726562,467383,0.0,0.0,0.0
2026-06-04 15:10:00-04:00,742.7100830078125,742.7999877929688,742.1007080078125,742.3200073242188,311999,0.0,0.0,0.0
2026-06-04 15:15:00-04:00,742.3200073242188,742.3599853515625,741.7449951171875,741.8499755859375,521758,0.0,0.0,0.0
2026-06-04 15:20:00-04:00,741.8402099609375,742.697509765625,741.8400268554688,742.6400146484375,280780,0.0,0.0,0.0
2026-06-04 15:25:00-04:00,742.659912109375,743.3099975585938,742.580078125,743.281494140625,358232,0.0,0.0,0.0
2026-06-04 15:30:00-04:00,743.2750244140625,743.498779296875,742.9000244140625,743.0999755859375,352712,0.0,0.0,0.0
2026-06-04 15:35:00-04:00,743.125,743.3400268554688,742.8765258789062,743.0999755859375,255228,0.0,0.0,0.0
2026-06-04 15:40:00-04:00,743.1300048828125,743.1500244140625,742.1099853515625,742.1649780273438,360189,0.0,0.0,0.0
2026-06-04 15:45:00-04:00,742.1400146484375,744.2100219726562,741.594970703125,741.8800048828125,559964,0.0,0.0,0.0
2026-06-04 15:50:00-04:00,741.8300170898438,742.239990234375,741.219970703125,741.4099731445312,918370,0.0,0.0,0.0
2026-06-04 15:55:00-04:00,741.3400268554688,741.3400268554688,740.3900146484375,740.5,3237511,0.0,0.0,0.0
2026-06-05 09:30:00-04:00,729.926025390625,731.6799926757812,729.1300048828125,730.280029296875,4385237,0.0,0.0,0.0
2026-06-05 09:35:00-04:00,730.280029296875,730.3400268554688,728.4099731445312,729.2899780273438,1184737,0.0,0.0,0.0
2026-06-05 09:40:00-04:00,729.3099975585938,729.4000244140625,727.4500122070312,727.5,1178758,0.0,0.0,0.0
2026-06-05 09:45:00-04:00,727.510009765625,728.030029296875,725.5399780273438,725.7000122070312,1403425,0.0,0.0,0.0
2026-06-05 09:50:00-04:00,725.6900024414062,726.875,725.4400024414062,726.6300048828125,1710750,0.0,0.0,0.0
2026-06-05 09:55:00-04:00,726.6900024414062,726.72998046875,723.6539916992188,723.7000122070312,1511532,0.0,0.0,0.0
2026-06-05 10:00:00-04:00,723.739990234375,725.0900268554688,723.3400268554688,724.0399780273438,1330724,0.0,0.0,0.0
2026-06-05 10:05:00-04:00,724.0,725.8400268554688,723.47998046875,725.6699829101562,1303042,0.0,0.0,0.0
2026-06-05 10:10:00-04:00,725.7100219726562,726.1300048828125,724.4199829101562,726.1300048828125,1080022,0.0,0.0,0.0
2026-06-05 10:15:00-04:00,726.1400146484375,727.8400268554688,726.0499877929688,727.7700805664062,1013171,0.0,0.0,0.0
2026-06-05 10:20:00-04:00,727.8300170898438,727.8300170898438,725.9199829101562,726.1199951171875,609000,0.0,0.0,0.0
2026-06-05 10:25:00-04:00,726.0800170898438,726.1699829101562,724.4201049804688,724.9598999023438,537284,0.0,0.0,0.0
2026-06-05 10:30:00-04:00,724.9550170898438,726.8099975585938,724.739990234375,726.7680053710938,594588,0.0,0.0,0.0
2026-06-05 10:35:00-04:00,726.75,727.47998046875,726.260009765625,726.3800048828125,1078418,0.0,0.0,0.0
2026-06-05 10:40:00-04:00,726.4199829101562,726.5198974609375,724.969970703125,725.4400024414062,492712,0.0,0.0,0.0
2026-06-05 10:45:00-04:00,725.4044189453125,726.1099853515625,724.530029296875,725.010009765625,462679,0.0,0.0,0.0
2026-06-05 10:50:00-04:00,724.9949951171875,725.719970703125,724.780029296875,725.219970703125,515237,0.0,0.0,0.0
2026-06-05 10:55:00-04:00,725.219970703125,726.1199951171875,724.8001098632812,725.6602172851562,465667,0.0,0.0,0.0
2026-06-05 11:00:00-04:00,725.6799926757812,726.0399780273438,724.1500244140625,724.7139892578125,618779,0.0,0.0,0.0
2026-06-05 11:05:00-04:00,724.7000122070312,724.909912109375,723.5499877929688,723.8599853515625,606173,0.0,0.0,0.0
2026-06-05 11:10:00-04:00,723.7496948242188,724.280029296875,722.580078125,722.580078125,727400,0.0,0.0,0.0
2026-06-05 11:15:00-04:00,722.5900268554688,723.3800048828125,722.469970703125,723.27001953125,733461,0.0,0.0,0.0
2026-06-05 11:20:00-04:00,723.2100219726562,723.47998046875,721.760009765625,722.155029296875,1091438,0.0,0.0,0.0
2026-06-05 11:25:00-04:00,722.1599731445312,722.6300048828125,721.9650268554688,722.3181762695312,564648,0.0,0.0,0.0
2026-06-05 11:30:00-04:00,722.22021484375,722.8499755859375,721.6300048828125,721.6699829101562,586557,0.0,0.0,0.0
2026-06-05 11:35:00-04:00,721.6699829101562,722.010009765625,720.3599853515625,720.5650024414062,814585,0.0,0.0,0.0
2026-06-05 11:40:00-04:00,720.5449829101562,721.1900024414062,719.8599853515625,720.5800170898438,763344,0.0,0.0,0.0
2026-06-05 11:45:00-04:00,720.5549926757812,721.469970703125,720.1901245117188,720.6699829101562,470803,0.0,0.0,0.0
2026-06-05 11:50:00-04:00,720.64501953125,721.3300170898438,720.5250244140625,721.1950073242188,601977,0.0,0.0,0.0
2026-06-05 11:55:00-04:00,721.2150268554688,721.3300170898438,720.5800170898438,720.989990234375,407378,0.0,0.0,0.0
2026-06-05 12:00:00-04:00,720.9401245117188,720.97998046875,719.760009765625,719.94921875,613076,0.0,0.0,0.0
2026-06-05 12:05:00-04:00,719.9000244140625,719.9099731445312,718.75,718.9400024414062,1074306,0.0,0.0,0.0
2026-06-05 12:10:00-04:00,718.9299926757812,719.9199829101562,718.6199951171875,719.3300170898438,639779,0.0,0.0,0.0
2026-06-05 12:15:00-04:00,719.2899780273438,719.3198852539062,717.9500122070312,718.1099853515625,1153184,0.0,0.0,0.0
2026-06-05 12:20:00-04:00,718.1099853515625,719.02001953125,717.9149780273438,718.719970703125,558818,0.0,0.0,0.0
2026-06-05 12:25:00-04:00,718.6909790039062,719.2000122070312,718.030029296875,718.0798950195312,537239,0.0,0.0,0.0
2026-06-05 12:30:00-04:00,718.0750122070312,718.2100219726562,716.6900024414062,717.1849975585938,2518042,0.0,0.0,0.0
2026-06-05 12:35:00-04:00,717.22998046875,717.489990234375,716.3200073242188,716.75,689069,0.0,0.0,0.0
2026-06-05 12:40:00-04:00,716.739990234375,717.010009765625,715.0,715.385009765625,1310155,0.0,0.0,0.0
2026-06-05 12:45:00-04:00,715.3599853515625,715.7000122070312,714.1950073242188,715.6599731445312,1501745,0.0,0.0,0.0
2026-06-05 12:50:00-04:00,715.6599731445312,717.2000122070312,714.9500122070312,717.1599731445312,1358559,0.0,0.0,0.0
2026-06-05 12:55:00-04:00,717.1199951171875,717.1500244140625,715.9808959960938,716.8099975585938,794957,0.0,0.0,0.0
2026-06-05 13:00:00-04:00,716.8200073242188,716.8300170898438,715.1199951171875,715.8699951171875,807170,0.0,0.0,0.0
2026-06-05 13:05:00-04:00,715.719970703125,715.8400268554688,714.6849975585938,715.1300048828125,824556,0.0,0.0,0.0
2026-06-05 13:10:00-04:00,715.1099853515625,715.2901000976562,714.0599975585938,714.8350219726562,884126,0.0,0.0,0.0
2026-06-05 13:15:00-04:00,714.780029296875,714.9299926757812,713.77001953125,714.530029296875,503335,0.0,0.0,0.0
2026-06-05 13:20:00-04:00,714.5999755859375,715.7999877929688,713.7000122070312,715.6400146484375,1005492,0.0,0.0,0.0
2026-06-05 13:25:00-04:00,715.5999755859375,715.7100219726562,714.6400146484375,715.6500244140625,523422,0.0,0.0,0.0
2026-06-05 13:30:00-04:00,715.6199951171875,716.0800170898438,714.9600219726562,716.0599975585938,766669,0.0,0.0,0.0
2026-06-05 13:35:00-04:00,716.0999755859375,716.8699951171875,716.0499877929688,716.7899780273438,663172,0.0,0.0,0.0
2026-06-05 13:40:00-04:00,716.7899780273438,717.2100219726562,714.77001953125,715.0899047851562,1054692,0.0,0.0,0.0
2026-06-05 13:45:00-04:00,715.0701293945312,715.8200073242188,714.8507080078125,715.3099975585938,302177,0.0,0.0,0.0
2026-06-05 13:50:00-04:00,715.3150024414062,715.8400268554688,715.1950073242188,715.7839965820312,289346,0.0,0.0,0.0
2026-06-05 13:55:00-04:00,715.7951049804688,716.4600219726562,715.5,716.3900146484375,495807,0.0,0.0,0.0
2026-06-05 14:00:00-04:00,716.4000244140625,716.52001953125,714.52001953125,714.5599975585938,799248,0.0,0.0,0.0
2026-06-05 14:05:00-04:00,714.5599975585938,714.9400024414062,714.1799926757812,714.197998046875,588880,0.0,0.0,0.0
2026-06-05 14:10:00-04:00,714.18701171875,714.52001953125,712.4600219726562,712.6199951171875,970553,0.0,0.0,0.0
2026-06-05 14:15:00-04:00,712.6199951171875,712.6599731445312,711.3400268554688,711.4600219726562,1302444,0.0,0.0,0.0
2026-06-05 14:20:00-04:00,711.4849853515625,712.030029296875,711.2999877929688,711.4600219726562,859678,0.0,0.0,0.0
2026-06-05 14:25:00-04:00,711.4450073242188,711.489990234375,710.3099975585938,710.8099975585938,1836532,0.0,0.0,0.0
2026-06-05 14:30:00-04:00,710.8300170898438,711.1400146484375,710.0,710.0999755859375,916397,0.0,0.0,0.0
2026-06-05 14:35:00-04:00,710.1599731445312,710.5,709.4349975585938,709.9600219726562,1521604,0.0,0.0,0.0
2026-06-05 14:40:00-04:00,709.97998046875,710.0800170898438,708.5499877929688,709.2999877929688,1471939,0.0,0.0,0.0
2026-06-05 14:45:00-04:00,709.3099975585938,709.3200073242188,707.2999877929688,708.760009765625,1547044,0.0,0.0,0.0
2026-06-05 14:50:00-04:00,708.780029296875,709.1599731445312,707.6599731445312,708.6599731445312,1189135,0.0,0.0,0.0
2026-06-05 14:55:00-04:00,708.6500854492188,710.2000122070312,708.2100219726562,709.6400146484375,2135906,0.0,0.0,0.0
2026-06-05 15:00:00-04:00,709.6300048828125,710.1099853515625,708.4000244140625,709.9000244140625,1231362,0.0,0.0,0.0
2026-06-05 15:05:00-04:00,709.8599853515625,709.9199829101562,707.3400268554688,707.9299926757812,1480106,0.0,0.0,0.0
2026-06-05 15:10:00-04:00,707.9600219726562,708.0999755859375,706.0900268554688,706.6400756835938,1380091,0.0,0.0,0.0
2026-06-05 15:15:00-04:00,706.5599975585938,706.5599975585938,704.3200073242188,705.3099975585938,1746694,0.0,0.0,0.0
2026-06-05 15:20:00-04:00,705.3099975585938,706.4099731445312,704.760009765625,706.3900146484375,1178118,0.0,0.0,0.0
2026-06-05 15:25:00-04:00,706.4199829101562,708.780029296875,706.3699951171875,708.72998046875,1146163,0.0,0.0,0.0
2026-06-05 15:30:00-04:00,708.72998046875,708.7999877929688,706.6799926757812,707.7349853515625,1097691,0.0,0.0,0.0
2026-06-05 15:35:00-04:00,707.719970703125,708.8200073242188,707.3200073242188,708.6300048828125,3129133,0.0,0.0,0.0
2026-06-05 15:40:00-04:00,708.6300048828125,708.719970703125,706.239990234375,707.3900146484375,1523922,0.0,0.0,0.0
2026-06-05 15:45:00-04:00,707.3499145507812,709.030029296875,707.0700073242188,708.5700073242188,1505361,0.0,0.0,0.0
2026-06-05 15:50:00-04:00,708.5700073242188,709.739990234375,707.8099975585938,708.1400146484375,2916359,0.0,0.0,0.0
2026-06-05 15:55:00-04:00,708.1199951171875,708.1199951171875,705.0499877929688,705.2100219726562,6027323,0.0,0.0,0.0
2026-06-08 09:30:00-04:00,717.8099975585938,719.2100219726562,715.0999755859375,715.1204223632812,6062388,0.0,0.0,0.0
2026-06-08 09:35:00-04:00,715.1599731445312,717.135009765625,714.6799926757812,715.3900146484375,1305235,0.0,0.0,0.0
2026-06-08 09:40:00-04:00,715.4199829101562,718.5499877929688,715.3499755859375,717.5399780273438,957640,0.0,0.0,0.0
2026-06-08 09:45:00-04:00,717.5599975585938,718.52001953125,715.8599853515625,716.6599731445312,860969,0.0,0.0,0.0
2026-06-08 09:50:00-04:00,716.614990234375,718.3699951171875,715.6259765625,717.2249755859375,636983,0.0,0.0,0.0
2026-06-08 09:55:00-04:00,717.2000122070312,717.280029296875,713.3800048828125,713.5399780273438,870989,0.0,0.0,0.0
2026-06-08 10:00:00-04:00,713.510009765625,715.47998046875,713.0999755859375,713.77001953125,879653,0.0,0.0,0.0
2026-06-08 10:05:00-04:00,713.8099975585938,716.2999267578125,713.510009765625,716.0700073242188,621234,0.0,0.0,0.0
2026-06-08 10:10:00-04:00,716.02001953125,716.4500122070312,715.0899047851562,715.7000122070312,646881,0.0,0.0,0.0
2026-06-08 10:15:00-04:00,715.72998046875,715.75,714.1199951171875,715.1082763671875,528960,0.0,0.0,0.0
2026-06-08 10:20:00-04:00,715.030029296875,716.6599731445312,714.4000244140625,716.280029296875,489042,0.0,0.0,0.0
2026-06-08 10:25:00-04:00,716.260009765625,717.89697265625,716.0700073242188,717.5599975585938,461695,0.0,0.0,0.0
2026-06-08 10:30:00-04:00,717.47998046875,718.3699951171875,717.25,718.281005859375,592594,0.0,0.0,0.0
2026-06-08 10:35:00-04:00,718.3099975585938,719.6400146484375,718.0482788085938,719.2485961914062,686099,0.0,0.0,0.0
2026-06-08 10:40:00-04:00,719.239990234375,719.6199951171875,717.8400268554688,718.3300170898438,495779,0.0,0.0,0.0
2026-06-08 10:45:00-04:00,718.3599853515625,720.75,718.3599853515625,719.8099975585938,777303,0.0,0.0,0.0
2026-06-08 10:50:00-04:00,719.8200073242188,721.02001953125,719.5999755859375,720.52001953125,455586,0.0,0.0,0.0
2026-06-08 10:55:00-04:00,720.5399780273438,721.52001953125,719.8599853515625,721.4299926757812,494365,0.0,0.0,0.0
2026-06-08 11:00:00-04:00,721.4400024414062,722.1300048828125,721.1799926757812,721.8099975585938,1885532,0.0,0.0,0.0
2026-06-08 11:05:00-04:00,721.8499755859375,722.6199951171875,721.75,722.6099853515625,542794,0.0,0.0,0.0
2026-06-08 11:10:00-04:00,722.635009765625,722.8200073242188,722.27001953125,722.3599853515625,480261,0.0,0.0,0.0
2026-06-08 11:15:00-04:00,722.4099731445312,722.969970703125,722.0800170898438,722.792724609375,462541,0.0,0.0,0.0
2026-06-08 11:20:00-04:00,722.7999877929688,723.027587890625,721.7520141601562,722.5900268554688,499325,0.0,0.0,0.0
2026-06-08 11:25:00-04:00,722.5700073242188,722.5900268554688,720.1400146484375,720.2520141601562,450091,0.0,0.0,0.0
2026-06-08 11:30:00-04:00,720.299072265625,720.469970703125,718.5800170898438,718.9404907226562,760805,0.0,0.0,0.0
2026-06-08 11:35:00-04:00,718.97998046875,721.0798950195312,718.8499755859375,720.9022216796875,649096,0.0,0.0,0.0
2026-06-08 11:40:00-04:00,720.9099731445312,721.6199951171875,720.4749755859375,721.6099853515625,366283,0.0,0.0,0.0
2026-06-08 11:45:00-04:00,721.60498046875,722.27001953125,720.6500244140625,720.75,484719,0.0,0.0,0.0
2026-06-08 11:50:00-04:00,720.760009765625,721.8099975585938,720.72998046875,720.9199829101562,239236,0.0,0.0,0.0
2026-06-08 11:55:00-04:00,720.9099731445312,720.9149780273438,719.469970703125,719.8203735351562,289565,0.0,0.0,0.0
2026-06-08 12:00:00-04:00,719.8699951171875,720.8099975585938,719.1099853515625,720.3800048828125,411389,0.0,0.0,0.0
2026-06-08 12:05:00-04:00,720.4099731445312,720.7598876953125,719.75,719.9849853515625,186728,0.0,0.0,0.0
2026-06-08 12:10:00-04:00,719.9099731445312,720.8300170898438,719.489990234375,720.4500122070312,210808,0.0,0.0,0.0
2026-06-08 12:15:00-04:00,720.52001953125,721.5,720.4299926757812,721.5,233355,0.0,0.0,0.0
2026-06-08 12:20:00-04:00,721.489990234375,721.8200073242188,720.219970703125,720.4299926757812,278876,0.0,0.0,0.0
2026-06-08 12:25:00-04:00,720.4450073242188,720.989990234375,719.1599731445312,719.27001953125,181171,0.0,0.0,0.0
2026-06-08 12:30:00-04:00,719.27001953125,720.0,718.97998046875,719.0499877929688,307196,0.0,0.0,0.0
2026-06-08 12:35:00-04:00,719.0435791015625,719.7100219726562,718.52001953125,718.6699829101562,291062,0.0,0.0,0.0
2026-06-08 12:40:00-04:00,718.6699829101562,719.4849853515625,718.47998046875,719.280029296875,321287,0.0,0.0,0.0
2026-06-08 12:45:00-04:00,719.2750244140625,720.3499145507812,719.1199951171875,719.75,246913,0.0,0.0,0.0
2026-06-08 12:50:00-04:00,719.8300170898438,720.0599975585938,719.405029296875,719.719970703125,175594,0.0,0.0,0.0
2026-06-08 12:55:00-04:00,719.72998046875,719.8496704101562,719.0399780273438,719.0999755859375,176283,0.0,0.0,0.0
2026-06-08 13:00:00-04:00,719.125,719.1749877929688,717.010009765625,717.5800170898438,466526,0.0,0.0,0.0
2026-06-08 13:05:00-04:00,717.5800170898438,718.5299072265625,717.3800048828125,717.7999877929688,331125,0.0,0.0,0.0
2026-06-08 13:10:00-04:00,717.7750244140625,717.9400024414062,716.8400268554688,717.8900756835938,345301,0.0,0.0,0.0
2026-06-08 13:15:00-04:00,717.8800048828125,718.27001953125,716.7999877929688,717.3300170898438,332217,0.0,0.0,0.0
2026-06-08 13:20:00-04:00,717.2999877929688,718.0,717.0,717.5800170898438,269090,0.0,0.0,0.0
2026-06-08 13:25:00-04:00,717.52001953125,719.72998046875,717.4400024414062,719.6798706054688,321999,0.0,0.0,0.0
2026-06-08 13:30:00-04:00,719.5900268554688,720.1400146484375,718.3099975585938,719.1140747070312,444585,0.0,0.0,0.0
2026-06-08 13:35:00-04:00,719.0750122070312,719.25,717.8701171875,718.6300048828125,233673,0.0,0.0,0.0
2026-06-08 13:40:00-04:00,718.7098999023438,718.77001953125,717.4199829101562,717.4620971679688,250712,0.0,0.0,0.0
2026-06-08 13:45:00-04:00,717.498779296875,718.9199829101562,717.489990234375,718.9149780273438,377262,0.0,0.0,0.0
2026-06-08 13:50:00-04:00,718.8900146484375,719.5499877929688,718.5499877929688,719.25,360142,0.0,0.0,0.0
2026-06-08 13:55:00-04:00,719.219970703125,719.3300170898438,718.3099975585938,718.5700073242188,297226,0.0,0.0,0.0
2026-06-08 14:00:00-04:00,718.6199951171875,719.4600219726562,718.6199951171875,719.0599975585938,209253,0.0,0.0,0.0
2026-06-08 14:05:00-04:00,719.0700073242188,719.8599853515625,719.0230102539062,719.4600830078125,216859,0.0,0.0,0.0
2026-06-08 14:10:00-04:00,719.5198974609375,719.8099975585938,718.5100708007812,718.72998046875,389896,0.0,0.0,0.0
2026-06-08 14:15:00-04:00,718.760009765625,719.4000244140625,718.7000122070312,719.0800170898438,143358,0.0,0.0,0.0
2026-06-08 14:20:00-04:00,719.0900268554688,719.380126953125,718.6099853515625,719.1699829101562,488164,0.0,0.0,0.0
2026-06-08 14:25:00-04:00,719.1699829101562,719.5399780273438,718.9349975585938,719.340087890625,523224,0.0,0.0,0.0
2026-06-08 14:30:00-04:00,719.35009765625,720.0050048828125,719.3499755859375,719.4299926757812,266436,0.0,0.0,0.0
2026-06-08 14:35:00-04:00,719.4299926757812,719.8400268554688,718.2901000976562,718.4099731445312,250702,0.0,0.0,0.0
2026-06-08 14:40:00-04:00,718.3900146484375,718.625,717.8699951171875,717.9500122070312,992264,0.0,0.0,0.0
2026-06-08 14:45:00-04:00,717.9401245117188,718.9000244140625,717.9299926757812,718.385009765625,249070,0.0,0.0,0.0
2026-06-08 14:50:00-04:00,718.3699951171875,718.7999877929688,718.2000122070312,718.60498046875,117357,0.0,0.0,0.0
2026-06-08 14:55:00-04:00,718.6199951171875,718.8250122070312,718.0900268554688,718.219970703125,334499,0.0,0.0,0.0
2026-06-08 15:00:00-04:00,718.2349853515625,718.3399047851562,717.4804077148438,717.919921875,323027,0.0,0.0,0.0
2026-06-08 15:05:00-04:00,717.8800048828125,718.280029296875,716.7000732421875,716.7000732421875,425291,0.0,0.0,0.0
2026-06-08 15:10:00-04:00,716.6859741210938,716.7050170898438,715.4199829101562,715.4340209960938,572972,0.0,0.0,0.0
2026-06-08 15:15:00-04:00,715.4765014648438,715.8200073242188,715.0599975585938,715.3798828125,646970,0.0,0.0,0.0
2026-06-08 15:20:00-04:00,715.3300170898438,716.02001953125,714.4600219726562,714.5250244140625,538642,0.0,0.0,0.0
2026-06-08 15:25:00-04:00,714.5120239257812,715.659912109375,714.22998046875,715.6500244140625,844936,0.0,0.0,0.0
2026-06-08 15:30:00-04:00,715.6649780273438,717.0599975585938,715.510009765625,716.1300048828125,487717,0.0,0.0,0.0
2026-06-08 15:35:00-04:00,716.1599731445312,716.6300048828125,715.4849853515625,715.9398803710938,338288,0.0,0.0,0.0
2026-06-08 15:40:00-04:00,715.8400268554688,716.2150268554688,715.280029296875,715.6300048828125,358773,0.0,0.0,0.0
2026-06-08 15:45:00-04:00,715.6300048828125,716.3756103515625,715.3699951171875,715.4500122070312,834007,0.0,0.0,0.0
2026-06-08 15:50:00-04:00,715.469970703125,716.530029296875,715.2100219726562,716.010009765625,960857,0.0,0.0,0.0
2026-06-08 15:55:00-04:00,716.0399780273438,716.3699951171875,715.622314453125,716.0999755859375,1521268,0.0,0.0,0.0
2026-06-09 09:30:00-04:00,722.969970703125,723.0399780273438,720.5,720.8314208984375,2896515,0.0,0.0,0.0
2026-06-09 09:35:00-04:00,721.0,722.8599853515625,720.8400268554688,721.760009765625,730172,0.0,0.0,0.0
2026-06-09 09:40:00-04:00,721.8099975585938,723.7899780273438,721.14501953125,723.7000732421875,830715,0.0,0.0,0.0
2026-06-09 09:45:00-04:00,723.72998046875,725.6599731445312,723.6300048828125,725.5900268554688,874710,0.0,0.0,0.0
2026-06-09 09:50:00-04:00,725.6199951171875,725.6500244140625,722.7999877929688,722.9000244140625,646379,0.0,0.0,0.0
2026-06-09 09:55:00-04:00,722.9099731445312,723.239990234375,721.3300170898438,721.5050048828125,896116,0.0,0.0,0.0
2026-06-09 10:00:00-04:00,721.469970703125,722.4000244140625,720.3800048828125,721.2899780273438,990111,0.0,0.0,0.0
2026-06-09 10:05:00-04:00,721.280029296875,722.1699829101562,720.3400268554688,720.5,637445,0.0,0.0,0.0
2026-06-09 10:10:00-04:00,720.47998046875,720.489990234375,716.9400024414062,717.1099853515625,1165036,0.0,0.0,0.0
2026-06-09 10:15:00-04:00,717.02001953125,717.5999755859375,714.0800170898438,715.1099853515625,1533706,0.0,0.0,0.0
2026-06-09 10:20:00-04:00,715.0999755859375,717.469970703125,714.010009765625,717.3945922851562,1329059,0.0,0.0,0.0
2026-06-09 10:25:00-04:00,717.3800048828125,717.9199829101562,715.5349731445312,715.9500122070312,859424,0.0,0.0,0.0
2026-06-09 10:30:00-04:00,715.9299926757812,716.3798828125,714.4450073242188,715.760009765625,717933,0.0,0.0,0.0
2026-06-09 10:35:00-04:00,715.780029296875,716.969970703125,714.7899780273438,715.7999877929688,605714,0.0,0.0,0.0
2026-06-09 10:40:00-04:00,715.8099975585938,716.5,711.760009765625,712.125,923232,0.0,0.0,0.0
2026-06-09 10:45:00-04:00,712.1799926757812,712.75,707.510009765625,707.9349975585938,1827237,0.0,0.0,0.0
2026-06-09 10:50:00-04:00,707.8499755859375,710.0700073242188,707.1599731445312,710.0399780273438,1559382,0.0,0.0,0.0
2026-06-09 10:55:00-04:00,710.0399780273438,711.0,708.4000244140625,710.9401245117188,863099,0.0,0.0,0.0
2026-06-09 11:00:00-04:00,710.989990234375,711.3400268554688,709.4500122070312,709.6799926757812,649911,0.0,0.0,0.0
2026-06-09 11:05:00-04:00,709.5999755859375,711.75,708.6199951171875,711.6409912109375,793617,0.0,0.0,0.0
2026-06-09 11:10:00-04:00,711.6900024414062,712.4299926757812,710.1300048828125,711.0399780273438,599041,0.0,0.0,0.0
2026-06-09 11:15:00-04:00,711.0299072265625,711.2993774414062,709.030029296875,709.1599731445312,436228,0.0,0.0,0.0
2026-06-09 11:20:00-04:00,709.0700073242188,709.8200073242188,705.52001953125,705.5899047851562,999718,0.0,0.0,0.0
2026-06-09 11:25:00-04:00,705.5599975585938,705.9299926757812,701.5,701.72998046875,1769340,0.0,0.0,0.0
2026-06-09 11:30:00-04:00,701.760009765625,702.9400024414062,700.9901123046875,701.5999755859375,1947740,0.0,0.0,0.0
2026-06-09 11:35:00-04:00,701.5700073242188,702.385009765625,700.6099853515625,702.0701293945312,1505632,0.0,0.0,0.0
2026-06-09 11:40:00-04:00,702.0700073242188,703.7899780273438,701.802001953125,702.7999877929688,1315701,0.0,0.0,0.0
2026-06-09 11:45:00-04:00,702.8099975585938,703.4749755859375,702.4199829101562,703.2899780273438,887733,0.0,0.0,0.0
2026-06-09 11:50:00-04:00,703.260009765625,704.405029296875,701.4500122070312,701.5299072265625,961563,0.0,0.0,0.0
2026-06-09 11:55:00-04:00,701.5,701.8099975585938,697.4000244140625,697.7100219726562,1635588,0.0,0.0,0.0
2026-06-09 12:00:00-04:00,697.75,699.9299926757812,697.6599731445312,698.3201293945312,1203914,0.0,0.0,0.0
2026-06-09 12:05:00-04:00,698.3300170898438,698.4600219726562,694.7700805664062,695.5800170898438,1507201,0.0,0.0,0.0
2026-06-09 12:10:00-04:00,695.5598754882812,697.0399780273438,694.9299926757812,695.9249877929688,1364572,0.0,0.0,0.0
2026-06-09 12:15:00-04:00,695.8800048828125,696.02001953125,691.3099975585938,691.719970703125,1803523,0.0,0.0,0.0
2026-06-09 12:20:00-04:00,691.6699829101562,693.97998046875,690.6400146484375,693.9099731445312,1864203,0.0,0.0,0.0
2026-06-09 12:25:00-04:00,693.8900146484375,694.9384765625,691.8800048828125,693.5750122070312,1265187,0.0,0.0,0.0
2026-06-09 12:30:00-04:00,693.5,694.7199096679688,691.6500244140625,692.6699829101562,1552295,0.0,0.0,0.0
2026-06-09 12:35:00-04:00,692.6599731445312,694.260009765625,686.9000244140625,687.3099975585938,2347469,0.0,0.0,0.0
2026-06-09 12:40:00-04:00,687.3400268554688,690.3900146484375,686.3699951171875,689.9500122070312,2183235,0.0,0.0,0.0
2026-06-09 12:45:00-04:00,689.8900146484375,691.3900146484375,688.530029296875,689.8599853515625,1491699,0.0,0.0,0.0
2026-06-09 12:50:00-04:00,689.77001953125,690.1799926757812,687.7100219726562,687.7899780273438,1467177,0.0,0.0,0.0
2026-06-09 12:55:00-04:00,687.77001953125,692.6599731445312,687.6074829101562,692.5650024414062,1308581,0.0,0.0,0.0
2026-06-09 13:00:00-04:00,692.5499877929688,696.4299926757812,692.219970703125,696.0,1556617,0.0,0.0,0.0
2026-06-09 13:05:00-04:00,696.0399780273438,696.5,694.4299926757812,695.6962280273438,1171801,0.0,0.0,0.0
2026-06-09 13:10:00-04:00,695.6400146484375,697.22998046875,694.2100219726562,696.6699829101562,1127312,0.0,0.0,0.0
2026-06-09 13:15:00-04:00,696.64501953125,698.6199951171875,695.6099853515625,698.47998046875,1163318,0.0,0.0,0.0
2026-06-09 13:20:00-04:00,698.469970703125,700.0,697.22998046875,698.5401000976562,1321961,0.0,0.0,0.0
2026-06-09 13:25:00-04:00,698.4400024414062,699.780029296875,697.6199951171875,698.9550170898438,995897,0.0,0.0,0.0
2026-06-09 13:30:00-04:00,698.9299926757812,700.419921875,698.0399780273438,700.3499755859375,822680,0.0,0.0,0.0
2026-06-09 13:35:00-04:00,700.3499755859375,701.489990234375,699.3150024414062,700.8400268554688,847146,0.0,0.0,0.0
2026-06-09 13:40:00-04:00,700.8599853515625,703.3599853515625,700.4600219726562,701.909912109375,921503,0.0,0.0,0.0
2026-06-09 13:45:00-04:00,701.9163818359375,702.3499755859375,698.22998046875,698.6998901367188,1165106,0.0,0.0,0.0
2026-06-09 13:50:00-04:00,698.6699829101562,701.5700073242188,698.6400146484375,700.510009765625,812415,0.0,0.0,0.0
2026-06-09 13:55:00-04:00,700.5,701.8900146484375,700.3499755859375,700.97998046875,508233,0.0,0.0,0.0
2026-06-09 14:00:00-04:00,701.0900268554688,701.8784790039062,699.9199829101562,700.7315063476562,511741,0.0,0.0,0.0
2026-06-09 14:05:00-04:00,700.6799926757812,702.4099731445312,700.4000244140625,702.1300048828125,576152,0.0,0.0,0.0
2026-06-09 14:10:00-04:00,702.155029296875,702.2000122070312,700.72998046875,701.780029296875,625486,0.0,0.0,0.0
2026-06-09 14:15:00-04:00,701.7999877929688,703.6599731445312,700.8099975585938,703.531005859375,753344,0.0,0.0,0.0
2026-06-09 14:20:00-04:00,703.5150756835938,704.614990234375,702.6599731445312,704.4099731445312,842282,0.0,0.0,0.0
2026-06-09 14:25:00-04:00,704.3701171875,704.52001953125,702.6500244140625,704.469970703125,880374,0.0,0.0,0.0
2026-06-09 14:30:00-04:00,704.469970703125,706.2299194335938,704.3499755859375,705.2100830078125,889754,0.0,0.0,0.0
2026-06-09 14:35:00-04:00,705.1799926757812,706.0490112304688,704.739990234375,705.469970703125,851639,0.0,0.0,0.0
2026-06-09 14:40:00-04:00,705.469970703125,705.5490112304688,703.0399780273438,703.219970703125,684516,0.0,0.0,0.0
2026-06-09 14:45:00-04:00,703.239990234375,704.6798706054688,703.0900268554688,704.6300048828125,596453,0.0,0.0,0.0
2026-06-09 14:50:00-04:00,704.6300048828125,705.6400146484375,703.969970703125,704.719970703125,647649,0.0,0.0,0.0
2026-06-09 14:55:00-04:00,704.7410278320312,707.3099975585938,704.6099853515625,706.739990234375,730968,0.0,0.0,0.0
2026-06-09 15:00:00-04:00,706.7000122070312,708.1199951171875,705.6300048828125,708.030029296875,1034127,0.0,0.0,0.0
2026-06-09 15:05:00-04:00,707.97998046875,708.5999755859375,706.2100219726562,706.3499755859375,759377,0.0,0.0,0.0
2026-06-09 15:10:00-04:00,706.2999877929688,706.2999877929688,704.030029296875,704.1699829101562,724483,0.0,0.0,0.0
2026-06-09 15:15:00-04:00,704.22998046875,704.3800048828125,701.52001953125,701.7999877929688,963487,0.0,0.0,0.0
2026-06-09 15:20:00-04:00,701.7000122070312,703.25,701.1799926757812,702.4349975585938,864784,0.0,0.0,0.0
2026-06-09 15:25:00-04:00,702.4249877929688,704.2999877929688,701.9818725585938,703.969970703125,787009,0.0,0.0,0.0
2026-06-09 15:30:00-04:00,703.9500122070312,704.760009765625,703.4100952148438,704.5399780273438,637847,0.0,0.0,0.0
2026-06-09 15:35:00-04:00,704.530029296875,704.6799926757812,703.0700073242188,703.1201171875,595012,0.0,0.0,0.0
2026-06-09 15:40:00-04:00,703.1500244140625,703.8200073242188,701.530029296875,703.14501953125,1014162,0.0,0.0,0.0
2026-06-09 15:45:00-04:00,703.1799926757812,703.5700073242188,701.4400024414062,702.1900024414062,693127,0.0,0.0,0.0
2026-06-09 15:50:00-04:00,702.22998046875,705.989990234375,702.1599731445312,705.8900146484375,1572194,0.0,0.0,0.0
2026-06-09 15:55:00-04:00,705.8800048828125,708.280029296875,705.8300170898438,707.9600219726562,2890221,0.0,0.0,0.0
2026-06-10 09:30:00-04:00,701.4949951171875,704.0250244140625,699.7999877929688,699.8200073242188,5976288,0.0,0.0,0.0
2026-06-10 09:35:00-04:00,699.8800048828125,705.77001953125,699.6199951171875,704.22998046875,1750796,0.0,0.0,0.0
2026-06-10 09:40:00-04:00,704.2550048828125,707.4299926757812,701.5999755859375,707.1010131835938,1263486,0.0,0.0,0.0
2026-06-10 09:45:00-04:00,707.1400146484375,709.1699829101562,705.75,708.760009765625,1190740,0.0,0.0,0.0
2026-06-10 09:50:00-04:00,708.75,708.7999877929688,704.7899780273438,705.9600219726562,1109134,0.0,0.0,0.0
2026-06-10 09:55:00-04:00,705.8599853515625,707.469970703125,705.280029296875,705.7349853515625,678384,0.0,0.0,0.0
2026-06-10 10:00:00-04:00,705.75,708.0800170898438,704.47998046875,707.2000122070312,891364,0.0,0.0,0.0
2026-06-10 10:05:00-04:00,707.1599731445312,708.8699951171875,705.9400024414062,708.4801025390625,582832,0.0,0.0,0.0
2026-06-10 10:10:00-04:00,708.5499877929688,709.1599731445312,706.9500122070312,707.3900756835938,755680,0.0,0.0,0.0
2026-06-10 10:15:00-04:00,707.469970703125,708.47998046875,706.3070068359375,707.7000122070312,611427,0.0,0.0,0.0
2026-06-10 10:20:00-04:00,707.6998901367188,710.530029296875,706.9400024414062,710.469970703125,590506,0.0,0.0,0.0
2026-06-10 10:25:00-04:00,710.469970703125,710.77001953125,708.22998046875,709.3499755859375,593060,0.0,0.0,0.0
2026-06-10 10:30:00-04:00,709.3099975585938,711.219970703125,707.489990234375,711.15380859375,546160,0.0,0.0,0.0
2026-06-10 10:35:00-04:00,711.10498046875,711.260009765625,708.3560180664062,709.02001953125,492651,0.0,0.0,0.0
2026-06-10 10:40:00-04:00,708.9849853515625,709.989990234375,707.1900024414062,707.1900024414062,555262,0.0,0.0,0.0
2026-06-10 10:45:00-04:00,707.1099853515625,708.2100219726562,705.3699951171875,706.1199951171875,791001,0.0,0.0,0.0
2026-06-10 10:50:00-04:00,706.1400146484375,707.72998046875,705.3499755859375,705.9382934570312,883625,0.0,0.0,0.0
2026-06-10 10:55:00-04:00,705.864990234375,706.2999877929688,701.6900024414062,702.8200073242188,982039,0.0,0.0,0.0
2026-06-10 11:00:00-04:00,702.7999877929688,704.8779907226562,701.1295776367188,702.739990234375,976240,0.0,0.0,0.0
2026-06-10 11:05:00-04:00,702.8099975585938,702.97998046875,700.8001098632812,700.9326782226562,591175,0.0,0.0,0.0
2026-06-10 11:10:00-04:00,701.0599975585938,701.2899780273438,699.0599975585938,699.0800170898438,1110748,0.0,0.0,0.0
2026-06-10 11:15:00-04:00,699.0,699.3800048828125,697.094970703125,698.6199951171875,1070692,0.0,0.0,0.0
2026-06-10 11:20:00-04:00,698.52001953125,701.9199829101562,698.3200073242188,701.130126953125,1055437,0.0,0.0,0.0
2026-06-10 11:25:00-04:00,701.1099853515625,702.1799926757812,700.0599975585938,700.0999755859375,747386,0.0,0.0,0.0
2026-06-10 11:30:00-04:00,700.1400146484375,701.6199951171875,698.9375,699.6599731445312,842079,0.0,0.0,0.0
2026-06-10 11:35:00-04:00,699.7000122070312,700.5900268554688,698.4600219726562,699.5499877929688,667279,0.0,0.0,0.0
2026-06-10 11:40:00-04:00,699.5,702.1099853515625,698.969970703125,701.6699829101562,682681,0.0,0.0,0.0
2026-06-10 11:45:00-04:00,701.6300048828125,702.1500244140625,697.1300048828125,698.2000122070312,1219930,0.0,0.0,0.0
2026-06-10 11:50:00-04:00,698.1699829101562,700.9299926757812,696.1900024414062,699.9249877929688,1440248,0.0,0.0,0.0
2026-06-10 11:55:00-04:00,699.8900146484375,702.0399780273438,698.8099975585938,701.6900024414062,654117,0.0,0.0,0.0
2026-06-10 12:00:00-04:00,701.8350219726562,702.6400146484375,700.3250122070312,701.0700073242188,574788,0.0,0.0,0.0
2026-06-10 12:05:00-04:00,701.0999755859375,701.6300048828125,699.3900146484375,699.8599853515625,626313,0.0,0.0,0.0
2026-06-10 12:10:00-04:00,699.8099975585938,699.8499755859375,698.1799926757812,698.5399780273438,471050,0.0,0.0,0.0
2026-06-10 12:15:00-04:00,698.5499877929688,699.6799926757812,698.2000122070312,699.0,427323,0.0,0.0,0.0
2026-06-10 12:20:00-04:00,699.0399780273438,699.4299926757812,697.989990234375,698.1699829101562,465099,0.0,0.0,0.0
2026-06-10 12:25:00-04:00,698.1500244140625,699.4307250976562,698.0700073242188,698.8499755859375,447174,0.0,0.0,0.0
2026-06-10 12:30:00-04:00,698.7000122070312,700.4600219726562,697.990478515625,700.3900146484375,496077,0.0,0.0,0.0
2026-06-10 12:35:00-04:00,700.469970703125,701.5499877929688,699.510009765625,701.0,578454,0.0,0.0,0.0
2026-06-10 12:40:00-04:00,700.969970703125,701.4400024414062,698.75,699.1699829101562,403666,0.0,0.0,0.0
2026-06-10 12:45:00-04:00,699.0800170898438,699.1400146484375,697.030029296875,697.9161987304688,536202,0.0,0.0,0.0
2026-06-10 12:50:00-04:00,697.919921875,699.3599853515625,697.2899780273438,698.25,429399,0.0,0.0,0.0
2026-06-10 12:55:00-04:00,698.2100219726562,698.4299926757812,697.1799926757812,698.2999877929688,294713,0.0,0.0,0.0
2026-06-10 13:00:00-04:00,698.3400268554688,699.8300170898438,697.7600708007812,699.4550170898438,372213,0.0,0.0,0.0
2026-06-10 13:05:00-04:00,699.4600219726562,699.489990234375,697.1900024414062,697.4630126953125,306822,0.0,0.0,0.0
2026-06-10 13:10:00-04:00,697.4099731445312,697.4910888671875,696.1300048828125,696.5971069335938,465274,0.0,0.0,0.0
2026-06-10 13:15:00-04:00,696.5999755859375,697.219970703125,696.1799926757812,696.5800170898438,313455,0.0,0.0,0.0
2026-06-10 13:20:00-04:00,696.4600219726562,697.469970703125,696.1500244140625,697.2750244140625,423599,0.0,0.0,0.0
2026-06-10 13:25:00-04:00,697.1901245117188,697.8099975585938,696.6699829101562,697.5700073242188,477440,0.0,0.0,0.0
2026-06-10 13:30:00-04:00,697.5499877929688,697.7000122070312,696.0999755859375,696.9199829101562,351929,0.0,0.0,0.0
2026-06-10 13:35:00-04:00,696.9099731445312,697.1300048828125,696.0900268554688,696.239990234375,286715,0.0,0.0,0.0
2026-06-10 13:40:00-04:00,696.2899780273438,696.8800048828125,695.8800048828125,695.969970703125,372223,0.0,0.0,0.0
2026-06-10 13:45:00-04:00,695.969970703125,699.9567260742188,695.8699951171875,699.42822265625,824291,0.0,0.0,0.0
2026-06-10 13:50:00-04:00,699.4299926757812,699.6699829101562,697.6199951171875,698.9400024414062,612490,0.0,0.0,0.0
2026-06-10 13:55:00-04:00,698.9799194335938,700.1500244140625,698.739990234375,699.8200073242188,476957,0.0,0.0,0.0
2026-06-10 14:00:00-04:00,699.8800048828125,701.0700073242188,699.3599853515625,700.9849853515625,441734,0.0,0.0,0.0
2026-06-10 14:05:00-04:00,701.030029296875,701.0599975585938,699.1500244140625,699.1900024414062,436480,0.0,0.0,0.0
2026-06-10 14:10:00-04:00,699.2000122070312,700.3499755859375,699.1300048828125,699.8599853515625,224499,0.0,0.0,0.0
2026-06-10 14:15:00-04:00,699.8300170898438,700.5599975585938,698.010009765625,698.469970703125,303227,0.0,0.0,0.0
2026-06-10 14:20:00-04:00,698.4500122070312,699.4199829101562,697.8499755859375,698.6878051757812,319140,0.0,0.0,0.0
2026-06-10 14:25:00-04:00,698.6920166015625,698.8624877929688,698.0,698.2125244140625,206224,0.0,0.0,0.0
2026-06-10 14:30:00-04:00,698.1799926757812,698.2999877929688,697.27001953125,697.5999755859375,401998,0.0,0.0,0.0
2026-06-10 14:35:00-04:00,697.5599975585938,697.6400146484375,696.280029296875,696.760009765625,453830,0.0,0.0,0.0
2026-06-10 14:40:00-04:00,696.8099975585938,697.3900146484375,696.27001953125,696.9550170898438,429142,0.0,0.0,0.0
2026-06-10 14:45:00-04:00,696.9500122070312,697.0,696.1599731445312,696.1640014648438,429836,0.0,0.0,0.0
2026-06-10 14:50:00-04:00,696.2000122070312,696.3400268554688,694.97998046875,695.8400268554688,736611,0.0,0.0,0.0
2026-06-10 14:55:00-04:00,695.8300170898438,696.0599975585938,694.8699951171875,695.6500244140625,408660,0.0,0.0,0.0
2026-06-10 15:00:00-04:00,695.6500854492188,696.75,694.8099975585938,695.905029296875,710767,0.0,0.0,0.0
2026-06-10 15:05:00-04:00,695.9400024414062,697.0999755859375,695.4299926757812,696.4650268554688,422872,0.0,0.0,0.0
2026-06-10 15:10:00-04:00,696.4600219726562,696.489990234375,694.9401245117188,695.3049926757812,380796,0.0,0.0,0.0
2026-06-10 15:15:00-04:00,695.3200073242188,695.4000244140625,693.6699829101562,694.10498046875,624592,0.0,0.0,0.0
2026-06-10 15:20:00-04:00,694.0700073242188,694.1400146484375,693.1099853515625,693.8699951171875,671583,0.0,0.0,0.0
2026-06-10 15:25:00-04:00,693.8200073242188,694.5,692.9299926757812,694.2000122070312,686719,0.0,0.0,0.0
2026-06-10 15:30:00-04:00,694.1599731445312,696.0,693.6799926757812,695.6099853515625,1226032,0.0,0.0,0.0
2026-06-10 15:35:00-04:00,695.5999755859375,696.8400268554688,695.2387084960938,696.6199951171875,771011,0.0,0.0,0.0
2026-06-10 15:40:00-04:00,696.6199951171875,697.0,695.2999877929688,695.9349975585938,1025730,0.0,0.0,0.0
2026-06-10 15:45:00-04:00,695.9099731445312,696.1400146484375,694.3599853515625,695.2901000976562,616616,0.0,0.0,0.0
2026-06-10 15:50:00-04:00,695.2899780273438,696.9600219726562,694.1300048828125,695.8200073242188,1836050,0.0,0.0,0.0
2026-06-10 15:55:00-04:00,695.7999877929688,696.4299926757812,693.7100219726562,693.7100219726562,3113986,0.0,0.0,0.0
2026-06-11 09:30:00-04:00,699.2899780273438,700.3400268554688,697.3499755859375,697.7000122070312,4307017,0.0,0.0,0.0
2026-06-11 09:35:00-04:00,697.72998046875,700.0700073242188,697.1699829101562,697.969970703125,1125449,0.0,0.0,0.0
2026-06-11 09:40:00-04:00,698.0,699.6199951171875,696.8200073242188,698.969970703125,666618,0.0,0.0,0.0
2026-06-11 09:45:00-04:00,698.9500122070312,702.6500244140625,698.1950073242188,700.8499755859375,1402419,0.0,0.0,0.0
2026-06-11 09:50:00-04:00,700.8699951171875,705.5499877929688,700.8699951171875,704.489990234375,1375245,0.0,0.0,0.0
2026-06-11 09:55:00-04:00,704.489990234375,705.4500122070312,702.3099975585938,702.77001953125,868791,0.0,0.0,0.0
2026-06-11 10:00:00-04:00,702.8300170898438,706.4099731445312,702.6920166015625,706.219970703125,758243,0.0,0.0,0.0
2026-06-11 10:05:00-04:00,706.1799926757812,706.2199096679688,704.030029296875,704.510009765625,892840,0.0,0.0,0.0
2026-06-11 10:10:00-04:00,704.5399780273438,704.7000122070312,701.0999755859375,701.4299926757812,861306,0.0,0.0,0.0
2026-06-11 10:15:00-04:00,701.3800048828125,702.3400268554688,699.2000122070312,699.4600219726562,830012,0.0,0.0,0.0
2026-06-11 10:20:00-04:00,699.4199829101562,703.3198852539062,699.260009765625,702.4099731445312,883265,0.0,0.0,0.0
2026-06-11 10:25:00-04:00,702.4498901367188,703.5,700.219970703125,702.125,597326,0.0,0.0,0.0
2026-06-11 10:30:00-04:00,702.10498046875,702.7999877929688,700.4099731445312,701.2100219726562,548079,0.0,0.0,0.0
2026-06-11 10:35:00-04:00,701.260009765625,703.8400268554688,700.97998046875,702.0800170898438,589715,0.0,0.0,0.0
2026-06-11 10:40:00-04:00,702.030029296875,703.1699829101562,700.8101196289062,700.8300170898438,496643,0.0,0.0,0.0
2026-06-11 10:45:00-04:00,700.8699951171875,701.4498901367188,699.5700073242188,700.0900268554688,558131,0.0,0.0,0.0
2026-06-11 10:50:00-04:00,700.0999755859375,700.7999877929688,699.0,699.4299926757812,578026,0.0,0.0,0.0
2026-06-11 10:55:00-04:00,699.4199829101562,699.4199829101562,695.72998046875,696.75048828125,1006982,0.0,0.0,0.0
2026-06-11 11:00:00-04:00,696.77001953125,697.9299926757812,695.0,697.4400024414062,1017297,0.0,0.0,0.0
2026-06-11 11:05:00-04:00,697.3699951171875,699.419921875,696.5449829101562,698.469970703125,757870,0.0,0.0,0.0
2026-06-11 11:10:00-04:00,698.4400024414062,700.2260131835938,698.2100219726562,699.5200805664062,671485,0.0,0.0,0.0
2026-06-11 11:15:00-04:00,699.5750122070312,701.27001953125,699.094970703125,699.89501953125,643624,0.0,0.0,0.0
2026-06-11 11:20:00-04:00,699.8800048828125,701.7899780273438,699.6300048828125,701.0999755859375,524853,0.0,0.0,0.0
2026-06-11 11:25:00-04:00,701.1500244140625,701.6799926757812,699.2620239257812,699.3499755859375,480861,0.0,0.0,0.0
2026-06-11 11:30:00-04:00,699.3499755859375,700.6599731445312,698.969970703125,700.510009765625,395298,0.0,0.0,0.0
2026-06-11 11:35:00-04:00,700.39501953125,702.4500122070312,700.2999877929688,701.7899780273438,503170,0.0,0.0,0.0
2026-06-11 11:40:00-04:00,701.6400146484375,702.97998046875,700.1799926757812,700.7899780273438,727608,0.0,0.0,0.0
2026-06-11 11:45:00-04:00,700.7899780273438,702.0700073242188,700.1199951171875,701.02001953125,306043,0.0,0.0,0.0
2026-06-11 11:50:00-04:00,701.02001953125,701.2117919921875,699.9500122070312,700.3900146484375,293556,0.0,0.0,0.0
2026-06-11 11:55:00-04:00,700.510009765625,702.1699829101562,699.7999877929688,701.811279296875,459478,0.0,0.0,0.0
2026-06-11 12:00:00-04:00,701.780029296875,703.1099853515625,701.0,701.6699829101562,399787,0.0,0.0,0.0
2026-06-11 12:05:00-04:00,701.7000122070312,703.0900268554688,701.22998046875,702.7667846679688,487296,0.0,0.0,0.0
2026-06-11 12:10:00-04:00,702.7100219726562,704.39501953125,702.47998046875,704.0399780273438,540310,0.0,0.0,0.0
2026-06-11 12:15:00-04:00,704.0399780273438,704.5900268554688,703.1599731445312,703.760009765625,478658,0.0,0.0,0.0
2026-06-11 12:20:00-04:00,703.780029296875,704.1400146484375,702.1400146484375,702.22998046875,530841,0.0,0.0,0.0
2026-06-11 12:25:00-04:00,702.219970703125,702.5800170898438,701.3599853515625,701.4749755859375,402804,0.0,0.0,0.0
2026-06-11 12:30:00-04:00,701.4500122070312,704.3699951171875,700.9199829101562,703.3499755859375,647261,0.0,0.0,0.0
2026-06-11 12:35:00-04:00,703.3200073242188,704.3699951171875,702.4600219726562,702.6749877929688,364656,0.0,0.0,0.0
2026-06-11 12:40:00-04:00,702.7000122070312,702.8900146484375,701.969970703125,702.4400024414062,246442,0.0,0.0,0.0
2026-06-11 12:45:00-04:00,702.4000244140625,702.8300170898438,701.75,702.030029296875,271549,0.0,0.0,0.0
2026-06-11 12:50:00-04:00,702.1199951171875,702.18798828125,700.3253784179688,700.4400024414062,359925,0.0,0.0,0.0
2026-06-11 12:55:00-04:00,700.4100952148438,700.6799926757812,699.5499877929688,699.5499877929688,470190,0.0,0.0,0.0
2026-06-11 13:00:00-04:00,699.6300048828125,700.5499877929688,698.260009765625,698.6649780273438,578766,0.0,0.0,0.0
2026-06-11 13:05:00-04:00,698.6701049804688,700.22998046875,698.5700073242188,699.9801025390625,596419,0.0,0.0,0.0
2026-06-11 13:10:00-04:00,700.030029296875,700.5499877929688,698.8099975585938,699.0,753664,0.0,0.0,0.0
2026-06-11 13:15:00-04:00,698.97998046875,699.4600219726562,697.5883178710938,697.9849853515625,419077,0.0,0.0,0.0
2026-06-11 13:20:00-04:00,697.969970703125,699.0,697.4600830078125,698.630126953125,411325,0.0,0.0,0.0
2026-06-11 13:25:00-04:00,698.6300048828125,707.4400024414062,698.5,707.27001953125,1459357,0.0,0.0,0.0
2026-06-11 13:30:00-04:00,707.27001953125,711.530029296875,707.27001953125,710.1950073242188,3347472,0.0,0.0,0.0
2026-06-11 13:35:00-04:00,710.2050170898438,710.5499877929688,708.2899780273438,709.5838012695312,1416172,0.0,0.0,0.0
2026-06-11 13:40:00-04:00,709.5499877929688,712.5399780273438,709.0599975585938,712.0,1049846,0.0,0.0,0.0
2026-06-11 13:45:00-04:00,712.0700073242188,712.489990234375,709.6099853515625,710.030029296875,1315223,0.0,0.0,0.0
2026-06-11 13:50:00-04:00,710.02001953125,710.260009765625,708.0900268554688,709.669921875,996305,0.0,0.0,0.0
2026-06-11 13:55:00-04:00,709.5999755859375,710.5399780273438,708.5875244140625,710.3900146484375,834509,0.0,0.0,0.0
2026-06-11 14:00:00-04:00,710.385009765625,711.3499755859375,707.5599975585938,707.97998046875,1560389,0.0,0.0,0.0
2026-06-11 14:05:00-04:00,707.9550170898438,708.75,706.85498046875,707.9199829101562,1394867,0.0,0.0,0.0
2026-06-11 14:10:00-04:00,707.89501953125,709.6699829101562,707.719970703125,709.655029296875,475853,0.0,0.0,0.0
2026-06-11 14:15:00-04:00,709.6300048828125,711.64990234375,709.4201049804688,711.4199829101562,775987,0.0,0.0,0.0
2026-06-11 14:20:00-04:00,711.3499755859375,711.38818359375,708.8900146484375,709.8900146484375,805077,0.0,0.0,0.0
2026-06-11 14:25:00-04:00,709.8800048828125,710.280029296875,709.4299926757812,709.8099975585938,461238,0.0,0.0,0.0
2026-06-11 14:30:00-04:00,709.8400268554688,711.0,709.5700073242188,709.75,407670,0.0,0.0,0.0
2026-06-11 14:35:00-04:00,709.75,710.4099731445312,709.4301147460938,709.719970703125,338977,0.0,0.0,0.0
2026-06-11 14:40:00-04:00,709.6900024414062,710.77001953125,709.5499877929688,710.7100219726562,570614,0.0,0.0,0.0
2026-06-11 14:45:00-04:00,710.6199951171875,712.0599975585938,710.4600219726562,711.9400024414062,553035,0.0,0.0,0.0
2026-06-11 14:50:00-04:00,711.8699951171875,712.739990234375,711.6699829101562,711.7100219726562,584783,0.0,0.0,0.0
2026-06-11 14:55:00-04:00,711.6699829101562,712.1500244140625,710.9099731445312,711.75,597381,0.0,0.0,0.0
2026-06-11 15:00:00-04:00,711.760009765625,712.9249877929688,711.6900024414062,712.4099731445312,650812,0.0,0.0,0.0
2026-06-11 15:05:00-04:00,712.4099731445312,712.7100219726562,710.8099975585938,712.6500244140625,775012,0.0,0.0,0.0
2026-06-11 15:10:00-04:00,712.6199951171875,714.25,712.5283203125,713.9650268554688,950274,0.0,0.0,0.0
2026-06-11 15:15:00-04:00,714.0499877929688,714.780029296875,713.6799926757812,714.6599731445312,586464,0.0,0.0,0.0
2026-06-11 15:20:00-04:00,714.6500244140625,714.9249877929688,714.3200073242188,714.6325073242188,427192,0.0,0.0,0.0
2026-06-11 15:25:00-04:00,714.5999755859375,716.030029296875,714.4099731445312,715.50830078125,732341,0.0,0.0,0.0
2026-06-11 15:30:00-04:00,715.5900268554688,718.280029296875,715.4849853515625,718.0700073242188,1451157,0.0,0.0,0.0
2026-06-11 15:35:00-04:00,718.0855712890625,718.3720703125,716.3200073242188,716.6300048828125,943989,0.0,0.0,0.0
2026-06-11 15:40:00-04:00,716.6300048828125,718.0999755859375,716.3200073242188,717.3499755859375,989418,0.0,0.0,0.0
2026-06-11 15:45:00-04:00,717.3300170898438,717.3300170898438,715.5900268554688,715.7000122070312,929682,0.0,0.0,0.0
2026-06-11 15:50:00-04:00,715.760009765625,717.2000122070312,715.0399780273438,716.9395141601562,1778696,0.0,0.0,0.0
2026-06-11 15:55:00-04:00,716.8800048828125,717.4000244140625,716.4099731445312,716.5599975585938,3908071,0.0,0.0,0.0
2026-06-12 09:30:00-04:00,717.6099853515625,717.6699829101562,713.0800170898438,713.8699951171875,4749340,0.0,0.0,0.0
2026-06-12 09:35:00-04:00,713.8674926757812,716.6300048828125,713.6699829101562,716.52001953125,1092785,0.0,0.0,0.0
2026-06-12 09:40:00-04:00,716.5,717.0999755859375,712.010009765625,712.4400024414062,1679491,0.0,0.0,0.0
2026-06-12 09:45:00-04:00,712.47998046875,713.9223022460938,711.280029296875,712.8599853515625,1121421,0.0,0.0,0.0
2026-06-12 09:50:00-04:00,712.8602905273438,714.4600219726562,712.25,713.2100219726562,960305,0.0,0.0,0.0
2026-06-12 09:55:00-04:00,713.27001953125,715.5399780273438,712.9099731445312,714.25,628313,0.0,0.0,0.0
2026-06-12 10:00:00-04:00,714.27001953125,717.8599853515625,713.9199829101562,717.25,968631,0.0,0.0,0.0
2026-06-12 10:05:00-04:00,717.1699829101562,719.6900024414062,716.3599853515625,719.64501953125,905896,0.0,0.0,0.0
2026-06-12 10:10:00-04:00,719.6300048828125,720.125,718.0679931640625,718.8300170898438,751289,0.0,0.0,0.0
2026-06-12 10:15:00-04:00,718.8099975585938,720.8150024414062,718.5499877929688,719.8150024414062,638408,0.0,0.0,0.0
2026-06-12 10:20:00-04:00,719.8400268554688,720.6500244140625,717.4199829101562,717.6865844726562,622415,0.0,0.0,0.0
2026-06-12 10:25:00-04:00,717.6900024414062,719.1599731445312,717.6699829101562,718.0650024414062,401236,0.0,0.0,0.0
2026-06-12 10:30:00-04:00,718.0,719.3200073242188,717.6199951171875,718.385009765625,569428,0.0,0.0,0.0
2026-06-12 10:35:00-04:00,718.3400268554688,720.3200073242188,718.27001953125,718.8350219726562,545826,0.0,0.0,0.0
2026-06-12 10:40:00-04:00,718.8699951171875,718.9500122070312,715.52001953125,715.5900268554688,565051,0.0,0.0,0.0
2026-06-12 10:45:00-04:00,715.5900268554688,716.4199829101562,714.1799926757812,714.7000122070312,782186,0.0,0.0,0.0
2026-06-12 10:50:00-04:00,714.7000732421875,720.2899780273438,714.6099853515625,720.2000122070312,1136877,0.0,0.0,0.0
2026-06-12 10:55:00-04:00,720.1900024414062,721.3200073242188,719.2899780273438,720.969970703125,895225,0.0,0.0,0.0
2026-06-12 11:00:00-04:00,721.0798950195312,721.8900146484375,720.4099731445312,720.7899780273438,585139,0.0,0.0,0.0
2026-06-12 11:05:00-04:00,720.739990234375,722.1199951171875,720.5,721.4949951171875,389178,0.0,0.0,0.0
2026-06-12 11:10:00-04:00,721.5,722.8200073242188,720.8900146484375,722.4534301757812,527431,0.0,0.0,0.0
2026-06-12 11:15:00-04:00,722.5050048828125,723.3400268554688,721.75,723.2999877929688,673585,0.0,0.0,0.0
2026-06-12 11:20:00-04:00,723.3300170898438,723.9500122070312,722.6071166992188,723.7000122070312,465115,0.0,0.0,0.0
2026-06-12 11:25:00-04:00,723.7000122070312,724.010009765625,723.0900268554688,723.6500244140625,563363,0.0,0.0,0.0
2026-06-12 11:30:00-04:00,723.6649780273438,723.748291015625,722.1400146484375,722.22998046875,1144846,0.0,0.0,0.0
2026-06-12 11:35:00-04:00,722.260009765625,723.5999755859375,720.625,721.4525146484375,826790,0.0,0.0,0.0
2026-06-12 11:40:00-04:00,721.3699951171875,721.6400146484375,719.22998046875,719.4400024414062,964831,0.0,0.0,0.0
2026-06-12 11:45:00-04:00,719.4299926757812,720.72998046875,717.2100219726562,717.3800048828125,1257520,0.0,0.0,0.0
2026-06-12 11:50:00-04:00,717.4199829101562,720.0599975585938,716.8099975585938,719.469970703125,695373,0.0,0.0,0.0
2026-06-12 11:55:00-04:00,719.5499877929688,719.5499877929688,715.5800170898438,716.2750244140625,754168,0.0,0.0,0.0
2026-06-12 12:00:00-04:00,716.2899780273438,717.5800170898438,715.5700073242188,716.97900390625,943770,0.0,0.0,0.0
2026-06-12 12:05:00-04:00,716.9000244140625,718.6199951171875,716.4099731445312,718.2899780273438,491831,0.0,0.0,0.0
2026-06-12 12:10:00-04:00,718.2349853515625,721.4600219726562,717.280029296875,720.0650024414062,1259857,0.0,0.0,0.0
2026-06-12 12:15:00-04:00,720.0800170898438,721.780029296875,719.4500122070312,719.9266967773438,771839,0.0,0.0,0.0
2026-06-12 12:20:00-04:00,719.8699951171875,720.5989990234375,718.9500122070312,719.9199829101562,468727,0.0,0.0,0.0
2026-06-12 12:25:00-04:00,719.9000244140625,720.530029296875,719.1749877929688,720.0399780273438,278618,0.0,0.0,0.0
2026-06-12 12:30:00-04:00,719.989990234375,720.8900146484375,719.5499877929688,720.719970703125,307499,0.0,0.0,0.0
2026-06-12 12:35:00-04:00,720.7000122070312,720.9099731445312,719.7899780273438,720.3099975585938,232461,0.0,0.0,0.0
2026-06-12 12:40:00-04:00,720.3200073242188,721.1500244140625,719.7100219726562,720.0549926757812,358493,0.0,0.0,0.0
2026-06-12 12:45:00-04:00,720.0401000976562,721.3200073242188,719.9199829101562,721.25,361834,0.0,0.0,0.0
2026-06-12 12:50:00-04:00,721.2449951171875,721.77001953125,720.969970703125,721.1900024414062,411384,0.0,0.0,0.0
2026-06-12 12:55:00-04:00,721.2000122070312,722.1199951171875,719.9500122070312,721.9199829101562,420993,0.0,0.0,0.0
2026-06-12 13:00:00-04:00,721.969970703125,722.6900024414062,721.6799926757812,722.5999755859375,337515,0.0,0.0,0.0
2026-06-12 13:05:00-04:00,722.5999755859375,723.7999877929688,722.3900146484375,723.1500244140625,485839,0.0,0.0,0.0
2026-06-12 13:10:00-04:00,723.1799926757812,723.2999877929688,721.6099853515625,722.6300048828125,461459,0.0,0.0,0.0
2026-06-12 13:15:00-04:00,722.6500244140625,723.4498901367188,722.3400268554688,723.280029296875,369244,0.0,0.0,0.0
2026-06-12 13:20:00-04:00,723.3200073242188,723.6500244140625,723.0499877929688,723.3800048828125,323236,0.0,0.0,0.0
2026-06-12 13:25:00-04:00,723.4000244140625,723.5700073242188,722.4149780273438,723.0650024414062,370511,0.0,0.0,0.0
2026-06-12 13:30:00-04:00,723.0800170898438,723.22998046875,722.1099853515625,722.219970703125,385132,0.0,0.0,0.0
2026-06-12 13:35:00-04:00,722.2100219726562,722.9299926757812,722.1599731445312,722.6300048828125,370213,0.0,0.0,0.0
2026-06-12 13:40:00-04:00,722.6500244140625,723.1900024414062,722.1801147460938,722.5499877929688,747689,0.0,0.0,0.0
2026-06-12 13:45:00-04:00,722.530029296875,723.1300048828125,722.360107421875,722.7100219726562,211877,0.0,0.0,0.0
2026-06-12 13:50:00-04:00,722.7100219726562,722.9400024414062,722.510009765625,722.6699829101562,162618,0.0,0.0,0.0
2026-06-12 13:55:00-04:00,722.689208984375,722.689208984375,721.2899780273438,722.1199951171875,326673,0.0,0.0,0.0
2026-06-12 14:00:00-04:00,722.1699829101562,722.3499755859375,721.280029296875,721.4899291992188,309431,0.0,0.0,0.0
2026-06-12 14:05:00-04:00,721.510009765625,721.8200073242188,720.7899780273438,721.39501953125,331174,0.0,0.0,0.0
2026-06-12 14:10:00-04:00,721.3599853515625,722.75,721.1900024414062,721.3200073242188,498659,0.0,0.0,0.0
2026-06-12 14:15:00-04:00,721.341796875,721.5599975585938,720.3499755859375,720.8350219726562,588363,0.0,0.0,0.0
2026-06-12 14:20:00-04:00,720.8200073242188,721.0900268554688,720.3499755859375,720.760009765625,283892,0.0,0.0,0.0
2026-06-12 14:25:00-04:00,720.739990234375,721.8798828125,720.489990234375,721.6799926757812,299327,0.0,0.0,0.0
2026-06-12 14:30:00-04:00,721.6801147460938,722.469970703125,721.6400146484375,722.2349853515625,505841,0.0,0.0,0.0
2026-06-12 14:35:00-04:00,722.239990234375,722.3200073242188,721.9099731445312,722.2899780273438,203355,0.0,0.0,0.0
2026-06-12 14:40:00-04:00,722.291015625,723.02001953125,722.280029296875,722.780029296875,274362,0.0,0.0,0.0
2026-06-12 14:45:00-04:00,722.7899780273438,722.8400268554688,722.2999877929688,722.6500244140625,256577,0.0,0.0,0.0
2026-06-12 14:50:00-04:00,722.6400146484375,722.72998046875,721.9005737304688,722.5050048828125,337132,0.0,0.0,0.0
2026-06-12 14:55:00-04:00,722.47998046875,722.530029296875,721.0399780273438,721.22998046875,477098,0.0,0.0,0.0
2026-06-12 15:00:00-04:00,721.1500244140625,722.5,721.0504760742188,722.3800048828125,256321,0.0,0.0,0.0
2026-06-12 15:05:00-04:00,722.385009765625,722.780029296875,721.8800048828125,722.1400146484375,224784,0.0,0.0,0.0
2026-06-12 15:10:00-04:00,722.1799926757812,722.219970703125,721.4299926757812,721.6799926757812,278416,0.0,0.0,0.0
2026-06-12 15:15:00-04:00,721.6599731445312,722.239990234375,721.1500244140625,722.1900024414062,280679,0.0,0.0,0.0
2026-06-12 15:20:00-04:00,722.1699829101562,722.1799926757812,721.6099853515625,721.9813232421875,221147,0.0,0.0,0.0
2026-06-12 15:25:00-04:00,721.9299926757812,722.3900146484375,721.4199829101562,721.5599975585938,254521,0.0,0.0,0.0
2026-06-12 15:30:00-04:00,721.4600219726562,721.7299194335938,720.0399780273438,720.1300048828125,543096,0.0,0.0,0.0
2026-06-12 15:35:00-04:00,720.1599731445312,722.0599975585938,719.5900268554688,720.4400024414062,610371,0.0,0.0,0.0
2026-06-12 15:40:00-04:00,720.4500122070312,721.5,720.1099853515625,720.969970703125,337687,0.0,0.0,0.0
2026-06-12 15:45:00-04:00,720.9580078125,721.2999877929688,720.360107421875,720.9400024414062,534748,0.0,0.0,0.0
2026-06-12 15:50:00-04:00,720.9400024414062,721.510009765625,720.7000122070312,721.4500122070312,584907,0.0,0.0,0.0
2026-06-12 15:55:00-04:00,721.510009765625,722.0700073242188,721.3200073242188,721.3200073242188,1345103,0.0,0.0,0.0
2026-06-15 09:30:00-04:00,738.0900268554688,739.5,737.3800048828125,738.6300048828125,3937271,0.0,0.0,0.0
2026-06-15 09:35:00-04:00,738.6400146484375,740.0900268554688,738.6400146484375,738.89501953125,943058,0.0,0.0,0.0
2026-06-15 09:40:00-04:00,738.9199829101562,740.4500122070312,738.5599975585938,739.6599731445312,945828,0.0,0.0,0.0
2026-06-15 09:45:00-04:00,739.6799926757812,741.6599731445312,739.6500244140625,741.5800170898438,1148358,0.0,0.0,0.0
2026-06-15 09:50:00-04:00,741.5800170898438,742.0,741.1500244140625,741.1599731445312,876794,0.0,0.0,0.0
2026-06-15 09:55:00-04:00,741.1099853515625,741.619873046875,739.530029296875,739.6798706054688,844800,0.0,0.0,0.0
2026-06-15 10:00:00-04:00,739.6900024414062,741.1099853515625,739.3099975585938,740.594970703125,739340,0.0,0.0,0.0
2026-06-15 10:05:00-04:00,740.5700073242188,741.1500244140625,739.8900146484375,740.389892578125,540876,0.0,0.0,0.0
2026-06-15 10:10:00-04:00,740.3900146484375,740.89501953125,739.1900024414062,740.3400268554688,687329,0.0,0.0,0.0
2026-06-15 10:15:00-04:00,740.3200073242188,740.72998046875,739.469970703125,740.239990234375,652517,0.0,0.0,0.0
2026-06-15 10:20:00-04:00,740.10009765625,740.239990234375,738.9400024414062,739.6376953125,560274,0.0,0.0,0.0
2026-06-15 10:25:00-04:00,739.5819091796875,741.1099243164062,739.5399780273438,740.9920043945312,394279,0.0,0.0,0.0
2026-06-15 10:30:00-04:00,741.0700073242188,741.280029296875,739.8713989257812,740.3599853515625,440068,0.0,0.0,0.0
2026-06-15 10:35:00-04:00,740.3699951171875,740.7650146484375,740.0399780273438,740.5800170898438,274487,0.0,0.0,0.0
2026-06-15 10:40:00-04:00,740.6199951171875,740.6199951171875,739.6500244140625,740.02001953125,553082,0.0,0.0,0.0
2026-06-15 10:45:00-04:00,740.030029296875,740.5499877929688,739.8350219726562,740.0850219726562,272483,0.0,0.0,0.0
2026-06-15 10:50:00-04:00,740.1400146484375,741.0700073242188,740.1400146484375,740.8001098632812,212751,0.0,0.0,0.0
2026-06-15 10:55:00-04:00,740.7919921875,741.9500122070312,740.760009765625,741.4459838867188,378752,0.0,0.0,0.0
2026-06-15 11:00:00-04:00,741.4400024414062,742.3800048828125,741.3499755859375,742.1400146484375,447165,0.0,0.0,0.0
2026-06-15 11:05:00-04:00,742.1300048828125,742.7000122070312,741.969970703125,742.5800170898438,470150,0.0,0.0,0.0
2026-06-15 11:10:00-04:00,742.5599975585938,742.5999755859375,742.0399780273438,742.489990234375,378293,0.0,0.0,0.0
2026-06-15 11:15:00-04:00,742.510009765625,742.6400146484375,742.0700073242188,742.4849853515625,204818,0.0,0.0,0.0
2026-06-15 11:20:00-04:00,742.489990234375,742.969970703125,742.4199829101562,742.864990234375,258105,0.0,0.0,0.0
2026-06-15 11:25:00-04:00,742.8480224609375,743.2899169921875,742.719970703125,743.1199951171875,585179,0.0,0.0,0.0
2026-06-15 11:30:00-04:00,743.1599731445312,743.3499755859375,742.280029296875,742.3101196289062,621761,0.0,0.0,0.0
2026-06-15 11:35:00-04:00,742.3300170898438,743.1799926757812,742.155029296875,743.010009765625,651968,0.0,0.0,0.0
2026-06-15 11:40:00-04:00,743.0700073242188,743.25,742.8200073242188,742.9400024414062,245494,0.0,0.0,0.0
2026-06-15 11:45:00-04:00,742.9500122070312,743.8900146484375,742.9099731445312,743.802490234375,363532,0.0,0.0,0.0
2026-06-15 11:50:00-04:00,743.8099975585938,744.1599731445312,743.6599731445312,743.9299926757812,424220,0.0,0.0,0.0
2026-06-15 11:55:00-04:00,743.9672241210938,744.1300048828125,743.6901245117188,743.969970703125,168224,0.0,0.0,0.0
2026-06-15 12:00:00-04:00,743.97998046875,744.52001953125,743.7000122070312,744.1900024414062,1586602,0.0,0.0,0.0
2026-06-15 12:05:00-04:00,744.2000122070312,744.3499755859375,743.9500122070312,744.22998046875,218277,0.0,0.0,0.0
2026-06-15 12:10:00-04:00,744.2598876953125,744.3900146484375,743.97998046875,744.2000122070312,224888,0.0,0.0,0.0
2026-06-15 12:15:00-04:00,744.2100219726562,744.3300170898438,743.7100219726562,744.0198974609375,178872,0.0,0.0,0.0
2026-06-15 12:20:00-04:00,744.02001953125,744.5999145507812,743.989990234375,744.530029296875,284397,0.0,0.0,0.0
2026-06-15 12:25:00-04:00,744.530029296875,744.719970703125,744.2000122070312,744.4749755859375,188433,0.0,0.0,0.0
2026-06-15 12:30:00-04:00,744.4669799804688,744.7598876953125,743.8834838867188,743.8970947265625,166882,0.0,0.0,0.0
2026-06-15 12:35:00-04:00,743.8900146484375,744.1900024414062,743.526611328125,743.719970703125,919447,0.0,0.0,0.0
2026-06-15 12:40:00-04:00,743.72998046875,744.2899780273438,743.5399780273438,743.969970703125,254801,0.0,0.0,0.0
2026-06-15 12:45:00-04:00,743.9600219726562,743.9600219726562,743.27001953125,743.6300048828125,649150,0.0,0.0,0.0
2026-06-15 12:50:00-04:00,743.6300048828125,743.9099731445312,743.4199829101562,743.510009765625,214614,0.0,0.0,0.0
2026-06-15 12:55:00-04:00,743.5250244140625,743.8200073242188,743.3200073242188,743.6699829101562,538206,0.0,0.0,0.0
2026-06-15 13:00:00-04:00,743.6799926757812,743.97998046875,742.9400024414062,743.8200073242188,205312,0.0,0.0,0.0
2026-06-15 13:05:00-04:00,743.8499755859375,744.1041870117188,742.77001953125,743.0800170898438,232371,0.0,0.0,0.0
2026-06-15 13:10:00-04:00,743.0700073242188,743.6199951171875,743.010009765625,743.3300170898438,1564909,0.0,0.0,0.0
2026-06-15 13:15:00-04:00,743.3150024414062,743.989990234375,743.2150268554688,743.6400146484375,115340,0.0,0.0,0.0
2026-06-15 13:20:00-04:00,743.6199951171875,743.9199829101562,743.3300170898438,743.885009765625,471939,0.0,0.0,0.0
2026-06-15 13:25:00-04:00,743.9000244140625,744.239990234375,743.635009765625,744.010009765625,591633,0.0,0.0,0.0
2026-06-15 13:30:00-04:00,744.030029296875,744.2349853515625,743.5650024414062,743.8599853515625,137974,0.0,0.0,0.0
2026-06-15 13:35:00-04:00,743.8400268554688,744.1749877929688,743.8400268554688,744.0125732421875,1440435,0.0,0.0,0.0
2026-06-15 13:40:00-04:00,743.9874877929688,744.0700073242188,743.739990234375,743.8499755859375,91301,0.0,0.0,0.0
2026-06-15 13:45:00-04:00,743.8400268554688,743.969970703125,743.530029296875,743.9099731445312,125405,0.0,0.0,0.0
2026-06-15 13:50:00-04:00,743.9199829101562,744.0700073242188,743.5499877929688,743.6350708007812,167625,0.0,0.0,0.0
2026-06-15 13:55:00-04:00,743.6400146484375,743.6900024414062,743.3214111328125,743.4400024414062,170146,0.0,0.0,0.0
2026-06-15 14:00:00-04:00,743.469970703125,743.6099853515625,742.7999877929688,742.97998046875,289545,0.0,0.0,0.0
2026-06-15 14:05:00-04:00,742.9500122070312,743.4099731445312,742.8300170898438,743.3599853515625,409080,0.0,0.0,0.0
2026-06-15 14:10:00-04:00,743.3400268554688,743.72998046875,743.2780151367188,743.6599731445312,226704,0.0,0.0,0.0
2026-06-15 14:15:00-04:00,743.6900024414062,743.9199829101562,743.510009765625,743.6400146484375,133417,0.0,0.0,0.0
2026-06-15 14:20:00-04:00,743.610107421875,743.7100219726562,743.3200073242188,743.3499755859375,160305,0.0,0.0,0.0
2026-06-15 14:25:00-04:00,743.3699951171875,743.5499267578125,742.9400024414062,743.0399780273438,151250,0.0,0.0,0.0
2026-06-15 14:30:00-04:00,743.02001953125,743.5599975585938,742.6500244140625,743.340087890625,283273,0.0,0.0,0.0
2026-06-15 14:35:00-04:00,743.3699951171875,744.0191040039062,743.27001953125,743.969970703125,698017,0.0,0.0,0.0
2026-06-15 14:40:00-04:00,743.97998046875,744.0999755859375,743.6900024414062,744.0,357493,0.0,0.0,0.0
2026-06-15 14:45:00-04:00,743.9660034179688,744.280029296875,743.7150268554688,744.010009765625,656450,0.0,0.0,0.0
2026-06-15 14:50:00-04:00,743.9650268554688,744.1099243164062,743.7100219726562,743.8499755859375,288206,0.0,0.0,0.0
2026-06-15 14:55:00-04:00,743.8099975585938,744.02001953125,743.3499755859375,743.530029296875,342666,0.0,0.0,0.0
2026-06-15 15:00:00-04:00,743.530029296875,743.77001953125,743.155029296875,743.2349853515625,170181,0.0,0.0,0.0
2026-06-15 15:05:00-04:00,743.22998046875,743.5599975585938,743.0399780273438,743.3499755859375,407726,0.0,0.0,0.0
2026-06-15 15:10:00-04:00,743.3200073242188,743.6900024414062,743.1799926757812,743.4299926757812,220316,0.0,0.0,0.0
2026-06-15 15:15:00-04:00,743.4299926757812,743.7374877929688,743.22998046875,743.375,250693,0.0,0.0,0.0
2026-06-15 15:20:00-04:00,743.3800048828125,743.4550170898438,742.9099731445312,743.0399780273438,441430,0.0,0.0,0.0
2026-06-15 15:25:00-04:00,743.02001953125,743.260009765625,742.8200073242188,742.8200073242188,460016,0.0,0.0,0.0
2026-06-15 15:30:00-04:00,742.8099975585938,743.3499755859375,742.5700073242188,743.0159912109375,519376,0.0,0.0,0.0
2026-06-15 15:35:00-04:00,743.0399780273438,743.530029296875,742.8800048828125,743.4299926757812,275916,0.0,0.0,0.0
2026-06-15 15:40:00-04:00,743.4000244140625,743.6199951171875,743.2899780273438,743.3900146484375,292027,0.0,0.0,0.0
2026-06-15 15:45:00-04:00,743.3800048828125,743.9044799804688,743.1900024414062,743.719970703125,693705,0.0,0.0,0.0
2026-06-15 15:50:00-04:00,743.6799926757812,743.6799926757812,742.5449829101562,743.0700073242188,1030505,0.0,0.0,0.0
2026-06-15 15:55:00-04:00,743.030029296875,743.9400024414062,742.4299926757812,743.8099975585938,2361408,0.0,0.0,0.0
2026-06-16 09:30:00-04:00,742.280029296875,742.5,740.8200073242188,741.8300170898438,2402518,0.0,0.0,0.0
2026-06-16 09:35:00-04:00,741.8400268554688,742.989990234375,741.60009765625,741.614990234375,811082,0.0,0.0,0.0
2026-06-16 09:40:00-04:00,741.6400146484375,743.489990234375,741.5886840820312,742.4749755859375,533304,0.0,0.0,0.0
2026-06-16 09:45:00-04:00,742.4600219726562,744.0700073242188,742.3300170898438,743.5399780273438,610042,0.0,0.0,0.0
2026-06-16 09:50:00-04:00,743.5700073242188,744.0999755859375,743.1799926757812,743.719970703125,333813,0.0,0.0,0.0
2026-06-16 09:55:00-04:00,743.8049926757812,744.219970703125,741.969970703125,742.219970703125,605177,0.0,0.0,0.0
2026-06-16 10:00:00-04:00,742.260009765625,742.9099731445312,741.9000854492188,742.7100219726562,360003,0.0,0.0,0.0
2026-06-16 10:05:00-04:00,742.6599731445312,743.3300170898438,742.0599975585938,743.2520141601562,685491,0.0,0.0,0.0
2026-06-16 10:10:00-04:00,743.280029296875,743.3400268554688,742.0701293945312,742.4099731445312,541786,0.0,0.0,0.0
2026-06-16 10:15:00-04:00,742.4298706054688,742.6345825195312,740.3300170898438,740.5599975585938,563714,0.0,0.0,0.0
2026-06-16 10:20:00-04:00,740.5399780273438,741.27197265625,738.9000244140625,739.8300170898438,1065764,0.0,0.0,0.0
2026-06-16 10:25:00-04:00,739.8900146484375,740.8300170898438,739.0399780273438,739.1099853515625,737982,0.0,0.0,0.0
2026-06-16 10:30:00-04:00,739.0900268554688,739.1099853515625,736.9400024414062,737.3840942382812,1213861,0.0,0.0,0.0
2026-06-16 10:35:00-04:00,737.3201293945312,739.1199951171875,737.3201293945312,738.9500122070312,668026,0.0,0.0,0.0
2026-06-16 10:40:00-04:00,738.9400024414062,739.9600219726562,738.5106811523438,739.22998046875,430817,0.0,0.0,0.0
2026-06-16 10:45:00-04:00,739.1599731445312,739.1599731445312,737.760009765625,737.8800048828125,324127,0.0,0.0,0.0
2026-06-16 10:50:00-04:00,737.8200073242188,738.9400024414062,737.7423095703125,738.0,399261,0.0,0.0,0.0
2026-06-16 10:55:00-04:00,737.8800048828125,737.969970703125,736.2874755859375,737.2000122070312,624653,0.0,0.0,0.0
2026-06-16 11:00:00-04:00,737.2000122070312,738.0900268554688,736.9520263671875,737.8800048828125,538184,0.0,0.0,0.0
2026-06-16 11:05:00-04:00,737.9199829101562,738.4400024414062,737.3900756835938,738.0349731445312,303688,0.0,0.0,0.0
2026-06-16 11:10:00-04:00,738.02001953125,738.7296142578125,737.4400024414062,737.7000122070312,284422,0.0,0.0,0.0
2026-06-16 11:15:00-04:00,737.7000122070312,738.3599853515625,737.030029296875,737.0399780273438,257350,0.0,0.0,0.0
2026-06-16 11:20:00-04:00,737.1099243164062,737.510009765625,735.6099853515625,736.25,564219,0.0,0.0,0.0
2026-06-16 11:25:00-04:00,736.2100219726562,736.5,734.739990234375,735.6099853515625,718528,0.0,0.0,0.0
2026-06-16 11:30:00-04:00,735.7100219726562,736.4500122070312,735.5599975585938,736.0599975585938,472418,0.0,0.0,0.0
2026-06-16 11:35:00-04:00,736.0599975585938,736.5800170898438,734.4199829101562,734.8350219726562,358954,0.0,0.0,0.0
2026-06-16 11:40:00-04:00,734.8400268554688,735.2098999023438,733.9299926757812,734.1799926757812,454087,0.0,0.0,0.0
2026-06-16 11:45:00-04:00,734.1199951171875,734.47998046875,732.510009765625,733.0601196289062,787457,0.0,0.0,0.0
2026-06-16 11:50:00-04:00,733.0401000976562,735.1599731445312,732.5300903320312,734.9600219726562,861312,0.0,0.0,0.0
2026-06-16 11:55:00-04:00,734.9600219726562,735.469970703125,733.8699951171875,733.9500732421875,375132,0.0,0.0,0.0
2026-06-16 12:00:00-04:00,733.9600219726562,735.8699951171875,733.8800048828125,735.5,924402,0.0,0.0,0.0
2026-06-16 12:05:00-04:00,735.47998046875,736.1500244140625,735.0999755859375,735.739990234375,315579,0.0,0.0,0.0
2026-06-16 12:10:00-04:00,735.6801147460938,736.4099731445312,735.3701171875,735.5850219726562,381415,0.0,0.0,0.0
2026-06-16 12:15:00-04:00,735.6099853515625,736.1500244140625,735.114990234375,735.8900146484375,395033,0.0,0.0,0.0
2026-06-16 12:20:00-04:00,735.9000244140625,736.5399780273438,735.60009765625,736.0,244661,0.0,0.0,0.0
2026-06-16 12:25:00-04:00,735.9600219726562,736.1298828125,735.4099731445312,735.6749877929688,307153,0.0,0.0,0.0
2026-06-16 12:30:00-04:00,735.6699829101562,735.780029296875,734.010009765625,734.0399780273438,399043,0.0,0.0,0.0
2026-06-16 12:35:00-04:00,734.010009765625,734.5900268554688,733.4299926757812,733.989990234375,286042,0.0,0.0,0.0
2026-06-16 12:40:00-04:00,734.0,735.0399169921875,733.7000122070312,734.719970703125,302463,0.0,0.0,0.0
2026-06-16 12:45:00-04:00,734.739990234375,735.27001953125,734.2100219726562,734.5999755859375,161333,0.0,0.0,0.0
2026-06-16 12:50:00-04:00,734.6300048828125,735.2899780273438,734.1099853515625,734.3200073242188,390734,0.0,0.0,0.0
2026-06-16 12:55:00-04:00,734.3200073242188,734.6799926757812,733.5700073242188,734.669921875,493392,0.0,0.0,0.0
2026-06-16 13:00:00-04:00,734.6199951171875,734.6599731445312,733.5999755859375,734.125,270530,0.0,0.0,0.0
2026-06-16 13:05:00-04:00,734.1300048828125,734.2100219726562,733.6799926757812,733.8900146484375,279053,0.0,0.0,0.0
2026-06-16 13:10:00-04:00,733.9450073242188,734.5999755859375,733.760009765625,734.1500244140625,198401,0.0,0.0,0.0
2026-06-16 13:15:00-04:00,734.1649780273438,734.4398803710938,733.5,733.635009765625,208196,0.0,0.0,0.0
2026-06-16 13:20:00-04:00,733.6199951171875,734.0,732.9550170898438,733.989990234375,278034,0.0,0.0,0.0
2026-06-16 13:25:00-04:00,734.0,734.0999755859375,733.4199829101562,733.64990234375,228537,0.0,0.0,0.0
2026-06-16 13:30:00-04:00,733.6199951171875,733.8400268554688,733.0499877929688,733.4000244140625,226827,0.0,0.0,0.0
2026-06-16 13:35:00-04:00,733.3632202148438,733.489990234375,732.280029296875,732.5800170898438,277413,0.0,0.0,0.0
2026-06-16 13:40:00-04:00,732.530029296875,733.6599731445312,732.27001953125,733.2949829101562,418261,0.0,0.0,0.0
2026-06-16 13:45:00-04:00,733.2899780273438,733.9299926757812,732.969970703125,733.9180297851562,316672,0.0,0.0,0.0
2026-06-16 13:50:00-04:00,733.9500122070312,734.8099975585938,733.7100219726562,734.8049926757812,440703,0.0,0.0,0.0
2026-06-16 13:55:00-04:00,734.8049926757812,735.0599975585938,733.9924926757812,734.0499877929688,305943,0.0,0.0,0.0
2026-06-16 14:00:00-04:00,734.048828125,734.4699096679688,733.8800048828125,734.35498046875,195697,0.0,0.0,0.0
2026-06-16 14:05:00-04:00,734.3416137695312,734.469970703125,733.9301147460938,734.2000122070312,157182,0.0,0.0,0.0
2026-06-16 14:10:00-04:00,734.1950073242188,734.4299926757812,733.9370727539062,733.9743041992188,110446,0.0,0.0,0.0
2026-06-16 14:15:00-04:00,733.9849853515625,734.010009765625,733.2899780273438,733.489990234375,261051,0.0,0.0,0.0
2026-06-16 14:20:00-04:00,733.469970703125,733.8200073242188,733.3250122070312,733.6300048828125,214677,0.0,0.0,0.0
2026-06-16 14:25:00-04:00,733.6300048828125,734.2199096679688,733.5701293945312,733.8599853515625,168050,0.0,0.0,0.0
2026-06-16 14:30:00-04:00,733.8800048828125,734.0,733.1300048828125,733.25,300662,0.0,0.0,0.0
2026-06-16 14:35:00-04:00,733.2000122070312,733.6799926757812,732.77001953125,733.5900268554688,447926,0.0,0.0,0.0
2026-06-16 14:40:00-04:00,733.5650024414062,733.7899780273438,733.3499755859375,733.6649780273438,271119,0.0,0.0,0.0
2026-06-16 14:45:00-04:00,733.6599731445312,733.8099975585938,733.0,733.0650024414062,197487,0.0,0.0,0.0
2026-06-16 14:50:00-04:00,733.0601196289062,733.4400024414062,732.9199829101562,733.1500244140625,1103417,0.0,0.0,0.0
2026-06-16 14:55:00-04:00,733.155029296875,733.4500122070312,732.760009765625,733.1699829101562,331162,0.0,0.0,0.0
2026-06-16 15:00:00-04:00,733.1699829101562,734.0401000976562,732.7000732421875,733.9249877929688,270062,0.0,0.0,0.0
2026-06-16 15:05:00-04:00,733.9105834960938,734.02001953125,732.97998046875,733.030029296875,269412,0.0,0.0,0.0
2026-06-16 15:10:00-04:00,733.0355224609375,733.2100219726562,731.8900146484375,732.1199951171875,852211,0.0,0.0,0.0
2026-06-16 15:15:00-04:00,732.1199951171875,732.1799926757812,730.6500244140625,732.10498046875,849946,0.0,0.0,0.0
2026-06-16 15:20:00-04:00,732.1431274414062,733.0,732.010009765625,732.9000244140625,450855,0.0,0.0,0.0
2026-06-16 15:25:00-04:00,732.9099731445312,733.2899780273438,732.5999755859375,733.1400146484375,381927,0.0,0.0,0.0
2026-06-16 15:30:00-04:00,733.135009765625,733.52001953125,732.594970703125,732.6400146484375,385681,0.0,0.0,0.0
2026-06-16 15:35:00-04:00,732.6500244140625,733.1099243164062,731.4199829101562,731.5750122070312,380528,0.0,0.0,0.0
2026-06-16 15:40:00-04:00,731.5599975585938,732.47998046875,731.2899780273438,732.4149780273438,890403,0.0,0.0,0.0
2026-06-16 15:45:00-04:00,732.3800048828125,732.5,731.6099853515625,731.9500122070312,534835,0.0,0.0,0.0
2026-06-16 15:50:00-04:00,731.97998046875,732.530029296875,730.840087890625,731.8400268554688,1103116,0.0,0.0,0.0
2026-06-16 15:55:00-04:00,731.7899780273438,731.8200073242188,729.6400146484375,729.780029296875,3762000,0.0,0.0,0.0
2026-06-17 09:30:00-04:00,735.219970703125,735.25,732.6799926757812,733.125,2107707,0.0,0.0,0.0
2026-06-17 09:35:00-04:00,733.1599731445312,733.969970703125,732.1500244140625,732.4199829101562,582040,0.0,0.0,0.0
2026-06-17 09:40:00-04:00,732.4099731445312,735.2000122070312,732.1900024414062,735.0,514305,0.0,0.0,0.0
2026-06-17 09:45:00-04:00,735.0700073242188,735.5700073242188,733.469970703125,733.469970703125,431461,0.0,0.0,0.0
2026-06-17 09:50:00-04:00,733.4600219726562,734.239990234375,732.8400268554688,733.969970703125,538766,0.0,0.0,0.0
2026-06-17 09:55:00-04:00,733.969970703125,734.0599975585938,730.8800048828125,730.9199829101562,599196,0.0,0.0,0.0
2026-06-17 10:00:00-04:00,730.9299926757812,732.22998046875,730.3101196289062,731.8900146484375,658713,0.0,0.0,0.0
2026-06-17 10:05:00-04:00,731.8499755859375,732.8699951171875,730.9500122070312,731.8699951171875,554516,0.0,0.0,0.0
2026-06-17 10:10:00-04:00,731.8699951171875,733.343017578125,731.2100219726562,733.2349853515625,470103,0.0,0.0,0.0
2026-06-17 10:15:00-04:00,733.239990234375,734.2999877929688,733.030029296875,733.8599853515625,509302,0.0,0.0,0.0
2026-06-17 10:20:00-04:00,733.8499755859375,735.677978515625,733.5999755859375,735.4600219726562,471155,0.0,0.0,0.0
2026-06-17 10:25:00-04:00,735.510009765625,735.6099853515625,734.2999877929688,734.8300170898438,375427,0.0,0.0,0.0
2026-06-17 10:30:00-04:00,734.885009765625,734.9000244140625,732.8900756835938,733.6500244140625,352787,0.0,0.0,0.0
2026-06-17 10:35:00-04:00,733.6500244140625,734.0449829101562,732.4400024414062,732.72998046875,289233,0.0,0.0,0.0
2026-06-17 10:40:00-04:00,732.8084716796875,733.3499755859375,731.5700073242188,733.010009765625,391018,0.0,0.0,0.0
2026-06-17 10:45:00-04:00,732.989990234375,733.6981811523438,729.5599975585938,731.4600219726562,846586,0.0,0.0,0.0
2026-06-17 10:50:00-04:00,731.5,733.0499877929688,731.1400146484375,732.9000244140625,365192,0.0,0.0,0.0
2026-06-17 10:55:00-04:00,732.8499755859375,732.8499755859375,731.0800170898438,731.22998046875,270642,0.0,0.0,0.0
2026-06-17 11:00:00-04:00,731.239990234375,732.2750244140625,731.1019897460938,731.7849731445312,254755,0.0,0.0,0.0
2026-06-17 11:05:00-04:00,731.739013671875,732.4949951171875,730.8699951171875,731.2000122070312,316571,0.0,0.0,0.0
2026-06-17 11:10:00-04:00,731.1900024414062,732.67529296875,731.0999755859375,732.4550170898438,224313,0.0,0.0,0.0
2026-06-17 11:15:00-04:00,732.4400024414062,733.5700073242188,732.1300048828125,732.7349853515625,472401,0.0,0.0,0.0
2026-06-17 11:20:00-04:00,732.7999877929688,733.2000122070312,732.1389770507812,732.5150146484375,177234,0.0,0.0,0.0
2026-06-17 11:25:00-04:00,732.489990234375,732.75,732.0599975585938,732.635009765625,250558,0.0,0.0,0.0
2026-06-17 11:30:00-04:00,732.6199951171875,733.3798828125,732.1893920898438,733.0,178198,0.0,0.0,0.0
2026-06-17 11:35:00-04:00,732.9400024414062,733.4400024414062,732.6300048828125,733.3300170898438,157384,0.0,0.0,0.0
2026-06-17 11:40:00-04:00,733.2999877929688,733.375,732.3200073242188,732.5800170898438,222261,0.0,0.0,0.0
2026-06-17 11:45:00-04:00,732.6090698242188,733.3200073242188,732.5599975585938,733.280029296875,587152,0.0,0.0,0.0
2026-06-17 11:50:00-04:00,733.3200073242188,733.52001953125,732.919189453125,733.030029296875,1518820,0.0,0.0,0.0
2026-06-17 11:55:00-04:00,732.9600219726562,733.6254272460938,732.7899780273438,733.4299926757812,159541,0.0,0.0,0.0
2026-06-17 12:00:00-04:00,733.4600219726562,733.9400024414062,733.2999877929688,733.4099731445312,207514,0.0,0.0,0.0
2026-06-17 12:05:00-04:00,733.3900146484375,733.7698974609375,733.1799926757812,733.510009765625,140424,0.0,0.0,0.0
2026-06-17 12:10:00-04:00,733.469970703125,733.47998046875,732.7999877929688,733.260009765625,1923296,0.0,0.0,0.0
2026-06-17 12:15:00-04:00,733.27001953125,733.6325073242188,732.9299926757812,733.6099853515625,470681,0.0,0.0,0.0
2026-06-17 12:20:00-04:00,733.6400146484375,733.8400268554688,733.3790283203125,733.6516723632812,703265,0.0,0.0,0.0
2026-06-17 12:25:00-04:00,733.7050170898438,733.97998046875,733.3800048828125,733.6500244140625,133852,0.0,0.0,0.0
2026-06-17 12:30:00-04:00,733.6699829101562,733.9400024414062,733.0800170898438,733.2034301757812,116857,0.0,0.0,0.0
2026-06-17 12:35:00-04:00,733.1799926757812,733.719970703125,733.0900268554688,733.6300048828125,115951,0.0,0.0,0.0
2026-06-17 12:40:00-04:00,733.6300048828125,733.6849975585938,732.7100219726562,732.97998046875,136429,0.0,0.0,0.0
2026-06-17 12:45:00-04:00,733.0,733.0,732.1699829101562,732.4400024414062,204291,0.0,0.0,0.0
2026-06-17 12:50:00-04:00,732.3900146484375,732.760009765625,732.1500244140625,732.1900024414062,113264,0.0,0.0,0.0
2026-06-17 12:55:00-04:00,732.2100219726562,732.5999145507812,732.2050170898438,732.47998046875,71275,0.0,0.0,0.0
2026-06-17 13:00:00-04:00,732.47998046875,732.47998046875,731.3800048828125,731.5449829101562,199908,0.0,0.0,0.0
2026-06-17 13:05:00-04:00,731.5499877929688,732.1500244140625,730.510009765625,731.827880859375,325833,0.0,0.0,0.0
2026-06-17 13:10:00-04:00,731.8200073242188,732.1799926757812,731.739990234375,731.760009765625,156628,0.0,0.0,0.0
2026-06-17 13:15:00-04:00,731.719970703125,732.0349731445312,731.1849975585938,732.02001953125,211689,0.0,0.0,0.0
2026-06-17 13:20:00-04:00,732.010009765625,732.6699829101562,731.739990234375,732.4299926757812,178673,0.0,0.0,0.0
2026-06-17 13:25:00-04:00,732.489990234375,732.9400024414062,732.27001953125,732.7800903320312,215616,0.0,0.0,0.0
2026-06-17 13:30:00-04:00,732.75,732.75,732.030029296875,732.0911865234375,124411,0.0,0.0,0.0
2026-06-17 13:35:00-04:00,732.1300048828125,732.8900146484375,731.9450073242188,732.7100219726562,217172,0.0,0.0,0.0
2026-06-17 13:40:00-04:00,732.739990234375,732.7507934570312,732.1699829101562,732.2249755859375,172747,0.0,0.0,0.0
2026-06-17 13:45:00-04:00,732.260009765625,732.7899780273438,732.030029296875,732.7000122070312,872002,0.0,0.0,0.0
2026-06-17 13:50:00-04:00,732.6799926757812,733.8400268554688,732.3900146484375,733.5089111328125,173247,0.0,0.0,0.0
2026-06-17 13:55:00-04:00,733.5150146484375,734.1099853515625,733.1950073242188,734.0675048828125,238362,0.0,0.0,0.0
2026-06-17 14:00:00-04:00,734.0599975585938,734.2100219726562,726.9199829101562,727.0,1390869,0.0,0.0,0.0
2026-06-17 14:05:00-04:00,726.989990234375,729.3499755859375,724.530029296875,729.0399780273438,1706115,0.0,0.0,0.0
2026-06-17 14:10:00-04:00,729.0499877929688,729.9199829101562,728.1500244140625,729.1199951171875,872601,0.0,0.0,0.0
2026-06-17 14:15:00-04:00,729.0499877929688,731.0850219726562,729.0499877929688,730.6699829101562,609495,0.0,0.0,0.0
2026-06-17 14:20:00-04:00,730.6699829101562,730.7899780273438,728.1199951171875,728.4749755859375,505582,0.0,0.0,0.0
2026-06-17 14:25:00-04:00,728.4349975585938,729.1099853515625,727.2000122070312,728.6895141601562,591824,0.0,0.0,0.0
2026-06-17 14:30:00-04:00,728.6799926757812,731.0599975585938,727.7999877929688,728.3499755859375,1237348,0.0,0.0,0.0
2026-06-17 14:35:00-04:00,728.489990234375,732.4000244140625,728.3599853515625,731.6500244140625,881591,0.0,0.0,0.0
2026-06-17 14:40:00-04:00,731.5599975585938,735.3800048828125,731.5599975585938,735.0,1109823,0.0,0.0,0.0
2026-06-17 14:45:00-04:00,735.030029296875,735.0499877929688,733.135009765625,733.7100219726562,664464,0.0,0.0,0.0
2026-06-17 14:50:00-04:00,733.7000122070312,734.3399047851562,732.635009765625,732.8499755859375,529941,0.0,0.0,0.0
2026-06-17 14:55:00-04:00,732.8499755859375,732.9199829101562,728.0800170898438,729.4199829101562,964752,0.0,0.0,0.0
2026-06-17 15:00:00-04:00,729.4299926757812,731.4199829101562,728.9600219726562,729.9000244140625,722376,0.0,0.0,0.0
2026-06-17 15:05:00-04:00,729.885009765625,730.9799194335938,729.4099731445312,729.7586059570312,812279,0.0,0.0,0.0
2026-06-17 15:10:00-04:00,729.8200073242188,731.760009765625,727.6599731445312,731.2899780273438,783977,0.0,0.0,0.0
2026-06-17 15:15:00-04:00,731.310302734375,731.47998046875,728.0,728.0800170898438,501718,0.0,0.0,0.0
2026-06-17 15:20:00-04:00,728.0800170898438,728.0800170898438,725.2000122070312,725.2249755859375,949233,0.0,0.0,0.0
2026-06-17 15:25:00-04:00,725.3200073242188,727.5999755859375,725.3200073242188,725.8499755859375,732635,0.0,0.0,0.0
2026-06-17 15:30:00-04:00,725.8300170898438,726.6799926757812,724.0999755859375,724.1099853515625,792904,0.0,0.0,0.0
2026-06-17 15:35:00-04:00,724.25,725.6994018554688,721.1900024414062,721.8049926757812,1182653,0.0,0.0,0.0
2026-06-17 15:40:00-04:00,721.8200073242188,722.4600219726562,721.1199951171875,721.8472290039062,1221159,0.0,0.0,0.0
2026-06-17 15:45:00-04:00,721.8800048828125,724.094970703125,721.4299926757812,723.135009765625,1069139,0.0,0.0,0.0
2026-06-17 15:50:00-04:00,723.0700073242188,723.127197265625,720.8499755859375,721.469970703125,1281525,0.0,0.0,0.0
2026-06-17 15:55:00-04:00,721.4600219726562,723.780029296875,721.2999877929688,722.4000244140625,1954502,0.0,0.0,0.0
2026-06-18 09:30:00-04:00,737.0999755859375,737.6400146484375,734.5700073242188,734.6199951171875,3934746,0.0,0.0,0.0
2026-06-18 09:35:00-04:00,734.6300048828125,735.02001953125,732.8099975585938,733.8599853515625,1332846,0.0,0.0,0.0
2026-06-18 09:40:00-04:00,733.9000244140625,734.6691284179688,732.530029296875,732.7249755859375,759699,0.0,0.0,0.0
2026-06-18 09:45:00-04:00,732.6900024414062,735.0999755859375,732.6900024414062,734.94140625,971070,0.0,0.0,0.0
2026-06-18 09:50:00-04:00,734.9400024414062,735.989990234375,733.99072265625,734.1199951171875,678908,0.0,0.0,0.0
2026-06-18 09:55:00-04:00,734.219970703125,734.6599731445312,732.7999877929688,734.2050170898438,560675,0.0,0.0,0.0
2026-06-18 10:00:00-04:00,734.3900146484375,735.77001953125,733.8699951171875,735.4600219726562,652868,0.0,0.0,0.0
2026-06-18 10:05:00-04:00,735.4299926757812,737.2349853515625,735.25,736.5601196289062,601129,0.0,0.0,0.0
2026-06-18 10:10:00-04:00,736.5999755859375,736.739990234375,735.1199951171875,735.6400146484375,491646,0.0,0.0,0.0
2026-06-18 10:15:00-04:00,735.6300048828125,737.77001953125,735.0999755859375,737.3812255859375,690177,0.0,0.0,0.0
2026-06-18 10:20:00-04:00,737.4199829101562,738.4196166992188,736.5999755859375,737.9600219726562,682864,0.0,0.0,0.0
2026-06-18 10:25:00-04:00,738.0,738.0650024414062,735.1400146484375,735.52001953125,482056,0.0,0.0,0.0
2026-06-18 10:30:00-04:00,735.489990234375,736.1699829101562,734.2000122070312,736.1699829101562,579340,0.0,0.0,0.0
2026-06-18 10:35:00-04:00,736.1500244140625,737.5800170898438,735.6500244140625,737.3499755859375,381515,0.0,0.0,0.0
2026-06-18 10:40:00-04:00,737.3699951171875,737.6199951171875,736.219970703125,736.780029296875,576679,0.0,0.0,0.0
2026-06-18 10:45:00-04:00,736.7100219726562,738.7999877929688,736.6799926757812,738.4500122070312,778352,0.0,0.0,0.0
2026-06-18 10:50:00-04:00,738.4500122070312,738.4799194335938,737.2301025390625,737.719970703125,361572,0.0,0.0,0.0
2026-06-18 10:55:00-04:00,737.719970703125,738.5599975585938,737.4299926757812,737.9199829101562,457721,0.0,0.0,0.0
2026-06-18 11:00:00-04:00,737.9000244140625,738.1599731445312,737.0300903320312,737.9180908203125,569548,0.0,0.0,0.0
2026-06-18 11:05:00-04:00,737.8800048828125,738.530029296875,737.6099853515625,738.2650146484375,409268,0.0,0.0,0.0
2026-06-18 11:10:00-04:00,738.25,739.1400146484375,738.0399780273438,738.0399780273438,333011,0.0,0.0,0.0
2026-06-18 11:15:00-04:00,738.0599975585938,738.4600219726562,737.280029296875,737.5599975585938,276939,0.0,0.0,0.0
2026-06-18 11:20:00-04:00,737.5800170898438,738.1199951171875,736.9500122070312,737.2000122070312,374411,0.0,0.0,0.0
2026-06-18 11:25:00-04:00,737.2003784179688,738.0499877929688,736.6500244140625,736.9799194335938,265993,0.0,0.0,0.0
2026-06-18 11:30:00-04:00,736.97998046875,737.719970703125,736.5499877929688,737.119873046875,358955,0.0,0.0,0.0
2026-06-18 11:35:00-04:00,737.0850219726562,737.0850219726562,734.989990234375,735.989990234375,402892,0.0,0.0,0.0
2026-06-18 11:40:00-04:00,735.9600219726562,736.7899780273438,735.4000244140625,735.8878784179688,4278021,0.0,0.0,0.0
2026-06-18 11:45:00-04:00,735.8200073242188,736.469970703125,734.9500122070312,736.2100219726562,313089,0.0,0.0,0.0
2026-06-18 11:50:00-04:00,736.239990234375,737.968994140625,736.2100219726562,737.39501953125,324865,0.0,0.0,0.0
2026-06-18 11:55:00-04:00,737.4299926757812,738.5499877929688,737.4299926757812,738.2999877929688,282234,0.0,0.0,0.0
2026-06-18 12:00:00-04:00,738.280029296875,738.8800048828125,738.0599975585938,738.2291259765625,331682,0.0,0.0,0.0
2026-06-18 12:05:00-04:00,738.219970703125,739.02001953125,737.97998046875,738.510009765625,397948,0.0,0.0,0.0
2026-06-18 12:10:00-04:00,738.5,738.780029296875,738.22998046875,738.47998046875,179028,0.0,0.0,0.0
2026-06-18 12:15:00-04:00,738.5499877929688,738.6199951171875,738.0,738.5499877929688,270872,0.0,0.0,0.0
2026-06-18 12:20:00-04:00,738.5499877929688,739.4699096679688,738.5499877929688,739.0050048828125,338732,0.0,0.0,0.0
2026-06-18 12:25:00-04:00,738.989990234375,739.3900146484375,738.719970703125,739.260009765625,265192,0.0,0.0,0.0
2026-06-18 12:30:00-04:00,739.280029296875,739.3400268554688,738.8200073242188,739.1500244140625,185842,0.0,0.0,0.0
2026-06-18 12:35:00-04:00,739.1400146484375,739.8400268554688,738.7999877929688,739.5800170898438,288636,0.0,0.0,0.0
2026-06-18 12:40:00-04:00,739.6099853515625,739.8499755859375,739.330078125,739.4840698242188,267777,0.0,0.0,0.0
2026-06-18 12:45:00-04:00,739.47998046875,739.6010131835938,739.1900024414062,739.4000244140625,274544,0.0,0.0,0.0
2026-06-18 12:50:00-04:00,739.4400024414062,739.4400024414062,738.7000122070312,738.802001953125,230867,0.0,0.0,0.0
2026-06-18 12:55:00-04:00,738.8198852539062,739.3350219726562,738.5399780273438,739.3350219726562,236141,0.0,0.0,0.0
2026-06-18 13:00:00-04:00,739.3499755859375,739.6638793945312,738.6699829101562,739.6300048828125,247907,0.0,0.0,0.0
2026-06-18 13:05:00-04:00,739.6300048828125,740.239990234375,739.5900268554688,739.8599853515625,431212,0.0,0.0,0.0
2026-06-18 13:10:00-04:00,739.85498046875,740.1849975585938,739.6699829101562,740.0125122070312,164927,0.0,0.0,0.0
2026-06-18 13:15:00-04:00,740.0,740.5488891601562,739.8099975585938,740.3499755859375,238481,0.0,0.0,0.0
2026-06-18 13:20:00-04:00,740.3599853515625,740.5399780273438,739.885009765625,739.885009765625,399059,0.0,0.0,0.0
2026-06-18 13:25:00-04:00,739.8939819335938,740.0,739.5900268554688,739.99951171875,258129,0.0,0.0,0.0
2026-06-18 13:30:00-04:00,739.989990234375,740.6199951171875,739.989990234375,740.3699951171875,153968,0.0,0.0,0.0
2026-06-18 13:35:00-04:00,740.3800048828125,740.47998046875,740.030029296875,740.0838012695312,93456,0.0,0.0,0.0
2026-06-18 13:40:00-04:00,740.0800170898438,740.5250244140625,739.969970703125,740.3200073242188,158780,0.0,0.0,0.0
2026-06-18 13:45:00-04:00,740.3300170898438,740.52001953125,740.1500244140625,740.2899780273438,647319,0.0,0.0,0.0
2026-06-18 13:50:00-04:00,740.3099975585938,740.5800170898438,740.1400146484375,740.1400146484375,160923,0.0,0.0,0.0
2026-06-18 13:55:00-04:00,740.1500244140625,740.1699829101562,739.8200073242188,739.9149780273438,263122,0.0,0.0,0.0
2026-06-18 14:00:00-04:00,739.9600219726562,740.1400146484375,739.5700073242188,739.7080078125,286695,0.0,0.0,0.0
2026-06-18 14:05:00-04:00,739.7100219726562,740.1400146484375,739.6099853515625,739.8400268554688,171715,0.0,0.0,0.0
2026-06-18 14:10:00-04:00,739.7949829101562,740.219970703125,739.7100219726562,739.7100219726562,255413,0.0,0.0,0.0
2026-06-18 14:15:00-04:00,739.7390747070312,739.7390747070312,739.3037109375,739.489990234375,287299,0.0,0.0,0.0
2026-06-18 14:20:00-04:00,739.5,739.989990234375,739.3201904296875,739.6300048828125,165496,0.0,0.0,0.0
2026-06-18 14:25:00-04:00,739.6500244140625,739.9199829101562,739.5399780273438,739.5900268554688,110377,0.0,0.0,0.0
2026-06-18 14:30:00-04:00,739.5999755859375,739.6099853515625,739.0599975585938,739.2100219726562,135099,0.0,0.0,0.0
2026-06-18 14:35:00-04:00,739.2150268554688,739.3400268554688,738.9110107421875,739.030029296875,484630,0.0,0.0,0.0
2026-06-18 14:40:00-04:00,739.02001953125,739.3499755859375,738.9500122070312,739.135009765625,141445,0.0,0.0,0.0
2026-06-18 14:45:00-04:00,739.159912109375,739.7899780273438,739.0599975585938,739.77001953125,377835,0.0,0.0,0.0
2026-06-18 14:50:00-04:00,739.7999877929688,740.1400146484375,739.489990234375,739.8098754882812,179141,0.0,0.0,0.0
2026-06-18 14:55:00-04:00,739.8099975585938,739.989990234375,739.22998046875,739.4749755859375,219260,0.0,0.0,0.0
2026-06-18 15:00:00-04:00,739.47998046875,739.739990234375,738.75,739.1199951171875,458913,0.0,0.0,0.0
2026-06-18 15:05:00-04:00,739.0999755859375,739.3300170898438,738.9000854492188,739.0700073242188,455243,0.0,0.0,0.0
2026-06-18 15:10:00-04:00,739.0700073242188,739.0800170898438,738.4299926757812,738.6300048828125,499492,0.0,0.0,0.0
2026-06-18 15:15:00-04:00,738.5700073242188,739.3400268554688,738.47998046875,739.2899780273438,630042,0.0,0.0,0.0
2026-06-18 15:20:00-04:00,739.2899780273438,739.6450805664062,739.1400146484375,739.2000122070312,338463,0.0,0.0,0.0
2026-06-18 15:25:00-04:00,739.2000122070312,739.6900024414062,739.1300048828125,739.47998046875,470681,0.0,0.0,0.0
2026-06-18 15:30:00-04:00,739.4400024414062,739.52001953125,738.75,739.344970703125,791077,0.0,0.0,0.0
2026-06-18 15:35:00-04:00,739.3499755859375,740.27001953125,739.3400268554688,740.27001953125,270533,0.0,0.0,0.0
2026-06-18 15:40:00-04:00,740.27001953125,740.9400024414062,740.0700073242188,740.89501953125,429719,0.0,0.0,0.0
2026-06-18 15:45:00-04:00,740.8900146484375,741.7899780273438,740.7949829101562,741.3099975585938,1120913,0.0,0.0,0.0
2026-06-18 15:50:00-04:00,741.3900146484375,741.6400146484375,740.1400146484375,740.97998046875,987201,0.0,0.0,0.0
2026-06-18 15:55:00-04:00,740.9650268554688,741.530029296875,739.6900024414062,739.6900024414062,4010097,0.0,0.0,0.0
2026-06-22 09:30:00-04:00,742.02001953125,744.010009765625,740.4299926757812,741.1199951171875,2750454,0.813,0.0,0.0
2026-06-22 09:35:00-04:00,741.1500244140625,744.3699951171875,741.0499877929688,744.3400268554688,834919,0.0,0.0,0.0
2026-06-22 09:40:00-04:00,744.280029296875,744.4398803710938,740.52001953125,741.2000122070312,669678,0.0,0.0,0.0
2026-06-22 09:45:00-04:00,741.2100219726562,743.9199829101562,741.1900024414062,743.3400268554688,632874,0.0,0.0,0.0
2026-06-22 09:50:00-04:00,743.3099975585938,744.0399780273438,742.52001953125,742.7100219726562,285548,0.0,0.0,0.0
2026-06-22 09:55:00-04:00,742.7550048828125,744.6950073242188,742.5,744.6950073242188,395033,0.0,0.0,0.0
2026-06-22 10:00:00-04:00,744.5999755859375,745.0700073242188,744.0700073242188,744.4000244140625,417950,0.0,0.0,0.0
2026-06-22 10:05:00-04:00,744.4038696289062,745.4166259765625,744.0650024414062,745.02001953125,305415,0.0,0.0,0.0
2026-06-22 10:10:00-04:00,745.0599975585938,745.4299926757812,743.8099975585938,744.0599975585938,629415,0.0,0.0,0.0
2026-06-22 10:15:00-04:00,744.0599975585938,744.1099853515625,742.635009765625,743.3099975585938,327459,0.0,0.0,0.0
2026-06-22 10:20:00-04:00,743.27001953125,743.3200073242188,741.2100219726562,741.5499877929688,598598,0.0,0.0,0.0
2026-06-22 10:25:00-04:00,741.5399780273438,741.959716796875,740.1500244140625,740.4349975585938,491172,0.0,0.0,0.0
2026-06-22 10:30:00-04:00,740.489990234375,740.5549926757812,737.9199829101562,738.909912109375,740025,0.0,0.0,0.0
2026-06-22 10:35:00-04:00,738.7899780273438,739.9199829101562,738.2598876953125,739.0,710086,0.0,0.0,0.0
2026-06-22 10:40:00-04:00,739.02197265625,739.47998046875,737.030029296875,737.3499755859375,532286,0.0,0.0,0.0
2026-06-22 10:45:00-04:00,737.3200073242188,738.6599731445312,737.0399780273438,737.4299926757812,887296,0.0,0.0,0.0
2026-06-22 10:50:00-04:00,737.4550170898438,738.02001953125,735.6699829101562,736.1799926757812,635716,0.0,0.0,0.0
2026-06-22 10:55:00-04:00,736.1799926757812,737.9500122070312,735.3499755859375,737.6694946289062,390509,0.0,0.0,0.0
2026-06-22 11:00:00-04:00,737.7100219726562,738.5900268554688,737.3699951171875,738.2999877929688,578679,0.0,0.0,0.0
2026-06-22 11:05:00-04:00,738.3150024414062,738.3572998046875,736.7999877929688,737.6699829101562,1154545,0.0,0.0,0.0
2026-06-22 11:10:00-04:00,737.6599731445312,738.2000122070312,737.1199951171875,737.364990234375,191106,0.0,0.0,0.0
2026-06-22 11:15:00-04:00,737.5501098632812,738.0131225585938,736.5,736.8099975585938,231132,0.0,0.0,0.0
2026-06-22 11:20:00-04:00,736.9199829101562,737.760009765625,736.4099731445312,737.4854736328125,1150786,0.0,0.0,0.0
2026-06-22 11:25:00-04:00,737.47998046875,737.8499755859375,736.3099975585938,736.6286010742188,404881,0.0,0.0,0.0
2026-06-22 11:30:00-04:00,736.630126953125,737.4998779296875,736.3900756835938,736.6300048828125,272570,0.0,0.0,0.0
2026-06-22 11:35:00-04:00,736.7000122070312,737.1199951171875,736.1799926757812,736.9400024414062,278650,0.0,0.0,0.0
2026-06-22 11:40:00-04:00,736.9400024414062,738.469970703125,736.9400024414062,737.9299926757812,292656,0.0,0.0,0.0
2026-06-22 11:45:00-04:00,737.9000244140625,738.5050048828125,735.3599853515625,735.6400146484375,354408,0.0,0.0,0.0
2026-06-22 11:50:00-04:00,735.6500244140625,736.77001953125,735.5850219726562,735.6099853515625,247512,0.0,0.0,0.0
2026-06-22 11:55:00-04:00,735.5999755859375,736.5,735.4000854492188,735.7376098632812,618240,0.0,0.0,0.0
2026-06-22 12:00:00-04:00,735.739990234375,735.989990234375,734.3900146484375,734.7650146484375,342174,0.0,0.0,0.0
2026-06-22 12:05:00-04:00,734.75,735.6199951171875,734.469970703125,735.5,184100,0.0,0.0,0.0
2026-06-22 12:10:00-04:00,735.4799194335938,736.4099731445312,735.4630126953125,736.2899169921875,328904,0.0,0.0,0.0
2026-06-22 12:15:00-04:00,736.27001953125,736.4000244140625,735.5800170898438,736.3134765625,193568,0.0,0.0,0.0
2026-06-22 12:20:00-04:00,736.2700805664062,737.088623046875,735.739990234375,736.030029296875,432378,0.0,0.0,0.0
2026-06-22 12:25:00-04:00,735.989990234375,736.5050048828125,735.5900268554688,736.4000244140625,264022,0.0,0.0,0.0
2026-06-22 12:30:00-04:00,736.4400024414062,736.4500122070312,735.4600219726562,735.489990234375,138985,0.0,0.0,0.0
2026-06-22 12:35:00-04:00,735.4749755859375,735.75,735.02001953125,735.469970703125,227935,0.0,0.0,0.0
2026-06-22 12:40:00-04:00,735.4299926757812,735.6599731445312,734.9099731445312,735.3800048828125,573703,0.0,0.0,0.0
2026-06-22 12:45:00-04:00,735.3900146484375,736.1699829101562,734.8699951171875,736.1649780273438,229676,0.0,0.0,0.0
2026-06-22 12:50:00-04:00,736.1400146484375,736.5900268554688,736.010009765625,736.5549926757812,203724,0.0,0.0,0.0
2026-06-22 12:55:00-04:00,736.5399780273438,736.8400268554688,735.9400024414062,736.469970703125,333259,0.0,0.0,0.0
2026-06-22 13:00:00-04:00,736.47998046875,736.77001953125,736.0999755859375,736.5349731445312,284909,0.0,0.0,0.0
2026-06-22 13:05:00-04:00,736.5,736.510009765625,735.1099853515625,735.2999267578125,186890,0.0,0.0,0.0
2026-06-22 13:10:00-04:00,735.2899780273438,735.9849853515625,735.260009765625,735.97998046875,221075,0.0,0.0,0.0
2026-06-22 13:15:00-04:00,735.989990234375,736.77001953125,735.969970703125,736.72998046875,124663,0.0,0.0,0.0
2026-06-22 13:20:00-04:00,736.7100830078125,737.010009765625,736.380126953125,736.75537109375,143630,0.0,0.0,0.0
2026-06-22 13:25:00-04:00,736.739990234375,736.99951171875,736.469970703125,736.6414794921875,109653,0.0,0.0,0.0
2026-06-22 13:30:00-04:00,736.6599731445312,736.8800048828125,736.1400146484375,736.36962890625,149259,0.0,0.0,0.0
2026-06-22 13:35:00-04:00,736.4199829101562,736.5399169921875,735.7650146484375,736.4912109375,112900,0.0,0.0,0.0
2026-06-22 13:40:00-04:00,736.489990234375,736.7100219726562,736.1701049804688,736.2999877929688,102783,0.0,0.0,0.0
2026-06-22 13:45:00-04:00,736.2999877929688,737.1699829101562,736.1500244140625,737.080078125,177584,0.0,0.0,0.0
2026-06-22 13:50:00-04:00,737.0700073242188,737.9500122070312,736.97998046875,737.7999877929688,399736,0.0,0.0,0.0
2026-06-22 13:55:00-04:00,737.780029296875,737.9099731445312,737.1099853515625,737.1199951171875,255707,0.0,0.0,0.0
2026-06-22 14:00:00-04:00,737.1599731445312,737.4400024414062,736.8099975585938,737.1317138671875,156151,0.0,0.0,0.0
2026-06-22 14:05:00-04:00,737.10498046875,737.5700073242188,737.10498046875,737.5,126324,0.0,0.0,0.0
2026-06-22 14:10:00-04:00,737.510009765625,737.6799926757812,737.1300048828125,737.375,148311,0.0,0.0,0.0
2026-06-22 14:15:00-04:00,737.4000244140625,737.97998046875,737.4000244140625,737.7000122070312,134108,0.0,0.0,0.0
2026-06-22 14:20:00-04:00,737.739990234375,738.27001953125,737.6699829101562,737.8099975585938,271637,0.0,0.0,0.0
2026-06-22 14:25:00-04:00,737.7999877929688,737.8800048828125,737.14501953125,737.4299926757812,319387,0.0,0.0,0.0
2026-06-22 14:30:00-04:00,737.4500122070312,737.909912109375,737.2525024414062,737.405029296875,245608,0.0,0.0,0.0
2026-06-22 14:35:00-04:00,737.3900146484375,737.5999755859375,737.0599975585938,737.0938110351562,352980,0.0,0.0,0.0
2026-06-22 14:40:00-04:00,737.0999755859375,737.2000122070312,736.2999877929688,736.3499755859375,203839,0.0,0.0,0.0
2026-06-22 14:45:00-04:00,736.3699951171875,736.8800048828125,736.1799926757812,736.7949829101562,311905,0.0,0.0,0.0
2026-06-22 14:50:00-04:00,736.7805786132812,736.9000244140625,735.6849975585938,736.1699829101562,372495,0.0,0.0,0.0
2026-06-22 14:55:00-04:00,736.0999755859375,736.159912109375,735.5399780273438,735.719970703125,362186,0.0,0.0,0.0
2026-06-22 15:00:00-04:00,735.760009765625,736.6400146484375,735.6199951171875,736.3900146484375,563013,0.0,0.0,0.0
2026-06-22 15:05:00-04:00,736.3400268554688,736.4299926757812,735.1282958984375,735.7100219726562,224102,0.0,0.0,0.0
2026-06-22 15:10:00-04:00,735.77001953125,736.3300170898438,735.469970703125,736.0549926757812,165540,0.0,0.0,0.0
2026-06-22 15:15:00-04:00,736.0800170898438,736.3800048828125,735.75,736.1500244140625,233636,0.0,0.0,0.0
2026-06-22 15:20:00-04:00,736.22998046875,736.3599243164062,735.4500122070312,735.731201171875,269156,0.0,0.0,0.0
2026-06-22 15:25:00-04:00,735.7501220703125,735.8900146484375,735.4349975585938,735.4735717773438,190804,0.0,0.0,0.0
2026-06-22 15:30:00-04:00,735.52001953125,736.5700073242188,735.52001953125,736.27001953125,274403,0.0,0.0,0.0
2026-06-22 15:35:00-04:00,736.2509765625,736.4000244140625,735.9299926757812,736.155029296875,171754,0.0,0.0,0.0
2026-06-22 15:40:00-04:00,736.1599731445312,736.3400268554688,735.7100219726562,735.7999877929688,1321392,0.0,0.0,0.0
2026-06-22 15:45:00-04:00,735.7899780273438,736.6300048828125,735.760009765625,736.4127807617188,210115,0.0,0.0,0.0
2026-06-22 15:50:00-04:00,736.3900146484375,737.8599853515625,736.22998046875,737.3353271484375,606853,0.0,0.0,0.0
2026-06-22 15:55:00-04:00,737.3300170898438,738.5,737.030029296875,738.0499877929688,2529005,0.0,0.0,0.0
2026-06-23 09:30:00-04:00,715.739990234375,717.0,713.280029296875,716.875,5212980,0.0,0.0,0.0
2026-06-23 09:35:00-04:00,716.780029296875,717.6099853515625,714.5300903320312,717.22998046875,1136302,0.0,0.0,0.0
2026-06-23 09:40:00-04:00,717.2000122070312,717.7999877929688,716.2011108398438,716.6900024414062,922888,0.0,0.0,0.0
2026-06-23 09:45:00-04:00,716.5800170898438,719.0700073242188,715.9099731445312,718.1199951171875,1071175,0.0,0.0,0.0
2026-06-23 09:50:00-04:00,718.1199951171875,720.4638061523438,718.0800170898438,719.5399780273438,1069235,0.0,0.0,0.0
2026-06-23 09:55:00-04:00,719.5150146484375,720.9000244140625,718.7000122070312,720.6900024414062,677953,0.0,0.0,0.0
2026-06-23 10:00:00-04:00,720.6900024414062,722.5999755859375,720.6199951171875,722.0900268554688,1032697,0.0,0.0,0.0
2026-06-23 10:05:00-04:00,722.0599975585938,722.4199829101562,720.8699951171875,721.8300170898438,660982,0.0,0.0,0.0
2026-06-23 10:10:00-04:00,721.8099975585938,722.7999877929688,721.219970703125,722.4749755859375,757924,0.0,0.0,0.0
2026-06-23 10:15:00-04:00,722.510009765625,722.989990234375,721.8900146484375,722.7894897460938,489098,0.0,0.0,0.0
2026-06-23 10:20:00-04:00,722.760009765625,723.6099853515625,721.9000244140625,722.260498046875,676323,0.0,0.0,0.0
2026-06-23 10:25:00-04:00,722.219970703125,722.469970703125,721.0,722.0150146484375,565100,0.0,0.0,0.0
2026-06-23 10:30:00-04:00,722.0499877929688,722.3599853515625,720.0775146484375,720.97998046875,441187,0.0,0.0,0.0
2026-06-23 10:35:00-04:00,720.9749755859375,722.3200073242188,719.8400268554688,719.989990234375,444857,0.0,0.0,0.0
2026-06-23 10:40:00-04:00,720.0650024414062,721.0499877929688,719.2999877929688,719.6099853515625,631589,0.0,0.0,0.0
2026-06-23 10:45:00-04:00,719.6400146484375,719.969970703125,718.3699951171875,719.1849975585938,554969,0.0,0.0,0.0
2026-06-23 10:50:00-04:00,719.25,720.6500244140625,718.27001953125,718.6900024414062,625990,0.0,0.0,0.0
2026-06-23 10:55:00-04:00,718.7399291992188,719.1300048828125,717.8900756835938,718.87158203125,437529,0.0,0.0,0.0
2026-06-23 11:00:00-04:00,718.8800048828125,719.6500244140625,717.989990234375,718.2620239257812,354527,0.0,0.0,0.0
2026-06-23 11:05:00-04:00,718.0999755859375,718.510009765625,716.719970703125,717.4500122070312,549283,0.0,0.0,0.0
2026-06-23 11:10:00-04:00,717.47998046875,717.8900146484375,716.9299926757812,717.3300170898438,622695,0.0,0.0,0.0
2026-06-23 11:15:00-04:00,717.3499755859375,717.6199951171875,716.2000122070312,716.22998046875,528259,0.0,0.0,0.0
2026-06-23 11:20:00-04:00,716.260009765625,716.989990234375,715.6500244140625,715.7899780273438,419598,0.0,0.0,0.0
2026-06-23 11:25:00-04:00,715.8135986328125,716.3599853515625,715.3900146484375,715.77001953125,505722,0.0,0.0,0.0
2026-06-23 11:30:00-04:00,715.7000122070312,717.02001953125,715.4801025390625,716.5900268554688,464395,0.0,0.0,0.0
2026-06-23 11:35:00-04:00,716.5900268554688,717.280029296875,715.1599731445312,715.4949951171875,509190,0.0,0.0,0.0
2026-06-23 11:40:00-04:00,715.5,716.2760009765625,715.0900268554688,715.9349975585938,315731,0.0,0.0,0.0
2026-06-23 11:45:00-04:00,715.969970703125,716.5599975585938,715.6901245117188,715.75,233820,0.0,0.0,0.0
2026-06-23 11:50:00-04:00,715.7899780273438,718.0499877929688,715.6500244140625,717.530029296875,341990,0.0,0.0,0.0
2026-06-23 11:55:00-04:00,717.510009765625,717.9000244140625,716.6099853515625,717.5313720703125,289839,0.0,0.0,0.0
2026-06-23 12:00:00-04:00,717.5399780273438,719.010009765625,717.3300170898438,718.9299926757812,325901,0.0,0.0,0.0
2026-06-23 12:05:00-04:00,718.9400024414062,719.7000122070312,718.47998046875,719.2800903320312,401157,0.0,0.0,0.0
2026-06-23 12:10:00-04:00,719.3099975585938,720.2999267578125,719.2899780273438,720.0349731445312,410470,0.0,0.0,0.0
2026-06-23 12:15:00-04:00,720.0800170898438,720.280029296875,718.9299926757812,719.0401000976562,553511,0.0,0.0,0.0
2026-06-23 12:20:00-04:00,719.0800170898438,720.0,718.3499755859375,719.77001953125,538732,0.0,0.0,0.0
2026-06-23 12:25:00-04:00,719.739990234375,719.8699951171875,718.9500122070312,719.3900146484375,203205,0.0,0.0,0.0
2026-06-23 12:30:00-04:00,719.4199829101562,719.6544189453125,718.530029296875,718.6801147460938,572141,0.0,0.0,0.0
2026-06-23 12:35:00-04:00,718.7100219726562,719.22998046875,718.4500122070312,719.1599731445312,153558,0.0,0.0,0.0
2026-06-23 12:40:00-04:00,719.1900024414062,720.0399780273438,719.125,719.9500122070312,254442,0.0,0.0,0.0
2026-06-23 12:45:00-04:00,720.02001953125,720.0698852539062,718.60498046875,719.02001953125,182737,0.0,0.0,0.0
2026-06-23 12:50:00-04:00,719.0399780273438,719.0800170898438,718.280029296875,718.8099975585938,526418,0.0,0.0,0.0
2026-06-23 12:55:00-04:00,718.8200073242188,719.4099731445312,718.3820190429688,719.0449829101562,189263,0.0,0.0,0.0
2026-06-23 13:00:00-04:00,719.010009765625,719.0700073242188,717.6699829101562,717.8499755859375,721844,0.0,0.0,0.0
2026-06-23 13:05:00-04:00,717.8400268554688,718.0599975585938,717.2899780273438,717.9000244140625,232894,0.0,0.0,0.0
2026-06-23 13:10:00-04:00,717.9199829101562,719.4500122070312,717.9000244140625,718.7100219726562,306327,0.0,0.0,0.0
2026-06-23 13:15:00-04:00,718.72998046875,719.114990234375,718.010009765625,718.2899780273438,153927,0.0,0.0,0.0
2026-06-23 13:20:00-04:00,718.281494140625,719.6680297851562,718.1699829101562,719.375,250816,0.0,0.0,0.0
2026-06-23 13:25:00-04:00,719.3300170898438,719.7000122070312,718.9299926757812,719.114990234375,132996,0.0,0.0,0.0
2026-06-23 13:30:00-04:00,719.0999755859375,719.260009765625,718.22998046875,719.260009765625,189903,0.0,0.0,0.0
2026-06-23 13:35:00-04:00,719.219970703125,719.7899780273438,718.6599731445312,718.75,187363,0.0,0.0,0.0
2026-06-23 13:40:00-04:00,718.7000122070312,718.8499755859375,718.1199951171875,718.2100219726562,155876,0.0,0.0,0.0
2026-06-23 13:45:00-04:00,718.2100219726562,718.5800170898438,717.8615112304688,718.0700073242188,318377,0.0,0.0,0.0
2026-06-23 13:50:00-04:00,718.1400146484375,718.1683959960938,716.3300170898438,716.4500122070312,258951,0.0,0.0,0.0
2026-06-23 13:55:00-04:00,716.4500122070312,716.6900024414062,715.8499755859375,715.8699951171875,396386,0.0,0.0,0.0
2026-06-23 14:00:00-04:00,715.9400024414062,717.0800170898438,715.72998046875,716.3480224609375,357257,0.0,0.0,0.0
2026-06-23 14:05:00-04:00,716.3699951171875,716.5,715.3400268554688,715.8400268554688,424336,0.0,0.0,0.0
2026-06-23 14:10:00-04:00,715.9000244140625,716.3300170898438,715.798095703125,716.2050170898438,308645,0.0,0.0,0.0
2026-06-23 14:15:00-04:00,716.1799926757812,716.6099853515625,715.6599731445312,715.9199829101562,286284,0.0,0.0,0.0
2026-06-23 14:20:00-04:00,715.9249877929688,716.4400024414062,715.572998046875,716.1400146484375,380810,0.0,0.0,0.0
2026-06-23 14:25:00-04:00,716.1599731445312,716.1749877929688,715.6779174804688,715.8800048828125,245291,0.0,0.0,0.0
2026-06-23 14:30:00-04:00,715.8400268554688,716.0549926757812,715.3699951171875,715.4299926757812,301127,0.0,0.0,0.0
2026-06-23 14:35:00-04:00,715.4100952148438,715.6500244140625,714.9299926757812,715.0399780273438,294415,0.0,0.0,0.0
2026-06-23 14:40:00-04:00,715.030029296875,715.030029296875,713.3099975585938,713.3510131835938,635773,0.0,0.0,0.0
2026-06-23 14:45:00-04:00,713.3599853515625,713.5,712.4000244140625,713.22998046875,797462,0.0,0.0,0.0
2026-06-23 14:50:00-04:00,713.25,714.0499877929688,712.110107421875,712.7899780273438,840788,0.0,0.0,0.0
2026-06-23 14:55:00-04:00,712.77001953125,713.6629028320312,712.2899780273438,713.3800048828125,532672,0.0,0.0,0.0
2026-06-23 15:00:00-04:00,713.3699951171875,715.4650268554688,712.9749755859375,715.3699951171875,754142,0.0,0.0,0.0
2026-06-23 15:05:00-04:00,715.369873046875,716.3400268554688,713.739990234375,714.0150146484375,912134,0.0,0.0,0.0
2026-06-23 15:10:00-04:00,713.9949951171875,714.75,713.52001953125,714.405029296875,747370,0.0,0.0,0.0
2026-06-23 15:15:00-04:00,714.2999877929688,714.7150268554688,713.2899780273438,713.3499755859375,459006,0.0,0.0,0.0
2026-06-23 15:20:00-04:00,713.3400268554688,715.3900146484375,713.0,714.7100219726562,809270,0.0,0.0,0.0
2026-06-23 15:25:00-04:00,714.72998046875,715.77001953125,714.4400024414062,715.22998046875,584211,0.0,0.0,0.0
2026-06-23 15:30:00-04:00,715.239990234375,715.989990234375,714.52001953125,715.8200073242188,578709,0.0,0.0,0.0
2026-06-23 15:35:00-04:00,715.8300170898438,716.0,715.280029296875,715.280029296875,508266,0.0,0.0,0.0
2026-06-23 15:40:00-04:00,715.2899780273438,715.47998046875,714.3300170898438,714.7999877929688,709529,0.0,0.0,0.0
2026-06-23 15:45:00-04:00,714.8400268554688,715.1300048828125,713.530029296875,714.4749755859375,842446,0.0,0.0,0.0
2026-06-23 15:50:00-04:00,714.4500122070312,715.6799926757812,713.9500122070312,715.5599975585938,1548256,0.0,0.0,0.0
2026-06-23 15:55:00-04:00,715.52001953125,715.6099853515625,713.52001953125,713.52001953125,3522136,0.0,0.0,0.0
2026-06-24 09:30:00-04:00,714.7999877929688,718.4650268554688,713.5499877929688,717.719970703125,2741386,0.0,0.0,0.0
2026-06-24 09:35:00-04:00,717.719970703125,718.4998779296875,715.5750122070312,715.8200073242188,979478,0.0,0.0,0.0
2026-06-24 09:40:00-04:00,715.72998046875,716.0549926757812,712.739990234375,714.1799926757812,1104976,0.0,0.0,0.0
2026-06-24 09:45:00-04:00,714.1500244140625,715.4138793945312,711.780029296875,714.0999755859375,896494,0.0,0.0,0.0
2026-06-24 09:50:00-04:00,714.02001953125,717.219970703125,714.02001953125,716.6699829101562,695281,0.0,0.0,0.0
2026-06-24 09:55:00-04:00,716.7000122070312,716.719970703125,714.2999877929688,714.739990234375,518096,0.0,0.0,0.0
2026-06-24 10:00:00-04:00,714.7449951171875,715.4600219726562,713.3800048828125,714.255615234375,499518,0.0,0.0,0.0
2026-06-24 10:05:00-04:00,714.2598876953125,715.6599731445312,713.760009765625,714.530029296875,535788,0.0,0.0,0.0
2026-06-24 10:10:00-04:00,714.6099853515625,715.6300048828125,713.510009765625,714.2899780273438,518079,0.0,0.0,0.0
2026-06-24 10:15:00-04:00,714.1799926757812,714.9199829101562,712.0900268554688,712.3800048828125,451483,0.0,0.0,0.0
2026-06-24 10:20:00-04:00,712.1799926757812,714.47998046875,710.8800048828125,714.2899780273438,648131,0.0,0.0,0.0
2026-06-24 10:25:00-04:00,714.2000122070312,715.8084716796875,713.8499755859375,715.1500244140625,378733,0.0,0.0,0.0
2026-06-24 10:30:00-04:00,715.1900024414062,716.8400268554688,715.1900024414062,716.4949951171875,460965,0.0,0.0,0.0
2026-06-24 10:35:00-04:00,716.489990234375,717.1599731445312,715.5499877929688,715.6099853515625,515318,0.0,0.0,0.0
2026-06-24 10:40:00-04:00,715.6699829101562,717.2100219726562,715.2999877929688,717.0900268554688,327927,0.0,0.0,0.0
2026-06-24 10:45:00-04:00,717.0900268554688,719.2689819335938,716.969970703125,718.1900024414062,593022,0.0,0.0,0.0
2026-06-24 10:50:00-04:00,718.2100219726562,719.010009765625,717.6599731445312,717.685791015625,402957,0.0,0.0,0.0
2026-06-24 10:55:00-04:00,717.7000122070312,719.5999755859375,717.1599731445312,719.5499877929688,362549,0.0,0.0,0.0
2026-06-24 11:00:00-04:00,719.5700073242188,719.9299926757812,718.3599853515625,718.739501953125,416868,0.0,0.0,0.0
2026-06-24 11:05:00-04:00,718.8150024414062,718.9400024414062,716.7100219726562,717.0,339959,0.0,0.0,0.0
2026-06-24 11:10:00-04:00,717.02001953125,717.5,716.1799926757812,716.97998046875,354304,0.0,0.0,0.0
2026-06-24 11:15:00-04:00,716.9600219726562,717.8798828125,716.4600219726562,717.1199951171875,476682,0.0,0.0,0.0
2026-06-24 11:20:00-04:00,717.1799926757812,717.3800048828125,715.77001953125,715.9400024414062,282677,0.0,0.0,0.0
2026-06-24 11:25:00-04:00,715.9299926757812,717.4498901367188,715.0999755859375,717.4199829101562,386745,0.0,0.0,0.0
2026-06-24 11:30:00-04:00,717.4099731445312,718.0499877929688,716.2999877929688,716.9400024414062,313865,0.0,0.0,0.0
2026-06-24 11:35:00-04:00,716.8599853515625,717.6099853515625,716.030029296875,716.4758911132812,198685,0.0,0.0,0.0
2026-06-24 11:40:00-04:00,716.47998046875,716.719970703125,715.2999877929688,716.048095703125,270299,0.0,0.0,0.0
2026-06-24 11:45:00-04:00,716.010986328125,716.6599731445312,714.9600219726562,716.510009765625,278987,0.0,0.0,0.0
2026-06-24 11:50:00-04:00,716.469970703125,717.6400146484375,716.469970703125,717.0700073242188,304191,0.0,0.0,0.0
2026-06-24 11:55:00-04:00,717.1099853515625,717.5,716.1353149414062,716.2999877929688,263035,0.0,0.0,0.0
2026-06-24 12:00:00-04:00,716.3400268554688,716.9600219726562,715.9000244140625,716.4600219726562,185084,0.0,0.0,0.0
2026-06-24 12:05:00-04:00,716.4299926757812,716.8400268554688,715.6900024414062,716.3912963867188,188744,0.0,0.0,0.0
2026-06-24 12:10:00-04:00,716.3699951171875,717.5,716.0501098632812,716.7100219726562,200753,0.0,0.0,0.0
2026-06-24 12:15:00-04:00,716.7999877929688,717.1900024414062,716.4400024414062,716.7559204101562,128896,0.0,0.0,0.0
2026-06-24 12:20:00-04:00,716.72998046875,717.3900146484375,716.2999877929688,716.9400024414062,191446,0.0,0.0,0.0
2026-06-24 12:25:00-04:00,716.9299926757812,716.9600219726562,715.9500732421875,716.27001953125,177461,0.0,0.0,0.0
2026-06-24 12:30:00-04:00,716.2650146484375,716.2650146484375,715.1400146484375,715.2999877929688,193448,0.0,0.0,0.0
2026-06-24 12:35:00-04:00,715.2999877929688,715.8200073242188,713.8001098632812,713.8599853515625,282610,0.0,0.0,0.0
2026-06-24 12:40:00-04:00,713.8599853515625,713.9000244140625,712.8800048828125,713.5750122070312,553227,0.0,0.0,0.0
2026-06-24 12:45:00-04:00,713.5700073242188,713.9299926757812,712.9000244140625,713.5700073242188,377617,0.0,0.0,0.0
2026-06-24 12:50:00-04:00,713.5800170898438,714.2894287109375,712.9199829101562,712.9249877929688,401366,0.0,0.0,0.0
2026-06-24 12:55:00-04:00,712.9400024414062,713.2780151367188,712.52001953125,712.780029296875,365377,0.0,0.0,0.0
2026-06-24 13:00:00-04:00,712.719970703125,714.0599975585938,712.4299926757812,714.02001953125,266498,0.0,0.0,0.0
2026-06-24 13:05:00-04:00,714.0,714.0399780273438,711.260009765625,711.7349853515625,406806,0.0,0.0,0.0
2026-06-24 13:10:00-04:00,711.7100219726562,712.3300170898438,711.1320190429688,711.3099975585938,245237,0.0,0.0,0.0
2026-06-24 13:15:00-04:00,711.3300170898438,711.9000244140625,709.6500244140625,710.02001953125,532520,0.0,0.0,0.0
2026-06-24 13:20:00-04:00,710.0252075195312,710.0800170898438,708.9099731445312,709.1599731445312,537941,0.0,0.0,0.0
2026-06-24 13:25:00-04:00,709.010009765625,709.3400268554688,707.8699951171875,708.030029296875,526452,0.0,0.0,0.0
2026-06-24 13:30:00-04:00,708.0599975585938,708.7999877929688,706.9661865234375,708.469970703125,778922,0.0,0.0,0.0
2026-06-24 13:35:00-04:00,708.4199829101562,709.3800048828125,707.5900268554688,708.760009765625,402212,0.0,0.0,0.0
2026-06-24 13:40:00-04:00,708.77001953125,709.25,707.7899780273438,708.0800170898438,458312,0.0,0.0,0.0
2026-06-24 13:45:00-04:00,708.0399780273438,709.27001953125,707.4600219726562,708.760009765625,419356,0.0,0.0,0.0
2026-06-24 13:50:00-04:00,708.7100219726562,709.02001953125,708.0,708.4699096679688,325768,0.0,0.0,0.0
2026-06-24 13:55:00-04:00,708.469970703125,709.280029296875,707.0,707.4600219726562,531907,0.0,0.0,0.0
2026-06-24 14:00:00-04:00,707.47998046875,708.9600219726562,707.219970703125,707.9500122070312,359606,0.0,0.0,0.0
2026-06-24 14:05:00-04:00,707.969970703125,709.239990234375,707.8599853515625,708.9400024414062,306136,0.0,0.0,0.0
2026-06-24 14:10:00-04:00,708.8599853515625,709.02001953125,708.0700073242188,708.7100219726562,440989,0.0,0.0,0.0
2026-06-24 14:15:00-04:00,708.7100830078125,710.5499877929688,708.7000122070312,710.3599853515625,447650,0.0,0.0,0.0
2026-06-24 14:20:00-04:00,710.394775390625,711.0700073242188,710.046875,711.0700073242188,353632,0.0,0.0,0.0
2026-06-24 14:25:00-04:00,711.010009765625,711.642822265625,710.8200073242188,711.0900268554688,435485,0.0,0.0,0.0
2026-06-24 14:30:00-04:00,711.1400146484375,711.469970703125,710.0900268554688,710.3400268554688,405188,0.0,0.0,0.0
2026-06-24 14:35:00-04:00,710.35498046875,710.52001953125,709.2000122070312,709.3900146484375,334453,0.0,0.0,0.0
2026-06-24 14:40:00-04:00,709.4099731445312,709.5900268554688,708.3165283203125,708.9299926757812,404416,0.0,0.0,0.0
2026-06-24 14:45:00-04:00,708.9099731445312,708.9099731445312,706.2011108398438,706.6500244140625,557688,0.0,0.0,0.0
2026-06-24 14:50:00-04:00,706.6900024414062,707.1400146484375,705.9299926757812,706.8599853515625,516180,0.0,0.0,0.0
2026-06-24 14:55:00-04:00,706.9099731445312,708.0,706.0300903320312,706.4398803710938,440180,0.0,0.0,0.0
2026-06-24 15:00:00-04:00,706.4299926757812,708.0700073242188,705.5800170898438,707.5650024414062,589406,0.0,0.0,0.0
2026-06-24 15:05:00-04:00,707.5800170898438,707.5900268554688,704.760009765625,705.25,737950,0.0,0.0,0.0
2026-06-24 15:10:00-04:00,705.25,705.780029296875,704.4500122070312,705.5349731445312,682699,0.0,0.0,0.0
2026-06-24 15:15:00-04:00,705.5549926757812,705.7999877929688,704.9400024414062,705.5800170898438,451101,0.0,0.0,0.0
2026-06-24 15:20:00-04:00,705.6199951171875,706.4799194335938,705.1599731445312,706.4650268554688,344555,0.0,0.0,0.0
2026-06-24 15:25:00-04:00,706.469970703125,707.5800170898438,706.3300170898438,707.3223266601562,554142,0.0,0.0,0.0
2026-06-24 15:30:00-04:00,707.3400268554688,708.0,707.0499877929688,707.7000122070312,517851,0.0,0.0,0.0
2026-06-24 15:35:00-04:00,707.7000122070312,708.72998046875,707.1199951171875,708.4500122070312,563491,0.0,0.0,0.0
2026-06-24 15:40:00-04:00,708.4500122070312,708.8350219726562,706.75,707.4749755859375,647843,0.0,0.0,0.0
2026-06-24 15:45:00-04:00,707.5,708.4063110351562,707.1500244140625,708.344970703125,622478,0.0,0.0,0.0
2026-06-24 15:50:00-04:00,708.3599853515625,709.97998046875,707.7899780273438,709.780029296875,948366,0.0,0.0,0.0
2026-06-24 15:55:00-04:00,709.6699829101562,710.9600219726562,708.6400146484375,710.6300048828125,2282751,0.0,0.0,0.0
2026-06-25 09:30:00-04:00,725.9099731445312,726.760009765625,723.1500244140625,723.594970703125,3302132,0.0,0.0,0.0
2026-06-25 09:35:00-04:00,723.5599975585938,724.3900146484375,721.9819946289062,722.0900268554688,910326,0.0,0.0,0.0
2026-06-25 09:40:00-04:00,722.1199951171875,722.4400024414062,716.0800170898438,716.5499877929688,1583646,0.0,0.0,0.0
2026-06-25 09:45:00-04:00,716.52001953125,717.7100219726562,710.8099975585938,713.4099731445312,2225755,0.0,0.0,0.0
2026-06-25 09:50:00-04:00,713.4600219726562,714.530029296875,707.8599853515625,708.25,1959425,0.0,0.0,0.0
2026-06-25 09:55:00-04:00,708.280029296875,709.25,705.2999877929688,705.760009765625,1709675,0.0,0.0,0.0
2026-06-25 10:00:00-04:00,705.8400268554688,711.27001953125,705.6199951171875,709.8699951171875,1747522,0.0,0.0,0.0
2026-06-25 10:05:00-04:00,709.9149780273438,713.0413208007812,709.8800048828125,712.8150024414062,1289312,0.0,0.0,0.0
2026-06-25 10:10:00-04:00,712.7849731445312,714.869873046875,711.25,711.3900146484375,1662185,0.0,0.0,0.0
2026-06-25 10:15:00-04:00,711.4299926757812,712.989990234375,709.6799926757812,712.875,859726,0.0,0.0,0.0
2026-06-25 10:20:00-04:00,712.8200073242188,714.6500244140625,710.77001953125,711.860107421875,983575,0.0,0.0,0.0
2026-06-25 10:25:00-04:00,711.9899291992188,713.510009765625,711.4721069335938,712.3099975585938,488436,0.0,0.0,0.0
2026-06-25 10:30:00-04:00,712.2899780273438,715.3699951171875,712.219970703125,714.22998046875,666467,0.0,0.0,0.0
2026-06-25 10:35:00-04:00,714.25,715.2100219726562,712.7901000976562,714.9899291992188,585600,0.0,0.0,0.0
2026-06-25 10:40:00-04:00,714.9749755859375,715.219970703125,711.77001953125,712.739990234375,547493,0.0,0.0,0.0
2026-06-25 10:45:00-04:00,712.6699829101562,714.6300048828125,711.6799926757812,714.280029296875,353771,0.0,0.0,0.0
2026-06-25 10:50:00-04:00,714.27001953125,716.77001953125,713.6799926757812,716.6900024414062,518797,0.0,0.0,0.0
2026-06-25 10:55:00-04:00,716.6900024414062,716.6900024414062,712.9600219726562,713.4299926757812,723581,0.0,0.0,0.0
2026-06-25 11:00:00-04:00,713.469970703125,715.72998046875,712.8001098632812,715.6400146484375,732971,0.0,0.0,0.0
2026-06-25 11:05:00-04:00,715.6099853515625,716.0700073242188,713.1956176757812,713.7799072265625,425545,0.0,0.0,0.0
2026-06-25 11:10:00-04:00,713.655029296875,714.0299072265625,710.5,710.9400024414062,587898,0.0,0.0,0.0
2026-06-25 11:15:00-04:00,711.030029296875,712.8049926757812,709.239990234375,712.3900146484375,645876,0.0,0.0,0.0
2026-06-25 11:20:00-04:00,712.3748168945312,714.1898803710938,711.2000122070312,713.6420288085938,469210,0.0,0.0,0.0
2026-06-25 11:25:00-04:00,713.6400146484375,713.6500244140625,712.2000122070312,712.9199829101562,627111,0.0,0.0,0.0
2026-06-25 11:30:00-04:00,713.0449829101562,714.7698974609375,712.780029296875,713.0800170898438,325370,0.0,0.0,0.0
2026-06-25 11:35:00-04:00,713.0900268554688,714.5399780273438,713.0900268554688,713.6199951171875,231323,0.0,0.0,0.0
2026-06-25 11:40:00-04:00,713.60498046875,715.0399780273438,713.4000244140625,714.9149780273438,243658,0.0,0.0,0.0
2026-06-25 11:45:00-04:00,714.875,716.469970703125,714.2899780273438,714.5999755859375,541485,0.0,0.0,0.0
2026-06-25 11:50:00-04:00,714.510009765625,715.3657836914062,713.8900146484375,714.9550170898438,211022,0.0,0.0,0.0
2026-06-25 11:55:00-04:00,714.9301147460938,715.3638916015625,713.8900146484375,714.0499877929688,180531,0.0,0.0,0.0
2026-06-25 12:00:00-04:00,714.0499877929688,714.7000122070312,713.7000122070312,714.6433715820312,226631,0.0,0.0,0.0
2026-06-25 12:05:00-04:00,714.739013671875,717.3405151367188,714.489990234375,717.1749877929688,473254,0.0,0.0,0.0
2026-06-25 12:10:00-04:00,717.1699829101562,718.47998046875,717.0,718.0499877929688,464483,0.0,0.0,0.0
2026-06-25 12:15:00-04:00,718.0800170898438,719.1099853515625,717.7000122070312,717.8800048828125,511229,0.0,0.0,0.0
2026-06-25 12:20:00-04:00,717.9299926757812,718.280029296875,716.0599975585938,716.47998046875,416083,0.0,0.0,0.0
2026-06-25 12:25:00-04:00,716.4500122070312,716.7000122070312,715.8499755859375,716.5700073242188,189002,0.0,0.0,0.0
2026-06-25 12:30:00-04:00,716.5650024414062,716.6400146484375,714.4500122070312,715.1900024414062,261735,0.0,0.0,0.0
2026-06-25 12:35:00-04:00,715.2999877929688,715.864990234375,714.4099731445312,714.6300048828125,283944,0.0,0.0,0.0
2026-06-25 12:40:00-04:00,714.6749877929688,714.9600219726562,713.5499877929688,713.8499755859375,338429,0.0,0.0,0.0
2026-06-25 12:45:00-04:00,713.8400268554688,715.2235717773438,712.2999877929688,715.0700073242188,719223,0.0,0.0,0.0
2026-06-25 12:50:00-04:00,715.0499877929688,715.4384765625,714.1699829101562,714.7600708007812,293665,0.0,0.0,0.0
2026-06-25 12:55:00-04:00,714.8244018554688,714.8699951171875,713.8101196289062,714.6199951171875,206758,0.0,0.0,0.0
2026-06-25 13:00:00-04:00,714.6035766601562,715.4299926757812,714.5999755859375,714.8099975585938,368063,0.0,0.0,0.0
2026-06-25 13:05:00-04:00,714.7913208007812,715.4299926757812,714.3900146484375,715.1699829101562,392545,0.0,0.0,0.0
2026-06-25 13:10:00-04:00,715.260009765625,716.9149780273438,715.260009765625,716.239990234375,391733,0.0,0.0,0.0
2026-06-25 13:15:00-04:00,716.2899780273438,717.6799926757812,715.0499877929688,715.0650024414062,356140,0.0,0.0,0.0
2026-06-25 13:20:00-04:00,715.0800170898438,716.0648803710938,714.4100952148438,715.8599853515625,228159,0.0,0.0,0.0
2026-06-25 13:25:00-04:00,715.8499755859375,716.9400024414062,715.6900024414062,716.5867919921875,173345,0.0,0.0,0.0
2026-06-25 13:30:00-04:00,716.6799926757812,716.9199829101562,715.5599975585938,715.8400268554688,358905,0.0,0.0,0.0
2026-06-25 13:35:00-04:00,715.8900146484375,716.7999877929688,715.7899780273438,716.7050170898438,150779,0.0,0.0,0.0
2026-06-25 13:40:00-04:00,716.7000122070312,717.3699951171875,715.6900024414062,715.8900146484375,341871,0.0,0.0,0.0
2026-06-25 13:45:00-04:00,715.9099731445312,715.9099731445312,714.630126953125,714.9299926757812,243862,0.0,0.0,0.0
2026-06-25 13:50:00-04:00,714.9000244140625,716.469970703125,714.6300048828125,716.1674194335938,230563,0.0,0.0,0.0
2026-06-25 13:55:00-04:00,716.1199951171875,717.489990234375,715.6799926757812,717.3411865234375,399352,0.0,0.0,0.0
2026-06-25 14:00:00-04:00,717.3099975585938,717.4398803710938,714.5800170898438,715.2868041992188,593119,0.0,0.0,0.0
2026-06-25 14:05:00-04:00,715.330078125,717.6699829101562,714.8900146484375,717.3599853515625,302306,0.0,0.0,0.0
2026-06-25 14:10:00-04:00,717.3400268554688,717.7899780273438,716.280029296875,716.7899780273438,474512,0.0,0.0,0.0
2026-06-25 14:15:00-04:00,716.7999877929688,719.0999755859375,716.1400146484375,718.32958984375,372947,0.0,0.0,0.0
2026-06-25 14:20:00-04:00,718.3399047851562,718.8300170898438,717.2100219726562,718.0598754882812,309177,0.0,0.0,0.0
2026-06-25 14:25:00-04:00,718.02001953125,719.5900268554688,718.02001953125,719.27001953125,457503,0.0,0.0,0.0
2026-06-25 14:30:00-04:00,719.260009765625,719.260009765625,716.5700073242188,716.6298828125,357589,0.0,0.0,0.0
2026-06-25 14:35:00-04:00,716.6799926757812,717.5682983398438,715.989990234375,717.1099853515625,355049,0.0,0.0,0.0
2026-06-25 14:40:00-04:00,717.030029296875,717.4299926757812,716.3200073242188,717.1599731445312,227983,0.0,0.0,0.0
2026-06-25 14:45:00-04:00,717.094970703125,717.094970703125,715.0700073242188,716.5599975585938,356437,0.0,0.0,0.0
2026-06-25 14:50:00-04:00,716.5599975585938,717.62939453125,716.219970703125,716.6649780273438,310914,0.0,0.0,0.0
2026-06-25 14:55:00-04:00,716.6400146484375,717.27001953125,716.2200927734375,716.6199951171875,198134,0.0,0.0,0.0
2026-06-25 15:00:00-04:00,716.7999877929688,716.7999877929688,714.75,714.8499755859375,283090,0.0,0.0,0.0
2026-06-25 15:05:00-04:00,714.80517578125,715.4799194335938,714.4299926757812,715.1199951171875,310547,0.0,0.0,0.0
2026-06-25 15:10:00-04:00,715.1699829101562,715.3400268554688,714.0599975585938,714.3200073242188,374383,0.0,0.0,0.0
2026-06-25 15:15:00-04:00,714.27001953125,714.510009765625,713.2100219726562,713.8599853515625,460231,0.0,0.0,0.0
2026-06-25 15:20:00-04:00,713.844970703125,714.4099731445312,713.47998046875,714.3200073242188,449050,0.0,0.0,0.0
2026-06-25 15:25:00-04:00,714.35498046875,714.97998046875,713.8502197265625,714.5800170898438,355887,0.0,0.0,0.0
2026-06-25 15:30:00-04:00,714.5499877929688,714.6749877929688,713.280029296875,714.2000122070312,287591,0.0,0.0,0.0
2026-06-25 15:35:00-04:00,714.1900024414062,714.1900024414062,713.0999755859375,713.7100219726562,321081,0.0,0.0,0.0
2026-06-25 15:40:00-04:00,713.77001953125,714.698974609375,713.27001953125,714.3980102539062,515770,0.0,0.0,0.0
2026-06-25 15:45:00-04:00,714.3099975585938,714.5,713.3900146484375,713.8400268554688,379471,0.0,0.0,0.0
2026-06-25 15:50:00-04:00,713.8699951171875,715.1400146484375,712.9600219726562,714.8099975585938,705670,0.0,0.0,0.0
2026-06-25 15:55:00-04:00,714.8400268554688,716.3599853515625,714.5518798828125,716.260009765625,1719998,0.0,0.0,0.0
2026-06-26 09:30:00-04:00,707.0900268554688,707.3800048828125,702.8099975585938,704.030029296875,3284974,0.0,0.0,0.0
2026-06-26 09:35:00-04:00,704.0499877929688,706.8212280273438,703.969970703125,704.25,903986,0.0,0.0,0.0
2026-06-26 09:40:00-04:00,704.3499755859375,707.2590942382812,703.7301025390625,706.7100219726562,781668,0.0,0.0,0.0
2026-06-26 09:45:00-04:00,706.72998046875,706.9000244140625,704.2000122070312,704.8699951171875,705824,0.0,0.0,0.0
2026-06-26 09:50:00-04:00,704.8900146484375,706.7999877929688,704.756591796875,706.3200073242188,494264,0.0,0.0,0.0
2026-06-26 09:55:00-04:00,706.3699951171875,709.6500244140625,705.7401123046875,709.1199951171875,921872,0.0,0.0,0.0
2026-06-26 10:00:00-04:00,709.1400146484375,711.4500122070312,708.6199951171875,711.3391723632812,846067,0.0,0.0,0.0
2026-06-26 10:05:00-04:00,711.3300170898438,712.52001953125,710.7100219726562,712.1649780273438,731452,0.0,0.0,0.0
2026-06-26 10:10:00-04:00,712.1599731445312,712.9400024414062,710.5999755859375,712.5900268554688,761984,0.0,0.0,0.0
2026-06-26 10:15:00-04:00,712.5499877929688,712.8922729492188,710.969970703125,711.1199951171875,598316,0.0,0.0,0.0
2026-06-26 10:20:00-04:00,711.1099853515625,714.3300170898438,710.9600219726562,712.9400024414062,881319,0.0,0.0,0.0
2026-06-26 10:25:00-04:00,712.97998046875,713.6799926757812,712.0700073242188,712.7199096679688,640105,0.0,0.0,0.0
2026-06-26 10:30:00-04:00,712.6900024414062,713.25,711.260009765625,712.4600219726562,542222,0.0,0.0,0.0
2026-06-26 10:35:00-04:00,712.4500122070312,712.5499877929688,709.9600219726562,710.0999755859375,563163,0.0,0.0,0.0
2026-06-26 10:40:00-04:00,710.1199951171875,711.739990234375,709.3699951171875,710.20458984375,418130,0.0,0.0,0.0
2026-06-26 10:45:00-04:00,710.2650146484375,712.0260009765625,710.1099853515625,711.1950073242188,399881,0.0,0.0,0.0
2026-06-26 10:50:00-04:00,711.3358154296875,712.3499145507812,710.219970703125,710.8663940429688,309697,0.0,0.0,0.0
2026-06-26 10:55:00-04:00,710.8800048828125,711.4000244140625,709.6599731445312,710.5001220703125,267146,0.0,0.0,0.0
2026-06-26 11:00:00-04:00,710.5599975585938,711.6400146484375,710.4199829101562,710.6599731445312,303218,0.0,0.0,0.0
2026-06-26 11:05:00-04:00,710.6300048828125,711.260009765625,709.655029296875,710.9901123046875,245200,0.0,0.0,0.0
2026-06-26 11:10:00-04:00,711.010009765625,711.239990234375,708.9149780273438,709.0599975585938,205255,0.0,0.0,0.0
2026-06-26 11:15:00-04:00,709.0700073242188,710.8200073242188,708.219970703125,710.510009765625,463110,0.0,0.0,0.0
2026-06-26 11:20:00-04:00,710.4199829101562,711.780029296875,709.9000854492188,711.7449951171875,349393,0.0,0.0,0.0
2026-06-26 11:25:00-04:00,711.75,712.5599975585938,711.280029296875,712.510009765625,269720,0.0,0.0,0.0
2026-06-26 11:30:00-04:00,712.5200805664062,714.139892578125,711.9738159179688,712.3098754882812,461510,0.0,0.0,0.0
2026-06-26 11:35:00-04:00,712.3699951171875,714.5390014648438,712.3499755859375,714.3300170898438,326492,0.0,0.0,0.0
2026-06-26 11:40:00-04:00,714.22998046875,715.5499877929688,713.77001953125,715.0900268554688,403154,0.0,0.0,0.0
2026-06-26 11:45:00-04:00,715.0700073242188,715.27001953125,713.3250122070312,713.325927734375,306878,0.0,0.0,0.0
2026-06-26 11:50:00-04:00,713.39501953125,714.3300170898438,711.1099853515625,711.760009765625,658417,0.0,0.0,0.0
2026-06-26 11:55:00-04:00,711.760009765625,713.9500122070312,711.4901123046875,713.2100219726562,349002,0.0,0.0,0.0
2026-06-26 12:00:00-04:00,713.25,713.3599853515625,712.3400268554688,712.989990234375,215086,0.0,0.0,0.0
2026-06-26 12:05:00-04:00,712.969970703125,713.1199951171875,711.2999877929688,711.5399169921875,217882,0.0,0.0,0.0
2026-06-26 12:10:00-04:00,711.5399780273438,711.9199829101562,710.8800048828125,711.719970703125,261085,0.0,0.0,0.0
2026-06-26 12:15:00-04:00,711.7100219726562,712.4089965820312,711.25,711.7249755859375,196284,0.0,0.0,0.0
2026-06-26 12:20:00-04:00,711.780029296875,712.0900268554688,710.27001953125,711.4301147460938,362737,0.0,0.0,0.0
2026-06-26 12:25:00-04:00,711.4099731445312,712.260009765625,711.260009765625,711.8499755859375,179515,0.0,0.0,0.0
2026-06-26 12:30:00-04:00,711.9000244140625,713.6799926757812,711.8200073242188,713.614990234375,291804,0.0,0.0,0.0
2026-06-26 12:35:00-04:00,713.5900268554688,713.798095703125,712.9099731445312,713.0,186584,0.0,0.0,0.0
2026-06-26 12:40:00-04:00,712.97998046875,713.510009765625,712.6599731445312,712.6799926757812,250542,0.0,0.0,0.0
2026-06-26 12:45:00-04:00,712.739990234375,713.25,712.4559936523438,713.03662109375,142489,0.0,0.0,0.0
2026-06-26 12:50:00-04:00,713.0599975585938,713.8400268554688,712.9500122070312,713.4000244140625,353196,0.0,0.0,0.0
2026-06-26 12:55:00-04:00,713.3699951171875,713.4498901367188,712.7800903320312,713.0449829101562,142631,0.0,0.0,0.0
2026-06-26 13:00:00-04:00,713.0700073242188,714.1300048828125,712.6849975585938,713.7949829101562,322064,0.0,0.0,0.0
2026-06-26 13:05:00-04:00,713.8099975585938,714.9600219726562,713.6799926757812,714.9000244140625,184554,0.0,0.0,0.0
2026-06-26 13:10:00-04:00,714.919921875,715.169921875,713.8599853515625,713.9600219726562,253768,0.0,0.0,0.0
2026-06-26 13:15:00-04:00,714.0399169921875,714.0900268554688,712.6799926757812,712.7999877929688,202923,0.0,0.0,0.0
2026-06-26 13:20:00-04:00,712.8800048828125,713.4099731445312,712.239990234375,712.6300048828125,157461,0.0,0.0,0.0
2026-06-26 13:25:00-04:00,712.6699829101562,713.989990234375,712.2000732421875,713.614990234375,295456,0.0,0.0,0.0
2026-06-26 13:30:00-04:00,713.5700073242188,714.5900268554688,713.1500854492188,713.2999877929688,317148,0.0,0.0,0.0
2026-06-26 13:35:00-04:00,713.2000122070312,713.2000122070312,712.27001953125,712.3499755859375,143969,0.0,0.0,0.0
2026-06-26 13:40:00-04:00,712.3699951171875,713.0,711.7863159179688,712.7218017578125,220016,0.0,0.0,0.0
2026-06-26 13:45:00-04:00,712.719970703125,713.0698852539062,712.0599975585938,712.1099853515625,148874,0.0,0.0,0.0
2026-06-26 13:50:00-04:00,712.1300048828125,712.6699829101562,711.9600219726562,712.1901245117188,219016,0.0,0.0,0.0
2026-06-26 13:55:00-04:00,712.2100219726562,712.219970703125,711.22998046875,711.3900146484375,207025,0.0,0.0,0.0
2026-06-26 14:00:00-04:00,711.469970703125,712.0399780273438,711.3599853515625,711.8099975585938,169943,0.0,0.0,0.0
2026-06-26 14:05:00-04:00,711.6900024414062,712.3300170898438,711.25,711.5900268554688,159117,0.0,0.0,0.0
2026-06-26 14:10:00-04:00,711.4949951171875,711.6798706054688,711.010009765625,711.3049926757812,204973,0.0,0.0,0.0
2026-06-26 14:15:00-04:00,711.2899780273438,711.6099853515625,710.1199951171875,710.4000244140625,284852,0.0,0.0,0.0
2026-06-26 14:20:00-04:00,710.4099731445312,710.9099731445312,710.1199951171875,710.4849853515625,1501689,0.0,0.0,0.0
2026-06-26 14:25:00-04:00,710.5599975585938,710.7993774414062,709.3400268554688,709.489990234375,238221,0.0,0.0,0.0
2026-06-26 14:30:00-04:00,709.47998046875,710.6199951171875,709.2899780273438,710.3499755859375,331143,0.0,0.0,0.0
2026-06-26 14:35:00-04:00,710.385009765625,710.4299926757812,709.4600219726562,709.739990234375,181393,0.0,0.0,0.0
2026-06-26 14:40:00-04:00,709.7100219726562,710.1699829101562,709.4400024414062,709.7999877929688,196349,0.0,0.0,0.0
2026-06-26 14:45:00-04:00,709.7100219726562,709.7100219726562,708.6400146484375,708.9500122070312,656712,0.0,0.0,0.0
2026-06-26 14:50:00-04:00,709.0,709.0999755859375,708.3800048828125,708.7100219726562,1664112,0.0,0.0,0.0
2026-06-26 14:55:00-04:00,708.75,709.3400268554688,707.7100219726562,708.3699951171875,425183,0.0,0.0,0.0
2026-06-26 15:00:00-04:00,708.4299926757812,708.969970703125,708.0800170898438,708.1099853515625,610870,0.0,0.0,0.0
2026-06-26 15:05:00-04:00,708.0900268554688,710.0499877929688,707.8699951171875,709.8800048828125,378015,0.0,0.0,0.0
2026-06-26 15:10:00-04:00,709.8400268554688,710.5,709.4415283203125,710.4600830078125,473714,0.0,0.0,0.0
2026-06-26 15:15:00-04:00,710.405029296875,710.4550170898438,709.6799926757812,710.0750122070312,1647351,0.0,0.0,0.0
2026-06-26 15:20:00-04:00,710.0700073242188,710.4600219726562,708.530029296875,709.0499877929688,347032,0.0,0.0,0.0
2026-06-26 15:25:00-04:00,709.030029296875,709.4600219726562,708.8800048828125,709.239990234375,198028,0.0,0.0,0.0
2026-06-26 15:30:00-04:00,709.260009765625,710.3200073242188,708.6799926757812,710.1099853515625,468364,0.0,0.0,0.0
2026-06-26 15:35:00-04:00,710.0999755859375,710.5900268554688,709.535888671875,709.5499877929688,393988,0.0,0.0,0.0
2026-06-26 15:40:00-04:00,709.5800170898438,711.489990234375,709.5300903320312,711.2999877929688,421790,0.0,0.0,0.0
2026-06-26 15:45:00-04:00,711.3099975585938,712.010009765625,710.6500854492188,710.8892211914062,497443,0.0,0.0,0.0
2026-06-26 15:50:00-04:00,710.9000244140625,711.1799926757812,708.4600219726562,709.27001953125,1181480,0.0,0.0,0.0
2026-06-26 15:55:00-04:00,709.2150268554688,709.5650024414062,705.2100219726562,705.5399780273438,2050574,0.0,0.0,0.0
2026-06-29 09:30:00-04:00,713.989990234375,716.9600219726562,711.8800048828125,716.7899780273438,2885083,0.0,0.0,0.0
2026-06-29 09:35:00-04:00,716.8599853515625,716.9199829101562,713.75,715.5800170898438,868559,0.0,0.0,0.0
2026-06-29 09:40:00-04:00,715.47998046875,717.53369140625,714.760009765625,717.2899780273438,906818,0.0,0.0,0.0
2026-06-29 09:45:00-04:00,717.2899780273438,718.239990234375,716.47998046875,716.8800048828125,850992,0.0,0.0,0.0
2026-06-29 09:50:00-04:00,716.8599853515625,718.6599731445312,715.8244018554688,716.8178100585938,578593,0.0,0.0,0.0
2026-06-29 09:55:00-04:00,716.8200073242188,717.0899047851562,712.47998046875,713.389892578125,976205,0.0,0.0,0.0
2026-06-29 10:00:00-04:00,713.5599975585938,713.72998046875,711.3900146484375,711.60009765625,1001652,0.0,0.0,0.0
2026-06-29 10:05:00-04:00,711.6400146484375,711.8800048828125,709.4600219726562,710.5399780273438,942913,0.0,0.0,0.0
2026-06-29 10:10:00-04:00,710.5599975585938,710.9299926757812,706.4600830078125,706.5399780273438,927955,0.0,0.0,0.0
2026-06-29 10:15:00-04:00,706.469970703125,707.9299926757812,705.1719970703125,707.7999877929688,1391802,0.0,0.0,0.0
2026-06-29 10:20:00-04:00,707.7999877929688,709.1699829101562,706.8499755859375,708.3200073242188,747458,0.0,0.0,0.0
2026-06-29 10:25:00-04:00,708.3699951171875,711.969970703125,708.1099853515625,711.8400268554688,953172,0.0,0.0,0.0
2026-06-29 10:30:00-04:00,711.8599853515625,714.3800048828125,711.4099731445312,713.9000244140625,952453,0.0,0.0,0.0
2026-06-29 10:35:00-04:00,713.8699951171875,714.1500244140625,712.1900024414062,712.8599853515625,483951,0.0,0.0,0.0
2026-06-29 10:40:00-04:00,712.7999877929688,713.72998046875,712.219970703125,712.6500244140625,309647,0.0,0.0,0.0
2026-06-29 10:45:00-04:00,712.5,712.72998046875,710.6500244140625,712.4849853515625,446482,0.0,0.0,0.0
2026-06-29 10:50:00-04:00,712.3900146484375,715.219970703125,712.3900146484375,714.9400024414062,494251,0.0,0.0,0.0
2026-06-29 10:55:00-04:00,714.8800048828125,715.9600219726562,714.1400146484375,715.9000244140625,462993,0.0,0.0,0.0
2026-06-29 11:00:00-04:00,715.9299926757812,716.3099975585938,715.4500122070312,715.60498046875,538075,0.0,0.0,0.0
2026-06-29 11:05:00-04:00,715.6199951171875,716.22998046875,715.0859985351562,715.9199829101562,354156,0.0,0.0,0.0
2026-06-29 11:10:00-04:00,716.010009765625,716.1599731445312,714.7100219726562,716.0900268554688,437941,0.0,0.0,0.0
2026-06-29 11:15:00-04:00,716.1799926757812,716.7999877929688,715.1099853515625,715.3687744140625,407551,0.0,0.0,0.0
2026-06-29 11:20:00-04:00,715.3800048828125,716.5,714.5599975585938,715.0800170898438,419834,0.0,0.0,0.0
2026-06-29 11:25:00-04:00,715.010009765625,717.3200073242188,714.9801025390625,717.22998046875,299135,0.0,0.0,0.0
2026-06-29 11:30:00-04:00,717.239990234375,717.8599853515625,716.97998046875,717.1599731445312,464253,0.0,0.0,0.0
2026-06-29 11:35:00-04:00,717.1400146484375,718.0,716.4099731445312,717.8298950195312,500191,0.0,0.0,0.0
2026-06-29 11:40:00-04:00,717.8099975585938,718.5499877929688,717.3499755859375,718.469970703125,421831,0.0,0.0,0.0
2026-06-29 11:45:00-04:00,718.4500122070312,718.4600219726562,717.4500122070312,717.7750244140625,360436,0.0,0.0,0.0
2026-06-29 11:50:00-04:00,717.7999877929688,718.659912109375,717.6699829101562,718.4600219726562,277350,0.0,0.0,0.0
2026-06-29 11:55:00-04:00,718.4099731445312,719.0599975585938,717.8400268554688,718.948974609375,317956,0.0,0.0,0.0
2026-06-29 12:00:00-04:00,718.9199829101562,719.6900024414062,718.8400268554688,719.5999755859375,485994,0.0,0.0,0.0
2026-06-29 12:05:00-04:00,719.5999755859375,719.8499755859375,719.2000122070312,719.3900146484375,767696,0.0,0.0,0.0
2026-06-29 12:10:00-04:00,719.4299926757812,719.6300048828125,718.780029296875,719.1500244140625,333701,0.0,0.0,0.0
2026-06-29 12:15:00-04:00,719.0999755859375,720.0700073242188,719.0999755859375,719.8599853515625,300932,0.0,0.0,0.0
2026-06-29 12:20:00-04:00,719.8200073242188,720.42041015625,719.5700073242188,720.39501953125,316644,0.0,0.0,0.0
2026-06-29 12:25:00-04:00,720.4149780273438,720.530029296875,719.52001953125,719.5985717773438,202369,0.0,0.0,0.0
2026-06-29 12:30:00-04:00,719.6400146484375,719.8800048828125,718.9349975585938,719.4000244140625,215287,0.0,0.0,0.0
2026-06-29 12:35:00-04:00,719.3699951171875,720.010009765625,719.22998046875,719.9400024414062,266483,0.0,0.0,0.0
2026-06-29 12:40:00-04:00,719.9400024414062,720.5800170898438,719.8699951171875,720.510009765625,239576,0.0,0.0,0.0
2026-06-29 12:45:00-04:00,720.489990234375,720.8375244140625,720.1799926757812,720.4600219726562,235548,0.0,0.0,0.0
2026-06-29 12:50:00-04:00,720.469970703125,721.1199951171875,720.3118896484375,721.010009765625,212624,0.0,0.0,0.0
2026-06-29 12:55:00-04:00,720.9400024414062,721.0,720.657470703125,720.7088012695312,146484,0.0,0.0,0.0
2026-06-29 13:00:00-04:00,720.7100219726562,721.4401245117188,720.6699829101562,721.3599853515625,273217,0.0,0.0,0.0
2026-06-29 13:05:00-04:00,721.4000244140625,721.5599975585938,721.1300048828125,721.489990234375,184862,0.0,0.0,0.0
2026-06-29 13:10:00-04:00,721.510009765625,722.72998046875,721.47998046875,722.40478515625,347328,0.0,0.0,0.0
2026-06-29 13:15:00-04:00,722.4299926757812,722.739990234375,722.22998046875,722.47998046875,242559,0.0,0.0,0.0
2026-06-29 13:20:00-04:00,722.489990234375,722.75,721.469970703125,721.6900024414062,451611,0.0,0.0,0.0
2026-06-29 13:25:00-04:00,721.6900024414062,723.0469970703125,721.5399780273438,723.0,210479,0.0,0.0,0.0
2026-06-29 13:30:00-04:00,722.989990234375,723.6300048828125,722.4099731445312,722.64501953125,304488,0.0,0.0,0.0
2026-06-29 13:35:00-04:00,722.6400146484375,723.02001953125,722.530029296875,722.9500122070312,261377,0.0,0.0,0.0
2026-06-29 13:40:00-04:00,722.9400024414062,723.0,722.6699829101562,722.8900146484375,142085,0.0,0.0,0.0
2026-06-29 13:45:00-04:00,722.8800048828125,723.3400268554688,722.5800170898438,723.239990234375,175191,0.0,0.0,0.0
2026-06-29 13:50:00-04:00,723.260009765625,723.4299926757812,722.9099731445312,723.1500244140625,194931,0.0,0.0,0.0
2026-06-29 13:55:00-04:00,723.1500244140625,723.4400024414062,722.5200805664062,722.8201293945312,281723,0.0,0.0,0.0
2026-06-29 14:00:00-04:00,722.8394775390625,723.25,722.5800170898438,723.0695190429688,193776,0.0,0.0,0.0
2026-06-29 14:05:00-04:00,723.0800170898438,723.3200073242188,722.8499755859375,722.969970703125,271868,0.0,0.0,0.0
2026-06-29 14:10:00-04:00,722.989990234375,723.2999877929688,722.9099731445312,723.260009765625,170916,0.0,0.0,0.0
2026-06-29 14:15:00-04:00,723.25,723.3300170898438,722.969970703125,723.219970703125,165688,0.0,0.0,0.0
2026-06-29 14:20:00-04:00,723.1799926757812,723.2899780273438,722.6900024414062,722.8350219726562,167642,0.0,0.0,0.0
2026-06-29 14:25:00-04:00,722.8300170898438,722.8599853515625,722.4299926757812,722.53369140625,198438,0.0,0.0,0.0
2026-06-29 14:30:00-04:00,722.5999755859375,723.3800048828125,722.47998046875,723.2949829101562,171225,0.0,0.0,0.0
2026-06-29 14:35:00-04:00,723.3400268554688,723.780029296875,723.1900024414062,723.6699829101562,497630,0.0,0.0,0.0
2026-06-29 14:40:00-04:00,723.6699829101562,724.1162719726562,723.6510009765625,724.0599975585938,280433,0.0,0.0,0.0
2026-06-29 14:45:00-04:00,724.0599975585938,724.4199829101562,723.9201049804688,724.030029296875,335921,0.0,0.0,0.0
2026-06-29 14:50:00-04:00,723.9926147460938,724.010009765625,723.5599975585938,723.8499755859375,275328,0.0,0.0,0.0
2026-06-29 14:55:00-04:00,723.8400268554688,723.9400024414062,723.3699951171875,723.489990234375,247221,0.0,0.0,0.0
2026-06-29 15:00:00-04:00,723.530029296875,723.8499755859375,722.8900146484375,722.9299926757812,606428,0.0,0.0,0.0
2026-06-29 15:05:00-04:00,722.8900146484375,723.6799926757812,722.75,723.3400268554688,394648,0.0,0.0,0.0
2026-06-29 15:10:00-04:00,723.3699951171875,723.4901123046875,723.0200805664062,723.1505126953125,200431,0.0,0.0,0.0
2026-06-29 15:15:00-04:00,723.1400146484375,723.6099853515625,723.0,723.3699951171875,512107,0.0,0.0,0.0
2026-06-29 15:20:00-04:00,723.3800048828125,724.25,723.3800048828125,723.9450073242188,659120,0.0,0.0,0.0
2026-06-29 15:25:00-04:00,723.969970703125,724.0399780273438,723.4199829101562,723.4299926757812,271154,0.0,0.0,0.0
2026-06-29 15:30:00-04:00,723.4600219726562,723.5599975585938,722.97998046875,723.0700073242188,455317,0.0,0.0,0.0
2026-06-29 15:35:00-04:00,723.0549926757812,723.6500244140625,723.0300903320312,723.6300048828125,280309,0.0,0.0,0.0
2026-06-29 15:40:00-04:00,723.6500244140625,724.0098876953125,723.0999755859375,723.3699951171875,223390,0.0,0.0,0.0
2026-06-29 15:45:00-04:00,723.3499755859375,723.5999755859375,723.22998046875,723.4000244140625,2308315,0.0,0.0,0.0
2026-06-29 15:50:00-04:00,723.4099731445312,723.530029296875,722.239990234375,722.6699829101562,1023342,0.0,0.0,0.0
2026-06-29 15:55:00-04:00,722.6900024414062,724.5800170898438,722.6900024414062,724.030029296875,2600956,0.0,0.0,0.0
2026-06-30 09:30:00-04:00,724.1699829101562,727.5800170898438,723.9199829101562,727.385009765625,2547925,0.0,0.0,0.0
2026-06-30 09:35:00-04:00,727.47998046875,729.4400024414062,726.8599853515625,727.6799926757812,977604,0.0,0.0,0.0
2026-06-30 09:40:00-04:00,727.6500244140625,728.9000244140625,726.8099975585938,728.260009765625,755565,0.0,0.0,0.0
2026-06-30 09:45:00-04:00,728.1900024414062,729.1411743164062,727.77001953125,728.2100219726562,557928,0.0,0.0,0.0
2026-06-30 09:50:00-04:00,728.1699829101562,730.6199951171875,727.9400024414062,730.1950073242188,851425,0.0,0.0,0.0
2026-06-30 09:55:00-04:00,730.2698974609375,731.905029296875,730.239990234375,731.8701171875,605060,0.0,0.0,0.0
2026-06-30 10:00:00-04:00,731.8701171875,732.5900268554688,729.72998046875,732.5900268554688,1011347,0.0,0.0,0.0
2026-06-30 10:05:00-04:00,732.52001953125,732.5399780273438,730.8699951171875,731.1699829101562,604973,0.0,0.0,0.0
2026-06-30 10:10:00-04:00,731.2100219726562,731.9400024414062,730.510009765625,731.5999755859375,606275,0.0,0.0,0.0
2026-06-30 10:15:00-04:00,731.5900268554688,732.2899169921875,731.1599731445312,732.0399169921875,388115,0.0,0.0,0.0
2026-06-30 10:20:00-04:00,731.9000244140625,733.2999877929688,731.551513671875,733.0499877929688,518310,0.0,0.0,0.0
2026-06-30 10:25:00-04:00,733.0599975585938,733.3099975585938,732.3900146484375,732.9884033203125,393178,0.0,0.0,0.0
2026-06-30 10:30:00-04:00,733.030029296875,733.75,732.8599853515625,733.7399291992188,409671,0.0,0.0,0.0
2026-06-30 10:35:00-04:00,733.75,733.7750244140625,732.4500122070312,732.8900146484375,533815,0.0,0.0,0.0
2026-06-30 10:40:00-04:00,732.8599853515625,733.25,732.0499877929688,733.0700073242188,316811,0.0,0.0,0.0
2026-06-30 10:45:00-04:00,733.0399780273438,733.0399780273438,731.4400024414062,731.5650024414062,310815,0.0,0.0,0.0
2026-06-30 10:50:00-04:00,731.5999755859375,732.239990234375,730.6099853515625,730.72998046875,326468,0.0,0.0,0.0
2026-06-30 10:55:00-04:00,730.760009765625,731.4299926757812,729.9400024414062,730.469970703125,353879,0.0,0.0,0.0
2026-06-30 11:00:00-04:00,730.52001953125,732.0700073242188,730.3699951171875,732.0098876953125,609127,0.0,0.0,0.0
2026-06-30 11:05:00-04:00,732.0324096679688,732.5399780273438,731.8099975585938,732.4099731445312,321236,0.0,0.0,0.0
2026-06-30 11:10:00-04:00,732.4199829101562,733.030029296875,731.8499755859375,732.8099975585938,291908,0.0,0.0,0.0
2026-06-30 11:15:00-04:00,732.8099975585938,732.947509765625,732.0700073242188,732.3499755859375,322985,0.0,0.0,0.0
2026-06-30 11:20:00-04:00,732.3049926757812,732.8699951171875,732.1799926757812,732.6199951171875,177951,0.0,0.0,0.0
2026-06-30 11:25:00-04:00,732.6900024414062,733.1699829101562,732.530029296875,733.0250244140625,196917,0.0,0.0,0.0
2026-06-30 11:30:00-04:00,733.0599975585938,733.530029296875,732.75,733.510009765625,263588,0.0,0.0,0.0
2026-06-30 11:35:00-04:00,733.5,733.5798950195312,732.8200073242188,733.010009765625,170358,0.0,0.0,0.0
2026-06-30 11:40:00-04:00,732.969970703125,733.4000244140625,732.5900268554688,733.1489868164062,276436,0.0,0.0,0.0
2026-06-30 11:45:00-04:00,733.1599731445312,733.72998046875,733.1500244140625,733.52001953125,311036,0.0,0.0,0.0
2026-06-30 11:50:00-04:00,733.5999755859375,734.4000244140625,733.5,734.3900146484375,344031,0.0,0.0,0.0
2026-06-30 11:55:00-04:00,734.375,734.7197265625,734.1599731445312,734.22900390625,257215,0.0,0.0,0.0
2026-06-30 12:00:00-04:00,734.25,734.8336791992188,734.030029296875,734.780029296875,153025,0.0,0.0,0.0
2026-06-30 12:05:00-04:00,734.7302856445312,735.0800170898438,734.6799926757812,734.8099975585938,331159,0.0,0.0,0.0
2026-06-30 12:10:00-04:00,734.8099975585938,734.9099731445312,734.5399780273438,734.905029296875,190933,0.0,0.0,0.0
2026-06-30 12:15:00-04:00,734.9199829101562,735.3897705078125,734.760009765625,735.2188110351562,334010,0.0,0.0,0.0
2026-06-30 12:20:00-04:00,735.1900024414062,735.2999877929688,734.8800048828125,735.1298828125,176708,0.0,0.0,0.0
2026-06-30 12:25:00-04:00,735.0650024414062,735.3800048828125,734.8400268554688,735.0349731445312,127028,0.0,0.0,0.0
2026-06-30 12:30:00-04:00,735.0390014648438,735.1950073242188,734.6400146484375,734.8200073242188,160785,0.0,0.0,0.0
2026-06-30 12:35:00-04:00,734.8306274414062,735.1798706054688,734.8099975585938,735.1500244140625,248015,0.0,0.0,0.0
2026-06-30 12:40:00-04:00,735.1799926757812,735.469970703125,735.02001953125,735.4299926757812,121045,0.0,0.0,0.0
2026-06-30 12:45:00-04:00,735.4500122070312,736.0999755859375,735.380126953125,736.076416015625,246932,0.0,0.0,0.0
2026-06-30 12:50:00-04:00,736.0999755859375,736.3499755859375,735.8800048828125,736.2000122070312,204112,0.0,0.0,0.0
2026-06-30 12:55:00-04:00,736.2000732421875,736.2744140625,735.6677856445312,735.8200073242188,122714,0.0,0.0,0.0
2026-06-30 13:00:00-04:00,735.8300170898438,736.5549926757812,735.7899780273438,736.4000244140625,215677,0.0,0.0,0.0
2026-06-30 13:05:00-04:00,736.4024047851562,736.6799926757812,736.27001953125,736.52001953125,185313,0.0,0.0,0.0
2026-06-30 13:10:00-04:00,736.4924926757812,736.530029296875,736.0,736.02001953125,269648,0.0,0.0,0.0
2026-06-30 13:15:00-04:00,736.0399169921875,736.280029296875,735.9000244140625,736.2100219726562,188562,0.0,0.0,0.0
2026-06-30 13:20:00-04:00,736.1978759765625,736.47998046875,736.0009155273438,736.135009765625,133438,0.0,0.0,0.0
2026-06-30 13:25:00-04:00,736.135009765625,736.2100219726562,735.77001953125,735.8800048828125,146773,0.0,0.0,0.0
2026-06-30 13:30:00-04:00,735.9400024414062,735.97998046875,735.5704956054688,735.9299926757812,214477,0.0,0.0,0.0
2026-06-30 13:35:00-04:00,735.9219970703125,736.114990234375,735.6400146484375,735.6900024414062,149357,0.0,0.0,0.0
2026-06-30 13:40:00-04:00,735.7059936523438,736.27001953125,735.630126953125,736.22998046875,147079,0.0,0.0,0.0
2026-06-30 13:45:00-04:00,736.239990234375,736.27001953125,735.75,735.7899780273438,300018,0.0,0.0,0.0
2026-06-30 13:50:00-04:00,735.7999877929688,736.010009765625,735.5800170898438,735.8699951171875,1137870,0.0,0.0,0.0
2026-06-30 13:55:00-04:00,735.8800048828125,735.9370727539062,735.6699829101562,735.780029296875,151934,0.0,0.0,0.0
2026-06-30 14:00:00-04:00,735.8099975585938,736.1500244140625,735.5999755859375,735.885009765625,168344,0.0,0.0,0.0
2026-06-30 14:05:00-04:00,735.8900146484375,736.0900268554688,735.1749877929688,735.9500122070312,204096,0.0,0.0,0.0
2026-06-30 14:10:00-04:00,735.9099731445312,736.0399780273438,735.75,735.8099975585938,120066,0.0,0.0,0.0
2026-06-30 14:15:00-04:00,735.780029296875,736.239990234375,735.6699829101562,736.1849975585938,149815,0.0,0.0,0.0
2026-06-30 14:20:00-04:00,736.1699829101562,736.3599853515625,735.9500122070312,735.9699096679688,139651,0.0,0.0,0.0
2026-06-30 14:25:00-04:00,735.9600219726562,736.0999755859375,735.8800048828125,735.97998046875,225893,0.0,0.0,0.0
2026-06-30 14:30:00-04:00,736.010009765625,736.0999755859375,735.760009765625,735.89990234375,168786,0.0,0.0,0.0
2026-06-30 14:35:00-04:00,735.8800048828125,736.1174926757812,735.834716796875,735.9199829101562,405755,0.0,0.0,0.0
2026-06-30 14:40:00-04:00,735.9099731445312,736.5599975585938,735.8699951171875,736.510009765625,284525,0.0,0.0,0.0
2026-06-30 14:45:00-04:00,736.510009765625,736.8099975585938,736.27001953125,736.7899780273438,315734,0.0,0.0,0.0
2026-06-30 14:50:00-04:00,736.7999877929688,736.9874877929688,736.22998046875,736.3350219726562,240846,0.0,0.0,0.0
2026-06-30 14:55:00-04:00,736.3099975585938,736.6799926757812,736.2999877929688,736.489990234375,473632,0.0,0.0,0.0
2026-06-30 15:00:00-04:00,736.47998046875,736.9000244140625,736.4500122070312,736.75,332548,0.0,0.0,0.0
2026-06-30 15:05:00-04:00,736.75,737.1500244140625,736.4500122070312,737.0800170898438,520779,0.0,0.0,0.0
2026-06-30 15:10:00-04:00,737.0499877929688,737.4299926757812,736.9246215820312,737.3900146484375,803693,0.0,0.0,0.0
2026-06-30 15:15:00-04:00,737.3800048828125,737.6199951171875,737.0601196289062,737.135009765625,536115,0.0,0.0,0.0
2026-06-30 15:20:00-04:00,737.1300048828125,737.3200073242188,737.010009765625,737.06689453125,430261,0.0,0.0,0.0
2026-06-30 15:25:00-04:00,737.0700073242188,737.260009765625,736.853515625,737.0499877929688,415659,0.0,0.0,0.0
2026-06-30 15:30:00-04:00,737.0499877929688,737.2396850585938,736.830078125,736.905029296875,2508216,0.0,0.0,0.0
2026-06-30 15:35:00-04:00,736.9299926757812,736.9550170898438,736.4299926757812,736.7399291992188,733377,0.0,0.0,0.0
2026-06-30 15:40:00-04:00,736.6900024414062,737.206298828125,736.6699829101562,737.1599731445312,815737,0.0,0.0,0.0
2026-06-30 15:45:00-04:00,737.1500244140625,737.4400024414062,736.77001953125,736.875,832461,0.0,0.0,0.0
2026-06-30 15:50:00-04:00,736.8900146484375,737.5999755859375,736.260009765625,737.0399780273438,1431104,0.0,0.0,0.0
2026-06-30 15:55:00-04:00,737.0499877929688,737.6199951171875,735.760009765625,735.760009765625,3511749,0.0,0.0,0.0
2026-07-01 09:30:00-04:00,729.1599731445312,729.7000122070312,725.97998046875,726.22998046875,4044368,0.0,0.0,0.0
2026-07-01 09:35:00-04:00,726.22998046875,727.3200073242188,725.52001953125,726.2849731445312,1317445,0.0,0.0,0.0
2026-07-01 09:40:00-04:00,726.1400146484375,727.8699951171875,725.8200073242188,726.9105224609375,750037,0.0,0.0,0.0
2026-07-01 09:45:00-04:00,726.7050170898438,728.9500122070312,726.2000122070312,728.4899291992188,672397,0.0,0.0,0.0
2026-07-01 09:50:00-04:00,728.469970703125,729.6900024414062,728.0499877929688,729.1199951171875,860987,0.0,0.0,0.0
2026-07-01 09:55:00-04:00,729.0499877929688,730.239990234375,728.6900024414062,730.1699829101562,633567,0.0,0.0,0.0
2026-07-01 10:00:00-04:00,730.239990234375,730.7999877929688,729.3049926757812,729.7999877929688,637118,0.0,0.0,0.0
2026-07-01 10:05:00-04:00,729.77001953125,731.0499877929688,729.5700073242188,730.5999145507812,366501,0.0,0.0,0.0
2026-07-01 10:10:00-04:00,730.531005859375,731.2899780273438,730.1799926757812,730.3200073242188,487225,0.0,0.0,0.0
2026-07-01 10:15:00-04:00,730.3499755859375,730.9099731445312,729.4450073242188,730.6849975585938,367115,0.0,0.0,0.0
2026-07-01 10:20:00-04:00,730.6400146484375,730.9400024414062,729.9801025390625,730.47998046875,375288,0.0,0.0,0.0
2026-07-01 10:25:00-04:00,730.4650268554688,730.8900146484375,729.9099731445312,730.280029296875,278525,0.0,0.0,0.0
2026-07-01 10:30:00-04:00,730.239990234375,730.3499755859375,728.6900024414062,729.0991821289062,632491,0.0,0.0,0.0
2026-07-01 10:35:00-04:00,729.099609375,729.75,728.3001098632812,729.7449951171875,586531,0.0,0.0,0.0
2026-07-01 10:40:00-04:00,729.760009765625,729.9299926757812,728.280029296875,728.280029296875,339587,0.0,0.0,0.0
2026-07-01 10:45:00-04:00,728.239990234375,728.2899780273438,726.6785278320312,728.0449829101562,684492,0.0,0.0,0.0
2026-07-01 10:50:00-04:00,728.010009765625,729.2100219726562,727.9500122070312,728.6099853515625,314239,0.0,0.0,0.0
2026-07-01 10:55:00-04:00,728.5850219726562,728.72998046875,726.8599853515625,728.030029296875,320182,0.0,0.0,0.0
2026-07-01 11:00:00-04:00,728.030029296875,729.9299926757812,727.8900146484375,729.72998046875,357043,0.0,0.0,0.0
2026-07-01 11:05:00-04:00,729.7100219726562,729.9099731445312,728.3001098632812,728.8200073242188,274733,0.0,0.0,0.0
2026-07-01 11:10:00-04:00,728.8599853515625,729.7899780273438,728.3400268554688,729.72998046875,189581,0.0,0.0,0.0
2026-07-01 11:15:00-04:00,729.77001953125,730.97998046875,729.77001953125,730.5700073242188,382290,0.0,0.0,0.0
2026-07-01 11:20:00-04:00,730.5800170898438,731.435302734375,730.5800170898438,730.6749877929688,372302,0.0,0.0,0.0
2026-07-01 11:25:00-04:00,730.6599731445312,731.75,730.4949951171875,731.62158203125,425791,0.0,0.0,0.0
2026-07-01 11:30:00-04:00,731.6099853515625,731.9099731445312,730.9299926757812,731.010009765625,487585,0.0,0.0,0.0
2026-07-01 11:35:00-04:00,731.0,731.239990234375,730.219970703125,730.5399780273438,376318,0.0,0.0,0.0
2026-07-01 11:40:00-04:00,730.530029296875,731.02001953125,730.0515747070312,730.3499755859375,314393,0.0,0.0,0.0
2026-07-01 11:45:00-04:00,730.3300170898438,730.47998046875,729.2449951171875,729.39501953125,562936,0.0,0.0,0.0
2026-07-01 11:50:00-04:00,729.4000244140625,729.8499755859375,729.0487060546875,729.0487060546875,332228,0.0,0.0,0.0
2026-07-01 11:55:00-04:00,729.0399780273438,729.7650146484375,728.7999877929688,729.5399780273438,565286,0.0,0.0,0.0
2026-07-01 12:00:00-04:00,729.5,730.0,729.030029296875,729.1951293945312,282222,0.0,0.0,0.0
2026-07-01 12:05:00-04:00,729.1099853515625,729.75,728.9400024414062,729.0999755859375,249230,0.0,0.0,0.0
2026-07-01 12:10:00-04:00,729.1099853515625,729.5999145507812,728.7000122070312,729.1699829101562,259413,0.0,0.0,0.0
2026-07-01 12:15:00-04:00,729.1199951171875,729.5700073242188,728.5800170898438,729.488525390625,282894,0.0,0.0,0.0
2026-07-01 12:20:00-04:00,729.4271850585938,730.1699829101562,729.280029296875,729.77001953125,241052,0.0,0.0,0.0
2026-07-01 12:25:00-04:00,729.7999877929688,729.9500122070312,729.1901245117188,729.22998046875,157224,0.0,0.0,0.0
2026-07-01 12:30:00-04:00,729.2249755859375,729.6500244140625,729.0700073242188,729.5,226865,0.0,0.0,0.0
2026-07-01 12:35:00-04:00,729.489990234375,729.489990234375,728.5999755859375,728.6500854492188,154939,0.0,0.0,0.0
2026-07-01 12:40:00-04:00,728.6599731445312,728.8200073242188,728.1837158203125,728.7000122070312,231079,0.0,0.0,0.0
2026-07-01 12:45:00-04:00,728.6837158203125,729.1099853515625,728.22998046875,728.5700073242188,960855,0.0,0.0,0.0
2026-07-01 12:50:00-04:00,728.5800170898438,728.8400268554688,728.0800170898438,728.4400024414062,231124,0.0,0.0,0.0
2026-07-01 12:55:00-04:00,728.469970703125,728.5999755859375,727.530029296875,727.9000244140625,446011,0.0,0.0,0.0
2026-07-01 13:00:00-04:00,727.9000244140625,728.5460205078125,727.4299926757812,727.6699829101562,313898,0.0,0.0,0.0
2026-07-01 13:05:00-04:00,727.6500244140625,727.9450073242188,727.0,727.7449951171875,452163,0.0,0.0,0.0
2026-07-01 13:10:00-04:00,727.739990234375,728.1900024414062,727.3242797851562,728.0700073242188,213559,0.0,0.0,0.0
2026-07-01 13:15:00-04:00,728.0700073242188,728.4600219726562,727.8900146484375,728.4299926757812,485429,0.0,0.0,0.0
2026-07-01 13:20:00-04:00,728.4299926757812,728.989990234375,728.4000244140625,728.9099731445312,163235,0.0,0.0,0.0
2026-07-01 13:25:00-04:00,728.8800048828125,729.1199951171875,728.239990234375,728.3300170898438,170048,0.0,0.0,0.0
2026-07-01 13:30:00-04:00,728.3499755859375,728.6599731445312,727.8200073242188,728.094970703125,121503,0.0,0.0,0.0
2026-07-01 13:35:00-04:00,728.1099853515625,728.3599853515625,727.75,728.2301025390625,99142,0.0,0.0,0.0
2026-07-01 13:40:00-04:00,728.2592163085938,728.4199829101562,727.760009765625,727.8300170898438,144930,0.0,0.0,0.0
2026-07-01 13:45:00-04:00,727.8699951171875,728.02001953125,727.360107421875,727.6500244140625,173772,0.0,0.0,0.0
2026-07-01 13:50:00-04:00,727.6599731445312,728.27001953125,727.6400146484375,727.9299926757812,315454,0.0,0.0,0.0
2026-07-01 13:55:00-04:00,727.9500122070312,727.989990234375,727.094970703125,727.1900024414062,214933,0.0,0.0,0.0
2026-07-01 14:00:00-04:00,727.2249755859375,727.7899780273438,727.1400146484375,727.7860107421875,136410,0.0,0.0,0.0
2026-07-01 14:05:00-04:00,727.7100219726562,727.7999877929688,727.35498046875,727.7374877929688,113389,0.0,0.0,0.0
2026-07-01 14:10:00-04:00,727.739990234375,727.8699951171875,726.97998046875,727.0700073242188,184504,0.0,0.0,0.0
2026-07-01 14:15:00-04:00,727.02001953125,727.280029296875,726.6099853515625,727.27001953125,193380,0.0,0.0,0.0
2026-07-01 14:20:00-04:00,727.2376098632812,727.5399780273438,727.0640258789062,727.5250244140625,143883,0.0,0.0,0.0
2026-07-01 14:25:00-04:00,727.5150146484375,727.6599731445312,727.0999755859375,727.1199951171875,146180,0.0,0.0,0.0
2026-07-01 14:30:00-04:00,727.0900268554688,727.239990234375,726.72998046875,727.1300048828125,293821,0.0,0.0,0.0
2026-07-01 14:35:00-04:00,727.1494750976562,727.489990234375,726.864990234375,727.010009765625,203925,0.0,0.0,0.0
2026-07-01 14:40:00-04:00,727.0,727.0800170898438,726.510986328125,726.77001953125,378953,0.0,0.0,0.0
2026-07-01 14:45:00-04:00,726.75,726.760009765625,725.9099731445312,726.2600708007812,537342,0.0,0.0,0.0
2026-07-01 14:50:00-04:00,726.2100219726562,726.510009765625,725.7191772460938,725.72998046875,382151,0.0,0.0,0.0
2026-07-01 14:55:00-04:00,725.72998046875,726.5499877929688,725.6525268554688,726.4600219726562,359211,0.0,0.0,0.0
2026-07-01 15:00:00-04:00,726.4500122070312,727.590087890625,726.364990234375,727.5700073242188,384618,0.0,0.0,0.0
2026-07-01 15:05:00-04:00,727.5800170898438,728.489990234375,727.4400024414062,728.4102783203125,369611,0.0,0.0,0.0
2026-07-01 15:10:00-04:00,728.4299926757812,728.469970703125,727.6699829101562,727.8057861328125,292773,0.0,0.0,0.0
2026-07-01 15:15:00-04:00,727.780029296875,728.0499877929688,727.3646850585938,727.969970703125,317364,0.0,0.0,0.0
2026-07-01 15:20:00-04:00,727.97998046875,728.3699951171875,727.8853759765625,728.3035888671875,588266,0.0,0.0,0.0
2026-07-01 15:25:00-04:00,728.3300170898438,728.3400268554688,727.4400024414062,727.9091186523438,184357,0.0,0.0,0.0
2026-07-01 15:30:00-04:00,727.905029296875,728.9199829101562,727.905029296875,728.5,357364,0.0,0.0,0.0
2026-07-01 15:35:00-04:00,728.47998046875,728.489990234375,727.25,727.3394775390625,412327,0.0,0.0,0.0
2026-07-01 15:40:00-04:00,727.3400268554688,727.4400024414062,726.5700073242188,726.739990234375,551910,0.0,0.0,0.0
2026-07-01 15:45:00-04:00,726.75,726.7999877929688,726.27001953125,726.5,971652,0.0,0.0,0.0
2026-07-01 15:50:00-04:00,726.510009765625,727.1799926757812,725.6099853515625,726.1599731445312,1080638,0.0,0.0,0.0
2026-07-01 15:55:00-04:00,726.1099853515625,726.159912109375,724.5999755859375,725.1300048828125,3113390,0.0,0.0,0.0
2026-07-02 09:30:00-04:00,725.5800170898438,727.02001953125,723.8800048828125,726.9500122070312,3409717,0.0,0.0,0.0
2026-07-02 09:35:00-04:00,726.9400024414062,727.5899047851562,724.4301147460938,725.0800170898438,824495,0.0,0.0,0.0
2026-07-02 09:40:00-04:00,725.0599975585938,728.22998046875,725.0599975585938,726.7899780273438,759596,0.0,0.0,0.0
2026-07-02 09:45:00-04:00,726.739990234375,728.6300048828125,726.2100219726562,728.0999755859375,574751,0.0,0.0,0.0
2026-07-02 09:50:00-04:00,728.0499877929688,730.0,727.5700073242188,729.4000244140625,614247,0.0,0.0,0.0
2026-07-02 09:55:00-04:00,729.3499755859375,729.989990234375,728.3699951171875,729.9000244140625,303592,0.0,0.0,0.0
2026-07-02 10:00:00-04:00,729.969970703125,730.8200073242188,729.22998046875,729.9744873046875,462823,0.0,0.0,0.0
2026-07-02 10:05:00-04:00,729.9500122070312,730.02001953125,727.760009765625,728.0700073242188,417424,0.0,0.0,0.0
2026-07-02 10:10:00-04:00,728.1099853515625,729.77001953125,726.9199829101562,728.875,637093,0.0,0.0,0.0
2026-07-02 10:15:00-04:00,728.885009765625,729.1199951171875,726.3400268554688,727.4199829101562,598035,0.0,0.0,0.0
2026-07-02 10:20:00-04:00,727.4099731445312,727.75,725.47998046875,725.6099853515625,608844,0.0,0.0,0.0
2026-07-02 10:25:00-04:00,725.5999755859375,725.9450073242188,721.52001953125,722.1699829101562,1304390,0.0,0.0,0.0
2026-07-02 10:30:00-04:00,722.1799926757812,723.8300170898438,720.9400024414062,721.297607421875,923997,0.0,0.0,0.0
2026-07-02 10:35:00-04:00,721.2899780273438,723.3099975585938,720.72021484375,721.8543701171875,710708,0.0,0.0,0.0
2026-07-02 10:40:00-04:00,721.8099975585938,722.0499877929688,718.2999877929688,719.0700073242188,1232693,0.0,0.0,0.0
2026-07-02 10:45:00-04:00,719.0900268554688,720.4749755859375,717.7999877929688,719.5050048828125,864878,0.0,0.0,0.0
2026-07-02 10:50:00-04:00,719.4949951171875,720.114990234375,717.2100219726562,718.0900268554688,762006,0.0,0.0,0.0
2026-07-02 10:55:00-04:00,718.0599975585938,719.8900146484375,717.9199829101562,719.8150024414062,546323,0.0,0.0,0.0
2026-07-02 11:00:00-04:00,719.844970703125,720.0900268554688,716.7999877929688,716.8049926757812,504622,0.0,0.0,0.0
2026-07-02 11:05:00-04:00,716.8900146484375,717.510009765625,714.739990234375,716.5399780273438,950308,0.0,0.0,0.0
2026-07-02 11:10:00-04:00,716.5449829101562,718.2999877929688,716.0800170898438,716.8900146484375,636277,0.0,0.0,0.0
2026-07-02 11:15:00-04:00,716.8599853515625,717.4299926757812,714.5900268554688,714.969970703125,525890,0.0,0.0,0.0
2026-07-02 11:20:00-04:00,715.010009765625,717.0150146484375,714.28271484375,716.8806762695312,574624,0.0,0.0,0.0
2026-07-02 11:25:00-04:00,716.9349975585938,717.5399780273438,715.6799926757812,715.8099975585938,449246,0.0,0.0,0.0
2026-07-02 11:30:00-04:00,715.760009765625,718.0399780273438,715.6900024414062,717.8200073242188,1160267,0.0,0.0,0.0
2026-07-02 11:35:00-04:00,717.9000244140625,719.2999877929688,717.5999755859375,718.4199829101562,409271,0.0,0.0,0.0
2026-07-02 11:40:00-04:00,718.469970703125,719.239990234375,716.7100219726562,716.8200073242188,385048,0.0,0.0,0.0
2026-07-02 11:45:00-04:00,716.7000122070312,717.5800170898438,716.239990234375,716.4500122070312,350559,0.0,0.0,0.0
2026-07-02 11:50:00-04:00,716.4500122070312,716.72998046875,715.1699829101562,715.9400024414062,342566,0.0,0.0,0.0
2026-07-02 11:55:00-04:00,715.9598999023438,716.3480224609375,714.9099731445312,715.814697265625,303566,0.0,0.0,0.0
2026-07-02 12:00:00-04:00,715.9199829101562,716.1578979492188,713.9400024414062,714.8900146484375,832069,0.0,0.0,0.0
2026-07-02 12:05:00-04:00,714.8400268554688,715.2899780273438,713.7000122070312,713.9949951171875,530199,0.0,0.0,0.0
2026-07-02 12:10:00-04:00,714.0399169921875,715.510009765625,713.8099975585938,715.2080078125,359385,0.0,0.0,0.0
2026-07-02 12:15:00-04:00,715.1950073242188,715.27001953125,713.8201293945312,713.8900146484375,361012,0.0,0.0,0.0
2026-07-02 12:20:00-04:00,713.8499755859375,713.9749755859375,712.780029296875,712.9400024414062,504270,0.0,0.0,0.0
2026-07-02 12:25:00-04:00,712.9199829101562,713.9000244140625,712.7659301757812,713.010009765625,526322,0.0,0.0,0.0
2026-07-02 12:30:00-04:00,713.02001953125,713.1199951171875,711.5900268554688,711.6300048828125,755650,0.0,0.0,0.0
2026-07-02 12:35:00-04:00,711.5700073242188,711.97998046875,710.5399780273438,711.3099975585938,589772,0.0,0.0,0.0
2026-07-02 12:40:00-04:00,711.3400268554688,712.7999877929688,711.260009765625,712.6019897460938,759264,0.0,0.0,0.0
2026-07-02 12:45:00-04:00,712.5999755859375,712.6987915039062,711.7608032226562,711.8900146484375,199746,0.0,0.0,0.0
2026-07-02 12:50:00-04:00,711.8699951171875,712.52001953125,711.1500244140625,711.6834716796875,422653,0.0,0.0,0.0
2026-07-02 12:55:00-04:00,711.7000122070312,711.719970703125,710.1199951171875,710.7849731445312,500824,0.0,0.0,0.0
2026-07-02 13:00:00-04:00,710.8200073242188,710.9265747070312,709.0399780273438,709.510009765625,511104,0.0,0.0,0.0
2026-07-02 13:05:00-04:00,709.5,711.2440185546875,708.989990234375,710.4400024414062,454449,0.0,0.0,0.0
2026-07-02 13:10:00-04:00,710.4199829101562,710.905029296875,709.8599853515625,710.5800170898438,340325,0.0,0.0,0.0
2026-07-02 13:15:00-04:00,710.5499877929688,711.2899780273438,710.0,710.1599731445312,550138,0.0,0.0,0.0
2026-07-02 13:20:00-04:00,710.1699829101562,711.2866821289062,709.9500122070312,710.3200073242188,280200,0.0,0.0,0.0
2026-07-02 13:25:00-04:00,710.3599853515625,710.55078125,709.830078125,710.4000244140625,279019,0.0,0.0,0.0
2026-07-02 13:30:00-04:00,710.3900146484375,711.0797729492188,709.969970703125,709.97998046875,269490,0.0,0.0,0.0
2026-07-02 13:35:00-04:00,709.9500122070312,710.1799926757812,708.6699829101562,708.7899780273438,456527,0.0,0.0,0.0
2026-07-02 13:40:00-04:00,708.7899780273438,709.719970703125,708.3200073242188,709.4500122070312,441411,0.0,0.0,0.0
2026-07-02 13:45:00-04:00,709.3800048828125,709.530029296875,707.9199829101562,708.3800048828125,622114,0.0,0.0,0.0
2026-07-02 13:50:00-04:00,708.3599853515625,709.2150268554688,707.9400024414062,709.0899047851562,376907,0.0,0.0,0.0
2026-07-02 13:55:00-04:00,709.0,709.2000122070312,707.5599975585938,707.7899780273438,398768,0.0,0.0,0.0
2026-07-02 14:00:00-04:00,707.8499755859375,708.8900146484375,707.6300048828125,708.8400268554688,342126,0.0,0.0,0.0
2026-07-02 14:05:00-04:00,708.8204956054688,711.239990234375,708.7750244140625,711.219970703125,509334,0.0,0.0,0.0
2026-07-02 14:10:00-04:00,711.1900024414062,711.8200073242188,710.5800170898438,710.7681884765625,516074,0.0,0.0,0.0
2026-07-02 14:15:00-04:00,710.77001953125,710.9500122070312,709.5900268554688,709.9400024414062,433977,0.0,0.0,0.0
2026-07-02 14:20:00-04:00,709.9099731445312,710.760009765625,709.9000244140625,710.5999755859375,245016,0.0,0.0,0.0
2026-07-02 14:25:00-04:00,710.5,711.4500122070312,710.2387084960938,711.4299926757812,299201,0.0,0.0,0.0
2026-07-02 14:30:00-04:00,711.4400024414062,712.3300170898438,711.0205078125,711.2999877929688,354407,0.0,0.0,0.0
2026-07-02 14:35:00-04:00,711.3394775390625,711.8300170898438,710.8699951171875,711.5449829101562,254654,0.0,0.0,0.0
2026-07-02 14:40:00-04:00,711.5599975585938,711.7579956054688,711.0,711.2901000976562,209399,0.0,0.0,0.0
2026-07-02 14:45:00-04:00,711.280029296875,711.72998046875,710.280029296875,711.5750122070312,423639,0.0,0.0,0.0
2026-07-02 14:50:00-04:00,711.6004028320312,712.405029296875,711.2609252929688,711.4299926757812,341461,0.0,0.0,0.0
2026-07-02 14:55:00-04:00,711.4000244140625,711.7100219726562,710.6699829101562,711.5,305065,0.0,0.0,0.0
2026-07-02 15:00:00-04:00,711.5,711.8400268554688,709.3400268554688,709.39501953125,275093,0.0,0.0,0.0
2026-07-02 15:05:00-04:00,709.4400024414062,709.989990234375,708.9000244140625,709.2750244140625,606434,0.0,0.0,0.0
2026-07-02 15:10:00-04:00,709.2899780273438,709.9000244140625,708.8800048828125,709.5999755859375,271400,0.0,0.0,0.0
2026-07-02 15:15:00-04:00,709.5700073242188,709.8250122070312,708.8499755859375,709.1500244140625,251173,0.0,0.0,0.0
2026-07-02 15:20:00-04:00,709.219970703125,709.3350219726562,708.2299194335938,708.364501953125,428218,0.0,0.0,0.0
2026-07-02 15:25:00-04:00,708.3787231445312,710.405029296875,708.0700073242188,709.8499755859375,645089,0.0,0.0,0.0
2026-07-02 15:30:00-04:00,709.8900146484375,711.0,709.5399780273438,710.780029296875,477300,0.0,0.0,0.0
2026-07-02 15:35:00-04:00,710.7899780273438,711.1199951171875,709.9299926757812,710.6602783203125,331013,0.0,0.0,0.0
2026-07-02 15:40:00-04:00,710.6900024414062,710.780029296875,710.02001953125,710.5700073242188,843070,0.0,0.0,0.0
2026-07-02 15:45:00-04:00,710.6300048828125,710.75,710.0499877929688,710.4450073242188,462702,0.0,0.0,0.0
2026-07-02 15:50:00-04:00,710.47998046875,712.5,710.47998046875,712.469970703125,958811,0.0,0.0,0.0
2026-07-02 15:55:00-04:00,712.47998046875,713.780029296875,711.8800048828125,712.739990234375,2661137,0.0,0.0,0.0
2026-07-06 09:30:00-04:00,719.7000122070312,722.27001953125,718.47998046875,722.0399780273438,2520516,0.0,0.0,0.0
2026-07-06 09:35:00-04:00,722.02001953125,722.0399780273438,718.780029296875,721.3399047851562,1112968,0.0,0.0,0.0
2026-07-06 09:40:00-04:00,721.2999877929688,721.969970703125,720.0399780273438,721.7999877929688,706147,0.0,0.0,0.0
2026-07-06 09:45:00-04:00,721.75,722.969970703125,721.3040161132812,722.6754150390625,877154,0.0,0.0,0.0
2026-07-06 09:50:00-04:00,722.6799926757812,723.989990234375,722.0,723.114990234375,781705,0.0,0.0,0.0
2026-07-06 09:55:00-04:00,723.114990234375,723.542724609375,721.8049926757812,722.1799926757812,419587,0.0,0.0,0.0
2026-07-06 10:00:00-04:00,722.27001953125,723.25,721.5,722.1699829101562,413475,0.0,0.0,0.0
2026-07-06 10:05:00-04:00,722.1300048828125,723.9400024414062,721.7999877929688,723.7000122070312,640809,0.0,0.0,0.0
2026-07-06 10:10:00-04:00,723.5999755859375,724.47998046875,723.1699829101562,724.3400268554688,510971,0.0,0.0,0.0
2026-07-06 10:15:00-04:00,724.3200073242188,724.8350219726562,723.8400268554688,723.9600219726562,429596,0.0,0.0,0.0
2026-07-06 10:20:00-04:00,724.02001953125,724.77001953125,723.5364990234375,724.1599731445312,369703,0.0,0.0,0.0
2026-07-06 10:25:00-04:00,724.1849975585938,724.5800170898438,723.6199951171875,724.0999755859375,418697,0.0,0.0,0.0
2026-07-06 10:30:00-04:00,724.1500244140625,725.1552734375,723.8699951171875,724.9000244140625,422419,0.0,0.0,0.0
2026-07-06 10:35:00-04:00,724.8900146484375,725.0700073242188,724.25,724.469970703125,372906,0.0,0.0,0.0
2026-07-06 10:40:00-04:00,724.4849853515625,725.030029296875,723.5499877929688,724.7349853515625,323414,0.0,0.0,0.0
2026-07-06 10:45:00-04:00,724.77001953125,725.1699829101562,724.3800048828125,724.8099975585938,206607,0.0,0.0,0.0
2026-07-06 10:50:00-04:00,724.8599853515625,725.4183959960938,724.22998046875,724.2871704101562,320958,0.0,0.0,0.0
2026-07-06 10:55:00-04:00,724.3400268554688,724.5399780273438,723.52001953125,724.4099731445312,307599,0.0,0.0,0.0
2026-07-06 11:00:00-04:00,724.5399780273438,724.8800048828125,723.7899780273438,724.469970703125,192170,0.0,0.0,0.0
2026-07-06 11:05:00-04:00,724.4299926757812,724.6788940429688,723.52001953125,724.0,180750,0.0,0.0,0.0
2026-07-06 11:10:00-04:00,724.010009765625,724.27001953125,722.8599853515625,723.4301147460938,210323,0.0,0.0,0.0
2026-07-06 11:15:00-04:00,723.3900146484375,723.4550170898438,722.4400024414062,723.3099975585938,353814,0.0,0.0,0.0
2026-07-06 11:20:00-04:00,723.2899780273438,724.0,722.97998046875,723.97998046875,321562,0.0,0.0,0.0
2026-07-06 11:25:00-04:00,723.97998046875,725.3200073242188,723.9000244140625,725.2999877929688,314926,0.0,0.0,0.0
2026-07-06 11:30:00-04:00,725.25,725.5499877929688,724.8900146484375,725.02001953125,416239,0.0,0.0,0.0
2026-07-06 11:35:00-04:00,725.0,725.4199829101562,724.610107421875,725.1099853515625,275851,0.0,0.0,0.0
2026-07-06 11:40:00-04:00,725.12109375,725.6900024414062,724.9199829101562,725.47998046875,208799,0.0,0.0,0.0
2026-07-06 11:45:00-04:00,725.47998046875,725.7000122070312,725.2899780273438,725.6199951171875,199427,0.0,0.0,0.0
2026-07-06 11:50:00-04:00,725.619873046875,725.8400268554688,725.0800170898438,725.0999755859375,248110,0.0,0.0,0.0
2026-07-06 11:55:00-04:00,725.0300903320312,725.77001953125,725.02001953125,725.5399780273438,126805,0.0,0.0,0.0
2026-07-06 12:00:00-04:00,725.5700073242188,725.5899047851562,725.1099853515625,725.1799926757812,120445,0.0,0.0,0.0
2026-07-06 12:05:00-04:00,725.219970703125,725.9600219726562,725.1599731445312,725.6400146484375,159144,0.0,0.0,0.0
2026-07-06 12:10:00-04:00,725.713623046875,726.0800170898438,725.52001953125,725.52001953125,180879,0.0,0.0,0.0
2026-07-06 12:15:00-04:00,725.52001953125,725.6599731445312,725.0900268554688,725.4000244140625,108318,0.0,0.0,0.0
2026-07-06 12:20:00-04:00,725.4099731445312,725.5700073242188,724.7899780273438,724.969970703125,142856,0.0,0.0,0.0
2026-07-06 12:25:00-04:00,724.9320068359375,725.0,724.4500122070312,724.5999755859375,140078,0.0,0.0,0.0
2026-07-06 12:30:00-04:00,724.6400146484375,724.9000244140625,724.2999877929688,724.6300048828125,168699,0.0,0.0,0.0
2026-07-06 12:35:00-04:00,724.6500244140625,724.6599731445312,723.9199829101562,724.3200073242188,165244,0.0,0.0,0.0
2026-07-06 12:40:00-04:00,724.3298950195312,724.6400146484375,724.1699829101562,724.259521484375,98281,0.0,0.0,0.0
2026-07-06 12:45:00-04:00,724.2105712890625,724.6599731445312,723.9099731445312,724.6400146484375,124627,0.0,0.0,0.0
2026-07-06 12:50:00-04:00,724.6400146484375,724.7449951171875,723.75,723.7999877929688,179965,0.0,0.0,0.0
2026-07-06 12:55:00-04:00,723.7999877929688,724.0050048828125,723.4199829101562,723.5800170898438,188132,0.0,0.0,0.0
2026-07-06 13:00:00-04:00,723.5900268554688,723.9400024414062,723.27001953125,723.739990234375,125374,0.0,0.0,0.0
2026-07-06 13:05:00-04:00,723.72998046875,724.6400146484375,723.6599731445312,724.5499877929688,260966,0.0,0.0,0.0
2026-07-06 13:10:00-04:00,724.5999755859375,724.7000122070312,724.10009765625,724.27001953125,142163,0.0,0.0,0.0
2026-07-06 13:15:00-04:00,724.3098754882812,724.5900268554688,723.7000122070312,723.8699951171875,112515,0.0,0.0,0.0
2026-07-06 13:20:00-04:00,723.8599853515625,723.89599609375,723.0,723.3599853515625,200853,0.0,0.0,0.0
2026-07-06 13:25:00-04:00,723.3699951171875,723.739990234375,722.5800170898438,722.760009765625,217875,0.0,0.0,0.0
2026-07-06 13:30:00-04:00,722.760009765625,722.89501953125,721.9199829101562,722.260009765625,368462,0.0,0.0,0.0
2026-07-06 13:35:00-04:00,722.3099975585938,722.3800048828125,721.8099975585938,722.02001953125,282546,0.0,0.0,0.0
2026-07-06 13:40:00-04:00,721.989990234375,721.989990234375,721.030029296875,721.5999755859375,350212,0.0,0.0,0.0
2026-07-06 13:45:00-04:00,721.5800170898438,722.219970703125,721.0800170898438,721.9199829101562,306760,0.0,0.0,0.0
2026-07-06 13:50:00-04:00,722.010009765625,722.3300170898438,721.489990234375,721.52001953125,208608,0.0,0.0,0.0
2026-07-06 13:55:00-04:00,721.5599975585938,721.6599731445312,721.1237182617188,721.3599853515625,172948,0.0,0.0,0.0
2026-07-06 14:00:00-04:00,721.4600219726562,722.27001953125,721.4000244140625,722.0599975585938,186608,0.0,0.0,0.0
2026-07-06 14:05:00-04:00,722.0599975585938,723.1199951171875,722.0599975585938,722.97998046875,280221,0.0,0.0,0.0
2026-07-06 14:10:00-04:00,722.969970703125,723.0927734375,722.5800170898438,722.6500244140625,438643,0.0,0.0,0.0
2026-07-06 14:15:00-04:00,722.6900024414062,723.72998046875,722.6900024414062,723.4600219726562,145128,0.0,0.0,0.0
2026-07-06 14:20:00-04:00,723.4949951171875,723.7000122070312,723.240478515625,723.6300048828125,119085,0.0,0.0,0.0
2026-07-06 14:25:00-04:00,723.6199951171875,723.8599853515625,723.0900268554688,723.1500244140625,226361,0.0,0.0,0.0
2026-07-06 14:30:00-04:00,723.1599731445312,723.3599853515625,722.6599731445312,722.6799926757812,108662,0.0,0.0,0.0
2026-07-06 14:35:00-04:00,722.6400146484375,723.3300170898438,722.6300048828125,722.8699951171875,104857,0.0,0.0,0.0
2026-07-06 14:40:00-04:00,722.9000244140625,723.5050048828125,722.9000244140625,723.3580932617188,310850,0.0,0.0,0.0
2026-07-06 14:45:00-04:00,723.364990234375,723.9395141601562,723.260009765625,723.5900268554688,169809,0.0,0.0,0.0
2026-07-06 14:50:00-04:00,723.5599975585938,723.7498779296875,723.3400268554688,723.6500244140625,296683,0.0,0.0,0.0
2026-07-06 14:55:00-04:00,723.6400146484375,723.97998046875,723.4429931640625,723.6799926757812,160100,0.0,0.0,0.0
2026-07-06 15:00:00-04:00,723.6799926757812,724.1397705078125,723.4299926757812,723.6599731445312,165431,0.0,0.0,0.0
2026-07-06 15:05:00-04:00,723.655029296875,724.114990234375,723.6099853515625,724.114990234375,154307,0.0,0.0,0.0
2026-07-06 15:10:00-04:00,724.1199951171875,724.5250244140625,724.030029296875,724.2100219726562,258282,0.0,0.0,0.0
2026-07-06 15:15:00-04:00,724.2000122070312,724.8099975585938,724.0399780273438,724.7349853515625,352855,0.0,0.0,0.0
2026-07-06 15:20:00-04:00,724.72998046875,725.1900024414062,724.5800170898438,725.0800170898438,387709,0.0,0.0,0.0
2026-07-06 15:25:00-04:00,725.0750122070312,725.1699829101562,724.7100219726562,724.7899780273438,645486,0.0,0.0,0.0
2026-07-06 15:30:00-04:00,724.8099975585938,724.8400268554688,723.9600219726562,724.5599975585938,279577,0.0,0.0,0.0
2026-07-06 15:35:00-04:00,724.5800170898438,724.72998046875,723.9400024414062,724.030029296875,341494,0.0,0.0,0.0
2026-07-06 15:40:00-04:00,723.989990234375,724.6599731445312,723.8599853515625,724.530029296875,253388,0.0,0.0,0.0
2026-07-06 15:45:00-04:00,724.52001953125,724.8200073242188,724.4400024414062,724.510009765625,356223,0.0,0.0,0.0
2026-07-06 15:50:00-04:00,724.47998046875,724.530029296875,723.0800170898438,723.094970703125,685901,0.0,0.0,0.0
2026-07-06 15:55:00-04:00,723.1199951171875,723.4000244140625,722.2100219726562,722.6500244140625,2039122,0.0,0.0,0.0
2026-07-07 09:30:00-04:00,714.1400146484375,716.3397216796875,712.2249755859375,712.7000122070312,3543580,0.0,0.0,0.0
2026-07-07 09:35:00-04:00,712.6199951171875,713.7000122070312,711.6300048828125,712.8900146484375,961629,0.0,0.0,0.0
2026-07-07 09:40:00-04:00,712.9199829101562,714.4299926757812,712.510009765625,714.14501953125,792067,0.0,0.0,0.0
2026-07-07 09:45:00-04:00,714.1400146484375,714.1699829101562,712.0,712.22998046875,575818,0.0,0.0,0.0
2026-07-07 09:50:00-04:00,712.1199951171875,712.780029296875,710.5599975585938,710.7899780273438,715543,0.0,0.0,0.0
2026-07-07 09:55:00-04:00,710.760009765625,711.5,710.0,711.1727905273438,762718,0.0,0.0,0.0
2026-07-07 10:00:00-04:00,711.0800170898438,712.0250244140625,710.02001953125,710.52001953125,491028,0.0,0.0,0.0
2026-07-07 10:05:00-04:00,710.5399780273438,711.239990234375,709.8001098632812,710.47998046875,718733,0.0,0.0,0.0
2026-07-07 10:10:00-04:00,710.469970703125,710.469970703125,707.8599853515625,708.0899047851562,914492,0.0,0.0,0.0
2026-07-07 10:15:00-04:00,708.0499877929688,708.72998046875,707.22998046875,708.6312255859375,869729,0.0,0.0,0.0
2026-07-07 10:20:00-04:00,708.6099853515625,708.9400024414062,706.8200073242188,706.8599853515625,791654,0.0,0.0,0.0
2026-07-07 10:25:00-04:00,706.8800048828125,707.3699951171875,706.0800170898438,707.219970703125,903682,0.0,0.0,0.0
2026-07-07 10:30:00-04:00,707.2100219726562,707.760009765625,706.385009765625,706.6500244140625,730323,0.0,0.0,0.0
2026-07-07 10:35:00-04:00,706.6199951171875,706.739990234375,705.6900024414062,706.0499877929688,853237,0.0,0.0,0.0
2026-07-07 10:40:00-04:00,706.0399780273438,706.4299926757812,704.9000244140625,705.5900268554688,927676,0.0,0.0,0.0
2026-07-07 10:45:00-04:00,705.5900268554688,706.9099731445312,705.4550170898438,706.3187255859375,655025,0.0,0.0,0.0
2026-07-07 10:50:00-04:00,706.2899780273438,707.489990234375,706.02001953125,706.990478515625,574366,0.0,0.0,0.0
2026-07-07 10:55:00-04:00,706.9600219726562,707.75,706.75,707.1900024414062,818119,0.0,0.0,0.0
2026-07-07 11:00:00-04:00,707.1699829101562,707.719970703125,706.4450073242188,707.510009765625,364207,0.0,0.0,0.0
2026-07-07 11:05:00-04:00,707.4349975585938,707.9600219726562,707.0499877929688,707.739990234375,316690,0.0,0.0,0.0
2026-07-07 11:10:00-04:00,707.719970703125,708.5,707.5499877929688,707.5557250976562,460267,0.0,0.0,0.0
2026-07-07 11:15:00-04:00,707.5499877929688,707.5599975585938,706.5,706.6300048828125,653741,0.0,0.0,0.0
2026-07-07 11:20:00-04:00,706.6300048828125,707.5,706.4199829101562,706.5900268554688,343806,0.0,0.0,0.0
2026-07-07 11:25:00-04:00,706.6300048828125,707.5999755859375,706.5499877929688,707.4494018554688,245469,0.0,0.0,0.0
2026-07-07 11:30:00-04:00,707.4600219726562,707.6699829101562,706.8800048828125,706.9199829101562,165554,0.0,0.0,0.0
2026-07-07 11:35:00-04:00,706.9099731445312,707.393798828125,706.1300048828125,706.1300048828125,245588,0.0,0.0,0.0
2026-07-07 11:40:00-04:00,706.155029296875,707.8095703125,705.8400268554688,707.8095703125,358253,0.0,0.0,0.0
2026-07-07 11:45:00-04:00,707.7999877929688,708.9299926757812,707.7000122070312,707.9094848632812,340334,0.0,0.0,0.0
2026-07-07 11:50:00-04:00,707.8900146484375,709.0250244140625,707.85009765625,708.760009765625,316922,0.0,0.0,0.0
2026-07-07 11:55:00-04:00,708.719970703125,709.25,708.2899780273438,709.2000122070312,371008,0.0,0.0,0.0
2026-07-07 12:00:00-04:00,709.2100219726562,710.260009765625,708.989990234375,710.010009765625,524935,0.0,0.0,0.0
2026-07-07 12:05:00-04:00,710.02001953125,710.7899780273438,709.469970703125,709.8099975585938,541120,0.0,0.0,0.0
2026-07-07 12:10:00-04:00,709.8300170898438,711.239990234375,709.8300170898438,711.1300048828125,415107,0.0,0.0,0.0
2026-07-07 12:15:00-04:00,711.125,711.3200073242188,710.75,711.1699829101562,222127,0.0,0.0,0.0
2026-07-07 12:20:00-04:00,711.1599731445312,713.02001953125,711.1500244140625,712.0499877929688,607793,0.0,0.0,0.0
2026-07-07 12:25:00-04:00,712.0700073242188,713.0462036132812,711.9299926757812,712.7000122070312,434208,0.0,0.0,0.0
2026-07-07 12:30:00-04:00,712.6599731445312,713.3099975585938,712.2100219726562,712.6199951171875,475451,0.0,0.0,0.0
2026-07-07 12:35:00-04:00,712.6099853515625,712.77001953125,711.5800170898438,712.260498046875,422090,0.0,0.0,0.0
2026-07-07 12:40:00-04:00,712.0936889648438,712.5850219726562,711.719970703125,712.5599975585938,414503,0.0,0.0,0.0
2026-07-07 12:45:00-04:00,712.5399780273438,713.0599975585938,712.42041015625,712.89501953125,268511,0.0,0.0,0.0
2026-07-07 12:50:00-04:00,712.905029296875,713.2899780273438,712.6380004882812,712.760009765625,281630,0.0,0.0,0.0
2026-07-07 12:55:00-04:00,712.7449951171875,713.0,711.9949951171875,712.8499755859375,186965,0.0,0.0,0.0
2026-07-07 13:00:00-04:00,712.8099975585938,713.260009765625,712.6500244140625,713.1599731445312,166207,0.0,0.0,0.0
2026-07-07 13:05:00-04:00,713.1300048828125,713.869873046875,713.0900268554688,713.719970703125,733888,0.0,0.0,0.0
2026-07-07 13:10:00-04:00,713.7150268554688,713.75,712.6599731445312,712.719970703125,294959,0.0,0.0,0.0
2026-07-07 13:15:00-04:00,712.719970703125,712.780029296875,712.2001953125,712.5800170898438,211246,0.0,0.0,0.0
2026-07-07 13:20:00-04:00,712.5399780273438,713.6630249023438,712.5,713.27197265625,305364,0.0,0.0,0.0
2026-07-07 13:25:00-04:00,713.1900024414062,713.1900024414062,712.52001953125,712.739990234375,182632,0.0,0.0,0.0
2026-07-07 13:30:00-04:00,712.75,713.3900146484375,712.75,713.0850219726562,175159,0.0,0.0,0.0
2026-07-07 13:35:00-04:00,713.0549926757812,713.52001953125,712.7999877929688,713.2999877929688,283043,0.0,0.0,0.0
2026-07-07 13:40:00-04:00,713.27001953125,713.5900268554688,713.0,713.4500122070312,215218,0.0,0.0,0.0
2026-07-07 13:45:00-04:00,713.4400024414062,713.530029296875,712.6599731445312,712.9749755859375,169285,0.0,0.0,0.0
2026-07-07 13:50:00-04:00,712.9600219726562,713.3599853515625,712.6799926757812,712.8400268554688,172117,0.0,0.0,0.0
2026-07-07 13:55:00-04:00,712.8699951171875,713.5698852539062,712.7449951171875,713.5599975585938,128715,0.0,0.0,0.0
2026-07-07 14:00:00-04:00,713.5800170898438,713.739990234375,712.8994750976562,713.1699829101562,147630,0.0,0.0,0.0
2026-07-07 14:05:00-04:00,713.219970703125,713.47998046875,712.7000122070312,712.9199829101562,269960,0.0,0.0,0.0
2026-07-07 14:10:00-04:00,712.9500122070312,713.4000244140625,712.8350219726562,713.0900268554688,154038,0.0,0.0,0.0
2026-07-07 14:15:00-04:00,713.0999755859375,713.2686767578125,712.6500244140625,713.010009765625,188625,0.0,0.0,0.0
2026-07-07 14:20:00-04:00,713.030029296875,713.364990234375,712.7899780273438,713.1599731445312,324028,0.0,0.0,0.0
2026-07-07 14:25:00-04:00,713.1589965820312,713.25,712.239990234375,712.35498046875,188412,0.0,0.0,0.0
2026-07-07 14:30:00-04:00,712.3599853515625,712.7100219726562,711.8400268554688,712.0399780273438,299413,0.0,0.0,0.0
2026-07-07 14:35:00-04:00,712.02001953125,712.3699951171875,711.6699829101562,712.0592041015625,164178,0.0,0.0,0.0
2026-07-07 14:40:00-04:00,712.0499877929688,712.0499877929688,710.760009765625,711.2899780273438,355360,0.0,0.0,0.0
2026-07-07 14:45:00-04:00,711.27001953125,711.5549926757812,709.97998046875,710.780029296875,300383,0.0,0.0,0.0
2026-07-07 14:50:00-04:00,710.8099975585938,710.8800048828125,709.4849853515625,710.030029296875,383375,0.0,0.0,0.0
2026-07-07 14:55:00-04:00,709.989990234375,710.0800170898438,709.1500244140625,709.2968139648438,456892,0.0,0.0,0.0
2026-07-07 15:00:00-04:00,709.3499755859375,709.5601806640625,708.4400024414062,708.9299926757812,368688,0.0,0.0,0.0
2026-07-07 15:05:00-04:00,708.9450073242188,709.7874755859375,707.9299926757812,707.9749755859375,566748,0.0,0.0,0.0
2026-07-07 15:10:00-04:00,708.0050048828125,708.3099975585938,707.5999755859375,707.9600219726562,554874,0.0,0.0,0.0
2026-07-07 15:15:00-04:00,707.9600219726562,707.97998046875,706.4299926757812,707.3099975585938,601278,0.0,0.0,0.0
2026-07-07 15:20:00-04:00,707.239990234375,707.6900024414062,706.9600219726562,707.4000244140625,442019,0.0,0.0,0.0
2026-07-07 15:25:00-04:00,707.375,707.8800048828125,706.6920166015625,707.6799926757812,475675,0.0,0.0,0.0
2026-07-07 15:30:00-04:00,707.5800170898438,708.8800048828125,707.5399780273438,708.8275146484375,448335,0.0,0.0,0.0
2026-07-07 15:35:00-04:00,708.8283081054688,708.8283081054688,707.5850219726562,707.719970703125,274662,0.0,0.0,0.0
2026-07-07 15:40:00-04:00,707.75,707.8300170898438,707.239990234375,707.3875122070312,309834,0.0,0.0,0.0
2026-07-07 15:45:00-04:00,707.4000244140625,708.1300048828125,707.280029296875,708.0499877929688,389559,0.0,0.0,0.0
2026-07-07 15:50:00-04:00,708.0599975585938,708.8099975585938,707.6199951171875,708.780029296875,1022509,0.0,0.0,0.0
2026-07-07 15:55:00-04:00,708.780029296875,709.6199951171875,708.6799926757812,709.3800048828125,1803810,0.0,0.0,0.0
2026-07-08 09:30:00-04:00,704.9400024414062,707.9199829101562,704.9400024414062,707.4000244140625,4042083,0.0,0.0,0.0
2026-07-08 09:35:00-04:00,707.4199829101562,708.25,706.2249755859375,707.8099975585938,922637,0.0,0.0,0.0
2026-07-08 09:40:00-04:00,707.849609375,709.4199829101562,707.5903930664062,708.5449829101562,1162042,0.0,0.0,0.0
2026-07-08 09:45:00-04:00,708.52001953125,709.7999877929688,707.4199829101562,707.4400024414062,1033575,0.0,0.0,0.0
2026-07-08 09:50:00-04:00,707.4400024414062,709.0900268554688,707.0800170898438,707.8900146484375,478895,0.0,0.0,0.0
2026-07-08 09:55:00-04:00,707.8800048828125,709.5899047851562,707.1300048828125,708.9500122070312,412343,0.0,0.0,0.0
2026-07-08 10:00:00-04:00,708.9099731445312,709.469970703125,707.3001708984375,707.719970703125,437944,0.0,0.0,0.0
2026-07-08 10:05:00-04:00,707.8599853515625,708.469970703125,707.469970703125,707.8800048828125,355048,0.0,0.0,0.0
2026-07-08 10:10:00-04:00,707.8800048828125,708.1799926757812,705.989990234375,706.6799926757812,594535,0.0,0.0,0.0
2026-07-08 10:15:00-04:00,706.5999755859375,707.7171020507812,705.7427978515625,707.044921875,419748,0.0,0.0,0.0
2026-07-08 10:20:00-04:00,706.9749755859375,709.0599975585938,706.5999145507812,707.7000122070312,466885,0.0,0.0,0.0
2026-07-08 10:25:00-04:00,707.6799926757812,708.760009765625,706.2999877929688,707.2000122070312,339363,0.0,0.0,0.0
2026-07-08 10:30:00-04:00,707.0999755859375,708.1900024414062,706.5,707.5599975585938,369917,0.0,0.0,0.0
2026-07-08 10:35:00-04:00,707.6400146484375,707.6400146484375,705.9600219726562,706.27001953125,360754,0.0,0.0,0.0
2026-07-08 10:40:00-04:00,706.1909790039062,706.864990234375,705.1500244140625,706.2000122070312,423736,0.0,0.0,0.0
2026-07-08 10:45:00-04:00,706.22998046875,706.2899780273438,704.22998046875,704.2301025390625,505397,0.0,0.0,0.0
2026-07-08 10:50:00-04:00,704.22998046875,707.2899780273438,703.75,706.2000122070312,643780,0.0,0.0,0.0
2026-07-08 10:55:00-04:00,706.0,707.1013793945312,704.8099975585938,705.2000122070312,407088,0.0,0.0,0.0
2026-07-08 11:00:00-04:00,705.260009765625,705.52001953125,704.4299926757812,704.5700073242188,303658,0.0,0.0,0.0
2026-07-08 11:05:00-04:00,704.5,705.469970703125,704.469970703125,704.8099975585938,343333,0.0,0.0,0.0
2026-07-08 11:10:00-04:00,704.80810546875,705.156982421875,703.2899780273438,703.4600219726562,443234,0.0,0.0,0.0
2026-07-08 11:15:00-04:00,703.4199829101562,703.969970703125,702.3300170898438,703.530029296875,700115,0.0,0.0,0.0
2026-07-08 11:20:00-04:00,703.5,703.731201171875,701.4500122070312,701.6599731445312,448042,0.0,0.0,0.0
2026-07-08 11:25:00-04:00,701.5700073242188,701.8499755859375,700.9099731445312,701.4500122070312,559908,0.0,0.0,0.0
2026-07-08 11:30:00-04:00,701.47998046875,702.6599731445312,700.97998046875,702.6500244140625,460122,0.0,0.0,0.0
2026-07-08 11:35:00-04:00,702.5999755859375,703.77001953125,702.155029296875,702.6699829101562,436901,0.0,0.0,0.0
2026-07-08 11:40:00-04:00,702.6699829101562,703.5499877929688,702.5599975585938,702.8300170898438,232571,0.0,0.0,0.0
2026-07-08 11:45:00-04:00,702.780029296875,703.2515869140625,702.0599975585938,702.39501953125,296375,0.0,0.0,0.0
2026-07-08 11:50:00-04:00,702.4450073242188,702.489990234375,701.3150024414062,701.969970703125,250093,0.0,0.0,0.0
2026-07-08 11:55:00-04:00,702.0399780273438,702.6773071289062,701.5900268554688,702.405029296875,221044,0.0,0.0,0.0
2026-07-08 12:00:00-04:00,702.510009765625,703.4949951171875,702.3400268554688,703.4199829101562,269495,0.0,0.0,0.0
2026-07-08 12:05:00-04:00,703.4099731445312,704.2999877929688,703.1199951171875,704.1798706054688,277629,0.0,0.0,0.0
2026-07-08 12:10:00-04:00,704.1799926757812,705.4400024414062,704.1798706054688,705.2899169921875,323230,0.0,0.0,0.0
2026-07-08 12:15:00-04:00,705.27001953125,705.9093017578125,704.760009765625,705.8699951171875,236298,0.0,0.0,0.0
2026-07-08 12:20:00-04:00,705.9000244140625,707.25,705.8400268554688,706.27001953125,491692,0.0,0.0,0.0
2026-07-08 12:25:00-04:00,706.280029296875,707.3400268554688,706.2000122070312,706.776611328125,286338,0.0,0.0,0.0
2026-07-08 12:30:00-04:00,706.739990234375,708.0499877929688,706.5999755859375,706.75,453742,0.0,0.0,0.0
2026-07-08 12:35:00-04:00,706.6799926757812,707.6599731445312,706.0499877929688,707.1900024414062,474655,0.0,0.0,0.0
2026-07-08 12:40:00-04:00,707.1300048828125,708.5,706.7000122070312,708.0501098632812,394761,0.0,0.0,0.0
2026-07-08 12:45:00-04:00,708.0700073242188,708.5700073242188,707.5399780273438,708.469970703125,231032,0.0,0.0,0.0
2026-07-08 12:50:00-04:00,708.489990234375,709.0579833984375,708.0800170898438,708.7000122070312,383534,0.0,0.0,0.0
2026-07-08 12:55:00-04:00,708.6950073242188,709.1699829101562,708.4400024414062,709.0700073242188,250167,0.0,0.0,0.0
2026-07-08 13:00:00-04:00,709.0900268554688,709.0900268554688,708.3637084960938,708.5449829101562,208928,0.0,0.0,0.0
2026-07-08 13:05:00-04:00,708.5800170898438,709.4600219726562,708.4299926757812,708.8099975585938,262650,0.0,0.0,0.0
2026-07-08 13:10:00-04:00,708.7849731445312,708.8599853515625,708.1599731445312,708.1737060546875,229339,0.0,0.0,0.0
2026-07-08 13:15:00-04:00,708.1699829101562,709.3099975585938,708.1599731445312,709.1799926757812,308348,0.0,0.0,0.0
2026-07-08 13:20:00-04:00,709.280029296875,710.2299194335938,708.97998046875,710.2000122070312,390188,0.0,0.0,0.0
2026-07-08 13:25:00-04:00,710.22998046875,710.8198852539062,710.0800170898438,710.6801147460938,255103,0.0,0.0,0.0
2026-07-08 13:30:00-04:00,710.760009765625,711.1400146484375,710.5499877929688,710.6199951171875,334181,0.0,0.0,0.0
2026-07-08 13:35:00-04:00,710.614990234375,710.8900146484375,710.260009765625,710.3298950195312,157110,0.0,0.0,0.0
2026-07-08 13:40:00-04:00,710.280029296875,710.3400268554688,709.2999877929688,709.4500122070312,239798,0.0,0.0,0.0
2026-07-08 13:45:00-04:00,709.4400024414062,709.47998046875,708.4500122070312,708.6199951171875,265885,0.0,0.0,0.0
2026-07-08 13:50:00-04:00,708.6099853515625,709.469970703125,708.52001953125,708.659912109375,352631,0.0,0.0,0.0
2026-07-08 13:55:00-04:00,708.6400146484375,708.6400146484375,707.8800048828125,708.60498046875,160539,0.0,0.0,0.0
2026-07-08 14:00:00-04:00,708.6400146484375,710.2100219726562,708.02001953125,709.8699951171875,289880,0.0,0.0,0.0
2026-07-08 14:05:00-04:00,709.8599853515625,710.0999755859375,709.1799926757812,710.030029296875,152767,0.0,0.0,0.0
2026-07-08 14:10:00-04:00,710.031005859375,710.3900146484375,709.5900268554688,709.8934936523438,138285,0.0,0.0,0.0
2026-07-08 14:15:00-04:00,709.9099731445312,710.1799926757812,709.3499755859375,710.030029296875,260429,0.0,0.0,0.0
2026-07-08 14:20:00-04:00,710.010009765625,710.010009765625,709.3099975585938,709.3201293945312,105311,0.0,0.0,0.0
2026-07-08 14:25:00-04:00,709.3599853515625,709.8499755859375,709.010009765625,709.0701293945312,618419,0.0,0.0,0.0
2026-07-08 14:30:00-04:00,709.0,709.280029296875,708.5,708.760009765625,175765,0.0,0.0,0.0
2026-07-08 14:35:00-04:00,708.760009765625,710.02978515625,708.6699829101562,709.9522094726562,261098,0.0,0.0,0.0
2026-07-08 14:40:00-04:00,709.9299926757812,710.1199951171875,709.0905151367188,709.8099975585938,113053,0.0,0.0,0.0
2026-07-08 14:45:00-04:00,709.7849731445312,709.969970703125,709.2800903320312,709.7999877929688,348438,0.0,0.0,0.0
2026-07-08 14:50:00-04:00,709.760009765625,710.3300170898438,709.6500244140625,709.8599853515625,176001,0.0,0.0,0.0
2026-07-08 14:55:00-04:00,709.8900146484375,709.969970703125,709.3822021484375,709.9099731445312,111233,0.0,0.0,0.0
2026-07-08 15:00:00-04:00,709.9299926757812,710.5999755859375,709.6099853515625,709.7816772460938,208992,0.0,0.0,0.0
2026-07-08 15:05:00-04:00,709.8200073242188,710.1500244140625,709.239990234375,710.02001953125,187705,0.0,0.0,0.0
2026-07-08 15:10:00-04:00,710.010009765625,710.0800170898438,709.5499877929688,709.7000122070312,134135,0.0,0.0,0.0
2026-07-08 15:15:00-04:00,709.719970703125,709.86962890625,709.3499755859375,709.5499877929688,240724,0.0,0.0,0.0
2026-07-08 15:20:00-04:00,709.60498046875,710.25,709.4400024414062,709.9500122070312,188758,0.0,0.0,0.0
2026-07-08 15:25:00-04:00,710.0399780273438,710.72998046875,709.9400024414062,710.3900756835938,176130,0.0,0.0,0.0
2026-07-08 15:30:00-04:00,710.4400024414062,710.6099853515625,709.5499877929688,709.7899780273438,206596,0.0,0.0,0.0
2026-07-08 15:35:00-04:00,709.77001953125,710.4761962890625,709.6300048828125,710.1599731445312,180694,0.0,0.0,0.0
2026-07-08 15:40:00-04:00,710.1699829101562,710.297119140625,709.72998046875,710.2799072265625,176719,0.0,0.0,0.0
2026-07-08 15:45:00-04:00,710.239990234375,710.4000244140625,709.4099731445312,709.9498901367188,278077,0.0,0.0,0.0
2026-07-08 15:50:00-04:00,709.9400024414062,711.3599853515625,709.5499877929688,711.3099975585938,714745,0.0,0.0,0.0
2026-07-08 15:55:00-04:00,711.3400268554688,712.2598876953125,711.1099853515625,711.280029296875,1403238,0.0,0.0,0.0
2026-07-09 09:30:00-04:00,718.2899780273438,719.1699829101562,716.5,719.0499877929688,2926674,0.0,0.0,0.0
2026-07-09 09:35:00-04:00,719.0800170898438,721.0700073242188,718.8200073242188,720.8400268554688,938914,0.0,0.0,0.0
2026-07-09 09:40:00-04:00,720.8400268554688,721.2999877929688,719.8800048828125,721.02001953125,698006,0.0,0.0,0.0
2026-07-09 09:45:00-04:00,721.02001953125,721.760009765625,719.7800903320312,720.6400146484375,743996,0.0,0.0,0.0
2026-07-09 09:50:00-04:00,720.6199951171875,722.4000244140625,720.0250244140625,722.010009765625,549850,0.0,0.0,0.0
2026-07-09 09:55:00-04:00,722.030029296875,722.75,721.9299926757812,722.1699829101562,733509,0.0,0.0,0.0
2026-07-09 10:00:00-04:00,722.2100219726562,722.5399780273438,721.7100219726562,722.260009765625,460727,0.0,0.0,0.0
2026-07-09 10:05:00-04:00,722.2050170898438,722.3699951171875,720.8300170898438,720.8300170898438,365777,0.0,0.0,0.0
2026-07-09 10:10:00-04:00,720.8599853515625,720.9099731445312,719.2999877929688,719.7249755859375,455628,0.0,0.0,0.0
2026-07-09 10:15:00-04:00,719.6500244140625,719.6500244140625,716.6409912109375,717.0,857010,0.0,0.0,0.0
2026-07-09 10:20:00-04:00,717.0399780273438,717.5549926757812,715.125,717.52001953125,860735,0.0,0.0,0.0
2026-07-09 10:25:00-04:00,717.5,719.1400146484375,717.0,718.77001953125,643374,0.0,0.0,0.0
2026-07-09 10:30:00-04:00,718.7999877929688,718.9835205078125,717.1599731445312,718.1701049804688,515525,0.0,0.0,0.0
2026-07-09 10:35:00-04:00,718.2100219726562,719.4299926757812,717.906005859375,719.27001953125,704279,0.0,0.0,0.0
2026-07-09 10:40:00-04:00,719.280029296875,719.6099853515625,718.469970703125,718.6400146484375,479783,0.0,0.0,0.0
2026-07-09 10:45:00-04:00,718.6599731445312,719.9395141601562,718.5700073242188,719.5399780273438,342123,0.0,0.0,0.0
2026-07-09 10:50:00-04:00,719.6099853515625,719.6099853515625,717.8200073242188,718.7100219726562,287603,0.0,0.0,0.0
2026-07-09 10:55:00-04:00,718.8200073242188,720.1300048828125,718.5349731445312,719.3200073242188,352446,0.0,0.0,0.0
2026-07-09 11:00:00-04:00,719.3900146484375,720.1900024414062,719.1300048828125,720.14501953125,307208,0.0,0.0,0.0
2026-07-09 11:05:00-04:00,720.1300048828125,721.1500244140625,720.1201171875,721.0100708007812,486605,0.0,0.0,0.0
2026-07-09 11:10:00-04:00,721.0399780273438,721.1599731445312,720.4299926757812,720.9400024414062,225693,0.0,0.0,0.0
2026-07-09 11:15:00-04:00,720.8099975585938,721.4600219726562,720.3300170898438,720.510009765625,269454,0.0,0.0,0.0
2026-07-09 11:20:00-04:00,720.6099853515625,721.5599975585938,720.5267944335938,721.4849853515625,401797,0.0,0.0,0.0
2026-07-09 11:25:00-04:00,721.489990234375,721.6400146484375,721.1300048828125,721.3599853515625,351290,0.0,0.0,0.0
2026-07-09 11:30:00-04:00,721.3800048828125,721.5999755859375,720.9500122070312,721.1199951171875,315869,0.0,0.0,0.0
2026-07-09 11:35:00-04:00,721.1099853515625,721.398681640625,721.0,721.3800048828125,148962,0.0,0.0,0.0
2026-07-09 11:40:00-04:00,721.3800048828125,722.0,721.3129272460938,721.5673828125,290647,0.0,0.0,0.0
2026-07-09 11:45:00-04:00,721.5800170898438,721.97998046875,721.530029296875,721.969970703125,351918,0.0,0.0,0.0
2026-07-09 11:50:00-04:00,721.97998046875,722.0670166015625,721.6699829101562,721.8200073242188,176383,0.0,0.0,0.0
2026-07-09 11:55:00-04:00,721.8300170898438,721.9500122070312,721.4749755859375,721.6644287109375,111226,0.0,0.0,0.0
2026-07-09 12:00:00-04:00,721.7000122070312,722.3099975585938,721.7000122070312,722.1300048828125,240000,0.0,0.0,0.0
2026-07-09 12:05:00-04:00,722.114990234375,722.5599975585938,722.0700073242188,722.22998046875,205740,0.0,0.0,0.0
2026-07-09 12:10:00-04:00,722.219970703125,722.3300170898438,721.9110107421875,722.030029296875,185327,0.0,0.0,0.0
2026-07-09 12:15:00-04:00,722.0090942382812,722.4099731445312,721.8200073242188,722.114990234375,225914,0.0,0.0,0.0
2026-07-09 12:20:00-04:00,722.1099853515625,722.2949829101562,721.8499755859375,722.219970703125,411375,0.0,0.0,0.0
2026-07-09 12:25:00-04:00,722.22998046875,722.22998046875,721.5225219726562,721.760009765625,223284,0.0,0.0,0.0
2026-07-09 12:30:00-04:00,721.7874755859375,722.280029296875,721.5650024414062,721.5650024414062,161645,0.0,0.0,0.0
2026-07-09 12:35:00-04:00,721.5618896484375,721.7100219726562,721.1300048828125,721.7000122070312,271700,0.0,0.0,0.0
2026-07-09 12:40:00-04:00,721.72998046875,722.3800048828125,721.72998046875,722.22998046875,161892,0.0,0.0,0.0
2026-07-09 12:45:00-04:00,722.1849975585938,722.298095703125,721.7899780273438,721.9050903320312,161333,0.0,0.0,0.0
2026-07-09 12:50:00-04:00,721.9000244140625,722.22998046875,721.8900146484375,722.1099853515625,249469,0.0,0.0,0.0
2026-07-09 12:55:00-04:00,722.10498046875,722.1799926757812,721.6799926757812,721.9400024414062,128667,0.0,0.0,0.0
2026-07-09 13:00:00-04:00,721.9349975585938,722.5399780273438,721.8599853515625,722.4600219726562,170643,0.0,0.0,0.0
2026-07-09 13:05:00-04:00,722.469970703125,723.1900024414062,722.2899780273438,723.0250244140625,342040,0.0,0.0,0.0
2026-07-09 13:10:00-04:00,723.030029296875,723.6599731445312,723.02001953125,723.3350219726562,570449,0.0,0.0,0.0
2026-07-09 13:15:00-04:00,723.3300170898438,724.0050048828125,723.323974609375,723.9500122070312,404901,0.0,0.0,0.0
2026-07-09 13:20:00-04:00,723.9600219726562,724.1599731445312,723.7050170898438,723.9099731445312,832747,0.0,0.0,0.0
2026-07-09 13:25:00-04:00,723.9000244140625,724.1500244140625,723.8200073242188,724.1099853515625,215230,0.0,0.0,0.0
2026-07-09 13:30:00-04:00,724.14990234375,724.22998046875,723.530029296875,723.5549926757812,420630,0.0,0.0,0.0
2026-07-09 13:35:00-04:00,723.5700073242188,724.0800170898438,723.5,723.7899780273438,401260,0.0,0.0,0.0
2026-07-09 13:40:00-04:00,723.7999877929688,723.8989868164062,723.5700073242188,723.780029296875,322069,0.0,0.0,0.0
2026-07-09 13:45:00-04:00,723.7899780273438,724.1950073242188,723.760009765625,723.9631958007812,281645,0.0,0.0,0.0
2026-07-09 13:50:00-04:00,723.97998046875,724.0599975585938,723.8400268554688,723.8900146484375,100205,0.0,0.0,0.0
2026-07-09 13:55:00-04:00,723.8900146484375,723.9299926757812,723.0700073242188,723.780029296875,210523,0.0,0.0,0.0
2026-07-09 14:00:00-04:00,723.77001953125,723.9849853515625,723.47998046875,723.5750122070312,127916,0.0,0.0,0.0
2026-07-09 14:05:00-04:00,723.6199951171875,724.0399780273438,723.5999755859375,723.97998046875,191269,0.0,0.0,0.0
2026-07-09 14:10:00-04:00,723.9749755859375,724.030029296875,723.739990234375,723.8699951171875,281394,0.0,0.0,0.0
2026-07-09 14:15:00-04:00,723.8699951171875,723.9400024414062,723.5313720703125,723.7100219726562,117428,0.0,0.0,0.0
2026-07-09 14:20:00-04:00,723.7100219726562,723.7210083007812,723.1599731445312,723.2219848632812,141649,0.0,0.0,0.0
2026-07-09 14:25:00-04:00,723.1901245117188,723.489990234375,723.0449829101562,723.4299926757812,194126,0.0,0.0,0.0
2026-07-09 14:30:00-04:00,723.4000244140625,723.6500244140625,723.2899780273438,723.3200073242188,142639,0.0,0.0,0.0
2026-07-09 14:35:00-04:00,723.3099975585938,723.4099731445312,723.1099853515625,723.1699829101562,114640,0.0,0.0,0.0
2026-07-09 14:40:00-04:00,723.1749877929688,723.469970703125,722.97998046875,723.4400024414062,171408,0.0,0.0,0.0
2026-07-09 14:45:00-04:00,723.4299926757812,723.5900268554688,723.3300170898438,723.4149780273438,164237,0.0,0.0,0.0
2026-07-09 14:50:00-04:00,723.4299926757812,723.489990234375,723.1400146484375,723.2100219726562,175359,0.0,0.0,0.0
2026-07-09 14:55:00-04:00,723.2000122070312,723.2000122070312,722.739990234375,722.9600219726562,348831,0.0,0.0,0.0
2026-07-09 15:00:00-04:00,722.989990234375,723.010009765625,722.27001953125,722.3400268554688,392797,0.0,0.0,0.0
2026-07-09 15:05:00-04:00,722.3800048828125,722.9099731445312,722.2100219726562,722.625,241631,0.0,0.0,0.0
2026-07-09 15:10:00-04:00,722.60498046875,722.75,722.344970703125,722.4500122070312,127213,0.0,0.0,0.0
2026-07-09 15:15:00-04:00,722.469970703125,723.3400268554688,722.1799926757812,723.2100219726562,208632,0.0,0.0,0.0
2026-07-09 15:20:00-04:00,723.2000122070312,723.4199829101562,723.010009765625,723.02001953125,222912,0.0,0.0,0.0
2026-07-09 15:25:00-04:00,723.010009765625,723.0750122070312,722.72998046875,722.7999877929688,112004,0.0,0.0,0.0
2026-07-09 15:30:00-04:00,722.7899780273438,722.7999877929688,722.27001953125,722.4600219726562,252254,0.0,0.0,0.0
2026-07-09 15:35:00-04:00,722.47998046875,723.0900268554688,722.4390258789062,723.0499877929688,345098,0.0,0.0,0.0
2026-07-09 15:40:00-04:00,723.0700073242188,723.155029296875,722.6900024414062,723.0999755859375,207565,0.0,0.0,0.0
2026-07-09 15:45:00-04:00,723.1099853515625,723.260009765625,722.9249877929688,723.0,345901,0.0,0.0,0.0
2026-07-09 15:50:00-04:00,722.969970703125,722.969970703125,721.969970703125,721.97998046875,595986,0.0,0.0,0.0
2026-07-09 15:55:00-04:00,721.97998046875,723.3599853515625,721.97998046875,723.1799926757812,1086242,0.0,0.0,0.0
2026-07-10 09:30:00-04:00,720.7000122070312,722.8037719726562,720.219970703125,722.3599853515625,2163286,0.0,0.0,0.0
2026-07-10 09:35:00-04:00,722.3800048828125,723.1900024414062,721.3150024414062,721.4940185546875,446601,0.0,0.0,0.0
2026-07-10 09:40:00-04:00,721.4199829101562,721.6699829101562,719.8300170898438,721.22998046875,614472,0.0,0.0,0.0
2026-07-10 09:45:00-04:00,721.27001953125,723.530029296875,721.1900024414062,723.3099975585938,910821,0.0,0.0,0.0
2026-07-10 09:50:00-04:00,723.3099975585938,724.0399780273438,722.6162109375,723.2000122070312,480215,0.0,0.0,0.0
2026-07-10 09:55:00-04:00,723.1900024414062,723.6099853515625,722.4099731445312,722.8350219726562,278647,0.0,0.0,0.0
2026-07-10 10:00:00-04:00,722.7999877929688,723.7728271484375,722.5900268554688,723.2899780273438,375220,0.0,0.0,0.0
2026-07-10 10:05:00-04:00,723.2899780273438,723.75,722.489990234375,723.2899780273438,211227,0.0,0.0,0.0
2026-07-10 10:10:00-04:00,723.4099731445312,723.8994140625,723.1502075195312,723.25,386273,0.0,0.0,0.0
2026-07-10 10:15:00-04:00,723.280029296875,723.5499267578125,722.06201171875,722.3460083007812,309517,0.0,0.0,0.0
2026-07-10 10:20:00-04:00,722.4100952148438,722.530029296875,721.0,722.1500244140625,410273,0.0,0.0,0.0
2026-07-10 10:25:00-04:00,722.0700073242188,723.25,721.3599853515625,722.4541015625,238242,0.0,0.0,0.0
2026-07-10 10:30:00-04:00,722.510009765625,723.6599731445312,717.0,721.0850219726562,1580464,0.0,0.0,0.0
2026-07-10 10:35:00-04:00,721.0700073242188,722.1500244140625,720.3499755859375,721.8300170898438,585753,0.0,0.0,0.0
2026-07-10 10:40:00-04:00,721.7901000976562,722.27001953125,720.830078125,721.9949951171875,446722,0.0,0.0,0.0
2026-07-10 10:45:00-04:00,721.97998046875,722.4299926757812,721.385009765625,722.2899780273438,188677,0.0,0.0,0.0
2026-07-10 10:50:00-04:00,722.469970703125,722.5800170898438,721.1199951171875,721.125,201500,0.0,0.0,0.0
2026-07-10 10:55:00-04:00,721.169921875,721.3790283203125,720.0599975585938,720.3499145507812,332383,0.0,0.0,0.0
2026-07-10 11:00:00-04:00,720.4299926757812,720.6500244140625,719.6300048828125,719.9498901367188,399748,0.0,0.0,0.0
2026-07-10 11:05:00-04:00,719.880126953125,721.3099975585938,719.3599853515625,721.260009765625,268551,0.0,0.0,0.0
2026-07-10 11:10:00-04:00,721.3300170898438,721.8300170898438,721.2899780273438,721.5499877929688,157215,0.0,0.0,0.0
2026-07-10 11:15:00-04:00,721.5900268554688,723.5982055664062,721.5800170898438,722.9000244140625,381244,0.0,0.0,0.0
2026-07-10 11:20:00-04:00,722.9299926757812,723.469970703125,722.6199951171875,723.3599853515625,244400,0.0,0.0,0.0
2026-07-10 11:25:00-04:00,723.4000244140625,724.2899780273438,723.3900146484375,724.0509033203125,315047,0.0,0.0,0.0
2026-07-10 11:30:00-04:00,724.0900268554688,724.3400268554688,723.6799926757812,724.0800170898438,352530,0.0,0.0,0.0
2026-07-10 11:35:00-04:00,724.1099853515625,724.14990234375,722.469970703125,722.5700073242188,308535,0.0,0.0,0.0
2026-07-10 11:40:00-04:00,722.5599975585938,722.6199951171875,720.5800170898438,721.52001953125,430261,0.0,0.0,0.0
2026-07-10 11:45:00-04:00,721.5800170898438,722.6799926757812,720.9500122070312,722.47998046875,274700,0.0,0.0,0.0
2026-07-10 11:50:00-04:00,722.4400024414062,723.1199951171875,722.260009765625,722.9600219726562,283265,0.0,0.0,0.0
2026-07-10 11:55:00-04:00,722.9287109375,723.3800048828125,722.5449829101562,723.239990234375,181666,0.0,0.0,0.0
2026-07-10 12:00:00-04:00,723.3300170898438,724.2100219726562,723.3300170898438,724.1500244140625,317086,0.0,0.0,0.0
2026-07-10 12:05:00-04:00,724.1500244140625,724.27001953125,723.6900024414062,723.8800048828125,206281,0.0,0.0,0.0
2026-07-10 12:10:00-04:00,723.8800048828125,724.27001953125,723.6599731445312,724.0900268554688,254203,0.0,0.0,0.0
2026-07-10 12:15:00-04:00,724.1400146484375,725.0,724.1400146484375,725.0,444856,0.0,0.0,0.0
2026-07-10 12:20:00-04:00,724.9863891601562,725.2000122070312,724.5999755859375,724.9299926757812,278055,0.0,0.0,0.0
2026-07-10 12:25:00-04:00,724.9000244140625,725.27001953125,724.6099853515625,724.8400268554688,170249,0.0,0.0,0.0
2026-07-10 12:30:00-04:00,724.8900146484375,725.2000122070312,724.8699951171875,725.1343994140625,198778,0.0,0.0,0.0
2026-07-10 12:35:00-04:00,725.1599731445312,725.4000244140625,724.72998046875,724.8300170898438,165428,0.0,0.0,0.0
2026-07-10 12:40:00-04:00,724.8200073242188,725.2000122070312,724.8150024414062,725.0,110717,0.0,0.0,0.0
2026-07-10 12:45:00-04:00,724.969970703125,725.3800048828125,724.969970703125,725.1799926757812,124537,0.0,0.0,0.0
2026-07-10 12:50:00-04:00,725.1599731445312,725.5700073242188,725.0,725.2449951171875,200054,0.0,0.0,0.0
2026-07-10 12:55:00-04:00,725.1699829101562,725.4099731445312,724.8759765625,725.2017822265625,148858,0.0,0.0,0.0
2026-07-10 13:00:00-04:00,725.239990234375,725.3599853515625,724.5900268554688,724.719970703125,120847,0.0,0.0,0.0
2026-07-10 13:05:00-04:00,724.7449951171875,725.159912109375,724.60009765625,724.72998046875,100526,0.0,0.0,0.0
2026-07-10 13:10:00-04:00,724.7899780273438,725.02001953125,724.530029296875,724.9807739257812,181409,0.0,0.0,0.0
2026-07-10 13:15:00-04:00,724.948486328125,725.2899780273438,724.8400268554688,724.909912109375,105784,0.0,0.0,0.0
2026-07-10 13:20:00-04:00,724.8800048828125,725.4400024414062,724.864990234375,725.4099731445312,142691,0.0,0.0,0.0
2026-07-10 13:25:00-04:00,725.4199829101562,725.7899780273438,725.4000244140625,725.77001953125,133289,0.0,0.0,0.0
2026-07-10 13:30:00-04:00,725.7681884765625,725.9600219726562,725.47998046875,725.6510009765625,178337,0.0,0.0,0.0
2026-07-10 13:35:00-04:00,725.6799926757812,726.239990234375,725.5499877929688,726.0850219726562,322953,0.0,0.0,0.0
2026-07-10 13:40:00-04:00,726.0850219726562,726.219970703125,725.9400024414062,726.10498046875,150357,0.0,0.0,0.0
2026-07-10 13:45:00-04:00,726.1099853515625,726.260009765625,726.02001953125,726.1300048828125,173627,0.0,0.0,0.0
2026-07-10 13:50:00-04:00,726.1400146484375,726.2000122070312,725.7899780273438,725.8125,163544,0.0,0.0,0.0
2026-07-10 13:55:00-04:00,725.7965087890625,725.8499755859375,725.330078125,725.468994140625,590676,0.0,0.0,0.0
2026-07-10 14:00:00-04:00,725.5399780273438,725.969970703125,725.4118041992188,725.7579956054688,113387,0.0,0.0,0.0
2026-07-10 14:05:00-04:00,725.7550048828125,726.0999755859375,725.719970703125,725.8800048828125,113649,0.0,0.0,0.0
2026-07-10 14:10:00-04:00,725.9000244140625,726.239990234375,725.739990234375,725.7999877929688,1088017,0.0,0.0,0.0
2026-07-10 14:15:00-04:00,725.780029296875,725.8300170898438,725.25,725.4998779296875,110728,0.0,0.0,0.0
2026-07-10 14:20:00-04:00,725.47998046875,725.8499755859375,725.1599731445312,725.72998046875,164468,0.0,0.0,0.0
2026-07-10 14:25:00-04:00,725.739990234375,726.1599731445312,725.5791015625,725.7000122070312,179500,0.0,0.0,0.0
2026-07-10 14:30:00-04:00,725.7100219726562,725.9600219726562,725.510009765625,725.9000244140625,60091,0.0,0.0,0.0
2026-07-10 14:35:00-04:00,725.9000244140625,725.9000244140625,725.3499755859375,725.5798950195312,87255,0.0,0.0,0.0
2026-07-10 14:40:00-04:00,725.5900268554688,725.75,725.47998046875,725.559814453125,110732,0.0,0.0,0.0
2026-07-10 14:45:00-04:00,725.5499877929688,725.6400146484375,725.3099975585938,725.4099731445312,94028,0.0,0.0,0.0
2026-07-10 14:50:00-04:00,725.3699951171875,725.68310546875,725.25,725.4500122070312,70477,0.0,0.0,0.0
2026-07-10 14:55:00-04:00,725.4600219726562,725.7000122070312,725.4199829101562,725.47998046875,77460,0.0,0.0,0.0
2026-07-10 15:00:00-04:00,725.489990234375,726.3900146484375,725.3800048828125,726.25,226833,0.0,0.0,0.0
2026-07-10 15:05:00-04:00,726.25,726.27001953125,725.6500244140625,725.7100219726562,150124,0.0,0.0,0.0
2026-07-10 15:10:00-04:00,725.72998046875,726.010009765625,725.5900268554688,725.97998046875,139245,0.0,0.0,0.0
2026-07-10 15:15:00-04:00,725.9299926757812,725.97998046875,725.4500122070312,725.7501220703125,136377,0.0,0.0,0.0
2026-07-10 15:20:00-04:00,725.760009765625,725.8200073242188,725.5,725.5,118141,0.0,0.0,0.0
2026-07-10 15:25:00-04:00,725.5,725.8800048828125,725.469970703125,725.719970703125,140415,0.0,0.0,0.0
2026-07-10 15:30:00-04:00,725.6799926757812,726.1699829101562,725.6799926757812,725.8200073242188,261403,0.0,0.0,0.0
2026-07-10 15:35:00-04:00,725.8200073242188,726.1799926757812,725.7000122070312,725.9500122070312,114308,0.0,0.0,0.0
2026-07-10 15:40:00-04:00,725.9500122070312,726.1699829101562,725.8599853515625,725.8599853515625,170623,0.0,0.0,0.0
2026-07-10 15:45:00-04:00,725.8599853515625,725.9400024414062,725.6599731445312,725.719970703125,598682,0.0,0.0,0.0
2026-07-10 15:50:00-04:00,725.739990234375,726.1099853515625,725.5,725.6099853515625,792914,0.0,0.0,0.0
2026-07-10 15:55:00-04:00,725.5999755859375,725.8800048828125,725.260009765625,725.530029296875,1143739,0.0,0.0,0.0
2026-07-13 09:30:00-04:00,717.719970703125,718.4299926757812,716.3499755859375,716.6799926757812,2935912,0.0,0.0,0.0
2026-07-13 09:35:00-04:00,716.7247924804688,716.8250122070312,715.3699951171875,715.6400146484375,1267341,0.0,0.0,0.0
2026-07-13 09:40:00-04:00,715.6500244140625,715.6500244140625,713.9500122070312,715.02001953125,808348,0.0,0.0,0.0
2026-07-13 09:45:00-04:00,715.02001953125,715.1099853515625,713.5999755859375,714.7000122070312,1572116,0.0,0.0,0.0
2026-07-13 09:50:00-04:00,714.7000122070312,714.9600219726562,713.1500244140625,713.719970703125,766703,0.0,0.0,0.0
2026-07-13 09:55:00-04:00,713.6400146484375,716.0499877929688,713.3099975585938,715.77001953125,671398,0.0,0.0,0.0
2026-07-13 10:00:00-04:00,715.8499755859375,716.5999755859375,714.6799926757812,714.7449951171875,664645,0.0,0.0,0.0
2026-07-13 10:05:00-04:00,714.7094116210938,715.6599731445312,714.1884765625,715.5700073242188,372326,0.0,0.0,0.0
2026-07-13 10:10:00-04:00,715.5399780273438,716.4494018554688,715.27001953125,716.2999877929688,417317,0.0,0.0,0.0
2026-07-13 10:15:00-04:00,716.27001953125,716.5,712.5599975585938,714.6849975585938,1157762,0.0,0.0,0.0
2026-07-13 10:20:00-04:00,714.6724243164062,716.9000244140625,714.3422241210938,716.6799926757812,1456633,0.0,0.0,0.0
2026-07-13 10:25:00-04:00,716.6699829101562,717.5850219726562,716.3018188476562,717.5,475654,0.0,0.0,0.0
2026-07-13 10:30:00-04:00,717.6099853515625,718.0999755859375,717.1099853515625,717.510009765625,422036,0.0,0.0,0.0
2026-07-13 10:35:00-04:00,717.47998046875,717.6400146484375,716.4000244140625,717.1204223632812,255635,0.0,0.0,0.0
2026-07-13 10:40:00-04:00,717.1799926757812,717.1950073242188,715.6500244140625,715.9719848632812,299458,0.0,0.0,0.0
2026-07-13 10:45:00-04:00,715.9451904296875,717.3900146484375,715.1400756835938,717.2000122070312,475091,0.0,0.0,0.0
2026-07-13 10:50:00-04:00,717.1900024414062,717.469970703125,715.780029296875,716.0,246031,0.0,0.0,0.0
2026-07-13 10:55:00-04:00,716.0,717.989990234375,715.7393188476562,717.9099731445312,211236,0.0,0.0,0.0
2026-07-13 11:00:00-04:00,717.9299926757812,718.739990234375,717.6199951171875,717.719970703125,420572,0.0,0.0,0.0
2026-07-13 11:05:00-04:00,717.719970703125,718.1199951171875,717.0499877929688,717.2650146484375,170463,0.0,0.0,0.0
2026-07-13 11:10:00-04:00,717.219970703125,717.9000244140625,716.77001953125,717.0700073242188,176823,0.0,0.0,0.0
2026-07-13 11:15:00-04:00,716.9650268554688,717.5900268554688,716.5599975585938,717.469970703125,148161,0.0,0.0,0.0
2026-07-13 11:20:00-04:00,717.4400024414062,718.1699829101562,717.22998046875,717.9149780273438,142074,0.0,0.0,0.0
2026-07-13 11:25:00-04:00,717.9400024414062,717.97998046875,717.1400146484375,717.6599731445312,126332,0.0,0.0,0.0
2026-07-13 11:30:00-04:00,717.6500244140625,718.030029296875,717.0700073242188,717.3200073242188,171844,0.0,0.0,0.0
2026-07-13 11:35:00-04:00,717.3699951171875,717.510009765625,716.6099853515625,717.0900268554688,166750,0.0,0.0,0.0
2026-07-13 11:40:00-04:00,717.0501098632812,717.2030029296875,716.239990234375,716.3699951171875,135125,0.0,0.0,0.0
2026-07-13 11:45:00-04:00,716.2999877929688,716.4099731445312,715.52001953125,715.962890625,201921,0.0,0.0,0.0
2026-07-13 11:50:00-04:00,715.97998046875,716.0565185546875,715.0599975585938,715.6599731445312,273760,0.0,0.0,0.0
2026-07-13 11:55:00-04:00,715.72998046875,715.8400268554688,715.0,715.3599853515625,201799,0.0,0.0,0.0
2026-07-13 12:00:00-04:00,715.330078125,715.469970703125,714.9000244140625,714.9500122070312,150522,0.0,0.0,0.0
2026-07-13 12:05:00-04:00,714.9199829101562,715.5800170898438,714.6799926757812,715.5496826171875,185831,0.0,0.0,0.0
2026-07-13 12:10:00-04:00,715.52001953125,715.9749755859375,715.0,715.3699951171875,180090,0.0,0.0,0.0
2026-07-13 12:15:00-04:00,715.4099731445312,715.4099731445312,714.260009765625,714.72998046875,184132,0.0,0.0,0.0
2026-07-13 12:20:00-04:00,714.6900024414062,714.6998901367188,714.0,714.25,288038,0.0,0.0,0.0
2026-07-13 12:25:00-04:00,714.239990234375,714.2899780273438,713.52001953125,714.0599975585938,301753,0.0,0.0,0.0
2026-07-13 12:30:00-04:00,713.989990234375,713.989990234375,712.8800048828125,712.9099731445312,454442,0.0,0.0,0.0
2026-07-13 12:35:00-04:00,712.9099731445312,713.3699951171875,711.7000122070312,713.0700073242188,797411,0.0,0.0,0.0
2026-07-13 12:40:00-04:00,713.0499877929688,713.8300170898438,712.5900268554688,713.530029296875,601642,0.0,0.0,0.0
2026-07-13 12:45:00-04:00,713.6199951171875,713.989990234375,712.8900146484375,712.9251708984375,147248,0.0,0.0,0.0
2026-07-13 12:50:00-04:00,712.9000244140625,713.1713256835938,711.7208862304688,712.77001953125,259569,0.0,0.0,0.0
2026-07-13 12:55:00-04:00,712.7000122070312,713.6900024414062,712.3499755859375,713.260009765625,312568,0.0,0.0,0.0
2026-07-13 13:00:00-04:00,713.2999877929688,713.9099731445312,713.030029296875,713.344970703125,269874,0.0,0.0,0.0
2026-07-13 13:05:00-04:00,713.3099975585938,714.3200073242188,713.1900024414062,714.1701049804688,182968,0.0,0.0,0.0
2026-07-13 13:10:00-04:00,714.2000122070312,714.5499877929688,713.3800048828125,713.5999755859375,215864,0.0,0.0,0.0
2026-07-13 13:15:00-04:00,713.64501953125,713.830810546875,712.8800048828125,713.6500244140625,256599,0.0,0.0,0.0
2026-07-13 13:20:00-04:00,713.5872802734375,713.6799926757812,712.8400268554688,712.8800048828125,225587,0.0,0.0,0.0
2026-07-13 13:25:00-04:00,712.9000244140625,713.1400146484375,712.5449829101562,713.010009765625,247034,0.0,0.0,0.0
2026-07-13 13:30:00-04:00,713.02001953125,713.3499755859375,712.7216186523438,713.1649780273438,201560,0.0,0.0,0.0
2026-07-13 13:35:00-04:00,713.1900024414062,713.1900024414062,712.280029296875,712.5499877929688,163151,0.0,0.0,0.0
2026-07-13 13:40:00-04:00,712.4849853515625,713.0700073242188,712.2100219726562,712.8599853515625,215367,0.0,0.0,0.0
2026-07-13 13:45:00-04:00,712.9000244140625,713.1900024414062,712.3400268554688,712.3800048828125,284632,0.0,0.0,0.0
2026-07-13 13:50:00-04:00,712.3800048828125,712.469970703125,711.7999877929688,712.22998046875,440410,0.0,0.0,0.0
2026-07-13 13:55:00-04:00,712.25,712.5,712.0,712.0499877929688,260673,0.0,0.0,0.0
2026-07-13 14:00:00-04:00,712.1099853515625,713.0399780273438,711.969970703125,712.6300048828125,218746,0.0,0.0,0.0
2026-07-13 14:05:00-04:00,712.6199951171875,713.510009765625,712.6199951171875,712.760009765625,227334,0.0,0.0,0.0
2026-07-13 14:10:00-04:00,712.77001953125,713.030029296875,712.0303955078125,712.97998046875,329361,0.0,0.0,0.0
2026-07-13 14:15:00-04:00,712.9650268554688,713.114990234375,711.830078125,712.1801147460938,218540,0.0,0.0,0.0
2026-07-13 14:20:00-04:00,712.219970703125,712.6699829101562,711.969970703125,712.6500244140625,268849,0.0,0.0,0.0
2026-07-13 14:25:00-04:00,712.6400146484375,712.6599731445312,711.9099731445312,711.97998046875,318559,0.0,0.0,0.0
2026-07-13 14:30:00-04:00,711.9600219726562,712.5349731445312,711.5250244140625,712.0,404363,0.0,0.0,0.0
2026-07-13 14:35:00-04:00,712.0050048828125,712.780029296875,711.9199829101562,712.5222778320312,324326,0.0,0.0,0.0
2026-07-13 14:40:00-04:00,712.5307006835938,713.0,712.4199829101562,712.6199951171875,301559,0.0,0.0,0.0
2026-07-13 14:45:00-04:00,712.6400146484375,712.9199829101562,712.3499755859375,712.8499145507812,210915,0.0,0.0,0.0
2026-07-13 14:50:00-04:00,712.8499755859375,713.114990234375,712.4299926757812,712.7100219726562,204626,0.0,0.0,0.0
2026-07-13 14:55:00-04:00,712.7100219726562,712.8900146484375,712.219970703125,712.4199829101562,206761,0.0,0.0,0.0
2026-07-13 15:00:00-04:00,712.4600219726562,713.139892578125,712.030029296875,713.030029296875,379733,0.0,0.0,0.0
2026-07-13 15:05:00-04:00,713.0499877929688,713.2288208007812,712.1199951171875,712.1199951171875,256862,0.0,0.0,0.0
2026-07-13 15:10:00-04:00,712.1099853515625,712.1599731445312,711.4400024414062,711.719970703125,349262,0.0,0.0,0.0
2026-07-13 15:15:00-04:00,711.739990234375,711.8200073242188,711.4500122070312,711.532470703125,299928,0.0,0.0,0.0
2026-07-13 15:20:00-04:00,711.5599975585938,711.5800170898438,710.6500244140625,711.02001953125,489852,0.0,0.0,0.0
2026-07-13 15:25:00-04:00,711.0,711.0399780273438,710.3099975585938,710.6300048828125,483311,0.0,0.0,0.0
2026-07-13 15:30:00-04:00,710.6599731445312,711.3900146484375,710.5,711.1099853515625,475902,0.0,0.0,0.0
2026-07-13 15:35:00-04:00,711.0900268554688,711.094970703125,710.0999755859375,710.3250122070312,636088,0.0,0.0,0.0
2026-07-13 15:40:00-04:00,710.3300170898438,711.52001953125,710.1699829101562,711.4000244140625,637993,0.0,0.0,0.0
2026-07-13 15:45:00-04:00,711.4400024414062,711.6900024414062,711.0250244140625,711.5999755859375,441222,0.0,0.0,0.0
2026-07-13 15:50:00-04:00,711.6400146484375,712.6099853515625,711.5800170898438,711.8049926757812,1078202,0.0,0.0,0.0
2026-07-13 15:55:00-04:00,711.8400268554688,712.6699829101562,711.6599731445312,711.719970703125,1609281,0.0,0.0,0.0
2026-07-14 09:30:00-04:00,720.1400146484375,720.2860107421875,717.2526245117188,717.2952880859375,3340947,0.0,0.0,0.0
2026-07-14 09:35:00-04:00,717.3300170898438,719.8499755859375,717.1199951171875,719.25,717223,0.0,0.0,0.0
2026-07-14 09:40:00-04:00,719.27001953125,719.47998046875,717.5499877929688,718.8599853515625,436260,0.0,0.0,0.0
2026-07-14 09:45:00-04:00,718.8300170898438,720.0800170898438,718.135009765625,719.0900268554688,620757,0.0,0.0,0.0
2026-07-14 09:50:00-04:00,719.1799926757812,719.8599853515625,717.9000244140625,718.8499755859375,382001,0.0,0.0,0.0
2026-07-14 09:55:00-04:00,718.8900146484375,719.7899780273438,718.4600219726562,719.3900146484375,1050406,0.0,0.0,0.0
2026-07-14 10:00:00-04:00,719.4299926757812,720.0,717.2899780273438,717.3400268554688,509794,0.0,0.0,0.0
2026-07-14 10:05:00-04:00,717.3599853515625,717.5900268554688,716.02001953125,716.6699829101562,507615,0.0,0.0,0.0
2026-07-14 10:10:00-04:00,716.6300048828125,717.239990234375,716.0499877929688,716.719970703125,393000,0.0,0.0,0.0
2026-07-14 10:15:00-04:00,716.5999755859375,716.5999755859375,714.3400268554688,715.85107421875,630378,0.0,0.0,0.0
2026-07-14 10:20:00-04:00,715.760009765625,717.8400268554688,715.760009765625,716.5150146484375,361614,0.0,0.0,0.0
2026-07-14 10:25:00-04:00,716.52001953125,718.260009765625,716.0283813476562,717.1799926757812,266200,0.0,0.0,0.0
2026-07-14 10:30:00-04:00,717.1300048828125,720.8800048828125,716.5380249023438,719.2890014648438,826195,0.0,0.0,0.0
2026-07-14 10:35:00-04:00,719.1599731445312,719.8499755859375,718.780029296875,719.5850219726562,728685,0.0,0.0,0.0
2026-07-14 10:40:00-04:00,719.5499877929688,719.9199829101562,717.9349975585938,718.1900024414062,393114,0.0,0.0,0.0
2026-07-14 10:45:00-04:00,718.2100219726562,718.6400146484375,717.030029296875,717.1799926757812,604536,0.0,0.0,0.0
2026-07-14 10:50:00-04:00,717.2100219726562,718.97998046875,716.6199951171875,718.9400024414062,291765,0.0,0.0,0.0
2026-07-14 10:55:00-04:00,718.969970703125,719.5700073242188,718.8400268554688,719.2999877929688,216960,0.0,0.0,0.0
2026-07-14 11:00:00-04:00,719.469970703125,720.9099731445312,718.8699951171875,720.0650024414062,586359,0.0,0.0,0.0
2026-07-14 11:05:00-04:00,719.989990234375,721.469970703125,719.8900146484375,721.280029296875,461737,0.0,0.0,0.0
2026-07-14 11:10:00-04:00,721.2899169921875,721.5,720.8800048828125,721.1099853515625,252957,0.0,0.0,0.0
2026-07-14 11:15:00-04:00,721.3200073242188,721.5250244140625,720.5800170898438,721.0999755859375,212097,0.0,0.0,0.0
2026-07-14 11:20:00-04:00,721.0701293945312,721.8900146484375,720.760009765625,721.7550048828125,375896,0.0,0.0,0.0
2026-07-14 11:25:00-04:00,721.75,722.0850219726562,721.3900146484375,722.02001953125,396456,0.0,0.0,0.0
2026-07-14 11:30:00-04:00,722.0499877929688,722.280029296875,720.8300170898438,721.0399780273438,335015,0.0,0.0,0.0
2026-07-14 11:35:00-04:00,721.0399780273438,721.5499877929688,720.5800170898438,721.4099731445312,197748,0.0,0.0,0.0
2026-07-14 11:40:00-04:00,721.409912109375,721.409912109375,719.9500122070312,720.844970703125,766661,0.0,0.0,0.0
2026-07-14 11:45:00-04:00,720.8200073242188,721.22998046875,720.6599731445312,720.6599731445312,116778,0.0,0.0,0.0
2026-07-14 11:50:00-04:00,720.6801147460938,720.8800048828125,719.22998046875,719.4099731445312,222101,0.0,0.0,0.0
2026-07-14 11:55:00-04:00,719.4299926757812,719.9199829101562,719.0499877929688,719.6300048828125,213873,0.0,0.0,0.0
2026-07-14 12:00:00-04:00,719.75,719.75,718.0,718.4400024414062,79451,0.0,0.0,0.0
2026-07-14 12:05:00-04:00,718.4400024414062,719.0800170898438,717.8900146484375,718.7000122070312,253509,0.0,0.0,0.0
2026-07-14 12:10:00-04:00,718.7000122070312,718.9000244140625,718.1199951171875,718.5349731445312,123093,0.0,0.0,0.0
2026-07-14 12:15:00-04:00,718.5800170898438,718.7999877929688,717.719970703125,718.7899780273438,181192,0.0,0.0,0.0
2026-07-14 12:20:00-04:00,718.7999877929688,719.0700073242188,718.280029296875,718.9400024414062,399954,0.0,0.0,0.0
2026-07-14 12:25:00-04:00,718.969970703125,719.6298828125,718.969970703125,719.510009765625,374411,0.0,0.0,0.0
2026-07-14 12:30:00-04:00,719.5349731445312,719.77001953125,718.8599853515625,719.6300048828125,168608,0.0,0.0,0.0
2026-07-14 12:35:00-04:00,719.6300048828125,719.9000244140625,719.260009765625,719.7000122070312,137786,0.0,0.0,0.0
2026-07-14 12:40:00-04:00,719.6599731445312,720.5499877929688,719.5499877929688,720.2150268554688,165426,0.0,0.0,0.0
2026-07-14 12:45:00-04:00,720.22998046875,720.7105712890625,719.5900268554688,720.22998046875,157376,0.0,0.0,0.0
2026-07-14 12:50:00-04:00,720.2100219726562,720.52001953125,720.0900268554688,720.1799926757812,140950,0.0,0.0,0.0
2026-07-14 12:55:00-04:00,720.2490234375,720.6199951171875,720.2000122070312,720.6199951171875,135370,0.0,0.0,0.0
2026-07-14 13:00:00-04:00,720.6300048828125,720.8900146484375,720.4000244140625,720.469970703125,220892,0.0,0.0,0.0
2026-07-14 13:05:00-04:00,720.510009765625,721.1179809570312,720.3499755859375,721.0368041992188,447230,0.0,0.0,0.0
2026-07-14 13:10:00-04:00,721.0,721.1799926757812,720.5001220703125,720.5050048828125,132395,0.0,0.0,0.0
2026-07-14 13:15:00-04:00,720.5599975585938,720.8300170898438,720.1400146484375,720.8250122070312,150977,0.0,0.0,0.0
2026-07-14 13:20:00-04:00,720.8250122070312,721.5050048828125,720.8250122070312,721.3599853515625,240833,0.0,0.0,0.0
2026-07-14 13:25:00-04:00,721.3800048828125,721.5700073242188,721.1099853515625,721.1500244140625,113193,0.0,0.0,0.0
2026-07-14 13:30:00-04:00,721.219970703125,721.4600219726562,720.75,720.75,132310,0.0,0.0,0.0
2026-07-14 13:35:00-04:00,720.7276000976562,721.239990234375,720.4099731445312,721.22998046875,110333,0.0,0.0,0.0
2026-07-14 13:40:00-04:00,721.1950073242188,721.3599853515625,720.9199829101562,721.0999755859375,307152,0.0,0.0,0.0
2026-07-14 13:45:00-04:00,721.0900268554688,721.364990234375,720.6900024414062,721.1500244140625,98096,0.0,0.0,0.0
2026-07-14 13:50:00-04:00,721.1699829101562,721.52001953125,721.14501953125,721.4600219726562,128814,0.0,0.0,0.0
2026-07-14 13:55:00-04:00,721.4450073242188,721.5499877929688,721.2999877929688,721.5,287430,0.0,0.0,0.0
2026-07-14 14:00:00-04:00,721.510009765625,721.6400146484375,721.0399780273438,721.5499877929688,158592,0.0,0.0,0.0
2026-07-14 14:05:00-04:00,721.5549926757812,721.5999755859375,721.0800170898438,721.5499877929688,135496,0.0,0.0,0.0
2026-07-14 14:10:00-04:00,721.5499877929688,721.6873168945312,721.4199829101562,721.6500244140625,100387,0.0,0.0,0.0
2026-07-14 14:15:00-04:00,721.6599731445312,721.85498046875,721.4500732421875,721.5999755859375,147261,0.0,0.0,0.0
2026-07-14 14:20:00-04:00,721.5900268554688,721.6799926757812,721.25,721.2725219726562,188895,0.0,0.0,0.0
2026-07-14 14:25:00-04:00,721.3350219726562,721.5800170898438,721.1500244140625,721.260009765625,88411,0.0,0.0,0.0
2026-07-14 14:30:00-04:00,721.260009765625,721.52587890625,721.0999755859375,721.469970703125,121028,0.0,0.0,0.0
2026-07-14 14:35:00-04:00,721.4993896484375,721.6500244140625,720.7899780273438,721.1799926757812,199865,0.0,0.0,0.0
2026-07-14 14:40:00-04:00,721.1849975585938,721.1900024414062,720.0700073242188,720.5999755859375,605737,0.0,0.0,0.0
2026-07-14 14:45:00-04:00,720.6199951171875,720.9099731445312,720.3900146484375,720.4199829101562,114841,0.0,0.0,0.0
2026-07-14 14:50:00-04:00,720.4099731445312,721.0499877929688,720.3499755859375,720.9000244140625,108464,0.0,0.0,0.0
2026-07-14 14:55:00-04:00,720.8699951171875,720.8800048828125,720.5,720.6199951171875,84890,0.0,0.0,0.0
2026-07-14 15:00:00-04:00,720.5900268554688,720.77001953125,719.8699951171875,719.9799194335938,246541,0.0,0.0,0.0
2026-07-14 15:05:00-04:00,719.9600219726562,720.1099853515625,719.5250244140625,719.75,328839,0.0,0.0,0.0
2026-07-14 15:10:00-04:00,719.760009765625,720.5700073242188,719.6400146484375,720.4099731445312,282849,0.0,0.0,0.0
2026-07-14 15:15:00-04:00,720.3800048828125,720.6699829101562,720.0700073242188,720.5493774414062,198737,0.0,0.0,0.0
2026-07-14 15:20:00-04:00,720.47998046875,720.9000244140625,720.3040161132812,720.8800048828125,186064,0.0,0.0,0.0
2026-07-14 15:25:00-04:00,720.8300170898438,720.875,719.9400024414062,719.9500122070312,196267,0.0,0.0,0.0
2026-07-14 15:30:00-04:00,719.97998046875,720.10498046875,719.2899780273438,720.0399780273438,419113,0.0,0.0,0.0
2026-07-14 15:35:00-04:00,720.010009765625,720.25,719.7100219726562,719.8300170898438,403607,0.0,0.0,0.0
2026-07-14 15:40:00-04:00,719.7999877929688,720.4000244140625,719.75,720.260009765625,152301,0.0,0.0,0.0
2026-07-14 15:45:00-04:00,720.280029296875,720.5800170898438,720.2000122070312,720.52001953125,205956,0.0,0.0,0.0
2026-07-14 15:50:00-04:00,720.52001953125,720.8394775390625,719.9805908203125,720.1099853515625,413572,0.0,0.0,0.0
2026-07-14 15:55:00-04:00,720.0900268554688,720.3699951171875,719.47998046875,719.6799926757812,1067759,0.0,0.0,0.0
2026-07-15 09:30:00-04:00,723.9400024414062,724.3499755859375,722.780029296875,723.760009765625,1715582,0.0,0.0,0.0
2026-07-15 09:35:00-04:00,723.7899780273438,724.0794067382812,721.3300170898438,722.0499877929688,466549,0.0,0.0,0.0
2026-07-15 09:40:00-04:00,722.04150390625,722.0850219726562,720.8300170898438,720.8699951171875,413458,0.0,0.0,0.0
2026-07-15 09:45:00-04:00,720.8599853515625,721.1699829101562,719.5,719.6699829101562,787000,0.0,0.0,0.0
2026-07-15 09:50:00-04:00,719.7150268554688,720.1599731445312,718.9299926757812,720.0599975585938,527346,0.0,0.0,0.0
2026-07-15 09:55:00-04:00,720.049072265625,720.6400146484375,719.6500244140625,720.6320190429688,792956,0.0,0.0,0.0
2026-07-15 10:00:00-04:00,720.7000122070312,721.77001953125,720.6599731445312,721.1494750976562,363350,0.0,0.0,0.0
2026-07-15 10:05:00-04:00,721.1199951171875,722.2800903320312,720.75,721.5449829101562,337393,0.0,0.0,0.0
2026-07-15 10:10:00-04:00,721.5009155273438,721.7999877929688,720.219970703125,720.219970703125,324064,0.0,0.0,0.0
2026-07-15 10:15:00-04:00,720.2100219726562,720.75927734375,719.7750244140625,720.0150146484375,293928,0.0,0.0,0.0
2026-07-15 10:20:00-04:00,720.0245971679688,720.0900268554688,716.5700073242188,717.0205078125,749449,0.0,0.0,0.0
2026-07-15 10:25:00-04:00,717.0499877929688,718.3400268554688,716.2059936523438,718.2150268554688,725118,0.0,0.0,0.0
2026-07-15 10:30:00-04:00,718.25,718.530029296875,716.4000244140625,717.3900146484375,374243,0.0,0.0,0.0
2026-07-15 10:35:00-04:00,717.380126953125,717.7000122070312,714.9600219726562,715.3150024414062,693825,0.0,0.0,0.0
2026-07-15 10:40:00-04:00,715.280029296875,715.780029296875,713.719970703125,715.25,552785,0.0,0.0,0.0
2026-07-15 10:45:00-04:00,715.239990234375,716.3049926757812,714.3300170898438,716.22998046875,450203,0.0,0.0,0.0
2026-07-15 10:50:00-04:00,716.2100219726562,716.239990234375,714.72998046875,715.239990234375,289676,0.0,0.0,0.0
2026-07-15 10:55:00-04:00,715.25,716.010009765625,714.8599853515625,715.9600219726562,704172,0.0,0.0,0.0
2026-07-15 11:00:00-04:00,716.0,716.2100219726562,714.7899780273438,714.9697265625,261492,0.0,0.0,0.0
2026-07-15 11:05:00-04:00,714.9500122070312,716.5399780273438,714.719970703125,716.4600219726562,250779,0.0,0.0,0.0
2026-07-15 11:10:00-04:00,716.4650268554688,716.6998901367188,714.9099731445312,715.0150146484375,293786,0.0,0.0,0.0
2026-07-15 11:15:00-04:00,715.0,715.4199829101562,713.583984375,715.4000244140625,465530,0.0,0.0,0.0
2026-07-15 11:20:00-04:00,715.39501953125,715.39501953125,713.8099975585938,714.719970703125,305140,0.0,0.0,0.0
2026-07-15 11:25:00-04:00,714.72998046875,716.2100219726562,714.5250244140625,716.2100219726562,280190,0.0,0.0,0.0
2026-07-15 11:30:00-04:00,716.1699829101562,716.5399169921875,715.530029296875,716.0800170898438,260808,0.0,0.0,0.0
2026-07-15 11:35:00-04:00,716.02001953125,716.4598999023438,715.0,716.2899780273438,230530,0.0,0.0,0.0
2026-07-15 11:40:00-04:00,716.375,716.5499877929688,715.3599853515625,715.5800170898438,214652,0.0,0.0,0.0
2026-07-15 11:45:00-04:00,715.5800170898438,715.5999755859375,714.7108764648438,715.1099853515625,252950,0.0,0.0,0.0
2026-07-15 11:50:00-04:00,715.094970703125,715.1199951171875,714.27001953125,714.780029296875,184870,0.0,0.0,0.0
2026-07-15 11:55:00-04:00,714.780029296875,714.9000244140625,714.3701171875,714.739990234375,113911,0.0,0.0,0.0
2026-07-15 12:00:00-04:00,714.7100219726562,715.1400146484375,713.1901245117188,713.5501098632812,399639,0.0,0.0,0.0
2026-07-15 12:05:00-04:00,713.5599975585938,713.5900268554688,712.280029296875,713.1400146484375,553576,0.0,0.0,0.0
2026-07-15 12:10:00-04:00,713.1400146484375,713.2899780273438,712.0700073242188,712.1400146484375,655480,0.0,0.0,0.0
2026-07-15 12:15:00-04:00,712.1300048828125,712.669921875,711.8800048828125,712.1099853515625,516040,0.0,0.0,0.0
2026-07-15 12:20:00-04:00,712.10498046875,712.3099975585938,711.0800170898438,711.3200073242188,893486,0.0,0.0,0.0
2026-07-15 12:25:00-04:00,711.3200073242188,711.9500122070312,711.14501953125,711.844970703125,441729,0.0,0.0,0.0
2026-07-15 12:30:00-04:00,711.8200073242188,712.344970703125,710.9990234375,711.14990234375,332901,0.0,0.0,0.0
2026-07-15 12:35:00-04:00,711.1599731445312,711.1799926757812,710.530029296875,710.72998046875,526680,0.0,0.0,0.0
2026-07-15 12:40:00-04:00,710.7130126953125,711.4962158203125,710.22998046875,711.4400024414062,328501,0.0,0.0,0.0
2026-07-15 12:45:00-04:00,711.4400024414062,713.6500244140625,711.1799926757812,712.1900024414062,586963,0.0,0.0,0.0
2026-07-15 12:50:00-04:00,712.1500244140625,713.1699829101562,712.1500244140625,712.5999755859375,239655,0.0,0.0,0.0
2026-07-15 12:55:00-04:00,712.635009765625,713.02001953125,711.8099975585938,713.02001953125,297038,0.0,0.0,0.0
2026-07-15 13:00:00-04:00,713.02001953125,713.7000122070312,712.5800170898438,713.3809814453125,319553,0.0,0.0,0.0
2026-07-15 13:05:00-04:00,713.39501953125,714.1900024414062,713.25,713.9349975585938,205332,0.0,0.0,0.0
2026-07-15 13:10:00-04:00,713.9299926757812,714.1796875,713.48876953125,713.5,168613,0.0,0.0,0.0
2026-07-15 13:15:00-04:00,713.5034790039062,714.8099975585938,713.4099731445312,714.7000732421875,203555,0.0,0.0,0.0
2026-07-15 13:20:00-04:00,714.7000122070312,715.0700073242188,714.3599853515625,714.8599853515625,219153,0.0,0.0,0.0
2026-07-15 13:25:00-04:00,714.8800048828125,715.3300170898438,714.510009765625,715.260009765625,967730,0.0,0.0,0.0
2026-07-15 13:30:00-04:00,715.280029296875,715.780029296875,715.260009765625,715.6599731445312,318637,0.0,0.0,0.0
2026-07-15 13:35:00-04:00,715.6599731445312,715.9299926757812,715.3300170898438,715.8858032226562,190186,0.0,0.0,0.0
2026-07-15 13:40:00-04:00,715.880126953125,716.0399780273438,715.6500244140625,715.9099731445312,151716,0.0,0.0,0.0
2026-07-15 13:45:00-04:00,715.9500122070312,717.1199951171875,715.739990234375,717.02001953125,263002,0.0,0.0,0.0
2026-07-15 13:50:00-04:00,717.030029296875,717.7000122070312,716.8251953125,717.6199951171875,397344,0.0,0.0,0.0
2026-07-15 13:55:00-04:00,717.5999755859375,717.6599731445312,717.0955810546875,717.2000122070312,267018,0.0,0.0,0.0
2026-07-15 14:00:00-04:00,717.2564086914062,717.8900146484375,717.1300048828125,717.6010131835938,252358,0.0,0.0,0.0
2026-07-15 14:05:00-04:00,717.5499877929688,718.1699829101562,717.510009765625,718.0449829101562,219691,0.0,0.0,0.0
2026-07-15 14:10:00-04:00,718.0499877929688,718.280029296875,717.9500122070312,717.9799194335938,196260,0.0,0.0,0.0
2026-07-15 14:15:00-04:00,717.9500122070312,717.9500122070312,717.2000122070312,717.6950073242188,251139,0.0,0.0,0.0
2026-07-15 14:20:00-04:00,717.6799926757812,718.5900268554688,717.6500244140625,718.4299926757812,171704,0.0,0.0,0.0
2026-07-15 14:25:00-04:00,718.4500122070312,718.47998046875,718.0742797851562,718.1694946289062,166284,0.0,0.0,0.0
2026-07-15 14:30:00-04:00,718.1699829101562,718.4299926757812,718.02001953125,718.1610107421875,118599,0.0,0.0,0.0
2026-07-15 14:35:00-04:00,718.1500244140625,718.1500244140625,717.3150024414062,717.3150024414062,154494,0.0,0.0,0.0
2026-07-15 14:40:00-04:00,717.3250122070312,717.669921875,716.5999755859375,716.6799926757812,222691,0.0,0.0,0.0
2026-07-15 14:45:00-04:00,716.6699829101562,716.760009765625,716.0,716.2349853515625,249562,0.0,0.0,0.0
2026-07-15 14:50:00-04:00,716.22998046875,716.3599853515625,715.2999877929688,715.8049926757812,294699,0.0,0.0,0.0
2026-07-15 14:55:00-04:00,715.7999877929688,716.0349731445312,715.0499877929688,715.4600219726562,293943,0.0,0.0,0.0
2026-07-15 15:00:00-04:00,715.47998046875,716.6699829101562,715.2899780273438,716.5700073242188,444756,0.0,0.0,0.0
2026-07-15 15:05:00-04:00,716.5800170898438,716.8699951171875,715.969970703125,716.10498046875,337933,0.0,0.0,0.0
2026-07-15 15:10:00-04:00,716.0750122070312,716.510009765625,715.9400024414062,716.2600708007812,214451,0.0,0.0,0.0
2026-07-15 15:15:00-04:00,716.2750244140625,716.35498046875,715.5800170898438,715.5800170898438,128958,0.0,0.0,0.0
2026-07-15 15:20:00-04:00,715.5700073242188,715.5999755859375,715.0,715.25,239557,0.0,0.0,0.0
2026-07-15 15:25:00-04:00,715.219970703125,716.219970703125,714.9204711914062,716.219970703125,141993,0.0,0.0,0.0
2026-07-15 15:30:00-04:00,716.25,716.8499755859375,715.5499877929688,715.7899780273438,517797,0.0,0.0,0.0
2026-07-15 15:35:00-04:00,715.8099975585938,716.6599731445312,715.4600219726562,716.5700073242188,201413,0.0,0.0,0.0
2026-07-15 15:40:00-04:00,716.5501098632812,717.532470703125,716.5349731445312,717.2899780273438,356104,0.0,0.0,0.0
2026-07-15 15:45:00-04:00,717.22998046875,717.3200073242188,716.4199829101562,716.5349731445312,238297,0.0,0.0,0.0
2026-07-15 15:50:00-04:00,716.5399780273438,717.4099731445312,716.5399780273438,717.1599731445312,455229,0.0,0.0,0.0
2026-07-15 15:55:00-04:00,717.2000122070312,717.8400268554688,717.2000122070312,717.6900024414062,1075877,0.0,0.0,0.0
2026-07-16 09:30:00-04:00,712.0,713.594970703125,711.2000122070312,711.2150268554688,2453922,0.0,0.0,0.0
2026-07-16 09:35:00-04:00,711.4400024414062,712.1699829101562,709.9299926757812,710.0999755859375,813479,0.0,0.0,0.0
2026-07-16 09:40:00-04:00,710.1182250976562,711.239990234375,708.22998046875,708.3900146484375,777343,0.0,0.0,0.0
2026-07-16 09:45:00-04:00,708.4099731445312,709.02001953125,707.2000122070312,707.3699951171875,697809,0.0,0.0,0.0
2026-07-16 09:50:00-04:00,707.3400268554688,709.3300170898438,707.2100219726562,707.8300170898438,584572,0.0,0.0,0.0
2026-07-16 09:55:00-04:00,707.7999877929688,709.4600219726562,707.0,709.1749877929688,514466,0.0,0.0,0.0
2026-07-16 10:00:00-04:00,709.0900268554688,710.869873046875,708.6500244140625,710.4299926757812,583922,0.0,0.0,0.0
2026-07-16 10:05:00-04:00,710.4500122070312,712.7650146484375,710.0800170898438,712.3800048828125,506752,0.0,0.0,0.0
2026-07-16 10:10:00-04:00,712.3800048828125,712.6900024414062,711.6099853515625,712.0850219726562,369519,0.0,0.0,0.0
2026-07-16 10:15:00-04:00,712.1300048828125,712.9000244140625,711.5499877929688,712.4420166015625,421958,0.0,0.0,0.0
2026-07-16 10:20:00-04:00,712.489990234375,712.6298828125,710.4099731445312,711.469970703125,295712,0.0,0.0,0.0
2026-07-16 10:25:00-04:00,711.3599853515625,712.5599975585938,710.611083984375,712.469970703125,226662,0.0,0.0,0.0
2026-07-16 10:30:00-04:00,712.4749755859375,712.47998046875,711.4099731445312,711.989990234375,309812,0.0,0.0,0.0
2026-07-16 10:35:00-04:00,711.9349975585938,713.0700073242188,711.6099853515625,711.7899780273438,242185,0.0,0.0,0.0
2026-07-16 10:40:00-04:00,711.8355712890625,712.1699829101562,711.1199951171875,711.9949951171875,231679,0.0,0.0,0.0
2026-07-16 10:45:00-04:00,712.010009765625,712.3099975585938,711.4299926757812,711.4400024414062,169929,0.0,0.0,0.0
2026-07-16 10:50:00-04:00,711.3900146484375,711.5,709.9362182617188,710.239990234375,353504,0.0,0.0,0.0
2026-07-16 10:55:00-04:00,710.2050170898438,711.3499755859375,709.5900268554688,711.2650146484375,460643,0.0,0.0,0.0
2026-07-16 11:00:00-04:00,711.4099731445312,711.8599853515625,710.5900268554688,710.7249755859375,212310,0.0,0.0,0.0
2026-07-16 11:05:00-04:00,710.5599975585938,710.6699829101562,709.6599731445312,710.2899780273438,275133,0.0,0.0,0.0
2026-07-16 11:10:00-04:00,710.260009765625,710.4899291992188,708.9199829101562,709.4500122070312,350222,0.0,0.0,0.0
2026-07-16 11:15:00-04:00,709.4400024414062,710.219970703125,708.9600219726562,710.219970703125,339347,0.0,0.0,0.0
2026-07-16 11:20:00-04:00,710.239990234375,710.25,709.260009765625,710.1599731445312,243800,0.0,0.0,0.0
2026-07-16 11:25:00-04:00,710.135009765625,711.6599731445312,710.094970703125,710.594970703125,316621,0.0,0.0,0.0
2026-07-16 11:30:00-04:00,710.5850219726562,711.4000244140625,709.72998046875,711.4000244140625,259367,0.0,0.0,0.0
2026-07-16 11:35:00-04:00,711.3400268554688,712.02001953125,710.7899780273438,711.8099975585938,299371,0.0,0.0,0.0
2026-07-16 11:40:00-04:00,711.75,711.8499755859375,709.969970703125,710.3499755859375,181912,0.0,0.0,0.0
2026-07-16 11:45:00-04:00,710.2899780273438,710.3300170898438,709.3499755859375,710.219970703125,290820,0.0,0.0,0.0
2026-07-16 11:50:00-04:00,710.219970703125,711.280029296875,710.2000732421875,710.9099731445312,255885,0.0,0.0,0.0
2026-07-16 11:55:00-04:00,710.8499755859375,710.9000244140625,709.7999877929688,710.219970703125,136476,0.0,0.0,0.0
2026-07-16 12:00:00-04:00,710.25,710.2999877929688,708.8300170898438,708.9600219726562,399237,0.0,0.0,0.0
2026-07-16 12:05:00-04:00,708.9600219726562,709.3255004882812,708.3400268554688,708.9749755859375,342495,0.0,0.0,0.0
2026-07-16 12:10:00-04:00,708.9057006835938,708.9464721679688,707.760009765625,707.8814086914062,1400993,0.0,0.0,0.0
2026-07-16 12:15:00-04:00,707.8400268554688,708.3099975585938,707.530029296875,707.97998046875,328229,0.0,0.0,0.0
2026-07-16 12:20:00-04:00,707.9500122070312,707.9500122070312,707.1199951171875,707.5103149414062,552748,0.0,0.0,0.0
2026-07-16 12:25:00-04:00,707.510009765625,717.739990234375,707.260009765625,707.9600219726562,465129,0.0,0.0,0.0
2026-07-16 12:30:00-04:00,707.969970703125,708.9299926757812,707.8400268554688,708.3699951171875,273955,0.0,0.0,0.0
2026-07-16 12:35:00-04:00,708.311279296875,708.47998046875,707.7301025390625,707.7899780273438,176584,0.0,0.0,0.0
2026-07-16 12:40:00-04:00,707.8250122070312,708.52001953125,707.6400146484375,707.8499755859375,369695,0.0,0.0,0.0
2026-07-16 12:45:00-04:00,707.7999877929688,708.1400146484375,707.2750244140625,707.5599975585938,234530,0.0,0.0,0.0
2026-07-16 12:50:00-04:00,707.5900268554688,708.5999755859375,707.3410034179688,708.489990234375,222879,0.0,0.0,0.0
2026-07-16 12:55:00-04:00,708.489990234375,709.2000122070312,708.469970703125,708.8671264648438,271776,0.0,0.0,0.0
2026-07-16 13:00:00-04:00,708.9299926757812,708.9400024414062,707.6199951171875,708.364990234375,203774,0.0,0.0,0.0
2026-07-16 13:05:00-04:00,708.3099975585938,708.7650146484375,707.6400146484375,708.5399780273438,179475,0.0,0.0,0.0
2026-07-16 13:10:00-04:00,708.5399780273438,708.75,707.6077880859375,707.6749877929688,124379,0.0,0.0,0.0
2026-07-16 13:15:00-04:00,707.7177124023438,708.1900024414062,707.4199829101562,707.8900146484375,227856,0.0,0.0,0.0
2026-07-16 13:20:00-04:00,707.9299926757812,708.0900268554688,707.469970703125,707.47998046875,164900,0.0,0.0,0.0
2026-07-16 13:25:00-04:00,707.4500122070312,708.97998046875,707.3499755859375,708.739990234375,503578,0.0,0.0,0.0
2026-07-16 13:30:00-04:00,708.7899780273438,709.010009765625,707.530029296875,707.7000122070312,152363,0.0,0.0,0.0
2026-07-16 13:35:00-04:00,707.7000122070312,707.8800048828125,707.1799926757812,707.25,279945,0.0,0.0,0.0
2026-07-16 13:40:00-04:00,707.25,707.25,706.3099975585938,706.5900268554688,517596,0.0,0.0,0.0
2026-07-16 13:45:00-04:00,706.5999755859375,707.1798706054688,706.0399780273438,706.9349975585938,326585,0.0,0.0,0.0
2026-07-16 13:50:00-04:00,706.9400024414062,707.1799926757812,706.4400024414062,706.8298950195312,218264,0.0,0.0,0.0
2026-07-16 13:55:00-04:00,706.7999877929688,706.8099975585938,706.1199951171875,706.6099853515625,484258,0.0,0.0,0.0
2026-07-16 14:00:00-04:00,706.5900268554688,706.97998046875,706.260009765625,706.3599853515625,218364,0.0,0.0,0.0
2026-07-16 14:05:00-04:00,706.3499755859375,706.7100219726562,706.0599975585938,706.360595703125,939670,0.0,0.0,0.0
2026-07-16 14:10:00-04:00,706.3699951171875,707.4334106445312,706.3400268554688,706.3599853515625,405461,0.0,0.0,0.0
2026-07-16 14:15:00-04:00,706.3798828125,707.3963012695312,706.0,707.1900024414062,235986,0.0,0.0,0.0
2026-07-16 14:20:00-04:00,707.1900024414062,708.0599975585938,707.1300048828125,707.72998046875,237041,0.0,0.0,0.0
2026-07-16 14:25:00-04:00,707.719970703125,707.985595703125,707.030029296875,707.2100219726562,146046,0.0,0.0,0.0
2026-07-16 14:30:00-04:00,707.0999755859375,707.0999755859375,706.47998046875,706.6300048828125,682905,0.0,0.0,0.0
2026-07-16 14:35:00-04:00,706.5599975585938,706.5601196289062,706.0499877929688,706.1508178710938,549707,0.0,0.0,0.0
2026-07-16 14:40:00-04:00,706.1699829101562,706.7354736328125,705.5,706.4600219726562,291593,0.0,0.0,0.0
2026-07-16 14:45:00-04:00,706.364990234375,706.8099975585938,706.0900268554688,706.5700073242188,202442,0.0,0.0,0.0
2026-07-16 14:50:00-04:00,706.5700073242188,706.75,705.8049926757812,705.8200073242188,237514,0.0,0.0,0.0
2026-07-16 14:55:00-04:00,705.8200073242188,706.0800170898438,705.5399780273438,705.8099975585938,240572,0.0,0.0,0.0
2026-07-16 15:00:00-04:00,705.77001953125,706.5599975585938,705.5999755859375,706.2105712890625,349657,0.0,0.0,0.0
2026-07-16 15:05:00-04:00,706.2000732421875,706.5150146484375,705.0499877929688,705.1500244140625,506378,0.0,0.0,0.0
2026-07-16 15:10:00-04:00,705.1099853515625,705.4400024414062,704.9299926757812,705.0999755859375,514759,0.0,0.0,0.0
2026-07-16 15:15:00-04:00,705.0700073242188,705.1699829101562,704.219970703125,704.643798828125,434686,0.0,0.0,0.0
2026-07-16 15:20:00-04:00,704.6199951171875,705.0800170898438,704.239990234375,704.3099975585938,514583,0.0,0.0,0.0
2026-07-16 15:25:00-04:00,704.3200073242188,704.5999755859375,703.5900268554688,704.2899780273438,410838,0.0,0.0,0.0
2026-07-16 15:30:00-04:00,704.2899780273438,704.8300170898438,703.5601196289062,704.2899780273438,827808,0.0,0.0,0.0
2026-07-16 15:35:00-04:00,704.280029296875,704.6300048828125,703.5599975585938,704.3699951171875,738227,0.0,0.0,0.0
2026-07-16 15:40:00-04:00,704.3499755859375,704.5700073242188,703.5700073242188,703.5900268554688,830680,0.0,0.0,0.0
2026-07-16 15:45:00-04:00,703.5999755859375,703.6799926757812,702.6099853515625,702.9199829101562,1301679,0.0,0.0,0.0
2026-07-16 15:50:00-04:00,702.9299926757812,704.9600219726562,702.9299926757812,704.9099731445312,1141638,0.0,0.0,0.0
2026-07-16 15:55:00-04:00,704.9299926757812,706.4600219726562,704.9299926757812,706.02001953125,1795138,0.0,0.0,0.0
2026-07-17 09:30:00-04:00,691.6300048828125,693.5399780273438,690.0,690.2725219726562,4376261,0.0,0.0,0.0
2026-07-17 09:35:00-04:00,690.3099975585938,690.7000122070312,688.0,688.1099853515625,1592798,0.0,0.0,0.0
2026-07-17 09:40:00-04:00,688.1199951171875,689.2899780273438,686.760009765625,687.0599975585938,1308867,0.0,0.0,0.0
2026-07-17 09:45:00-04:00,687.0599975585938,689.4299926757812,686.8732299804688,688.9749755859375,1459064,0.0,0.0,0.0
2026-07-17 09:50:00-04:00,688.9400024414062,691.739990234375,688.6699829101562,691.4849853515625,1338104,0.0,0.0,0.0
2026-07-17 09:55:00-04:00,691.4600219726562,693.4099731445312,690.930908203125,693.3499755859375,1149984,0.0,0.0,0.0
2026-07-17 10:00:00-04:00,693.35498046875,695.9299926757812,693.0399780273438,694.3300170898438,1384960,0.0,0.0,0.0
2026-07-17 10:05:00-04:00,694.3699951171875,696.75,694.3699951171875,696.5700073242188,1241977,0.0,0.0,0.0
2026-07-17 10:10:00-04:00,696.60107421875,697.8399047851562,695.9000244140625,696.4400024414062,1305029,0.0,0.0,0.0
2026-07-17 10:15:00-04:00,696.3499755859375,698.3800048828125,695.8300170898438,697.5001220703125,688122,0.0,0.0,0.0
2026-07-17 10:20:00-04:00,697.4500122070312,698.1699829101562,696.6599731445312,697.9500122070312,462657,0.0,0.0,0.0
2026-07-17 10:25:00-04:00,697.8746948242188,698.4199829101562,696.6599731445312,697.0299072265625,497621,0.0,0.0,0.0
2026-07-17 10:30:00-04:00,697.0549926757812,697.4500122070312,695.3099975585938,696.0650024414062,707075,0.0,0.0,0.0
2026-07-17 10:35:00-04:00,696.030029296875,698.5499877929688,696.0,698.52001953125,479547,0.0,0.0,0.0
2026-07-17 10:40:00-04:00,698.5,698.5700073242188,696.3988037109375,696.8300170898438,362789,0.0,0.0,0.0
2026-07-17 10:45:00-04:00,696.760009765625,697.6599731445312,695.5,696.0399780273438,667159,0.0,0.0,0.0
2026-07-17 10:50:00-04:00,696.0,696.577880859375,695.0399780273438,695.3599853515625,524755,0.0,0.0,0.0
2026-07-17 10:55:00-04:00,695.3499755859375,696.4598999023438,694.35498046875,694.469970703125,391816,0.0,0.0,0.0
2026-07-17 11:00:00-04:00,694.5399780273438,694.8887939453125,693.4600219726562,693.5700073242188,2277034,0.0,0.0,0.0
2026-07-17 11:05:00-04:00,693.52001953125,694.6300048828125,693.2899780273438,694.5891723632812,485314,0.0,0.0,0.0
2026-07-17 11:10:00-04:00,694.5499877929688,695.1699829101562,693.5700073242188,694.0,444149,0.0,0.0,0.0
2026-07-17 11:15:00-04:00,693.969970703125,694.9500122070312,693.5,694.4650268554688,361429,0.0,0.0,0.0
2026-07-17 11:20:00-04:00,694.4500122070312,694.8616943359375,693.1400146484375,693.6099853515625,519858,0.0,0.0,0.0
2026-07-17 11:25:00-04:00,693.6900024414062,695.280029296875,693.5900268554688,695.0449829101562,499552,0.0,0.0,0.0
2026-07-17 11:30:00-04:00,695.135009765625,696.02001953125,694.3099975585938,695.1400146484375,399723,0.0,0.0,0.0
2026-07-17 11:35:00-04:00,695.1500244140625,697.0225219726562,694.4722290039062,696.844970703125,354883,0.0,0.0,0.0
2026-07-17 11:40:00-04:00,696.8099975585938,697.2899780273438,695.4299926757812,696.1950073242188,470054,0.0,0.0,0.0
2026-07-17 11:45:00-04:00,696.1799926757812,696.9400024414062,695.8300170898438,696.8599853515625,395982,0.0,0.0,0.0
2026-07-17 11:50:00-04:00,696.875,698.2999877929688,696.2999877929688,698.260009765625,708383,0.0,0.0,0.0
2026-07-17 11:55:00-04:00,698.2899780273438,699.8699951171875,698.1900024414062,699.489990234375,777962,0.0,0.0,0.0
2026-07-17 12:00:00-04:00,699.489990234375,700.0499877929688,697.6500244140625,698.3300170898438,1067000,0.0,0.0,0.0
2026-07-17 12:05:00-04:00,698.3348999023438,699.0800170898438,697.3599853515625,699.0800170898438,1216806,0.0,0.0,0.0
2026-07-17 12:10:00-04:00,699.0800170898438,699.77001953125,698.5800170898438,699.6699829101562,307305,0.0,0.0,0.0
2026-07-17 12:15:00-04:00,699.6649780273438,700.0499877929688,699.3200073242188,699.7100219726562,431116,0.0,0.0,0.0
2026-07-17 12:20:00-04:00,699.7000122070312,699.8800048828125,697.8499755859375,697.9149780273438,454683,0.0,0.0,0.0
2026-07-17 12:25:00-04:00,697.9149780273438,699.7100219726562,697.719970703125,699.0,232801,0.0,0.0,0.0
2026-07-17 12:30:00-04:00,698.97998046875,699.4000244140625,698.3699951171875,698.8350219726562,266911,0.0,0.0,0.0
2026-07-17 12:35:00-04:00,698.8150024414062,699.6685180664062,698.8150024414062,699.3250122070312,184545,0.0,0.0,0.0
2026-07-17 12:40:00-04:00,699.3128051757812,700.4099731445312,698.719970703125,700.4099731445312,323603,0.0,0.0,0.0
2026-07-17 12:45:00-04:00,700.3900146484375,701.1400146484375,700.2100219726562,701.02001953125,455369,0.0,0.0,0.0
2026-07-17 12:50:00-04:00,701.0800170898438,701.760009765625,700.7000122070312,701.3699951171875,1011339,0.0,0.0,0.0
2026-07-17 12:55:00-04:00,701.3499755859375,701.5700073242188,700.219970703125,700.5,546864,0.0,0.0,0.0
2026-07-17 13:00:00-04:00,700.530029296875,701.9207153320312,700.3350219726562,701.3900146484375,322363,0.0,0.0,0.0
2026-07-17 13:05:00-04:00,701.3499755859375,702.0800170898438,701.1799926757812,701.9400024414062,524307,0.0,0.0,0.0
2026-07-17 13:10:00-04:00,701.9500122070312,702.2999877929688,701.0001831054688,701.0050048828125,244159,0.0,0.0,0.0
2026-07-17 13:15:00-04:00,701.1199951171875,702.1500244140625,700.8300170898438,701.1900024414062,386992,0.0,0.0,0.0
2026-07-17 13:20:00-04:00,701.1900024414062,701.2249755859375,700.6500244140625,700.9000244140625,354034,0.0,0.0,0.0
2026-07-17 13:25:00-04:00,700.8900146484375,702.1199951171875,700.8800048828125,702.0,507741,0.0,0.0,0.0
2026-07-17 13:30:00-04:00,701.989990234375,702.1500244140625,701.4517211914062,701.5700073242188,250212,0.0,0.0,0.0
2026-07-17 13:35:00-04:00,701.5800170898438,701.6649780273438,700.4600219726562,700.6699829101562,359632,0.0,0.0,0.0
2026-07-17 13:40:00-04:00,700.6599731445312,700.7000122070312,699.75,699.9298706054688,430227,0.0,0.0,0.0
2026-07-17 13:45:00-04:00,699.9000244140625,700.3499755859375,699.6599731445312,700.1199951171875,139469,0.0,0.0,0.0
2026-07-17 13:50:00-04:00,700.2000122070312,700.2999877929688,699.1099853515625,699.1599731445312,170774,0.0,0.0,0.0
2026-07-17 13:55:00-04:00,699.219970703125,699.2993774414062,698.280029296875,698.60009765625,230001,0.0,0.0,0.0
2026-07-17 14:00:00-04:00,698.6400146484375,699.530029296875,698.27001953125,698.869873046875,643833,0.0,0.0,0.0
2026-07-17 14:05:00-04:00,698.77001953125,698.77001953125,697.9500122070312,697.989990234375,221776,0.0,0.0,0.0
2026-07-17 14:10:00-04:00,698.0034790039062,698.239990234375,697.6099853515625,697.7501220703125,573027,0.0,0.0,0.0
2026-07-17 14:15:00-04:00,697.77001953125,697.9099731445312,697.0,697.3900146484375,484427,0.0,0.0,0.0
2026-07-17 14:20:00-04:00,697.3699951171875,697.719970703125,696.8499755859375,697.1300048828125,610841,0.0,0.0,0.0
2026-07-17 14:25:00-04:00,697.0900268554688,697.5700073242188,696.77001953125,697.52001953125,245816,0.0,0.0,0.0
2026-07-17 14:30:00-04:00,697.5,698.4199829101562,696.8400268554688,697.25,307690,0.0,0.0,0.0
2026-07-17 14:35:00-04:00,697.25,697.530029296875,696.9600219726562,697.1199951171875,151796,0.0,0.0,0.0
2026-07-17 14:40:00-04:00,697.2000122070312,697.22998046875,696.1199951171875,696.4000244140625,500083,0.0,0.0,0.0
2026-07-17 14:45:00-04:00,696.4000244140625,697.8200073242188,696.1400146484375,697.3300170898438,383820,0.0,0.0,0.0
2026-07-17 14:50:00-04:00,697.2999877929688,698.1699829101562,696.9500122070312,698.1566162109375,307048,0.0,0.0,0.0
2026-07-17 14:55:00-04:00,698.1696166992188,698.25,697.47998046875,697.7000122070312,154764,0.0,0.0,0.0
2026-07-17 15:00:00-04:00,697.6900024414062,697.8499755859375,696.9400024414062,697.4000244140625,186019,0.0,0.0,0.0
2026-07-17 15:05:00-04:00,697.510009765625,697.6199951171875,696.4299926757812,696.5800170898438,202613,0.0,0.0,0.0
2026-07-17 15:10:00-04:00,696.5800170898438,696.6699829101562,695.1900024414062,695.25,373846,0.0,0.0,0.0
2026-07-17 15:15:00-04:00,695.2000122070312,695.5886840820312,694.5999755859375,695.4600219726562,668896,0.0,0.0,0.0
2026-07-17 15:20:00-04:00,695.4199829101562,695.4199829101562,694.6099853515625,694.6099853515625,391676,0.0,0.0,0.0
2026-07-17 15:25:00-04:00,694.5999755859375,696.2999877929688,694.22998046875,696.0900268554688,481810,0.0,0.0,0.0
2026-07-17 15:30:00-04:00,696.1199951171875,697.25,696.0399780273438,696.239990234375,633250,0.0,0.0,0.0
2026-07-17 15:35:00-04:00,696.22998046875,696.8099975585938,695.4000244140625,695.405029296875,339920,0.0,0.0,0.0
2026-07-17 15:40:00-04:00,695.4099731445312,696.4000244140625,695.0800170898438,696.0900268554688,482736,0.0,0.0,0.0
2026-07-17 15:45:00-04:00,696.0800170898438,696.9000244140625,695.8699951171875,696.8200073242188,620413,0.0,0.0,0.0
2026-07-17 15:50:00-04:00,696.8800048828125,697.5,696.4600219726562,697.0900268554688,895357,0.0,0.0,0.0
2026-07-17 15:55:00-04:00,697.1099853515625,697.3499755859375,695.1699829101562,695.2999877929688,1291760,0.0,0.0,0.0
2026-07-20 09:30:00-04:00,702.260009765625,704.4000244140625,701.780029296875,704.35498046875,2604370,0.0,0.0,0.0
2026-07-20 09:35:00-04:00,704.4400024414062,705.1694946289062,704.0599975585938,704.2000122070312,708179,0.0,0.0,0.0
2026-07-20 09:40:00-04:00,704.22998046875,705.5499877929688,704.125,705.47998046875,554405,0.0,0.0,0.0
2026-07-20 09:45:00-04:00,705.489990234375,705.7999877929688,703.9199829101562,704.010009765625,711797,0.0,0.0,0.0
2026-07-20 09:50:00-04:00,704.02001953125,704.3499755859375,701.8699951171875,702.7899780273438,705835,0.0,0.0,0.0
2026-07-20 09:55:00-04:00,702.6599731445312,702.7999877929688,700.6599731445312,701.0900268554688,613732,0.0,0.0,0.0
2026-07-20 10:00:00-04:00,701.0999755859375,702.3599853515625,700.27001953125,701.6900024414062,598985,0.0,0.0,0.0
2026-07-20 10:05:00-04:00,701.6599731445312,701.8499755859375,700.77001953125,701.3800048828125,528463,0.0,0.0,0.0
2026-07-20 10:10:00-04:00,701.3599853515625,701.3599853515625,699.6849975585938,700.5,529147,0.0,0.0,0.0
2026-07-20 10:15:00-04:00,700.5,701.27001953125,699.6771240234375,700.2199096679688,417793,0.0,0.0,0.0
2026-07-20 10:20:00-04:00,700.1799926757812,700.7999877929688,698.9099731445312,700.4000244140625,442766,0.0,0.0,0.0
2026-07-20 10:25:00-04:00,700.3800048828125,701.9299926757812,700.2999877929688,701.89501953125,298448,0.0,0.0,0.0
2026-07-20 10:30:00-04:00,701.8800048828125,702.3599853515625,700.739990234375,701.239990234375,296518,0.0,0.0,0.0
2026-07-20 10:35:00-04:00,701.219970703125,701.8099975585938,700.5001220703125,700.9450073242188,214997,0.0,0.0,0.0
2026-07-20 10:40:00-04:00,700.989990234375,701.5499877929688,700.030029296875,700.3400268554688,238003,0.0,0.0,0.0
2026-07-20 10:45:00-04:00,700.27001953125,701.239990234375,699.3800048828125,699.4400024414062,303363,0.0,0.0,0.0
2026-07-20 10:50:00-04:00,699.3400268554688,699.864990234375,698.6900024414062,699.0399780273438,301448,0.0,0.0,0.0
2026-07-20 10:55:00-04:00,698.97998046875,699.4199829101562,698.1099853515625,698.5399780273438,449166,0.0,0.0,0.0
2026-07-20 11:00:00-04:00,698.510009765625,700.0700073242188,698.0800170898438,699.4000244140625,386469,0.0,0.0,0.0
2026-07-20 11:05:00-04:00,699.2879028320312,700.8098754882812,698.35498046875,700.7999877929688,234955,0.0,0.0,0.0
2026-07-20 11:10:00-04:00,700.7899780273438,700.8900146484375,699.5800170898438,699.7899780273438,170944,0.0,0.0,0.0
2026-07-20 11:15:00-04:00,699.905029296875,701.030029296875,699.4099731445312,700.4500122070312,191660,0.0,0.0,0.0
2026-07-20 11:20:00-04:00,700.4650268554688,701.719970703125,700.1304931640625,701.1849975585938,258307,0.0,0.0,0.0
2026-07-20 11:25:00-04:00,701.1900024414062,701.5750122070312,700.4199829101562,701.5399780273438,186667,0.0,0.0,0.0
2026-07-20 11:30:00-04:00,701.54052734375,701.8634033203125,701.3961791992188,701.64501953125,347688,0.0,0.0,0.0
2026-07-20 11:35:00-04:00,701.6500244140625,701.7899780273438,701.0999755859375,701.1099853515625,130784,0.0,0.0,0.0
2026-07-20 11:40:00-04:00,701.1400146484375,701.9500122070312,700.7999877929688,701.7899780273438,153646,0.0,0.0,0.0
2026-07-20 11:45:00-04:00,701.8099975585938,701.8900146484375,700.6099853515625,700.7996826171875,273992,0.0,0.0,0.0
2026-07-20 11:50:00-04:00,700.780029296875,702.47998046875,700.5399780273438,702.2050170898438,193599,0.0,0.0,0.0
2026-07-20 11:55:00-04:00,702.25,702.6900024414062,702.219970703125,702.3800048828125,203834,0.0,0.0,0.0
2026-07-20 12:00:00-04:00,702.409912109375,702.7999877929688,701.8353881835938,702.7299194335938,170300,0.0,0.0,0.0
2026-07-20 12:05:00-04:00,702.72998046875,703.719970703125,702.727783203125,703.6699829101562,252763,0.0,0.0,0.0
2026-07-20 12:10:00-04:00,703.6699829101562,704.02001953125,703.469970703125,703.719970703125,246478,0.0,0.0,0.0
2026-07-20 12:15:00-04:00,703.7899780273438,703.8200073242188,703.2100219726562,703.6500244140625,200778,0.0,0.0,0.0
2026-07-20 12:20:00-04:00,703.6900024414062,703.8499755859375,703.4199829101562,703.5449829101562,252592,0.0,0.0,0.0
2026-07-20 12:25:00-04:00,703.5800170898438,703.6799926757812,702.8200073242188,703.1873779296875,502728,0.0,0.0,0.0
2026-07-20 12:30:00-04:00,703.260009765625,703.5399780273438,702.2100219726562,702.25,625664,0.0,0.0,0.0
2026-07-20 12:35:00-04:00,702.22998046875,702.9500122070312,702.1900024414062,702.9349975585938,102010,0.0,0.0,0.0
2026-07-20 12:40:00-04:00,702.9349975585938,703.1400146484375,700.3099975585938,701.2999877929688,499745,0.0,0.0,0.0
2026-07-20 12:45:00-04:00,701.219970703125,702.4000244140625,700.989990234375,702.3800048828125,362869,0.0,0.0,0.0
2026-07-20 12:50:00-04:00,702.3699951171875,702.39990234375,700.5850219726562,700.630126953125,180292,0.0,0.0,0.0
2026-07-20 12:55:00-04:00,700.5900268554688,700.9099731445312,700.1400146484375,700.8200073242188,565970,0.0,0.0,0.0
2026-07-20 13:00:00-04:00,700.7899780273438,701.1599731445312,700.1099853515625,700.25,138182,0.0,0.0,0.0
2026-07-20 13:05:00-04:00,700.2301025390625,700.4398803710938,699.6749877929688,700.3200073242188,135149,0.0,0.0,0.0
2026-07-20 13:10:00-04:00,700.3599853515625,700.4600219726562,699.2949829101562,699.405029296875,168988,0.0,0.0,0.0
2026-07-20 13:15:00-04:00,699.3699951171875,700.2000122070312,699.030029296875,700.1400146484375,210654,0.0,0.0,0.0
2026-07-20 13:20:00-04:00,700.0700073242188,700.5800170898438,699.7800903320312,700.1500244140625,217426,0.0,0.0,0.0
2026-07-20 13:25:00-04:00,700.1199951171875,700.5250244140625,699.8300170898438,700.1530151367188,127062,0.0,0.0,0.0
2026-07-20 13:30:00-04:00,700.1599731445312,700.4199829101562,699.8800048828125,700.1300048828125,110006,0.0,0.0,0.0
2026-07-20 13:35:00-04:00,700.1300048828125,700.515380859375,699.77001953125,699.8109130859375,123102,0.0,0.0,0.0
2026-07-20 13:40:00-04:00,699.8599853515625,699.8900146484375,698.7999877929688,699.030029296875,171098,0.0,0.0,0.0
2026-07-20 13:45:00-04:00,699.0150146484375,700.1083984375,698.989990234375,699.8900146484375,108379,0.0,0.0,0.0
2026-07-20 13:50:00-04:00,699.8201293945312,700.739990234375,699.7941284179688,700.4600219726562,149155,0.0,0.0,0.0
2026-07-20 13:55:00-04:00,700.412109375,700.4447021484375,699.763671875,700.14990234375,130872,0.0,0.0,0.0
2026-07-20 14:00:00-04:00,700.27001953125,701.0,700.2695922851562,700.469970703125,552736,0.0,0.0,0.0
2026-07-20 14:05:00-04:00,700.47998046875,700.909912109375,700.1500244140625,700.909912109375,152589,0.0,0.0,0.0
2026-07-20 14:10:00-04:00,700.9249877929688,701.219970703125,700.635009765625,700.9901123046875,98113,0.0,0.0,0.0
2026-07-20 14:15:00-04:00,700.989990234375,701.3900146484375,700.7050170898438,701.0,108751,0.0,0.0,0.0
2026-07-20 14:20:00-04:00,701.030029296875,701.072998046875,699.7391967773438,699.7391967773438,187026,0.0,0.0,0.0
2026-07-20 14:25:00-04:00,699.760009765625,700.5,699.5599975585938,699.9346923828125,130101,0.0,0.0,0.0
2026-07-20 14:30:00-04:00,699.9500122070312,699.9598999023438,698.6599731445312,698.9400024414062,0,0.0,0.0,0.0
2026-07-20 14:35:00-04:00,698.9099731445312,699.9000244140625,698.7100219726562,698.9249267578125,176445,0.0,0.0,0.0
2026-07-20 14:40:00-04:00,698.9500122070312,699.0700073242188,697.7999877929688,697.8099975585938,413072,0.0,0.0,0.0
2026-07-20 14:45:00-04:00,697.8306274414062,698.5599975585938,697.72998046875,698.1199951171875,266213,0.0,0.0,0.0
2026-07-20 14:50:00-04:00,698.0900268554688,698.7899780273438,697.9099731445312,698.60498046875,248628,0.0,0.0,0.0
2026-07-20 14:55:00-04:00,698.5900268554688,698.7100219726562,697.719970703125,698.0700073242188,168446,0.0,0.0,0.0
2026-07-20 15:00:00-04:00,698.0900268554688,698.6799926757812,697.27001953125,697.4650268554688,377000,0.0,0.0,0.0
2026-07-20 15:05:00-04:00,697.4749755859375,697.75,697.1300048828125,697.5250244140625,478565,0.0,0.0,0.0
2026-07-20 15:10:00-04:00,697.52001953125,698.25,696.5399780273438,696.5599975585938,332799,0.0,0.0,0.0
2026-07-20 15:15:00-04:00,696.5748291015625,697.1900024414062,696.260009765625,696.719970703125,428707,0.0,0.0,0.0
2026-07-20 15:20:00-04:00,696.72998046875,697.1596069335938,696.2999877929688,696.9650268554688,246184,0.0,0.0,0.0
2026-07-20 15:25:00-04:00,696.97998046875,698.0,696.3200073242188,697.6799926757812,401504,0.0,0.0,0.0
2026-07-20 15:30:00-04:00,697.7100219726562,698.3400268554688,697.2000122070312,697.97998046875,446093,0.0,0.0,0.0
2026-07-20 15:35:00-04:00,697.9600219726562,698.0800170898438,697.2449951171875,697.8400268554688,238182,0.0,0.0,0.0
2026-07-20 15:40:00-04:00,697.77001953125,698.5991821289062,697.6400146484375,697.9000244140625,317073,0.0,0.0,0.0
2026-07-20 15:45:00-04:00,697.9500122070312,698.2581787109375,697.3200073242188,697.9199829101562,248604,0.0,0.0,0.0
2026-07-20 15:50:00-04:00,697.8900146484375,697.8900146484375,696.1400146484375,696.4099731445312,890879,0.0,0.0,0.0
2026-07-20 15:55:00-04:00,696.4199829101562,696.5,695.510009765625,695.989990234375,1802771,0.0,0.0,0.0
2026-07-21 09:30:00-04:00,706.6799926757812,707.1300048828125,704.4500122070312,704.7849731445312,2480614,0.0,0.0,0.0
2026-07-21 09:35:00-04:00,704.719970703125,706.6400146484375,704.5687866210938,705.8250122070312,556460,0.0,0.0,0.0
2026-07-21 09:40:00-04:00,705.7999877929688,705.844970703125,704.3900146484375,704.7100219726562,718384,0.0,0.0,0.0
2026-07-21 09:45:00-04:00,704.7100219726562,704.9199829101562,703.5499877929688,704.6849975585938,436199,0.0,0.0,0.0
2026-07-21 09:50:00-04:00,704.719970703125,705.5098876953125,704.0999755859375,704.6599731445312,387712,0.0,0.0,0.0
2026-07-21 09:55:00-04:00,704.64501953125,705.1900024414062,703.5050048828125,704.9000244140625,318669,0.0,0.0,0.0
2026-07-21 10:00:00-04:00,704.969970703125,705.75,703.3400268554688,704.0020751953125,427488,0.0,0.0,0.0
2026-07-21 10:05:00-04:00,703.9429931640625,704.5850219726562,703.0499877929688,703.239990234375,389369,0.0,0.0,0.0
2026-07-21 10:10:00-04:00,703.155029296875,704.5438232421875,702.8099975585938,704.3699951171875,409577,0.0,0.0,0.0
2026-07-21 10:15:00-04:00,704.3499145507812,705.1400146484375,702.9000244140625,705.010009765625,320088,0.0,0.0,0.0
2026-07-21 10:20:00-04:00,705.010009765625,705.3599853515625,703.9899291992188,704.7899780273438,721975,0.0,0.0,0.0
2026-07-21 10:25:00-04:00,704.8200073242188,706.4500122070312,704.6405029296875,706.22998046875,376801,0.0,0.0,0.0
2026-07-21 10:30:00-04:00,706.219970703125,706.7778930664062,706.1199951171875,706.5,333691,0.0,0.0,0.0
2026-07-21 10:35:00-04:00,706.510009765625,707.0,705.760009765625,706.1199951171875,459126,0.0,0.0,0.0
2026-07-21 10:40:00-04:00,706.1099853515625,706.7000122070312,705.2000122070312,706.6599731445312,235676,0.0,0.0,0.0
2026-07-21 10:45:00-04:00,706.7100219726562,707.4000244140625,706.3300170898438,706.739990234375,325904,0.0,0.0,0.0
2026-07-21 10:50:00-04:00,706.72998046875,706.9500122070312,706.3099975585938,706.75,192996,0.0,0.0,0.0
2026-07-21 10:55:00-04:00,706.8099975585938,707.0800170898438,706.3400268554688,707.0,232647,0.0,0.0,0.0
2026-07-21 11:00:00-04:00,706.97998046875,707.1400146484375,705.8800048828125,706.0999755859375,232919,0.0,0.0,0.0
2026-07-21 11:05:00-04:00,706.0800170898438,708.010009765625,705.6500244140625,707.8400268554688,329002,0.0,0.0,0.0
2026-07-21 11:10:00-04:00,707.8699951171875,708.4500122070312,707.77001953125,708.2899780273438,299550,0.0,0.0,0.0
2026-07-21 11:15:00-04:00,708.3099975585938,708.4500122070312,708.030029296875,708.1199951171875,275704,0.0,0.0,0.0
2026-07-21 11:20:00-04:00,708.0700073242188,708.719970703125,707.8350219726562,708.530029296875,327754,0.0,0.0,0.0
2026-07-21 11:25:00-04:00,708.5,708.989990234375,708.4600219726562,708.6900024414062,282350,0.0,0.0,0.0
2026-07-21 11:30:00-04:00,708.6599731445312,708.6799926757812,707.75,708.4099731445312,236230,0.0,0.0,0.0
2026-07-21 11:35:00-04:00,708.4299926757812,708.6599731445312,707.9000244140625,707.9450073242188,222144,0.0,0.0,0.0
2026-07-21 11:40:00-04:00,707.9298706054688,708.0800170898438,707.510009765625,707.5800170898438,219500,0.0,0.0,0.0
2026-07-21 11:45:00-04:00,707.5599975585938,708.2999877929688,707.530029296875,708.260009765625,282318,0.0,0.0,0.0
2026-07-21 11:50:00-04:00,708.280029296875,708.5,707.89501953125,707.9099731445312,149738,0.0,0.0,0.0
2026-07-21 11:55:00-04:00,707.9099731445312,708.1099853515625,707.47998046875,707.5203247070312,227847,0.0,0.0,0.0
2026-07-21 12:00:00-04:00,707.592529296875,708.6099853515625,707.4299926757812,708.590087890625,215476,0.0,0.0,0.0
2026-07-21 12:05:00-04:00,708.5900268554688,709.0999755859375,708.5,708.739990234375,207325,0.0,0.0,0.0
2026-07-21 12:10:00-04:00,708.739990234375,708.8400268554688,708.4500122070312,708.5399780273438,309381,0.0,0.0,0.0
2026-07-21 12:15:00-04:00,708.5900268554688,709.0,708.5599975585938,708.9000244140625,367900,0.0,0.0,0.0
2026-07-21 12:20:00-04:00,708.9000244140625,709.4099731445312,708.85498046875,709.1300048828125,279301,0.0,0.0,0.0
2026-07-21 12:25:00-04:00,709.1199951171875,709.27001953125,708.655029296875,708.8300170898438,275085,0.0,0.0,0.0
2026-07-21 12:30:00-04:00,708.8499755859375,709.0700073242188,708.6300048828125,708.8623046875,323300,0.0,0.0,0.0
2026-07-21 12:35:00-04:00,708.9099731445312,709.2999877929688,708.75,709.280029296875,434791,0.0,0.0,0.0
2026-07-21 12:40:00-04:00,709.27001953125,709.385009765625,708.864990234375,709.0,240796,0.0,0.0,0.0
2026-07-21 12:45:00-04:00,709.0,709.219970703125,708.8300170898438,709.10009765625,169676,0.0,0.0,0.0
2026-07-21 12:50:00-04:00,709.114990234375,709.6900024414062,709.0900268554688,709.6799926757812,277272,0.0,0.0,0.0
2026-07-21 12:55:00-04:00,709.6701049804688,709.7899780273438,709.2899780273438,709.2999877929688,211916,0.0,0.0,0.0
2026-07-21 13:00:00-04:00,709.2999877929688,709.75,709.2899780273438,709.6900024414062,558285,0.0,0.0,0.0
2026-07-21 13:05:00-04:00,709.6900024414062,709.8800048828125,709.6099853515625,709.6699829101562,257628,0.0,0.0,0.0
2026-07-21 13:10:00-04:00,709.6950073242188,709.739990234375,709.3037109375,709.3599853515625,309756,0.0,0.0,0.0
2026-07-21 13:15:00-04:00,709.3699951171875,709.6099853515625,709.22998046875,709.280029296875,171659,0.0,0.0,0.0
2026-07-21 13:20:00-04:00,709.260009765625,709.489990234375,709.1599731445312,709.239990234375,170098,0.0,0.0,0.0
2026-07-21 13:25:00-04:00,709.2899780273438,709.4099731445312,709.0900268554688,709.3150024414062,102094,0.0,0.0,0.0
2026-07-21 13:30:00-04:00,709.3300170898438,709.760009765625,709.2000122070312,709.4000244140625,177848,0.0,0.0,0.0
2026-07-21 13:35:00-04:00,709.4149780273438,709.7449951171875,709.3099975585938,709.6500244140625,122408,0.0,0.0,0.0
2026-07-21 13:40:00-04:00,709.6599731445312,709.6799926757812,709.3599853515625,709.530029296875,235370,0.0,0.0,0.0
2026-07-21 13:45:00-04:00,709.5499877929688,709.9097900390625,709.344970703125,709.905517578125,128517,0.0,0.0,0.0
2026-07-21 13:50:00-04:00,709.9099731445312,710.0499877929688,709.5800170898438,709.6099853515625,186956,0.0,0.0,0.0
2026-07-21 13:55:00-04:00,709.6162719726562,709.6849975585938,709.3300170898438,709.530029296875,251497,0.0,0.0,0.0
2026-07-21 14:00:00-04:00,709.5399780273438,709.8599853515625,709.469970703125,709.5999755859375,495719,0.0,0.0,0.0
2026-07-21 14:05:00-04:00,709.5599975585938,710.030029296875,709.5499877929688,709.77001953125,364938,0.0,0.0,0.0
2026-07-21 14:10:00-04:00,709.77001953125,709.7949829101562,709.4409790039062,709.489990234375,252064,0.0,0.0,0.0
2026-07-21 14:15:00-04:00,709.489990234375,709.5794067382812,709.3599853515625,709.469970703125,134026,0.0,0.0,0.0
2026-07-21 14:20:00-04:00,709.489501953125,709.6199951171875,709.280029296875,709.530029296875,201869,0.0,0.0,0.0
2026-07-21 14:25:00-04:00,709.510009765625,709.52001953125,709.030029296875,709.1599731445312,204173,0.0,0.0,0.0
2026-07-21 14:30:00-04:00,709.1500244140625,709.25,708.7999877929688,708.9299926757812,224485,0.0,0.0,0.0
2026-07-21 14:35:00-04:00,708.9600219726562,709.4000244140625,708.9299926757812,709.2100219726562,145291,0.0,0.0,0.0
2026-07-21 14:40:00-04:00,709.2100219726562,709.719970703125,709.02001953125,709.7000122070312,313939,0.0,0.0,0.0
2026-07-21 14:45:00-04:00,709.7000122070312,709.8900146484375,709.3889770507812,709.530029296875,282657,0.0,0.0,0.0
2026-07-21 14:50:00-04:00,709.510009765625,709.5700073242188,709.1099853515625,709.1099853515625,125108,0.0,0.0,0.0
2026-07-21 14:55:00-04:00,709.125,709.3200073242188,708.9500122070312,709.2299194335938,163466,0.0,0.0,0.0
2026-07-21 15:00:00-04:00,709.22998046875,709.4000244140625,708.7999877929688,708.9949951171875,332178,0.0,0.0,0.0
2026-07-21 15:05:00-04:00,708.9594116210938,709.1699829101562,708.6602172851562,708.7797241210938,163452,0.0,0.0,0.0
2026-07-21 15:10:00-04:00,708.780029296875,708.9578247070312,708.635009765625,708.75,137416,0.0,0.0,0.0
2026-07-21 15:15:00-04:00,708.739990234375,709.0,708.6405029296875,708.9151000976562,127667,0.0,0.0,0.0
2026-07-21 15:20:00-04:00,708.9000244140625,708.97998046875,708.7000122070312,708.780029296875,101141,0.0,0.0,0.0
2026-07-21 15:25:00-04:00,708.75,708.8300170898438,708.3300170898438,708.3900146484375,184071,0.0,0.0,0.0
2026-07-21 15:30:00-04:00,708.4199829101562,708.8189697265625,708.3300170898438,708.7000122070312,205810,0.0,0.0,0.0
2026-07-21 15:35:00-04:00,708.6900024414062,709.3099975585938,708.6699829101562,709.1799926757812,506189,0.0,0.0,0.0
2026-07-21 15:40:00-04:00,709.1799926757812,709.5399780273438,709.0700073242188,709.469970703125,635640,0.0,0.0,0.0
2026-07-21 15:45:00-04:00,709.4500122070312,709.5499877929688,709.2000122070312,709.531494140625,298352,0.0,0.0,0.0
2026-07-21 15:50:00-04:00,709.52001953125,709.8599853515625,708.9600219726562,709.52001953125,1315666,0.0,0.0,0.0
2026-07-21 15:55:00-04:00,709.530029296875,709.739990234375,708.6500244140625,708.9500122070312,3741788,0.0,0.0,0.0
2026-07-22 09:30:00-04:00,703.6400146484375,705.3499755859375,703.6400146484375,705.0750122070312,2873966,0.0,0.0,0.0
2026-07-22 09:35:00-04:00,705.0999755859375,705.3900146484375,704.1599731445312,705.1837768554688,552849,0.0,0.0,0.0
2026-07-22 09:40:00-04:00,705.1900024414062,705.9000244140625,704.6036987304688,705.7249755859375,733103,0.0,0.0,0.0
2026-07-22 09:45:00-04:00,705.719970703125,706.6699829101562,705.2449951171875,705.5700073242188,624933,0.0,0.0,0.0
2026-07-22 09:50:00-04:00,705.5999755859375,707.2100219726562,705.0999755859375,707.1589965820312,404267,0.0,0.0,0.0
2026-07-22 09:55:00-04:00,707.1099853515625,708.0999755859375,706.9500122070312,708.0999755859375,567464,0.0,0.0,0.0
2026-07-22 10:00:00-04:00,708.0900268554688,708.239990234375,707.1749877929688,707.625,479548,0.0,0.0,0.0
2026-07-22 10:05:00-04:00,707.6400146484375,708.1090087890625,706.75,706.8099975585938,330029,0.0,0.0,0.0
2026-07-22 10:10:00-04:00,706.7999877929688,707.739990234375,706.6400146484375,707.0900268554688,288865,0.0,0.0,0.0
2026-07-22 10:15:00-04:00,707.0800170898438,707.5,706.1599731445312,707.489990234375,352058,0.0,0.0,0.0
2026-07-22 10:20:00-04:00,707.4600219726562,707.989990234375,706.219970703125,706.6599731445312,312308,0.0,0.0,0.0
2026-07-22 10:25:00-04:00,706.6500244140625,707.0,706.280029296875,706.7098999023438,288967,0.0,0.0,0.0
2026-07-22 10:30:00-04:00,706.6900024414062,707.6599731445312,706.47998046875,706.6599731445312,317243,0.0,0.0,0.0
2026-07-22 10:35:00-04:00,706.6699829101562,707.3101196289062,706.4183959960938,706.72998046875,307138,0.0,0.0,0.0
2026-07-22 10:40:00-04:00,706.6900024414062,707.0,705.5800170898438,705.9000244140625,526419,0.0,0.0,0.0
2026-07-22 10:45:00-04:00,705.8699951171875,706.9500122070312,705.6199951171875,706.8200073242188,246562,0.0,0.0,0.0
2026-07-22 10:50:00-04:00,706.7999877929688,706.864990234375,705.9299926757812,706.22998046875,172918,0.0,0.0,0.0
2026-07-22 10:55:00-04:00,706.219970703125,707.2899780273438,705.8400268554688,707.1900024414062,208421,0.0,0.0,0.0
2026-07-22 11:00:00-04:00,707.2000122070312,708.030029296875,707.2000122070312,707.9299926757812,351748,0.0,0.0,0.0
2026-07-22 11:05:00-04:00,707.9199829101562,708.7000122070312,707.72998046875,708.4600219726562,273520,0.0,0.0,0.0
2026-07-22 11:10:00-04:00,708.43212890625,708.9600219726562,708.3699951171875,708.7940063476562,263494,0.0,0.0,0.0
2026-07-22 11:15:00-04:00,708.7999877929688,708.969970703125,708.4400024414062,708.8599853515625,279507,0.0,0.0,0.0
2026-07-22 11:20:00-04:00,708.8599853515625,709.280029296875,708.55029296875,709.1799926757812,247489,0.0,0.0,0.0
2026-07-22 11:25:00-04:00,709.1400146484375,709.6472778320312,709.1201171875,709.22998046875,275219,0.0,0.0,0.0
2026-07-22 11:30:00-04:00,709.239990234375,709.469970703125,708.3400268554688,708.4299926757812,277440,0.0,0.0,0.0
2026-07-22 11:35:00-04:00,708.4199829101562,708.8699951171875,708.1199951171875,708.2000122070312,283092,0.0,0.0,0.0
2026-07-22 11:40:00-04:00,708.1900024414062,708.6799926757812,708.013671875,708.3699951171875,141402,0.0,0.0,0.0
2026-07-22 11:45:00-04:00,708.3499755859375,708.8499755859375,708.3499755859375,708.8079833984375,134832,0.0,0.0,0.0
2026-07-22 11:50:00-04:00,708.8099975585938,709.4099731445312,708.7100219726562,708.7999877929688,213134,0.0,0.0,0.0
2026-07-22 11:55:00-04:00,708.7839965820312,709.4099731445312,708.623779296875,709.3599853515625,83682,0.0,0.0,0.0
2026-07-22 12:00:00-04:00,709.3699951171875,709.4400024414062,708.9400024414062,709.0999755859375,97602,0.0,0.0,0.0
2026-07-22 12:05:00-04:00,709.0999755859375,709.4299926757812,708.989990234375,709.3112182617188,106128,0.0,0.0,0.0
2026-07-22 12:10:00-04:00,709.2999877929688,709.4500122070312,709.02001953125,709.3300170898438,163482,0.0,0.0,0.0
2026-07-22 12:15:00-04:00,709.3300170898438,709.4876708984375,709.0800170898438,709.3499755859375,205546,0.0,0.0,0.0
2026-07-22 12:20:00-04:00,709.3099975585938,709.3099975585938,708.840087890625,708.9998779296875,135986,0.0,0.0,0.0
2026-07-22 12:25:00-04:00,708.969970703125,709.030029296875,708.6500244140625,708.9025268554688,81626,0.0,0.0,0.0
2026-07-22 12:30:00-04:00,708.9000244140625,709.3200073242188,708.8200073242188,709.2000122070312,76880,0.0,0.0,0.0
2026-07-22 12:35:00-04:00,709.1799926757812,709.2100219726562,708.6900024414062,708.760009765625,160200,0.0,0.0,0.0
2026-07-22 12:40:00-04:00,708.780029296875,708.780029296875,708.25,708.4000244140625,112786,0.0,0.0,0.0
2026-07-22 12:45:00-04:00,708.4000244140625,708.5499877929688,708.0700073242188,708.3400268554688,117191,0.0,0.0,0.0
2026-07-22 12:50:00-04:00,708.3300170898438,708.52001953125,708.1599731445312,708.4099731445312,105238,0.0,0.0,0.0
2026-07-22 12:55:00-04:00,708.39501953125,709.1599731445312,708.3900146484375,708.8699951171875,110431,0.0,0.0,0.0
2026-07-22 13:00:00-04:00,708.8800048828125,709.239990234375,708.6799926757812,708.8200073242188,122610,0.0,0.0,0.0
2026-07-22 13:05:00-04:00,708.8300170898438,709.3499755859375,708.8200073242188,709.22998046875,86777,0.0,0.0,0.0
2026-07-22 13:10:00-04:00,709.2449951171875,709.2999877929688,708.780029296875,708.8599853515625,126009,0.0,0.0,0.0
2026-07-22 13:15:00-04:00,708.8499755859375,709.0599975585938,708.6599731445312,708.880126953125,170017,0.0,0.0,0.0
2026-07-22 13:20:00-04:00,708.8300170898438,708.989990234375,708.5020141601562,708.9400024414062,81467,0.0,0.0,0.0
2026-07-22 13:25:00-04:00,708.8900146484375,709.0772705078125,708.60498046875,708.769775390625,120550,0.0,0.0,0.0
2026-07-22 13:30:00-04:00,708.7150268554688,709.0900268554688,708.1799926757812,708.2100830078125,85737,0.0,0.0,0.0
2026-07-22 13:35:00-04:00,708.2349853515625,708.9899291992188,708.1500244140625,708.9600219726562,85185,0.0,0.0,0.0
2026-07-22 13:40:00-04:00,708.9500122070312,708.9500122070312,708.4000244140625,708.510009765625,53257,0.0,0.0,0.0
2026-07-22 13:45:00-04:00,708.510009765625,708.5700073242188,708.1799926757812,708.2100219726562,55040,0.0,0.0,0.0
2026-07-22 13:50:00-04:00,708.219970703125,708.31640625,707.4199829101562,707.4249877929688,176970,0.0,0.0,0.0
2026-07-22 13:55:00-04:00,707.4000854492188,707.6799926757812,707.0399780273438,707.2738037109375,301788,0.0,0.0,0.0
2026-07-22 14:00:00-04:00,707.27001953125,707.6823120117188,707.0,707.5050048828125,113767,0.0,0.0,0.0
2026-07-22 14:05:00-04:00,707.4899291992188,707.9199829101562,707.3300170898438,707.3300170898438,84623,0.0,0.0,0.0
2026-07-22 14:10:00-04:00,707.3200073242188,707.52001953125,706.8099975585938,706.8099975585938,112050,0.0,0.0,0.0
2026-07-22 14:15:00-04:00,706.8200073242188,707.2000122070312,706.739990234375,706.9500732421875,137378,0.0,0.0,0.0
2026-07-22 14:20:00-04:00,707.0,707.489990234375,706.8200073242188,706.9000244140625,133687,0.0,0.0,0.0
2026-07-22 14:25:00-04:00,706.9199829101562,707.3599243164062,706.8099975585938,707.1300048828125,124344,0.0,0.0,0.0
2026-07-22 14:30:00-04:00,707.1201171875,707.1699829101562,706.4000244140625,706.5700073242188,158873,0.0,0.0,0.0
2026-07-22 14:35:00-04:00,706.530029296875,707.1300048828125,706.469970703125,706.989990234375,122540,0.0,0.0,0.0
2026-07-22 14:40:00-04:00,707.030029296875,707.0499877929688,706.760009765625,706.9000244140625,63229,0.0,0.0,0.0
2026-07-22 14:45:00-04:00,706.9099731445312,707.3643798828125,706.8800048828125,706.9749755859375,98955,0.0,0.0,0.0
2026-07-22 14:50:00-04:00,707.010009765625,707.510009765625,706.7899780273438,707.4650268554688,64480,0.0,0.0,0.0
2026-07-22 14:55:00-04:00,707.469970703125,707.619873046875,707.2899780273438,707.4249877929688,131903,0.0,0.0,0.0
2026-07-22 15:00:00-04:00,707.3400268554688,707.6300048828125,707.0599975585938,707.4099731445312,197353,0.0,0.0,0.0
2026-07-22 15:05:00-04:00,707.3900146484375,707.52001953125,707.1901245117188,707.3599853515625,73854,0.0,0.0,0.0
2026-07-22 15:10:00-04:00,707.3499755859375,707.3499755859375,706.5900268554688,706.8049926757812,234758,0.0,0.0,0.0
2026-07-22 15:15:00-04:00,706.8200073242188,707.3200073242188,706.6400146484375,707.2000122070312,222735,0.0,0.0,0.0
2026-07-22 15:20:00-04:00,707.1799926757812,707.3800048828125,706.8200073242188,707.1303100585938,137997,0.0,0.0,0.0
2026-07-22 15:25:00-04:00,707.1400146484375,707.6799926757812,706.8916015625,707.5004272460938,174465,0.0,0.0,0.0
2026-07-22 15:30:00-04:00,707.5,707.530029296875,706.8339233398438,706.9000244140625,201639,0.0,0.0,0.0
2026-07-22 15:35:00-04:00,706.9400024414062,707.0700073242188,706.0599975585938,706.2113037109375,248502,0.0,0.0,0.0
2026-07-22 15:40:00-04:00,706.25,706.7999877929688,706.1099853515625,706.5001220703125,258750,0.0,0.0,0.0
2026-07-22 15:45:00-04:00,706.52001953125,706.9000244140625,706.4349975585938,706.780029296875,305099,0.0,0.0,0.0
2026-07-22 15:50:00-04:00,706.8200073242188,707.3099975585938,706.1400146484375,706.2550048828125,530487,0.0,0.0,0.0
2026-07-22 15:55:00-04:00,706.27001953125,706.4199829101562,705.1900024414062,705.27001953125,1154206,0.0,0.0,0.0
2026-07-23 09:30:00-04:00,694.6400146484375,695.8250122070312,693.2100219726562,695.75,4009689,0.0,0.0,0.0
2026-07-23 09:35:00-04:00,695.7100219726562,697.2000122070312,695.1599731445312,696.5700073242188,1243998,0.0,0.0,0.0
2026-07-23 09:40:00-04:00,696.6099853515625,698.6599731445312,696.6099853515625,698.0,707370,0.0,0.0,0.0
2026-07-23 09:45:00-04:00,698.0,698.2899780273438,695.4099731445312,695.7150268554688,757410,0.0,0.0,0.0
2026-07-23 09:50:00-04:00,695.719970703125,697.1099243164062,694.6799926757812,697.0449829101562,713878,0.0,0.0,0.0
2026-07-23 09:55:00-04:00,697.030029296875,697.5,694.1900024414062,694.4600219726562,448775,0.0,0.0,0.0
2026-07-23 10:00:00-04:00,694.6099853515625,695.9099731445312,694.4400024414062,695.4400024414062,480570,0.0,0.0,0.0
2026-07-23 10:05:00-04:00,695.47998046875,696.6900024414062,693.760009765625,694.6599731445312,795131,0.0,0.0,0.0
2026-07-23 10:10:00-04:00,694.7100219726562,695.9500122070312,694.1699829101562,694.4000244140625,512970,0.0,0.0,0.0
2026-07-23 10:15:00-04:00,694.2999877929688,695.3200073242188,693.97998046875,694.3800048828125,492808,0.0,0.0,0.0
2026-07-23 10:20:00-04:00,694.375,696.1500244140625,694.0399780273438,694.5250244140625,473989,0.0,0.0,0.0
2026-07-23 10:25:00-04:00,694.47998046875,695.3084716796875,694.1199951171875,695.1400146484375,261789,0.0,0.0,0.0
2026-07-23 10:30:00-04:00,695.0150146484375,695.469970703125,692.8499755859375,693.5399780273438,573384,0.0,0.0,0.0
2026-07-23 10:35:00-04:00,693.5449829101562,695.7899780273438,692.97998046875,695.5900268554688,629778,0.0,0.0,0.0
2026-07-23 10:40:00-04:00,695.5800170898438,695.989990234375,692.47998046875,692.9199829101562,758636,0.0,0.0,0.0
2026-07-23 10:45:00-04:00,692.9000244140625,693.5299072265625,692.3400268554688,692.530029296875,449556,0.0,0.0,0.0
2026-07-23 10:50:00-04:00,692.5750122070312,692.9400024414062,691.3350219726562,691.4099731445312,675181,0.0,0.0,0.0
2026-07-23 10:55:00-04:00,691.4000244140625,692.2990112304688,691.2949829101562,691.75,381887,0.0,0.0,0.0
2026-07-23 11:00:00-04:00,691.780029296875,691.9398803710938,690.8300170898438,691.0599975585938,569520,0.0,0.0,0.0
2026-07-23 11:05:00-04:00,691.0499877929688,691.1400146484375,690.0499877929688,690.114013671875,575890,0.0,0.0,0.0
2026-07-23 11:10:00-04:00,690.0999755859375,690.469970703125,688.97998046875,689.2650146484375,832688,0.0,0.0,0.0
2026-07-23 11:15:00-04:00,689.27001953125,690.3499755859375,689.2100219726562,690.3295288085938,564341,0.0,0.0,0.0
2026-07-23 11:20:00-04:00,690.3300170898438,691.0850219726562,688.4600219726562,689.5800170898438,929625,0.0,0.0,0.0
2026-07-23 11:25:00-04:00,689.4600219726562,689.5800170898438,688.155029296875,688.6300048828125,431110,0.0,0.0,0.0
2026-07-23 11:30:00-04:00,688.6300048828125,689.22998046875,687.7999877929688,689.1300048828125,600467,0.0,0.0,0.0
2026-07-23 11:35:00-04:00,689.14501953125,690.3200073242188,689.14501953125,690.119873046875,517110,0.0,0.0,0.0
2026-07-23 11:40:00-04:00,690.1099853515625,690.6699829101562,689.27001953125,689.2849731445312,350633,0.0,0.0,0.0
2026-07-23 11:45:00-04:00,689.260009765625,690.1099853515625,688.9199829101562,689.9719848632812,292625,0.0,0.0,0.0
2026-07-23 11:50:00-04:00,689.969970703125,690.8200073242188,689.5399780273438,690.780029296875,396874,0.0,0.0,0.0
2026-07-23 11:55:00-04:00,690.8200073242188,691.5999755859375,690.6599731445312,691.5599975585938,352837,0.0,0.0,0.0
2026-07-23 12:00:00-04:00,691.5900268554688,692.5,691.2000122070312,692.239990234375,480341,0.0,0.0,0.0
2026-07-23 12:05:00-04:00,692.219970703125,692.3599853515625,691.27001953125,692.3599853515625,685085,0.0,0.0,0.0
2026-07-23 12:10:00-04:00,692.39990234375,692.8599853515625,692.27001953125,692.5599975585938,451928,0.0,0.0,0.0
2026-07-23 12:15:00-04:00,692.5599975585938,692.8800048828125,692.0700073242188,692.5800170898438,487087,0.0,0.0,0.0
2026-07-23 12:20:00-04:00,692.5999755859375,694.1500244140625,692.5599975585938,693.9146728515625,435433,0.0,0.0,0.0
2026-07-23 12:25:00-04:00,693.9595947265625,694.5900268554688,693.60009765625,694.4199829101562,284888,0.0,0.0,0.0
2026-07-23 12:30:00-04:00,694.3900146484375,694.4400024414062,693.905029296875,693.97998046875,267414,0.0,0.0,0.0
2026-07-23 12:35:00-04:00,694.0499877929688,695.1500244140625,693.810791015625,694.969970703125,379624,0.0,0.0,0.0
2026-07-23 12:40:00-04:00,695.010009765625,695.030029296875,693.8900146484375,693.9500122070312,248994,0.0,0.0,0.0
2026-07-23 12:45:00-04:00,693.905029296875,693.905029296875,692.6510009765625,692.7050170898438,361244,0.0,0.0,0.0
2026-07-23 12:50:00-04:00,692.6599731445312,692.9099731445312,692.02001953125,692.0999755859375,309696,0.0,0.0,0.0
2026-07-23 12:55:00-04:00,692.0599975585938,692.8798828125,692.0499877929688,692.8049926757812,287315,0.0,0.0,0.0
2026-07-23 13:00:00-04:00,692.760009765625,693.2899780273438,692.1300048828125,692.1699829101562,236209,0.0,0.0,0.0
2026-07-23 13:05:00-04:00,692.1699829101562,692.47998046875,691.4915771484375,692.4099731445312,369186,0.0,0.0,0.0
2026-07-23 13:10:00-04:00,692.3900146484375,693.2000122070312,692.3900146484375,692.840087890625,200303,0.0,0.0,0.0
2026-07-23 13:15:00-04:00,692.780029296875,693.1500244140625,692.1500244140625,692.7069702148438,145272,0.0,0.0,0.0
2026-07-23 13:20:00-04:00,692.77001953125,693.530029296875,692.489990234375,693.3300170898438,324078,0.0,0.0,0.0
2026-07-23 13:25:00-04:00,693.3800048828125,693.6500244140625,693.0800170898438,693.139892578125,139618,0.0,0.0,0.0
2026-07-23 13:30:00-04:00,693.0,693.1300048828125,691.9500122070312,692.27001953125,138486,0.0,0.0,0.0
2026-07-23 13:35:00-04:00,692.2899780273438,692.3699951171875,691.4310302734375,691.47998046875,208333,0.0,0.0,0.0
2026-07-23 13:40:00-04:00,691.5599975585938,691.8699951171875,691.0800170898438,691.6519775390625,259778,0.0,0.0,0.0
2026-07-23 13:45:00-04:00,691.635009765625,692.47998046875,691.3900146484375,692.2999877929688,273980,0.0,0.0,0.0
2026-07-23 13:50:00-04:00,692.3099975585938,692.4500122070312,691.7100219726562,691.7100219726562,164862,0.0,0.0,0.0
2026-07-23 13:55:00-04:00,691.719970703125,691.719970703125,690.9450073242188,691.02001953125,173647,0.0,0.0,0.0
2026-07-23 14:00:00-04:00,691.010009765625,691.3400268554688,690.6199951171875,690.8800048828125,176579,0.0,0.0,0.0
2026-07-23 14:05:00-04:00,690.8499755859375,691.0599975585938,690.40380859375,690.4998779296875,449564,0.0,0.0,0.0
2026-07-23 14:10:00-04:00,690.5,691.25,690.4099731445312,690.8289794921875,383554,0.0,0.0,0.0
2026-07-23 14:15:00-04:00,690.8300170898438,691.280029296875,690.4949951171875,690.7349853515625,218154,0.0,0.0,0.0
2026-07-23 14:20:00-04:00,690.77001953125,691.3397827148438,690.5750122070312,691.3099975585938,129019,0.0,0.0,0.0
2026-07-23 14:25:00-04:00,691.3099975585938,691.4099731445312,690.719970703125,691.1699829101562,374981,0.0,0.0,0.0
2026-07-23 14:30:00-04:00,691.1400146484375,691.7100219726562,690.97998046875,691.6599731445312,290499,0.0,0.0,0.0
2026-07-23 14:35:00-04:00,691.7000122070312,691.8499755859375,690.6699829101562,691.0,156044,0.0,0.0,0.0
2026-07-23 14:40:00-04:00,690.989990234375,691.1799926757812,690.4299926757812,690.5900268554688,259936,0.0,0.0,0.0
2026-07-23 14:45:00-04:00,690.5700073242188,691.22998046875,690.5700073242188,690.8699951171875,235963,0.0,0.0,0.0
2026-07-23 14:50:00-04:00,690.9000244140625,691.010009765625,690.0800170898438,690.10400390625,206323,0.0,0.0,0.0
2026-07-23 14:55:00-04:00,690.110107421875,690.5999145507812,689.969970703125,690.5599975585938,208764,0.0,0.0,0.0
2026-07-23 15:00:00-04:00,690.5499877929688,690.9400024414062,689.6900024414062,689.7100219726562,273769,0.0,0.0,0.0
2026-07-23 15:05:00-04:00,689.7073974609375,690.02001953125,689.52001953125,689.5499877929688,265211,0.0,0.0,0.0
2026-07-23 15:10:00-04:00,689.5499877929688,689.8900146484375,689.3499755859375,689.4401245117188,203955,0.0,0.0,0.0
2026-07-23 15:15:00-04:00,689.4299926757812,690.3200073242188,689.4299926757812,689.9180297851562,189489,0.0,0.0,0.0
2026-07-23 15:20:00-04:00,689.9099731445312,691.0723266601562,689.8900146484375,691.0700073242188,501214,0.0,0.0,0.0
2026-07-23 15:25:00-04:00,691.0700073242188,691.5698852539062,690.7899780273438,691.280029296875,269418,0.0,0.0,0.0
2026-07-23 15:30:00-04:00,691.3300170898438,691.6199951171875,690.0900268554688,690.760009765625,320371,0.0,0.0,0.0
2026-07-23 15:35:00-04:00,690.77001953125,690.8900146484375,690.22998046875,690.22998046875,214464,0.0,0.0,0.0
2026-07-23 15:40:00-04:00,690.25,690.3889770507812,689.3300170898438,689.3300170898438,405001,0.0,0.0,0.0
2026-07-23 15:45:00-04:00,689.3400268554688,689.5399780273438,688.9299926757812,689.22998046875,667459,0.0,0.0,0.0
2026-07-23 15:50:00-04:00,689.27001953125,690.3798828125,689.27001953125,690.0800170898438,1046172,0.0,0.0,0.0
2026-07-23 15:55:00-04:00,690.1099853515625,692.4299926757812,690.1099853515625,691.9199829101562,2060446,0.0,0.0,0.0
2026-07-24 09:30:00-04:00,690.25,692.0499877929688,689.52001953125,691.9949951171875,2301531,0.0,0.0,0.0
2026-07-24 09:35:00-04:00,692.0,692.4500122070312,689.6099853515625,690.1099853515625,769972,0.0,0.0,0.0
2026-07-24 09:40:00-04:00,690.1900024414062,690.2794799804688,688.5,689.1785278320312,820283,0.0,0.0,0.0
2026-07-24 09:45:00-04:00,689.1799926757812,689.719970703125,688.2100219726562,689.5399780273438,767202,0.0,0.0,0.0
2026-07-24 09:50:00-04:00,689.47998046875,689.5399780273438,685.5499877929688,685.6900024414062,1128547,0.0,0.0,0.0
2026-07-24 09:55:00-04:00,685.6799926757812,686.280029296875,685.0250244140625,685.219970703125,890508,0.0,0.0,0.0
2026-07-24 10:00:00-04:00,685.1699829101562,686.9099731445312,684.8599853515625,685.5419921875,1001630,0.0,0.0,0.0
2026-07-24 10:05:00-04:00,685.6199951171875,687.9998779296875,685.530029296875,687.760009765625,744886,0.0,0.0,0.0
2026-07-24 10:10:00-04:00,687.7000122070312,688.2899780273438,686.739990234375,687.5999755859375,569050,0.0,0.0,0.0
2026-07-24 10:15:00-04:00,687.5999755859375,687.8499755859375,684.6400146484375,685.469970703125,558273,0.0,0.0,0.0
2026-07-24 10:20:00-04:00,685.489990234375,687.6400146484375,684.8400268554688,686.8800048828125,459161,0.0,0.0,0.0
2026-07-24 10:25:00-04:00,686.9000244140625,687.260009765625,686.2000122070312,686.8800048828125,403638,0.0,0.0,0.0
2026-07-24 10:30:00-04:00,686.9063720703125,686.97998046875,684.760009765625,684.760009765625,453229,0.0,0.0,0.0
2026-07-24 10:35:00-04:00,684.8399047851562,685.7100219726562,684.0499877929688,684.2100219726562,447222,0.0,0.0,0.0
2026-07-24 10:40:00-04:00,684.239990234375,684.7979736328125,683.739990234375,684.3599853515625,495780,0.0,0.0,0.0
2026-07-24 10:45:00-04:00,684.39990234375,685.22998046875,683.5460205078125,685.1500244140625,439269,0.0,0.0,0.0
2026-07-24 10:50:00-04:00,685.14501953125,686.22998046875,684.9600219726562,685.8300170898438,529956,0.0,0.0,0.0
2026-07-24 10:55:00-04:00,685.89990234375,688.5390014648438,685.8400268554688,688.27001953125,442521,0.0,0.0,0.0
2026-07-24 11:00:00-04:00,688.2999877929688,688.9400024414062,687.1400146484375,687.1799926757812,509406,0.0,0.0,0.0
2026-07-24 11:05:00-04:00,687.1699829101562,687.568115234375,686.1300048828125,686.1500244140625,326131,0.0,0.0,0.0
2026-07-24 11:10:00-04:00,686.1900024414062,689.6799926757812,685.9749755859375,689.3350219726562,781890,0.0,0.0,0.0
2026-07-24 11:15:00-04:00,689.3099975585938,690.8499755859375,688.4299926757812,688.625,793453,0.0,0.0,0.0
2026-07-24 11:20:00-04:00,688.6799926757812,690.0499877929688,688.469970703125,689.489990234375,479202,0.0,0.0,0.0
2026-07-24 11:25:00-04:00,689.5,690.7000122070312,689.2999877929688,689.4974975585938,448036,0.0,0.0,0.0
2026-07-24 11:30:00-04:00,689.5,690.4600219726562,689.1199951171875,689.1599731445312,666523,0.0,0.0,0.0
2026-07-24 11:35:00-04:00,689.1900024414062,691.030029296875,689.1400146484375,690.9299926757812,422723,0.0,0.0,0.0
2026-07-24 11:40:00-04:00,690.9500122070312,691.2999877929688,689.2000122070312,689.5999755859375,365737,0.0,0.0,0.0
2026-07-24 11:45:00-04:00,689.6400146484375,690.1900024414062,689.260009765625,689.5700073242188,351750,0.0,0.0,0.0
2026-07-24 11:50:00-04:00,689.60498046875,690.6699829101562,689.60498046875,690.280029296875,280671,0.0,0.0,0.0
2026-07-24 11:55:00-04:00,690.3200073242188,691.489990234375,690.2899780273438,691.2803955078125,242897,0.0,0.0,0.0
2026-07-24 12:00:00-04:00,691.2999877929688,691.780029296875,690.6500244140625,691.6649780273438,268226,0.0,0.0,0.0
2026-07-24 12:05:00-04:00,691.6699829101562,692.2874755859375,691.4099731445312,691.9600219726562,279508,0.0,0.0,0.0
2026-07-24 12:10:00-04:00,691.989990234375,692.6300048828125,691.22998046875,691.3499755859375,264031,0.0,0.0,0.0
2026-07-24 12:15:00-04:00,691.2899780273438,691.2999877929688,690.7000122070312,691.0449829101562,218443,0.0,0.0,0.0
2026-07-24 12:20:00-04:00,691.0750122070312,691.72998046875,691.0155029296875,691.5,140554,0.0,0.0,0.0
2026-07-24 12:25:00-04:00,691.5,691.7000122070312,691.0900268554688,691.1129760742188,125423,0.0,0.0,0.0
2026-07-24 12:30:00-04:00,691.030029296875,691.1099853515625,690.0999755859375,690.4600219726562,417418,0.0,0.0,0.0
2026-07-24 12:35:00-04:00,690.4600830078125,690.8099975585938,689.8519287109375,690.0557861328125,294543,0.0,0.0,0.0
2026-07-24 12:40:00-04:00,689.989990234375,689.989990234375,689.344970703125,689.4600219726562,235906,0.0,0.0,0.0
2026-07-24 12:45:00-04:00,689.4515991210938,689.719970703125,688.6400146484375,688.9901123046875,281287,0.0,0.0,0.0
2026-07-24 12:50:00-04:00,689.0,689.1500244140625,688.5050048828125,688.8101196289062,352494,0.0,0.0,0.0
2026-07-24 12:55:00-04:00,688.8400268554688,689.719970703125,688.5599975585938,689.3400268554688,195811,0.0,0.0,0.0
2026-07-24 13:00:00-04:00,689.3800048828125,689.4758911132812,688.6699829101562,688.9099731445312,277960,0.0,0.0,0.0
2026-07-24 13:05:00-04:00,688.9000244140625,689.1300048828125,687.8800048828125,687.9299926757812,387432,0.0,0.0,0.0
2026-07-24 13:10:00-04:00,687.9000244140625,688.739990234375,687.7000122070312,688.4600830078125,203209,0.0,0.0,0.0
2026-07-24 13:15:00-04:00,688.4400024414062,689.239990234375,688.0200805664062,689.1400756835938,271307,0.0,0.0,0.0
2026-07-24 13:20:00-04:00,689.1500244140625,689.3300170898438,688.5399780273438,689.2100219726562,163883,0.0,0.0,0.0
2026-07-24 13:25:00-04:00,689.2000122070312,689.989990234375,688.780029296875,689.7899780273438,292304,0.0,0.0,0.0
2026-07-24 13:30:00-04:00,689.8099975585938,690.5062866210938,689.5900268554688,690.4199829101562,176309,0.0,0.0,0.0
2026-07-24 13:35:00-04:00,690.47998046875,690.5,689.114990234375,689.1500244140625,145683,0.0,0.0,0.0
2026-07-24 13:40:00-04:00,689.1599731445312,689.1799926757812,688.594970703125,688.60498046875,207225,0.0,0.0,0.0
2026-07-24 13:45:00-04:00,688.5800170898438,689.0599975585938,688.2899780273438,689.0516967773438,132793,0.0,0.0,0.0
2026-07-24 13:50:00-04:00,689.0900268554688,689.489990234375,688.6599731445312,689.0396118164062,301259,0.0,0.0,0.0
2026-07-24 13:55:00-04:00,689.0900268554688,689.219970703125,688.6099853515625,688.6500244140625,102755,0.0,0.0,0.0
2026-07-24 14:00:00-04:00,688.6599731445312,689.1099853515625,688.280029296875,688.3599853515625,167111,0.0,0.0,0.0
2026-07-24 14:05:00-04:00,688.3599853515625,688.6500244140625,688.0800170898438,688.22998046875,159951,0.0,0.0,0.0
2026-07-24 14:10:00-04:00,688.280029296875,688.3099975585938,687.5399780273438,687.7000122070312,204093,0.0,0.0,0.0
2026-07-24 14:15:00-04:00,687.6500244140625,687.7399291992188,686.9600219726562,687.0150146484375,386557,0.0,0.0,0.0
2026-07-24 14:20:00-04:00,687.0,687.0,686.4199829101562,686.4779052734375,384465,0.0,0.0,0.0
2026-07-24 14:25:00-04:00,686.469970703125,686.5399780273438,685.4500122070312,685.4849853515625,587463,0.0,0.0,0.0
2026-07-24 14:30:00-04:00,685.5175170898438,685.719970703125,684.4400024414062,684.5700073242188,683080,0.0,0.0,0.0
2026-07-24 14:35:00-04:00,684.5650024414062,685.1400146484375,684.1199951171875,684.5,802036,0.0,0.0,0.0
2026-07-24 14:40:00-04:00,684.489990234375,684.5,683.6300048828125,684.0399780273438,599769,0.0,0.0,0.0
2026-07-24 14:45:00-04:00,684.02001953125,685.260009765625,683.9000244140625,684.7100219726562,402459,0.0,0.0,0.0
2026-07-24 14:50:00-04:00,684.719970703125,685.0800170898438,684.3300170898438,684.5700073242188,625038,0.0,0.0,0.0
2026-07-24 14:55:00-04:00,684.52001953125,685.27001953125,684.447021484375,684.6798706054688,946128,0.0,0.0,0.0
2026-07-24 15:00:00-04:00,684.6400146484375,685.2969970703125,684.1599731445312,684.239990234375,271827,0.0,0.0,0.0
2026-07-24 15:05:00-04:00,684.1900024414062,684.8599853515625,682.8099975585938,682.8900146484375,542193,0.0,0.0,0.0
2026-07-24 15:10:00-04:00,682.8900146484375,683.5800170898438,682.6300048828125,682.6699829101562,754912,0.0,0.0,0.0
2026-07-24 15:15:00-04:00,682.6710205078125,683.2100219726562,682.47998046875,683.1900024414062,335240,0.0,0.0,0.0
2026-07-24 15:20:00-04:00,683.1699829101562,683.5349731445312,682.6300048828125,682.8699951171875,457329,0.0,0.0,0.0
2026-07-24 15:25:00-04:00,682.8800048828125,683.780029296875,682.6599731445312,683.469970703125,509042,0.0,0.0,0.0
2026-07-24 15:30:00-04:00,683.47998046875,684.5499877929688,683.4500122070312,684.1699829101562,358025,0.0,0.0,0.0
2026-07-24 15:35:00-04:00,684.1599731445312,684.6599731445312,683.8200073242188,683.9400024414062,618478,0.0,0.0,0.0
2026-07-24 15:40:00-04:00,683.9500122070312,684.1699829101562,683.1199951171875,684.0,791901,0.0,0.0,0.0
2026-07-24 15:45:00-04:00,684.0,684.1799926757812,683.2100219726562,684.0399169921875,961117,0.0,0.0,0.0
2026-07-24 15:50:00-04:00,684.0399780273438,684.260009765625,682.760009765625,683.8900146484375,1171049,0.0,0.0,0.0
2026-07-24 15:55:00-04:00,683.9199829101562,684.510009765625,683.3400268554688,684.219970703125,1796393,0.0,0.0,0.0
2026-07-27 09:30:00-04:00,691.719970703125,692.260009765625,689.1900024414062,690.4000244140625,2352044,0.0,0.0,0.0
2026-07-27 09:35:00-04:00,690.4400024414062,692.25,690.1500244140625,690.5700073242188,554734,0.0,0.0,0.0
2026-07-27 09:40:00-04:00,690.6199951171875,690.7999877929688,687.739990234375,688.35498046875,963291,0.0,0.0,0.0
2026-07-27 09:45:00-04:00,688.39501953125,689.2246704101562,687.6599731445312,688.5800170898438,617786,0.0,0.0,0.0
2026-07-27 09:50:00-04:00,688.5999145507812,689.5800170898438,688.25,688.5449829101562,422585,0.0,0.0,0.0
2026-07-27 09:55:00-04:00,688.5,688.6400146484375,685.6727294921875,685.7999877929688,626780,0.0,0.0,0.0
2026-07-27 10:00:00-04:00,685.8300170898438,686.3699951171875,684.3300170898438,685.0399780273438,1168968,0.0,0.0,0.0
2026-07-27 10:05:00-04:00,685.1199951171875,685.7899780273438,684.0999755859375,685.1699829101562,774024,0.0,0.0,0.0
2026-07-27 10:10:00-04:00,685.1799926757812,685.22998046875,682.969970703125,683.47998046875,938205,0.0,0.0,0.0
2026-07-27 10:15:00-04:00,683.5599975585938,684.5999755859375,682.8099975585938,683.6900024414062,713728,0.0,0.0,0.0
2026-07-27 10:20:00-04:00,683.6400146484375,683.6799926757812,681.4199829101562,681.8099975585938,728446,0.0,0.0,0.0
2026-07-27 10:25:00-04:00,681.7999877929688,681.8400268554688,679.27001953125,679.4600219726562,1204041,0.0,0.0,0.0
2026-07-27 10:30:00-04:00,679.4600219726562,679.9099731445312,678.3699951171875,678.6300048828125,1289811,0.0,0.0,0.0
2026-07-27 10:35:00-04:00,678.625,678.9600219726562,677.2600708007812,678.1300048828125,957283,0.0,0.0,0.0
2026-07-27 10:40:00-04:00,678.1199951171875,678.4400024414062,675.9450073242188,676.4000244140625,1062838,0.0,0.0,0.0
2026-07-27 10:45:00-04:00,676.3900146484375,679.139892578125,676.3900146484375,678.9299926757812,750584,0.0,0.0,0.0
2026-07-27 10:50:00-04:00,678.9500122070312,680.47998046875,678.9299926757812,679.9000244140625,686029,0.0,0.0,0.0
2026-07-27 10:55:00-04:00,679.9000244140625,681.739990234375,679.5200805664062,681.469970703125,531154,0.0,0.0,0.0
2026-07-27 11:00:00-04:00,681.52001953125,681.9000244140625,680.7100219726562,681.3699951171875,590043,0.0,0.0,0.0
2026-07-27 11:05:00-04:00,681.2999877929688,682.1503295898438,680.719970703125,681.0399780273438,390920,0.0,0.0,0.0
2026-07-27 11:10:00-04:00,681.0,681.719970703125,680.3300170898438,680.424072265625,430778,0.0,0.0,0.0
2026-07-27 11:15:00-04:00,680.3900146484375,680.6099853515625,678.530029296875,679.9400024414062,659566,0.0,0.0,0.0
2026-07-27 11:20:00-04:00,679.9199829101562,681.0399780273438,678.8900146484375,679.2009887695312,431246,0.0,0.0,0.0
2026-07-27 11:25:00-04:00,679.2199096679688,679.6300048828125,678.5449829101562,679.1199951171875,245190,0.0,0.0,0.0
2026-07-27 11:30:00-04:00,679.219970703125,679.4099731445312,677.6599731445312,678.0650024414062,330895,0.0,0.0,0.0
2026-07-27 11:35:00-04:00,678.0700073242188,678.1500244140625,676.9099731445312,677.75,418602,0.0,0.0,0.0
2026-07-27 11:40:00-04:00,677.760009765625,678.52001953125,677.2301025390625,678.3499755859375,345704,0.0,0.0,0.0
2026-07-27 11:45:00-04:00,678.3599853515625,678.5598754882812,677.2949829101562,677.6699829101562,202841,0.0,0.0,0.0
2026-07-27 11:50:00-04:00,677.6799926757812,678.2698974609375,677.3101196289062,677.8800048828125,210170,0.0,0.0,0.0
2026-07-27 11:55:00-04:00,677.9299926757812,679.155029296875,677.7899780273438,678.8800048828125,291362,0.0,0.0,0.0
2026-07-27 12:00:00-04:00,678.9199829101562,680.2999877929688,678.7999877929688,680.280029296875,317776,0.0,0.0,0.0
2026-07-27 12:05:00-04:00,680.27001953125,680.619873046875,679.5504760742188,680.3900146484375,415758,0.0,0.0,0.0
2026-07-27 12:10:00-04:00,680.4199829101562,681.0999755859375,679.1699829101562,679.2899780273438,383049,0.0,0.0,0.0
2026-07-27 12:15:00-04:00,679.3200073242188,679.4500122070312,678.47998046875,678.9569091796875,588835,0.0,0.0,0.0
2026-07-27 12:20:00-04:00,678.969970703125,679.739990234375,678.530029296875,679.6998901367188,388656,0.0,0.0,0.0
2026-07-27 12:25:00-04:00,679.7100219726562,682.3400268554688,679.6599731445312,681.094970703125,717031,0.0,0.0,0.0
2026-07-27 12:30:00-04:00,681.1099853515625,682.1300048828125,680.5900268554688,681.0050048828125,661403,0.0,0.0,0.0
2026-07-27 12:35:00-04:00,681.0,681.7249755859375,680.1500244140625,681.4600219726562,243392,0.0,0.0,0.0
2026-07-27 12:40:00-04:00,681.510009765625,681.719970703125,680.2899780273438,680.6801147460938,205732,0.0,0.0,0.0
2026-07-27 12:45:00-04:00,680.6300048828125,681.1589965820312,680.1900024414062,680.2349853515625,193457,0.0,0.0,0.0
2026-07-27 12:50:00-04:00,680.1900024414062,680.1900024414062,678.5999755859375,678.8200073242188,359214,0.0,0.0,0.0
2026-07-27 12:55:00-04:00,678.8099975585938,678.8200073242188,678.0499877929688,678.5399780273438,448976,0.0,0.0,0.0
2026-07-27 13:00:00-04:00,678.5700073242188,678.739990234375,677.3499755859375,677.5192260742188,380001,0.0,0.0,0.0
2026-07-27 13:05:00-04:00,677.5499877929688,678.0999755859375,677.25,677.7899780273438,336115,0.0,0.0,0.0
2026-07-27 13:10:00-04:00,677.77001953125,678.4598999023438,677.52001953125,678.2449951171875,257027,0.0,0.0,0.0
2026-07-27 13:15:00-04:00,678.2000122070312,678.4099731445312,677.0800170898438,677.4349975585938,260643,0.0,0.0,0.0
2026-07-27 13:20:00-04:00,677.4199829101562,678.2249755859375,677.27001953125,677.6699829101562,310845,0.0,0.0,0.0
2026-07-27 13:25:00-04:00,677.6749877929688,677.9194946289062,677.260009765625,677.3900146484375,324660,0.0,0.0,0.0
2026-07-27 13:30:00-04:00,677.3900146484375,678.8400268554688,677.3400268554688,678.7800903320312,329811,0.0,0.0,0.0
2026-07-27 13:35:00-04:00,678.7401123046875,678.9099731445312,678.0900268554688,678.1500244140625,295417,0.0,0.0,0.0
2026-07-27 13:40:00-04:00,678.0700073242188,678.405029296875,677.739990234375,678.219970703125,139730,0.0,0.0,0.0
2026-07-27 13:45:00-04:00,678.260009765625,678.760009765625,677.718017578125,678.1400146484375,137068,0.0,0.0,0.0
2026-07-27 13:50:00-04:00,678.1099853515625,679.5,678.0740966796875,679.4099731445312,188404,0.0,0.0,0.0
2026-07-27 13:55:00-04:00,679.469970703125,679.9299926757812,679.1099853515625,679.8499755859375,263244,0.0,0.0,0.0
2026-07-27 14:00:00-04:00,679.989990234375,680.2999877929688,679.5800170898438,679.6599731445312,314164,0.0,0.0,0.0
2026-07-27 14:05:00-04:00,679.6400756835938,680.1599731445312,679.4600219726562,679.760009765625,265178,0.0,0.0,0.0
2026-07-27 14:10:00-04:00,679.739990234375,680.0700073242188,679.6099853515625,679.8300170898438,184531,0.0,0.0,0.0
2026-07-27 14:15:00-04:00,679.8400268554688,679.9099731445312,678.6019897460938,678.9000244140625,236783,0.0,0.0,0.0
2026-07-27 14:20:00-04:00,678.8800048828125,679.4500122070312,678.6536865234375,679.280029296875,206687,0.0,0.0,0.0
2026-07-27 14:25:00-04:00,679.3200073242188,679.5900268554688,679.0599975585938,679.3400268554688,536290,0.0,0.0,0.0
2026-07-27 14:30:00-04:00,679.3599853515625,679.3599853515625,678.340087890625,678.3867797851562,154729,0.0,0.0,0.0
2026-07-27 14:35:00-04:00,678.3049926757812,678.6900024414062,678.0599975585938,678.1500244140625,360524,0.0,0.0,0.0
2026-07-27 14:40:00-04:00,678.02001953125,679.510009765625,677.8499755859375,679.2999877929688,522814,0.0,0.0,0.0
2026-07-27 14:45:00-04:00,679.3800048828125,679.780029296875,679.0499877929688,679.1699829101562,160400,0.0,0.0,0.0
2026-07-27 14:50:00-04:00,679.1749877929688,681.2449951171875,679.0900268554688,681.0549926757812,433334,0.0,0.0,0.0
2026-07-27 14:55:00-04:00,681.0800170898438,682.0,681.0800170898438,681.9349975585938,402094,0.0,0.0,0.0
2026-07-27 15:00:00-04:00,681.9381103515625,682.1300048828125,681.52001953125,681.5900268554688,326792,0.0,0.0,0.0
2026-07-27 15:05:00-04:00,681.6099853515625,682.8499755859375,681.4199829101562,682.6099853515625,446804,0.0,0.0,0.0
2026-07-27 15:10:00-04:00,682.6099853515625,683.030029296875,682.0800170898438,682.27001953125,310831,0.0,0.0,0.0
2026-07-27 15:15:00-04:00,682.25,682.7000122070312,682.1300048828125,682.5800170898438,247733,0.0,0.0,0.0
2026-07-27 15:20:00-04:00,682.719970703125,683.14501953125,682.3200073242188,682.8745727539062,376056,0.0,0.0,0.0
2026-07-27 15:25:00-04:00,682.9699096679688,683.3699951171875,682.3900146484375,683.280029296875,725720,0.0,0.0,0.0
2026-07-27 15:30:00-04:00,683.3499145507812,683.5999755859375,683.0800170898438,683.0899047851562,718978,0.0,0.0,0.0
2026-07-27 15:35:00-04:00,683.0900268554688,683.280029296875,681.7899780273438,681.8699951171875,368753,0.0,0.0,0.0
2026-07-27 15:40:00-04:00,681.8900146484375,682.3300170898438,681.5800170898438,681.6799926757812,392866,0.0,0.0,0.0
2026-07-27 15:45:00-04:00,681.6699829101562,681.9199829101562,681.1649780273438,681.8900146484375,585387,0.0,0.0,0.0
2026-07-27 15:50:00-04:00,681.9099731445312,682.1400146484375,681.4000244140625,681.7000122070312,732652,0.0,0.0,0.0
2026-07-27 15:55:00-04:00,681.7100219726562,682.3200073242188,681.27001953125,682.0599975585938,1750772,0.0,0.0,0.0
2026-07-28 09:30:00-04:00,676.1900024414062,677.2999877929688,674.3499755859375,674.469970703125,4528793,0.0,0.0,0.0
2026-07-28 09:35:00-04:00,674.47998046875,675.6099853515625,672.3200073242188,672.3699951171875,1395914,0.0,0.0,0.0
2026-07-28 09:40:00-04:00,672.3699951171875,673.5499877929688,670.8300170898438,671.3499755859375,1595044,0.0,0.0,0.0
2026-07-28 09:45:00-04:00,671.3300170898438,671.7100219726562,669.1900024414062,671.5,1740125,0.0,0.0,0.0
2026-07-28 09:50:00-04:00,671.52001953125,672.530029296875,669.8001098632812,670.114990234375,1022954,0.0,0.0,0.0
2026-07-28 09:55:00-04:00,670.1400146484375,670.6799926757812,668.8563842773438,669.3800048828125,1121124,0.0,0.0,0.0
2026-07-28 10:00:00-04:00,669.3300170898438,671.3800048828125,669.0601196289062,670.5599975585938,813527,0.0,0.0,0.0
2026-07-28 10:05:00-04:00,670.4912109375,672.4329833984375,669.4099731445312,669.5999755859375,819839,0.0,0.0,0.0
2026-07-28 10:10:00-04:00,669.5800170898438,670.9099731445312,668.02001953125,668.530029296875,927441,0.0,0.0,0.0
2026-07-28 10:15:00-04:00,668.510009765625,669.0800170898438,667.8800048828125,668.1400146484375,1174076,0.0,0.0,0.0
2026-07-28 10:20:00-04:00,668.0999755859375,670.6400146484375,667.9299926757812,669.5800170898438,1070814,0.0,0.0,0.0
2026-07-28 10:25:00-04:00,669.6599731445312,670.5,669.25,670.3699951171875,735368,0.0,0.0,0.0
2026-07-28 10:30:00-04:00,670.3900146484375,670.8900146484375,669.4500122070312,669.6849975585938,584001,0.0,0.0,0.0
2026-07-28 10:35:00-04:00,669.75,671.719970703125,669.5700073242188,670.739990234375,605424,0.0,0.0,0.0
2026-07-28 10:40:00-04:00,670.77001953125,672.4600219726562,670.5599975585938,671.9600219726562,591819,0.0,0.0,0.0
2026-07-28 10:45:00-04:00,671.9199829101562,673.969970703125,671.3099975585938,673.8699951171875,787707,0.0,0.0,0.0
2026-07-28 10:50:00-04:00,673.8200073242188,674.8300170898438,673.8150024414062,673.89501953125,731367,0.0,0.0,0.0
2026-07-28 10:55:00-04:00,673.9500122070312,674.4990234375,672.5900268554688,672.7100219726562,612929,0.0,0.0,0.0
2026-07-28 11:00:00-04:00,672.7100219726562,673.5800170898438,672.1799926757812,672.25,593977,0.0,0.0,0.0
2026-07-28 11:05:00-04:00,672.22998046875,673.5399780273438,671.8300170898438,673.239990234375,547318,0.0,0.0,0.0
2026-07-28 11:10:00-04:00,673.239990234375,674.60009765625,672.6900024414062,673.9199829101562,679270,0.0,0.0,0.0
2026-07-28 11:15:00-04:00,673.8900146484375,675.4500122070312,673.530029296875,675.4299926757812,522402,0.0,0.0,0.0
2026-07-28 11:20:00-04:00,675.4099731445312,676.8699951171875,675.3800048828125,676.8699951171875,991475,0.0,0.0,0.0
2026-07-28 11:25:00-04:00,676.7899780273438,677.75,676.4299926757812,676.6400146484375,758691,0.0,0.0,0.0
2026-07-28 11:30:00-04:00,676.6300048828125,677.3499755859375,676.219970703125,676.9600219726562,499692,0.0,0.0,0.0
2026-07-28 11:35:00-04:00,677.0,677.8900146484375,676.9000244140625,677.5999755859375,416693,0.0,0.0,0.0
2026-07-28 11:40:00-04:00,677.5449829101562,678.3099975585938,677.2150268554688,678.22998046875,367218,0.0,0.0,0.0
2026-07-28 11:45:00-04:00,678.22998046875,678.97998046875,678.1799926757812,678.5999755859375,539300,0.0,0.0,0.0
2026-07-28 11:50:00-04:00,678.5599975585938,678.8699951171875,677.72998046875,678.3099975585938,383043,0.0,0.0,0.0
2026-07-28 11:55:00-04:00,678.2750244140625,678.969970703125,677.8200073242188,678.5900268554688,278618,0.0,0.0,0.0
2026-07-28 12:00:00-04:00,678.6300048828125,679.1300048828125,678.280029296875,678.6799926757812,760415,0.0,0.0,0.0
2026-07-28 12:05:00-04:00,678.72998046875,679.0399780273438,677.6199951171875,677.6199951171875,615025,0.0,0.0,0.0
2026-07-28 12:10:00-04:00,677.614990234375,678.1400146484375,677.3800048828125,677.6500244140625,367674,0.0,0.0,0.0
2026-07-28 12:15:00-04:00,677.6199951171875,678.239990234375,677.27001953125,678.2000122070312,308413,0.0,0.0,0.0
2026-07-28 12:20:00-04:00,678.1799926757812,678.5499877929688,677.1799926757812,677.4099731445312,464264,0.0,0.0,0.0
2026-07-28 12:25:00-04:00,677.4249877929688,677.6500244140625,677.0800170898438,677.3046875,482055,0.0,0.0,0.0
2026-07-28 12:30:00-04:00,677.3590087890625,677.3699951171875,676.3300170898438,676.844970703125,323441,0.0,0.0,0.0
2026-07-28 12:35:00-04:00,676.8699951171875,678.030029296875,676.6801147460938,678.0250244140625,714011,0.0,0.0,0.0
2026-07-28 12:40:00-04:00,677.989990234375,678.489990234375,677.7899780273438,678.2899780273438,455308,0.0,0.0,0.0
2026-07-28 12:45:00-04:00,678.2449951171875,678.4400024414062,677.3150024414062,677.8900146484375,217335,0.0,0.0,0.0
2026-07-28 12:50:00-04:00,677.8599853515625,679.4000244140625,677.8400268554688,679.1199951171875,353841,0.0,0.0,0.0
2026-07-28 12:55:00-04:00,679.1300048828125,679.3499755859375,678.7100219726562,678.8099975585938,193989,0.0,0.0,0.0
2026-07-28 13:00:00-04:00,678.8200073242188,679.0299072265625,677.9400024414062,677.9400024414062,300839,0.0,0.0,0.0
2026-07-28 13:05:00-04:00,677.97998046875,678.2199096679688,677.030029296875,677.1199951171875,245081,0.0,0.0,0.0
2026-07-28 13:10:00-04:00,677.1300048828125,677.6799926757812,676.7000122070312,677.1400146484375,362393,0.0,0.0,0.0
2026-07-28 13:15:00-04:00,677.1799926757812,677.4099731445312,676.8099975585938,677.2899780273438,205582,0.0,0.0,0.0
2026-07-28 13:20:00-04:00,677.2999877929688,678.5399780273438,677.10009765625,677.1566772460938,302129,0.0,0.0,0.0
2026-07-28 13:25:00-04:00,677.1300048828125,677.9299926757812,676.8499755859375,677.4000244140625,137081,0.0,0.0,0.0
2026-07-28 13:30:00-04:00,677.375,678.219970703125,677.2160034179688,677.969970703125,575133,0.0,0.0,0.0
2026-07-28 13:35:00-04:00,678.010009765625,678.4500122070312,677.2896118164062,677.2999877929688,168899,0.0,0.0,0.0
2026-07-28 13:40:00-04:00,677.2899780273438,677.6699829101562,676.2349853515625,676.3499755859375,265449,0.0,0.0,0.0
2026-07-28 13:45:00-04:00,676.3400268554688,677.1019897460938,675.97998046875,676.9899291992188,240567,0.0,0.0,0.0
2026-07-28 13:50:00-04:00,676.9550170898438,676.9550170898438,675.9373779296875,676.0399780273438,150381,0.0,0.0,0.0
2026-07-28 13:55:00-04:00,676.030029296875,676.839599609375,675.6500244140625,676.774169921875,251900,0.0,0.0,0.0
2026-07-28 14:00:00-04:00,676.8400268554688,677.4401245117188,676.3300170898438,676.7371826171875,365658,0.0,0.0,0.0
2026-07-28 14:05:00-04:00,676.7294921875,676.7899780273438,675.97998046875,676.1300048828125,146723,0.0,0.0,0.0
2026-07-28 14:10:00-04:00,676.0599975585938,676.2199096679688,675.4000244140625,675.4401245117188,298506,0.0,0.0,0.0
2026-07-28 14:15:00-04:00,675.47998046875,675.9498901367188,675.3499755859375,675.75,224059,0.0,0.0,0.0
2026-07-28 14:20:00-04:00,675.760009765625,676.2000122070312,675.5900268554688,675.6799926757812,457219,0.0,0.0,0.0
2026-07-28 14:25:00-04:00,675.6500244140625,675.8900146484375,675.3900146484375,675.64501953125,345839,0.0,0.0,0.0
2026-07-28 14:30:00-04:00,675.6799926757812,676.5700073242188,675.5700073242188,676.1099853515625,327136,0.0,0.0,0.0
2026-07-28 14:35:00-04:00,676.1400146484375,676.3900146484375,675.7899780273438,675.8200073242188,250791,0.0,0.0,0.0
2026-07-28 14:40:00-04:00,675.8200073242188,676.1099853515625,675.5599975585938,675.9299926757812,142054,0.0,0.0,0.0
2026-07-28 14:45:00-04:00,675.97998046875,676.8599853515625,675.7410278320312,676.3800048828125,220233,0.0,0.0,0.0
2026-07-28 14:50:00-04:00,676.4500122070312,676.9299926757812,676.1036987304688,676.2899780273438,197076,0.0,0.0,0.0
2026-07-28 14:55:00-04:00,676.280029296875,676.9600219726562,675.9840087890625,676.8004760742188,143120,0.0,0.0,0.0
2026-07-28 15:00:00-04:00,676.8200073242188,677.9249877929688,676.7901000976562,677.8427124023438,356015,0.0,0.0,0.0
2026-07-28 15:05:00-04:00,677.8499755859375,678.010009765625,676.8699951171875,676.9550170898438,372541,0.0,0.0,0.0
2026-07-28 15:10:00-04:00,676.9201049804688,677.3250122070312,676.7849731445312,677.155029296875,188281,0.0,0.0,0.0
2026-07-28 15:15:00-04:00,677.1300048828125,677.3400268554688,676.6699829101562,677.280029296875,455870,0.0,0.0,0.0
2026-07-28 15:20:00-04:00,677.2100219726562,677.9299926757812,677.0700073242188,677.8900146484375,178126,0.0,0.0,0.0
2026-07-28 15:25:00-04:00,677.9299926757812,678.010009765625,677.1199951171875,677.9099731445312,237393,0.0,0.0,0.0
2026-07-28 15:30:00-04:00,677.9500122070312,678.0599975585938,677.3699951171875,677.52001953125,492149,0.0,0.0,0.0
2026-07-28 15:35:00-04:00,677.5,677.514404296875,676.1082763671875,676.25,854880,0.0,0.0,0.0
2026-07-28 15:40:00-04:00,676.219970703125,676.5938110351562,676.130126953125,676.3900146484375,374165,0.0,0.0,0.0
2026-07-28 15:45:00-04:00,676.3800048828125,676.469970703125,675.8200073242188,676.3201293945312,515387,0.0,0.0,0.0
2026-07-28 15:50:00-04:00,676.3400268554688,677.1699829101562,675.9099731445312,677.0499877929688,570830,0.0,0.0,0.0
2026-07-28 15:55:00-04:00,677.02001953125,677.02001953125,675.280029296875,675.5,2755291,0.0,0.0,0.0
2026-07-29 09:30:00-04:00,675.4600219726562,677.1599731445312,673.6199951171875,676.5599975585938,2936605,0.0,0.0,0.0
2026-07-29 09:35:00-04:00,676.6199951171875,677.4600219726562,674.3400268554688,674.8551025390625,721042,0.0,0.0,0.0
2026-07-29 09:40:00-04:00,674.97998046875,675.6699829101562,674.1502075195312,675.5700073242188,620503,0.0,0.0,0.0
2026-07-29 09:45:00-04:00,675.5399780273438,676.2849731445312,673.1699829101562,673.9650268554688,659640,0.0,0.0,0.0
2026-07-29 09:50:00-04:00,673.9650268554688,674.0900268554688,670.8699951171875,671.6500244140625,798701,0.0,0.0,0.0
2026-07-29 09:55:00-04:00,671.5900268554688,671.5999755859375,669.5599975585938,671.1898803710938,724960,0.0,0.0,0.0
2026-07-29 10:00:00-04:00,671.1900024414062,672.5,671.1799926757812,672.4600219726562,607209,0.0,0.0,0.0
2026-07-29 10:05:00-04:00,672.489990234375,673.4000244140625,670.7999877929688,671.02001953125,782966,0.0,0.0,0.0
2026-07-29 10:10:00-04:00,670.8900146484375,671.4600219726562,668.8200073242188,669.114990234375,688464,0.0,0.0,0.0
2026-07-29 10:15:00-04:00,669.1400146484375,670.119873046875,669.0,669.47998046875,492930,0.0,0.0,0.0
2026-07-29 10:20:00-04:00,669.4849853515625,670.3300170898438,668.1099853515625,668.4749755859375,539697,0.0,0.0,0.0
2026-07-29 10:25:00-04:00,668.4500122070312,668.52001953125,666.4849853515625,667.280029296875,768576,0.0,0.0,0.0
2026-07-29 10:30:00-04:00,667.27001953125,669.2000122070312,667.1900024414062,668.47998046875,664119,0.0,0.0,0.0
2026-07-29 10:35:00-04:00,668.4600219726562,668.5499877929688,666.8912963867188,667.139892578125,329464,0.0,0.0,0.0
2026-07-29 10:40:00-04:00,667.010009765625,667.260009765625,665.77001953125,666.4400024414062,711140,0.0,0.0,0.0
2026-07-29 10:45:00-04:00,666.4400024414062,667.3300170898438,665.989990234375,667.1199951171875,493271,0.0,0.0,0.0
2026-07-29 10:50:00-04:00,667.0900268554688,668.3499755859375,666.9299926757812,667.9400024414062,458678,0.0,0.0,0.0
2026-07-29 10:55:00-04:00,667.97998046875,668.280029296875,666.7949829101562,668.0,211596,0.0,0.0,0.0
2026-07-29 11:00:00-04:00,667.989990234375,669.0999755859375,667.510009765625,668.919921875,327616,0.0,0.0,0.0
2026-07-29 11:05:00-04:00,668.905029296875,669.2999877929688,667.75,669.0001220703125,355182,0.0,0.0,0.0
2026-07-29 11:10:00-04:00,669.0,669.125,667.1199951171875,667.3800048828125,220532,0.0,0.0,0.0
2026-07-29 11:15:00-04:00,667.39501953125,668.52001953125,666.9600219726562,667.0399780273438,204004,0.0,0.0,0.0
2026-07-29 11:20:00-04:00,667.0999755859375,668.0499877929688,666.7100219726562,668.0449829101562,265886,0.0,0.0,0.0
2026-07-29 11:25:00-04:00,668.0,668.3599853515625,666.75,666.8300170898438,242533,0.0,0.0,0.0
2026-07-29 11:30:00-04:00,666.8800048828125,667.538818359375,666.469970703125,666.969970703125,360414,0.0,0.0,0.0
2026-07-29 11:35:00-04:00,666.9600219726562,667.8099975585938,666.3499755859375,666.364990234375,400733,0.0,0.0,0.0
2026-07-29 11:40:00-04:00,666.3499755859375,666.8800048828125,665.9600219726562,666.2999877929688,240339,0.0,0.0,0.0
2026-07-29 11:45:00-04:00,666.3189697265625,667.0599975585938,665.97998046875,666.909912109375,354945,0.0,0.0,0.0
2026-07-29 11:50:00-04:00,666.8699951171875,667.0800170898438,665.2100219726562,665.3699951171875,399461,0.0,0.0,0.0
2026-07-29 11:55:00-04:00,665.4099731445312,666.030029296875,664.6400146484375,665.9299926757812,655463,0.0,0.0,0.0
2026-07-29 12:00:00-04:00,665.989990234375,666.4600219726562,664.4199829101562,664.5,458311,0.0,0.0,0.0
2026-07-29 12:05:00-04:00,664.5590209960938,664.5900268554688,663.72998046875,664.5599975585938,426474,0.0,0.0,0.0
2026-07-29 12:10:00-04:00,664.5499877929688,664.6599731445312,663.5599975585938,663.5900268554688,388598,0.0,0.0,0.0
2026-07-29 12:15:00-04:00,663.5599975585938,664.3099975585938,663.2999877929688,664.2000122070312,585357,0.0,0.0,0.0
2026-07-29 12:20:00-04:00,664.2100219726562,666.1799926757812,664.0,665.885009765625,707159,0.0,0.0,0.0
2026-07-29 12:25:00-04:00,665.8900146484375,666.8400268554688,665.8505249023438,666.780029296875,384528,0.0,0.0,0.0
2026-07-29 12:30:00-04:00,666.7000122070312,667.5604248046875,666.0999755859375,666.0999755859375,355517,0.0,0.0,0.0
2026-07-29 12:35:00-04:00,666.0999755859375,666.2899780273438,665.3699951171875,666.1500244140625,693496,0.0,0.0,0.0
2026-07-29 12:40:00-04:00,666.1099853515625,666.4099731445312,665.1500244140625,665.5800170898438,207377,0.0,0.0,0.0
2026-07-29 12:45:00-04:00,665.5501098632812,666.8004760742188,665.239990234375,666.760009765625,684034,0.0,0.0,0.0
2026-07-29 12:50:00-04:00,666.75,667.2999877929688,666.3099975585938,667.0,477197,0.0,0.0,0.0
2026-07-29 12:55:00-04:00,666.97998046875,667.97998046875,666.835205078125,667.9400024414062,311629,0.0,0.0,0.0
2026-07-29 13:00:00-04:00,668.0,669.47998046875,667.8200073242188,669.3499755859375,567206,0.0,0.0,0.0
2026-07-29 13:05:00-04:00,669.2974853515625,669.4199829101562,668.77001953125,669.155517578125,312221,0.0,0.0,0.0
2026-07-29 13:10:00-04:00,669.1799926757812,671.2000122070312,669.0800170898438,671.1400146484375,563528,0.0,0.0,0.0
2026-07-29 13:15:00-04:00,671.2000122070312,671.260009765625,670.530029296875,670.6749877929688,619933,0.0,0.0,0.0
2026-07-29 13:20:00-04:00,670.6599731445312,671.510009765625,670.1199951171875,670.1749877929688,397750,0.0,0.0,0.0
2026-07-29 13:25:00-04:00,670.1784057617188,670.3699951171875,669.1099853515625,669.1099853515625,479815,0.0,0.0,0.0
2026-07-29 13:30:00-04:00,669.22998046875,670.1799926757812,668.5999755859375,669.7100219726562,351131,0.0,0.0,0.0
2026-07-29 13:35:00-04:00,669.6400146484375,669.760009765625,668.830078125,669.2979736328125,166918,0.0,0.0,0.0
2026-07-29 13:40:00-04:00,669.2860107421875,670.0599975585938,669.1699829101562,669.8300170898438,283986,0.0,0.0,0.0
2026-07-29 13:45:00-04:00,669.8300170898438,670.2130737304688,669.2100219726562,670.1699829101562,292696,0.0,0.0,0.0
2026-07-29 13:50:00-04:00,670.1699829101562,670.9299926757812,670.1599731445312,670.5100708007812,449577,0.0,0.0,0.0
2026-07-29 13:55:00-04:00,670.489990234375,670.7999877929688,669.780029296875,670.7999877929688,342330,0.0,0.0,0.0
2026-07-29 14:00:00-04:00,670.4299926757812,674.9000244140625,670.4299926757812,672.7899780273438,1908384,0.0,0.0,0.0
2026-07-29 14:05:00-04:00,672.8400268554688,674.8099975585938,672.47998046875,674.0499877929688,1002930,0.0,0.0,0.0
2026-07-29 14:10:00-04:00,674.0765991210938,674.5,672.1699829101562,672.7999877929688,839775,0.0,0.0,0.0
2026-07-29 14:15:00-04:00,672.75,673.7999877929688,671.5499877929688,671.9149780273438,371902,0.0,0.0,0.0
2026-07-29 14:20:00-04:00,671.9500122070312,672.1400146484375,671.0401000976562,671.5700073242188,350535,0.0,0.0,0.0
2026-07-29 14:25:00-04:00,671.47998046875,672.2000122070312,671.030029296875,672.1900024414062,351459,0.0,0.0,0.0
2026-07-29 14:30:00-04:00,672.1699829101562,673.219970703125,670.6301879882812,671.7000122070312,845242,0.0,0.0,0.0
2026-07-29 14:35:00-04:00,671.7999877929688,674.9600219726562,671.02001953125,674.4600219726562,686068,0.0,0.0,0.0
2026-07-29 14:40:00-04:00,674.469970703125,677.3004150390625,674.3900146484375,677.0,918428,0.0,0.0,0.0
2026-07-29 14:45:00-04:00,677.030029296875,678.9099731445312,676.6799926757812,678.6599731445312,889241,0.0,0.0,0.0
2026-07-29 14:50:00-04:00,678.7000122070312,679.72998046875,677.6500244140625,679.6699829101562,640073,0.0,0.0,0.0
2026-07-29 14:55:00-04:00,679.7100219726562,679.9500122070312,678.1699829101562,679.010009765625,586852,0.0,0.0,0.0
2026-07-29 15:00:00-04:00,679.0648193359375,680.0499877929688,676.8699951171875,677.4500122070312,915572,0.0,0.0,0.0
2026-07-29 15:05:00-04:00,677.5599975585938,677.6400146484375,674.7662963867188,674.77001953125,724840,0.0,0.0,0.0
2026-07-29 15:10:00-04:00,674.75,675.9500122070312,673.8674926757812,675.4600219726562,544749,0.0,0.0,0.0
2026-07-29 15:15:00-04:00,675.5,676.2150268554688,673.0,673.4199829101562,561731,0.0,0.0,0.0
2026-07-29 15:20:00-04:00,673.5,673.5399780273438,670.0560302734375,670.7100219726562,682499,0.0,0.0,0.0
2026-07-29 15:25:00-04:00,670.6799926757812,671.0399169921875,669.0900268554688,670.77001953125,1066356,0.0,0.0,0.0
2026-07-29 15:30:00-04:00,670.77001953125,671.5679931640625,667.4149780273438,668.3200073242188,702180,0.0,0.0,0.0
2026-07-29 15:35:00-04:00,668.3800048828125,668.7999877929688,665.760009765625,665.9099731445312,748932,0.0,0.0,0.0
2026-07-29 15:40:00-04:00,665.8599853515625,666.6500244140625,664.7000122070312,665.0499877929688,1054834,0.0,0.0,0.0
2026-07-29 15:45:00-04:00,665.02001953125,665.969970703125,663.7999877929688,665.75,950750,0.0,0.0,0.0
2026-07-29 15:50:00-04:00,665.6799926757812,665.6799926757812,663.0800170898438,664.0449829101562,1404688,0.0,0.0,0.0
2026-07-29 15:55:00-04:00,664.02001953125,664.02001953125,661.14501953125,661.6300048828125,4089764,0.0,0.0,0.0
2026-07-30 09:30:00-04:00,674.6900024414062,675.1799926757812,673.2999877929688,674.655029296875,4621949,0.0,0.0,0.0
2026-07-30 09:35:00-04:00,674.6199951171875,675.8099975585938,674.1099853515625,675.0599975585938,977946,0.0,0.0,0.0
2026-07-30 09:40:00-04:00,675.0700073242188,677.6900024414062,674.1199951171875,677.25,1255241,0.0,0.0,0.0
2026-07-30 09:45:00-04:00,677.25,679.4400024414062,677.1699829101562,679.405029296875,1428462,0.0,0.0,0.0
2026-07-30 09:50:00-04:00,679.4000244140625,680.8400268554688,678.8800048828125,680.3099975585938,1260361,0.0,0.0,0.0
2026-07-30 09:55:00-04:00,680.3400268554688,681.6500244140625,679.8599853515625,681.5150146484375,1123059,0.0,0.0,0.0
2026-07-30 10:00:00-04:00,681.489990234375,682.3200073242188,680.9500122070312,681.719970703125,984631,0.0,0.0,0.0
2026-07-30 10:05:00-04:00,681.6799926757812,681.7999877929688,679.530029296875,679.8599853515625,1033813,0.0,0.0,0.0
2026-07-30 10:10:00-04:00,679.864990234375,680.5999755859375,679.4105224609375,680.4099731445312,701332,0.0,0.0,0.0
2026-07-30 10:15:00-04:00,680.4210205078125,681.1500244140625,679.75,680.5,558816,0.0,0.0,0.0
2026-07-30 10:20:00-04:00,680.510009765625,682.0,680.3099975585938,681.77001953125,488106,0.0,0.0,0.0
2026-07-30 10:25:00-04:00,681.7999877929688,683.6400146484375,681.4450073242188,683.219970703125,1506373,0.0,0.0,0.0
2026-07-30 10:30:00-04:00,683.260009765625,683.7000122070312,682.4000244140625,683.5,501162,0.0,0.0,0.0
2026-07-30 10:35:00-04:00,683.4722290039062,683.7100219726562,682.739990234375,683.125,508571,0.0,0.0,0.0
2026-07-30 10:40:00-04:00,683.1400146484375,683.6500244140625,681.6699829101562,682.030029296875,533332,0.0,0.0,0.0
2026-07-30 10:45:00-04:00,682.0250244140625,682.530029296875,680.97998046875,681.8250122070312,509115,0.0,0.0,0.0
2026-07-30 10:50:00-04:00,681.8150024414062,682.030029296875,679.3300170898438,679.469970703125,1066455,0.0,0.0,0.0
2026-07-30 10:55:00-04:00,679.469970703125,680.0800170898438,678.3599853515625,679.530029296875,1076498,0.0,0.0,0.0
2026-07-30 11:00:00-04:00,679.5,680.581298828125,678.1300048828125,680.3939819335938,938469,0.0,0.0,0.0
2026-07-30 11:05:00-04:00,680.3200073242188,681.1500244140625,679.2100219726562,681.0715942382812,590077,0.0,0.0,0.0
2026-07-30 11:10:00-04:00,681.0701293945312,681.1500244140625,678.3400268554688,678.4500122070312,600202,0.0,0.0,0.0
2026-07-30 11:15:00-04:00,678.4299926757812,679.7000122070312,678.0399780273438,678.9000244140625,442894,0.0,0.0,0.0
2026-07-30 11:20:00-04:00,678.9500122070312,680.260009765625,678.6500244140625,679.0836791992188,333680,0.0,0.0,0.0
2026-07-30 11:25:00-04:00,679.0700073242188,679.6799926757812,677.75,678.1950073242188,433627,0.0,0.0,0.0
2026-07-30 11:30:00-04:00,678.1599731445312,679.6199951171875,677.9000244140625,679.614990234375,387313,0.0,0.0,0.0
2026-07-30 11:35:00-04:00,679.669921875,680.0599975585938,678.780029296875,679.6199951171875,390436,0.0,0.0,0.0
2026-07-30 11:40:00-04:00,679.5900268554688,680.469970703125,679.2249755859375,679.989990234375,678963,0.0,0.0,0.0
2026-07-30 11:45:00-04:00,680.0599975585938,681.1099853515625,680.0401000976562,680.610595703125,981402,0.0,0.0,0.0
2026-07-30 11:50:00-04:00,680.5900268554688,680.8099975585938,679.0800170898438,680.469970703125,536036,0.0,0.0,0.0
2026-07-30 11:55:00-04:00,680.5250854492188,681.02001953125,679.6300048828125,679.7899780273438,462443,0.0,0.0,0.0
2026-07-30 12:00:00-04:00,679.77001953125,681.6799926757812,679.3200073242188,681.5,879461,0.0,0.0,0.0
2026-07-30 12:05:00-04:00,681.5,681.889892578125,681.1699829101562,681.3599853515625,394682,0.0,0.0,0.0
2026-07-30 12:10:00-04:00,681.3300170898438,682.469970703125,681.2999877929688,682.3699951171875,824164,0.0,0.0,0.0
2026-07-30 12:15:00-04:00,682.3699951171875,682.5499877929688,681.969970703125,682.0399169921875,802316,0.0,0.0,0.0
2026-07-30 12:20:00-04:00,682.0399780273438,682.3499755859375,681.4600219726562,681.6799926757812,896327,0.0,0.0,0.0
2026-07-30 12:25:00-04:00,681.6500244140625,681.8200073242188,681.2899780273438,681.3499755859375,675309,0.0,0.0,0.0
2026-07-30 12:30:00-04:00,681.35498046875,681.489990234375,680.5750122070312,680.780029296875,212836,0.0,0.0,0.0
2026-07-30 12:35:00-04:00,680.780029296875,681.2899780273438,680.6599731445312,680.72998046875,950187,0.0,0.0,0.0
2026-07-30 12:40:00-04:00,680.72998046875,680.739990234375,679.25,679.5499877929688,687221,0.0,0.0,0.0
2026-07-30 12:45:00-04:00,679.5399780273438,680.5,679.5,680.260009765625,703277,0.0,0.0,0.0
2026-07-30 12:50:00-04:00,680.3099975585938,681.1699829101562,679.7999877929688,680.6199951171875,305045,0.0,0.0,0.0
2026-07-30 12:55:00-04:00,680.6400146484375,681.1500244140625,680.5599975585938,680.9600219726562,470856,0.0,0.0,0.0
2026-07-30 13:00:00-04:00,680.969970703125,682.1300048828125,680.9500122070312,681.9400024414062,1594350,0.0,0.0,0.0
2026-07-30 13:05:00-04:00,681.9500122070312,682.3300170898438,681.780029296875,681.969970703125,632752,0.0,0.0,0.0
2026-07-30 13:10:00-04:00,681.969970703125,682.3048095703125,681.6300048828125,681.739990234375,362851,0.0,0.0,0.0
2026-07-30 13:15:00-04:00,681.760009765625,682.8704223632812,681.6900024414062,682.8200073242188,677478,0.0,0.0,0.0
2026-07-30 13:20:00-04:00,682.8099975585938,682.89111328125,682.219970703125,682.5,422972,0.0,0.0,0.0
2026-07-30 13:25:00-04:00,682.469970703125,682.52001953125,681.8800048828125,681.97998046875,316597,0.0,0.0,0.0
2026-07-30 13:30:00-04:00,682.0,682.3300170898438,681.610107421875,681.8300170898438,398316,0.0,0.0,0.0
2026-07-30 13:35:00-04:00,681.8599243164062,682.27001953125,681.27001953125,681.4500122070312,580154,0.0,0.0,0.0
2026-07-30 13:40:00-04:00,681.4600219726562,682.6823120117188,681.4600219726562,682.4232788085938,385444,0.0,0.0,0.0
2026-07-30 13:45:00-04:00,682.4500122070312,682.7694091796875,682.3499145507812,682.3499145507812,530240,0.0,0.0,0.0
2026-07-30 13:50:00-04:00,682.3300170898438,682.9199829101562,682.1099853515625,682.1599731445312,357019,0.0,0.0,0.0
2026-07-30 13:55:00-04:00,682.169921875,682.4400024414062,681.8900146484375,682.1699829101562,183749,0.0,0.0,0.0
2026-07-30 14:00:00-04:00,682.219970703125,682.75,681.9600219726562,681.989501953125,193718,0.0,0.0,0.0
2026-07-30 14:05:00-04:00,681.9619750976562,682.6300048828125,681.9619750976562,682.5399780273438,151212,0.0,0.0,0.0
2026-07-30 14:10:00-04:00,682.5499877929688,682.8499755859375,682.2999877929688,682.75,227856,0.0,0.0,0.0
2026-07-30 14:15:00-04:00,682.760009765625,682.8200073242188,681.8400268554688,681.9600219726562,448749,0.0,0.0,0.0
2026-07-30 14:20:00-04:00,681.989990234375,682.5599975585938,681.8499755859375,682.3800048828125,597225,0.0,0.0,0.0
2026-07-30 14:25:00-04:00,682.4199829101562,682.5399780273438,682.113525390625,682.3300170898438,180882,0.0,0.0,0.0
2026-07-30 14:30:00-04:00,682.3250122070312,682.72998046875,682.0599975585938,682.1300048828125,315273,0.0,0.0,0.0
2026-07-30 14:35:00-04:00,682.1300048828125,682.1400146484375,681.510009765625,681.7196044921875,345306,0.0,0.0,0.0
2026-07-30 14:40:00-04:00,681.719970703125,682.02001953125,681.5499877929688,681.969970703125,226564,0.0,0.0,0.0
2026-07-30 14:45:00-04:00,681.969970703125,682.4500122070312,681.9299926757812,682.239990234375,369410,0.0,0.0,0.0
2026-07-30 14:50:00-04:00,682.22998046875,682.4099731445312,681.8699951171875,681.8900146484375,278552,0.0,0.0,0.0
2026-07-30 14:55:00-04:00,681.8900146484375,682.4199829101562,681.6699829101562,682.3099975585938,694778,0.0,0.0,0.0
2026-07-30 15:00:00-04:00,682.3099975585938,683.030029296875,682.2899780273438,682.7100219726562,381705,0.0,0.0,0.0
2026-07-30 15:05:00-04:00,682.739990234375,684.0999755859375,682.6500244140625,684.0900268554688,753082,0.0,0.0,0.0
2026-07-30 15:10:00-04:00,684.0900268554688,685.0399780273438,684.0449829101562,684.5800170898438,698551,0.0,0.0,0.0
2026-07-30 15:15:00-04:00,684.5599975585938,685.1199951171875,684.260009765625,684.8400268554688,669537,0.0,0.0,0.0
2026-07-30 15:20:00-04:00,684.8599853515625,684.8699951171875,684.1300048828125,684.3099975585938,431943,0.0,0.0,0.0
2026-07-30 15:25:00-04:00,684.2999877929688,684.4749755859375,683.780029296875,683.8400268554688,1138648,0.0,0.0,0.0
2026-07-30 15:30:00-04:00,683.8200073242188,684.1497802734375,683.6300048828125,683.7999877929688,702576,0.0,0.0,0.0
2026-07-30 15:35:00-04:00,683.8200073242188,683.9099731445312,683.25,683.719970703125,1356328,0.0,0.0,0.0
2026-07-30 15:40:00-04:00,683.719970703125,683.8300170898438,683.3200073242188,683.5999755859375,730998,0.0,0.0,0.0
2026-07-30 15:45:00-04:00,683.6099853515625,683.8800048828125,683.22998046875,683.7000122070312,1422806,0.0,0.0,0.0
2026-07-30 15:50:00-04:00,683.6900024414062,683.7899780273438,683.0,683.4199829101562,1809239,0.0,0.0,0.0
2026-07-30 15:55:00-04:00,683.4199829101562,684.3499755859375,682.9000244140625,683.5999755859375,4042344,0.0,0.0,0.0
2026-07-31 09:30:00-04:00,692.1199951171875,695.3399047851562,691.3300170898438,694.7000122070312,3762519,0.0,0.0,0.0
2026-07-31 09:35:00-04:00,694.6900024414062,695.77001953125,691.60498046875,691.75,1742891,0.0,0.0,0.0
2026-07-31 09:40:00-04:00,691.75,692.0900268554688,688.1799926757812,688.2249755859375,1429928,0.0,0.0,0.0
2026-07-31 09:45:00-04:00,688.280029296875,689.5800170898438,685.8499755859375,686.8800048828125,1586127,0.0,0.0,0.0
2026-07-31 09:50:00-04:00,686.8200073242188,687.989501953125,685.2899780273438,686.1900024414062,1304720,0.0,0.0,0.0
2026-07-31 09:55:00-04:00,686.1799926757812,688.1400146484375,685.6599731445312,686.7899780273438,1484352,0.0,0.0,0.0
2026-07-31 10:00:00-04:00,686.760009765625,687.5800170898438,683.9000244140625,683.969970703125,1361205,0.0,0.0,0.0
2026-07-31 10:05:00-04:00,683.97998046875,684.6768798828125,681.0401000976562,681.77001953125,1626815,0.0,0.0,0.0
2026-07-31 10:10:00-04:00,681.8200073242188,682.719970703125,680.52001953125,681.4600219726562,1296097,0.0,0.0,0.0
2026-07-31 10:15:00-04:00,681.4500122070312,683.2999877929688,680.0512084960938,682.4099731445312,1011549,0.0,0.0,0.0
2026-07-31 10:20:00-04:00,682.3599853515625,684.0999755859375,681.9340209960938,682.8099975585938,935732,0.0,0.0,0.0
2026-07-31 10:25:00-04:00,682.8099975585938,684.3499145507812,682.0399780273438,684.2000122070312,487532,0.0,0.0,0.0
2026-07-31 10:30:00-04:00,684.239990234375,684.9400024414062,683.239990234375,683.9249877929688,822988,0.0,0.0,0.0
2026-07-31 10:35:00-04:00,683.8900146484375,685.239990234375,683.7899780273438,684.6599731445312,663736,0.0,0.0,0.0
2026-07-31 10:40:00-04:00,684.6599731445312,685.27001953125,683.280029296875,684.614990234375,512952,0.0,0.0,0.0
2026-07-31 10:45:00-04:00,684.6500244140625,686.3350219726562,683.8662109375,686.1900024414062,1167271,0.0,0.0,0.0
2026-07-31 10:50:00-04:00,686.1950073242188,686.510009765625,685.1900024414062,685.3475952148438,1046726,0.0,0.0,0.0
2026-07-31 10:55:00-04:00,685.4000244140625,686.22998046875,684.3200073242188,685.6099853515625,427881,0.0,0.0,0.0
2026-07-31 11:00:00-04:00,685.6300048828125,686.0900268554688,684.8300170898438,685.9591064453125,438858,0.0,0.0,0.0
2026-07-31 11:05:00-04:00,685.989990234375,686.4299926757812,684.3699951171875,684.8200073242188,362870,0.0,0.0,0.0
2026-07-31 11:10:00-04:00,684.875,685.4096069335938,683.3300170898438,684.630126953125,411475,0.0,0.0,0.0
2026-07-31 11:15:00-04:00,684.6599731445312,686.2999877929688,683.8900146484375,684.469970703125,395737,0.0,0.0,0.0
2026-07-31 11:20:00-04:00,684.4199829101562,684.719482421875,682.8400268554688,682.8599853515625,436919,0.0,0.0,0.0
2026-07-31 11:25:00-04:00,682.8200073242188,683.1500244140625,681.0700073242188,681.77001953125,521655,0.0,0.0,0.0
2026-07-31 11:30:00-04:00,681.719970703125,682.469970703125,680.9400024414062,682.3400268554688,446096,0.0,0.0,0.0
2026-07-31 11:35:00-04:00,682.3599853515625,684.4000854492188,682.280029296875,683.7799072265625,347024,0.0,0.0,0.0
2026-07-31 11:40:00-04:00,683.760009765625,684.1099853515625,682.0999755859375,683.280029296875,227287,0.0,0.0,0.0
2026-07-31 11:45:00-04:00,683.3300170898438,683.5800170898438,682.1500244140625,682.7999877929688,232772,0.0,0.0,0.0
2026-07-31 11:50:00-04:00,682.8250122070312,685.0599975585938,682.75,684.905029296875,379886,0.0,0.0,0.0
2026-07-31 11:55:00-04:00,684.8900146484375,685.25,684.2100219726562,684.7863159179688,289020,0.0,0.0,0.0
2026-07-31 12:00:00-04:00,684.75,685.5999755859375,684.3599853515625,685.125,375281,0.0,0.0,0.0
2026-07-31 12:05:00-04:00,685.1300048828125,685.3099975585938,684.02001953125,684.760009765625,248148,0.0,0.0,0.0
2026-07-31 12:10:00-04:00,684.780029296875,685.5999755859375,684.6900024414062,685.3900146484375,225381,0.0,0.0,0.0
2026-07-31 12:15:00-04:00,685.4199829101562,685.6400146484375,684.3599853515625,685.2172241210938,278167,0.0,0.0,0.0
2026-07-31 12:20:00-04:00,685.1500244140625,686.3900146484375,685.1220092773438,686.1900024414062,337412,0.0,0.0,0.0
2026-07-31 12:25:00-04:00,686.2039794921875,686.9299926757812,685.5700073242188,686.9299926757812,271255,0.0,0.0,0.0
2026-07-31 12:30:00-04:00,686.9500122070312,687.5399780273438,686.6699829101562,687.2650146484375,532756,0.0,0.0,0.0
2026-07-31 12:35:00-04:00,687.2401123046875,687.5499877929688,686.760009765625,686.969970703125,409098,0.0,0.0,0.0
2026-07-31 12:40:00-04:00,686.9600219726562,687.1300048828125,685.780029296875,685.9400024414062,271166,0.0,0.0,0.0
2026-07-31 12:45:00-04:00,685.9249877929688,686.6199951171875,685.6300048828125,686.6087036132812,230919,0.0,0.0,0.0
2026-07-31 12:50:00-04:00,686.6400146484375,687.4199829101562,686.5150146484375,686.72998046875,243916,0.0,0.0,0.0
2026-07-31 12:55:00-04:00,686.7100219726562,687.625,686.6900024414062,687.0700073242188,213945,0.0,0.0,0.0
2026-07-31 13:00:00-04:00,687.0399780273438,688.0579833984375,686.8900146484375,687.7310180664062,195237,0.0,0.0,0.0
2026-07-31 13:05:00-04:00,687.739990234375,687.9600219726562,687.0,687.3300170898438,233261,0.0,0.0,0.0
2026-07-31 13:10:00-04:00,687.260009765625,688.1400146484375,687.0711059570312,687.9099731445312,388055,0.0,0.0,0.0
2026-07-31 13:15:00-04:00,687.9199829101562,688.3900146484375,687.7650146484375,688.3009033203125,216116,0.0,0.0,0.0
2026-07-31 13:20:00-04:00,688.27001953125,689.2000122070312,687.780029296875,689.1400146484375,274872,0.0,0.0,0.0
2026-07-31 13:25:00-04:00,689.1400146484375,689.719970703125,689.0700073242188,689.3599853515625,318463,0.0,0.0,0.0
2026-07-31 13:30:00-04:00,689.3699951171875,689.9299926757812,689.0700073242188,689.8499755859375,291503,0.0,0.0,0.0
2026-07-31 13:35:00-04:00,689.8300170898438,690.3499755859375,689.1900024414062,689.2000122070312,343059,0.0,0.0,0.0
2026-07-31 13:40:00-04:00,689.2000122070312,689.6199951171875,688.9099731445312,689.2349853515625,306165,0.0,0.0,0.0
2026-07-31 13:45:00-04:00,689.25,689.7000122070312,688.280029296875,688.4000244140625,304455,0.0,0.0,0.0
2026-07-31 13:50:00-04:00,688.3599853515625,689.4000244140625,688.2650146484375,688.9199829101562,317479,0.0,0.0,0.0
2026-07-31 13:55:00-04:00,688.9299926757812,689.280029296875,688.469970703125,688.5750122070312,768878,0.0,0.0,0.0
2026-07-31 14:00:00-04:00,688.5650024414062,689.27001953125,688.3499755859375,688.530029296875,209288,0.0,0.0,0.0
2026-07-31 14:05:00-04:00,688.5230712890625,689.1199951171875,688.25,688.5750122070312,199970,0.0,0.0,0.0
2026-07-31 14:10:00-04:00,688.5599975585938,688.760009765625,687.760009765625,687.969970703125,252101,0.0,0.0,0.0
2026-07-31 14:15:00-04:00,687.9099731445312,688.969970703125,687.8499755859375,688.5700073242188,203782,0.0,0.0,0.0
2026-07-31 14:20:00-04:00,688.5399780273438,688.9500122070312,688.3599853515625,688.77001953125,215716,0.0,0.0,0.0
2026-07-31 14:25:00-04:00,688.7650146484375,688.8099975585938,688.1699829101562,688.3800048828125,242506,0.0,0.0,0.0
2026-07-31 14:30:00-04:00,688.5800170898438,689.0150146484375,688.530029296875,688.72998046875,159710,0.0,0.0,0.0
2026-07-31 14:35:00-04:00,688.72998046875,688.7398071289062,688.27001953125,688.5399780273438,300104,0.0,0.0,0.0
2026-07-31 14:40:00-04:00,688.510009765625,688.9005737304688,688.2730102539062,688.6599731445312,165633,0.0,0.0,0.0
2026-07-31 14:45:00-04:00,688.6500244140625,689.0800170898438,688.4249877929688,689.0349731445312,149120,0.0,0.0,0.0
2026-07-31 14:50:00-04:00,689.0800170898438,689.3900146484375,688.9299926757812,689.0,242216,0.0,0.0,0.0
2026-07-31 14:55:00-04:00,688.989990234375,689.14501953125,688.27001953125,688.7100219726562,271310,0.0,0.0,0.0
2026-07-31 15:00:00-04:00,688.7000122070312,689.27001953125,688.2999877929688,688.3699951171875,260811,0.0,0.0,0.0
2026-07-31 15:05:00-04:00,688.4099731445312,688.659912109375,688.030029296875,688.5399780273438,257300,0.0,0.0,0.0
2026-07-31 15:10:00-04:00,688.5449829101562,688.8859252929688,688.3300170898438,688.6405029296875,393799,0.0,0.0,0.0
2026-07-31 15:15:00-04:00,688.6699829101562,689.97998046875,688.5499877929688,689.9400024414062,756790,0.0,0.0,0.0
2026-07-31 15:20:00-04:00,689.9450073242188,690.25,689.530029296875,689.5700073242188,452236,0.0,0.0,0.0
2026-07-31 15:25:00-04:00,689.5700073242188,689.8400268554688,689.35498046875,689.7000122070312,328473,0.0,0.0,0.0
2026-07-31 15:30:00-04:00,689.6699829101562,689.8400268554688,688.9099731445312,689.343505859375,954026,0.0,0.0,0.0
2026-07-31 15:35:00-04:00,689.3400268554688,689.6799926757812,689.135009765625,689.2999877929688,440072,0.0,0.0,0.0
2026-07-31 15:40:00-04:00,689.2899780273438,689.8800048828125,688.7100219726562,689.719970703125,479116,0.0,0.0,0.0
2026-07-31 15:45:00-04:00,689.739990234375,690.5,689.739990234375,690.489990234375,852961,0.0,0.0,0.0
2026-07-31 15:50:00-04:00,690.5,690.8800048828125,689.6500244140625,690.469970703125,809516,0.0,0.0,0.0
2026-07-31 15:55:00-04:00,690.5700073242188,690.5999755859375,687.47998046875,688.010009765625,1432494,0.0,0.0,0.0
2026-08-03 09:30:00-04:00,688.3400268554688,688.7000122070312,685.8200073242188,687.4400024414062,3089656,0.0,0.0,0.0
2026-08-03 09:35:00-04:00,687.4099731445312,691.28369140625,687.2899780273438,690.39501953125,985258,0.0,0.0,0.0
2026-08-03 09:40:00-04:00,690.3900146484375,690.844970703125,688.3400268554688,690.1400146484375,621039,0.0,0.0,0.0
2026-08-03 09:45:00-04:00,690.1599731445312,691.2235717773438,688.9500122070312,689.7100219726562,550801,0.0,0.0,0.0
2026-08-03 09:50:00-04:00,689.719970703125,690.9400024414062,689.280029296875,690.9400024414062,446184,0.0,0.0,0.0
2026-08-03 09:55:00-04:00,690.9349975585938,693.4000244140625,690.6900024414062,693.3049926757812,724561,0.0,0.0,0.0
2026-08-03 10:00:00-04:00,693.2100219726562,693.4000244140625,691.2000122070312,691.6300048828125,844114,0.0,0.0,0.0
2026-08-03 10:05:00-04:00,691.5999755859375,692.6900024414062,691.0800170898438,692.0150146484375,332581,0.0,0.0,0.0
2026-08-03 10:10:00-04:00,692.030029296875,693.0999755859375,691.719970703125,692.0,375952,0.0,0.0,0.0
2026-08-03 10:15:00-04:00,692.010009765625,693.6799926757812,691.7520141601562,693.0900268554688,419005,0.0,0.0,0.0
2026-08-03 10:20:00-04:00,693.0999755859375,694.3220825195312,692.8900146484375,694.2100219726562,550016,0.0,0.0,0.0
2026-08-03 10:25:00-04:00,694.219970703125,694.75,693.719970703125,694.6199951171875,692735,0.0,0.0,0.0
2026-08-03 10:30:00-04:00,694.6699829101562,694.9400024414062,694.219970703125,694.7899780273438,366355,0.0,0.0,0.0
2026-08-03 10:35:00-04:00,694.7849731445312,695.9099731445312,694.739990234375,695.5700073242188,519379,0.0,0.0,0.0
2026-08-03 10:40:00-04:00,695.530029296875,696.0,695.2000122070312,695.3099975585938,896253,0.0,0.0,0.0
2026-08-03 10:45:00-04:00,695.3599853515625,696.2000122070312,695.1599731445312,696.0700073242188,1232598,0.0,0.0,0.0
2026-08-03 10:50:00-04:00,696.0499877929688,697.6900024414062,695.8878173828125,697.04052734375,913039,0.0,0.0,0.0
2026-08-03 10:55:00-04:00,697.0999755859375,697.6300048828125,697.0599975585938,697.5850219726562,376909,0.0,0.0,0.0
2026-08-03 11:00:00-04:00,697.5900268554688,697.5900268554688,697.0999755859375,697.344970703125,490013,0.0,0.0,0.0
2026-08-03 11:05:00-04:00,697.3200073242188,697.4199829101562,696.52001953125,696.7000122070312,682205,0.0,0.0,0.0
2026-08-03 11:10:00-04:00,696.6699829101562,697.0750122070312,696.25,696.489990234375,435506,0.0,0.0,0.0
2026-08-03 11:15:00-04:00,696.4739990234375,697.239990234375,696.4650268554688,697.0501098632812,458736,0.0,0.0,0.0
2026-08-03 11:20:00-04:00,697.0900268554688,697.47998046875,696.780029296875,697.073974609375,436138,0.0,0.0,0.0
2026-08-03 11:25:00-04:00,697.0399780273438,697.3400268554688,695.6599731445312,695.9199829101562,487858,0.0,0.0,0.0
2026-08-03 11:30:00-04:00,695.9500122070312,697.0399780273438,695.875,696.6500244140625,303949,0.0,0.0,0.0
2026-08-03 11:35:00-04:00,696.630126953125,696.986572265625,696.25,696.7050170898438,346192,0.0,0.0,0.0
2026-08-03 11:40:00-04:00,696.7399291992188,697.27001953125,696.7000122070312,697.1099853515625,218179,0.0,0.0,0.0
2026-08-03 11:45:00-04:00,697.1593017578125,697.4500122070312,696.97998046875,697.1900024414062,232702,0.0,0.0,0.0
2026-08-03 11:50:00-04:00,697.1900024414062,697.8679809570312,696.97998046875,697.6699829101562,348768,0.0,0.0,0.0
2026-08-03 11:55:00-04:00,697.6599731445312,697.7000122070312,697.0599975585938,697.3800048828125,410595,0.0,0.0,0.0
2026-08-03 12:00:00-04:00,697.5,697.9299926757812,697.342529296875,697.72998046875,766469,0.0,0.0,0.0
2026-08-03 12:05:00-04:00,697.719970703125,698.0700073242188,697.5399780273438,697.8699951171875,263551,0.0,0.0,0.0
2026-08-03 12:10:00-04:00,697.8599853515625,697.989990234375,697.5999755859375,697.9000244140625,166855,0.0,0.0,0.0
2026-08-03 12:15:00-04:00,697.8900146484375,698.6900024414062,697.864990234375,698.6696166992188,359100,0.0,0.0,0.0
2026-08-03 12:20:00-04:00,698.6699829101562,698.6923828125,698.2459716796875,698.3699951171875,285037,0.0,0.0,0.0
2026-08-03 12:25:00-04:00,698.4500122070312,698.5499877929688,698.2000122070312,698.489990234375,384588,0.0,0.0,0.0
2026-08-03 12:30:00-04:00,698.47998046875,698.6699829101562,698.1599731445312,698.4500122070312,499298,0.0,0.0,0.0
2026-08-03 12:35:00-04:00,698.4550170898438,698.510009765625,697.969970703125,698.1199951171875,224585,0.0,0.0,0.0
2026-08-03 12:40:00-04:00,698.114990234375,698.4400024414062,697.8699951171875,698.4199829101562,621670,0.0,0.0,0.0
2026-08-03 12:45:00-04:00,698.405029296875,698.5999755859375,698.3300170898438,698.3800048828125,163481,0.0,0.0,0.0
2026-08-03 12:50:00-04:00,698.3800048828125,698.6165161132812,698.0599975585938,698.135009765625,146494,0.0,0.0,0.0
2026-08-03 12:55:00-04:00,698.1400146484375,698.3699951171875,698.0499877929688,698.0599975585938,189384,0.0,0.0,0.0
2026-08-03 13:00:00-04:00,698.1099853515625,698.3400268554688,697.8900146484375,698.2100219726562,192207,0.0,0.0,0.0
2026-08-03 13:05:00-04:00,698.22998046875,698.5800170898438,698.14501953125,698.4600219726562,146923,0.0,0.0,0.0
2026-08-03 13:10:00-04:00,698.4400024414062,699.0800170898438,698.4400024414062,698.97998046875,250950,0.0,0.0,0.0
2026-08-03 13:15:00-04:00,698.9400024414062,699.2899780273438,698.9199829101562,699.2794189453125,370351,0.0,0.0,0.0
2026-08-03 13:20:00-04:00,699.280029296875,699.5499877929688,699.030029296875,699.47998046875,247707,0.0,0.0,0.0
2026-08-03 13:25:00-04:00,699.4949951171875,699.7598266601562,699.3308715820312,699.6699829101562,586361,0.0,0.0,0.0
2026-08-03 13:30:00-04:00,699.6699829101562,699.8499755859375,699.4199829101562,699.7987060546875,596426,0.0,0.0,0.0
2026-08-03 13:35:00-04:00,699.8200073242188,699.8699951171875,699.489990234375,699.510009765625,353816,0.0,0.0,0.0
2026-08-03 13:40:00-04:00,699.510009765625,699.72998046875,699.4000244140625,699.7000122070312,652070,0.0,0.0,0.0
2026-08-03 13:45:00-04:00,699.6900024414062,699.9299926757812,699.6699829101562,699.8300170898438,522685,0.0,0.0,0.0
2026-08-03 13:50:00-04:00,699.8499755859375,700.030029296875,699.7999877929688,700.0050048828125,319396,0.0,0.0,0.0
2026-08-03 13:55:00-04:00,700.010009765625,700.5599975585938,699.989990234375,700.4600219726562,685444,0.0,0.0,0.0
2026-08-03 14:00:00-04:00,700.4600219726562,701.1599731445312,700.4600219726562,701.1400146484375,419499,0.0,0.0,0.0
2026-08-03 14:05:00-04:00,701.1201171875,701.4450073242188,701.030029296875,701.3400268554688,455824,0.0,0.0,0.0
2026-08-03 14:10:00-04:00,701.3699951171875,701.5900268554688,700.8499755859375,700.9949951171875,401535,0.0,0.0,0.0
2026-08-03 14:15:00-04:00,701.0150146484375,701.4400024414062,700.6400146484375,700.6904296875,374832,0.0,0.0,0.0
2026-08-03 14:20:00-04:00,700.7100219726562,700.8350219726562,700.47021484375,700.5150146484375,369313,0.0,0.0,0.0
2026-08-03 14:25:00-04:00,700.5,700.6599731445312,699.7899780273438,699.8001098632812,338336,0.0,0.0,0.0
2026-08-03 14:30:00-04:00,699.8400268554688,700.1599731445312,699.6699829101562,699.8300170898438,478989,0.0,0.0,0.0
2026-08-03 14:35:00-04:00,699.8250122070312,700.0499267578125,699.6099853515625,699.75,213769,0.0,0.0,0.0
2026-08-03 14:40:00-04:00,699.77001953125,700.364990234375,699.6950073242188,700.344970703125,398019,0.0,0.0,0.0
2026-08-03 14:45:00-04:00,700.3400268554688,700.5700073242188,699.8350219726562,700.5499877929688,284202,0.0,0.0,0.0
2026-08-03 14:50:00-04:00,700.5499877929688,700.6699829101562,700.260009765625,700.4099731445312,185749,0.0,0.0,0.0
2026-08-03 14:55:00-04:00,700.4199829101562,700.469970703125,700.1500244140625,700.2371826171875,335758,0.0,0.0,0.0
2026-08-03 15:00:00-04:00,700.22998046875,701.1099853515625,700.2100219726562,700.85498046875,366661,0.0,0.0,0.0
2026-08-03 15:05:00-04:00,700.8499755859375,700.9099731445312,700.1099853515625,700.280029296875,497935,0.0,0.0,0.0
2026-08-03 15:10:00-04:00,700.260009765625,700.52001953125,699.9299926757812,700.0700073242188,345278,0.0,0.0,0.0
2026-08-03 15:15:00-04:00,700.030029296875,700.6599731445312,700.010009765625,700.6099853515625,445413,0.0,0.0,0.0
2026-08-03 15:20:00-04:00,700.6199951171875,700.6699829101562,700.3350219726562,700.4600219726562,524886,0.0,0.0,0.0
2026-08-03 15:25:00-04:00,700.469970703125,700.6300048828125,700.27001953125,700.3599853515625,443305,0.0,0.0,0.0
2026-08-03 15:30:00-04:00,700.3800048828125,700.6793212890625,700.1599731445312,700.3499755859375,541533,0.0,0.0,0.0
2026-08-03 15:35:00-04:00,700.3599853515625,700.6300048828125,700.114990234375,700.189208984375,338543,0.0,0.0,0.0
2026-08-03 15:40:00-04:00,700.1799926757812,700.510009765625,700.0399780273438,700.405029296875,571984,0.0,0.0,0.0
2026-08-03 15:45:00-04:00,700.4000244140625,700.5700073242188,700.0900268554688,700.4600219726562,622316,0.0,0.0,0.0
2026-08-03 15:50:00-04:00,700.469970703125,700.9400024414062,699.8599853515625,700.0800170898438,2106744,0.0,0.0,0.0
2026-08-03 15:55:00-04:00,700.0700073242188,700.1799926757812,699.27001953125,700.0800170898438,2529534,0.0,0.0,0.0
2026-08-04 09:30:00-04:00,708.2050170898438,711.7999877929688,707.5900268554688,711.75,3535308,0.0,0.0,0.0
2026-08-04 09:35:00-04:00,711.77001953125,712.5238037109375,711.1500244140625,711.97998046875,906311,0.0,0.0,0.0
2026-08-04 09:40:00-04:00,712.0700073242188,713.47998046875,711.8499755859375,712.5194702148438,1105220,0.0,0.0,0.0
2026-08-04 09:45:00-04:00,712.509521484375,713.6699829101562,712.509521484375,713.6099853515625,801025,0.0,0.0,0.0
2026-08-04 09:50:00-04:00,713.6500244140625,714.6500244140625,713.530029296875,714.6199951171875,825878,0.0,0.0,0.0
2026-08-04 09:55:00-04:00,714.614990234375,714.6500244140625,712.7999877929688,713.6500244140625,686479,0.0,0.0,0.0
2026-08-04 10:00:00-04:00,713.6400146484375,714.52001953125,712.97998046875,714.25,755276,0.0,0.0,0.0
2026-08-04 10:05:00-04:00,714.260009765625,715.4000244140625,714.22998046875,715.0399780273438,945746,0.0,0.0,0.0
2026-08-04 10:10:00-04:00,715.0250244140625,715.6699829101562,714.77001953125,715.5999755859375,684981,0.0,0.0,0.0
2026-08-04 10:15:00-04:00,715.5999755859375,715.739990234375,714.6799926757812,715.2000122070312,688939,0.0,0.0,0.0
2026-08-04 10:20:00-04:00,715.1699829101562,715.1849975585938,714.2550048828125,714.7999877929688,650332,0.0,0.0,0.0
2026-08-04 10:25:00-04:00,714.780029296875,716.219970703125,714.760009765625,716.0050048828125,839502,0.0,0.0,0.0
2026-08-04 10:30:00-04:00,716.0800170898438,716.2000122070312,715.219970703125,715.6500244140625,555746,0.0,0.0,0.0
2026-08-04 10:35:00-04:00,715.6599731445312,716.3900146484375,715.0700073242188,715.25,547363,0.0,0.0,0.0
2026-08-04 10:40:00-04:00,715.280029296875,716.0800170898438,715.1500244140625,716.0,1778438,0.0,0.0,0.0
2026-08-04 10:45:00-04:00,716.02001953125,716.0999755859375,715.6699829101562,715.75,382176,0.0,0.0,0.0
2026-08-04 10:50:00-04:00,715.739990234375,715.97998046875,715.3300170898438,715.7000122070312,385296,0.0,0.0,0.0
2026-08-04 10:55:00-04:00,715.719970703125,715.885009765625,715.239990234375,715.80078125,659638,0.0,0.0,0.0
2026-08-04 11:00:00-04:00,715.8800048828125,716.7899780273438,715.739990234375,716.6900024414062,485720,0.0,0.0,0.0
2026-08-04 11:05:00-04:00,716.7050170898438,716.9500122070312,716.27001953125,716.9149780273438,584887,0.0,0.0,0.0
2026-08-04 11:10:00-04:00,716.9299926757812,717.6500244140625,716.77001953125,717.5349731445312,1178942,0.0,0.0,0.0
2026-08-04 11:15:00-04:00,717.5250244140625,717.8900146484375,717.4000244140625,717.8300170898438,609319,0.0,0.0,0.0
2026-08-04 11:20:00-04:00,717.8350219726562,718.530029296875,717.7999877929688,718.469970703125,666145,0.0,0.0,0.0
2026-08-04 11:25:00-04:00,718.4600219726562,718.5700073242188,717.8800048828125,717.989990234375,881302,0.0,0.0,0.0
2026-08-04 11:30:00-04:00,717.97998046875,718.1199951171875,717.5800170898438,717.739990234375,746797,0.0,0.0,0.0
2026-08-04 11:35:00-04:00,717.739990234375,719.02001953125,717.7349853515625,718.7000122070312,1004908,0.0,0.0,0.0
2026-08-04 11:40:00-04:00,718.6500854492188,718.97998046875,718.4299926757812,718.9299926757812,660128,0.0,0.0,0.0
2026-08-04 11:45:00-04:00,718.9400024414062,719.25,718.9299926757812,719.0750122070312,642295,0.0,0.0,0.0
2026-08-04 11:50:00-04:00,719.0750122070312,719.4000244140625,718.8599853515625,718.8800048828125,681175,0.0,0.0,0.0
2026-08-04 11:55:00-04:00,718.8900146484375,719.1199951171875,718.719970703125,718.780029296875,550279,0.0,0.0,0.0
2026-08-04 12:00:00-04:00,718.7849731445312,719.4600219726562,718.7650146484375,719.2050170898438,541153,0.0,0.0,0.0
2026-08-04 12:05:00-04:00,719.219970703125,719.4349975585938,718.9100952148438,718.9304809570312,363046,0.0,0.0,0.0
2026-08-04 12:10:00-04:00,718.9299926757812,719.1400146484375,718.5599975585938,718.8900146484375,469151,0.0,0.0,0.0
2026-08-04 12:15:00-04:00,718.9199829101562,719.6900024414062,718.8900146484375,719.6300048828125,492527,0.0,0.0,0.0
2026-08-04 12:20:00-04:00,719.6400146484375,719.969970703125,719.5700073242188,719.8800048828125,508021,0.0,0.0,0.0
2026-08-04 12:25:00-04:00,719.8800048828125,719.9000244140625,719.6099853515625,719.6500244140625,582115,0.0,0.0,0.0
2026-08-04 12:30:00-04:00,719.6649780273438,720.1300048828125,719.4000244140625,720.010009765625,469933,0.0,0.0,0.0
2026-08-04 12:35:00-04:00,720.0189819335938,720.27001953125,719.7000122070312,719.8800048828125,751966,0.0,0.0,0.0
2026-08-04 12:40:00-04:00,719.875,720.239990234375,719.6500244140625,720.1400146484375,523837,0.0,0.0,0.0
2026-08-04 12:45:00-04:00,720.135009765625,720.5670776367188,720.135009765625,720.5670776367188,776103,0.0,0.0,0.0
2026-08-04 12:50:00-04:00,720.5700073242188,720.5999755859375,720.3699951171875,720.405029296875,765262,0.0,0.0,0.0
2026-08-04 12:55:00-04:00,720.4063720703125,720.5800170898438,720.2899780273438,720.5599975585938,610147,0.0,0.0,0.0
2026-08-04 13:00:00-04:00,720.5700073242188,721.5,720.47998046875,721.4600219726562,1287537,0.0,0.0,0.0
2026-08-04 13:05:00-04:00,721.4696044921875,721.7890014648438,721.219970703125,721.5900268554688,456875,0.0,0.0,0.0
2026-08-04 13:10:00-04:00,721.5750122070312,721.9000244140625,721.4901123046875,721.8300170898438,350978,0.0,0.0,0.0
2026-08-04 13:15:00-04:00,721.8400268554688,722.0,721.510009765625,721.635009765625,525103,0.0,0.0,0.0
2026-08-04 13:20:00-04:00,721.6799926757812,722.030029296875,721.4400024414062,721.97998046875,383904,0.0,0.0,0.0
2026-08-04 13:25:00-04:00,721.97998046875,722.5,721.9500122070312,722.3499755859375,528175,0.0,0.0,0.0
2026-08-04 13:30:00-04:00,722.3200073242188,722.4400024414062,721.9849853515625,722.3499755859375,271288,0.0,0.0,0.0
2026-08-04 13:35:00-04:00,722.3300170898438,723.0499877929688,722.2899780273438,723.02001953125,370468,0.0,0.0,0.0
2026-08-04 13:40:00-04:00,723.02001953125,723.47998046875,722.989990234375,723.47998046875,465362,0.0,0.0,0.0
2026-08-04 13:45:00-04:00,723.489990234375,724.280029296875,723.4810180664062,723.8599853515625,700120,0.0,0.0,0.0
2026-08-04 13:50:00-04:00,723.8499755859375,723.8599853515625,722.9099731445312,723.02001953125,930199,0.0,0.0,0.0
2026-08-04 13:55:00-04:00,723.02001953125,723.4600219726562,722.7100219726562,722.72998046875,868290,0.0,0.0,0.0
2026-08-04 14:00:00-04:00,722.72998046875,723.1900024414062,722.1199951171875,722.3300170898438,729032,0.0,0.0,0.0
2026-08-04 14:05:00-04:00,722.3800048828125,723.031494140625,722.1500244140625,722.8200073242188,380131,0.0,0.0,0.0
2026-08-04 14:10:00-04:00,722.8599853515625,723.3400268554688,722.47998046875,723.3399047851562,411428,0.0,0.0,0.0
2026-08-04 14:15:00-04:00,723.3400268554688,723.6950073242188,723.239990234375,723.5599975585938,431500,0.0,0.0,0.0
2026-08-04 14:20:00-04:00,723.5599975585938,723.9000244140625,723.3599853515625,723.5900268554688,546722,0.0,0.0,0.0
2026-08-04 14:25:00-04:00,723.5900268554688,723.8298950195312,723.3599853515625,723.8298950195312,259436,0.0,0.0,0.0
2026-08-04 14:30:00-04:00,723.8400268554688,724.1552124023438,723.590087890625,723.6699829101562,366071,0.0,0.0,0.0
2026-08-04 14:35:00-04:00,723.6599731445312,723.780029296875,723.2100219726562,723.3499755859375,224096,0.0,0.0,0.0
2026-08-04 14:40:00-04:00,723.3200073242188,723.4099731445312,722.8699951171875,723.1799926757812,328103,0.0,0.0,0.0
2026-08-04 14:45:00-04:00,723.2000122070312,724.2000122070312,723.2000122070312,723.8800048828125,365346,0.0,0.0,0.0
2026-08-04 14:50:00-04:00,723.85498046875,724.2000122070312,723.72998046875,723.8400268554688,256738,0.0,0.0,0.0
2026-08-04 14:55:00-04:00,723.8499755859375,723.969970703125,723.7100219726562,723.8499755859375,413841,0.0,0.0,0.0
2026-08-04 15:00:00-04:00,723.8599853515625,724.9400024414062,723.7999877929688,724.6300048828125,472368,0.0,0.0,0.0
2026-08-04 15:05:00-04:00,724.6300048828125,725.0599975585938,724.3900146484375,725.030029296875,362184,0.0,0.0,0.0
2026-08-04 15:10:00-04:00,725.02001953125,725.2000122070312,724.8499755859375,724.9550170898438,625112,0.0,0.0,0.0
2026-08-04 15:15:00-04:00,724.9500122070312,725.3800048828125,724.8599853515625,725.2750244140625,379831,0.0,0.0,0.0
2026-08-04 15:20:00-04:00,725.260009765625,725.3250122070312,724.719970703125,724.8200073242188,370813,0.0,0.0,0.0
2026-08-04 15:25:00-04:00,724.8350219726562,724.9500122070312,724.010009765625,724.2943725585938,470770,0.0,0.0,0.0
2026-08-04 15:30:00-04:00,724.2849731445312,724.6599731445312,724.030029296875,724.5750122070312,424834,0.0,0.0,0.0
2026-08-04 15:35:00-04:00,724.5750122070312,725.0499877929688,724.3900146484375,724.8300170898438,499058,0.0,0.0,0.0
2026-08-04 15:40:00-04:00,724.8099975585938,725.530029296875,724.780029296875,725.489990234375,410926,0.0,0.0,0.0
2026-08-04 15:45:00-04:00,725.489990234375,725.6500244140625,724.760009765625,724.8099975585938,870606,0.0,0.0,0.0
2026-08-04 15:50:00-04:00,724.8200073242188,725.0,723.60009765625,723.60498046875,1224051,0.0,0.0,0.0
2026-08-04 15:55:00-04:00,723.6300048828125,724.2100219726562,723.0999755859375,723.6799926757812,2934970,0.0,0.0,0.0
2026-08-05 09:30:00-04:00,726.2249755859375,727.0900268554688,725.2249755859375,727.0800170898438,2436254,0.0,0.0,0.0
2026-08-05 09:35:00-04:00,727.0599975585938,727.489990234375,724.6300048828125,726.8674926757812,850123,0.0,0.0,0.0
2026-08-05 09:40:00-04:00,726.85498046875,728.182373046875,726.364990234375,728.0399780273438,717187,0.0,0.0,0.0
2026-08-05 09:45:00-04:00,728.094970703125,728.5399780273438,727.2100219726562,728.1400146484375,572800,0.0,0.0,0.0
2026-08-05 09:50:00-04:00,728.1915893554688,728.3900146484375,726.0850219726562,727.4199829101562,790050,0.0,0.0,0.0
2026-08-05 09:55:00-04:00,727.4299926757812,728.1900024414062,726.3599853515625,727.989990234375,424648,0.0,0.0,0.0
2026-08-05 10:00:00-04:00,727.9000244140625,727.9000244140625,724.8099975585938,725.9199829101562,672918,0.0,0.0,0.0
2026-08-05 10:05:00-04:00,725.9299926757812,727.489990234375,725.864990234375,726.8499755859375,788487,0.0,0.0,0.0
2026-08-05 10:10:00-04:00,726.8499755859375,727.25,726.0700073242188,726.7100219726562,332437,0.0,0.0,0.0
2026-08-05 10:15:00-04:00,726.739990234375,727.4000244140625,726.1199951171875,726.169921875,191705,0.0,0.0,0.0
2026-08-05 10:20:00-04:00,726.1649780273438,726.219970703125,724.4000244140625,725.7949829101562,811684,0.0,0.0,0.0
2026-08-05 10:25:00-04:00,725.7849731445312,726.4849853515625,724.635009765625,724.719970703125,478341,0.0,0.0,0.0
2026-08-05 10:30:00-04:00,724.6699829101562,724.7999267578125,723.1900024414062,723.9500122070312,596150,0.0,0.0,0.0
2026-08-05 10:35:00-04:00,723.9500122070312,724.6699829101562,722.8560791015625,722.864990234375,515020,0.0,0.0,0.0
2026-08-05 10:40:00-04:00,722.8599853515625,723.5999755859375,722.4799194335938,723.371826171875,597027,0.0,0.0,0.0
2026-08-05 10:45:00-04:00,723.3800048828125,724.4299926757812,722.8099975585938,724.1199951171875,1527117,0.0,0.0,0.0
2026-08-05 10:50:00-04:00,724.1199951171875,724.4349975585938,721.5999755859375,722.4500122070312,616137,0.0,0.0,0.0
2026-08-05 10:55:00-04:00,722.4400024414062,723.4000244140625,721.9299926757812,723.0399780273438,565816,0.0,0.0,0.0
2026-08-05 11:00:00-04:00,723.0700073242188,723.8150024414062,722.510009765625,722.9830932617188,462392,0.0,0.0,0.0
2026-08-05 11:05:00-04:00,723.0,723.989990234375,722.5750732421875,723.6300048828125,595707,0.0,0.0,0.0
2026-08-05 11:10:00-04:00,723.5999755859375,724.114990234375,722.7150268554688,722.8400268554688,248772,0.0,0.0,0.0
2026-08-05 11:15:00-04:00,722.8400268554688,723.0650024414062,721.02001953125,722.6400146484375,623688,0.0,0.0,0.0
2026-08-05 11:20:00-04:00,722.630126953125,723.0650024414062,722.2100830078125,722.3599853515625,268611,0.0,0.0,0.0
2026-08-05 11:25:00-04:00,722.3250122070312,722.65380859375,721.77099609375,722.0850219726562,287987,0.0,0.0,0.0
2026-08-05 11:30:00-04:00,722.0800170898438,723.3250122070312,722.0349731445312,722.3599853515625,293455,0.0,0.0,0.0
2026-08-05 11:35:00-04:00,722.3300170898438,723.2000122070312,722.3300170898438,722.9337158203125,159850,0.0,0.0,0.0
2026-08-05 11:40:00-04:00,722.9400024414062,723.135009765625,722.1699829101562,722.3499755859375,147521,0.0,0.0,0.0
2026-08-05 11:45:00-04:00,722.3599243164062,722.3599243164062,721.5800170898438,721.6900024414062,191950,0.0,0.0,0.0
2026-08-05 11:50:00-04:00,721.6950073242188,722.030029296875,721.1799926757812,721.2999877929688,427847,0.0,0.0,0.0
2026-08-05 11:55:00-04:00,721.2949829101562,721.3049926757812,719.77001953125,720.3499755859375,459460,0.0,0.0,0.0
2026-08-05 12:00:00-04:00,720.3800048828125,721.030029296875,719.719970703125,720.864990234375,414510,0.0,0.0,0.0
2026-08-05 12:05:00-04:00,720.8499755859375,720.9378051757812,719.52001953125,719.97802734375,450218,0.0,0.0,0.0
2026-08-05 12:10:00-04:00,719.9819946289062,720.219970703125,719.489990234375,720.1799926757812,441526,0.0,0.0,0.0
2026-08-05 12:15:00-04:00,720.2000122070312,720.9500122070312,719.8905029296875,720.3499755859375,312892,0.0,0.0,0.0
2026-08-05 12:20:00-04:00,720.3764038085938,721.8099975585938,720.3499755859375,721.155029296875,462384,0.0,0.0,0.0
2026-08-05 12:25:00-04:00,721.1599731445312,722.7100219726562,721.1599731445312,722.6649780273438,364099,0.0,0.0,0.0
2026-08-05 12:30:00-04:00,722.655029296875,722.8800048828125,721.1699829101562,721.8400268554688,256971,0.0,0.0,0.0
2026-08-05 12:35:00-04:00,721.8300170898438,722.1699829101562,721.260009765625,721.8200073242188,144632,0.0,0.0,0.0
2026-08-05 12:40:00-04:00,721.8599853515625,722.4149780273438,721.5599975585938,721.6500244140625,177352,0.0,0.0,0.0
2026-08-05 12:45:00-04:00,721.6580200195312,721.927978515625,721.4000244140625,721.6599731445312,142372,0.0,0.0,0.0
2026-08-05 12:50:00-04:00,721.6199951171875,722.5289916992188,721.5700073242188,722.3300170898438,227101,0.0,0.0,0.0
2026-08-05 12:55:00-04:00,722.2999877929688,722.469970703125,721.9813232421875,722.1300048828125,280067,0.0,0.0,0.0
2026-08-05 13:00:00-04:00,722.1699829101562,722.4000244140625,721.2100219726562,721.3507080078125,205430,0.0,0.0,0.0
2026-08-05 13:05:00-04:00,721.3300170898438,721.5599975585938,720.7703247070312,720.9450073242188,178019,0.0,0.0,0.0
2026-08-05 13:10:00-04:00,720.9636840820312,721.5089721679688,720.5499877929688,721.1400146484375,158452,0.0,0.0,0.0
2026-08-05 13:15:00-04:00,721.0999755859375,721.4149780273438,720.6400146484375,720.97998046875,146921,0.0,0.0,0.0
2026-08-05 13:20:00-04:00,720.9400024414062,721.0700073242188,720.4500122070312,721.0399780273438,141265,0.0,0.0,0.0
2026-08-05 13:25:00-04:00,721.02001953125,721.4392700195312,720.72998046875,720.77001953125,127057,0.0,0.0,0.0
2026-08-05 13:30:00-04:00,720.7999877929688,721.1649780273438,720.4099731445312,720.8099975585938,122139,0.0,0.0,0.0
2026-08-05 13:35:00-04:00,720.8499755859375,721.1300048828125,720.6699829101562,720.9199829101562,319452,0.0,0.0,0.0
2026-08-05 13:40:00-04:00,720.9000244140625,721.3699951171875,720.780029296875,720.8699951171875,86825,0.0,0.0,0.0
2026-08-05 13:45:00-04:00,720.760009765625,721.260009765625,720.3200073242188,721.0499877929688,121538,0.0,0.0,0.0
2026-08-05 13:50:00-04:00,721.0800170898438,721.27001953125,720.6900024414062,720.7581176757812,119107,0.0,0.0,0.0
2026-08-05 13:55:00-04:00,720.7000122070312,721.1599731445312,720.5750122070312,720.85498046875,78190,0.0,0.0,0.0
2026-08-05 14:00:00-04:00,720.864990234375,721.5599975585938,720.77001953125,721.489990234375,465415,0.0,0.0,0.0
2026-08-05 14:05:00-04:00,721.4600219726562,721.489990234375,720.8200073242188,721.1699829101562,280229,0.0,0.0,0.0
2026-08-05 14:10:00-04:00,721.1799926757812,721.510009765625,721.0,721.0,120420,0.0,0.0,0.0
2026-08-05 14:15:00-04:00,720.9400024414062,721.4600219726562,720.8200073242188,721.25,114400,0.0,0.0,0.0
2026-08-05 14:20:00-04:00,721.2200927734375,721.3699951171875,720.9199829101562,721.0800170898438,26092,0.0,0.0,0.0
2026-08-05 14:25:00-04:00,721.0599975585938,721.4199829101562,721.0499877929688,721.3099975585938,128854,0.0,0.0,0.0
2026-08-05 14:30:00-04:00,721.3200073242188,721.3200073242188,720.1300048828125,720.4099731445312,246057,0.0,0.0,0.0
2026-08-05 14:35:00-04:00,720.3699951171875,720.8499755859375,720.3300170898438,720.469970703125,188196,0.0,0.0,0.0
2026-08-05 14:40:00-04:00,720.4650268554688,720.6749877929688,720.2899780273438,720.47998046875,157214,0.0,0.0,0.0
2026-08-05 14:45:00-04:00,720.489990234375,721.030029296875,720.3800048828125,720.760009765625,250121,0.0,0.0,0.0
2026-08-05 14:50:00-04:00,720.7550048828125,720.9299926757812,720.47998046875,720.5599975585938,145626,0.0,0.0,0.0
2026-08-05 14:55:00-04:00,720.5599975585938,720.5900268554688,720.0499877929688,720.0900268554688,149564,0.0,0.0,0.0
2026-08-05 15:00:00-04:00,720.1099853515625,720.9500122070312,719.9400024414062,720.9099731445312,266205,0.0,0.0,0.0
2026-08-05 15:05:00-04:00,720.9298706054688,721.3499755859375,720.7899780273438,721.1099853515625,242984,0.0,0.0,0.0
2026-08-05 15:10:00-04:00,721.1389770507812,721.3499755859375,720.989990234375,721.280029296875,143850,0.0,0.0,0.0
2026-08-05 15:15:00-04:00,721.27001953125,721.4099731445312,721.0549926757812,721.097412109375,321905,0.0,0.0,0.0
2026-08-05 15:20:00-04:00,721.1099853515625,721.3099975585938,720.8350219726562,721.0850219726562,127723,0.0,0.0,0.0
2026-08-05 15:25:00-04:00,721.0700073242188,721.3391723632812,720.8599853515625,720.8887939453125,309580,0.0,0.0,0.0
2026-08-05 15:30:00-04:00,720.875,721.030029296875,720.1400146484375,720.27001953125,271304,0.0,0.0,0.0
2026-08-05 15:35:00-04:00,720.239990234375,720.4099731445312,719.8150024414062,719.9099731445312,445066,0.0,0.0,0.0
2026-08-05 15:40:00-04:00,719.885009765625,720.3690795898438,719.6599731445312,719.7799072265625,358633,0.0,0.0,0.0
2026-08-05 15:45:00-04:00,719.780029296875,719.9724731445312,719.260009765625,719.8599853515625,448665,0.0,0.0,0.0
2026-08-05 15:50:00-04:00,719.9500122070312,720.3200073242188,719.5250244140625,719.7750244140625,499199,0.0,0.0,0.0
2026-08-05 15:55:00-04:00,719.780029296875,719.8400268554688,716.9299926757812,717.219970703125,1446764,0.0,0.0,0.0
2026-08-06 09:30:00-04:00,710.760009765625,711.6400146484375,708.5,710.9149780273438,2968857,0.0,0.0,0.0
2026-08-06 09:35:00-04:00,710.905029296875,713.5250244140625,710.530517578125,712.02001953125,877424,0.0,0.0,0.0
2026-08-06 09:40:00-04:00,711.989990234375,714.1640014648438,711.7899780273438,713.780029296875,881779,0.0,0.0,0.0
2026-08-06 09:45:00-04:00,713.780029296875,715.6400146484375,713.52001953125,715.4400024414062,1033606,0.0,0.0,0.0
2026-08-06 09:50:00-04:00,715.4500122070312,716.030029296875,714.5800170898438,714.8499755859375,623973,0.0,0.0,0.0
2026-08-06 09:55:00-04:00,714.8699951171875,715.719970703125,714.4819946289062,715.47998046875,425934,0.0,0.0,0.0
2026-08-06 10:00:00-04:00,715.5,716.1900024414062,714.52001953125,715.1699829101562,670649,0.0,0.0,0.0
2026-08-06 10:05:00-04:00,715.2999877929688,716.8400268554688,714.9786987304688,716.7249755859375,594316,0.0,0.0,0.0
2026-08-06 10:10:00-04:00,716.75,717.719970703125,716.7100219726562,717.4550170898438,637695,0.0,0.0,0.0
2026-08-06 10:15:00-04:00,717.4400024414062,718.510009765625,716.9000244140625,718.2100219726562,786703,0.0,0.0,0.0
2026-08-06 10:20:00-04:00,718.22998046875,718.8599853515625,717.97998046875,718.02001953125,629281,0.0,0.0,0.0
2026-08-06 10:25:00-04:00,718.0900268554688,718.2160034179688,716.4199829101562,716.8400268554688,636288,0.0,0.0,0.0
2026-08-06 10:30:00-04:00,716.9500122070312,718.1699829101562,716.6599731445312,718.0499877929688,416755,0.0,0.0,0.0
2026-08-06 10:35:00-04:00,717.97998046875,718.4600219726562,716.0499877929688,716.0780029296875,390663,0.0,0.0,0.0
2026-08-06 10:40:00-04:00,716.0700073242188,717.7537841796875,715.9000244140625,716.7999877929688,368724,0.0,0.0,0.0
2026-08-06 10:45:00-04:00,716.8173828125,716.8173828125,715.614990234375,716.2100219726562,382923,0.0,0.0,0.0
2026-08-06 10:50:00-04:00,716.1799926757812,717.5499877929688,716.0,717.5399780273438,341575,0.0,0.0,0.0
2026-08-06 10:55:00-04:00,717.594970703125,718.625,717.2000122070312,718.5919799804688,312137,0.0,0.0,0.0
2026-08-06 11:00:00-04:00,718.6500244140625,719.0900268554688,717.2100219726562,717.489990234375,378343,0.0,0.0,0.0
2026-08-06 11:05:00-04:00,717.52001953125,719.0,717.52001953125,718.9500122070312,303177,0.0,0.0,0.0
2026-08-06 11:10:00-04:00,718.9600219726562,719.3200073242188,718.22998046875,718.3400268554688,333721,0.0,0.0,0.0
2026-08-06 11:15:00-04:00,718.3200073242188,718.75,716.72998046875,716.739990234375,397707,0.0,0.0,0.0
2026-08-06 11:20:00-04:00,716.739990234375,717.3201293945312,716.3699951171875,716.6799926757812,362919,0.0,0.0,0.0
2026-08-06 11:25:00-04:00,716.6608276367188,717.4979858398438,716.4000244140625,717.4199829101562,253387,0.0,0.0,0.0
2026-08-06 11:30:00-04:00,717.47998046875,717.8599243164062,716.0800170898438,716.0800170898438,253826,0.0,0.0,0.0
2026-08-06 11:35:00-04:00,716.0900268554688,716.72998046875,715.75,716.389892578125,297022,0.0,0.0,0.0
2026-08-06 11:40:00-04:00,716.3900146484375,716.8400268554688,715.594970703125,715.6253051757812,213842,0.0,0.0,0.0
2026-08-06 11:45:00-04:00,715.619873046875,717.52001953125,715.5399780273438,716.9000244140625,299558,0.0,0.0,0.0
2026-08-06 11:50:00-04:00,716.9650268554688,717.7999877929688,715.344970703125,715.4299926757812,472283,0.0,0.0,0.0
2026-08-06 11:55:00-04:00,715.4299926757812,716.1199951171875,714.9650268554688,715.1699829101562,280272,0.0,0.0,0.0
2026-08-06 12:00:00-04:00,715.1699829101562,715.3499755859375,714.2899780273438,714.822021484375,316576,0.0,0.0,0.0
2026-08-06 12:05:00-04:00,714.8400268554688,715.8099975585938,714.6740112304688,715.4000244140625,274449,0.0,0.0,0.0
2026-08-06 12:10:00-04:00,715.5,715.7999877929688,714.4000244140625,714.489990234375,292205,0.0,0.0,0.0
2026-08-06 12:15:00-04:00,714.510009765625,714.9000244140625,713.6589965820312,714.635009765625,419984,0.0,0.0,0.0
2026-08-06 12:20:00-04:00,714.6500244140625,714.7369995117188,713.530029296875,714.47998046875,362944,0.0,0.0,0.0
2026-08-06 12:25:00-04:00,714.5,714.6300048828125,713.9099731445312,714.0900268554688,309266,0.0,0.0,0.0
2026-08-06 12:30:00-04:00,714.1099853515625,714.9600219726562,713.8599853515625,714.2650146484375,295621,0.0,0.0,0.0
2026-08-06 12:35:00-04:00,714.280029296875,715.3200073242188,714.0,715.3200073242188,333815,0.0,0.0,0.0
2026-08-06 12:40:00-04:00,715.3499755859375,715.4299926757812,714.2100219726562,714.2349853515625,173746,0.0,0.0,0.0
2026-08-06 12:45:00-04:00,714.2479858398438,715.125,714.0250244140625,715.10498046875,178398,0.0,0.0,0.0
2026-08-06 12:50:00-04:00,715.119873046875,715.5798950195312,714.9099731445312,715.0399780273438,201820,0.0,0.0,0.0
2026-08-06 12:55:00-04:00,715.0599975585938,716.1599731445312,715.010009765625,716.14990234375,313103,0.0,0.0,0.0
2026-08-06 13:00:00-04:00,716.1400146484375,716.5800170898438,715.7899780273438,715.8599853515625,279876,0.0,0.0,0.0
2026-08-06 13:05:00-04:00,715.9199829101562,716.5650024414062,715.5700073242188,715.719970703125,137590,0.0,0.0,0.0
2026-08-06 13:10:00-04:00,715.6649780273438,715.9600219726562,715.219970703125,715.3400268554688,127507,0.0,0.0,0.0
2026-08-06 13:15:00-04:00,715.35498046875,716.0020141601562,715.0700073242188,715.780029296875,103689,0.0,0.0,0.0
2026-08-06 13:20:00-04:00,715.8099975585938,715.9849853515625,715.25,715.3250122070312,169191,0.0,0.0,0.0
2026-08-06 13:25:00-04:00,715.3599853515625,715.969970703125,715.3599853515625,715.3900146484375,183297,0.0,0.0,0.0
2026-08-06 13:30:00-04:00,715.3900146484375,715.75,715.280029296875,715.5150146484375,172576,0.0,0.0,0.0
2026-08-06 13:35:00-04:00,715.5349731445312,715.75,715.02001953125,715.0800170898438,124006,0.0,0.0,0.0
2026-08-06 13:40:00-04:00,715.0999755859375,715.25,714.60498046875,715.0,202808,0.0,0.0,0.0
2026-08-06 13:45:00-04:00,715.0599975585938,715.260009765625,714.7000122070312,714.7000122070312,207531,0.0,0.0,0.0
2026-08-06 13:50:00-04:00,714.7000122070312,715.4500122070312,714.6199951171875,715.27001953125,167986,0.0,0.0,0.0
2026-08-06 13:55:00-04:00,715.22998046875,715.52001953125,714.969970703125,715.4099731445312,96159,0.0,0.0,0.0
2026-08-06 14:00:00-04:00,715.47998046875,715.6500244140625,714.9199829101562,715.489990234375,250231,0.0,0.0,0.0
2026-08-06 14:05:00-04:00,715.4498901367188,715.66552734375,715.1599731445312,715.5399780273438,163308,0.0,0.0,0.0
2026-08-06 14:10:00-04:00,715.5449829101562,715.8599853515625,715.1950073242188,715.760009765625,249154,0.0,0.0,0.0
2026-08-06 14:15:00-04:00,715.7899780273438,716.469970703125,714.0,716.010009765625,548199,0.0,0.0,0.0
2026-08-06 14:20:00-04:00,716.0499877929688,716.5499877929688,715.9450073242188,716.3800048828125,230745,0.0,0.0,0.0
2026-08-06 14:25:00-04:00,716.3800048828125,716.4299926757812,715.8699951171875,716.1199951171875,165439,0.0,0.0,0.0
2026-08-06 14:30:00-04:00,716.0999755859375,716.2100219726562,715.52001953125,715.594970703125,205075,0.0,0.0,0.0
2026-08-06 14:35:00-04:00,715.5499877929688,715.85498046875,715.1099853515625,715.1599731445312,194332,0.0,0.0,0.0
2026-08-06 14:40:00-04:00,715.2100219726562,715.2999877929688,714.760009765625,715.219970703125,197406,0.0,0.0,0.0
2026-08-06 14:45:00-04:00,715.239990234375,715.5999755859375,714.969970703125,715.0,259342,0.0,0.0,0.0
2026-08-06 14:50:00-04:00,715.0186767578125,715.219970703125,714.8800048828125,715.0562133789062,191889,0.0,0.0,0.0
2026-08-06 14:55:00-04:00,715.0499877929688,715.4298706054688,714.9400024414062,715.0700073242188,270161,0.0,0.0,0.0
2026-08-06 15:00:00-04:00,715.0800170898438,716.260009765625,715.0,716.239990234375,347777,0.0,0.0,0.0
2026-08-06 15:05:00-04:00,716.2100219726562,716.364990234375,715.5499877929688,716.27001953125,413108,0.0,0.0,0.0
2026-08-06 15:10:00-04:00,716.2999877929688,716.405029296875,715.510009765625,715.5700073242188,227941,0.0,0.0,0.0
2026-08-06 15:15:00-04:00,715.5800170898438,715.6597900390625,715.3300170898438,715.3800048828125,165767,0.0,0.0,0.0
2026-08-06 15:20:00-04:00,715.3900146484375,715.9500122070312,714.9000244140625,714.9249877929688,318852,0.0,0.0,0.0
2026-08-06 15:25:00-04:00,714.9249877929688,715.3049926757812,714.6599731445312,714.9000244140625,288118,0.0,0.0,0.0
2026-08-06 15:30:00-04:00,714.9000244140625,715.8099975585938,714.4600219726562,715.6599731445312,278795,0.0,0.0,0.0
2026-08-06 15:35:00-04:00,715.6500244140625,715.6500244140625,714.9400024414062,714.969970703125,170332,0.0,0.0,0.0
2026-08-06 15:40:00-04:00,714.9500122070312,715.0684814453125,714.5426025390625,714.8400268554688,350452,0.0,0.0,0.0
2026-08-06 15:45:00-04:00,714.8200073242188,715.02001953125,714.4149780273438,714.905029296875,537578,0.0,0.0,0.0
2026-08-06 15:50:00-04:00,714.9099731445312,715.5900268554688,714.110107421875,715.469970703125,691843,0.0,0.0,0.0
2026-08-06 15:55:00-04:00,715.469970703125,715.469970703125,714.1699829101562,714.6199951171875,1253341,0.0,0.0,0.0
2026-08-07 09:30:00-04:00,720.1900024414062,722.5449829101562,719.5,722.3895263671875,3047596,0.0,0.0,0.0
2026-08-07 09:35:00-04:00,722.3599853515625,722.4650268554688,719.7999877929688,720.6099853515625,601896,0.0,0.0,0.0
2026-08-07 09:40:00-04:00,720.6400146484375,722.1400146484375,719.9199829101562,721.973876953125,517685,0.0,0.0,0.0
2026-08-07 09:45:00-04:00,721.9000244140625,722.7100219726562,720.0800170898438,721.5650024414062,465611,0.0,0.0,0.0
2026-08-07 09:50:00-04:00,721.5800170898438,722.219482421875,720.9400024414062,721.1699829101562,505831,0.0,0.0,0.0
2026-08-07 09:55:00-04:00,721.0399780273438,721.280029296875,718.4600219726562,719.3099975585938,603642,0.0,0.0,0.0
2026-08-07 10:00:00-04:00,719.3049926757812,720.0900268554688,717.7999877929688,717.8049926757812,453886,0.0,0.0,0.0
2026-08-07 10:05:00-04:00,717.7999877929688,719.3900146484375,717.7000122070312,718.0900268554688,474994,0.0,0.0,0.0
2026-08-07 10:10:00-04:00,718.094970703125,718.5399780273438,716.52001953125,716.9749755859375,646240,0.0,0.0,0.0
2026-08-07 10:15:00-04:00,716.989990234375,720.2150268554688,716.5999755859375,720.1900024414062,629039,0.0,0.0,0.0
2026-08-07 10:20:00-04:00,720.22998046875,720.7999877929688,719.4299926757812,719.8101196289062,571082,0.0,0.0,0.0
2026-08-07 10:25:00-04:00,719.8099975585938,721.6500244140625,719.8099975585938,721.25,536351,0.0,0.0,0.0
2026-08-07 10:30:00-04:00,721.2680053710938,721.5399780273438,720.0800170898438,720.489990234375,437510,0.0,0.0,0.0
2026-08-07 10:35:00-04:00,720.49658203125,720.8099975585938,719.0549926757812,719.22998046875,422604,0.0,0.0,0.0
2026-08-07 10:40:00-04:00,719.239990234375,720.2000122070312,718.8300170898438,719.1599731445312,328769,0.0,0.0,0.0
2026-08-07 10:45:00-04:00,719.1599731445312,720.5499877929688,718.989990234375,719.9699096679688,320297,0.0,0.0,0.0
2026-08-07 10:50:00-04:00,719.9000244140625,720.3800048828125,718.9949951171875,719.2999877929688,279851,0.0,0.0,0.0
2026-08-07 10:55:00-04:00,719.3800048828125,720.5499267578125,719.1900024414062,720.27001953125,281265,0.0,0.0,0.0
2026-08-07 11:00:00-04:00,720.27001953125,720.885009765625,720.030029296875,720.8200073242188,403530,0.0,0.0,0.0
2026-08-07 11:05:00-04:00,720.8300170898438,721.4000244140625,720.75,721.0999755859375,316886,0.0,0.0,0.0
2026-08-07 11:10:00-04:00,721.1300048828125,721.75,720.6900024414062,721.2100219726562,413793,0.0,0.0,0.0
2026-08-07 11:15:00-04:00,721.1900024414062,721.3800048828125,720.89501953125,721.1599731445312,288658,0.0,0.0,0.0
2026-08-07 11:20:00-04:00,721.1699829101562,722.1480102539062,721.0399780273438,722.0700073242188,484661,0.0,0.0,0.0
2026-08-07 11:25:00-04:00,722.0700073242188,722.8599853515625,722.039794921875,722.7999877929688,444062,0.0,0.0,0.0
2026-08-07 11:30:00-04:00,722.7999877929688,723.4998779296875,722.7999877929688,723.1099853515625,588503,0.0,0.0,0.0
2026-08-07 11:35:00-04:00,723.1599731445312,723.2100219726562,722.6199951171875,722.76318359375,344105,0.0,0.0,0.0
2026-08-07 11:40:00-04:00,722.8200073242188,723.0650024414062,722.04052734375,722.4400024414062,262754,0.0,0.0,0.0
2026-08-07 11:45:00-04:00,722.4099731445312,722.989990234375,722.239990234375,722.8800048828125,366687,0.0,0.0,0.0
2026-08-07 11:50:00-04:00,722.8800048828125,723.2000122070312,722.0900268554688,722.5399780273438,475805,0.0,0.0,0.0
2026-08-07 11:55:00-04:00,722.5499877929688,722.6799926757812,722.0999755859375,722.489990234375,246287,0.0,0.0,0.0
2026-08-07 12:00:00-04:00,722.5300903320312,722.6599731445312,722.0599975585938,722.4650268554688,210252,0.0,0.0,0.0
2026-08-07 12:05:00-04:00,722.4400024414062,722.9099731445312,722.4000244140625,722.780029296875,250845,0.0,0.0,0.0
2026-08-07 12:10:00-04:00,722.780029296875,722.8599853515625,722.1699829101562,722.1950073242188,347167,0.0,0.0,0.0
2026-08-07 12:15:00-04:00,722.1500244140625,722.6199951171875,721.8900146484375,722.030029296875,142952,0.0,0.0,0.0
2026-08-07 12:20:00-04:00,722.0449829101562,722.635009765625,720.8699951171875,720.9299926757812,309595,0.0,0.0,0.0
2026-08-07 12:25:00-04:00,720.8599853515625,721.0449829101562,719.5015869140625,720.0999755859375,361449,0.0,0.0,0.0
2026-08-07 12:30:00-04:00,720.0999755859375,720.6699829101562,719.0499877929688,720.6262817382812,366295,0.0,0.0,0.0
2026-08-07 12:35:00-04:00,720.5999755859375,721.125,720.22998046875,721.0050048828125,237295,0.0,0.0,0.0
2026-08-07 12:40:00-04:00,721.0,721.2100219726562,720.5999755859375,721.0499877929688,225012,0.0,0.0,0.0
2026-08-07 12:45:00-04:00,721.0800170898438,721.5,721.0549926757812,721.3699951171875,258521,0.0,0.0,0.0
2026-08-07 12:50:00-04:00,721.3800048828125,721.6799926757812,720.72998046875,720.8200073242188,266786,0.0,0.0,0.0
2026-08-07 12:55:00-04:00,720.8800048828125,721.2899780273438,720.6799926757812,720.6799926757812,128470,0.0,0.0,0.0
2026-08-07 13:00:00-04:00,720.6799926757812,721.1099853515625,720.39501953125,720.8099975585938,256121,0.0,0.0,0.0
2026-08-07 13:05:00-04:00,720.7999267578125,721.3699951171875,720.7849731445312,721.2999877929688,157817,0.0,0.0,0.0
2026-08-07 13:10:00-04:00,721.3099975585938,721.3599853515625,720.5800170898438,720.60498046875,129126,0.0,0.0,0.0
2026-08-07 13:15:00-04:00,720.6099853515625,721.1679077148438,720.5,721.1199951171875,141956,0.0,0.0,0.0
2026-08-07 13:20:00-04:00,721.1165161132812,721.2996215820312,720.5,720.5499267578125,117482,0.0,0.0,0.0
2026-08-07 13:25:00-04:00,720.5499877929688,721.1099853515625,720.3800048828125,720.9199829101562,134302,0.0,0.0,0.0
2026-08-07 13:30:00-04:00,720.9000244140625,721.0599975585938,720.419921875,720.6013793945312,189647,0.0,0.0,0.0
2026-08-07 13:35:00-04:00,720.6400146484375,721.27001953125,720.5999755859375,721.2219848632812,98575,0.0,0.0,0.0
2026-08-07 13:40:00-04:00,721.25,721.2587890625,720.7000122070312,720.83251953125,217069,0.0,0.0,0.0
2026-08-07 13:45:00-04:00,720.8300170898438,721.0599975585938,720.719970703125,720.8599853515625,94665,0.0,0.0,0.0
2026-08-07 13:50:00-04:00,720.8699951171875,721.1599731445312,720.6300048828125,720.97998046875,120593,0.0,0.0,0.0
2026-08-07 13:55:00-04:00,720.97998046875,721.1489868164062,720.7999877929688,720.7999877929688,102984,0.0,0.0,0.0
2026-08-07 14:00:00-04:00,720.7949829101562,721.0700073242188,720.75,720.889892578125,136409,0.0,0.0,0.0
2026-08-07 14:05:00-04:00,720.8900146484375,721.0499877929688,720.580078125,720.8099975585938,167683,0.0,0.0,0.0
2026-08-07 14:10:00-04:00,720.8099975585938,720.9199829101562,720.0800170898438,720.2000122070312,171239,0.0,0.0,0.0
2026-08-07 14:15:00-04:00,720.260009765625,720.5900268554688,720.1624755859375,720.4249877929688,222624,0.0,0.0,0.0
2026-08-07 14:20:00-04:00,720.4099731445312,720.52001953125,720.0800170898438,720.219970703125,120140,0.0,0.0,0.0
2026-08-07 14:25:00-04:00,720.2000122070312,720.27001953125,719.8201293945312,719.8900146484375,118728,0.0,0.0,0.0
2026-08-07 14:30:00-04:00,719.9000244140625,720.3499755859375,719.780029296875,719.864990234375,203016,0.0,0.0,0.0
2026-08-07 14:35:00-04:00,719.875,720.010009765625,719.5401000976562,719.7100219726562,210933,0.0,0.0,0.0
2026-08-07 14:40:00-04:00,719.7100219726562,719.7999877929688,719.27001953125,719.2999877929688,240939,0.0,0.0,0.0
2026-08-07 14:45:00-04:00,719.3150024414062,719.7999877929688,719.2349853515625,719.75,333306,0.0,0.0,0.0
2026-08-07 14:50:00-04:00,719.7449951171875,720.0499877929688,719.6599731445312,719.7000122070312,143009,0.0,0.0,0.0
2026-08-07 14:55:00-04:00,719.7299194335938,720.489990234375,719.5,720.3800048828125,357571,0.0,0.0,0.0
2026-08-07 15:00:00-04:00,720.3699951171875,721.469970703125,720.344970703125,720.8400268554688,459540,0.0,0.0,0.0
2026-08-07 15:05:00-04:00,720.8300170898438,722.0,720.8250122070312,721.97998046875,329098,0.0,0.0,0.0
2026-08-07 15:10:00-04:00,722.0,722.4000244140625,721.989990234375,722.169921875,437616,0.0,0.0,0.0
2026-08-07 15:15:00-04:00,722.1699829101562,722.719970703125,721.9802856445312,721.9949951171875,369083,0.0,0.0,0.0
2026-08-07 15:20:00-04:00,722.0,722.510009765625,722.0,722.1099853515625,332395,0.0,0.0,0.0
2026-08-07 15:25:00-04:00,722.0900268554688,722.4299926757812,722.056396484375,722.4199829101562,148357,0.0,0.0,0.0
2026-08-07 15:30:00-04:00,722.4249877929688,722.4249877929688,721.5900268554688,721.6337280273438,314208,0.0,0.0,0.0
2026-08-07 15:35:00-04:00,721.64501953125,722.1799926757812,721.530029296875,722.0449829101562,300170,0.0,0.0,0.0
2026-08-07 15:40:00-04:00,722.0399780273438,722.0900268554688,721.5001831054688,721.669921875,307161,0.0,0.0,0.0
2026-08-07 15:45:00-04:00,721.6500244140625,722.0499877929688,721.6199951171875,721.9398803710938,342164,0.0,0.0,0.0
2026-08-07 15:50:00-04:00,721.9000244140625,722.97998046875,721.8300170898438,722.8499755859375,523657,0.0,0.0,0.0
2026-08-07 15:55:00-04:00,722.8499755859375,723.6199951171875,722.5900268554688,723.0150146484375,1648862,0.0,0.0,0.0
2026-08-10 09:30:00-04:00,722.6500244140625,723.25,720.75,720.8300170898438,1942042,0.0,0.0,0.0
2026-08-10 09:35:00-04:00,720.7899780273438,722.5,720.576171875,721.3699951171875,588519,0.0,0.0,0.0
2026-08-10 09:40:00-04:00,721.39501953125,721.9669799804688,720.3400268554688,721.6900024414062,400397,0.0,0.0,0.0
2026-08-10 09:45:00-04:00,721.719970703125,722.9199829101562,721.5499877929688,722.719970703125,428139,0.0,0.0,0.0
2026-08-10 09:50:00-04:00,722.739990234375,723.0599975585938,721.2000122070312,721.719970703125,680484,0.0,0.0,0.0
2026-08-10 09:55:00-04:00,721.6849975585938,722.7000122070312,721.27001953125,722.469970703125,407023,0.0,0.0,0.0
2026-08-10 10:00:00-04:00,722.469970703125,723.0700073242188,722.0399780273438,722.7650146484375,417665,0.0,0.0,0.0
2026-08-10 10:05:00-04:00,722.75,724.0999755859375,722.719970703125,724.0900268554688,851642,0.0,0.0,0.0
2026-08-10 10:10:00-04:00,724.0800170898438,724.5050048828125,724.010009765625,724.239990234375,704978,0.0,0.0,0.0
2026-08-10 10:15:00-04:00,724.2349853515625,724.6699829101562,723.6400146484375,723.8599853515625,326047,0.0,0.0,0.0
2026-08-10 10:20:00-04:00,723.760009765625,724.3200073242188,722.9600219726562,723.2000122070312,328870,0.0,0.0,0.0
2026-08-10 10:25:00-04:00,723.2349853515625,723.9500122070312,722.6400146484375,723.6699829101562,260538,0.0,0.0,0.0
2026-08-10 10:30:00-04:00,723.7098999023438,724.239990234375,723.5250244140625,723.7587280273438,650750,0.0,0.0,0.0
2026-08-10 10:35:00-04:00,723.77001953125,724.52001953125,723.4099731445312,723.719482421875,456249,0.0,0.0,0.0
2026-08-10 10:40:00-04:00,723.7100219726562,724.239990234375,723.6099853515625,723.9099731445312,241164,0.0,0.0,0.0
2026-08-10 10:45:00-04:00,723.8900146484375,724.322509765625,723.8192138671875,723.969970703125,262232,0.0,0.0,0.0
2026-08-10 10:50:00-04:00,724.030029296875,724.1099853515625,722.1500244140625,722.2100219726562,485495,0.0,0.0,0.0
2026-08-10 10:55:00-04:00,722.1699829101562,722.6300048828125,721.75,721.780029296875,452900,0.0,0.0,0.0
2026-08-10 11:00:00-04:00,721.8400268554688,722.6300048828125,721.5700073242188,722.2698974609375,341777,0.0,0.0,0.0
2026-08-10 11:05:00-04:00,722.280029296875,722.77001953125,721.8499755859375,721.8499755859375,190974,0.0,0.0,0.0
2026-08-10 11:10:00-04:00,721.8599853515625,722.3599853515625,721.4400024414062,722.1099853515625,156537,0.0,0.0,0.0
2026-08-10 11:15:00-04:00,722.0800170898438,722.6400146484375,722.0,722.25,148388,0.0,0.0,0.0
2026-08-10 11:20:00-04:00,722.260498046875,722.469970703125,721.6300048828125,721.8599853515625,188892,0.0,0.0,0.0
2026-08-10 11:25:00-04:00,721.85498046875,721.969970703125,721.14501953125,721.6900024414062,205061,0.0,0.0,0.0
2026-08-10 11:30:00-04:00,721.6500244140625,721.8900146484375,721.010009765625,721.030029296875,204699,0.0,0.0,0.0
2026-08-10 11:35:00-04:00,721.0399780273438,721.5,720.8300170898438,721.3400268554688,192850,0.0,0.0,0.0
2026-08-10 11:40:00-04:00,721.3200073242188,722.4650268554688,721.1199951171875,722.4600219726562,199240,0.0,0.0,0.0
2026-08-10 11:45:00-04:00,722.5399780273438,722.7000122070312,721.9600219726562,722.1300048828125,196495,0.0,0.0,0.0
2026-08-10 11:50:00-04:00,722.1699829101562,723.4310302734375,722.1099853515625,723.389892578125,301797,0.0,0.0,0.0
2026-08-10 11:55:00-04:00,723.375,723.5562133789062,723.1649780273438,723.3049926757812,198251,0.0,0.0,0.0
2026-08-10 12:00:00-04:00,723.3250122070312,723.64501953125,723.25,723.4299926757812,163568,0.0,0.0,0.0
2026-08-10 12:05:00-04:00,723.4000244140625,723.469970703125,722.6500244140625,722.8599853515625,449788,0.0,0.0,0.0
2026-08-10 12:10:00-04:00,722.8599853515625,723.0499877929688,722.5399780273438,722.780029296875,149447,0.0,0.0,0.0
2026-08-10 12:15:00-04:00,722.7100219726562,723.0800170898438,722.3800048828125,722.760009765625,207872,0.0,0.0,0.0
2026-08-10 12:20:00-04:00,722.75,723.2208251953125,722.655029296875,723.2194213867188,108976,0.0,0.0,0.0
2026-08-10 12:25:00-04:00,723.219970703125,723.2999877929688,722.4700927734375,722.47998046875,113038,0.0,0.0,0.0
2026-08-10 12:30:00-04:00,722.4500122070312,722.6500244140625,720.7999877929688,721.7000122070312,589238,0.0,0.0,0.0
2026-08-10 12:35:00-04:00,721.739990234375,722.1699829101562,721.3200073242188,721.530029296875,235336,0.0,0.0,0.0
2026-08-10 12:40:00-04:00,721.5,721.639892578125,720.5700073242188,720.7849731445312,237501,0.0,0.0,0.0
2026-08-10 12:45:00-04:00,720.8900146484375,721.469970703125,720.6400146484375,721.469970703125,184693,0.0,0.0,0.0
2026-08-10 12:50:00-04:00,721.4400024414062,721.4650268554688,720.8499755859375,721.1699829101562,302812,0.0,0.0,0.0
2026-08-10 12:55:00-04:00,721.1699829101562,721.77001953125,721.1699829101562,721.77001953125,559348,0.0,0.0,0.0
2026-08-10 13:00:00-04:00,721.780029296875,721.8400268554688,721.3200073242188,721.6300048828125,92080,0.0,0.0,0.0
2026-08-10 13:05:00-04:00,721.5900268554688,722.3099975585938,721.5399780273438,722.2899780273438,119284,0.0,0.0,0.0
2026-08-10 13:10:00-04:00,722.3200073242188,722.510009765625,722.1199951171875,722.3150024414062,122872,0.0,0.0,0.0
2026-08-10 13:15:00-04:00,722.3200073242188,722.5399780273438,722.0203857421875,722.1599731445312,111352,0.0,0.0,0.0
2026-08-10 13:20:00-04:00,722.1900024414062,722.3800048828125,722.0900268554688,722.219970703125,104520,0.0,0.0,0.0
2026-08-10 13:25:00-04:00,722.1799926757812,722.2449951171875,721.7036743164062,721.9400024414062,105785,0.0,0.0,0.0
2026-08-10 13:30:00-04:00,721.9400024414062,722.1666259765625,721.9099731445312,721.9550170898438,96189,0.0,0.0,0.0
2026-08-10 13:35:00-04:00,721.989990234375,722.030029296875,721.3900146484375,721.5399780273438,151616,0.0,0.0,0.0
2026-08-10 13:40:00-04:00,721.510009765625,721.719970703125,721.1900024414062,721.260009765625,91994,0.0,0.0,0.0
2026-08-10 13:45:00-04:00,721.2750244140625,721.3555908203125,721.1400146484375,721.1950073242188,141349,0.0,0.0,0.0
2026-08-10 13:50:00-04:00,721.1201171875,721.3099975585938,720.9099731445312,721.0800170898438,278251,0.0,0.0,0.0
2026-08-10 13:55:00-04:00,721.0900268554688,721.4097900390625,720.9349975585938,721.27001953125,107776,0.0,0.0,0.0
2026-08-10 14:00:00-04:00,721.3049926757812,721.469970703125,721.0499877929688,721.1500244140625,79474,0.0,0.0,0.0
2026-08-10 14:05:00-04:00,721.1799926757812,721.5,721.030029296875,721.4000244140625,168857,0.0,0.0,0.0
2026-08-10 14:10:00-04:00,721.3699951171875,721.5700073242188,721.030029296875,721.0800170898438,146200,0.0,0.0,0.0
2026-08-10 14:15:00-04:00,721.0795288085938,721.1798706054688,720.89501953125,720.9749755859375,121032,0.0,0.0,0.0
2026-08-10 14:20:00-04:00,720.97998046875,721.139892578125,720.8599853515625,721.0798950195312,110138,0.0,0.0,0.0
2026-08-10 14:25:00-04:00,721.0499877929688,721.17626953125,720.9000244140625,720.9749755859375,57683,0.0,0.0,0.0
2026-08-10 14:30:00-04:00,720.969970703125,721.4036254882812,720.6900024414062,721.375,143847,0.0,0.0,0.0
2026-08-10 14:35:00-04:00,721.375,721.5399780273438,720.9500122070312,721.1599731445312,80919,0.0,0.0,0.0
2026-08-10 14:40:00-04:00,721.1788940429688,721.6099853515625,721.1594848632812,721.5549926757812,117249,0.0,0.0,0.0
2026-08-10 14:45:00-04:00,721.5700073242188,721.6174926757812,721.3099975585938,721.4249877929688,88643,0.0,0.0,0.0
2026-08-10 14:50:00-04:00,721.4600219726562,721.7899780273438,721.4500122070312,721.635009765625,71174,0.0,0.0,0.0
2026-08-10 14:55:00-04:00,721.655029296875,721.8800048828125,721.469970703125,721.8350219726562,78866,0.0,0.0,0.0
2026-08-10 15:00:00-04:00,721.8300170898438,722.0900268554688,721.7750244140625,721.8399047851562,181376,0.0,0.0,0.0
2026-08-10 15:05:00-04:00,721.8400268554688,721.9600219726562,721.6699829101562,721.9099731445312,123745,0.0,0.0,0.0
2026-08-10 15:10:00-04:00,721.9299926757812,722.1199951171875,721.8300170898438,722.0,215172,0.0,0.0,0.0
2026-08-10 15:15:00-04:00,721.9949951171875,722.139892578125,721.8101196289062,721.8800048828125,161234,0.0,0.0,0.0
2026-08-10 15:20:00-04:00,721.8900146484375,722.0999755859375,721.7899780273438,722.0800170898438,118007,0.0,0.0,0.0
2026-08-10 15:25:00-04:00,722.0800170898438,722.1300048828125,721.75,721.7999877929688,170790,0.0,0.0,0.0
2026-08-10 15:30:00-04:00,721.8800048828125,721.9498901367188,721.6400146484375,721.719970703125,325382,0.0,0.0,0.0
2026-08-10 15:35:00-04:00,721.6749877929688,722.0700073242188,721.5999755859375,721.9500122070312,425427,0.0,0.0,0.0
2026-08-10 15:40:00-04:00,721.9500122070312,721.969970703125,721.530029296875,721.64501953125,208302,0.0,0.0,0.0
2026-08-10 15:45:00-04:00,721.6500244140625,721.8499755859375,721.405029296875,721.7999877929688,425732,0.0,0.0,0.0
2026-08-10 15:50:00-04:00,721.7899780273438,721.7999877929688,720.6199951171875,720.655029296875,765693,0.0,0.0,0.0
2026-08-10 15:55:00-04:00,720.6699829101562,721.135009765625,720.3300170898438,720.8049926757812,2456816,0.0,0.0,0.0
2026-08-11 09:30:00-04:00,723.2999877929688,723.2999877929688,720.5999755859375,720.7999877929688,1985338,0.0,0.0,0.0
2026-08-11 09:35:00-04:00,720.760009765625,720.9063110351562,719.4500122070312,719.9249877929688,583206,0.0,0.0,0.0
2026-08-11 09:40:00-04:00,719.9600219726562,721.25,719.9500122070312,720.4600219726562,562135,0.0,0.0,0.0
2026-08-11 09:45:00-04:00,720.4099731445312,720.469970703125,718.4010009765625,719.0,1022404,0.0,0.0,0.0
2026-08-11 09:50:00-04:00,718.989990234375,719.8079833984375,718.5999755859375,719.0399780273438,377910,0.0,0.0,0.0
2026-08-11 09:55:00-04:00,719.030029296875,720.739990234375,718.9099731445312,720.719970703125,393935,0.0,0.0,0.0
2026-08-11 10:00:00-04:00,720.7000122070312,721.6799926757812,720.3699951171875,721.3200073242188,434637,0.0,0.0,0.0
2026-08-11 10:05:00-04:00,721.2899780273438,722.1555786132812,721.2000122070312,721.8300170898438,376095,0.0,0.0,0.0
2026-08-11 10:10:00-04:00,721.8599853515625,722.0999755859375,721.3200073242188,721.4592895507812,299774,0.0,0.0,0.0
2026-08-11 10:15:00-04:00,721.4500122070312,722.1300048828125,720.9099731445312,721.1199951171875,290484,0.0,0.0,0.0
2026-08-11 10:20:00-04:00,721.0999755859375,721.6799926757812,720.864990234375,721.0900268554688,274627,0.0,0.0,0.0
2026-08-11 10:25:00-04:00,721.0900268554688,721.9099731445312,720.97998046875,721.8300170898438,249634,0.0,0.0,0.0
2026-08-11 10:30:00-04:00,721.7999877929688,721.9650268554688,720.8300170898438,721.6699829101562,201740,0.0,0.0,0.0
2026-08-11 10:35:00-04:00,721.6900024414062,721.7899780273438,720.9650268554688,721.030029296875,301984,0.0,0.0,0.0
2026-08-11 10:40:00-04:00,721.0,721.3099975585938,720.614990234375,720.9400024414062,271086,0.0,0.0,0.0
2026-08-11 10:45:00-04:00,720.9400024414062,721.9299926757812,720.9000244140625,721.8699951171875,290232,0.0,0.0,0.0
2026-08-11 10:50:00-04:00,721.8599853515625,722.4400024414062,721.52001953125,722.2150268554688,364136,0.0,0.0,0.0
2026-08-11 10:55:00-04:00,722.2000122070312,722.409912109375,721.6799926757812,721.7899780273438,263559,0.0,0.0,0.0
2026-08-11 11:00:00-04:00,721.7999877929688,722.1400146484375,721.6599731445312,721.7650146484375,176176,0.0,0.0,0.0
2026-08-11 11:05:00-04:00,721.760009765625,721.7750244140625,720.260009765625,720.280029296875,658073,0.0,0.0,0.0
2026-08-11 11:10:00-04:00,720.27001953125,720.5999755859375,720.0349731445312,720.25,304929,0.0,0.0,0.0
2026-08-11 11:15:00-04:00,720.219970703125,720.3800048828125,719.8900146484375,720.139892578125,166162,0.0,0.0,0.0
2026-08-11 11:20:00-04:00,720.1599731445312,720.7999877929688,720.0,720.0695190429688,239953,0.0,0.0,0.0
2026-08-11 11:25:00-04:00,720.10498046875,720.4600219726562,719.989990234375,719.989990234375,138327,0.0,0.0,0.0
2026-08-11 11:30:00-04:00,720.0349731445312,720.364990234375,719.1099853515625,719.2999877929688,241423,0.0,0.0,0.0
2026-08-11 11:35:00-04:00,719.3099975585938,719.77001953125,719.135009765625,719.2249755859375,218651,0.0,0.0,0.0
2026-08-11 11:40:00-04:00,719.2050170898438,719.8200073242188,719.0999755859375,719.77001953125,218144,0.0,0.0,0.0
2026-08-11 11:45:00-04:00,719.7750244140625,719.7750244140625,719.1799926757812,719.2000732421875,143273,0.0,0.0,0.0
2026-08-11 11:50:00-04:00,719.1799926757812,719.5800170898438,719.010009765625,719.1199951171875,141085,0.0,0.0,0.0
2026-08-11 11:55:00-04:00,719.1199951171875,719.3499755859375,718.9716186523438,719.0698852539062,135009,0.0,0.0,0.0
2026-08-11 12:00:00-04:00,719.0800170898438,719.3255004882812,718.6799926757812,718.7683715820312,195272,0.0,0.0,0.0
2026-08-11 12:05:00-04:00,718.7899780273438,719.4500122070312,718.760009765625,719.4299926757812,232792,0.0,0.0,0.0
2026-08-11 12:10:00-04:00,719.4498901367188,719.4600219726562,718.719970703125,718.75,218075,0.0,0.0,0.0
2026-08-11 12:15:00-04:00,718.77001953125,719.1799926757812,718.6099853515625,718.6699829101562,119062,0.0,0.0,0.0
2026-08-11 12:20:00-04:00,718.6900024414062,718.969970703125,718.47998046875,718.5399780273438,203472,0.0,0.0,0.0
2026-08-11 12:25:00-04:00,718.530029296875,718.6300048828125,718.0349731445312,718.6300048828125,369197,0.0,0.0,0.0
2026-08-11 12:30:00-04:00,718.6099853515625,718.7100219726562,718.2670288085938,718.3200073242188,202703,0.0,0.0,0.0
2026-08-11 12:35:00-04:00,718.2999877929688,719.0700073242188,718.280029296875,718.97998046875,306140,0.0,0.0,0.0
2026-08-11 12:40:00-04:00,718.97998046875,718.97998046875,718.3300170898438,718.385009765625,562636,0.0,0.0,0.0
2026-08-11 12:45:00-04:00,718.3994750976562,718.4199829101562,717.9299926757812,718.280029296875,243947,0.0,0.0,0.0
2026-08-11 12:50:00-04:00,718.2899780273438,718.52001953125,718.260009765625,718.47998046875,245865,0.0,0.0,0.0
2026-08-11 12:55:00-04:00,718.489990234375,718.510009765625,718.0449829101562,718.1400146484375,313884,0.0,0.0,0.0
2026-08-11 13:00:00-04:00,718.1400146484375,718.3272094726562,717.6099853515625,717.655029296875,392604,0.0,0.0,0.0
2026-08-11 13:05:00-04:00,717.6300048828125,718.0499877929688,717.5549926757812,717.8200073242188,297786,0.0,0.0,0.0
2026-08-11 13:10:00-04:00,717.8099975585938,717.8099975585938,716.9500122070312,716.97998046875,280979,0.0,0.0,0.0
2026-08-11 13:15:00-04:00,716.9600219726562,717.6599731445312,716.8699951171875,717.5,246880,0.0,0.0,0.0
2026-08-11 13:20:00-04:00,717.530029296875,717.9000244140625,717.3200073242188,717.6799926757812,227491,0.0,0.0,0.0
2026-08-11 13:25:00-04:00,717.6799926757812,717.9199829101562,717.47998046875,717.6599731445312,265581,0.0,0.0,0.0
2026-08-11 13:30:00-04:00,717.6680297851562,717.8499755859375,717.5,717.8499755859375,209019,0.0,0.0,0.0
2026-08-11 13:35:00-04:00,717.8411865234375,718.1900024414062,717.635009765625,717.8109130859375,368279,0.0,0.0,0.0
2026-08-11 13:40:00-04:00,717.7449951171875,718.4199829101562,717.739990234375,718.3350219726562,262901,0.0,0.0,0.0
2026-08-11 13:45:00-04:00,718.3350219726562,718.469970703125,718.0900268554688,718.2100219726562,123312,0.0,0.0,0.0
2026-08-11 13:50:00-04:00,718.2349853515625,718.4600219726562,718.2349853515625,718.4299926757812,187366,0.0,0.0,0.0
2026-08-11 13:55:00-04:00,718.4400024414062,718.4500122070312,718.0599975585938,718.1900024414062,167158,0.0,0.0,0.0
2026-08-11 14:00:00-04:00,718.200927734375,718.3599853515625,717.9500122070312,718.2449951171875,320887,0.0,0.0,0.0
2026-08-11 14:05:00-04:00,718.219970703125,718.3171997070312,717.5499877929688,717.6300048828125,218491,0.0,0.0,0.0
2026-08-11 14:10:00-04:00,717.6199951171875,717.8499755859375,717.5800170898438,717.6801147460938,129795,0.0,0.0,0.0
2026-08-11 14:15:00-04:00,717.6900024414062,717.8300170898438,717.5499877929688,717.6199951171875,88535,0.0,0.0,0.0
2026-08-11 14:20:00-04:00,717.6099853515625,717.6099853515625,716.9199829101562,717.1300048828125,351187,0.0,0.0,0.0
2026-08-11 14:25:00-04:00,717.1300048828125,717.2000122070312,715.7899780273438,716.1799926757812,540123,0.0,0.0,0.0
2026-08-11 14:30:00-04:00,716.1799926757812,716.8099975585938,716.0999755859375,716.739990234375,1039213,0.0,0.0,0.0
2026-08-11 14:35:00-04:00,716.7550048828125,716.93798828125,716.4500122070312,716.6300048828125,160567,0.0,0.0,0.0
2026-08-11 14:40:00-04:00,716.5750122070312,716.5750122070312,716.1599731445312,716.280029296875,246363,0.0,0.0,0.0
2026-08-11 14:45:00-04:00,716.280029296875,717.22998046875,716.280029296875,717.1821899414062,189876,0.0,0.0,0.0
2026-08-11 14:50:00-04:00,717.1599731445312,717.489990234375,717.0499877929688,717.4000244140625,372229,0.0,0.0,0.0
2026-08-11 14:55:00-04:00,717.3900146484375,717.4299926757812,717.0900268554688,717.0900268554688,169709,0.0,0.0,0.0
2026-08-11 15:00:00-04:00,717.094970703125,717.4099731445312,716.9099731445312,717.3599853515625,275373,0.0,0.0,0.0
2026-08-11 15:05:00-04:00,717.3499755859375,717.3699951171875,716.8200073242188,717.080078125,420493,0.0,0.0,0.0
2026-08-11 15:10:00-04:00,717.0999755859375,717.8400268554688,717.030029296875,717.6849975585938,420951,0.0,0.0,0.0
2026-08-11 15:15:00-04:00,717.6799926757812,717.8599853515625,717.5599975585938,717.6199951171875,252691,0.0,0.0,0.0
2026-08-11 15:20:00-04:00,717.6300048828125,717.9000244140625,717.5814819335938,717.8250122070312,161037,0.0,0.0,0.0
2026-08-11 15:25:00-04:00,717.8250122070312,718.1364135742188,717.6599731445312,718.0650024414062,299246,0.0,0.0,0.0
2026-08-11 15:30:00-04:00,718.0900268554688,718.4299926757812,717.989990234375,718.3900146484375,380474,0.0,0.0,0.0
2026-08-11 15:35:00-04:00,718.4000244140625,718.9349975585938,718.2722778320312,718.9349975585938,470722,0.0,0.0,0.0
2026-08-11 15:40:00-04:00,718.9199829101562,718.9299926757812,718.4000244140625,718.4400024414062,387075,0.0,0.0,0.0
2026-08-11 15:45:00-04:00,718.4400024414062,718.510009765625,717.9730834960938,718.135009765625,607835,0.0,0.0,0.0
2026-08-11 15:50:00-04:00,718.1599731445312,718.64990234375,717.6500244140625,718.5900268554688,637795,0.0,0.0,0.0
2026-08-11 15:55:00-04:00,718.5700073242188,718.6898803710938,717.77001953125,718.3400268554688,1496620,0.0,0.0,0.0
2026-08-12 09:30:00-04:00,726.969970703125,727.25,724.2899780273438,724.3162841796875,3266538,0.0,0.0,0.0
2026-08-12 09:35:00-04:00,724.27001953125,725.8400268554688,724.0700073242188,724.5701293945312,857483,0.0,0.0,0.0
2026-08-12 09:40:00-04:00,724.5675048828125,724.9262084960938,723.7380981445312,724.8300170898438,646041,0.0,0.0,0.0
2026-08-12 09:45:00-04:00,724.8099975585938,726.5,724.1702270507812,726.3350219726562,793363,0.0,0.0,0.0
2026-08-12 09:50:00-04:00,726.3099975585938,726.3350219726562,724.5150146484375,724.7349853515625,573838,0.0,0.0,0.0
2026-08-12 09:55:00-04:00,724.75,725.3499755859375,723.8900146484375,725.0900268554688,571403,0.0,0.0,0.0
2026-08-12 10:00:00-04:00,725.0399780273438,725.1599731445312,723.8200073242188,723.8200073242188,475322,0.0,0.0,0.0
2026-08-12 10:05:00-04:00,723.7999877929688,725.3900146484375,723.6099853515625,725.3499755859375,323382,0.0,0.0,0.0
2026-08-12 10:10:00-04:00,725.3099975585938,725.718017578125,724.5,724.6900024414062,647347,0.0,0.0,0.0
2026-08-12 10:15:00-04:00,724.6699829101562,725.263427734375,724.280517578125,724.3049926757812,411700,0.0,0.0,0.0
2026-08-12 10:20:00-04:00,724.3400268554688,725.4000854492188,724.02001953125,725.385009765625,252398,0.0,0.0,0.0
2026-08-12 10:25:00-04:00,725.3800048828125,725.9299926757812,724.9600219726562,725.22998046875,283411,0.0,0.0,0.0
2026-08-12 10:30:00-04:00,725.239990234375,725.4199829101562,723.25,724.3300170898438,860453,0.0,0.0,0.0
2026-08-12 10:35:00-04:00,724.3200073242188,725.5349731445312,723.9609985351562,725.25,1404978,0.0,0.0,0.0
2026-08-12 10:40:00-04:00,725.3887939453125,725.5,724.75,725.4299926757812,494345,0.0,0.0,0.0
2026-08-12 10:45:00-04:00,725.4600219726562,725.5999755859375,724.6599731445312,724.9600219726562,219465,0.0,0.0,0.0
2026-08-12 10:50:00-04:00,724.9299926757812,724.9600219726562,723.8001098632812,723.9500122070312,364467,0.0,0.0,0.0
2026-08-12 10:55:00-04:00,723.9500122070312,724.3599853515625,723.6300048828125,724.1099853515625,200402,0.0,0.0,0.0
2026-08-12 11:00:00-04:00,724.0999755859375,724.3300170898438,723.3900146484375,723.7000122070312,307355,0.0,0.0,0.0
2026-08-12 11:05:00-04:00,723.6400146484375,724.356201171875,723.469970703125,724.2000122070312,187824,0.0,0.0,0.0
2026-08-12 11:10:00-04:00,724.1715698242188,724.6300048828125,723.6500244140625,724.4249877929688,369290,0.0,0.0,0.0
2026-08-12 11:15:00-04:00,724.364990234375,724.5698852539062,723.989990234375,724.1400146484375,102395,0.0,0.0,0.0
2026-08-12 11:20:00-04:00,724.1799926757812,724.3300170898438,723.5449829101562,723.7100219726562,599871,0.0,0.0,0.0
2026-08-12 11:25:00-04:00,723.7100219726562,724.22998046875,723.5250244140625,724.22998046875,190531,0.0,0.0,0.0
2026-08-12 11:30:00-04:00,724.25,724.3099975585938,722.9199829101562,723.219970703125,253473,0.0,0.0,0.0
2026-08-12 11:35:00-04:00,723.219970703125,723.8400268554688,723.2000122070312,723.2100219726562,273812,0.0,0.0,0.0
2026-08-12 11:40:00-04:00,723.2205200195312,723.4550170898438,722.9199829101562,723.135009765625,251045,0.0,0.0,0.0
2026-08-12 11:45:00-04:00,723.1500244140625,723.5999755859375,722.9199829101562,723.5750122070312,179322,0.0,0.0,0.0
2026-08-12 11:50:00-04:00,723.5900268554688,723.7340087890625,723.280029296875,723.3499755859375,183222,0.0,0.0,0.0
2026-08-12 11:55:00-04:00,723.3599853515625,723.4650268554688,723.1749877929688,723.239990234375,182055,0.0,0.0,0.0
2026-08-12 12:00:00-04:00,723.239990234375,723.9199829101562,723.1599731445312,723.7100219726562,175327,0.0,0.0,0.0
2026-08-12 12:05:00-04:00,723.6600952148438,724.1762084960938,723.5499877929688,724.1649780273438,320236,0.0,0.0,0.0
2026-08-12 12:10:00-04:00,724.1749877929688,724.2999877929688,723.8900146484375,724.2000122070312,145794,0.0,0.0,0.0
2026-08-12 12:15:00-04:00,724.219970703125,724.2849731445312,723.8707275390625,723.9199829101562,224358,0.0,0.0,0.0
2026-08-12 12:20:00-04:00,723.9249877929688,724.4874877929688,723.8800048828125,724.4099731445312,131133,0.0,0.0,0.0
2026-08-12 12:25:00-04:00,724.4099731445312,724.5499877929688,724.125,724.2000122070312,144735,0.0,0.0,0.0
2026-08-12 12:30:00-04:00,724.2294921875,724.3599853515625,723.6699829101562,723.7100219726562,113145,0.0,0.0,0.0
2026-08-12 12:35:00-04:00,723.6900024414062,724.5050048828125,723.6799926757812,724.5,244365,0.0,0.0,0.0
2026-08-12 12:40:00-04:00,724.5700073242188,724.719970703125,724.4099731445312,724.47998046875,167370,0.0,0.0,0.0
2026-08-12 12:45:00-04:00,724.4949951171875,724.8200073242188,724.3599853515625,724.75,170980,0.0,0.0,0.0
2026-08-12 12:50:00-04:00,724.760009765625,725.25,724.760009765625,725.0900268554688,271428,0.0,0.0,0.0
2026-08-12 12:55:00-04:00,725.1199951171875,725.1599731445312,724.9400024414062,724.989990234375,259270,0.0,0.0,0.0
2026-08-12 13:00:00-04:00,724.9849853515625,725.4000244140625,724.9099731445312,725.3200073242188,209163,0.0,0.0,0.0
2026-08-12 13:05:00-04:00,725.3099975585938,725.4299926757812,725.0499877929688,725.0700073242188,186589,0.0,0.0,0.0
2026-08-12 13:10:00-04:00,725.0499877929688,725.1599731445312,724.8049926757812,725.119873046875,124931,0.0,0.0,0.0
2026-08-12 13:15:00-04:00,725.119873046875,725.119873046875,724.5900268554688,724.8200073242188,187611,0.0,0.0,0.0
2026-08-12 13:20:00-04:00,724.8200073242188,725.0800170898438,724.8200073242188,724.9600219726562,115133,0.0,0.0,0.0
2026-08-12 13:25:00-04:00,724.969970703125,725.3200073242188,724.9500122070312,725.0800170898438,135098,0.0,0.0,0.0
2026-08-12 13:30:00-04:00,725.0700073242188,725.3200073242188,724.9199829101562,725.090087890625,345402,0.0,0.0,0.0
2026-08-12 13:35:00-04:00,725.0599975585938,725.280029296875,725.030029296875,725.1900024414062,101587,0.0,0.0,0.0
2026-08-12 13:40:00-04:00,725.2000122070312,725.3800048828125,725.0399780273438,725.2150268554688,131736,0.0,0.0,0.0
2026-08-12 13:45:00-04:00,725.22998046875,725.3300170898438,725.114990234375,725.14501953125,202619,0.0,0.0,0.0
2026-08-12 13:50:00-04:00,725.1400146484375,725.4149780273438,724.9749755859375,725.0206909179688,141520,0.0,0.0,0.0
2026-08-12 13:55:00-04:00,725.030029296875,725.1900024414062,724.9099731445312,725.114990234375,140600,0.0,0.0,0.0
2026-08-12 14:00:00-04:00,725.114990234375,725.239990234375,724.8599853515625,724.9100952148438,89296,0.0,0.0,0.0
2026-08-12 14:05:00-04:00,724.8900146484375,724.9650268554688,724.6599731445312,724.8599853515625,234084,0.0,0.0,0.0
2026-08-12 14:10:00-04:00,724.8599853515625,725.3231201171875,724.8499755859375,725.051025390625,102234,0.0,0.0,0.0
2026-08-12 14:15:00-04:00,725.0449829101562,725.0999755859375,724.72998046875,724.9099731445312,131680,0.0,0.0,0.0
2026-08-12 14:20:00-04:00,724.9099731445312,725.1199951171875,724.6599731445312,725.0900268554688,335889,0.0,0.0,0.0
2026-08-12 14:25:00-04:00,725.0999755859375,725.2003173828125,724.7100219726562,724.739990234375,255001,0.0,0.0,0.0
2026-08-12 14:30:00-04:00,724.739990234375,725.1699829101562,724.739990234375,724.9349975585938,152202,0.0,0.0,0.0
2026-08-12 14:35:00-04:00,724.9400024414062,725.1699829101562,724.9299926757812,725.1163940429688,92131,0.0,0.0,0.0
2026-08-12 14:40:00-04:00,725.135009765625,725.5599975585938,725.1298828125,725.3200073242188,145484,0.0,0.0,0.0
2026-08-12 14:45:00-04:00,725.3250122070312,725.3494262695312,725.0800170898438,725.2999877929688,98782,0.0,0.0,0.0
2026-08-12 14:50:00-04:00,725.3099975585938,725.4149780273438,725.0700073242188,725.0700073242188,97677,0.0,0.0,0.0
2026-08-12 14:55:00-04:00,725.0900268554688,725.0900268554688,724.510009765625,724.6300048828125,140572,0.0,0.0,0.0
2026-08-12 15:00:00-04:00,724.6300048828125,724.9299926757812,724.5900268554688,724.6500244140625,228805,0.0,0.0,0.0
2026-08-12 15:05:00-04:00,724.6599731445312,724.9600219726562,724.6300048828125,724.6699829101562,104682,0.0,0.0,0.0
2026-08-12 15:10:00-04:00,724.6599731445312,724.7100219726562,724.375,724.489990234375,122267,0.0,0.0,0.0
2026-08-12 15:15:00-04:00,724.4849853515625,724.8200073242188,724.4500122070312,724.6300048828125,283711,0.0,0.0,0.0
2026-08-12 15:20:00-04:00,724.6199951171875,724.6300048828125,724.032470703125,724.0349731445312,142437,0.0,0.0,0.0
2026-08-12 15:25:00-04:00,724.0700073242188,724.22998046875,723.8200073242188,724.0999755859375,208651,0.0,0.0,0.0
2026-08-12 15:30:00-04:00,724.0900268554688,724.1099243164062,723.72998046875,723.8800048828125,241870,0.0,0.0,0.0
2026-08-12 15:35:00-04:00,723.8800048828125,724.0023803710938,723.6699829101562,723.739990234375,595053,0.0,0.0,0.0
2026-08-12 15:40:00-04:00,723.75,723.780029296875,723.219970703125,723.6500244140625,482068,0.0,0.0,0.0
2026-08-12 15:45:00-04:00,723.6400146484375,724.0900268554688,723.4099731445312,724.0599975585938,514097,0.0,0.0,0.0
2026-08-12 15:50:00-04:00,724.0399780273438,724.0700073242188,723.3699951171875,723.780029296875,526177,0.0,0.0,0.0
2026-08-12 15:55:00-04:00,723.7999877929688,723.9500122070312,723.0349731445312,723.6699829101562,1816053,0.0,0.0,0.0
2026-08-13 09:30:00-04:00,725.125,726.02001953125,724.0399780273438,725.9700927734375,1733372,0.0,0.0,0.0
2026-08-13 09:35:00-04:00,725.969970703125,728.260009765625,725.9000244140625,728.239990234375,988962,0.0,0.0,0.0
2026-08-13 09:40:00-04:00,728.239990234375,728.6099853515625,727.2349853515625,727.6199951171875,811782,0.0,0.0,0.0
2026-08-13 09:45:00-04:00,727.6400146484375,730.8300170898438,727.469970703125,730.5900268554688,1570258,0.0,0.0,0.0
2026-08-13 09:50:00-04:00,730.5850219726562,731.1500244140625,730.2050170898438,730.864990234375,1287165,0.0,0.0,0.0
2026-08-13 09:55:00-04:00,730.85498046875,731.6799926757812,730.2899780273438,731.5700073242188,830326,0.0,0.0,0.0
2026-08-13 10:00:00-04:00,731.5650024414062,731.7899780273438,731.0999755859375,731.590087890625,693439,0.0,0.0,0.0
2026-08-13 10:05:00-04:00,731.6099853515625,731.909912109375,731.2100219726562,731.6400146484375,606250,0.0,0.0,0.0
2026-08-13 10:10:00-04:00,731.6400146484375,732.47998046875,731.6312866210938,732.260009765625,670786,0.0,0.0,0.0
2026-08-13 10:15:00-04:00,732.27001953125,732.5599975585938,732.0,732.0800170898438,458169,0.0,0.0,0.0
2026-08-13 10:20:00-04:00,732.0800170898438,732.5250244140625,731.7999877929688,732.2899780273438,410315,0.0,0.0,0.0
2026-08-13 10:25:00-04:00,732.3099975585938,733.0399780273438,732.0999755859375,732.9600219726562,369205,0.0,0.0,0.0
2026-08-13 10:30:00-04:00,732.9500122070312,733.7349853515625,732.8248291015625,733.6799926757812,669435,0.0,0.0,0.0
2026-08-13 10:35:00-04:00,733.6599731445312,733.7550048828125,733.125,733.4000244140625,690362,0.0,0.0,0.0
2026-08-13 10:40:00-04:00,733.3800048828125,733.5889282226562,732.9400024414062,733.0150146484375,495219,0.0,0.0,0.0
2026-08-13 10:45:00-04:00,733.0,733.1298828125,732.4400024414062,732.5800170898438,940560,0.0,0.0,0.0
2026-08-13 10:50:00-04:00,732.5800170898438,732.8250122070312,732.3599853515625,732.8200073242188,406253,0.0,0.0,0.0
2026-08-13 10:55:00-04:00,732.77001953125,732.7999877929688,732.1199951171875,732.1500244140625,215597,0.0,0.0,0.0
2026-08-13 11:00:00-04:00,732.1400146484375,732.9000244140625,732.0443725585938,732.1199951171875,246159,0.0,0.0,0.0
2026-08-13 11:05:00-04:00,732.1199951171875,732.719970703125,732.1099853515625,732.4949951171875,446199,0.0,0.0,0.0
2026-08-13 11:10:00-04:00,732.5,732.8400268554688,732.3099975585938,732.5808715820312,367036,0.0,0.0,0.0
2026-08-13 11:15:00-04:00,732.5999755859375,732.7899780273438,732.2100219726562,732.7899780273438,204416,0.0,0.0,0.0
2026-08-13 11:20:00-04:00,732.7550048828125,733.0999755859375,732.6900024414062,732.9099731445312,230758,0.0,0.0,0.0
2026-08-13 11:25:00-04:00,732.9099731445312,733.030029296875,731.7000122070312,731.9099731445312,434691,0.0,0.0,0.0
2026-08-13 11:30:00-04:00,731.9199829101562,732.125,730.8200073242188,730.8499755859375,355289,0.0,0.0,0.0
2026-08-13 11:35:00-04:00,730.8599853515625,731.3499755859375,730.469970703125,731.0150146484375,332131,0.0,0.0,0.0
2026-08-13 11:40:00-04:00,731.010009765625,731.623291015625,730.5300903320312,731.140380859375,266826,0.0,0.0,0.0
2026-08-13 11:45:00-04:00,731.0549926757812,731.0549926757812,730.4000244140625,730.7000122070312,165565,0.0,0.0,0.0
2026-08-13 11:50:00-04:00,730.72998046875,730.7999877929688,729.8800048828125,730.2003173828125,289775,0.0,0.0,0.0
2026-08-13 11:55:00-04:00,730.22998046875,730.6500244140625,729.8599853515625,730.1400146484375,273012,0.0,0.0,0.0
2026-08-13 12:00:00-04:00,730.1500244140625,731.3300170898438,730.1099853515625,730.9600219726562,753175,0.0,0.0,0.0
2026-08-13 12:05:00-04:00,731.0150146484375,731.510009765625,730.989990234375,731.3099975585938,207535,0.0,0.0,0.0
2026-08-13 12:10:00-04:00,731.2999877929688,731.5,730.685791015625,730.6900024414062,115103,0.0,0.0,0.0
2026-08-13 12:15:00-04:00,730.739990234375,730.9849853515625,730.5800170898438,730.8499755859375,108376,0.0,0.0,0.0
2026-08-13 12:20:00-04:00,730.8250122070312,731.4099731445312,730.6539916992188,731.3400268554688,338005,0.0,0.0,0.0
2026-08-13 12:25:00-04:00,731.3400268554688,731.8800048828125,731.3099975585938,731.8300170898438,190145,0.0,0.0,0.0
2026-08-13 12:30:00-04:00,731.8400268554688,732.1599731445312,731.7899780273438,731.8690185546875,267148,0.0,0.0,0.0
2026-08-13 12:35:00-04:00,731.8336791992188,732.030029296875,731.4000854492188,731.5900268554688,107316,0.0,0.0,0.0
2026-08-13 12:40:00-04:00,731.60498046875,731.85498046875,731.4349975585938,731.760009765625,201189,0.0,0.0,0.0
2026-08-13 12:45:00-04:00,731.75,732.0599975585938,731.75,731.97998046875,102973,0.0,0.0,0.0
2026-08-13 12:50:00-04:00,731.97998046875,732.239990234375,731.760009765625,731.8049926757812,110932,0.0,0.0,0.0
2026-08-13 12:55:00-04:00,731.7449951171875,732.0,731.6199951171875,731.9749755859375,120599,0.0,0.0,0.0
2026-08-13 13:00:00-04:00,732.0,732.6300048828125,732.0,732.5900268554688,254962,0.0,0.0,0.0
2026-08-13 13:05:00-04:00,732.5850219726562,732.9199829101562,732.5750122070312,732.8099975585938,173965,0.0,0.0,0.0
2026-08-13 13:10:00-04:00,732.8300170898438,732.9500122070312,732.739990234375,732.7999877929688,175138,0.0,0.0,0.0
2026-08-13 13:15:00-04:00,732.7949829101562,733.2000122070312,732.77001953125,733.1950073242188,154397,0.0,0.0,0.0
2026-08-13 13:20:00-04:00,733.1950073242188,733.3499755859375,733.02001953125,733.1099853515625,162143,0.0,0.0,0.0
2026-08-13 13:25:00-04:00,733.1649780273438,733.260009765625,733.0349731445312,733.0484008789062,104895,0.0,0.0,0.0
2026-08-13 13:30:00-04:00,733.0499877929688,733.226318359375,732.9000244140625,732.9650268554688,318300,0.0,0.0,0.0
2026-08-13 13:35:00-04:00,732.9849853515625,733.0399169921875,732.6737060546875,732.760009765625,95465,0.0,0.0,0.0
2026-08-13 13:40:00-04:00,732.739990234375,732.9199829101562,732.530029296875,732.530029296875,156216,0.0,0.0,0.0
2026-08-13 13:45:00-04:00,732.5250244140625,732.8400268554688,732.5200805664062,732.5999755859375,250707,0.0,0.0,0.0
2026-08-13 13:50:00-04:00,732.6298828125,732.7100219726562,732.3099975585938,732.3499755859375,289269,0.0,0.0,0.0
2026-08-13 13:55:00-04:00,732.4000244140625,732.6300048828125,732.280029296875,732.280029296875,152583,0.0,0.0,0.0
2026-08-13 14:00:00-04:00,732.2999877929688,732.4600219726562,732.22998046875,732.3699951171875,109336,0.0,0.0,0.0
2026-08-13 14:05:00-04:00,732.3585815429688,732.5499877929688,732.0399780273438,732.1099853515625,94002,0.0,0.0,0.0
2026-08-13 14:10:00-04:00,732.1400146484375,732.3200073242188,731.9299926757812,732.22998046875,202860,0.0,0.0,0.0
2026-08-13 14:15:00-04:00,732.2249755859375,732.3699951171875,732.0499877929688,732.0700073242188,319521,0.0,0.0,0.0
2026-08-13 14:20:00-04:00,732.0650024414062,732.219970703125,731.7650146484375,731.8001098632812,145805,0.0,0.0,0.0
2026-08-13 14:25:00-04:00,731.8099975585938,732.0999755859375,731.8099975585938,732.0,218504,0.0,0.0,0.0
2026-08-13 14:30:00-04:00,732.010009765625,732.6900024414062,732.010009765625,732.5850219726562,198419,0.0,0.0,0.0
2026-08-13 14:35:00-04:00,732.5850219726562,732.77001953125,732.5150146484375,732.7000122070312,184324,0.0,0.0,0.0
2026-08-13 14:40:00-04:00,732.7100219726562,733.0900268554688,732.5999755859375,732.9000244140625,252046,0.0,0.0,0.0
2026-08-13 14:45:00-04:00,732.9000244140625,733.2294921875,732.8900146484375,733.1799926757812,243929,0.0,0.0,0.0
2026-08-13 14:50:00-04:00,733.1799926757812,733.27001953125,732.969970703125,733.1500244140625,254315,0.0,0.0,0.0
2026-08-13 14:55:00-04:00,733.1500244140625,733.3099975585938,733.0700073242188,733.2899780273438,162278,0.0,0.0,0.0
2026-08-13 15:00:00-04:00,733.2899780273438,733.5349731445312,733.2301025390625,733.3079833984375,214987,0.0,0.0,0.0
2026-08-13 15:05:00-04:00,733.3099975585938,733.9600219726562,733.1619873046875,733.8300170898438,260333,0.0,0.0,0.0
2026-08-13 15:10:00-04:00,733.8099975585938,733.8200073242188,732.9500122070312,733.1300048828125,242121,0.0,0.0,0.0
2026-08-13 15:15:00-04:00,733.1199951171875,733.1849975585938,732.7301025390625,733.1849975585938,233470,0.0,0.0,0.0
2026-08-13 15:20:00-04:00,733.1898193359375,733.3200073242188,733.0,733.0349731445312,197867,0.0,0.0,0.0
2026-08-13 15:25:00-04:00,733.0,733.0449829101562,732.5800170898438,732.77001953125,172498,0.0,0.0,0.0
2026-08-13 15:30:00-04:00,732.739990234375,732.864013671875,732.4600219726562,732.5800170898438,179289,0.0,0.0,0.0
2026-08-13 15:35:00-04:00,732.5700073242188,732.77001953125,732.510009765625,732.6699829101562,267316,0.0,0.0,0.0
2026-08-13 15:40:00-04:00,732.6900024414062,732.7376098632812,732.239990234375,732.2750244140625,329252,0.0,0.0,0.0
2026-08-13 15:45:00-04:00,732.27001953125,732.3200073242188,732.0499877929688,732.2249755859375,388180,0.0,0.0,0.0
2026-08-13 15:50:00-04:00,732.2100219726562,732.280029296875,731.75,731.989990234375,769918,0.0,0.0,0.0
2026-08-13 15:55:00-04:00,732.010009765625,732.1199951171875,731.5499877929688,732.0599975585938,1031078,0.0,0.0,0.0
2026-08-14 09:30:00-04:00,733.260009765625,734.0900268554688,732.5999755859375,732.5999755859375,1623066,0.0,0.0,0.0
2026-08-14 09:35:00-04:00,732.6300048828125,732.9650268554688,731.7200927734375,732.9400024414062,414957,0.0,0.0,0.0
2026-08-14 09:40:00-04:00,732.9650268554688,733.9199829101562,732.3267211914062,733.9000244140625,345491,0.0,0.0,0.0
2026-08-14 09:45:00-04:00,733.8599853515625,734.3900146484375,733.0700073242188,733.375,462274,0.0,0.0,0.0
2026-08-14 09:50:00-04:00,733.4299926757812,733.97998046875,732.8900146484375,733.3900146484375,330493,0.0,0.0,0.0
2026-08-14 09:55:00-04:00,733.3900146484375,733.6300048828125,732.7000122070312,733.0499877929688,242650,0.0,0.0,0.0
2026-08-14 10:00:00-04:00,732.9500122070312,733.7974853515625,732.6400146484375,733.7349853515625,225453,0.0,0.0,0.0
2026-08-14 10:05:00-04:00,733.719970703125,734.1599731445312,733.1500244140625,733.2498779296875,302724,0.0,0.0,0.0
2026-08-14 10:10:00-04:00,733.219970703125,733.5,732.8049926757812,732.9749755859375,230346,0.0,0.0,0.0
2026-08-14 10:15:00-04:00,732.989990234375,733.114990234375,731.6820068359375,731.7849731445312,374377,0.0,0.0,0.0
2026-08-14 10:20:00-04:00,731.7750244140625,732.25,731.239990234375,731.4398803710938,925409,0.0,0.0,0.0
2026-08-14 10:25:00-04:00,731.4998779296875,731.7000122070312,730.8400268554688,731.4600830078125,469342,0.0,0.0,0.0
2026-08-14 10:30:00-04:00,731.4721069335938,731.5499877929688,730.75,731.0,386855,0.0,0.0,0.0
2026-08-14 10:35:00-04:00,730.989990234375,731.8400268554688,730.9100952148438,731.75,232902,0.0,0.0,0.0
2026-08-14 10:40:00-04:00,731.6900024414062,731.6900024414062,731.0637817382812,731.4400024414062,199768,0.0,0.0,0.0
2026-08-14 10:45:00-04:00,731.3900146484375,731.6300048828125,731.0999755859375,731.27001953125,159925,0.0,0.0,0.0
2026-08-14 10:50:00-04:00,731.25,731.6400146484375,731.10498046875,731.1099853515625,146133,0.0,0.0,0.0
2026-08-14 10:55:00-04:00,731.1099853515625,731.239990234375,730.5999755859375,730.5999755859375,183124,0.0,0.0,0.0
2026-08-14 11:00:00-04:00,730.6099853515625,731.0499877929688,730.280029296875,730.5855712890625,160869,0.0,0.0,0.0
2026-08-14 11:05:00-04:00,730.5900268554688,730.7849731445312,730.0900268554688,730.1900024414062,197136,0.0,0.0,0.0
2026-08-14 11:10:00-04:00,730.2000122070312,730.4400024414062,729.7598876953125,729.8049926757812,303130,0.0,0.0,0.0
2026-08-14 11:15:00-04:00,729.8049926757812,730.2949829101562,729.8049926757812,730.1199951171875,234227,0.0,0.0,0.0
2026-08-14 11:20:00-04:00,730.1300048828125,730.25,728.6799926757812,728.7100219726562,407566,0.0,0.0,0.0
2026-08-14 11:25:00-04:00,728.7249755859375,729.4000244140625,728.4199829101562,729.3201293945312,457986,0.0,0.0,0.0
2026-08-14 11:30:00-04:00,729.3699951171875,729.3900146484375,728.6500244140625,728.780029296875,258458,0.0,0.0,0.0
2026-08-14 11:35:00-04:00,728.77001953125,729.1799926757812,728.5499877929688,728.619873046875,227304,0.0,0.0,0.0
2026-08-14 11:40:00-04:00,728.594970703125,728.7999877929688,728.3200073242188,728.75,289833,0.0,0.0,0.0
2026-08-14 11:45:00-04:00,728.7899780273438,729.1900024414062,728.3499755859375,728.5399780273438,217172,0.0,0.0,0.0
2026-08-14 11:50:00-04:00,728.5499877929688,729.1400146484375,728.3300170898438,728.989990234375,258287,0.0,0.0,0.0
2026-08-14 11:55:00-04:00,729.02001953125,729.3800048828125,728.8900146484375,729.2249755859375,237500,0.0,0.0,0.0
2026-08-14 12:00:00-04:00,729.219970703125,729.6699829101562,729.219970703125,729.4299926757812,311715,0.0,0.0,0.0
2026-08-14 12:05:00-04:00,729.4099731445312,729.5,728.8599853515625,729.0350952148438,174246,0.0,0.0,0.0
2026-08-14 12:10:00-04:00,729.0700073242188,729.6199951171875,729.0,729.5850219726562,262048,0.0,0.0,0.0
2026-08-14 12:15:00-04:00,729.5800170898438,729.760009765625,729.5125122070312,729.5800170898438,257363,0.0,0.0,0.0
2026-08-14 12:20:00-04:00,729.5800170898438,729.9000244140625,729.4600219726562,729.885009765625,109915,0.0,0.0,0.0
2026-08-14 12:25:00-04:00,729.8599853515625,730.2150268554688,729.8400268554688,730.0700073242188,286060,0.0,0.0,0.0
2026-08-14 12:30:00-04:00,730.0750122070312,730.0999145507812,729.22998046875,729.3800048828125,219552,0.0,0.0,0.0
2026-08-14 12:35:00-04:00,729.4000244140625,729.9650268554688,729.3400268554688,729.5750122070312,136541,0.0,0.0,0.0
2026-08-14 12:40:00-04:00,729.5999755859375,729.5999755859375,729.1799926757812,729.25,187606,0.0,0.0,0.0
2026-08-14 12:45:00-04:00,729.22998046875,729.4600219726562,729.1199951171875,729.4000244140625,159252,0.0,0.0,0.0
2026-08-14 12:50:00-04:00,729.3900146484375,729.4000244140625,728.9600219726562,729.0800170898438,141108,0.0,0.0,0.0
2026-08-14 12:55:00-04:00,729.1199951171875,729.2901000976562,728.9500122070312,729.02001953125,120722,0.0,0.0,0.0
2026-08-14 13:00:00-04:00,729.0499877929688,729.20947265625,728.885986328125,729.0532836914062,203516,0.0,0.0,0.0
2026-08-14 13:05:00-04:00,729.0900268554688,729.3800048828125,729.0499877929688,729.2326049804688,100789,0.0,0.0,0.0
2026-08-14 13:10:00-04:00,729.2449951171875,729.5380249023438,729.1649780273438,729.27001953125,108175,0.0,0.0,0.0
2026-08-14 13:15:00-04:00,729.2650146484375,729.3699951171875,729.0,729.25,252202,0.0,0.0,0.0
2026-08-14 13:20:00-04:00,729.25,729.4500122070312,728.8300170898438,728.9149780273438,159776,0.0,0.0,0.0
2026-08-14 13:25:00-04:00,728.8800048828125,729.1500244140625,728.760009765625,729.0131225585938,153392,0.0,0.0,0.0
2026-08-14 13:30:00-04:00,729.030029296875,729.3300170898438,728.9600219726562,729.25,161965,0.0,0.0,0.0
2026-08-14 13:35:00-04:00,729.25,729.3250122070312,728.8300170898438,728.9749755859375,136898,0.0,0.0,0.0
2026-08-14 13:40:00-04:00,728.9600219726562,729.1799926757812,728.8400268554688,729.02001953125,93277,0.0,0.0,0.0
2026-08-14 13:45:00-04:00,729.0062866210938,729.14501953125,728.9000244140625,728.97998046875,102335,0.0,0.0,0.0
2026-08-14 13:50:00-04:00,729.0,729.4400024414062,728.780029296875,729.3496704101562,162005,0.0,0.0,0.0
2026-08-14 13:55:00-04:00,729.3524780273438,729.5999755859375,729.18017578125,729.5449829101562,157747,0.0,0.0,0.0
2026-08-14 14:00:00-04:00,729.530029296875,729.7999877929688,729.3699951171875,729.72998046875,184062,0.0,0.0,0.0
2026-08-14 14:05:00-04:00,729.719970703125,729.7849731445312,729.5150146484375,729.739990234375,209244,0.0,0.0,0.0
2026-08-14 14:10:00-04:00,729.7100219726562,729.77001953125,729.4500122070312,729.47998046875,199750,0.0,0.0,0.0
2026-08-14 14:15:00-04:00,729.47998046875,729.7572021484375,729.4700927734375,729.614990234375,135381,0.0,0.0,0.0
2026-08-14 14:20:00-04:00,729.5999755859375,729.7999877929688,729.4713134765625,729.5250854492188,106085,0.0,0.0,0.0
2026-08-14 14:25:00-04:00,729.52001953125,729.6798706054688,729.1599731445312,729.1799926757812,167555,0.0,0.0,0.0
2026-08-14 14:30:00-04:00,729.22998046875,729.4000244140625,729.0900268554688,729.3099975585938,192006,0.0,0.0,0.0
2026-08-14 14:35:00-04:00,729.3099975585938,729.4450073242188,729.1699829101562,729.405029296875,120149,0.0,0.0,0.0
2026-08-14 14:40:00-04:00,729.3800048828125,729.7449951171875,729.3499755859375,729.6699829101562,171502,0.0,0.0,0.0
2026-08-14 14:45:00-04:00,729.6749877929688,729.7095947265625,729.4509887695312,729.6799926757812,103020,0.0,0.0,0.0
2026-08-14 14:50:00-04:00,729.6900024414062,730.0800170898438,729.6799926757812,729.9099731445312,316571,0.0,0.0,0.0
2026-08-14 14:55:00-04:00,729.9000244140625,729.9099731445312,729.6599731445312,729.6900024414062,100131,0.0,0.0,0.0
2026-08-14 15:00:00-04:00,729.7000122070312,729.7550048828125,729.4224853515625,729.5501098632812,196513,0.0,0.0,0.0
2026-08-14 15:05:00-04:00,729.5599975585938,729.8200073242188,729.4099731445312,729.7899780273438,265348,0.0,0.0,0.0
2026-08-14 15:10:00-04:00,729.7899780273438,729.7899780273438,729.52001953125,729.5499877929688,415934,0.0,0.0,0.0
2026-08-14 15:15:00-04:00,729.5499877929688,729.760009765625,729.4000244140625,729.7000122070312,387949,0.0,0.0,0.0
2026-08-14 15:20:00-04:00,729.6950073242188,729.7100219726562,729.510009765625,729.6500244140625,115868,0.0,0.0,0.0
2026-08-14 15:25:00-04:00,729.6500244140625,730.0399780273438,729.6400146484375,729.8599853515625,247952,0.0,0.0,0.0
2026-08-14 15:30:00-04:00,729.8599853515625,730.0352783203125,729.760009765625,729.989990234375,228769,0.0,0.0,0.0
2026-08-14 15:35:00-04:00,729.9899291992188,730.1649780273438,729.8699951171875,730.0750122070312,370396,0.0,0.0,0.0
2026-08-14 15:40:00-04:00,730.0900268554688,730.3300170898438,730.0499877929688,730.1699829101562,569779,0.0,0.0,0.0
2026-08-14 15:45:00-04:00,730.1500244140625,730.4299926757812,730.0,730.4100952148438,370135,0.0,0.0,0.0
2026-08-14 15:50:00-04:00,730.4000244140625,730.6699829101562,730.3599853515625,730.5900268554688,573621,0.0,0.0,0.0
2026-08-14 15:55:00-04:00,730.594970703125,731.1199951171875,730.2899780273438,731.0499877929688,1223393,0.0,0.0,0.0
2026-08-17 09:30:00-04:00,732.9600219726562,734.030029296875,732.27001953125,732.4498901367188,1937377,0.0,0.0,0.0
2026-08-17 09:35:00-04:00,732.4099731445312,733.41748046875,731.6400146484375,731.9268188476562,455994,0.0,0.0,0.0
2026-08-17 09:40:00-04:00,731.9299926757812,733.2050170898438,731.7000122070312,732.3200073242188,341367,0.0,0.0,0.0
2026-08-17 09:45:00-04:00,732.3900146484375,733.1699829101562,731.8599853515625,733.1300048828125,398323,0.0,0.0,0.0
2026-08-17 09:50:00-04:00,733.125,733.7962036132812,732.739990234375,733.625,517546,0.0,0.0,0.0
2026-08-17 09:55:00-04:00,733.6500244140625,733.7000122070312,732.85498046875,733.2999877929688,329841,0.0,0.0,0.0
2026-08-17 10:00:00-04:00,733.3394775390625,733.5,732.1799926757812,732.669921875,315601,0.0,0.0,0.0
2026-08-17 10:05:00-04:00,732.6849975585938,732.8200073242188,731.5900268554688,732.4450073242188,418217,0.0,0.0,0.0
2026-08-17 10:10:00-04:00,732.4500122070312,733.1500244140625,732.3699951171875,733.10498046875,290849,0.0,0.0,0.0
2026-08-17 10:15:00-04:00,733.10498046875,733.1199951171875,731.9199829101562,732.119873046875,328464,0.0,0.0,0.0
2026-08-17 10:20:00-04:00,732.0549926757812,732.1699829101562,731.530029296875,731.97998046875,474379,0.0,0.0,0.0
2026-08-17 10:25:00-04:00,731.9749755859375,732.489990234375,731.7200927734375,732.4400024414062,258570,0.0,0.0,0.0
2026-08-17 10:30:00-04:00,732.4500122070312,732.6699829101562,732.2000122070312,732.5900268554688,249519,0.0,0.0,0.0
2026-08-17 10:35:00-04:00,732.5900268554688,732.64501953125,732.219970703125,732.3897094726562,140097,0.0,0.0,0.0
2026-08-17 10:40:00-04:00,732.364990234375,732.8900146484375,732.3300170898438,732.58251953125,232750,0.0,0.0,0.0
2026-08-17 10:45:00-04:00,732.5999755859375,733.0599975585938,732.5150146484375,732.9099731445312,343632,0.0,0.0,0.0
2026-08-17 10:50:00-04:00,732.9099731445312,733.25,732.60498046875,732.7000122070312,321720,0.0,0.0,0.0
2026-08-17 10:55:00-04:00,732.7449951171875,733.6199951171875,732.72998046875,733.5599975585938,289051,0.0,0.0,0.0
2026-08-17 11:00:00-04:00,733.5850219726562,734.3499755859375,733.3300170898438,734.1699829101562,369993,0.0,0.0,0.0
2026-08-17 11:05:00-04:00,734.1500244140625,734.5800170898438,733.8599853515625,733.9099731445312,626612,0.0,0.0,0.0
2026-08-17 11:10:00-04:00,733.9199829101562,734.3198852539062,733.8800048828125,733.9099731445312,277334,0.0,0.0,0.0
2026-08-17 11:15:00-04:00,733.9094848632812,734.3499145507812,733.8599853515625,734.25,311202,0.0,0.0,0.0
2026-08-17 11:20:00-04:00,734.260009765625,734.4099731445312,734.1099853515625,734.1901245117188,349852,0.0,0.0,0.0
2026-08-17 11:25:00-04:00,734.2100219726562,734.3699951171875,733.8599853515625,734.1799926757812,209847,0.0,0.0,0.0
2026-08-17 11:30:00-04:00,734.2000122070312,734.280029296875,733.5449829101562,733.5700073242188,300123,0.0,0.0,0.0
2026-08-17 11:35:00-04:00,733.6099853515625,733.780029296875,733.0700073242188,733.0700073242188,250829,0.0,0.0,0.0
2026-08-17 11:40:00-04:00,733.08251953125,733.3200073242188,732.739990234375,733.2100219726562,392505,0.0,0.0,0.0
2026-08-17 11:45:00-04:00,733.1900024414062,733.3099975585938,732.9000244140625,732.9500732421875,249912,0.0,0.0,0.0
2026-08-17 11:50:00-04:00,732.9500122070312,733.7100219726562,732.9000244140625,733.530029296875,180182,0.0,0.0,0.0
2026-08-17 11:55:00-04:00,733.5599975585938,733.6589965820312,733.4299926757812,733.4998779296875,140706,0.0,0.0,0.0
2026-08-17 12:00:00-04:00,733.469970703125,733.5499877929688,732.9199829101562,732.9500122070312,184239,0.0,0.0,0.0
2026-08-17 12:05:00-04:00,732.9598999023438,733.030029296875,732.5599975585938,732.7249755859375,329286,0.0,0.0,0.0
2026-08-17 12:10:00-04:00,732.72998046875,732.9000244140625,732.559814453125,732.63623046875,225652,0.0,0.0,0.0
2026-08-17 12:15:00-04:00,732.6400146484375,732.97998046875,732.5554809570312,732.8438110351562,331204,0.0,0.0,0.0
2026-08-17 12:20:00-04:00,732.885009765625,732.9600219726562,732.3699951171875,732.510009765625,227105,0.0,0.0,0.0
2026-08-17 12:25:00-04:00,732.52001953125,732.7600708007812,732.47998046875,732.7000122070312,166644,0.0,0.0,0.0
2026-08-17 12:30:00-04:00,732.7000122070312,732.8350219726562,732.3800048828125,732.4500122070312,178798,0.0,0.0,0.0
2026-08-17 12:35:00-04:00,732.47998046875,732.5900268554688,732.3699951171875,732.5800170898438,182859,0.0,0.0,0.0
2026-08-17 12:40:00-04:00,732.5700073242188,732.5700073242188,732.10009765625,732.135009765625,184052,0.0,0.0,0.0
2026-08-17 12:45:00-04:00,732.1300048828125,732.29248046875,732.0399780273438,732.280029296875,192168,0.0,0.0,0.0
2026-08-17 12:50:00-04:00,732.27001953125,732.3400268554688,731.9512939453125,732.2849731445312,210995,0.0,0.0,0.0
2026-08-17 12:55:00-04:00,732.2800903320312,732.3300170898438,732.0,732.135009765625,202590,0.0,0.0,0.0
2026-08-17 13:00:00-04:00,732.1300048828125,732.219970703125,731.860107421875,731.9099731445312,196264,0.0,0.0,0.0
2026-08-17 13:05:00-04:00,731.9099731445312,731.9099731445312,731.469970703125,731.5753784179688,274804,0.0,0.0,0.0
2026-08-17 13:10:00-04:00,731.5900268554688,731.6500244140625,730.8200073242188,730.8200073242188,323513,0.0,0.0,0.0
2026-08-17 13:15:00-04:00,730.8099975585938,731.1400146484375,730.489990234375,730.8300170898438,448594,0.0,0.0,0.0
2026-08-17 13:20:00-04:00,730.8250122070312,730.8250122070312,730.0150146484375,730.3300170898438,834652,0.0,0.0,0.0
2026-08-17 13:25:00-04:00,730.3250122070312,730.4749755859375,729.9400024414062,730.0349731445312,649342,0.0,0.0,0.0
2026-08-17 13:30:00-04:00,730.02001953125,730.405029296875,729.8906860351562,729.9550170898438,284709,0.0,0.0,0.0
2026-08-17 13:35:00-04:00,729.9600219726562,730.469970703125,729.8900146484375,729.9099731445312,254002,0.0,0.0,0.0
2026-08-17 13:40:00-04:00,729.9099731445312,730.752197265625,729.7999877929688,730.6799926757812,215862,0.0,0.0,0.0
2026-08-17 13:45:00-04:00,730.6699829101562,730.77001953125,730.3400268554688,730.3699951171875,135212,0.0,0.0,0.0
2026-08-17 13:50:00-04:00,730.3599853515625,730.530029296875,730.27001953125,730.3900146484375,264870,0.0,0.0,0.0
2026-08-17 13:55:00-04:00,730.4061889648438,730.4299926757812,730.0599975585938,730.1699829101562,154163,0.0,0.0,0.0
2026-08-17 14:00:00-04:00,730.1599731445312,730.4400024414062,729.864990234375,729.9400024414062,210860,0.0,0.0,0.0
2026-08-17 14:05:00-04:00,729.9199829101562,730.030029296875,729.64501953125,729.8099975585938,433857,0.0,0.0,0.0
2026-08-17 14:10:00-04:00,729.780029296875,730.285400390625,729.719970703125,730.1199951171875,180769,0.0,0.0,0.0
2026-08-17 14:15:00-04:00,730.110107421875,730.2100219726562,729.9500122070312,730.0599975585938,114106,0.0,0.0,0.0
2026-08-17 14:20:00-04:00,730.0499877929688,730.2899780273438,729.864990234375,730.2650146484375,217059,0.0,0.0,0.0
2026-08-17 14:25:00-04:00,730.260009765625,730.4400024414062,729.9920043945312,730.1900024414062,149346,0.0,0.0,0.0
2026-08-17 14:30:00-04:00,730.1900024414062,730.3099975585938,729.9301147460938,730.1300048828125,138963,0.0,0.0,0.0
2026-08-17 14:35:00-04:00,730.155029296875,730.3400268554688,730.1400146484375,730.2750244140625,93478,0.0,0.0,0.0
2026-08-17 14:40:00-04:00,730.27001953125,730.5850219726562,730.260009765625,730.530029296875,184082,0.0,0.0,0.0
2026-08-17 14:45:00-04:00,730.52001953125,730.719970703125,730.489990234375,730.6422119140625,147884,0.0,0.0,0.0
2026-08-17 14:50:00-04:00,730.6749877929688,731.0,730.6199951171875,730.6599731445312,205289,0.0,0.0,0.0
2026-08-17 14:55:00-04:00,730.6599731445312,730.719970703125,730.5349731445312,730.655029296875,104506,0.0,0.0,0.0
2026-08-17 15:00:00-04:00,730.6599731445312,730.719970703125,730.3001098632812,730.3099975585938,268448,0.0,0.0,0.0
2026-08-17 15:05:00-04:00,730.3099975585938,730.4749755859375,730.090087890625,730.1799926757812,191351,0.0,0.0,0.0
2026-08-17 15:10:00-04:00,730.1699829101562,730.1900024414062,729.75,729.760009765625,243773,0.0,0.0,0.0
2026-08-17 15:15:00-04:00,729.739990234375,730.280029296875,729.7000122070312,729.9149780273438,227588,0.0,0.0,0.0
2026-08-17 15:20:00-04:00,729.9149780273438,730.0599975585938,729.7100219726562,730.030029296875,443074,0.0,0.0,0.0
2026-08-17 15:25:00-04:00,730.0399780273438,730.4500122070312,729.9400024414062,729.969970703125,255950,0.0,0.0,0.0
2026-08-17 15:30:00-04:00,729.9400024414062,730.2000122070312,729.8400268554688,730.02001953125,246357,0.0,0.0,0.0
2026-08-17 15:35:00-04:00,730.0349731445312,730.239990234375,729.97998046875,730.22998046875,167982,0.0,0.0,0.0
2026-08-17 15:40:00-04:00,730.2299194335938,730.3699951171875,730.010009765625,730.1599731445312,384980,0.0,0.0,0.0
2026-08-17 15:45:00-04:00,730.1799926757812,730.344970703125,730.1799926757812,730.344970703125,75120,0.0,0.0,0.0
