Datetime,Open,High,Low,Close,Volume,Dividends,Stock Splits,Capital Gains
2026-06-26 09:30:00-04:00,728.9450073242188,729.6599731445312,726.8599853515625,727.8599853515625,2579437,0.0,0.0,0.0
2026-06-26 09:35:00-04:00,727.8599853515625,729.1300048828125,727.5900268554688,728.1300048828125,774922,0.0,0.0,0.0
2026-06-26 09:40:00-04:00,728.1099853515625,729.4299926757812,727.72998046875,729.239990234375,583008,0.0,0.0,0.0
2026-06-26 09:45:00-04:00,729.239990234375,729.7999877929688,727.969970703125,728.7100219726562,691468,0.0,0.0,0.0
2026-06-26 09:50:00-04:00,728.6500244140625,729.6500244140625,728.52001953125,729.3200073242188,529081,0.0,0.0,0.0
2026-06-26 09:55:00-04:00,729.3900146484375,731.3099975585938,729.1900024414062,730.89501953125,791514,0.0,0.0,0.0
2026-06-26 10:00:00-04:00,730.8699951171875,732.280029296875,730.6300048828125,732.1900024414062,962854,0.0,0.0,0.0
2026-06-26 10:05:00-04:00,732.2000122070312,733.1500244140625,732.1300048828125,733.02001953125,670601,0.0,0.0,0.0
2026-06-26 10:10:00-04:00,733.0001220703125,733.4400024414062,732.4000244140625,733.2000122070312,636854,0.0,0.0,0.0
2026-06-26 10:15:00-04:00,733.1900024414062,733.5700073242188,732.4400024414062,732.6099853515625,625122,0.0,0.0,0.0
2026-06-26 10:20:00-04:00,732.6099853515625,734.2424926757812,732.469970703125,733.4500122070312,590355,0.0,0.0,0.0
2026-06-26 10:25:00-04:00,733.4400024414062,733.9400024414062,733.239990234375,733.489990234375,418348,0.0,0.0,0.0
2026-06-26 10:30:00-04:00,733.489990234375,733.9199829101562,733.0260009765625,733.364990234375,437501,0.0,0.0,0.0
2026-06-26 10:35:00-04:00,733.3800048828125,733.4199829101562,732.1199951171875,732.1799926757812,490183,0.0,0.0,0.0
2026-06-26 10:40:00-04:00,732.1699829101562,733.0800170898438,731.6005249023438,732.1699829101562,719234,0.0,0.0,0.0
2026-06-26 10:45:00-04:00,732.2000122070312,733.3800048828125,732.0499877929688,732.8800048828125,328567,0.0,0.0,0.0
2026-06-26 10:50:00-04:00,732.9000244140625,733.22998046875,732.2301025390625,732.530029296875,324677,0.0,0.0,0.0
2026-06-26 10:55:00-04:00,732.52001953125,732.9749755859375,731.8599853515625,732.4500122070312,330085,0.0,0.0,0.0
2026-06-26 11:00:00-04:00,732.4600219726562,733.4000244140625,732.4400024414062,732.780029296875,275083,0.0,0.0,0.0
2026-06-26 11:05:00-04:00,732.7999877929688,733.1599731445312,732.280029296875,733.0599975585938,311474,0.0,0.0,0.0
2026-06-26 11:10:00-04:00,733.0599975585938,733.219970703125,731.9400024414062,732.0700073242188,325345,0.0,0.0,0.0
2026-06-26 11:15:00-04:00,732.0800170898438,733.22998046875,731.6199951171875,733.0599975585938,422362,0.0,0.0,0.0
2026-06-26 11:20:00-04:00,733.030029296875,733.8499755859375,732.8200073242188,733.7999877929688,459844,0.0,0.0,0.0
2026-06-26 11:25:00-04:00,733.780029296875,734.6699829101562,733.6680297851562,734.6699829101562,572714,0.0,0.0,0.0
2026-06-26 11:30:00-04:00,734.6699829101562,735.6099853515625,734.3699951171875,734.52001953125,485293,0.0,0.0,0.0
2026-06-26 11:35:00-04:00,734.52001953125,735.9600219726562,734.52001953125,735.7518920898438,459799,0.0,0.0,0.0
2026-06-26 11:40:00-04:00,735.7999877929688,736.530029296875,735.5399780273438,736.27001953125,1067168,0.0,0.0,0.0
2026-06-26 11:45:00-04:00,736.260009765625,736.4600219726562,735.5449829101562,735.5700073242188,299213,0.0,0.0,0.0
2026-06-26 11:50:00-04:00,735.5800170898438,736.0399780273438,734.1799926757812,734.5650024414062,702130,0.0,0.0,0.0
2026-06-26 11:55:00-04:00,734.5499877929688,735.8699951171875,734.3800048828125,735.4000244140625,411465,0.0,0.0,0.0
2026-06-26 12:00:00-04:00,735.4000244140625,735.52001953125,735.0900268554688,735.3300170898438,307618,0.0,0.0,0.0
2026-06-26 12:05:00-04:00,735.3200073242188,735.4000244140625,734.1199951171875,734.25,493308,0.0,0.0,0.0
2026-06-26 12:10:00-04:00,734.239990234375,734.489990234375,733.7999877929688,734.1199951171875,298964,0.0,0.0,0.0
2026-06-26 12:15:00-04:00,734.1300048828125,734.6300048828125,733.780029296875,734.0,378112,0.0,0.0,0.0
2026-06-26 12:20:00-04:00,734.010009765625,734.1400146484375,732.739990234375,733.239990234375,683169,0.0,0.0,0.0
2026-06-26 12:25:00-04:00,733.239990234375,733.6400146484375,733.114990234375,733.4199829101562,248333,0.0,0.0,0.0
2026-06-26 12:30:00-04:00,733.4000244140625,734.7000122070312,733.4000244140625,734.6300048828125,399655,0.0,0.0,0.0
2026-06-26 12:35:00-04:00,734.6400146484375,734.780029296875,734.219970703125,734.3900146484375,387603,0.0,0.0,0.0
2026-06-26 12:40:00-04:00,734.4199829101562,734.6400146484375,733.989990234375,734.030029296875,282984,0.0,0.0,0.0
2026-06-26 12:45:00-04:00,734.0499877929688,734.3900146484375,733.8499755859375,734.35498046875,242152,0.0,0.0,0.0
2026-06-26 12:50:00-04:00,734.3599853515625,734.9000244140625,734.280029296875,734.6099853515625,308567,0.0,0.0,0.0
2026-06-26 12:55:00-04:00,734.5999755859375,734.5999755859375,734.25,734.469970703125,553633,0.0,0.0,0.0
2026-06-26 13:00:00-04:00,734.47998046875,735.1898803710938,734.1699829101562,734.9299926757812,1072586,0.0,0.0,0.0
2026-06-26 13:05:00-04:00,734.9349975585938,735.7899780273438,734.9099731445312,735.6500244140625,503894,0.0,0.0,0.0
2026-06-26 13:10:00-04:00,735.6199951171875,735.8599853515625,734.9299926757812,735.0850219726562,269283,0.0,0.0,0.0
2026-06-26 13:15:00-04:00,735.0999755859375,735.159912109375,734.2899780273438,734.4400024414062,312733,0.0,0.0,0.0
2026-06-26 13:20:00-04:00,734.4500122070312,734.6199951171875,733.9600219726562,734.0499877929688,254430,0.0,0.0,0.0
2026-06-26 13:25:00-04:00,734.0399780273438,734.97998046875,733.7899780273438,734.719970703125,299790,0.0,0.0,0.0
2026-06-26 13:30:00-04:00,734.719970703125,735.3900146484375,734.4500122070312,734.6325073242188,607375,0.0,0.0,0.0
2026-06-26 13:35:00-04:00,734.6199951171875,734.6300048828125,733.989990234375,734.0499877929688,210745,0.0,0.0,0.0
2026-06-26 13:40:00-04:00,734.0499877929688,734.530029296875,733.6199951171875,734.260009765625,256537,0.0,0.0,0.0
2026-06-26 13:45:00-04:00,734.260009765625,734.4099731445312,733.8400268554688,733.8599853515625,308354,0.0,0.0,0.0
2026-06-26 13:50:00-04:00,733.8599853515625,734.3200073242188,733.7999877929688,734.0800170898438,490773,0.0,0.0,0.0
2026-06-26 13:55:00-04:00,734.0599975585938,734.0900268554688,733.469970703125,733.6599731445312,257240,0.0,0.0,0.0
2026-06-26 14:00:00-04:00,733.6900024414062,734.4000244140625,733.6300048828125,734.260009765625,425897,0.0,0.0,0.0
2026-06-26 14:05:00-04:00,734.22998046875,734.5900268554688,734.0399780273438,734.1900024414062,414628,0.0,0.0,0.0
2026-06-26 14:10:00-04:00,734.1500244140625,734.4349975585938,733.8599853515625,734.0399780273438,410104,0.0,0.0,0.0
2026-06-26 14:15:00-04:00,734.0499877929688,734.219970703125,733.239990234375,733.4000244140625,401311,0.0,0.0,0.0
2026-06-26 14:20:00-04:00,733.4000244140625,733.6699829101562,733.239990234375,733.5599975585938,362582,0.0,0.0,0.0
2026-06-26 14:25:00-04:00,733.5499877929688,733.6699829101562,732.739990234375,732.8300170898438,523588,0.0,0.0,0.0
2026-06-26 14:30:00-04:00,732.8300170898438,733.6699829101562,732.77001953125,733.4650268554688,500496,0.0,0.0,0.0
2026-06-26 14:35:00-04:00,733.469970703125,733.47998046875,732.72998046875,732.8900146484375,653782,0.0,0.0,0.0
2026-06-26 14:40:00-04:00,732.89501953125,733.1500244140625,732.7501220703125,732.77001953125,275589,0.0,0.0,0.0
2026-06-26 14:45:00-04:00,732.8099975585938,732.8099975585938,731.760009765625,732.0299072265625,1343333,0.0,0.0,0.0
2026-06-26 14:50:00-04:00,732.030029296875,732.1199951171875,731.6099853515625,731.7899780273438,705681,0.0,0.0,0.0
2026-06-26 14:55:00-04:00,731.7899780273438,732.1300048828125,731.280029296875,731.6199951171875,642203,0.0,0.0,0.0
2026-06-26 15:00:00-04:00,731.6300048828125,732.0999755859375,731.4299926757812,731.4600219726562,747871,0.0,0.0,0.0
2026-06-26 15:05:00-04:00,731.4299926757812,732.47998046875,731.3300170898438,732.3499755859375,584108,0.0,0.0,0.0
2026-06-26 15:10:00-04:00,732.3400268554688,732.7999877929688,732.0125122070312,732.7899780273438,743956,0.0,0.0,0.0
2026-06-26 15:15:00-04:00,732.77001953125,732.989990234375,732.4400024414062,732.75,904491,0.0,0.0,0.0
2026-06-26 15:20:00-04:00,732.75,732.8900146484375,731.780029296875,732.27001953125,666454,0.0,0.0,0.0
2026-06-26 15:25:00-04:00,732.260986328125,732.47998046875,732.0999755859375,732.1900024414062,457110,0.0,0.0,0.0
2026-06-26 15:30:00-04:00,732.2000122070312,732.8699951171875,731.760009765625,732.6699829101562,779885,0.0,0.0,0.0
2026-06-26 15:35:00-04:00,732.6599731445312,732.8599853515625,732.280029296875,732.33251953125,923723,0.0,0.0,0.0
2026-06-26 15:40:00-04:00,732.3300170898438,733.3499755859375,732.3099975585938,733.27001953125,602325,0.0,0.0,0.0
2026-06-26 15:45:00-04:00,733.280029296875,733.8599853515625,732.7100219726562,733.0499877929688,1278652,0.0,0.0,0.0
2026-06-26 15:50:00-04:00,733.0399780273438,733.6699829101562,732.5601196289062,733.1500244140625,1508906,0.0,0.0,0.0
2026-06-26 15:55:00-04:00,733.1300048828125,733.5999755859375,716.5800170898438,729.0800170898438,6846621,0.0,0.0,0.0
2026-06-29 09:30:00-04:00,736.5250244140625,738.760009765625,735.2999877929688,738.6799926757812,2570080,0.0,0.0,0.0
2026-06-29 09:35:00-04:00,738.6699829101562,738.6799926757812,736.9299926757812,738.0299072265625,804156,0.0,0.0,0.0
2026-06-29 09:40:00-04:00,738.010009765625,739.25,737.4400024414062,739.239990234375,641410,0.0,0.0,0.0
2026-06-29 09:45:00-04:00,739.25,739.72998046875,738.7849731445312,738.8499755859375,956993,0.0,0.0,0.0
2026-06-29 09:50:00-04:00,738.8499755859375,739.89501953125,738.3499755859375,738.9000244140625,575442,0.0,0.0,0.0
2026-06-29 09:55:00-04:00,738.8900146484375,739.010009765625,736.4099731445312,736.889892578125,891566,0.0,0.0,0.0
2026-06-29 10:00:00-04:00,736.8699951171875,737.0700073242188,735.8800048828125,736.0499877929688,956842,0.0,0.0,0.0
2026-06-29 10:05:00-04:00,736.0499877929688,736.1599731445312,734.6500244140625,735.051513671875,781976,0.0,0.0,0.0
2026-06-29 10:10:00-04:00,735.0800170898438,735.3300170898438,732.7000122070312,732.7000122070312,880684,0.0,0.0,0.0
2026-06-29 10:15:00-04:00,732.7000122070312,733.9400024414062,732.0900268554688,733.6900024414062,1327368,0.0,0.0,0.0
2026-06-29 10:20:00-04:00,733.719970703125,734.5850219726562,733.3099975585938,734.1599731445312,806300,0.0,0.0,0.0
2026-06-29 10:25:00-04:00,734.1599731445312,736.1900024414062,734.1400146484375,736.0700073242188,972450,0.0,0.0,0.0
2026-06-29 10:30:00-04:00,736.0800170898438,737.6500244140625,735.9299926757812,737.4000244140625,811881,0.0,0.0,0.0
2026-06-29 10:35:00-04:00,737.39501953125,737.719970703125,736.8699951171875,737.1400146484375,585582,0.0,0.0,0.0
2026-06-29 10:40:00-04:00,737.0999755859375,737.8099975585938,736.8200073242188,737.0499877929688,444038,0.0,0.0,0.0
2026-06-29 10:45:00-04:00,737.0399780273438,737.0399780273438,735.8800048828125,736.6599731445312,868092,0.0,0.0,0.0
2026-06-29 10:50:00-04:00,736.6500244140625,738.3200073242188,736.6300048828125,737.9650268554688,573435,0.0,0.0,0.0
2026-06-29 10:55:00-04:00,737.9600219726562,737.9600219726562,737.1400146484375,737.8599853515625,400504,0.0,0.0,0.0
2026-06-29 11:00:00-04:00,737.8800048828125,738.02001953125,737.2000122070312,737.3579711914062,481912,0.0,0.0,0.0
2026-06-29 11:05:00-04:00,737.3599853515625,737.530029296875,737.02001953125,737.2100219726562,272363,0.0,0.0,0.0
2026-06-29 11:10:00-04:00,737.2100219726562,737.47998046875,736.5,737.4600219726562,372214,0.0,0.0,0.0
2026-06-29 11:15:00-04:00,737.47998046875,737.739990234375,736.9000244140625,736.969970703125,308183,0.0,0.0,0.0
2026-06-29 11:20:00-04:00,736.9600219726562,737.489990234375,736.3300170898438,736.72998046875,432927,0.0,0.0,0.0
2026-06-29 11:25:00-04:00,736.719970703125,737.8200073242188,736.5499877929688,737.77001953125,252935,0.0,0.0,0.0
2026-06-29 11:30:00-04:00,737.760009765625,738.030029296875,737.530029296875,737.5999755859375,531255,0.0,0.0,0.0
2026-06-29 11:35:00-04:00,737.5800170898438,738.1699829101562,737.2100219726562,738.0499877929688,319713,0.0,0.0,0.0
2026-06-29 11:40:00-04:00,738.010009765625,738.489990234375,737.719970703125,738.4400024414062,290035,0.0,0.0,0.0
2026-06-29 11:45:00-04:00,738.4400024414062,738.4450073242188,737.780029296875,737.9099731445312,474121,0.0,0.0,0.0
2026-06-29 11:50:00-04:00,737.9199829101562,738.1799926757812,737.760009765625,738.0599975585938,201728,0.0,0.0,0.0
2026-06-29 11:55:00-04:00,738.0399780273438,738.5800170898438,737.8244018554688,738.510009765625,241579,0.0,0.0,0.0
2026-06-29 12:00:00-04:00,738.5399780273438,738.9099731445312,738.4600219726562,738.9000244140625,582153,0.0,0.0,0.0
2026-06-29 12:05:00-04:00,738.8900146484375,739.1300048828125,738.6599731445312,738.7901000976562,480507,0.0,0.0,0.0
2026-06-29 12:10:00-04:00,738.8201293945312,738.989990234375,738.4400024414062,738.5,184103,0.0,0.0,0.0
2026-06-29 12:15:00-04:00,738.5,738.8400268554688,738.4400024414062,738.5800170898438,1903895,0.0,0.0,0.0
2026-06-29 12:20:00-04:00,738.5599975585938,738.8099975585938,738.3699951171875,738.77001953125,192392,0.0,0.0,0.0
2026-06-29 12:25:00-04:00,738.760009765625,738.8499755859375,738.260009765625,738.3300170898438,278007,0.0,0.0,0.0
2026-06-29 12:30:00-04:00,738.3400268554688,738.510009765625,737.969970703125,738.1199951171875,245356,0.0,0.0,0.0
2026-06-29 12:35:00-04:00,738.1199951171875,738.4500122070312,737.989990234375,738.4450073242188,262037,0.0,0.0,0.0
2026-06-29 12:40:00-04:00,738.4400024414062,738.5800170898438,738.3099975585938,738.5,149573,0.0,0.0,0.0
2026-06-29 12:45:00-04:00,738.510009765625,738.6201171875,738.1900024414062,738.4600219726562,163806,0.0,0.0,0.0
2026-06-29 12:50:00-04:00,738.510009765625,738.9500122070312,738.4099731445312,738.885009765625,255152,0.0,0.0,0.0
2026-06-29 12:55:00-04:00,738.8800048828125,738.8900146484375,738.6199951171875,738.6799926757812,756865,0.0,0.0,0.0
2026-06-29 13:00:00-04:00,738.6900024414062,739.0599975585938,738.6900024414062,739.02001953125,156207,0.0,0.0,0.0
2026-06-29 13:05:00-04:00,739.02001953125,739.3699951171875,738.9600219726562,739.260009765625,188961,0.0,0.0,0.0
2026-06-29 13:10:00-04:00,739.280029296875,740.2000122070312,739.260009765625,739.969970703125,554729,0.0,0.0,0.0
2026-06-29 13:15:00-04:00,739.97998046875,740.2999877929688,739.8699951171875,740.0750122070312,250101,0.0,0.0,0.0
2026-06-29 13:20:00-04:00,740.0499877929688,740.375,739.4849853515625,739.5,443003,0.0,0.0,0.0
2026-06-29 13:25:00-04:00,739.5,740.1799926757812,739.4600219726562,740.1400146484375,346510,0.0,0.0,0.0
2026-06-29 13:30:00-04:00,740.135009765625,740.6300048828125,739.97998046875,740.2899780273438,280931,0.0,0.0,0.0
2026-06-29 13:35:00-04:00,740.2999877929688,740.4199829101562,739.97998046875,740.3200073242188,197183,0.0,0.0,0.0
2026-06-29 13:40:00-04:00,740.2999877929688,740.4500122070312,740.260009765625,740.2849731445312,136083,0.0,0.0,0.0
2026-06-29 13:45:00-04:00,740.2899780273438,740.5599975585938,740.0999755859375,740.489990234375,177140,0.0,0.0,0.0
2026-06-29 13:50:00-04:00,740.489990234375,740.8200073242188,740.39501953125,740.5599975585938,179744,0.0,0.0,0.0
2026-06-29 13:55:00-04:00,740.5499877929688,740.6799926757812,740.1699829101562,740.4099731445312,184755,0.0,0.0,0.0
2026-06-29 14:00:00-04:00,740.4000244140625,740.77001953125,740.22998046875,740.6099853515625,290116,0.0,0.0,0.0
2026-06-29 14:05:00-04:00,740.6099853515625,740.760009765625,740.4400024414062,740.52001953125,523343,0.0,0.0,0.0
2026-06-29 14:10:00-04:00,740.52001953125,740.7100219726562,740.4299926757812,740.5789794921875,709069,0.0,0.0,0.0
2026-06-29 14:15:00-04:00,740.5700073242188,740.6199951171875,740.3599853515625,740.4199829101562,298207,0.0,0.0,0.0
2026-06-29 14:20:00-04:00,740.4299926757812,740.5800170898438,740.1799926757812,740.4000244140625,263078,0.0,0.0,0.0
2026-06-29 14:25:00-04:00,740.4099731445312,740.4099731445312,740.1199951171875,740.2150268554688,514123,0.0,0.0,0.0
2026-06-29 14:30:00-04:00,740.2150268554688,740.719970703125,740.1500244140625,740.6099853515625,309890,0.0,0.0,0.0
2026-06-29 14:35:00-04:00,740.6300048828125,740.9500122070312,740.5499877929688,740.7949829101562,295728,0.0,0.0,0.0
2026-06-29 14:40:00-04:00,740.7999877929688,741.0499877929688,740.6900024414062,740.969970703125,290475,0.0,0.0,0.0
2026-06-29 14:45:00-04:00,740.989990234375,741.1900024414062,740.8699951171875,740.9600219726562,308883,0.0,0.0,0.0
2026-06-29 14:50:00-04:00,740.9400024414062,740.9550170898438,740.6799926757812,740.85498046875,334165,0.0,0.0,0.0
2026-06-29 14:55:00-04:00,740.85498046875,740.9099731445312,740.5599975585938,740.6849975585938,428554,0.0,0.0,0.0
2026-06-29 15:00:00-04:00,740.6900024414062,740.9199829101562,740.510009765625,740.614990234375,1115678,0.0,0.0,0.0
2026-06-29 15:05:00-04:00,740.6099853515625,740.97998046875,740.52001953125,740.760009765625,336859,0.0,0.0,0.0
2026-06-29 15:10:00-04:00,740.760009765625,740.7999877929688,740.52001953125,740.5800170898438,989256,0.0,0.0,0.0
2026-06-29 15:15:00-04:00,740.5700073242188,740.7899780273438,740.3400268554688,740.6400146484375,812481,0.0,0.0,0.0
2026-06-29 15:20:00-04:00,740.6400146484375,741.1199951171875,740.6400146484375,741.0,420945,0.0,0.0,0.0
2026-06-29 15:25:00-04:00,741.0,741.0399780273438,740.8699951171875,740.8699951171875,591095,0.0,0.0,0.0
2026-06-29 15:30:00-04:00,740.8699951171875,740.9099731445312,740.4299926757812,740.489990234375,535172,0.0,0.0,0.0
2026-06-29 15:35:00-04:00,740.47998046875,740.7550048828125,740.47998046875,740.719970703125,571833,0.0,0.0,0.0
2026-06-29 15:40:00-04:00,740.719970703125,740.989990234375,740.4600219726562,740.6500244140625,1205474,0.0,0.0,0.0
2026-06-29 15:45:00-04:00,740.6500244140625,740.9199829101562,740.5999755859375,740.8900146484375,923273,0.0,0.0,0.0
2026-06-29 15:50:00-04:00,740.8900146484375,741.0,740.22998046875,740.2899780273438,2384337,0.0,0.0,0.0
2026-06-29 15:55:00-04:00,740.2899780273438,741.5599975585938,740.2899780273438,740.8499755859375,4054970,0.0,0.0,0.0
2026-06-30 09:30:00-04:00,741.2899780273438,741.969970703125,740.8900146484375,741.3049926757812,1787543,0.0,0.0,0.0
2026-06-30 09:35:00-04:00,741.3099975585938,742.0900268554688,741.1099853515625,741.469970703125,778822,0.0,0.0,0.0
2026-06-30 09:40:00-04:00,741.4600219726562,742.3099975585938,741.22998046875,741.9099731445312,910901,0.0,0.0,0.0
2026-06-30 09:45:00-04:00,741.8699951171875,742.3099975585938,741.6699829101562,742.010009765625,592726,0.0,0.0,0.0
2026-06-30 09:50:00-04:00,741.989990234375,743.469970703125,741.8800048828125,743.1799926757812,1009884,0.0,0.0,0.0
2026-06-30 09:55:00-04:00,743.1799926757812,743.9600219726562,743.1599731445312,743.9199829101562,547698,0.0,0.0,0.0
2026-06-30 10:00:00-04:00,743.9099731445312,744.530029296875,742.8599853515625,744.52001953125,3100579,0.0,0.0,0.0
2026-06-30 10:05:00-04:00,744.52001953125,744.5299072265625,743.3699951171875,743.5399780273438,369176,0.0,0.0,0.0
2026-06-30 10:10:00-04:00,743.5650024414062,743.8800048828125,743.1724853515625,743.6300048828125,418594,0.0,0.0,0.0
2026-06-30 10:15:00-04:00,743.6199951171875,743.8499755859375,743.3099975585938,743.5599975585938,298480,0.0,0.0,0.0
2026-06-30 10:20:00-04:00,743.5700073242188,744.4600219726562,743.4600219726562,744.2999877929688,299097,0.0,0.0,0.0
2026-06-30 10:25:00-04:00,744.3109741210938,744.5750122070312,744.02001953125,744.47998046875,237314,0.0,0.0,0.0
2026-06-30 10:30:00-04:00,744.469970703125,745.3300170898438,744.4400024414062,745.3200073242188,434445,0.0,0.0,0.0
2026-06-30 10:35:00-04:00,745.3300170898438,745.3800048828125,744.3400268554688,744.5549926757812,625219,0.0,0.0,0.0
2026-06-30 10:40:00-04:00,744.5599975585938,744.9249877929688,744.1599731445312,744.780029296875,334239,0.0,0.0,0.0
2026-06-30 10:45:00-04:00,744.7999877929688,744.8099975585938,743.6511840820312,743.8699951171875,317645,0.0,0.0,0.0
2026-06-30 10:50:00-04:00,743.8900146484375,744.27001953125,743.3200073242188,743.3798828125,341395,0.0,0.0,0.0
2026-06-30 10:55:00-04:00,743.3800048828125,743.719970703125,742.9299926757812,743.3198852539062,263306,0.0,0.0,0.0
2026-06-30 11:00:00-04:00,743.3200073242188,744.3200073242188,743.239990234375,744.1699829101562,269756,0.0,0.0,0.0
2026-06-30 11:05:00-04:00,744.1699829101562,744.510009765625,743.7999877929688,744.4249877929688,284409,0.0,0.0,0.0
2026-06-30 11:10:00-04:00,744.4400024414062,744.9199829101562,744.3300170898438,744.8300170898438,466836,0.0,0.0,0.0
2026-06-30 11:15:00-04:00,744.8200073242188,744.8800048828125,744.3599853515625,744.5499877929688,225849,0.0,0.0,0.0
2026-06-30 11:20:00-04:00,744.5499877929688,745.218994140625,744.530029296875,745.1400146484375,346595,0.0,0.0,0.0
2026-06-30 11:25:00-04:00,745.1500244140625,745.3599853515625,744.97998046875,745.260009765625,317186,0.0,0.0,0.0
2026-06-30 11:30:00-04:00,745.2750244140625,745.47998046875,745.0499877929688,745.4500122070312,457431,0.0,0.0,0.0
2026-06-30 11:35:00-04:00,745.4299926757812,745.47998046875,744.8499755859375,744.9400024414062,262459,0.0,0.0,0.0
2026-06-30 11:40:00-04:00,744.9500122070312,745.25,744.7940063476562,745.030029296875,194669,0.0,0.0,0.0
2026-06-30 11:45:00-04:00,745.030029296875,745.6900024414062,745.030029296875,745.4149780273438,244820,0.0,0.0,0.0
2026-06-30 11:50:00-04:00,745.4299926757812,745.7349853515625,745.280029296875,745.6799926757812,221972,0.0,0.0,0.0
2026-06-30 11:55:00-04:00,745.6699829101562,746.0,745.6300048828125,745.7899780273438,353269,0.0,0.0,0.0
2026-06-30 12:00:00-04:00,745.7999877929688,746.1500244140625,745.760009765625,746.0,391433,0.0,0.0,0.0
2026-06-30 12:05:00-04:00,746.0025024414062,746.405029296875,745.97998046875,746.0850219726562,333250,0.0,0.0,0.0
2026-06-30 12:10:00-04:00,746.0800170898438,746.3200073242188,746.0499877929688,746.280029296875,226252,0.0,0.0,0.0
2026-06-30 12:15:00-04:00,746.27001953125,746.6199951171875,746.1799926757812,746.3900146484375,380723,0.0,0.0,0.0
2026-06-30 12:20:00-04:00,746.3900146484375,746.530029296875,746.260009765625,746.4199829101562,239427,0.0,0.0,0.0
2026-06-30 12:25:00-04:00,746.4199829101562,746.4400024414062,746.260009765625,746.2899780273438,366476,0.0,0.0,0.0
2026-06-30 12:30:00-04:00,746.2899780273438,746.4199829101562,746.1199951171875,746.219970703125,298510,0.0,0.0,0.0
2026-06-30 12:35:00-04:00,746.219970703125,746.4199829101562,746.1199951171875,746.4199829101562,185406,0.0,0.0,0.0
2026-06-30 12:40:00-04:00,746.4000244140625,746.6099853515625,746.3300170898438,746.5307006835938,293982,0.0,0.0,0.0
2026-06-30 12:45:00-04:00,746.5399780273438,746.7899780273438,746.47998046875,746.7899780273438,282884,0.0,0.0,0.0
2026-06-30 12:50:00-04:00,746.7899780273438,747.0399780273438,746.6300048828125,746.9400024414062,406701,0.0,0.0,0.0
2026-06-30 12:55:00-04:00,746.9500122070312,747.0,746.655029296875,746.77001953125,231170,0.0,0.0,0.0
2026-06-30 13:00:00-04:00,746.780029296875,747.1400146484375,746.77001953125,746.97998046875,222298,0.0,0.0,0.0
2026-06-30 13:05:00-04:00,746.97998046875,747.0800170898438,746.8400268554688,746.8699951171875,192471,0.0,0.0,0.0
2026-06-30 13:10:00-04:00,746.8900146484375,746.9199829101562,746.5750122070312,746.594970703125,176597,0.0,0.0,0.0
2026-06-30 13:15:00-04:00,746.594970703125,746.7424926757812,746.52001953125,746.6400146484375,442476,0.0,0.0,0.0
2026-06-30 13:20:00-04:00,746.6500244140625,746.8900146484375,746.5999755859375,746.6950073242188,203658,0.0,0.0,0.0
2026-06-30 13:25:00-04:00,746.7000122070312,746.75,746.3699951171875,746.489990234375,222828,0.0,0.0,0.0
2026-06-30 13:30:00-04:00,746.510009765625,746.6699829101562,746.3200073242188,746.5700073242188,206833,0.0,0.0,0.0
2026-06-30 13:35:00-04:00,746.5700073242188,746.6199951171875,746.1500244140625,746.2000122070312,430786,0.0,0.0,0.0
2026-06-30 13:40:00-04:00,746.2000122070312,746.6300048828125,746.1799926757812,746.6099853515625,313834,0.0,0.0,0.0
2026-06-30 13:45:00-04:00,746.60498046875,746.6599731445312,746.3200073242188,746.3699951171875,275184,0.0,0.0,0.0
2026-06-30 13:50:00-04:00,746.3800048828125,746.5999755859375,746.2999877929688,746.469970703125,188357,0.0,0.0,0.0
2026-06-30 13:55:00-04:00,746.4600219726562,746.5399780273438,746.4000244140625,746.489990234375,171685,0.0,0.0,0.0
2026-06-30 14:00:00-04:00,746.489990234375,746.8599853515625,746.3800048828125,746.6599731445312,283412,0.0,0.0,0.0
2026-06-30 14:05:00-04:00,746.6649780273438,746.77001953125,746.3200073242188,746.6599731445312,284579,0.0,0.0,0.0
2026-06-30 14:10:00-04:00,746.6599731445312,746.8250122070312,746.5850219726562,746.77001953125,225522,0.0,0.0,0.0
2026-06-30 14:15:00-04:00,746.77001953125,746.9650268554688,746.6799926757812,746.9500122070312,236989,0.0,0.0,0.0
2026-06-30 14:20:00-04:00,746.9400024414062,747.0800170898438,746.8499755859375,746.8699951171875,364063,0.0,0.0,0.0
2026-06-30 14:25:00-04:00,746.8599853515625,746.9199829101562,746.7000122070312,746.7999877929688,207765,0.0,0.0,0.0
2026-06-30 14:30:00-04:00,746.77001953125,746.8200073242188,746.5599975585938,746.6900024414062,299568,0.0,0.0,0.0
2026-06-30 14:35:00-04:00,746.7000122070312,746.8499755859375,746.6599731445312,746.72998046875,240346,0.0,0.0,0.0
2026-06-30 14:40:00-04:00,746.7249755859375,747.0599975585938,746.719970703125,746.97998046875,299062,0.0,0.0,0.0
2026-06-30 14:45:00-04:00,746.969970703125,747.3499755859375,746.8599853515625,747.3300170898438,407624,0.0,0.0,0.0
2026-06-30 14:50:00-04:00,747.3200073242188,747.4400024414062,747.0,747.1300048828125,358764,0.0,0.0,0.0
2026-06-30 14:55:00-04:00,747.125,747.3300170898438,747.0900268554688,747.1300048828125,363398,0.0,0.0,0.0
2026-06-30 15:00:00-04:00,747.1300048828125,747.4000244140625,747.1099853515625,747.25,336809,0.0,0.0,0.0
2026-06-30 15:05:00-04:00,747.22998046875,747.5999755859375,747.1300048828125,747.5,375077,0.0,0.0,0.0
2026-06-30 15:10:00-04:00,747.5020141601562,747.780029296875,747.3200073242188,747.719970703125,470204,0.0,0.0,0.0
2026-06-30 15:15:00-04:00,747.719970703125,748.02001953125,747.5999755859375,747.6199951171875,660814,0.0,0.0,0.0
2026-06-30 15:20:00-04:00,747.6400146484375,747.7999877929688,747.469970703125,747.6300048828125,1152773,0.0,0.0,0.0
2026-06-30 15:25:00-04:00,747.6199951171875,747.7000122070312,747.2999877929688,747.4199829101562,952990,0.0,0.0,0.0
2026-06-30 15:30:00-04:00,747.4299926757812,747.489990234375,747.1300048828125,747.1400146484375,683924,0.0,0.0,0.0
2026-06-30 15:35:00-04:00,747.14501953125,747.2000122070312,746.72998046875,746.9299926757812,706926,0.0,0.0,0.0
2026-06-30 15:40:00-04:00,746.9199829101562,747.1400146484375,746.8099975585938,747.1300048828125,732755,0.0,0.0,0.0
2026-06-30 15:45:00-04:00,747.1389770507812,747.3499755859375,746.8150024414062,746.9099731445312,885649,0.0,0.0,0.0
2026-06-30 15:50:00-04:00,746.9000244140625,747.489990234375,746.6749877929688,747.4400024414062,1610289,0.0,0.0,0.0
2026-06-30 15:55:00-04:00,747.4500122070312,747.8599853515625,746.3699951171875,746.47998046875,8282003,0.0,0.0,0.0
2026-07-01 09:30:00-04:00,745.0,745.1799926757812,742.5,742.6300048828125,2388004,0.0,0.0,0.0
2026-07-01 09:35:00-04:00,742.6300048828125,743.4099731445312,742.375,743.072509765625,912760,0.0,0.0,0.0
2026-07-01 09:40:00-04:00,743.1199951171875,743.75,742.780029296875,743.2100219726562,1153801,0.0,0.0,0.0
2026-07-01 09:45:00-04:00,743.219970703125,744.119873046875,742.8599853515625,743.6900024414062,913819,0.0,0.0,0.0
2026-07-01 09:50:00-04:00,743.6900024414062,744.9199829101562,743.6099853515625,744.75,846149,0.0,0.0,0.0
2026-07-01 09:55:00-04:00,744.739990234375,745.3400268554688,744.4801025390625,745.3200073242188,828006,0.0,0.0,0.0
2026-07-01 10:00:00-04:00,745.3400268554688,745.6300048828125,745.0,745.3900146484375,483830,0.0,0.0,0.0
2026-07-01 10:05:00-04:00,745.405029296875,746.3049926757812,745.3300170898438,746.094970703125,543302,0.0,0.0,0.0
2026-07-01 10:10:00-04:00,746.0900268554688,746.8900146484375,746.02001953125,746.6099853515625,628072,0.0,0.0,0.0
2026-07-01 10:15:00-04:00,746.64501953125,746.8300170898438,746.3499755859375,746.75,750140,0.0,0.0,0.0
2026-07-01 10:20:00-04:00,746.739990234375,746.989990234375,746.6300048828125,746.8099975585938,454617,0.0,0.0,0.0
2026-07-01 10:25:00-04:00,746.8099975585938,747.02001953125,746.6699829101562,746.8200073242188,300827,0.0,0.0,0.0
2026-07-01 10:30:00-04:00,746.8200073242188,746.9000244140625,746.02001953125,746.3049926757812,419233,0.0,0.0,0.0
2026-07-01 10:35:00-04:00,746.2899780273438,746.9299926757812,746.0,746.9199829101562,487713,0.0,0.0,0.0
2026-07-01 10:40:00-04:00,746.8930053710938,747.1099853515625,746.469970703125,746.6400146484375,546225,0.0,0.0,0.0
2026-07-01 10:45:00-04:00,746.6099853515625,746.6400146484375,745.6900024414062,746.4600219726562,481804,0.0,0.0,0.0
2026-07-01 10:50:00-04:00,746.489990234375,747.0700073242188,746.41748046875,746.8599853515625,379682,0.0,0.0,0.0
2026-07-01 10:55:00-04:00,746.8800048828125,746.969970703125,746.3800048828125,746.9600219726562,306704,0.0,0.0,0.0
2026-07-01 11:00:00-04:00,746.989990234375,747.9149780273438,746.9000244140625,747.780029296875,506271,0.0,0.0,0.0
2026-07-01 11:05:00-04:00,747.7849731445312,748.0700073242188,747.3900146484375,747.6599731445312,718027,0.0,0.0,0.0
2026-07-01 11:10:00-04:00,747.6699829101562,748.0900268554688,747.4708862304688,748.0700073242188,407140,0.0,0.0,0.0
2026-07-01 11:15:00-04:00,748.0900268554688,748.6400146484375,748.030029296875,748.47998046875,573080,0.0,0.0,0.0
2026-07-01 11:20:00-04:00,748.47998046875,749.0499877929688,748.47998046875,748.8900146484375,527674,0.0,0.0,0.0
2026-07-01 11:25:00-04:00,748.8699951171875,749.3200073242188,748.8099975585938,749.2899780273438,768037,0.0,0.0,0.0
2026-07-01 11:30:00-04:00,749.280029296875,749.364990234375,748.6400146484375,748.6599731445312,320244,0.0,0.0,0.0
2026-07-01 11:35:00-04:00,748.6500244140625,748.8800048828125,748.3400268554688,748.6300048828125,360520,0.0,0.0,0.0
2026-07-01 11:40:00-04:00,748.6599731445312,748.9099731445312,748.5,748.8099975585938,248668,0.0,0.0,0.0
2026-07-01 11:45:00-04:00,748.780029296875,748.9099731445312,748.3599853515625,748.4600219726562,336484,0.0,0.0,0.0
2026-07-01 11:50:00-04:00,748.469970703125,748.8400268554688,748.3499755859375,748.52001953125,193883,0.0,0.0,0.0
2026-07-01 11:55:00-04:00,748.52001953125,748.8800048828125,748.3599853515625,748.7899780273438,286282,0.0,0.0,0.0
2026-07-01 12:00:00-04:00,748.8109741210938,749.1400146484375,748.6900024414062,748.8099975585938,262549,0.0,0.0,0.0
2026-07-01 12:05:00-04:00,748.7999877929688,749.0900268554688,748.6699829101562,748.8800048828125,152324,0.0,0.0,0.0
2026-07-01 12:10:00-04:00,748.8800048828125,749.1400146484375,748.72998046875,749.0900268554688,177492,0.0,0.0,0.0
2026-07-01 12:15:00-04:00,749.0800170898438,749.1699829101562,748.8599853515625,749.0800170898438,385667,0.0,0.0,0.0
2026-07-01 12:20:00-04:00,749.0800170898438,749.4349975585938,748.97998046875,749.239990234375,236481,0.0,0.0,0.0
2026-07-01 12:25:00-04:00,749.25,749.3599853515625,748.969970703125,748.9700927734375,204706,0.0,0.0,0.0
2026-07-01 12:30:00-04:00,748.97998046875,749.2100219726562,748.969970703125,749.0399780273438,137705,0.0,0.0,0.0
2026-07-01 12:35:00-04:00,749.02001953125,749.030029296875,748.52001953125,748.5599975585938,250109,0.0,0.0,0.0
2026-07-01 12:40:00-04:00,748.5399780273438,748.6799926757812,748.2899780273438,748.5999755859375,295509,0.0,0.0,0.0
2026-07-01 12:45:00-04:00,748.6099853515625,748.8300170898438,748.3200073242188,748.3200073242188,283186,0.0,0.0,0.0
2026-07-01 12:50:00-04:00,748.3250122070312,748.5549926757812,747.89501953125,748.0599975585938,313846,0.0,0.0,0.0
2026-07-01 12:55:00-04:00,748.0800170898438,748.1300048828125,747.322509765625,747.52001953125,318935,0.0,0.0,0.0
2026-07-01 13:00:00-04:00,747.510009765625,747.9299926757812,747.3900146484375,747.5150146484375,250031,0.0,0.0,0.0
2026-07-01 13:05:00-04:00,747.510009765625,747.569091796875,747.0399780273438,747.47998046875,456779,0.0,0.0,0.0
2026-07-01 13:10:00-04:00,747.5,747.8699951171875,747.27001953125,747.8201293945312,178588,0.0,0.0,0.0
2026-07-01 13:15:00-04:00,747.8200073242188,748.1199951171875,747.720703125,748.0700073242188,321515,0.0,0.0,0.0
2026-07-01 13:20:00-04:00,748.0900268554688,748.3099975585938,748.0499877929688,748.2100219726562,179773,0.0,0.0,0.0
2026-07-01 13:25:00-04:00,748.2398071289062,748.4199829101562,747.9199829101562,747.9299926757812,271513,0.0,0.0,0.0
2026-07-01 13:30:00-04:00,747.9400024414062,748.1799926757812,747.6799926757812,747.8200073242188,210559,0.0,0.0,0.0
2026-07-01 13:35:00-04:00,747.8400268554688,748.0499877929688,747.6500244140625,747.9400024414062,218628,0.0,0.0,0.0
2026-07-01 13:40:00-04:00,747.9500122070312,747.97998046875,747.469970703125,747.489990234375,119831,0.0,0.0,0.0
2026-07-01 13:45:00-04:00,747.47998046875,747.6400146484375,747.2899780273438,747.4199829101562,225530,0.0,0.0,0.0
2026-07-01 13:50:00-04:00,747.4199829101562,747.7399291992188,747.239990234375,747.5999755859375,184187,0.0,0.0,0.0
2026-07-01 13:55:00-04:00,747.6099853515625,747.6199951171875,747.1599731445312,747.1950073242188,234030,0.0,0.0,0.0
2026-07-01 14:00:00-04:00,747.2000122070312,747.6900024414062,747.14501953125,747.6900024414062,420904,0.0,0.0,0.0
2026-07-01 14:05:00-04:00,747.6799926757812,747.6799926757812,747.2899780273438,747.530029296875,194348,0.0,0.0,0.0
2026-07-01 14:10:00-04:00,747.510009765625,747.5499877929688,747.0900268554688,747.0999755859375,184084,0.0,0.0,0.0
2026-07-01 14:15:00-04:00,747.0900268554688,747.260009765625,746.7100219726562,747.2100219726562,339707,0.0,0.0,0.0
2026-07-01 14:20:00-04:00,747.219970703125,747.4400024414062,747.1199951171875,747.4400024414062,338516,0.0,0.0,0.0
2026-07-01 14:25:00-04:00,747.4299926757812,747.5349731445312,747.1300048828125,747.1400146484375,204926,0.0,0.0,0.0
2026-07-01 14:30:00-04:00,747.1300048828125,747.2698974609375,747.0,747.219970703125,233101,0.0,0.0,0.0
2026-07-01 14:35:00-04:00,747.2000122070312,747.3800048828125,747.0900268554688,747.280029296875,212911,0.0,0.0,0.0
2026-07-01 14:40:00-04:00,747.27001953125,747.3300170898438,747.0499877929688,747.1799926757812,232956,0.0,0.0,0.0
2026-07-01 14:45:00-04:00,747.1799926757812,747.2000122070312,746.6801147460938,746.9299926757812,372970,0.0,0.0,0.0
2026-07-01 14:50:00-04:00,746.9349975585938,746.9949951171875,746.4500122070312,746.4801025390625,435589,0.0,0.0,0.0
2026-07-01 14:55:00-04:00,746.47998046875,746.9299926757812,746.4500122070312,746.8499755859375,284593,0.0,0.0,0.0
2026-07-01 15:00:00-04:00,746.8599853515625,747.3300170898438,746.780029296875,747.2750244140625,441118,0.0,0.0,0.0
2026-07-01 15:05:00-04:00,747.260009765625,747.6900024414062,747.239990234375,747.6099853515625,412872,0.0,0.0,0.0
2026-07-01 15:10:00-04:00,747.5999755859375,747.6199951171875,747.219970703125,747.3499755859375,441600,0.0,0.0,0.0
2026-07-01 15:15:00-04:00,747.3200073242188,747.5900268554688,747.27001953125,747.4000244140625,225077,0.0,0.0,0.0
2026-07-01 15:20:00-04:00,747.4099731445312,747.530029296875,747.280029296875,747.489990234375,254844,0.0,0.0,0.0
2026-07-01 15:25:00-04:00,747.5,747.5,746.9400024414062,746.9400024414062,601085,0.0,0.0,0.0
2026-07-01 15:30:00-04:00,746.9400024414062,747.3099975585938,746.9299926757812,747.1500244140625,546729,0.0,0.0,0.0
2026-07-01 15:35:00-04:00,747.1400146484375,747.1599731445312,746.77001953125,746.8400268554688,426906,0.0,0.0,0.0
2026-07-01 15:40:00-04:00,746.8300170898438,746.8699951171875,746.4600219726562,746.6500244140625,953912,0.0,0.0,0.0
2026-07-01 15:45:00-04:00,746.6500244140625,746.6799926757812,746.3300170898438,746.52001953125,673954,0.0,0.0,0.0
2026-07-01 15:50:00-04:00,746.530029296875,746.7999877929688,745.9199829101562,746.239990234375,1424220,0.0,0.0,0.0
2026-07-01 15:55:00-04:00,746.22998046875,746.25,745.1599731445312,745.7000122070312,4176329,0.0,0.0,0.0
2026-07-02 09:30:00-04:00,747.4000244140625,748.719970703125,747.0999755859375,748.5599975585938,2508520,0.0,0.0,0.0
2026-07-02 09:35:00-04:00,748.5399780273438,749.1900024414062,747.989990234375,748.780029296875,539873,0.0,0.0,0.0
2026-07-02 09:40:00-04:00,748.8099975585938,750.25,748.6300048828125,749.7999877929688,706026,0.0,0.0,0.0
2026-07-02 09:45:00-04:00,749.760009765625,750.7362060546875,749.510009765625,750.405029296875,474360,0.0,0.0,0.0
2026-07-02 09:50:00-04:00,750.4190063476562,751.2449951171875,750.1799926757812,750.469970703125,707106,0.0,0.0,0.0
2026-07-02 09:55:00-04:00,750.489990234375,750.77001953125,750.030029296875,750.760009765625,435326,0.0,0.0,0.0
2026-07-02 10:00:00-04:00,750.780029296875,751.0900268554688,750.4000244140625,750.7794799804688,387736,0.0,0.0,0.0
2026-07-02 10:05:00-04:00,750.780029296875,751.3099975585938,750.1199951171875,750.2449951171875,505269,0.0,0.0,0.0
2026-07-02 10:10:00-04:00,750.260009765625,751.239990234375,749.6699829101562,750.9600219726562,578904,0.0,0.0,0.0
2026-07-02 10:15:00-04:00,750.969970703125,751.219970703125,750.1400146484375,750.6699829101562,390691,0.0,0.0,0.0
2026-07-02 10:20:00-04:00,750.6599731445312,750.77001953125,749.52001953125,749.6500244140625,628550,0.0,0.0,0.0
2026-07-02 10:25:00-04:00,749.6599731445312,749.7999877929688,747.6099853515625,747.9400024414062,986129,0.0,0.0,0.0
2026-07-02 10:30:00-04:00,747.9500122070312,749.3800048828125,747.5599975585938,748.27001953125,701328,0.0,0.0,0.0
2026-07-02 10:35:00-04:00,748.2750244140625,749.1400146484375,747.8040161132812,748.4550170898438,417189,0.0,0.0,0.0
2026-07-02 10:40:00-04:00,748.4500122070312,748.6300048828125,746.3499755859375,746.8800048828125,636437,0.0,0.0,0.0
2026-07-02 10:45:00-04:00,746.8900146484375,747.6799926757812,746.3200073242188,747.27001953125,489508,0.0,0.0,0.0
2026-07-02 10:50:00-04:00,747.2849731445312,747.7100219726562,746.02001953125,746.5,459111,0.0,0.0,0.0
2026-07-02 10:55:00-04:00,746.47998046875,747.6699829101562,746.4299926757812,747.6599731445312,266821,0.0,0.0,0.0
2026-07-02 11:00:00-04:00,747.6500244140625,747.8280029296875,746.0399780273438,746.0700073242188,526444,0.0,0.0,0.0
2026-07-02 11:05:00-04:00,746.0900268554688,746.3699951171875,744.2000122070312,745.3624877929688,915252,0.0,0.0,0.0
2026-07-02 11:10:00-04:00,745.3800048828125,746.530029296875,745.010009765625,746.0599975585938,405388,0.0,0.0,0.0
2026-07-02 11:15:00-04:00,746.0599975585938,746.3400268554688,744.4400024414062,744.6300048828125,523939,0.0,0.0,0.0
2026-07-02 11:20:00-04:00,744.6900024414062,745.9400024414062,744.3300170898438,745.8800048828125,448169,0.0,0.0,0.0
2026-07-02 11:25:00-04:00,745.9099731445312,746.02001953125,744.8900146484375,744.9099731445312,406656,0.0,0.0,0.0
2026-07-02 11:30:00-04:00,744.8800048828125,746.2650146484375,744.8699951171875,746.0800170898438,379207,0.0,0.0,0.0
2026-07-02 11:35:00-04:00,746.0999755859375,746.7100219726562,745.9600219726562,746.2349853515625,483631,0.0,0.0,0.0
2026-07-02 11:40:00-04:00,746.22998046875,746.5499877929688,745.2861938476562,745.2861938476562,348866,0.0,0.0,0.0
2026-07-02 11:45:00-04:00,745.2899780273438,745.718994140625,744.739990234375,744.8599853515625,166238,0.0,0.0,0.0
2026-07-02 11:50:00-04:00,744.8800048828125,744.8800048828125,744.0499877929688,744.614990234375,311294,0.0,0.0,0.0
2026-07-02 11:55:00-04:00,744.5999755859375,744.9400024414062,744.0700073242188,744.64501953125,324263,0.0,0.0,0.0
2026-07-02 12:00:00-04:00,744.6500244140625,744.8699951171875,743.6699829101562,744.3200073242188,728464,0.0,0.0,0.0
2026-07-02 12:05:00-04:00,744.3099975585938,744.594970703125,743.7999877929688,743.906005859375,193043,0.0,0.0,0.0
2026-07-02 12:10:00-04:00,743.9500122070312,744.669921875,743.8099975585938,744.5,211939,0.0,0.0,0.0
2026-07-02 12:15:00-04:00,744.5,744.614990234375,743.969970703125,744.0499877929688,219089,0.0,0.0,0.0
2026-07-02 12:20:00-04:00,744.0499877929688,744.0750122070312,743.3699951171875,743.4500122070312,333837,0.0,0.0,0.0
2026-07-02 12:25:00-04:00,743.4400024414062,744.02001953125,743.4199829101562,743.5399780273438,266933,0.0,0.0,0.0
2026-07-02 12:30:00-04:00,743.5599975585938,743.5700073242188,742.8300170898438,742.8300170898438,734008,0.0,0.0,0.0
2026-07-02 12:35:00-04:00,742.8200073242188,743.1099853515625,742.1099853515625,742.6699829101562,479644,0.0,0.0,0.0
2026-07-02 12:40:00-04:00,742.6799926757812,743.3599853515625,742.5999755859375,743.2449951171875,523397,0.0,0.0,0.0
2026-07-02 12:45:00-04:00,743.22998046875,743.27001953125,742.77001953125,742.989990234375,241683,0.0,0.0,0.0
2026-07-02 12:50:00-04:00,742.989990234375,743.3599853515625,742.5700073242188,742.9000244140625,289710,0.0,0.0,0.0
2026-07-02 12:55:00-04:00,742.9099731445312,742.9199829101562,741.8099975585938,742.1799926757812,340170,0.0,0.0,0.0
2026-07-02 13:00:00-04:00,742.2000122070312,742.280029296875,740.52001953125,740.85498046875,475859,0.0,0.0,0.0
2026-07-02 13:05:00-04:00,740.8499755859375,741.9500122070312,740.3699951171875,741.52001953125,513056,0.0,0.0,0.0
2026-07-02 13:10:00-04:00,741.510009765625,741.9400024414062,741.219970703125,741.75,340622,0.0,0.0,0.0
2026-07-02 13:15:00-04:00,741.75,742.1699829101562,741.3800048828125,741.4600219726562,1007248,0.0,0.0,0.0
2026-07-02 13:20:00-04:00,741.469970703125,741.9000244140625,741.280029296875,741.3657836914062,859947,0.0,0.0,0.0
2026-07-02 13:25:00-04:00,741.3699951171875,741.6500244140625,741.1400146484375,741.530029296875,688107,0.0,0.0,0.0
2026-07-02 13:30:00-04:00,741.5399780273438,742.0999755859375,741.4299926757812,741.4299926757812,263261,0.0,0.0,0.0
2026-07-02 13:35:00-04:00,741.4299926757812,741.5700073242188,740.6500244140625,740.75,513240,0.0,0.0,0.0
2026-07-02 13:40:00-04:00,740.7449951171875,741.2100219726562,740.4299926757812,741.1199951171875,259671,0.0,0.0,0.0
2026-07-02 13:45:00-04:00,741.0800170898438,741.1500244140625,740.22998046875,740.6400146484375,336425,0.0,0.0,0.0
2026-07-02 13:50:00-04:00,740.6300048828125,741.1099853515625,740.3499755859375,740.9409790039062,255859,0.0,0.0,0.0
2026-07-02 13:55:00-04:00,740.9400024414062,741.02001953125,740.030029296875,740.239990234375,476222,0.0,0.0,0.0
2026-07-02 14:00:00-04:00,740.260009765625,740.989990234375,740.0499877929688,740.9400024414062,462007,0.0,0.0,0.0
2026-07-02 14:05:00-04:00,740.9400024414062,742.469970703125,740.9000244140625,742.4400024414062,548620,0.0,0.0,0.0
2026-07-02 14:10:00-04:00,742.4400024414062,742.9000244140625,742.1300048828125,742.219970703125,287109,0.0,0.0,0.0
2026-07-02 14:15:00-04:00,742.25,742.3800048828125,741.4000244140625,741.6900024414062,302712,0.0,0.0,0.0
2026-07-02 14:20:00-04:00,741.6699829101562,742.2899780273438,741.6649780273438,742.155029296875,218599,0.0,0.0,0.0
2026-07-02 14:25:00-04:00,742.155029296875,742.72998046875,741.9600219726562,742.719970703125,224082,0.0,0.0,0.0
2026-07-02 14:30:00-04:00,742.7100219726562,743.3400268554688,742.6599731445312,742.9299926757812,397918,0.0,0.0,0.0
2026-07-02 14:35:00-04:00,742.9600219726562,743.280029296875,742.8499755859375,743.1599731445312,263336,0.0,0.0,0.0
2026-07-02 14:40:00-04:00,743.1649780273438,743.3300170898438,742.969970703125,743.0399780273438,239079,0.0,0.0,0.0
2026-07-02 14:45:00-04:00,743.0549926757812,743.2899780273438,742.530029296875,743.2374877929688,345624,0.0,0.0,0.0
2026-07-02 14:50:00-04:00,743.219970703125,743.510009765625,742.8599853515625,742.8599853515625,510746,0.0,0.0,0.0
2026-07-02 14:55:00-04:00,742.8699951171875,743.0999755859375,742.5800170898438,742.989501953125,223207,0.0,0.0,0.0
2026-07-02 15:00:00-04:00,742.989990234375,743.1301879882812,741.5599975585938,741.648193359375,316834,0.0,0.0,0.0
2026-07-02 15:05:00-04:00,741.6400146484375,742.0999755859375,741.27001953125,741.8599853515625,465790,0.0,0.0,0.0
2026-07-02 15:10:00-04:00,741.875,742.22998046875,741.530029296875,742.0399780273438,272595,0.0,0.0,0.0
2026-07-02 15:15:00-04:00,742.0499877929688,742.1500244140625,741.52001953125,741.7999877929688,286971,0.0,0.0,0.0
2026-07-02 15:20:00-04:00,741.8200073242188,741.8900146484375,741.52001953125,741.5999755859375,728011,0.0,0.0,0.0
2026-07-02 15:25:00-04:00,741.5900268554688,742.6400146484375,741.4600219726562,742.3099975585938,628453,0.0,0.0,0.0
2026-07-02 15:30:00-04:00,742.3400268554688,742.8900146484375,742.1699829101562,742.8400268554688,484616,0.0,0.0,0.0
2026-07-02 15:35:00-04:00,742.8499755859375,743.1500244140625,742.5800170898438,743.1099853515625,464160,0.0,0.0,0.0
2026-07-02 15:40:00-04:00,743.1099853515625,743.375,742.77001953125,743.25,614894,0.0,0.0,0.0
2026-07-02 15:45:00-04:00,743.260009765625,743.3800048828125,742.989990234375,743.27001953125,899053,0.0,0.0,0.0
2026-07-02 15:50:00-04:00,743.280029296875,744.510009765625,743.2750244140625,744.47998046875,2388157,0.0,0.0,0.0
2026-07-02 15:55:00-04:00,744.5,745.5800170898438,744.280029296875,744.8400268554688,5949984,0.0,0.0,0.0
2026-07-06 09:30:00-04:00,748.739990234375,749.4849853515625,748.1199951171875,749.1599731445312,1901032,0.0,0.0,0.0
2026-07-06 09:35:00-04:00,749.1599731445312,749.1599731445312,747.4099731445312,748.2916870117188,667148,0.0,0.0,0.0
2026-07-06 09:40:00-04:00,748.3099975585938,748.6599731445312,747.719970703125,748.6400146484375,683589,0.0,0.0,0.0
2026-07-06 09:45:00-04:00,748.6199951171875,749.0999755859375,748.2999877929688,748.9400024414062,796538,0.0,0.0,0.0
2026-07-06 09:50:00-04:00,748.9500122070312,749.5399780273438,748.25,748.875,807576,0.0,0.0,0.0
2026-07-06 09:55:00-04:00,748.8699951171875,748.9650268554688,748.3099975585938,748.5,440195,0.0,0.0,0.0
2026-07-06 10:00:00-04:00,748.5399780273438,749.010009765625,747.969970703125,748.3800048828125,369303,0.0,0.0,0.0
2026-07-06 10:05:00-04:00,748.3400268554688,749.0499877929688,748.0499877929688,748.8099975585938,335369,0.0,0.0,0.0
2026-07-06 10:10:00-04:00,748.8090209960938,749.4500122070312,748.5999755859375,749.4000244140625,432665,0.0,0.0,0.0
2026-07-06 10:15:00-04:00,749.4000244140625,749.47998046875,748.9600219726562,749.1799926757812,1553172,0.0,0.0,0.0
2026-07-06 10:20:00-04:00,749.1900024414062,749.8400268554688,749.0399780273438,749.6500244140625,813372,0.0,0.0,0.0
2026-07-06 10:25:00-04:00,749.6699829101562,749.97998046875,749.5599975585938,749.9400024414062,702714,0.0,0.0,0.0
2026-07-06 10:30:00-04:00,749.9299926757812,750.1699829101562,749.6199951171875,749.7000122070312,539237,0.0,0.0,0.0
2026-07-06 10:35:00-04:00,749.7000122070312,749.8599853515625,749.4400024414062,749.6668090820312,459219,0.0,0.0,0.0
2026-07-06 10:40:00-04:00,749.6500244140625,749.7550048828125,749.0999755859375,749.6699829101562,356776,0.0,0.0,0.0
2026-07-06 10:45:00-04:00,749.6500244140625,749.8699951171875,749.5,749.75,259281,0.0,0.0,0.0
2026-07-06 10:50:00-04:00,749.75,750.0399780273438,749.5999755859375,749.8900146484375,439754,0.0,0.0,0.0
2026-07-06 10:55:00-04:00,749.8599853515625,750.2750244140625,749.7000122070312,750.2750244140625,387027,0.0,0.0,0.0
2026-07-06 11:00:00-04:00,750.280029296875,750.4199829101562,749.9500122070312,750.1799926757812,407756,0.0,0.0,0.0
2026-07-06 11:05:00-04:00,750.1749877929688,750.2999877929688,749.9949951171875,750.25,308518,0.0,0.0,0.0
2026-07-06 11:10:00-04:00,750.260009765625,750.4000244140625,749.8200073242188,750.1099853515625,427011,0.0,0.0,0.0
2026-07-06 11:15:00-04:00,750.094970703125,750.094970703125,749.6099853515625,749.989990234375,275695,0.0,0.0,0.0
2026-07-06 11:20:00-04:00,749.989990234375,750.3699951171875,749.760009765625,750.369873046875,369123,0.0,0.0,0.0
2026-07-06 11:25:00-04:00,750.3300170898438,750.8099975585938,750.219970703125,750.760009765625,777787,0.0,0.0,0.0
2026-07-06 11:30:00-04:00,750.780029296875,750.9600219726562,750.5900268554688,750.6199951171875,388160,0.0,0.0,0.0
2026-07-06 11:35:00-04:00,750.6199951171875,750.7050170898438,750.3499755859375,750.6300048828125,324331,0.0,0.0,0.0
2026-07-06 11:40:00-04:00,750.6300048828125,750.8499755859375,750.5599975585938,750.8099975585938,309989,0.0,0.0,0.0
2026-07-06 11:45:00-04:00,750.8099975585938,750.9299926757812,750.6508178710938,750.8699951171875,318060,0.0,0.0,0.0
2026-07-06 11:50:00-04:00,750.8800048828125,750.969970703125,750.6099853515625,750.6300048828125,351942,0.0,0.0,0.0
2026-07-06 11:55:00-04:00,750.6400146484375,750.9500122070312,750.6199951171875,750.8400268554688,307064,0.0,0.0,0.0
2026-07-06 12:00:00-04:00,750.8300170898438,750.8699951171875,750.6599731445312,750.7999877929688,196362,0.0,0.0,0.0
2026-07-06 12:05:00-04:00,750.8049926757812,751.030029296875,750.72998046875,750.9400024414062,335347,0.0,0.0,0.0
2026-07-06 12:10:00-04:00,750.9249877929688,751.1099853515625,750.8800048828125,750.989990234375,410148,0.0,0.0,0.0
2026-07-06 12:15:00-04:00,750.97998046875,751.0700073242188,750.8499755859375,750.989990234375,337273,0.0,0.0,0.0
2026-07-06 12:20:00-04:00,750.989990234375,751.1199951171875,750.8200073242188,750.9000244140625,285370,0.0,0.0,0.0
2026-07-06 12:25:00-04:00,750.8699951171875,750.9199829101562,750.5499877929688,750.6500244140625,293745,0.0,0.0,0.0
2026-07-06 12:30:00-04:00,750.6500244140625,750.77001953125,750.469970703125,750.6300048828125,394515,0.0,0.0,0.0
2026-07-06 12:35:00-04:00,750.6300048828125,750.6599731445312,750.3900146484375,750.5999755859375,268717,0.0,0.0,0.0
2026-07-06 12:40:00-04:00,750.60009765625,750.760009765625,750.5800170898438,750.719970703125,181265,0.0,0.0,0.0
2026-07-06 12:45:00-04:00,750.719970703125,751.030029296875,750.5499877929688,751.010009765625,320021,0.0,0.0,0.0
2026-07-06 12:50:00-04:00,751.02001953125,751.0800170898438,750.6099853515625,750.6099853515625,233763,0.0,0.0,0.0
2026-07-06 12:55:00-04:00,750.6199951171875,750.7299194335938,750.3699951171875,750.4600219726562,451795,0.0,0.0,0.0
2026-07-06 13:00:00-04:00,750.47998046875,750.9749755859375,750.405029296875,750.8756713867188,268503,0.0,0.0,0.0
2026-07-06 13:05:00-04:00,750.8701171875,751.530029296875,750.8699951171875,751.3900146484375,455392,0.0,0.0,0.0
2026-07-06 13:10:00-04:00,751.3800048828125,751.469970703125,751.1898803710938,751.3499755859375,222312,0.0,0.0,0.0
2026-07-06 13:15:00-04:00,751.3400268554688,751.4400024414062,750.97998046875,751.0850219726562,560672,0.0,0.0,0.0
2026-07-06 13:20:00-04:00,751.0800170898438,751.1199951171875,750.8150024414062,750.969970703125,202340,0.0,0.0,0.0
2026-07-06 13:25:00-04:00,750.969970703125,751.0999755859375,750.6099853515625,750.7000122070312,447552,0.0,0.0,0.0
2026-07-06 13:30:00-04:00,750.7000122070312,750.75,750.25,750.3494873046875,315372,0.0,0.0,0.0
2026-07-06 13:35:00-04:00,750.3350219726562,750.530029296875,750.1799926757812,750.344970703125,218173,0.0,0.0,0.0
2026-07-06 13:40:00-04:00,750.3400268554688,750.3400268554688,749.6300048828125,750.0850219726562,478553,0.0,0.0,0.0
2026-07-06 13:45:00-04:00,750.0850219726562,750.4099731445312,749.8499755859375,750.296875,178229,0.0,0.0,0.0
2026-07-06 13:50:00-04:00,750.3099975585938,750.52001953125,750.0499877929688,750.0695190429688,190389,0.0,0.0,0.0
2026-07-06 13:55:00-04:00,750.0800170898438,750.14501953125,749.9299926757812,750.1298828125,164282,0.0,0.0,0.0
2026-07-06 14:00:00-04:00,750.1300048828125,750.77001953125,750.1300048828125,750.7100219726562,376150,0.0,0.0,0.0
2026-07-06 14:05:00-04:00,750.7100219726562,751.1099853515625,750.6199951171875,750.9600219726562,408703,0.0,0.0,0.0
2026-07-06 14:10:00-04:00,750.9600219726562,751.0599975585938,750.8250122070312,751.010009765625,322665,0.0,0.0,0.0
2026-07-06 14:15:00-04:00,751.0399780273438,751.52001953125,751.02001953125,751.3699951171875,357395,0.0,0.0,0.0
2026-07-06 14:20:00-04:00,751.3599853515625,751.5,751.25,751.47998046875,296442,0.0,0.0,0.0
2026-07-06 14:25:00-04:00,751.47998046875,751.6063842773438,751.280029296875,751.3300170898438,264314,0.0,0.0,0.0
2026-07-06 14:30:00-04:00,751.3300170898438,751.5180053710938,751.0900268554688,751.1300048828125,328390,0.0,0.0,0.0
2026-07-06 14:35:00-04:00,751.1199951171875,751.2899780273438,751.010009765625,751.0650024414062,622291,0.0,0.0,0.0
2026-07-06 14:40:00-04:00,751.0700073242188,751.3599853515625,751.0700073242188,751.239990234375,235840,0.0,0.0,0.0
2026-07-06 14:45:00-04:00,751.25,751.6680297851562,751.2100219726562,751.5900268554688,260397,0.0,0.0,0.0
2026-07-06 14:50:00-04:00,751.5900268554688,751.8200073242188,751.530029296875,751.8012084960938,269865,0.0,0.0,0.0
2026-07-06 14:55:00-04:00,751.8099975585938,752.0250244140625,751.6799926757812,751.9299926757812,393445,0.0,0.0,0.0
2026-07-06 15:00:00-04:00,751.9400024414062,752.1300048828125,751.6799926757812,751.8599853515625,344140,0.0,0.0,0.0
2026-07-06 15:05:00-04:00,751.8699951171875,751.97998046875,751.6900024414062,751.77001953125,831736,0.0,0.0,0.0
2026-07-06 15:10:00-04:00,751.77001953125,751.9299926757812,751.6900024414062,751.7899780273438,365360,0.0,0.0,0.0
2026-07-06 15:15:00-04:00,751.7999877929688,752.1400146484375,751.6599731445312,752.114990234375,876464,0.0,0.0,0.0
2026-07-06 15:20:00-04:00,752.1099853515625,752.4099731445312,752.0001220703125,752.2999877929688,684081,0.0,0.0,0.0
2026-07-06 15:25:00-04:00,752.3099975585938,752.359375,752.1099853515625,752.2899780273438,548469,0.0,0.0,0.0
2026-07-06 15:30:00-04:00,752.280029296875,752.2899780273438,751.9349975585938,752.0399780273438,632983,0.0,0.0,0.0
2026-07-06 15:35:00-04:00,752.0449829101562,752.1500244140625,751.739990234375,751.9600219726562,1458343,0.0,0.0,0.0
2026-07-06 15:40:00-04:00,751.9500122070312,752.0449829101562,751.780029296875,752.030029296875,444293,0.0,0.0,0.0
2026-07-06 15:45:00-04:00,752.0399780273438,752.219970703125,751.8800048828125,751.9600219726562,925725,0.0,0.0,0.0
2026-07-06 15:50:00-04:00,751.9600219726562,751.97998046875,751.2000122070312,751.2100219726562,2227157,0.0,0.0,0.0
2026-07-06 15:55:00-04:00,751.219970703125,751.4000244140625,750.77001953125,751.3099975585938,5168682,0.0,0.0,0.0
2026-07-07 09:30:00-04:00,750.219970703125,750.9600219726562,749.3800048828125,749.47998046875,2008176,0.0,0.0,0.0
2026-07-07 09:35:00-04:00,749.4600219726562,749.9199829101562,749.1599731445312,749.510009765625,633195,0.0,0.0,0.0
2026-07-07 09:40:00-04:00,749.47998046875,750.22998046875,749.1599731445312,750.1500854492188,682340,0.0,0.0,0.0
2026-07-07 09:45:00-04:00,750.1599731445312,750.2100219726562,749.5,749.6199951171875,622507,0.0,0.0,0.0
2026-07-07 09:50:00-04:00,749.5900268554688,749.9000244140625,748.739990234375,748.9400024414062,580944,0.0,0.0,0.0
2026-07-07 09:55:00-04:00,748.9400024414062,749.0499877929688,748.25,748.8499755859375,750127,0.0,0.0,0.0
2026-07-07 10:00:00-04:00,748.8504028320312,749.2000122070312,748.22998046875,748.5599975585938,448314,0.0,0.0,0.0
2026-07-07 10:05:00-04:00,748.5900268554688,748.969970703125,748.1199951171875,748.280029296875,383710,0.0,0.0,0.0
2026-07-07 10:10:00-04:00,748.27001953125,748.2899780273438,746.9600219726562,747.030029296875,777076,0.0,0.0,0.0
2026-07-07 10:15:00-04:00,747.0108032226562,747.5050048828125,746.469970703125,747.5050048828125,743850,0.0,0.0,0.0
2026-07-07 10:20:00-04:00,747.5,747.7100219726562,746.6199951171875,746.6400146484375,421552,0.0,0.0,0.0
2026-07-07 10:25:00-04:00,746.6699829101562,746.719970703125,746.0900268554688,746.7000122070312,838358,0.0,0.0,0.0
2026-07-07 10:30:00-04:00,746.6799926757812,747.010009765625,746.2899780273438,746.3800048828125,687134,0.0,0.0,0.0
2026-07-07 10:35:00-04:00,746.3699951171875,746.5499877929688,745.8699951171875,745.8800048828125,632548,0.0,0.0,0.0
2026-07-07 10:40:00-04:00,745.8800048828125,746.1400146484375,745.2100219726562,745.7899780273438,775993,0.0,0.0,0.0
2026-07-07 10:45:00-04:00,745.7949829101562,746.4849853515625,745.7000122070312,746.1799926757812,496856,0.0,0.0,0.0
2026-07-07 10:50:00-04:00,746.1900024414062,746.7650146484375,745.97998046875,746.6199951171875,490024,0.0,0.0,0.0
2026-07-07 10:55:00-04:00,746.6199951171875,746.9199829101562,746.4299926757812,746.4450073242188,408609,0.0,0.0,0.0
2026-07-07 11:00:00-04:00,746.4600219726562,746.5700073242188,745.9400024414062,746.3699951171875,482982,0.0,0.0,0.0
2026-07-07 11:05:00-04:00,746.3699951171875,746.6699829101562,746.1799926757812,746.5650024414062,335094,0.0,0.0,0.0
2026-07-07 11:10:00-04:00,746.5650024414062,746.6799926757812,746.0700073242188,746.0701293945312,364875,0.0,0.0,0.0
2026-07-07 11:15:00-04:00,746.0700073242188,746.1099853515625,745.760009765625,745.9500122070312,299834,0.0,0.0,0.0
2026-07-07 11:20:00-04:00,745.9500122070312,746.3300170898438,745.780029296875,745.8900146484375,230533,0.0,0.0,0.0
2026-07-07 11:25:00-04:00,745.9199829101562,746.3690185546875,745.77001953125,746.3690185546875,232311,0.0,0.0,0.0
2026-07-07 11:30:00-04:00,746.3599853515625,746.4400024414062,745.9299926757812,745.9299926757812,224539,0.0,0.0,0.0
2026-07-07 11:35:00-04:00,745.9400024414062,746.219970703125,745.6400146484375,745.6649780273438,245432,0.0,0.0,0.0
2026-07-07 11:40:00-04:00,745.6599731445312,746.4279174804688,745.4299926757812,746.4279174804688,259401,0.0,0.0,0.0
2026-07-07 11:45:00-04:00,746.4199829101562,747.2100219726562,746.4000244140625,746.630126953125,517932,0.0,0.0,0.0
2026-07-07 11:50:00-04:00,746.6300048828125,747.2999877929688,746.6199951171875,747.02001953125,325676,0.0,0.0,0.0
2026-07-07 11:55:00-04:00,747.010009765625,747.4500122070312,746.780029296875,747.3599853515625,262281,0.0,0.0,0.0
2026-07-07 12:00:00-04:00,747.3800048828125,747.7899780273438,747.2600708007812,747.6500244140625,332994,0.0,0.0,0.0
2026-07-07 12:05:00-04:00,747.6699829101562,748.0700073242188,747.25,747.489990234375,345258,0.0,0.0,0.0
2026-07-07 12:10:00-04:00,747.489990234375,748.1599731445312,747.489990234375,748.0399780273438,270305,0.0,0.0,0.0
2026-07-07 12:15:00-04:00,748.0499877929688,748.2000122070312,747.8400268554688,748.0399780273438,394558,0.0,0.0,0.0
2026-07-07 12:20:00-04:00,748.0399780273438,748.8400268554688,748.02001953125,748.5399169921875,533271,0.0,0.0,0.0
2026-07-07 12:25:00-04:00,748.5349731445312,748.989990234375,748.47998046875,748.77001953125,366371,0.0,0.0,0.0
2026-07-07 12:30:00-04:00,748.7650146484375,749.0198974609375,748.4299926757812,748.60498046875,424389,0.0,0.0,0.0
2026-07-07 12:35:00-04:00,748.6099853515625,748.8400268554688,748.239990234375,748.8150024414062,223593,0.0,0.0,0.0
2026-07-07 12:40:00-04:00,748.8200073242188,748.9400024414062,748.5700073242188,748.8699951171875,406224,0.0,0.0,0.0
2026-07-07 12:45:00-04:00,748.8599853515625,749.1300048828125,748.8499755859375,749.0399780273438,443469,0.0,0.0,0.0
2026-07-07 12:50:00-04:00,749.0599975585938,749.1199951171875,748.75,748.7899780273438,288795,0.0,0.0,0.0
2026-07-07 12:55:00-04:00,748.8099975585938,748.9600219726562,748.5,748.9600219726562,323810,0.0,0.0,0.0
2026-07-07 13:00:00-04:00,748.9600219726562,749.1699829101562,748.8599853515625,749.1699829101562,201021,0.0,0.0,0.0
2026-07-07 13:05:00-04:00,749.1400146484375,749.3400268554688,749.0900268554688,749.1599731445312,490250,0.0,0.0,0.0
2026-07-07 13:10:00-04:00,749.155029296875,749.1799926757812,748.740478515625,748.8099975585938,190037,0.0,0.0,0.0
2026-07-07 13:15:00-04:00,748.8300170898438,748.8599853515625,748.4199829101562,748.6099853515625,235662,0.0,0.0,0.0
2026-07-07 13:20:00-04:00,748.6300048828125,749.1502075195312,748.5499877929688,748.9990844726562,235895,0.0,0.0,0.0
2026-07-07 13:25:00-04:00,748.989990234375,749.0800170898438,748.7999877929688,748.8400268554688,228833,0.0,0.0,0.0
2026-07-07 13:30:00-04:00,748.8499755859375,749.1799926757812,748.8300170898438,749.0599975585938,221909,0.0,0.0,0.0
2026-07-07 13:35:00-04:00,749.0399780273438,749.219970703125,748.7999877929688,749.10498046875,250926,0.0,0.0,0.0
2026-07-07 13:40:00-04:00,749.1099853515625,749.27001953125,748.9400024414062,749.125,198795,0.0,0.0,0.0
2026-07-07 13:45:00-04:00,749.1300048828125,749.1400146484375,748.739990234375,748.8800048828125,311444,0.0,0.0,0.0
2026-07-07 13:50:00-04:00,748.9000244140625,749.030029296875,748.6500244140625,748.8073120117188,160103,0.0,0.0,0.0
2026-07-07 13:55:00-04:00,748.7999877929688,749.1799926757812,748.72998046875,749.1799926757812,190357,0.0,0.0,0.0
2026-07-07 14:00:00-04:00,749.1799926757812,749.27001953125,748.8900146484375,749.0900268554688,305510,0.0,0.0,0.0
2026-07-07 14:05:00-04:00,749.094970703125,749.2000122070312,748.8300170898438,748.9400024414062,178724,0.0,0.0,0.0
2026-07-07 14:10:00-04:00,748.969970703125,749.2000122070312,748.9000244140625,748.9949951171875,346659,0.0,0.0,0.0
2026-07-07 14:15:00-04:00,749.010009765625,749.1900024414062,748.8900146484375,749.0499877929688,406214,0.0,0.0,0.0
2026-07-07 14:20:00-04:00,749.0499877929688,749.2999877929688,748.9299926757812,749.1400146484375,214625,0.0,0.0,0.0
2026-07-07 14:25:00-04:00,749.1500244140625,749.260009765625,748.8699951171875,748.989990234375,189553,0.0,0.0,0.0
2026-07-07 14:30:00-04:00,749.0,749.0700073242188,748.5700073242188,748.7100219726562,418308,0.0,0.0,0.0
2026-07-07 14:35:00-04:00,748.6900024414062,749.0399780273438,748.5399780273438,748.9099731445312,257120,0.0,0.0,0.0
2026-07-07 14:40:00-04:00,748.9099731445312,748.9600219726562,748.4000244140625,748.7266235351562,408160,0.0,0.0,0.0
2026-07-07 14:45:00-04:00,748.72998046875,748.8400268554688,747.6599731445312,748.155029296875,446637,0.0,0.0,0.0
2026-07-07 14:50:00-04:00,748.1699829101562,748.239990234375,747.469970703125,747.7899780273438,633556,0.0,0.0,0.0
2026-07-07 14:55:00-04:00,747.780029296875,747.9000244140625,747.4199829101562,747.510009765625,505309,0.0,0.0,0.0
2026-07-07 15:00:00-04:00,747.5,747.7000122070312,746.8200073242188,747.2000122070312,878388,0.0,0.0,0.0
2026-07-07 15:05:00-04:00,747.2100219726562,747.5700073242188,746.6699829101562,746.7794799804688,701270,0.0,0.0,0.0
2026-07-07 15:10:00-04:00,746.780029296875,747.030029296875,746.5499877929688,746.8201293945312,770342,0.0,0.0,0.0
2026-07-07 15:15:00-04:00,746.7999877929688,746.8699951171875,746.0,746.6900024414062,943688,0.0,0.0,0.0
2026-07-07 15:20:00-04:00,746.665771484375,747.0599975585938,746.4299926757812,747.0399780273438,564601,0.0,0.0,0.0
2026-07-07 15:25:00-04:00,747.0399780273438,747.0599975585938,746.5499877929688,746.7000122070312,460710,0.0,0.0,0.0
2026-07-07 15:30:00-04:00,746.6699829101562,747.27001953125,746.6599731445312,747.1925048828125,606140,0.0,0.0,0.0
2026-07-07 15:35:00-04:00,747.2000122070312,747.2000122070312,746.6699829101562,746.77001953125,525934,0.0,0.0,0.0
2026-07-07 15:40:00-04:00,746.760009765625,746.8200073242188,746.3800048828125,746.52001953125,704955,0.0,0.0,0.0
2026-07-07 15:45:00-04:00,746.530029296875,747.0599975585938,746.5,746.989990234375,990271,0.0,0.0,0.0
2026-07-07 15:50:00-04:00,747.010009765625,747.77001953125,747.010009765625,747.7449951171875,1271051,0.0,0.0,0.0
2026-07-07 15:55:00-04:00,747.719970703125,747.969970703125,747.1400146484375,747.7000122070312,2942974,0.0,0.0,0.0
2026-07-08 09:30:00-04:00,743.1599731445312,744.0850219726562,742.6400146484375,743.6599731445312,3113957,0.0,0.0,0.0
2026-07-08 09:35:00-04:00,743.6599731445312,744.169921875,743.0399780273438,743.9749755859375,835165,0.0,0.0,0.0
2026-07-08 09:40:00-04:00,743.9500122070312,744.75,743.8099975585938,744.3400268554688,603095,0.0,0.0,0.0
2026-07-08 09:45:00-04:00,744.3099975585938,744.9249877929688,743.5,743.6400146484375,1008334,0.0,0.0,0.0
2026-07-08 09:50:00-04:00,743.6300048828125,744.4600219726562,743.3499755859375,743.6599731445312,589677,0.0,0.0,0.0
2026-07-08 09:55:00-04:00,743.6599731445312,744.6300048828125,743.22998046875,744.02001953125,703915,0.0,0.0,0.0
2026-07-08 10:00:00-04:00,744.030029296875,744.47998046875,743.5900268554688,743.8098754882812,549242,0.0,0.0,0.0
2026-07-08 10:05:00-04:00,743.7899780273438,744.7000122070312,743.77001953125,744.260009765625,556244,0.0,0.0,0.0
2026-07-08 10:10:00-04:00,744.239990234375,744.4299926757812,743.0599975585938,743.219970703125,595716,0.0,0.0,0.0
2026-07-08 10:15:00-04:00,743.2000122070312,743.5999755859375,742.6799926757812,743.2000122070312,578912,0.0,0.0,0.0
2026-07-08 10:20:00-04:00,743.1799926757812,744.5399780273438,742.9804077148438,743.7899780273438,632267,0.0,0.0,0.0
2026-07-08 10:25:00-04:00,743.780029296875,744.4299926757812,742.760009765625,743.1099853515625,468132,0.0,0.0,0.0
2026-07-08 10:30:00-04:00,743.0900268554688,743.6900024414062,742.72998046875,743.3099975585938,478327,0.0,0.0,0.0
2026-07-08 10:35:00-04:00,743.2999877929688,743.2999877929688,742.2337036132812,742.3200073242188,580585,0.0,0.0,0.0
2026-07-08 10:40:00-04:00,742.27001953125,742.72998046875,741.9500122070312,742.4400024414062,505123,0.0,0.0,0.0
2026-07-08 10:45:00-04:00,742.4299926757812,742.47998046875,741.2899780273438,741.2899780273438,582546,0.0,0.0,0.0
2026-07-08 10:50:00-04:00,741.2899780273438,742.8363037109375,740.9299926757812,742.1199951171875,812582,0.0,0.0,0.0
2026-07-08 10:55:00-04:00,742.0999755859375,742.7100219726562,741.56201171875,741.8400268554688,325792,0.0,0.0,0.0
2026-07-08 11:00:00-04:00,741.8300170898438,742.030029296875,741.4199829101562,741.5399780273438,235469,0.0,0.0,0.0
2026-07-08 11:05:00-04:00,741.5349731445312,741.9299926757812,741.3900146484375,741.5050048828125,342367,0.0,0.0,0.0
2026-07-08 11:10:00-04:00,741.5,741.8400268554688,740.9500122070312,741.1199951171875,351963,0.0,0.0,0.0
2026-07-08 11:15:00-04:00,741.0999755859375,741.5125122070312,740.3800048828125,741.3200073242188,597418,0.0,0.0,0.0
2026-07-08 11:20:00-04:00,741.2999877929688,741.5599975585938,740.0499877929688,740.1500244140625,560931,0.0,0.0,0.0
2026-07-08 11:25:00-04:00,740.1400146484375,740.3300170898438,739.5499877929688,739.9400024414062,698137,0.0,0.0,0.0
2026-07-08 11:30:00-04:00,739.9600219726562,740.7576293945312,739.510009765625,740.7399291992188,572448,0.0,0.0,0.0
2026-07-08 11:35:00-04:00,740.7100219726562,741.27001953125,740.4099731445312,740.5900268554688,396502,0.0,0.0,0.0
2026-07-08 11:40:00-04:00,740.5999755859375,741.1900024414062,740.5599975585938,740.739990234375,232555,0.0,0.0,0.0
2026-07-08 11:45:00-04:00,740.719970703125,741.010009765625,740.3200073242188,740.5,290627,0.0,0.0,0.0
2026-07-08 11:50:00-04:00,740.4949951171875,740.5900268554688,740.0198974609375,740.47998046875,476006,0.0,0.0,0.0
2026-07-08 11:55:00-04:00,740.47998046875,740.7999877929688,740.1699829101562,740.6400146484375,430967,0.0,0.0,0.0
2026-07-08 12:00:00-04:00,740.6799926757812,741.260009765625,740.6099853515625,741.25,390387,0.0,0.0,0.0
2026-07-08 12:05:00-04:00,741.239990234375,741.75,741.0900268554688,741.6599731445312,322584,0.0,0.0,0.0
2026-07-08 12:10:00-04:00,741.6599731445312,742.3499755859375,741.6400146484375,742.27001953125,348047,0.0,0.0,0.0
2026-07-08 12:15:00-04:00,742.27001953125,742.684326171875,741.97998046875,742.5800170898438,437682,0.0,0.0,0.0
2026-07-08 12:20:00-04:00,742.5800170898438,743.22998046875,742.5399780273438,742.72998046875,400624,0.0,0.0,0.0
2026-07-08 12:25:00-04:00,742.739990234375,743.469970703125,742.6699829101562,743.0999755859375,264525,0.0,0.0,0.0
2026-07-08 12:30:00-04:00,743.0900268554688,743.8270263671875,742.97998046875,743.0250244140625,328898,0.0,0.0,0.0
2026-07-08 12:35:00-04:00,743.02001953125,743.5399780273438,742.4500122070312,743.219970703125,507501,0.0,0.0,0.0
2026-07-08 12:40:00-04:00,743.1900024414062,744.2177124023438,742.8900146484375,743.9400024414062,431671,0.0,0.0,0.0
2026-07-08 12:45:00-04:00,743.9299926757812,744.280029296875,743.5800170898438,744.27001953125,417133,0.0,0.0,0.0
2026-07-08 12:50:00-04:00,744.2899780273438,744.6099853515625,744.0900268554688,744.4000244140625,366260,0.0,0.0,0.0
2026-07-08 12:55:00-04:00,744.4000244140625,744.75,744.22998046875,744.6799926757812,300279,0.0,0.0,0.0
2026-07-08 13:00:00-04:00,744.6599731445312,744.7000122070312,744.1099853515625,744.2899780273438,322369,0.0,0.0,0.0
2026-07-08 13:05:00-04:00,744.2899780273438,744.75,744.1699829101562,744.280029296875,309047,0.0,0.0,0.0
2026-07-08 13:10:00-04:00,744.2899780273438,744.6300048828125,743.9849853515625,744.280029296875,352487,0.0,0.0,0.0
2026-07-08 13:15:00-04:00,744.2899780273438,744.989990234375,744.280029296875,744.9400024414062,277739,0.0,0.0,0.0
2026-07-08 13:20:00-04:00,744.9299926757812,745.4600219726562,744.8699951171875,745.4400024414062,352432,0.0,0.0,0.0
2026-07-08 13:25:00-04:00,745.4500122070312,745.780029296875,745.22998046875,745.719970703125,256535,0.0,0.0,0.0
2026-07-08 13:30:00-04:00,745.72998046875,746.0900268554688,745.5499877929688,745.5499877929688,313575,0.0,0.0,0.0
2026-07-08 13:35:00-04:00,745.5499877929688,745.719970703125,745.2550048828125,745.260009765625,362237,0.0,0.0,0.0
2026-07-08 13:40:00-04:00,745.27001953125,745.3200073242188,744.7000122070312,744.9500122070312,349507,0.0,0.0,0.0
2026-07-08 13:45:00-04:00,744.9400024414062,744.97998046875,744.260009765625,744.3599853515625,303764,0.0,0.0,0.0
2026-07-08 13:50:00-04:00,744.3800048828125,744.8800048828125,744.2324829101562,744.4299926757812,208058,0.0,0.0,0.0
2026-07-08 13:55:00-04:00,744.4299926757812,744.469970703125,743.9500122070312,744.3900146484375,250451,0.0,0.0,0.0
2026-07-08 14:00:00-04:00,744.3800048828125,745.4500122070312,744.0,745.2899780273438,653580,0.0,0.0,0.0
2026-07-08 14:05:00-04:00,745.239990234375,745.3800048828125,744.8699951171875,745.27001953125,222634,0.0,0.0,0.0
2026-07-08 14:10:00-04:00,745.25,745.510009765625,744.9199829101562,745.280029296875,287744,0.0,0.0,0.0
2026-07-08 14:15:00-04:00,745.2999877929688,745.4099731445312,744.7224731445312,745.1799926757812,283448,0.0,0.0,0.0
2026-07-08 14:20:00-04:00,745.1599731445312,745.3099975585938,744.8800048828125,744.9099731445312,191908,0.0,0.0,0.0
2026-07-08 14:25:00-04:00,744.9400024414062,745.22998046875,744.6699829101562,744.6699829101562,230637,0.0,0.0,0.0
2026-07-08 14:30:00-04:00,744.6699829101562,744.7797241210938,744.260009765625,744.4400024414062,263695,0.0,0.0,0.0
2026-07-08 14:35:00-04:00,744.4600219726562,745.25,744.3300170898438,745.1799926757812,268681,0.0,0.0,0.0
2026-07-08 14:40:00-04:00,745.1699829101562,745.3099975585938,744.5698852539062,745.0399780273438,214897,0.0,0.0,0.0
2026-07-08 14:45:00-04:00,745.0800170898438,745.3300170898438,744.7999877929688,745.27001953125,189434,0.0,0.0,0.0
2026-07-08 14:50:00-04:00,745.260009765625,745.5,745.030029296875,745.1400146484375,389759,0.0,0.0,0.0
2026-07-08 14:55:00-04:00,745.1500244140625,745.3300170898438,744.780029296875,745.3300170898438,201555,0.0,0.0,0.0
2026-07-08 15:00:00-04:00,745.3400268554688,745.7249755859375,745.0499877929688,745.260009765625,362839,0.0,0.0,0.0
2026-07-08 15:05:00-04:00,745.25,745.4099731445312,744.989990234375,745.2999877929688,240649,0.0,0.0,0.0
2026-07-08 15:10:00-04:00,745.3200073242188,745.3400268554688,744.7999877929688,744.8900146484375,327549,0.0,0.0,0.0
2026-07-08 15:15:00-04:00,744.8900146484375,745.1500244140625,744.6799926757812,744.8300170898438,251633,0.0,0.0,0.0
2026-07-08 15:20:00-04:00,744.8400268554688,745.27001953125,744.8099975585938,745.030029296875,241820,0.0,0.0,0.0
2026-07-08 15:25:00-04:00,745.030029296875,745.3599853515625,744.9400024414062,745.1900024414062,251953,0.0,0.0,0.0
2026-07-08 15:30:00-04:00,745.2000122070312,745.3400268554688,744.8300170898438,744.9199829101562,277760,0.0,0.0,0.0
2026-07-08 15:35:00-04:00,744.9249877929688,745.3900146484375,744.8350219726562,745.239990234375,365064,0.0,0.0,0.0
2026-07-08 15:40:00-04:00,745.219970703125,745.3699951171875,744.8900146484375,745.3300170898438,385543,0.0,0.0,0.0
2026-07-08 15:45:00-04:00,745.3300170898438,745.3699951171875,744.4099731445312,744.7999877929688,850847,0.0,0.0,0.0
2026-07-08 15:50:00-04:00,744.780029296875,745.7000122070312,744.5999755859375,745.6599731445312,851758,0.0,0.0,0.0
2026-07-08 15:55:00-04:00,745.739990234375,746.1500244140625,745.27001953125,745.2899780273438,3054338,0.0,0.0,0.0
2026-07-09 09:30:00-04:00,747.3499755859375,747.5,745.6799926757812,747.3499755859375,2486544,0.0,0.0,0.0
2026-07-09 09:35:00-04:00,747.3599853515625,748.3579711914062,747.0999755859375,748.1199951171875,704785,0.0,0.0,0.0
2026-07-09 09:40:00-04:00,748.1500244140625,748.510009765625,747.489990234375,748.4000244140625,461671,0.0,0.0,0.0
2026-07-09 09:45:00-04:00,748.4000244140625,748.760009765625,747.739990234375,748.1099853515625,475555,0.0,0.0,0.0
2026-07-09 09:50:00-04:00,748.0999755859375,749.1099853515625,747.8150024414062,748.9500122070312,1449695,0.0,0.0,0.0
2026-07-09 09:55:00-04:00,748.97998046875,749.22998046875,748.5599975585938,748.6699829101562,457388,0.0,0.0,0.0
2026-07-09 10:00:00-04:00,748.6900024414062,749.02001953125,748.5009765625,748.6900024414062,329240,0.0,0.0,0.0
2026-07-09 10:05:00-04:00,748.6699829101562,748.8499755859375,747.969970703125,747.969970703125,423110,0.0,0.0,0.0
2026-07-09 10:10:00-04:00,747.9600219726562,748.0,747.27001953125,747.5499877929688,471240,0.0,0.0,0.0
2026-07-09 10:15:00-04:00,747.5599975585938,747.5599975585938,745.9299926757812,746.2586059570312,1456170,0.0,0.0,0.0
2026-07-09 10:20:00-04:00,746.260009765625,746.989990234375,745.5900268554688,746.9500122070312,703987,0.0,0.0,0.0
2026-07-09 10:25:00-04:00,746.9299926757812,748.1900024414062,746.75,747.8798828125,697765,0.0,0.0,0.0
2026-07-09 10:30:00-04:00,747.8599853515625,748.0650024414062,747.0999755859375,747.6500244140625,225965,0.0,0.0,0.0
2026-07-09 10:35:00-04:00,747.6500244140625,748.47998046875,747.5499877929688,748.4000244140625,212739,0.0,0.0,0.0
2026-07-09 10:40:00-04:00,748.4000244140625,748.47998046875,747.8099975585938,747.8800048828125,192076,0.0,0.0,0.0
2026-07-09 10:45:00-04:00,747.9099731445312,748.3800048828125,747.8400268554688,748.0499877929688,226563,0.0,0.0,0.0
2026-07-09 10:50:00-04:00,748.0599975585938,748.0599975585938,747.25,747.969970703125,411178,0.0,0.0,0.0
2026-07-09 10:55:00-04:00,747.9600219726562,748.9199829101562,747.9600219726562,748.72998046875,314693,0.0,0.0,0.0
2026-07-09 11:00:00-04:00,748.719970703125,748.9400024414062,748.5999755859375,748.860107421875,297352,0.0,0.0,0.0
2026-07-09 11:05:00-04:00,748.8800048828125,749.5599975585938,748.8400268554688,749.489990234375,369154,0.0,0.0,0.0
2026-07-09 11:10:00-04:00,749.5,749.5800170898438,749.0999755859375,749.2000122070312,293939,0.0,0.0,0.0
2026-07-09 11:15:00-04:00,749.1900024414062,749.5900268554688,748.97998046875,749.219970703125,316150,0.0,0.0,0.0
2026-07-09 11:20:00-04:00,749.239990234375,749.9600219726562,749.2100219726562,749.9000244140625,215873,0.0,0.0,0.0
2026-07-09 11:25:00-04:00,749.9080200195312,749.97998046875,749.719970703125,749.7999877929688,324864,0.0,0.0,0.0
2026-07-09 11:30:00-04:00,749.780029296875,749.7999877929688,749.4849853515625,749.5800170898438,215318,0.0,0.0,0.0
2026-07-09 11:35:00-04:00,749.5499877929688,749.8800048828125,749.52001953125,749.8699951171875,182820,0.0,0.0,0.0
2026-07-09 11:40:00-04:00,749.8699951171875,750.25,749.80078125,750.1099853515625,263604,0.0,0.0,0.0
2026-07-09 11:45:00-04:00,750.0999755859375,750.25,749.9299926757812,750.1599731445312,163099,0.0,0.0,0.0
2026-07-09 11:50:00-04:00,750.1699829101562,750.2000122070312,749.8699951171875,749.9199829101562,185723,0.0,0.0,0.0
2026-07-09 11:55:00-04:00,749.9199829101562,750.0850219726562,749.7999877929688,749.8699951171875,193083,0.0,0.0,0.0
2026-07-09 12:00:00-04:00,749.8800048828125,750.4400024414062,749.8699951171875,750.3300170898438,258866,0.0,0.0,0.0
2026-07-09 12:05:00-04:00,750.3200073242188,750.5700073242188,750.3200073242188,750.4400024414062,225574,0.0,0.0,0.0
2026-07-09 12:10:00-04:00,750.4600219726562,750.5499877929688,750.3499755859375,750.5250244140625,183901,0.0,0.0,0.0
2026-07-09 12:15:00-04:00,750.510009765625,750.6699829101562,750.3800048828125,750.5593872070312,201571,0.0,0.0,0.0
2026-07-09 12:20:00-04:00,750.5399780273438,750.8200073242188,750.4500122070312,750.7999877929688,280654,0.0,0.0,0.0
2026-07-09 12:25:00-04:00,750.7899780273438,750.8099975585938,750.573974609375,750.6400146484375,1491905,0.0,0.0,0.0
2026-07-09 12:30:00-04:00,750.6400146484375,750.89990234375,750.47998046875,750.47998046875,266054,0.0,0.0,0.0
2026-07-09 12:35:00-04:00,750.4749755859375,750.5900268554688,750.3300170898438,750.5800170898438,279523,0.0,0.0,0.0
2026-07-09 12:40:00-04:00,750.5900268554688,750.7899780273438,750.5900268554688,750.6900024414062,183015,0.0,0.0,0.0
2026-07-09 12:45:00-04:00,750.6900024414062,750.75,750.3699951171875,750.47998046875,181236,0.0,0.0,0.0
2026-07-09 12:50:00-04:00,750.47998046875,750.60498046875,750.3599853515625,750.4199829101562,200371,0.0,0.0,0.0
2026-07-09 12:55:00-04:00,750.4100952148438,750.4949951171875,750.239990234375,750.4400024414062,663809,0.0,0.0,0.0
2026-07-09 13:00:00-04:00,750.4500122070312,750.8400268554688,750.4000244140625,750.719970703125,174654,0.0,0.0,0.0
2026-07-09 13:05:00-04:00,750.7000122070312,751.2200927734375,750.6400146484375,751.125,304715,0.0,0.0,0.0
2026-07-09 13:10:00-04:00,751.1199951171875,751.3900146484375,751.0800170898438,751.22998046875,246238,0.0,0.0,0.0
2026-07-09 13:15:00-04:00,751.22998046875,751.5850219726562,751.219970703125,751.5399780273438,168952,0.0,0.0,0.0
2026-07-09 13:20:00-04:00,751.5499877929688,751.6699829101562,751.3800048828125,751.4500122070312,250581,0.0,0.0,0.0
2026-07-09 13:25:00-04:00,751.4550170898438,751.7899780273438,751.4500122070312,751.7550048828125,244090,0.0,0.0,0.0
2026-07-09 13:30:00-04:00,751.760009765625,751.8300170898438,751.4500122070312,751.6300048828125,300959,0.0,0.0,0.0
2026-07-09 13:35:00-04:00,751.6104736328125,751.9000244140625,751.5900268554688,751.7100219726562,211758,0.0,0.0,0.0
2026-07-09 13:40:00-04:00,751.719970703125,751.7999877929688,751.510009765625,751.7000122070312,182383,0.0,0.0,0.0
2026-07-09 13:45:00-04:00,751.7100219726562,751.969970703125,751.6900024414062,751.8400268554688,272284,0.0,0.0,0.0
2026-07-09 13:50:00-04:00,751.8499755859375,751.9099731445312,751.6799926757812,751.72998046875,235938,0.0,0.0,0.0
2026-07-09 13:55:00-04:00,751.719970703125,751.75,751.1799926757812,751.6300048828125,322261,0.0,0.0,0.0
2026-07-09 14:00:00-04:00,751.625,751.72998046875,751.4400024414062,751.5250244140625,292088,0.0,0.0,0.0
2026-07-09 14:05:00-04:00,751.5250244140625,751.8099975585938,751.510009765625,751.7000122070312,288164,0.0,0.0,0.0
2026-07-09 14:10:00-04:00,751.7000122070312,751.8300170898438,751.6300048828125,751.739990234375,243271,0.0,0.0,0.0
2026-07-09 14:15:00-04:00,751.739990234375,751.864990234375,751.5499877929688,751.6300048828125,219393,0.0,0.0,0.0
2026-07-09 14:20:00-04:00,751.64501953125,751.64501953125,751.3400268554688,751.344970703125,317386,0.0,0.0,0.0
2026-07-09 14:25:00-04:00,751.3499755859375,751.4505004882812,751.239990234375,751.4505004882812,309616,0.0,0.0,0.0
2026-07-09 14:30:00-04:00,751.4500122070312,751.5894775390625,751.22998046875,751.27001953125,282941,0.0,0.0,0.0
2026-07-09 14:35:00-04:00,751.260009765625,751.3499755859375,751.1027221679688,751.14501953125,293451,0.0,0.0,0.0
2026-07-09 14:40:00-04:00,751.14501953125,751.3300170898438,751.0399780273438,751.2999877929688,488916,0.0,0.0,0.0
2026-07-09 14:45:00-04:00,751.2899780273438,751.3400268554688,751.1099853515625,751.2899780273438,354478,0.0,0.0,0.0
2026-07-09 14:50:00-04:00,751.2899780273438,751.3400268554688,751.1099853515625,751.1265869140625,515492,0.0,0.0,0.0
2026-07-09 14:55:00-04:00,751.1099853515625,751.1300048828125,750.8599853515625,751.0499267578125,382493,0.0,0.0,0.0
2026-07-09 15:00:00-04:00,751.0499877929688,751.0700073242188,750.72998046875,750.8300170898438,407176,0.0,0.0,0.0
2026-07-09 15:05:00-04:00,750.8201293945312,751.010009765625,750.6600952148438,750.780029296875,307281,0.0,0.0,0.0
2026-07-09 15:10:00-04:00,750.77001953125,751.030029296875,750.6699829101562,750.9000244140625,296623,0.0,0.0,0.0
2026-07-09 15:15:00-04:00,750.9000244140625,751.469970703125,750.8400268554688,751.2999877929688,386727,0.0,0.0,0.0
2026-07-09 15:20:00-04:00,751.2999877929688,751.4299926757812,751.1400146484375,751.1799926757812,370584,0.0,0.0,0.0
2026-07-09 15:25:00-04:00,751.1900024414062,751.260009765625,751.0499877929688,751.0999755859375,305276,0.0,0.0,0.0
2026-07-09 15:30:00-04:00,751.0900268554688,751.1199951171875,750.9299926757812,751.094970703125,435133,0.0,0.0,0.0
2026-07-09 15:35:00-04:00,751.0999755859375,751.3699951171875,751.0900268554688,751.27001953125,338426,0.0,0.0,0.0
2026-07-09 15:40:00-04:00,751.280029296875,751.47998046875,751.1400146484375,751.405029296875,423006,0.0,0.0,0.0
2026-07-09 15:45:00-04:00,751.4000244140625,751.469970703125,751.25,751.25,666632,0.0,0.0,0.0
2026-07-09 15:50:00-04:00,751.25,751.25,750.8300170898438,750.8300170898438,1824225,0.0,0.0,0.0
2026-07-09 15:55:00-04:00,750.8499755859375,751.6699829101562,750.8400268554688,751.6500244140625,2520041,0.0,0.0,0.0
2026-07-10 09:30:00-04:00,752.0499877929688,752.8599853515625,752.010009765625,752.5900268554688,1607405,0.0,0.0,0.0
2026-07-10 09:35:00-04:00,752.5999755859375,753.219970703125,752.47998046875,752.6099853515625,391046,0.0,0.0,0.0
2026-07-10 09:40:00-04:00,752.5900268554688,752.6400146484375,751.7999877929688,752.219970703125,489799,0.0,0.0,0.0
2026-07-10 09:45:00-04:00,752.219970703125,753.1599731445312,752.0850219726562,753.030029296875,343826,0.0,0.0,0.0
2026-07-10 09:50:00-04:00,753.0150146484375,753.1900024414062,752.6599731445312,752.885009765625,401390,0.0,0.0,0.0
2026-07-10 09:55:00-04:00,752.8699951171875,753.2349853515625,752.6099853515625,752.9149780273438,375957,0.0,0.0,0.0
2026-07-10 10:00:00-04:00,752.9199829101562,753.3499755859375,752.780029296875,753.1199951171875,310003,0.0,0.0,0.0
2026-07-10 10:05:00-04:00,753.1199951171875,753.25,752.4909057617188,753.0700073242188,308962,0.0,0.0,0.0
2026-07-10 10:10:00-04:00,753.0900268554688,753.1400146484375,752.6201171875,752.6849975585938,286316,0.0,0.0,0.0
2026-07-10 10:15:00-04:00,752.697021484375,752.969970703125,752.3400268554688,752.6799926757812,339067,0.0,0.0,0.0
2026-07-10 10:20:00-04:00,752.6699829101562,752.8300170898438,752.1099853515625,752.5399780273438,338961,0.0,0.0,0.0
2026-07-10 10:25:00-04:00,752.530029296875,753.135009765625,752.1500244140625,752.586181640625,362496,0.0,0.0,0.0
2026-07-10 10:30:00-04:00,752.5858764648438,753.25,748.0999755859375,750.9000244140625,2744953,0.0,0.0,0.0
2026-07-10 10:35:00-04:00,750.97998046875,752.0599975585938,750.4299926757812,751.6900024414062,744224,0.0,0.0,0.0
2026-07-10 10:40:00-04:00,751.7000122070312,752.2899780273438,751.3099975585938,752.1099853515625,463649,0.0,0.0,0.0
2026-07-10 10:45:00-04:00,752.0999755859375,752.469970703125,751.614990234375,752.4099731445312,210520,0.0,0.0,0.0
2026-07-10 10:50:00-04:00,752.4099731445312,752.6199951171875,751.9199829101562,751.9500122070312,342414,0.0,0.0,0.0
2026-07-10 10:55:00-04:00,751.9299926757812,752.03857421875,751.0800170898438,751.2199096679688,342347,0.0,0.0,0.0
2026-07-10 11:00:00-04:00,751.1799926757812,751.4400024414062,750.8900146484375,750.97998046875,290927,0.0,0.0,0.0
2026-07-10 11:05:00-04:00,751.0,751.760009765625,750.6519775390625,751.760009765625,223687,0.0,0.0,0.0
2026-07-10 11:10:00-04:00,751.75,752.0297241210938,751.6199951171875,751.9400024414062,156974,0.0,0.0,0.0
2026-07-10 11:15:00-04:00,751.9299926757812,753.1599731445312,751.9299926757812,752.6900024414062,338334,0.0,0.0,0.0
2026-07-10 11:20:00-04:00,752.7000122070312,753.0850219726562,752.4199829101562,753.030029296875,208873,0.0,0.0,0.0
2026-07-10 11:25:00-04:00,753.0499877929688,753.4199829101562,753.030029296875,753.25,311585,0.0,0.0,0.0
2026-07-10 11:30:00-04:00,753.25,753.3900146484375,752.8800048828125,753.0,313342,0.0,0.0,0.0
2026-07-10 11:35:00-04:00,753.0499877929688,753.0499877929688,752.3300170898438,752.4299926757812,244694,0.0,0.0,0.0
2026-07-10 11:40:00-04:00,752.4398803710938,752.510009765625,751.3800048828125,752.030029296875,330081,0.0,0.0,0.0
2026-07-10 11:45:00-04:00,752.0399780273438,752.6799926757812,751.5936889648438,752.469970703125,518279,0.0,0.0,0.0
2026-07-10 11:50:00-04:00,752.4500122070312,752.9349975585938,752.364013671875,752.8499755859375,152020,0.0,0.0,0.0
2026-07-10 11:55:00-04:00,752.8499755859375,752.9099731445312,752.510009765625,752.8175048828125,159677,0.0,0.0,0.0
2026-07-10 12:00:00-04:00,752.8099975585938,753.3499755859375,752.8099975585938,753.1599731445312,253414,0.0,0.0,0.0
2026-07-10 12:05:00-04:00,753.1799926757812,753.2100219726562,752.8499755859375,752.9600219726562,205122,0.0,0.0,0.0
2026-07-10 12:10:00-04:00,752.969970703125,753.280029296875,752.8400268554688,753.2100219726562,184791,0.0,0.0,0.0
2026-07-10 12:15:00-04:00,753.239990234375,753.6900024414062,753.22998046875,753.5800170898438,367214,0.0,0.0,0.0
2026-07-10 12:20:00-04:00,753.5800170898438,753.6375122070312,753.1599731445312,753.3800048828125,240851,0.0,0.0,0.0
2026-07-10 12:25:00-04:00,753.3900146484375,753.4299926757812,753.1699829101562,753.2100219726562,209731,0.0,0.0,0.0
2026-07-10 12:30:00-04:00,753.2100219726562,753.590087890625,753.2100219726562,753.47998046875,313520,0.0,0.0,0.0
2026-07-10 12:35:00-04:00,753.489990234375,753.5900268554688,753.030029296875,753.2899780273438,245833,0.0,0.0,0.0
2026-07-10 12:40:00-04:00,753.2899780273438,753.6500244140625,753.25,753.6199951171875,180911,0.0,0.0,0.0
2026-07-10 12:45:00-04:00,753.6099853515625,753.9299926757812,753.5900268554688,753.8200073242188,342896,0.0,0.0,0.0
2026-07-10 12:50:00-04:00,753.8150024414062,754.0499877929688,753.780029296875,753.97998046875,448965,0.0,0.0,0.0
2026-07-10 12:55:00-04:00,753.9702758789062,754.1400146484375,753.8499755859375,754.010009765625,211146,0.0,0.0,0.0
2026-07-10 13:00:00-04:00,754.010009765625,754.030029296875,753.6099853515625,753.7100219726562,181495,0.0,0.0,0.0
2026-07-10 13:05:00-04:00,753.719970703125,753.8300170898438,753.6300048828125,753.6400146484375,134399,0.0,0.0,0.0
2026-07-10 13:10:00-04:00,753.6456298828125,753.8400268554688,753.47998046875,753.8040161132812,139771,0.0,0.0,0.0
2026-07-10 13:15:00-04:00,753.780029296875,754.0399780273438,753.760009765625,753.8599853515625,2138956,0.0,0.0,0.0
2026-07-10 13:20:00-04:00,753.8599853515625,754.0,753.8400268554688,753.969970703125,145929,0.0,0.0,0.0
2026-07-10 13:25:00-04:00,753.969970703125,754.0599975585938,753.8966064453125,754.010009765625,192008,0.0,0.0,0.0
2026-07-10 13:30:00-04:00,754.02001953125,754.1649780273438,753.875,754.0198974609375,222825,0.0,0.0,0.0
2026-07-10 13:35:00-04:00,754.0150146484375,754.4099731445312,753.97998046875,754.2459716796875,309887,0.0,0.0,0.0
2026-07-10 13:40:00-04:00,754.22998046875,754.3200073242188,754.0800170898438,754.114990234375,225041,0.0,0.0,0.0
2026-07-10 13:45:00-04:00,754.1199951171875,754.3300170898438,754.1099853515625,754.2899780273438,169081,0.0,0.0,0.0
2026-07-10 13:50:00-04:00,754.2999877929688,754.3800048828125,754.239990234375,754.27001953125,161166,0.0,0.0,0.0
2026-07-10 13:55:00-04:00,754.260009765625,754.2999877929688,753.9299926757812,753.989990234375,200422,0.0,0.0,0.0
2026-07-10 14:00:00-04:00,754.0,754.1799926757812,753.9299926757812,754.0599975585938,453796,0.0,0.0,0.0
2026-07-10 14:05:00-04:00,754.0599975585938,754.3200073242188,754.0599975585938,754.239990234375,267686,0.0,0.0,0.0
2026-07-10 14:10:00-04:00,754.25,754.5999755859375,754.2100219726562,754.2899780273438,309509,0.0,0.0,0.0
2026-07-10 14:15:00-04:00,754.280029296875,754.3400268554688,754.1199951171875,754.219970703125,219111,0.0,0.0,0.0
2026-07-10 14:20:00-04:00,754.2100219726562,754.3900146484375,754.0800170898438,754.3150024414062,245144,0.0,0.0,0.0
2026-07-10 14:25:00-04:00,754.3150024414062,754.719970703125,754.3150024414062,754.4299926757812,380133,0.0,0.0,0.0
2026-07-10 14:30:00-04:00,754.4199829101562,754.5800170898438,754.3599853515625,754.510009765625,230429,0.0,0.0,0.0
2026-07-10 14:35:00-04:00,754.52001953125,754.530029296875,754.3099975585938,754.4099731445312,196853,0.0,0.0,0.0
2026-07-10 14:40:00-04:00,754.4199829101562,754.6199951171875,754.3699951171875,754.5075073242188,246786,0.0,0.0,0.0
2026-07-10 14:45:00-04:00,754.489990234375,754.5999755859375,754.469970703125,754.510009765625,214333,0.0,0.0,0.0
2026-07-10 14:50:00-04:00,754.5158081054688,754.6199951171875,754.4500122070312,754.5700073242188,210078,0.0,0.0,0.0
2026-07-10 14:55:00-04:00,754.5499877929688,754.6599731445312,754.469970703125,754.4949951171875,284786,0.0,0.0,0.0
2026-07-10 15:00:00-04:00,754.4949951171875,755.0499877929688,754.4550170898438,754.969970703125,1099158,0.0,0.0,0.0
2026-07-10 15:05:00-04:00,754.97998046875,755.1699829101562,754.8599853515625,754.9199829101562,412594,0.0,0.0,0.0
2026-07-10 15:10:00-04:00,754.9199829101562,755.1500244140625,754.9099731445312,755.1199951171875,459634,0.0,0.0,0.0
2026-07-10 15:15:00-04:00,755.1199951171875,755.1799926757812,754.9219970703125,755.02001953125,461031,0.0,0.0,0.0
2026-07-10 15:20:00-04:00,755.02001953125,755.0599975585938,754.8800048828125,754.9450073242188,378636,0.0,0.0,0.0
2026-07-10 15:25:00-04:00,754.9299926757812,755.1099853515625,754.9299926757812,754.9600219726562,529890,0.0,0.0,0.0
2026-07-10 15:30:00-04:00,754.9600219726562,755.1699829101562,754.786376953125,754.9400024414062,1047153,0.0,0.0,0.0
2026-07-10 15:35:00-04:00,754.9500122070312,755.1400146484375,754.8599853515625,755.030029296875,578388,0.0,0.0,0.0
2026-07-10 15:40:00-04:00,755.0399780273438,755.219970703125,755.02001953125,755.030029296875,688105,0.0,0.0,0.0
2026-07-10 15:45:00-04:00,755.02001953125,755.1699829101562,754.9400024414062,755.0999755859375,1494252,0.0,0.0,0.0
2026-07-10 15:50:00-04:00,755.1099853515625,755.4199829101562,755.02001953125,755.0999755859375,1727368,0.0,0.0,0.0
2026-07-10 15:55:00-04:00,755.0800170898438,755.1900024414062,754.5700073242188,754.9000244140625,2320555,0.0,0.0,0.0
2026-07-13 09:30:00-04:00,752.469970703125,753.9099731445312,752.4000244140625,753.4249877929688,1766189,0.0,0.0,0.0
2026-07-13 09:35:00-04:00,753.4299926757812,753.780029296875,753.0399780273438,753.219970703125,739583,0.0,0.0,0.0
2026-07-13 09:40:00-04:00,753.219970703125,753.219970703125,752.5399780273438,752.989990234375,670022,0.0,0.0,0.0
2026-07-13 09:45:00-04:00,753.010009765625,753.1300048828125,752.280029296875,752.8699951171875,459487,0.0,0.0,0.0
2026-07-13 09:50:00-04:00,752.9000244140625,752.9600219726562,751.9199829101562,752.6099853515625,627458,0.0,0.0,0.0
2026-07-13 09:55:00-04:00,752.5900268554688,753.739990234375,752.4199829101562,753.6199951171875,402162,0.0,0.0,0.0
2026-07-13 10:00:00-04:00,753.6300048828125,753.9105224609375,752.6599731445312,752.7899780273438,610120,0.0,0.0,0.0
2026-07-13 10:05:00-04:00,752.77001953125,752.969970703125,752.27001953125,752.8200073242188,377173,0.0,0.0,0.0
2026-07-13 10:10:00-04:00,752.8099975585938,753.3300170898438,752.6699829101562,753.27001953125,302173,0.0,0.0,0.0
2026-07-13 10:15:00-04:00,753.27001953125,753.3699951171875,750.2999877929688,751.9299926757812,1718968,0.0,0.0,0.0
2026-07-13 10:20:00-04:00,751.9199829101562,752.9099731445312,751.4600219726562,752.780029296875,513811,0.0,0.0,0.0
2026-07-13 10:25:00-04:00,752.7449951171875,753.1900024414062,752.530029296875,753.0900268554688,418865,0.0,0.0,0.0
2026-07-13 10:30:00-04:00,753.0900268554688,753.2999877929688,752.5700073242188,752.6400146484375,371113,0.0,0.0,0.0
2026-07-13 10:35:00-04:00,752.6500244140625,752.6849975585938,751.969970703125,752.1900024414062,298941,0.0,0.0,0.0
2026-07-13 10:40:00-04:00,752.2000122070312,752.2100219726562,751.25,751.5,300779,0.0,0.0,0.0
2026-07-13 10:45:00-04:00,751.510009765625,752.4550170898438,751.0,752.3800048828125,470823,0.0,0.0,0.0
2026-07-13 10:50:00-04:00,752.380126953125,752.469970703125,751.530029296875,751.72998046875,560864,0.0,0.0,0.0
2026-07-13 10:55:00-04:00,751.72998046875,752.7899780273438,751.56201171875,752.7401123046875,254720,0.0,0.0,0.0
2026-07-13 11:00:00-04:00,752.739990234375,753.0549926757812,752.3078002929688,752.3319702148438,288482,0.0,0.0,0.0
2026-07-13 11:05:00-04:00,752.3400268554688,752.5900268554688,752.1599731445312,752.25,140544,0.0,0.0,0.0
2026-07-13 11:10:00-04:00,752.2550048828125,752.5549926757812,751.9199829101562,752.0850219726562,210377,0.0,0.0,0.0
2026-07-13 11:15:00-04:00,752.0800170898438,752.3250122070312,751.8812255859375,752.25,129290,0.0,0.0,0.0
2026-07-13 11:20:00-04:00,752.25,752.5679931640625,752.1099853515625,752.447509765625,152214,0.0,0.0,0.0
2026-07-13 11:25:00-04:00,752.4400024414062,752.489990234375,751.9650268554688,752.3800048828125,185614,0.0,0.0,0.0
2026-07-13 11:30:00-04:00,752.3900146484375,752.5250244140625,752.0,752.1500244140625,183639,0.0,0.0,0.0
2026-07-13 11:35:00-04:00,752.1599731445312,752.2899780273438,751.8499755859375,752.1300048828125,194743,0.0,0.0,0.0
2026-07-13 11:40:00-04:00,752.1099853515625,752.1699829101562,751.6900024414062,751.72998046875,183891,0.0,0.0,0.0
2026-07-13 11:45:00-04:00,751.719970703125,751.7880249023438,751.489990234375,751.7150268554688,332289,0.0,0.0,0.0
2026-07-13 11:50:00-04:00,751.7150268554688,751.760009765625,751.155029296875,751.5499877929688,311812,0.0,0.0,0.0
2026-07-13 11:55:00-04:00,751.5599975585938,751.5700073242188,751.094482421875,751.2349853515625,198778,0.0,0.0,0.0
2026-07-13 12:00:00-04:00,751.22998046875,751.469970703125,750.9500122070312,751.169921875,218598,0.0,0.0,0.0
2026-07-13 12:05:00-04:00,751.1300048828125,751.5499877929688,751.0599975585938,751.47998046875,217999,0.0,0.0,0.0
2026-07-13 12:10:00-04:00,751.47998046875,751.8099975585938,751.2537231445312,751.4299926757812,241111,0.0,0.0,0.0
2026-07-13 12:15:00-04:00,751.4199829101562,751.4400024414062,750.6699829101562,750.85498046875,406017,0.0,0.0,0.0
2026-07-13 12:20:00-04:00,750.8599853515625,750.8800048828125,750.5900268554688,750.6400146484375,358544,0.0,0.0,0.0
2026-07-13 12:25:00-04:00,750.6300048828125,750.6799926757812,749.9299926757812,750.2899780273438,419345,0.0,0.0,0.0
2026-07-13 12:30:00-04:00,750.27001953125,750.280029296875,749.5900268554688,749.6199951171875,468099,0.0,0.0,0.0
2026-07-13 12:35:00-04:00,749.6300048828125,750.260009765625,748.9299926757812,749.993408203125,728131,0.0,0.0,0.0
2026-07-13 12:40:00-04:00,749.969970703125,750.52001953125,749.5750122070312,750.3599853515625,357078,0.0,0.0,0.0
2026-07-13 12:45:00-04:00,750.3900146484375,750.6599731445312,749.9600219726562,749.97998046875,393010,0.0,0.0,0.0
2026-07-13 12:50:00-04:00,749.9600219726562,750.0399780273438,749.1799926757812,749.4500122070312,379829,0.0,0.0,0.0
2026-07-13 12:55:00-04:00,749.4400024414062,750.1199951171875,749.2838745117188,749.8699951171875,318317,0.0,0.0,0.0
2026-07-13 13:00:00-04:00,749.9000244140625,750.2899780273438,749.75,749.8400268554688,236198,0.0,0.0,0.0
2026-07-13 13:05:00-04:00,749.8400268554688,750.5,749.7849731445312,750.4199829101562,186998,0.0,0.0,0.0
2026-07-13 13:10:00-04:00,750.4199829101562,750.6400146484375,749.9301147460938,750.0599975585938,379093,0.0,0.0,0.0
2026-07-13 13:15:00-04:00,750.0499877929688,750.2899780273438,749.6400146484375,750.1599731445312,245888,0.0,0.0,0.0
2026-07-13 13:20:00-04:00,750.1400146484375,750.3499755859375,749.7000122070312,749.7100219726562,297597,0.0,0.0,0.0
2026-07-13 13:25:00-04:00,749.719970703125,749.969970703125,749.530029296875,749.8099975585938,305821,0.0,0.0,0.0
2026-07-13 13:30:00-04:00,749.8099975585938,750.1199951171875,749.6599731445312,749.9500122070312,211126,0.0,0.0,0.0
2026-07-13 13:35:00-04:00,749.9199829101562,749.9199829101562,749.4609985351562,749.7083740234375,184001,0.0,0.0,0.0
2026-07-13 13:40:00-04:00,749.7000122070312,750.1300048828125,749.489990234375,749.9849853515625,268269,0.0,0.0,0.0
2026-07-13 13:45:00-04:00,750.0,750.260009765625,749.5999755859375,749.6300048828125,223742,0.0,0.0,0.0
2026-07-13 13:50:00-04:00,749.6400146484375,749.7100219726562,749.219970703125,749.4600219726562,287485,0.0,0.0,0.0
2026-07-13 13:55:00-04:00,749.4650268554688,749.5499877929688,749.2100219726562,749.2349853515625,229884,0.0,0.0,0.0
2026-07-13 14:00:00-04:00,749.260009765625,749.8699951171875,749.1900024414062,749.6699829101562,296300,0.0,0.0,0.0
2026-07-13 14:05:00-04:00,749.6599731445312,750.2100219726562,749.5919799804688,749.6400146484375,317834,0.0,0.0,0.0
2026-07-13 14:10:00-04:00,749.6500244140625,749.8099975585938,749.1300048828125,749.760009765625,318911,0.0,0.0,0.0
2026-07-13 14:15:00-04:00,749.75,749.8200073242188,749.0399780273438,749.2100219726562,523341,0.0,0.0,0.0
2026-07-13 14:20:00-04:00,749.219970703125,749.5399780273438,749.0499877929688,749.5,299846,0.0,0.0,0.0
2026-07-13 14:25:00-04:00,749.5,749.5599975585938,749.1599731445312,749.239990234375,441428,0.0,0.0,0.0
2026-07-13 14:30:00-04:00,749.239990234375,749.530029296875,748.97021484375,749.219970703125,427713,0.0,0.0,0.0
2026-07-13 14:35:00-04:00,749.219970703125,749.75,749.1900024414062,749.6799926757812,433754,0.0,0.0,0.0
2026-07-13 14:40:00-04:00,749.6699829101562,750.0399780273438,749.5599975585938,749.8499755859375,1249524,0.0,0.0,0.0
2026-07-13 14:45:00-04:00,749.8499755859375,749.9199829101562,749.510009765625,749.760009765625,716289,0.0,0.0,0.0
2026-07-13 14:50:00-04:00,749.75,750.0700073242188,749.5250244140625,749.7899780273438,277476,0.0,0.0,0.0
2026-07-13 14:55:00-04:00,749.780029296875,749.9099731445312,749.4600219726562,749.5599975585938,362792,0.0,0.0,0.0
2026-07-13 15:00:00-04:00,749.5800170898438,749.9000244140625,749.1799926757812,749.8499755859375,325046,0.0,0.0,0.0
2026-07-13 15:05:00-04:00,749.8599853515625,749.969970703125,749.5,749.510009765625,269781,0.0,0.0,0.0
2026-07-13 15:10:00-04:00,749.5,749.530029296875,749.0999755859375,749.2899780273438,431612,0.0,0.0,0.0
2026-07-13 15:15:00-04:00,749.2899780273438,749.4400024414062,749.1300048828125,749.2550048828125,857684,0.0,0.0,0.0
2026-07-13 15:20:00-04:00,749.260009765625,749.2999877929688,748.7000122070312,748.9149780273438,590732,0.0,0.0,0.0
2026-07-13 15:25:00-04:00,748.9099731445312,748.9600219726562,748.1699829101562,748.3800048828125,772061,0.0,0.0,0.0
2026-07-13 15:30:00-04:00,748.3900146484375,748.9000244140625,748.3099975585938,748.655029296875,809967,0.0,0.0,0.0
2026-07-13 15:35:00-04:00,748.6500244140625,748.6500244140625,748.0,748.260009765625,643633,0.0,0.0,0.0
2026-07-13 15:40:00-04:00,748.27001953125,749.0,748.1749877929688,748.9400024414062,799858,0.0,0.0,0.0
2026-07-13 15:45:00-04:00,748.9400024414062,749.0499877929688,748.5700073242188,748.8800048828125,1496325,0.0,0.0,0.0
2026-07-13 15:50:00-04:00,748.8900146484375,749.4500122070312,748.8699951171875,749.030029296875,2128159,0.0,0.0,0.0
2026-07-13 15:55:00-04:00,749.0599975585938,749.6099853515625,748.9299926757812,749.0999755859375,3520350,0.0,0.0,0.0
2026-07-14 09:30:00-04:00,750.9099731445312,751.0399780273438,749.5443115234375,749.6400146484375,3082389,0.0,0.0,0.0
2026-07-14 09:35:00-04:00,749.6799926757812,751.3599853515625,749.4400024414062,751.1699829101562,746974,0.0,0.0,0.0
2026-07-14 09:40:00-04:00,751.1799926757812,751.52001953125,750.5700073242188,751.3099975585938,446418,0.0,0.0,0.0
2026-07-14 09:45:00-04:00,751.3049926757812,751.7899780273438,750.5800170898438,750.989990234375,519379,0.0,0.0,0.0
2026-07-14 09:50:00-04:00,750.969970703125,751.5999755859375,750.6300048828125,751.0900268554688,506535,0.0,0.0,0.0
2026-07-14 09:55:00-04:00,751.1099853515625,751.5700073242188,750.719970703125,751.3099975585938,382569,0.0,0.0,0.0
2026-07-14 10:00:00-04:00,751.3200073242188,751.47998046875,750.2100219726562,750.4400024414062,444625,0.0,0.0,0.0
2026-07-14 10:05:00-04:00,750.4400024414062,750.6900024414062,749.8800048828125,750.239501953125,382671,0.0,0.0,0.0
2026-07-14 10:10:00-04:00,750.219970703125,750.489990234375,749.7799072265625,750.4299926757812,400013,0.0,0.0,0.0
2026-07-14 10:15:00-04:00,750.4199829101562,750.4199829101562,748.6599731445312,749.85498046875,554982,0.0,0.0,0.0
2026-07-14 10:20:00-04:00,749.8483276367188,750.8800048828125,749.780029296875,750.1300048828125,391420,0.0,0.0,0.0
2026-07-14 10:25:00-04:00,750.1099853515625,751.2999877929688,749.9600219726562,750.7100219726562,376221,0.0,0.0,0.0
2026-07-14 10:30:00-04:00,750.7100219726562,753.3099975585938,750.47998046875,752.02001953125,1053181,0.0,0.0,0.0
2026-07-14 10:35:00-04:00,752.0399780273438,752.1500244140625,751.5399780273438,751.9299926757812,503256,0.0,0.0,0.0
2026-07-14 10:40:00-04:00,751.9099731445312,752.2849731445312,750.9600219726562,751.094970703125,301720,0.0,0.0,0.0
2026-07-14 10:45:00-04:00,751.1099243164062,751.4600219726562,750.77001953125,750.8900146484375,285252,0.0,0.0,0.0
2026-07-14 10:50:00-04:00,750.8599853515625,751.594970703125,750.469970703125,751.5900268554688,231046,0.0,0.0,0.0
2026-07-14 10:55:00-04:00,751.6099853515625,751.9600219726562,751.510009765625,751.7100219726562,272376,0.0,0.0,0.0
2026-07-14 11:00:00-04:00,751.7100219726562,753.0700073242188,751.280029296875,752.3200073242188,656361,0.0,0.0,0.0
2026-07-14 11:05:00-04:00,752.3300170898438,753.0499877929688,752.1400146484375,752.77001953125,573488,0.0,0.0,0.0
2026-07-14 11:10:00-04:00,752.7999877929688,753.0,752.3599853515625,752.5499877929688,263606,0.0,0.0,0.0
2026-07-14 11:15:00-04:00,752.5900268554688,752.64501953125,751.72998046875,751.9500122070312,289094,0.0,0.0,0.0
2026-07-14 11:20:00-04:00,751.9400024414062,752.530029296875,751.6500244140625,752.52001953125,206966,0.0,0.0,0.0
2026-07-14 11:25:00-04:00,752.52001953125,752.7100219726562,752.2999877929688,752.6599731445312,219382,0.0,0.0,0.0
2026-07-14 11:30:00-04:00,752.6400146484375,752.9000244140625,751.8499755859375,751.97998046875,427144,0.0,0.0,0.0
2026-07-14 11:35:00-04:00,751.969970703125,752.0449829101562,751.530029296875,751.8599853515625,213412,0.0,0.0,0.0
2026-07-14 11:40:00-04:00,751.8499755859375,751.8499755859375,750.760009765625,751.5599975585938,839263,0.0,0.0,0.0
2026-07-14 11:45:00-04:00,751.5599975585938,751.9500122070312,751.530029296875,751.6300048828125,195864,0.0,0.0,0.0
2026-07-14 11:50:00-04:00,751.5900268554688,751.6699829101562,750.9099731445312,751.0,227158,0.0,0.0,0.0
2026-07-14 11:55:00-04:00,751.010009765625,751.1699829101562,750.6199951171875,750.97998046875,201199,0.0,0.0,0.0
2026-07-14 12:00:00-04:00,750.989990234375,751.0499877929688,750.0,750.3200073242188,324296,0.0,0.0,0.0
2026-07-14 12:05:00-04:00,750.3400268554688,750.7000122070312,750.02001953125,750.4500122070312,271227,0.0,0.0,0.0
2026-07-14 12:10:00-04:00,750.4600219726562,750.72998046875,750.02001953125,750.5399780273438,363862,0.0,0.0,0.0
2026-07-14 12:15:00-04:00,750.530029296875,750.7100219726562,750.02001953125,750.4299926757812,187051,0.0,0.0,0.0
2026-07-14 12:20:00-04:00,750.4299926757812,750.5612182617188,750.0,750.3300170898438,248993,0.0,0.0,0.0
2026-07-14 12:25:00-04:00,750.3499755859375,750.9099731445312,750.239990234375,750.780029296875,327748,0.0,0.0,0.0
2026-07-14 12:30:00-04:00,750.780029296875,751.1099853515625,750.6199951171875,751.0599975585938,215746,0.0,0.0,0.0
2026-07-14 12:35:00-04:00,751.0499877929688,751.3300170898438,750.9506225585938,751.2349853515625,246418,0.0,0.0,0.0
2026-07-14 12:40:00-04:00,751.2138061523438,751.739990234375,751.0700073242188,751.4650268554688,273026,0.0,0.0,0.0
2026-07-14 12:45:00-04:00,751.4600219726562,751.739990234375,750.9600219726562,751.4000244140625,192444,0.0,0.0,0.0
2026-07-14 12:50:00-04:00,751.3900146484375,751.6599731445312,751.280029296875,751.4758911132812,123836,0.0,0.0,0.0
2026-07-14 12:55:00-04:00,751.47998046875,751.8499755859375,751.4400024414062,751.8499755859375,136622,0.0,0.0,0.0
2026-07-14 13:00:00-04:00,751.8699951171875,752.0499877929688,751.6500244140625,751.7150268554688,241857,0.0,0.0,0.0
2026-07-14 13:05:00-04:00,751.719970703125,752.2000122070312,751.5599975585938,752.119873046875,141361,0.0,0.0,0.0
2026-07-14 13:10:00-04:00,752.0999755859375,752.2100219726562,751.8099975585938,751.8099975585938,260806,0.0,0.0,0.0
2026-07-14 13:15:00-04:00,751.8099975585938,752.1300048828125,751.5,752.0700073242188,223187,0.0,0.0,0.0
2026-07-14 13:20:00-04:00,752.0850219726562,752.6099853515625,752.0850219726562,752.4299926757812,205631,0.0,0.0,0.0
2026-07-14 13:25:00-04:00,752.4400024414062,752.5599975585938,752.239990234375,752.2999877929688,143521,0.0,0.0,0.0
2026-07-14 13:30:00-04:00,752.3200073242188,752.489990234375,752.0,752.010009765625,137820,0.0,0.0,0.0
2026-07-14 13:35:00-04:00,752.0050048828125,752.1300048828125,751.7999877929688,752.1201171875,164530,0.0,0.0,0.0
2026-07-14 13:40:00-04:00,752.135009765625,752.1900024414062,751.9000244140625,752.0399780273438,137379,0.0,0.0,0.0
2026-07-14 13:45:00-04:00,752.0599975585938,752.25,751.760009765625,752.0800170898438,138101,0.0,0.0,0.0
2026-07-14 13:50:00-04:00,752.0800170898438,752.3099975585938,752.0700073242188,752.2260131835938,123216,0.0,0.0,0.0
2026-07-14 13:55:00-04:00,752.219970703125,752.3099975585938,752.1300048828125,752.2750244140625,143473,0.0,0.0,0.0
2026-07-14 14:00:00-04:00,752.280029296875,752.47998046875,751.9299926757812,752.4400024414062,229483,0.0,0.0,0.0
2026-07-14 14:05:00-04:00,752.4500122070312,752.5,752.260009765625,752.4000244140625,143498,0.0,0.0,0.0
2026-07-14 14:10:00-04:00,752.4000244140625,752.6300048828125,752.3400268554688,752.5999755859375,149750,0.0,0.0,0.0
2026-07-14 14:15:00-04:00,752.5994873046875,752.77001953125,752.4500122070312,752.6199951171875,197275,0.0,0.0,0.0
2026-07-14 14:20:00-04:00,752.60498046875,752.760009765625,752.4099731445312,752.4400024414062,174450,0.0,0.0,0.0
2026-07-14 14:25:00-04:00,752.4598999023438,752.6099853515625,752.2999877929688,752.5,261376,0.0,0.0,0.0
2026-07-14 14:30:00-04:00,752.4849853515625,752.5595092773438,752.3300170898438,752.4600219726562,196639,0.0,0.0,0.0
2026-07-14 14:35:00-04:00,752.469970703125,752.5999755859375,752.0,752.3499755859375,311116,0.0,0.0,0.0
2026-07-14 14:40:00-04:00,752.3400268554688,752.3400268554688,751.6599731445312,752.010009765625,409466,0.0,0.0,0.0
2026-07-14 14:45:00-04:00,752.010009765625,752.239990234375,751.9000244140625,751.9500122070312,236819,0.0,0.0,0.0
2026-07-14 14:50:00-04:00,751.969970703125,752.3200073242188,751.8599853515625,752.239990234375,1189488,0.0,0.0,0.0
2026-07-14 14:55:00-04:00,752.2100219726562,752.27001953125,752.0800170898438,752.1704711914062,211229,0.0,0.0,0.0
2026-07-14 15:00:00-04:00,752.1900024414062,752.27001953125,751.8699951171875,751.969970703125,388032,0.0,0.0,0.0
2026-07-14 15:05:00-04:00,751.9500122070312,752.1099853515625,751.8400268554688,751.9025268554688,342304,0.0,0.0,0.0
2026-07-14 15:10:00-04:00,751.8900146484375,752.1400146484375,751.77001953125,752.0599975585938,312246,0.0,0.0,0.0
2026-07-14 15:15:00-04:00,752.0800170898438,752.25,751.7999877929688,752.0900268554688,802910,0.0,0.0,0.0
2026-07-14 15:20:00-04:00,752.1099853515625,752.4400024414062,752.0588989257812,752.4149780273438,245238,0.0,0.0,0.0
2026-07-14 15:25:00-04:00,752.4000244140625,752.4500122070312,752.1199951171875,752.1500244140625,263064,0.0,0.0,0.0
2026-07-14 15:30:00-04:00,752.1599731445312,752.1699829101562,751.7100219726562,752.02001953125,538087,0.0,0.0,0.0
2026-07-14 15:35:00-04:00,752.02001953125,752.3200073242188,751.8800048828125,751.9600219726562,423156,0.0,0.0,0.0
2026-07-14 15:40:00-04:00,751.9600219726562,752.4000244140625,751.9099731445312,752.2899780273438,365949,0.0,0.0,0.0
2026-07-14 15:45:00-04:00,752.280029296875,752.52001953125,752.25,752.4749755859375,576226,0.0,0.0,0.0
2026-07-14 15:50:00-04:00,752.47998046875,752.52001953125,752.0900268554688,752.094970703125,1178683,0.0,0.0,0.0
2026-07-14 15:55:00-04:00,752.0999755859375,752.489990234375,751.7899780273438,751.8699951171875,2436651,0.0,0.0,0.0
2026-07-15 09:30:00-04:00,754.239990234375,755.260009765625,754.2000122070312,755.1900024414062,1860971,0.0,0.0,0.0
2026-07-15 09:35:00-04:00,755.2000122070312,755.5800170898438,754.510009765625,754.8400268554688,635841,0.0,0.0,0.0
2026-07-15 09:40:00-04:00,754.8599853515625,754.8599853515625,754.280029296875,754.3599853515625,488224,0.0,0.0,0.0
2026-07-15 09:45:00-04:00,754.3599853515625,754.47998046875,753.3499755859375,753.5599975585938,605047,0.0,0.0,0.0
2026-07-15 09:50:00-04:00,753.5800170898438,754.0800170898438,753.1799926757812,754.0800170898438,833149,0.0,0.0,0.0
2026-07-15 09:55:00-04:00,754.0599975585938,754.6099853515625,753.9199829101562,754.4500122070312,462875,0.0,0.0,0.0
2026-07-15 10:00:00-04:00,754.52001953125,755.1799926757812,754.5,754.77001953125,660710,0.0,0.0,0.0
2026-07-15 10:05:00-04:00,754.8099975585938,755.3200073242188,754.6400146484375,755.0499877929688,516448,0.0,0.0,0.0
2026-07-15 10:10:00-04:00,755.0599975585938,755.2150268554688,754.6400146484375,754.739990234375,345983,0.0,0.0,0.0
2026-07-15 10:15:00-04:00,754.760009765625,755.5599975585938,754.7100219726562,755.3200073242188,351336,0.0,0.0,0.0
2026-07-15 10:20:00-04:00,755.3300170898438,755.3699951171875,753.3499755859375,753.8049926757812,925807,0.0,0.0,0.0
2026-07-15 10:25:00-04:00,753.7999877929688,754.7225952148438,753.3800048828125,754.6199951171875,714426,0.0,0.0,0.0
2026-07-15 10:30:00-04:00,754.6400146484375,754.8699951171875,753.9500122070312,754.5999755859375,490534,0.0,0.0,0.0
2026-07-15 10:35:00-04:00,754.6300048828125,754.7899780273438,753.5150146484375,753.669921875,420871,0.0,0.0,0.0
2026-07-15 10:40:00-04:00,753.6699829101562,753.97998046875,752.8200073242188,753.5299072265625,471107,0.0,0.0,0.0
2026-07-15 10:45:00-04:00,753.5050048828125,753.8300170898438,752.9099731445312,753.7899780273438,461978,0.0,0.0,0.0
2026-07-15 10:50:00-04:00,753.7999877929688,753.8250122070312,752.7410278320312,753.0499877929688,412255,0.0,0.0,0.0
2026-07-15 10:55:00-04:00,753.0800170898438,753.530029296875,752.8400268554688,753.460693359375,287590,0.0,0.0,0.0
2026-07-15 11:00:00-04:00,753.47998046875,753.6799926757812,753.0599975585938,753.2100219726562,246355,0.0,0.0,0.0
2026-07-15 11:05:00-04:00,753.2100219726562,754.1500244140625,752.989990234375,754.0349731445312,272481,0.0,0.0,0.0
2026-07-15 11:10:00-04:00,754.030029296875,754.1599731445312,753.0800170898438,753.1400146484375,346951,0.0,0.0,0.0
2026-07-15 11:15:00-04:00,753.135009765625,753.364990234375,752.2000122070312,753.280029296875,491451,0.0,0.0,0.0
2026-07-15 11:20:00-04:00,753.27001953125,753.27001953125,752.469970703125,752.9199829101562,289074,0.0,0.0,0.0
2026-07-15 11:25:00-04:00,752.9199829101562,753.6199951171875,752.780029296875,753.60498046875,389621,0.0,0.0,0.0
2026-07-15 11:30:00-04:00,753.5999755859375,753.8400268554688,753.1500244140625,753.5700073242188,333737,0.0,0.0,0.0
2026-07-15 11:35:00-04:00,753.530029296875,753.780029296875,753.030029296875,753.6799926757812,268186,0.0,0.0,0.0
2026-07-15 11:40:00-04:00,753.6900024414062,753.760009765625,753.0399780273438,753.1500244140625,192917,0.0,0.0,0.0
2026-07-15 11:45:00-04:00,753.1500244140625,753.239990234375,752.780029296875,752.8200073242188,296635,0.0,0.0,0.0
2026-07-15 11:50:00-04:00,752.8099975585938,752.8300170898438,752.3300170898438,752.7100219726562,352785,0.0,0.0,0.0
2026-07-15 11:55:00-04:00,752.6900024414062,752.780029296875,752.280029296875,752.6694946289062,188506,0.0,0.0,0.0
2026-07-15 12:00:00-04:00,752.6400146484375,752.8280029296875,751.760009765625,752.0800170898438,442535,0.0,0.0,0.0
2026-07-15 12:05:00-04:00,752.0900268554688,752.1099853515625,751.3900146484375,751.9500122070312,418461,0.0,0.0,0.0
2026-07-15 12:10:00-04:00,751.9500122070312,752.0700073242188,751.1400146484375,751.219970703125,302078,0.0,0.0,0.0
2026-07-15 12:15:00-04:00,751.2000122070312,751.3800048828125,750.9099731445312,751.0399780273438,408972,0.0,0.0,0.0
2026-07-15 12:20:00-04:00,751.030029296875,751.1699829101562,750.4400024414062,750.5399780273438,474285,0.0,0.0,0.0
2026-07-15 12:25:00-04:00,750.530029296875,750.8997192382812,750.4400024414062,750.8300170898438,351428,0.0,0.0,0.0
2026-07-15 12:30:00-04:00,750.8099975585938,751.1900024414062,750.4500122070312,750.5499877929688,330946,0.0,0.0,0.0
2026-07-15 12:35:00-04:00,750.5700073242188,750.6199951171875,750.219970703125,750.4400024414062,312851,0.0,0.0,0.0
2026-07-15 12:40:00-04:00,750.4400024414062,750.9400024414062,750.2000122070312,750.9099731445312,329120,0.0,0.0,0.0
2026-07-15 12:45:00-04:00,750.9199829101562,752.3200073242188,750.72998046875,751.3300170898438,769995,0.0,0.0,0.0
2026-07-15 12:50:00-04:00,751.3300170898438,751.8400268554688,751.2899780273438,751.4299926757812,325864,0.0,0.0,0.0
2026-07-15 12:55:00-04:00,751.4199829101562,751.6799926757812,750.9603271484375,751.6699829101562,310052,0.0,0.0,0.0
2026-07-15 13:00:00-04:00,751.6799926757812,752.0700073242188,751.5800170898438,751.9199829101562,331458,0.0,0.0,0.0
2026-07-15 13:05:00-04:00,751.9249877929688,752.4025268554688,751.8400268554688,752.0999755859375,671669,0.0,0.0,0.0
2026-07-15 13:10:00-04:00,752.10498046875,752.260009765625,751.780029296875,751.7999877929688,281877,0.0,0.0,0.0
2026-07-15 13:15:00-04:00,751.8099975585938,752.530029296875,751.760009765625,752.4000244140625,301258,0.0,0.0,0.0
2026-07-15 13:20:00-04:00,752.405029296875,752.5900268554688,752.22998046875,752.4500122070312,137027,0.0,0.0,0.0
2026-07-15 13:25:00-04:00,752.4500122070312,752.8499755859375,752.3499755859375,752.8099975585938,291833,0.0,0.0,0.0
2026-07-15 13:30:00-04:00,752.8099975585938,753.2100219726562,752.8099975585938,753.0900268554688,412691,0.0,0.0,0.0
2026-07-15 13:35:00-04:00,753.1090087890625,753.4500122070312,753.010009765625,753.3900146484375,300636,0.0,0.0,0.0
2026-07-15 13:40:00-04:00,753.4000244140625,753.4400024414062,753.2000122070312,753.3300170898438,222664,0.0,0.0,0.0
2026-07-15 13:45:00-04:00,753.3300170898438,754.0750122070312,753.25,754.0399780273438,310038,0.0,0.0,0.0
2026-07-15 13:50:00-04:00,754.0349731445312,754.5499877929688,753.8499755859375,754.469970703125,386878,0.0,0.0,0.0
2026-07-15 13:55:00-04:00,754.4600219726562,754.4600219726562,754.010009765625,754.1901245117188,458575,0.0,0.0,0.0
2026-07-15 14:00:00-04:00,754.2000122070312,754.5499877929688,754.1400146484375,754.3400268554688,285025,0.0,0.0,0.0
2026-07-15 14:05:00-04:00,754.3400268554688,754.6500244140625,754.280029296875,754.5499877929688,288219,0.0,0.0,0.0
2026-07-15 14:10:00-04:00,754.5650024414062,754.75,754.5349731445312,754.5499877929688,391860,0.0,0.0,0.0
2026-07-15 14:15:00-04:00,754.5549926757812,754.5599975585938,754.219970703125,754.3250122070312,528603,0.0,0.0,0.0
2026-07-15 14:20:00-04:00,754.3250122070312,754.8400268554688,754.3150024414062,754.7000122070312,315746,0.0,0.0,0.0
2026-07-15 14:25:00-04:00,754.7000122070312,754.7999877929688,754.5800170898438,754.635009765625,460728,0.0,0.0,0.0
2026-07-15 14:30:00-04:00,754.635009765625,754.9199829101562,754.530029296875,754.8200073242188,462961,0.0,0.0,0.0
2026-07-15 14:35:00-04:00,754.8099975585938,754.8200073242188,754.4400024414062,754.489990234375,264606,0.0,0.0,0.0
2026-07-15 14:40:00-04:00,754.489990234375,754.5800170898438,754.0,754.02001953125,284690,0.0,0.0,0.0
2026-07-15 14:45:00-04:00,754.030029296875,754.0399780273438,753.3800048828125,753.6300048828125,461585,0.0,0.0,0.0
2026-07-15 14:50:00-04:00,753.6500244140625,753.7349853515625,753.1599731445312,753.3699951171875,495806,0.0,0.0,0.0
2026-07-15 14:55:00-04:00,753.3400268554688,753.530029296875,753.0999755859375,753.1900024414062,281419,0.0,0.0,0.0
2026-07-15 15:00:00-04:00,753.1900024414062,753.72998046875,753.0499877929688,753.6599731445312,352061,0.0,0.0,0.0
2026-07-15 15:05:00-04:00,753.6699829101562,753.8300170898438,753.489990234375,753.5700073242188,329593,0.0,0.0,0.0
2026-07-15 15:10:00-04:00,753.5399780273438,753.9299926757812,753.469970703125,753.780029296875,371501,0.0,0.0,0.0
2026-07-15 15:15:00-04:00,753.780029296875,753.8400268554688,753.52001953125,753.530029296875,250645,0.0,0.0,0.0
2026-07-15 15:20:00-04:00,753.530029296875,753.5599975585938,753.1699829101562,753.3400268554688,395568,0.0,0.0,0.0
2026-07-15 15:25:00-04:00,753.3300170898438,753.77001953125,753.1699829101562,753.6300048828125,383228,0.0,0.0,0.0
2026-07-15 15:30:00-04:00,753.6300048828125,753.9299926757812,753.0900268554688,753.260009765625,924330,0.0,0.0,0.0
2026-07-15 15:35:00-04:00,753.280029296875,753.9000244140625,753.1300048828125,753.8499755859375,598236,0.0,0.0,0.0
2026-07-15 15:40:00-04:00,753.8400268554688,754.2100219726562,753.77001953125,754.094970703125,642535,0.0,0.0,0.0
2026-07-15 15:45:00-04:00,754.0800170898438,754.1500244140625,753.5,753.6300048828125,779156,0.0,0.0,0.0
2026-07-15 15:50:00-04:00,753.6300048828125,754.1799926757812,753.6300048828125,754.1599731445312,1454644,0.0,0.0,0.0
2026-07-15 15:55:00-04:00,754.1599731445312,754.7999877929688,754.1599731445312,754.72998046875,2213854,0.0,0.0,0.0
2026-07-16 09:30:00-04:00,752.760009765625,753.52001953125,752.0900268554688,752.2000122070312,2043117,0.0,0.0,0.0
2026-07-16 09:35:00-04:00,752.2000122070312,752.52001953125,751.6400146484375,751.7100219726562,556064,0.0,0.0,0.0
2026-07-16 09:40:00-04:00,751.719970703125,752.2899780273438,751.0900268554688,751.260009765625,660254,0.0,0.0,0.0
2026-07-16 09:45:00-04:00,751.2999877929688,751.7000122070312,750.6699829101562,751.0499877929688,704345,0.0,0.0,0.0
2026-07-16 09:50:00-04:00,751.0449829101562,752.260009765625,750.989990234375,751.47998046875,569436,0.0,0.0,0.0
2026-07-16 09:55:00-04:00,751.47998046875,752.1199951171875,751.0,751.905029296875,356333,0.0,0.0,0.0
2026-07-16 10:00:00-04:00,751.9000244140625,752.8201904296875,751.6400146484375,752.719970703125,660715,0.0,0.0,0.0
2026-07-16 10:05:00-04:00,752.739990234375,753.5499877929688,752.5900268554688,753.3905029296875,524923,0.0,0.0,0.0
2026-07-16 10:10:00-04:00,753.3900146484375,753.6099853515625,753.2000122070312,753.3599853515625,399437,0.0,0.0,0.0
2026-07-16 10:15:00-04:00,753.3599853515625,753.9299926757812,753.2050170898438,753.8599853515625,316165,0.0,0.0,0.0
2026-07-16 10:20:00-04:00,753.8599853515625,753.9299926757812,753.0700073242188,753.6699829101562,516302,0.0,0.0,0.0
2026-07-16 10:25:00-04:00,753.6400146484375,754.3880004882812,753.2899780273438,754.3499755859375,507544,0.0,0.0,0.0
2026-07-16 10:30:00-04:00,754.3400268554688,754.4400024414062,753.9849853515625,754.189208984375,373892,0.0,0.0,0.0
2026-07-16 10:35:00-04:00,754.1699829101562,754.52001953125,753.8200073242188,753.9400024414062,294450,0.0,0.0,0.0
2026-07-16 10:40:00-04:00,753.9299926757812,754.4298706054688,753.75,754.3699951171875,342619,0.0,0.0,0.0
2026-07-16 10:45:00-04:00,754.3699951171875,754.5700073242188,754.1500244140625,754.1900024414062,368465,0.0,0.0,0.0
2026-07-16 10:50:00-04:00,754.1699829101562,754.260009765625,753.530029296875,753.6790771484375,362500,0.0,0.0,0.0
2026-07-16 10:55:00-04:00,753.6500244140625,754.2000122070312,753.3400268554688,754.1699829101562,452264,0.0,0.0,0.0
2026-07-16 11:00:00-04:00,754.2000122070312,754.3800048828125,753.6099853515625,753.6599731445312,234055,0.0,0.0,0.0
2026-07-16 11:05:00-04:00,753.6300048828125,753.7999877929688,753.0800170898438,753.530029296875,390780,0.0,0.0,0.0
2026-07-16 11:10:00-04:00,753.52001953125,753.780029296875,753.0800170898438,753.3250122070312,224791,0.0,0.0,0.0
2026-07-16 11:15:00-04:00,753.3300170898438,753.6397705078125,752.97998046875,753.6300048828125,336034,0.0,0.0,0.0
2026-07-16 11:20:00-04:00,753.6199951171875,753.6500244140625,753.030029296875,753.6199951171875,309732,0.0,0.0,0.0
2026-07-16 11:25:00-04:00,753.6199951171875,754.4400024414062,753.5599975585938,753.8001098632812,302836,0.0,0.0,0.0
2026-07-16 11:30:00-04:00,753.8200073242188,754.22998046875,753.27001953125,754.2000122070312,294692,0.0,0.0,0.0
2026-07-16 11:35:00-04:00,754.1900024414062,754.4000244140625,753.8300170898438,754.3200073242188,195474,0.0,0.0,0.0
2026-07-16 11:40:00-04:00,754.3098754882812,754.405029296875,753.52001953125,753.6599731445312,225776,0.0,0.0,0.0
2026-07-16 11:45:00-04:00,753.6599731445312,753.6599731445312,753.030029296875,753.5399780273438,240122,0.0,0.0,0.0
2026-07-16 11:50:00-04:00,753.510009765625,754.0999755859375,753.510009765625,753.7899780273438,362195,0.0,0.0,0.0
2026-07-16 11:55:00-04:00,753.780029296875,753.7899780273438,753.3099975585938,753.5700073242188,203375,0.0,0.0,0.0
2026-07-16 12:00:00-04:00,753.5999755859375,753.5999755859375,752.72998046875,752.75,158344,0.0,0.0,0.0
2026-07-16 12:05:00-04:00,752.7449951171875,753.0499877929688,752.3599853515625,752.8900146484375,643228,0.0,0.0,0.0
2026-07-16 12:10:00-04:00,752.8900146484375,752.9000244140625,751.9600219726562,752.0399780273438,494795,0.0,0.0,0.0
2026-07-16 12:15:00-04:00,752.030029296875,752.544921875,751.8900146484375,752.219970703125,319281,0.0,0.0,0.0
2026-07-16 12:20:00-04:00,752.219970703125,752.219970703125,751.5399780273438,751.6599731445312,441782,0.0,0.0,0.0
2026-07-16 12:25:00-04:00,751.6300048828125,752.1198120117188,751.4500122070312,751.9299926757812,199395,0.0,0.0,0.0
2026-07-16 12:30:00-04:00,751.9400024414062,752.5399780273438,751.9099731445312,752.1900024414062,222424,0.0,0.0,0.0
2026-07-16 12:35:00-04:00,752.1900024414062,752.3599853515625,751.8599853515625,751.9000244140625,171786,0.0,0.0,0.0
2026-07-16 12:40:00-04:00,751.9000244140625,752.219970703125,751.780029296875,751.969970703125,251292,0.0,0.0,0.0
2026-07-16 12:45:00-04:00,751.969970703125,752.2064819335938,751.5900268554688,752.010009765625,283777,0.0,0.0,0.0
2026-07-16 12:50:00-04:00,752.010009765625,752.6699829101562,751.8699951171875,752.6099853515625,226146,0.0,0.0,0.0
2026-07-16 12:55:00-04:00,752.5999755859375,752.969970703125,752.5999755859375,752.8599853515625,513213,0.0,0.0,0.0
2026-07-16 13:00:00-04:00,752.8800048828125,752.9099731445312,752.2000122070312,752.5999755859375,260222,0.0,0.0,0.0
2026-07-16 13:05:00-04:00,752.5800170898438,752.8200073242188,752.2000122070312,752.7000122070312,198029,0.0,0.0,0.0
2026-07-16 13:10:00-04:00,752.6699829101562,752.780029296875,752.1300048828125,752.1900024414062,197377,0.0,0.0,0.0
2026-07-16 13:15:00-04:00,752.1900024414062,752.530029296875,752.1099853515625,752.4199829101562,146370,0.0,0.0,0.0
2026-07-16 13:20:00-04:00,752.4000244140625,752.52001953125,752.0399780273438,752.0399780273438,903887,0.0,0.0,0.0
2026-07-16 13:25:00-04:00,752.0499877929688,752.8499755859375,752.030029296875,752.7050170898438,179454,0.0,0.0,0.0
2026-07-16 13:30:00-04:00,752.7100219726562,752.8099975585938,752.0399169921875,752.1099853515625,147944,0.0,0.0,0.0
2026-07-16 13:35:00-04:00,752.1199951171875,752.2001953125,751.5399780273438,751.6500244140625,377853,0.0,0.0,0.0
2026-07-16 13:40:00-04:00,751.6400146484375,751.6400146484375,751.0999755859375,751.4199829101562,664324,0.0,0.0,0.0
2026-07-16 13:45:00-04:00,751.4299926757812,751.8900146484375,751.0800170898438,751.6799926757812,345693,0.0,0.0,0.0
2026-07-16 13:50:00-04:00,751.6950073242188,751.8900146484375,751.3699951171875,751.5800170898438,154170,0.0,0.0,0.0
2026-07-16 13:55:00-04:00,751.5700073242188,751.5800170898438,751.0850219726562,751.3099975585938,197753,0.0,0.0,0.0
2026-07-16 14:00:00-04:00,751.3300170898438,751.47998046875,750.8900146484375,750.8900146484375,298249,0.0,0.0,0.0
2026-07-16 14:05:00-04:00,750.9000244140625,750.9450073242188,750.4600219726562,750.739990234375,549605,0.0,0.0,0.0
2026-07-16 14:10:00-04:00,750.739990234375,751.4500122070312,750.7100219726562,750.72998046875,426432,0.0,0.0,0.0
2026-07-16 14:15:00-04:00,750.7000122070312,751.3400268554688,750.4600219726562,751.2000122070312,427658,0.0,0.0,0.0
2026-07-16 14:20:00-04:00,751.1900024414062,751.7100219726562,751.1400146484375,751.3400268554688,337512,0.0,0.0,0.0
2026-07-16 14:25:00-04:00,751.3599853515625,751.5,750.8699951171875,750.9099731445312,389898,0.0,0.0,0.0
2026-07-16 14:30:00-04:00,750.9199829101562,750.9299926757812,750.5499877929688,750.719970703125,208525,0.0,0.0,0.0
2026-07-16 14:35:00-04:00,750.6799926757812,750.6799926757812,750.3499755859375,750.3599853515625,262718,0.0,0.0,0.0
2026-07-16 14:40:00-04:00,750.3599853515625,750.7000122070312,749.9199829101562,750.52001953125,515040,0.0,0.0,0.0
2026-07-16 14:45:00-04:00,750.5,750.9000244140625,750.2999877929688,750.77001953125,286190,0.0,0.0,0.0
2026-07-16 14:50:00-04:00,750.760009765625,750.9299926757812,750.219970703125,750.219970703125,264072,0.0,0.0,0.0
2026-07-16 14:55:00-04:00,750.219970703125,750.47998046875,750.1099853515625,750.22998046875,597119,0.0,0.0,0.0
2026-07-16 15:00:00-04:00,750.219970703125,750.7000122070312,750.0900268554688,750.530029296875,297832,0.0,0.0,0.0
2026-07-16 15:05:00-04:00,750.510009765625,750.6799926757812,749.760009765625,749.77001953125,393706,0.0,0.0,0.0
2026-07-16 15:10:00-04:00,749.75,749.8499755859375,749.5800170898438,749.760009765625,355767,0.0,0.0,0.0
2026-07-16 15:15:00-04:00,749.739990234375,749.8800048828125,749.4000854492188,749.760009765625,701998,0.0,0.0,0.0
2026-07-16 15:20:00-04:00,749.760009765625,750.010009765625,749.5,749.510009765625,913161,0.0,0.0,0.0
2026-07-16 15:25:00-04:00,749.5150146484375,749.6300048828125,748.8599853515625,749.0999755859375,632627,0.0,0.0,0.0
2026-07-16 15:30:00-04:00,749.0800170898438,749.1599731445312,748.4299926757812,748.6900024414062,751215,0.0,0.0,0.0
2026-07-16 15:35:00-04:00,748.6799926757812,749.1500244140625,748.4000244140625,749.030029296875,626528,0.0,0.0,0.0
2026-07-16 15:40:00-04:00,749.02001953125,749.1599731445312,748.47998046875,748.52001953125,1807922,0.0,0.0,0.0
2026-07-16 15:45:00-04:00,748.510009765625,748.6300048828125,747.8800048828125,748.2100219726562,1519249,0.0,0.0,0.0
2026-07-16 15:50:00-04:00,748.2100219726562,750.0499877929688,748.1900024414062,749.97998046875,2764428,0.0,0.0,0.0
2026-07-16 15:55:00-04:00,749.989990234375,751.0399780273438,749.989990234375,750.760009765625,3634040,0.0,0.0,0.0
2026-07-17 09:30:00-04:00,742.0800170898438,742.6199951171875,741.010009765625,741.032470703125,3646013,0.0,0.0,0.0
2026-07-17 09:35:00-04:00,741.0399780273438,741.6599731445312,740.7999877929688,741.52001953125,2254283,0.0,0.0,0.0
2026-07-17 09:40:00-04:00,741.5,742.6699829101562,740.840087890625,741.0349731445312,1285131,0.0,0.0,0.0
2026-07-17 09:45:00-04:00,741.0499877929688,743.1400146484375,740.9500122070312,743.030029296875,1050322,0.0,0.0,0.0
2026-07-17 09:50:00-04:00,743.010009765625,744.2000122070312,743.0,743.88671875,640475,0.0,0.0,0.0
2026-07-17 09:55:00-04:00,743.8800048828125,744.8300170898438,743.5999755859375,744.8101196289062,707927,0.0,0.0,0.0
2026-07-17 10:00:00-04:00,744.8099975585938,745.7725219726562,744.6701049804688,745.3400268554688,799754,0.0,0.0,0.0
2026-07-17 10:05:00-04:00,745.3200073242188,746.4600219726562,745.2999877929688,746.3200073242188,712291,0.0,0.0,0.0
2026-07-17 10:10:00-04:00,746.3200073242188,746.7999877929688,745.9099731445312,746.280029296875,788566,0.0,0.0,0.0
2026-07-17 10:15:00-04:00,746.2661743164062,747.2899780273438,746.1699829101562,746.5700073242188,721960,0.0,0.0,0.0
2026-07-17 10:20:00-04:00,746.564208984375,747.0599975585938,746.2100219726562,746.8699951171875,564846,0.0,0.0,0.0
2026-07-17 10:25:00-04:00,746.8699951171875,747.2100219726562,746.1699829101562,746.3350219726562,2399160,0.0,0.0,0.0
2026-07-17 10:30:00-04:00,746.3400268554688,746.5999755859375,745.5999755859375,745.989990234375,576136,0.0,0.0,0.0
2026-07-17 10:35:00-04:00,745.9949951171875,746.7899780273438,745.7337036132812,746.72998046875,478420,0.0,0.0,0.0
2026-07-17 10:40:00-04:00,746.719970703125,746.7750244140625,745.75,745.8800048828125,510674,0.0,0.0,0.0
2026-07-17 10:45:00-04:00,745.8599853515625,746.5900268554688,745.260009765625,745.6849975585938,744414,0.0,0.0,0.0
2026-07-17 10:50:00-04:00,745.6900024414062,745.8300170898438,745.2000122070312,745.4199829101562,314683,0.0,0.0,0.0
2026-07-17 10:55:00-04:00,745.3900146484375,746.1900024414062,744.8499755859375,745.0499877929688,416999,0.0,0.0,0.0
2026-07-17 11:00:00-04:00,745.0499877929688,745.2235107421875,744.1400146484375,744.22998046875,832834,0.0,0.0,0.0
2026-07-17 11:05:00-04:00,744.22998046875,745.010009765625,744.1484985351562,744.8699951171875,393491,0.0,0.0,0.0
2026-07-17 11:10:00-04:00,744.8800048828125,745.2100219726562,744.1099853515625,744.3200073242188,394536,0.0,0.0,0.0
2026-07-17 11:15:00-04:00,744.3599853515625,744.8499755859375,743.97998046875,744.5399780273438,447458,0.0,0.0,0.0
2026-07-17 11:20:00-04:00,744.5499877929688,744.9000244140625,743.9600219726562,744.2908935546875,496269,0.0,0.0,0.0
2026-07-17 11:25:00-04:00,744.3099975585938,745.5700073242188,744.280029296875,745.4450073242188,332841,0.0,0.0,0.0
2026-07-17 11:30:00-04:00,745.4400024414062,745.9000244140625,744.8599853515625,745.0399780273438,811194,0.0,0.0,0.0
2026-07-17 11:35:00-04:00,745.010009765625,745.77001953125,744.4401245117188,745.6599731445312,345546,0.0,0.0,0.0
2026-07-17 11:40:00-04:00,745.6400146484375,745.9000244140625,744.97998046875,745.5,314654,0.0,0.0,0.0
2026-07-17 11:45:00-04:00,745.489990234375,745.6099853515625,744.8099975585938,745.5709838867188,505214,0.0,0.0,0.0
2026-07-17 11:50:00-04:00,745.5800170898438,746.0908813476562,745.1699829101562,746.0908813476562,245141,0.0,0.0,0.0
2026-07-17 11:55:00-04:00,746.0900268554688,747.0599975585938,746.0018920898438,746.8699951171875,436523,0.0,0.0,0.0
2026-07-17 12:00:00-04:00,746.8800048828125,747.0999755859375,745.1799926757812,745.5499877929688,845719,0.0,0.0,0.0
2026-07-17 12:05:00-04:00,745.5499877929688,745.9600219726562,744.8300170898438,745.9500122070312,2514622,0.0,0.0,0.0
2026-07-17 12:10:00-04:00,745.9450073242188,746.3699951171875,745.7000122070312,746.27001953125,308586,0.0,0.0,0.0
2026-07-17 12:15:00-04:00,746.2899780273438,746.5700073242188,746.010009765625,746.364990234375,295906,0.0,0.0,0.0
2026-07-17 12:20:00-04:00,746.3599853515625,746.52001953125,745.2100219726562,745.239990234375,405591,0.0,0.0,0.0
2026-07-17 12:25:00-04:00,745.27001953125,746.5,745.1420288085938,745.9400024414062,333302,0.0,0.0,0.0
2026-07-17 12:30:00-04:00,745.9500122070312,746.1760864257812,745.5399780273438,745.5599975585938,328325,0.0,0.0,0.0
2026-07-17 12:35:00-04:00,745.60498046875,746.0499877929688,745.5599975585938,745.9099731445312,197300,0.0,0.0,0.0
2026-07-17 12:40:00-04:00,745.9000244140625,746.4500122070312,745.5999755859375,746.4099731445312,227125,0.0,0.0,0.0
2026-07-17 12:45:00-04:00,746.4299926757812,747.010009765625,746.22998046875,746.8685302734375,299535,0.0,0.0,0.0
2026-07-17 12:50:00-04:00,746.8599853515625,747.27001953125,746.5800170898438,746.8510131835938,445804,0.0,0.0,0.0
2026-07-17 12:55:00-04:00,746.8599853515625,746.9500122070312,746.1300048828125,746.3200073242188,259543,0.0,0.0,0.0
2026-07-17 13:00:00-04:00,746.3699951171875,747.1699829101562,746.219970703125,746.6900024414062,346995,0.0,0.0,0.0
2026-07-17 13:05:00-04:00,746.6599731445312,747.0,746.4500122070312,746.9600219726562,228704,0.0,0.0,0.0
2026-07-17 13:10:00-04:00,746.969970703125,747.1199951171875,746.3900146484375,746.4199829101562,265228,0.0,0.0,0.0
2026-07-17 13:15:00-04:00,746.4000244140625,746.97998046875,746.2338256835938,746.280029296875,297175,0.0,0.0,0.0
2026-07-17 13:20:00-04:00,746.27001953125,746.4400024414062,745.969970703125,746.2899780273438,434477,0.0,0.0,0.0
2026-07-17 13:25:00-04:00,746.2999877929688,747.02001953125,746.27001953125,746.8699951171875,1326653,0.0,0.0,0.0
2026-07-17 13:30:00-04:00,746.8800048828125,746.989990234375,746.5399780273438,746.6099853515625,259241,0.0,0.0,0.0
2026-07-17 13:35:00-04:00,746.6199951171875,746.6799926757812,745.9099731445312,746.02001953125,578118,0.0,0.0,0.0
2026-07-17 13:40:00-04:00,746.010009765625,746.0599975585938,745.510009765625,745.5999755859375,307718,0.0,0.0,0.0
2026-07-17 13:45:00-04:00,745.5999755859375,745.8909301757812,745.4000244140625,745.5700073242188,285280,0.0,0.0,0.0
2026-07-17 13:50:00-04:00,745.5700073242188,745.6400146484375,744.760009765625,744.9000244140625,294086,0.0,0.0,0.0
2026-07-17 13:55:00-04:00,744.8905029296875,744.9995727539062,744.3800048828125,744.5800170898438,353606,0.0,0.0,0.0
2026-07-17 14:00:00-04:00,744.5800170898438,745.1400146484375,744.3800048828125,744.6475219726562,516377,0.0,0.0,0.0
2026-07-17 14:05:00-04:00,744.6400146484375,744.6400146484375,744.1599731445312,744.3300170898438,416314,0.0,0.0,0.0
2026-07-17 14:10:00-04:00,744.3099975585938,744.489990234375,744.0900268554688,744.1099853515625,301115,0.0,0.0,0.0
2026-07-17 14:15:00-04:00,744.1199951171875,744.2030029296875,743.5859985351562,743.8300170898438,355599,0.0,0.0,0.0
2026-07-17 14:20:00-04:00,743.8499755859375,744.1699829101562,743.5499877929688,743.739990234375,954726,0.0,0.0,0.0
2026-07-17 14:25:00-04:00,743.72998046875,743.75,743.239990234375,743.7100219726562,469769,0.0,0.0,0.0
2026-07-17 14:30:00-04:00,743.6900024414062,744.3400268554688,743.4199829101562,743.6611938476562,395985,0.0,0.0,0.0
2026-07-17 14:35:00-04:00,743.6699829101562,743.9500122070312,743.510009765625,743.72998046875,199582,0.0,0.0,0.0
2026-07-17 14:40:00-04:00,743.75,743.7999877929688,743.0999755859375,743.260009765625,316384,0.0,0.0,0.0
2026-07-17 14:45:00-04:00,743.239990234375,744.25,743.094970703125,743.8905029296875,795556,0.0,0.0,0.0
2026-07-17 14:50:00-04:00,743.8995971679688,744.5798950195312,743.6799926757812,744.5599975585938,397373,0.0,0.0,0.0
2026-07-17 14:55:00-04:00,744.5650024414062,744.6599731445312,744.1599731445312,744.3699951171875,336557,0.0,0.0,0.0
2026-07-17 15:00:00-04:00,744.3900146484375,744.469970703125,743.739990234375,743.8599853515625,408602,0.0,0.0,0.0
2026-07-17 15:05:00-04:00,743.8699951171875,743.989990234375,743.3800048828125,743.4099731445312,238804,0.0,0.0,0.0
2026-07-17 15:10:00-04:00,743.4099731445312,743.47998046875,742.719970703125,742.760009765625,768193,0.0,0.0,0.0
2026-07-17 15:15:00-04:00,742.739990234375,742.97998046875,742.5700073242188,742.9199829101562,477727,0.0,0.0,0.0
2026-07-17 15:20:00-04:00,742.9000244140625,742.9000244140625,742.3400268554688,742.3599853515625,447454,0.0,0.0,0.0
2026-07-17 15:25:00-04:00,742.330078125,743.280029296875,742.1300048828125,743.1599731445312,746844,0.0,0.0,0.0
2026-07-17 15:30:00-04:00,743.1699829101562,743.6199951171875,742.77001953125,743.030029296875,1127405,0.0,0.0,0.0
2026-07-17 15:35:00-04:00,743.030029296875,743.530029296875,742.72998046875,742.8300170898438,844183,0.0,0.0,0.0
2026-07-17 15:40:00-04:00,742.8300170898438,743.6199951171875,742.5999755859375,743.47998046875,736663,0.0,0.0,0.0
2026-07-17 15:45:00-04:00,743.47998046875,744.0399780273438,743.3699951171875,744.0399780273438,1120911,0.0,0.0,0.0
2026-07-17 15:50:00-04:00,744.030029296875,744.2899780273438,743.47998046875,743.969970703125,1759257,0.0,0.0,0.0
2026-07-17 15:55:00-04:00,744.0,744.4000244140625,742.9199829101562,743.155029296875,3182293,0.0,0.0,0.0
2026-07-20 09:30:00-04:00,747.0599975585938,748.0499877929688,746.7999877929688,748.0499877929688,1851776,0.0,0.0,0.0
2026-07-20 09:35:00-04:00,748.030029296875,748.7100219726562,747.72998046875,748.1699829101562,833394,0.0,0.0,0.0
2026-07-20 09:40:00-04:00,748.1699829101562,748.5900268554688,748.0599975585938,748.5599975585938,511709,0.0,0.0,0.0
2026-07-20 09:45:00-04:00,748.5700073242188,748.72998046875,747.530029296875,747.5800170898438,805592,0.0,0.0,0.0
2026-07-20 09:50:00-04:00,747.5800170898438,747.8400268554688,746.25,746.4550170898438,874876,0.0,0.0,0.0
2026-07-20 09:55:00-04:00,746.4500122070312,746.489990234375,745.52001953125,745.6900024414062,671795,0.0,0.0,0.0
2026-07-20 10:00:00-04:00,745.6799926757812,746.3599853515625,745.3900146484375,745.885009765625,524174,0.0,0.0,0.0
2026-07-20 10:05:00-04:00,745.9000244140625,746.1199951171875,745.27001953125,745.4000244140625,475704,0.0,0.0,0.0
2026-07-20 10:10:00-04:00,745.3400268554688,745.3800048828125,744.7650146484375,744.989990234375,414066,0.0,0.0,0.0
2026-07-20 10:15:00-04:00,745.02001953125,745.47998046875,744.6300048828125,744.9000244140625,420432,0.0,0.0,0.0
2026-07-20 10:20:00-04:00,744.8499755859375,745.2100219726562,744.260009765625,744.969970703125,561519,0.0,0.0,0.0
2026-07-20 10:25:00-04:00,744.969970703125,745.739990234375,744.9099731445312,745.6799926757812,355120,0.0,0.0,0.0
2026-07-20 10:30:00-04:00,745.6900024414062,745.9600219726562,745.0399780273438,745.260009765625,475390,0.0,0.0,0.0
2026-07-20 10:35:00-04:00,745.260009765625,745.530029296875,744.9598999023438,745.3300170898438,453223,0.0,0.0,0.0
2026-07-20 10:40:00-04:00,745.3499755859375,745.7899780273438,744.7520141601562,744.8900146484375,258874,0.0,0.0,0.0
2026-07-20 10:45:00-04:00,744.8800048828125,745.739990234375,744.4901123046875,744.6400146484375,323848,0.0,0.0,0.0
2026-07-20 10:50:00-04:00,744.6199951171875,744.9400024414062,744.1500244140625,744.3250122070312,539597,0.0,0.0,0.0
2026-07-20 10:55:00-04:00,744.3200073242188,744.489990234375,743.6900024414062,744.1099853515625,429824,0.0,0.0,0.0
2026-07-20 11:00:00-04:00,744.1400146484375,744.8800048828125,743.8049926757812,744.5800170898438,297794,0.0,0.0,0.0
2026-07-20 11:05:00-04:00,744.5599975585938,745.4849853515625,743.8499755859375,745.4099731445312,502571,0.0,0.0,0.0
2026-07-20 11:10:00-04:00,745.4000244140625,745.4600219726562,744.6699829101562,744.7999877929688,226403,0.0,0.0,0.0
2026-07-20 11:15:00-04:00,744.7999877929688,745.530029296875,744.6099853515625,745.27001953125,295430,0.0,0.0,0.0
2026-07-20 11:20:00-04:00,745.260009765625,745.969970703125,745.0700073242188,745.75,316075,0.0,0.0,0.0
2026-07-20 11:25:00-04:00,745.719970703125,745.969970703125,745.219970703125,745.8699951171875,503848,0.0,0.0,0.0
2026-07-20 11:30:00-04:00,745.8900146484375,746.02001953125,745.77001953125,745.8800048828125,192342,0.0,0.0,0.0
2026-07-20 11:35:00-04:00,745.9000244140625,745.9299926757812,745.3900146484375,745.4600219726562,214063,0.0,0.0,0.0
2026-07-20 11:40:00-04:00,745.469970703125,745.969970703125,745.280029296875,745.969970703125,214146,0.0,0.0,0.0
2026-07-20 11:45:00-04:00,745.97998046875,745.989990234375,745.0999755859375,745.2999877929688,254897,0.0,0.0,0.0
2026-07-20 11:50:00-04:00,745.2899780273438,746.3599853515625,745.1300048828125,746.219970703125,400298,0.0,0.0,0.0
2026-07-20 11:55:00-04:00,746.22998046875,746.4400024414062,745.9400024414062,745.989990234375,310885,0.0,0.0,0.0
2026-07-20 12:00:00-04:00,746.0,746.25,745.5800170898438,746.1599731445312,407969,0.0,0.0,0.0
2026-07-20 12:05:00-04:00,746.1599731445312,746.8350219726562,746.1599731445312,746.7999877929688,588741,0.0,0.0,0.0
2026-07-20 12:10:00-04:00,746.780029296875,747.0050048828125,746.6400146484375,746.7899780273438,297597,0.0,0.0,0.0
2026-07-20 12:15:00-04:00,746.8300170898438,746.844970703125,746.3099975585938,746.6799926757812,314922,0.0,0.0,0.0
2026-07-20 12:20:00-04:00,746.7000122070312,746.8800048828125,746.6199951171875,746.780029296875,227319,0.0,0.0,0.0
2026-07-20 12:25:00-04:00,746.780029296875,746.8300170898438,746.1699829101562,746.5,323898,0.0,0.0,0.0
2026-07-20 12:30:00-04:00,746.489990234375,746.780029296875,745.7999877929688,745.8300170898438,328389,0.0,0.0,0.0
2026-07-20 12:35:00-04:00,745.8200073242188,746.3699951171875,745.8099975585938,746.3499755859375,240742,0.0,0.0,0.0
2026-07-20 12:40:00-04:00,746.3300170898438,746.52001953125,744.5,745.4299926757812,1044388,0.0,0.0,0.0
2026-07-20 12:45:00-04:00,745.4099731445312,746.1799926757812,745.2100219726562,746.1300048828125,420926,0.0,0.0,0.0
2026-07-20 12:50:00-04:00,746.1199951171875,746.155029296875,744.9099731445312,744.969970703125,316124,0.0,0.0,0.0
2026-07-20 12:55:00-04:00,744.969970703125,745.1900024414062,744.72998046875,745.0,481423,0.0,0.0,0.0
2026-07-20 13:00:00-04:00,745.010009765625,745.2100219726562,744.5499877929688,744.552490234375,307945,0.0,0.0,0.0
2026-07-20 13:05:00-04:00,744.5399780273438,744.6500244140625,744.1300048828125,744.5900268554688,288703,0.0,0.0,0.0
2026-07-20 13:10:00-04:00,744.5900268554688,744.6400146484375,743.8400268554688,743.9000244140625,294244,0.0,0.0,0.0
2026-07-20 13:15:00-04:00,743.8900146484375,744.260009765625,743.5599975585938,744.1199951171875,383022,0.0,0.0,0.0
2026-07-20 13:20:00-04:00,744.114990234375,744.489990234375,743.969970703125,744.1099853515625,228512,0.0,0.0,0.0
2026-07-20 13:25:00-04:00,744.0999755859375,744.3699951171875,743.8900146484375,744.1199951171875,258856,0.0,0.0,0.0
2026-07-20 13:30:00-04:00,744.1300048828125,744.4201049804688,743.9500122070312,744.3250122070312,243517,0.0,0.0,0.0
2026-07-20 13:35:00-04:00,744.2999877929688,744.5399780273438,743.989990234375,744.010009765625,267253,0.0,0.0,0.0
2026-07-20 13:40:00-04:00,744.030029296875,744.0499877929688,743.5900268554688,743.760009765625,344669,0.0,0.0,0.0
2026-07-20 13:45:00-04:00,743.77001953125,744.3499755859375,743.6300048828125,744.25,281957,0.0,0.0,0.0
2026-07-20 13:50:00-04:00,744.219970703125,744.9199829101562,744.2100219726562,744.6500244140625,290349,0.0,0.0,0.0
2026-07-20 13:55:00-04:00,744.6500244140625,744.6900024414062,744.2100830078125,744.5499877929688,261761,0.0,0.0,0.0
2026-07-20 14:00:00-04:00,744.5499877929688,745.1699829101562,744.5499877929688,744.8499755859375,363635,0.0,0.0,0.0
2026-07-20 14:05:00-04:00,744.8400268554688,744.9400024414062,744.530029296875,744.875,239896,0.0,0.0,0.0
2026-07-20 14:10:00-04:00,744.9000244140625,745.219970703125,744.7100219726562,745.030029296875,219433,0.0,0.0,0.0
2026-07-20 14:15:00-04:00,745.02001953125,745.3800048828125,744.8800048828125,745.239990234375,387343,0.0,0.0,0.0
2026-07-20 14:20:00-04:00,745.219970703125,745.2899780273438,744.25,744.280029296875,618991,0.0,0.0,0.0
2026-07-20 14:25:00-04:00,744.2899780273438,744.7999877929688,744.1300048828125,744.469970703125,343916,0.0,0.0,0.0
2026-07-20 14:30:00-04:00,744.469970703125,744.489990234375,743.47998046875,743.6649780273438,473873,0.0,0.0,0.0
2026-07-20 14:35:00-04:00,743.6599731445312,744.2949829101562,743.4400024414062,743.5750122070312,340647,0.0,0.0,0.0
2026-07-20 14:40:00-04:00,743.5750122070312,743.6199951171875,742.530029296875,742.5449829101562,546380,0.0,0.0,0.0
2026-07-20 14:45:00-04:00,742.5499877929688,743.0499877929688,742.4299926757812,742.7000122070312,685176,0.0,0.0,0.0
2026-07-20 14:50:00-04:00,742.7100219726562,743.22998046875,742.5599975585938,743.0999755859375,302428,0.0,0.0,0.0
2026-07-20 14:55:00-04:00,743.094970703125,743.1400146484375,742.47998046875,742.719970703125,308207,0.0,0.0,0.0
2026-07-20 15:00:00-04:00,742.760009765625,743.1900024414062,742.4199829101562,742.5900268554688,616940,0.0,0.0,0.0
2026-07-20 15:05:00-04:00,742.5900268554688,742.8209838867188,742.25,742.6950073242188,525097,0.0,0.0,0.0
2026-07-20 15:10:00-04:00,742.6994018554688,743.0999755859375,741.7000122070312,741.7000122070312,591743,0.0,0.0,0.0
2026-07-20 15:15:00-04:00,741.7100219726562,742.2100219726562,741.5103149414062,741.9199829101562,970049,0.0,0.0,0.0
2026-07-20 15:20:00-04:00,741.9299926757812,742.4299926757812,741.7899780273438,742.2999877929688,614806,0.0,0.0,0.0
2026-07-20 15:25:00-04:00,742.3200073242188,742.9199829101562,741.8599853515625,742.72998046875,683468,0.0,0.0,0.0
2026-07-20 15:30:00-04:00,742.739990234375,743.2000122070312,742.3400268554688,742.97998046875,709918,0.0,0.0,0.0
2026-07-20 15:35:00-04:00,742.9600219726562,743.1300048828125,742.510009765625,742.97998046875,647393,0.0,0.0,0.0
2026-07-20 15:40:00-04:00,742.969970703125,743.3400268554688,742.7999877929688,742.989990234375,568417,0.0,0.0,0.0
2026-07-20 15:45:00-04:00,743.0,743.25,742.7000122070312,743.0800170898438,993664,0.0,0.0,0.0
2026-07-20 15:50:00-04:00,743.0700073242188,743.0700073242188,741.760009765625,742.2000122070312,1894670,0.0,0.0,0.0
2026-07-20 15:55:00-04:00,742.1799926757812,742.239990234375,741.6099853515625,742.1400146484375,4361321,0.0,0.0,0.0
2026-07-21 09:30:00-04:00,746.2899780273438,746.6799926757812,745.1199951171875,745.5999755859375,1901011,0.0,0.0,0.0
2026-07-21 09:35:00-04:00,745.6099853515625,746.231689453125,745.27001953125,745.280029296875,824912,0.0,0.0,0.0
2026-07-21 09:40:00-04:00,745.260009765625,745.3099975585938,744.2708740234375,744.510009765625,600352,0.0,0.0,0.0
2026-07-21 09:45:00-04:00,744.52001953125,745.0,744.1799926757812,744.9500122070312,420126,0.0,0.0,0.0
2026-07-21 09:50:00-04:00,744.969970703125,745.3499755859375,744.260009765625,745.0700073242188,386215,0.0,0.0,0.0
2026-07-21 09:55:00-04:00,745.0499877929688,745.364990234375,744.6099853515625,745.3599853515625,344126,0.0,0.0,0.0
2026-07-21 10:00:00-04:00,745.3699951171875,745.869873046875,744.9600219726562,745.4199829101562,348723,0.0,0.0,0.0
2026-07-21 10:05:00-04:00,745.4199829101562,745.77001953125,745.02001953125,745.1950073242188,212358,0.0,0.0,0.0
2026-07-21 10:10:00-04:00,745.1900024414062,745.8599853515625,744.9500122070312,745.7449951171875,284660,0.0,0.0,0.0
2026-07-21 10:15:00-04:00,745.719970703125,746.1699829101562,744.7899780273438,746.02001953125,302137,0.0,0.0,0.0
2026-07-21 10:20:00-04:00,746.0150146484375,746.1900024414062,745.4550170898438,745.97998046875,224452,0.0,0.0,0.0
2026-07-21 10:25:00-04:00,745.9600219726562,746.989990234375,745.9299926757812,746.8699951171875,450689,0.0,0.0,0.0
2026-07-21 10:30:00-04:00,746.8499755859375,747.25,746.5800170898438,746.7999877929688,340012,0.0,0.0,0.0
2026-07-21 10:35:00-04:00,746.7949829101562,747.02001953125,746.0900268554688,746.2999877929688,301549,0.0,0.0,0.0
2026-07-21 10:40:00-04:00,746.2999877929688,746.635009765625,745.77001953125,746.5999755859375,298164,0.0,0.0,0.0
2026-07-21 10:45:00-04:00,746.6099853515625,747.260009765625,746.4500122070312,746.9099731445312,401228,0.0,0.0,0.0
2026-07-21 10:50:00-04:00,746.9099731445312,746.9600219726562,746.5,746.6900024414062,166050,0.0,0.0,0.0
2026-07-21 10:55:00-04:00,746.6799926757812,746.7899780273438,746.260009765625,746.739990234375,202701,0.0,0.0,0.0
2026-07-21 11:00:00-04:00,746.77001953125,746.8900146484375,745.8300170898438,746.0009765625,310493,0.0,0.0,0.0
2026-07-21 11:05:00-04:00,746.0,747.0700073242188,745.8499755859375,746.97998046875,292853,0.0,0.0,0.0
2026-07-21 11:10:00-04:00,746.97998046875,747.52001953125,746.9400024414062,747.2097778320312,337144,0.0,0.0,0.0
2026-07-21 11:15:00-04:00,747.2100219726562,747.5499877929688,747.1588134765625,747.4099731445312,202955,0.0,0.0,0.0
2026-07-21 11:20:00-04:00,747.4099731445312,747.97998046875,747.3200073242188,747.656005859375,426494,0.0,0.0,0.0
2026-07-21 11:25:00-04:00,747.6544189453125,748.010009765625,747.6099853515625,748.0,191435,0.0,0.0,0.0
2026-07-21 11:30:00-04:00,747.97998046875,748.0,747.4099731445312,747.7750244140625,364371,0.0,0.0,0.0
2026-07-21 11:35:00-04:00,747.7899780273438,747.9299926757812,747.4299926757812,747.5800170898438,267226,0.0,0.0,0.0
2026-07-21 11:40:00-04:00,747.5599975585938,747.8588256835938,747.5198974609375,747.594970703125,235112,0.0,0.0,0.0
2026-07-21 11:45:00-04:00,747.580322265625,747.9199829101562,747.530029296875,747.8115234375,165894,0.0,0.0,0.0
2026-07-21 11:50:00-04:00,747.8200073242188,747.97998046875,747.7000122070312,747.719970703125,270841,0.0,0.0,0.0
2026-07-21 11:55:00-04:00,747.77001953125,747.9000244140625,747.469970703125,747.52001953125,178981,0.0,0.0,0.0
2026-07-21 12:00:00-04:00,747.52001953125,748.22998046875,747.489990234375,748.219970703125,235413,0.0,0.0,0.0
2026-07-21 12:05:00-04:00,748.2255249023438,748.3099975585938,748.0700073242188,748.1500244140625,157808,0.0,0.0,0.0
2026-07-21 12:10:00-04:00,748.1497802734375,748.27001953125,748.0399780273438,748.22998046875,163585,0.0,0.0,0.0
2026-07-21 12:15:00-04:00,748.239990234375,748.530029296875,748.219970703125,748.469970703125,456214,0.0,0.0,0.0
2026-07-21 12:20:00-04:00,748.47998046875,748.75,748.4099731445312,748.5800170898438,202970,0.0,0.0,0.0
2026-07-21 12:25:00-04:00,748.5800170898438,748.7000122070312,748.4400024414062,748.6599731445312,119457,0.0,0.0,0.0
2026-07-21 12:30:00-04:00,748.6400146484375,748.780029296875,748.4801025390625,748.6849975585938,186951,0.0,0.0,0.0
2026-07-21 12:35:00-04:00,748.680908203125,748.719970703125,748.489990234375,748.6699829101562,101468,0.0,0.0,0.0
2026-07-21 12:40:00-04:00,748.6699829101562,748.739990234375,748.5,748.6099853515625,120496,0.0,0.0,0.0
2026-07-21 12:45:00-04:00,748.6300048828125,748.6500244140625,748.4000244140625,748.489990234375,125200,0.0,0.0,0.0
2026-07-21 12:50:00-04:00,748.489990234375,748.9949951171875,748.4500122070312,748.9598999023438,215362,0.0,0.0,0.0
2026-07-21 12:55:00-04:00,748.9600219726562,749.0399780273438,748.6799926757812,748.6900024414062,620830,0.0,0.0,0.0
2026-07-21 13:00:00-04:00,748.6884155273438,748.8300170898438,748.5805053710938,748.6199951171875,170343,0.0,0.0,0.0
2026-07-21 13:05:00-04:00,748.6199951171875,748.85498046875,748.5800170898438,748.7100219726562,356355,0.0,0.0,0.0
2026-07-21 13:10:00-04:00,748.719970703125,748.739990234375,748.530029296875,748.5999755859375,478893,0.0,0.0,0.0
2026-07-21 13:15:00-04:00,748.6099853515625,748.6599731445312,748.3300170898438,748.35498046875,335585,0.0,0.0,0.0
2026-07-21 13:20:00-04:00,748.3499755859375,748.47998046875,748.25,748.4000244140625,192939,0.0,0.0,0.0
2026-07-21 13:25:00-04:00,748.4199829101562,748.47998046875,748.239990234375,748.3599853515625,175614,0.0,0.0,0.0
2026-07-21 13:30:00-04:00,748.3599853515625,748.5700073242188,748.2150268554688,748.3599853515625,225080,0.0,0.0,0.0
2026-07-21 13:35:00-04:00,748.3499755859375,748.7999877929688,748.3400268554688,748.7000122070312,247679,0.0,0.0,0.0
2026-07-21 13:40:00-04:00,748.7000122070312,748.72998046875,748.510009765625,748.669921875,142384,0.0,0.0,0.0
2026-07-21 13:45:00-04:00,748.6599731445312,748.8599853515625,748.5499877929688,748.8200073242188,161776,0.0,0.0,0.0
2026-07-21 13:50:00-04:00,748.8400268554688,748.9299926757812,748.6599731445312,748.6799926757812,306097,0.0,0.0,0.0
2026-07-21 13:55:00-04:00,748.6749877929688,748.719970703125,748.4400024414062,748.5900268554688,232952,0.0,0.0,0.0
2026-07-21 14:00:00-04:00,748.5900268554688,748.77001953125,748.260009765625,748.3200073242188,295577,0.0,0.0,0.0
2026-07-21 14:05:00-04:00,748.2999877929688,748.5499877929688,748.27001953125,748.4550170898438,163057,0.0,0.0,0.0
2026-07-21 14:10:00-04:00,748.4400024414062,748.5490112304688,748.1199951171875,748.1599731445312,245581,0.0,0.0,0.0
2026-07-21 14:15:00-04:00,748.1699829101562,748.27001953125,748.0900268554688,748.2100219726562,219304,0.0,0.0,0.0
2026-07-21 14:20:00-04:00,748.1900024414062,748.4000244140625,748.1099853515625,748.2999877929688,200541,0.0,0.0,0.0
2026-07-21 14:25:00-04:00,748.2899780273438,748.2999877929688,748.0650024414062,748.2100219726562,316580,0.0,0.0,0.0
2026-07-21 14:30:00-04:00,748.219970703125,748.260009765625,747.9400024414062,747.969970703125,218286,0.0,0.0,0.0
2026-07-21 14:35:00-04:00,747.969970703125,748.27001953125,747.9600219726562,748.1500244140625,227217,0.0,0.0,0.0
2026-07-21 14:40:00-04:00,748.1500244140625,748.6099853515625,748.02001953125,748.5399780273438,215354,0.0,0.0,0.0
2026-07-21 14:45:00-04:00,748.530029296875,748.6400146484375,748.3800048828125,748.4500122070312,161869,0.0,0.0,0.0
2026-07-21 14:50:00-04:00,748.469970703125,748.510009765625,748.25,748.25927734375,185937,0.0,0.0,0.0
2026-07-21 14:55:00-04:00,748.25,748.5700073242188,748.22998046875,748.3699951171875,314496,0.0,0.0,0.0
2026-07-21 15:00:00-04:00,748.3800048828125,748.469970703125,748.1500244140625,748.27001953125,225750,0.0,0.0,0.0
2026-07-21 15:05:00-04:00,748.25,748.4199829101562,748.1199951171875,748.135009765625,277072,0.0,0.0,0.0
2026-07-21 15:10:00-04:00,748.1400146484375,748.4299926757812,748.0900268554688,748.239990234375,308319,0.0,0.0,0.0
2026-07-21 15:15:00-04:00,748.25,748.4600219726562,748.1900024414062,748.3099975585938,190314,0.0,0.0,0.0
2026-07-21 15:20:00-04:00,748.3099975585938,748.3900146484375,748.1900024414062,748.3099975585938,183500,0.0,0.0,0.0
2026-07-21 15:25:00-04:00,748.2899780273438,748.4600219726562,748.219970703125,748.260009765625,375104,0.0,0.0,0.0
2026-07-21 15:30:00-04:00,748.25,748.3900146484375,748.1500244140625,748.1799926757812,361485,0.0,0.0,0.0
2026-07-21 15:35:00-04:00,748.1699829101562,748.5700073242188,748.1199951171875,748.4099731445312,332389,0.0,0.0,0.0
2026-07-21 15:40:00-04:00,748.4005126953125,748.5880126953125,748.239990234375,748.530029296875,742764,0.0,0.0,0.0
2026-07-21 15:45:00-04:00,748.530029296875,748.6400146484375,748.2449951171875,748.60498046875,605051,0.0,0.0,0.0
2026-07-21 15:50:00-04:00,748.5900268554688,748.7000122070312,748.2899780273438,748.3800048828125,1277177,0.0,0.0,0.0
2026-07-21 15:55:00-04:00,748.3800048828125,748.5800170898438,748.0900268554688,748.3300170898438,1743645,0.0,0.0,0.0
2026-07-22 09:30:00-04:00,746.6199951171875,747.5700073242188,746.3699951171875,747.3150024414062,1723196,0.0,0.0,0.0
2026-07-22 09:35:00-04:00,747.3099975585938,747.489990234375,747.02001953125,747.4000244140625,398272,0.0,0.0,0.0
2026-07-22 09:40:00-04:00,747.4099731445312,747.7000122070312,747.0900268554688,747.5700073242188,386033,0.0,0.0,0.0
2026-07-22 09:45:00-04:00,747.5999755859375,748.0599975585938,747.5700073242188,747.760009765625,387195,0.0,0.0,0.0
2026-07-22 09:50:00-04:00,747.739990234375,748.1799926757812,747.39501953125,748.1500244140625,499544,0.0,0.0,0.0
2026-07-22 09:55:00-04:00,748.1300048828125,748.7849731445312,748.02001953125,748.780029296875,496342,0.0,0.0,0.0
2026-07-22 10:00:00-04:00,748.77001953125,748.969970703125,748.52001953125,748.969970703125,393130,0.0,0.0,0.0
2026-07-22 10:05:00-04:00,748.969970703125,749.3800048828125,748.510009765625,748.5401000976562,386190,0.0,0.0,0.0
2026-07-22 10:10:00-04:00,748.5399780273438,748.7750244140625,748.110107421875,748.239990234375,289947,0.0,0.0,0.0
2026-07-22 10:15:00-04:00,748.260009765625,748.3200073242188,747.77001953125,748.1300048828125,251758,0.0,0.0,0.0
2026-07-22 10:20:00-04:00,748.1400146484375,748.4299926757812,747.3800048828125,747.5999755859375,390741,0.0,0.0,0.0
2026-07-22 10:25:00-04:00,747.6300048828125,747.8099975585938,747.0900268554688,747.2999877929688,311511,0.0,0.0,0.0
2026-07-22 10:30:00-04:00,747.2899780273438,747.7899780273438,747.1699829101562,747.239990234375,405856,0.0,0.0,0.0
2026-07-22 10:35:00-04:00,747.260009765625,747.4500122070312,747.05078125,747.3099975585938,396475,0.0,0.0,0.0
2026-07-22 10:40:00-04:00,747.2999877929688,747.4500122070312,746.760009765625,746.780029296875,250611,0.0,0.0,0.0
2026-07-22 10:45:00-04:00,746.7899780273438,747.469970703125,746.6799926757812,747.3699951171875,297686,0.0,0.0,0.0
2026-07-22 10:50:00-04:00,747.3800048828125,747.6500244140625,747.0900268554688,747.4199829101562,348917,0.0,0.0,0.0
2026-07-22 10:55:00-04:00,747.3900146484375,747.9769897460938,747.1500244140625,747.9349975585938,280430,0.0,0.0,0.0
2026-07-22 11:00:00-04:00,747.9299926757812,748.4400024414062,747.8900146484375,748.3049926757812,277938,0.0,0.0,0.0
2026-07-22 11:05:00-04:00,748.2999877929688,748.75,748.2000122070312,748.6099853515625,333941,0.0,0.0,0.0
2026-07-22 11:10:00-04:00,748.6099853515625,749.039306640625,748.5900268554688,748.875,275844,0.0,0.0,0.0
2026-07-22 11:15:00-04:00,748.8800048828125,748.9849853515625,748.52001953125,748.8599853515625,382048,0.0,0.0,0.0
2026-07-22 11:20:00-04:00,748.8699951171875,749.4000244140625,748.8300170898438,749.3099975585938,177372,0.0,0.0,0.0
2026-07-22 11:25:00-04:00,749.3200073242188,749.6799926757812,749.2606811523438,749.4099731445312,274008,0.0,0.0,0.0
2026-07-22 11:30:00-04:00,749.4199829101562,749.510009765625,748.9199829101562,748.9600219726562,258364,0.0,0.0,0.0
2026-07-22 11:35:00-04:00,748.9849853515625,749.1400146484375,748.7506713867188,748.9149780273438,184888,0.0,0.0,0.0
2026-07-22 11:40:00-04:00,748.9149780273438,749.2100219726562,748.8499755859375,749.0,123396,0.0,0.0,0.0
2026-07-22 11:45:00-04:00,749.02001953125,749.3800048828125,749.02001953125,749.3800048828125,251782,0.0,0.0,0.0
2026-07-22 11:50:00-04:00,749.3800048828125,749.5900268554688,749.22998046875,749.280029296875,154286,0.0,0.0,0.0
2026-07-22 11:55:00-04:00,749.260009765625,749.7899780273438,749.1799926757812,749.760009765625,157530,0.0,0.0,0.0
2026-07-22 12:00:00-04:00,749.760009765625,749.8200073242188,749.489990234375,749.6849975585938,191780,0.0,0.0,0.0
2026-07-22 12:05:00-04:00,749.6900024414062,749.9099731445312,749.5399780273438,749.7449951171875,230076,0.0,0.0,0.0
2026-07-22 12:10:00-04:00,749.739990234375,749.7899780273438,749.5999755859375,749.7100219726562,200353,0.0,0.0,0.0
2026-07-22 12:15:00-04:00,749.7100219726562,750.02001953125,749.6799926757812,749.9749755859375,195351,0.0,0.0,0.0
2026-07-22 12:20:00-04:00,749.969970703125,749.969970703125,749.780029296875,749.8699951171875,234835,0.0,0.0,0.0
2026-07-22 12:25:00-04:00,749.8699951171875,749.9400024414062,749.6799926757812,749.8499755859375,242635,0.0,0.0,0.0
2026-07-22 12:30:00-04:00,749.8599853515625,750.0048217773438,749.75,749.9299926757812,178756,0.0,0.0,0.0
2026-07-22 12:35:00-04:00,749.9199829101562,749.9600219726562,749.7899780273438,749.8699951171875,313848,0.0,0.0,0.0
2026-07-22 12:40:00-04:00,749.8900146484375,749.8900146484375,749.6400146484375,749.7550048828125,179533,0.0,0.0,0.0
2026-07-22 12:45:00-04:00,749.760009765625,749.9000244140625,749.52001953125,749.60498046875,179344,0.0,0.0,0.0
2026-07-22 12:50:00-04:00,749.6099853515625,749.6799926757812,749.47998046875,749.52001953125,132286,0.0,0.0,0.0
2026-07-22 12:55:00-04:00,749.510009765625,749.9500122070312,749.5,749.8300170898438,146439,0.0,0.0,0.0
2026-07-22 13:00:00-04:00,749.8350219726562,749.9600219726562,749.3699951171875,749.5,233695,0.0,0.0,0.0
2026-07-22 13:05:00-04:00,749.5,749.75,749.47998046875,749.6099853515625,580307,0.0,0.0,0.0
2026-07-22 13:10:00-04:00,749.5999755859375,749.6199951171875,749.25,749.3200073242188,361788,0.0,0.0,0.0
2026-07-22 13:15:00-04:00,749.3099975585938,749.4299926757812,749.1900024414062,749.25,502612,0.0,0.0,0.0
2026-07-22 13:20:00-04:00,749.239990234375,749.260009765625,748.9500122070312,749.1749877929688,195943,0.0,0.0,0.0
2026-07-22 13:25:00-04:00,749.1699829101562,749.3900146484375,749.0,749.0444946289062,196990,0.0,0.0,0.0
2026-07-22 13:30:00-04:00,749.0499877929688,749.2899780273438,748.8599853515625,748.8800048828125,244761,0.0,0.0,0.0
2026-07-22 13:35:00-04:00,748.8800048828125,749.4099731445312,748.8499755859375,749.3599853515625,210400,0.0,0.0,0.0
2026-07-22 13:40:00-04:00,749.3599853515625,749.3699951171875,749.0499877929688,749.1199951171875,175551,0.0,0.0,0.0
2026-07-22 13:45:00-04:00,749.1300048828125,749.22998046875,749.0150146484375,749.0499877929688,126164,0.0,0.0,0.0
2026-07-22 13:50:00-04:00,749.0399780273438,749.1500244140625,748.6920166015625,748.7100219726562,166578,0.0,0.0,0.0
2026-07-22 13:55:00-04:00,748.7000122070312,748.7000122070312,748.3900146484375,748.52001953125,645620,0.0,0.0,0.0
2026-07-22 14:00:00-04:00,748.5150146484375,748.7100219726562,748.2000122070312,748.3800048828125,297919,0.0,0.0,0.0
2026-07-22 14:05:00-04:00,748.3800048828125,748.6900024414062,748.27001953125,748.3289794921875,295069,0.0,0.0,0.0
2026-07-22 14:10:00-04:00,748.2999877929688,748.4000244140625,748.010009765625,748.0399780273438,232207,0.0,0.0,0.0
2026-07-22 14:15:00-04:00,748.030029296875,748.3900146484375,748.0250244140625,748.22998046875,203582,0.0,0.0,0.0
2026-07-22 14:20:00-04:00,748.25,748.5900268554688,748.1599731445312,748.2225952148438,238646,0.0,0.0,0.0
2026-07-22 14:25:00-04:00,748.22998046875,748.5499877929688,748.2100219726562,748.489990234375,188785,0.0,0.0,0.0
2026-07-22 14:30:00-04:00,748.489990234375,748.489990234375,748.0499877929688,748.2000122070312,276360,0.0,0.0,0.0
2026-07-22 14:35:00-04:00,748.1900024414062,748.469970703125,748.1599731445312,748.4099731445312,188524,0.0,0.0,0.0
2026-07-22 14:40:00-04:00,748.4299926757812,748.469970703125,748.22998046875,748.2901000976562,288221,0.0,0.0,0.0
2026-07-22 14:45:00-04:00,748.2899780273438,748.5999755859375,748.2048950195312,748.2224731445312,216078,0.0,0.0,0.0
2026-07-22 14:50:00-04:00,748.219970703125,748.5798950195312,748.1099853515625,748.52001953125,245576,0.0,0.0,0.0
2026-07-22 14:55:00-04:00,748.5,748.5900268554688,748.37890625,748.4099731445312,183536,0.0,0.0,0.0
2026-07-22 15:00:00-04:00,748.4400024414062,748.4600219726562,748.1500244140625,748.239990234375,208281,0.0,0.0,0.0
2026-07-22 15:05:00-04:00,748.2449951171875,748.3499755859375,748.1500244140625,748.1900024414062,162600,0.0,0.0,0.0
2026-07-22 15:10:00-04:00,748.2000122070312,748.239990234375,747.8300170898438,747.8900146484375,248523,0.0,0.0,0.0
2026-07-22 15:15:00-04:00,747.9000244140625,748.1900024414062,747.8300170898438,748.1099853515625,189199,0.0,0.0,0.0
2026-07-22 15:20:00-04:00,748.1099853515625,748.1199951171875,747.7999877929688,747.8499755859375,205636,0.0,0.0,0.0
2026-07-22 15:25:00-04:00,747.8499755859375,748.0999755859375,747.6500244140625,748.0,415094,0.0,0.0,0.0
2026-07-22 15:30:00-04:00,748.0,748.0,747.6699829101562,747.7100219726562,616066,0.0,0.0,0.0
2026-07-22 15:35:00-04:00,747.7100219726562,747.7999877929688,747.3599853515625,747.4099731445312,522654,0.0,0.0,0.0
2026-07-22 15:40:00-04:00,747.4215087890625,747.9199829101562,747.4199829101562,747.7899780273438,556526,0.0,0.0,0.0
2026-07-22 15:45:00-04:00,747.7949829101562,748.0700073242188,747.7550048828125,747.97998046875,742707,0.0,0.0,0.0
2026-07-22 15:50:00-04:00,747.989990234375,748.2999877929688,747.6900024414062,747.8099975585938,870972,0.0,0.0,0.0
2026-07-22 15:55:00-04:00,747.8200073242188,748.239990234375,747.2949829101562,747.3300170898438,3100017,0.0,0.0,0.0
2026-07-23 09:30:00-04:00,739.3699951171875,741.3699951171875,738.469970703125,741.3200073242188,4201871,0.0,0.0,0.0
2026-07-23 09:35:00-04:00,741.2999877929688,741.8699951171875,740.8499755859375,741.4450073242188,793095,0.0,0.0,0.0
2026-07-23 09:40:00-04:00,741.4199829101562,742.5599975585938,741.4199829101562,741.8200073242188,612613,0.0,0.0,0.0
2026-07-23 09:45:00-04:00,741.8499755859375,741.9949951171875,740.1699829101562,740.4000244140625,807521,0.0,0.0,0.0
2026-07-23 09:50:00-04:00,740.3699951171875,740.9450073242188,739.719970703125,740.9299926757812,1031948,0.0,0.0,0.0
2026-07-23 09:55:00-04:00,740.9500122070312,741.280029296875,739.2999877929688,739.5750122070312,676870,0.0,0.0,0.0
2026-07-23 10:00:00-04:00,739.5800170898438,740.6300048828125,739.5800170898438,740.344970703125,531714,0.0,0.0,0.0
2026-07-23 10:05:00-04:00,740.3599853515625,740.9299926757812,738.8699951171875,739.3599853515625,443580,0.0,0.0,0.0
2026-07-23 10:10:00-04:00,739.344970703125,740.5399780273438,739.2100219726562,739.6900024414062,445606,0.0,0.0,0.0
2026-07-23 10:15:00-04:00,739.6599731445312,740.3599853515625,739.4099731445312,739.510009765625,449562,0.0,0.0,0.0
2026-07-23 10:20:00-04:00,739.52001953125,740.4349975585938,739.1699829101562,739.4400024414062,577693,0.0,0.0,0.0
2026-07-23 10:25:00-04:00,739.4000244140625,739.9099731445312,738.989990234375,739.7999877929688,545442,0.0,0.0,0.0
2026-07-23 10:30:00-04:00,739.739990234375,740.0399780273438,738.6599731445312,738.969970703125,449770,0.0,0.0,0.0
2026-07-23 10:35:00-04:00,738.97998046875,740.510009765625,738.5900268554688,740.3800048828125,780782,0.0,0.0,0.0
2026-07-23 10:40:00-04:00,740.3800048828125,740.6400146484375,738.6699829101562,738.8699951171875,432500,0.0,0.0,0.0
2026-07-23 10:45:00-04:00,738.8599853515625,739.469970703125,738.6699829101562,738.8300170898438,422993,0.0,0.0,0.0
2026-07-23 10:50:00-04:00,738.8400268554688,739.0700073242188,738.010009765625,738.1400146484375,527804,0.0,0.0,0.0
2026-07-23 10:55:00-04:00,738.155029296875,738.5800170898438,738.0700073242188,738.3099975585938,354913,0.0,0.0,0.0
2026-07-23 11:00:00-04:00,738.3200073242188,738.47998046875,737.5,737.6599731445312,456987,0.0,0.0,0.0
2026-07-23 11:05:00-04:00,737.6699829101562,737.7000122070312,736.9400024414062,737.155029296875,831070,0.0,0.0,0.0
2026-07-23 11:10:00-04:00,737.1599731445312,737.4099731445312,736.4500122070312,736.6500244140625,985434,0.0,0.0,0.0
2026-07-23 11:15:00-04:00,736.6199951171875,737.2750244140625,736.5800170898438,737.1799926757812,637201,0.0,0.0,0.0
2026-07-23 11:20:00-04:00,737.2000122070312,737.6900024414062,735.97998046875,736.669921875,1020234,0.0,0.0,0.0
2026-07-23 11:25:00-04:00,736.6699829101562,736.7203979492188,735.8099975585938,735.9298706054688,857021,0.0,0.0,0.0
2026-07-23 11:30:00-04:00,735.9099731445312,736.4199829101562,735.2100219726562,736.4099731445312,810901,0.0,0.0,0.0
2026-07-23 11:35:00-04:00,736.4099731445312,737.4400024414062,736.3800048828125,737.3480224609375,696790,0.0,0.0,0.0
2026-07-23 11:40:00-04:00,737.3400268554688,737.6599731445312,736.6400146484375,736.6400146484375,544099,0.0,0.0,0.0
2026-07-23 11:45:00-04:00,736.6400146484375,736.969970703125,736.3599853515625,736.8961791992188,352859,0.0,0.0,0.0
2026-07-23 11:50:00-04:00,736.8900146484375,737.3300170898438,736.5900268554688,737.3200073242188,320277,0.0,0.0,0.0
2026-07-23 11:55:00-04:00,737.3300170898438,737.9000244140625,737.1199951171875,737.844970703125,333004,0.0,0.0,0.0
2026-07-23 12:00:00-04:00,737.844970703125,738.3099975585938,737.530029296875,738.0349731445312,421746,0.0,0.0,0.0
2026-07-23 12:05:00-04:00,738.0399780273438,738.469970703125,737.5499877929688,738.469970703125,343277,0.0,0.0,0.0
2026-07-23 12:10:00-04:00,738.469970703125,738.8350219726562,738.4199829101562,738.6199951171875,409071,0.0,0.0,0.0
2026-07-23 12:15:00-04:00,738.6199951171875,738.8300170898438,738.219970703125,738.5700073242188,1292232,0.0,0.0,0.0
2026-07-23 12:20:00-04:00,738.5828247070312,739.6599731445312,738.5700073242188,739.4600219726562,484093,0.0,0.0,0.0
2026-07-23 12:25:00-04:00,739.4500122070312,739.6199951171875,739.1500244140625,739.4500122070312,378385,0.0,0.0,0.0
2026-07-23 12:30:00-04:00,739.4500122070312,739.489990234375,739.0599975585938,739.1199951171875,328174,0.0,0.0,0.0
2026-07-23 12:35:00-04:00,739.0999755859375,739.719970703125,738.9400024414062,739.6998901367188,333622,0.0,0.0,0.0
2026-07-23 12:40:00-04:00,739.7000122070312,739.7100219726562,738.969970703125,738.969970703125,222903,0.0,0.0,0.0
2026-07-23 12:45:00-04:00,738.9600219726562,738.9600219726562,738.010009765625,738.0250244140625,351531,0.0,0.0,0.0
2026-07-23 12:50:00-04:00,738.02001953125,738.3400268554688,737.75,737.97998046875,299219,0.0,0.0,0.0
2026-07-23 12:55:00-04:00,737.97998046875,738.7100219726562,737.97998046875,738.6599731445312,271435,0.0,0.0,0.0
2026-07-23 13:00:00-04:00,738.6699829101562,738.9400024414062,738.2000122070312,738.2100219726562,175458,0.0,0.0,0.0
2026-07-23 13:05:00-04:00,738.219970703125,738.489990234375,737.7899780273438,738.489990234375,423821,0.0,0.0,0.0
2026-07-23 13:10:00-04:00,738.4600219726562,738.8400268554688,738.4299926757812,738.6099853515625,405299,0.0,0.0,0.0
2026-07-23 13:15:00-04:00,738.5599975585938,738.9000244140625,738.1599731445312,738.5250244140625,519411,0.0,0.0,0.0
2026-07-23 13:20:00-04:00,738.5650024414062,739.030029296875,738.4000244140625,738.989990234375,1506693,0.0,0.0,0.0
2026-07-23 13:25:00-04:00,738.97998046875,739.2000122070312,738.739990234375,738.75,374258,0.0,0.0,0.0
2026-07-23 13:30:00-04:00,738.739990234375,738.7999877929688,738.0499877929688,738.0900268554688,647896,0.0,0.0,0.0
2026-07-23 13:35:00-04:00,738.0549926757812,738.1199951171875,737.4650268554688,737.6199951171875,154118,0.0,0.0,0.0
2026-07-23 13:40:00-04:00,737.6199951171875,737.8599853515625,737.27001953125,737.7100219726562,189087,0.0,0.0,0.0
2026-07-23 13:45:00-04:00,737.7000122070312,738.2899780273438,737.5,738.1599731445312,179442,0.0,0.0,0.0
2026-07-23 13:50:00-04:00,738.1699829101562,738.2399291992188,737.7000122070312,737.7100219726562,140875,0.0,0.0,0.0
2026-07-23 13:55:00-04:00,737.6500244140625,737.7098999023438,737.1300048828125,737.1900024414062,149773,0.0,0.0,0.0
2026-07-23 14:00:00-04:00,737.1599731445312,737.3099975585938,736.9000244140625,736.97998046875,212506,0.0,0.0,0.0
2026-07-23 14:05:00-04:00,736.969970703125,737.1599731445312,736.8001098632812,736.8619995117188,209211,0.0,0.0,0.0
2026-07-23 14:10:00-04:00,736.8900146484375,737.3699951171875,736.8699951171875,737.02978515625,593695,0.0,0.0,0.0
2026-07-23 14:15:00-04:00,736.9719848632812,737.3599853515625,736.8200073242188,737.0,281077,0.0,0.0,0.0
2026-07-23 14:20:00-04:00,737.02001953125,737.4400024414062,736.9400024414062,737.4099731445312,183660,0.0,0.0,0.0
2026-07-23 14:25:00-04:00,737.4199829101562,737.489990234375,737.0349731445312,737.4199829101562,218263,0.0,0.0,0.0
2026-07-23 14:30:00-04:00,737.4149780273438,737.6599731445312,737.3200073242188,737.5999755859375,279276,0.0,0.0,0.0
2026-07-23 14:35:00-04:00,737.5800170898438,737.6900024414062,736.8300170898438,736.9299926757812,327191,0.0,0.0,0.0
2026-07-23 14:40:00-04:00,736.9299926757812,737.02001953125,736.6099853515625,736.8400268554688,415699,0.0,0.0,0.0
2026-07-23 14:45:00-04:00,736.8300170898438,737.4500122070312,736.8300170898438,737.2999877929688,583968,0.0,0.0,0.0
2026-07-23 14:50:00-04:00,737.2999877929688,737.3699951171875,736.6868286132812,736.719970703125,295039,0.0,0.0,0.0
2026-07-23 14:55:00-04:00,736.7100219726562,737.0599975585938,736.6300048828125,737.0499877929688,491634,0.0,0.0,0.0
2026-07-23 15:00:00-04:00,737.0800170898438,737.3900146484375,736.780029296875,736.7999877929688,340647,0.0,0.0,0.0
2026-07-23 15:05:00-04:00,736.7999877929688,736.9600219726562,736.7000122070312,736.72998046875,257690,0.0,0.0,0.0
2026-07-23 15:10:00-04:00,736.719970703125,736.875,736.469970703125,736.5999755859375,201871,0.0,0.0,0.0
2026-07-23 15:15:00-04:00,736.5999755859375,737.1599731445312,736.5900268554688,736.9500122070312,339486,0.0,0.0,0.0
2026-07-23 15:20:00-04:00,736.969970703125,737.6300048828125,736.9500122070312,737.6199951171875,451009,0.0,0.0,0.0
2026-07-23 15:25:00-04:00,737.6199951171875,737.9000244140625,737.3200073242188,737.47998046875,493815,0.0,0.0,0.0
2026-07-23 15:30:00-04:00,737.489990234375,737.739990234375,736.6799926757812,737.1500244140625,580631,0.0,0.0,0.0
2026-07-23 15:35:00-04:00,737.14501953125,737.219970703125,736.8300170898438,736.8900146484375,702327,0.0,0.0,0.0
2026-07-23 15:40:00-04:00,736.8699951171875,736.97998046875,736.25,736.25,1754270,0.0,0.0,0.0
2026-07-23 15:45:00-04:00,736.260009765625,736.4000244140625,735.719970703125,735.9249877929688,988958,0.0,0.0,0.0
2026-07-23 15:50:00-04:00,735.9299926757812,736.97998046875,735.9299926757812,736.7100219726562,2437408,0.0,0.0,0.0
2026-07-23 15:55:00-04:00,736.72998046875,738.6400146484375,736.72998046875,738.1699829101562,5113800,0.0,0.0,0.0
2026-07-24 09:30:00-04:00,738.510009765625,739.5,738.4199829101562,739.277099609375,1467113,0.0,0.0,0.0
2026-07-24 09:35:00-04:00,739.2899780273438,739.6599731445312,738.8800048828125,739.1099853515625,415105,0.0,0.0,0.0
2026-07-24 09:40:00-04:00,739.0999755859375,739.1400756835938,738.6599731445312,738.8101196289062,406628,0.0,0.0,0.0
2026-07-24 09:45:00-04:00,738.8099975585938,739.8800048828125,738.5700073242188,739.8200073242188,482528,0.0,0.0,0.0
2026-07-24 09:50:00-04:00,739.8099975585938,739.8099975585938,737.6900024414062,737.8400268554688,758616,0.0,0.0,0.0
2026-07-24 09:55:00-04:00,737.8300170898438,738.2000122070312,737.4299926757812,737.530029296875,480275,0.0,0.0,0.0
2026-07-24 10:00:00-04:00,737.5,738.6701049804688,737.3330078125,737.7440185546875,777067,0.0,0.0,0.0
2026-07-24 10:05:00-04:00,737.7899780273438,739.489990234375,737.5700073242188,739.2999877929688,489734,0.0,0.0,0.0
2026-07-24 10:10:00-04:00,739.2650146484375,739.905029296875,738.8250122070312,739.5394897460938,932941,0.0,0.0,0.0
2026-07-24 10:15:00-04:00,739.5399780273438,739.7100219726562,738.0,738.5349731445312,993924,0.0,0.0,0.0
2026-07-24 10:20:00-04:00,738.530029296875,739.9500122070312,738.1599731445312,739.5399780273438,401286,0.0,0.0,0.0
2026-07-24 10:25:00-04:00,739.5599975585938,739.719970703125,738.969970703125,739.1799926757812,390349,0.0,0.0,0.0
2026-07-24 10:30:00-04:00,739.1900024414062,739.22998046875,738.3300170898438,738.3400268554688,412680,0.0,0.0,0.0
2026-07-24 10:35:00-04:00,738.3350219726562,738.8200073242188,737.9099731445312,738.0599975585938,331563,0.0,0.0,0.0
2026-07-24 10:40:00-04:00,738.030029296875,738.3499755859375,737.8400268554688,737.905029296875,667881,0.0,0.0,0.0
2026-07-24 10:45:00-04:00,737.8900146484375,738.5499877929688,737.4299926757812,738.530029296875,341313,0.0,0.0,0.0
2026-07-24 10:50:00-04:00,738.5349731445312,739.3200073242188,738.530029296875,739.010009765625,368611,0.0,0.0,0.0
2026-07-24 10:55:00-04:00,739.010009765625,740.7000122070312,739.010009765625,740.5900268554688,457825,0.0,0.0,0.0
2026-07-24 11:00:00-04:00,740.5900268554688,740.9600219726562,740.2100219726562,740.239990234375,1066983,0.0,0.0,0.0
2026-07-24 11:05:00-04:00,740.22998046875,740.6400146484375,739.6599731445312,739.6998901367188,310429,0.0,0.0,0.0
2026-07-24 11:10:00-04:00,739.6900024414062,742.1699829101562,739.5800170898438,741.8800048828125,772738,0.0,0.0,0.0
2026-07-24 11:15:00-04:00,741.8599853515625,743.0,741.3400268554688,741.4774780273438,736171,0.0,0.0,0.0
2026-07-24 11:20:00-04:00,741.4949951171875,742.6500244140625,741.4099731445312,742.3699951171875,453802,0.0,0.0,0.0
2026-07-24 11:25:00-04:00,742.39501953125,743.1300048828125,742.3300170898438,742.6099853515625,413289,0.0,0.0,0.0
2026-07-24 11:30:00-04:00,742.5999755859375,742.9000244140625,742.0499877929688,742.0800170898438,242596,0.0,0.0,0.0
2026-07-24 11:35:00-04:00,742.0449829101562,743.1580200195312,742.030029296875,743.0700073242188,318123,0.0,0.0,0.0
2026-07-24 11:40:00-04:00,743.0599975585938,743.25,742.0289916992188,742.2899780273438,273038,0.0,0.0,0.0
2026-07-24 11:45:00-04:00,742.2899780273438,742.6500244140625,742.0,742.1300048828125,215877,0.0,0.0,0.0
2026-07-24 11:50:00-04:00,742.135009765625,742.7899780273438,742.1300048828125,742.5599975585938,351940,0.0,0.0,0.0
2026-07-24 11:55:00-04:00,742.5599975585938,743.1099853515625,742.52001953125,743.0150146484375,310650,0.0,0.0,0.0
2026-07-24 12:00:00-04:00,743.0399780273438,743.239990234375,742.6400146484375,743.2100219726562,667546,0.0,0.0,0.0
2026-07-24 12:05:00-04:00,743.2000122070312,743.5499877929688,742.9400024414062,743.280029296875,454257,0.0,0.0,0.0
2026-07-24 12:10:00-04:00,743.2999877929688,743.719970703125,742.8499755859375,742.969970703125,340403,0.0,0.0,0.0
2026-07-24 12:15:00-04:00,743.0,743.3200073242188,742.8099975585938,743.1347045898438,255553,0.0,0.0,0.0
2026-07-24 12:20:00-04:00,743.1448974609375,743.5,743.0999755859375,743.3599243164062,200917,0.0,0.0,0.0
2026-07-24 12:25:00-04:00,743.3599853515625,743.5700073242188,743.1799926757812,743.1900024414062,178237,0.0,0.0,0.0
2026-07-24 12:30:00-04:00,743.1699829101562,743.1900024414062,742.3599853515625,742.5,390307,0.0,0.0,0.0
2026-07-24 12:35:00-04:00,742.5150146484375,742.739990234375,742.22998046875,742.27001953125,210497,0.0,0.0,0.0
2026-07-24 12:40:00-04:00,742.260009765625,742.260009765625,741.6400146484375,741.6500244140625,236074,0.0,0.0,0.0
2026-07-24 12:45:00-04:00,741.6400146484375,741.8099975585938,740.9500122070312,741.1898803710938,405413,0.0,0.0,0.0
2026-07-24 12:50:00-04:00,741.1900024414062,741.27001953125,740.739990234375,741.0700073242188,279526,0.0,0.0,0.0
2026-07-24 12:55:00-04:00,741.0490112304688,741.760009765625,740.8699951171875,741.4500122070312,199361,0.0,0.0,0.0
2026-07-24 13:00:00-04:00,741.469970703125,741.5999755859375,741.010009765625,741.1749877929688,182715,0.0,0.0,0.0
2026-07-24 13:05:00-04:00,741.1699829101562,741.3300170898438,740.3800048828125,740.4182739257812,386540,0.0,0.0,0.0
2026-07-24 13:10:00-04:00,740.4000244140625,741.0599975585938,740.2301025390625,740.9299926757812,255564,0.0,0.0,0.0
2026-07-24 13:15:00-04:00,740.9500122070312,741.469970703125,740.6599731445312,741.4099731445312,184125,0.0,0.0,0.0
2026-07-24 13:20:00-04:00,741.41650390625,741.489990234375,740.9072265625,741.2999877929688,327532,0.0,0.0,0.0
2026-07-24 13:25:00-04:00,741.2899780273438,741.8400268554688,740.989990234375,741.7100219726562,196903,0.0,0.0,0.0
2026-07-24 13:30:00-04:00,741.75,742.169189453125,741.530029296875,742.11181640625,156146,0.0,0.0,0.0
2026-07-24 13:35:00-04:00,742.1099853515625,742.1199951171875,741.4299926757812,741.510009765625,162452,0.0,0.0,0.0
2026-07-24 13:40:00-04:00,741.52001953125,741.5399780273438,741.0700073242188,741.0800170898438,184684,0.0,0.0,0.0
2026-07-24 13:45:00-04:00,741.0700073242188,741.3900146484375,740.9199829101562,741.3099975585938,162181,0.0,0.0,0.0
2026-07-24 13:50:00-04:00,741.3099975585938,741.5349731445312,740.969970703125,741.27001953125,270661,0.0,0.0,0.0
2026-07-24 13:55:00-04:00,741.2899780273438,741.3900146484375,740.969970703125,740.97998046875,244499,0.0,0.0,0.0
2026-07-24 14:00:00-04:00,740.989990234375,741.2899780273438,740.77001953125,740.8900146484375,188906,0.0,0.0,0.0
2026-07-24 14:05:00-04:00,740.8800048828125,741.27001953125,740.75,740.969970703125,338674,0.0,0.0,0.0
2026-07-24 14:10:00-04:00,741.02001953125,741.0750122070312,740.47998046875,740.5900268554688,257613,0.0,0.0,0.0
2026-07-24 14:15:00-04:00,740.594970703125,740.6500244140625,740.1400146484375,740.22998046875,387838,0.0,0.0,0.0
2026-07-24 14:20:00-04:00,740.1900024414062,740.2000122070312,739.719970703125,739.8099975585938,433579,0.0,0.0,0.0
2026-07-24 14:25:00-04:00,739.7999877929688,739.8800048828125,739.0,739.0349731445312,473174,0.0,0.0,0.0
2026-07-24 14:30:00-04:00,739.0499877929688,739.1599731445312,738.0700073242188,738.173828125,593684,0.0,0.0,0.0
2026-07-24 14:35:00-04:00,738.1900024414062,738.6300048828125,737.8300170898438,738.27001953125,879485,0.0,0.0,0.0
2026-07-24 14:40:00-04:00,738.27001953125,738.27001953125,737.6400146484375,737.8499755859375,439073,0.0,0.0,0.0
2026-07-24 14:45:00-04:00,737.8699951171875,738.7000122070312,737.7899780273438,738.3099975585938,392359,0.0,0.0,0.0
2026-07-24 14:50:00-04:00,738.2899780273438,738.5,738.030029296875,738.2050170898438,417134,0.0,0.0,0.0
2026-07-24 14:55:00-04:00,738.1900024414062,738.7100219726562,738.1400146484375,738.3800048828125,302475,0.0,0.0,0.0
2026-07-24 15:00:00-04:00,738.3900146484375,738.89501953125,738.2100219726562,738.280029296875,895698,0.0,0.0,0.0
2026-07-24 15:05:00-04:00,738.25,738.6500244140625,737.5599975585938,737.60498046875,779209,0.0,0.0,0.0
2026-07-24 15:10:00-04:00,737.6099853515625,738.22998046875,737.469970703125,737.5999755859375,705769,0.0,0.0,0.0
2026-07-24 15:15:00-04:00,737.5999755859375,737.8300170898438,737.4099731445312,737.7999877929688,1036183,0.0,0.0,0.0
2026-07-24 15:20:00-04:00,737.8200073242188,738.02001953125,737.2899780273438,737.4299926757812,521023,0.0,0.0,0.0
2026-07-24 15:25:00-04:00,737.4400024414062,737.8699951171875,737.2999877929688,737.6500244140625,459031,0.0,0.0,0.0
2026-07-24 15:30:00-04:00,737.719970703125,738.3800048828125,737.6599731445312,738.0900268554688,822160,0.0,0.0,0.0
2026-07-24 15:35:00-04:00,738.0800170898438,738.6599731445312,737.989990234375,738.1099853515625,1074359,0.0,0.0,0.0
2026-07-24 15:40:00-04:00,738.1099853515625,738.3400268554688,737.7899780273438,738.280029296875,800742,0.0,0.0,0.0
2026-07-24 15:45:00-04:00,738.2999877929688,738.4400024414062,737.75,738.3399047851562,1069183,0.0,0.0,0.0
2026-07-24 15:50:00-04:00,738.3400268554688,738.5800170898438,737.6400146484375,738.469970703125,1055109,0.0,0.0,0.0
2026-07-24 15:55:00-04:00,738.489990234375,739.0999755859375,738.0499877929688,738.8599853515625,3826336,0.0,0.0,0.0
2026-07-27 09:30:00-04:00,744.9099731445312,745.1699829101562,743.9425048828125,744.655029296875,1905497,0.0,0.0,0.0
2026-07-27 09:35:00-04:00,744.6599731445312,745.530029296875,744.5700073242188,744.969970703125,673895,0.0,0.0,0.0
2026-07-27 09:40:00-04:00,744.969970703125,745.0650024414062,743.4400024414062,743.4500122070312,563061,0.0,0.0,0.0
2026-07-27 09:45:00-04:00,743.47998046875,744.1500244140625,743.2000122070312,743.7999877929688,584594,0.0,0.0,0.0
2026-07-27 09:50:00-04:00,743.8499755859375,744.1699829101562,743.3699951171875,743.4500122070312,404221,0.0,0.0,0.0
2026-07-27 09:55:00-04:00,743.4299926757812,743.4600219726562,741.5999755859375,741.5999755859375,587019,0.0,0.0,0.0
2026-07-27 10:00:00-04:00,741.5999755859375,742.1300048828125,741.219970703125,741.6599731445312,1099633,0.0,0.0,0.0
2026-07-27 10:05:00-04:00,741.6500244140625,742.0399780273438,741.22998046875,741.75,612508,0.0,0.0,0.0
2026-07-27 10:10:00-04:00,741.75,741.77001953125,740.4600219726562,740.9650268554688,653122,0.0,0.0,0.0
2026-07-27 10:15:00-04:00,740.969970703125,741.5650024414062,740.52001953125,740.989990234375,610851,0.0,0.0,0.0
2026-07-27 10:20:00-04:00,740.9450073242188,740.9450073242188,739.6300048828125,739.8250122070312,539015,0.0,0.0,0.0
2026-07-27 10:25:00-04:00,739.8250122070312,740.0,738.2000122070312,738.3150024414062,1004967,0.0,0.0,0.0
2026-07-27 10:30:00-04:00,738.3300170898438,738.5549926757812,737.72998046875,737.969970703125,902868,0.0,0.0,0.0
2026-07-27 10:35:00-04:00,737.9450073242188,738.2999877929688,737.1400146484375,738.0800170898438,720749,0.0,0.0,0.0
2026-07-27 10:40:00-04:00,738.0750122070312,738.27001953125,736.5399780273438,736.7899780273438,636446,0.0,0.0,0.0
2026-07-27 10:45:00-04:00,736.7899780273438,738.1599731445312,736.7899780273438,738.0,542379,0.0,0.0,0.0
2026-07-27 10:50:00-04:00,737.989990234375,738.8250122070312,737.9299926757812,738.5900268554688,597315,0.0,0.0,0.0
2026-07-27 10:55:00-04:00,738.5900268554688,739.8800048828125,738.3699951171875,739.6901245117188,566206,0.0,0.0,0.0
2026-07-27 11:00:00-04:00,739.719970703125,739.969970703125,739.3400268554688,739.760009765625,442765,0.0,0.0,0.0
2026-07-27 11:05:00-04:00,739.739990234375,740.3099975585938,739.1901245117188,739.219970703125,910063,0.0,0.0,0.0
2026-07-27 11:10:00-04:00,739.27001953125,739.9349975585938,739.0999755859375,739.3900146484375,360377,0.0,0.0,0.0
2026-07-27 11:15:00-04:00,739.3599853515625,739.52001953125,737.9400024414062,738.8049926757812,363940,0.0,0.0,0.0
2026-07-27 11:20:00-04:00,738.8099975585938,739.2999877929688,738.02001953125,738.1799926757812,265057,0.0,0.0,0.0
2026-07-27 11:25:00-04:00,738.1649780273438,738.5399780273438,737.8800048828125,738.2899780273438,433314,0.0,0.0,0.0
2026-07-27 11:30:00-04:00,738.27001953125,738.27001953125,737.2999877929688,737.4099731445312,264012,0.0,0.0,0.0
2026-07-27 11:35:00-04:00,737.4199829101562,737.5,736.3350219726562,736.9400024414062,409638,0.0,0.0,0.0
2026-07-27 11:40:00-04:00,736.9299926757812,737.469970703125,736.5911865234375,737.4400024414062,334033,0.0,0.0,0.0
2026-07-27 11:45:00-04:00,737.4299926757812,737.5499877929688,736.6900024414062,736.8900146484375,243039,0.0,0.0,0.0
2026-07-27 11:50:00-04:00,736.9199829101562,737.3599853515625,736.7100219726562,737.0599975585938,183387,0.0,0.0,0.0
2026-07-27 11:55:00-04:00,737.0599975585938,737.6500244140625,736.9600219726562,737.4849853515625,217265,0.0,0.0,0.0
2026-07-27 12:00:00-04:00,737.4924926757812,738.1599731445312,737.3900146484375,738.1500244140625,221283,0.0,0.0,0.0
2026-07-27 12:05:00-04:00,738.1500244140625,738.3699951171875,737.718017578125,738.2999877929688,196164,0.0,0.0,0.0
2026-07-27 12:10:00-04:00,738.3099975585938,738.6900024414062,737.3856811523438,737.4500122070312,226422,0.0,0.0,0.0
2026-07-27 12:15:00-04:00,737.4400024414062,737.47998046875,736.8599853515625,737.2999877929688,543560,0.0,0.0,0.0
2026-07-27 12:20:00-04:00,737.3099975585938,737.8300170898438,737.0700073242188,737.77001953125,156681,0.0,0.0,0.0
2026-07-27 12:25:00-04:00,737.77001953125,739.6799926757812,737.7100219726562,738.719970703125,763317,0.0,0.0,0.0
2026-07-27 12:30:00-04:00,738.719970703125,739.3099975585938,738.4000244140625,738.909912109375,183224,0.0,0.0,0.0
2026-07-27 12:35:00-04:00,738.8900146484375,739.3499755859375,738.4500122070312,738.969970703125,218445,0.0,0.0,0.0
2026-07-27 12:40:00-04:00,738.97998046875,739.102294921875,738.0800170898438,738.3400268554688,162992,0.0,0.0,0.0
2026-07-27 12:45:00-04:00,738.3499755859375,738.7999877929688,738.0999755859375,738.0999755859375,138429,0.0,0.0,0.0
2026-07-27 12:50:00-04:00,738.0800170898438,738.0800170898438,737.0,737.1500244140625,209793,0.0,0.0,0.0
2026-07-27 12:55:00-04:00,737.1500244140625,737.1599731445312,736.6400146484375,737.0570068359375,188221,0.0,0.0,0.0
2026-07-27 13:00:00-04:00,737.0700073242188,737.0999755859375,736.0999755859375,736.1810302734375,289830,0.0,0.0,0.0
2026-07-27 13:05:00-04:00,736.1799926757812,736.5800170898438,736.0700073242188,736.3800048828125,201760,0.0,0.0,0.0
2026-07-27 13:10:00-04:00,736.3699951171875,736.77001953125,736.1799926757812,736.6500244140625,343362,0.0,0.0,0.0
2026-07-27 13:15:00-04:00,736.6400146484375,736.760009765625,735.8699951171875,736.2150268554688,231599,0.0,0.0,0.0
2026-07-27 13:20:00-04:00,736.219970703125,736.760009765625,736.0999755859375,736.385009765625,266710,0.0,0.0,0.0
2026-07-27 13:25:00-04:00,736.39501953125,736.6500244140625,736.1900024414062,736.2000122070312,195724,0.0,0.0,0.0
2026-07-27 13:30:00-04:00,736.219970703125,737.2000122070312,736.1799926757812,737.1599731445312,231267,0.0,0.0,0.0
2026-07-27 13:35:00-04:00,737.14501953125,737.280029296875,736.5599975585938,736.7100219726562,171705,0.0,0.0,0.0
2026-07-27 13:40:00-04:00,736.6900024414062,736.9099731445312,736.5,736.7999877929688,114163,0.0,0.0,0.0
2026-07-27 13:45:00-04:00,736.8200073242188,737.135009765625,736.5700073242188,736.760009765625,125647,0.0,0.0,0.0
2026-07-27 13:50:00-04:00,736.72998046875,737.5499877929688,736.6799926757812,737.4982299804688,141067,0.0,0.0,0.0
2026-07-27 13:55:00-04:00,737.5399780273438,737.8499755859375,737.280029296875,737.7999877929688,184185,0.0,0.0,0.0
2026-07-27 14:00:00-04:00,737.8400268554688,737.9600219726562,737.5399780273438,737.6099853515625,212283,0.0,0.0,0.0
2026-07-27 14:05:00-04:00,737.5999755859375,737.969970703125,737.47998046875,737.6799926757812,299969,0.0,0.0,0.0
2026-07-27 14:10:00-04:00,737.6699829101562,737.9299926757812,737.6199951171875,737.75,216631,0.0,0.0,0.0
2026-07-27 14:15:00-04:00,737.75,737.8300170898438,737.030029296875,737.25,250125,0.0,0.0,0.0
2026-07-27 14:20:00-04:00,737.219970703125,737.6900024414062,737.0800170898438,737.5501098632812,163252,0.0,0.0,0.0
2026-07-27 14:25:00-04:00,737.5499877929688,737.7999877929688,737.4199829101562,737.6199951171875,244690,0.0,0.0,0.0
2026-07-27 14:30:00-04:00,737.6400146484375,737.6500244140625,736.8599853515625,736.905029296875,198582,0.0,0.0,0.0
2026-07-27 14:35:00-04:00,736.8599853515625,737.0800170898438,736.7000122070312,736.7899780273438,226540,0.0,0.0,0.0
2026-07-27 14:40:00-04:00,736.7899780273438,737.5900268554688,736.6199951171875,737.469970703125,682693,0.0,0.0,0.0
2026-07-27 14:45:00-04:00,737.4849853515625,737.75,737.3599853515625,737.3699951171875,236413,0.0,0.0,0.0
2026-07-27 14:50:00-04:00,737.3800048828125,738.6500244140625,737.3699951171875,738.5499877929688,328213,0.0,0.0,0.0
2026-07-27 14:55:00-04:00,738.5599975585938,739.25,738.510009765625,739.0599975585938,485661,0.0,0.0,0.0
2026-07-27 15:00:00-04:00,739.0599975585938,739.1699829101562,738.552001953125,738.5750122070312,417093,0.0,0.0,0.0
2026-07-27 15:05:00-04:00,738.5700073242188,739.4000244140625,738.489990234375,739.3200073242188,422423,0.0,0.0,0.0
2026-07-27 15:10:00-04:00,739.2999877929688,739.5800170898438,738.9500122070312,739.0900268554688,283609,0.0,0.0,0.0
2026-07-27 15:15:00-04:00,739.0999755859375,739.5,739.0900268554688,739.4949951171875,257850,0.0,0.0,0.0
2026-07-27 15:20:00-04:00,739.52001953125,739.77001953125,739.3499755859375,739.614990234375,409953,0.0,0.0,0.0
2026-07-27 15:25:00-04:00,739.6199951171875,739.719970703125,739.3400268554688,739.6500244140625,268266,0.0,0.0,0.0
2026-07-27 15:30:00-04:00,739.6500244140625,739.8499755859375,739.469970703125,739.5700073242188,448729,0.0,0.0,0.0
2026-07-27 15:35:00-04:00,739.5499877929688,739.6900024414062,738.9199829101562,738.989990234375,650122,0.0,0.0,0.0
2026-07-27 15:40:00-04:00,738.989990234375,739.2199096679688,738.8200073242188,738.969970703125,627623,0.0,0.0,0.0
2026-07-27 15:45:00-04:00,738.9600219726562,739.0700073242188,738.6199951171875,739.0399780273438,1084314,0.0,0.0,0.0
2026-07-27 15:50:00-04:00,739.0499877929688,739.22998046875,738.5823974609375,738.77001953125,1543745,0.0,0.0,0.0
2026-07-27 15:55:00-04:00,738.77001953125,739.1099853515625,738.5,739.02001953125,4015323,0.0,0.0,0.0
2026-07-28 09:30:00-04:00,739.1900024414062,739.47998046875,738.030029296875,738.155029296875,2837977,0.0,0.0,0.0
2026-07-28 09:35:00-04:00,738.1599731445312,739.0650024414062,737.760009765625,737.7899780273438,824055,0.0,0.0,0.0
2026-07-28 09:40:00-04:00,737.7899780273438,738.3400268554688,736.5599975585938,737.0499877929688,1041103,0.0,0.0,0.0
2026-07-28 09:45:00-04:00,737.0499877929688,737.6099853515625,735.97998046875,737.530029296875,893500,0.0,0.0,0.0
2026-07-28 09:50:00-04:00,737.530029296875,738.1749877929688,736.72998046875,737.0598754882812,748968,0.0,0.0,0.0
2026-07-28 09:55:00-04:00,737.0399780273438,737.25,736.1599731445312,736.5,520934,0.0,0.0,0.0
2026-07-28 10:00:00-04:00,736.489990234375,737.7100219726562,736.4500122070312,737.260009765625,402300,0.0,0.0,0.0
2026-07-28 10:05:00-04:00,737.239990234375,738.2150268554688,736.8800048828125,737.0900268554688,500278,0.0,0.0,0.0
2026-07-28 10:10:00-04:00,737.0399780273438,737.8099975585938,736.27001953125,736.5900268554688,454557,0.0,0.0,0.0
2026-07-28 10:15:00-04:00,736.6099853515625,737.1599731445312,736.4400024414062,736.6099853515625,789147,0.0,0.0,0.0
2026-07-28 10:20:00-04:00,736.6300048828125,737.8779907226562,736.3699951171875,737.3049926757812,483313,0.0,0.0,0.0
2026-07-28 10:25:00-04:00,737.3099975585938,737.75,737.1500244140625,737.7000122070312,463346,0.0,0.0,0.0
2026-07-28 10:30:00-04:00,737.719970703125,738.0,737.2100219726562,737.2449951171875,548219,0.0,0.0,0.0
2026-07-28 10:35:00-04:00,737.239990234375,738.6199951171875,737.1500244140625,737.530029296875,535883,0.0,0.0,0.0
2026-07-28 10:40:00-04:00,737.5399780273438,738.6099853515625,737.4000244140625,738.27001953125,676154,0.0,0.0,0.0
2026-07-28 10:45:00-04:00,738.25,739.4099731445312,737.8599853515625,739.3099975585938,660577,0.0,0.0,0.0
2026-07-28 10:50:00-04:00,739.2999877929688,739.7849731445312,739.1500244140625,739.4199829101562,626397,0.0,0.0,0.0
2026-07-28 10:55:00-04:00,739.4299926757812,739.8200073242188,738.5800170898438,738.6400146484375,364229,0.0,0.0,0.0
2026-07-28 11:00:00-04:00,738.7000122070312,739.1799926757812,738.1400146484375,738.1500244140625,677367,0.0,0.0,0.0
2026-07-28 11:05:00-04:00,738.1599731445312,738.8400268554688,738.010009765625,738.7999877929688,254071,0.0,0.0,0.0
2026-07-28 11:10:00-04:00,738.77001953125,739.7100219726562,738.4600219726562,739.3400268554688,420180,0.0,0.0,0.0
2026-07-28 11:15:00-04:00,739.3800048828125,740.5700073242188,739.1901245117188,740.5700073242188,658227,0.0,0.0,0.0
2026-07-28 11:20:00-04:00,740.5700073242188,741.3800048828125,740.5449829101562,741.3800048828125,702554,0.0,0.0,0.0
2026-07-28 11:25:00-04:00,741.3599853515625,741.9000244140625,741.0399780273438,741.2000122070312,664777,0.0,0.0,0.0
2026-07-28 11:30:00-04:00,741.1699829101562,741.47998046875,740.9910278320312,741.25,233448,0.0,0.0,0.0
2026-07-28 11:35:00-04:00,741.3099975585938,741.9000244140625,741.239990234375,741.6199951171875,249016,0.0,0.0,0.0
2026-07-28 11:40:00-04:00,741.5999755859375,742.0900268554688,741.4199829101562,742.0700073242188,288552,0.0,0.0,0.0
2026-07-28 11:45:00-04:00,742.0700073242188,742.4500122070312,741.9600219726562,742.3200073242188,347047,0.0,0.0,0.0
2026-07-28 11:50:00-04:00,742.3200073242188,742.4099731445312,741.7899780273438,742.0599975585938,326561,0.0,0.0,0.0
2026-07-28 11:55:00-04:00,742.0700073242188,742.3900146484375,741.7999877929688,742.2150268554688,198277,0.0,0.0,0.0
2026-07-28 12:00:00-04:00,742.2050170898438,742.3499755859375,741.9400024414062,742.02001953125,433367,0.0,0.0,0.0
2026-07-28 12:05:00-04:00,742.02001953125,742.2000122070312,741.5599975585938,741.5700073242188,298787,0.0,0.0,0.0
2026-07-28 12:10:00-04:00,741.5700073242188,741.8400268554688,741.47998046875,741.6199951171875,270948,0.0,0.0,0.0
2026-07-28 12:15:00-04:00,741.6099853515625,741.9199829101562,741.3200073242188,741.9000244140625,244630,0.0,0.0,0.0
2026-07-28 12:20:00-04:00,741.9080200195312,742.0900268554688,741.3099975585938,741.489990234375,209637,0.0,0.0,0.0
2026-07-28 12:25:00-04:00,741.47998046875,741.5999755859375,741.2100219726562,741.2100219726562,176750,0.0,0.0,0.0
2026-07-28 12:30:00-04:00,741.22998046875,741.3900146484375,740.9199829101562,741.1099853515625,180477,0.0,0.0,0.0
2026-07-28 12:35:00-04:00,741.1199951171875,741.7999877929688,741.0800170898438,741.7799072265625,173601,0.0,0.0,0.0
2026-07-28 12:40:00-04:00,741.780029296875,742.1500244140625,741.7100219726562,741.9400024414062,353730,0.0,0.0,0.0
2026-07-28 12:45:00-04:00,741.9400024414062,742.0800170898438,741.3900146484375,741.7899780273438,309539,0.0,0.0,0.0
2026-07-28 12:50:00-04:00,741.7899780273438,742.6599731445312,741.760009765625,742.6099853515625,383824,0.0,0.0,0.0
2026-07-28 12:55:00-04:00,742.6199951171875,742.7901000976562,742.47998046875,742.6099853515625,167506,0.0,0.0,0.0
2026-07-28 13:00:00-04:00,742.6099853515625,742.780029296875,742.0850219726562,742.1400146484375,297007,0.0,0.0,0.0
2026-07-28 13:05:00-04:00,742.1500244140625,742.3200073242188,741.4500122070312,741.5299072265625,228247,0.0,0.0,0.0
2026-07-28 13:10:00-04:00,741.5,741.8200073242188,741.1799926757812,741.3400268554688,343721,0.0,0.0,0.0
2026-07-28 13:15:00-04:00,741.3350219726562,741.530029296875,741.0800170898438,741.3099975585938,175637,0.0,0.0,0.0
2026-07-28 13:20:00-04:00,741.3200073242188,742.1900024414062,741.2100219726562,741.3499755859375,357005,0.0,0.0,0.0
2026-07-28 13:25:00-04:00,741.3350219726562,741.719970703125,741.1300048828125,741.3099975585938,124272,0.0,0.0,0.0
2026-07-28 13:30:00-04:00,741.2999877929688,741.8300170898438,741.1099853515625,741.7000122070312,189957,0.0,0.0,0.0
2026-07-28 13:35:00-04:00,741.719970703125,741.9199829101562,741.3400268554688,741.4000244140625,125230,0.0,0.0,0.0
2026-07-28 13:40:00-04:00,741.3800048828125,741.6599731445312,740.6500244140625,740.7999877929688,323917,0.0,0.0,0.0
2026-07-28 13:45:00-04:00,740.7949829101562,741.3900146484375,740.6400146484375,741.2999877929688,273765,0.0,0.0,0.0
2026-07-28 13:50:00-04:00,741.2849731445312,741.2849731445312,740.6799926757812,740.7609252929688,136456,0.0,0.0,0.0
2026-07-28 13:55:00-04:00,740.739990234375,741.219970703125,740.510009765625,741.1900024414062,222469,0.0,0.0,0.0
2026-07-28 14:00:00-04:00,741.2000122070312,741.52001953125,741.010009765625,741.22998046875,273418,0.0,0.0,0.0
2026-07-28 14:05:00-04:00,741.2000122070312,741.2899780273438,740.739990234375,740.8499755859375,233917,0.0,0.0,0.0
2026-07-28 14:10:00-04:00,740.8499755859375,740.9318237304688,740.4199829101562,740.4550170898438,380289,0.0,0.0,0.0
2026-07-28 14:15:00-04:00,740.4600219726562,740.844970703125,740.4299926757812,740.760009765625,292465,0.0,0.0,0.0
2026-07-28 14:20:00-04:00,740.75,740.9600219726562,740.510009765625,740.5401000976562,165059,0.0,0.0,0.0
2026-07-28 14:25:00-04:00,740.5499877929688,740.6900024414062,740.4299926757812,740.5900268554688,250657,0.0,0.0,0.0
2026-07-28 14:30:00-04:00,740.5900268554688,741.0499877929688,740.5,740.9349975585938,265820,0.0,0.0,0.0
2026-07-28 14:35:00-04:00,740.9049072265625,741.1199951171875,740.739990234375,740.8200073242188,170009,0.0,0.0,0.0
2026-07-28 14:40:00-04:00,740.8400268554688,740.8800048828125,740.5499877929688,740.77001953125,255894,0.0,0.0,0.0
2026-07-28 14:45:00-04:00,740.7899780273438,741.4099731445312,740.6900024414062,741.25,338437,0.0,0.0,0.0
2026-07-28 14:50:00-04:00,741.25,741.52001953125,741.1500244140625,741.25,229256,0.0,0.0,0.0
2026-07-28 14:55:00-04:00,741.25,741.614990234375,741.0700073242188,741.4500122070312,237145,0.0,0.0,0.0
2026-07-28 15:00:00-04:00,741.4500122070312,741.9600219726562,741.4299926757812,741.9099731445312,375364,0.0,0.0,0.0
2026-07-28 15:05:00-04:00,741.8800048828125,741.9550170898438,741.3900146484375,741.4199829101562,1364659,0.0,0.0,0.0
2026-07-28 15:10:00-04:00,741.4299926757812,741.6500244140625,741.3300170898438,741.469970703125,221720,0.0,0.0,0.0
2026-07-28 15:15:00-04:00,741.4600219726562,741.719970703125,741.3099975585938,741.64990234375,345562,0.0,0.0,0.0
2026-07-28 15:20:00-04:00,741.6199951171875,741.8400268554688,741.530029296875,741.8099975585938,1094845,0.0,0.0,0.0
2026-07-28 15:25:00-04:00,741.8200073242188,741.8499755859375,741.3499755859375,741.7000122070312,398036,0.0,0.0,0.0
2026-07-28 15:30:00-04:00,741.7100219726562,741.72998046875,741.4600219726562,741.532470703125,690086,0.0,0.0,0.0
2026-07-28 15:35:00-04:00,741.530029296875,741.5549926757812,740.9299926757812,741.010009765625,391016,0.0,0.0,0.0
2026-07-28 15:40:00-04:00,741.010009765625,741.3099975585938,740.989990234375,741.2999877929688,476767,0.0,0.0,0.0
2026-07-28 15:45:00-04:00,741.2999877929688,741.3400268554688,740.8900146484375,741.1099853515625,919399,0.0,0.0,0.0
2026-07-28 15:50:00-04:00,741.0999755859375,741.6699829101562,740.8499755859375,741.6400146484375,1198938,0.0,0.0,0.0
2026-07-28 15:55:00-04:00,741.6300048828125,741.6300048828125,740.4299926757812,740.760009765625,5045104,0.0,0.0,0.0
2026-07-29 09:30:00-04:00,739.969970703125,740.3900146484375,738.719970703125,740.030029296875,2005035,0.0,0.0,0.0
2026-07-29 09:35:00-04:00,740.02001953125,740.239990234375,739.1749877929688,739.9000244140625,395710,0.0,0.0,0.0
2026-07-29 09:40:00-04:00,739.8900146484375,740.0399780273438,739.3200073242188,739.6799926757812,838844,0.0,0.0,0.0
2026-07-29 09:45:00-04:00,739.6599731445312,740.219970703125,738.8800048828125,739.155029296875,525174,0.0,0.0,0.0
2026-07-29 09:50:00-04:00,739.1599731445312,739.2100219726562,737.4299926757812,737.8099975585938,613806,0.0,0.0,0.0
2026-07-29 09:55:00-04:00,737.780029296875,737.780029296875,736.6099853515625,737.3599853515625,627156,0.0,0.0,0.0
2026-07-29 10:00:00-04:00,737.4299926757812,738.0900268554688,737.3499755859375,737.7999877929688,917628,0.0,0.0,0.0
2026-07-29 10:05:00-04:00,737.7849731445312,738.3300170898438,736.7100219726562,736.8099975585938,415704,0.0,0.0,0.0
2026-07-29 10:10:00-04:00,736.780029296875,737.0399780273438,735.0401000976562,735.4099731445312,727128,0.0,0.0,0.0
2026-07-29 10:15:00-04:00,735.4099731445312,736.27001953125,735.3599853515625,735.8900146484375,540169,0.0,0.0,0.0
2026-07-29 10:20:00-04:00,735.8900146484375,736.469970703125,735.3099975585938,735.489990234375,520529,0.0,0.0,0.0
2026-07-29 10:25:00-04:00,735.469970703125,735.52001953125,734.260009765625,734.9199829101562,838779,0.0,0.0,0.0
2026-07-29 10:30:00-04:00,734.9099731445312,735.8400268554688,734.8099975585938,735.3200073242188,86016,0.0,0.0,0.0
2026-07-29 10:35:00-04:00,735.3200073242188,735.4600219726562,734.6599731445312,734.8099975585938,657612,0.0,0.0,0.0
2026-07-29 10:40:00-04:00,734.780029296875,734.7999877929688,733.7899780273438,734.219970703125,577499,0.0,0.0,0.0
2026-07-29 10:45:00-04:00,734.2100219726562,734.7899780273438,733.8900146484375,734.4299926757812,442505,0.0,0.0,0.0
2026-07-29 10:50:00-04:00,734.4249877929688,735.3400268554688,734.260009765625,735.030029296875,479301,0.0,0.0,0.0
2026-07-29 10:55:00-04:00,735.02001953125,735.0900268554688,734.27001953125,734.8200073242188,281205,0.0,0.0,0.0
2026-07-29 11:00:00-04:00,734.8200073242188,735.54931640625,734.4299926757812,735.3200073242188,373832,0.0,0.0,0.0
2026-07-29 11:05:00-04:00,735.3200073242188,735.6190795898438,734.6699829101562,735.5900268554688,345938,0.0,0.0,0.0
2026-07-29 11:10:00-04:00,735.6300048828125,735.6599731445312,734.530029296875,734.6400146484375,354996,0.0,0.0,0.0
2026-07-29 11:15:00-04:00,734.6500244140625,735.489990234375,734.530029296875,734.5599975585938,303515,0.0,0.0,0.0
2026-07-29 11:20:00-04:00,734.5700073242188,735.0499877929688,734.3699951171875,735.02001953125,284631,0.0,0.0,0.0
2026-07-29 11:25:00-04:00,735.010009765625,735.2150268554688,734.3499755859375,734.4403076171875,209233,0.0,0.0,0.0
2026-07-29 11:30:00-04:00,734.4199829101562,734.989990234375,734.280029296875,734.5700073242188,204830,0.0,0.0,0.0
2026-07-29 11:35:00-04:00,734.5800170898438,734.9699096679688,734.030029296875,734.030029296875,232836,0.0,0.0,0.0
2026-07-29 11:40:00-04:00,734.02001953125,734.4199829101562,733.719970703125,733.989990234375,263869,0.0,0.0,0.0
2026-07-29 11:45:00-04:00,733.97998046875,734.469970703125,733.7899780273438,734.4400024414062,217372,0.0,0.0,0.0
2026-07-29 11:50:00-04:00,734.4299926757812,734.5399780273438,733.469970703125,733.47998046875,235884,0.0,0.0,0.0
2026-07-29 11:55:00-04:00,733.510009765625,733.8800048828125,733.02001953125,733.72998046875,406160,0.0,0.0,0.0
2026-07-29 12:00:00-04:00,733.760009765625,734.030029296875,732.739990234375,732.8099975585938,327099,0.0,0.0,0.0
2026-07-29 12:05:00-04:00,732.8400268554688,732.8400268554688,732.219970703125,732.7100219726562,472886,0.0,0.0,0.0
2026-07-29 12:10:00-04:00,732.7000122070312,732.760009765625,732.02001953125,732.02001953125,325022,0.0,0.0,0.0
2026-07-29 12:15:00-04:00,732.02001953125,732.3599853515625,731.72998046875,732.22998046875,660736,0.0,0.0,0.0
2026-07-29 12:20:00-04:00,732.239990234375,733.5999755859375,732.1099853515625,733.3499755859375,399286,0.0,0.0,0.0
2026-07-29 12:25:00-04:00,733.3499755859375,733.9199829101562,733.280029296875,733.8499755859375,356148,0.0,0.0,0.0
2026-07-29 12:30:00-04:00,733.8400268554688,734.3200073242188,733.394775390625,733.394775390625,393943,0.0,0.0,0.0
2026-07-29 12:35:00-04:00,733.4000244140625,733.6799926757812,732.97998046875,733.5700073242188,663020,0.0,0.0,0.0
2026-07-29 12:40:00-04:00,733.5499877929688,733.7100219726562,732.8800048828125,733.2299194335938,303600,0.0,0.0,0.0
2026-07-29 12:45:00-04:00,733.219970703125,733.9600219726562,733.030029296875,733.9299926757812,274572,0.0,0.0,0.0
2026-07-29 12:50:00-04:00,733.9500122070312,734.5,733.7100219726562,734.2899780273438,254201,0.0,0.0,0.0
2026-07-29 12:55:00-04:00,734.260009765625,734.8699951171875,734.1400756835938,734.8699951171875,220409,0.0,0.0,0.0
2026-07-29 13:00:00-04:00,734.8800048828125,735.989990234375,734.739990234375,735.8599853515625,362702,0.0,0.0,0.0
2026-07-29 13:05:00-04:00,735.89501953125,735.9299926757812,735.3400268554688,735.39501953125,353415,0.0,0.0,0.0
2026-07-29 13:10:00-04:00,735.4000244140625,736.6199951171875,735.3300170898438,736.5999755859375,429716,0.0,0.0,0.0
2026-07-29 13:15:00-04:00,736.6099853515625,736.864990234375,736.2949829101562,736.72998046875,384861,0.0,0.0,0.0
2026-07-29 13:20:00-04:00,736.72998046875,737.239990234375,736.2899780273438,736.3400268554688,368551,0.0,0.0,0.0
2026-07-29 13:25:00-04:00,736.3300170898438,736.4600219726562,735.72998046875,735.739990234375,388325,0.0,0.0,0.0
2026-07-29 13:30:00-04:00,735.75,736.3499755859375,735.27001953125,735.8400268554688,374541,0.0,0.0,0.0
2026-07-29 13:35:00-04:00,735.8099975585938,735.969970703125,735.3499755859375,735.6400146484375,222045,0.0,0.0,0.0
2026-07-29 13:40:00-04:00,735.6400146484375,735.9199829101562,735.3900146484375,735.75,231375,0.0,0.0,0.0
2026-07-29 13:45:00-04:00,735.760009765625,736.030029296875,735.3900146484375,735.97802734375,217402,0.0,0.0,0.0
2026-07-29 13:50:00-04:00,735.97998046875,736.4000244140625,735.9500122070312,736.1900024414062,369375,0.0,0.0,0.0
2026-07-29 13:55:00-04:00,736.1900024414062,736.4199829101562,735.6099853515625,736.407470703125,330588,0.0,0.0,0.0
2026-07-29 14:00:00-04:00,736.3699951171875,739.5499877929688,736.3699951171875,738.1400146484375,1893154,0.0,0.0,0.0
2026-07-29 14:05:00-04:00,738.1099853515625,739.0399780273438,737.6799926757812,738.0900268554688,665191,0.0,0.0,0.0
2026-07-29 14:10:00-04:00,738.0599975585938,738.3800048828125,736.9600219726562,737.3900146484375,613643,0.0,0.0,0.0
2026-07-29 14:15:00-04:00,737.4199829101562,738.260009765625,736.8200073242188,737.02001953125,481252,0.0,0.0,0.0
2026-07-29 14:20:00-04:00,737.010009765625,737.1099853515625,736.3182983398438,736.6599731445312,396281,0.0,0.0,0.0
2026-07-29 14:25:00-04:00,736.6900024414062,737.3599853515625,736.4600219726562,737.3099975585938,490315,0.0,0.0,0.0
2026-07-29 14:30:00-04:00,737.3599853515625,738.0800170898438,735.9500122070312,736.9099731445312,834015,0.0,0.0,0.0
2026-07-29 14:35:00-04:00,736.9299926757812,739.2899780273438,736.3400268554688,738.9400024414062,532500,0.0,0.0,0.0
2026-07-29 14:40:00-04:00,738.9345703125,741.02001953125,738.8499755859375,740.719970703125,906270,0.0,0.0,0.0
2026-07-29 14:45:00-04:00,740.719970703125,742.1199951171875,740.469970703125,741.9299926757812,1062438,0.0,0.0,0.0
2026-07-29 14:50:00-04:00,741.9199829101562,742.64501953125,741.27001953125,742.5900268554688,924783,0.0,0.0,0.0
2026-07-29 14:55:00-04:00,742.6099853515625,742.6799926757812,741.5499877929688,741.9500122070312,608207,0.0,0.0,0.0
2026-07-29 15:00:00-04:00,741.9450073242188,742.5900268554688,740.0999755859375,740.5399780273438,862845,0.0,0.0,0.0
2026-07-29 15:05:00-04:00,740.52001953125,740.5599975585938,738.4199829101562,738.4299926757812,878279,0.0,0.0,0.0
2026-07-29 15:10:00-04:00,738.4099731445312,739.25,737.9500122070312,738.91259765625,711858,0.0,0.0,0.0
2026-07-29 15:15:00-04:00,738.89501953125,739.77001953125,737.3800048828125,737.5899047851562,868891,0.0,0.0,0.0
2026-07-29 15:20:00-04:00,737.5900268554688,737.6699829101562,735.3300170898438,735.3699951171875,1214289,0.0,0.0,0.0
2026-07-29 15:25:00-04:00,735.3699951171875,735.7100219726562,734.2805786132812,735.1500244140625,1201050,0.0,0.0,0.0
2026-07-29 15:30:00-04:00,735.2100219726562,735.739990234375,732.6950073242188,733.5899047851562,2836755,0.0,0.0,0.0
2026-07-29 15:35:00-04:00,733.5800170898438,734.02001953125,731.52001953125,731.60498046875,1571024,0.0,0.0,0.0
2026-07-29 15:40:00-04:00,731.594970703125,732.27001953125,730.9000244140625,731.2999877929688,1726730,0.0,0.0,0.0
2026-07-29 15:45:00-04:00,731.2999877929688,732.0900268554688,730.4099731445312,731.909912109375,2456951,0.0,0.0,0.0
2026-07-29 15:50:00-04:00,731.8900146484375,731.8900146484375,730.1699829101562,730.8300170898438,2247582,0.0,0.0,0.0
2026-07-29 15:55:00-04:00,730.8200073242188,730.8200073242188,729.0999755859375,729.5399780273438,8906932,0.0,0.0,0.0
2026-07-30 09:30:00-04:00,736.0499877929688,736.27001953125,734.969970703125,735.4451293945312,3476633,0.0,0.0,0.0
2026-07-30 09:35:00-04:00,735.4400024414062,736.0499877929688,734.97998046875,735.3400268554688,1026329,0.0,0.0,0.0
2026-07-30 09:40:00-04:00,735.3099975585938,736.7899780273438,734.6300048828125,736.39501953125,1100592,0.0,0.0,0.0
2026-07-30 09:45:00-04:00,736.3900146484375,737.4299926757812,736.3499755859375,737.4000244140625,1294931,0.0,0.0,0.0
2026-07-30 09:50:00-04:00,737.3900146484375,738.3640747070312,737.0700073242188,737.8699951171875,1047074,0.0,0.0,0.0
2026-07-30 09:55:00-04:00,737.864990234375,738.6599731445312,737.5900268554688,738.625,963366,0.0,0.0,0.0
2026-07-30 10:00:00-04:00,738.625,738.989990234375,738.0800170898438,738.5800170898438,1379841,0.0,0.0,0.0
2026-07-30 10:05:00-04:00,738.5800170898438,738.905029296875,737.5499877929688,737.7672119140625,792218,0.0,0.0,0.0
2026-07-30 10:10:00-04:00,737.760009765625,738.155029296875,737.4400024414062,737.97998046875,670183,0.0,0.0,0.0
2026-07-30 10:15:00-04:00,737.97998046875,738.47998046875,737.3800048828125,737.7899780273438,539046,0.0,0.0,0.0
2026-07-30 10:20:00-04:00,737.7899780273438,738.5700073242188,737.6199951171875,737.969970703125,489609,0.0,0.0,0.0
2026-07-30 10:25:00-04:00,737.969970703125,739.2999877929688,737.72998046875,738.5797729492188,683208,0.0,0.0,0.0
2026-07-30 10:30:00-04:00,738.6400146484375,738.8800048828125,738.0549926757812,738.3599853515625,817739,0.0,0.0,0.0
2026-07-30 10:35:00-04:00,738.3209838867188,738.9398803710938,738.0371704101562,738.6849975585938,301325,0.0,0.0,0.0
2026-07-30 10:40:00-04:00,738.6900024414062,739.1099853515625,737.6799926757812,737.8400268554688,454847,0.0,0.0,0.0
2026-07-30 10:45:00-04:00,737.8499145507812,738.1500244140625,736.8300170898438,737.219970703125,592163,0.0,0.0,0.0
2026-07-30 10:50:00-04:00,737.219970703125,737.35498046875,736.0850219726562,736.2100219726562,1178122,0.0,0.0,0.0
2026-07-30 10:55:00-04:00,736.2000122070312,736.5700073242188,735.6099243164062,736.22998046875,956670,0.0,0.0,0.0
2026-07-30 11:00:00-04:00,736.22998046875,736.5900268554688,735.260009765625,736.2650146484375,712620,0.0,0.0,0.0
2026-07-30 11:05:00-04:00,736.219970703125,736.8200073242188,735.3900146484375,736.75,702778,0.0,0.0,0.0
2026-07-30 11:10:00-04:00,736.7401123046875,736.77001953125,734.8300170898438,734.8900146484375,633889,0.0,0.0,0.0
2026-07-30 11:15:00-04:00,734.8699951171875,735.72998046875,734.5900268554688,735.469970703125,615652,0.0,0.0,0.0
2026-07-30 11:20:00-04:00,735.47998046875,736.1649780273438,735.2100219726562,735.4299926757812,514103,0.0,0.0,0.0
2026-07-30 11:25:00-04:00,735.4249877929688,735.8200073242188,734.6300048828125,734.7999877929688,560256,0.0,0.0,0.0
2026-07-30 11:30:00-04:00,734.8400268554688,736.0800170898438,734.6799926757812,736.0800170898438,392420,0.0,0.0,0.0
2026-07-30 11:35:00-04:00,736.0900268554688,736.4600219726562,735.4500122070312,735.9299926757812,333094,0.0,0.0,0.0
2026-07-30 11:40:00-04:00,735.9199829101562,736.969970703125,735.780029296875,736.6229858398438,399337,0.0,0.0,0.0
2026-07-30 11:45:00-04:00,736.6500244140625,737.3200073242188,736.6500244140625,737.0750122070312,815781,0.0,0.0,0.0
2026-07-30 11:50:00-04:00,737.0800170898438,737.25,736.3800048828125,737.22998046875,524660,0.0,0.0,0.0
2026-07-30 11:55:00-04:00,737.22998046875,737.6699829101562,737.0601196289062,737.1300048828125,590600,0.0,0.0,0.0
2026-07-30 12:00:00-04:00,737.1500244140625,738.345703125,736.8699951171875,738.280029296875,768816,0.0,0.0,0.0
2026-07-30 12:05:00-04:00,738.27001953125,738.4299926757812,737.8800048828125,738.1900024414062,385370,0.0,0.0,0.0
2026-07-30 12:10:00-04:00,738.1799926757812,738.97998046875,738.1300048828125,738.864990234375,745890,0.0,0.0,0.0
2026-07-30 12:15:00-04:00,738.8699951171875,739.219970703125,738.8200073242188,738.9500122070312,285061,0.0,0.0,0.0
2026-07-30 12:20:00-04:00,738.9500122070312,739.1300048828125,738.5800170898438,738.6649780273438,409762,0.0,0.0,0.0
2026-07-30 12:25:00-04:00,738.6500244140625,738.969970703125,738.5402221679688,738.760009765625,208936,0.0,0.0,0.0
2026-07-30 12:30:00-04:00,738.77001953125,738.8900146484375,738.3599853515625,738.739990234375,308487,0.0,0.0,0.0
2026-07-30 12:35:00-04:00,738.7650146484375,739.0499877929688,738.4807739257812,738.510009765625,232896,0.0,0.0,0.0
2026-07-30 12:40:00-04:00,738.510009765625,738.5449829101562,737.7550048828125,738.030029296875,409450,0.0,0.0,0.0
2026-07-30 12:45:00-04:00,738.0399780273438,738.75,738.0,738.5599975585938,291951,0.0,0.0,0.0
2026-07-30 12:50:00-04:00,738.5900268554688,739.1699829101562,738.27001953125,738.969970703125,254477,0.0,0.0,0.0
2026-07-30 12:55:00-04:00,738.969970703125,739.1699829101562,738.7800903320312,738.9849853515625,203497,0.0,0.0,0.0
2026-07-30 13:00:00-04:00,738.97998046875,740.0499877929688,738.9799194335938,739.9500122070312,534185,0.0,0.0,0.0
2026-07-30 13:05:00-04:00,739.9600219726562,740.1300048828125,739.6195068359375,739.780029296875,327734,0.0,0.0,0.0
2026-07-30 13:10:00-04:00,739.7899780273438,739.989990234375,739.530029296875,739.7000122070312,579955,0.0,0.0,0.0
2026-07-30 13:15:00-04:00,739.7000122070312,740.239990234375,739.6400146484375,740.1799926757812,240039,0.0,0.0,0.0
2026-07-30 13:20:00-04:00,740.1699829101562,740.1799926757812,739.76123046875,739.97998046875,232907,0.0,0.0,0.0
2026-07-30 13:25:00-04:00,739.9600219726562,739.989990234375,739.6500244140625,739.760009765625,463383,0.0,0.0,0.0
2026-07-30 13:30:00-04:00,739.7650146484375,740.010009765625,739.3800048828125,739.530029296875,320664,0.0,0.0,0.0
2026-07-30 13:35:00-04:00,739.5399780273438,739.9299926757812,739.1900024414062,739.2999877929688,482773,0.0,0.0,0.0
2026-07-30 13:40:00-04:00,739.3499755859375,740.1599731445312,739.3499755859375,739.9099731445312,439077,0.0,0.0,0.0
2026-07-30 13:45:00-04:00,739.9099731445312,740.1599731445312,739.8599853515625,739.8703002929688,460648,0.0,0.0,0.0
2026-07-30 13:50:00-04:00,739.8699951171875,740.3800048828125,739.8200073242188,739.8699951171875,264502,0.0,0.0,0.0
2026-07-30 13:55:00-04:00,739.8599853515625,739.989990234375,739.6511840820312,739.780029296875,174042,0.0,0.0,0.0
2026-07-30 14:00:00-04:00,739.7849731445312,740.2999877929688,739.719970703125,739.760009765625,587491,0.0,0.0,0.0
2026-07-30 14:05:00-04:00,739.739990234375,740.219970703125,739.7050170898438,740.0850219726562,350183,0.0,0.0,0.0
2026-07-30 14:10:00-04:00,740.1199951171875,740.2999877929688,739.97998046875,740.2000122070312,379776,0.0,0.0,0.0
2026-07-30 14:15:00-04:00,740.219970703125,740.3599853515625,740.0599975585938,740.1699829101562,258804,0.0,0.0,0.0
2026-07-30 14:20:00-04:00,740.1500244140625,740.4400024414062,740.0599975585938,740.3099975585938,271499,0.0,0.0,0.0
2026-07-30 14:25:00-04:00,740.2999877929688,740.4099731445312,740.1199951171875,740.3800048828125,220586,0.0,0.0,0.0
2026-07-30 14:30:00-04:00,740.4000244140625,740.5900268554688,740.2000122070312,740.3200073242188,461007,0.0,0.0,0.0
2026-07-30 14:35:00-04:00,740.3099975585938,740.3800048828125,740.030029296875,740.1199951171875,362920,0.0,0.0,0.0
2026-07-30 14:40:00-04:00,740.1099853515625,740.3900146484375,740.072509765625,740.3300170898438,447102,0.0,0.0,0.0
2026-07-30 14:45:00-04:00,740.3400268554688,740.5800170898438,740.3099975585938,740.510009765625,286530,0.0,0.0,0.0
2026-07-30 14:50:00-04:00,740.5,740.6900024414062,740.3900146484375,740.5,396608,0.0,0.0,0.0
2026-07-30 14:55:00-04:00,740.489990234375,740.8300170898438,740.3900146484375,740.77001953125,300577,0.0,0.0,0.0
2026-07-30 15:00:00-04:00,740.75,741.35498046875,740.739990234375,741.2150268554688,486213,0.0,0.0,0.0
2026-07-30 15:05:00-04:00,741.22998046875,741.8099975585938,741.1400146484375,741.7750244140625,587863,0.0,0.0,0.0
2026-07-30 15:10:00-04:00,741.780029296875,742.2999877929688,741.760009765625,742.0700073242188,562828,0.0,0.0,0.0
2026-07-30 15:15:00-04:00,742.0599975585938,742.4500122070312,741.8099975585938,742.2899780273438,459565,0.0,0.0,0.0
2026-07-30 15:20:00-04:00,742.3095703125,742.3099975585938,741.9600219726562,742.0399780273438,853964,0.0,0.0,0.0
2026-07-30 15:25:00-04:00,742.030029296875,742.2100219726562,741.739990234375,741.780029296875,539449,0.0,0.0,0.0
2026-07-30 15:30:00-04:00,741.77001953125,741.989990234375,741.6500244140625,741.7650146484375,573565,0.0,0.0,0.0
2026-07-30 15:35:00-04:00,741.77001953125,741.9000244140625,741.4299926757812,741.72998046875,1137061,0.0,0.0,0.0
2026-07-30 15:40:00-04:00,741.72998046875,741.9099731445312,741.52001953125,741.7899780273438,840977,0.0,0.0,0.0
2026-07-30 15:45:00-04:00,741.7999877929688,741.8800048828125,741.3099975585938,741.6099853515625,2424614,0.0,0.0,0.0
2026-07-30 15:50:00-04:00,741.5900268554688,741.6500244140625,741.1400146484375,741.3900146484375,2223414,0.0,0.0,0.0
2026-07-30 15:55:00-04:00,741.4099731445312,742.0999755859375,741.0,741.72998046875,5384123,0.0,0.0,0.0
2026-07-31 09:30:00-04:00,744.6799926757812,746.301025390625,744.5800170898438,746.0,2361327,0.0,0.0,0.0
2026-07-31 09:35:00-04:00,745.97998046875,746.260009765625,744.1099853515625,744.1220092773438,1141953,0.0,0.0,0.0
2026-07-31 09:40:00-04:00,744.1300048828125,744.2100219726562,742.8400268554688,743.0999755859375,1343432,0.0,0.0,0.0
2026-07-31 09:45:00-04:00,743.0999755859375,743.5999755859375,741.989990234375,742.2750244140625,1072726,0.0,0.0,0.0
2026-07-31 09:50:00-04:00,742.2849731445312,742.6799926757812,741.5499877929688,742.0,928049,0.0,0.0,0.0
2026-07-31 09:55:00-04:00,742.010009765625,742.8300170898438,741.6900024414062,741.9400024414062,719610,0.0,0.0,0.0
2026-07-31 10:00:00-04:00,741.9400024414062,742.364990234375,740.2899780273438,740.322509765625,846677,0.0,0.0,0.0
2026-07-31 10:05:00-04:00,740.2949829101562,740.75,738.4299926757812,739.1400146484375,1217952,0.0,0.0,0.0
2026-07-31 10:10:00-04:00,739.1500244140625,739.3900146484375,737.969970703125,738.47802734375,1280307,0.0,0.0,0.0
2026-07-31 10:15:00-04:00,738.469970703125,739.5,737.6799926757812,738.6300048828125,1235745,0.0,0.0,0.0
2026-07-31 10:20:00-04:00,738.6099853515625,740.1199951171875,738.3800048828125,739.510009765625,945580,0.0,0.0,0.0
2026-07-31 10:25:00-04:00,739.510009765625,740.5700073242188,739.280029296875,740.489990234375,755236,0.0,0.0,0.0
2026-07-31 10:30:00-04:00,740.47998046875,741.1799926757812,740.1300048828125,740.489990234375,679280,0.0,0.0,0.0
2026-07-31 10:35:00-04:00,740.47998046875,741.4099731445312,740.4500122070312,741.2249755859375,539441,0.0,0.0,0.0
2026-07-31 10:40:00-04:00,741.2100219726562,741.6599731445312,740.5800170898438,741.625,505040,0.0,0.0,0.0
2026-07-31 10:45:00-04:00,741.5999755859375,742.4970092773438,741.4400024414062,742.4229125976562,562833,0.0,0.0,0.0
2026-07-31 10:50:00-04:00,742.4199829101562,742.9500122070312,742.0488891601562,742.1900024414062,528639,0.0,0.0,0.0
2026-07-31 10:55:00-04:00,742.1900024414062,742.6900024414062,741.510009765625,742.5,410682,0.0,0.0,0.0
2026-07-31 11:00:00-04:00,742.530029296875,742.7050170898438,741.760009765625,742.5050048828125,325179,0.0,0.0,0.0
2026-07-31 11:05:00-04:00,742.5200805664062,742.8200073242188,741.4600219726562,741.8300170898438,379746,0.0,0.0,0.0
2026-07-31 11:10:00-04:00,741.8400268554688,742.489990234375,741.1237182617188,742.1500244140625,315476,0.0,0.0,0.0
2026-07-31 11:15:00-04:00,742.1400146484375,743.0999755859375,741.510009765625,741.9500122070312,388881,0.0,0.0,0.0
2026-07-31 11:20:00-04:00,741.9199829101562,742.1699829101562,741.0,741.0800170898438,387515,0.0,0.0,0.0
2026-07-31 11:25:00-04:00,741.02001953125,741.211181640625,740.0900268554688,740.2999877929688,606756,0.0,0.0,0.0
2026-07-31 11:30:00-04:00,740.2899780273438,741.0,739.8099975585938,740.739990234375,471108,0.0,0.0,0.0
2026-07-31 11:35:00-04:00,740.75,742.3350219726562,740.6799926757812,742.0650024414062,665735,0.0,0.0,0.0
2026-07-31 11:40:00-04:00,742.0599975585938,742.3400268554688,740.9700927734375,741.8200073242188,268217,0.0,0.0,0.0
2026-07-31 11:45:00-04:00,741.8300170898438,741.97998046875,741.10498046875,741.4299926757812,257942,0.0,0.0,0.0
2026-07-31 11:50:00-04:00,741.4199829101562,742.9400024414062,741.2899780273438,742.8049926757812,322510,0.0,0.0,0.0
2026-07-31 11:55:00-04:00,742.780029296875,743.3300170898438,742.5499877929688,743.0908203125,412576,0.0,0.0,0.0
2026-07-31 12:00:00-04:00,743.0900268554688,743.5599975585938,742.9199829101562,743.25,378058,0.0,0.0,0.0
2026-07-31 12:05:00-04:00,743.239990234375,743.3900146484375,742.4600219726562,743.0399780273438,495945,0.0,0.0,0.0
2026-07-31 12:10:00-04:00,743.0449829101562,743.6599731445312,743.0,743.5499877929688,393988,0.0,0.0,0.0
2026-07-31 12:15:00-04:00,743.52001953125,743.5999755859375,742.780029296875,743.3049926757812,277585,0.0,0.0,0.0
2026-07-31 12:20:00-04:00,743.2899780273438,744.4299926757812,743.25,744.285888671875,397448,0.0,0.0,0.0
2026-07-31 12:25:00-04:00,744.2899780273438,744.4199829101562,743.7999877929688,744.4199829101562,244371,0.0,0.0,0.0
2026-07-31 12:30:00-04:00,744.4299926757812,744.8298950195312,744.280029296875,744.780029296875,373165,0.0,0.0,0.0
2026-07-31 12:35:00-04:00,744.780029296875,745.030029296875,744.3499755859375,744.5499877929688,308507,0.0,0.0,0.0
2026-07-31 12:40:00-04:00,744.530029296875,744.77001953125,744.0900268554688,744.1699829101562,269195,0.0,0.0,0.0
2026-07-31 12:45:00-04:00,744.1599731445312,744.5999755859375,743.989990234375,744.530029296875,238591,0.0,0.0,0.0
2026-07-31 12:50:00-04:00,744.5700073242188,745.02001953125,744.4299926757812,744.592529296875,216358,0.0,0.0,0.0
2026-07-31 12:55:00-04:00,744.5800170898438,744.8599853515625,744.5250244140625,744.6199951171875,193880,0.0,0.0,0.0
2026-07-31 13:00:00-04:00,744.6199951171875,745.3060302734375,744.5,745.0599975585938,387170,0.0,0.0,0.0
2026-07-31 13:05:00-04:00,745.030029296875,745.260009765625,744.5499877929688,744.8099975585938,268677,0.0,0.0,0.0
2026-07-31 13:10:00-04:00,744.7899780273438,745.2899780273438,744.6300048828125,745.2249755859375,478960,0.0,0.0,0.0
2026-07-31 13:15:00-04:00,745.219970703125,745.510009765625,745.0999755859375,745.4500122070312,259359,0.0,0.0,0.0
2026-07-31 13:20:00-04:00,745.4400024414062,746.0999755859375,745.2000122070312,746.0399780273438,354634,0.0,0.0,0.0
2026-07-31 13:25:00-04:00,746.0399780273438,746.4000244140625,745.9099731445312,746.2899780273438,724209,0.0,0.0,0.0
2026-07-31 13:30:00-04:00,746.2999877929688,746.4400024414062,746.0599975585938,746.364990234375,349311,0.0,0.0,0.0
2026-07-31 13:35:00-04:00,746.3499755859375,746.5,745.75,745.7899169921875,541313,0.0,0.0,0.0
2026-07-31 13:40:00-04:00,745.77001953125,746.030029296875,745.6099853515625,745.842529296875,340151,0.0,0.0,0.0
2026-07-31 13:45:00-04:00,745.8599853515625,746.1099853515625,745.22998046875,745.2899780273438,772408,0.0,0.0,0.0
2026-07-31 13:50:00-04:00,745.27001953125,745.8599853515625,745.1900024414062,745.5900268554688,350266,0.0,0.0,0.0
2026-07-31 13:55:00-04:00,745.5850219726562,745.77001953125,745.4099731445312,745.4400024414062,278582,0.0,0.0,0.0
2026-07-31 14:00:00-04:00,745.4400024414062,746.0198974609375,745.2949829101562,745.6400146484375,421654,0.0,0.0,0.0
2026-07-31 14:05:00-04:00,745.6400146484375,746.0399780273438,745.469970703125,745.8900146484375,275172,0.0,0.0,0.0
2026-07-31 14:10:00-04:00,745.8900146484375,746.030029296875,745.52001953125,745.719970703125,241354,0.0,0.0,0.0
2026-07-31 14:15:00-04:00,745.6900024414062,746.260009765625,745.6300048828125,746.0850219726562,322018,0.0,0.0,0.0
2026-07-31 14:20:00-04:00,746.0800170898438,746.4299926757812,746.010009765625,746.3300170898438,391030,0.0,0.0,0.0
2026-07-31 14:25:00-04:00,746.3400268554688,746.3599853515625,745.9099731445312,746.010009765625,1032930,0.0,0.0,0.0
2026-07-31 14:30:00-04:00,746.0399780273438,746.2750244140625,746.030029296875,746.0900268554688,295203,0.0,0.0,0.0
2026-07-31 14:35:00-04:00,746.0700073242188,746.0999755859375,745.75,745.8200073242188,588344,0.0,0.0,0.0
2026-07-31 14:40:00-04:00,745.8099975585938,746.1799926757812,745.6699829101562,746.0650024414062,397597,0.0,0.0,0.0
2026-07-31 14:45:00-04:00,746.0800170898438,746.3699951171875,745.9199829101562,746.3400268554688,442739,0.0,0.0,0.0
2026-07-31 14:50:00-04:00,746.3300170898438,746.5399780273438,746.1900024414062,746.239990234375,498599,0.0,0.0,0.0
2026-07-31 14:55:00-04:00,746.239990234375,746.3699951171875,745.9000244140625,746.155029296875,435798,0.0,0.0,0.0
2026-07-31 15:00:00-04:00,746.1400146484375,746.5700073242188,745.8800048828125,745.8800048828125,384081,0.0,0.0,0.0
2026-07-31 15:05:00-04:00,745.9199829101562,746.239990234375,745.7899780273438,746.1599731445312,540213,0.0,0.0,0.0
2026-07-31 15:10:00-04:00,746.1599731445312,746.530029296875,746.1199951171875,746.3300170898438,628266,0.0,0.0,0.0
2026-07-31 15:15:00-04:00,746.3250122070312,747.5549926757812,746.260009765625,747.52001953125,1294128,0.0,0.0,0.0
2026-07-31 15:20:00-04:00,747.52001953125,747.9199829101562,747.4099731445312,747.4949951171875,1001378,0.0,0.0,0.0
2026-07-31 15:25:00-04:00,747.489990234375,747.6699829101562,747.3300170898438,747.489990234375,1336398,0.0,0.0,0.0
2026-07-31 15:30:00-04:00,747.489990234375,747.510009765625,746.8699951171875,747.1699829101562,952697,0.0,0.0,0.0
2026-07-31 15:35:00-04:00,747.1799926757812,747.64501953125,747.1500244140625,747.5599975585938,974739,0.0,0.0,0.0
2026-07-31 15:40:00-04:00,747.5399780273438,748.1099853515625,747.2999877929688,748.094970703125,1014375,0.0,0.0,0.0
2026-07-31 15:45:00-04:00,748.0999755859375,748.510009765625,748.0700073242188,748.5,1566180,0.0,0.0,0.0
2026-07-31 15:50:00-04:00,748.489990234375,748.89501953125,747.8400268554688,748.594970703125,1539906,0.0,0.0,0.0
2026-07-31 15:55:00-04:00,748.5800170898438,748.6900024414062,746.3400268554688,746.8099975585938,4267686,0.0,0.0,0.0
2026-08-03 09:30:00-04:00,749.4400024414062,751.3200073242188,749.0999755859375,750.780029296875,2814090,0.0,0.0,0.0
2026-08-03 09:35:00-04:00,750.760009765625,751.9400024414062,750.739990234375,751.719970703125,1182383,0.0,0.0,0.0
2026-08-03 09:40:00-04:00,751.7000122070312,751.8300170898438,750.969970703125,751.5800170898438,779930,0.0,0.0,0.0
2026-08-03 09:45:00-04:00,751.5900268554688,752.3300170898438,751.3699951171875,751.9099731445312,989041,0.0,0.0,0.0
2026-08-03 09:50:00-04:00,751.9199829101562,752.9500122070312,751.5999755859375,752.760009765625,1051955,0.0,0.0,0.0
2026-08-03 09:55:00-04:00,752.7650146484375,753.638671875,752.6500854492188,753.5999755859375,865548,0.0,0.0,0.0
2026-08-03 10:00:00-04:00,753.6199951171875,753.9500122070312,753.0,753.4099731445312,687378,0.0,0.0,0.0
2026-08-03 10:05:00-04:00,753.4099731445312,753.6400146484375,753.1699829101562,753.5800170898438,569103,0.0,0.0,0.0
2026-08-03 10:10:00-04:00,753.5701293945312,754.0499877929688,753.5499877929688,753.9000244140625,756162,0.0,0.0,0.0
2026-08-03 10:15:00-04:00,753.8900146484375,754.5399780273438,753.8300170898438,754.1826782226562,705702,0.0,0.0,0.0
2026-08-03 10:20:00-04:00,754.1900024414062,754.780029296875,754.1599731445312,754.619873046875,855195,0.0,0.0,0.0
2026-08-03 10:25:00-04:00,754.6199951171875,754.77001953125,754.3619995117188,754.5,917643,0.0,0.0,0.0
2026-08-03 10:30:00-04:00,754.5,754.6400146484375,754.3099975585938,754.510009765625,856562,0.0,0.0,0.0
2026-08-03 10:35:00-04:00,754.52001953125,754.9349975585938,754.4301147460938,754.7949829101562,622383,0.0,0.0,0.0
2026-08-03 10:40:00-04:00,754.7899780273438,755.1649780273438,754.75,754.9000244140625,728742,0.0,0.0,0.0
2026-08-03 10:45:00-04:00,754.9099731445312,754.9600219726562,754.7050170898438,754.8699951171875,546306,0.0,0.0,0.0
2026-08-03 10:50:00-04:00,754.8699951171875,755.1400146484375,754.8150024414062,754.9199829101562,714168,0.0,0.0,0.0
2026-08-03 10:55:00-04:00,754.9149780273438,755.405517578125,754.9149780273438,755.3701171875,552651,0.0,0.0,0.0
2026-08-03 11:00:00-04:00,755.3800048828125,755.4299926757812,755.094970703125,755.239990234375,761862,0.0,0.0,0.0
2026-08-03 11:05:00-04:00,755.239990234375,755.25,754.7899780273438,754.9500122070312,416538,0.0,0.0,0.0
2026-08-03 11:10:00-04:00,754.9400024414062,755.1300048828125,754.7999877929688,755.0549926757812,536919,0.0,0.0,0.0
2026-08-03 11:15:00-04:00,755.0549926757812,755.4000244140625,755.0499877929688,755.3900146484375,574404,0.0,0.0,0.0
2026-08-03 11:20:00-04:00,755.4000244140625,755.6900024414062,755.3800048828125,755.5800170898438,525449,0.0,0.0,0.0
2026-08-03 11:25:00-04:00,755.5750122070312,755.7000122070312,755.02001953125,755.1099853515625,700928,0.0,0.0,0.0
2026-08-03 11:30:00-04:00,755.1199951171875,755.469970703125,755.0750122070312,755.2999877929688,546004,0.0,0.0,0.0
2026-08-03 11:35:00-04:00,755.2899780273438,755.6199951171875,755.2000122070312,755.5599975585938,1677014,0.0,0.0,0.0
2026-08-03 11:40:00-04:00,755.5449829101562,755.8300170898438,755.530029296875,755.6400756835938,425499,0.0,0.0,0.0
2026-08-03 11:45:00-04:00,755.6500244140625,756.0700073242188,755.6500244140625,756.02001953125,683205,0.0,0.0,0.0
2026-08-03 11:50:00-04:00,756.030029296875,756.2100219726562,755.969970703125,756.1799926757812,315176,0.0,0.0,0.0
2026-08-03 11:55:00-04:00,756.1699829101562,756.1900024414062,755.8214111328125,755.9550170898438,392424,0.0,0.0,0.0
2026-08-03 12:00:00-04:00,755.9600219726562,756.1699829101562,755.9301147460938,756.0,297262,0.0,0.0,0.0
2026-08-03 12:05:00-04:00,756.0025024414062,756.0900268554688,755.864990234375,756.0291137695312,536475,0.0,0.0,0.0
2026-08-03 12:10:00-04:00,756.0499267578125,756.0499877929688,755.760009765625,755.989990234375,388291,0.0,0.0,0.0
2026-08-03 12:15:00-04:00,755.989990234375,756.27001953125,755.9600219726562,756.2349853515625,587120,0.0,0.0,0.0
2026-08-03 12:20:00-04:00,756.2349853515625,756.2899780273438,756.0750122070312,756.260009765625,268717,0.0,0.0,0.0
2026-08-03 12:25:00-04:00,756.260009765625,756.5999755859375,756.1799926757812,756.5700073242188,433356,0.0,0.0,0.0
2026-08-03 12:30:00-04:00,756.5700073242188,756.6199951171875,756.3217163085938,756.4349975585938,704767,0.0,0.0,0.0
2026-08-03 12:35:00-04:00,756.4299926757812,756.4299926757812,756.2100219726562,756.2899780273438,399778,0.0,0.0,0.0
2026-08-03 12:40:00-04:00,756.2899780273438,756.5050048828125,756.22998046875,756.469970703125,360899,0.0,0.0,0.0
2026-08-03 12:45:00-04:00,756.47998046875,756.5,756.2999877929688,756.3099975585938,370115,0.0,0.0,0.0
2026-08-03 12:50:00-04:00,756.3200073242188,756.3800048828125,756.030029296875,756.0499877929688,431609,0.0,0.0,0.0
2026-08-03 12:55:00-04:00,756.0499877929688,756.3499755859375,756.0150146484375,756.219970703125,282492,0.0,0.0,0.0
2026-08-03 13:00:00-04:00,756.219970703125,756.2999877929688,756.030029296875,756.2100219726562,416913,0.0,0.0,0.0
2026-08-03 13:05:00-04:00,756.2100219726562,756.2999877929688,755.97998046875,756.2150268554688,492900,0.0,0.0,0.0
2026-08-03 13:10:00-04:00,756.2100219726562,756.6099853515625,756.2100219726562,756.510009765625,303766,0.0,0.0,0.0
2026-08-03 13:15:00-04:00,756.51171875,756.7899780273438,756.4949951171875,756.77001953125,375228,0.0,0.0,0.0
2026-08-03 13:20:00-04:00,756.77001953125,757.0150146484375,756.6699829101562,756.9650268554688,380249,0.0,0.0,0.0
2026-08-03 13:25:00-04:00,756.9650268554688,757.155029296875,756.8400268554688,757.0850219726562,412070,0.0,0.0,0.0
2026-08-03 13:30:00-04:00,757.083984375,757.3599853515625,757.010009765625,757.35498046875,386141,0.0,0.0,0.0
2026-08-03 13:35:00-04:00,757.3499755859375,757.469970703125,757.1199951171875,757.2100219726562,462426,0.0,0.0,0.0
2026-08-03 13:40:00-04:00,757.22998046875,757.3400268554688,757.1599731445312,757.3300170898438,187564,0.0,0.0,0.0
2026-08-03 13:45:00-04:00,757.3200073242188,757.52001953125,757.3200073242188,757.4400024414062,568490,0.0,0.0,0.0
2026-08-03 13:50:00-04:00,757.4500122070312,757.6199951171875,757.4099731445312,757.5999755859375,1919089,0.0,0.0,0.0
2026-08-03 13:55:00-04:00,757.5999755859375,757.780029296875,757.5599975585938,757.6450805664062,506377,0.0,0.0,0.0
2026-08-03 14:00:00-04:00,757.64501953125,758.1400146484375,757.6400146484375,758.1400146484375,585793,0.0,0.0,0.0
2026-08-03 14:05:00-04:00,758.135009765625,758.3200073242188,758.0800170898438,758.3049926757812,589387,0.0,0.0,0.0
2026-08-03 14:10:00-04:00,758.3099975585938,758.3300170898438,757.8635864257812,758.010009765625,498353,0.0,0.0,0.0
2026-08-03 14:15:00-04:00,758.0150146484375,758.3099975585938,757.9000244140625,757.9600219726562,469204,0.0,0.0,0.0
2026-08-03 14:20:00-04:00,757.969970703125,758.1699829101562,757.7999877929688,757.9500122070312,331124,0.0,0.0,0.0
2026-08-03 14:25:00-04:00,757.9400024414062,758.0499877929688,757.47998046875,757.5700073242188,399077,0.0,0.0,0.0
2026-08-03 14:30:00-04:00,757.5800170898438,757.8200073242188,757.3400268554688,757.510009765625,611117,0.0,0.0,0.0
2026-08-03 14:35:00-04:00,757.52001953125,757.8099975585938,757.47998046875,757.6699829101562,565082,0.0,0.0,0.0
2026-08-03 14:40:00-04:00,757.6799926757812,758.1099853515625,757.5800170898438,758.0850219726562,395689,0.0,0.0,0.0
2026-08-03 14:45:00-04:00,758.0900268554688,758.1900024414062,757.760009765625,758.10498046875,559451,0.0,0.0,0.0
2026-08-03 14:50:00-04:00,758.10498046875,758.2899780273438,757.9199829101562,758.0800170898438,385601,0.0,0.0,0.0
2026-08-03 14:55:00-04:00,758.0800170898438,758.22998046875,757.9199829101562,757.9349975585938,344276,0.0,0.0,0.0
2026-08-03 15:00:00-04:00,757.9400024414062,758.5800170898438,757.9400024414062,758.5,433642,0.0,0.0,0.0
2026-08-03 15:05:00-04:00,758.5004272460938,758.5399780273438,758.0700073242188,758.1900024414062,388446,0.0,0.0,0.0
2026-08-03 15:10:00-04:00,758.1950073242188,758.4099731445312,758.0850219726562,758.1799926757812,373906,0.0,0.0,0.0
2026-08-03 15:15:00-04:00,758.1810302734375,758.4400024414062,758.1799926757812,758.3400268554688,451729,0.0,0.0,0.0
2026-08-03 15:20:00-04:00,758.3499755859375,758.4500122070312,758.219970703125,758.4149780273438,419583,0.0,0.0,0.0
2026-08-03 15:25:00-04:00,758.4149780273438,758.5499877929688,758.260009765625,758.3400268554688,495251,0.0,0.0,0.0
2026-08-03 15:30:00-04:00,758.3499755859375,758.510009765625,758.2000122070312,758.3406982421875,719106,0.0,0.0,0.0
2026-08-03 15:35:00-04:00,758.3599853515625,758.4600219726562,757.9600219726562,758.0,821114,0.0,0.0,0.0
2026-08-03 15:40:00-04:00,758.010009765625,758.1649780273438,757.8599853515625,758.0700073242188,1008223,0.0,0.0,0.0
2026-08-03 15:45:00-04:00,758.0700073242188,758.25,757.9299926757812,758.1400146484375,1089275,0.0,0.0,0.0
2026-08-03 15:50:00-04:00,758.1500244140625,758.4099731445312,757.6400146484375,757.780029296875,1585858,0.0,0.0,0.0
2026-08-03 15:55:00-04:00,757.77001953125,757.9849853515625,757.4400024414062,757.6699829101562,3196714,0.0,0.0,0.0
2026-08-04 09:30:00-04:00,760.6300048828125,761.8800048828125,760.52001953125,761.8499755859375,2403799,0.0,0.0,0.0
2026-08-04 09:35:00-04:00,761.8300170898438,762.1900024414062,761.5399780273438,761.9500122070312,853271,0.0,0.0,0.0
2026-08-04 09:40:00-04:00,761.9600219726562,762.2100219726562,761.6199951171875,761.8524780273438,645544,0.0,0.0,0.0
2026-08-04 09:45:00-04:00,761.8599853515625,762.5349731445312,761.8599853515625,762.530029296875,868173,0.0,0.0,0.0
2026-08-04 09:50:00-04:00,762.5399780273438,763.47998046875,762.4000244140625,763.4199829101562,838596,0.0,0.0,0.0
2026-08-04 09:55:00-04:00,763.4400024414062,763.4400024414062,762.6651000976562,763.3900146484375,792816,0.0,0.0,0.0
2026-08-04 10:00:00-04:00,763.3699951171875,764.1300048828125,763.0900268554688,763.8699951171875,1027586,0.0,0.0,0.0
2026-08-04 10:05:00-04:00,763.8800048828125,764.5499877929688,763.7999877929688,764.3400268554688,757078,0.0,0.0,0.0
2026-08-04 10:10:00-04:00,764.3400268554688,764.8599853515625,764.3099975585938,764.85498046875,522181,0.0,0.0,0.0
2026-08-04 10:15:00-04:00,764.8499755859375,765.3828125,764.77001953125,765.2449951171875,671630,0.0,0.0,0.0
2026-08-04 10:20:00-04:00,765.25,765.280029296875,764.1699829101562,764.3300170898438,916082,0.0,0.0,0.0
2026-08-04 10:25:00-04:00,764.3300170898438,764.8499755859375,764.3198852539062,764.489990234375,596876,0.0,0.0,0.0
2026-08-04 10:30:00-04:00,764.489990234375,765.02001953125,764.0999755859375,764.9349975585938,643452,0.0,0.0,0.0
2026-08-04 10:35:00-04:00,764.9299926757812,765.719970703125,764.760009765625,765.1599731445312,734396,0.0,0.0,0.0
2026-08-04 10:40:00-04:00,765.1672973632812,765.8599853515625,765.094970703125,765.7899780273438,737613,0.0,0.0,0.0
2026-08-04 10:45:00-04:00,765.780029296875,765.9600219726562,765.5900268554688,765.9199829101562,632872,0.0,0.0,0.0
2026-08-04 10:50:00-04:00,765.9199829101562,766.030029296875,765.6400146484375,765.9000244140625,491238,0.0,0.0,0.0
2026-08-04 10:55:00-04:00,765.9000244140625,766.4199829101562,765.8099975585938,766.2999877929688,905205,0.0,0.0,0.0
2026-08-04 11:00:00-04:00,766.3300170898438,766.8900146484375,766.1699829101562,766.8499755859375,540916,0.0,0.0,0.0
2026-08-04 11:05:00-04:00,766.8599853515625,766.8699951171875,766.3900146484375,766.8499755859375,698891,0.0,0.0,0.0
2026-08-04 11:10:00-04:00,766.85498046875,767.1599731445312,766.719970703125,766.9099731445312,418177,0.0,0.0,0.0
2026-08-04 11:15:00-04:00,766.9199829101562,767.3499755859375,766.8900146484375,767.3250122070312,639315,0.0,0.0,0.0
2026-08-04 11:20:00-04:00,767.3300170898438,767.7514038085938,767.2050170898438,767.739990234375,576418,0.0,0.0,0.0
2026-08-04 11:25:00-04:00,767.75,767.8699951171875,767.280029296875,767.3499755859375,734509,0.0,0.0,0.0
2026-08-04 11:30:00-04:00,767.3400268554688,767.5700073242188,767.1599731445312,767.260009765625,459242,0.0,0.0,0.0
2026-08-04 11:35:00-04:00,767.27001953125,768.0899047851562,767.2249755859375,767.7999877929688,620918,0.0,0.0,0.0
2026-08-04 11:40:00-04:00,767.780029296875,768.3400268554688,767.7349853515625,768.280029296875,1316760,0.0,0.0,0.0
2026-08-04 11:45:00-04:00,768.280029296875,768.7000122070312,768.260009765625,768.64990234375,599127,0.0,0.0,0.0
2026-08-04 11:50:00-04:00,768.6400146484375,768.9000244140625,768.1799926757812,768.27001953125,639140,0.0,0.0,0.0
2026-08-04 11:55:00-04:00,768.260009765625,768.6400146484375,768.1900024414062,768.4400024414062,359098,0.0,0.0,0.0
2026-08-04 12:00:00-04:00,768.4450073242188,768.8599853515625,768.4149780273438,768.7249755859375,508135,0.0,0.0,0.0
2026-08-04 12:05:00-04:00,768.7249755859375,768.9400024414062,768.3400268554688,768.3800048828125,485229,0.0,0.0,0.0
2026-08-04 12:10:00-04:00,768.3995971679688,768.52001953125,768.1400146484375,768.2550048828125,936859,0.0,0.0,0.0
2026-08-04 12:15:00-04:00,768.2650146484375,768.7899780273438,768.239990234375,768.75,697184,0.0,0.0,0.0
2026-08-04 12:20:00-04:00,768.760009765625,769.280029296875,768.719970703125,769.219970703125,385414,0.0,0.0,0.0
2026-08-04 12:25:00-04:00,769.2150268554688,769.3400268554688,769.02001953125,769.239990234375,520302,0.0,0.0,0.0
2026-08-04 12:30:00-04:00,769.219970703125,769.5999755859375,769.0,769.4749755859375,597144,0.0,0.0,0.0
2026-08-04 12:35:00-04:00,769.47998046875,769.6799926757812,769.239990234375,769.4849853515625,828303,0.0,0.0,0.0
2026-08-04 12:40:00-04:00,769.4849853515625,770.010009765625,769.3900146484375,769.97998046875,634595,0.0,0.0,0.0
2026-08-04 12:45:00-04:00,769.989990234375,770.2249755859375,769.97998046875,770.1950073242188,437651,0.0,0.0,0.0
2026-08-04 12:50:00-04:00,770.1898803710938,770.3200073242188,770.0549926757812,770.1900024414062,360572,0.0,0.0,0.0
2026-08-04 12:55:00-04:00,770.1900024414062,770.27001953125,770.0499877929688,770.2650146484375,313627,0.0,0.0,0.0
2026-08-04 13:00:00-04:00,770.27001953125,771.030029296875,770.1649780273438,771.0089721679688,777474,0.0,0.0,0.0
2026-08-04 13:05:00-04:00,771.010009765625,771.2849731445312,770.72998046875,771.0499877929688,822525,0.0,0.0,0.0
2026-08-04 13:10:00-04:00,771.0399780273438,771.22998046875,770.9199829101562,771.219970703125,542050,0.0,0.0,0.0
2026-08-04 13:15:00-04:00,771.22998046875,771.60498046875,771.219970703125,771.3699951171875,696042,0.0,0.0,0.0
2026-08-04 13:20:00-04:00,771.375,771.4099731445312,770.9500122070312,771.2050170898438,394203,0.0,0.0,0.0
2026-08-04 13:25:00-04:00,771.2050170898438,771.47998046875,771.1300048828125,771.280029296875,388198,0.0,0.0,0.0
2026-08-04 13:30:00-04:00,771.2899780273438,771.4000244140625,770.9650268554688,771.3800048828125,443758,0.0,0.0,0.0
2026-08-04 13:35:00-04:00,771.3599853515625,771.905029296875,771.3400268554688,771.8599853515625,412817,0.0,0.0,0.0
2026-08-04 13:40:00-04:00,771.8599853515625,772.344970703125,771.8599853515625,772.3300170898438,732752,0.0,0.0,0.0
2026-08-04 13:45:00-04:00,772.3250122070312,773.0850219726562,772.3250122070312,772.72998046875,857661,0.0,0.0,0.0
2026-08-04 13:50:00-04:00,772.7150268554688,772.7150268554688,771.64501953125,771.8699951171875,975625,0.0,0.0,0.0
2026-08-04 13:55:00-04:00,771.8800048828125,772.1500244140625,771.5700073242188,771.5700073242188,599267,0.0,0.0,0.0
2026-08-04 14:00:00-04:00,771.5700073242188,771.989990234375,771.0800170898438,771.330078125,742742,0.0,0.0,0.0
2026-08-04 14:05:00-04:00,771.3400268554688,771.989990234375,771.27001953125,771.8499755859375,509851,0.0,0.0,0.0
2026-08-04 14:10:00-04:00,771.844970703125,772.239990234375,771.7100219726562,772.1799926757812,541494,0.0,0.0,0.0
2026-08-04 14:15:00-04:00,772.1981201171875,772.3699951171875,771.97998046875,772.1099853515625,330958,0.0,0.0,0.0
2026-08-04 14:20:00-04:00,772.1099853515625,772.4500122070312,772.0499877929688,772.1300048828125,585209,0.0,0.0,0.0
2026-08-04 14:25:00-04:00,772.1199951171875,772.3800048828125,772.010009765625,772.3699951171875,326080,0.0,0.0,0.0
2026-08-04 14:30:00-04:00,772.3798828125,772.4797973632812,772.125,772.1699829101562,563294,0.0,0.0,0.0
2026-08-04 14:35:00-04:00,772.1649780273438,772.3200073242188,771.7899780273438,771.8900146484375,729539,0.0,0.0,0.0
2026-08-04 14:40:00-04:00,771.8800048828125,771.9000244140625,771.4099731445312,771.719970703125,450817,0.0,0.0,0.0
2026-08-04 14:45:00-04:00,771.72998046875,772.280029296875,771.719970703125,772.0700073242188,806972,0.0,0.0,0.0
2026-08-04 14:50:00-04:00,772.0499877929688,772.2899780273438,771.9210205078125,771.989990234375,422817,0.0,0.0,0.0
2026-08-04 14:55:00-04:00,771.9949951171875,772.1300048828125,771.9299926757812,772.0700073242188,364367,0.0,0.0,0.0
2026-08-04 15:00:00-04:00,772.0850219726562,772.9600219726562,772.0499877929688,772.780029296875,745681,0.0,0.0,0.0
2026-08-04 15:05:00-04:00,772.77001953125,773.02001953125,772.5499877929688,773.0198974609375,1289457,0.0,0.0,0.0
2026-08-04 15:10:00-04:00,773.0,773.0391235351562,772.719970703125,772.8800048828125,513920,0.0,0.0,0.0
2026-08-04 15:15:00-04:00,772.8800048828125,773.0800170898438,772.7520141601562,773.0,552704,0.0,0.0,0.0
2026-08-04 15:20:00-04:00,773.0,773.1199951171875,772.7000122070312,772.8250122070312,540114,0.0,0.0,0.0
2026-08-04 15:25:00-04:00,772.8300170898438,772.9199829101562,772.1199951171875,772.3200073242188,625520,0.0,0.0,0.0
2026-08-04 15:30:00-04:00,772.3099975585938,772.6300048828125,772.1199951171875,772.5900268554688,853642,0.0,0.0,0.0
2026-08-04 15:35:00-04:00,772.5900268554688,772.9099731445312,772.3200073242188,772.780029296875,704223,0.0,0.0,0.0
2026-08-04 15:40:00-04:00,772.780029296875,773.3300170898438,772.760009765625,773.25,703836,0.0,0.0,0.0
2026-08-04 15:45:00-04:00,773.2550048828125,773.4099731445312,772.739990234375,772.9099731445312,1200912,0.0,0.0,0.0
2026-08-04 15:50:00-04:00,772.9099731445312,773.030029296875,771.7418212890625,771.7418212890625,2794903,0.0,0.0,0.0
2026-08-04 15:55:00-04:00,771.75,772.3099975585938,770.9600219726562,771.280029296875,4757221,0.0,0.0,0.0
2026-08-05 09:30:00-04:00,775.8499755859375,776.7899780273438,775.260009765625,776.1998901367188,2356246,0.0,0.0,0.0
2026-08-05 09:35:00-04:00,776.1900024414062,776.8499755859375,775.3040161132812,776.510009765625,2059541,0.0,0.0,0.0
2026-08-05 09:40:00-04:00,776.530029296875,776.8099975585938,775.8599853515625,776.47998046875,566173,0.0,0.0,0.0
2026-08-05 09:45:00-04:00,776.5399780273438,776.6599731445312,775.3400268554688,775.3900146484375,716822,0.0,0.0,0.0
2026-08-05 09:50:00-04:00,775.39501953125,775.889892578125,774.3900146484375,775.889892578125,921681,0.0,0.0,0.0
2026-08-05 09:55:00-04:00,775.8800048828125,776.70361328125,775.364990234375,776.70361328125,646807,0.0,0.0,0.0
2026-08-05 10:00:00-04:00,776.6699829101562,776.7000122070312,774.9500122070312,775.7899780273438,704641,0.0,0.0,0.0
2026-08-05 10:05:00-04:00,775.8099975585938,776.5499267578125,775.6199951171875,776.0599975585938,580664,0.0,0.0,0.0
2026-08-05 10:10:00-04:00,776.0700073242188,776.510009765625,775.7999877929688,776.1599731445312,344032,0.0,0.0,0.0
2026-08-05 10:15:00-04:00,776.1799926757812,776.4600219726562,775.6599731445312,775.6699829101562,268012,0.0,0.0,0.0
2026-08-05 10:20:00-04:00,775.6799926757812,775.8200073242188,774.77001953125,775.7550048828125,429630,0.0,0.0,0.0
2026-08-05 10:25:00-04:00,775.760009765625,776.1799926757812,774.75,774.7808837890625,494368,0.0,0.0,0.0
2026-08-05 10:30:00-04:00,774.780029296875,775.0200805664062,774.22998046875,774.5999755859375,617880,0.0,0.0,0.0
2026-08-05 10:35:00-04:00,774.5700073242188,774.8300170898438,773.8400268554688,773.9199829101562,774546,0.0,0.0,0.0
2026-08-05 10:40:00-04:00,773.9199829101562,774.4299926757812,773.6199951171875,774.0349731445312,595251,0.0,0.0,0.0
2026-08-05 10:45:00-04:00,774.030029296875,774.719970703125,773.844970703125,774.5750122070312,435589,0.0,0.0,0.0
2026-08-05 10:50:00-04:00,774.6046752929688,774.8400268554688,772.5700073242188,773.1300048828125,720034,0.0,0.0,0.0
2026-08-05 10:55:00-04:00,773.1599731445312,773.7598876953125,772.72998046875,773.469970703125,518821,0.0,0.0,0.0
2026-08-05 11:00:00-04:00,773.4600219726562,773.9500122070312,773.3499755859375,773.6300048828125,378838,0.0,0.0,0.0
2026-08-05 11:05:00-04:00,773.6300048828125,773.864990234375,773.1649780273438,773.6300048828125,413264,0.0,0.0,0.0
2026-08-05 11:10:00-04:00,773.6300048828125,773.9149780273438,773.010009765625,773.0599975585938,298736,0.0,0.0,0.0
2026-08-05 11:15:00-04:00,773.0700073242188,773.1599731445312,771.0,772.4199829101562,1022215,0.0,0.0,0.0
2026-08-05 11:20:00-04:00,772.409912109375,772.6699829101562,772.0800170898438,772.2691040039062,339239,0.0,0.0,0.0
2026-08-05 11:25:00-04:00,772.1500854492188,772.25,771.52001953125,771.7100219726562,530737,0.0,0.0,0.0
2026-08-05 11:30:00-04:00,771.7000122070312,772.52001953125,771.6799926757812,771.875,300651,0.0,0.0,0.0
2026-08-05 11:35:00-04:00,771.8800048828125,772.2999877929688,771.8099975585938,772.14501953125,317439,0.0,0.0,0.0
2026-08-05 11:40:00-04:00,772.1500244140625,772.260009765625,771.6749877929688,772.010009765625,279873,0.0,0.0,0.0
2026-08-05 11:45:00-04:00,772.02001953125,772.030029296875,771.25,771.340576171875,299266,0.0,0.0,0.0
2026-08-05 11:50:00-04:00,771.3375244140625,771.5750122070312,771.1300048828125,771.25,350842,0.0,0.0,0.0
2026-08-05 11:55:00-04:00,771.25,771.25,770.3300170898438,770.64501953125,644598,0.0,0.0,0.0
2026-08-05 12:00:00-04:00,770.6300048828125,771.02001953125,770.0800170898438,770.8400268554688,677692,0.0,0.0,0.0
2026-08-05 12:05:00-04:00,770.8400268554688,770.8699951171875,769.9099731445312,770.239990234375,536649,0.0,0.0,0.0
2026-08-05 12:10:00-04:00,770.239990234375,770.469970703125,769.9298095703125,770.4400024414062,392332,0.0,0.0,0.0
2026-08-05 12:15:00-04:00,770.4500122070312,771.1199951171875,770.22998046875,770.6099853515625,499198,0.0,0.0,0.0
2026-08-05 12:20:00-04:00,770.614990234375,771.760009765625,770.5599975585938,771.0800170898438,564366,0.0,0.0,0.0
2026-08-05 12:25:00-04:00,771.0750122070312,772.1199951171875,771.0599975585938,772.0999755859375,567115,0.0,0.0,0.0
2026-08-05 12:30:00-04:00,772.0900268554688,772.219970703125,771.2000122070312,771.6900024414062,427057,0.0,0.0,0.0
2026-08-05 12:35:00-04:00,771.6900024414062,771.8394775390625,771.3400268554688,771.5599975585938,247331,0.0,0.0,0.0
2026-08-05 12:40:00-04:00,771.5499877929688,772.0,771.3770751953125,771.5900268554688,324240,0.0,0.0,0.0
2026-08-05 12:45:00-04:00,771.5800170898438,771.75,771.2899780273438,771.4249877929688,195315,0.0,0.0,0.0
2026-08-05 12:50:00-04:00,771.4000244140625,772.0800170898438,771.385009765625,772.010009765625,449350,0.0,0.0,0.0
2026-08-05 12:55:00-04:00,772.010009765625,772.1699829101562,771.7050170898438,771.8524780273438,304185,0.0,0.0,0.0
2026-08-05 13:00:00-04:00,771.8900146484375,772.1599731445312,771.2999877929688,771.405029296875,237862,0.0,0.0,0.0
2026-08-05 13:05:00-04:00,771.405029296875,771.5999755859375,771.0700073242188,771.3200073242188,245234,0.0,0.0,0.0
2026-08-05 13:10:00-04:00,771.3300170898438,771.75,771.0399780273438,771.5,687575,0.0,0.0,0.0
2026-08-05 13:15:00-04:00,771.4801025390625,771.8049926757812,771.22998046875,771.3800048828125,245593,0.0,0.0,0.0
2026-08-05 13:20:00-04:00,771.4099731445312,771.4600219726562,771.010009765625,771.4249877929688,175531,0.0,0.0,0.0
2026-08-05 13:25:00-04:00,771.4298706054688,771.802490234375,771.260009765625,771.3400268554688,154836,0.0,0.0,0.0
2026-08-05 13:30:00-04:00,771.3300170898438,771.7296752929688,771.0700073242188,771.5900268554688,171307,0.0,0.0,0.0
2026-08-05 13:35:00-04:00,771.5900268554688,771.780029296875,771.4605102539062,771.6599731445312,182867,0.0,0.0,0.0
2026-08-05 13:40:00-04:00,771.6599731445312,772.010009765625,771.6599731445312,771.7017822265625,187951,0.0,0.0,0.0
2026-08-05 13:45:00-04:00,771.7000122070312,771.9249877929688,771.3300170898438,771.8300170898438,134714,0.0,0.0,0.0
2026-08-05 13:50:00-04:00,771.8300170898438,771.9600219726562,771.5900268554688,771.6400146484375,269325,0.0,0.0,0.0
2026-08-05 13:55:00-04:00,771.6300048828125,771.8400268554688,771.4600219726562,771.5549926757812,170417,0.0,0.0,0.0
2026-08-05 14:00:00-04:00,771.5599975585938,772.1699829101562,771.5399780273438,772.1201171875,511807,0.0,0.0,0.0
2026-08-05 14:05:00-04:00,772.1199951171875,772.25,771.6799926757812,771.9099731445312,319230,0.0,0.0,0.0
2026-08-05 14:10:00-04:00,771.9600219726562,772.10498046875,771.760986328125,771.7899780273438,441258,0.0,0.0,0.0
2026-08-05 14:15:00-04:00,771.7999877929688,772.0999755859375,771.6699829101562,772.0399780273438,235339,0.0,0.0,0.0
2026-08-05 14:20:00-04:00,772.0399780273438,772.0549926757812,771.7401123046875,771.8599853515625,229902,0.0,0.0,0.0
2026-08-05 14:25:00-04:00,771.8499755859375,772.1199951171875,771.8099975585938,771.9400024414062,341463,0.0,0.0,0.0
2026-08-05 14:30:00-04:00,771.9299926757812,771.9400024414062,771.2000122070312,771.3599853515625,400700,0.0,0.0,0.0
2026-08-05 14:35:00-04:00,771.3599853515625,771.7098999023438,771.3400268554688,771.4600219726562,359926,0.0,0.0,0.0
2026-08-05 14:40:00-04:00,771.469970703125,771.6699829101562,771.3972778320312,771.5800170898438,293527,0.0,0.0,0.0
2026-08-05 14:45:00-04:00,771.5700073242188,771.9500122070312,771.5150146484375,771.8099975585938,280759,0.0,0.0,0.0
2026-08-05 14:50:00-04:00,771.8099975585938,771.9600219726562,771.6300048828125,771.72998046875,254521,0.0,0.0,0.0
2026-08-05 14:55:00-04:00,771.72998046875,771.7750244140625,771.3400268554688,771.3909912109375,433572,0.0,0.0,0.0
2026-08-05 15:00:00-04:00,771.4000244140625,771.6300048828125,771.239990234375,771.6298828125,346157,0.0,0.0,0.0
2026-08-05 15:05:00-04:00,771.6099853515625,771.8499755859375,771.52001953125,771.6904907226562,269928,0.0,0.0,0.0
2026-08-05 15:10:00-04:00,771.7000122070312,771.780029296875,771.5399780273438,771.72998046875,350175,0.0,0.0,0.0
2026-08-05 15:15:00-04:00,771.739990234375,771.9190063476562,771.6599731445312,771.8200073242188,304657,0.0,0.0,0.0
2026-08-05 15:20:00-04:00,771.8300170898438,771.989013671875,771.6500244140625,771.869873046875,532595,0.0,0.0,0.0
2026-08-05 15:25:00-04:00,771.8599853515625,771.969970703125,771.760009765625,771.7999267578125,495459,0.0,0.0,0.0
2026-08-05 15:30:00-04:00,771.780029296875,771.8900146484375,771.364990234375,771.5399780273438,453945,0.0,0.0,0.0
2026-08-05 15:35:00-04:00,771.5399780273438,771.5399780273438,771.2537841796875,771.3051147460938,584306,0.0,0.0,0.0
2026-08-05 15:40:00-04:00,771.2999877929688,771.6298828125,771.27001953125,771.4949951171875,482574,0.0,0.0,0.0
2026-08-05 15:45:00-04:00,771.47998046875,771.6500244140625,771.2000122070312,771.489990234375,719357,0.0,0.0,0.0
2026-08-05 15:50:00-04:00,771.489990234375,771.7000122070312,771.3599853515625,771.5,711237,0.0,0.0,0.0
2026-08-05 15:55:00-04:00,771.510009765625,771.5900268554688,769.510009765625,769.739990234375,3030101,0.0,0.0,0.0
2026-08-06 09:30:00-04:00,770.2100219726562,770.7899780273438,769.0576171875,769.9199829101562,1913009,0.0,0.0,0.0
2026-08-06 09:35:00-04:00,769.9000244140625,770.8699951171875,769.5999755859375,769.719970703125,578769,0.0,0.0,0.0
2026-08-06 09:40:00-04:00,769.7050170898438,770.9000244140625,769.5050048828125,770.5,314301,0.0,0.0,0.0
2026-08-06 09:45:00-04:00,770.47998046875,771.52001953125,770.47998046875,771.3099975585938,344237,0.0,0.0,0.0
2026-08-06 09:50:00-04:00,771.3099975585938,771.5250244140625,770.780029296875,770.9199829101562,360772,0.0,0.0,0.0
2026-08-06 09:55:00-04:00,770.9249877929688,771.260009765625,770.5399780273438,770.9199829101562,312956,0.0,0.0,0.0
2026-08-06 10:00:00-04:00,770.9500122070312,771.3499755859375,770.614990234375,771.1300048828125,270466,0.0,0.0,0.0
2026-08-06 10:05:00-04:00,771.1500244140625,771.510009765625,770.8900146484375,771.4299926757812,250838,0.0,0.0,0.0
2026-08-06 10:10:00-04:00,771.4349975585938,771.77001953125,771.380126953125,771.5499877929688,399828,0.0,0.0,0.0
2026-08-06 10:15:00-04:00,771.530029296875,771.8099975585938,771.1199951171875,771.7050170898438,230239,0.0,0.0,0.0
2026-08-06 10:20:00-04:00,771.7239990234375,771.8200073242188,771.1699829101562,771.22998046875,279760,0.0,0.0,0.0
2026-08-06 10:25:00-04:00,771.22998046875,771.27001953125,770.0700073242188,770.4500122070312,384013,0.0,0.0,0.0
2026-08-06 10:30:00-04:00,770.4500122070312,770.8800048828125,770.1649780273438,770.7949829101562,476066,0.0,0.0,0.0
2026-08-06 10:35:00-04:00,770.7949829101562,770.9600219726562,769.760009765625,769.760009765625,485367,0.0,0.0,0.0
2026-08-06 10:40:00-04:00,769.75,770.72998046875,769.6400146484375,770.14501953125,283552,0.0,0.0,0.0
2026-08-06 10:45:00-04:00,770.135009765625,770.2150268554688,769.6500244140625,769.6699829101562,351513,0.0,0.0,0.0
2026-08-06 10:50:00-04:00,769.6599731445312,770.47998046875,769.530029296875,770.4500122070312,387204,0.0,0.0,0.0
2026-08-06 10:55:00-04:00,770.47998046875,771.0599975585938,770.2899780273438,770.9849853515625,256400,0.0,0.0,0.0
2026-08-06 11:00:00-04:00,771.0,771.2100219726562,770.1099853515625,770.2899780273438,908147,0.0,0.0,0.0
2026-08-06 11:05:00-04:00,770.280029296875,770.8099975585938,770.27001953125,770.5700073242188,225382,0.0,0.0,0.0
2026-08-06 11:10:00-04:00,770.5700073242188,770.739990234375,769.9099731445312,769.9600219726562,210453,0.0,0.0,0.0
2026-08-06 11:15:00-04:00,769.9600219726562,770.1199951171875,768.9600219726562,768.9600219726562,612056,0.0,0.0,0.0
2026-08-06 11:20:00-04:00,768.9749755859375,769.239990234375,768.6199951171875,768.9299926757812,381693,0.0,0.0,0.0
2026-08-06 11:25:00-04:00,768.9299926757812,769.2999877929688,768.6500244140625,769.239990234375,289608,0.0,0.0,0.0
2026-08-06 11:30:00-04:00,769.239990234375,769.4400024414062,768.530029296875,768.530029296875,287297,0.0,0.0,0.0
2026-08-06 11:35:00-04:00,768.530029296875,768.9000244140625,768.3300170898438,768.7000122070312,364377,0.0,0.0,0.0
2026-08-06 11:40:00-04:00,768.6900024414062,768.969970703125,768.3300170898438,768.3300170898438,458842,0.0,0.0,0.0
2026-08-06 11:45:00-04:00,768.3300170898438,769.5800170898438,768.3200073242188,769.2000732421875,363673,0.0,0.0,0.0
2026-08-06 11:50:00-04:00,769.2100219726562,769.780029296875,768.0800170898438,768.1300048828125,517615,0.0,0.0,0.0
2026-08-06 11:55:00-04:00,768.125,768.5599975585938,767.9500122070312,768.125,457255,0.0,0.0,0.0
2026-08-06 12:00:00-04:00,768.1599731445312,768.3200073242188,767.75,768.0549926757812,433878,0.0,0.0,0.0
2026-08-06 12:05:00-04:00,768.0482177734375,768.510009765625,767.9099731445312,768.3400268554688,317306,0.0,0.0,0.0
2026-08-06 12:10:00-04:00,768.3200073242188,768.5399780273438,767.8200073242188,767.97998046875,269314,0.0,0.0,0.0
2026-08-06 12:15:00-04:00,767.97998046875,768.5,767.4600219726562,768.2150268554688,447162,0.0,0.0,0.0
2026-08-06 12:20:00-04:00,768.219970703125,768.35498046875,767.8800048828125,768.27001953125,1189073,0.0,0.0,0.0
2026-08-06 12:25:00-04:00,768.280029296875,768.489990234375,768.0,768.260009765625,488835,0.0,0.0,0.0
2026-08-06 12:30:00-04:00,768.27001953125,768.8200073242188,768.1300048828125,768.3099975585938,265709,0.0,0.0,0.0
2026-08-06 12:35:00-04:00,768.3300170898438,768.8699951171875,768.2100219726562,768.8699951171875,259145,0.0,0.0,0.0
2026-08-06 12:40:00-04:00,768.8800048828125,768.9000244140625,768.0700073242188,768.0800170898438,288107,0.0,0.0,0.0
2026-08-06 12:45:00-04:00,768.0700073242188,768.4163208007812,767.9080810546875,768.4149780273438,205713,0.0,0.0,0.0
2026-08-06 12:50:00-04:00,768.4199829101562,768.6599731445312,768.22998046875,768.3499755859375,207398,0.0,0.0,0.0
2026-08-06 12:55:00-04:00,768.3499755859375,769.0399780273438,768.3400268554688,768.9600219726562,150600,0.0,0.0,0.0
2026-08-06 13:00:00-04:00,768.989990234375,769.1799926757812,768.6900024414062,768.77001953125,286134,0.0,0.0,0.0
2026-08-06 13:05:00-04:00,768.760009765625,769.1400146484375,768.1900024414062,768.3400268554688,363159,0.0,0.0,0.0
2026-08-06 13:10:00-04:00,768.3300170898438,768.5800170898438,768.0900268554688,768.1699829101562,162088,0.0,0.0,0.0
2026-08-06 13:15:00-04:00,768.1400146484375,768.4600219726562,768.030029296875,768.3400268554688,199311,0.0,0.0,0.0
2026-08-06 13:20:00-04:00,768.3400268554688,768.4099731445312,767.9005126953125,767.969970703125,227981,0.0,0.0,0.0
2026-08-06 13:25:00-04:00,767.969970703125,768.27001953125,767.8099975585938,767.8300170898438,254712,0.0,0.0,0.0
2026-08-06 13:30:00-04:00,767.8300170898438,768.2100219726562,767.719970703125,768.0999755859375,197360,0.0,0.0,0.0
2026-08-06 13:35:00-04:00,768.1099853515625,768.280029296875,767.969970703125,768.02001953125,178647,0.0,0.0,0.0
2026-08-06 13:40:00-04:00,768.0399780273438,768.1400146484375,767.8250122070312,768.1400146484375,363757,0.0,0.0,0.0
2026-08-06 13:45:00-04:00,768.1500244140625,768.375,767.9835815429688,767.9835815429688,206530,0.0,0.0,0.0
2026-08-06 13:50:00-04:00,767.989990234375,768.510009765625,767.9600219726562,768.432861328125,315523,0.0,0.0,0.0
2026-08-06 13:55:00-04:00,768.4600219726562,768.6400146484375,768.2750854492188,768.6303100585938,368849,0.0,0.0,0.0
2026-08-06 14:00:00-04:00,768.6500244140625,768.9000244140625,768.5,768.8947143554688,380717,0.0,0.0,0.0
2026-08-06 14:05:00-04:00,768.8900146484375,768.97998046875,768.6599731445312,768.8599853515625,311812,0.0,0.0,0.0
2026-08-06 14:10:00-04:00,768.8699951171875,769.239990234375,768.7000122070312,769.1799926757812,254657,0.0,0.0,0.0
2026-08-06 14:15:00-04:00,769.19140625,769.72998046875,768.4500122070312,769.3300170898438,591778,0.0,0.0,0.0
2026-08-06 14:20:00-04:00,769.3250122070312,769.6199951171875,769.2999877929688,769.5599975585938,319553,0.0,0.0,0.0
2026-08-06 14:25:00-04:00,769.5549926757812,769.614990234375,769.1900024414062,769.4299926757812,298281,0.0,0.0,0.0
2026-08-06 14:30:00-04:00,769.4299926757812,769.469970703125,769.0700073242188,769.114990234375,232178,0.0,0.0,0.0
2026-08-06 14:35:00-04:00,769.1099853515625,769.2899780273438,768.7999877929688,768.8300170898438,260758,0.0,0.0,0.0
2026-08-06 14:40:00-04:00,768.844970703125,768.9349975585938,768.5150146484375,768.780029296875,222400,0.0,0.0,0.0
2026-08-06 14:45:00-04:00,768.7849731445312,769.1699829101562,768.719970703125,768.8800048828125,344433,0.0,0.0,0.0
2026-08-06 14:50:00-04:00,768.875,769.010009765625,768.739990234375,768.885009765625,218040,0.0,0.0,0.0
2026-08-06 14:55:00-04:00,768.8699951171875,769.0800170898438,768.8099975585938,768.9600219726562,245763,0.0,0.0,0.0
2026-08-06 15:00:00-04:00,768.969970703125,769.5789794921875,768.9500122070312,769.5789794921875,477380,0.0,0.0,0.0
2026-08-06 15:05:00-04:00,769.5599975585938,769.7100219726562,769.2636108398438,769.7000122070312,248781,0.0,0.0,0.0
2026-08-06 15:10:00-04:00,769.7100219726562,769.7899780273438,769.2800903320312,769.3300170898438,269217,0.0,0.0,0.0
2026-08-06 15:15:00-04:00,769.3250122070312,769.3499145507812,769.051025390625,769.1599731445312,360889,0.0,0.0,0.0
2026-08-06 15:20:00-04:00,769.1699829101562,769.489990234375,768.8200073242188,768.8200073242188,441472,0.0,0.0,0.0
2026-08-06 15:25:00-04:00,768.8300170898438,768.989990234375,768.5700073242188,768.6599731445312,549048,0.0,0.0,0.0
2026-08-06 15:30:00-04:00,768.655029296875,769.0,768.4099731445312,768.9600219726562,472779,0.0,0.0,0.0
2026-08-06 15:35:00-04:00,768.9600219726562,768.989990234375,768.530029296875,768.530029296875,474387,0.0,0.0,0.0
2026-08-06 15:40:00-04:00,768.5369262695312,768.6099853515625,768.0999755859375,768.3099975585938,423734,0.0,0.0,0.0
2026-08-06 15:45:00-04:00,768.3099975585938,768.52001953125,767.9600219726562,768.4400024414062,830017,0.0,0.0,0.0
2026-08-06 15:50:00-04:00,768.4299926757812,768.7730102539062,767.7000122070312,768.6400146484375,1720823,0.0,0.0,0.0
2026-08-06 15:55:00-04:00,768.6199951171875,768.8900146484375,768.1300048828125,768.530029296875,2485588,0.0,0.0,0.0
2026-08-07 09:30:00-04:00,771.02001953125,771.6199951171875,770.6199951171875,771.47998046875,2853922,0.0,0.0,0.0
2026-08-07 09:35:00-04:00,771.5,771.5474853515625,770.6799926757812,771.13037109375,529092,0.0,0.0,0.0
2026-08-07 09:40:00-04:00,771.125,772.0900268554688,770.8804931640625,771.989990234375,498047,0.0,0.0,0.0
2026-08-07 09:45:00-04:00,771.989990234375,772.3699951171875,771.1348876953125,771.7301025390625,485208,0.0,0.0,0.0
2026-08-07 09:50:00-04:00,771.72998046875,772.2349853515625,771.5999755859375,771.97998046875,367189,0.0,0.0,0.0
2026-08-07 09:55:00-04:00,771.97998046875,772.1300048828125,770.4600219726562,771.040283203125,524553,0.0,0.0,0.0
2026-08-07 10:00:00-04:00,771.0700073242188,771.6099853515625,770.4000244140625,770.4349975585938,375913,0.0,0.0,0.0
2026-08-07 10:05:00-04:00,770.400390625,771.0700073242188,770.3699951171875,770.4949951171875,335775,0.0,0.0,0.0
2026-08-07 10:10:00-04:00,770.47998046875,770.7899780273438,769.6199951171875,769.844970703125,650116,0.0,0.0,0.0
2026-08-07 10:15:00-04:00,769.8699951171875,771.8289184570312,769.6799926757812,771.8200073242188,675465,0.0,0.0,0.0
2026-08-07 10:20:00-04:00,771.8300170898438,772.280029296875,771.530029296875,772.0399780273438,446551,0.0,0.0,0.0
2026-08-07 10:25:00-04:00,772.0449829101562,773.2899780273438,772.0449829101562,773.1900024414062,430651,0.0,0.0,0.0
2026-08-07 10:30:00-04:00,773.1599731445312,773.3499755859375,772.3930053710938,772.6099853515625,473336,0.0,0.0,0.0
2026-08-07 10:35:00-04:00,772.6099853515625,772.7999877929688,771.719970703125,771.9000244140625,360704,0.0,0.0,0.0
2026-08-07 10:40:00-04:00,771.8900146484375,772.4400024414062,771.7100219726562,771.97998046875,373525,0.0,0.0,0.0
2026-08-07 10:45:00-04:00,771.9500122070312,772.7050170898438,771.9500122070312,772.3900146484375,314230,0.0,0.0,0.0
2026-08-07 10:50:00-04:00,772.3900146484375,772.510009765625,771.8699951171875,772.2100219726562,237498,0.0,0.0,0.0
2026-08-07 10:55:00-04:00,772.2100219726562,773.0,772.1599731445312,772.8800048828125,285701,0.0,0.0,0.0
2026-08-07 11:00:00-04:00,772.8800048828125,772.89990234375,772.3699951171875,772.760009765625,255311,0.0,0.0,0.0
2026-08-07 11:05:00-04:00,772.780029296875,773.030029296875,772.7100219726562,772.9600219726562,985747,0.0,0.0,0.0
2026-08-07 11:10:00-04:00,772.96630859375,773.3975219726562,772.6500244140625,773.0900268554688,440029,0.0,0.0,0.0
2026-08-07 11:15:00-04:00,773.0900268554688,773.1599731445312,772.7849731445312,772.8800048828125,252251,0.0,0.0,0.0
2026-08-07 11:20:00-04:00,772.8699951171875,773.6099853515625,772.8400268554688,773.5349731445312,330541,0.0,0.0,0.0
2026-08-07 11:25:00-04:00,773.530029296875,773.8900146484375,773.47998046875,773.6500244140625,428634,0.0,0.0,0.0
2026-08-07 11:30:00-04:00,773.6599731445312,773.9149780273438,773.4000244140625,773.4199829101562,703196,0.0,0.0,0.0
2026-08-07 11:35:00-04:00,773.4550170898438,773.5499877929688,773.2100219726562,773.3900146484375,320907,0.0,0.0,0.0
2026-08-07 11:40:00-04:00,773.4000244140625,773.6300048828125,772.892822265625,773.1649780273438,252931,0.0,0.0,0.0
2026-08-07 11:45:00-04:00,773.1799926757812,773.5900268554688,773.0399780273438,773.5750122070312,208770,0.0,0.0,0.0
2026-08-07 11:50:00-04:00,773.5499877929688,773.6400146484375,773.0499877929688,773.2999877929688,236401,0.0,0.0,0.0
2026-08-07 11:55:00-04:00,773.3099975585938,773.3300170898438,772.8300170898438,773.030029296875,251081,0.0,0.0,0.0
2026-08-07 12:00:00-04:00,773.0399780273438,773.1599731445312,772.7449951171875,773.155029296875,401586,0.0,0.0,0.0
2026-08-07 12:05:00-04:00,773.1599731445312,773.3800048828125,773.030029296875,773.1649780273438,208248,0.0,0.0,0.0
2026-08-07 12:10:00-04:00,773.1699829101562,773.35498046875,772.9949951171875,773.010009765625,271262,0.0,0.0,0.0
2026-08-07 12:15:00-04:00,772.989990234375,773.219970703125,772.8699951171875,772.969970703125,301270,0.0,0.0,0.0
2026-08-07 12:20:00-04:00,772.97998046875,773.3300170898438,772.239990234375,772.25,304859,0.0,0.0,0.0
2026-08-07 12:25:00-04:00,772.260009765625,772.3300170898438,771.333984375,771.7249755859375,436150,0.0,0.0,0.0
2026-08-07 12:30:00-04:00,771.7349853515625,771.969970703125,771.0615234375,771.9301147460938,1275956,0.0,0.0,0.0
2026-08-07 12:35:00-04:00,771.9400024414062,772.3300170898438,771.7100219726562,772.2949829101562,408761,0.0,0.0,0.0
2026-08-07 12:40:00-04:00,772.281494140625,772.6300048828125,772.239990234375,772.5900268554688,198371,0.0,0.0,0.0
2026-08-07 12:45:00-04:00,772.5999755859375,772.75,772.4199829101562,772.6400146484375,285979,0.0,0.0,0.0
2026-08-07 12:50:00-04:00,772.6300048828125,772.8599853515625,772.0850219726562,772.1950073242188,189549,0.0,0.0,0.0
2026-08-07 12:55:00-04:00,772.2100219726562,772.3900146484375,771.9500122070312,771.9650268554688,609854,0.0,0.0,0.0
2026-08-07 13:00:00-04:00,771.9600830078125,772.2999267578125,771.77001953125,772.0399780273438,223605,0.0,0.0,0.0
2026-08-07 13:05:00-04:00,772.0349731445312,772.2999877929688,772.030029296875,772.260009765625,168889,0.0,0.0,0.0
2026-08-07 13:10:00-04:00,772.260009765625,772.3699951171875,771.989990234375,772.0549926757812,142993,0.0,0.0,0.0
2026-08-07 13:15:00-04:00,772.0549926757812,772.3800048828125,771.989990234375,772.3049926757812,164223,0.0,0.0,0.0
2026-08-07 13:20:00-04:00,772.2899780273438,772.4099731445312,771.9000244140625,771.9000244140625,204177,0.0,0.0,0.0
2026-08-07 13:25:00-04:00,771.8900146484375,772.22998046875,771.739990234375,772.0900268554688,163027,0.0,0.0,0.0
2026-08-07 13:30:00-04:00,772.1099853515625,772.22998046875,771.72998046875,771.9299926757812,231652,0.0,0.0,0.0
2026-08-07 13:35:00-04:00,771.9299926757812,772.3900146484375,771.8800048828125,772.3699951171875,144880,0.0,0.0,0.0
2026-08-07 13:40:00-04:00,772.3900146484375,772.4199829101562,772.1300048828125,772.1699829101562,137361,0.0,0.0,0.0
2026-08-07 13:45:00-04:00,772.1799926757812,772.4400024414062,772.0900268554688,772.2899780273438,178812,0.0,0.0,0.0
2026-08-07 13:50:00-04:00,772.2775268554688,772.4600219726562,771.989990234375,772.2999877929688,156607,0.0,0.0,0.0
2026-08-07 13:55:00-04:00,772.3099975585938,772.4000244140625,772.1699829101562,772.1699829101562,128891,0.0,0.0,0.0
2026-08-07 14:00:00-04:00,772.1649780273438,772.2849731445312,772.0800170898438,772.1400146484375,283862,0.0,0.0,0.0
2026-08-07 14:05:00-04:00,772.1500244140625,772.1799926757812,771.8300170898438,772.0399169921875,334083,0.0,0.0,0.0
2026-08-07 14:10:00-04:00,772.0499877929688,772.1199951171875,771.4500122070312,771.5750122070312,562177,0.0,0.0,0.0
2026-08-07 14:15:00-04:00,771.5805053710938,771.8099975585938,771.469970703125,771.72998046875,326722,0.0,0.0,0.0
2026-08-07 14:20:00-04:00,771.719970703125,771.7999877929688,771.5399780273438,771.6599731445312,169024,0.0,0.0,0.0
2026-08-07 14:25:00-04:00,771.6599731445312,771.760009765625,771.4500122070312,771.47998046875,195297,0.0,0.0,0.0
2026-08-07 14:30:00-04:00,771.4749755859375,771.6400146484375,771.3350219726562,771.3900146484375,263426,0.0,0.0,0.0
2026-08-07 14:35:00-04:00,771.3900146484375,771.510009765625,771.1900024414062,771.2999877929688,420610,0.0,0.0,0.0
2026-08-07 14:40:00-04:00,771.2999877929688,771.3800048828125,770.8900146484375,770.9600219726562,284861,0.0,0.0,0.0
2026-08-07 14:45:00-04:00,770.969970703125,771.280029296875,770.9099731445312,771.25,190814,0.0,0.0,0.0
2026-08-07 14:50:00-04:00,771.25,771.489990234375,771.219970703125,771.3200073242188,444613,0.0,0.0,0.0
2026-08-07 14:55:00-04:00,771.3300170898438,771.8099975585938,771.2100219726562,771.7100219726562,316460,0.0,0.0,0.0
2026-08-07 15:00:00-04:00,771.6799926757812,772.469970703125,771.6599731445312,772.0499877929688,572579,0.0,0.0,0.0
2026-08-07 15:05:00-04:00,772.0499877929688,772.6799926757812,772.0349731445312,772.6500244140625,528850,0.0,0.0,0.0
2026-08-07 15:10:00-04:00,772.6649780273438,773.0599975585938,772.6649780273438,772.9000244140625,494134,0.0,0.0,0.0
2026-08-07 15:15:00-04:00,772.9099731445312,773.4500122070312,772.7999877929688,772.8400268554688,598593,0.0,0.0,0.0
2026-08-07 15:20:00-04:00,772.8599853515625,773.219970703125,772.8400268554688,772.9000244140625,320971,0.0,0.0,0.0
2026-08-07 15:25:00-04:00,772.9099731445312,773.1199951171875,772.8599853515625,773.0750122070312,475399,0.0,0.0,0.0
2026-08-07 15:30:00-04:00,773.0800170898438,773.0900268554688,772.6599731445312,772.719970703125,544858,0.0,0.0,0.0
2026-08-07 15:35:00-04:00,772.739990234375,773.0999755859375,772.60498046875,772.9099731445312,581500,0.0,0.0,0.0
2026-08-07 15:40:00-04:00,772.9199829101562,772.9598999023438,772.52001953125,772.5700073242188,569447,0.0,0.0,0.0
2026-08-07 15:45:00-04:00,772.5700073242188,772.97998046875,772.5499877929688,772.8699951171875,658932,0.0,0.0,0.0
2026-08-07 15:50:00-04:00,772.8499755859375,773.0549926757812,772.6500244140625,772.8499755859375,1143195,0.0,0.0,0.0
2026-08-07 15:55:00-04:00,772.8599853515625,773.8300170898438,772.8200073242188,773.1199951171875,2978910,0.0,0.0,0.0
2026-08-10 09:30:00-04:00,772.5999755859375,773.6300048828125,772.5499877929688,772.6400146484375,1394672,0.0,0.0,0.0
2026-08-10 09:35:00-04:00,772.6300048828125,773.1199951171875,772.5,772.7999877929688,580217,0.0,0.0,0.0
2026-08-10 09:40:00-04:00,772.7899780273438,773.1099853515625,772.52001953125,772.6599731445312,512584,0.0,0.0,0.0
2026-08-10 09:45:00-04:00,772.6500244140625,773.260009765625,772.6199951171875,773.1300048828125,570720,0.0,0.0,0.0
2026-08-10 09:50:00-04:00,773.1300048828125,773.4099731445312,772.5,773.1300048828125,604359,0.0,0.0,0.0
2026-08-10 09:55:00-04:00,773.125,773.52001953125,773.010009765625,773.468994140625,365858,0.0,0.0,0.0
2026-08-10 10:00:00-04:00,773.4199829101562,773.8499755859375,773.3900146484375,773.719970703125,1022823,0.0,0.0,0.0
2026-08-10 10:05:00-04:00,773.6799926757812,774.030029296875,773.5700073242188,774.0250244140625,411551,0.0,0.0,0.0
2026-08-10 10:10:00-04:00,774.0250244140625,774.260009765625,773.8900146484375,774.2150268554688,536935,0.0,0.0,0.0
2026-08-10 10:15:00-04:00,774.219970703125,774.3499755859375,773.969970703125,774.2899780273438,352830,0.0,0.0,0.0
2026-08-10 10:20:00-04:00,774.2899780273438,774.375,773.8300170898438,773.969970703125,624972,0.0,0.0,0.0
2026-08-10 10:25:00-04:00,773.9650268554688,774.4600219726562,773.7650146484375,774.35498046875,407563,0.0,0.0,0.0
2026-08-10 10:30:00-04:00,774.35498046875,774.6900024414062,774.27001953125,774.3599853515625,616342,0.0,0.0,0.0
2026-08-10 10:35:00-04:00,774.35498046875,774.6199951171875,774.1746826171875,774.3400268554688,384364,0.0,0.0,0.0
2026-08-10 10:40:00-04:00,774.3400268554688,774.6400146484375,774.3049926757812,774.5999755859375,378768,0.0,0.0,0.0
2026-08-10 10:45:00-04:00,774.60498046875,775.0499877929688,774.5999755859375,774.9199829101562,830372,0.0,0.0,0.0
2026-08-10 10:50:00-04:00,774.9299926757812,774.9500122070312,773.7999877929688,773.8800048828125,618461,0.0,0.0,0.0
2026-08-10 10:55:00-04:00,773.8499755859375,774.1099853515625,773.5,773.5150146484375,473579,0.0,0.0,0.0
2026-08-10 11:00:00-04:00,773.510009765625,773.9500122070312,773.3099975585938,773.7100219726562,435586,0.0,0.0,0.0
2026-08-10 11:05:00-04:00,773.7100219726562,774.030029296875,773.5800170898438,773.5800170898438,341452,0.0,0.0,0.0
2026-08-10 11:10:00-04:00,773.5499877929688,773.9199829101562,773.4500122070312,773.8200073242188,302087,0.0,0.0,0.0
2026-08-10 11:15:00-04:00,773.8200073242188,774.1900024414062,773.760009765625,773.9199829101562,283525,0.0,0.0,0.0
2026-08-10 11:20:00-04:00,773.9199829101562,774.0999755859375,773.7999877929688,773.9199829101562,267595,0.0,0.0,0.0
2026-08-10 11:25:00-04:00,773.9199829101562,773.989990234375,773.4199829101562,773.739990234375,197255,0.0,0.0,0.0
2026-08-10 11:30:00-04:00,773.760009765625,773.8699951171875,773.3599853515625,773.3900146484375,216002,0.0,0.0,0.0
2026-08-10 11:35:00-04:00,773.405029296875,773.5999755859375,773.22998046875,773.280029296875,354915,0.0,0.0,0.0
2026-08-10 11:40:00-04:00,773.27001953125,773.8049926757812,773.1599731445312,773.7899780273438,189257,0.0,0.0,0.0
2026-08-10 11:45:00-04:00,773.8099975585938,773.8800048828125,773.5100708007812,773.5499877929688,172417,0.0,0.0,0.0
2026-08-10 11:50:00-04:00,773.5650024414062,774.3400268554688,773.4949951171875,774.2100219726562,248757,0.0,0.0,0.0
2026-08-10 11:55:00-04:00,774.1900024414062,774.4099731445312,774.030029296875,774.3099975585938,335269,0.0,0.0,0.0
2026-08-10 12:00:00-04:00,774.3400268554688,774.4349975585938,774.0399780273438,774.1649780273438,242067,0.0,0.0,0.0
2026-08-10 12:05:00-04:00,774.1699829101562,774.2000122070312,773.875,773.989990234375,219466,0.0,0.0,0.0
2026-08-10 12:10:00-04:00,774.0,774.1400146484375,773.780029296875,773.780029296875,282665,0.0,0.0,0.0
2026-08-10 12:15:00-04:00,773.780029296875,773.7899780273438,773.4500122070312,773.6900024414062,240699,0.0,0.0,0.0
2026-08-10 12:20:00-04:00,773.6699829101562,773.8599853515625,773.47998046875,773.7650146484375,183608,0.0,0.0,0.0
2026-08-10 12:25:00-04:00,773.7550048828125,773.9199829101562,773.3499755859375,773.3699951171875,233503,0.0,0.0,0.0
2026-08-10 12:30:00-04:00,773.3699951171875,773.4879760742188,771.6199951171875,772.6799926757812,936642,0.0,0.0,0.0
2026-08-10 12:35:00-04:00,772.739990234375,773.0700073242188,772.52001953125,772.5700073242188,396668,0.0,0.0,0.0
2026-08-10 12:40:00-04:00,772.5700073242188,772.6400146484375,771.9749755859375,772.159912109375,399488,0.0,0.0,0.0
2026-08-10 12:45:00-04:00,772.1599731445312,772.6300048828125,771.9299926757812,772.6099853515625,343625,0.0,0.0,0.0
2026-08-10 12:50:00-04:00,772.6300048828125,772.6400146484375,772.260009765625,772.530029296875,163277,0.0,0.0,0.0
2026-08-10 12:55:00-04:00,772.530029296875,772.9600219726562,772.52001953125,772.9500122070312,217374,0.0,0.0,0.0
2026-08-10 13:00:00-04:00,772.9400024414062,773.0499877929688,772.5,772.6799926757812,313484,0.0,0.0,0.0
2026-08-10 13:05:00-04:00,772.6799926757812,773.0900268554688,772.5800170898438,773.0900268554688,194299,0.0,0.0,0.0
2026-08-10 13:10:00-04:00,773.0700073242188,773.25,772.9000244140625,773.1099853515625,222041,0.0,0.0,0.0
2026-08-10 13:15:00-04:00,773.114990234375,773.280029296875,772.9852294921875,773.1400146484375,199345,0.0,0.0,0.0
2026-08-10 13:20:00-04:00,773.147705078125,773.2100219726562,772.989990234375,773.1500244140625,196008,0.0,0.0,0.0
2026-08-10 13:25:00-04:00,773.1400146484375,773.1799926757812,772.8599853515625,773.1094970703125,156557,0.0,0.0,0.0
2026-08-10 13:30:00-04:00,773.1099853515625,773.260009765625,773.0599975585938,773.1300048828125,176726,0.0,0.0,0.0
2026-08-10 13:35:00-04:00,773.1199951171875,773.1599731445312,772.7000122070312,772.844970703125,176600,0.0,0.0,0.0
2026-08-10 13:40:00-04:00,772.8400268554688,772.969970703125,772.6099853515625,772.6500244140625,159893,0.0,0.0,0.0
2026-08-10 13:45:00-04:00,772.6599731445312,772.760009765625,772.5499877929688,772.6799926757812,154297,0.0,0.0,0.0
2026-08-10 13:50:00-04:00,772.6799926757812,772.75,772.489990234375,772.6199951171875,209840,0.0,0.0,0.0
2026-08-10 13:55:00-04:00,772.6099853515625,772.8200073242188,772.510009765625,772.739013671875,240959,0.0,0.0,0.0
2026-08-10 14:00:00-04:00,772.72998046875,772.8800048828125,772.6599731445312,772.739990234375,232718,0.0,0.0,0.0
2026-08-10 14:05:00-04:00,772.739990234375,773.02001953125,772.6500244140625,772.9400024414062,265829,0.0,0.0,0.0
2026-08-10 14:10:00-04:00,772.9349975585938,773.0599975585938,772.6400146484375,772.6799926757812,249045,0.0,0.0,0.0
2026-08-10 14:15:00-04:00,772.6699829101562,772.75,772.530029296875,772.5599975585938,567494,0.0,0.0,0.0
2026-08-10 14:20:00-04:00,772.5800170898438,772.75,772.5,772.5499877929688,223977,0.0,0.0,0.0
2026-08-10 14:25:00-04:00,772.5499877929688,772.7100219726562,772.510009765625,772.530029296875,280755,0.0,0.0,0.0
2026-08-10 14:30:00-04:00,772.52001953125,772.6699829101562,772.3599853515625,772.5449829101562,520433,0.0,0.0,0.0
2026-08-10 14:35:00-04:00,772.5399780273438,772.7100219726562,772.3200073242188,772.5599975585938,314908,0.0,0.0,0.0
2026-08-10 14:40:00-04:00,772.5599975585938,772.9299926757812,772.5499877929688,772.885009765625,723242,0.0,0.0,0.0
2026-08-10 14:45:00-04:00,772.8800048828125,772.9299926757812,772.739990234375,772.8499755859375,357552,0.0,0.0,0.0
2026-08-10 14:50:00-04:00,772.8400268554688,773.1500244140625,772.8400268554688,773.1099853515625,214897,0.0,0.0,0.0
2026-08-10 14:55:00-04:00,773.114990234375,773.3300170898438,773.0,773.1900024414062,330679,0.0,0.0,0.0
2026-08-10 15:00:00-04:00,773.2000122070312,773.3200073242188,773.0499877929688,773.1900024414062,380984,0.0,0.0,0.0
2026-08-10 15:05:00-04:00,773.1849975585938,773.4000244140625,773.1099853515625,773.3900146484375,229464,0.0,0.0,0.0
2026-08-10 15:10:00-04:00,773.3900146484375,773.3900146484375,773.219970703125,773.2999877929688,315994,0.0,0.0,0.0
2026-08-10 15:15:00-04:00,773.2999877929688,773.4400024414062,773.2100219726562,773.2999877929688,265632,0.0,0.0,0.0
2026-08-10 15:20:00-04:00,773.3099975585938,773.4000244140625,773.1817016601562,773.3701171875,338157,0.0,0.0,0.0
2026-08-10 15:25:00-04:00,773.3900146484375,773.3900146484375,772.8800048828125,772.9299926757812,285647,0.0,0.0,0.0
2026-08-10 15:30:00-04:00,772.9450073242188,773.0007934570312,772.72998046875,772.8900146484375,337947,0.0,0.0,0.0
2026-08-10 15:35:00-04:00,772.8800048828125,773.2899780273438,772.780029296875,773.1701049804688,381510,0.0,0.0,0.0
2026-08-10 15:40:00-04:00,773.1900024414062,773.2000122070312,772.9400024414062,773.0850219726562,319656,0.0,0.0,0.0
2026-08-10 15:45:00-04:00,773.0800170898438,773.219970703125,772.89501953125,773.1699829101562,951188,0.0,0.0,0.0
2026-08-10 15:50:00-04:00,773.1599731445312,773.1599731445312,772.35498046875,772.3800048828125,1210259,0.0,0.0,0.0
2026-08-10 15:55:00-04:00,772.4000244140625,773.1599731445312,772.3150024414062,773.0700073242188,2364437,0.0,0.0,0.0
2026-08-11 09:30:00-04:00,774.530029296875,774.5399780273438,773.22998046875,773.469970703125,1428648,0.0,0.0,0.0
2026-08-11 09:35:00-04:00,773.4600219726562,773.5399780273438,772.864990234375,773.1099853515625,424993,0.0,0.0,0.0
2026-08-11 09:40:00-04:00,773.1198120117188,773.7100219726562,773.0999755859375,773.2999877929688,324717,0.0,0.0,0.0
2026-08-11 09:45:00-04:00,773.2999877929688,773.4849853515625,772.5800170898438,772.8400268554688,532137,0.0,0.0,0.0
2026-08-11 09:50:00-04:00,772.8350219726562,773.1400146484375,772.5900268554688,772.9199829101562,298670,0.0,0.0,0.0
2026-08-11 09:55:00-04:00,772.8800048828125,773.6400146484375,772.7999877929688,773.614990234375,380944,0.0,0.0,0.0
2026-08-11 10:00:00-04:00,773.614990234375,774.0800170898438,773.489990234375,773.8699951171875,453452,0.0,0.0,0.0
2026-08-11 10:05:00-04:00,773.85498046875,773.969970703125,773.5499877929688,773.7899780273438,329331,0.0,0.0,0.0
2026-08-11 10:10:00-04:00,773.8018188476562,773.9761962890625,773.5900268554688,773.780029296875,251067,0.0,0.0,0.0
2026-08-11 10:15:00-04:00,773.7999877929688,773.9500122070312,773.3800048828125,773.6300048828125,160206,0.0,0.0,0.0
2026-08-11 10:20:00-04:00,773.6400146484375,773.8699951171875,773.3800048828125,773.405029296875,291938,0.0,0.0,0.0
2026-08-11 10:25:00-04:00,773.3900146484375,773.9498901367188,773.3300170898438,773.8699951171875,406585,0.0,0.0,0.0
2026-08-11 10:30:00-04:00,773.8800048828125,773.9299926757812,773.4600219726562,773.6699829101562,243033,0.0,0.0,0.0
2026-08-11 10:35:00-04:00,773.6699829101562,773.7750244140625,773.2100219726562,773.344970703125,383084,0.0,0.0,0.0
2026-08-11 10:40:00-04:00,773.3699951171875,773.6199951171875,773.280029296875,773.369873046875,201888,0.0,0.0,0.0
2026-08-11 10:45:00-04:00,773.3599853515625,773.9299926757812,773.3499755859375,773.9000244140625,542338,0.0,0.0,0.0
2026-08-11 10:50:00-04:00,773.8800048828125,774.0349731445312,773.4600219726562,773.8900146484375,260399,0.0,0.0,0.0
2026-08-11 10:55:00-04:00,773.8900146484375,774.030029296875,773.5449829101562,773.6199951171875,271133,0.0,0.0,0.0
2026-08-11 11:00:00-04:00,773.6300048828125,773.8099975585938,773.375,773.5,207831,0.0,0.0,0.0
2026-08-11 11:05:00-04:00,773.5050048828125,773.5098876953125,772.719970703125,772.8049926757812,460078,0.0,0.0,0.0
2026-08-11 11:10:00-04:00,772.7899780273438,772.9450073242188,772.5499877929688,772.6599731445312,361674,0.0,0.0,0.0
2026-08-11 11:15:00-04:00,772.6599731445312,772.6799926757812,772.2000122070312,772.4500122070312,401588,0.0,0.0,0.0
2026-08-11 11:20:00-04:00,772.4500122070312,772.8400268554688,772.4000244140625,772.510009765625,296732,0.0,0.0,0.0
2026-08-11 11:25:00-04:00,772.52001953125,772.7000122070312,772.4000244140625,772.4010009765625,200505,0.0,0.0,0.0
2026-08-11 11:30:00-04:00,772.4099731445312,772.5599975585938,771.8049926757812,771.9450073242188,336602,0.0,0.0,0.0
2026-08-11 11:35:00-04:00,771.9500122070312,772.1300048828125,771.75,771.8599853515625,395830,0.0,0.0,0.0
2026-08-11 11:40:00-04:00,771.85498046875,772.2100219726562,771.780029296875,772.1799926757812,295888,0.0,0.0,0.0
2026-08-11 11:45:00-04:00,772.1699829101562,772.1763916015625,771.8905029296875,771.9949951171875,214007,0.0,0.0,0.0
2026-08-11 11:50:00-04:00,772.0,772.2479858398438,771.77001953125,771.8399047851562,246644,0.0,0.0,0.0
2026-08-11 11:55:00-04:00,771.8400268554688,772.1400146484375,771.7899780273438,772.0,315282,0.0,0.0,0.0
2026-08-11 12:00:00-04:00,772.030029296875,772.3099975585938,772.010009765625,772.0399780273438,212708,0.0,0.0,0.0
2026-08-11 12:05:00-04:00,772.030029296875,772.3900146484375,771.969970703125,772.3099975585938,592824,0.0,0.0,0.0
2026-08-11 12:10:00-04:00,772.318115234375,772.3300170898438,771.9299926757812,771.9550170898438,306205,0.0,0.0,0.0
2026-08-11 12:15:00-04:00,771.969970703125,772.4500122070312,771.9661865234375,772.0800170898438,986294,0.0,0.0,0.0
2026-08-11 12:20:00-04:00,772.0800170898438,772.2000122070312,771.6300048828125,771.7050170898438,296802,0.0,0.0,0.0
2026-08-11 12:25:00-04:00,771.7000122070312,771.8900146484375,771.3800048828125,771.8189697265625,681860,0.0,0.0,0.0
2026-08-11 12:30:00-04:00,771.8175048828125,771.9199829101562,771.4600219726562,771.5599975585938,295572,0.0,0.0,0.0
2026-08-11 12:35:00-04:00,771.5549926757812,772.010009765625,771.52001953125,771.8699951171875,216327,0.0,0.0,0.0
2026-08-11 12:40:00-04:00,771.8599853515625,771.8599853515625,771.5499877929688,771.5800170898438,290232,0.0,0.0,0.0
2026-08-11 12:45:00-04:00,771.5800170898438,771.5999755859375,771.280029296875,771.4299926757812,599549,0.0,0.0,0.0
2026-08-11 12:50:00-04:00,771.4400024414062,771.5599975585938,771.3001098632812,771.3800048828125,178651,0.0,0.0,0.0
2026-08-11 12:55:00-04:00,771.3800048828125,771.4099731445312,771.0399780273438,771.1400146484375,464586,0.0,0.0,0.0
2026-08-11 13:00:00-04:00,771.1500244140625,771.260009765625,770.780029296875,770.7849731445312,268966,0.0,0.0,0.0
2026-08-11 13:05:00-04:00,770.780029296875,771.0999755859375,770.760009765625,770.8800048828125,198827,0.0,0.0,0.0
2026-08-11 13:10:00-04:00,770.8800048828125,770.8800048828125,770.2999877929688,770.3265991210938,245008,0.0,0.0,0.0
2026-08-11 13:15:00-04:00,770.3099975585938,770.8399047851562,770.260009765625,770.7550048828125,285392,0.0,0.0,0.0
2026-08-11 13:20:00-04:00,770.760009765625,771.0,770.5999755859375,770.9000244140625,191635,0.0,0.0,0.0
2026-08-11 13:25:00-04:00,770.8900146484375,771.010009765625,770.6599731445312,770.8499755859375,158315,0.0,0.0,0.0
2026-08-11 13:30:00-04:00,770.8499755859375,770.9500122070312,770.72998046875,770.9400024414062,156705,0.0,0.0,0.0
2026-08-11 13:35:00-04:00,770.9450073242188,771.1300048828125,770.77001953125,770.875,235620,0.0,0.0,0.0
2026-08-11 13:40:00-04:00,770.8900146484375,771.3099975585938,770.7899780273438,771.27001953125,230686,0.0,0.0,0.0
2026-08-11 13:45:00-04:00,771.260009765625,771.35498046875,771.1199951171875,771.1702880859375,140117,0.0,0.0,0.0
2026-08-11 13:50:00-04:00,771.1950073242188,771.3300170898438,771.1500244140625,771.2949829101562,150583,0.0,0.0,0.0
2026-08-11 13:55:00-04:00,771.3099975585938,771.3099975585938,771.1099853515625,771.2399291992188,168385,0.0,0.0,0.0
2026-08-11 14:00:00-04:00,771.219970703125,771.239501953125,770.9000244140625,771.0650024414062,288249,0.0,0.0,0.0
2026-08-11 14:05:00-04:00,771.0700073242188,771.1599731445312,770.6699829101562,770.6900024414062,192607,0.0,0.0,0.0
2026-08-11 14:10:00-04:00,770.7000122070312,770.9099731445312,770.6500244140625,770.8350219726562,284970,0.0,0.0,0.0
2026-08-11 14:15:00-04:00,770.8400268554688,770.9400024414062,770.6400146484375,770.75,189412,0.0,0.0,0.0
2026-08-11 14:20:00-04:00,770.739990234375,770.75,770.280029296875,770.489990234375,275517,0.0,0.0,0.0
2026-08-11 14:25:00-04:00,770.5,770.5599975585938,769.2000122070312,769.5,469509,0.0,0.0,0.0
2026-08-11 14:30:00-04:00,769.52001953125,770.0499877929688,769.5150146484375,770.0,831651,0.0,0.0,0.0
2026-08-11 14:35:00-04:00,770.0050048828125,770.219970703125,769.9299926757812,770.010009765625,308649,0.0,0.0,0.0
2026-08-11 14:40:00-04:00,770.0,770.0,769.6599731445312,769.7899780273438,386285,0.0,0.0,0.0
2026-08-11 14:45:00-04:00,769.780029296875,770.3499755859375,769.780029296875,770.3400268554688,239434,0.0,0.0,0.0
2026-08-11 14:50:00-04:00,770.3250122070312,770.4650268554688,770.1400146484375,770.3699951171875,287103,0.0,0.0,0.0
2026-08-11 14:55:00-04:00,770.35498046875,770.3800048828125,770.0599975585938,770.0750122070312,163546,0.0,0.0,0.0
2026-08-11 15:00:00-04:00,770.0900268554688,770.2100219726562,769.8900146484375,770.094970703125,208970,0.0,0.0,0.0
2026-08-11 15:05:00-04:00,770.094970703125,770.1699829101562,769.8499755859375,770.0800170898438,301661,0.0,0.0,0.0
2026-08-11 15:10:00-04:00,770.0900268554688,770.3800048828125,770.02001953125,770.239990234375,215690,0.0,0.0,0.0
2026-08-11 15:15:00-04:00,770.27001953125,770.4901123046875,770.1699829101562,770.4400024414062,319523,0.0,0.0,0.0
2026-08-11 15:20:00-04:00,770.4400024414062,770.6699829101562,770.3699951171875,770.6400146484375,276727,0.0,0.0,0.0
2026-08-11 15:25:00-04:00,770.6389770507812,770.6900024414062,770.4500122070312,770.6300048828125,434929,0.0,0.0,0.0
2026-08-11 15:30:00-04:00,770.6300048828125,770.8400268554688,770.5499877929688,770.7999877929688,500789,0.0,0.0,0.0
2026-08-11 15:35:00-04:00,770.7899780273438,771.094970703125,770.7000122070312,771.0499877929688,320188,0.0,0.0,0.0
2026-08-11 15:40:00-04:00,771.0700073242188,771.0700073242188,770.6799926757812,770.7150268554688,377306,0.0,0.0,0.0
2026-08-11 15:45:00-04:00,770.719970703125,770.719970703125,770.2899780273438,770.3800048828125,798025,0.0,0.0,0.0
2026-08-11 15:50:00-04:00,770.3900146484375,770.469970703125,769.7899780273438,770.4000244140625,610583,0.0,0.0,0.0
2026-08-11 15:55:00-04:00,770.4099731445312,770.5499877929688,769.8400268554688,770.47998046875,2662022,0.0,0.0,0.0
2026-08-12 09:30:00-04:00,774.7100219726562,774.9000244140625,772.719970703125,773.0650024414062,2473063,0.0,0.0,0.0
2026-08-12 09:35:00-04:00,773.0499877929688,773.5150146484375,772.8049926757812,772.8800048828125,545687,0.0,0.0,0.0
2026-08-12 09:40:00-04:00,772.8900146484375,773.1199951171875,772.4550170898438,772.8095092773438,541526,0.0,0.0,0.0
2026-08-12 09:45:00-04:00,772.8200073242188,773.6500244140625,772.3619995117188,773.5399780273438,681812,0.0,0.0,0.0
2026-08-12 09:50:00-04:00,773.5399780273438,773.5399780273438,772.5650024414062,772.614990234375,475100,0.0,0.0,0.0
2026-08-12 09:55:00-04:00,772.614990234375,772.780029296875,772.0900268554688,772.5900268554688,420109,0.0,0.0,0.0
2026-08-12 10:00:00-04:00,772.594970703125,772.8200073242188,771.9299926757812,771.9400024414062,502816,0.0,0.0,0.0
2026-08-12 10:05:00-04:00,771.9400024414062,772.510009765625,771.8800048828125,772.4000244140625,468985,0.0,0.0,0.0
2026-08-12 10:10:00-04:00,772.4199829101562,772.719970703125,772.1599731445312,772.3800048828125,329490,0.0,0.0,0.0
2026-08-12 10:15:00-04:00,772.3599853515625,773.02001953125,772.22998046875,772.5,397238,0.0,0.0,0.0
2026-08-12 10:20:00-04:00,772.5,773.030029296875,772.1799926757812,772.9650268554688,308692,0.0,0.0,0.0
2026-08-12 10:25:00-04:00,772.9400024414062,773.3049926757812,772.5900268554688,772.7949829101562,350688,0.0,0.0,0.0
2026-08-12 10:30:00-04:00,772.7899780273438,772.9807739257812,771.2899780273438,772.0700073242188,941071,0.0,0.0,0.0
2026-08-12 10:35:00-04:00,772.0599975585938,772.7899780273438,771.9199829101562,772.7899780273438,327442,0.0,0.0,0.0
2026-08-12 10:40:00-04:00,772.7799072265625,773.0900268554688,772.6799926757812,773.0599975585938,357018,0.0,0.0,0.0
2026-08-12 10:45:00-04:00,773.0599975585938,773.2000122070312,772.4199829101562,772.6799926757812,247235,0.0,0.0,0.0
2026-08-12 10:50:00-04:00,772.6799926757812,772.7100219726562,771.989990234375,772.0599975585938,270283,0.0,0.0,0.0
2026-08-12 10:55:00-04:00,772.0399780273438,772.3400268554688,771.8200073242188,772.219970703125,311084,0.0,0.0,0.0
2026-08-12 11:00:00-04:00,772.2208862304688,772.2899780273438,771.760009765625,771.8699951171875,217138,0.0,0.0,0.0
2026-08-12 11:05:00-04:00,771.864990234375,772.2100219726562,771.7100219726562,772.0900268554688,281952,0.0,0.0,0.0
2026-08-12 11:10:00-04:00,772.1199951171875,772.4099731445312,771.77001953125,772.1699829101562,234332,0.0,0.0,0.0
2026-08-12 11:15:00-04:00,772.1300048828125,772.3198852539062,771.9400024414062,772.0999755859375,143342,0.0,0.0,0.0
2026-08-12 11:20:00-04:00,772.1220092773438,772.1900024414062,771.719970703125,771.9089965820312,539655,0.0,0.0,0.0
2026-08-12 11:25:00-04:00,771.8900146484375,772.3699951171875,771.844970703125,772.3699951171875,116530,0.0,0.0,0.0
2026-08-12 11:30:00-04:00,772.4000244140625,772.469970703125,771.6649780273438,771.9000244140625,235675,0.0,0.0,0.0
2026-08-12 11:35:00-04:00,771.8900146484375,772.1900024414062,771.6649780273438,771.6849975585938,186942,0.0,0.0,0.0
2026-08-12 11:40:00-04:00,771.6699829101562,771.969970703125,771.5599975585938,771.7999877929688,555093,0.0,0.0,0.0
2026-08-12 11:45:00-04:00,771.7999877929688,772.1699829101562,771.7698974609375,772.1699829101562,131275,0.0,0.0,0.0
2026-08-12 11:50:00-04:00,772.1900024414062,772.1900024414062,771.8400268554688,771.97998046875,155260,0.0,0.0,0.0
2026-08-12 11:55:00-04:00,771.9400024414062,772.0800170898438,771.8699951171875,772.030029296875,160609,0.0,0.0,0.0
2026-08-12 12:00:00-04:00,772.0150146484375,772.4299926757812,771.969970703125,772.219970703125,187168,0.0,0.0,0.0
2026-08-12 12:05:00-04:00,772.219970703125,772.3599853515625,771.97998046875,772.3499755859375,174934,0.0,0.0,0.0
2026-08-12 12:10:00-04:00,772.3699951171875,772.6199951171875,772.2000122070312,772.5198974609375,407843,0.0,0.0,0.0
2026-08-12 12:15:00-04:00,772.530029296875,772.6199951171875,772.3599853515625,772.434326171875,245911,0.0,0.0,0.0
2026-08-12 12:20:00-04:00,772.435302734375,772.6400146484375,772.3200073242188,772.5700073242188,209073,0.0,0.0,0.0
2026-08-12 12:25:00-04:00,772.5800170898438,772.6699829101562,772.4099731445312,772.4500122070312,181309,0.0,0.0,0.0
2026-08-12 12:30:00-04:00,772.4500122070312,772.530029296875,772.1799926757812,772.2000122070312,269932,0.0,0.0,0.0
2026-08-12 12:35:00-04:00,772.2000122070312,772.77001953125,772.1799926757812,772.760009765625,190220,0.0,0.0,0.0
2026-08-12 12:40:00-04:00,772.760009765625,772.9099731445312,772.6599731445312,772.739990234375,204084,0.0,0.0,0.0
2026-08-12 12:45:00-04:00,772.760009765625,772.8870239257812,772.5599975585938,772.8499755859375,185898,0.0,0.0,0.0
2026-08-12 12:50:00-04:00,772.8499755859375,773.2000122070312,772.8400268554688,773.0650024414062,264200,0.0,0.0,0.0
2026-08-12 12:55:00-04:00,773.0599975585938,773.0800170898438,772.8099975585938,772.905029296875,222871,0.0,0.0,0.0
2026-08-12 13:00:00-04:00,772.9099731445312,773.0999755859375,772.8400268554688,773.0499877929688,206060,0.0,0.0,0.0
2026-08-12 13:05:00-04:00,773.0549926757812,773.2899780273438,773.0,773.010009765625,223812,0.0,0.0,0.0
2026-08-12 13:10:00-04:00,773.0198974609375,773.0700073242188,772.77001953125,773.030029296875,166664,0.0,0.0,0.0
2026-08-12 13:15:00-04:00,773.030029296875,773.030029296875,772.6099853515625,772.77001953125,300930,0.0,0.0,0.0
2026-08-12 13:20:00-04:00,772.77001953125,772.905029296875,772.6599731445312,772.7899780273438,153404,0.0,0.0,0.0
2026-08-12 13:25:00-04:00,772.780029296875,773.0250244140625,772.72998046875,772.780029296875,175028,0.0,0.0,0.0
2026-08-12 13:30:00-04:00,772.8300170898438,773.0,772.7000122070312,772.9000244140625,307687,0.0,0.0,0.0
2026-08-12 13:35:00-04:00,772.9000244140625,772.9500122070312,772.760009765625,772.864990234375,161672,0.0,0.0,0.0
2026-08-12 13:40:00-04:00,772.8599853515625,772.969970703125,772.719970703125,772.8800048828125,175230,0.0,0.0,0.0
2026-08-12 13:45:00-04:00,772.8599853515625,772.9600219726562,772.760009765625,772.7999877929688,145350,0.0,0.0,0.0
2026-08-12 13:50:00-04:00,772.7899780273438,772.97998046875,772.72998046875,772.75,203119,0.0,0.0,0.0
2026-08-12 13:55:00-04:00,772.75,772.89501953125,772.6414184570312,772.8101196289062,134379,0.0,0.0,0.0
2026-08-12 14:00:00-04:00,772.8099975585938,772.9600219726562,772.780029296875,772.9099731445312,195541,0.0,0.0,0.0
2026-08-12 14:05:00-04:00,772.8900146484375,772.97998046875,772.8099975585938,772.8900146484375,154186,0.0,0.0,0.0
2026-08-12 14:10:00-04:00,772.8887329101562,773.2100219726562,772.8887329101562,773.1099853515625,219976,0.0,0.0,0.0
2026-08-12 14:15:00-04:00,773.1099853515625,773.1300048828125,772.97998046875,773.1300048828125,323123,0.0,0.0,0.0
2026-08-12 14:20:00-04:00,773.1199951171875,773.22998046875,772.9600219726562,773.2249755859375,208122,0.0,0.0,0.0
2026-08-12 14:25:00-04:00,773.22998046875,773.3099975585938,773.0700073242188,773.0900268554688,189330,0.0,0.0,0.0
2026-08-12 14:30:00-04:00,773.0900268554688,773.468994140625,773.0900268554688,773.344970703125,198769,0.0,0.0,0.0
2026-08-12 14:35:00-04:00,773.3300170898438,773.489990234375,773.3300170898438,773.4249877929688,213080,0.0,0.0,0.0
2026-08-12 14:40:00-04:00,773.4199829101562,773.6300048828125,773.4199829101562,773.510009765625,222541,0.0,0.0,0.0
2026-08-12 14:45:00-04:00,773.5150146484375,773.5499877929688,773.3800048828125,773.5250244140625,248126,0.0,0.0,0.0
2026-08-12 14:50:00-04:00,773.530029296875,773.6300048828125,773.4400024414062,773.4400024414062,198072,0.0,0.0,0.0
2026-08-12 14:55:00-04:00,773.4500122070312,773.4500122070312,773.0399780273438,773.0599975585938,299380,0.0,0.0,0.0
2026-08-12 15:00:00-04:00,773.0349731445312,773.3250122070312,773.02001953125,773.2503051757812,222436,0.0,0.0,0.0
2026-08-12 15:05:00-04:00,773.2559814453125,773.3800048828125,773.2100219726562,773.22998046875,490028,0.0,0.0,0.0
2026-08-12 15:10:00-04:00,773.22998046875,773.280029296875,773.0,773.0700073242188,204145,0.0,0.0,0.0
2026-08-12 15:15:00-04:00,773.0700073242188,773.219970703125,773.0549926757812,773.14501953125,400179,0.0,0.0,0.0
2026-08-12 15:20:00-04:00,773.1400146484375,773.1599731445312,772.7999877929688,772.8699951171875,256993,0.0,0.0,0.0
2026-08-12 15:25:00-04:00,772.8699951171875,772.989990234375,772.8099975585938,772.97998046875,338557,0.0,0.0,0.0
2026-08-12 15:30:00-04:00,772.97998046875,773.02001953125,772.7999877929688,772.8800048828125,322257,0.0,0.0,0.0
2026-08-12 15:35:00-04:00,772.8699951171875,773.0,772.8400268554688,772.8900146484375,369107,0.0,0.0,0.0
2026-08-12 15:40:00-04:00,772.8800048828125,772.9099731445312,772.5599975585938,772.864990234375,301466,0.0,0.0,0.0
2026-08-12 15:45:00-04:00,772.8599853515625,773.0,772.7000122070312,772.8800048828125,452702,0.0,0.0,0.0
2026-08-12 15:50:00-04:00,772.8800048828125,772.9000244140625,772.1699829101562,772.239990234375,838012,0.0,0.0,0.0
2026-08-12 15:55:00-04:00,772.260009765625,772.719970703125,772.0,772.52001953125,1530781,0.0,0.0,0.0
2026-08-13 09:30:00-04:00,774.8699951171875,775.489990234375,774.1199951171875,775.3807983398438,1376104,0.0,0.0,0.0
2026-08-13 09:35:00-04:00,775.3900146484375,776.469970703125,775.3599853515625,776.4400024414062,709923,0.0,0.0,0.0
2026-08-13 09:40:00-04:00,776.4400024414062,776.4400024414062,775.5499877929688,775.7100219726562,478545,0.0,0.0,0.0
2026-08-13 09:45:00-04:00,775.719970703125,776.9603271484375,775.6199951171875,776.8400268554688,560229,0.0,0.0,0.0
2026-08-13 09:50:00-04:00,776.8400268554688,777.1699829101562,776.6699829101562,777.1500244140625,516829,0.0,0.0,0.0
2026-08-13 09:55:00-04:00,777.135009765625,777.6900024414062,776.9299926757812,777.6099853515625,518195,0.0,0.0,0.0
2026-08-13 10:00:00-04:00,777.5999755859375,778.25,777.52001953125,778.2249755859375,529056,0.0,0.0,0.0
2026-08-13 10:05:00-04:00,778.2249755859375,778.3900146484375,777.9299926757812,778.1400146484375,448939,0.0,0.0,0.0
2026-08-13 10:10:00-04:00,778.1500244140625,778.5499877929688,778.1300048828125,778.510009765625,353311,0.0,0.0,0.0
2026-08-13 10:15:00-04:00,778.5250244140625,778.6599731445312,778.023193359375,778.530029296875,348225,0.0,0.0,0.0
2026-08-13 10:20:00-04:00,778.5399780273438,779.2100219726562,778.3900146484375,779.0294799804688,453879,0.0,0.0,0.0
2026-08-13 10:25:00-04:00,779.030029296875,779.25,778.9099731445312,779.1900024414062,271731,0.0,0.0,0.0
2026-08-13 10:30:00-04:00,779.1900024414062,779.3699951171875,778.97998046875,779.219970703125,464862,0.0,0.0,0.0
2026-08-13 10:35:00-04:00,779.219970703125,779.3699951171875,778.75,779.0650024414062,416718,0.0,0.0,0.0
2026-08-13 10:40:00-04:00,779.0650024414062,779.1099853515625,778.5695190429688,778.5695190429688,391491,0.0,0.0,0.0
2026-08-13 10:45:00-04:00,778.5399780273438,778.5499877929688,777.530029296875,777.6799926757812,489939,0.0,0.0,0.0
2026-08-13 10:50:00-04:00,777.6900024414062,777.9349975585938,777.5700073242188,777.8400268554688,628299,0.0,0.0,0.0
2026-08-13 10:55:00-04:00,777.8400268554688,777.969970703125,777.3800048828125,777.760009765625,299201,0.0,0.0,0.0
2026-08-13 11:00:00-04:00,777.77001953125,778.22998046875,777.3200073242188,777.3800048828125,292865,0.0,0.0,0.0
2026-08-13 11:05:00-04:00,777.3699951171875,777.60498046875,776.9650268554688,777.2349853515625,364453,0.0,0.0,0.0
2026-08-13 11:10:00-04:00,777.239990234375,777.3699951171875,777.02001953125,777.1199951171875,379276,0.0,0.0,0.0
2026-08-13 11:15:00-04:00,777.125,777.25,776.7213134765625,777.1749877929688,269694,0.0,0.0,0.0
2026-08-13 11:20:00-04:00,777.1500244140625,777.260009765625,776.8250122070312,776.9149780273438,311149,0.0,0.0,0.0
2026-08-13 11:25:00-04:00,776.9199829101562,776.9299926757812,775.9199829101562,776.1699829101562,783714,0.0,0.0,0.0
2026-08-13 11:30:00-04:00,776.1799926757812,776.3099975585938,775.7100219726562,775.72998046875,364892,0.0,0.0,0.0
2026-08-13 11:35:00-04:00,775.739990234375,776.1500244140625,775.5800170898438,775.9600219726562,843741,0.0,0.0,0.0
2026-08-13 11:40:00-04:00,775.9500122070312,776.3699951171875,775.7000122070312,775.9650268554688,345484,0.0,0.0,0.0
2026-08-13 11:45:00-04:00,775.9600219726562,776.1300048828125,775.7000122070312,775.909912109375,237331,0.0,0.0,0.0
2026-08-13 11:50:00-04:00,775.89501953125,775.9299926757812,775.52001953125,775.6599731445312,194043,0.0,0.0,0.0
2026-08-13 11:55:00-04:00,775.6599731445312,775.9299926757812,775.3800048828125,775.489990234375,263486,0.0,0.0,0.0
2026-08-13 12:00:00-04:00,775.47998046875,776.0499877929688,775.4600219726562,775.89990234375,207585,0.0,0.0,0.0
2026-08-13 12:05:00-04:00,775.9099731445312,776.2899780273438,775.8900146484375,775.9650268554688,204513,0.0,0.0,0.0
2026-08-13 12:10:00-04:00,775.9650268554688,776.1199951171875,775.6749877929688,775.6900024414062,154007,0.0,0.0,0.0
2026-08-13 12:15:00-04:00,775.6923217773438,775.8800048828125,775.5999755859375,775.8499755859375,198565,0.0,0.0,0.0
2026-08-13 12:20:00-04:00,775.8499755859375,776.0900268554688,775.760009765625,776.0599975585938,207324,0.0,0.0,0.0
2026-08-13 12:25:00-04:00,776.0650024414062,776.52001953125,776.0449829101562,776.52001953125,543639,0.0,0.0,0.0
2026-08-13 12:30:00-04:00,776.5250244140625,776.7100219726562,776.405029296875,776.6400146484375,278306,0.0,0.0,0.0
2026-08-13 12:35:00-04:00,776.6400146484375,776.7000122070312,776.2199096679688,776.2899780273438,258151,0.0,0.0,0.0
2026-08-13 12:40:00-04:00,776.2857055664062,776.510009765625,776.2050170898438,776.4400024414062,159458,0.0,0.0,0.0
2026-08-13 12:45:00-04:00,776.4146728515625,776.6699829101562,776.4146728515625,776.6099853515625,180286,0.0,0.0,0.0
2026-08-13 12:50:00-04:00,776.6099853515625,776.7999877929688,776.594970703125,776.6900024414062,160969,0.0,0.0,0.0
2026-08-13 12:55:00-04:00,776.6799926757812,776.760009765625,776.5850219726562,776.7000122070312,126149,0.0,0.0,0.0
2026-08-13 13:00:00-04:00,776.7100219726562,777.0499877929688,776.7100219726562,776.989990234375,156097,0.0,0.0,0.0
2026-08-13 13:05:00-04:00,777.0,777.3800048828125,776.9299926757812,777.25,168554,0.0,0.0,0.0
2026-08-13 13:10:00-04:00,777.25,777.2999877929688,777.0900268554688,777.1900024414062,121079,0.0,0.0,0.0
2026-08-13 13:15:00-04:00,777.1699829101562,777.4000244140625,777.1699829101562,777.4000244140625,139804,0.0,0.0,0.0
2026-08-13 13:20:00-04:00,777.405029296875,777.47998046875,777.1699829101562,777.280029296875,122761,0.0,0.0,0.0
2026-08-13 13:25:00-04:00,777.2899780273438,777.3099975585938,777.0900268554688,777.1099853515625,134965,0.0,0.0,0.0
2026-08-13 13:30:00-04:00,777.0999755859375,777.239990234375,776.8300170898438,776.9299926757812,139366,0.0,0.0,0.0
2026-08-13 13:35:00-04:00,776.9299926757812,776.9349975585938,776.6649780273438,776.7899780273438,170159,0.0,0.0,0.0
2026-08-13 13:40:00-04:00,776.7864990234375,776.9000244140625,776.6199951171875,776.6199951171875,115385,0.0,0.0,0.0
2026-08-13 13:45:00-04:00,776.6199951171875,776.9199829101562,776.6199951171875,776.8300170898438,109112,0.0,0.0,0.0
2026-08-13 13:50:00-04:00,776.8400268554688,776.9299926757812,776.739990234375,776.77001953125,86696,0.0,0.0,0.0
2026-08-13 13:55:00-04:00,776.780029296875,776.9400024414062,776.6699829101562,776.7449951171875,148652,0.0,0.0,0.0
2026-08-13 14:00:00-04:00,776.75,776.9400024414062,776.739990234375,776.9099731445312,137327,0.0,0.0,0.0
2026-08-13 14:05:00-04:00,776.9299926757812,777.0399780273438,776.7999877929688,776.8300170898438,335929,0.0,0.0,0.0
2026-08-13 14:10:00-04:00,776.8200073242188,777.1400146484375,776.6599731445312,777.0800170898438,201122,0.0,0.0,0.0
2026-08-13 14:15:00-04:00,777.0750122070312,777.1699829101562,776.8900146484375,776.9500122070312,468879,0.0,0.0,0.0
2026-08-13 14:20:00-04:00,776.9299926757812,776.989990234375,776.6799926757812,776.719970703125,225428,0.0,0.0,0.0
2026-08-13 14:25:00-04:00,776.72998046875,777.0449829101562,776.7100219726562,776.97998046875,253739,0.0,0.0,0.0
2026-08-13 14:30:00-04:00,776.989990234375,777.260009765625,776.989990234375,777.2368774414062,236949,0.0,0.0,0.0
2026-08-13 14:35:00-04:00,777.25,777.4199829101562,777.2000122070312,777.4000244140625,252989,0.0,0.0,0.0
2026-08-13 14:40:00-04:00,777.4099731445312,777.739990234375,777.3599853515625,777.6174926757812,251157,0.0,0.0,0.0
2026-08-13 14:45:00-04:00,777.614990234375,777.760009765625,777.6055297851562,777.75,166152,0.0,0.0,0.0
2026-08-13 14:50:00-04:00,777.75,777.9299926757812,777.6300048828125,777.8699951171875,244315,0.0,0.0,0.0
2026-08-13 14:55:00-04:00,777.8699951171875,777.9199829101562,777.6699829101562,777.739990234375,176845,0.0,0.0,0.0
2026-08-13 15:00:00-04:00,777.75,777.9301147460938,777.719970703125,777.8800048828125,292028,0.0,0.0,0.0
2026-08-13 15:05:00-04:00,777.8800048828125,778.4299926757812,777.7999877929688,778.35498046875,309207,0.0,0.0,0.0
2026-08-13 15:10:00-04:00,778.3599853515625,778.3599853515625,777.8400268554688,777.9600219726562,399339,0.0,0.0,0.0
2026-08-13 15:15:00-04:00,777.9500122070312,778.1500244140625,777.7899780273438,778.1500244140625,470137,0.0,0.0,0.0
2026-08-13 15:20:00-04:00,778.14501953125,778.3300170898438,778.1300048828125,778.2949829101562,318573,0.0,0.0,0.0
2026-08-13 15:25:00-04:00,778.2899780273438,778.3699951171875,777.97998046875,778.0300903320312,312743,0.0,0.0,0.0
2026-08-13 15:30:00-04:00,778.030029296875,778.239990234375,777.9500122070312,778.0399780273438,648879,0.0,0.0,0.0
2026-08-13 15:35:00-04:00,778.0399780273438,778.0599975585938,777.72998046875,777.9550170898438,1055543,0.0,0.0,0.0
2026-08-13 15:40:00-04:00,777.9600219726562,778.030029296875,777.6900024414062,777.719970703125,394536,0.0,0.0,0.0
2026-08-13 15:45:00-04:00,777.7100219726562,777.8200073242188,777.6400146484375,777.77001953125,715586,0.0,0.0,0.0
2026-08-13 15:50:00-04:00,777.75,777.75,777.3499755859375,777.5150146484375,1408773,0.0,0.0,0.0
2026-08-13 15:55:00-04:00,777.530029296875,777.9349975585938,777.364990234375,777.780029296875,2781625,0.0,0.0,0.0
2026-08-14 09:30:00-04:00,778.5399780273438,778.5800170898438,777.9199829101562,778.1900024414062,1160934,0.0,0.0,0.0
2026-08-14 09:35:00-04:00,778.1649780273438,778.280029296875,777.6599731445312,778.02001953125,478796,0.0,0.0,0.0
2026-08-14 09:40:00-04:00,778.0399780273438,778.4849853515625,777.8200073242188,778.3800048828125,509871,0.0,0.0,0.0
2026-08-14 09:45:00-04:00,778.3900146484375,778.5999755859375,777.88037109375,777.9500122070312,335338,0.0,0.0,0.0
2026-08-14 09:50:00-04:00,777.9600219726562,778.5999755859375,777.8099975585938,778.469970703125,384936,0.0,0.0,0.0
2026-08-14 09:55:00-04:00,778.469970703125,778.510009765625,778.0999755859375,778.4299926757812,228278,0.0,0.0,0.0
2026-08-14 10:00:00-04:00,778.4199829101562,778.5900268554688,778.1599731445312,778.5499877929688,232658,0.0,0.0,0.0
2026-08-14 10:05:00-04:00,778.5499877929688,778.7999877929688,778.469970703125,778.52001953125,274925,0.0,0.0,0.0
2026-08-14 10:10:00-04:00,778.530029296875,778.6799926757812,778.280029296875,778.280029296875,205626,0.0,0.0,0.0
2026-08-14 10:15:00-04:00,778.2750244140625,778.3400268554688,777.7650146484375,777.8101196289062,353296,0.0,0.0,0.0
2026-08-14 10:20:00-04:00,777.8099975585938,777.9099731445312,777.3800048828125,777.530029296875,414251,0.0,0.0,0.0
2026-08-14 10:25:00-04:00,777.527099609375,777.619873046875,777.1300048828125,777.4099731445312,381514,0.0,0.0,0.0
2026-08-14 10:30:00-04:00,777.4000244140625,777.47998046875,776.8200073242188,776.8699951171875,435292,0.0,0.0,0.0
2026-08-14 10:35:00-04:00,776.8599853515625,777.4400024414062,776.8400268554688,777.4000244140625,277615,0.0,0.0,0.0
2026-08-14 10:40:00-04:00,777.375,777.375,777.010009765625,777.1300048828125,225269,0.0,0.0,0.0
2026-08-14 10:45:00-04:00,777.1199951171875,777.4299926757812,777.030029296875,777.260009765625,298480,0.0,0.0,0.0
2026-08-14 10:50:00-04:00,777.2449951171875,777.4392700195312,776.9880981445312,777.0150146484375,253978,0.0,0.0,0.0
2026-08-14 10:55:00-04:00,777.02001953125,777.1500244140625,776.739990234375,776.739990234375,199305,0.0,0.0,0.0
2026-08-14 11:00:00-04:00,776.7449951171875,777.1099853515625,776.7100219726562,776.9400024414062,186300,0.0,0.0,0.0
2026-08-14 11:05:00-04:00,776.9299926757812,777.0599975585938,776.5700073242188,776.6599731445312,223936,0.0,0.0,0.0
2026-08-14 11:10:00-04:00,776.6699829101562,776.780029296875,776.4199829101562,776.4550170898438,238187,0.0,0.0,0.0
2026-08-14 11:15:00-04:00,776.4500122070312,776.6900024414062,776.4299926757812,776.5900268554688,265969,0.0,0.0,0.0
2026-08-14 11:20:00-04:00,776.5900268554688,776.6500244140625,775.989990234375,776.0017700195312,463188,0.0,0.0,0.0
2026-08-14 11:25:00-04:00,776.0,776.2999877929688,775.8599853515625,776.2999877929688,485454,0.0,0.0,0.0
2026-08-14 11:30:00-04:00,776.2899780273438,776.4149780273438,776.010009765625,776.1699829101562,430442,0.0,0.0,0.0
2026-08-14 11:35:00-04:00,776.1799926757812,776.4600219726562,776.0599975585938,776.0618286132812,381075,0.0,0.0,0.0
2026-08-14 11:40:00-04:00,776.0900268554688,776.1300048828125,775.8499755859375,776.0499877929688,349847,0.0,0.0,0.0
2026-08-14 11:45:00-04:00,776.0549926757812,776.3699951171875,775.8599853515625,775.8900146484375,346623,0.0,0.0,0.0
2026-08-14 11:50:00-04:00,775.8800048828125,776.2100219726562,775.8099975585938,776.114990234375,358905,0.0,0.0,0.0
2026-08-14 11:55:00-04:00,776.1199951171875,776.3499755859375,776.02001953125,776.219970703125,218846,0.0,0.0,0.0
2026-08-14 12:00:00-04:00,776.22998046875,776.5900268554688,776.22998046875,776.4398803710938,283320,0.0,0.0,0.0
2026-08-14 12:05:00-04:00,776.4099731445312,776.510009765625,776.0999755859375,776.239990234375,189294,0.0,0.0,0.0
2026-08-14 12:10:00-04:00,776.236328125,776.5599975585938,776.1699829101562,776.5499877929688,359889,0.0,0.0,0.0
2026-08-14 12:15:00-04:00,776.5499877929688,776.75,776.530029296875,776.5900268554688,463051,0.0,0.0,0.0
2026-08-14 12:20:00-04:00,776.5900268554688,776.7000122070312,776.4400024414062,776.6699829101562,208944,0.0,0.0,0.0
2026-08-14 12:25:00-04:00,776.6749877929688,776.8200073242188,776.6199951171875,776.7100219726562,206619,0.0,0.0,0.0
2026-08-14 12:30:00-04:00,776.7000122070312,776.7349853515625,776.2999877929688,776.375,266514,0.0,0.0,0.0
2026-08-14 12:35:00-04:00,776.3800048828125,776.6300048828125,776.3400268554688,776.469970703125,202947,0.0,0.0,0.0
2026-08-14 12:40:00-04:00,776.489990234375,776.489990234375,776.135009765625,776.135009765625,183890,0.0,0.0,0.0
2026-08-14 12:45:00-04:00,776.1300048828125,776.2100219726562,775.9805297851562,776.1375122070312,180390,0.0,0.0,0.0
2026-08-14 12:50:00-04:00,776.1199951171875,776.1199951171875,775.8250122070312,775.9237060546875,180647,0.0,0.0,0.0
2026-08-14 12:55:00-04:00,775.9299926757812,776.010009765625,775.6599731445312,775.7000122070312,233654,0.0,0.0,0.0
2026-08-14 13:00:00-04:00,775.7000122070312,775.8800048828125,775.6300048828125,775.7899780273438,183720,0.0,0.0,0.0
2026-08-14 13:05:00-04:00,775.7899780273438,775.969970703125,775.780029296875,775.9000244140625,169827,0.0,0.0,0.0
2026-08-14 13:10:00-04:00,775.9099731445312,776.114990234375,775.8300170898438,776.0599975585938,224927,0.0,0.0,0.0
2026-08-14 13:15:00-04:00,776.0499877929688,776.1099853515625,775.7899780273438,775.9650268554688,138172,0.0,0.0,0.0
2026-08-14 13:20:00-04:00,775.9600219726562,776.1300048828125,775.780029296875,775.8300170898438,206717,0.0,0.0,0.0
2026-08-14 13:25:00-04:00,775.8200073242188,775.8300170898438,775.653076171875,775.77001953125,134375,0.0,0.0,0.0
2026-08-14 13:30:00-04:00,775.780029296875,775.97998046875,775.739990234375,775.8300170898438,172892,0.0,0.0,0.0
2026-08-14 13:35:00-04:00,775.8200073242188,775.8200073242188,775.4301147460938,775.5750122070312,148579,0.0,0.0,0.0
2026-08-14 13:40:00-04:00,775.5499877929688,775.6599731445312,775.469970703125,775.5999755859375,238174,0.0,0.0,0.0
2026-08-14 13:45:00-04:00,775.5999755859375,775.719970703125,775.5399780273438,775.6099853515625,188872,0.0,0.0,0.0
2026-08-14 13:50:00-04:00,775.5999755859375,775.8099975585938,775.4650268554688,775.7550048828125,154521,0.0,0.0,0.0
2026-08-14 13:55:00-04:00,775.7550048828125,775.9299926757812,775.6400146484375,775.8300170898438,124476,0.0,0.0,0.0
2026-08-14 14:00:00-04:00,775.8350219726562,776.1099853515625,775.72998046875,776.02001953125,490127,0.0,0.0,0.0
2026-08-14 14:05:00-04:00,776.02001953125,776.1599731445312,775.9500122070312,776.155029296875,195210,0.0,0.0,0.0
2026-08-14 14:10:00-04:00,776.1500244140625,776.2999877929688,776.0700073242188,776.1599731445312,236277,0.0,0.0,0.0
2026-08-14 14:15:00-04:00,776.1500244140625,776.3300170898438,776.1199951171875,776.2050170898438,504091,0.0,0.0,0.0
2026-08-14 14:20:00-04:00,776.2100219726562,776.3200073242188,776.0800170898438,776.1749877929688,200261,0.0,0.0,0.0
2026-08-14 14:25:00-04:00,776.1799926757812,776.27001953125,775.8900146484375,775.9249877929688,131096,0.0,0.0,0.0
2026-08-14 14:30:00-04:00,775.9299926757812,776.1099853515625,775.8200073242188,775.9000244140625,182489,0.0,0.0,0.0
2026-08-14 14:35:00-04:00,775.9000244140625,776.0399780273438,775.8200073242188,776.0050048828125,311403,0.0,0.0,0.0
2026-08-14 14:40:00-04:00,776.0050048828125,776.27001953125,775.9500122070312,776.2100219726562,220569,0.0,0.0,0.0
2026-08-14 14:45:00-04:00,776.2100219726562,776.260009765625,776.0399780273438,776.2550048828125,165278,0.0,0.0,0.0
2026-08-14 14:50:00-04:00,776.260009765625,776.4918823242188,776.260009765625,776.3599853515625,279514,0.0,0.0,0.0
2026-08-14 14:55:00-04:00,776.3599853515625,776.3599853515625,776.1500244140625,776.1900024414062,123002,0.0,0.0,0.0
2026-08-14 15:00:00-04:00,776.1900024414062,776.219970703125,775.8900146484375,775.989990234375,212320,0.0,0.0,0.0
2026-08-14 15:05:00-04:00,775.9849853515625,776.1900024414062,775.9500122070312,776.1599731445312,109170,0.0,0.0,0.0
2026-08-14 15:10:00-04:00,776.1699829101562,776.1849975585938,776.0399780273438,776.0499877929688,406662,0.0,0.0,0.0
2026-08-14 15:15:00-04:00,776.0499877929688,776.1300048828125,775.8300170898438,775.9949951171875,478012,0.0,0.0,0.0
2026-08-14 15:20:00-04:00,775.9949951171875,776.1199951171875,775.8699951171875,776.1099853515625,375563,0.0,0.0,0.0
2026-08-14 15:25:00-04:00,776.1099853515625,776.3300170898438,776.1099853515625,776.155029296875,218832,0.0,0.0,0.0
2026-08-14 15:30:00-04:00,776.155029296875,776.3088989257812,776.0999755859375,776.2349853515625,314674,0.0,0.0,0.0
2026-08-14 15:35:00-04:00,776.239990234375,776.3200073242188,776.030029296875,776.1699829101562,643297,0.0,0.0,0.0
2026-08-14 15:40:00-04:00,776.1699829101562,776.3049926757812,776.114990234375,776.1649780273438,290616,0.0,0.0,0.0
2026-08-14 15:45:00-04:00,776.1599731445312,776.219970703125,775.969970703125,776.2000122070312,398764,0.0,0.0,0.0
2026-08-14 15:50:00-04:00,776.1900024414062,776.4099731445312,776.0999755859375,776.2000122070312,620968,0.0,0.0,0.0
2026-08-14 15:55:00-04:00,776.2100219726562,776.4199829101562,775.9199829101562,776.2999877929688,1512056,0.0,0.0,0.0
2026-08-17 09:30:00-04:00,776.1799926757812,776.7750244140625,775.4620971679688,775.510009765625,1534766,0.0,0.0,0.0
2026-08-17 09:35:00-04:00,775.5098876953125,775.8900146484375,775.3200073242188,775.4398803710938,495067,0.0,0.0,0.0
2026-08-17 09:40:00-04:00,775.4500122070312,775.8400268554688,775.3200073242188,775.5650024414062,234312,0.0,0.0,0.0
2026-08-17 09:45:00-04:00,775.5599975585938,776.0100708007812,775.1900024414062,775.969970703125,491370,0.0,0.0,0.0
2026-08-17 09:50:00-04:00,775.9749755859375,776.0,775.5599975585938,775.8099975585938,256324,0.0,0.0,0.0
2026-08-17 09:55:00-04:00,775.8300170898438,775.8300170898438,775.1799926757812,775.29052734375,272021,0.0,0.0,0.0
2026-08-17 10:00:00-04:00,775.2650146484375,775.5999755859375,775.02001953125,775.4099731445312,352408,0.0,0.0,0.0
2026-08-17 10:05:00-04:00,775.4099731445312,775.5,775.0900268554688,775.4349975585938,324799,0.0,0.0,0.0
2026-08-17 10:10:00-04:00,775.4400024414062,775.77001953125,775.3599853515625,775.6599731445312,267380,0.0,0.0,0.0
2026-08-17 10:15:00-04:00,775.6599731445312,775.6599731445312,775.2349853515625,775.3300170898438,250538,0.0,0.0,0.0
2026-08-17 10:20:00-04:00,775.3499755859375,775.3599853515625,775.02001953125,775.25,208298,0.0,0.0,0.0
2026-08-17 10:25:00-04:00,775.260009765625,775.469970703125,775.0,775.4600219726562,303355,0.0,0.0,0.0
2026-08-17 10:30:00-04:00,775.4500122070312,775.5899047851562,775.3400268554688,775.5601196289062,262806,0.0,0.0,0.0
2026-08-17 10:35:00-04:00,775.5700073242188,775.5700073242188,774.9299926757812,775.0599975585938,247573,0.0,0.0,0.0
2026-08-17 10:40:00-04:00,775.0700073242188,775.3400268554688,775.030029296875,775.1212158203125,249271,0.0,0.0,0.0
2026-08-17 10:45:00-04:00,775.1400146484375,775.3699951171875,775.1300048828125,775.2849731445312,254667,0.0,0.0,0.0
2026-08-17 10:50:00-04:00,775.2899780273438,775.47998046875,774.9000244140625,774.9600219726562,461284,0.0,0.0,0.0
2026-08-17 10:55:00-04:00,774.9600219726562,775.2899780273438,774.8900146484375,775.27001953125,327036,0.0,0.0,0.0
2026-08-17 11:00:00-04:00,775.27001953125,775.5999755859375,775.1500244140625,775.5,260821,0.0,0.0,0.0
2026-08-17 11:05:00-04:00,775.5,775.5999755859375,775.2999877929688,775.3800048828125,202964,0.0,0.0,0.0
2026-08-17 11:10:00-04:00,775.3699951171875,775.5700073242188,775.3200073242188,775.3300170898438,171675,0.0,0.0,0.0
2026-08-17 11:15:00-04:00,775.3300170898438,775.760009765625,775.2999877929688,775.7000122070312,200356,0.0,0.0,0.0
2026-08-17 11:20:00-04:00,775.7000122070312,775.8599853515625,775.6199951171875,775.6699829101562,233700,0.0,0.0,0.0
2026-08-17 11:25:00-04:00,775.7000122070312,775.7899780273438,775.530029296875,775.7150268554688,171067,0.0,0.0,0.0
2026-08-17 11:30:00-04:00,775.7150268554688,775.8200073242188,775.219970703125,775.2210083007812,208647,0.0,0.0,0.0
2026-08-17 11:35:00-04:00,775.239990234375,775.3250122070312,774.969970703125,775.02001953125,265539,0.0,0.0,0.0
2026-08-17 11:40:00-04:00,775.010009765625,775.1099853515625,774.7100219726562,775.0999755859375,412020,0.0,0.0,0.0
2026-08-17 11:45:00-04:00,775.0999755859375,775.239990234375,775.0150146484375,775.0999755859375,210075,0.0,0.0,0.0
2026-08-17 11:50:00-04:00,775.0700073242188,775.4099731445312,775.02001953125,775.3300170898438,250662,0.0,0.0,0.0
2026-08-17 11:55:00-04:00,775.3300170898438,775.4400024414062,775.280029296875,775.2999877929688,161832,0.0,0.0,0.0
2026-08-17 12:00:00-04:00,775.2949829101562,775.375,775.135009765625,775.219970703125,152249,0.0,0.0,0.0
2026-08-17 12:05:00-04:00,775.219970703125,775.3200073242188,775.0599975585938,775.1300048828125,200896,0.0,0.0,0.0
2026-08-17 12:10:00-04:00,775.1500244140625,775.4600219726562,775.1300048828125,775.3800048828125,218467,0.0,0.0,0.0
2026-08-17 12:15:00-04:00,775.3800048828125,775.5900268554688,775.3599853515625,775.5,142448,0.0,0.0,0.0
2026-08-17 12:20:00-04:00,775.510009765625,775.6099853515625,775.3699951171875,775.4199829101562,138618,0.0,0.0,0.0
2026-08-17 12:25:00-04:00,775.4000244140625,775.4299926757812,775.2050170898438,775.2899780273438,119019,0.0,0.0,0.0
2026-08-17 12:30:00-04:00,775.2999877929688,775.4099731445312,775.0900268554688,775.1099853515625,153351,0.0,0.0,0.0
2026-08-17 12:35:00-04:00,775.1099853515625,775.2899780273438,775.0900268554688,775.2899780273438,129886,0.0,0.0,0.0
2026-08-17 12:40:00-04:00,775.2899780273438,775.2899780273438,774.9299926757812,774.9400024414062,162965,0.0,0.0,0.0
2026-08-17 12:45:00-04:00,774.9450073242188,775.0700073242188,774.8499755859375,775.0050048828125,213328,0.0,0.0,0.0
2026-08-17 12:50:00-04:00,775.010009765625,775.0499877929688,774.6500244140625,774.8699951171875,180503,0.0,0.0,0.0
2026-08-17 12:55:00-04:00,774.8699951171875,774.9099731445312,774.6099853515625,774.6799926757812,205635,0.0,0.0,0.0
2026-08-17 13:00:00-04:00,774.6699829101562,774.780029296875,774.5599975585938,774.6799926757812,203950,0.0,0.0,0.0
2026-08-17 13:05:00-04:00,774.6799926757812,774.6799926757812,774.489990234375,774.5599975585938,242930,0.0,0.0,0.0
2026-08-17 13:10:00-04:00,774.5599975585938,774.6500244140625,774.2999877929688,774.3099975585938,294702,0.0,0.0,0.0
2026-08-17 13:15:00-04:00,774.2899780273438,774.4450073242188,774.0700073242188,774.239990234375,349125,0.0,0.0,0.0
2026-08-17 13:20:00-04:00,774.239990234375,774.3200073242188,773.6599731445312,773.75,438645,0.0,0.0,0.0
2026-08-17 13:25:00-04:00,773.75,773.7899780273438,773.469970703125,773.5800170898438,357085,0.0,0.0,0.0
2026-08-17 13:30:00-04:00,773.5700073242188,773.8599853515625,773.4199829101562,773.4400024414062,401629,0.0,0.0,0.0
2026-08-17 13:35:00-04:00,773.4299926757812,773.530029296875,773.14501953125,773.14501953125,274573,0.0,0.0,0.0
2026-08-17 13:40:00-04:00,773.1300048828125,773.8400268554688,773.0999755859375,773.780029296875,426708,0.0,0.0,0.0
2026-08-17 13:45:00-04:00,773.760986328125,773.844970703125,773.4749755859375,773.5050048828125,209291,0.0,0.0,0.0
2026-08-17 13:50:00-04:00,773.510009765625,773.6699829101562,773.4000244140625,773.5549926757812,243333,0.0,0.0,0.0
2026-08-17 13:55:00-04:00,773.5598754882812,773.5700073242188,773.3200073242188,773.4099731445312,179368,0.0,0.0,0.0
2026-08-17 14:00:00-04:00,773.4199829101562,773.5900268554688,773.280029296875,773.4500122070312,416637,0.0,0.0,0.0
2026-08-17 14:05:00-04:00,773.4500122070312,773.6300048828125,773.2999877929688,773.3900146484375,309578,0.0,0.0,0.0
2026-08-17 14:10:00-04:00,773.3599853515625,773.75,773.3300170898438,773.6900024414062,260321,0.0,0.0,0.0
2026-08-17 14:15:00-04:00,773.6950073242188,773.7999877929688,773.510009765625,773.5789794921875,237162,0.0,0.0,0.0
2026-08-17 14:20:00-04:00,773.5599975585938,773.739990234375,773.3900146484375,773.7100219726562,297506,0.0,0.0,0.0
2026-08-17 14:25:00-04:00,773.7000122070312,773.7999877929688,773.4199829101562,773.5900268554688,230399,0.0,0.0,0.0
2026-08-17 14:30:00-04:00,773.5800170898438,773.6300048828125,773.22998046875,773.260009765625,387643,0.0,0.0,0.0
2026-08-17 14:35:00-04:00,773.260009765625,773.489990234375,773.260009765625,773.4799194335938,193441,0.0,0.0,0.0
2026-08-17 14:40:00-04:00,773.4500122070312,773.7000122070312,773.4000244140625,773.5999755859375,239373,0.0,0.0,0.0
2026-08-17 14:45:00-04:00,773.60498046875,773.780029296875,773.5549926757812,773.719970703125,286347,0.0,0.0,0.0
2026-08-17 14:50:00-04:00,773.7150268554688,773.8200073242188,773.5449829101562,773.5999755859375,222482,0.0,0.0,0.0
2026-08-17 14:55:00-04:00,773.594970703125,773.635009765625,773.5,773.5349731445312,170976,0.0,0.0,0.0
2026-08-17 15:00:00-04:00,773.5349731445312,773.5900268554688,773.2999877929688,773.3200073242188,298525,0.0,0.0,0.0
2026-08-17 15:05:00-04:00,773.3300170898438,773.4299926757812,773.260009765625,773.2949829101562,303874,0.0,0.0,0.0
2026-08-17 15:10:00-04:00,773.2949829101562,773.4149780273438,773.155029296875,773.2100219726562,579610,0.0,0.0,0.0
2026-08-17 15:15:00-04:00,773.2100219726562,773.510009765625,773.1599731445312,773.3800048828125,285425,0.0,0.0,0.0
2026-08-17 15:20:00-04:00,773.3900146484375,773.469970703125,773.25,773.280029296875,258956,0.0,0.0,0.0
2026-08-17 15:25:00-04:00,773.27001953125,773.4099731445312,773.1199951171875,773.1199951171875,295472,0.0,0.0,0.0
2026-08-17 15:30:00-04:00,773.1300048828125,773.1599731445312,772.72998046875,772.9749755859375,624398,0.0,0.0,0.0
2026-08-17 15:35:00-04:00,772.97998046875,773.1199951171875,772.8626708984375,773.0150146484375,604289,0.0,0.0,0.0
2026-08-17 15:40:00-04:00,773.010009765625,773.0700073242188,772.8099975585938,772.97998046875,583838,0.0,0.0,0.0
2026-08-17 15:45:00-04:00,772.97998046875,773.3400268554688,772.969970703125,773.3150024414062,842549,0.0,0.0,0.0
2026-08-17 15:50:00-04:00,773.3150024414062,773.3599853515625,772.6199951171875,772.7550048828125,1025199,0.0,0.0,0.0
2026-08-17 15:55:00-04:00,772.75,772.9500122070312,772.510009765625,772.6799926757812,4905007,0.0,0.0,0.0
2026-08-18 09:30:00-04:00,768.7000122070312,769.4600219726562,767.9099731445312,768.5499877929688,2622640,0.0,0.0,0.0
2026-08-18 09:35:00-04:00,768.5499877929688,769.19970703125,768.3099975585938,769.1300048828125,756092,0.0,0.0,0.0
2026-08-18 09:40:00-04:00,769.10498046875,769.5,768.719970703125,768.75,636495,0.0,0.0,0.0
2026-08-18 09:45:00-04:00,768.72998046875,769.0800170898438,768.3599853515625,768.4500122070312,689642,0.0,0.0,0.0
2026-08-18 09:50:00-04:00,768.4600219726562,768.8099975585938,768.2150268554688,768.5599975585938,472300,0.0,0.0,0.0
2026-08-18 09:55:00-04:00,768.5800170898438,768.8499755859375,768.1199951171875,768.469970703125,373690,0.0,0.0,0.0
2026-08-18 10:00:00-04:00,768.489990234375,769.27001953125,768.1799926757812,768.969970703125,485647,0.0,0.0,0.0
2026-08-18 10:05:00-04:00,768.9600219726562,769.2100219726562,768.4450073242188,768.5399780273438,541217,0.0,0.0,0.0
2026-08-18 10:10:00-04:00,768.5399780273438,768.5700073242188,767.6300048828125,768.0900268554688,806006,0.0,0.0,0.0
2026-08-18 10:15:00-04:00,768.1099853515625,768.8200073242188,767.989990234375,768.5499877929688,508100,0.0,0.0,0.0
2026-08-18 10:20:00-04:00,768.5499877929688,768.97998046875,768.0900268554688,768.8099975585938,456557,0.0,0.0,0.0
2026-08-18 10:25:00-04:00,768.8200073242188,769.0800170898438,768.5358276367188,768.6599731445312,444417,0.0,0.0,0.0
2026-08-18 10:30:00-04:00,768.6400146484375,769.25,768.5700073242188,768.77001953125,387090,0.0,0.0,0.0
2026-08-18 10:35:00-04:00,768.77001953125,769.1699829101562,768.72998046875,769.0900268554688,546474,0.0,0.0,0.0
2026-08-18 10:40:00-04:00,769.0900268554688,769.2100219726562,768.3800048828125,768.4000244140625,404735,0.0,0.0,0.0
2026-08-18 10:45:00-04:00,768.3900146484375,768.5850219726562,768.1799926757812,768.469970703125,375061,0.0,0.0,0.0
2026-08-18 10:50:00-04:00,768.4749755859375,768.8049926757812,767.9099731445312,767.9400024414062,497885,0.0,0.0,0.0
2026-08-18 10:55:00-04:00,767.9400024414062,768.1300048828125,767.7100219726562,767.9199829101562,469333,0.0,0.0,0.0
2026-08-18 11:00:00-04:00,767.9299926757812,768.2949829101562,767.4199829101562,768.219970703125,462120,0.0,0.0,0.0
2026-08-18 11:05:00-04:00,768.219970703125,768.3800048828125,767.719970703125,767.77001953125,342508,0.0,0.0,0.0
2026-08-18 11:10:00-04:00,767.780029296875,767.9249877929688,767.6400146484375,767.719970703125,301549,0.0,0.0,0.0
2026-08-18 11:15:00-04:00,767.72998046875,767.8900146484375,767.469970703125,767.47998046875,348711,0.0,0.0,0.0
2026-08-18 11:20:00-04:00,767.4500122070312,767.718017578125,767.3300170898438,767.5499877929688,326194,0.0,0.0,0.0
2026-08-18 11:25:00-04:00,767.5399780273438,768.0313720703125,767.4199829101562,767.8400268554688,263936,0.0,0.0,0.0
2026-08-18 11:30:00-04:00,767.85498046875,768.1900024414062,767.7349853515625,767.8900146484375,386741,0.0,0.0,0.0
2026-08-18 11:35:00-04:00,767.8900146484375,767.9000244140625,767.5999755859375,767.8250122070312,260768,0.0,0.0,0.0
2026-08-18 11:40:00-04:00,767.8350219726562,768.2650146484375,767.6900024414062,768.0599975585938,398746,0.0,0.0,0.0
2026-08-18 11:45:00-04:00,768.0700073242188,768.5700073242188,768.0700073242188,768.39501953125,416330,0.0,0.0,0.0
2026-08-18 11:50:00-04:00,768.3699951171875,768.6300048828125,768.0999755859375,768.489990234375,194237,0.0,0.0,0.0
2026-08-18 11:55:00-04:00,768.47998046875,768.5,768.0700073242188,768.3499755859375,229765,0.0,0.0,0.0
2026-08-18 12:00:00-04:00,768.3499755859375,768.6500244140625,768.2750244140625,768.5700073242188,198610,0.0,0.0,0.0
2026-08-18 12:05:00-04:00,768.5549926757812,768.7100219726562,768.219970703125,768.3699951171875,185821,0.0,0.0,0.0
2026-08-18 12:10:00-04:00,768.3699951171875,768.72998046875,768.3699951171875,768.5499877929688,122339,0.0,0.0,0.0
2026-08-18 12:15:00-04:00,768.5700073242188,768.6400146484375,768.2210083007812,768.3099975585938,166128,0.0,0.0,0.0
2026-08-18 12:20:00-04:00,768.3099975585938,768.8699951171875,768.3099975585938,768.6799926757812,155592,0.0,0.0,0.0
2026-08-18 12:25:00-04:00,768.6699829101562,768.7299194335938,768.1400146484375,768.2100219726562,240325,0.0,0.0,0.0
2026-08-18 12:30:00-04:00,768.1900024414062,768.4299926757812,768.0700073242188,768.3099975585938,155634,0.0,0.0,0.0
2026-08-18 12:35:00-04:00,768.3200073242188,768.5800170898438,768.1649780273438,768.4550170898438,202447,0.0,0.0,0.0
2026-08-18 12:40:00-04:00,768.4600219726562,768.5999755859375,768.1900024414062,768.3699951171875,113118,0.0,0.0,0.0
2026-08-18 12:45:00-04:00,768.3800048828125,768.8400268554688,768.2000122070312,768.77001953125,168244,0.0,0.0,0.0
2026-08-18 12:50:00-04:00,768.77001953125,768.8699951171875,768.64501953125,768.8298950195312,149309,0.0,0.0,0.0
2026-08-18 12:55:00-04:00,768.8200073242188,768.8300170898438,768.6199951171875,768.6300048828125,412159,0.0,0.0,0.0
2026-08-18 13:00:00-04:00,768.6199951171875,768.6900024414062,768.3699951171875,768.5499877929688,257158,0.0,0.0,0.0
2026-08-18 13:05:00-04:00,768.5599975585938,768.760009765625,768.4500122070312,768.760009765625,208302,0.0,0.0,0.0
2026-08-18 13:10:00-04:00,768.760009765625,768.8200073242188,768.489990234375,768.6199951171875,126300,0.0,0.0,0.0
2026-08-18 13:15:00-04:00,768.6199951171875,768.6400146484375,768.27001953125,768.2999877929688,123137,0.0,0.0,0.0
2026-08-18 13:20:00-04:00,768.2999877929688,768.5449829101562,768.239990234375,768.260009765625,149089,0.0,0.0,0.0
2026-08-18 13:25:00-04:00,768.260009765625,768.3300170898438,768.0800170898438,768.2999877929688,148242,0.0,0.0,0.0
2026-08-18 13:30:00-04:00,768.2899780273438,768.3900146484375,768.0938720703125,768.1900024414062,302759,0.0,0.0,0.0
2026-08-18 13:35:00-04:00,768.198974609375,768.3925170898438,768.010009765625,768.219970703125,138634,0.0,0.0,0.0
2026-08-18 13:40:00-04:00,768.219970703125,768.2899780273438,768.0599975585938,768.0900268554688,121558,0.0,0.0,0.0
2026-08-18 13:45:00-04:00,768.0700073242188,768.2100219726562,767.989990234375,768.010009765625,104516,0.0,0.0,0.0
2026-08-18 13:50:00-04:00,768.02001953125,768.1799926757812,767.9500122070312,768.0700073242188,100285,0.0,0.0,0.0
2026-08-18 13:55:00-04:00,768.0650024414062,768.0700073242188,767.6099853515625,767.6199951171875,203563,0.0,0.0,0.0
2026-08-18 14:00:00-04:00,767.6199951171875,767.72998046875,767.530029296875,767.635009765625,373405,0.0,0.0,0.0
2026-08-18 14:05:00-04:00,767.6400146484375,767.760009765625,767.4500122070312,767.489990234375,1146482,0.0,0.0,0.0
2026-08-18 14:10:00-04:00,767.5,768.0999755859375,767.4600219726562,768.0599975585938,332283,0.0,0.0,0.0
2026-08-18 14:15:00-04:00,768.0700073242188,768.4400024414062,768.0399169921875,768.4099731445312,402236,0.0,0.0,0.0
2026-08-18 14:20:00-04:00,768.405029296875,768.5650024414062,768.2100219726562,768.27001953125,250132,0.0,0.0,0.0
2026-08-18 14:25:00-04:00,768.2650146484375,768.405029296875,768.10498046875,768.3599853515625,230834,0.0,0.0,0.0
2026-08-18 14:30:00-04:00,768.35498046875,768.4099731445312,768.1400146484375,768.2949829101562,225951,0.0,0.0,0.0
2026-08-18 14:35:00-04:00,768.3200073242188,768.4299926757812,768.2899780273438,768.3200073242188,177403,0.0,0.0,0.0
2026-08-18 14:40:00-04:00,768.3200073242188,768.3599853515625,768.0800170898438,768.0900268554688,221217,0.0,0.0,0.0
2026-08-18 14:45:00-04:00,768.0999755859375,768.2000122070312,768.02001953125,768.0599975585938,281604,0.0,0.0,0.0
2026-08-18 14:50:00-04:00,768.0499877929688,768.0900268554688,767.7999877929688,767.8099975585938,291691,0.0,0.0,0.0
2026-08-18 14:55:00-04:00,767.7999877929688,767.9149780273438,767.6799926757812,767.7000122070312,264171,0.0,0.0,0.0
2026-08-18 15:00:00-04:00,767.6900024414062,767.8699951171875,767.6199951171875,767.7449951171875,384418,0.0,0.0,0.0
2026-08-18 15:05:00-04:00,767.75,767.9500122070312,767.6500244140625,767.8300170898438,218237,0.0,0.0,0.0
2026-08-18 15:10:00-04:00,767.8300170898438,767.9199829101562,767.5599975585938,767.6199951171875,262138,0.0,0.0,0.0
2026-08-18 15:15:00-04:00,767.6199951171875,767.8599853515625,767.6099853515625,767.8499755859375,227850,0.0,0.0,0.0
2026-08-18 15:20:00-04:00,767.85498046875,768.1500244140625,767.760009765625,768.1500244140625,373300,0.0,0.0,0.0
2026-08-18 15:25:00-04:00,768.1300048828125,768.1799926757812,768.0050048828125,768.02001953125,269239,0.0,0.0,0.0
2026-08-18 15:30:00-04:00,768.0150146484375,768.219970703125,767.8499755859375,767.8900146484375,418605,0.0,0.0,0.0
2026-08-18 15:35:00-04:00,767.8956298828125,768.0599975585938,767.8499755859375,767.9500122070312,351624,0.0,0.0,0.0
2026-08-18 15:40:00-04:00,767.9500122070312,767.969970703125,767.719970703125,767.89501953125,562829,0.0,0.0,0.0
2026-08-18 15:45:00-04:00,767.8900146484375,767.9600219726562,767.6500244140625,767.8900146484375,986099,0.0,0.0,0.0
2026-08-18 15:50:00-04:00,767.8900146484375,767.9400024414062,767.27001953125,767.4149780273438,1662877,0.0,0.0,0.0
2026-08-18 15:55:00-04:00,767.4199829101562,767.6699829101562,766.9249877929688,767.3900146484375,5893584,0.0,0.0,0.0
2026-08-19 09:30:00-04:00,770.3599853515625,770.6300048828125,769.8599853515625,770.02099609375,2772579,0.0,0.0,0.0
2026-08-19 09:35:00-04:00,770.030029296875,770.22998046875,769.4099731445312,769.510009765625,576086,0.0,0.0,0.0
2026-08-19 09:40:00-04:00,769.530029296875,770.2999877929688,769.2501220703125,770.0999755859375,491390,0.0,0.0,0.0
2026-08-19 09:45:00-04:00,770.1099853515625,770.5999755859375,768.3599853515625,768.543701171875,654143,0.0,0.0,0.0
2026-08-19 09:50:00-04:00,768.5598754882812,769.72998046875,768.0999755859375,769.6749877929688,710671,0.0,0.0,0.0
2026-08-19 09:55:00-04:00,769.6699829101562,770.375,769.3800048828125,769.989990234375,365577,0.0,0.0,0.0
2026-08-19 10:00:00-04:00,770.02001953125,770.260009765625,769.5599975585938,769.64501953125,357200,0.0,0.0,0.0
2026-08-19 10:05:00-04:00,769.6300048828125,770.02001953125,769.47998046875,769.7866821289062,301719,0.0,0.0,0.0
2026-08-19 10:10:00-04:00,769.7999877929688,769.9697265625,768.72998046875,768.739990234375,531369,0.0,0.0,0.0
2026-08-19 10:15:00-04:00,768.739990234375,770.1300048828125,768.72998046875,769.7650146484375,409215,0.0,0.0,0.0
2026-08-19 10:20:00-04:00,769.77001953125,770.1699829101562,769.3800048828125,769.5800170898438,230384,0.0,0.0,0.0
2026-08-19 10:25:00-04:00,769.5700073242188,770.0650024414062,769.2100219726562,770.030029296875,317779,0.0,0.0,0.0
2026-08-19 10:30:00-04:00,769.97998046875,770.4580078125,769.8101806640625,770.1898803710938,318762,0.0,0.0,0.0
2026-08-19 10:35:00-04:00,770.1799926757812,771.2999877929688,770.1500244140625,771.1400146484375,505359,0.0,0.0,0.0
2026-08-19 10:40:00-04:00,771.155029296875,771.3300170898438,770.8300170898438,771.0595092773438,401978,0.0,0.0,0.0
2026-08-19 10:45:00-04:00,771.0700073242188,771.2899780273438,770.6699829101562,770.760009765625,343048,0.0,0.0,0.0
2026-08-19 10:50:00-04:00,770.7487182617188,771.6099853515625,770.72998046875,771.3499755859375,295702,0.0,0.0,0.0
2026-08-19 10:55:00-04:00,771.364990234375,772.2399291992188,771.3099975585938,772.2000122070312,416878,0.0,0.0,0.0
2026-08-19 11:00:00-04:00,772.1950073242188,772.469970703125,772.0147094726562,772.1749877929688,328587,0.0,0.0,0.0
2026-08-19 11:05:00-04:00,772.1799926757812,772.260009765625,771.489990234375,771.52001953125,242869,0.0,0.0,0.0
2026-08-19 11:10:00-04:00,771.5,771.9500122070312,771.489990234375,771.8200073242188,233858,0.0,0.0,0.0
2026-08-19 11:15:00-04:00,771.8150024414062,771.8499755859375,771.4000244140625,771.5050048828125,189957,0.0,0.0,0.0
2026-08-19 11:20:00-04:00,771.5,771.594970703125,771.1799926757812,771.182373046875,209185,0.0,0.0,0.0
2026-08-19 11:25:00-04:00,771.1900024414062,771.25,770.8800048828125,771.1087036132812,429972,0.0,0.0,0.0
2026-08-19 11:30:00-04:00,771.1300048828125,771.1799926757812,770.75,770.7899780273438,205650,0.0,0.0,0.0
2026-08-19 11:35:00-04:00,770.8099975585938,770.919921875,770.3900146484375,770.5349731445312,259272,0.0,0.0,0.0
2026-08-19 11:40:00-04:00,770.5300903320312,770.5300903320312,770.0700073242188,770.4998779296875,753451,0.0,0.0,0.0
2026-08-19 11:45:00-04:00,770.5,770.8800048828125,770.3800048828125,770.3875122070312,223318,0.0,0.0,0.0
2026-08-19 11:50:00-04:00,770.4000244140625,770.5399780273438,770.0800170898438,770.1400146484375,309116,0.0,0.0,0.0
2026-08-19 11:55:00-04:00,770.1099853515625,770.6400146484375,770.0700073242188,770.6209106445312,172805,0.0,0.0,0.0
2026-08-19 12:00:00-04:00,770.6400146484375,771.3200073242188,770.4000244140625,771.2999877929688,215066,0.0,0.0,0.0
2026-08-19 12:05:00-04:00,771.3101196289062,771.60498046875,771.2100219726562,771.52001953125,203134,0.0,0.0,0.0
2026-08-19 12:10:00-04:00,771.52001953125,771.6599731445312,771.4650268554688,771.5499877929688,160110,0.0,0.0,0.0
2026-08-19 12:15:00-04:00,771.5499877929688,771.989990234375,771.4400024414062,771.8300170898438,252767,0.0,0.0,0.0
2026-08-19 12:20:00-04:00,771.8300170898438,771.8499755859375,771.3599853515625,771.4199829101562,166996,0.0,0.0,0.0
2026-08-19 12:25:00-04:00,771.4199829101562,771.4299926757812,770.6699829101562,770.6699829101562,195941,0.0,0.0,0.0
2026-08-19 12:30:00-04:00,770.6799926757812,770.7550048828125,770.4199829101562,770.739990234375,592691,0.0,0.0,0.0
2026-08-19 12:35:00-04:00,770.72998046875,770.7349853515625,770.2781982421875,770.52001953125,376918,0.0,0.0,0.0
2026-08-19 12:40:00-04:00,770.52001953125,770.5399780273438,770.25,770.39501953125,188831,0.0,0.0,0.0
2026-08-19 12:45:00-04:00,770.3900146484375,770.4500122070312,770.1199951171875,770.1799926757812,320128,0.0,0.0,0.0
2026-08-19 12:50:00-04:00,770.1799926757812,770.1799926757812,769.739990234375,769.885009765625,281749,0.0,0.0,0.0
2026-08-19 12:55:00-04:00,769.8800048828125,769.8800048828125,769.5,769.6799926757812,266580,0.0,0.0,0.0
2026-08-19 13:00:00-04:00,769.6900024414062,770.1099853515625,769.5999755859375,769.9099731445312,299283,0.0,0.0,0.0
2026-08-19 13:05:00-04:00,769.9099731445312,770.22900390625,769.4600219726562,769.489990234375,197155,0.0,0.0,0.0
2026-08-19 13:10:00-04:00,769.530029296875,770.0700073242188,769.5250854492188,769.8250122070312,188068,0.0,0.0,0.0
2026-08-19 13:15:00-04:00,769.8250122070312,769.969970703125,769.4600219726562,769.4600219726562,133715,0.0,0.0,0.0
2026-08-19 13:20:00-04:00,769.469970703125,769.530029296875,769.02001953125,769.2899780273438,462496,0.0,0.0,0.0
2026-08-19 13:25:00-04:00,769.25,769.6699829101562,769.2150268554688,769.5700073242188,138959,0.0,0.0,0.0
2026-08-19 13:30:00-04:00,769.5800170898438,769.6599731445312,769.2000122070312,769.2050170898438,226553,0.0,0.0,0.0
2026-08-19 13:35:00-04:00,769.2000122070312,769.469970703125,769.1599731445312,769.2449951171875,179273,0.0,0.0,0.0
2026-08-19 13:40:00-04:00,769.25,769.7598876953125,769.22998046875,769.5889892578125,232366,0.0,0.0,0.0
2026-08-19 13:45:00-04:00,769.5999755859375,769.7999877929688,769.510009765625,769.5300903320312,153701,0.0,0.0,0.0
2026-08-19 13:50:00-04:00,769.5599975585938,769.8900146484375,769.469970703125,769.6099853515625,131694,0.0,0.0,0.0
2026-08-19 13:55:00-04:00,769.6199951171875,769.6300048828125,769.3800048828125,769.5076293945312,214806,0.0,0.0,0.0
2026-08-19 14:00:00-04:00,769.530029296875,770.5499877929688,769.4000244140625,770.1300048828125,344237,0.0,0.0,0.0
2026-08-19 14:05:00-04:00,770.1099853515625,770.25,768.9600219726562,769.0009765625,355048,0.0,0.0,0.0
2026-08-19 14:10:00-04:00,768.97998046875,769.7100219726562,768.97998046875,769.4299926757812,219193,0.0,0.0,0.0
2026-08-19 14:15:00-04:00,769.4450073242188,769.489990234375,769.0499877929688,769.3099975585938,359299,0.0,0.0,0.0
2026-08-19 14:20:00-04:00,769.2899780273438,769.47998046875,769.1737060546875,769.3099975585938,219192,0.0,0.0,0.0
2026-08-19 14:25:00-04:00,769.2899780273438,769.6099853515625,769.239990234375,769.5800170898438,169152,0.0,0.0,0.0
2026-08-19 14:30:00-04:00,769.5800170898438,770.02001953125,769.5800170898438,769.9199829101562,246735,0.0,0.0,0.0
2026-08-19 14:35:00-04:00,769.9298706054688,769.9400024414062,769.6799926757812,769.7899780273438,112470,0.0,0.0,0.0
2026-08-19 14:40:00-04:00,769.7650146484375,770.0900268554688,769.7100219726562,769.8099975585938,274173,0.0,0.0,0.0
2026-08-19 14:45:00-04:00,769.8099975585938,769.8400268554688,769.5848999023438,769.8250122070312,169729,0.0,0.0,0.0
2026-08-19 14:50:00-04:00,769.8250122070312,769.8699951171875,769.47998046875,769.6506958007812,424967,0.0,0.0,0.0
2026-08-19 14:55:00-04:00,769.6699829101562,769.739990234375,769.4849853515625,769.5150146484375,163110,0.0,0.0,0.0
2026-08-19 15:00:00-04:00,769.530029296875,769.7999877929688,769.4299926757812,769.6099853515625,205676,0.0,0.0,0.0
2026-08-19 15:05:00-04:00,769.614990234375,769.989990234375,769.5,769.9000244140625,290410,0.0,0.0,0.0
2026-08-19 15:10:00-04:00,769.9000244140625,769.9500122070312,769.6849975585938,769.7100219726562,130313,0.0,0.0,0.0
2026-08-19 15:15:00-04:00,769.7100219726562,770.0194702148438,769.5999755859375,770.010009765625,607852,0.0,0.0,0.0
2026-08-19 15:20:00-04:00,770.010009765625,770.02001953125,769.6799926757812,769.9400024414062,553735,0.0,0.0,0.0
2026-08-19 15:25:00-04:00,769.9299926757812,770.02001953125,769.5800170898438,769.6300048828125,637699,0.0,0.0,0.0
2026-08-19 15:30:00-04:00,769.6500244140625,770.3800048828125,769.6099853515625,770.1799926757812,457266,0.0,0.0,0.0
2026-08-19 15:35:00-04:00,770.1799926757812,770.1900024414062,769.1699829101562,769.1749877929688,789867,0.0,0.0,0.0
2026-08-19 15:40:00-04:00,769.1699829101562,769.389404296875,768.9849853515625,769.0,361742,0.0,0.0,0.0
2026-08-19 15:45:00-04:00,769.0,769.1199951171875,768.530029296875,768.760009765625,649946,0.0,0.0,0.0
2026-08-19 15:50:00-04:00,768.760009765625,768.8599853515625,768.2899780273438,768.719970703125,937871,0.0,0.0,0.0
2026-08-19 15:55:00-04:00,768.7100219726562,769.0999755859375,768.2000122070312,769.0900268554688,4596251,0.0,0.0,0.0
2026-08-20 09:30:00-04:00,765.9600219726562,767.0999755859375,765.8599853515625,767.0499877929688,1861245,0.0,0.0,0.0
2026-08-20 09:35:00-04:00,767.0599975585938,767.719970703125,766.6599731445312,767.2999877929688,936615,0.0,0.0,0.0
2026-08-20 09:40:00-04:00,767.3200073242188,767.75,766.6400146484375,767.364990234375,448531,0.0,0.0,0.0
2026-08-20 09:45:00-04:00,767.3699951171875,767.5,766.6099853515625,767.1500244140625,619548,0.0,0.0,0.0
2026-08-20 09:50:00-04:00,767.1500244140625,767.260009765625,766.4400024414062,766.9600219726562,482422,0.0,0.0,0.0
2026-08-20 09:55:00-04:00,766.97998046875,767.3200073242188,766.1599731445312,766.5499877929688,415264,0.0,0.0,0.0
2026-08-20 10:00:00-04:00,766.5,766.9199829101562,765.97998046875,765.9801025390625,346518,0.0,0.0,0.0
2026-08-20 10:05:00-04:00,765.989990234375,766.6599731445312,765.8699951171875,766.64501953125,445379,0.0,0.0,0.0
2026-08-20 10:10:00-04:00,766.6799926757812,766.760009765625,765.9299926757812,765.9956665039062,399204,0.0,0.0,0.0
2026-08-20 10:15:00-04:00,765.969970703125,766.135009765625,765.3900146484375,765.4400024414062,532728,0.0,0.0,0.0
2026-08-20 10:20:00-04:00,765.4398803710938,766.9500122070312,765.3599853515625,766.75,491794,0.0,0.0,0.0
2026-08-20 10:25:00-04:00,766.7691040039062,766.8300170898438,765.969970703125,766.219970703125,264369,0.0,0.0,0.0
2026-08-20 10:30:00-04:00,766.2050170898438,766.8200073242188,766.010009765625,766.10498046875,250402,0.0,0.0,0.0
2026-08-20 10:35:00-04:00,766.1099853515625,767.1649780273438,765.9299926757812,766.969970703125,241881,0.0,0.0,0.0
2026-08-20 10:40:00-04:00,766.9600219726562,767.260009765625,766.5700073242188,767.1699829101562,538852,0.0,0.0,0.0
2026-08-20 10:45:00-04:00,767.1599731445312,767.47998046875,766.6199951171875,766.72998046875,374604,0.0,0.0,0.0
2026-08-20 10:50:00-04:00,766.739990234375,767.25,766.5999755859375,766.7000122070312,245764,0.0,0.0,0.0
2026-08-20 10:55:00-04:00,766.719970703125,767.2349853515625,766.47998046875,767.1500244140625,266129,0.0,0.0,0.0
2026-08-20 11:00:00-04:00,767.1699829101562,768.1500244140625,767.1220703125,767.9199829101562,903821,0.0,0.0,0.0
2026-08-20 11:05:00-04:00,767.8800048828125,767.9000244140625,766.3599853515625,766.5599975585938,708991,0.0,0.0,0.0
2026-08-20 11:10:00-04:00,766.52001953125,767.0,766.0599975585938,766.7899780273438,657901,0.0,0.0,0.0
2026-08-20 11:15:00-04:00,766.7750244140625,767.0800170898438,766.4000244140625,766.77001953125,348262,0.0,0.0,0.0
2026-08-20 11:20:00-04:00,766.72998046875,766.780029296875,765.969970703125,766.2899780273438,556408,0.0,0.0,0.0
2026-08-20 11:25:00-04:00,766.2750244140625,766.7999877929688,766.0,766.75,361681,0.0,0.0,0.0
2026-08-20 11:30:00-04:00,766.739990234375,766.8699951171875,765.8300170898438,765.97998046875,260742,0.0,0.0,0.0
2026-08-20 11:35:00-04:00,765.989990234375,766.1300048828125,765.5499877929688,765.5549926757812,580915,0.0,0.0,0.0
2026-08-20 11:40:00-04:00,765.5499877929688,765.8499755859375,765.3099975585938,765.3599853515625,308538,0.0,0.0,0.0
2026-08-20 11:45:00-04:00,765.3499755859375,765.719970703125,765.22998046875,765.530029296875,334990,0.0,0.0,0.0
2026-08-20 11:50:00-04:00,765.5399780273438,766.030029296875,765.4299926757812,765.8499755859375,387050,0.0,0.0,0.0
2026-08-20 11:55:00-04:00,765.8699951171875,766.0050048828125,765.6199951171875,765.8400268554688,290791,0.0,0.0,0.0
2026-08-20 12:00:00-04:00,765.8400268554688,766.0900268554688,765.47998046875,765.5899047851562,302130,0.0,0.0,0.0
2026-08-20 12:05:00-04:00,765.5800170898438,766.02001953125,765.530029296875,766.02001953125,176474,0.0,0.0,0.0
2026-08-20 12:10:00-04:00,766.0098876953125,766.0800170898438,765.4650268554688,765.5150146484375,193733,0.0,0.0,0.0
2026-08-20 12:15:00-04:00,765.489990234375,765.665283203125,765.4500122070312,765.6099853515625,156878,0.0,0.0,0.0
2026-08-20 12:20:00-04:00,765.6099853515625,766.0800170898438,765.4600219726562,765.9299926757812,342804,0.0,0.0,0.0
2026-08-20 12:25:00-04:00,765.9099731445312,766.0349731445312,765.6300048828125,765.7449951171875,159033,0.0,0.0,0.0
2026-08-20 12:30:00-04:00,765.739990234375,766.1199951171875,765.3599853515625,766.0800170898438,168451,0.0,0.0,0.0
2026-08-20 12:35:00-04:00,766.0900268554688,766.3800048828125,766.0,766.2999877929688,193454,0.0,0.0,0.0
2026-08-20 12:40:00-04:00,766.2899780273438,766.6400146484375,766.280029296875,766.6400146484375,264812,0.0,0.0,0.0
2026-08-20 12:45:00-04:00,766.6300048828125,766.6300048828125,766.3099975585938,766.3699951171875,302471,0.0,0.0,0.0
2026-08-20 12:50:00-04:00,766.375,766.6199951171875,766.1199951171875,766.1799926757812,198469,0.0,0.0,0.0
2026-08-20 12:55:00-04:00,766.1699829101562,766.5,766.02001953125,766.4199829101562,240863,0.0,0.0,0.0
2026-08-20 13:00:00-04:00,766.3900146484375,766.4299926757812,765.9600219726562,766.0700073242188,203595,0.0,0.0,0.0
2026-08-20 13:05:00-04:00,766.0399780273438,766.0499877929688,765.5999755859375,765.6799926757812,264638,0.0,0.0,0.0
2026-08-20 13:10:00-04:00,765.6799926757812,765.8300170898438,765.489990234375,765.52001953125,312538,0.0,0.0,0.0
2026-08-20 13:15:00-04:00,765.530029296875,765.5399780273438,764.8400268554688,764.8599853515625,416957,0.0,0.0,0.0
2026-08-20 13:20:00-04:00,764.8499755859375,765.260009765625,764.7899780273438,765.02001953125,354371,0.0,0.0,0.0
2026-08-20 13:25:00-04:00,765.0,765.0900268554688,764.7100219726562,764.780029296875,274481,0.0,0.0,0.0
2026-08-20 13:30:00-04:00,764.780029296875,764.8900146484375,764.5599975585938,764.606689453125,275149,0.0,0.0,0.0
2026-08-20 13:35:00-04:00,764.6099853515625,764.780029296875,764.2999877929688,764.4749755859375,281544,0.0,0.0,0.0
2026-08-20 13:40:00-04:00,764.4600219726562,764.52001953125,764.22998046875,764.4500122070312,285937,0.0,0.0,0.0
2026-08-20 13:45:00-04:00,764.4500122070312,764.8400268554688,764.4000244140625,764.719970703125,295092,0.0,0.0,0.0
2026-08-20 13:50:00-04:00,764.7100830078125,765.010009765625,764.6900024414062,764.7689819335938,252014,0.0,0.0,0.0
2026-08-20 13:55:00-04:00,764.77001953125,764.8400268554688,764.52001953125,764.5399780273438,232520,0.0,0.0,0.0
2026-08-20 14:00:00-04:00,764.5499877929688,764.5499877929688,764.02001953125,764.0999755859375,372938,0.0,0.0,0.0
2026-08-20 14:05:00-04:00,764.0999755859375,764.1500244140625,763.5850219726562,763.7249755859375,384327,0.0,0.0,0.0
2026-08-20 14:10:00-04:00,763.719970703125,763.7750244140625,763.3499755859375,763.5800170898438,506521,0.0,0.0,0.0
2026-08-20 14:15:00-04:00,763.5800170898438,763.7100219726562,763.1500244140625,763.6799926757812,556079,0.0,0.0,0.0
2026-08-20 14:20:00-04:00,763.6900024414062,763.9450073242188,763.590087890625,763.6199951171875,331078,0.0,0.0,0.0
2026-08-20 14:25:00-04:00,763.6199951171875,763.719970703125,763.4400024414062,763.5599975585938,234431,0.0,0.0,0.0
2026-08-20 14:30:00-04:00,763.5650024414062,763.6300048828125,763.25,763.3200073242188,305119,0.0,0.0,0.0
2026-08-20 14:35:00-04:00,763.3099975585938,763.6199951171875,763.2899780273438,763.4199829101562,285566,0.0,0.0,0.0
2026-08-20 14:40:00-04:00,763.4099731445312,763.6199951171875,763.2100219726562,763.5527954101562,277240,0.0,0.0,0.0
2026-08-20 14:45:00-04:00,763.5599975585938,763.8499755859375,763.4099731445312,763.7100219726562,400838,0.0,0.0,0.0
2026-08-20 14:50:00-04:00,763.7100219726562,763.7750244140625,763.510009765625,763.6060180664062,488047,0.0,0.0,0.0
2026-08-20 14:55:00-04:00,763.5900268554688,763.760009765625,763.239990234375,763.239990234375,388955,0.0,0.0,0.0
2026-08-20 15:00:00-04:00,763.25,763.4600219726562,763.1699829101562,763.4199829101562,424049,0.0,0.0,0.0
2026-08-20 15:05:00-04:00,763.4000244140625,763.7150268554688,763.2899780273438,763.6199951171875,417845,0.0,0.0,0.0
2026-08-20 15:10:00-04:00,763.6400146484375,763.6699829101562,763.3900146484375,763.5399780273438,378938,0.0,0.0,0.0
2026-08-20 15:15:00-04:00,763.530029296875,763.7999877929688,763.260009765625,763.3400268554688,395078,0.0,0.0,0.0
2026-08-20 15:20:00-04:00,763.3499755859375,763.760009765625,763.22998046875,763.6500244140625,498238,0.0,0.0,0.0
2026-08-20 15:25:00-04:00,763.6199951171875,763.72998046875,763.4400024414062,763.489990234375,477204,0.0,0.0,0.0
2026-08-20 15:30:00-04:00,763.47998046875,763.510009765625,763.0399780273438,763.1900024414062,938372,0.0,0.0,0.0
2026-08-20 15:35:00-04:00,763.1900024414062,763.6500244140625,763.0999755859375,763.5,878204,0.0,0.0,0.0
2026-08-20 15:40:00-04:00,763.5,763.5698852539062,762.969970703125,763.0999755859375,875171,0.0,0.0,0.0
2026-08-20 15:45:00-04:00,763.0999755859375,763.4000244140625,762.8099975585938,763.3699951171875,1420528,0.0,0.0,0.0
2026-08-20 15:50:00-04:00,763.3699951171875,763.4199829101562,762.760009765625,762.9099731445312,1367383,0.0,0.0,0.0
2026-08-20 15:55:00-04:00,762.9199829101562,763.0,762.0399780273438,762.6400146484375,5284942,0.0,0.0,0.0
2026-08-21 09:30:00-04:00,766.0499877929688,766.1400146484375,764.8300170898438,764.8599243164062,2183133,0.0,0.0,0.0
2026-08-21 09:35:00-04:00,764.8699951171875,765.1900024414062,764.6199951171875,765.0900268554688,936515,0.0,0.0,0.0
2026-08-21 09:40:00-04:00,765.1199951171875,765.27001953125,764.780029296875,765.1599731445312,694462,0.0,0.0,0.0
2026-08-21 09:45:00-04:00,765.1599731445312,765.4199829101562,764.6799926757812,764.9600219726562,636844,0.0,0.0,0.0
2026-08-21 09:50:00-04:00,764.969970703125,765.2449951171875,764.1699829101562,764.4199829101562,409975,0.0,0.0,0.0
2026-08-21 09:55:00-04:00,764.4199829101562,764.8300170898438,764.2899780273438,764.5123901367188,338253,0.0,0.0,0.0
2026-08-21 10:00:00-04:00,764.530029296875,764.9600219726562,764.530029296875,764.9299926757812,266966,0.0,0.0,0.0
2026-08-21 10:05:00-04:00,764.9398803710938,765.530029296875,764.9099731445312,765.239990234375,394655,0.0,0.0,0.0
2026-08-21 10:10:00-04:00,765.260009765625,765.4550170898438,764.5999755859375,764.7100219726562,271319,0.0,0.0,0.0
2026-08-21 10:15:00-04:00,764.7000122070312,765.0599975585938,764.5700073242188,764.6300048828125,373509,0.0,0.0,0.0
2026-08-21 10:20:00-04:00,764.6300048828125,765.2050170898438,764.4500122070312,764.7501220703125,1395844,0.0,0.0,0.0
2026-08-21 10:25:00-04:00,764.7550048828125,765.0999755859375,764.5999755859375,764.6500244140625,295025,0.0,0.0,0.0
2026-08-21 10:30:00-04:00,764.6500244140625,764.8800048828125,764.47998046875,764.5,202029,0.0,0.0,0.0
2026-08-21 10:35:00-04:00,764.489990234375,764.64501953125,764.219970703125,764.3800048828125,307472,0.0,0.0,0.0
2026-08-21 10:40:00-04:00,764.364990234375,764.8699951171875,764.2150268554688,764.6199951171875,256214,0.0,0.0,0.0
2026-08-21 10:45:00-04:00,764.5900268554688,765.0900268554688,764.5300903320312,765.030029296875,258973,0.0,0.0,0.0
2026-08-21 10:50:00-04:00,765.0399780273438,765.2999877929688,764.8699951171875,765.0637817382812,204246,0.0,0.0,0.0
2026-08-21 10:55:00-04:00,765.0499877929688,765.8350219726562,764.9500122070312,765.8151245117188,314945,0.0,0.0,0.0
2026-08-21 11:00:00-04:00,765.8099975585938,766.4000244140625,765.739990234375,766.239990234375,828488,0.0,0.0,0.0
2026-08-21 11:05:00-04:00,766.25,766.4099731445312,765.7999877929688,765.8400268554688,426005,0.0,0.0,0.0
2026-08-21 11:10:00-04:00,765.85498046875,766.0401000976562,765.6799926757812,765.7000122070312,184850,0.0,0.0,0.0
2026-08-21 11:15:00-04:00,765.7050170898438,765.969970703125,765.5399780273438,765.60498046875,311709,0.0,0.0,0.0
2026-08-21 11:20:00-04:00,765.5999755859375,765.8699951171875,765.4550170898438,765.510009765625,271128,0.0,0.0,0.0
2026-08-21 11:25:00-04:00,765.510009765625,766.02001953125,765.4550170898438,765.9550170898438,366942,0.0,0.0,0.0
2026-08-21 11:30:00-04:00,765.9600219726562,766.489990234375,765.8200073242188,766.489990234375,3359717,0.0,0.0,0.0
2026-08-21 11:35:00-04:00,766.47998046875,767.0584106445312,766.4400024414062,767.0584106445312,369121,0.0,0.0,0.0
2026-08-21 11:40:00-04:00,767.0499877929688,767.4400024414062,766.9199829101562,767.2999877929688,356768,0.0,0.0,0.0
2026-08-21 11:45:00-04:00,767.3099975585938,767.4500122070312,766.9400024414062,767.010009765625,326336,0.0,0.0,0.0
2026-08-21 11:50:00-04:00,767.0206298828125,767.8499755859375,767.00048828125,767.6734008789062,242298,0.0,0.0,0.0
2026-08-21 11:55:00-04:00,767.6699829101562,767.6900024414062,767.0798950195312,767.2000122070312,330383,0.0,0.0,0.0
2026-08-21 12:00:00-04:00,767.2000122070312,767.3298950195312,766.6400146484375,766.739990234375,421378,0.0,0.0,0.0
2026-08-21 12:05:00-04:00,766.75,766.75,766.2899780273438,766.3499755859375,442629,0.0,0.0,0.0
2026-08-21 12:10:00-04:00,766.3400268554688,766.5900268554688,766.239990234375,766.239990234375,258800,0.0,0.0,0.0
2026-08-21 12:15:00-04:00,766.239990234375,766.6599731445312,765.9099731445312,766.02001953125,1156821,0.0,0.0,0.0
2026-08-21 12:20:00-04:00,766.010009765625,767.0050048828125,765.8699951171875,766.1950073242188,510661,0.0,0.0,0.0
2026-08-21 12:25:00-04:00,766.2000122070312,766.5800170898438,766.1300048828125,766.5150146484375,149120,0.0,0.0,0.0
2026-08-21 12:30:00-04:00,766.510009765625,766.530029296875,766.030029296875,766.030029296875,181668,0.0,0.0,0.0
2026-08-21 12:35:00-04:00,766.030029296875,766.5700073242188,766.0250244140625,766.5499877929688,289266,0.0,0.0,0.0
2026-08-21 12:40:00-04:00,766.5499877929688,766.5599975585938,766.2849731445312,766.375,160418,0.0,0.0,0.0
2026-08-21 12:45:00-04:00,766.3699951171875,766.3699951171875,766.0999755859375,766.1699829101562,171097,0.0,0.0,0.0
2026-08-21 12:50:00-04:00,766.1599731445312,766.1799926757812,765.8099975585938,766.02001953125,497354,0.0,0.0,0.0
2026-08-21 12:55:00-04:00,766.010009765625,766.4299926757812,765.9550170898438,766.3900146484375,222703,0.0,0.0,0.0
2026-08-21 13:00:00-04:00,766.3900146484375,766.4650268554688,766.22998046875,766.27001953125,166320,0.0,0.0,0.0
2026-08-21 13:05:00-04:00,766.280029296875,766.530029296875,766.1599731445312,766.3699951171875,192721,0.0,0.0,0.0
2026-08-21 13:10:00-04:00,766.3699951171875,766.3699951171875,766.0999755859375,766.2188720703125,140492,0.0,0.0,0.0
2026-08-21 13:15:00-04:00,766.219970703125,766.2999877929688,766.0900268554688,766.1599731445312,251335,0.0,0.0,0.0
2026-08-21 13:20:00-04:00,766.1500244140625,766.2000122070312,765.72998046875,765.8400268554688,457856,0.0,0.0,0.0
2026-08-21 13:25:00-04:00,765.843994140625,766.010009765625,765.7050170898438,765.7999877929688,211275,0.0,0.0,0.0
2026-08-21 13:30:00-04:00,765.8200073242188,765.9000244140625,765.5394897460938,765.5394897460938,193141,0.0,0.0,0.0
2026-08-21 13:35:00-04:00,765.52001953125,765.8150024414062,765.5,765.5750122070312,133709,0.0,0.0,0.0
2026-08-21 13:40:00-04:00,765.5750122070312,765.7100219726562,765.469970703125,765.655029296875,134439,0.0,0.0,0.0
2026-08-21 13:45:00-04:00,765.7000122070312,765.8800048828125,765.5850219726562,765.7100219726562,144525,0.0,0.0,0.0
2026-08-21 13:50:00-04:00,765.697998046875,765.760009765625,765.510009765625,765.5800170898438,137048,0.0,0.0,0.0
2026-08-21 13:55:00-04:00,765.5800170898438,765.5800170898438,765.4299926757812,765.4299926757812,173800,0.0,0.0,0.0
2026-08-21 14:00:00-04:00,765.4400024414062,765.7349853515625,765.3499755859375,765.6699829101562,289550,0.0,0.0,0.0
2026-08-21 14:05:00-04:00,765.6699829101562,765.6799926757812,765.2999877929688,765.3150024414062,153182,0.0,0.0,0.0
2026-08-21 14:10:00-04:00,765.3099975585938,765.5499877929688,765.2849731445312,765.3400268554688,175619,0.0,0.0,0.0
2026-08-21 14:15:00-04:00,765.3499755859375,765.530029296875,765.3099975585938,765.469970703125,179232,0.0,0.0,0.0
2026-08-21 14:20:00-04:00,765.4600219726562,765.614990234375,765.4099731445312,765.4949951171875,121496,0.0,0.0,0.0
2026-08-21 14:25:00-04:00,765.5,765.530029296875,765.260009765625,765.2849731445312,125743,0.0,0.0,0.0
2026-08-21 14:30:00-04:00,765.27001953125,765.3699951171875,765.0599975585938,765.1749877929688,241643,0.0,0.0,0.0
2026-08-21 14:35:00-04:00,765.1799926757812,765.3400268554688,765.1799926757812,765.2301025390625,146811,0.0,0.0,0.0
2026-08-21 14:40:00-04:00,765.2349853515625,765.52001953125,765.2100219726562,765.3900146484375,208006,0.0,0.0,0.0
2026-08-21 14:45:00-04:00,765.39501953125,765.7000122070312,765.3150024414062,765.6561279296875,271561,0.0,0.0,0.0
2026-08-21 14:50:00-04:00,765.6599731445312,765.97998046875,765.6599731445312,765.8900146484375,409399,0.0,0.0,0.0
2026-08-21 14:55:00-04:00,765.8900146484375,766.22998046875,765.7899780273438,766.197509765625,365782,0.0,0.0,0.0
2026-08-21 15:00:00-04:00,766.2000122070312,766.364990234375,766.010009765625,766.0302734375,587367,0.0,0.0,0.0
2026-08-21 15:05:00-04:00,766.0349731445312,766.3300170898438,766.0,766.0999755859375,297398,0.0,0.0,0.0
2026-08-21 15:10:00-04:00,766.0900268554688,766.0999755859375,765.8699951171875,766.0449829101562,237724,0.0,0.0,0.0
2026-08-21 15:15:00-04:00,766.0449829101562,766.1199951171875,765.8499755859375,765.969970703125,518302,0.0,0.0,0.0
2026-08-21 15:20:00-04:00,765.9650268554688,766.22998046875,765.8699951171875,766.2000732421875,250765,0.0,0.0,0.0
2026-08-21 15:25:00-04:00,766.2050170898438,766.2100219726562,765.9500122070312,766.0499877929688,225112,0.0,0.0,0.0
2026-08-21 15:30:00-04:00,766.0499877929688,766.3150024414062,766.02001953125,766.0845947265625,324330,0.0,0.0,0.0
2026-08-21 15:35:00-04:00,766.0900268554688,766.3699951171875,765.9749755859375,766.2750244140625,403725,0.0,0.0,0.0
2026-08-21 15:40:00-04:00,766.27001953125,766.4849853515625,766.0900268554688,766.469970703125,725547,0.0,0.0,0.0
2026-08-21 15:45:00-04:00,766.4600219726562,766.7999877929688,766.3800048828125,766.6699829101562,969624,0.0,0.0,0.0
2026-08-21 15:50:00-04:00,766.6500244140625,766.6599731445312,765.8499755859375,765.9000244140625,898459,0.0,0.0,0.0
2026-08-21 15:55:00-04:00,765.8900146484375,766.2349853515625,765.3400268554688,765.6500244140625,2638693,0.0,0.0,0.0
2026-08-24 09:30:00-04:00,764.780029296875,764.8099975585938,763.2000122070312,763.4500122070312,2161631,0.0,0.0,0.0
2026-08-24 09:35:00-04:00,763.510009765625,763.8200073242188,762.969970703125,763.3599853515625,468492,0.0,0.0,0.0
2026-08-24 09:40:00-04:00,763.3699951171875,763.72998046875,762.1900024414062,762.1900024414062,577255,0.0,0.0,0.0
2026-08-24 09:45:00-04:00,762.1900024414062,763.5900268554688,762.0800170898438,763.10498046875,842395,0.0,0.0,0.0
2026-08-24 09:50:00-04:00,763.1099853515625,763.530029296875,762.739990234375,763.47998046875,409135,0.0,0.0,0.0
2026-08-24 09:55:00-04:00,763.469970703125,763.6599731445312,763.2399291992188,763.3900146484375,395002,0.0,0.0,0.0
2026-08-24 10:00:00-04:00,763.4099731445312,763.9450073242188,762.7999877929688,762.969970703125,555214,0.0,0.0,0.0
2026-08-24 10:05:00-04:00,762.97998046875,763.2000122070312,762.6199951171875,762.8900146484375,226955,0.0,0.0,0.0
2026-08-24 10:10:00-04:00,762.9099731445312,763.02001953125,762.5,762.97998046875,243334,0.0,0.0,0.0
2026-08-24 10:15:00-04:00,762.97998046875,763.0599975585938,762.6500244140625,762.8699951171875,211854,0.0,0.0,0.0
2026-08-24 10:20:00-04:00,762.8599853515625,763.5089721679688,762.7999877929688,762.8499755859375,578408,0.0,0.0,0.0
2026-08-24 10:25:00-04:00,762.8699951171875,763.14501953125,762.6699829101562,762.9199829101562,1048163,0.0,0.0,0.0
2026-08-24 10:30:00-04:00,762.9199829101562,763.75,762.780029296875,763.6199951171875,301253,0.0,0.0,0.0
2026-08-24 10:35:00-04:00,763.6199951171875,763.885009765625,763.5599975585938,763.7000122070312,193939,0.0,0.0,0.0
2026-08-24 10:40:00-04:00,763.7000122070312,764.1099853515625,763.50341796875,763.7000122070312,2476986,0.0,0.0,0.0
2026-08-24 10:45:00-04:00,763.6849975585938,763.8800048828125,763.469970703125,763.8800048828125,378023,0.0,0.0,0.0
2026-08-24 10:50:00-04:00,763.8699951171875,763.9299926757812,763.4249877929688,763.6199951171875,211239,0.0,0.0,0.0
2026-08-24 10:55:00-04:00,763.625,763.9600219726562,763.52001953125,763.6400146484375,310423,0.0,0.0,0.0
2026-08-24 11:00:00-04:00,763.6400146484375,763.8200073242188,763.02001953125,763.0599975585938,232119,0.0,0.0,0.0
2026-08-24 11:05:00-04:00,763.0599975585938,763.0800170898438,762.780029296875,762.989990234375,230631,0.0,0.0,0.0
2026-08-24 11:10:00-04:00,762.97998046875,763.1751098632812,762.7000122070312,762.75,218279,0.0,0.0,0.0
2026-08-24 11:15:00-04:00,762.739990234375,762.8198852539062,762.6307983398438,762.6799926757812,138358,0.0,0.0,0.0
2026-08-24 11:20:00-04:00,762.6749877929688,763.1900024414062,762.3699951171875,763.1500244140625,408099,0.0,0.0,0.0
2026-08-24 11:25:00-04:00,763.1500854492188,764.0062255859375,763.0700073242188,763.7401123046875,480586,0.0,0.0,0.0
2026-08-24 11:30:00-04:00,763.739990234375,764.0,763.4000244140625,763.8400268554688,356346,0.0,0.0,0.0
2026-08-24 11:35:00-04:00,763.85498046875,764.1599731445312,763.7000122070312,764.0250244140625,264624,0.0,0.0,0.0
2026-08-24 11:40:00-04:00,764.030029296875,764.4199829101562,764.0200805664062,764.253173828125,274454,0.0,0.0,0.0
2026-08-24 11:45:00-04:00,764.27001953125,764.72998046875,764.2650146484375,764.280029296875,303002,0.0,0.0,0.0
2026-08-24 11:50:00-04:00,764.2899780273438,764.6099853515625,764.2849731445312,764.3099975585938,157315,0.0,0.0,0.0
2026-08-24 11:55:00-04:00,764.2999877929688,764.530029296875,764.1799926757812,764.5200805664062,272226,0.0,0.0,0.0
2026-08-24 12:00:00-04:00,764.52001953125,765.1300048828125,764.4299926757812,764.9500122070312,428076,0.0,0.0,0.0
2026-08-24 12:05:00-04:00,764.9500122070312,764.989990234375,764.4600219726562,764.469970703125,163853,0.0,0.0,0.0
2026-08-24 12:10:00-04:00,764.4849853515625,764.6599731445312,764.4299926757812,764.6488037109375,108004,0.0,0.0,0.0
2026-08-24 12:15:00-04:00,764.6400146484375,765.1588134765625,764.6099853515625,765.0499877929688,245039,0.0,0.0,0.0
2026-08-24 12:20:00-04:00,765.0499267578125,765.219970703125,764.7999877929688,764.8699951171875,245677,0.0,0.0,0.0
2026-08-24 12:25:00-04:00,764.8699951171875,765.0018920898438,764.7999877929688,764.8900146484375,174251,0.0,0.0,0.0
2026-08-24 12:30:00-04:00,764.9099731445312,765.0,764.5003051757812,764.5701293945312,274900,0.0,0.0,0.0
2026-08-24 12:35:00-04:00,764.5800170898438,764.7100219726562,764.3350219726562,764.3499755859375,143081,0.0,0.0,0.0
2026-08-24 12:40:00-04:00,764.3499755859375,764.4099731445312,764.1900024414062,764.3099975585938,287270,0.0,0.0,0.0
2026-08-24 12:45:00-04:00,764.3300170898438,764.4000244140625,764.1400146484375,764.3499755859375,143128,0.0,0.0,0.0
2026-08-24 12:50:00-04:00,764.3599853515625,764.469482421875,764.1300048828125,764.2100219726562,129084,0.0,0.0,0.0
2026-08-24 12:55:00-04:00,764.2299194335938,764.3200073242188,764.1199951171875,764.1900024414062,131861,0.0,0.0,0.0
2026-08-24 13:00:00-04:00,764.2000122070312,764.2100219726562,763.8699951171875,764.010009765625,135437,0.0,0.0,0.0
2026-08-24 13:05:00-04:00,763.989990234375,764.655029296875,763.9500122070312,764.4500122070312,194862,0.0,0.0,0.0
2026-08-24 13:10:00-04:00,764.4500122070312,764.780029296875,764.3099975585938,764.52001953125,314038,0.0,0.0,0.0
2026-08-24 13:15:00-04:00,764.5,764.5999755859375,764.0499877929688,764.1199951171875,164433,0.0,0.0,0.0
2026-08-24 13:20:00-04:00,764.1300048828125,764.1599731445312,763.5,763.5650024414062,337394,0.0,0.0,0.0
2026-08-24 13:25:00-04:00,763.5700073242188,763.719970703125,763.3350219726562,763.4000244140625,193172,0.0,0.0,0.0
2026-08-24 13:30:00-04:00,763.3800048828125,763.5700073242188,763.27001953125,763.3001098632812,192457,0.0,0.0,0.0
2026-08-24 13:35:00-04:00,763.2999877929688,763.3900146484375,763.1400146484375,763.3900146484375,161284,0.0,0.0,0.0
2026-08-24 13:40:00-04:00,763.4000244140625,763.4500122070312,763.10498046875,763.10498046875,221499,0.0,0.0,0.0
2026-08-24 13:45:00-04:00,763.1099853515625,763.2899780273438,763.0499877929688,763.239990234375,173204,0.0,0.0,0.0
2026-08-24 13:50:00-04:00,763.239990234375,763.510009765625,763.1300048828125,763.2000122070312,168380,0.0,0.0,0.0
2026-08-24 13:55:00-04:00,763.2050170898438,763.3800048828125,763.1201171875,763.2899780273438,226742,0.0,0.0,0.0
2026-08-24 14:00:00-04:00,763.3099975585938,763.6599731445312,763.280029296875,763.5599975585938,190948,0.0,0.0,0.0
2026-08-24 14:05:00-04:00,763.530029296875,763.989990234375,763.489990234375,763.9199829101562,203890,0.0,0.0,0.0
2026-08-24 14:10:00-04:00,763.9000244140625,764.260009765625,763.8200073242188,764.260009765625,213906,0.0,0.0,0.0
2026-08-24 14:15:00-04:00,764.2550048828125,764.469970703125,764.1300048828125,764.2349853515625,213948,0.0,0.0,0.0
2026-08-24 14:20:00-04:00,764.22998046875,764.6900024414062,764.2000122070312,764.614990234375,345017,0.0,0.0,0.0
2026-08-24 14:25:00-04:00,764.614990234375,764.8400268554688,764.5599975585938,764.7999877929688,324066,0.0,0.0,0.0
2026-08-24 14:30:00-04:00,764.7999877929688,765.1099853515625,764.6599731445312,764.6699829101562,261335,0.0,0.0,0.0
2026-08-24 14:35:00-04:00,764.6849975585938,764.75,764.1199951171875,764.239501953125,229992,0.0,0.0,0.0
2026-08-24 14:40:00-04:00,764.22998046875,764.405029296875,764.1500244140625,764.3300170898438,233608,0.0,0.0,0.0
2026-08-24 14:45:00-04:00,764.3339233398438,764.4199829101562,764.1099853515625,764.3200073242188,196161,0.0,0.0,0.0
2026-08-24 14:50:00-04:00,764.3200073242188,764.4299926757812,764.0700073242188,764.1400146484375,150055,0.0,0.0,0.0
2026-08-24 14:55:00-04:00,764.1400146484375,764.25,763.969970703125,764.0,197493,0.0,0.0,0.0
2026-08-24 15:00:00-04:00,763.969970703125,764.0499877929688,763.8099975585938,763.9199829101562,204008,0.0,0.0,0.0
2026-08-24 15:05:00-04:00,763.9199829101562,764.0900268554688,763.8499755859375,763.9000244140625,172444,0.0,0.0,0.0
2026-08-24 15:10:00-04:00,763.9000244140625,764.2000122070312,763.8599853515625,764.1099853515625,148121,0.0,0.0,0.0
2026-08-24 15:15:00-04:00,764.1099853515625,764.22998046875,763.9199829101562,764.0999755859375,189753,0.0,0.0,0.0
2026-08-24 15:20:00-04:00,764.0700073242188,764.1900024414062,763.9600219726562,764.02001953125,192402,0.0,0.0,0.0
2026-08-24 15:25:00-04:00,764.0150146484375,764.1699829101562,763.9199829101562,763.9600219726562,200097,0.0,0.0,0.0
2026-08-24 15:30:00-04:00,763.9600219726562,764.239990234375,763.739990234375,763.739990234375,255565,0.0,0.0,0.0
2026-08-24 15:35:00-04:00,763.739990234375,763.8499755859375,763.6400146484375,763.655029296875,276731,0.0,0.0,0.0
2026-08-24 15:40:00-04:00,763.6500244140625,763.75,763.5399780273438,763.6599731445312,344874,0.0,0.0,0.0
2026-08-24 15:45:00-04:00,763.6599731445312,763.780029296875,763.47998046875,763.77001953125,608012,0.0,0.0,0.0
2026-08-24 15:50:00-04:00,763.780029296875,763.9500122070312,763.3499755859375,763.739990234375,685812,0.0,0.0,0.0
2026-08-24 15:55:00-04:00,763.760009765625,763.9500122070312,763.3800048828125,763.47998046875,2331037,0.0,0.0,0.0
2026-08-25 09:30:00-04:00,766.1599731445312,766.780029296875,765.9299926757812,766.72998046875,1531753,0.0,0.0,0.0
2026-08-25 09:35:00-04:00,766.6900024414062,766.7000122070312,766.1300048828125,766.135009765625,346646,0.0,0.0,0.0
2026-08-25 09:40:00-04:00,766.1500244140625,766.6500244140625,765.8699951171875,766.1649780273438,311712,0.0,0.0,0.0
2026-08-25 09:45:00-04:00,766.1500244140625,766.719970703125,766.1199951171875,766.4600219726562,323890,0.0,0.0,0.0
2026-08-25 09:50:00-04:00,766.4600219726562,766.530029296875,766.0,766.0,484134,0.0,0.0,0.0
2026-08-25 09:55:00-04:00,766.030029296875,766.0751953125,765.5001220703125,765.6900024414062,375118,0.0,0.0,0.0
2026-08-25 10:00:00-04:00,765.6900024414062,765.8099975585938,765.22998046875,765.4550170898438,385077,0.0,0.0,0.0
2026-08-25 10:05:00-04:00,765.4600219726562,765.5599975585938,765.1199951171875,765.3400268554688,371268,0.0,0.0,0.0
2026-08-25 10:10:00-04:00,765.3400268554688,765.53369140625,765.0999755859375,765.1849975585938,311307,0.0,0.0,0.0
2026-08-25 10:15:00-04:00,765.1699829101562,765.6300048828125,765.0499877929688,765.4199829101562,372009,0.0,0.0,0.0
2026-08-25 10:20:00-04:00,765.4400024414062,765.489990234375,764.8400268554688,765.0999755859375,341315,0.0,0.0,0.0
2026-08-25 10:25:00-04:00,765.1099853515625,765.1699829101562,764.6799926757812,764.7000122070312,359484,0.0,0.0,0.0
2026-08-25 10:30:00-04:00,764.7000122070312,764.8800048828125,763.0501098632812,764.3300170898438,1112263,0.0,0.0,0.0
2026-08-25 10:35:00-04:00,764.3400268554688,765.0599975585938,764.3300170898438,765.02001953125,552248,0.0,0.0,0.0
2026-08-25 10:40:00-04:00,765.0103759765625,765.030029296875,764.1599731445312,764.3499755859375,329732,0.0,0.0,0.0
2026-08-25 10:45:00-04:00,764.3499755859375,764.489990234375,764.1699829101562,764.2249755859375,277883,0.0,0.0,0.0
2026-08-25 10:50:00-04:00,764.1900024414062,764.8099975585938,764.031005859375,764.6599731445312,227423,0.0,0.0,0.0
2026-08-25 10:55:00-04:00,764.6599731445312,764.8499755859375,764.47998046875,764.719970703125,265460,0.0,0.0,0.0
2026-08-25 11:00:00-04:00,764.72998046875,764.77001953125,764.2999877929688,764.4500122070312,154049,0.0,0.0,0.0
2026-08-25 11:05:00-04:00,764.4500122070312,764.780029296875,764.39501953125,764.60498046875,172782,0.0,0.0,0.0
2026-08-25 11:10:00-04:00,764.6199951171875,764.7999877929688,764.3800048828125,764.5899047851562,117091,0.0,0.0,0.0
2026-08-25 11:15:00-04:00,764.5900268554688,764.9349975585938,764.489990234375,764.9000244140625,176392,0.0,0.0,0.0
2026-08-25 11:20:00-04:00,764.9199829101562,765.1599731445312,764.6799926757812,764.77001953125,206458,0.0,0.0,0.0
2026-08-25 11:25:00-04:00,764.77001953125,765.3900146484375,764.6500244140625,765.3099975585938,280575,0.0,0.0,0.0
2026-08-25 11:30:00-04:00,765.3200073242188,765.7899780273438,765.030029296875,765.0850219726562,302084,0.0,0.0,0.0
2026-08-25 11:35:00-04:00,765.0800170898438,765.8499755859375,765.0604858398438,765.0999755859375,256493,0.0,0.0,0.0
2026-08-25 11:40:00-04:00,765.1099853515625,765.22998046875,764.9099731445312,765.1699829101562,216396,0.0,0.0,0.0
2026-08-25 11:45:00-04:00,765.1799926757812,765.1799926757812,764.5999755859375,764.7100219726562,141450,0.0,0.0,0.0
2026-08-25 11:50:00-04:00,764.7050170898438,765.3101196289062,764.614990234375,765.2255859375,250704,0.0,0.0,0.0
2026-08-25 11:55:00-04:00,765.2100219726562,765.5999755859375,765.2100219726562,765.4400024414062,185520,0.0,0.0,0.0
2026-08-25 12:00:00-04:00,765.4600219726562,765.8499755859375,765.4199829101562,765.5599975585938,388840,0.0,0.0,0.0
2026-08-25 12:05:00-04:00,765.5700073242188,765.6500244140625,765.3212890625,765.3499755859375,133742,0.0,0.0,0.0
2026-08-25 12:10:00-04:00,765.3599853515625,765.5800170898438,765.3300170898438,765.52001953125,163347,0.0,0.0,0.0
2026-08-25 12:15:00-04:00,765.52001953125,765.5999755859375,765.4099731445312,765.5,237051,0.0,0.0,0.0
2026-08-25 12:20:00-04:00,765.510009765625,765.6500244140625,765.3699951171875,765.6199951171875,430987,0.0,0.0,0.0
2026-08-25 12:25:00-04:00,765.6217041015625,765.7999877929688,765.5599975585938,765.760009765625,111754,0.0,0.0,0.0
2026-08-25 12:30:00-04:00,765.75,765.8599853515625,765.67431640625,765.72998046875,113569,0.0,0.0,0.0
2026-08-25 12:35:00-04:00,765.739990234375,765.9500122070312,765.5900268554688,765.9000244140625,126282,0.0,0.0,0.0
2026-08-25 12:40:00-04:00,765.905029296875,765.9099731445312,765.510009765625,765.5800170898438,109315,0.0,0.0,0.0
2026-08-25 12:45:00-04:00,765.5900268554688,765.7949829101562,765.4099731445312,765.625,154720,0.0,0.0,0.0
2026-08-25 12:50:00-04:00,765.6300048828125,765.6400146484375,765.3300170898438,765.4290161132812,100659,0.0,0.0,0.0
2026-08-25 12:55:00-04:00,765.4299926757812,765.89990234375,765.4000244140625,765.760009765625,104137,0.0,0.0,0.0
2026-08-25 13:00:00-04:00,765.760009765625,765.8400268554688,765.3499755859375,765.3599853515625,138537,0.0,0.0,0.0
2026-08-25 13:05:00-04:00,765.3499755859375,765.4000244140625,764.9400024414062,765.1099853515625,178066,0.0,0.0,0.0
2026-08-25 13:10:00-04:00,765.1199951171875,765.3300170898438,764.9600219726562,765.27001953125,318957,0.0,0.0,0.0
2026-08-25 13:15:00-04:00,765.280029296875,765.4199829101562,765.161376953125,765.4000244140625,74882,0.0,0.0,0.0
2026-08-25 13:20:00-04:00,765.4099731445312,765.4099731445312,765.030029296875,765.030029296875,122697,0.0,0.0,0.0
2026-08-25 13:25:00-04:00,765.02001953125,765.02001953125,764.6300048828125,764.8200073242188,337552,0.0,0.0,0.0
2026-08-25 13:30:00-04:00,764.8200073242188,764.9500122070312,764.739990234375,764.8300170898438,150576,0.0,0.0,0.0
2026-08-25 13:35:00-04:00,764.8200073242188,765.0050048828125,764.760009765625,764.9199829101562,1130602,0.0,0.0,0.0
2026-08-25 13:40:00-04:00,764.919921875,765.0349731445312,764.8400268554688,764.8699951171875,82982,0.0,0.0,0.0
2026-08-25 13:45:00-04:00,764.8699951171875,765.0599975585938,764.8400268554688,764.9199829101562,142516,0.0,0.0,0.0
2026-08-25 13:50:00-04:00,764.9199829101562,765.1500244140625,764.8400268554688,765.1099853515625,174975,0.0,0.0,0.0
2026-08-25 13:55:00-04:00,765.1071166992188,765.1599731445312,764.9199829101562,765.0399780273438,111072,0.0,0.0,0.0
2026-08-25 14:00:00-04:00,765.030029296875,765.030029296875,764.8099975585938,764.8300170898438,200372,0.0,0.0,0.0
2026-08-25 14:05:00-04:00,764.7999877929688,765.030029296875,764.7999877929688,764.9199829101562,132198,0.0,0.0,0.0
2026-08-25 14:10:00-04:00,764.9099731445312,765.0900268554688,764.7869873046875,764.7999877929688,170947,0.0,0.0,0.0
2026-08-25 14:15:00-04:00,764.7899780273438,764.8599853515625,764.719970703125,764.8300170898438,163510,0.0,0.0,0.0
2026-08-25 14:20:00-04:00,764.8350219726562,764.989990234375,764.8200073242188,764.905029296875,190635,0.0,0.0,0.0
2026-08-25 14:25:00-04:00,764.9000244140625,765.010009765625,764.7999877929688,764.969970703125,164895,0.0,0.0,0.0
2026-08-25 14:30:00-04:00,764.969970703125,765.4000244140625,764.969970703125,765.3599853515625,204141,0.0,0.0,0.0
2026-08-25 14:35:00-04:00,765.3499755859375,765.4000244140625,765.2349853515625,765.2999877929688,224387,0.0,0.0,0.0
2026-08-25 14:40:00-04:00,765.3099975585938,765.5900268554688,765.2899780273438,765.5399780273438,142607,0.0,0.0,0.0
2026-08-25 14:45:00-04:00,765.5499877929688,765.8699951171875,765.5449829101562,765.8099975585938,347738,0.0,0.0,0.0
2026-08-25 14:50:00-04:00,765.8200073242188,765.8400268554688,765.6309814453125,765.6900024414062,336027,0.0,0.0,0.0
2026-08-25 14:55:00-04:00,765.6900024414062,765.7899780273438,765.5399780273438,765.6400146484375,326416,0.0,0.0,0.0
2026-08-25 15:00:00-04:00,765.6500244140625,765.8499755859375,765.4500122070312,765.469970703125,256437,0.0,0.0,0.0
2026-08-25 15:05:00-04:00,765.4754028320312,765.5499877929688,765.2899780273438,765.3699951171875,282020,0.0,0.0,0.0
2026-08-25 15:10:00-04:00,765.3800048828125,765.3900146484375,765.0900268554688,765.1174926757812,545118,0.0,0.0,0.0
2026-08-25 15:15:00-04:00,765.1199951171875,765.1799926757812,764.9400024414062,764.9981079101562,365534,0.0,0.0,0.0
2026-08-25 15:20:00-04:00,765.0,765.0800170898438,764.8699951171875,765.0599975585938,278849,0.0,0.0,0.0
2026-08-25 15:25:00-04:00,765.0700073242188,765.1900024414062,765.010009765625,765.1500244140625,192156,0.0,0.0,0.0
2026-08-25 15:30:00-04:00,765.1699829101562,765.2449951171875,765.010009765625,765.1300048828125,250291,0.0,0.0,0.0
2026-08-25 15:35:00-04:00,765.0999755859375,765.3599853515625,765.0900268554688,765.260009765625,578069,0.0,0.0,0.0
2026-08-25 15:40:00-04:00,765.25,765.6300048828125,765.239990234375,765.3699951171875,358867,0.0,0.0,0.0
2026-08-25 15:45:00-04:00,765.3900146484375,765.5399780273438,765.2634887695312,765.4749755859375,566282,0.0,0.0,0.0
2026-08-25 15:50:00-04:00,765.4749755859375,766.1699829101562,765.239990234375,766.1400146484375,750870,0.0,0.0,0.0
2026-08-25 15:55:00-04:00,766.1400146484375,766.219970703125,765.6900024414062,765.8350219726562,1898464,0.0,0.0,0.0
2026-08-26 09:30:00-04:00,764.72998046875,765.7999877929688,764.6799926757812,765.6749877929688,1144518,0.0,0.0,0.0
2026-08-26 09:35:00-04:00,765.6749877929688,765.8200073242188,764.8099975585938,765.5750122070312,429945,0.0,0.0,0.0
2026-08-26 09:40:00-04:00,765.530029296875,766.6099853515625,765.4299926757812,766.2999877929688,420779,0.0,0.0,0.0
2026-08-26 09:45:00-04:00,766.3200073242188,766.6799926757812,765.9199829101562,765.9199829101562,373090,0.0,0.0,0.0
2026-08-26 09:50:00-04:00,765.9249877929688,766.6099853515625,765.6400146484375,766.5800170898438,297119,0.0,0.0,0.0
2026-08-26 09:55:00-04:00,766.6199951171875,766.89990234375,766.4550170898438,766.8900146484375,293775,0.0,0.0,0.0
2026-08-26 10:00:00-04:00,766.8800048828125,766.9600219726562,766.614990234375,766.8499755859375,204963,0.0,0.0,0.0
2026-08-26 10:05:00-04:00,766.8800048828125,766.9199829101562,766.469970703125,766.6099853515625,240176,0.0,0.0,0.0
2026-08-26 10:10:00-04:00,766.6099853515625,766.6300048828125,766.0700073242188,766.1699829101562,264544,0.0,0.0,0.0
2026-08-26 10:15:00-04:00,766.1699829101562,766.3499755859375,765.9299926757812,765.9650268554688,221140,0.0,0.0,0.0
2026-08-26 10:20:00-04:00,765.958984375,766.0599975585938,765.3800048828125,765.4249877929688,193323,0.0,0.0,0.0
2026-08-26 10:25:00-04:00,765.4099731445312,765.5,764.8300170898438,765.0800170898438,397863,0.0,0.0,0.0
2026-08-26 10:30:00-04:00,765.0700073242188,765.2949829101562,764.9199829101562,765.1300048828125,253224,0.0,0.0,0.0
2026-08-26 10:35:00-04:00,765.1300048828125,765.5999755859375,765.0001220703125,765.219970703125,210121,0.0,0.0,0.0
2026-08-26 10:40:00-04:00,765.239990234375,765.5349731445312,765.1749877929688,765.3900146484375,181698,0.0,0.0,0.0
2026-08-26 10:45:00-04:00,765.4000244140625,765.5700073242188,765.0999755859375,765.5599975585938,201711,0.0,0.0,0.0
2026-08-26 10:50:00-04:00,765.5650024414062,765.9400024414062,765.530029296875,765.6400146484375,227712,0.0,0.0,0.0
2026-08-26 10:55:00-04:00,765.6400146484375,765.9000244140625,765.5399780273438,765.8499755859375,174692,0.0,0.0,0.0
2026-08-26 11:00:00-04:00,765.8699951171875,766.4400024414062,765.8400268554688,766.1900024414062,205272,0.0,0.0,0.0
2026-08-26 11:05:00-04:00,766.2100219726562,766.469970703125,766.1699829101562,766.3499755859375,178368,0.0,0.0,0.0
2026-08-26 11:10:00-04:00,766.3499755859375,766.4450073242188,766.1099853515625,766.280029296875,415345,0.0,0.0,0.0
2026-08-26 11:15:00-04:00,766.27001953125,766.2899780273438,765.5599975585938,765.7833862304688,259550,0.0,0.0,0.0
2026-08-26 11:20:00-04:00,765.77001953125,766.030029296875,765.719970703125,765.77001953125,169433,0.0,0.0,0.0
2026-08-26 11:25:00-04:00,765.760009765625,766.0599975585938,765.7000122070312,765.8499755859375,142136,0.0,0.0,0.0
2026-08-26 11:30:00-04:00,765.8400268554688,765.9000244140625,765.1400146484375,765.25,193551,0.0,0.0,0.0
2026-08-26 11:35:00-04:00,765.2598876953125,765.5499877929688,765.2598876953125,765.4600219726562,181729,0.0,0.0,0.0
2026-08-26 11:40:00-04:00,765.469970703125,766.1400146484375,765.4000244140625,766.0700073242188,165128,0.0,0.0,0.0
2026-08-26 11:45:00-04:00,766.0650024414062,766.27001953125,765.9600219726562,766.22998046875,165291,0.0,0.0,0.0
2026-08-26 11:50:00-04:00,766.25,766.3099975585938,765.3099975585938,765.3900146484375,394460,0.0,0.0,0.0
2026-08-26 11:55:00-04:00,765.3900146484375,765.7698974609375,765.3099975585938,765.3200073242188,225334,0.0,0.0,0.0
2026-08-26 12:00:00-04:00,765.3300170898438,765.3499755859375,764.8800048828125,765.1799926757812,327388,0.0,0.0,0.0
2026-08-26 12:05:00-04:00,765.1599731445312,765.4400024414062,765.030029296875,765.1500244140625,187752,0.0,0.0,0.0
2026-08-26 12:10:00-04:00,765.1599731445312,765.3099975585938,764.969970703125,765.030029296875,143823,0.0,0.0,0.0
2026-08-26 12:15:00-04:00,765.0399780273438,765.1400146484375,764.8300170898438,764.989990234375,276896,0.0,0.0,0.0
2026-08-26 12:20:00-04:00,764.989990234375,765.1099853515625,764.8699951171875,764.9299926757812,178243,0.0,0.0,0.0
2026-08-26 12:25:00-04:00,764.9498901367188,765.0050048828125,764.72998046875,764.7999877929688,171838,0.0,0.0,0.0
2026-08-26 12:30:00-04:00,764.7949829101562,764.97998046875,764.760009765625,764.8800048828125,170029,0.0,0.0,0.0
2026-08-26 12:35:00-04:00,764.8400268554688,764.8900146484375,764.1599731445312,764.1599731445312,383983,0.0,0.0,0.0
2026-08-26 12:40:00-04:00,764.1500244140625,764.4000244140625,763.9299926757812,764.0120239257812,296818,0.0,0.0,0.0
2026-08-26 12:45:00-04:00,764.010009765625,764.35498046875,763.9500122070312,764.0700073242188,253226,0.0,0.0,0.0
2026-08-26 12:50:00-04:00,764.0800170898438,764.3200073242188,764.0499877929688,764.2000122070312,173927,0.0,0.0,0.0
2026-08-26 12:55:00-04:00,764.1799926757812,764.7999877929688,764.1799926757812,764.719970703125,324047,0.0,0.0,0.0
2026-08-26 13:00:00-04:00,764.7000122070312,764.96240234375,764.5701293945312,764.8889770507812,152710,0.0,0.0,0.0
2026-08-26 13:05:00-04:00,764.8699951171875,765.1099853515625,764.7100219726562,765.0499877929688,155219,0.0,0.0,0.0
2026-08-26 13:10:00-04:00,765.0499877929688,765.1400146484375,764.989990234375,765.1400146484375,177797,0.0,0.0,0.0
2026-08-26 13:15:00-04:00,765.1492919921875,765.5,765.1492919921875,765.3350219726562,199620,0.0,0.0,0.0
2026-08-26 13:20:00-04:00,765.3350219726562,765.6599731445312,765.3300170898438,765.6500244140625,214656,0.0,0.0,0.0
2026-08-26 13:25:00-04:00,765.6500244140625,765.719970703125,765.4299926757812,765.6500244140625,277001,0.0,0.0,0.0
2026-08-26 13:30:00-04:00,765.6500244140625,765.7999877929688,765.530029296875,765.760009765625,212724,0.0,0.0,0.0
2026-08-26 13:35:00-04:00,765.77001953125,765.8400268554688,765.5999755859375,765.6099853515625,162198,0.0,0.0,0.0
2026-08-26 13:40:00-04:00,765.60498046875,765.760009765625,765.469970703125,765.6799926757812,212544,0.0,0.0,0.0
2026-08-26 13:45:00-04:00,765.6900024414062,765.7100219726562,765.4400024414062,765.4600219726562,231353,0.0,0.0,0.0
2026-08-26 13:50:00-04:00,765.469970703125,765.780029296875,765.4409790039062,765.7620239257812,121755,0.0,0.0,0.0
2026-08-26 13:55:00-04:00,765.7650146484375,765.8699951171875,765.6400146484375,765.6799926757812,109454,0.0,0.0,0.0
2026-08-26 14:00:00-04:00,765.6699829101562,765.6900024414062,765.469970703125,765.510009765625,251503,0.0,0.0,0.0
2026-08-26 14:05:00-04:00,765.52001953125,765.8599853515625,765.510009765625,765.77001953125,189514,0.0,0.0,0.0
2026-08-26 14:10:00-04:00,765.780029296875,765.7899780273438,765.3800048828125,765.4099731445312,190451,0.0,0.0,0.0
2026-08-26 14:15:00-04:00,765.4099731445312,765.77001953125,765.3499755859375,765.7349853515625,177850,0.0,0.0,0.0
2026-08-26 14:20:00-04:00,765.739990234375,765.97998046875,765.5650024414062,765.5650024414062,215818,0.0,0.0,0.0
2026-08-26 14:25:00-04:00,765.5700073242188,765.72802734375,765.47998046875,765.6099853515625,191404,0.0,0.0,0.0
2026-08-26 14:30:00-04:00,765.6099853515625,765.9000244140625,765.52001953125,765.75,243282,0.0,0.0,0.0
2026-08-26 14:35:00-04:00,765.7550048828125,765.8300170898438,765.6099853515625,765.739990234375,230244,0.0,0.0,0.0
2026-08-26 14:40:00-04:00,765.7257690429688,765.89501953125,765.6699829101562,765.8599853515625,421512,0.0,0.0,0.0
2026-08-26 14:45:00-04:00,765.8699951171875,766.4500122070312,765.8499755859375,766.3200073242188,336781,0.0,0.0,0.0
2026-08-26 14:50:00-04:00,766.3099975585938,766.5800170898438,766.219970703125,766.469970703125,402036,0.0,0.0,0.0
2026-08-26 14:55:00-04:00,766.47998046875,766.6400146484375,766.3300170898438,766.510009765625,263941,0.0,0.0,0.0
2026-08-26 15:00:00-04:00,766.530029296875,767.3499755859375,766.469970703125,767.27001953125,465035,0.0,0.0,0.0
2026-08-26 15:05:00-04:00,767.260009765625,767.2894287109375,766.8800048828125,766.9500122070312,150152,0.0,0.0,0.0
2026-08-26 15:10:00-04:00,766.9550170898438,767.0999755859375,766.8699951171875,766.969970703125,305193,0.0,0.0,0.0
2026-08-26 15:15:00-04:00,766.9600219726562,767.27001953125,766.9400024414062,767.1900024414062,287064,0.0,0.0,0.0
2026-08-26 15:20:00-04:00,767.1900024414062,767.2000122070312,766.8200073242188,767.030029296875,275185,0.0,0.0,0.0
2026-08-26 15:25:00-04:00,767.02001953125,767.1300048828125,766.8300170898438,766.8900146484375,293639,0.0,0.0,0.0
2026-08-26 15:30:00-04:00,766.9000244140625,766.9149780273438,766.75,766.8599853515625,373935,0.0,0.0,0.0
2026-08-26 15:35:00-04:00,766.8599853515625,766.8800048828125,766.5900268554688,766.6649780273438,418674,0.0,0.0,0.0
2026-08-26 15:40:00-04:00,766.6649780273438,766.8699951171875,766.5999755859375,766.6900024414062,684352,0.0,0.0,0.0
2026-08-26 15:45:00-04:00,766.7000122070312,767.1300048828125,766.6300048828125,767.1199951171875,755475,0.0,0.0,0.0
2026-08-26 15:50:00-04:00,767.1199951171875,767.2100219726562,766.010009765625,766.1799926757812,1217561,0.0,0.0,0.0
2026-08-26 15:55:00-04:00,766.1799926757812,766.4400024414062,765.489990234375,766.010009765625,1630545,0.0,0.0,0.0
2026-08-27 09:30:00-04:00,768.5,768.8099975585938,767.1599731445312,767.47998046875,2348700,0.0,0.0,0.0
2026-08-27 09:35:00-04:00,767.47998046875,768.27001953125,767.1599731445312,768.219970703125,525672,0.0,0.0,0.0
2026-08-27 09:40:00-04:00,768.22998046875,769.2000122070312,767.9600219726562,769.1900024414062,717668,0.0,0.0,0.0
2026-08-27 09:45:00-04:00,769.219970703125,769.6900024414062,767.7150268554688,768.0599975585938,994450,0.0,0.0,0.0
2026-08-27 09:50:00-04:00,768.0700073242188,769.3699951171875,768.0700073242188,769.1849975585938,722341,0.0,0.0,0.0
2026-08-27 09:55:00-04:00,769.1699829101562,769.2487182617188,767.6199951171875,768.4055786132812,588090,0.0,0.0,0.0
2026-08-27 10:00:00-04:00,768.4000244140625,769.010009765625,768.2120971679688,768.7899780273438,580218,0.0,0.0,0.0
2026-08-27 10:05:00-04:00,768.7899780273438,769.0900268554688,768.0499877929688,768.4299926757812,304076,0.0,0.0,0.0
2026-08-27 10:10:00-04:00,768.4503173828125,768.989990234375,768.4500122070312,768.655029296875,315771,0.0,0.0,0.0
2026-08-27 10:15:00-04:00,768.6599731445312,769.3400268554688,768.6599731445312,769.1599731445312,470757,0.0,0.0,0.0
2026-08-27 10:20:00-04:00,769.1599731445312,769.5900268554688,769.0499877929688,769.4600219726562,304222,0.0,0.0,0.0
2026-08-27 10:25:00-04:00,769.469970703125,769.8800048828125,769.260009765625,769.6749877929688,375978,0.0,0.0,0.0
2026-08-27 10:30:00-04:00,769.6998901367188,769.739990234375,769.0599975585938,769.3699951171875,208017,0.0,0.0,0.0
2026-08-27 10:35:00-04:00,769.4000244140625,770.0399780273438,769.3200073242188,769.3400268554688,291257,0.0,0.0,0.0
2026-08-27 10:40:00-04:00,769.3499755859375,769.6699829101562,769.3250122070312,769.6199951171875,144726,0.0,0.0,0.0
2026-08-27 10:45:00-04:00,769.6099853515625,770.2899780273438,769.35498046875,770.239990234375,282886,0.0,0.0,0.0
2026-08-27 10:50:00-04:00,770.219970703125,770.4400024414062,769.8900146484375,770.1300048828125,285754,0.0,0.0,0.0
2026-08-27 10:55:00-04:00,770.125,770.4000244140625,769.7349853515625,770.39501953125,211617,0.0,0.0,0.0
2026-08-27 11:00:00-04:00,770.4099731445312,770.6599731445312,770.2280883789062,770.6300048828125,351905,0.0,0.0,0.0
2026-08-27 11:05:00-04:00,770.6199951171875,770.7100219726562,770.3250122070312,770.5401000976562,264591,0.0,0.0,0.0
2026-08-27 11:10:00-04:00,770.5399780273438,770.8400268554688,770.5,770.8200073242188,174918,0.0,0.0,0.0
2026-08-27 11:15:00-04:00,770.8298950195312,771.0999755859375,770.7999877929688,770.9600219726562,243951,0.0,0.0,0.0
2026-08-27 11:20:00-04:00,770.97998046875,771.0800170898438,770.7449951171875,770.780029296875,248394,0.0,0.0,0.0
2026-08-27 11:25:00-04:00,770.7899780273438,770.7999877929688,770.22998046875,770.3150024414062,203770,0.0,0.0,0.0
2026-08-27 11:30:00-04:00,770.3099975585938,770.6199951171875,770.0900268554688,770.2150268554688,544965,0.0,0.0,0.0
2026-08-27 11:35:00-04:00,770.22998046875,770.3300170898438,769.8150024414062,769.9099731445312,248213,0.0,0.0,0.0
2026-08-27 11:40:00-04:00,769.9299926757812,770.3599853515625,769.614990234375,769.6500244140625,463270,0.0,0.0,0.0
2026-08-27 11:45:00-04:00,769.6599731445312,769.72998046875,769.3900146484375,769.6799926757812,238609,0.0,0.0,0.0
2026-08-27 11:50:00-04:00,769.6699829101562,770.8800048828125,769.6649780273438,770.8599853515625,245185,0.0,0.0,0.0
2026-08-27 11:55:00-04:00,770.8599853515625,770.8599853515625,770.530029296875,770.6400146484375,238924,0.0,0.0,0.0
2026-08-27 12:00:00-04:00,770.6400146484375,770.969970703125,770.5499877929688,770.8400268554688,201115,0.0,0.0,0.0
2026-08-27 12:05:00-04:00,770.8300170898438,770.8499755859375,770.4400024414062,770.5399780273438,203359,0.0,0.0,0.0
2026-08-27 12:10:00-04:00,770.510009765625,770.7550048828125,770.4199829101562,770.6298828125,119828,0.0,0.0,0.0
2026-08-27 12:15:00-04:00,770.5999755859375,770.8107299804688,770.510009765625,770.6099853515625,101617,0.0,0.0,0.0
2026-08-27 12:20:00-04:00,770.5999755859375,770.6300048828125,770.3400268554688,770.5374755859375,123570,0.0,0.0,0.0
2026-08-27 12:25:00-04:00,770.530029296875,770.9099731445312,770.4299926757812,770.9099731445312,241088,0.0,0.0,0.0
2026-08-27 12:30:00-04:00,770.9099731445312,771.1699829101562,770.8200073242188,771.1599731445312,193918,0.0,0.0,0.0
2026-08-27 12:35:00-04:00,771.1599731445312,771.5250244140625,771.1199951171875,771.510009765625,226517,0.0,0.0,0.0
2026-08-27 12:40:00-04:00,771.5499877929688,771.7899780273438,771.510009765625,771.6900024414062,226714,0.0,0.0,0.0
2026-08-27 12:45:00-04:00,771.6900024414062,771.9400024414062,771.6599731445312,771.7050170898438,190693,0.0,0.0,0.0
2026-08-27 12:50:00-04:00,771.72998046875,772.010009765625,771.6099853515625,771.9299926757812,241641,0.0,0.0,0.0
2026-08-27 12:55:00-04:00,771.9299926757812,772.030029296875,771.719970703125,771.989990234375,208420,0.0,0.0,0.0
2026-08-27 13:00:00-04:00,772.02001953125,772.1500244140625,771.9600219726562,772.030029296875,202343,0.0,0.0,0.0
2026-08-27 13:05:00-04:00,772.0399780273438,772.25,771.75,772.219970703125,217071,0.0,0.0,0.0
2026-08-27 13:10:00-04:00,772.22998046875,772.35498046875,772.0999755859375,772.1900024414062,143701,0.0,0.0,0.0
2026-08-27 13:15:00-04:00,772.2100219726562,772.280029296875,772.0380249023438,772.1300048828125,225144,0.0,0.0,0.0
2026-08-27 13:20:00-04:00,772.125,772.2700805664062,772.0499877929688,772.1799926757812,303960,0.0,0.0,0.0
2026-08-27 13:25:00-04:00,772.1799926757812,772.1799926757812,771.5999755859375,771.75,478660,0.0,0.0,0.0
2026-08-27 13:30:00-04:00,771.75,772.0599975585938,771.6849975585938,771.77001953125,203362,0.0,0.0,0.0
2026-08-27 13:35:00-04:00,771.77001953125,771.8800048828125,771.6851196289062,771.72998046875,126804,0.0,0.0,0.0
2026-08-27 13:40:00-04:00,771.739990234375,771.959716796875,771.5900268554688,771.6400146484375,264748,0.0,0.0,0.0
2026-08-27 13:45:00-04:00,771.6300048828125,771.669921875,771.2999877929688,771.3900146484375,273019,0.0,0.0,0.0
2026-08-27 13:50:00-04:00,771.405029296875,771.4500122070312,771.2100219726562,771.3499755859375,208262,0.0,0.0,0.0
2026-08-27 13:55:00-04:00,771.3699951171875,771.4500122070312,771.0999755859375,771.2249755859375,278355,0.0,0.0,0.0
2026-08-27 14:00:00-04:00,771.2249755859375,771.3900146484375,770.5,770.5250244140625,453717,0.0,0.0,0.0
2026-08-27 14:05:00-04:00,770.5250244140625,771.0,770.3499755859375,770.489990234375,254651,0.0,0.0,0.0
2026-08-27 14:10:00-04:00,770.52001953125,770.5499877929688,769.9849853515625,770.260009765625,346669,0.0,0.0,0.0
2026-08-27 14:15:00-04:00,770.27001953125,770.5194702148438,770.0700073242188,770.2750244140625,194327,0.0,0.0,0.0
2026-08-27 14:20:00-04:00,770.27001953125,770.4500122070312,770.010009765625,770.0900268554688,192404,0.0,0.0,0.0
2026-08-27 14:25:00-04:00,770.0900268554688,770.1099853515625,769.260009765625,769.4600219726562,411160,0.0,0.0,0.0
2026-08-27 14:30:00-04:00,769.469970703125,769.9349975585938,769.4299926757812,769.5399780273438,420777,0.0,0.0,0.0
2026-08-27 14:35:00-04:00,769.5499877929688,770.0599975585938,769.47998046875,770.0499877929688,310402,0.0,0.0,0.0
2026-08-27 14:40:00-04:00,770.0449829101562,770.1199951171875,769.7899780273438,769.8800048828125,122501,0.0,0.0,0.0
2026-08-27 14:45:00-04:00,769.8900146484375,770.0800170898438,769.5,769.5040283203125,219319,0.0,0.0,0.0
2026-08-27 14:50:00-04:00,769.52001953125,769.6199951171875,769.3099975585938,769.3300170898438,293598,0.0,0.0,0.0
2026-08-27 14:55:00-04:00,769.3350219726562,769.77001953125,769.1599731445312,769.6500244140625,397264,0.0,0.0,0.0
2026-08-27 15:00:00-04:00,769.6500244140625,770.0399780273438,769.52001953125,769.9400024414062,427887,0.0,0.0,0.0
2026-08-27 15:05:00-04:00,769.9500122070312,770.2000122070312,769.7100219726562,770.1400146484375,604997,0.0,0.0,0.0
2026-08-27 15:10:00-04:00,770.1300048828125,770.22998046875,769.8900146484375,769.8900146484375,219694,0.0,0.0,0.0
2026-08-27 15:15:00-04:00,769.9000244140625,770.22998046875,769.9000244140625,770.1900024414062,351737,0.0,0.0,0.0
2026-08-27 15:20:00-04:00,770.1749877929688,770.280029296875,769.97998046875,770.0150146484375,277348,0.0,0.0,0.0
2026-08-27 15:25:00-04:00,770.0100708007812,770.0800170898438,769.760009765625,769.9400024414062,386174,0.0,0.0,0.0
2026-08-27 15:30:00-04:00,769.9450073242188,770.47998046875,769.8699951171875,770.4400024414062,269612,0.0,0.0,0.0
2026-08-27 15:35:00-04:00,770.4600219726562,770.6099853515625,770.4000244140625,770.5499877929688,341980,0.0,0.0,0.0
2026-08-27 15:40:00-04:00,770.5399780273438,770.6790161132812,770.3900146484375,770.6500244140625,454321,0.0,0.0,0.0
2026-08-27 15:45:00-04:00,770.6400146484375,770.8800048828125,770.5599975585938,770.7899780273438,572686,0.0,0.0,0.0
2026-08-27 15:50:00-04:00,770.7899780273438,771.3300170898438,770.4000244140625,771.2150268554688,773924,0.0,0.0,0.0
2026-08-27 15:55:00-04:00,771.219970703125,771.3599853515625,770.9199829101562,771.0399780273438,3081226,0.0,0.0,0.0
2026-08-28 09:30:00-04:00,771.760009765625,772.0900268554688,771.469970703125,772.0,1185700,0.0,0.0,0.0
2026-08-28 09:35:00-04:00,772.0250244140625,772.4400024414062,771.72998046875,772.239990234375,359329,0.0,0.0,0.0
2026-08-28 09:40:00-04:00,772.260009765625,772.8400268554688,772.1599731445312,772.5800170898438,283565,0.0,0.0,0.0
2026-08-28 09:45:00-04:00,772.5800170898438,772.8699951171875,771.989990234375,772.1400146484375,367203,0.0,0.0,0.0
2026-08-28 09:50:00-04:00,772.1900024414062,772.1900024414062,771.6699829101562,771.719970703125,366210,0.0,0.0,0.0
2026-08-28 09:55:00-04:00,771.72998046875,772.3699951171875,771.6300048828125,771.780029296875,326392,0.0,0.0,0.0
2026-08-28 10:00:00-04:00,771.7899780273438,773.1300048828125,771.25,771.7482299804688,930125,0.0,0.0,0.0
2026-08-28 10:05:00-04:00,771.7380981445312,771.7949829101562,770.6199951171875,771.0,735377,0.0,0.0,0.0
2026-08-28 10:10:00-04:00,770.989990234375,771.0999755859375,769.77001953125,770.280029296875,692198,0.0,0.0,0.0
2026-08-28 10:15:00-04:00,770.239990234375,771.739990234375,770.1199951171875,771.4299926757812,725171,0.0,0.0,0.0
2026-08-28 10:20:00-04:00,771.4099731445312,772.22998046875,770.97998046875,771.5800170898438,500677,0.0,0.0,0.0
2026-08-28 10:25:00-04:00,771.5900268554688,771.6900024414062,770.5900268554688,771.2999877929688,498738,0.0,0.0,0.0
2026-08-28 10:30:00-04:00,771.2999877929688,772.1599731445312,770.9000244140625,772.1400146484375,371897,0.0,0.0,0.0
2026-08-28 10:35:00-04:00,772.14501953125,772.719970703125,772.0,772.3300170898438,324347,0.0,0.0,0.0
2026-08-28 10:40:00-04:00,772.3300170898438,773.5599975585938,772.2999877929688,773.3900146484375,374829,0.0,0.0,0.0
2026-08-28 10:45:00-04:00,773.4299926757812,773.8599853515625,773.2000122070312,773.85498046875,549211,0.0,0.0,0.0
2026-08-28 10:50:00-04:00,773.8599853515625,774.7000122070312,773.780029296875,774.5399780273438,578937,0.0,0.0,0.0
2026-08-28 10:55:00-04:00,774.5349731445312,775.0399780273438,774.4600219726562,774.9600830078125,644611,0.0,0.0,0.0
2026-08-28 11:00:00-04:00,774.97998046875,775.2999877929688,774.760009765625,774.9099731445312,545947,0.0,0.0,0.0
2026-08-28 11:05:00-04:00,774.9000244140625,775.0399780273438,774.1024780273438,774.239990234375,505790,0.0,0.0,0.0
2026-08-28 11:10:00-04:00,774.239990234375,774.4400024414062,773.8200073242188,774.1950073242188,364453,0.0,0.0,0.0
2026-08-28 11:15:00-04:00,774.1900024414062,774.6699829101562,774.1900024414062,774.2999877929688,221236,0.0,0.0,0.0
2026-08-28 11:20:00-04:00,774.3099975585938,774.9000244140625,774.3049926757812,774.8250122070312,217533,0.0,0.0,0.0
2026-08-28 11:25:00-04:00,774.8200073242188,775.219970703125,774.7318725585938,774.9500122070312,388341,0.0,0.0,0.0
2026-08-28 11:30:00-04:00,774.969970703125,775.0,774.4500122070312,774.4600219726562,236755,0.0,0.0,0.0
2026-08-28 11:35:00-04:00,774.4600219726562,774.6099853515625,773.5700073242188,773.6500244140625,286963,0.0,0.0,0.0
2026-08-28 11:40:00-04:00,773.6599731445312,773.6599731445312,772.6699829101562,772.8200073242188,665456,0.0,0.0,0.0
2026-08-28 11:45:00-04:00,772.8200073242188,773.030029296875,772.1699829101562,772.2899780273438,461804,0.0,0.0,0.0
2026-08-28 11:50:00-04:00,772.2899780273438,772.489990234375,771.469970703125,772.0999145507812,476354,0.0,0.0,0.0
2026-08-28 11:55:00-04:00,772.0999755859375,772.1300048828125,770.8300170898438,771.0700073242188,436442,0.0,0.0,0.0
2026-08-28 12:00:00-04:00,771.0850219726562,771.22998046875,770.4600219726562,770.8099975585938,581209,0.0,0.0,0.0
2026-08-28 12:05:00-04:00,770.8049926757812,771.6500244140625,770.75,771.5587768554688,456579,0.0,0.0,0.0
2026-08-28 12:10:00-04:00,771.5413818359375,771.5900268554688,770.9500122070312,770.97998046875,335237,0.0,0.0,0.0
2026-08-28 12:15:00-04:00,770.989990234375,771.22998046875,769.7550048828125,770.1799926757812,369719,0.0,0.0,0.0
2026-08-28 12:20:00-04:00,770.1799926757812,770.3599853515625,769.1400146484375,769.5,456257,0.0,0.0,0.0
2026-08-28 12:25:00-04:00,769.469970703125,769.8800048828125,769.3101196289062,769.5999755859375,261618,0.0,0.0,0.0
2026-08-28 12:30:00-04:00,769.5999755859375,770.52001953125,769.5750122070312,769.6400146484375,324747,0.0,0.0,0.0
2026-08-28 12:35:00-04:00,769.6450805664062,770.6199951171875,769.6400146484375,770.3400268554688,252162,0.0,0.0,0.0
2026-08-28 12:40:00-04:00,770.3300170898438,770.3599853515625,769.5399780273438,769.6699829101562,201958,0.0,0.0,0.0
2026-08-28 12:45:00-04:00,769.6799926757812,770.60498046875,769.6500244140625,770.4199829101562,735803,0.0,0.0,0.0
2026-08-28 12:50:00-04:00,770.4099731445312,770.7000122070312,769.8300170898438,769.9400024414062,237594,0.0,0.0,0.0
2026-08-28 12:55:00-04:00,769.9299926757812,770.0999755859375,769.6799926757812,769.6900024414062,296481,0.0,0.0,0.0
2026-08-28 13:00:00-04:00,769.6799926757812,769.7100219726562,768.6599731445312,768.9949951171875,381643,0.0,0.0,0.0
2026-08-28 13:05:00-04:00,769.0,769.010009765625,768.469970703125,768.489990234375,302494,0.0,0.0,0.0
2026-08-28 13:10:00-04:00,768.47998046875,769.3499755859375,768.3076171875,769.3499755859375,304153,0.0,0.0,0.0
2026-08-28 13:15:00-04:00,769.3499755859375,769.4099731445312,768.9400024414062,769.1300048828125,272741,0.0,0.0,0.0
2026-08-28 13:20:00-04:00,769.1300048828125,769.219970703125,768.5800170898438,768.9749755859375,247381,0.0,0.0,0.0
2026-08-28 13:25:00-04:00,768.97998046875,769.3250122070312,768.77001953125,768.8200073242188,176927,0.0,0.0,0.0
2026-08-28 13:30:00-04:00,768.8400268554688,769.4600219726562,768.719970703125,769.3200073242188,165108,0.0,0.0,0.0
2026-08-28 13:35:00-04:00,769.3400268554688,769.5,768.5999755859375,768.6599731445312,234228,0.0,0.0,0.0
2026-08-28 13:40:00-04:00,768.6589965820312,769.1599731445312,768.6400146484375,769.0700073242188,187361,0.0,0.0,0.0
2026-08-28 13:45:00-04:00,769.0499877929688,769.72998046875,768.8900146484375,769.6599731445312,164535,0.0,0.0,0.0
2026-08-28 13:50:00-04:00,769.6599731445312,769.739990234375,769.4249877929688,769.5,146107,0.0,0.0,0.0
2026-08-28 13:55:00-04:00,769.5,769.5800170898438,769.0800170898438,769.5399169921875,140284,0.0,0.0,0.0
2026-08-28 14:00:00-04:00,769.5599975585938,769.7999877929688,769.3400268554688,769.52001953125,192034,0.0,0.0,0.0
2026-08-28 14:05:00-04:00,769.5,769.75,769.3400268554688,769.5700073242188,153586,0.0,0.0,0.0
2026-08-28 14:10:00-04:00,769.5800170898438,769.780029296875,769.2000122070312,769.219970703125,198963,0.0,0.0,0.0
2026-08-28 14:15:00-04:00,769.22998046875,769.5299072265625,769.1400146484375,769.4149780273438,146788,0.0,0.0,0.0
2026-08-28 14:20:00-04:00,769.4099731445312,769.5700073242188,768.9299926757812,769.0700073242188,191276,0.0,0.0,0.0
2026-08-28 14:25:00-04:00,769.0599975585938,769.3300170898438,768.8900146484375,769.0599975585938,157562,0.0,0.0,0.0
2026-08-28 14:30:00-04:00,769.0499877929688,769.47998046875,769.0,769.3699951171875,178395,0.0,0.0,0.0
2026-08-28 14:35:00-04:00,769.3800048828125,769.5800170898438,769.0599975585938,769.1099853515625,293078,0.0,0.0,0.0
2026-08-28 14:40:00-04:00,769.1099853515625,769.3900146484375,769.030029296875,769.3150024414062,217427,0.0,0.0,0.0
2026-08-28 14:45:00-04:00,769.27001953125,769.3049926757812,768.719970703125,768.77001953125,138564,0.0,0.0,0.0
2026-08-28 14:50:00-04:00,768.760009765625,768.760009765625,768.3099975585938,768.5599975585938,307478,0.0,0.0,0.0
2026-08-28 14:55:00-04:00,768.52001953125,768.7899780273438,768.3699951171875,768.6799926757812,207462,0.0,0.0,0.0
2026-08-28 15:00:00-04:00,768.6799926757812,768.9500122070312,768.469970703125,768.7999877929688,177222,0.0,0.0,0.0
2026-08-28 15:05:00-04:00,768.7899780273438,769.3699951171875,768.7100830078125,769.3499755859375,364153,0.0,0.0,0.0
2026-08-28 15:10:00-04:00,769.3400268554688,769.3800048828125,768.989990234375,769.236328125,373847,0.0,0.0,0.0
2026-08-28 15:15:00-04:00,769.219970703125,769.280029296875,768.9967041015625,769.2100219726562,298514,0.0,0.0,0.0
2026-08-28 15:20:00-04:00,769.219970703125,769.52001953125,769.1500244140625,769.3200073242188,495071,0.0,0.0,0.0
2026-08-28 15:25:00-04:00,769.3099975585938,769.5900268554688,769.2899780273438,769.5150146484375,260564,0.0,0.0,0.0
2026-08-28 15:30:00-04:00,769.510009765625,769.5100708007812,769.1799926757812,769.4000244140625,395715,0.0,0.0,0.0
2026-08-28 15:35:00-04:00,769.4000244140625,769.5750122070312,769.1300048828125,769.5449829101562,389938,0.0,0.0,0.0
2026-08-28 15:40:00-04:00,769.5499877929688,769.7899780273438,769.530029296875,769.6199951171875,701539,0.0,0.0,0.0
2026-08-28 15:45:00-04:00,769.5999755859375,769.6900024414062,769.02001953125,769.239990234375,802394,0.0,0.0,0.0
2026-08-28 15:50:00-04:00,769.25,769.780029296875,769.1099853515625,769.3599853515625,1057313,0.0,0.0,0.0
2026-08-28 15:55:00-04:00,769.3499755859375,769.8800048828125,769.0700073242188,769.3800048828125,2670344,0.0,0.0,0.0
2026-08-31 09:30:00-04:00,767.3300170898438,767.6199951171875,766.3049926757812,766.3800048828125,2007748,0.0,0.0,0.0
2026-08-31 09:35:00-04:00,766.3699951171875,766.52001953125,765.75,766.2750244140625,559315,0.0,0.0,0.0
2026-08-31 09:40:00-04:00,766.25,766.6400146484375,765.780029296875,765.8049926757812,440840,0.0,0.0,0.0
2026-08-31 09:45:00-04:00,765.8300170898438,766.6300048828125,765.5,766.114990234375,596028,0.0,0.0,0.0
2026-08-31 09:50:00-04:00,766.1199951171875,766.530029296875,765.780029296875,766.52001953125,335539,0.0,0.0,0.0
2026-08-31 09:55:00-04:00,766.47998046875,766.7100219726562,766.0800170898438,766.1799926757812,357326,0.0,0.0,0.0
2026-08-31 10:00:00-04:00,766.1900024414062,766.2999877929688,765.7000122070312,765.7999877929688,369270,0.0,0.0,0.0
2026-08-31 10:05:00-04:00,765.7899780273438,766.0800170898438,765.4600219726562,765.5,317612,0.0,0.0,0.0
2026-08-31 10:10:00-04:00,765.4749755859375,765.864990234375,765.3400268554688,765.8101196289062,262560,0.0,0.0,0.0
2026-08-31 10:15:00-04:00,765.7999877929688,766.0399780273438,765.5599975585938,765.9500122070312,300984,0.0,0.0,0.0
2026-08-31 10:20:00-04:00,765.9550170898438,765.9749755859375,765.0,765.0098876953125,291138,0.0,0.0,0.0
2026-08-31 10:25:00-04:00,765.010009765625,765.0900268554688,764.7150268554688,764.9299926757812,421453,0.0,0.0,0.0
2026-08-31 10:30:00-04:00,764.885009765625,765.1500244140625,764.7999877929688,764.9000244140625,266103,0.0,0.0,0.0
2026-08-31 10:35:00-04:00,764.8900146484375,765.7899780273438,764.8250122070312,765.6400146484375,309293,0.0,0.0,0.0
2026-08-31 10:40:00-04:00,765.6199951171875,766.0700073242188,765.5800170898438,765.8200073242188,282020,0.0,0.0,0.0
2026-08-31 10:45:00-04:00,765.8300170898438,765.8300170898438,765.3699951171875,765.4199829101562,215483,0.0,0.0,0.0
2026-08-31 10:50:00-04:00,765.4395141601562,765.8599853515625,765.3499755859375,765.8400268554688,168835,0.0,0.0,0.0
2026-08-31 10:55:00-04:00,765.8433837890625,766.3989868164062,765.72998046875,765.9500122070312,290970,0.0,0.0,0.0
2026-08-31 11:00:00-04:00,765.9500122070312,766.4600219726562,765.6704711914062,765.760009765625,361583,0.0,0.0,0.0
2026-08-31 11:05:00-04:00,765.760009765625,766.2000122070312,765.6104736328125,765.6799926757812,175330,0.0,0.0,0.0
2026-08-31 11:10:00-04:00,765.6900024414062,765.969970703125,765.5499877929688,765.739990234375,291550,0.0,0.0,0.0
2026-08-31 11:15:00-04:00,765.7349853515625,765.9199829101562,765.3800048828125,765.77001953125,181202,0.0,0.0,0.0
2026-08-31 11:20:00-04:00,765.780029296875,766.0650024414062,765.5800170898438,766.0349731445312,189790,0.0,0.0,0.0
2026-08-31 11:25:00-04:00,766.030029296875,766.1799926757812,765.8200073242188,765.9400024414062,154133,0.0,0.0,0.0
2026-08-31 11:30:00-04:00,765.9500122070312,766.0,765.4400024414062,765.7598876953125,251352,0.0,0.0,0.0
2026-08-31 11:35:00-04:00,765.739990234375,765.844970703125,765.4299926757812,765.5900268554688,212571,0.0,0.0,0.0
2026-08-31 11:40:00-04:00,765.5963745117188,765.8699951171875,765.4000244140625,765.8350219726562,146851,0.0,0.0,0.0
2026-08-31 11:45:00-04:00,765.8499755859375,766.010009765625,765.6599731445312,765.851806640625,118165,0.0,0.0,0.0
2026-08-31 11:50:00-04:00,765.8599853515625,766.3400268554688,765.8599853515625,766.0800170898438,246037,0.0,0.0,0.0
2026-08-31 11:55:00-04:00,766.0599975585938,766.1199951171875,765.3099975585938,765.419921875,169298,0.0,0.0,0.0
2026-08-31 12:00:00-04:00,765.4199829101562,765.4199829101562,765.0599975585938,765.1599731445312,233605,0.0,0.0,0.0
2026-08-31 12:05:00-04:00,765.1400146484375,765.2100219726562,764.97998046875,765.135009765625,251338,0.0,0.0,0.0
2026-08-31 12:10:00-04:00,765.1300048828125,765.77001953125,765.0800170898438,765.7100219726562,201127,0.0,0.0,0.0
2026-08-31 12:15:00-04:00,765.7150268554688,765.760009765625,765.27001953125,765.580078125,205946,0.0,0.0,0.0
2026-08-31 12:20:00-04:00,765.6099853515625,765.6900024414062,765.27001953125,765.469970703125,184921,0.0,0.0,0.0
2026-08-31 12:25:00-04:00,765.489990234375,765.9500122070312,765.469970703125,765.9000244140625,185065,0.0,0.0,0.0
2026-08-31 12:30:00-04:00,765.8948974609375,765.9500122070312,765.6300048828125,765.8049926757812,272440,0.0,0.0,0.0
2026-08-31 12:35:00-04:00,765.8200073242188,765.9299926757812,765.2150268554688,765.219970703125,160154,0.0,0.0,0.0
2026-08-31 12:40:00-04:00,765.22998046875,765.75,765.1900024414062,765.4149780273438,283496,0.0,0.0,0.0
2026-08-31 12:45:00-04:00,765.4199829101562,765.8599853515625,765.4199829101562,765.75,177902,0.0,0.0,0.0
2026-08-31 12:50:00-04:00,765.739990234375,765.9600219726562,765.6799926757812,765.8099975585938,162079,0.0,0.0,0.0
2026-08-31 12:55:00-04:00,765.7999877929688,765.97998046875,765.760009765625,765.8400268554688,133980,0.0,0.0,0.0
2026-08-31 13:00:00-04:00,765.8499755859375,765.8900146484375,765.5700073242188,765.6500244140625,154882,0.0,0.0,0.0
2026-08-31 13:05:00-04:00,765.6900024414062,765.8400268554688,765.5399780273438,765.5850219726562,119731,0.0,0.0,0.0
2026-08-31 13:10:00-04:00,765.5800170898438,765.9398803710938,765.5700073242188,765.9199829101562,103713,0.0,0.0,0.0
2026-08-31 13:15:00-04:00,765.9099731445312,766.0599975585938,765.7000122070312,765.8599853515625,142761,0.0,0.0,0.0
2026-08-31 13:20:00-04:00,765.8499755859375,765.9400024414062,765.7100219726562,765.7999877929688,112812,0.0,0.0,0.0
2026-08-31 13:25:00-04:00,765.7899780273438,765.8200073242188,765.3900146484375,765.4199829101562,149256,0.0,0.0,0.0
2026-08-31 13:30:00-04:00,765.4249877929688,765.5499877929688,765.1699829101562,765.2899780273438,227087,0.0,0.0,0.0
2026-08-31 13:35:00-04:00,765.3200073242188,765.8400268554688,765.3049926757812,765.8400268554688,96701,0.0,0.0,0.0
2026-08-31 13:40:00-04:00,765.8400268554688,766.239990234375,765.780029296875,766.239990234375,153606,0.0,0.0,0.0
2026-08-31 13:45:00-04:00,766.260009765625,766.4500122070312,766.1400146484375,766.3250122070312,158956,0.0,0.0,0.0
2026-08-31 13:50:00-04:00,766.3200073242188,766.7698974609375,766.3150024414062,766.7698974609375,210208,0.0,0.0,0.0
2026-08-31 13:55:00-04:00,766.75,766.8099975585938,766.3800048828125,766.52001953125,254319,0.0,0.0,0.0
2026-08-31 14:00:00-04:00,766.5,766.64990234375,766.1799926757812,766.5999755859375,262456,0.0,0.0,0.0
2026-08-31 14:05:00-04:00,766.5900268554688,766.7000122070312,766.469970703125,766.6699829101562,111087,0.0,0.0,0.0
2026-08-31 14:10:00-04:00,766.6699829101562,766.72998046875,766.4500122070312,766.719970703125,150759,0.0,0.0,0.0
2026-08-31 14:15:00-04:00,766.7000122070312,766.780029296875,766.5499877929688,766.6950073242188,255706,0.0,0.0,0.0
2026-08-31 14:20:00-04:00,766.6950073242188,766.8400268554688,766.5,766.614990234375,201499,0.0,0.0,0.0
2026-08-31 14:25:00-04:00,766.6199951171875,766.639892578125,766.280029296875,766.2999877929688,178821,0.0,0.0,0.0
2026-08-31 14:30:00-04:00,766.2999877929688,766.4199829101562,766.0,766.030029296875,648554,0.0,0.0,0.0
2026-08-31 14:35:00-04:00,766.010009765625,766.0800170898438,765.27001953125,765.4550170898438,443699,0.0,0.0,0.0
2026-08-31 14:40:00-04:00,765.4550170898438,765.5700073242188,765.0499877929688,765.3499145507812,375543,0.0,0.0,0.0
2026-08-31 14:45:00-04:00,765.3499755859375,765.4400024414062,765.1900024414062,765.4246215820312,168128,0.0,0.0,0.0
2026-08-31 14:50:00-04:00,765.4299926757812,765.719970703125,765.22998046875,765.6500244140625,303154,0.0,0.0,0.0
2026-08-31 14:55:00-04:00,765.6400146484375,765.89501953125,765.5499877929688,765.6699829101562,243168,0.0,0.0,0.0
2026-08-31 15:00:00-04:00,765.6699829101562,766.0499877929688,765.6699829101562,765.8099975585938,287123,0.0,0.0,0.0
2026-08-31 15:05:00-04:00,765.7899780273438,766.0399780273438,765.6799926757812,766.0150146484375,444544,0.0,0.0,0.0
2026-08-31 15:10:00-04:00,766.030029296875,766.2164916992188,765.9409790039062,766.1799926757812,214565,0.0,0.0,0.0
2026-08-31 15:15:00-04:00,766.1799926757812,766.25,765.97998046875,766.0349731445312,170588,0.0,0.0,0.0
2026-08-31 15:20:00-04:00,766.030029296875,766.489990234375,765.989990234375,766.4099731445312,227803,0.0,0.0,0.0
2026-08-31 15:25:00-04:00,766.4199829101562,766.75,766.27001953125,766.635009765625,292548,0.0,0.0,0.0
2026-08-31 15:30:00-04:00,766.6199951171875,766.6300048828125,766.1799926757812,766.4400024414062,272201,0.0,0.0,0.0
2026-08-31 15:35:00-04:00,766.4600219726562,766.7000122070312,766.3900146484375,766.6400146484375,399217,0.0,0.0,0.0
2026-08-31 15:40:00-04:00,766.6300048828125,767.2050170898438,766.5999755859375,767.010009765625,555216,0.0,0.0,0.0
2026-08-31 15:45:00-04:00,767.0,767.1599731445312,766.5999755859375,766.8499755859375,1090556,0.0,0.0,0.0
2026-08-31 15:50:00-04:00,766.8699951171875,767.6500244140625,766.8699951171875,767.3825073242188,3108863,0.0,0.0,0.0
2026-08-31 15:55:00-04:00,767.3599853515625,767.9949951171875,766.5800170898438,766.9500122070312,5474019,0.0,0.0,0.0
2026-09-01 09:30:00-04:00,762.010009765625,762.1395263671875,761.1799926757812,761.9299926757812,2402466,0.0,0.0,0.0
2026-09-01 09:35:00-04:00,761.9400024414062,762.39990234375,761.6099853515625,761.7698974609375,586625,0.0,0.0,0.0
2026-09-01 09:40:00-04:00,761.760009765625,762.1199951171875,761.4299926757812,761.9600219726562,476228,0.0,0.0,0.0
2026-09-01 09:45:00-04:00,761.9600219726562,762.2000122070312,761.6799926757812,762.2000122070312,484559,0.0,0.0,0.0
2026-09-01 09:50:00-04:00,762.1799926757812,762.47998046875,761.5946044921875,761.8099975585938,398859,0.0,0.0,0.0
2026-09-01 09:55:00-04:00,761.8200073242188,762.094970703125,761.4749755859375,762.0150146484375,410744,0.0,0.0,0.0
2026-09-01 10:00:00-04:00,762.02001953125,762.5599975585938,761.739990234375,762.1699829101562,426329,0.0,0.0,0.0
2026-09-01 10:05:00-04:00,762.1699829101562,762.9600219726562,762.1699829101562,762.9000244140625,353248,0.0,0.0,0.0
2026-09-01 10:10:00-04:00,762.9202270507812,763.083984375,762.4931030273438,763.0,341229,0.0,0.0,0.0
2026-09-01 10:15:00-04:00,762.989990234375,763.52001953125,762.9000244140625,763.3099975585938,402467,0.0,0.0,0.0
2026-09-01 10:20:00-04:00,763.3200073242188,764.0,763.3200073242188,763.6799926757812,360586,0.0,0.0,0.0
2026-09-01 10:25:00-04:00,763.6900024414062,764.0,763.6199951171875,763.7694702148438,336408,0.0,0.0,0.0
2026-09-01 10:30:00-04:00,763.760009765625,764.4998779296875,763.75,764.4500122070312,512464,0.0,0.0,0.0
2026-09-01 10:35:00-04:00,764.4509887695312,764.5499877929688,764.0700073242188,764.27001953125,401985,0.0,0.0,0.0
2026-09-01 10:40:00-04:00,764.27001953125,764.3400268554688,763.8961791992188,764.1599731445312,308914,0.0,0.0,0.0
2026-09-01 10:45:00-04:00,764.1599731445312,764.3599853515625,763.9199829101562,763.9199829101562,352920,0.0,0.0,0.0
2026-09-01 10:50:00-04:00,763.9299926757812,763.9299926757812,763.5,763.5900268554688,262548,0.0,0.0,0.0
2026-09-01 10:55:00-04:00,763.5900268554688,763.6998901367188,763.35009765625,763.5399780273438,348913,0.0,0.0,0.0
2026-09-01 11:00:00-04:00,763.5599975585938,763.6599731445312,763.010009765625,763.1099853515625,259723,0.0,0.0,0.0
2026-09-01 11:05:00-04:00,763.0700073242188,763.1699829101562,762.6699829101562,762.7999877929688,412531,0.0,0.0,0.0
2026-09-01 11:10:00-04:00,762.7825927734375,763.1701049804688,762.7100219726562,762.9255981445312,285042,0.0,0.0,0.0
2026-09-01 11:15:00-04:00,762.9400024414062,763.3499755859375,762.8499755859375,763.2899780273438,215011,0.0,0.0,0.0
2026-09-01 11:20:00-04:00,763.289794921875,763.469970703125,763.0700073242188,763.4500122070312,222401,0.0,0.0,0.0
2026-09-01 11:25:00-04:00,763.4299926757812,763.6099853515625,763.2100219726562,763.5900268554688,235867,0.0,0.0,0.0
2026-09-01 11:30:00-04:00,763.5900268554688,763.780029296875,763.4400024414062,763.6199951171875,238973,0.0,0.0,0.0
2026-09-01 11:35:00-04:00,763.6199951171875,764.1094970703125,763.47998046875,764.0999755859375,237135,0.0,0.0,0.0
2026-09-01 11:40:00-04:00,764.0900268554688,764.27001953125,763.989990234375,764.22998046875,260867,0.0,0.0,0.0
2026-09-01 11:45:00-04:00,764.219970703125,764.5999755859375,764.1300048828125,764.5599975585938,335095,0.0,0.0,0.0
2026-09-01 11:50:00-04:00,764.5599975585938,764.6699829101562,764.280029296875,764.5499877929688,283491,0.0,0.0,0.0
2026-09-01 11:55:00-04:00,764.5449829101562,764.5800170898438,764.1199951171875,764.2899780273438,307879,0.0,0.0,0.0
2026-09-01 12:00:00-04:00,764.2899780273438,764.3400268554688,764.0599975585938,764.260009765625,315458,0.0,0.0,0.0
2026-09-01 12:05:00-04:00,764.22998046875,764.2999877929688,763.8099975585938,763.8900146484375,222141,0.0,0.0,0.0
2026-09-01 12:10:00-04:00,763.9099731445312,764.0999755859375,763.510009765625,763.5399780273438,242293,0.0,0.0,0.0
2026-09-01 12:15:00-04:00,763.5349731445312,763.6199951171875,762.9600219726562,763.02001953125,310203,0.0,0.0,0.0
2026-09-01 12:20:00-04:00,763.0050048828125,763.0900268554688,762.4000244140625,762.8699951171875,568958,0.0,0.0,0.0
2026-09-01 12:25:00-04:00,762.8499755859375,762.9400024414062,762.2899780273438,762.5399169921875,495920,0.0,0.0,0.0
2026-09-01 12:30:00-04:00,762.5399780273438,762.6300048828125,761.5800170898438,761.69921875,594124,0.0,0.0,0.0
2026-09-01 12:35:00-04:00,761.7100219726562,762.22998046875,761.6900024414062,762.2100219726562,303533,0.0,0.0,0.0
2026-09-01 12:40:00-04:00,762.22998046875,762.3699951171875,761.6599731445312,761.7100219726562,299538,0.0,0.0,0.0
2026-09-01 12:45:00-04:00,761.7000122070312,762.02001953125,761.6400146484375,761.9600219726562,188674,0.0,0.0,0.0
2026-09-01 12:50:00-04:00,761.9500122070312,762.0800170898438,761.739990234375,761.8800048828125,170145,0.0,0.0,0.0
2026-09-01 12:55:00-04:00,761.9000244140625,762.3900146484375,761.9000244140625,762.260009765625,215350,0.0,0.0,0.0
2026-09-01 13:00:00-04:00,762.260009765625,762.2899780273438,761.6900024414062,761.7100219726562,205705,0.0,0.0,0.0
2026-09-01 13:05:00-04:00,761.7100219726562,761.8300170898438,761.5,761.7000122070312,273568,0.0,0.0,0.0
2026-09-01 13:10:00-04:00,761.7000122070312,762.0900268554688,761.6199951171875,761.9650268554688,275642,0.0,0.0,0.0
2026-09-01 13:15:00-04:00,761.9600219726562,762.1500244140625,761.5,761.60498046875,291021,0.0,0.0,0.0
2026-09-01 13:20:00-04:00,761.6199951171875,761.780029296875,761.489990234375,761.5999755859375,183689,0.0,0.0,0.0
2026-09-01 13:25:00-04:00,761.6199951171875,761.739990234375,760.72998046875,761.6799926757812,532099,0.0,0.0,0.0
2026-09-01 13:30:00-04:00,761.6799926757812,762.0499877929688,761.6199951171875,761.989990234375,278948,0.0,0.0,0.0
2026-09-01 13:35:00-04:00,761.9949951171875,762.2000122070312,761.780029296875,761.9149780273438,489639,0.0,0.0,0.0
2026-09-01 13:40:00-04:00,761.9199829101562,762.22998046875,761.8599853515625,762.0700073242188,175555,0.0,0.0,0.0
2026-09-01 13:45:00-04:00,762.0499877929688,762.1400146484375,761.5599975585938,761.5750122070312,218659,0.0,0.0,0.0
2026-09-01 13:50:00-04:00,761.5750122070312,761.8400268554688,761.47998046875,761.5599975585938,256975,0.0,0.0,0.0
2026-09-01 13:55:00-04:00,761.5650024414062,761.8800048828125,761.4600219726562,761.8200073242188,203629,0.0,0.0,0.0
2026-09-01 14:00:00-04:00,761.8099975585938,762.0399780273438,761.5565185546875,761.60009765625,313717,0.0,0.0,0.0
2026-09-01 14:05:00-04:00,761.5999755859375,761.6900024414062,761.4218139648438,761.655029296875,291646,0.0,0.0,0.0
2026-09-01 14:10:00-04:00,761.64501953125,761.7100219726562,761.30322265625,761.3800048828125,193232,0.0,0.0,0.0
2026-09-01 14:15:00-04:00,761.3699951171875,761.8200073242188,761.280029296875,761.7550048828125,421555,0.0,0.0,0.0
2026-09-01 14:20:00-04:00,761.760009765625,761.8300170898438,761.5,761.6599731445312,201808,0.0,0.0,0.0
2026-09-01 14:25:00-04:00,761.6400146484375,761.6400146484375,761.0700073242188,761.2100219726562,293422,0.0,0.0,0.0
2026-09-01 14:30:00-04:00,761.2199096679688,761.2449951171875,760.6699829101562,760.75,340205,0.0,0.0,0.0
2026-09-01 14:35:00-04:00,760.75,760.9099731445312,760.5,760.5399780273438,998670,0.0,0.0,0.0
2026-09-01 14:40:00-04:00,760.5399780273438,760.6199951171875,759.7100219726562,759.739990234375,524835,0.0,0.0,0.0
2026-09-01 14:45:00-04:00,759.7249755859375,760.260009765625,759.47998046875,760.1900024414062,554686,0.0,0.0,0.0
2026-09-01 14:50:00-04:00,760.2000122070312,760.3900146484375,760.030029296875,760.25,302891,0.0,0.0,0.0
2026-09-01 14:55:00-04:00,760.219970703125,760.8900146484375,760.1699829101562,760.7294921875,355619,0.0,0.0,0.0
2026-09-01 15:00:00-04:00,760.719970703125,761.2000122070312,760.6199951171875,761.1400146484375,430144,0.0,0.0,0.0
2026-09-01 15:05:00-04:00,761.1599731445312,761.1699829101562,760.8405151367188,761.094970703125,305716,0.0,0.0,0.0
2026-09-01 15:10:00-04:00,761.0800170898438,761.47998046875,761.0499877929688,761.4600219726562,373222,0.0,0.0,0.0
2026-09-01 15:15:00-04:00,761.4600219726562,761.6099853515625,761.1099853515625,761.4000244140625,392104,0.0,0.0,0.0
2026-09-01 15:20:00-04:00,761.3800048828125,761.47998046875,761.0700073242188,761.280029296875,402465,0.0,0.0,0.0
2026-09-01 15:25:00-04:00,761.2899780273438,761.4400024414062,761.1799926757812,761.3599853515625,393790,0.0,0.0,0.0
2026-09-01 15:30:00-04:00,761.39990234375,761.39990234375,760.760009765625,761.1400756835938,661009,0.0,0.0,0.0
2026-09-01 15:35:00-04:00,761.1400146484375,761.3400268554688,760.8300170898438,760.8499755859375,428622,0.0,0.0,0.0
2026-09-01 15:40:00-04:00,760.8699951171875,761.2598876953125,760.739990234375,761.0499877929688,869539,0.0,0.0,0.0
2026-09-01 15:45:00-04:00,761.0599975585938,761.4450073242188,760.969970703125,761.260009765625,898002,0.0,0.0,0.0
2026-09-01 15:50:00-04:00,761.25,761.2899780273438,760.5800170898438,760.9299926757812,1079394,0.0,0.0,0.0
2026-09-01 15:55:00-04:00,760.9500122070312,761.75,760.594970703125,761.7000122070312,2640618,0.0,0.0,0.0
2026-09-02 09:30:00-04:00,762.4500122070312,762.52001953125,761.739990234375,762.3800048828125,1569469,0.0,0.0,0.0
2026-09-02 09:35:00-04:00,762.4000244140625,762.47998046875,761.72998046875,762.469970703125,371901,0.0,0.0,0.0
2026-09-02 09:40:00-04:00,762.4500122070312,762.8300170898438,762.260009765625,762.7999877929688,562336,0.0,0.0,0.0
2026-09-02 09:45:00-04:00,762.8099975585938,762.9000244140625,761.9609985351562,762.0900268554688,509124,0.0,0.0,0.0
2026-09-02 09:50:00-04:00,762.0800170898438,762.6110229492188,762.0499877929688,762.4600219726562,251949,0.0,0.0,0.0
2026-09-02 09:55:00-04:00,762.4600219726562,763.0650024414062,762.1799926757812,763.0650024414062,336212,0.0,0.0,0.0
2026-09-02 10:00:00-04:00,763.030029296875,763.739990234375,762.8599853515625,763.739990234375,412591,0.0,0.0,0.0
2026-09-02 10:05:00-04:00,763.739990234375,764.1400146484375,763.6300048828125,763.72998046875,529703,0.0,0.0,0.0
2026-09-02 10:10:00-04:00,763.72998046875,764.2899780273438,763.6500244140625,764.25,301881,0.0,0.0,0.0
2026-09-02 10:15:00-04:00,764.260009765625,764.989990234375,764.0850219726562,764.8599853515625,475220,0.0,0.0,0.0
2026-09-02 10:20:00-04:00,764.8599853515625,765.3350219726562,764.77001953125,765.2092895507812,531779,0.0,0.0,0.0
2026-09-02 10:25:00-04:00,765.2100219726562,765.5850219726562,765.0399780273438,765.27001953125,328278,0.0,0.0,0.0
2026-09-02 10:30:00-04:00,765.2750244140625,765.5900268554688,764.9299926757812,765.5800170898438,332397,0.0,0.0,0.0
2026-09-02 10:35:00-04:00,765.6099853515625,765.8800048828125,765.489990234375,765.8800048828125,329724,0.0,0.0,0.0
2026-09-02 10:40:00-04:00,765.8699951171875,766.3400268554688,765.7899780273438,766.2999877929688,337667,0.0,0.0,0.0
2026-09-02 10:45:00-04:00,766.2899780273438,766.3099975585938,765.6199951171875,765.8200073242188,281696,0.0,0.0,0.0
2026-09-02 10:50:00-04:00,765.8099975585938,765.8150024414062,765.3200073242188,765.4299926757812,333784,0.0,0.0,0.0
2026-09-02 10:55:00-04:00,765.4099731445312,765.6300048828125,765.1599731445312,765.3099975585938,258783,0.0,0.0,0.0
2026-09-02 11:00:00-04:00,765.3099975585938,765.6699829101562,765.1400146484375,765.4299926757812,239119,0.0,0.0,0.0
2026-09-02 11:05:00-04:00,765.4400024414062,765.6300048828125,765.2150268554688,765.4400024414062,233056,0.0,0.0,0.0
2026-09-02 11:10:00-04:00,765.4299926757812,765.7799072265625,765.22998046875,765.5280151367188,223916,0.0,0.0,0.0
2026-09-02 11:15:00-04:00,765.530029296875,766.02001953125,765.4000244140625,765.9749755859375,170105,0.0,0.0,0.0
2026-09-02 11:20:00-04:00,765.989990234375,766.0399780273438,765.7100219726562,765.8800048828125,207631,0.0,0.0,0.0
2026-09-02 11:25:00-04:00,765.8900146484375,766.4000244140625,765.8699951171875,766.2949829101562,151733,0.0,0.0,0.0
2026-09-02 11:30:00-04:00,766.3250122070312,766.4299926757812,766.010009765625,766.02001953125,270772,0.0,0.0,0.0
2026-09-02 11:35:00-04:00,766.02001953125,766.1400146484375,765.77001953125,765.85498046875,236576,0.0,0.0,0.0
2026-09-02 11:40:00-04:00,765.8699951171875,765.97998046875,765.644287109375,765.6500244140625,191837,0.0,0.0,0.0
2026-09-02 11:45:00-04:00,765.6599731445312,765.6599731445312,765.0,765.0399780273438,247425,0.0,0.0,0.0
2026-09-02 11:50:00-04:00,765.0499877929688,765.5798950195312,764.969970703125,765.2550048828125,191562,0.0,0.0,0.0
2026-09-02 11:55:00-04:00,765.2650146484375,765.9600219726562,765.1599731445312,765.9249877929688,143575,0.0,0.0,0.0
2026-09-02 12:00:00-04:00,765.9199829101562,765.9199829101562,765.5499877929688,765.7999877929688,134800,0.0,0.0,0.0
2026-09-02 12:05:00-04:00,765.8400268554688,765.8900146484375,765.6300048828125,765.739990234375,106702,0.0,0.0,0.0
2026-09-02 12:10:00-04:00,765.739990234375,765.8499755859375,765.625,765.6900024414062,89799,0.0,0.0,0.0
2026-09-02 12:15:00-04:00,765.6950073242188,765.6950073242188,765.3150024414062,765.4498901367188,115240,0.0,0.0,0.0
2026-09-02 12:20:00-04:00,765.4500122070312,765.5599975585938,764.969970703125,764.9849853515625,111155,0.0,0.0,0.0
2026-09-02 12:25:00-04:00,764.9849853515625,765.14501953125,764.6900024414062,764.8499755859375,158043,0.0,0.0,0.0
2026-09-02 12:30:00-04:00,764.8499755859375,765.3200073242188,764.8099975585938,765.0999755859375,184910,0.0,0.0,0.0
2026-09-02 12:35:00-04:00,765.1099853515625,765.27001953125,765.0,765.0872802734375,102128,0.0,0.0,0.0
2026-09-02 12:40:00-04:00,765.0700073242188,765.0999755859375,764.7000122070312,764.7000122070312,128712,0.0,0.0,0.0
2026-09-02 12:45:00-04:00,764.72998046875,764.97998046875,764.719970703125,764.8499755859375,81412,0.0,0.0,0.0
2026-09-02 12:50:00-04:00,764.8599853515625,765.2000122070312,764.7100219726562,765.1400146484375,128133,0.0,0.0,0.0
2026-09-02 12:55:00-04:00,765.1599731445312,765.25,764.8800048828125,764.9199829101562,100758,0.0,0.0,0.0
2026-09-02 13:00:00-04:00,764.9199829101562,765.47998046875,764.9199829101562,765.468505859375,130166,0.0,0.0,0.0
2026-09-02 13:05:00-04:00,765.4500122070312,765.47802734375,764.6099853515625,764.6799926757812,181148,0.0,0.0,0.0
2026-09-02 13:10:00-04:00,764.6614990234375,765.0599975585938,764.6599731445312,764.9000244140625,98043,0.0,0.0,0.0
2026-09-02 13:15:00-04:00,764.9202880859375,764.9500122070312,764.52001953125,764.5999755859375,176779,0.0,0.0,0.0
2026-09-02 13:20:00-04:00,764.5900268554688,764.780029296875,764.4600219726562,764.6199951171875,150357,0.0,0.0,0.0
2026-09-02 13:25:00-04:00,764.6375732421875,764.864990234375,764.5999755859375,764.7100219726562,143218,0.0,0.0,0.0
2026-09-02 13:30:00-04:00,764.75,764.7899780273438,764.3900146484375,764.3900146484375,123498,0.0,0.0,0.0
2026-09-02 13:35:00-04:00,764.39501953125,764.5800170898438,764.3699951171875,764.4600219726562,130768,0.0,0.0,0.0
2026-09-02 13:40:00-04:00,764.4550170898438,764.9400024414062,764.3499755859375,764.9000244140625,170531,0.0,0.0,0.0
2026-09-02 13:45:00-04:00,764.9099731445312,765.27001953125,764.9000244140625,764.989990234375,190390,0.0,0.0,0.0
2026-09-02 13:50:00-04:00,764.9998779296875,765.0800170898438,764.8300170898438,764.989990234375,126805,0.0,0.0,0.0
2026-09-02 13:55:00-04:00,764.9758911132812,765.2899780273438,764.739990234375,765.1799926757812,132615,0.0,0.0,0.0
2026-09-02 14:00:00-04:00,765.1799926757812,765.3300170898438,764.72998046875,765.2899780273438,460628,0.0,0.0,0.0
2026-09-02 14:05:00-04:00,765.27001953125,765.4099731445312,765.0700073242188,765.0800170898438,181129,0.0,0.0,0.0
2026-09-02 14:10:00-04:00,765.0800170898438,765.2899780273438,765.0599975585938,765.1799926757812,172143,0.0,0.0,0.0
2026-09-02 14:15:00-04:00,765.1900024414062,766.0899047851562,765.1500244140625,765.5999755859375,498093,0.0,0.0,0.0
2026-09-02 14:20:00-04:00,765.5999755859375,765.719970703125,765.4000244140625,765.489990234375,233237,0.0,0.0,0.0
2026-09-02 14:25:00-04:00,765.489990234375,765.5399780273438,765.2100219726562,765.3200073242188,169936,0.0,0.0,0.0
2026-09-02 14:30:00-04:00,765.3400268554688,765.5252075195312,765.260009765625,765.2899780273438,172653,0.0,0.0,0.0
2026-09-02 14:35:00-04:00,765.280029296875,765.3699951171875,764.7899780273438,764.8099975585938,337466,0.0,0.0,0.0
2026-09-02 14:40:00-04:00,764.8300170898438,764.8889770507812,764.6400146484375,764.719970703125,157215,0.0,0.0,0.0
2026-09-02 14:45:00-04:00,764.739990234375,764.97998046875,764.5900268554688,764.8699951171875,182633,0.0,0.0,0.0
2026-09-02 14:50:00-04:00,764.8900146484375,764.989990234375,764.6699829101562,764.8099975585938,346314,0.0,0.0,0.0
2026-09-02 14:55:00-04:00,764.8049926757812,765.0,764.6799926757812,764.8099975585938,733951,0.0,0.0,0.0
2026-09-02 15:00:00-04:00,764.7899780273438,764.97998046875,764.6699829101562,764.885009765625,330667,0.0,0.0,0.0
2026-09-02 15:05:00-04:00,764.9000244140625,765.22998046875,764.8900146484375,765.2100219726562,164375,0.0,0.0,0.0
2026-09-02 15:10:00-04:00,765.219970703125,765.4799194335938,765.219970703125,765.3900146484375,340201,0.0,0.0,0.0
2026-09-02 15:15:00-04:00,765.385009765625,765.4199829101562,765.2000122070312,765.4099731445312,177394,0.0,0.0,0.0
2026-09-02 15:20:00-04:00,765.4000244140625,765.4099731445312,765.0700073242188,765.239990234375,298344,0.0,0.0,0.0
2026-09-02 15:25:00-04:00,765.239990234375,765.52001953125,765.1599731445312,765.47998046875,558394,0.0,0.0,0.0
2026-09-02 15:30:00-04:00,765.469970703125,765.47998046875,765.1500244140625,765.3049926757812,261957,0.0,0.0,0.0
2026-09-02 15:35:00-04:00,765.3099975585938,765.3599853515625,765.0800170898438,765.0800170898438,269145,0.0,0.0,0.0
2026-09-02 15:40:00-04:00,765.0999755859375,765.3900146484375,765.030029296875,765.364990234375,397059,0.0,0.0,0.0
2026-09-02 15:45:00-04:00,765.3599853515625,765.4849853515625,765.219970703125,765.375,552016,0.0,0.0,0.0
2026-09-02 15:50:00-04:00,765.3699951171875,765.4500122070312,764.9500122070312,765.219970703125,774152,0.0,0.0,0.0
2026-09-02 15:55:00-04:00,765.219970703125,765.260009765625,764.75,765.1500244140625,1604251,0.0,0.0,0.0
2026-09-03 09:30:00-04:00,767.9000244140625,769.2349853515625,767.8499755859375,768.969970703125,2112896,0.0,0.0,0.0
2026-09-03 09:35:00-04:00,768.969970703125,769.7999877929688,768.510009765625,769.72998046875,762218,0.0,0.0,0.0
2026-09-03 09:40:00-04:00,769.739990234375,769.8900146484375,769.3499755859375,769.7899780273438,478156,0.0,0.0,0.0
2026-09-03 09:45:00-04:00,769.8099975585938,769.9600219726562,769.4299926757812,769.6400146484375,1706469,0.0,0.0,0.0
2026-09-03 09:50:00-04:00,769.6400146484375,770.0449829101562,769.3099975585938,769.5900268554688,717790,0.0,0.0,0.0
2026-09-03 09:55:00-04:00,769.5800170898438,769.6099853515625,769.1099853515625,769.5599975585938,337533,0.0,0.0,0.0
2026-09-03 10:00:00-04:00,769.530029296875,769.5700073242188,768.1099853515625,768.125,704241,0.0,0.0,0.0
2026-09-03 10:05:00-04:00,768.1199951171875,768.3400268554688,767.6099853515625,767.8099975585938,1018043,0.0,0.0,0.0
2026-09-03 10:10:00-04:00,767.8300170898438,768.3800048828125,767.530029296875,768.3599853515625,479518,0.0,0.0,0.0
2026-09-03 10:15:00-04:00,768.3599853515625,768.8800048828125,768.22021484375,768.8499755859375,278402,0.0,0.0,0.0
2026-09-03 10:20:00-04:00,768.8499755859375,769.0700073242188,768.5,768.8599853515625,264295,0.0,0.0,0.0
2026-09-03 10:25:00-04:00,768.8800048828125,768.9598999023438,768.510009765625,768.6699829101562,244802,0.0,0.0,0.0
2026-09-03 10:30:00-04:00,768.6699829101562,768.969970703125,767.8300170898438,767.9000244140625,357312,0.0,0.0,0.0
2026-09-03 10:35:00-04:00,767.8800048828125,768.52001953125,767.8400268554688,768.1500244140625,248848,0.0,0.0,0.0
2026-09-03 10:40:00-04:00,768.155029296875,768.6599731445312,768.030029296875,768.2000122070312,200507,0.0,0.0,0.0
2026-09-03 10:45:00-04:00,768.1699829101562,768.7750244140625,768.030029296875,768.719970703125,252163,0.0,0.0,0.0
2026-09-03 10:50:00-04:00,768.72998046875,768.8300170898438,768.2000122070312,768.6099853515625,249777,0.0,0.0,0.0
2026-09-03 10:55:00-04:00,768.6199951171875,769.3300170898438,767.469970703125,769.280029296875,990788,0.0,0.0,0.0
2026-09-03 11:00:00-04:00,769.260009765625,770.489990234375,769.25,770.4450073242188,594653,0.0,0.0,0.0
2026-09-03 11:05:00-04:00,770.4600219726562,770.8900146484375,770.4299926757812,770.72998046875,668816,0.0,0.0,0.0
2026-09-03 11:10:00-04:00,770.7315063476562,771.52001953125,770.6699829101562,771.52001953125,529425,0.0,0.0,0.0
2026-09-03 11:15:00-04:00,771.5399780273438,772.0399780273438,771.489990234375,772.0100708007812,815434,0.0,0.0,0.0
2026-09-03 11:20:00-04:00,772.010009765625,772.2249755859375,771.469970703125,772.0599975585938,572291,0.0,0.0,0.0
2026-09-03 11:25:00-04:00,772.0800170898438,772.9500122070312,772.010009765625,772.9400024414062,519605,0.0,0.0,0.0
2026-09-03 11:30:00-04:00,772.9400024414062,773.2100219726562,772.5,772.8558959960938,625247,0.0,0.0,0.0
2026-09-03 11:35:00-04:00,772.8599853515625,772.97998046875,772.4199829101562,772.4650268554688,383967,0.0,0.0,0.0
2026-09-03 11:40:00-04:00,772.469970703125,772.8400268554688,772.2750244140625,772.5800170898438,307075,0.0,0.0,0.0
2026-09-03 11:45:00-04:00,772.5850219726562,773.0,772.5800170898438,772.9349975585938,293714,0.0,0.0,0.0
2026-09-03 11:50:00-04:00,772.9400024414062,773.260009765625,772.9199829101562,773.14501953125,339859,0.0,0.0,0.0
2026-09-03 11:55:00-04:00,773.14501953125,773.3200073242188,772.9500122070312,773.3200073242188,286583,0.0,0.0,0.0
2026-09-03 12:00:00-04:00,773.3099975585938,773.3099975585938,772.780029296875,772.7999877929688,369949,0.0,0.0,0.0
2026-09-03 12:05:00-04:00,772.7999267578125,772.8699951171875,772.469970703125,772.530029296875,437318,0.0,0.0,0.0
2026-09-03 12:10:00-04:00,772.510009765625,772.7100219726562,772.375,772.6799926757812,343372,0.0,0.0,0.0
2026-09-03 12:15:00-04:00,772.6900024414062,772.8699951171875,772.5399780273438,772.72998046875,219124,0.0,0.0,0.0
2026-09-03 12:20:00-04:00,772.75,772.8099975585938,772.4849853515625,772.510009765625,242002,0.0,0.0,0.0
2026-09-03 12:25:00-04:00,772.510009765625,772.510009765625,772.2100219726562,772.4349975585938,209582,0.0,0.0,0.0
2026-09-03 12:30:00-04:00,772.4500122070312,772.6099853515625,772.2999877929688,772.4600219726562,324485,0.0,0.0,0.0
2026-09-03 12:35:00-04:00,772.4600219726562,773.0599975585938,772.3699951171875,772.9600219726562,238637,0.0,0.0,0.0
2026-09-03 12:40:00-04:00,772.969970703125,773.2000122070312,772.9199829101562,773.1400146484375,194848,0.0,0.0,0.0
2026-09-03 12:45:00-04:00,773.1300048828125,773.22998046875,773.0150146484375,773.0900268554688,216038,0.0,0.0,0.0
2026-09-03 12:50:00-04:00,773.1099853515625,773.1300048828125,772.72998046875,772.8400268554688,174753,0.0,0.0,0.0
2026-09-03 12:55:00-04:00,772.8300170898438,773.010009765625,772.739990234375,772.8800048828125,162155,0.0,0.0,0.0
2026-09-03 13:00:00-04:00,772.9000244140625,773.0,772.6599731445312,772.7899780273438,136158,0.0,0.0,0.0
2026-09-03 13:05:00-04:00,772.7999877929688,772.8900146484375,772.4199829101562,772.4299926757812,216400,0.0,0.0,0.0
2026-09-03 13:10:00-04:00,772.4199829101562,772.510009765625,772.3300170898438,772.4349975585938,180852,0.0,0.0,0.0
2026-09-03 13:15:00-04:00,772.4400024414062,772.5700073242188,772.3300170898438,772.3350219726562,152291,0.0,0.0,0.0
2026-09-03 13:20:00-04:00,772.3300170898438,772.3300170898438,772.1199951171875,772.2750244140625,149498,0.0,0.0,0.0
2026-09-03 13:25:00-04:00,772.280029296875,772.6799926757812,772.260009765625,772.668701171875,159902,0.0,0.0,0.0
2026-09-03 13:30:00-04:00,772.6500244140625,772.9400024414062,772.6475219726562,772.8599853515625,164085,0.0,0.0,0.0
2026-09-03 13:35:00-04:00,772.8400268554688,773.1400146484375,772.8300170898438,773.010009765625,307313,0.0,0.0,0.0
2026-09-03 13:40:00-04:00,773.0399780273438,773.1900024414062,773.010009765625,773.0599975585938,159017,0.0,0.0,0.0
2026-09-03 13:45:00-04:00,773.0599975585938,773.1900024414062,772.9199829101562,772.97998046875,171149,0.0,0.0,0.0
2026-09-03 13:50:00-04:00,773.02001953125,773.4550170898438,773.0,773.4400024414062,230685,0.0,0.0,0.0
2026-09-03 13:55:00-04:00,773.403076171875,773.47998046875,773.219970703125,773.2750244140625,239274,0.0,0.0,0.0
2026-09-03 14:00:00-04:00,773.260009765625,773.9400024414062,773.260009765625,773.77001953125,372756,0.0,0.0,0.0
2026-09-03 14:05:00-04:00,773.760009765625,773.9099731445312,773.6599731445312,773.7949829101562,386301,0.0,0.0,0.0
2026-09-03 14:10:00-04:00,773.7949829101562,773.9199829101562,773.719970703125,773.8150024414062,187218,0.0,0.0,0.0
2026-09-03 14:15:00-04:00,773.8300170898438,774.030029296875,773.6594848632812,773.719970703125,390712,0.0,0.0,0.0
2026-09-03 14:20:00-04:00,773.72998046875,773.8200073242188,773.5599975585938,773.75,208865,0.0,0.0,0.0
2026-09-03 14:25:00-04:00,773.75,773.8599853515625,773.6400146484375,773.72998046875,163178,0.0,0.0,0.0
2026-09-03 14:30:00-04:00,773.7589721679688,773.8800048828125,773.5499877929688,773.8599853515625,200435,0.0,0.0,0.0
2026-09-03 14:35:00-04:00,773.8599243164062,773.9000244140625,773.760009765625,773.8200073242188,241823,0.0,0.0,0.0
2026-09-03 14:40:00-04:00,773.8200073242188,773.8200073242188,773.5097045898438,773.5999755859375,217196,0.0,0.0,0.0
2026-09-03 14:45:00-04:00,773.5999145507812,773.7999877929688,773.5900268554688,773.7550048828125,225737,0.0,0.0,0.0
2026-09-03 14:50:00-04:00,773.77001953125,773.8499755859375,773.5499877929688,773.6199951171875,274984,0.0,0.0,0.0
2026-09-03 14:55:00-04:00,773.6199951171875,773.6699829101562,773.4000244140625,773.6699829101562,332034,0.0,0.0,0.0
2026-09-03 15:00:00-04:00,773.6649780273438,773.7050170898438,773.4400024414062,773.5599975585938,569241,0.0,0.0,0.0
2026-09-03 15:05:00-04:00,773.5900268554688,773.6900024414062,773.47900390625,773.5599975585938,383697,0.0,0.0,0.0
2026-09-03 15:10:00-04:00,773.5800170898438,773.6300048828125,773.3104248046875,773.3800048828125,246635,0.0,0.0,0.0
2026-09-03 15:15:00-04:00,773.375,773.5999755859375,773.2999877929688,773.5999755859375,334128,0.0,0.0,0.0
2026-09-03 15:20:00-04:00,773.5999755859375,773.5999755859375,773.1300048828125,773.1799926757812,793525,0.0,0.0,0.0
2026-09-03 15:25:00-04:00,773.1849975585938,773.4199829101562,773.1400146484375,773.4099731445312,446759,0.0,0.0,0.0
2026-09-03 15:30:00-04:00,773.4149780273438,773.5349731445312,773.27001953125,773.3099975585938,765286,0.0,0.0,0.0
2026-09-03 15:35:00-04:00,773.3049926757812,773.5499877929688,773.2999877929688,773.4390258789062,424468,0.0,0.0,0.0
2026-09-03 15:40:00-04:00,773.4500122070312,773.530029296875,773.2050170898438,773.22998046875,772818,0.0,0.0,0.0
2026-09-03 15:45:00-04:00,773.219970703125,773.4199829101562,773.1400146484375,773.239990234375,793691,0.0,0.0,0.0
2026-09-03 15:50:00-04:00,773.260009765625,773.3699951171875,773.0800170898438,773.22998046875,942875,0.0,0.0,0.0
2026-09-03 15:55:00-04:00,773.239990234375,773.25,772.7000122070312,773.1099853515625,3714208,0.0,0.0,0.0
2026-09-04 09:30:00-04:00,772.010009765625,772.8300170898438,771.8900146484375,772.7100219726562,2320462,0.0,0.0,0.0
2026-09-04 09:35:00-04:00,772.7100219726562,772.8699951171875,772.25048828125,772.4650268554688,461007,0.0,0.0,0.0
2026-09-04 09:40:00-04:00,772.469970703125,772.489990234375,771.8499755859375,772.169921875,744330,0.0,0.0,0.0
2026-09-04 09:45:00-04:00,772.1649780273438,772.6199951171875,771.8099975585938,772.5150146484375,488907,0.0,0.0,0.0
2026-09-04 09:50:00-04:00,772.510009765625,772.510009765625,771.969970703125,772.385009765625,425739,0.0,0.0,0.0
2026-09-04 09:55:00-04:00,772.385009765625,772.5784912109375,772.1199951171875,772.3099975585938,434785,0.0,0.0,0.0
2026-09-04 10:00:00-04:00,772.3200073242188,772.3599853515625,771.8200073242188,771.989990234375,495033,0.0,0.0,0.0
2026-09-04 10:05:00-04:00,772.02001953125,772.1500244140625,771.5250244140625,771.5250244140625,302228,0.0,0.0,0.0
2026-09-04 10:10:00-04:00,771.530029296875,771.659912109375,770.8400268554688,771.6300048828125,552988,0.0,0.0,0.0
2026-09-04 10:15:00-04:00,771.6300048828125,771.6892700195312,770.9400024414062,770.9650268554688,346972,0.0,0.0,0.0
2026-09-04 10:20:00-04:00,770.9650268554688,771.239990234375,770.8499755859375,771.0800170898438,347613,0.0,0.0,0.0
2026-09-04 10:25:00-04:00,771.0800170898438,771.260009765625,770.760009765625,771.2100219726562,209779,0.0,0.0,0.0
2026-09-04 10:30:00-04:00,771.2050170898438,771.2899780273438,770.72998046875,770.7999877929688,247223,0.0,0.0,0.0
2026-09-04 10:35:00-04:00,770.8250122070312,771.1619873046875,770.77001953125,771.1300048828125,176748,0.0,0.0,0.0
2026-09-04 10:40:00-04:00,771.1300048828125,771.1300048828125,770.27001953125,770.2999877929688,265491,0.0,0.0,0.0
2026-09-04 10:45:00-04:00,770.3099975585938,770.489990234375,769.75,769.780029296875,355108,0.0,0.0,0.0
2026-09-04 10:50:00-04:00,769.7799072265625,770.1596069335938,769.547607421875,769.5900268554688,326746,0.0,0.0,0.0
2026-09-04 10:55:00-04:00,769.5900268554688,769.7650146484375,769.2999877929688,769.4500122070312,447607,0.0,0.0,0.0
2026-09-04 11:00:00-04:00,769.469970703125,769.6300048828125,769.0499877929688,769.489990234375,359925,0.0,0.0,0.0
2026-09-04 11:05:00-04:00,769.5,769.760009765625,769.3599853515625,769.6998901367188,330518,0.0,0.0,0.0
2026-09-04 11:10:00-04:00,769.6950073242188,769.9400024414062,769.4199829101562,769.9400024414062,338139,0.0,0.0,0.0
2026-09-04 11:15:00-04:00,769.9500122070312,769.989990234375,769.260009765625,769.3599853515625,498148,0.0,0.0,0.0
2026-09-04 11:20:00-04:00,769.3400268554688,769.4500122070312,769.1099853515625,769.2999877929688,482387,0.0,0.0,0.0
2026-09-04 11:25:00-04:00,769.3099975585938,769.4993286132812,769.14501953125,769.4299926757812,306137,0.0,0.0,0.0
2026-09-04 11:30:00-04:00,769.47998046875,769.489990234375,769.0,769.239990234375,250511,0.0,0.0,0.0
2026-09-04 11:35:00-04:00,769.239990234375,769.5499877929688,769.2100219726562,769.5399780273438,207379,0.0,0.0,0.0
2026-09-04 11:40:00-04:00,769.5399780273438,770.0499877929688,769.489990234375,769.9974975585938,211426,0.0,0.0,0.0
2026-09-04 11:45:00-04:00,769.989990234375,770.0599975585938,769.6199951171875,769.8099975585938,206011,0.0,0.0,0.0
2026-09-04 11:50:00-04:00,769.8200073242188,769.97998046875,769.7100219726562,769.9099731445312,228700,0.0,0.0,0.0
2026-09-04 11:55:00-04:00,769.9099731445312,770.0399780273438,769.6649780273438,769.95751953125,156009,0.0,0.0,0.0
2026-09-04 12:00:00-04:00,769.9550170898438,770.1300048828125,769.8300170898438,770.0900268554688,184128,0.0,0.0,0.0
2026-09-04 12:05:00-04:00,770.094970703125,770.4299926757812,769.9099731445312,770.35498046875,209465,0.0,0.0,0.0
2026-09-04 12:10:00-04:00,770.3400268554688,770.739990234375,770.280029296875,770.72998046875,185912,0.0,0.0,0.0
2026-09-04 12:15:00-04:00,770.7249755859375,770.8800048828125,770.5599975585938,770.8499755859375,313217,0.0,0.0,0.0
2026-09-04 12:20:00-04:00,770.8599853515625,771.1500244140625,770.7650146484375,770.8900146484375,275973,0.0,0.0,0.0
2026-09-04 12:25:00-04:00,770.8800048828125,770.8800048828125,770.6099853515625,770.6599731445312,142972,0.0,0.0,0.0
2026-09-04 12:30:00-04:00,770.6599731445312,770.9249877929688,770.5551147460938,770.9249877929688,216009,0.0,0.0,0.0
2026-09-04 12:35:00-04:00,770.9199829101562,770.9199829101562,770.6799926757812,770.7894897460938,129825,0.0,0.0,0.0
2026-09-04 12:40:00-04:00,770.780029296875,770.97998046875,770.7100219726562,770.9400024414062,146231,0.0,0.0,0.0
2026-09-04 12:45:00-04:00,770.9500122070312,771.239990234375,770.8900146484375,771.219970703125,190173,0.0,0.0,0.0
2026-09-04 12:50:00-04:00,771.219970703125,771.3200073242188,771.0800170898438,771.0999755859375,166851,0.0,0.0,0.0
2026-09-04 12:55:00-04:00,771.0800170898438,771.1600952148438,770.8800048828125,770.8900146484375,148980,0.0,0.0,0.0
2026-09-04 13:00:00-04:00,770.9000244140625,770.969970703125,770.3699951171875,770.4600219726562,195504,0.0,0.0,0.0
2026-09-04 13:05:00-04:00,770.4500122070312,770.6699829101562,770.3400268554688,770.3499755859375,203464,0.0,0.0,0.0
2026-09-04 13:10:00-04:00,770.35498046875,770.5,770.3099975585938,770.3499755859375,159752,0.0,0.0,0.0
2026-09-04 13:15:00-04:00,770.369873046875,770.47998046875,770.219970703125,770.280029296875,161796,0.0,0.0,0.0
2026-09-04 13:20:00-04:00,770.27001953125,770.3699951171875,770.0800170898438,770.0800170898438,155159,0.0,0.0,0.0
2026-09-04 13:25:00-04:00,770.0999755859375,770.219970703125,769.7999877929688,769.8519897460938,163518,0.0,0.0,0.0
2026-09-04 13:30:00-04:00,769.8499755859375,769.8699951171875,769.469970703125,769.6500244140625,232672,0.0,0.0,0.0
2026-09-04 13:35:00-04:00,769.64501953125,769.7550048828125,769.530029296875,769.6900024414062,183720,0.0,0.0,0.0
2026-09-04 13:40:00-04:00,769.6898803710938,769.7000122070312,769.2899780273438,769.3200073242188,223426,0.0,0.0,0.0
2026-09-04 13:45:00-04:00,769.3200073242188,769.52001953125,769.1300048828125,769.385009765625,247062,0.0,0.0,0.0
2026-09-04 13:50:00-04:00,769.385009765625,769.52001953125,769.280029296875,769.3900146484375,462630,0.0,0.0,0.0
2026-09-04 13:55:00-04:00,769.3900146484375,769.5399780273438,769.2980346679688,769.458984375,240046,0.0,0.0,0.0
2026-09-04 14:00:00-04:00,769.4400024414062,769.6099853515625,769.22998046875,769.3200073242188,259734,0.0,0.0,0.0
2026-09-04 14:05:00-04:00,769.3400268554688,769.5999755859375,769.2100830078125,769.5800170898438,199670,0.0,0.0,0.0
2026-09-04 14:10:00-04:00,769.5900268554688,769.739990234375,769.530029296875,769.6599731445312,216126,0.0,0.0,0.0
2026-09-04 14:15:00-04:00,769.6599731445312,769.8300170898438,769.5599975585938,769.7899780273438,130021,0.0,0.0,0.0
2026-09-04 14:20:00-04:00,769.7899780273438,769.989990234375,769.72998046875,769.9099731445312,178324,0.0,0.0,0.0
2026-09-04 14:25:00-04:00,769.8900146484375,769.9741821289062,769.75048828125,769.8800048828125,149608,0.0,0.0,0.0
2026-09-04 14:30:00-04:00,769.8900146484375,770.030029296875,769.8400268554688,770.0,423547,0.0,0.0,0.0
2026-09-04 14:35:00-04:00,770.0,770.02001953125,769.7899780273438,769.8900146484375,133087,0.0,0.0,0.0
2026-09-04 14:40:00-04:00,769.8800048828125,770.1900024414062,769.7830810546875,770.1500244140625,204947,0.0,0.0,0.0
2026-09-04 14:45:00-04:00,770.1599731445312,770.239990234375,770.0800170898438,770.2249755859375,139905,0.0,0.0,0.0
2026-09-04 14:50:00-04:00,770.22998046875,770.2999877929688,770.1500244140625,770.219970703125,184309,0.0,0.0,0.0
2026-09-04 14:55:00-04:00,770.2100219726562,770.3699951171875,770.1500244140625,770.25,193194,0.0,0.0,0.0
2026-09-04 15:00:00-04:00,770.260009765625,770.3800048828125,769.6699829101562,769.7150268554688,385979,0.0,0.0,0.0
2026-09-04 15:05:00-04:00,769.719970703125,769.8150024414062,769.6300048828125,769.6849975585938,628252,0.0,0.0,0.0
2026-09-04 15:10:00-04:00,769.6900024414062,769.8300170898438,769.5900268554688,769.6199951171875,261089,0.0,0.0,0.0
2026-09-04 15:15:00-04:00,769.6199951171875,769.760009765625,769.5900268554688,769.6500244140625,385942,0.0,0.0,0.0
2026-09-04 15:20:00-04:00,769.6599731445312,769.8400268554688,769.6199951171875,769.760009765625,366945,0.0,0.0,0.0
2026-09-04 15:25:00-04:00,769.77001953125,770.0700073242188,769.77001953125,770.010009765625,417107,0.0,0.0,0.0
2026-09-04 15:30:00-04:00,770.0,770.0700073242188,769.8499755859375,769.9849853515625,309117,0.0,0.0,0.0
2026-09-04 15:35:00-04:00,769.97998046875,770.0,769.6300048828125,769.72998046875,589058,0.0,0.0,0.0
2026-09-04 15:40:00-04:00,769.72998046875,769.9500122070312,769.6599731445312,769.9000244140625,557561,0.0,0.0,0.0
2026-09-04 15:45:00-04:00,769.8900146484375,770.2000122070312,769.8699951171875,770.1099853515625,620026,0.0,0.0,0.0
2026-09-04 15:50:00-04:00,770.1199951171875,770.4199829101562,770.0399780273438,770.39501953125,809057,0.0,0.0,0.0
2026-09-04 15:55:00-04:00,770.4000244140625,770.47998046875,769.7999877929688,770.239990234375,2998905,0.0,0.0,0.0
2026-09-08 09:30:00-04:00,769.0700073242188,769.6900024414062,768.6699829101562,768.8049926757812,2234251,0.0,0.0,0.0
2026-09-08 09:35:00-04:00,768.7999877929688,768.8200073242188,768.1199951171875,768.1400146484375,495132,0.0,0.0,0.0
2026-09-08 09:40:00-04:00,768.1199951171875,768.1300048828125,767.0900268554688,767.2899780273438,588050,0.0,0.0,0.0
2026-09-08 09:45:00-04:00,767.3049926757812,767.8099975585938,767.2000122070312,767.719970703125,789904,0.0,0.0,0.0
2026-09-08 09:50:00-04:00,767.72998046875,767.75,766.8200073242188,767.3699951171875,662823,0.0,0.0,0.0
2026-09-08 09:55:00-04:00,767.35498046875,768.0800170898438,767.2899780273438,767.4600219726562,472362,0.0,0.0,0.0
2026-09-08 10:00:00-04:00,767.4500122070312,767.6300048828125,766.530029296875,766.9500122070312,459341,0.0,0.0,0.0
2026-09-08 10:05:00-04:00,766.9600219726562,767.0700073242188,766.3900146484375,766.4199829101562,435467,0.0,0.0,0.0
2026-09-08 10:10:00-04:00,766.4199829101562,766.77001953125,765.989990234375,766.4600219726562,505895,0.0,0.0,0.0
2026-09-08 10:15:00-04:00,766.4500122070312,766.72998046875,766.1199951171875,766.5599975585938,580319,0.0,0.0,0.0
2026-09-08 10:20:00-04:00,766.5650024414062,767.1298828125,766.3499755859375,767.0999755859375,601233,0.0,0.0,0.0
2026-09-08 10:25:00-04:00,767.0999145507812,767.1494750976562,766.4099731445312,766.7000122070312,288926,0.0,0.0,0.0
2026-09-08 10:30:00-04:00,766.7000122070312,767.0399780273438,766.4400024414062,767.0050048828125,284680,0.0,0.0,0.0
2026-09-08 10:35:00-04:00,767.02001953125,767.0800170898438,766.6400146484375,766.8900146484375,336865,0.0,0.0,0.0
2026-09-08 10:40:00-04:00,766.9000244140625,767.22998046875,766.780029296875,767.1199951171875,211263,0.0,0.0,0.0
2026-09-08 10:45:00-04:00,767.1400146484375,767.2999877929688,766.6699829101562,767.260009765625,197440,0.0,0.0,0.0
2026-09-08 10:50:00-04:00,767.25,767.719970703125,767.2100219726562,767.6199951171875,331391,0.0,0.0,0.0
2026-09-08 10:55:00-04:00,767.6400146484375,767.948974609375,767.3400268554688,767.6500244140625,255375,0.0,0.0,0.0
2026-09-08 11:00:00-04:00,767.6699829101562,767.8699951171875,767.489990234375,767.6950073242188,218496,0.0,0.0,0.0
2026-09-08 11:05:00-04:00,767.6900024414062,767.8300170898438,767.469970703125,767.6799926757812,204706,0.0,0.0,0.0
2026-09-08 11:10:00-04:00,767.6699829101562,768.3099975585938,767.6599731445312,768.0399780273438,408665,0.0,0.0,0.0
2026-09-08 11:15:00-04:00,768.0399780273438,768.3400268554688,767.9199829101562,768.0800170898438,288265,0.0,0.0,0.0
2026-09-08 11:20:00-04:00,768.0800170898438,768.0800170898438,767.3499755859375,768.0,340333,0.0,0.0,0.0
2026-09-08 11:25:00-04:00,767.989990234375,768.3699951171875,767.8049926757812,767.8049926757812,713177,0.0,0.0,0.0
2026-09-08 11:30:00-04:00,767.7999877929688,768.0800170898438,767.6199951171875,767.7899780273438,273459,0.0,0.0,0.0
2026-09-08 11:35:00-04:00,767.7899780273438,767.8099975585938,767.3400268554688,767.510009765625,228802,0.0,0.0,0.0
2026-09-08 11:40:00-04:00,767.510009765625,768.02001953125,767.4099731445312,767.97998046875,201733,0.0,0.0,0.0
2026-09-08 11:45:00-04:00,767.9949951171875,768.0399780273438,767.469970703125,767.5399780273438,321756,0.0,0.0,0.0
2026-09-08 11:50:00-04:00,767.5599975585938,767.7849731445312,767.510009765625,767.5700073242188,399772,0.0,0.0,0.0
2026-09-08 11:55:00-04:00,767.5599975585938,767.7100219726562,767.3499755859375,767.3900146484375,303327,0.0,0.0,0.0
2026-09-08 12:00:00-04:00,767.4000244140625,767.6599731445312,767.1950073242188,767.6599731445312,535808,0.0,0.0,0.0
2026-09-08 12:05:00-04:00,767.6599731445312,767.7899780273438,767.3200073242188,767.3300170898438,136517,0.0,0.0,0.0
2026-09-08 12:10:00-04:00,767.3200073242188,767.3400268554688,767.030029296875,767.219970703125,231640,0.0,0.0,0.0
2026-09-08 12:15:00-04:00,767.219970703125,767.22998046875,766.8099975585938,766.9149780273438,311809,0.0,0.0,0.0
2026-09-08 12:20:00-04:00,766.9199829101562,767.4199829101562,766.8099975585938,767.3900756835938,292911,0.0,0.0,0.0
2026-09-08 12:25:00-04:00,767.4099731445312,767.6500244140625,767.0800170898438,767.0999755859375,171878,0.0,0.0,0.0
2026-09-08 12:30:00-04:00,767.0999755859375,767.3200073242188,767.0,767.2000122070312,273954,0.0,0.0,0.0
2026-09-08 12:35:00-04:00,767.1799926757812,767.24169921875,766.9400024414062,766.989990234375,145241,0.0,0.0,0.0
2026-09-08 12:40:00-04:00,766.9998779296875,767.1400146484375,766.8099975585938,767.010009765625,154919,0.0,0.0,0.0
2026-09-08 12:45:00-04:00,767.02001953125,767.3200073242188,766.9149780273438,767.2449951171875,186806,0.0,0.0,0.0
2026-09-08 12:50:00-04:00,767.260009765625,767.6099853515625,767.0900268554688,767.2349853515625,232878,0.0,0.0,0.0
2026-09-08 12:55:00-04:00,767.25,767.2999877929688,766.5499877929688,766.9400024414062,826900,0.0,0.0,0.0
2026-09-08 13:00:00-04:00,766.92919921875,767.9000244140625,766.92919921875,767.9000244140625,200642,0.0,0.0,0.0
2026-09-08 13:05:00-04:00,767.9000244140625,768.1199951171875,767.5399780273438,767.5399780273438,237571,0.0,0.0,0.0
2026-09-08 13:10:00-04:00,767.5700073242188,767.72998046875,767.52001953125,767.635009765625,149182,0.0,0.0,0.0
2026-09-08 13:15:00-04:00,767.6400146484375,767.719970703125,767.52001953125,767.60498046875,195500,0.0,0.0,0.0
2026-09-08 13:20:00-04:00,767.5999755859375,767.708984375,767.4199829101562,767.5900268554688,141823,0.0,0.0,0.0
2026-09-08 13:25:00-04:00,767.5900268554688,767.6099853515625,767.1900024414062,767.4749755859375,134179,0.0,0.0,0.0
2026-09-08 13:30:00-04:00,767.489990234375,767.8200073242188,767.4400024414062,767.6799926757812,164330,0.0,0.0,0.0
2026-09-08 13:35:00-04:00,767.6799926757812,767.8800048828125,767.6300048828125,767.6799926757812,245812,0.0,0.0,0.0
2026-09-08 13:40:00-04:00,767.6900024414062,767.6900024414062,767.3150024414062,767.344970703125,216439,0.0,0.0,0.0
2026-09-08 13:45:00-04:00,767.3400268554688,767.6199951171875,767.3400268554688,767.5800170898438,259716,0.0,0.0,0.0
2026-09-08 13:50:00-04:00,767.5700073242188,767.8499755859375,767.47998046875,767.7999877929688,185590,0.0,0.0,0.0
2026-09-08 13:55:00-04:00,767.780029296875,767.780029296875,767.4600219726562,767.4600219726562,145649,0.0,0.0,0.0
2026-09-08 14:00:00-04:00,767.47998046875,767.6500244140625,767.4600219726562,767.6199951171875,211316,0.0,0.0,0.0
2026-09-08 14:05:00-04:00,767.6099853515625,767.8300170898438,767.5399780273438,767.77001953125,221605,0.0,0.0,0.0
2026-09-08 14:10:00-04:00,767.780029296875,767.8800048828125,767.6749877929688,767.77001953125,184101,0.0,0.0,0.0
2026-09-08 14:15:00-04:00,767.760009765625,767.8800048828125,767.6699829101562,767.8049926757812,179786,0.0,0.0,0.0
2026-09-08 14:20:00-04:00,767.7999877929688,767.8900146484375,767.5800170898438,767.5999755859375,188283,0.0,0.0,0.0
2026-09-08 14:25:00-04:00,767.5900268554688,767.7999877929688,767.5250244140625,767.7650146484375,178343,0.0,0.0,0.0
2026-09-08 14:30:00-04:00,767.77001953125,767.7899780273438,767.52001953125,767.530029296875,168947,0.0,0.0,0.0
2026-09-08 14:35:00-04:00,767.5399780273438,767.5499877929688,767.1400146484375,767.2000122070312,221348,0.0,0.0,0.0
2026-09-08 14:40:00-04:00,767.1900024414062,767.5399780273438,767.0700073242188,767.52001953125,198628,0.0,0.0,0.0
2026-09-08 14:45:00-04:00,767.52001953125,767.6199951171875,765.6699829101562,766.260009765625,850175,0.0,0.0,0.0
2026-09-08 14:50:00-04:00,766.280029296875,767.0380249023438,766.2000122070312,766.969970703125,840808,0.0,0.0,0.0
2026-09-08 14:55:00-04:00,766.9749755859375,767.0800170898438,766.740478515625,766.77001953125,323560,0.0,0.0,0.0
2026-09-08 15:00:00-04:00,766.780029296875,766.9400024414062,766.4849853515625,766.6171875,281507,0.0,0.0,0.0
2026-09-08 15:05:00-04:00,766.6300048828125,766.97998046875,766.5499877929688,766.8400268554688,183294,0.0,0.0,0.0
2026-09-08 15:10:00-04:00,766.8201293945312,767.0999755859375,766.7899780273438,766.9000244140625,371685,0.0,0.0,0.0
2026-09-08 15:15:00-04:00,766.9099731445312,767.030029296875,766.6099853515625,766.7000122070312,327761,0.0,0.0,0.0
2026-09-08 15:20:00-04:00,766.7050170898438,766.8699951171875,766.510009765625,766.5700073242188,414412,0.0,0.0,0.0
2026-09-08 15:25:00-04:00,766.5700073242188,767.0399780273438,766.510009765625,766.97998046875,339686,0.0,0.0,0.0
2026-09-08 15:30:00-04:00,766.969970703125,767.1500244140625,766.7000122070312,767.0900268554688,452310,0.0,0.0,0.0
2026-09-08 15:35:00-04:00,767.0900268554688,767.1199951171875,766.77001953125,766.9600219726562,472835,0.0,0.0,0.0
2026-09-08 15:40:00-04:00,766.9749755859375,767.0800170898438,766.6799926757812,766.8099975585938,714200,0.0,0.0,0.0
2026-09-08 15:45:00-04:00,766.8200073242188,766.8800048828125,766.3200073242188,766.5399780273438,714029,0.0,0.0,0.0
2026-09-08 15:50:00-04:00,766.5599975585938,766.6300048828125,765.52001953125,765.6849975585938,1757909,0.0,0.0,0.0
2026-09-08 15:55:00-04:00,765.72998046875,766.1400146484375,765.1400146484375,765.989990234375,3928473,0.0,0.0,0.0
2026-09-09 09:30:00-04:00,764.0800170898438,764.3800048828125,763.239990234375,764.1199951171875,1528226,0.0,0.0,0.0
2026-09-09 09:35:00-04:00,764.1199951171875,764.1900024414062,763.6099853515625,763.7999877929688,510819,0.0,0.0,0.0
2026-09-09 09:40:00-04:00,763.8300170898438,764.030029296875,763.4199829101562,763.75,261008,0.0,0.0,0.0
2026-09-09 09:45:00-04:00,763.7000122070312,764.219970703125,763.4299926757812,763.8699951171875,466114,0.0,0.0,0.0
2026-09-09 09:50:00-04:00,763.8800048828125,763.969970703125,763.4600219726562,763.7849731445312,314399,0.0,0.0,0.0
2026-09-09 09:55:00-04:00,763.7750244140625,764.2000122070312,763.6599731445312,764.0999755859375,247683,0.0,0.0,0.0
2026-09-09 10:00:00-04:00,764.0900268554688,764.2000122070312,763.4000244140625,763.8400268554688,322423,0.0,0.0,0.0
2026-09-09 10:05:00-04:00,763.8499755859375,764.1500244140625,763.7700805664062,764.0700073242188,286557,0.0,0.0,0.0
2026-09-09 10:10:00-04:00,764.0601196289062,764.1300048828125,763.6099853515625,763.8775024414062,287288,0.0,0.0,0.0
2026-09-09 10:15:00-04:00,763.8800048828125,763.8800048828125,762.7999877929688,763.0549926757812,479030,0.0,0.0,0.0
2026-09-09 10:20:00-04:00,763.0401000976562,763.1500244140625,762.489990234375,762.510009765625,523999,0.0,0.0,0.0
2026-09-09 10:25:00-04:00,762.510009765625,764.0700073242188,762.5,763.97998046875,493929,0.0,0.0,0.0
2026-09-09 10:30:00-04:00,763.969970703125,764.010009765625,763.4199829101562,763.489990234375,254961,0.0,0.0,0.0
2026-09-09 10:35:00-04:00,763.489990234375,763.7999877929688,763.25,763.60498046875,282439,0.0,0.0,0.0
2026-09-09 10:40:00-04:00,763.5900268554688,763.8699951171875,763.4600219726562,763.77001953125,157614,0.0,0.0,0.0
2026-09-09 10:45:00-04:00,763.7534790039062,763.780029296875,763.4099731445312,763.7249755859375,112604,0.0,0.0,0.0
2026-09-09 10:50:00-04:00,763.72998046875,763.9400024414062,763.530029296875,763.6500244140625,150881,0.0,0.0,0.0
2026-09-09 10:55:00-04:00,763.6649780273438,763.9099731445312,763.4600219726562,763.780029296875,150988,0.0,0.0,0.0
2026-09-09 11:00:00-04:00,763.7899780273438,764.469970703125,762.7000122070312,762.8400268554688,564768,0.0,0.0,0.0
2026-09-09 11:05:00-04:00,762.8800048828125,763.0399780273438,762.1599731445312,762.239990234375,466396,0.0,0.0,0.0
2026-09-09 11:10:00-04:00,762.25,762.280029296875,761.39501953125,761.6300048828125,618359,0.0,0.0,0.0
2026-09-09 11:15:00-04:00,761.6400146484375,762.169921875,761.5,762.0501098632812,434599,0.0,0.0,0.0
2026-09-09 11:20:00-04:00,762.030029296875,762.1300048828125,761.0,761.0499877929688,406933,0.0,0.0,0.0
2026-09-09 11:25:00-04:00,761.0499877929688,761.5750122070312,760.9400024414062,761.5399780273438,420870,0.0,0.0,0.0
2026-09-09 11:30:00-04:00,761.5401000976562,762.1500244140625,761.47998046875,762.1500244140625,695993,0.0,0.0,0.0
2026-09-09 11:35:00-04:00,762.1500244140625,762.9794921875,761.760009765625,762.9099731445312,310344,0.0,0.0,0.0
2026-09-09 11:40:00-04:00,762.9199829101562,763.095703125,761.989990234375,762.239990234375,415793,0.0,0.0,0.0
2026-09-09 11:45:00-04:00,762.260009765625,762.3585815429688,762.02001953125,762.27001953125,133563,0.0,0.0,0.0
2026-09-09 11:50:00-04:00,762.2899780273438,762.6199951171875,762.2899780273438,762.5499877929688,159786,0.0,0.0,0.0
2026-09-09 11:55:00-04:00,762.52001953125,762.52001953125,761.8400268554688,762.1699829101562,226597,0.0,0.0,0.0
2026-09-09 12:00:00-04:00,762.1699829101562,762.4099731445312,762.0499877929688,762.3699951171875,185090,0.0,0.0,0.0
2026-09-09 12:05:00-04:00,762.3599853515625,762.3699951171875,761.5150146484375,761.5150146484375,296852,0.0,0.0,0.0
2026-09-09 12:10:00-04:00,761.52001953125,761.8900146484375,761.4299926757812,761.64501953125,204389,0.0,0.0,0.0
2026-09-09 12:15:00-04:00,761.64501953125,761.6599731445312,761.3599853515625,761.4500122070312,146801,0.0,0.0,0.0
2026-09-09 12:20:00-04:00,761.4450073242188,761.739990234375,761.3200073242188,761.719970703125,205313,0.0,0.0,0.0
2026-09-09 12:25:00-04:00,761.72998046875,761.8099975585938,761.4299926757812,761.6300048828125,157041,0.0,0.0,0.0
2026-09-09 12:30:00-04:00,761.614990234375,762.2349853515625,761.5800170898438,762.0999755859375,420127,0.0,0.0,0.0
2026-09-09 12:35:00-04:00,762.0900268554688,762.27001953125,761.9201049804688,762.25,197503,0.0,0.0,0.0
2026-09-09 12:40:00-04:00,762.239990234375,762.4600219726562,762.1099853515625,762.4600219726562,146309,0.0,0.0,0.0
2026-09-09 12:45:00-04:00,762.4600219726562,762.530029296875,762.1900024414062,762.469970703125,139716,0.0,0.0,0.0
2026-09-09 12:50:00-04:00,762.47998046875,762.8599853515625,762.469970703125,762.6400146484375,238661,0.0,0.0,0.0
2026-09-09 12:55:00-04:00,762.6300048828125,762.77001953125,762.510009765625,762.5659790039062,93496,0.0,0.0,0.0
2026-09-09 13:00:00-04:00,762.5750122070312,763.02001953125,762.3720092773438,762.4000244140625,276679,0.0,0.0,0.0
2026-09-09 13:05:00-04:00,762.39990234375,762.77001953125,762.3900146484375,762.5900268554688,245444,0.0,0.0,0.0
2026-09-09 13:10:00-04:00,762.5800170898438,763.219970703125,762.5499877929688,763.1500244140625,203272,0.0,0.0,0.0
2026-09-09 13:15:00-04:00,763.1500244140625,763.2899780273438,762.8599853515625,762.8701171875,222962,0.0,0.0,0.0
2026-09-09 13:20:00-04:00,762.8699951171875,763.1900024414062,762.780029296875,763.1900024414062,132228,0.0,0.0,0.0
2026-09-09 13:25:00-04:00,763.1900024414062,763.2100219726562,762.8599853515625,762.9199829101562,148209,0.0,0.0,0.0
2026-09-09 13:30:00-04:00,762.9299926757812,763.0499877929688,762.7000122070312,762.8200073242188,154173,0.0,0.0,0.0
2026-09-09 13:35:00-04:00,762.7899780273438,762.8900146484375,762.3800048828125,762.4400024414062,110526,0.0,0.0,0.0
2026-09-09 13:40:00-04:00,762.4500122070312,762.969970703125,762.4400024414062,762.9000244140625,106650,0.0,0.0,0.0
2026-09-09 13:45:00-04:00,762.9099731445312,763.1599731445312,762.8800048828125,763.0700073242188,160958,0.0,0.0,0.0
2026-09-09 13:50:00-04:00,763.0700073242188,763.3200073242188,762.9299926757812,763.27001953125,144408,0.0,0.0,0.0
2026-09-09 13:55:00-04:00,763.260009765625,763.3150024414062,763.02001953125,763.0250244140625,111456,0.0,0.0,0.0
2026-09-09 14:00:00-04:00,763.02001953125,763.1699829101562,762.97998046875,763.10498046875,172515,0.0,0.0,0.0
2026-09-09 14:05:00-04:00,763.094970703125,763.1099853515625,762.719970703125,762.75,221438,0.0,0.0,0.0
2026-09-09 14:10:00-04:00,762.760009765625,762.7899780273438,762.4000244140625,762.4000244140625,417762,0.0,0.0,0.0
2026-09-09 14:15:00-04:00,762.3900146484375,762.6799926757812,762.280029296875,762.5599975585938,449614,0.0,0.0,0.0
2026-09-09 14:20:00-04:00,762.5700073242188,763.02001953125,762.5700073242188,762.9600219726562,123298,0.0,0.0,0.0
2026-09-09 14:25:00-04:00,762.9500122070312,763.0399780273438,762.72998046875,762.8400268554688,222033,0.0,0.0,0.0
2026-09-09 14:30:00-04:00,762.844970703125,762.9000244140625,762.5900268554688,762.780029296875,165114,0.0,0.0,0.0
2026-09-09 14:35:00-04:00,762.77001953125,763.0296020507812,762.719970703125,763.0,109094,0.0,0.0,0.0
2026-09-09 14:40:00-04:00,763.0150146484375,763.2999877929688,763.0,763.1900024414062,161685,0.0,0.0,0.0
2026-09-09 14:45:00-04:00,763.1799926757812,763.2100219726562,762.9600219726562,763.010009765625,172106,0.0,0.0,0.0
2026-09-09 14:50:00-04:00,763.02001953125,763.355224609375,763.010009765625,763.27001953125,180294,0.0,0.0,0.0
2026-09-09 14:55:00-04:00,763.260009765625,763.3900146484375,762.8800048828125,762.9000244140625,174577,0.0,0.0,0.0
2026-09-09 15:00:00-04:00,762.9199829101562,763.0800170898438,762.6400146484375,762.6900024414062,286844,0.0,0.0,0.0
2026-09-09 15:05:00-04:00,762.6900024414062,763.1300048828125,762.6519775390625,763.0900268554688,354565,0.0,0.0,0.0
2026-09-09 15:10:00-04:00,763.0800170898438,763.1400146484375,762.9600219726562,762.9600219726562,600146,0.0,0.0,0.0
2026-09-09 15:15:00-04:00,762.967529296875,763.3400268554688,762.9600219726562,763.27001953125,272317,0.0,0.0,0.0
2026-09-09 15:20:00-04:00,763.2799072265625,763.3300170898438,763.0999755859375,763.219970703125,374906,0.0,0.0,0.0
2026-09-09 15:25:00-04:00,763.219970703125,763.4097290039062,763.0900268554688,763.0999755859375,244897,0.0,0.0,0.0
2026-09-09 15:30:00-04:00,763.0999755859375,763.2100219726562,762.9099731445312,763.02001953125,323748,0.0,0.0,0.0
2026-09-09 15:35:00-04:00,763.02001953125,763.0999755859375,762.77001953125,762.780029296875,367055,0.0,0.0,0.0
2026-09-09 15:40:00-04:00,762.77001953125,762.8400268554688,762.60498046875,762.7999877929688,497079,0.0,0.0,0.0
2026-09-09 15:45:00-04:00,762.8099975585938,762.9249877929688,762.6300048828125,762.8300170898438,620927,0.0,0.0,0.0
2026-09-09 15:50:00-04:00,762.8400268554688,762.8400268554688,762.2000122070312,762.4249877929688,1156206,0.0,0.0,0.0
2026-09-09 15:55:00-04:00,762.4299926757812,762.510009765625,762.0999755859375,762.3900146484375,4415251,0.0,0.0,0.0
2026-09-10 09:30:00-04:00,758.030029296875,758.4000244140625,757.6099853515625,757.760009765625,3091654,0.0,0.0,0.0
2026-09-10 09:35:00-04:00,757.7999877929688,758.5549926757812,757.5499877929688,758.4299926757812,546462,0.0,0.0,0.0
2026-09-10 09:40:00-04:00,758.4199829101562,758.739990234375,758.0700073242188,758.1400146484375,922645,0.0,0.0,0.0
2026-09-10 09:45:00-04:00,758.135009765625,758.97998046875,758.0999755859375,758.64501953125,1958780,0.0,0.0,0.0
2026-09-10 09:50:00-04:00,758.6400146484375,758.8599853515625,757.260986328125,757.3200073242188,822530,0.0,0.0,0.0
2026-09-10 09:55:00-04:00,757.3499755859375,757.3599853515625,756.7022094726562,756.780029296875,813561,0.0,0.0,0.0
2026-09-10 10:00:00-04:00,756.7520141601562,757.77001953125,756.739990234375,757.280029296875,765413,0.0,0.0,0.0
2026-09-10 10:05:00-04:00,757.2899780273438,757.3900146484375,756.6400146484375,756.82470703125,814897,0.0,0.0,0.0
2026-09-10 10:10:00-04:00,756.8350219726562,757.7750244140625,756.75,757.4199829101562,598746,0.0,0.0,0.0
2026-09-10 10:15:00-04:00,757.39501953125,758.0800170898438,757.1500244140625,758.02001953125,393903,0.0,0.0,0.0
2026-09-10 10:20:00-04:00,758.02001953125,760.1099853515625,757.9500122070312,759.4124145507812,1324122,0.0,0.0,0.0
2026-09-10 10:25:00-04:00,759.3800048828125,759.875,758.5599975585938,758.7100219726562,1036400,0.0,0.0,0.0
2026-09-10 10:30:00-04:00,758.7150268554688,759.22998046875,758.64501953125,758.8900146484375,444910,0.0,0.0,0.0
2026-09-10 10:35:00-04:00,758.875,759.5999755859375,758.875,759.2999877929688,398360,0.0,0.0,0.0
2026-09-10 10:40:00-04:00,759.2999877929688,759.4000244140625,758.6699829101562,758.844970703125,451963,0.0,0.0,0.0
2026-09-10 10:45:00-04:00,758.8300170898438,759.0399780273438,758.4304809570312,758.7999877929688,463779,0.0,0.0,0.0
2026-09-10 10:50:00-04:00,758.7899780273438,759.1799926757812,758.5,759.1599731445312,329988,0.0,0.0,0.0
2026-09-10 10:55:00-04:00,759.1799926757812,759.5,758.8800048828125,759.3994750976562,841893,0.0,0.0,0.0
2026-09-10 11:00:00-04:00,759.4000244140625,759.4199829101562,758.5499877929688,758.8599853515625,507133,0.0,0.0,0.0
2026-09-10 11:05:00-04:00,758.8497924804688,759.4349975585938,758.8497924804688,759.0,423314,0.0,0.0,0.0
2026-09-10 11:10:00-04:00,758.989990234375,759.469970703125,758.9299926757812,759.0599975585938,254160,0.0,0.0,0.0
2026-09-10 11:15:00-04:00,759.0499877929688,759.239990234375,758.8704833984375,759.094970703125,321166,0.0,0.0,0.0
2026-09-10 11:20:00-04:00,759.0900268554688,759.3400268554688,758.6300048828125,759.302490234375,940536,0.0,0.0,0.0
2026-09-10 11:25:00-04:00,759.3099975585938,759.5599975585938,759.1400146484375,759.1849975585938,204033,0.0,0.0,0.0
2026-09-10 11:30:00-04:00,759.1900024414062,759.5800170898438,759.02001953125,759.4500122070312,238896,0.0,0.0,0.0
2026-09-10 11:35:00-04:00,759.4575805664062,759.969970703125,759.0599975585938,759.2100219726562,434782,0.0,0.0,0.0
2026-09-10 11:40:00-04:00,759.239990234375,759.4600219726562,759.0800170898438,759.4000244140625,170467,0.0,0.0,0.0
2026-09-10 11:45:00-04:00,759.4299926757812,759.5150146484375,758.760009765625,759.1489868164062,311284,0.0,0.0,0.0
2026-09-10 11:50:00-04:00,759.1099853515625,759.3300170898438,758.6099853515625,758.6099853515625,311200,0.0,0.0,0.0
2026-09-10 11:55:00-04:00,758.5999755859375,758.6950073242188,758.219970703125,758.5399780273438,314824,0.0,0.0,0.0
2026-09-10 12:00:00-04:00,758.5499877929688,759.0791015625,758.4500122070312,758.5399780273438,459360,0.0,0.0,0.0
2026-09-10 12:05:00-04:00,758.5499877929688,758.6400146484375,758.0700073242188,758.094970703125,199982,0.0,0.0,0.0
2026-09-10 12:10:00-04:00,758.0800170898438,758.3400268554688,757.8300170898438,758.094970703125,351837,0.0,0.0,0.0
2026-09-10 12:15:00-04:00,758.0999755859375,758.4349975585938,757.9000244140625,758.030029296875,200431,0.0,0.0,0.0
2026-09-10 12:20:00-04:00,758.0499877929688,758.2899780273438,758.010009765625,758.0499877929688,155791,0.0,0.0,0.0
2026-09-10 12:25:00-04:00,758.030029296875,758.0999755859375,757.7899780273438,758.0850219726562,189444,0.0,0.0,0.0
2026-09-10 12:30:00-04:00,758.0800170898438,758.4099731445312,757.52001953125,757.52001953125,560864,0.0,0.0,0.0
2026-09-10 12:35:00-04:00,757.530029296875,758.25,757.260009765625,758.1901245117188,233990,0.0,0.0,0.0
2026-09-10 12:40:00-04:00,758.1900024414062,758.8900146484375,758.1199951171875,758.8099975585938,174927,0.0,0.0,0.0
2026-09-10 12:45:00-04:00,758.8300170898438,759.3300170898438,758.7999877929688,758.7999877929688,338907,0.0,0.0,0.0
2026-09-10 12:50:00-04:00,758.8400268554688,759.1799926757812,758.7000122070312,759.1599731445312,255445,0.0,0.0,0.0
2026-09-10 12:55:00-04:00,759.155029296875,759.344970703125,759.0499877929688,759.2050170898438,344828,0.0,0.0,0.0
2026-09-10 13:00:00-04:00,759.2000122070312,759.8499755859375,758.7899780273438,759.0250244140625,461261,0.0,0.0,0.0
2026-09-10 13:05:00-04:00,759.0401000976562,759.27001953125,758.8499755859375,758.969970703125,164211,0.0,0.0,0.0
2026-09-10 13:10:00-04:00,758.9500122070312,759.4400024414062,758.9450073242188,759.02001953125,241450,0.0,0.0,0.0
2026-09-10 13:15:00-04:00,759.010009765625,759.1998901367188,758.8599853515625,758.9949951171875,93713,0.0,0.0,0.0
2026-09-10 13:20:00-04:00,758.989990234375,759.0999755859375,758.6099853515625,758.6799926757812,143875,0.0,0.0,0.0
2026-09-10 13:25:00-04:00,758.6599731445312,758.7150268554688,758.510009765625,758.5900268554688,287214,0.0,0.0,0.0
2026-09-10 13:30:00-04:00,758.5800170898438,758.77001953125,758.3499755859375,758.5999755859375,171278,0.0,0.0,0.0
2026-09-10 13:35:00-04:00,758.5599975585938,758.77001953125,758.0399780273438,758.0800170898438,175589,0.0,0.0,0.0
2026-09-10 13:40:00-04:00,758.0549926757812,758.4600219726562,758.030029296875,758.4450073242188,254469,0.0,0.0,0.0
2026-09-10 13:45:00-04:00,758.4500122070312,758.489990234375,758.1900024414062,758.260009765625,87430,0.0,0.0,0.0
2026-09-10 13:50:00-04:00,758.239990234375,758.5399780273438,758.1799926757812,758.4000244140625,142499,0.0,0.0,0.0
2026-09-10 13:55:00-04:00,758.3800048828125,758.5250244140625,758.2100219726562,758.27001953125,220083,0.0,0.0,0.0
2026-09-10 14:00:00-04:00,758.27001953125,758.5599975585938,757.8300170898438,757.9550170898438,297048,0.0,0.0,0.0
2026-09-10 14:05:00-04:00,757.9400024414062,758.1699829101562,757.6602172851562,757.739990234375,243787,0.0,0.0,0.0
2026-09-10 14:10:00-04:00,757.719970703125,757.909912109375,757.47998046875,757.6900024414062,278292,0.0,0.0,0.0
2026-09-10 14:15:00-04:00,757.6799926757812,757.75,757.469970703125,757.6799926757812,214756,0.0,0.0,0.0
2026-09-10 14:20:00-04:00,757.6900024414062,758.0399780273438,757.6900024414062,757.7999877929688,355815,0.0,0.0,0.0
2026-09-10 14:25:00-04:00,757.8099975585938,757.9199829101562,757.5900268554688,757.6900024414062,226822,0.0,0.0,0.0
2026-09-10 14:30:00-04:00,757.6699829101562,757.7000122070312,757.2598876953125,757.6099853515625,246687,0.0,0.0,0.0
2026-09-10 14:35:00-04:00,757.6199951171875,757.8679809570312,757.47998046875,757.8400268554688,157185,0.0,0.0,0.0
2026-09-10 14:40:00-04:00,757.8499755859375,757.9099731445312,757.6849975585938,757.8150024414062,165644,0.0,0.0,0.0
2026-09-10 14:45:00-04:00,757.7999877929688,758.0900268554688,757.4099731445312,757.77001953125,237906,0.0,0.0,0.0
2026-09-10 14:50:00-04:00,757.75,758.3900146484375,757.5499877929688,757.9650268554688,574101,0.0,0.0,0.0
2026-09-10 14:55:00-04:00,757.9650268554688,758.119873046875,757.6699829101562,757.7750244140625,207139,0.0,0.0,0.0
2026-09-10 15:00:00-04:00,757.7750244140625,757.7750244140625,757.3099975585938,757.3350219726562,341448,0.0,0.0,0.0
2026-09-10 15:05:00-04:00,757.3309936523438,758.030029296875,757.3099975585938,758.0,394179,0.0,0.0,0.0
2026-09-10 15:10:00-04:00,757.9600219726562,757.9600219726562,757.530029296875,757.8099975585938,404593,0.0,0.0,0.0
2026-09-10 15:15:00-04:00,757.8099975585938,757.9600219726562,757.3699951171875,757.5499877929688,419344,0.0,0.0,0.0
2026-09-10 15:20:00-04:00,757.52001953125,757.7150268554688,757.3599853515625,757.6799926757812,454711,0.0,0.0,0.0
2026-09-10 15:25:00-04:00,757.6799926757812,757.7899780273438,757.510009765625,757.614990234375,567088,0.0,0.0,0.0
2026-09-10 15:30:00-04:00,757.6099853515625,758.0,757.4400024414062,757.9498901367188,461172,0.0,0.0,0.0
2026-09-10 15:35:00-04:00,757.9299926757812,758.1300048828125,757.6500244140625,758.010009765625,314857,0.0,0.0,0.0
2026-09-10 15:40:00-04:00,757.989990234375,758.2750244140625,757.97998046875,758.02001953125,819948,0.0,0.0,0.0
2026-09-10 15:45:00-04:00,758.030029296875,758.219970703125,757.77001953125,758.0999755859375,832936,0.0,0.0,0.0
2026-09-10 15:50:00-04:00,758.0800170898438,758.2899780273438,757.6099853515625,757.8499755859375,1068297,0.0,0.0,0.0
2026-09-10 15:55:00-04:00,757.8699951171875,758.030029296875,757.6300048828125,757.8800048828125,2980952,0.0,0.0,0.0
2026-09-11 09:30:00-04:00,764.719970703125,765.8599853515625,764.2249755859375,765.77001953125,4205683,0.0,0.0,0.0
2026-09-11 09:35:00-04:00,765.760009765625,765.989990234375,765.3800048828125,765.5599975585938,769423,0.0,0.0,0.0
2026-09-11 09:40:00-04:00,765.5599975585938,765.8099975585938,764.6699829101562,765.4600219726562,829435,0.0,0.0,0.0
2026-09-11 09:45:00-04:00,765.47998046875,765.9299926757812,764.7999877929688,764.969970703125,762224,0.0,0.0,0.0
2026-09-11 09:50:00-04:00,764.989990234375,765.2899169921875,764.7000122070312,765.1300048828125,443437,0.0,0.0,0.0
2026-09-11 09:55:00-04:00,765.1300048828125,766.3800048828125,765.0250244140625,766.3099975585938,445940,0.0,0.0,0.0
2026-09-11 10:00:00-04:00,766.3099975585938,766.3300170898438,765.3800048828125,765.4500122070312,542787,0.0,0.0,0.0
2026-09-11 10:05:00-04:00,765.4500122070312,765.5999755859375,764.9400024414062,765.4099731445312,372761,0.0,0.0,0.0
2026-09-11 10:10:00-04:00,765.4099731445312,765.6900024414062,764.780029296875,764.9000244140625,405671,0.0,0.0,0.0
2026-09-11 10:15:00-04:00,764.9000244140625,765.75,764.6300048828125,765.719970703125,488857,0.0,0.0,0.0
2026-09-11 10:20:00-04:00,765.719970703125,766.0250244140625,765.5800170898438,765.760009765625,343584,0.0,0.0,0.0
2026-09-11 10:25:00-04:00,765.760009765625,766.0999755859375,765.5700073242188,765.72998046875,286702,0.0,0.0,0.0
2026-09-11 10:30:00-04:00,765.75,765.780029296875,764.6900024414062,764.72998046875,429465,0.0,0.0,0.0
2026-09-11 10:35:00-04:00,764.72998046875,764.72998046875,764.0399780273438,764.2999877929688,546936,0.0,0.0,0.0
2026-09-11 10:40:00-04:00,764.2999877929688,764.739990234375,763.8800048828125,764.0499877929688,407838,0.0,0.0,0.0
2026-09-11 10:45:00-04:00,764.0399780273438,764.7999877929688,763.5999755859375,764.6900024414062,754627,0.0,0.0,0.0
2026-09-11 10:50:00-04:00,764.7150268554688,764.8499755859375,764.0,764.0700073242188,280128,0.0,0.0,0.0
2026-09-11 10:55:00-04:00,764.0750122070312,764.2100219726562,763.7000122070312,763.969970703125,773529,0.0,0.0,0.0
2026-09-11 11:00:00-04:00,763.9537963867188,764.6680297851562,763.8099975585938,764.6680297851562,194568,0.0,0.0,0.0
2026-09-11 11:05:00-04:00,764.6500244140625,765.25,764.6033935546875,764.9000244140625,261249,0.0,0.0,0.0
2026-09-11 11:10:00-04:00,764.9099731445312,764.9600219726562,764.1199951171875,764.6099853515625,252479,0.0,0.0,0.0
2026-09-11 11:15:00-04:00,764.6099853515625,765.5499877929688,764.6099853515625,765.4000244140625,273070,0.0,0.0,0.0
2026-09-11 11:20:00-04:00,765.3900146484375,765.8900146484375,765.3400268554688,765.8350219726562,189265,0.0,0.0,0.0
2026-09-11 11:25:00-04:00,765.8699951171875,766.239990234375,765.6849975585938,766.0,287743,0.0,0.0,0.0
2026-09-11 11:30:00-04:00,765.97998046875,766.1900024414062,765.760009765625,765.9000244140625,168884,0.0,0.0,0.0
2026-09-11 11:35:00-04:00,765.8900146484375,766.0499877929688,765.6199951171875,765.9500122070312,686844,0.0,0.0,0.0
2026-09-11 11:40:00-04:00,765.9401245117188,766.27001953125,765.8599853515625,766.1199951171875,204618,0.0,0.0,0.0
2026-09-11 11:45:00-04:00,766.1199951171875,766.1400146484375,765.760009765625,765.8800048828125,198972,0.0,0.0,0.0
2026-09-11 11:50:00-04:00,765.8798828125,765.9600219726562,765.4249877929688,765.52099609375,390945,0.0,0.0,0.0
2026-09-11 11:55:00-04:00,765.5399780273438,765.8049926757812,765.3820190429688,765.7100219726562,234935,0.0,0.0,0.0
2026-09-11 12:00:00-04:00,765.719970703125,766.2000122070312,765.719970703125,766.1400756835938,1518720,0.0,0.0,0.0
2026-09-11 12:05:00-04:00,766.1400146484375,766.1799926757812,765.739990234375,765.9000244140625,308945,0.0,0.0,0.0
2026-09-11 12:10:00-04:00,765.9099731445312,765.989990234375,765.530029296875,765.5800170898438,142257,0.0,0.0,0.0
2026-09-11 12:15:00-04:00,765.5850219726562,765.6500244140625,765.4000244140625,765.489990234375,160955,0.0,0.0,0.0
2026-09-11 12:20:00-04:00,765.52001953125,765.5999755859375,765.260009765625,765.3599853515625,210740,0.0,0.0,0.0
2026-09-11 12:25:00-04:00,765.3599853515625,765.5999755859375,764.8699951171875,764.9199829101562,329045,0.0,0.0,0.0
2026-09-11 12:30:00-04:00,764.9400024414062,765.760009765625,764.8099975585938,765.580078125,300257,0.0,0.0,0.0
2026-09-11 12:35:00-04:00,765.5800170898438,765.5900268554688,764.9099731445312,764.9500122070312,358442,0.0,0.0,0.0
2026-09-11 12:40:00-04:00,764.9400024414062,765.47998046875,764.8499755859375,765.4500122070312,230372,0.0,0.0,0.0
2026-09-11 12:45:00-04:00,765.4400024414062,765.60498046875,765.2999877929688,765.3099975585938,157822,0.0,0.0,0.0
2026-09-11 12:50:00-04:00,765.3250122070312,765.5499877929688,765.2705078125,765.4199829101562,501051,0.0,0.0,0.0
2026-09-11 12:55:00-04:00,765.4099731445312,765.6699829101562,765.3800048828125,765.6199951171875,500841,0.0,0.0,0.0
2026-09-11 13:00:00-04:00,765.6400146484375,765.8499755859375,765.5499877929688,765.6300048828125,1361794,0.0,0.0,0.0
2026-09-11 13:05:00-04:00,765.6400146484375,766.0800170898438,765.5999755859375,765.739990234375,159685,0.0,0.0,0.0
2026-09-11 13:10:00-04:00,765.7349853515625,765.8699951171875,765.510009765625,765.5582885742188,183128,0.0,0.0,0.0
2026-09-11 13:15:00-04:00,765.5599975585938,765.9201049804688,765.5599975585938,765.9199829101562,262400,0.0,0.0,0.0
2026-09-11 13:20:00-04:00,765.9199829101562,766.25,765.8699951171875,766.239501953125,208368,0.0,0.0,0.0
2026-09-11 13:25:00-04:00,766.22998046875,766.3300170898438,765.9099731445312,765.9949951171875,269591,0.0,0.0,0.0
2026-09-11 13:30:00-04:00,765.9949951171875,766.260009765625,765.9149780273438,765.9794921875,172407,0.0,0.0,0.0
2026-09-11 13:35:00-04:00,765.97998046875,766.0499877929688,765.780029296875,765.8099975585938,454293,0.0,0.0,0.0
2026-09-11 13:40:00-04:00,765.8099975585938,766.0,765.7899780273438,765.8599853515625,406972,0.0,0.0,0.0
2026-09-11 13:45:00-04:00,765.8599853515625,765.9400024414062,765.719970703125,765.905029296875,349285,0.0,0.0,0.0
2026-09-11 13:50:00-04:00,765.9099731445312,765.97998046875,765.8200073242188,765.8499755859375,160600,0.0,0.0,0.0
2026-09-11 13:55:00-04:00,765.8599853515625,765.8800048828125,765.6400146484375,765.739990234375,164816,0.0,0.0,0.0
2026-09-11 14:00:00-04:00,765.739990234375,765.969970703125,765.6900024414062,765.8599853515625,237769,0.0,0.0,0.0
2026-09-11 14:05:00-04:00,765.8499755859375,765.8499755859375,765.5994873046875,765.7000122070312,189779,0.0,0.0,0.0
2026-09-11 14:10:00-04:00,765.7000122070312,765.72998046875,765.5084838867188,765.5700073242188,251917,0.0,0.0,0.0
2026-09-11 14:15:00-04:00,765.5599975585938,765.7249755859375,765.530029296875,765.5800170898438,273300,0.0,0.0,0.0
2026-09-11 14:20:00-04:00,765.5900268554688,765.60498046875,765.1400146484375,765.3400268554688,593144,0.0,0.0,0.0
2026-09-11 14:25:00-04:00,765.3699951171875,765.5399780273438,765.1950073242188,765.4099731445312,461589,0.0,0.0,0.0
2026-09-11 14:30:00-04:00,765.4199829101562,765.5800170898438,765.1500244140625,765.4450073242188,212652,0.0,0.0,0.0
2026-09-11 14:35:00-04:00,765.4600219726562,765.5599975585938,765.25,765.2999877929688,127680,0.0,0.0,0.0
2026-09-11 14:40:00-04:00,765.2999877929688,765.4099731445312,765.0974731445312,765.1500244140625,378014,0.0,0.0,0.0
2026-09-11 14:45:00-04:00,765.1500244140625,765.3200073242188,764.9600219726562,765.0399780273438,240617,0.0,0.0,0.0
2026-09-11 14:50:00-04:00,765.0399780273438,765.1699829101562,765.030029296875,765.0599975585938,299921,0.0,0.0,0.0
2026-09-11 14:55:00-04:00,765.0399780273438,765.260009765625,764.9400024414062,765.0250244140625,311427,0.0,0.0,0.0
2026-09-11 15:00:00-04:00,765.0399780273438,765.1900024414062,765.0,765.1400146484375,428806,0.0,0.0,0.0
2026-09-11 15:05:00-04:00,765.1300048828125,765.1400146484375,764.719970703125,764.760009765625,511995,0.0,0.0,0.0
2026-09-11 15:10:00-04:00,764.75,764.9199829101562,764.5499877929688,764.9000244140625,475037,0.0,0.0,0.0
2026-09-11 15:15:00-04:00,764.9000244140625,765.0999755859375,764.8800048828125,764.989990234375,225774,0.0,0.0,0.0
2026-09-11 15:20:00-04:00,765.0,765.219970703125,764.9000244140625,765.2000122070312,371497,0.0,0.0,0.0
2026-09-11 15:25:00-04:00,765.2000122070312,765.2999877929688,765.010009765625,765.02001953125,482925,0.0,0.0,0.0
2026-09-11 15:30:00-04:00,765.0250244140625,765.1300048828125,764.9000244140625,764.97998046875,510203,0.0,0.0,0.0
2026-09-11 15:35:00-04:00,764.97998046875,765.030029296875,764.8699951171875,764.9349975585938,459681,0.0,0.0,0.0
2026-09-11 15:40:00-04:00,764.9299926757812,765.0499877929688,764.8800048828125,765.010009765625,640436,0.0,0.0,0.0
2026-09-11 15:45:00-04:00,765.010009765625,765.0399780273438,764.719970703125,764.75,1015795,0.0,0.0,0.0
2026-09-11 15:50:00-04:00,764.739990234375,764.8200073242188,764.4199829101562,764.6599731445312,1537156,0.0,0.0,0.0
2026-09-11 15:55:00-04:00,764.6599731445312,764.7000122070312,764.0399780273438,764.1799926757812,4353192,0.0,0.0,0.0
2026-09-14 09:30:00-04:00,759.0,759.2100219726562,758.5800170898438,758.6849975585938,2425368,0.0,0.0,0.0
2026-09-14 09:35:00-04:00,758.6849975585938,758.89990234375,758.4542236328125,758.5700073242188,617747,0.0,0.0,0.0
2026-09-14 09:40:00-04:00,758.5800170898438,759.52001953125,758.469970703125,759.4099731445312,490763,0.0,0.0,0.0
2026-09-14 09:45:00-04:00,759.4299926757812,760.5599975585938,759.4299926757812,760.2899780273438,550712,0.0,0.0,0.0
2026-09-14 09:50:00-04:00,760.280029296875,760.5900268554688,760.0700073242188,760.1699829101562,447456,0.0,0.0,0.0
2026-09-14 09:55:00-04:00,760.1799926757812,760.239990234375,759.760009765625,759.9949951171875,457216,0.0,0.0,0.0
2026-09-14 10:00:00-04:00,759.9863891601562,760.5900268554688,759.9099731445312,760.4600219726562,457179,0.0,0.0,0.0
2026-09-14 10:05:00-04:00,760.4613037109375,761.114990234375,760.3200073242188,760.8699951171875,458914,0.0,0.0,0.0
2026-09-14 10:10:00-04:00,760.8699951171875,761.010009765625,760.4199829101562,760.4400024414062,388199,0.0,0.0,0.0
2026-09-14 10:15:00-04:00,760.4600219726562,760.6500244140625,759.77001953125,759.8400268554688,316861,0.0,0.0,0.0
2026-09-14 10:20:00-04:00,759.8499755859375,759.8499755859375,758.8099975585938,758.8200073242188,667645,0.0,0.0,0.0
2026-09-14 10:25:00-04:00,758.8200073242188,758.8699951171875,758.22998046875,758.8400268554688,613192,0.0,0.0,0.0
2026-09-14 10:30:00-04:00,758.8250122070312,759.135009765625,758.530029296875,759.0999755859375,390303,0.0,0.0,0.0
2026-09-14 10:35:00-04:00,759.0999755859375,759.0999755859375,758.2999877929688,758.5,398387,0.0,0.0,0.0
2026-09-14 10:40:00-04:00,758.47998046875,758.6799926757812,758.1199951171875,758.6799926757812,407536,0.0,0.0,0.0
2026-09-14 10:45:00-04:00,758.6799926757812,759.030029296875,758.4600219726562,758.6199951171875,324806,0.0,0.0,0.0
2026-09-14 10:50:00-04:00,758.639892578125,758.655029296875,758.1099853515625,758.219970703125,436256,0.0,0.0,0.0
2026-09-14 10:55:00-04:00,758.219970703125,758.5900268554688,757.9299926757812,758.5700073242188,486267,0.0,0.0,0.0
2026-09-14 11:00:00-04:00,758.5900268554688,758.60498046875,758.1500244140625,758.1799926757812,247181,0.0,0.0,0.0
2026-09-14 11:05:00-04:00,758.1799926757812,759.8800048828125,758.1699829101562,759.1099853515625,1247075,0.0,0.0,0.0
2026-09-14 11:10:00-04:00,759.1300048828125,759.2100219726562,758.6300048828125,758.630126953125,241672,0.0,0.0,0.0
2026-09-14 11:15:00-04:00,758.6199951171875,759.1799926757812,758.52001953125,759.0701293945312,255926,0.0,0.0,0.0
2026-09-14 11:20:00-04:00,759.0900268554688,759.5800170898438,758.989990234375,759.5449829101562,241692,0.0,0.0,0.0
2026-09-14 11:25:00-04:00,759.5399780273438,759.8952026367188,759.3200073242188,759.594970703125,258921,0.0,0.0,0.0
2026-09-14 11:30:00-04:00,759.5499877929688,760.8900146484375,759.4500122070312,760.8049926757812,962916,0.0,0.0,0.0
2026-09-14 11:35:00-04:00,760.8070068359375,761.239990234375,760.4500122070312,761.2000122070312,628639,0.0,0.0,0.0
2026-09-14 11:40:00-04:00,761.219970703125,762.22998046875,760.969970703125,762.0900268554688,632695,0.0,0.0,0.0
2026-09-14 11:45:00-04:00,762.0999755859375,762.1500244140625,761.469970703125,761.47998046875,404994,0.0,0.0,0.0
2026-09-14 11:50:00-04:00,761.469970703125,761.8900146484375,761.2899780273438,761.8300170898438,346092,0.0,0.0,0.0
2026-09-14 11:55:00-04:00,761.8300170898438,762.030029296875,761.6799926757812,761.75,235656,0.0,0.0,0.0
2026-09-14 12:00:00-04:00,761.77001953125,761.9099731445312,761.3300170898438,761.3300170898438,209530,0.0,0.0,0.0
2026-09-14 12:05:00-04:00,761.3200073242188,761.52001953125,761.2100219726562,761.4000244140625,187834,0.0,0.0,0.0
2026-09-14 12:10:00-04:00,761.4000244140625,761.6699829101562,761.3599853515625,761.4674072265625,162707,0.0,0.0,0.0
2026-09-14 12:15:00-04:00,761.469970703125,762.4500122070312,761.469970703125,762.3499755859375,319007,0.0,0.0,0.0
2026-09-14 12:20:00-04:00,762.3499755859375,762.5999755859375,762.02001953125,762.4000244140625,254832,0.0,0.0,0.0
2026-09-14 12:25:00-04:00,762.4099731445312,762.4600219726562,761.8800048828125,762.02001953125,273563,0.0,0.0,0.0
2026-09-14 12:30:00-04:00,762.010009765625,762.4500122070312,761.9500122070312,761.9500122070312,280539,0.0,0.0,0.0
2026-09-14 12:35:00-04:00,761.969970703125,762.1300048828125,761.8300170898438,762.0499877929688,157961,0.0,0.0,0.0
2026-09-14 12:40:00-04:00,762.0499877929688,762.3099975585938,761.9199829101562,762.3099975585938,143809,0.0,0.0,0.0
2026-09-14 12:45:00-04:00,762.3200073242188,763.5,762.0499877929688,763.263916015625,605816,0.0,0.0,0.0
2026-09-14 12:50:00-04:00,763.280029296875,763.52001953125,763.02001953125,763.0599975585938,254748,0.0,0.0,0.0
2026-09-14 12:55:00-04:00,763.0599975585938,763.1099853515625,762.5700073242188,762.9000244140625,291218,0.0,0.0,0.0
2026-09-14 13:00:00-04:00,762.9000244140625,763.0599975585938,762.530029296875,762.6599731445312,200411,0.0,0.0,0.0
2026-09-14 13:05:00-04:00,762.6699829101562,762.8099975585938,762.3400268554688,762.4500122070312,185673,0.0,0.0,0.0
2026-09-14 13:10:00-04:00,762.4550170898438,762.8599853515625,762.1799926757812,762.1799926757812,349782,0.0,0.0,0.0
2026-09-14 13:15:00-04:00,762.1807250976562,762.27001953125,761.9039916992188,762.0499877929688,175150,0.0,0.0,0.0
2026-09-14 13:20:00-04:00,762.0700073242188,762.4199829101562,762.0399780273438,762.2899780273438,131624,0.0,0.0,0.0
2026-09-14 13:25:00-04:00,762.3200073242188,762.719970703125,762.1900024414062,762.6799926757812,143667,0.0,0.0,0.0
2026-09-14 13:30:00-04:00,762.7150268554688,762.8300170898438,762.489990234375,762.6400146484375,176537,0.0,0.0,0.0
2026-09-14 13:35:00-04:00,762.6500244140625,762.8699951171875,762.510009765625,762.8099975585938,216462,0.0,0.0,0.0
2026-09-14 13:40:00-04:00,762.8300170898438,762.8345947265625,762.5399780273438,762.5999755859375,281589,0.0,0.0,0.0
2026-09-14 13:45:00-04:00,762.6500244140625,762.8499755859375,762.5499877929688,762.6300048828125,182983,0.0,0.0,0.0
2026-09-14 13:50:00-04:00,762.6400146484375,762.869873046875,762.5750122070312,762.7899780273438,175566,0.0,0.0,0.0
2026-09-14 13:55:00-04:00,762.780029296875,762.8499755859375,762.3400268554688,762.3499755859375,184587,0.0,0.0,0.0
2026-09-14 14:00:00-04:00,762.35498046875,762.8300170898438,762.2100219726562,762.25,1056284,0.0,0.0,0.0
2026-09-14 14:05:00-04:00,762.260009765625,762.5880126953125,762.125,762.4299926757812,313661,0.0,0.0,0.0
2026-09-14 14:10:00-04:00,762.4299926757812,762.4500122070312,762.1599731445312,762.3400268554688,147010,0.0,0.0,0.0
2026-09-14 14:15:00-04:00,762.3499755859375,762.47998046875,762.1849975585938,762.280029296875,118110,0.0,0.0,0.0
2026-09-14 14:20:00-04:00,762.27001953125,762.3300170898438,762.0999755859375,762.1170043945312,277152,0.0,0.0,0.0
2026-09-14 14:25:00-04:00,762.1300048828125,762.1900024414062,761.91748046875,762.0108032226562,292809,0.0,0.0,0.0
2026-09-14 14:30:00-04:00,762.0399780273438,762.3499755859375,761.969970703125,762.219970703125,192009,0.0,0.0,0.0
2026-09-14 14:35:00-04:00,762.219970703125,762.469970703125,762.1900024414062,762.3499755859375,158181,0.0,0.0,0.0
2026-09-14 14:40:00-04:00,762.3200073242188,762.52001953125,762.25,762.3499755859375,278640,0.0,0.0,0.0
2026-09-14 14:45:00-04:00,762.3499755859375,762.7000122070312,762.1099853515625,762.5,311517,0.0,0.0,0.0
2026-09-14 14:50:00-04:00,762.5,762.5399780273438,762.2899780273438,762.3200073242188,4909895,0.0,0.0,0.0
2026-09-14 14:55:00-04:00,762.3099975585938,762.469970703125,762.0900268554688,762.1279907226562,302336,0.0,0.0,0.0
2026-09-14 15:00:00-04:00,762.1400146484375,762.2100219726562,761.8400268554688,761.9299926757812,365228,0.0,0.0,0.0
2026-09-14 15:05:00-04:00,761.9400024414062,761.97998046875,761.6099853515625,761.8300170898438,269220,0.0,0.0,0.0
2026-09-14 15:10:00-04:00,761.8499755859375,762.0900268554688,761.8200073242188,762.030029296875,325500,0.0,0.0,0.0
2026-09-14 15:15:00-04:00,762.0250244140625,762.0250244140625,761.77001953125,761.873779296875,280779,0.0,0.0,0.0
2026-09-14 15:20:00-04:00,761.8599853515625,761.9299926757812,761.6489868164062,761.8099975585938,1419679,0.0,0.0,0.0
2026-09-14 15:25:00-04:00,761.7899780273438,761.8599853515625,761.6900024414062,761.7249755859375,221021,0.0,0.0,0.0
2026-09-14 15:30:00-04:00,761.7249755859375,761.9299926757812,761.6599731445312,761.6900024414062,336536,0.0,0.0,0.0
2026-09-14 15:35:00-04:00,761.7000122070312,761.739990234375,761.5499877929688,761.5999755859375,388332,0.0,0.0,0.0
2026-09-14 15:40:00-04:00,761.60498046875,761.719970703125,761.5399780273438,761.5999755859375,484226,0.0,0.0,0.0
2026-09-14 15:45:00-04:00,761.5902099609375,761.8300170898438,761.5499877929688,761.7100219726562,901672,0.0,0.0,0.0
2026-09-14 15:50:00-04:00,761.7150268554688,761.8200073242188,761.114990234375,761.25,1059247,0.0,0.0,0.0
2026-09-14 15:55:00-04:00,761.25,761.3400268554688,760.6599731445312,760.77001953125,3592827,0.0,0.0,0.0
2026-09-15 09:30:00-04:00,760.1170043945312,760.3400268554688,758.72998046875,758.9199829101562,1766259,0.0,0.0,0.0
2026-09-15 09:35:00-04:00,758.9199829101562,759.8699951171875,758.9199829101562,759.8099975585938,445082,0.0,0.0,0.0
2026-09-15 09:40:00-04:00,759.7999877929688,760.02001953125,759.4000244140625,759.9500122070312,323265,0.0,0.0,0.0
2026-09-15 09:45:00-04:00,759.9500122070312,760.1900024414062,759.219970703125,759.3499755859375,399546,0.0,0.0,0.0
2026-09-15 09:50:00-04:00,759.3499755859375,759.77001953125,759.1799926757812,759.6799926757812,344390,0.0,0.0,0.0
2026-09-15 09:55:00-04:00,759.6599731445312,759.7000122070312,759.364990234375,759.5499877929688,225769,0.0,0.0,0.0
2026-09-15 10:00:00-04:00,759.5405883789062,759.5405883789062,758.8300170898438,758.8300170898438,369444,0.0,0.0,0.0
2026-09-15 10:05:00-04:00,758.8104858398438,759.0700073242188,758.4832763671875,758.510009765625,1309203,0.0,0.0,0.0
2026-09-15 10:10:00-04:00,758.5,758.5170288085938,757.8800048828125,757.969970703125,593055,0.0,0.0,0.0
2026-09-15 10:15:00-04:00,757.969970703125,758.4299926757812,757.9299926757812,758.2100219726562,388983,0.0,0.0,0.0
2026-09-15 10:20:00-04:00,758.219970703125,758.3400268554688,757.1799926757812,757.6599731445312,460516,0.0,0.0,0.0
2026-09-15 10:25:00-04:00,757.6500244140625,757.739990234375,757.469970703125,757.47998046875,272287,0.0,0.0,0.0
2026-09-15 10:30:00-04:00,757.469970703125,757.6500244140625,757.0800170898438,757.3499755859375,542394,0.0,0.0,0.0
2026-09-15 10:35:00-04:00,757.3400268554688,757.6099853515625,757.0499877929688,757.1400146484375,502250,0.0,0.0,0.0
2026-09-15 10:40:00-04:00,757.1400146484375,757.239990234375,756.8800048828125,757.2000122070312,330206,0.0,0.0,0.0
2026-09-15 10:45:00-04:00,757.1900024414062,757.3800048828125,756.9099731445312,756.9099731445312,377182,0.0,0.0,0.0
2026-09-15 10:50:00-04:00,756.8900146484375,757.02001953125,756.1500244140625,756.5599975585938,985094,0.0,0.0,0.0
2026-09-15 10:55:00-04:00,756.5599975585938,756.8599853515625,756.3502807617188,756.4400024414062,443115,0.0,0.0,0.0
2026-09-15 11:00:00-04:00,756.4500122070312,757.1900024414062,756.4349975585938,757.1900024414062,325099,0.0,0.0,0.0
2026-09-15 11:05:00-04:00,757.1900024414062,757.27001953125,756.7999877929688,756.8699951171875,337258,0.0,0.0,0.0
2026-09-15 11:10:00-04:00,756.864990234375,757.0499877929688,756.7000122070312,756.97998046875,436788,0.0,0.0,0.0
2026-09-15 11:15:00-04:00,756.969970703125,757.3599853515625,756.8099975585938,757.25,553762,0.0,0.0,0.0
2026-09-15 11:20:00-04:00,757.25,757.5,756.9827880859375,757.448974609375,293243,0.0,0.0,0.0
2026-09-15 11:25:00-04:00,757.4500122070312,757.489990234375,757.1900024414062,757.47998046875,224242,0.0,0.0,0.0
2026-09-15 11:30:00-04:00,757.47998046875,757.5549926757812,756.9299926757812,757.3099975585938,408689,0.0,0.0,0.0
2026-09-15 11:35:00-04:00,757.3300170898438,757.510009765625,757.1599731445312,757.2899780273438,192302,0.0,0.0,0.0
2026-09-15 11:40:00-04:00,757.3049926757812,757.75,757.2999877929688,757.52001953125,381439,0.0,0.0,0.0
2026-09-15 11:45:00-04:00,757.52001953125,757.5700073242188,756.926025390625,757.0,137069,0.0,0.0,0.0
2026-09-15 11:50:00-04:00,756.9749755859375,757.5900268554688,756.9749755859375,757.1099853515625,503794,0.0,0.0,0.0
2026-09-15 11:55:00-04:00,757.1300048828125,757.7000122070312,756.97998046875,757.114990234375,317750,0.0,0.0,0.0
2026-09-15 12:00:00-04:00,757.114990234375,757.35498046875,757.0123291015625,757.3300170898438,183657,0.0,0.0,0.0
2026-09-15 12:05:00-04:00,757.291015625,757.3099975585938,756.6300048828125,756.739990234375,253588,0.0,0.0,0.0
2026-09-15 12:10:00-04:00,756.739990234375,756.8499755859375,756.6699829101562,756.780029296875,168102,0.0,0.0,0.0
2026-09-15 12:15:00-04:00,756.77001953125,757.0900268554688,756.7100219726562,757.0800170898438,201479,0.0,0.0,0.0
2026-09-15 12:20:00-04:00,757.0800170898438,757.6900024414062,757.0599975585938,757.655029296875,210041,0.0,0.0,0.0
2026-09-15 12:25:00-04:00,757.6599731445312,757.8699951171875,757.47998046875,757.5750122070312,198188,0.0,0.0,0.0
2026-09-15 12:30:00-04:00,757.5800170898438,757.8200073242188,757.3200073242188,757.6699829101562,858791,0.0,0.0,0.0
2026-09-15 12:35:00-04:00,757.6699829101562,757.72998046875,757.4600219726562,757.5499877929688,103668,0.0,0.0,0.0
2026-09-15 12:40:00-04:00,757.5499877929688,757.6799926757812,757.4600219726562,757.6099853515625,113361,0.0,0.0,0.0
2026-09-15 12:45:00-04:00,757.60498046875,757.72998046875,757.3200073242188,757.4600219726562,171720,0.0,0.0,0.0
2026-09-15 12:50:00-04:00,757.4500122070312,758.010009765625,757.4199829101562,757.9749755859375,229184,0.0,0.0,0.0
2026-09-15 12:55:00-04:00,757.97998046875,758.0599975585938,757.5599975585938,757.739990234375,216808,0.0,0.0,0.0
2026-09-15 13:00:00-04:00,757.739990234375,757.8499755859375,757.1799926757812,757.1799926757812,315434,0.0,0.0,0.0
2026-09-15 13:05:00-04:00,757.1699829101562,757.4500122070312,757.0499877929688,757.22998046875,312112,0.0,0.0,0.0
2026-09-15 13:10:00-04:00,757.1900024414062,757.530029296875,757.0800170898438,757.0850219726562,126249,0.0,0.0,0.0
2026-09-15 13:15:00-04:00,757.0850219726562,757.1199951171875,756.8599853515625,757.0,165845,0.0,0.0,0.0
2026-09-15 13:20:00-04:00,756.989990234375,757.0599975585938,756.6500244140625,756.6500244140625,183140,0.0,0.0,0.0
2026-09-15 13:25:00-04:00,756.655029296875,756.9199829101562,756.5999755859375,756.8800048828125,175692,0.0,0.0,0.0
2026-09-15 13:30:00-04:00,756.8599853515625,757.1900024414062,756.8150024414062,757.0,236720,0.0,0.0,0.0
2026-09-15 13:35:00-04:00,757.010009765625,757.1699829101562,756.9299926757812,757.0999755859375,129339,0.0,0.0,0.0
2026-09-15 13:40:00-04:00,757.1099853515625,757.25,756.9000244140625,757.1300048828125,169440,0.0,0.0,0.0
2026-09-15 13:45:00-04:00,757.1500244140625,757.27001953125,756.9299926757812,756.969970703125,109375,0.0,0.0,0.0
2026-09-15 13:50:00-04:00,756.9650268554688,757.27001953125,756.9500122070312,757.27001953125,93265,0.0,0.0,0.0
2026-09-15 13:55:00-04:00,757.27001953125,757.4000244140625,757.1400146484375,757.27001953125,104746,0.0,0.0,0.0
2026-09-15 14:00:00-04:00,757.280029296875,757.5198974609375,757.1400146484375,757.4749755859375,401207,0.0,0.0,0.0
2026-09-15 14:05:00-04:00,757.5050048828125,757.6900024414062,757.4099731445312,757.6699829101562,147877,0.0,0.0,0.0
2026-09-15 14:10:00-04:00,757.6900024414062,757.9349975585938,757.5650024414062,757.7650146484375,165759,0.0,0.0,0.0
2026-09-15 14:15:00-04:00,757.7750244140625,757.8300170898438,757.47998046875,757.5567016601562,221510,0.0,0.0,0.0
2026-09-15 14:20:00-04:00,757.5700073242188,757.6517944335938,757.4199829101562,757.4799194335938,162811,0.0,0.0,0.0
2026-09-15 14:25:00-04:00,757.47998046875,757.6900024414062,757.3599853515625,757.6699829101562,141779,0.0,0.0,0.0
2026-09-15 14:30:00-04:00,757.6599731445312,757.6599731445312,757.1300048828125,757.219970703125,4683922,0.0,0.0,0.0
2026-09-15 14:35:00-04:00,757.2050170898438,757.3200073242188,757.1599731445312,757.260009765625,642216,0.0,0.0,0.0
2026-09-15 14:40:00-04:00,757.260009765625,757.6199951171875,757.1300048828125,757.1900024414062,1453348,0.0,0.0,0.0
2026-09-15 14:45:00-04:00,757.2100219726562,757.2150268554688,756.739990234375,756.844970703125,394530,0.0,0.0,0.0
2026-09-15 14:50:00-04:00,756.844970703125,757.1500244140625,756.8400268554688,757.0900268554688,346662,0.0,0.0,0.0
2026-09-15 14:55:00-04:00,757.0850219726562,757.489990234375,757.0399780273438,757.489990234375,300970,0.0,0.0,0.0
2026-09-15 15:00:00-04:00,757.469970703125,757.6199951171875,757.27001953125,757.3397216796875,332120,0.0,0.0,0.0
2026-09-15 15:05:00-04:00,757.3350219726562,757.4000244140625,757.219970703125,757.3300170898438,164949,0.0,0.0,0.0
2026-09-15 15:10:00-04:00,757.3300170898438,757.3690185546875,757.0800170898438,757.1699829101562,232514,0.0,0.0,0.0
2026-09-15 15:15:00-04:00,757.1500244140625,757.2899780273438,757.0800170898438,757.2100219726562,482212,0.0,0.0,0.0
2026-09-15 15:20:00-04:00,757.205078125,757.22998046875,757.0399780273438,757.0999755859375,227695,0.0,0.0,0.0
2026-09-15 15:25:00-04:00,757.1099853515625,757.1400146484375,756.9400024414062,756.9849853515625,277041,0.0,0.0,0.0
2026-09-15 15:30:00-04:00,756.97998046875,757.0700073242188,756.8900146484375,756.9199829101562,474490,0.0,0.0,0.0
2026-09-15 15:35:00-04:00,756.9199829101562,756.9249877929688,756.5700073242188,756.6599731445312,1018434,0.0,0.0,0.0
2026-09-15 15:40:00-04:00,756.6599731445312,756.8049926757812,756.510009765625,756.7150268554688,570086,0.0,0.0,0.0
2026-09-15 15:45:00-04:00,756.7100219726562,757.0,756.6199951171875,756.9600830078125,1075372,0.0,0.0,0.0
2026-09-15 15:50:00-04:00,756.9600219726562,757.0399780273438,756.5399780273438,756.9849853515625,970967,0.0,0.0,0.0
2026-09-15 15:55:00-04:00,756.97998046875,757.4600219726562,756.8300170898438,757.4199829101562,2522995,0.0,0.0,0.0
2026-09-16 09:30:00-04:00,759.5,759.7000122070312,759.1400146484375,759.2100219726562,1391527,0.0,0.0,0.0
2026-09-16 09:35:00-04:00,759.2100219726562,759.489990234375,758.75,758.8099975585938,715762,0.0,0.0,0.0
2026-09-16 09:40:00-04:00,758.8200073242188,759.139892578125,758.7230224609375,758.7999877929688,584456,0.0,0.0,0.0
2026-09-16 09:45:00-04:00,758.8099975585938,759.9290161132812,758.739990234375,759.8900146484375,645084,0.0,0.0,0.0
2026-09-16 09:50:00-04:00,759.8900146484375,760.4299926757812,759.8499755859375,760.2371215820312,338155,0.0,0.0,0.0
2026-09-16 09:55:00-04:00,760.2210083007812,760.4000244140625,759.969970703125,760.2000122070312,328381,0.0,0.0,0.0
2026-09-16 10:00:00-04:00,760.22998046875,760.4199829101562,759.6300048828125,759.6799926757812,349657,0.0,0.0,0.0
2026-09-16 10:05:00-04:00,759.6799926757812,759.8400268554688,759.3402709960938,759.7000122070312,369867,0.0,0.0,0.0
2026-09-16 10:10:00-04:00,759.6900024414062,759.780029296875,759.0999755859375,759.5499877929688,466763,0.0,0.0,0.0
2026-09-16 10:15:00-04:00,759.541015625,759.7213745117188,759.22998046875,759.280029296875,206768,0.0,0.0,0.0
2026-09-16 10:20:00-04:00,759.280029296875,759.3499755859375,758.9299926757812,758.9600219726562,341334,0.0,0.0,0.0
2026-09-16 10:25:00-04:00,758.9533081054688,759.02001953125,758.760009765625,758.9600219726562,150442,0.0,0.0,0.0
2026-09-16 10:30:00-04:00,758.9738159179688,759.219970703125,758.7999877929688,759.1500244140625,270587,0.0,0.0,0.0
2026-09-16 10:35:00-04:00,759.1500244140625,759.4957275390625,758.9199829101562,759.3699951171875,266470,0.0,0.0,0.0
2026-09-16 10:40:00-04:00,759.3699951171875,759.8599853515625,759.3400268554688,759.8400268554688,246421,0.0,0.0,0.0
2026-09-16 10:45:00-04:00,759.8400268554688,759.9500122070312,759.5999755859375,759.6199951171875,226024,0.0,0.0,0.0
2026-09-16 10:50:00-04:00,759.6199951171875,759.8800048828125,759.5900268554688,759.6799926757812,168133,0.0,0.0,0.0
2026-09-16 10:55:00-04:00,759.6900024414062,760.25,759.6799926757812,760.2100219726562,213192,0.0,0.0,0.0
2026-09-16 11:00:00-04:00,760.2150268554688,760.6099853515625,760.1599731445312,760.530029296875,460498,0.0,0.0,0.0
2026-09-16 11:05:00-04:00,760.5150146484375,761.030029296875,760.27001953125,760.9099731445312,391450,0.0,0.0,0.0
2026-09-16 11:10:00-04:00,760.9099731445312,761.0,760.4805297851562,760.7401123046875,670681,0.0,0.0,0.0
2026-09-16 11:15:00-04:00,760.75,760.7899780273438,760.3699951171875,760.60498046875,757493,0.0,0.0,0.0
2026-09-16 11:20:00-04:00,760.5999755859375,760.6300048828125,760.4000244140625,760.5399780273438,356425,0.0,0.0,0.0
2026-09-16 11:25:00-04:00,760.5399780273438,760.8300170898438,760.2899780273438,760.340087890625,175817,0.0,0.0,0.0
2026-09-16 11:30:00-04:00,760.3699951171875,760.469970703125,760.010009765625,760.130126953125,201215,0.0,0.0,0.0
2026-09-16 11:35:00-04:00,760.1699829101562,760.5601196289062,760.1599731445312,760.3900146484375,190363,0.0,0.0,0.0
2026-09-16 11:40:00-04:00,760.4000244140625,760.5999755859375,760.3200073242188,760.5650024414062,339309,0.0,0.0,0.0
2026-09-16 11:45:00-04:00,760.5599975585938,761.6699829101562,760.489990234375,761.0499877929688,413337,0.0,0.0,0.0
2026-09-16 11:50:00-04:00,761.0599975585938,761.0999755859375,760.6799926757812,760.7899780273438,211304,0.0,0.0,0.0
2026-09-16 11:55:00-04:00,760.780029296875,760.8599853515625,760.6500244140625,760.6900024414062,176949,0.0,0.0,0.0
2026-09-16 12:00:00-04:00,760.6900024414062,760.739990234375,760.3300170898438,760.3300170898438,204554,0.0,0.0,0.0
2026-09-16 12:05:00-04:00,760.3300170898438,760.510009765625,760.2800903320312,760.47998046875,110231,0.0,0.0,0.0
2026-09-16 12:10:00-04:00,760.4840087890625,760.52001953125,760.1699829101562,760.3699951171875,373636,0.0,0.0,0.0
2026-09-16 12:15:00-04:00,760.3972778320312,760.4749755859375,760.280029296875,760.3300170898438,144332,0.0,0.0,0.0
2026-09-16 12:20:00-04:00,760.3200073242188,760.3200073242188,759.9400024414062,759.97998046875,278696,0.0,0.0,0.0
2026-09-16 12:25:00-04:00,760.0,760.1799926757812,759.8599853515625,760.1400146484375,406955,0.0,0.0,0.0
2026-09-16 12:30:00-04:00,760.1300048828125,760.219970703125,759.6699829101562,759.6900024414062,136479,0.0,0.0,0.0
2026-09-16 12:35:00-04:00,759.7000122070312,759.9400024414062,759.7000122070312,759.8900146484375,116571,0.0,0.0,0.0
2026-09-16 12:40:00-04:00,759.8900146484375,760.030029296875,759.8300170898438,759.9030151367188,225911,0.0,0.0,0.0
2026-09-16 12:45:00-04:00,759.9199829101562,760.1900024414062,759.9199829101562,760.0999755859375,154026,0.0,0.0,0.0
2026-09-16 12:50:00-04:00,760.0900268554688,760.1500244140625,759.72998046875,759.8900146484375,113003,0.0,0.0,0.0
2026-09-16 12:55:00-04:00,759.8905029296875,760.010009765625,759.77001953125,759.77001953125,161252,0.0,0.0,0.0
2026-09-16 13:00:00-04:00,759.7750244140625,759.7899780273438,759.260009765625,759.409912109375,294844,0.0,0.0,0.0
2026-09-16 13:05:00-04:00,759.4099731445312,759.5900268554688,759.3909912109375,759.5700073242188,233028,0.0,0.0,0.0
2026-09-16 13:10:00-04:00,759.5700073242188,759.8099975585938,759.4299926757812,759.7349853515625,242043,0.0,0.0,0.0
2026-09-16 13:15:00-04:00,759.72998046875,759.8400268554688,759.6699829101562,759.760009765625,149008,0.0,0.0,0.0
2026-09-16 13:20:00-04:00,759.7550048828125,759.9199829101562,759.5399780273438,759.635009765625,243854,0.0,0.0,0.0
2026-09-16 13:25:00-04:00,759.6400146484375,759.9400024414062,759.6345825195312,759.9299926757812,109475,0.0,0.0,0.0
2026-09-16 13:30:00-04:00,759.9349975585938,760.0599975585938,759.6599731445312,759.7899780273438,310508,0.0,0.0,0.0
2026-09-16 13:35:00-04:00,759.7999877929688,759.8900146484375,759.6300048828125,759.6300048828125,135403,0.0,0.0,0.0
2026-09-16 13:40:00-04:00,759.6300048828125,759.6400146484375,759.3099975585938,759.3400268554688,166861,0.0,0.0,0.0
2026-09-16 13:45:00-04:00,759.3400268554688,759.760009765625,759.3400268554688,759.5700073242188,175309,0.0,0.0,0.0
2026-09-16 13:50:00-04:00,759.5700073242188,759.8599853515625,759.5,759.7899780273438,190243,0.0,0.0,0.0
2026-09-16 13:55:00-04:00,759.780029296875,760.280029296875,759.6599731445312,760.280029296875,244780,0.0,0.0,0.0
2026-09-16 14:00:00-04:00,760.1815795898438,760.9788818359375,758.77001953125,760.2100219726562,1803727,0.0,0.0,0.0
2026-09-16 14:05:00-04:00,760.219970703125,761.2249755859375,760.1300048828125,760.667724609375,787000,0.0,0.0,0.0
2026-09-16 14:10:00-04:00,760.6599731445312,760.847900390625,759.8099975585938,759.969970703125,517198,0.0,0.0,0.0
2026-09-16 14:15:00-04:00,759.9500122070312,760.3599853515625,759.6599731445312,759.9400024414062,283888,0.0,0.0,0.0
2026-09-16 14:20:00-04:00,759.9400024414062,760.2999877929688,759.6099853515625,759.8499755859375,239455,0.0,0.0,0.0
2026-09-16 14:25:00-04:00,759.844970703125,759.9849853515625,758.7849731445312,759.6799926757812,443684,0.0,0.0,0.0
2026-09-16 14:30:00-04:00,759.6400146484375,759.8900146484375,757.5399780273438,757.6500244140625,915645,0.0,0.0,0.0
2026-09-16 14:35:00-04:00,757.6400146484375,758.030029296875,756.0499877929688,757.8900756835938,1864326,0.0,0.0,0.0
2026-09-16 14:40:00-04:00,757.8900146484375,760.2100219726562,757.7999877929688,759.0,967779,0.0,0.0,0.0
2026-09-16 14:45:00-04:00,758.989990234375,759.5499877929688,757.4299926757812,757.5599975585938,702872,0.0,0.0,0.0
2026-09-16 14:50:00-04:00,757.5850219726562,757.8300170898438,755.0999755859375,755.1400146484375,1091942,0.0,0.0,0.0
2026-09-16 14:55:00-04:00,755.1599731445312,755.760009765625,753.75,753.8900146484375,1283563,0.0,0.0,0.0
2026-09-16 15:00:00-04:00,753.9000244140625,755.3599853515625,753.7349853515625,754.7550048828125,1599361,0.0,0.0,0.0
2026-09-16 15:05:00-04:00,754.7451782226562,754.77001953125,752.97998046875,753.1950073242188,1039449,0.0,0.0,0.0
2026-09-16 15:10:00-04:00,753.2000122070312,753.3400268554688,751.1400146484375,751.3099975585938,1679548,0.0,0.0,0.0
2026-09-16 15:15:00-04:00,751.3200073242188,752.1199951171875,750.489990234375,750.9450073242188,1860934,0.0,0.0,0.0
2026-09-16 15:20:00-04:00,750.9500122070312,751.3400268554688,750.1300048828125,750.6799926757812,1758519,0.0,0.0,0.0
2026-09-16 15:25:00-04:00,750.6900024414062,751.3099975585938,749.5999755859375,751.260009765625,1667443,0.0,0.0,0.0
2026-09-16 15:30:00-04:00,751.239990234375,752.6199951171875,751.1099853515625,752.5650024414062,1606304,0.0,0.0,0.0
2026-09-16 15:35:00-04:00,752.5599975585938,752.6500244140625,751.469970703125,752.4249877929688,1295713,0.0,0.0,0.0
2026-09-16 15:40:00-04:00,752.4299926757812,752.8200073242188,751.7750244140625,752.0900268554688,1597146,0.0,0.0,0.0
2026-09-16 15:45:00-04:00,752.0900268554688,753.6500244140625,752.0399780273438,753.4600219726562,2400160,0.0,0.0,0.0
2026-09-16 15:50:00-04:00,753.489990234375,754.22998046875,753.3499755859375,754.0850219726562,1896297,0.0,0.0,0.0
2026-09-16 15:55:00-04:00,754.0599975585938,754.3699951171875,753.75,754.0700073242188,4148308,0.0,0.0,0.0
2026-09-17 09:30:00-04:00,763.1500244140625,763.4099731445312,761.3699951171875,761.3699951171875,3515147,0.0,0.0,0.0
2026-09-17 09:35:00-04:00,761.3699951171875,761.5499877929688,761.010009765625,761.125,968485,0.0,0.0,0.0
2026-09-17 09:40:00-04:00,761.125,761.25,760.4000244140625,760.9299926757812,614507,0.0,0.0,0.0
2026-09-17 09:45:00-04:00,760.9400024414062,761.47998046875,760.72998046875,761.3900146484375,1047493,0.0,0.0,0.0
2026-09-17 09:50:00-04:00,761.3900146484375,761.9000244140625,761.0,761.0399780273438,625996,0.0,0.0,0.0
2026-09-17 09:55:00-04:00,761.0599975585938,761.2694702148438,760.760009765625,761.25,300488,0.0,0.0,0.0
2026-09-17 10:00:00-04:00,761.25,761.25,760.280029296875,760.6099853515625,608076,0.0,0.0,0.0
2026-09-17 10:05:00-04:00,760.6199951171875,760.64990234375,759.9600219726562,760.25,482159,0.0,0.0,0.0
2026-09-17 10:10:00-04:00,760.219970703125,761.1900024414062,760.0999755859375,761.1400146484375,610023,0.0,0.0,0.0
2026-09-17 10:15:00-04:00,761.1500244140625,761.47998046875,761.0399780273438,761.47998046875,484662,0.0,0.0,0.0
2026-09-17 10:20:00-04:00,761.47998046875,762.0399780273438,761.2650146484375,761.9075927734375,490892,0.0,0.0,0.0
2026-09-17 10:25:00-04:00,761.969970703125,762.27001953125,761.6400146484375,761.6749877929688,584871,0.0,0.0,0.0
2026-09-17 10:30:00-04:00,761.6699829101562,762.0399780273438,761.5499877929688,762.0,522720,0.0,0.0,0.0
2026-09-17 10:35:00-04:00,762.0,762.0599975585938,761.6599731445312,761.6699829101562,316537,0.0,0.0,0.0
2026-09-17 10:40:00-04:00,761.6799926757812,762.219970703125,761.6500244140625,761.889892578125,298049,0.0,0.0,0.0
2026-09-17 10:45:00-04:00,761.8900146484375,761.9299926757812,761.0700073242188,761.260009765625,546005,0.0,0.0,0.0
2026-09-17 10:50:00-04:00,761.25,761.280029296875,760.530029296875,760.6099853515625,342764,0.0,0.0,0.0
2026-09-17 10:55:00-04:00,760.6182861328125,761.1099853515625,760.4400024414062,760.7849731445312,394055,0.0,0.0,0.0
2026-09-17 11:00:00-04:00,760.7899780273438,761.0,760.5800170898438,760.6199951171875,364979,0.0,0.0,0.0
2026-09-17 11:05:00-04:00,760.6199951171875,760.8699951171875,760.3599853515625,760.760009765625,820112,0.0,0.0,0.0
2026-09-17 11:10:00-04:00,760.760009765625,761.239990234375,760.6500244140625,761.1400146484375,186568,0.0,0.0,0.0
2026-09-17 11:15:00-04:00,761.1500244140625,761.5,760.9299926757812,761.4400024414062,267834,0.0,0.0,0.0
2026-09-17 11:20:00-04:00,761.4500122070312,761.4600219726562,761.0700073242188,761.2899780273438,199427,0.0,0.0,0.0
2026-09-17 11:25:00-04:00,761.2899780273438,761.72998046875,761.2849731445312,761.5700073242188,342459,0.0,0.0,0.0
2026-09-17 11:30:00-04:00,761.5700073242188,761.7899780273438,761.4849853515625,761.719970703125,233126,0.0,0.0,0.0
2026-09-17 11:35:00-04:00,761.75,762.0399780273438,761.7000122070312,762.0198974609375,225972,0.0,0.0,0.0
2026-09-17 11:40:00-04:00,762.010009765625,762.52001953125,762.0,762.260009765625,341874,0.0,0.0,0.0
2026-09-17 11:45:00-04:00,762.2650146484375,762.4199829101562,762.1900024414062,762.3300170898438,489394,0.0,0.0,0.0
2026-09-17 11:50:00-04:00,762.3699951171875,762.4561767578125,762.0900268554688,762.3800048828125,233750,0.0,0.0,0.0
2026-09-17 11:55:00-04:00,762.3900146484375,762.5599975585938,762.0700073242188,762.5399780273438,172695,0.0,0.0,0.0
2026-09-17 12:00:00-04:00,762.5499877929688,762.6199951171875,762.3400268554688,762.3416748046875,145194,0.0,0.0,0.0
2026-09-17 12:05:00-04:00,762.3400268554688,762.530029296875,762.0549926757812,762.47998046875,296146,0.0,0.0,0.0
2026-09-17 12:10:00-04:00,762.47998046875,762.510009765625,762.1500244140625,762.2999877929688,176613,0.0,0.0,0.0
2026-09-17 12:15:00-04:00,762.2999877929688,762.4099731445312,762.2000122070312,762.3099975585938,421441,0.0,0.0,0.0
2026-09-17 12:20:00-04:00,762.2999877929688,762.5800170898438,762.22998046875,762.489990234375,161779,0.0,0.0,0.0
2026-09-17 12:25:00-04:00,762.47998046875,762.6300048828125,762.4000244140625,762.530029296875,274693,0.0,0.0,0.0
2026-09-17 12:30:00-04:00,762.510009765625,762.6524047851562,761.97998046875,762.0900268554688,217095,0.0,0.0,0.0
2026-09-17 12:35:00-04:00,762.0999755859375,762.2999877929688,762.010009765625,762.2000122070312,193095,0.0,0.0,0.0
2026-09-17 12:40:00-04:00,762.1900024414062,762.6199951171875,762.0999755859375,762.614990234375,189242,0.0,0.0,0.0
2026-09-17 12:45:00-04:00,762.6400146484375,762.6599731445312,762.4099731445312,762.4400024414062,145688,0.0,0.0,0.0
2026-09-17 12:50:00-04:00,762.4550170898438,762.5499877929688,762.3800048828125,762.4099731445312,155674,0.0,0.0,0.0
2026-09-17 12:55:00-04:00,762.3900146484375,762.4600219726562,761.6099853515625,762.4550170898438,423421,0.0,0.0,0.0
2026-09-17 13:00:00-04:00,762.4550170898438,762.739990234375,762.3101196289062,762.6400146484375,177102,0.0,0.0,0.0
2026-09-17 13:05:00-04:00,762.6500244140625,762.7999267578125,762.3599853515625,762.3900146484375,157988,0.0,0.0,0.0
2026-09-17 13:10:00-04:00,762.3900146484375,762.4299926757812,762.1799926757812,762.22998046875,447016,0.0,0.0,0.0
2026-09-17 13:15:00-04:00,762.2449951171875,762.3400268554688,762.1099853515625,762.1799926757812,186563,0.0,0.0,0.0
2026-09-17 13:20:00-04:00,762.1799926757812,762.239990234375,761.8699951171875,761.9199829101562,324080,0.0,0.0,0.0
2026-09-17 13:25:00-04:00,761.9099731445312,762.0999755859375,761.8150024414062,762.0349731445312,169003,0.0,0.0,0.0
2026-09-17 13:30:00-04:00,762.0599975585938,762.3150024414062,761.9000244140625,762.3150024414062,164450,0.0,0.0,0.0
2026-09-17 13:35:00-04:00,762.3099975585938,762.3800048828125,762.1649780273438,762.219970703125,131286,0.0,0.0,0.0
2026-09-17 13:40:00-04:00,762.239990234375,762.469970703125,762.239990234375,762.4299926757812,160296,0.0,0.0,0.0
2026-09-17 13:45:00-04:00,762.4299926757812,762.6400146484375,762.3800048828125,762.4600219726562,148154,0.0,0.0,0.0
2026-09-17 13:50:00-04:00,762.4450073242188,762.4500122070312,762.2849731445312,762.375,151263,0.0,0.0,0.0
2026-09-17 13:55:00-04:00,762.375,762.6389770507812,762.375,762.6300048828125,236278,0.0,0.0,0.0
2026-09-17 14:00:00-04:00,762.6199951171875,762.8099975585938,762.530029296875,762.7609252929688,308984,0.0,0.0,0.0
2026-09-17 14:05:00-04:00,762.760009765625,762.8499755859375,762.4299926757812,762.52001953125,234513,0.0,0.0,0.0
2026-09-17 14:10:00-04:00,762.5150146484375,762.7999877929688,762.4598999023438,762.719970703125,315555,0.0,0.0,0.0
2026-09-17 14:15:00-04:00,762.739990234375,762.9500122070312,762.6199951171875,762.8699951171875,269415,0.0,0.0,0.0
2026-09-17 14:20:00-04:00,762.8699951171875,762.9199829101562,762.5399780273438,762.5900268554688,393178,0.0,0.0,0.0
2026-09-17 14:25:00-04:00,762.5800170898438,762.8099975585938,762.510009765625,762.72998046875,185662,0.0,0.0,0.0
2026-09-17 14:30:00-04:00,762.72998046875,762.8499755859375,762.469970703125,762.47998046875,317795,0.0,0.0,0.0
2026-09-17 14:35:00-04:00,762.47998046875,762.510009765625,762.1699829101562,762.2100219726562,328013,0.0,0.0,0.0
2026-09-17 14:40:00-04:00,762.2050170898438,762.390380859375,762.1400146484375,762.3499755859375,209596,0.0,0.0,0.0
2026-09-17 14:45:00-04:00,762.3599853515625,762.6500244140625,762.2899780273438,762.4650268554688,315476,0.0,0.0,0.0
2026-09-17 14:50:00-04:00,762.4650268554688,762.52001953125,762.1900024414062,762.3200073242188,255499,0.0,0.0,0.0
2026-09-17 14:55:00-04:00,762.3104858398438,762.47998046875,762.25,762.4400024414062,144948,0.0,0.0,0.0
2026-09-17 15:00:00-04:00,762.4450073242188,762.8699951171875,762.4400024414062,762.8699951171875,346814,0.0,0.0,0.0
2026-09-17 15:05:00-04:00,762.8499755859375,763.0599975585938,762.75,762.7849731445312,341777,0.0,0.0,0.0
2026-09-17 15:10:00-04:00,762.7849731445312,762.9000244140625,762.719970703125,762.77001953125,270490,0.0,0.0,0.0
2026-09-17 15:15:00-04:00,762.760009765625,762.9400024414062,762.6699829101562,762.9000244140625,609528,0.0,0.0,0.0
2026-09-17 15:20:00-04:00,762.905029296875,762.9099731445312,762.6099853515625,762.6199951171875,610505,0.0,0.0,0.0
2026-09-17 15:25:00-04:00,762.6199951171875,762.780029296875,762.5499877929688,762.6099243164062,438644,0.0,0.0,0.0
2026-09-17 15:30:00-04:00,762.5999755859375,762.9400024414062,762.5900268554688,762.8300170898438,467682,0.0,0.0,0.0
2026-09-17 15:35:00-04:00,762.8400268554688,763.0800170898438,762.8200073242188,762.989990234375,748224,0.0,0.0,0.0
2026-09-17 15:40:00-04:00,762.97998046875,763.1699829101562,762.75,763.1199951171875,984860,0.0,0.0,0.0
2026-09-17 15:45:00-04:00,763.1099853515625,763.1300048828125,762.77001953125,762.8099975585938,1598909,0.0,0.0,0.0
2026-09-17 15:50:00-04:00,762.8200073242188,763.5700073242188,762.7741088867188,763.1300048828125,1993886,0.0,0.0,0.0
2026-09-17 15:55:00-04:00,763.1400146484375,763.27001953125,762.4299926757812,762.6799926757812,3030287,0.0,0.0,0.0
2026-09-18 09:30:00-04:00,761.3099975585938,761.760009765625,760.9500122070312,761.0800170898438,2697828,1.889,0.0,0.0
2026-09-18 09:35:00-04:00,761.0800170898438,761.1799926757812,760.5800170898438,760.9100952148438,5240070,0.0,0.0,0.0
2026-09-18 09:40:00-04:00,760.9000244140625,761.4199829101562,760.75,760.9199829101562,657346,0.0,0.0,0.0
2026-09-18 09:45:00-04:00,760.9199829101562,761.1500244140625,760.4600219726562,760.5,560799,0.0,0.0,0.0
2026-09-18 09:50:00-04:00,760.47998046875,760.5399780273438,759.9000244140625,759.9249877929688,549337,0.0,0.0,0.0
2026-09-18 09:55:00-04:00,759.9249877929688,760.1199951171875,759.5599975585938,759.7100219726562,747128,0.0,0.0,0.0
2026-09-18 10:00:00-04:00,759.7100219726562,759.9349975585938,758.9600219726562,759.0999755859375,732322,0.0,0.0,0.0
2026-09-18 10:05:00-04:00,759.0800170898438,759.4400024414062,758.8499755859375,759.4246215820312,638498,0.0,0.0,0.0
2026-09-18 10:10:00-04:00,759.4299926757812,759.9099731445312,759.1799926757812,759.2100219726562,562261,0.0,0.0,0.0
2026-09-18 10:15:00-04:00,759.219970703125,759.3699951171875,758.75,759.3693237304688,492519,0.0,0.0,0.0
2026-09-18 10:20:00-04:00,759.3499755859375,759.6199951171875,759.1099853515625,759.1599731445312,403452,0.0,0.0,0.0
2026-09-18 10:25:00-04:00,759.1699829101562,759.64501953125,759.0800170898438,759.3399047851562,327893,0.0,0.0,0.0
2026-09-18 10:30:00-04:00,759.3200073242188,759.4400024414062,759.0700073242188,759.2249755859375,249950,0.0,0.0,0.0
2026-09-18 10:35:00-04:00,759.25,759.760009765625,758.97998046875,759.4949951171875,313569,0.0,0.0,0.0
2026-09-18 10:40:00-04:00,759.489990234375,759.52001953125,758.8499755859375,758.989990234375,414973,0.0,0.0,0.0
2026-09-18 10:45:00-04:00,759.0,759.52001953125,758.8699951171875,759.4299926757812,383226,0.0,0.0,0.0
2026-09-18 10:50:00-04:00,759.4600219726562,759.9600219726562,759.3200073242188,759.8200073242188,371603,0.0,0.0,0.0
2026-09-18 10:55:00-04:00,759.8400268554688,759.9500122070312,759.6199951171875,759.9299926757812,354064,0.0,0.0,0.0
2026-09-18 11:00:00-04:00,759.9500122070312,760.0,759.4199829101562,759.6799926757812,256803,0.0,0.0,0.0
2026-09-18 11:05:00-04:00,759.6799926757812,760.0408935546875,759.6300048828125,759.75,173511,0.0,0.0,0.0
2026-09-18 11:10:00-04:00,759.760009765625,759.9500122070312,759.5,759.5599975585938,248259,0.0,0.0,0.0
2026-09-18 11:15:00-04:00,759.5800170898438,759.7999877929688,759.4500122070312,759.780029296875,9145723,0.0,0.0,0.0
2026-09-18 11:20:00-04:00,759.760009765625,759.875,759.6400146484375,759.8099975585938,4128232,0.0,0.0,0.0
2026-09-18 11:25:00-04:00,759.7999877929688,760.0598754882812,759.77001953125,759.97998046875,193656,0.0,0.0,0.0
2026-09-18 11:30:00-04:00,759.969970703125,760.0700073242188,759.5,759.780029296875,303376,0.0,0.0,0.0
2026-09-18 11:35:00-04:00,759.780029296875,759.8900146484375,759.22998046875,759.2899780273438,271002,0.0,0.0,0.0
2026-09-18 11:40:00-04:00,759.27001953125,759.3900146484375,759.10498046875,759.2949829101562,217011,0.0,0.0,0.0
2026-09-18 11:45:00-04:00,759.2999877929688,759.3900146484375,759.0900268554688,759.1400146484375,370393,0.0,0.0,0.0
2026-09-18 11:50:00-04:00,759.1400146484375,759.3300170898438,758.9000244140625,758.9450073242188,180856,0.0,0.0,0.0
2026-09-18 11:55:00-04:00,758.9600219726562,759.2000122070312,758.8499755859375,759.0,332597,0.0,0.0,0.0
2026-09-18 12:00:00-04:00,758.989990234375,759.010009765625,758.6799926757812,758.8400268554688,181559,0.0,0.0,0.0
2026-09-18 12:05:00-04:00,758.8400268554688,759.2276000976562,758.7899780273438,759.14501953125,451937,0.0,0.0,0.0
2026-09-18 12:10:00-04:00,759.1500244140625,759.2000122070312,758.9500122070312,759.010009765625,300229,0.0,0.0,0.0
2026-09-18 12:15:00-04:00,759.030029296875,759.1738891601562,758.8800048828125,759.0900268554688,139517,0.0,0.0,0.0
2026-09-18 12:20:00-04:00,759.0900268554688,759.0999755859375,758.2100219726562,758.2698974609375,216278,0.0,0.0,0.0
2026-09-18 12:25:00-04:00,758.25,758.9149780273438,757.9710083007812,758.780029296875,894725,0.0,0.0,0.0
2026-09-18 12:30:00-04:00,758.760009765625,759.2999877929688,758.5700073242188,759.1099853515625,241486,0.0,0.0,0.0
2026-09-18 12:35:00-04:00,759.1500244140625,759.25,758.8200073242188,758.9600219726562,238095,0.0,0.0,0.0
2026-09-18 12:40:00-04:00,758.969970703125,759.27001953125,758.8405151367188,759.0900268554688,127089,0.0,0.0,0.0
2026-09-18 12:45:00-04:00,759.0900268554688,759.1900024414062,758.780029296875,759.1699829101562,160383,0.0,0.0,0.0
2026-09-18 12:50:00-04:00,759.1599731445312,759.52001953125,759.1500244140625,759.469970703125,245139,0.0,0.0,0.0
2026-09-18 12:55:00-04:00,759.4600219726562,759.5449829101562,759.3200073242188,759.3994750976562,175260,0.0,0.0,0.0
2026-09-18 13:00:00-04:00,759.39501953125,759.4500122070312,759.1799926757812,759.3699951171875,85142,0.0,0.0,0.0
2026-09-18 13:05:00-04:00,759.3599853515625,759.530029296875,759.260009765625,759.3099975585938,129133,0.0,0.0,0.0
2026-09-18 13:10:00-04:00,759.3200073242188,759.330078125,759.0250244140625,759.3099975585938,217666,0.0,0.0,0.0
2026-09-18 13:15:00-04:00,759.3099975585938,759.47998046875,759.260009765625,759.3499755859375,105618,0.0,0.0,0.0
2026-09-18 13:20:00-04:00,759.3699951171875,759.509521484375,759.27001953125,759.509521484375,4630286,0.0,0.0,0.0
2026-09-18 13:25:00-04:00,759.489990234375,759.5798950195312,759.3699951171875,759.4000244140625,141977,0.0,0.0,0.0
2026-09-18 13:30:00-04:00,759.405029296875,759.4600219726562,759.22998046875,759.4299926757812,212141,0.0,0.0,0.0
2026-09-18 13:35:00-04:00,759.4500122070312,759.75,759.4299926757812,759.7100219726562,248226,0.0,0.0,0.0
2026-09-18 13:40:00-04:00,759.697998046875,759.780029296875,759.5601196289062,759.760986328125,154541,0.0,0.0,0.0
2026-09-18 13:45:00-04:00,759.780029296875,759.7999877929688,759.6199951171875,759.6500244140625,191503,0.0,0.0,0.0
2026-09-18 13:50:00-04:00,759.6500244140625,759.8599853515625,759.6500244140625,759.7949829101562,174154,0.0,0.0,0.0
2026-09-18 13:55:00-04:00,759.7899780273438,759.9000244140625,759.719970703125,759.8300170898438,157249,0.0,0.0,0.0
2026-09-18 14:00:00-04:00,759.8300170898438,759.9650268554688,759.6799926757812,759.8909301757812,325662,0.0,0.0,0.0
2026-09-18 14:05:00-04:00,759.89501953125,759.9600219726562,759.739990234375,759.780029296875,215823,0.0,0.0,0.0
2026-09-18 14:10:00-04:00,759.7899780273438,759.8900146484375,759.6599731445312,759.8131713867188,218121,0.0,0.0,0.0
2026-09-18 14:15:00-04:00,759.8099975585938,760.0999755859375,759.7899780273438,760.0999145507812,310401,0.0,0.0,0.0
2026-09-18 14:20:00-04:00,760.0905151367188,760.6099853515625,760.0800170898438,760.3250122070312,528638,0.0,0.0,0.0
2026-09-18 14:25:00-04:00,760.3250122070312,760.469970703125,760.2105712890625,760.469970703125,252883,0.0,0.0,0.0
2026-09-18 14:30:00-04:00,760.47998046875,760.510009765625,760.260009765625,760.510009765625,229953,0.0,0.0,0.0
2026-09-18 14:35:00-04:00,760.510986328125,760.530029296875,760.2338256835938,760.3599853515625,208369,0.0,0.0,0.0
2026-09-18 14:40:00-04:00,760.3599853515625,760.5449829101562,760.2849731445312,760.5361938476562,123356,0.0,0.0,0.0
2026-09-18 14:45:00-04:00,760.5499877929688,761.4799194335938,760.5449829101562,761.27001953125,766680,0.0,0.0,0.0
2026-09-18 14:50:00-04:00,761.2899780273438,761.8300170898438,761.1900024414062,761.4849853515625,424757,0.0,0.0,0.0
2026-09-18 14:55:00-04:00,761.4874877929688,761.5,761.1699829101562,761.260009765625,227218,0.0,0.0,0.0
2026-09-18 15:00:00-04:00,761.260009765625,761.4400024414062,761.0999755859375,761.3300170898438,210075,0.0,0.0,0.0
2026-09-18 15:05:00-04:00,761.3300170898438,761.469970703125,761.0900268554688,761.2150268554688,214077,0.0,0.0,0.0
2026-09-18 15:10:00-04:00,761.219970703125,761.3900146484375,761.0599975585938,761.1849975585938,389513,0.0,0.0,0.0
2026-09-18 15:15:00-04:00,761.1900024414062,761.2349853515625,761.0200805664062,761.1699829101562,309361,0.0,0.0,0.0
2026-09-18 15:20:00-04:00,761.1699829101562,761.27001953125,761.0197143554688,761.0800170898438,307581,0.0,0.0,0.0
2026-09-18 15:25:00-04:00,761.0800170898438,761.1300048828125,760.8350219726562,760.8599853515625,266464,0.0,0.0,0.0
2026-09-18 15:30:00-04:00,760.8699951171875,760.9199829101562,760.6900024414062,760.7000122070312,594231,0.0,0.0,0.0
2026-09-18 15:35:00-04:00,760.7100219726562,761.219970703125,760.6799926757812,761.1699829101562,551694,0.0,0.0,0.0
2026-09-18 15:40:00-04:00,761.1749877929688,761.4400024414062,761.041015625,761.4299926757812,637100,0.0,0.0,0.0
2026-09-18 15:45:00-04:00,761.4249877929688,761.6599731445312,761.2999877929688,761.6500244140625,917750,0.0,0.0,0.0
2026-09-18 15:50:00-04:00,761.6400146484375,761.7899780273438,761.1799926757812,761.4099731445312,1686788,0.0,0.0,0.0
2026-09-18 15:55:00-04:00,761.4099731445312,762.0,761.3900146484375,761.6300048828125,4095457,0.0,0.0,0.0
2026-09-21 09:30:00-04:00,766.2509765625,766.6500244140625,766.030029296875,766.4349975585938,2562720,0.0,0.0,0.0
2026-09-21 09:35:00-04:00,766.4299926757812,766.72998046875,766.3599853515625,766.6649780273438,757958,0.0,0.0,0.0
2026-09-21 09:40:00-04:00,766.6599731445312,766.85498046875,766.47998046875,766.85498046875,401492,0.0,0.0,0.0
2026-09-21 09:45:00-04:00,766.8599853515625,767.1500244140625,766.8200073242188,767.02001953125,546216,0.0,0.0,0.0
2026-09-21 09:50:00-04:00,767.0001220703125,767.5599975585938,766.969970703125,767.52001953125,540073,0.0,0.0,0.0
2026-09-21 09:55:00-04:00,767.530029296875,767.719970703125,767.27001953125,767.6900024414062,483603,0.0,0.0,0.0
2026-09-21 10:00:00-04:00,767.6849975585938,767.8099975585938,767.4400024414062,767.47998046875,358090,0.0,0.0,0.0
2026-09-21 10:05:00-04:00,767.489990234375,767.510009765625,767.0449829101562,767.3699951171875,351769,0.0,0.0,0.0
2026-09-21 10:10:00-04:00,767.385009765625,767.9199829101562,767.3800048828125,767.7899780273438,395469,0.0,0.0,0.0
2026-09-21 10:15:00-04:00,767.7899780273438,768.4849853515625,767.7899780273438,768.4199829101562,910433,0.0,0.0,0.0
2026-09-21 10:20:00-04:00,768.4299926757812,769.1483154296875,768.27001953125,769.030029296875,633683,0.0,0.0,0.0
2026-09-21 10:25:00-04:00,769.030029296875,769.2899780273438,768.9400024414062,769.0333251953125,1821319,0.0,0.0,0.0
2026-09-21 10:30:00-04:00,769.0150146484375,769.3599853515625,768.8800048828125,769.1699829101562,987673,0.0,0.0,0.0
2026-09-21 10:35:00-04:00,769.1599731445312,769.5499877929688,769.1400146484375,769.27001953125,484629,0.0,0.0,0.0
2026-09-21 10:40:00-04:00,769.280029296875,769.52001953125,768.8800048828125,768.989990234375,556513,0.0,0.0,0.0
2026-09-21 10:45:00-04:00,768.989990234375,769.3099975585938,768.72998046875,768.9949951171875,532921,0.0,0.0,0.0
2026-09-21 10:50:00-04:00,768.989990234375,769.219970703125,768.8699951171875,769.1699829101562,384601,0.0,0.0,0.0
2026-09-21 10:55:00-04:00,769.1900024414062,769.4400024414062,768.989990234375,769.219970703125,534444,0.0,0.0,0.0
2026-09-21 11:00:00-04:00,769.219970703125,769.5399780273438,769.114990234375,769.530029296875,452959,0.0,0.0,0.0
2026-09-21 11:05:00-04:00,769.530029296875,769.6300048828125,769.3499755859375,769.5499877929688,265080,0.0,0.0,0.0
2026-09-21 11:10:00-04:00,769.5599975585938,769.8200073242188,769.3900146484375,769.7999877929688,289428,0.0,0.0,0.0
2026-09-21 11:15:00-04:00,769.8099975585938,770.1799926757812,769.8099975585938,770.1500244140625,328241,0.0,0.0,0.0
2026-09-21 11:20:00-04:00,770.1500244140625,770.1699829101562,769.8900146484375,769.9349975585938,296187,0.0,0.0,0.0
2026-09-21 11:25:00-04:00,769.9299926757812,770.0800170898438,769.8200073242188,769.8599853515625,257932,0.0,0.0,0.0
2026-09-21 11:30:00-04:00,769.8699951171875,770.030029296875,769.8099975585938,769.86376953125,224701,0.0,0.0,0.0
2026-09-21 11:35:00-04:00,769.8800048828125,770.5599975585938,769.8699951171875,770.489990234375,369980,0.0,0.0,0.0
2026-09-21 11:40:00-04:00,770.5,770.719970703125,770.3499755859375,770.7100219726562,292330,0.0,0.0,0.0
2026-09-21 11:45:00-04:00,770.719970703125,771.1900024414062,770.719970703125,770.9650268554688,428659,0.0,0.0,0.0
2026-09-21 11:50:00-04:00,770.9600219726562,771.3599853515625,770.6699829101562,770.6900024414062,419265,0.0,0.0,0.0
2026-09-21 11:55:00-04:00,770.6900024414062,770.7899780273438,770.530029296875,770.739990234375,789261,0.0,0.0,0.0
2026-09-21 12:00:00-04:00,770.7349853515625,771.0999755859375,770.5189819335938,771.0449829101562,344820,0.0,0.0,0.0
2026-09-21 12:05:00-04:00,771.0499877929688,771.7100219726562,770.869873046875,771.65087890625,476992,0.0,0.0,0.0
2026-09-21 12:10:00-04:00,771.6599731445312,771.8499755859375,771.4299926757812,771.5499877929688,365772,0.0,0.0,0.0
2026-09-21 12:15:00-04:00,771.5700073242188,771.7999877929688,771.4199829101562,771.5999755859375,283935,0.0,0.0,0.0
2026-09-21 12:20:00-04:00,771.6099243164062,771.719970703125,771.4498901367188,771.655029296875,271569,0.0,0.0,0.0
2026-09-21 12:25:00-04:00,771.6599731445312,772.0399780273438,771.6099853515625,771.8200073242188,274803,0.0,0.0,0.0
2026-09-21 12:30:00-04:00,771.8400268554688,772.6500244140625,771.8099975585938,772.4099731445312,430219,0.0,0.0,0.0
2026-09-21 12:35:00-04:00,772.4199829101562,772.5399780273438,771.880126953125,771.8900146484375,364010,0.0,0.0,0.0
2026-09-21 12:40:00-04:00,771.9000244140625,772.1599731445312,771.7999877929688,772.0,415638,0.0,0.0,0.0
2026-09-21 12:45:00-04:00,772.0,772.3300170898438,772.0,772.22998046875,221095,0.0,0.0,0.0
2026-09-21 12:50:00-04:00,772.25,772.3400268554688,771.97998046875,772.155029296875,231562,0.0,0.0,0.0
2026-09-21 12:55:00-04:00,772.1599731445312,772.3400268554688,772.0499877929688,772.3200073242188,227082,0.0,0.0,0.0
2026-09-21 13:00:00-04:00,772.3400268554688,772.5,772.1900024414062,772.2650146484375,216620,0.0,0.0,0.0
2026-09-21 13:05:00-04:00,772.27001953125,772.52001953125,772.27001953125,772.3800048828125,200932,0.0,0.0,0.0
2026-09-21 13:10:00-04:00,772.3900146484375,772.9000244140625,772.35498046875,772.8200073242188,1232387,0.0,0.0,0.0
2026-09-21 13:15:00-04:00,772.8099975585938,772.969970703125,772.6199951171875,772.8400268554688,311582,0.0,0.0,0.0
2026-09-21 13:20:00-04:00,772.85498046875,772.97998046875,772.52001953125,772.5900268554688,306108,0.0,0.0,0.0
2026-09-21 13:25:00-04:00,772.5999755859375,772.8049926757812,772.4199829101562,772.8049926757812,402600,0.0,0.0,0.0
2026-09-21 13:30:00-04:00,772.8200073242188,772.8400268554688,772.3200073242188,772.364990234375,297855,0.0,0.0,0.0
2026-09-21 13:35:00-04:00,772.3699951171875,772.5399780273438,772.25,772.2849731445312,273997,0.0,0.0,0.0
2026-09-21 13:40:00-04:00,772.2899780273438,772.9099731445312,772.239990234375,772.8699951171875,790070,0.0,0.0,0.0
2026-09-21 13:45:00-04:00,772.8800048828125,773.1699829101562,772.719970703125,772.7899780273438,454483,0.0,0.0,0.0
2026-09-21 13:50:00-04:00,772.7899780273438,773.0399780273438,772.75,772.9400024414062,179615,0.0,0.0,0.0
2026-09-21 13:55:00-04:00,772.9400024414062,772.969970703125,772.7349853515625,772.89501953125,337611,0.0,0.0,0.0
2026-09-21 14:00:00-04:00,772.9000244140625,773.2000122070312,772.9000244140625,773.1799926757812,283368,0.0,0.0,0.0
2026-09-21 14:05:00-04:00,773.2000122070312,773.3599853515625,773.131103515625,773.1799926757812,281595,0.0,0.0,0.0
2026-09-21 14:10:00-04:00,773.1799926757812,773.4000244140625,773.0900268554688,773.27001953125,340575,0.0,0.0,0.0
2026-09-21 14:15:00-04:00,773.280029296875,773.4199829101562,773.1599731445312,773.3300170898438,298725,0.0,0.0,0.0
2026-09-21 14:20:00-04:00,773.3300170898438,773.844970703125,773.2899780273438,773.8200073242188,327580,0.0,0.0,0.0
2026-09-21 14:25:00-04:00,773.82470703125,773.989990234375,773.719970703125,773.85498046875,396795,0.0,0.0,0.0
2026-09-21 14:30:00-04:00,773.8599853515625,773.97998046875,773.5850219726562,773.719970703125,416248,0.0,0.0,0.0
2026-09-21 14:35:00-04:00,773.72998046875,773.9400024414062,773.5999755859375,773.9099731445312,301310,0.0,0.0,0.0
2026-09-21 14:40:00-04:00,773.9099731445312,774.1400146484375,773.8599853515625,774.1199951171875,553122,0.0,0.0,0.0
2026-09-21 14:45:00-04:00,774.1300048828125,774.3599853515625,774.0650024414062,774.3499755859375,579565,0.0,0.0,0.0
2026-09-21 14:50:00-04:00,774.344970703125,774.6199951171875,774.3099975585938,774.4500122070312,399058,0.0,0.0,0.0
2026-09-21 14:55:00-04:00,774.4600219726562,774.5399780273438,774.1699829101562,774.2949829101562,465980,0.0,0.0,0.0
2026-09-21 15:00:00-04:00,774.2999877929688,774.4849853515625,774.1599731445312,774.1599731445312,914739,0.0,0.0,0.0
2026-09-21 15:05:00-04:00,774.1699829101562,774.2100219726562,773.97998046875,774.2000122070312,409677,0.0,0.0,0.0
2026-09-21 15:10:00-04:00,774.2000122070312,774.4650268554688,773.9600219726562,774.4600219726562,697433,0.0,0.0,0.0
2026-09-21 15:15:00-04:00,774.4500122070312,774.4650268554688,774.25,774.3699951171875,515664,0.0,0.0,0.0
2026-09-21 15:20:00-04:00,774.3599853515625,774.3900146484375,774.0800170898438,774.0999755859375,454545,0.0,0.0,0.0
2026-09-21 15:25:00-04:00,774.10498046875,774.3200073242188,774.02001953125,774.0999755859375,709873,0.0,0.0,0.0
2026-09-21 15:30:00-04:00,774.0999755859375,774.5499877929688,774.0599975585938,774.489990234375,911127,0.0,0.0,0.0
2026-09-21 15:35:00-04:00,774.489990234375,774.8900146484375,774.4199829101562,774.77001953125,977491,0.0,0.0,0.0
2026-09-21 15:40:00-04:00,774.77001953125,774.8400268554688,774.2899780273438,774.4500122070312,884929,0.0,0.0,0.0
2026-09-21 15:45:00-04:00,774.4500122070312,774.5499877929688,774.0999755859375,774.219970703125,1068631,0.0,0.0,0.0
2026-09-21 15:50:00-04:00,774.2100219726562,774.2100219726562,773.6900024414062,773.7000122070312,1507965,0.0,0.0,0.0
2026-09-21 15:55:00-04:00,773.7000122070312,773.9199829101562,773.4099731445312,773.52001953125,3009832,0.0,0.0,0.0
