Date,Open,High,Low,Close,Volume,Dividends,Stock Splits
2007-01-03 00:00:00-05:00,87.62999725341797,87.62999725341797,87.62999725341797,87.62999725341797,0,0.0,0.0
2007-01-04 00:00:00-05:00,88.19000244140625,88.19000244140625,88.19000244140625,88.19000244140625,0,0.0,0.0
2007-01-05 00:00:00-05:00,90.16999816894531,90.16999816894531,90.16999816894531,90.16999816894531,0,0.0,0.0
2007-01-08 00:00:00-05:00,92.04000091552734,92.04000091552734,92.04000091552734,92.04000091552734,0,0.0,0.0
2007-01-09 00:00:00-05:00,92.76000213623047,92.76000213623047,92.76000213623047,92.76000213623047,0,0.0,0.0
2007-01-10 00:00:00-05:00,93.77999877929688,93.77999877929688,93.77999877929688,93.77999877929688,0,0.0,0.0
2007-01-11 00:00:00-05:00,85.97000122070312,85.97000122070312,85.97000122070312,85.97000122070312,0,0.0,0.0
2007-01-12 00:00:00-05:00,85.18000030517578,85.18000030517578,85.18000030517578,85.18000030517578,0,0.0,0.0
2007-01-16 00:00:00-05:00,85.30000305175781,85.30000305175781,85.30000305175781,85.30000305175781,0,0.0,0.0
2007-01-17 00:00:00-05:00,84.93000030517578,84.93000030517578,84.93000030517578,84.93000030517578,0,0.0,0.0
2007-01-18 00:00:00-05:00,83.66000366210938,83.66000366210938,83.66000366210938,83.66000366210938,0,0.0,0.0
2007-01-19 00:00:00-05:00,82.48999786376953,82.48999786376953,82.48999786376953,82.48999786376953,0,0.0,0.0
2007-01-22 00:00:00-05:00,84.43000030517578,84.43000030517578,84.43000030517578,84.43000030517578,0,0.0,0.0
2007-01-23 00:00:00-05:00,81.4800033569336,81.4800033569336,81.4800033569336,81.4800033569336,0,0.0,0.0
2007-01-24 00:00:00-05:00,77.51000213623047,77.51000213623047,77.51000213623047,77.51000213623047,0,0.0,0.0
2007-01-25 00:00:00-05:00,80.44999694824219,80.44999694824219,80.44999694824219,80.44999694824219,0,0.0,0.0
2007-01-26 00:00:00-05:00,81.36000061035156,81.36000061035156,81.36000061035156,81.36000061035156,0,0.0,0.0
2007-01-29 00:00:00-05:00,81.68000030517578,81.68000030517578,81.68000030517578,81.68000030517578,0,0.0,0.0
2007-01-30 00:00:00-05:00,78.9000015258789,78.9000015258789,78.9000015258789,78.9000015258789,0,0.0,0.0
2007-01-31 00:00:00-05:00,77.27999877929688,77.27999877929688,77.27999877929688,77.27999877929688,0,0.0,0.0
2007-02-01 00:00:00-05:00,73.5,73.5,73.5,73.5,0,0.0,0.0
2007-02-02 00:00:00-05:00,72.44000244140625,72.44000244140625,72.44000244140625,72.44000244140625,0,0.0,0.0
2007-02-05 00:00:00-05:00,70.29000091552734,70.29000091552734,70.29000091552734,70.29000091552734,0,0.0,0.0
2007-02-06 00:00:00-05:00,68.55000305175781,68.55000305175781,68.55000305175781,68.55000305175781,0,0.0,0.0
2007-02-07 00:00:00-05:00,70.31999969482422,70.31999969482422,70.31999969482422,70.31999969482422,0,0.0,0.0
2007-02-08 00:00:00-05:00,73.18000030517578,73.18000030517578,73.18000030517578,73.18000030517578,0,0.0,0.0
2007-02-09 00:00:00-05:00,74.38999938964844,74.38999938964844,74.38999938964844,74.38999938964844,0,0.0,0.0
2007-02-12 00:00:00-05:00,79.12000274658203,79.12000274658203,79.12000274658203,79.12000274658203,0,0.0,0.0
2007-02-13 00:00:00-05:00,75.72000122070312,75.72000122070312,75.72000122070312,75.72000122070312,0,0.0,0.0
2007-02-14 00:00:00-05:00,74.0,74.0,74.0,74.0,0,0.0,0.0
2007-02-15 00:00:00-05:00,70.33999633789062,70.33999633789062,70.33999633789062,70.33999633789062,0,0.0,0.0
2007-02-16 00:00:00-05:00,70.73999786376953,70.73999786376953,70.73999786376953,70.73999786376953,0,0.0,0.0
2007-02-20 00:00:00-05:00,65.87000274658203,65.87000274658203,65.87000274658203,65.87000274658203,0,0.0,0.0
2007-02-21 00:00:00-05:00,67.37000274658203,67.37000274658203,67.37000274658203,67.37000274658203,0,0.0,0.0
2007-02-22 00:00:00-05:00,66.05000305175781,66.05000305175781,66.05000305175781,66.05000305175781,0,0.0,0.0
2007-02-23 00:00:00-05:00,70.70999908447266,70.70999908447266,70.70999908447266,70.70999908447266,0,0.0,0.0
2007-02-26 00:00:00-05:00,70.33000183105469,70.33000183105469,70.33000183105469,70.33000183105469,0,0.0,0.0
2007-02-27 00:00:00-05:00,110.41999816894531,110.41999816894531,110.41999816894531,110.41999816894531,0,0.0,0.0
2007-02-28 00:00:00-05:00,91.63999938964844,91.63999938964844,91.63999938964844,91.63999938964844,0,0.0,0.0
2007-03-01 00:00:00-05:00,99.47000122070312,99.47000122070312,99.47000122070312,99.47000122070312,0,0.0,0.0
2007-03-02 00:00:00-05:00,104.16999816894531,104.16999816894531,104.16999816894531,104.16999816894531,0,0.0,0.0
2007-03-05 00:00:00-05:00,101.19999694824219,101.19999694824219,101.19999694824219,101.19999694824219,0,0.0,0.0
2007-03-06 00:00:00-05:00,93.6500015258789,93.6500015258789,93.6500015258789,93.6500015258789,0,0.0,0.0
2007-03-07 00:00:00-05:00,94.41000366210938,94.41000366210938,94.41000366210938,94.41000366210938,0,0.0,0.0
2007-03-08 00:00:00-05:00,93.97000122070312,93.97000122070312,93.97000122070312,93.97000122070312,0,0.0,0.0
2007-03-09 00:00:00-05:00,91.81999969482422,91.81999969482422,91.81999969482422,91.81999969482422,0,0.0,0.0
2007-03-12 00:00:00-04:00,90.0199966430664,90.0199966430664,90.0199966430664,90.0199966430664,0,0.0,0.0
2007-03-13 00:00:00-04:00,94.52999877929688,94.52999877929688,94.52999877929688,94.52999877929688,0,0.0,0.0
2007-03-14 00:00:00-04:00,98.08000183105469,98.08000183105469,98.08000183105469,98.08000183105469,0,0.0,0.0
2007-03-15 00:00:00-04:00,99.55000305175781,99.55000305175781,99.55000305175781,99.55000305175781,0,0.0,0.0
2007-03-16 00:00:00-04:00,102.73999786376953,102.73999786376953,102.73999786376953,102.73999786376953,0,0.0,0.0
2007-03-19 00:00:00-04:00,93.9000015258789,93.9000015258789,93.9000015258789,93.9000015258789,0,0.0,0.0
2007-03-20 00:00:00-04:00,89.55000305175781,89.55000305175781,89.55000305175781,89.55000305175781,0,0.0,0.0
2007-03-21 00:00:00-04:00,94.12999725341797,94.12999725341797,94.12999725341797,94.12999725341797,0,0.0,0.0
2007-03-22 00:00:00-04:00,95.5199966430664,95.5199966430664,95.5199966430664,95.5199966430664,0,0.0,0.0
2007-03-23 00:00:00-04:00,96.37000274658203,96.37000274658203,96.37000274658203,96.37000274658203,0,0.0,0.0
2007-03-26 00:00:00-04:00,95.94999694824219,95.94999694824219,95.94999694824219,95.94999694824219,0,0.0,0.0
2007-03-27 00:00:00-04:00,101.0,101.0,101.0,101.0,0,0.0,0.0
2007-03-28 00:00:00-04:00,104.79000091552734,104.79000091552734,104.79000091552734,104.79000091552734,0,0.0,0.0
2007-03-29 00:00:00-04:00,102.30999755859375,102.30999755859375,102.30999755859375,102.30999755859375,0,0.0,0.0
2007-03-30 00:00:00-04:00,99.77999877929688,99.77999877929688,99.77999877929688,99.77999877929688,0,0.0,0.0
2007-04-02 00:00:00-04:00,98.91999816894531,98.91999816894531,98.91999816894531,98.91999816894531,0,0.0,0.0
2007-04-03 00:00:00-04:00,94.9800033569336,94.9800033569336,94.9800033569336,94.9800033569336,0,0.0,0.0
2007-04-04 00:00:00-04:00,96.12000274658203,96.12000274658203,96.12000274658203,96.12000274658203,0,0.0,0.0
2007-04-05 00:00:00-04:00,93.5999984741211,93.5999984741211,93.5999984741211,93.5999984741211,0,0.0,0.0
2007-04-09 00:00:00-04:00,92.30000305175781,92.30000305175781,92.30000305175781,92.30000305175781,0,0.0,0.0
2007-04-10 00:00:00-04:00,87.37000274658203,87.37000274658203,87.37000274658203,87.37000274658203,0,0.0,0.0
2007-04-11 00:00:00-04:00,93.47000122070312,93.47000122070312,93.47000122070312,93.47000122070312,0,0.0,0.0
2007-04-12 00:00:00-04:00,91.37999725341797,91.37999725341797,91.37999725341797,91.37999725341797,0,0.0,0.0
2007-04-13 00:00:00-04:00,88.70999908447266,88.70999908447266,88.70999908447266,88.70999908447266,0,0.0,0.0
2007-04-16 00:00:00-04:00,83.9800033569336,83.9800033569336,83.9800033569336,83.9800033569336,0,0.0,0.0
2007-04-17 00:00:00-04:00,83.68000030517578,83.68000030517578,83.68000030517578,83.68000030517578,0,0.0,0.0
2007-04-18 00:00:00-04:00,80.58999633789062,80.58999633789062,80.58999633789062,80.58999633789062,0,0.0,0.0
2007-04-19 00:00:00-04:00,77.91000366210938,77.91000366210938,77.91000366210938,77.91000366210938,0,0.0,0.0
2007-04-20 00:00:00-04:00,79.18000030517578,79.18000030517578,79.18000030517578,79.18000030517578,0,0.0,0.0
2007-04-23 00:00:00-04:00,79.33000183105469,79.33000183105469,79.33000183105469,79.33000183105469,0,0.0,0.0
2007-04-24 00:00:00-04:00,77.83000183105469,77.83000183105469,77.83000183105469,77.83000183105469,0,0.0,0.0
2007-04-25 00:00:00-04:00,80.79000091552734,80.79000091552734,80.79000091552734,80.79000091552734,0,0.0,0.0
2007-04-26 00:00:00-04:00,81.66999816894531,81.66999816894531,81.66999816894531,81.66999816894531,0,0.0,0.0
2007-04-27 00:00:00-04:00,80.66000366210938,80.66000366210938,80.66000366210938,80.66000366210938,0,0.0,0.0
2007-04-30 00:00:00-04:00,85.33000183105469,85.33000183105469,85.33000183105469,85.33000183105469,0,0.0,0.0
2007-05-01 00:00:00-04:00,81.27999877929688,81.27999877929688,81.27999877929688,81.27999877929688,0,0.0,0.0
2007-05-02 00:00:00-04:00,82.58999633789062,82.58999633789062,82.58999633789062,82.58999633789062,0,0.0,0.0
2007-05-03 00:00:00-04:00,78.80999755859375,78.80999755859375,78.80999755859375,78.80999755859375,0,0.0,0.0
2007-05-04 00:00:00-04:00,77.0999984741211,77.0999984741211,77.0999984741211,77.0999984741211,0,0.0,0.0
2007-05-07 00:00:00-04:00,78.51000213623047,78.51000213623047,78.51000213623047,78.51000213623047,0,0.0,0.0
2007-05-08 00:00:00-04:00,79.9000015258789,79.9000015258789,79.9000015258789,79.9000015258789,0,0.0,0.0
2007-05-09 00:00:00-04:00,85.88999938964844,85.88999938964844,85.88999938964844,85.88999938964844,0,0.0,0.0
2007-05-10 00:00:00-04:00,83.58000183105469,83.58000183105469,83.58000183105469,83.58000183105469,0,0.0,0.0
2007-05-11 00:00:00-04:00,79.47000122070312,79.47000122070312,79.47000122070312,79.47000122070312,0,0.0,0.0
2007-05-14 00:00:00-04:00,82.0199966430664,82.0199966430664,82.0199966430664,82.0199966430664,0,0.0,0.0
2007-05-15 00:00:00-04:00,76.68000030517578,76.68000030517578,76.68000030517578,76.68000030517578,0,0.0,0.0
2007-05-16 00:00:00-04:00,70.26000213623047,70.26000213623047,70.26000213623047,70.26000213623047,0,0.0,0.0
2007-05-17 00:00:00-04:00,72.94000244140625,72.94000244140625,72.94000244140625,72.94000244140625,0,0.0,0.0
2007-05-18 00:00:00-04:00,75.43000030517578,75.43000030517578,75.43000030517578,75.43000030517578,0,0.0,0.0
2007-05-21 00:00:00-04:00,71.81999969482422,71.81999969482422,71.81999969482422,71.81999969482422,0,0.0,0.0
2007-05-22 00:00:00-04:00,72.36000061035156,72.36000061035156,72.36000061035156,72.36000061035156,0,0.0,0.0
2007-05-23 00:00:00-04:00,71.44000244140625,71.44000244140625,71.44000244140625,71.44000244140625,0,0.0,0.0
2007-05-24 00:00:00-04:00,74.36000061035156,74.36000061035156,74.36000061035156,74.36000061035156,0,0.0,0.0
2007-05-25 00:00:00-04:00,72.41999816894531,72.41999816894531,72.41999816894531,72.41999816894531,0,0.0,0.0
2007-05-29 00:00:00-04:00,72.4800033569336,72.4800033569336,72.4800033569336,72.4800033569336,0,0.0,0.0
2007-05-30 00:00:00-04:00,71.61000061035156,71.61000061035156,71.61000061035156,71.61000061035156,0,0.0,0.0
2007-05-31 00:00:00-04:00,72.19999694824219,72.19999694824219,72.19999694824219,72.19999694824219,0,0.0,0.0
2007-06-01 00:00:00-04:00,70.19000244140625,70.19000244140625,70.19000244140625,70.19000244140625,0,0.0,0.0
2007-06-04 00:00:00-04:00,70.73999786376953,70.73999786376953,70.73999786376953,70.73999786376953,0,0.0,0.0
2007-06-05 00:00:00-04:00,69.23999786376953,69.23999786376953,69.23999786376953,69.23999786376953,0,0.0,0.0
2007-06-06 00:00:00-04:00,72.05999755859375,72.05999755859375,72.05999755859375,72.05999755859375,0,0.0,0.0
2007-06-07 00:00:00-04:00,75.83000183105469,75.83000183105469,75.83000183105469,75.83000183105469,0,0.0,0.0
2007-06-08 00:00:00-04:00,70.69000244140625,70.69000244140625,70.69000244140625,70.69000244140625,0,0.0,0.0
2007-06-11 00:00:00-04:00,68.7300033569336,68.7300033569336,68.7300033569336,68.7300033569336,0,0.0,0.0
2007-06-12 00:00:00-04:00,69.4800033569336,69.4800033569336,69.4800033569336,69.4800033569336,0,0.0,0.0
2007-06-13 00:00:00-04:00,68.80999755859375,68.80999755859375,68.80999755859375,68.80999755859375,0,0.0,0.0
2007-06-14 00:00:00-04:00,63.52000045776367,63.52000045776367,63.52000045776367,63.52000045776367,0,0.0,0.0
2007-06-15 00:00:00-04:00,64.02999877929688,64.02999877929688,64.02999877929688,64.02999877929688,0,0.0,0.0
2007-06-18 00:00:00-04:00,66.76000213623047,66.76000213623047,66.76000213623047,66.76000213623047,0,0.0,0.0
2007-06-19 00:00:00-04:00,67.23999786376953,67.23999786376953,67.23999786376953,67.23999786376953,0,0.0,0.0
2007-06-20 00:00:00-04:00,76.80000305175781,76.80000305175781,76.80000305175781,76.80000305175781,0,0.0,0.0
2007-06-21 00:00:00-04:00,74.76000213623047,74.76000213623047,74.76000213623047,74.76000213623047,0,0.0,0.0
2007-06-22 00:00:00-04:00,78.3499984741211,78.3499984741211,78.3499984741211,78.3499984741211,0,0.0,0.0
2007-06-25 00:00:00-04:00,78.06999969482422,78.06999969482422,78.06999969482422,78.06999969482422,0,0.0,0.0
2007-06-26 00:00:00-04:00,82.01000213623047,82.01000213623047,82.01000213623047,82.01000213623047,0,0.0,0.0
2007-06-27 00:00:00-04:00,78.4800033569336,78.4800033569336,78.4800033569336,78.4800033569336,0,0.0,0.0
2007-06-28 00:00:00-04:00,76.04000091552734,76.04000091552734,76.04000091552734,76.04000091552734,0,0.0,0.0
2007-06-29 00:00:00-04:00,76.94000244140625,76.94000244140625,76.94000244140625,76.94000244140625,0,0.0,0.0
2007-07-02 00:00:00-04:00,75.55999755859375,75.55999755859375,75.55999755859375,75.55999755859375,0,0.0,0.0
2007-07-03 00:00:00-04:00,74.62999725341797,74.62999725341797,74.62999725341797,74.62999725341797,0,0.0,0.0
2007-07-05 00:00:00-04:00,75.86000061035156,75.86000061035156,75.86000061035156,75.86000061035156,0,0.0,0.0
2007-07-06 00:00:00-04:00,74.8499984741211,74.8499984741211,74.8499984741211,74.8499984741211,0,0.0,0.0
2007-07-09 00:00:00-04:00,73.05000305175781,73.05000305175781,73.05000305175781,73.05000305175781,0,0.0,0.0
2007-07-10 00:00:00-04:00,79.98999786376953,79.98999786376953,79.98999786376953,79.98999786376953,0,0.0,0.0
2007-07-11 00:00:00-04:00,81.55000305175781,81.55000305175781,81.55000305175781,81.55000305175781,0,0.0,0.0
2007-07-12 00:00:00-04:00,76.5999984741211,76.5999984741211,76.5999984741211,76.5999984741211,0,0.0,0.0
2007-07-13 00:00:00-04:00,76.6500015258789,76.6500015258789,76.6500015258789,76.6500015258789,0,0.0,0.0
2007-07-16 00:00:00-04:00,72.55999755859375,72.55999755859375,72.55999755859375,72.55999755859375,0,0.0,0.0
2007-07-17 00:00:00-04:00,72.41000366210938,72.41000366210938,72.41000366210938,72.41000366210938,0,0.0,0.0
2007-07-18 00:00:00-04:00,73.56999969482422,73.56999969482422,73.56999969482422,73.56999969482422,0,0.0,0.0
2007-07-19 00:00:00-04:00,72.0199966430664,72.0199966430664,72.0199966430664,72.0199966430664,0,0.0,0.0
2007-07-20 00:00:00-04:00,73.76000213623047,73.76000213623047,73.76000213623047,73.76000213623047,0,0.0,0.0
2007-07-23 00:00:00-04:00,74.55999755859375,74.55999755859375,74.55999755859375,74.55999755859375,0,0.0,0.0
2007-07-24 00:00:00-04:00,79.31999969482422,79.31999969482422,79.31999969482422,79.31999969482422,0,0.0,0.0
2007-07-25 00:00:00-04:00,75.30999755859375,75.30999755859375,75.30999755859375,75.30999755859375,0,0.0,0.0
2007-07-26 00:00:00-04:00,87.37999725341797,87.37999725341797,87.37999725341797,87.37999725341797,0,0.0,0.0
2007-07-27 00:00:00-04:00,97.2300033569336,97.2300033569336,97.2300033569336,97.2300033569336,0,0.0,0.0
2007-07-30 00:00:00-04:00,97.44999694824219,97.44999694824219,97.44999694824219,97.44999694824219,0,0.0,0.0
2007-07-31 00:00:00-04:00,104.08000183105469,104.08000183105469,104.08000183105469,104.08000183105469,0,0.0,0.0
2007-08-01 00:00:00-04:00,108.86000061035156,108.86000061035156,108.86000061035156,108.86000061035156,0,0.0,0.0
2007-08-02 00:00:00-04:00,100.80000305175781,100.80000305175781,100.80000305175781,100.80000305175781,0,0.0,0.0
2007-08-03 00:00:00-04:00,104.05000305175781,104.05000305175781,104.05000305175781,104.05000305175781,0,0.0,0.0
2007-08-06 00:00:00-04:00,95.22000122070312,95.22000122070312,95.22000122070312,95.22000122070312,0,0.0,0.0
2007-08-07 00:00:00-04:00,85.95999908447266,85.95999908447266,85.95999908447266,85.95999908447266,0,0.0,0.0
2007-08-08 00:00:00-04:00,82.5199966430664,82.5199966430664,82.5199966430664,82.5199966430664,0,0.0,0.0
2007-08-09 00:00:00-04:00,99.87000274658203,99.87000274658203,99.87000274658203,99.87000274658203,0,0.0,0.0
2007-08-10 00:00:00-04:00,108.91000366210938,108.91000366210938,108.91000366210938,108.91000366210938,0,0.0,0.0
2007-08-13 00:00:00-04:00,108.56999969482422,108.56999969482422,108.56999969482422,108.56999969482422,0,0.0,0.0
2007-08-14 00:00:00-04:00,114.95999908447266,114.95999908447266,114.95999908447266,114.95999908447266,0,0.0,0.0
2007-08-15 00:00:00-04:00,121.66999816894531,121.66999816894531,121.66999816894531,121.66999816894531,0,0.0,0.0
2007-08-16 00:00:00-04:00,142.99000549316406,142.99000549316406,142.99000549316406,142.99000549316406,0,0.0,0.0
2007-08-17 00:00:00-04:00,133.8699951171875,133.8699951171875,133.8699951171875,133.8699951171875,0,0.0,0.0
2007-08-20 00:00:00-04:00,125.04000091552734,125.04000091552734,125.04000091552734,125.04000091552734,0,0.0,0.0
2007-08-21 00:00:00-04:00,122.5999984741211,122.5999984741211,122.5999984741211,122.5999984741211,0,0.0,0.0
2007-08-22 00:00:00-04:00,117.47000122070312,117.47000122070312,117.47000122070312,117.47000122070312,0,0.0,0.0
2007-08-23 00:00:00-04:00,117.41999816894531,117.41999816894531,117.41999816894531,117.41999816894531,0,0.0,0.0
2007-08-24 00:00:00-04:00,111.94999694824219,111.94999694824219,111.94999694824219,111.94999694824219,0,0.0,0.0
2007-08-27 00:00:00-04:00,115.23999786376953,115.23999786376953,115.23999786376953,115.23999786376953,0,0.0,0.0
2007-08-28 00:00:00-04:00,119.79000091552734,119.79000091552734,119.79000091552734,119.79000091552734,0,0.0,0.0
2007-08-29 00:00:00-04:00,113.22000122070312,113.22000122070312,113.22000122070312,113.22000122070312,0,0.0,0.0
2007-08-30 00:00:00-04:00,112.66000366210938,112.66000366210938,112.66000366210938,112.66000366210938,0,0.0,0.0
2007-08-31 00:00:00-04:00,109.2699966430664,109.2699966430664,109.2699966430664,109.2699966430664,0,0.0,0.0
2007-09-04 00:00:00-04:00,104.87000274658203,104.87000274658203,104.87000274658203,104.87000274658203,0,0.0,0.0
2007-09-05 00:00:00-04:00,107.91000366210938,107.91000366210938,107.91000366210938,107.91000366210938,0,0.0,0.0
2007-09-06 00:00:00-04:00,106.5999984741211,106.5999984741211,106.5999984741211,106.5999984741211,0,0.0,0.0
2007-09-07 00:00:00-04:00,108.22000122070312,108.22000122070312,108.22000122070312,108.22000122070312,0,0.0,0.0
2007-09-10 00:00:00-04:00,107.06999969482422,107.06999969482422,107.06999969482422,107.06999969482422,0,0.0,0.0
2007-09-11 00:00:00-04:00,103.75,103.75,103.75,103.75,0,0.0,0.0
2007-09-12 00:00:00-04:00,106.94999694824219,106.94999694824219,106.94999694824219,106.94999694824219,0,0.0,0.0
2007-09-13 00:00:00-04:00,104.62999725341797,104.62999725341797,104.62999725341797,104.62999725341797,0,0.0,0.0
2007-09-14 00:00:00-04:00,104.38999938964844,104.38999938964844,104.38999938964844,104.38999938964844,0,0.0,0.0
2007-09-17 00:00:00-04:00,102.22000122070312,102.22000122070312,102.22000122070312,102.22000122070312,0,0.0,0.0
2007-09-18 00:00:00-04:00,92.33000183105469,92.33000183105469,92.33000183105469,92.33000183105469,0,0.0,0.0
2007-09-19 00:00:00-04:00,97.69999694824219,97.69999694824219,97.69999694824219,97.69999694824219,0,0.0,0.0
2007-09-20 00:00:00-04:00,97.37999725341797,97.37999725341797,97.37999725341797,97.37999725341797,0,0.0,0.0
2007-09-21 00:00:00-04:00,98.13999938964844,98.13999938964844,98.13999938964844,98.13999938964844,0,0.0,0.0
2007-09-24 00:00:00-04:00,94.2699966430664,94.2699966430664,94.2699966430664,94.2699966430664,0,0.0,0.0
2007-09-25 00:00:00-04:00,94.33000183105469,94.33000183105469,94.33000183105469,94.33000183105469,0,0.0,0.0
2007-09-26 00:00:00-04:00,89.48999786376953,89.48999786376953,89.48999786376953,89.48999786376953,0,0.0,0.0
2007-09-27 00:00:00-04:00,87.56999969482422,87.56999969482422,87.56999969482422,87.56999969482422,0,0.0,0.0
2007-09-28 00:00:00-04:00,87.12999725341797,87.12999725341797,87.12999725341797,87.12999725341797,0,0.0,0.0
2007-10-01 00:00:00-04:00,84.4800033569336,84.4800033569336,84.4800033569336,84.4800033569336,0,0.0,0.0
2007-10-02 00:00:00-04:00,88.73999786376953,88.73999786376953,88.73999786376953,88.73999786376953,0,0.0,0.0
2007-10-03 00:00:00-04:00,87.6500015258789,87.6500015258789,87.6500015258789,87.6500015258789,0,0.0,0.0
2007-10-04 00:00:00-04:00,89.37999725341797,89.37999725341797,89.37999725341797,89.37999725341797,0,0.0,0.0
2007-10-05 00:00:00-04:00,83.91000366210938,83.91000366210938,83.91000366210938,83.91000366210938,0,0.0,0.0
2007-10-08 00:00:00-04:00,84.95999908447266,84.95999908447266,84.95999908447266,84.95999908447266,0,0.0,0.0
2007-10-09 00:00:00-04:00,79.93000030517578,79.93000030517578,79.93000030517578,79.93000030517578,0,0.0,0.0
2007-10-10 00:00:00-04:00,87.45999908447266,87.45999908447266,87.45999908447266,87.45999908447266,0,0.0,0.0
2007-10-11 00:00:00-04:00,95.77999877929688,95.77999877929688,95.77999877929688,95.77999877929688,0,0.0,0.0
2007-10-12 00:00:00-04:00,90.62999725341797,90.62999725341797,90.62999725341797,90.62999725341797,0,0.0,0.0
2007-10-15 00:00:00-04:00,86.18000030517578,86.18000030517578,86.18000030517578,86.18000030517578,0,0.0,0.0
2007-10-16 00:00:00-04:00,91.47000122070312,91.47000122070312,91.47000122070312,91.47000122070312,0,0.0,0.0
2007-10-17 00:00:00-04:00,89.4800033569336,89.4800033569336,89.4800033569336,89.4800033569336,0,0.0,0.0
2007-10-18 00:00:00-04:00,83.37000274658203,83.37000274658203,83.37000274658203,83.37000274658203,0,0.0,0.0
2007-10-19 00:00:00-04:00,91.55999755859375,91.55999755859375,91.55999755859375,91.55999755859375,0,0.0,0.0
2007-10-22 00:00:00-04:00,88.16999816894531,88.16999816894531,88.16999816894531,88.16999816894531,0,0.0,0.0
2007-10-23 00:00:00-04:00,86.41999816894531,86.41999816894531,86.41999816894531,86.41999816894531,0,0.0,0.0
2007-10-24 00:00:00-04:00,89.13999938964844,89.13999938964844,89.13999938964844,89.13999938964844,0,0.0,0.0
2007-10-25 00:00:00-04:00,90.81999969482422,90.81999969482422,90.81999969482422,90.81999969482422,0,0.0,0.0
2007-10-26 00:00:00-04:00,95.36000061035156,95.36000061035156,95.36000061035156,95.36000061035156,0,0.0,0.0
2007-10-29 00:00:00-04:00,95.01000213623047,95.01000213623047,95.01000213623047,95.01000213623047,0,0.0,0.0
2007-10-30 00:00:00-04:00,100.37000274658203,100.37000274658203,100.37000274658203,100.37000274658203,0,0.0,0.0
2007-10-31 00:00:00-04:00,93.62000274658203,93.62000274658203,93.62000274658203,93.62000274658203,0,0.0,0.0
2007-11-01 00:00:00-04:00,97.52999877929688,97.52999877929688,97.52999877929688,97.52999877929688,0,0.0,0.0
2007-11-02 00:00:00-04:00,97.45999908447266,97.45999908447266,97.45999908447266,97.45999908447266,0,0.0,0.0
2007-11-05 00:00:00-05:00,97.29000091552734,97.29000091552734,97.29000091552734,97.29000091552734,0,0.0,0.0
2007-11-06 00:00:00-05:00,92.69999694824219,92.69999694824219,92.69999694824219,92.69999694824219,0,0.0,0.0
2007-11-07 00:00:00-05:00,98.16999816894531,98.16999816894531,98.16999816894531,98.16999816894531,0,0.0,0.0
2007-11-08 00:00:00-05:00,97.36000061035156,97.36000061035156,97.36000061035156,97.36000061035156,0,0.0,0.0
2007-11-09 00:00:00-05:00,97.86000061035156,97.86000061035156,97.86000061035156,97.86000061035156,0,0.0,0.0
2007-11-12 00:00:00-05:00,98.08999633789062,98.08999633789062,98.08999633789062,98.08999633789062,0,0.0,0.0
2007-11-13 00:00:00-05:00,92.58000183105469,92.58000183105469,92.58000183105469,92.58000183105469,0,0.0,0.0
2007-11-14 00:00:00-05:00,94.38999938964844,94.38999938964844,94.38999938964844,94.38999938964844,0,0.0,0.0
2007-11-15 00:00:00-05:00,92.95999908447266,92.95999908447266,92.95999908447266,92.95999908447266,0,0.0,0.0
2007-11-16 00:00:00-05:00,92.80000305175781,92.80000305175781,92.80000305175781,92.80000305175781,0,0.0,0.0
2007-11-19 00:00:00-05:00,91.12999725341797,91.12999725341797,91.12999725341797,91.12999725341797,0,0.0,0.0
2007-11-20 00:00:00-05:00,91.33999633789062,91.33999633789062,91.33999633789062,91.33999633789062,0,0.0,0.0
2007-11-21 00:00:00-05:00,94.48999786376953,94.48999786376953,94.48999786376953,94.48999786376953,0,0.0,0.0
2007-11-23 00:00:00-05:00,89.62000274658203,89.62000274658203,89.62000274658203,89.62000274658203,0,0.0,0.0
2007-11-26 00:00:00-05:00,91.55000305175781,91.55000305175781,91.55000305175781,91.55000305175781,0,0.0,0.0
2007-11-27 00:00:00-05:00,90.69999694824219,90.69999694824219,90.69999694824219,90.69999694824219,0,0.0,0.0
2007-11-28 00:00:00-05:00,91.62000274658203,91.62000274658203,91.62000274658203,91.62000274658203,0,0.0,0.0
2007-11-29 00:00:00-05:00,91.08000183105469,91.08000183105469,91.08000183105469,91.08000183105469,0,0.0,0.0
2007-11-30 00:00:00-05:00,88.87999725341797,88.87999725341797,88.87999725341797,88.87999725341797,0,0.0,0.0
2007-12-03 00:00:00-05:00,87.44999694824219,87.44999694824219,87.44999694824219,87.44999694824219,0,0.0,0.0
2007-12-04 00:00:00-05:00,86.8499984741211,86.8499984741211,86.8499984741211,86.8499984741211,0,0.0,0.0
2007-12-05 00:00:00-05:00,83.08000183105469,83.08000183105469,83.08000183105469,83.08000183105469,0,0.0,0.0
2007-12-06 00:00:00-05:00,81.51000213623047,81.51000213623047,81.51000213623047,81.51000213623047,0,0.0,0.0
2007-12-07 00:00:00-05:00,82.47000122070312,82.47000122070312,82.47000122070312,82.47000122070312,0,0.0,0.0
2007-12-10 00:00:00-05:00,81.5,81.5,81.5,81.5,0,0.0,0.0
2007-12-11 00:00:00-05:00,82.58000183105469,82.58000183105469,82.58000183105469,82.58000183105469,0,0.0,0.0
2007-12-12 00:00:00-05:00,89.41000366210938,89.41000366210938,89.41000366210938,89.41000366210938,0,0.0,0.0
2007-12-13 00:00:00-05:00,88.19000244140625,88.19000244140625,88.19000244140625,88.19000244140625,0,0.0,0.0
2007-12-14 00:00:00-05:00,85.81999969482422,85.81999969482422,85.81999969482422,85.81999969482422,0,0.0,0.0
2007-12-17 00:00:00-05:00,85.37999725341797,85.37999725341797,85.37999725341797,85.37999725341797,0,0.0,0.0
2007-12-18 00:00:00-05:00,80.83000183105469,80.83000183105469,80.83000183105469,80.83000183105469,0,0.0,0.0
2007-12-19 00:00:00-05:00,83.47000122070312,83.47000122070312,83.47000122070312,83.47000122070312,0,0.0,0.0
2007-12-20 00:00:00-05:00,79.44000244140625,79.44000244140625,79.44000244140625,79.44000244140625,0,0.0,0.0
2007-12-21 00:00:00-05:00,82.87000274658203,82.87000274658203,82.87000274658203,82.87000274658203,0,0.0,0.0
2007-12-24 00:00:00-05:00,79.8499984741211,79.8499984741211,79.8499984741211,79.8499984741211,0,0.0,0.0
2007-12-26 00:00:00-05:00,80.79000091552734,80.79000091552734,80.79000091552734,80.79000091552734,0,0.0,0.0
2007-12-27 00:00:00-05:00,84.36000061035156,84.36000061035156,84.36000061035156,84.36000061035156,0,0.0,0.0
2007-12-28 00:00:00-05:00,84.02999877929688,84.02999877929688,84.02999877929688,84.02999877929688,0,0.0,0.0
2007-12-31 00:00:00-05:00,82.19000244140625,82.19000244140625,82.19000244140625,82.19000244140625,0,0.0,0.0
2008-01-02 00:00:00-05:00,80.58000183105469,80.58000183105469,80.58000183105469,80.58000183105469,0,0.0,0.0
2008-01-03 00:00:00-05:00,79.33000183105469,79.33000183105469,79.33000183105469,79.33000183105469,0,0.0,0.0
2008-01-04 00:00:00-05:00,81.45999908447266,81.45999908447266,81.45999908447266,81.45999908447266,0,0.0,0.0
2008-01-07 00:00:00-05:00,79.51000213623047,79.51000213623047,79.51000213623047,79.51000213623047,0,0.0,0.0
2008-01-08 00:00:00-05:00,79.58999633789062,79.58999633789062,79.58999633789062,79.58999633789062,0,0.0,0.0
2008-01-09 00:00:00-05:00,89.37000274658203,89.37000274658203,89.37000274658203,89.37000274658203,0,0.0,0.0
2008-01-10 00:00:00-05:00,84.9800033569336,84.9800033569336,84.9800033569336,84.9800033569336,0,0.0,0.0
2008-01-11 00:00:00-05:00,84.66000366210938,84.66000366210938,84.66000366210938,84.66000366210938,0,0.0,0.0
2008-01-14 00:00:00-05:00,86.95999908447266,86.95999908447266,86.95999908447266,86.95999908447266,0,0.0,0.0
2008-01-15 00:00:00-05:00,81.12999725341797,81.12999725341797,81.12999725341797,81.12999725341797,0,0.0,0.0
2008-01-16 00:00:00-05:00,80.51000213623047,80.51000213623047,80.51000213623047,80.51000213623047,0,0.0,0.0
2008-01-17 00:00:00-05:00,84.98999786376953,84.98999786376953,84.98999786376953,84.98999786376953,0,0.0,0.0
2008-01-18 00:00:00-05:00,77.23999786376953,77.23999786376953,77.23999786376953,77.23999786376953,0,0.0,0.0
2008-01-22 00:00:00-05:00,86.58000183105469,86.58000183105469,86.58000183105469,86.58000183105469,0,0.0,0.0
2008-01-23 00:00:00-05:00,82.68000030517578,82.68000030517578,82.68000030517578,82.68000030517578,0,0.0,0.0
2008-01-24 00:00:00-05:00,81.30999755859375,81.30999755859375,81.30999755859375,81.30999755859375,0,0.0,0.0
2008-01-25 00:00:00-05:00,79.0,79.0,79.0,79.0,0,0.0,0.0
2008-01-28 00:00:00-05:00,76.43000030517578,76.43000030517578,76.43000030517578,76.43000030517578,0,0.0,0.0
2008-01-29 00:00:00-05:00,77.45999908447266,77.45999908447266,77.45999908447266,77.45999908447266,0,0.0,0.0
2008-01-30 00:00:00-05:00,76.41000366210938,76.41000366210938,76.41000366210938,76.41000366210938,0,0.0,0.0
2008-01-31 00:00:00-05:00,75.20999908447266,75.20999908447266,75.20999908447266,75.20999908447266,0,0.0,0.0
2008-02-01 00:00:00-05:00,73.94000244140625,73.94000244140625,73.94000244140625,73.94000244140625,0,0.0,0.0
2008-02-04 00:00:00-05:00,73.9000015258789,73.9000015258789,73.9000015258789,73.9000015258789,0,0.0,0.0
2008-02-05 00:00:00-05:00,75.05999755859375,75.05999755859375,75.05999755859375,75.05999755859375,0,0.0,0.0
2008-02-06 00:00:00-05:00,74.62999725341797,74.62999725341797,74.62999725341797,74.62999725341797,0,0.0,0.0
2008-02-07 00:00:00-05:00,72.0,72.0,72.0,72.0,0,0.0,0.0
2008-02-08 00:00:00-05:00,72.5999984741211,72.5999984741211,72.5999984741211,72.5999984741211,0,0.0,0.0
2008-02-11 00:00:00-05:00,71.41000366210938,71.41000366210938,71.41000366210938,71.41000366210938,0,0.0,0.0
2008-02-12 00:00:00-05:00,72.5199966430664,72.5199966430664,72.5199966430664,72.5199966430664,0,0.0,0.0
2008-02-13 00:00:00-05:00,71.44000244140625,71.44000244140625,71.44000244140625,71.44000244140625,0,0.0,0.0
2008-02-14 00:00:00-05:00,69.2300033569336,69.2300033569336,69.2300033569336,69.2300033569336,0,0.0,0.0
2008-02-15 00:00:00-05:00,74.72000122070312,74.72000122070312,74.72000122070312,74.72000122070312,0,0.0,0.0
2008-02-19 00:00:00-05:00,69.5999984741211,69.5999984741211,69.5999984741211,69.5999984741211,0,0.0,0.0
2008-02-20 00:00:00-05:00,71.29000091552734,71.29000091552734,71.29000091552734,71.29000091552734,0,0.0,0.0
2008-02-21 00:00:00-05:00,69.6500015258789,69.6500015258789,69.6500015258789,69.6500015258789,0,0.0,0.0
2008-02-22 00:00:00-05:00,65.47000122070312,65.47000122070312,65.47000122070312,65.47000122070312,0,0.0,0.0
2008-02-25 00:00:00-05:00,68.91999816894531,68.91999816894531,68.91999816894531,68.91999816894531,0,0.0,0.0
2008-02-26 00:00:00-05:00,68.58999633789062,68.58999633789062,68.58999633789062,68.58999633789062,0,0.0,0.0
2008-02-27 00:00:00-05:00,67.55999755859375,67.55999755859375,67.55999755859375,67.55999755859375,0,0.0,0.0
2008-02-28 00:00:00-05:00,66.61000061035156,66.61000061035156,66.61000061035156,66.61000061035156,0,0.0,0.0
2008-02-29 00:00:00-05:00,69.80999755859375,69.80999755859375,69.80999755859375,69.80999755859375,0,0.0,0.0
2008-03-03 00:00:00-05:00,71.0199966430664,71.0199966430664,71.0199966430664,71.0199966430664,0,0.0,0.0
2008-03-04 00:00:00-05:00,69.94999694824219,69.94999694824219,69.94999694824219,69.94999694824219,0,0.0,0.0
2008-03-05 00:00:00-05:00,68.51000213623047,68.51000213623047,68.51000213623047,68.51000213623047,0,0.0,0.0
2008-03-06 00:00:00-05:00,74.52999877929688,74.52999877929688,74.52999877929688,74.52999877929688,0,0.0,0.0
2008-03-07 00:00:00-05:00,76.0199966430664,76.0199966430664,76.0199966430664,76.0199966430664,0,0.0,0.0
2008-03-10 00:00:00-04:00,77.44999694824219,77.44999694824219,77.44999694824219,77.44999694824219,0,0.0,0.0
2008-03-11 00:00:00-04:00,73.76000213623047,73.76000213623047,73.76000213623047,73.76000213623047,0,0.0,0.0
2008-03-12 00:00:00-04:00,73.94000244140625,73.94000244140625,73.94000244140625,73.94000244140625,0,0.0,0.0
2008-03-13 00:00:00-04:00,75.55999755859375,75.55999755859375,75.55999755859375,75.55999755859375,0,0.0,0.0
2008-03-14 00:00:00-04:00,80.98999786376953,80.98999786376953,80.98999786376953,80.98999786376953,0,0.0,0.0
2008-03-17 00:00:00-04:00,80.70999908447266,80.70999908447266,80.70999908447266,80.70999908447266,0,0.0,0.0
2008-03-18 00:00:00-04:00,72.97000122070312,72.97000122070312,72.97000122070312,72.97000122070312,0,0.0,0.0
2008-03-19 00:00:00-04:00,70.5,70.5,70.5,70.5,0,0.0,0.0
2008-03-20 00:00:00-04:00,66.97000122070312,66.97000122070312,66.97000122070312,66.97000122070312,0,0.0,0.0
2008-03-24 00:00:00-04:00,68.81999969482422,68.81999969482422,68.81999969482422,68.81999969482422,0,0.0,0.0
2008-03-25 00:00:00-04:00,68.6500015258789,68.6500015258789,68.6500015258789,68.6500015258789,0,0.0,0.0
2008-03-26 00:00:00-04:00,69.55999755859375,69.55999755859375,69.55999755859375,69.55999755859375,0,0.0,0.0
2008-03-27 00:00:00-04:00,69.0,69.0,69.0,69.0,0,0.0,0.0
2008-03-28 00:00:00-04:00,68.79000091552734,68.79000091552734,68.79000091552734,68.79000091552734,0,0.0,0.0
2008-03-31 00:00:00-04:00,67.63999938964844,67.63999938964844,67.63999938964844,67.63999938964844,0,0.0,0.0
2008-04-01 00:00:00-04:00,66.95999908447266,66.95999908447266,66.95999908447266,66.95999908447266,0,0.0,0.0
2008-04-02 00:00:00-04:00,67.61000061035156,67.61000061035156,67.61000061035156,67.61000061035156,0,0.0,0.0
2008-04-03 00:00:00-04:00,66.11000061035156,66.11000061035156,66.11000061035156,66.11000061035156,0,0.0,0.0
2008-04-04 00:00:00-04:00,64.55999755859375,64.55999755859375,64.55999755859375,64.55999755859375,0,0.0,0.0
2008-04-07 00:00:00-04:00,67.4000015258789,67.4000015258789,67.4000015258789,67.4000015258789,0,0.0,0.0
2008-04-08 00:00:00-04:00,67.30000305175781,67.30000305175781,67.30000305175781,67.30000305175781,0,0.0,0.0
2008-04-09 00:00:00-04:00,75.23999786376953,75.23999786376953,75.23999786376953,75.23999786376953,0,0.0,0.0
2008-04-10 00:00:00-04:00,75.47000122070312,75.47000122070312,75.47000122070312,75.47000122070312,0,0.0,0.0
2008-04-11 00:00:00-04:00,74.73999786376953,74.73999786376953,74.73999786376953,74.73999786376953,0,0.0,0.0
2008-04-14 00:00:00-04:00,72.38999938964844,72.38999938964844,72.38999938964844,72.38999938964844,0,0.0,0.0
2008-04-15 00:00:00-04:00,68.1500015258789,68.1500015258789,68.1500015258789,68.1500015258789,0,0.0,0.0
2008-04-16 00:00:00-04:00,66.36000061035156,66.36000061035156,66.36000061035156,66.36000061035156,0,0.0,0.0
2008-04-17 00:00:00-04:00,65.08999633789062,65.08999633789062,65.08999633789062,65.08999633789062,0,0.0,0.0
2008-04-18 00:00:00-04:00,62.09000015258789,62.09000015258789,62.09000015258789,62.09000015258789,0,0.0,0.0
2008-04-21 00:00:00-04:00,63.43000030517578,63.43000030517578,63.43000030517578,63.43000030517578,0,0.0,0.0
2008-04-22 00:00:00-04:00,62.84000015258789,62.84000015258789,62.84000015258789,62.84000015258789,0,0.0,0.0
2008-04-23 00:00:00-04:00,59.7400016784668,59.7400016784668,59.7400016784668,59.7400016784668,0,0.0,0.0
2008-04-24 00:00:00-04:00,62.75,62.75,62.75,62.75,0,0.0,0.0
2008-04-25 00:00:00-04:00,65.98999786376953,65.98999786376953,65.98999786376953,65.98999786376953,0,0.0,0.0
2008-04-28 00:00:00-04:00,66.4800033569336,66.4800033569336,66.4800033569336,66.4800033569336,0,0.0,0.0
2008-04-29 00:00:00-04:00,65.41999816894531,65.41999816894531,65.41999816894531,65.41999816894531,0,0.0,0.0
2008-04-30 00:00:00-04:00,64.69000244140625,64.69000244140625,64.69000244140625,64.69000244140625,0,0.0,0.0
2008-05-01 00:00:00-04:00,63.060001373291016,63.060001373291016,63.060001373291016,63.060001373291016,0,0.0,0.0
2008-05-02 00:00:00-04:00,63.68000030517578,63.68000030517578,63.68000030517578,63.68000030517578,0,0.0,0.0
2008-05-05 00:00:00-04:00,70.0999984741211,70.0999984741211,70.0999984741211,70.0999984741211,0,0.0,0.0
2008-05-06 00:00:00-04:00,69.04000091552734,69.04000091552734,69.04000091552734,69.04000091552734,0,0.0,0.0
2008-05-07 00:00:00-04:00,72.81999969482422,72.81999969482422,72.81999969482422,72.81999969482422,0,0.0,0.0
2008-05-08 00:00:00-04:00,73.44999694824219,73.44999694824219,73.44999694824219,73.44999694824219,0,0.0,0.0
2008-05-09 00:00:00-04:00,73.79000091552734,73.79000091552734,73.79000091552734,73.79000091552734,0,0.0,0.0
2008-05-12 00:00:00-04:00,72.0,72.0,72.0,72.0,0,0.0,0.0
2008-05-13 00:00:00-04:00,68.62000274658203,68.62000274658203,68.62000274658203,68.62000274658203,0,0.0,0.0
2008-05-14 00:00:00-04:00,71.18000030517578,71.18000030517578,71.18000030517578,71.18000030517578,0,0.0,0.0
2008-05-15 00:00:00-04:00,71.16000366210938,71.16000366210938,71.16000366210938,71.16000366210938,0,0.0,0.0
2008-05-16 00:00:00-04:00,75.7699966430664,75.7699966430664,75.7699966430664,75.7699966430664,0,0.0,0.0
2008-05-19 00:00:00-04:00,76.62999725341797,76.62999725341797,76.62999725341797,76.62999725341797,0,0.0,0.0
2008-05-20 00:00:00-04:00,79.80000305175781,79.80000305175781,79.80000305175781,79.80000305175781,0,0.0,0.0
2008-05-21 00:00:00-04:00,80.12000274658203,80.12000274658203,80.12000274658203,80.12000274658203,0,0.0,0.0
2008-05-22 00:00:00-04:00,83.62000274658203,83.62000274658203,83.62000274658203,83.62000274658203,0,0.0,0.0
2008-05-23 00:00:00-04:00,79.62999725341797,79.62999725341797,79.62999725341797,79.62999725341797,0,0.0,0.0
2008-05-27 00:00:00-04:00,79.3499984741211,79.3499984741211,79.3499984741211,79.3499984741211,0,0.0,0.0
2008-05-28 00:00:00-04:00,77.69999694824219,77.69999694824219,77.69999694824219,77.69999694824219,0,0.0,0.0
2008-05-29 00:00:00-04:00,74.19999694824219,74.19999694824219,74.19999694824219,74.19999694824219,0,0.0,0.0
2008-05-30 00:00:00-04:00,73.45999908447266,73.45999908447266,73.45999908447266,73.45999908447266,0,0.0,0.0
2008-06-02 00:00:00-04:00,78.5999984741211,78.5999984741211,78.5999984741211,78.5999984741211,0,0.0,0.0
2008-06-03 00:00:00-04:00,79.72000122070312,79.72000122070312,79.72000122070312,79.72000122070312,0,0.0,0.0
2008-06-04 00:00:00-04:00,81.04000091552734,81.04000091552734,81.04000091552734,81.04000091552734,0,0.0,0.0
2008-06-05 00:00:00-04:00,79.3499984741211,79.3499984741211,79.3499984741211,79.3499984741211,0,0.0,0.0
2008-06-06 00:00:00-04:00,88.77999877929688,88.77999877929688,88.77999877929688,88.77999877929688,0,0.0,0.0
2008-06-09 00:00:00-04:00,92.2300033569336,92.2300033569336,92.2300033569336,92.2300033569336,0,0.0,0.0
2008-06-10 00:00:00-04:00,91.9800033569336,91.9800033569336,91.9800033569336,91.9800033569336,0,0.0,0.0
2008-06-11 00:00:00-04:00,93.87000274658203,93.87000274658203,93.87000274658203,93.87000274658203,0,0.0,0.0
2008-06-12 00:00:00-04:00,92.41000366210938,92.41000366210938,92.41000366210938,92.41000366210938,0,0.0,0.0
2008-06-13 00:00:00-04:00,86.91000366210938,86.91000366210938,86.91000366210938,86.91000366210938,0,0.0,0.0
2008-06-16 00:00:00-04:00,84.16999816894531,84.16999816894531,84.16999816894531,84.16999816894531,0,0.0,0.0
2008-06-17 00:00:00-04:00,80.88999938964844,80.88999938964844,80.88999938964844,80.88999938964844,0,0.0,0.0
2008-06-18 00:00:00-04:00,81.55999755859375,81.55999755859375,81.55999755859375,81.55999755859375,0,0.0,0.0
2008-06-19 00:00:00-04:00,77.91000366210938,77.91000366210938,77.91000366210938,77.91000366210938,0,0.0,0.0
2008-06-20 00:00:00-04:00,78.3499984741211,78.3499984741211,78.3499984741211,78.3499984741211,0,0.0,0.0
2008-06-23 00:00:00-04:00,78.37000274658203,78.37000274658203,78.37000274658203,78.37000274658203,0,0.0,0.0
2008-06-24 00:00:00-04:00,77.41000366210938,77.41000366210938,77.41000366210938,77.41000366210938,0,0.0,0.0
2008-06-25 00:00:00-04:00,76.01000213623047,76.01000213623047,76.01000213623047,76.01000213623047,0,0.0,0.0
2008-06-26 00:00:00-04:00,79.87000274658203,79.87000274658203,79.87000274658203,79.87000274658203,0,0.0,0.0
2008-06-27 00:00:00-04:00,79.54000091552734,79.54000091552734,79.54000091552734,79.54000091552734,0,0.0,0.0
2008-06-30 00:00:00-04:00,79.66000366210938,79.66000366210938,79.66000366210938,79.66000366210938,0,0.0,0.0
2008-07-01 00:00:00-04:00,79.44000244140625,79.44000244140625,79.44000244140625,79.44000244140625,0,0.0,0.0
2008-07-02 00:00:00-04:00,79.19000244140625,79.19000244140625,79.19000244140625,79.19000244140625,0,0.0,0.0
2008-07-03 00:00:00-04:00,76.44000244140625,76.44000244140625,76.44000244140625,76.44000244140625,0,0.0,0.0
2008-07-07 00:00:00-04:00,75.43000030517578,75.43000030517578,75.43000030517578,75.43000030517578,0,0.0,0.0
2008-07-08 00:00:00-04:00,76.02999877929688,76.02999877929688,76.02999877929688,76.02999877929688,0,0.0,0.0
2008-07-09 00:00:00-04:00,81.69000244140625,81.69000244140625,81.69000244140625,81.69000244140625,0,0.0,0.0
2008-07-10 00:00:00-04:00,79.94000244140625,79.94000244140625,79.94000244140625,79.94000244140625,0,0.0,0.0
2008-07-11 00:00:00-04:00,77.18000030517578,77.18000030517578,77.18000030517578,77.18000030517578,0,0.0,0.0
2008-07-14 00:00:00-04:00,78.83000183105469,78.83000183105469,78.83000183105469,78.83000183105469,0,0.0,0.0
2008-07-15 00:00:00-04:00,73.06999969482422,73.06999969482422,73.06999969482422,73.06999969482422,0,0.0,0.0
2008-07-16 00:00:00-04:00,73.22000122070312,73.22000122070312,73.22000122070312,73.22000122070312,0,0.0,0.0
2008-07-17 00:00:00-04:00,72.45999908447266,72.45999908447266,72.45999908447266,72.45999908447266,0,0.0,0.0
2008-07-18 00:00:00-04:00,70.29000091552734,70.29000091552734,70.29000091552734,70.29000091552734,0,0.0,0.0
2008-07-21 00:00:00-04:00,71.5999984741211,71.5999984741211,71.5999984741211,71.5999984741211,0,0.0,0.0
2008-07-22 00:00:00-04:00,68.38999938964844,68.38999938964844,68.38999938964844,68.38999938964844,0,0.0,0.0
2008-07-23 00:00:00-04:00,67.25,67.25,67.25,67.25,0,0.0,0.0
2008-07-24 00:00:00-04:00,74.9000015258789,74.9000015258789,74.9000015258789,74.9000015258789,0,0.0,0.0
2008-07-25 00:00:00-04:00,73.69999694824219,73.69999694824219,73.69999694824219,73.69999694824219,0,0.0,0.0
2008-07-28 00:00:00-04:00,74.9000015258789,74.9000015258789,74.9000015258789,74.9000015258789,0,0.0,0.0
2008-07-29 00:00:00-04:00,71.02999877929688,71.02999877929688,71.02999877929688,71.02999877929688,0,0.0,0.0
2008-07-30 00:00:00-04:00,67.20999908447266,67.20999908447266,67.20999908447266,67.20999908447266,0,0.0,0.0
2008-07-31 00:00:00-04:00,72.94999694824219,72.94999694824219,72.94999694824219,72.94999694824219,0,0.0,0.0
2008-08-01 00:00:00-04:00,72.7300033569336,72.7300033569336,72.7300033569336,72.7300033569336,0,0.0,0.0
2008-08-04 00:00:00-04:00,73.16999816894531,73.16999816894531,73.16999816894531,73.16999816894531,0,0.0,0.0
2008-08-05 00:00:00-04:00,70.27999877929688,70.27999877929688,70.27999877929688,70.27999877929688,0,0.0,0.0
2008-08-06 00:00:00-04:00,71.5999984741211,71.5999984741211,71.5999984741211,71.5999984741211,0,0.0,0.0
2008-08-07 00:00:00-04:00,73.11000061035156,73.11000061035156,73.11000061035156,73.11000061035156,0,0.0,0.0
2008-08-08 00:00:00-04:00,73.05000305175781,73.05000305175781,73.05000305175781,73.05000305175781,0,0.0,0.0
2008-08-11 00:00:00-04:00,75.58999633789062,75.58999633789062,75.58999633789062,75.58999633789062,0,0.0,0.0
2008-08-12 00:00:00-04:00,72.4000015258789,72.4000015258789,72.4000015258789,72.4000015258789,0,0.0,0.0
2008-08-13 00:00:00-04:00,79.41000366210938,79.41000366210938,79.41000366210938,79.41000366210938,0,0.0,0.0
2008-08-14 00:00:00-04:00,74.37000274658203,74.37000274658203,74.37000274658203,74.37000274658203,0,0.0,0.0
2008-08-15 00:00:00-04:00,74.0999984741211,74.0999984741211,74.0999984741211,74.0999984741211,0,0.0,0.0
2008-08-18 00:00:00-04:00,72.8499984741211,72.8499984741211,72.8499984741211,72.8499984741211,0,0.0,0.0
2008-08-19 00:00:00-04:00,77.5,77.5,77.5,77.5,0,0.0,0.0
2008-08-20 00:00:00-04:00,73.41999816894531,73.41999816894531,73.41999816894531,73.41999816894531,0,0.0,0.0
2008-08-21 00:00:00-04:00,73.75,73.75,73.75,73.75,0,0.0,0.0
2008-08-22 00:00:00-04:00,73.55999755859375,73.55999755859375,73.55999755859375,73.55999755859375,0,0.0,0.0
2008-08-25 00:00:00-04:00,77.02999877929688,77.02999877929688,77.02999877929688,77.02999877929688,0,0.0,0.0
2008-08-26 00:00:00-04:00,73.13999938964844,73.13999938964844,73.13999938964844,73.13999938964844,0,0.0,0.0
2008-08-27 00:00:00-04:00,72.0,72.0,72.0,72.0,0,0.0,0.0
2008-08-28 00:00:00-04:00,68.05000305175781,68.05000305175781,68.05000305175781,68.05000305175781,0,0.0,0.0
2008-08-29 00:00:00-04:00,68.06999969482422,68.06999969482422,68.06999969482422,68.06999969482422,0,0.0,0.0
2008-09-02 00:00:00-04:00,69.6500015258789,69.6500015258789,69.6500015258789,69.6500015258789,0,0.0,0.0
2008-09-03 00:00:00-04:00,69.93000030517578,69.93000030517578,69.93000030517578,69.93000030517578,0,0.0,0.0
2008-09-04 00:00:00-04:00,72.37999725341797,72.37999725341797,72.37999725341797,72.37999725341797,0,0.0,0.0
2008-09-05 00:00:00-04:00,70.38999938964844,70.38999938964844,70.38999938964844,70.38999938964844,0,0.0,0.0
2008-09-08 00:00:00-04:00,67.94000244140625,67.94000244140625,67.94000244140625,67.94000244140625,0,0.0,0.0
2008-09-09 00:00:00-04:00,70.68000030517578,70.68000030517578,70.68000030517578,70.68000030517578,0,0.0,0.0
2008-09-10 00:00:00-04:00,70.62999725341797,70.62999725341797,70.62999725341797,70.62999725341797,0,0.0,0.0
2008-09-11 00:00:00-04:00,71.02999877929688,71.02999877929688,71.02999877929688,71.02999877929688,0,0.0,0.0
2008-09-12 00:00:00-04:00,70.26000213623047,70.26000213623047,70.26000213623047,70.26000213623047,0,0.0,0.0
2008-09-15 00:00:00-04:00,79.37000274658203,79.37000274658203,79.37000274658203,79.37000274658203,0,0.0,0.0
2008-09-16 00:00:00-04:00,74.37999725341797,74.37999725341797,74.37999725341797,74.37999725341797,0,0.0,0.0
2008-09-17 00:00:00-04:00,93.04000091552734,93.04000091552734,93.04000091552734,93.04000091552734,0,0.0,0.0
2008-09-18 00:00:00-04:00,89.33000183105469,89.33000183105469,89.33000183105469,89.33000183105469,0,0.0,0.0
2008-09-19 00:00:00-04:00,79.37000274658203,79.37000274658203,79.37000274658203,79.37000274658203,0,0.0,0.0
2008-09-22 00:00:00-04:00,83.91999816894531,83.91999816894531,83.91999816894531,83.91999816894531,0,0.0,0.0
2008-09-23 00:00:00-04:00,84.7699966430664,84.7699966430664,84.7699966430664,84.7699966430664,0,0.0,0.0
2008-09-24 00:00:00-04:00,86.66000366210938,86.66000366210938,86.66000366210938,86.66000366210938,0,0.0,0.0
2008-09-25 00:00:00-04:00,82.95999908447266,82.95999908447266,82.95999908447266,82.95999908447266,0,0.0,0.0
2008-09-26 00:00:00-04:00,87.80999755859375,87.80999755859375,87.80999755859375,87.80999755859375,0,0.0,0.0
2008-09-29 00:00:00-04:00,99.86000061035156,99.86000061035156,99.86000061035156,99.86000061035156,0,0.0,0.0
2008-09-30 00:00:00-04:00,92.2300033569336,92.2300033569336,92.2300033569336,92.2300033569336,0,0.0,0.0
2008-10-01 00:00:00-04:00,89.76000213623047,89.76000213623047,89.76000213623047,89.76000213623047,0,0.0,0.0
2008-10-02 00:00:00-04:00,95.29000091552734,95.29000091552734,95.29000091552734,95.29000091552734,0,0.0,0.0
2008-10-03 00:00:00-04:00,94.68000030517578,94.68000030517578,94.68000030517578,94.68000030517578,0,0.0,0.0
2008-10-06 00:00:00-04:00,104.81999969482422,104.81999969482422,104.81999969482422,104.81999969482422,0,0.0,0.0
2008-10-07 00:00:00-04:00,106.47000122070312,106.47000122070312,106.47000122070312,106.47000122070312,0,0.0,0.0
2008-10-08 00:00:00-04:00,104.98999786376953,104.98999786376953,104.98999786376953,104.98999786376953,0,0.0,0.0
2008-10-09 00:00:00-04:00,108.05000305175781,108.05000305175781,108.05000305175781,108.05000305175781,0,0.0,0.0
2008-10-10 00:00:00-04:00,116.0,116.0,116.0,116.0,0,0.0,0.0
2008-10-13 00:00:00-04:00,110.06999969482422,110.06999969482422,110.06999969482422,110.06999969482422,0,0.0,0.0
2008-10-14 00:00:00-04:00,105.63999938964844,105.63999938964844,105.63999938964844,105.63999938964844,0,0.0,0.0
2008-10-15 00:00:00-04:00,114.93000030517578,114.93000030517578,114.93000030517578,114.93000030517578,0,0.0,0.0
2008-10-16 00:00:00-04:00,119.4800033569336,119.4800033569336,119.4800033569336,119.4800033569336,0,0.0,0.0
2008-10-17 00:00:00-04:00,117.44999694824219,117.44999694824219,117.44999694824219,117.44999694824219,0,0.0,0.0
2008-10-20 00:00:00-04:00,115.9800033569336,115.9800033569336,115.9800033569336,115.9800033569336,0,0.0,0.0
2008-10-21 00:00:00-04:00,114.27999877929688,114.27999877929688,114.27999877929688,114.27999877929688,0,0.0,0.0
2008-10-22 00:00:00-04:00,123.30999755859375,123.30999755859375,123.30999755859375,123.30999755859375,0,0.0,0.0
2008-10-23 00:00:00-04:00,121.61000061035156,121.61000061035156,121.61000061035156,121.61000061035156,0,0.0,0.0
2008-10-24 00:00:00-04:00,128.08999633789062,128.08999633789062,128.08999633789062,128.08999633789062,0,0.0,0.0
2008-10-27 00:00:00-04:00,134.8699951171875,134.8699951171875,134.8699951171875,134.8699951171875,0,0.0,0.0
2008-10-28 00:00:00-04:00,127.45999908447266,127.45999908447266,127.45999908447266,127.45999908447266,0,0.0,0.0
2008-10-29 00:00:00-04:00,124.7300033569336,124.7300033569336,124.7300033569336,124.7300033569336,0,0.0,0.0
2008-10-30 00:00:00-04:00,121.5199966430664,121.5199966430664,121.5199966430664,121.5199966430664,0,0.0,0.0
2008-10-31 00:00:00-04:00,116.94000244140625,116.94000244140625,116.94000244140625,116.94000244140625,0,0.0,0.0
2008-11-03 00:00:00-05:00,116.19000244140625,116.19000244140625,116.19000244140625,116.19000244140625,0,0.0,0.0
2008-11-04 00:00:00-05:00,116.29000091552734,116.29000091552734,116.29000091552734,116.29000091552734,0,0.0,0.0
2008-11-05 00:00:00-05:00,117.02999877929688,117.02999877929688,117.02999877929688,117.02999877929688,0,0.0,0.0
2008-11-06 00:00:00-05:00,125.0,125.0,125.0,125.0,0,0.0,0.0
2008-11-07 00:00:00-05:00,116.37000274658203,116.37000274658203,116.37000274658203,116.37000274658203,0,0.0,0.0
2008-11-10 00:00:00-05:00,116.52999877929688,116.52999877929688,116.52999877929688,116.52999877929688,0,0.0,0.0
2008-11-11 00:00:00-05:00,114.11000061035156,114.11000061035156,114.11000061035156,114.11000061035156,0,0.0,0.0
2008-11-12 00:00:00-05:00,123.26000213623047,123.26000213623047,123.26000213623047,123.26000213623047,0,0.0,0.0
2008-11-13 00:00:00-05:00,117.12000274658203,117.12000274658203,117.12000274658203,117.12000274658203,0,0.0,0.0
2008-11-14 00:00:00-05:00,118.33999633789062,118.33999633789062,118.33999633789062,118.33999633789062,0,0.0,0.0
2008-11-17 00:00:00-05:00,115.0999984741211,115.0999984741211,115.0999984741211,115.0999984741211,0,0.0,0.0
2008-11-18 00:00:00-05:00,106.9000015258789,106.9000015258789,106.9000015258789,106.9000015258789,0,0.0,0.0
2008-11-19 00:00:00-05:00,102.4800033569336,102.4800033569336,102.4800033569336,102.4800033569336,0,0.0,0.0
2008-11-20 00:00:00-05:00,106.70999908447266,106.70999908447266,106.70999908447266,106.70999908447266,0,0.0,0.0
2008-11-21 00:00:00-05:00,99.4800033569336,99.4800033569336,99.4800033569336,99.4800033569336,0,0.0,0.0
2008-11-24 00:00:00-05:00,92.30999755859375,92.30999755859375,92.30999755859375,92.30999755859375,0,0.0,0.0
2008-11-25 00:00:00-05:00,90.27999877929688,90.27999877929688,90.27999877929688,90.27999877929688,0,0.0,0.0
2008-11-26 00:00:00-05:00,89.31999969482422,89.31999969482422,89.31999969482422,89.31999969482422,0,0.0,0.0
2008-11-28 00:00:00-05:00,88.41000366210938,88.41000366210938,88.41000366210938,88.41000366210938,0,0.0,0.0
2008-12-01 00:00:00-05:00,90.48999786376953,90.48999786376953,90.48999786376953,90.48999786376953,0,0.0,0.0
2008-12-02 00:00:00-05:00,87.08000183105469,87.08000183105469,87.08000183105469,87.08000183105469,0,0.0,0.0
2008-12-03 00:00:00-05:00,84.72000122070312,84.72000122070312,84.72000122070312,84.72000122070312,0,0.0,0.0
2008-12-04 00:00:00-05:00,83.94000244140625,83.94000244140625,83.94000244140625,83.94000244140625,0,0.0,0.0
2008-12-05 00:00:00-05:00,82.9000015258789,82.9000015258789,82.9000015258789,82.9000015258789,0,0.0,0.0
2008-12-08 00:00:00-05:00,82.0999984741211,82.0999984741211,82.0999984741211,82.0999984741211,0,0.0,0.0
2008-12-09 00:00:00-05:00,80.75,80.75,80.75,80.75,0,0.0,0.0
2008-12-10 00:00:00-05:00,86.45999908447266,86.45999908447266,86.45999908447266,86.45999908447266,0,0.0,0.0
2008-12-11 00:00:00-05:00,88.68000030517578,88.68000030517578,88.68000030517578,88.68000030517578,0,0.0,0.0
2008-12-12 00:00:00-05:00,86.2699966430664,86.2699966430664,86.2699966430664,86.2699966430664,0,0.0,0.0
2008-12-15 00:00:00-05:00,82.02999877929688,82.02999877929688,82.02999877929688,82.02999877929688,0,0.0,0.0
2008-12-16 00:00:00-05:00,79.98999786376953,79.98999786376953,79.98999786376953,79.98999786376953,0,0.0,0.0
2008-12-17 00:00:00-05:00,75.16999816894531,75.16999816894531,75.16999816894531,75.16999816894531,0,0.0,0.0
2008-12-18 00:00:00-05:00,81.26000213623047,81.26000213623047,81.26000213623047,81.26000213623047,0,0.0,0.0
2008-12-19 00:00:00-05:00,87.69000244140625,87.69000244140625,87.69000244140625,87.69000244140625,0,0.0,0.0
2008-12-22 00:00:00-05:00,87.04000091552734,87.04000091552734,87.04000091552734,87.04000091552734,0,0.0,0.0
2008-12-23 00:00:00-05:00,86.38999938964844,86.38999938964844,86.38999938964844,86.38999938964844,0,0.0,0.0
2008-12-24 00:00:00-05:00,85.0999984741211,85.0999984741211,85.0999984741211,85.0999984741211,0,0.0,0.0
2008-12-26 00:00:00-05:00,83.73999786376953,83.73999786376953,83.73999786376953,83.73999786376953,0,0.0,0.0
2008-12-29 00:00:00-05:00,83.95999908447266,83.95999908447266,83.95999908447266,83.95999908447266,0,0.0,0.0
2008-12-30 00:00:00-05:00,80.88999938964844,80.88999938964844,80.88999938964844,80.88999938964844,0,0.0,0.0
2008-12-31 00:00:00-05:00,85.5999984741211,85.5999984741211,85.5999984741211,85.5999984741211,0,0.0,0.0
2009-01-02 00:00:00-05:00,84.41000366210938,84.41000366210938,84.41000366210938,84.41000366210938,0,0.0,0.0
2009-01-05 00:00:00-05:00,90.88999938964844,90.88999938964844,90.88999938964844,90.88999938964844,0,0.0,0.0
2009-01-06 00:00:00-05:00,90.33000183105469,90.33000183105469,90.33000183105469,90.33000183105469,0,0.0,0.0
2009-01-07 00:00:00-05:00,93.98999786376953,93.98999786376953,93.98999786376953,93.98999786376953,0,0.0,0.0
2009-01-08 00:00:00-05:00,93.13999938964844,93.13999938964844,93.13999938964844,93.13999938964844,0,0.0,0.0
2009-01-09 00:00:00-05:00,91.5199966430664,91.5199966430664,91.5199966430664,91.5199966430664,0,0.0,0.0
2009-01-12 00:00:00-05:00,93.26000213623047,93.26000213623047,93.26000213623047,93.26000213623047,0,0.0,0.0
2009-01-13 00:00:00-05:00,92.5,92.5,92.5,92.5,0,0.0,0.0
2009-01-14 00:00:00-05:00,99.87999725341797,99.87999725341797,99.87999725341797,99.87999725341797,0,0.0,0.0
2009-01-15 00:00:00-05:00,96.44000244140625,96.44000244140625,96.44000244140625,96.44000244140625,0,0.0,0.0
2009-01-16 00:00:00-05:00,98.79000091552734,98.79000091552734,98.79000091552734,98.79000091552734,0,0.0,0.0
2009-01-20 00:00:00-05:00,104.0199966430664,104.0199966430664,104.0199966430664,104.0199966430664,0,0.0,0.0
2009-01-21 00:00:00-05:00,100.80999755859375,100.80999755859375,100.80999755859375,100.80999755859375,0,0.0,0.0
2009-01-22 00:00:00-05:00,98.87000274658203,98.87000274658203,98.87000274658203,98.87000274658203,0,0.0,0.0
2009-01-23 00:00:00-05:00,95.69999694824219,95.69999694824219,95.69999694824219,95.69999694824219,0,0.0,0.0
2009-01-26 00:00:00-05:00,96.16999816894531,96.16999816894531,96.16999816894531,96.16999816894531,0,0.0,0.0
2009-01-27 00:00:00-05:00,95.4800033569336,95.4800033569336,95.4800033569336,95.4800033569336,0,0.0,0.0
2009-01-28 00:00:00-05:00,98.22000122070312,98.22000122070312,98.22000122070312,98.22000122070312,0,0.0,0.0
2009-01-29 00:00:00-05:00,98.9800033569336,98.9800033569336,98.9800033569336,98.9800033569336,0,0.0,0.0
2009-01-30 00:00:00-05:00,98.72000122070312,98.72000122070312,98.72000122070312,98.72000122070312,0,0.0,0.0
2009-02-02 00:00:00-05:00,96.4800033569336,96.4800033569336,96.4800033569336,96.4800033569336,0,0.0,0.0
2009-02-03 00:00:00-05:00,92.25,92.25,92.25,92.25,0,0.0,0.0
2009-02-04 00:00:00-05:00,91.56999969482422,91.56999969482422,91.56999969482422,91.56999969482422,0,0.0,0.0
2009-02-05 00:00:00-05:00,92.26000213623047,92.26000213623047,92.26000213623047,92.26000213623047,0,0.0,0.0
2009-02-06 00:00:00-05:00,94.01000213623047,94.01000213623047,94.01000213623047,94.01000213623047,0,0.0,0.0
2009-02-09 00:00:00-05:00,94.37999725341797,94.37999725341797,94.37999725341797,94.37999725341797,0,0.0,0.0
2009-02-10 00:00:00-05:00,95.9800033569336,95.9800033569336,95.9800033569336,95.9800033569336,0,0.0,0.0
2009-02-11 00:00:00-05:00,94.66999816894531,94.66999816894531,94.66999816894531,94.66999816894531,0,0.0,0.0
2009-02-12 00:00:00-05:00,91.04000091552734,91.04000091552734,91.04000091552734,91.04000091552734,0,0.0,0.0
2009-02-13 00:00:00-05:00,91.93000030517578,91.93000030517578,91.93000030517578,91.93000030517578,0,0.0,0.0
2009-02-17 00:00:00-05:00,95.06999969482422,95.06999969482422,95.06999969482422,95.06999969482422,0,0.0,0.0
2009-02-18 00:00:00-05:00,89.11000061035156,89.11000061035156,89.11000061035156,89.11000061035156,0,0.0,0.0
2009-02-19 00:00:00-05:00,88.2699966430664,88.2699966430664,88.2699966430664,88.2699966430664,0,0.0,0.0
2009-02-20 00:00:00-05:00,90.66000366210938,90.66000366210938,90.66000366210938,90.66000366210938,0,0.0,0.0
2009-02-23 00:00:00-05:00,93.0199966430664,93.0199966430664,93.0199966430664,93.0199966430664,0,0.0,0.0
2009-02-24 00:00:00-05:00,89.12999725341797,89.12999725341797,89.12999725341797,89.12999725341797,0,0.0,0.0
2009-02-25 00:00:00-05:00,88.93000030517578,88.93000030517578,88.93000030517578,88.93000030517578,0,0.0,0.0
2009-02-26 00:00:00-05:00,89.37000274658203,89.37000274658203,89.37000274658203,89.37000274658203,0,0.0,0.0
2009-02-27 00:00:00-05:00,91.08000183105469,91.08000183105469,91.08000183105469,91.08000183105469,0,0.0,0.0
2009-03-02 00:00:00-05:00,93.86000061035156,93.86000061035156,93.86000061035156,93.86000061035156,0,0.0,0.0
2009-03-03 00:00:00-05:00,90.75,90.75,90.75,90.75,0,0.0,0.0
2009-03-04 00:00:00-05:00,85.5999984741211,85.5999984741211,85.5999984741211,85.5999984741211,0,0.0,0.0
2009-03-05 00:00:00-05:00,89.87999725341797,89.87999725341797,89.87999725341797,89.87999725341797,0,0.0,0.0
2009-03-06 00:00:00-05:00,88.26000213623047,88.26000213623047,88.26000213623047,88.26000213623047,0,0.0,0.0
2009-03-09 00:00:00-04:00,90.08999633789062,90.08999633789062,90.08999633789062,90.08999633789062,0,0.0,0.0
2009-03-10 00:00:00-04:00,85.36000061035156,85.36000061035156,85.36000061035156,85.36000061035156,0,0.0,0.0
2009-03-11 00:00:00-04:00,85.3499984741211,85.3499984741211,85.3499984741211,85.3499984741211,0,0.0,0.0
2009-03-12 00:00:00-04:00,81.80999755859375,81.80999755859375,81.80999755859375,81.80999755859375,0,0.0,0.0
2009-03-13 00:00:00-04:00,78.12999725341797,78.12999725341797,78.12999725341797,78.12999725341797,0,0.0,0.0
2009-03-16 00:00:00-04:00,80.06999969482422,80.06999969482422,80.06999969482422,80.06999969482422,0,0.0,0.0
2009-03-17 00:00:00-04:00,75.20999908447266,75.20999908447266,75.20999908447266,75.20999908447266,0,0.0,0.0
2009-03-18 00:00:00-04:00,74.80000305175781,74.80000305175781,74.80000305175781,74.80000305175781,0,0.0,0.0
2009-03-19 00:00:00-04:00,73.55999755859375,73.55999755859375,73.55999755859375,73.55999755859375,0,0.0,0.0
2009-03-20 00:00:00-04:00,73.11000061035156,73.11000061035156,73.11000061035156,73.11000061035156,0,0.0,0.0
2009-03-23 00:00:00-04:00,71.38999938964844,71.38999938964844,71.38999938964844,71.38999938964844,0,0.0,0.0
2009-03-24 00:00:00-04:00,70.16000366210938,70.16000366210938,70.16000366210938,70.16000366210938,0,0.0,0.0
2009-03-25 00:00:00-04:00,71.76000213623047,71.76000213623047,71.76000213623047,71.76000213623047,0,0.0,0.0
2009-03-26 00:00:00-04:00,70.97000122070312,70.97000122070312,70.97000122070312,70.97000122070312,0,0.0,0.0
2009-03-27 00:00:00-04:00,71.68000030517578,71.68000030517578,71.68000030517578,71.68000030517578,0,0.0,0.0
2009-03-30 00:00:00-04:00,74.68000030517578,74.68000030517578,74.68000030517578,74.68000030517578,0,0.0,0.0
2009-03-31 00:00:00-04:00,72.70999908447266,72.70999908447266,72.70999908447266,72.70999908447266,0,0.0,0.0
2009-04-01 00:00:00-04:00,70.38999938964844,70.38999938964844,70.38999938964844,70.38999938964844,0,0.0,0.0
2009-04-02 00:00:00-04:00,69.61000061035156,69.61000061035156,69.61000061035156,69.61000061035156,0,0.0,0.0
2009-04-03 00:00:00-04:00,67.86000061035156,67.86000061035156,67.86000061035156,67.86000061035156,0,0.0,0.0
2009-04-06 00:00:00-04:00,68.26000213623047,68.26000213623047,68.26000213623047,68.26000213623047,0,0.0,0.0
2009-04-07 00:00:00-04:00,66.38999938964844,66.38999938964844,66.38999938964844,66.38999938964844,0,0.0,0.0
2009-04-08 00:00:00-04:00,68.72000122070312,68.72000122070312,68.72000122070312,68.72000122070312,0,0.0,0.0
2009-04-09 00:00:00-04:00,65.22000122070312,65.22000122070312,65.22000122070312,65.22000122070312,0,0.0,0.0
2009-04-13 00:00:00-04:00,67.51000213623047,67.51000213623047,67.51000213623047,67.51000213623047,0,0.0,0.0
2009-04-14 00:00:00-04:00,65.79000091552734,65.79000091552734,65.79000091552734,65.79000091552734,0,0.0,0.0
2009-04-15 00:00:00-04:00,64.94999694824219,64.94999694824219,64.94999694824219,64.94999694824219,0,0.0,0.0
2009-04-16 00:00:00-04:00,69.72000122070312,69.72000122070312,69.72000122070312,69.72000122070312,0,0.0,0.0
2009-04-17 00:00:00-04:00,68.91999816894531,68.91999816894531,68.91999816894531,68.91999816894531,0,0.0,0.0
2009-04-20 00:00:00-04:00,75.4800033569336,75.4800033569336,75.4800033569336,75.4800033569336,0,0.0,0.0
2009-04-21 00:00:00-04:00,75.4800033569336,75.4800033569336,75.4800033569336,75.4800033569336,0,0.0,0.0
2009-04-22 00:00:00-04:00,75.5199966430664,75.5199966430664,75.5199966430664,75.5199966430664,0,0.0,0.0
2009-04-23 00:00:00-04:00,72.80999755859375,72.80999755859375,72.80999755859375,72.80999755859375,0,0.0,0.0
2009-04-24 00:00:00-04:00,72.04000091552734,72.04000091552734,72.04000091552734,72.04000091552734,0,0.0,0.0
2009-04-27 00:00:00-04:00,74.16000366210938,74.16000366210938,74.16000366210938,74.16000366210938,0,0.0,0.0
2009-04-28 00:00:00-04:00,74.22000122070312,74.22000122070312,74.22000122070312,74.22000122070312,0,0.0,0.0
2009-04-29 00:00:00-04:00,72.12000274658203,72.12000274658203,72.12000274658203,72.12000274658203,0,0.0,0.0
2009-04-30 00:00:00-04:00,71.41999816894531,71.41999816894531,71.41999816894531,71.41999816894531,0,0.0,0.0
2009-05-01 00:00:00-04:00,69.81999969482422,69.81999969482422,69.81999969482422,69.81999969482422,0,0.0,0.0
2009-05-04 00:00:00-04:00,70.36000061035156,70.36000061035156,70.36000061035156,70.36000061035156,0,0.0,0.0
2009-05-05 00:00:00-04:00,70.7699966430664,70.7699966430664,70.7699966430664,70.7699966430664,0,0.0,0.0
2009-05-06 00:00:00-04:00,71.1500015258789,71.1500015258789,71.1500015258789,71.1500015258789,0,0.0,0.0
2009-05-07 00:00:00-04:00,72.79000091552734,72.79000091552734,72.79000091552734,72.79000091552734,0,0.0,0.0
2009-05-08 00:00:00-04:00,74.66000366210938,74.66000366210938,74.66000366210938,74.66000366210938,0,0.0,0.0
2009-05-11 00:00:00-04:00,76.86000061035156,76.86000061035156,76.86000061035156,76.86000061035156,0,0.0,0.0
2009-05-12 00:00:00-04:00,77.52999877929688,77.52999877929688,77.52999877929688,77.52999877929688,0,0.0,0.0
2009-05-13 00:00:00-04:00,81.87000274658203,81.87000274658203,81.87000274658203,81.87000274658203,0,0.0,0.0
2009-05-14 00:00:00-04:00,79.37999725341797,79.37999725341797,79.37999725341797,79.37999725341797,0,0.0,0.0
2009-05-15 00:00:00-04:00,80.29000091552734,80.29000091552734,80.29000091552734,80.29000091552734,0,0.0,0.0
2009-05-18 00:00:00-04:00,76.41000366210938,76.41000366210938,76.41000366210938,76.41000366210938,0,0.0,0.0
2009-05-19 00:00:00-04:00,74.4000015258789,74.4000015258789,74.4000015258789,74.4000015258789,0,0.0,0.0
2009-05-20 00:00:00-04:00,77.44999694824219,77.44999694824219,77.44999694824219,77.44999694824219,0,0.0,0.0
2009-05-21 00:00:00-04:00,84.69000244140625,84.69000244140625,84.69000244140625,84.69000244140625,0,0.0,0.0
2009-05-22 00:00:00-04:00,87.27999877929688,87.27999877929688,87.27999877929688,87.27999877929688,0,0.0,0.0
2009-05-26 00:00:00-04:00,91.2300033569336,91.2300033569336,91.2300033569336,91.2300033569336,0,0.0,0.0
2009-05-27 00:00:00-04:00,90.86000061035156,90.86000061035156,90.86000061035156,90.86000061035156,0,0.0,0.0
2009-05-28 00:00:00-04:00,88.19000244140625,88.19000244140625,88.19000244140625,88.19000244140625,0,0.0,0.0
2009-05-29 00:00:00-04:00,83.91000366210938,83.91000366210938,83.91000366210938,83.91000366210938,0,0.0,0.0
2009-06-01 00:00:00-04:00,84.2300033569336,84.2300033569336,84.2300033569336,84.2300033569336,0,0.0,0.0
2009-06-02 00:00:00-04:00,83.81999969482422,83.81999969482422,83.81999969482422,83.81999969482422,0,0.0,0.0
2009-06-03 00:00:00-04:00,84.88999938964844,84.88999938964844,84.88999938964844,84.88999938964844,0,0.0,0.0
2009-06-04 00:00:00-04:00,81.26000213623047,81.26000213623047,81.26000213623047,81.26000213623047,0,0.0,0.0
2009-06-05 00:00:00-04:00,82.11000061035156,82.11000061035156,82.11000061035156,82.11000061035156,0,0.0,0.0
2009-06-08 00:00:00-04:00,82.69000244140625,82.69000244140625,82.69000244140625,82.69000244140625,0,0.0,0.0
2009-06-09 00:00:00-04:00,81.63999938964844,81.63999938964844,81.63999938964844,81.63999938964844,0,0.0,0.0
2009-06-10 00:00:00-04:00,86.91999816894531,86.91999816894531,86.91999816894531,86.91999816894531,0,0.0,0.0
2009-06-11 00:00:00-04:00,85.22000122070312,85.22000122070312,85.22000122070312,85.22000122070312,0,0.0,0.0
2009-06-12 00:00:00-04:00,85.43000030517578,85.43000030517578,85.43000030517578,85.43000030517578,0,0.0,0.0
2009-06-15 00:00:00-04:00,85.05000305175781,85.05000305175781,85.05000305175781,85.05000305175781,0,0.0,0.0
2009-06-16 00:00:00-04:00,88.48999786376953,88.48999786376953,88.48999786376953,88.48999786376953,0,0.0,0.0
2009-06-17 00:00:00-04:00,86.48999786376953,86.48999786376953,86.48999786376953,86.48999786376953,0,0.0,0.0
2009-06-18 00:00:00-04:00,83.87000274658203,83.87000274658203,83.87000274658203,83.87000274658203,0,0.0,0.0
2009-06-19 00:00:00-04:00,84.1500015258789,84.1500015258789,84.1500015258789,84.1500015258789,0,0.0,0.0
2009-06-22 00:00:00-04:00,86.0999984741211,86.0999984741211,86.0999984741211,86.0999984741211,0,0.0,0.0
2009-06-23 00:00:00-04:00,85.63999938964844,85.63999938964844,85.63999938964844,85.63999938964844,0,0.0,0.0
2009-06-24 00:00:00-04:00,83.95999908447266,83.95999908447266,83.95999908447266,83.95999908447266,0,0.0,0.0
2009-06-25 00:00:00-04:00,82.56999969482422,82.56999969482422,82.56999969482422,82.56999969482422,0,0.0,0.0
2009-06-26 00:00:00-04:00,77.5999984741211,77.5999984741211,77.5999984741211,77.5999984741211,0,0.0,0.0
2009-06-29 00:00:00-04:00,79.69000244140625,79.69000244140625,79.69000244140625,79.69000244140625,0,0.0,0.0
2009-06-30 00:00:00-04:00,79.5999984741211,79.5999984741211,79.5999984741211,79.5999984741211,0,0.0,0.0
2009-07-01 00:00:00-04:00,79.68000030517578,79.68000030517578,79.68000030517578,79.68000030517578,0,0.0,0.0
2009-07-02 00:00:00-04:00,81.31999969482422,81.31999969482422,81.31999969482422,81.31999969482422,0,0.0,0.0
2009-07-06 00:00:00-04:00,83.19999694824219,83.19999694824219,83.19999694824219,83.19999694824219,0,0.0,0.0
2009-07-07 00:00:00-04:00,85.62999725341797,85.62999725341797,85.62999725341797,85.62999725341797,0,0.0,0.0
2009-07-08 00:00:00-04:00,86.16999816894531,86.16999816894531,86.16999816894531,86.16999816894531,0,0.0,0.0
2009-07-09 00:00:00-04:00,82.87999725341797,82.87999725341797,82.87999725341797,82.87999725341797,0,0.0,0.0
2009-07-10 00:00:00-04:00,81.41999816894531,81.41999816894531,81.41999816894531,81.41999816894531,0,0.0,0.0
2009-07-13 00:00:00-04:00,80.58000183105469,80.58000183105469,80.58000183105469,80.58000183105469,0,0.0,0.0
2009-07-14 00:00:00-04:00,81.5199966430664,81.5199966430664,81.5199966430664,81.5199966430664,0,0.0,0.0
2009-07-15 00:00:00-04:00,85.63999938964844,85.63999938964844,85.63999938964844,85.63999938964844,0,0.0,0.0
2009-07-16 00:00:00-04:00,83.63999938964844,83.63999938964844,83.63999938964844,83.63999938964844,0,0.0,0.0
2009-07-17 00:00:00-04:00,82.48999786376953,82.48999786376953,82.48999786376953,82.48999786376953,0,0.0,0.0
2009-07-20 00:00:00-04:00,80.9800033569336,80.9800033569336,80.9800033569336,80.9800033569336,0,0.0,0.0
2009-07-21 00:00:00-04:00,80.44999694824219,80.44999694824219,80.44999694824219,80.44999694824219,0,0.0,0.0
2009-07-22 00:00:00-04:00,75.30000305175781,75.30000305175781,75.30000305175781,75.30000305175781,0,0.0,0.0
2009-07-23 00:00:00-04:00,72.80000305175781,72.80000305175781,72.80000305175781,72.80000305175781,0,0.0,0.0
2009-07-24 00:00:00-04:00,73.01000213623047,73.01000213623047,73.01000213623047,73.01000213623047,0,0.0,0.0
2009-07-27 00:00:00-04:00,74.3499984741211,74.3499984741211,74.3499984741211,74.3499984741211,0,0.0,0.0
2009-07-28 00:00:00-04:00,76.68000030517578,76.68000030517578,76.68000030517578,76.68000030517578,0,0.0,0.0
2009-07-29 00:00:00-04:00,77.0999984741211,77.0999984741211,77.0999984741211,77.0999984741211,0,0.0,0.0
2009-07-30 00:00:00-04:00,73.87999725341797,73.87999725341797,73.87999725341797,73.87999725341797,0,0.0,0.0
2009-07-31 00:00:00-04:00,73.47000122070312,73.47000122070312,73.47000122070312,73.47000122070312,0,0.0,0.0
2009-08-03 00:00:00-04:00,72.79000091552734,72.79000091552734,72.79000091552734,72.79000091552734,0,0.0,0.0
2009-08-04 00:00:00-04:00,71.05000305175781,71.05000305175781,71.05000305175781,71.05000305175781,0,0.0,0.0
2009-08-05 00:00:00-04:00,70.12999725341797,70.12999725341797,70.12999725341797,70.12999725341797,0,0.0,0.0
2009-08-06 00:00:00-04:00,73.16999816894531,73.16999816894531,73.16999816894531,73.16999816894531,0,0.0,0.0
2009-08-07 00:00:00-04:00,71.52999877929688,71.52999877929688,71.52999877929688,71.52999877929688,0,0.0,0.0
2009-08-10 00:00:00-04:00,72.58999633789062,72.58999633789062,72.58999633789062,72.58999633789062,0,0.0,0.0
2009-08-11 00:00:00-04:00,75.5999984741211,75.5999984741211,75.5999984741211,75.5999984741211,0,0.0,0.0
2009-08-12 00:00:00-04:00,81.27999877929688,81.27999877929688,81.27999877929688,81.27999877929688,0,0.0,0.0
2009-08-13 00:00:00-04:00,79.95999908447266,79.95999908447266,79.95999908447266,79.95999908447266,0,0.0,0.0
2009-08-14 00:00:00-04:00,80.44999694824219,80.44999694824219,80.44999694824219,80.44999694824219,0,0.0,0.0
2009-08-17 00:00:00-04:00,84.22000122070312,84.22000122070312,84.22000122070312,84.22000122070312,0,0.0,0.0
2009-08-18 00:00:00-04:00,81.11000061035156,81.11000061035156,81.11000061035156,81.11000061035156,0,0.0,0.0
2009-08-19 00:00:00-04:00,76.31999969482422,76.31999969482422,76.31999969482422,76.31999969482422,0,0.0,0.0
2009-08-20 00:00:00-04:00,76.69999694824219,76.69999694824219,76.69999694824219,76.69999694824219,0,0.0,0.0
2009-08-21 00:00:00-04:00,76.55000305175781,76.55000305175781,76.55000305175781,76.55000305175781,0,0.0,0.0
2009-08-24 00:00:00-04:00,78.47000122070312,78.47000122070312,78.47000122070312,78.47000122070312,0,0.0,0.0
2009-08-25 00:00:00-04:00,77.76000213623047,77.76000213623047,77.76000213623047,77.76000213623047,0,0.0,0.0
2009-08-26 00:00:00-04:00,77.97000122070312,77.97000122070312,77.97000122070312,77.97000122070312,0,0.0,0.0
2009-08-27 00:00:00-04:00,75.58999633789062,75.58999633789062,75.58999633789062,75.58999633789062,0,0.0,0.0
2009-08-28 00:00:00-04:00,74.41000366210938,74.41000366210938,74.41000366210938,74.41000366210938,0,0.0,0.0
2009-08-31 00:00:00-04:00,77.12000274658203,77.12000274658203,77.12000274658203,77.12000274658203,0,0.0,0.0
2009-09-01 00:00:00-04:00,81.0,81.0,81.0,81.0,0,0.0,0.0
2009-09-02 00:00:00-04:00,77.06999969482422,77.06999969482422,77.06999969482422,77.06999969482422,0,0.0,0.0
2009-09-03 00:00:00-04:00,75.4800033569336,75.4800033569336,75.4800033569336,75.4800033569336,0,0.0,0.0
2009-09-04 00:00:00-04:00,77.51000213623047,77.51000213623047,77.51000213623047,77.51000213623047,0,0.0,0.0
2009-09-08 00:00:00-04:00,75.69000244140625,75.69000244140625,75.69000244140625,75.69000244140625,0,0.0,0.0
2009-09-09 00:00:00-04:00,76.16999816894531,76.16999816894531,76.16999816894531,76.16999816894531,0,0.0,0.0
2009-09-10 00:00:00-04:00,71.38999938964844,71.38999938964844,71.38999938964844,71.38999938964844,0,0.0,0.0
2009-09-11 00:00:00-04:00,72.36000061035156,72.36000061035156,72.36000061035156,72.36000061035156,0,0.0,0.0
2009-09-14 00:00:00-04:00,71.13999938964844,71.13999938964844,71.13999938964844,71.13999938964844,0,0.0,0.0
2009-09-15 00:00:00-04:00,72.25,72.25,72.25,72.25,0,0.0,0.0
2009-09-16 00:00:00-04:00,71.69999694824219,71.69999694824219,71.69999694824219,71.69999694824219,0,0.0,0.0
2009-09-17 00:00:00-04:00,69.36000061035156,69.36000061035156,69.36000061035156,69.36000061035156,0,0.0,0.0
2009-09-18 00:00:00-04:00,70.38999938964844,70.38999938964844,70.38999938964844,70.38999938964844,0,0.0,0.0
2009-09-21 00:00:00-04:00,71.0,71.0,71.0,71.0,0,0.0,0.0
2009-09-22 00:00:00-04:00,68.26000213623047,68.26000213623047,68.26000213623047,68.26000213623047,0,0.0,0.0
2009-09-23 00:00:00-04:00,68.18000030517578,68.18000030517578,68.18000030517578,68.18000030517578,0,0.0,0.0
2009-09-24 00:00:00-04:00,70.77999877929688,70.77999877929688,70.77999877929688,70.77999877929688,0,0.0,0.0
2009-09-25 00:00:00-04:00,71.73999786376953,71.73999786376953,71.73999786376953,71.73999786376953,0,0.0,0.0
2009-09-28 00:00:00-04:00,70.54000091552734,70.54000091552734,70.54000091552734,70.54000091552734,0,0.0,0.0
2009-09-29 00:00:00-04:00,68.98999786376953,68.98999786376953,68.98999786376953,68.98999786376953,0,0.0,0.0
2009-09-30 00:00:00-04:00,71.31999969482422,71.31999969482422,71.31999969482422,71.31999969482422,0,0.0,0.0
2009-10-01 00:00:00-04:00,76.25,76.25,76.25,76.25,0,0.0,0.0
2009-10-02 00:00:00-04:00,76.12999725341797,76.12999725341797,76.12999725341797,76.12999725341797,0,0.0,0.0
2009-10-05 00:00:00-04:00,73.55999755859375,73.55999755859375,73.55999755859375,73.55999755859375,0,0.0,0.0
2009-10-06 00:00:00-04:00,71.5,71.5,71.5,71.5,0,0.0,0.0
2009-10-07 00:00:00-04:00,71.01000213623047,71.01000213623047,71.01000213623047,71.01000213623047,0,0.0,0.0
2009-10-08 00:00:00-04:00,68.0999984741211,68.0999984741211,68.0999984741211,68.0999984741211,0,0.0,0.0
2009-10-09 00:00:00-04:00,65.54000091552734,65.54000091552734,65.54000091552734,65.54000091552734,0,0.0,0.0
2009-10-12 00:00:00-04:00,64.97000122070312,64.97000122070312,64.97000122070312,64.97000122070312,0,0.0,0.0
2009-10-13 00:00:00-04:00,64.97000122070312,64.97000122070312,64.97000122070312,64.97000122070312,0,0.0,0.0
2009-10-14 00:00:00-04:00,68.83999633789062,68.83999633789062,68.83999633789062,68.83999633789062,0,0.0,0.0
2009-10-15 00:00:00-04:00,67.06999969482422,67.06999969482422,67.06999969482422,67.06999969482422,0,0.0,0.0
2009-10-16 00:00:00-04:00,69.8499984741211,69.8499984741211,69.8499984741211,69.8499984741211,0,0.0,0.0
2009-10-19 00:00:00-04:00,67.76000213623047,67.76000213623047,67.76000213623047,67.76000213623047,0,0.0,0.0
2009-10-20 00:00:00-04:00,68.62999725341797,68.62999725341797,68.62999725341797,68.62999725341797,0,0.0,0.0
2009-10-21 00:00:00-04:00,78.16000366210938,78.16000366210938,78.16000366210938,78.16000366210938,0,0.0,0.0
2009-10-22 00:00:00-04:00,77.5999984741211,77.5999984741211,77.5999984741211,77.5999984741211,0,0.0,0.0
2009-10-23 00:00:00-04:00,79.87999725341797,79.87999725341797,79.87999725341797,79.87999725341797,0,0.0,0.0
2009-10-26 00:00:00-04:00,82.27999877929688,82.27999877929688,82.27999877929688,82.27999877929688,0,0.0,0.0
2009-10-27 00:00:00-04:00,80.41000366210938,80.41000366210938,80.41000366210938,80.41000366210938,0,0.0,0.0
2009-10-28 00:00:00-04:00,85.43000030517578,85.43000030517578,85.43000030517578,85.43000030517578,0,0.0,0.0
2009-10-29 00:00:00-04:00,78.0999984741211,78.0999984741211,78.0999984741211,78.0999984741211,0,0.0,0.0
2009-10-30 00:00:00-04:00,89.9000015258789,89.9000015258789,89.9000015258789,89.9000015258789,0,0.0,0.0
2009-11-02 00:00:00-05:00,91.9800033569336,91.9800033569336,91.9800033569336,91.9800033569336,0,0.0,0.0
2009-11-03 00:00:00-05:00,90.16000366210938,90.16000366210938,90.16000366210938,90.16000366210938,0,0.0,0.0
2009-11-04 00:00:00-05:00,85.97000122070312,85.97000122070312,85.97000122070312,85.97000122070312,0,0.0,0.0
2009-11-05 00:00:00-05:00,79.0999984741211,79.0999984741211,79.0999984741211,79.0999984741211,0,0.0,0.0
2009-11-06 00:00:00-05:00,73.72000122070312,73.72000122070312,73.72000122070312,73.72000122070312,0,0.0,0.0
2009-11-09 00:00:00-05:00,68.83000183105469,68.83000183105469,68.83000183105469,68.83000183105469,0,0.0,0.0
2009-11-10 00:00:00-05:00,68.48999786376953,68.48999786376953,68.48999786376953,68.48999786376953,0,0.0,0.0
2009-11-11 00:00:00-05:00,73.05000305175781,73.05000305175781,73.05000305175781,73.05000305175781,0,0.0,0.0
2009-11-12 00:00:00-05:00,80.7699966430664,80.7699966430664,80.7699966430664,80.7699966430664,0,0.0,0.0
2009-11-13 00:00:00-05:00,80.27999877929688,80.27999877929688,80.27999877929688,80.27999877929688,0,0.0,0.0
2009-11-16 00:00:00-05:00,83.30999755859375,83.30999755859375,83.30999755859375,83.30999755859375,0,0.0,0.0
2009-11-17 00:00:00-05:00,83.97000122070312,83.97000122070312,83.97000122070312,83.97000122070312,0,0.0,0.0
2009-11-18 00:00:00-05:00,79.1500015258789,79.1500015258789,79.1500015258789,79.1500015258789,0,0.0,0.0
2009-11-19 00:00:00-05:00,79.2699966430664,79.2699966430664,79.2699966430664,79.2699966430664,0,0.0,0.0
2009-11-20 00:00:00-05:00,75.55999755859375,75.55999755859375,75.55999755859375,75.55999755859375,0,0.0,0.0
2009-11-23 00:00:00-05:00,75.83999633789062,75.83999633789062,75.83999633789062,75.83999633789062,0,0.0,0.0
2009-11-24 00:00:00-05:00,75.05000305175781,75.05000305175781,75.05000305175781,75.05000305175781,0,0.0,0.0
2009-11-25 00:00:00-05:00,73.91000366210938,73.91000366210938,73.91000366210938,73.91000366210938,0,0.0,0.0
2009-11-27 00:00:00-05:00,83.23999786376953,83.23999786376953,83.23999786376953,83.23999786376953,0,0.0,0.0
2009-11-30 00:00:00-05:00,81.58000183105469,81.58000183105469,81.58000183105469,81.58000183105469,0,0.0,0.0
2009-12-01 00:00:00-05:00,80.73999786376953,80.73999786376953,80.73999786376953,80.73999786376953,0,0.0,0.0
2009-12-02 00:00:00-05:00,78.26000213623047,78.26000213623047,78.26000213623047,78.26000213623047,0,0.0,0.0
2009-12-03 00:00:00-05:00,78.5199966430664,78.5199966430664,78.5199966430664,78.5199966430664,0,0.0,0.0
2009-12-04 00:00:00-05:00,77.18000030517578,77.18000030517578,77.18000030517578,77.18000030517578,0,0.0,0.0
2009-12-07 00:00:00-05:00,77.75,77.75,77.75,77.75,0,0.0,0.0
2009-12-08 00:00:00-05:00,79.56999969482422,79.56999969482422,79.56999969482422,79.56999969482422,0,0.0,0.0
2009-12-09 00:00:00-05:00,84.93000030517578,84.93000030517578,84.93000030517578,84.93000030517578,0,0.0,0.0
2009-12-10 00:00:00-05:00,84.55999755859375,84.55999755859375,84.55999755859375,84.55999755859375,0,0.0,0.0
2009-12-11 00:00:00-05:00,82.87000274658203,82.87000274658203,82.87000274658203,82.87000274658203,0,0.0,0.0
2009-12-14 00:00:00-05:00,81.63999938964844,81.63999938964844,81.63999938964844,81.63999938964844,0,0.0,0.0
2009-12-15 00:00:00-05:00,80.98999786376953,80.98999786376953,80.98999786376953,80.98999786376953,0,0.0,0.0
2009-12-16 00:00:00-05:00,82.05000305175781,82.05000305175781,82.05000305175781,82.05000305175781,0,0.0,0.0
2009-12-17 00:00:00-05:00,83.55999755859375,83.55999755859375,83.55999755859375,83.55999755859375,0,0.0,0.0
2009-12-18 00:00:00-05:00,81.75,81.75,81.75,81.75,0,0.0,0.0
2009-12-21 00:00:00-05:00,79.62000274658203,79.62000274658203,79.62000274658203,79.62000274658203,0,0.0,0.0
2009-12-22 00:00:00-05:00,71.44999694824219,71.44999694824219,71.44999694824219,71.44999694824219,0,0.0,0.0
2009-12-23 00:00:00-05:00,69.80999755859375,69.80999755859375,69.80999755859375,69.80999755859375,0,0.0,0.0
2009-12-24 00:00:00-05:00,68.80999755859375,68.80999755859375,68.80999755859375,68.80999755859375,0,0.0,0.0
2009-12-28 00:00:00-05:00,69.88999938964844,69.88999938964844,69.88999938964844,69.88999938964844,0,0.0,0.0
2009-12-29 00:00:00-05:00,69.0999984741211,69.0999984741211,69.0999984741211,69.0999984741211,0,0.0,0.0
2009-12-30 00:00:00-05:00,70.36000061035156,70.36000061035156,70.36000061035156,70.36000061035156,0,0.0,0.0
2009-12-31 00:00:00-05:00,74.98999786376953,74.98999786376953,74.98999786376953,74.98999786376953,0,0.0,0.0
2010-01-04 00:00:00-05:00,73.30000305175781,73.30000305175781,73.30000305175781,73.30000305175781,0,0.0,0.0
2010-01-05 00:00:00-05:00,70.36000061035156,70.36000061035156,70.36000061035156,70.36000061035156,0,0.0,0.0
2010-01-06 00:00:00-05:00,67.6500015258789,67.6500015258789,67.6500015258789,67.6500015258789,0,0.0,0.0
2010-01-07 00:00:00-05:00,67.1500015258789,67.1500015258789,67.1500015258789,67.1500015258789,0,0.0,0.0
2010-01-08 00:00:00-05:00,65.70999908447266,65.70999908447266,65.70999908447266,65.70999908447266,0,0.0,0.0
2010-01-11 00:00:00-05:00,64.87000274658203,64.87000274658203,64.87000274658203,64.87000274658203,0,0.0,0.0
2010-01-12 00:00:00-05:00,70.41999816894531,70.41999816894531,70.41999816894531,70.41999816894531,0,0.0,0.0
2010-01-13 00:00:00-05:00,75.52999877929688,75.52999877929688,75.52999877929688,75.52999877929688,0,0.0,0.0
2010-01-14 00:00:00-05:00,74.5199966430664,74.5199966430664,74.5199966430664,74.5199966430664,0,0.0,0.0
2010-01-15 00:00:00-05:00,74.2699966430664,74.2699966430664,74.2699966430664,74.2699966430664,0,0.0,0.0
2010-01-19 00:00:00-05:00,73.5,73.5,73.5,73.5,0,0.0,0.0
2010-01-20 00:00:00-05:00,80.36000061035156,80.36000061035156,80.36000061035156,80.36000061035156,0,0.0,0.0
2010-01-21 00:00:00-05:00,88.81999969482422,88.81999969482422,88.81999969482422,88.81999969482422,0,0.0,0.0
2010-01-22 00:00:00-05:00,100.05999755859375,100.05999755859375,100.05999755859375,100.05999755859375,0,0.0,0.0
2010-01-25 00:00:00-05:00,90.58000183105469,90.58000183105469,90.58000183105469,90.58000183105469,0,0.0,0.0
2010-01-26 00:00:00-05:00,90.04000091552734,90.04000091552734,90.04000091552734,90.04000091552734,0,0.0,0.0
2010-01-27 00:00:00-05:00,85.86000061035156,85.86000061035156,85.86000061035156,85.86000061035156,0,0.0,0.0
2010-01-28 00:00:00-05:00,87.91000366210938,87.91000366210938,87.91000366210938,87.91000366210938,0,0.0,0.0
2010-01-29 00:00:00-05:00,89.0,89.0,89.0,89.0,0,0.0,0.0
2010-02-01 00:00:00-05:00,83.7300033569336,83.7300033569336,83.7300033569336,83.7300033569336,0,0.0,0.0
2010-02-02 00:00:00-05:00,80.9800033569336,80.9800033569336,80.9800033569336,80.9800033569336,0,0.0,0.0
2010-02-03 00:00:00-05:00,80.55000305175781,80.55000305175781,80.55000305175781,80.55000305175781,0,0.0,0.0
2010-02-04 00:00:00-05:00,91.41999816894531,91.41999816894531,91.41999816894531,91.41999816894531,0,0.0,0.0
2010-02-05 00:00:00-05:00,88.22000122070312,88.22000122070312,88.22000122070312,88.22000122070312,0,0.0,0.0
2010-02-08 00:00:00-05:00,90.01000213623047,90.01000213623047,90.01000213623047,90.01000213623047,0,0.0,0.0
2010-02-09 00:00:00-05:00,88.80000305175781,88.80000305175781,88.80000305175781,88.80000305175781,0,0.0,0.0
2010-02-10 00:00:00-05:00,92.18000030517578,92.18000030517578,92.18000030517578,92.18000030517578,0,0.0,0.0
2010-02-11 00:00:00-05:00,89.58999633789062,89.58999633789062,89.58999633789062,89.58999633789062,0,0.0,0.0
2010-02-12 00:00:00-05:00,88.16000366210938,88.16000366210938,88.16000366210938,88.16000366210938,0,0.0,0.0
2010-02-16 00:00:00-05:00,81.7699966430664,81.7699966430664,81.7699966430664,81.7699966430664,0,0.0,0.0
2010-02-17 00:00:00-05:00,80.29000091552734,80.29000091552734,80.29000091552734,80.29000091552734,0,0.0,0.0
2010-02-18 00:00:00-05:00,79.19999694824219,79.19999694824219,79.19999694824219,79.19999694824219,0,0.0,0.0
2010-02-19 00:00:00-05:00,77.97000122070312,77.97000122070312,77.97000122070312,77.97000122070312,0,0.0,0.0
2010-02-22 00:00:00-05:00,75.44000244140625,75.44000244140625,75.44000244140625,75.44000244140625,0,0.0,0.0
2010-02-23 00:00:00-05:00,77.81999969482422,77.81999969482422,77.81999969482422,77.81999969482422,0,0.0,0.0
2010-02-24 00:00:00-05:00,75.93000030517578,75.93000030517578,75.93000030517578,75.93000030517578,0,0.0,0.0
2010-02-25 00:00:00-05:00,75.30000305175781,75.30000305175781,75.30000305175781,75.30000305175781,0,0.0,0.0
2010-02-26 00:00:00-05:00,73.12999725341797,73.12999725341797,73.12999725341797,73.12999725341797,0,0.0,0.0
2010-03-01 00:00:00-05:00,73.23999786376953,73.23999786376953,73.23999786376953,73.23999786376953,0,0.0,0.0
2010-03-02 00:00:00-05:00,73.43000030517578,73.43000030517578,73.43000030517578,73.43000030517578,0,0.0,0.0
2010-03-03 00:00:00-05:00,72.61000061035156,72.61000061035156,72.61000061035156,72.61000061035156,0,0.0,0.0
2010-03-04 00:00:00-05:00,70.51000213623047,70.51000213623047,70.51000213623047,70.51000213623047,0,0.0,0.0
2010-03-05 00:00:00-05:00,71.05999755859375,71.05999755859375,71.05999755859375,71.05999755859375,0,0.0,0.0
2010-03-08 00:00:00-05:00,70.9000015258789,70.9000015258789,70.9000015258789,70.9000015258789,0,0.0,0.0
2010-03-09 00:00:00-05:00,71.48999786376953,71.48999786376953,71.48999786376953,71.48999786376953,0,0.0,0.0
2010-03-10 00:00:00-05:00,76.19999694824219,76.19999694824219,76.19999694824219,76.19999694824219,0,0.0,0.0
2010-03-11 00:00:00-05:00,76.16000366210938,76.16000366210938,76.16000366210938,76.16000366210938,0,0.0,0.0
2010-03-12 00:00:00-05:00,73.73999786376953,73.73999786376953,73.73999786376953,73.73999786376953,0,0.0,0.0
2010-03-15 00:00:00-04:00,75.22000122070312,75.22000122070312,75.22000122070312,75.22000122070312,0,0.0,0.0
2010-03-16 00:00:00-04:00,76.41000366210938,76.41000366210938,76.41000366210938,76.41000366210938,0,0.0,0.0
2010-03-17 00:00:00-04:00,73.16000366210938,73.16000366210938,73.16000366210938,73.16000366210938,0,0.0,0.0
2010-03-18 00:00:00-04:00,76.45999908447266,76.45999908447266,76.45999908447266,76.45999908447266,0,0.0,0.0
2010-03-19 00:00:00-04:00,76.68000030517578,76.68000030517578,76.68000030517578,76.68000030517578,0,0.0,0.0
2010-03-22 00:00:00-04:00,77.75,77.75,77.75,77.75,0,0.0,0.0
2010-03-23 00:00:00-04:00,78.30999755859375,78.30999755859375,78.30999755859375,78.30999755859375,0,0.0,0.0
2010-03-24 00:00:00-04:00,80.68000030517578,80.68000030517578,80.68000030517578,80.68000030517578,0,0.0,0.0
2010-03-25 00:00:00-04:00,83.81999969482422,83.81999969482422,83.81999969482422,83.81999969482422,0,0.0,0.0
2010-03-26 00:00:00-04:00,81.55999755859375,81.55999755859375,81.55999755859375,81.55999755859375,0,0.0,0.0
2010-03-29 00:00:00-04:00,78.75,78.75,78.75,78.75,0,0.0,0.0
2010-03-30 00:00:00-04:00,76.91000366210938,76.91000366210938,76.91000366210938,76.91000366210938,0,0.0,0.0
2010-03-31 00:00:00-04:00,77.48999786376953,77.48999786376953,77.48999786376953,77.48999786376953,0,0.0,0.0
2010-04-01 00:00:00-04:00,78.29000091552734,78.29000091552734,78.29000091552734,78.29000091552734,0,0.0,0.0
2010-04-05 00:00:00-04:00,76.97000122070312,76.97000122070312,76.97000122070312,76.97000122070312,0,0.0,0.0
2010-04-06 00:00:00-04:00,76.81999969482422,76.81999969482422,76.81999969482422,76.81999969482422,0,0.0,0.0
2010-04-07 00:00:00-04:00,78.16000366210938,78.16000366210938,78.16000366210938,78.16000366210938,0,0.0,0.0
2010-04-08 00:00:00-04:00,77.05999755859375,77.05999755859375,77.05999755859375,77.05999755859375,0,0.0,0.0
2010-04-09 00:00:00-04:00,78.23999786376953,78.23999786376953,78.23999786376953,78.23999786376953,0,0.0,0.0
2010-04-12 00:00:00-04:00,80.05999755859375,80.05999755859375,80.05999755859375,80.05999755859375,0,0.0,0.0
2010-04-13 00:00:00-04:00,79.97000122070312,79.97000122070312,79.97000122070312,79.97000122070312,0,0.0,0.0
2010-04-14 00:00:00-04:00,83.30999755859375,83.30999755859375,83.30999755859375,83.30999755859375,0,0.0,0.0
2010-04-15 00:00:00-04:00,83.0999984741211,83.0999984741211,83.0999984741211,83.0999984741211,0,0.0,0.0
2010-04-16 00:00:00-04:00,86.29000091552734,86.29000091552734,86.29000091552734,86.29000091552734,0,0.0,0.0
2010-04-19 00:00:00-04:00,81.72000122070312,81.72000122070312,81.72000122070312,81.72000122070312,0,0.0,0.0
2010-04-20 00:00:00-04:00,79.6500015258789,79.6500015258789,79.6500015258789,79.6500015258789,0,0.0,0.0
2010-04-21 00:00:00-04:00,83.88999938964844,83.88999938964844,83.88999938964844,83.88999938964844,0,0.0,0.0
2010-04-22 00:00:00-04:00,85.76000213623047,85.76000213623047,85.76000213623047,85.76000213623047,0,0.0,0.0
2010-04-23 00:00:00-04:00,88.13999938964844,88.13999938964844,88.13999938964844,88.13999938964844,0,0.0,0.0
2010-04-26 00:00:00-04:00,87.52999877929688,87.52999877929688,87.52999877929688,87.52999877929688,0,0.0,0.0
2010-04-27 00:00:00-04:00,103.2300033569336,103.2300033569336,103.2300033569336,103.2300033569336,0,0.0,0.0
2010-04-28 00:00:00-04:00,101.69999694824219,101.69999694824219,101.69999694824219,101.69999694824219,0,0.0,0.0
2010-04-29 00:00:00-04:00,92.44000244140625,92.44000244140625,92.44000244140625,92.44000244140625,0,0.0,0.0
2010-04-30 00:00:00-04:00,101.41000366210938,101.41000366210938,101.41000366210938,101.41000366210938,0,0.0,0.0
2010-05-03 00:00:00-04:00,95.68000030517578,95.68000030517578,95.68000030517578,95.68000030517578,0,0.0,0.0
2010-05-04 00:00:00-04:00,101.87999725341797,101.87999725341797,101.87999725341797,101.87999725341797,0,0.0,0.0
2010-05-05 00:00:00-04:00,105.58999633789062,105.58999633789062,105.58999633789062,105.58999633789062,0,0.0,0.0
2010-05-06 00:00:00-04:00,125.36000061035156,125.36000061035156,125.36000061035156,125.36000061035156,0,0.0,0.0
2010-05-07 00:00:00-04:00,135.3800048828125,135.3800048828125,135.3800048828125,135.3800048828125,0,0.0,0.0
2010-05-10 00:00:00-04:00,110.95999908447266,110.95999908447266,110.95999908447266,110.95999908447266,0,0.0,0.0
2010-05-11 00:00:00-04:00,113.94999694824219,113.94999694824219,113.94999694824219,113.94999694824219,0,0.0,0.0
2010-05-12 00:00:00-04:00,116.52999877929688,116.52999877929688,116.52999877929688,116.52999877929688,0,0.0,0.0
2010-05-13 00:00:00-04:00,123.16999816894531,123.16999816894531,123.16999816894531,123.16999816894531,0,0.0,0.0
2010-05-14 00:00:00-04:00,128.33999633789062,128.33999633789062,128.33999633789062,128.33999633789062,0,0.0,0.0
2010-05-17 00:00:00-04:00,120.97000122070312,120.97000122070312,120.97000122070312,120.97000122070312,0,0.0,0.0
2010-05-18 00:00:00-04:00,135.82000732421875,135.82000732421875,135.82000732421875,135.82000732421875,0,0.0,0.0
2010-05-19 00:00:00-04:00,128.44000244140625,128.44000244140625,128.44000244140625,128.44000244140625,0,0.0,0.0
2010-05-20 00:00:00-04:00,145.1199951171875,145.1199951171875,145.1199951171875,145.1199951171875,0,0.0,0.0
2010-05-21 00:00:00-04:00,130.6699981689453,130.6699981689453,130.6699981689453,130.6699981689453,0,0.0,0.0
2010-05-24 00:00:00-04:00,123.87000274658203,123.87000274658203,123.87000274658203,123.87000274658203,0,0.0,0.0
2010-05-25 00:00:00-04:00,119.36000061035156,119.36000061035156,119.36000061035156,119.36000061035156,0,0.0,0.0
2010-05-26 00:00:00-04:00,115.68000030517578,115.68000030517578,115.68000030517578,115.68000030517578,0,0.0,0.0
2010-05-27 00:00:00-04:00,107.63999938964844,107.63999938964844,107.63999938964844,107.63999938964844,0,0.0,0.0
2010-05-28 00:00:00-04:00,110.12999725341797,110.12999725341797,110.12999725341797,110.12999725341797,0,0.0,0.0
2010-06-01 00:00:00-04:00,109.91999816894531,109.91999816894531,109.91999816894531,109.91999816894531,0,0.0,0.0
2010-06-02 00:00:00-04:00,98.0199966430664,98.0199966430664,98.0199966430664,98.0199966430664,0,0.0,0.0
2010-06-03 00:00:00-04:00,95.61000061035156,95.61000061035156,95.61000061035156,95.61000061035156,0,0.0,0.0
2010-06-04 00:00:00-04:00,103.30999755859375,103.30999755859375,103.30999755859375,103.30999755859375,0,0.0,0.0
2010-06-07 00:00:00-04:00,102.76000213623047,102.76000213623047,102.76000213623047,102.76000213623047,0,0.0,0.0
2010-06-08 00:00:00-04:00,101.79000091552734,101.79000091552734,101.79000091552734,101.79000091552734,0,0.0,0.0
2010-06-09 00:00:00-04:00,111.7699966430664,111.7699966430664,111.7699966430664,111.7699966430664,0,0.0,0.0
2010-06-10 00:00:00-04:00,108.61000061035156,108.61000061035156,108.61000061035156,108.61000061035156,0,0.0,0.0
2010-06-11 00:00:00-04:00,103.69000244140625,103.69000244140625,103.69000244140625,103.69000244140625,0,0.0,0.0
2010-06-14 00:00:00-04:00,99.91999816894531,99.91999816894531,99.91999816894531,99.91999816894531,0,0.0,0.0
2010-06-15 00:00:00-04:00,99.0,99.0,99.0,99.0,0,0.0,0.0
2010-06-16 00:00:00-04:00,93.66999816894531,93.66999816894531,93.66999816894531,93.66999816894531,0,0.0,0.0
2010-06-17 00:00:00-04:00,89.6500015258789,89.6500015258789,89.6500015258789,89.6500015258789,0,0.0,0.0
2010-06-18 00:00:00-04:00,92.36000061035156,92.36000061035156,92.36000061035156,92.36000061035156,0,0.0,0.0
2010-06-21 00:00:00-04:00,96.01000213623047,96.01000213623047,96.01000213623047,96.01000213623047,0,0.0,0.0
2010-06-22 00:00:00-04:00,101.6500015258789,101.6500015258789,101.6500015258789,101.6500015258789,0,0.0,0.0
2010-06-23 00:00:00-04:00,98.93000030517578,98.93000030517578,98.93000030517578,98.93000030517578,0,0.0,0.0
2010-06-24 00:00:00-04:00,103.69000244140625,103.69000244140625,103.69000244140625,103.69000244140625,0,0.0,0.0
2010-06-25 00:00:00-04:00,97.51000213623047,97.51000213623047,97.51000213623047,97.51000213623047,0,0.0,0.0
2010-06-28 00:00:00-04:00,99.01000213623047,99.01000213623047,99.01000213623047,99.01000213623047,0,0.0,0.0
2010-06-29 00:00:00-04:00,104.0,104.0,104.0,104.0,0,0.0,0.0
2010-06-30 00:00:00-04:00,105.16000366210938,105.16000366210938,105.16000366210938,105.16000366210938,0,0.0,0.0
2010-07-01 00:00:00-04:00,100.69000244140625,100.69000244140625,100.69000244140625,100.69000244140625,0,0.0,0.0
2010-07-02 00:00:00-04:00,97.19000244140625,97.19000244140625,97.19000244140625,97.19000244140625,0,0.0,0.0
2010-07-06 00:00:00-04:00,97.58000183105469,97.58000183105469,97.58000183105469,97.58000183105469,0,0.0,0.0
2010-07-07 00:00:00-04:00,92.13999938964844,92.13999938964844,92.13999938964844,92.13999938964844,0,0.0,0.0
2010-07-08 00:00:00-04:00,89.8499984741211,89.8499984741211,89.8499984741211,89.8499984741211,0,0.0,0.0
2010-07-09 00:00:00-04:00,88.58000183105469,88.58000183105469,88.58000183105469,88.58000183105469,0,0.0,0.0
2010-07-12 00:00:00-04:00,91.75,91.75,91.75,91.75,0,0.0,0.0
2010-07-13 00:00:00-04:00,90.80000305175781,90.80000305175781,90.80000305175781,90.80000305175781,0,0.0,0.0
2010-07-14 00:00:00-04:00,96.12999725341797,96.12999725341797,96.12999725341797,96.12999725341797,0,0.0,0.0
2010-07-15 00:00:00-04:00,97.75,97.75,97.75,97.75,0,0.0,0.0
2010-07-16 00:00:00-04:00,101.56999969482422,101.56999969482422,101.56999969482422,101.56999969482422,0,0.0,0.0
2010-07-19 00:00:00-04:00,102.58000183105469,102.58000183105469,102.58000183105469,102.58000183105469,0,0.0,0.0
2010-07-20 00:00:00-04:00,98.88999938964844,98.88999938964844,98.88999938964844,98.88999938964844,0,0.0,0.0
2010-07-21 00:00:00-04:00,97.0199966430664,97.0199966430664,97.0199966430664,97.0199966430664,0,0.0,0.0
2010-07-22 00:00:00-04:00,93.19999694824219,93.19999694824219,93.19999694824219,93.19999694824219,0,0.0,0.0
2010-07-23 00:00:00-04:00,89.9000015258789,89.9000015258789,89.9000015258789,89.9000015258789,0,0.0,0.0
2010-07-26 00:00:00-04:00,88.55000305175781,88.55000305175781,88.55000305175781,88.55000305175781,0,0.0,0.0
2010-07-27 00:00:00-04:00,90.13999938964844,90.13999938964844,90.13999938964844,90.13999938964844,0,0.0,0.0
2010-07-28 00:00:00-04:00,90.70999908447266,90.70999908447266,90.70999908447266,90.70999908447266,0,0.0,0.0
2010-07-29 00:00:00-04:00,90.62000274658203,90.62000274658203,90.62000274658203,90.62000274658203,0,0.0,0.0
2010-07-30 00:00:00-04:00,89.55000305175781,89.55000305175781,89.55000305175781,89.55000305175781,0,0.0,0.0
2010-08-02 00:00:00-04:00,85.0199966430664,85.0199966430664,85.0199966430664,85.0199966430664,0,0.0,0.0
2010-08-03 00:00:00-04:00,85.04000091552734,85.04000091552734,85.04000091552734,85.04000091552734,0,0.0,0.0
2010-08-04 00:00:00-04:00,85.05000305175781,85.05000305175781,85.05000305175781,85.05000305175781,0,0.0,0.0
2010-08-05 00:00:00-04:00,86.5199966430664,86.5199966430664,86.5199966430664,86.5199966430664,0,0.0,0.0
2010-08-06 00:00:00-04:00,87.44000244140625,87.44000244140625,87.44000244140625,87.44000244140625,0,0.0,0.0
2010-08-09 00:00:00-04:00,87.86000061035156,87.86000061035156,87.86000061035156,87.86000061035156,0,0.0,0.0
2010-08-10 00:00:00-04:00,90.3499984741211,90.3499984741211,90.3499984741211,90.3499984741211,0,0.0,0.0
2010-08-11 00:00:00-04:00,102.6500015258789,102.6500015258789,102.6500015258789,102.6500015258789,0,0.0,0.0
2010-08-12 00:00:00-04:00,99.75,99.75,99.75,99.75,0,0.0,0.0
2010-08-13 00:00:00-04:00,99.54000091552734,99.54000091552734,99.54000091552734,99.54000091552734,0,0.0,0.0
2010-08-16 00:00:00-04:00,98.7300033569336,98.7300033569336,98.7300033569336,98.7300033569336,0,0.0,0.0
2010-08-17 00:00:00-04:00,93.25,93.25,93.25,93.25,0,0.0,0.0
2010-08-18 00:00:00-04:00,91.30000305175781,91.30000305175781,91.30000305175781,91.30000305175781,0,0.0,0.0
2010-08-19 00:00:00-04:00,91.95999908447266,91.95999908447266,91.95999908447266,91.95999908447266,0,0.0,0.0
2010-08-20 00:00:00-04:00,89.33999633789062,89.33999633789062,89.33999633789062,89.33999633789062,0,0.0,0.0
2010-08-23 00:00:00-04:00,87.66000366210938,87.66000366210938,87.66000366210938,87.66000366210938,0,0.0,0.0
2010-08-24 00:00:00-04:00,85.69999694824219,85.69999694824219,85.69999694824219,85.69999694824219,0,0.0,0.0
2010-08-25 00:00:00-04:00,82.63999938964844,82.63999938964844,82.63999938964844,82.63999938964844,0,0.0,0.0
2010-08-26 00:00:00-04:00,82.94999694824219,82.94999694824219,82.94999694824219,82.94999694824219,0,0.0,0.0
2010-08-27 00:00:00-04:00,79.0,79.0,79.0,79.0,0,0.0,0.0
2010-08-30 00:00:00-04:00,82.5199966430664,82.5199966430664,82.5199966430664,82.5199966430664,0,0.0,0.0
2010-08-31 00:00:00-04:00,81.48999786376953,81.48999786376953,81.48999786376953,81.48999786376953,0,0.0,0.0
2010-09-01 00:00:00-04:00,78.27999877929688,78.27999877929688,78.27999877929688,78.27999877929688,0,0.0,0.0
2010-09-02 00:00:00-04:00,79.05000305175781,79.05000305175781,79.05000305175781,79.05000305175781,0,0.0,0.0
2010-09-03 00:00:00-04:00,76.63999938964844,76.63999938964844,76.63999938964844,76.63999938964844,0,0.0,0.0
2010-09-07 00:00:00-04:00,78.9800033569336,78.9800033569336,78.9800033569336,78.9800033569336,0,0.0,0.0
2010-09-08 00:00:00-04:00,89.87999725341797,89.87999725341797,89.87999725341797,89.87999725341797,0,0.0,0.0
2010-09-09 00:00:00-04:00,87.97000122070312,87.97000122070312,87.97000122070312,87.97000122070312,0,0.0,0.0
2010-09-10 00:00:00-04:00,87.5999984741211,87.5999984741211,87.5999984741211,87.5999984741211,0,0.0,0.0
2010-09-13 00:00:00-04:00,87.33000183105469,87.33000183105469,87.33000183105469,87.33000183105469,0,0.0,0.0
2010-09-14 00:00:00-04:00,87.94999694824219,87.94999694824219,87.94999694824219,87.94999694824219,0,0.0,0.0
2010-09-15 00:00:00-04:00,88.4000015258789,88.4000015258789,88.4000015258789,88.4000015258789,0,0.0,0.0
2010-09-16 00:00:00-04:00,87.62999725341797,87.62999725341797,87.62999725341797,87.62999725341797,0,0.0,0.0
2010-09-17 00:00:00-04:00,85.44999694824219,85.44999694824219,85.44999694824219,85.44999694824219,0,0.0,0.0
2010-09-20 00:00:00-04:00,81.5,81.5,81.5,81.5,0,0.0,0.0
2010-09-21 00:00:00-04:00,80.97000122070312,80.97000122070312,80.97000122070312,80.97000122070312,0,0.0,0.0
2010-09-22 00:00:00-04:00,81.86000061035156,81.86000061035156,81.86000061035156,81.86000061035156,0,0.0,0.0
2010-09-23 00:00:00-04:00,83.0199966430664,83.0199966430664,83.0199966430664,83.0199966430664,0,0.0,0.0
2010-09-24 00:00:00-04:00,80.0,80.0,80.0,80.0,0,0.0,0.0
2010-09-27 00:00:00-04:00,82.62000274658203,82.62000274658203,82.62000274658203,82.62000274658203,0,0.0,0.0
2010-09-28 00:00:00-04:00,83.62000274658203,83.62000274658203,83.62000274658203,83.62000274658203,0,0.0,0.0
2010-09-29 00:00:00-04:00,83.3499984741211,83.3499984741211,83.3499984741211,83.3499984741211,0,0.0,0.0
2010-09-30 00:00:00-04:00,86.48999786376953,86.48999786376953,86.48999786376953,86.48999786376953,0,0.0,0.0
2010-10-01 00:00:00-04:00,84.08000183105469,84.08000183105469,84.08000183105469,84.08000183105469,0,0.0,0.0
2010-10-04 00:00:00-04:00,86.22000122070312,86.22000122070312,86.22000122070312,86.22000122070312,0,0.0,0.0
2010-10-05 00:00:00-04:00,82.62000274658203,82.62000274658203,82.62000274658203,82.62000274658203,0,0.0,0.0
2010-10-06 00:00:00-04:00,81.05000305175781,81.05000305175781,81.05000305175781,81.05000305175781,0,0.0,0.0
2010-10-07 00:00:00-04:00,80.69999694824219,80.69999694824219,80.69999694824219,80.69999694824219,0,0.0,0.0
2010-10-08 00:00:00-04:00,81.41000366210938,81.41000366210938,81.41000366210938,81.41000366210938,0,0.0,0.0
2010-10-11 00:00:00-04:00,84.75,84.75,84.75,84.75,0,0.0,0.0
2010-10-12 00:00:00-04:00,84.7699966430664,84.7699966430664,84.7699966430664,84.7699966430664,0,0.0,0.0
2010-10-13 00:00:00-04:00,88.72000122070312,88.72000122070312,88.72000122070312,88.72000122070312,0,0.0,0.0
2010-10-14 00:00:00-04:00,87.13999938964844,87.13999938964844,87.13999938964844,87.13999938964844,0,0.0,0.0
2010-10-15 00:00:00-04:00,89.81999969482422,89.81999969482422,89.81999969482422,89.81999969482422,0,0.0,0.0
2010-10-18 00:00:00-04:00,91.75,91.75,91.75,91.75,0,0.0,0.0
2010-10-19 00:00:00-04:00,91.52999877929688,91.52999877929688,91.52999877929688,91.52999877929688,0,0.0,0.0
2010-10-20 00:00:00-04:00,85.4800033569336,85.4800033569336,85.4800033569336,85.4800033569336,0,0.0,0.0
2010-10-21 00:00:00-04:00,83.58999633789062,83.58999633789062,83.58999633789062,83.58999633789062,0,0.0,0.0
2010-10-22 00:00:00-04:00,81.97000122070312,81.97000122070312,81.97000122070312,81.97000122070312,0,0.0,0.0
2010-10-25 00:00:00-04:00,82.0199966430664,82.0199966430664,82.0199966430664,82.0199966430664,0,0.0,0.0
2010-10-26 00:00:00-04:00,82.79000091552734,82.79000091552734,82.79000091552734,82.79000091552734,0,0.0,0.0
2010-10-27 00:00:00-04:00,80.41999816894531,80.41999816894531,80.41999816894531,80.41999816894531,0,0.0,0.0
2010-10-28 00:00:00-04:00,78.47000122070312,78.47000122070312,78.47000122070312,78.47000122070312,0,0.0,0.0
2010-10-29 00:00:00-04:00,77.45999908447266,77.45999908447266,77.45999908447266,77.45999908447266,0,0.0,0.0
2010-11-01 00:00:00-04:00,79.72000122070312,79.72000122070312,79.72000122070312,79.72000122070312,0,0.0,0.0
2010-11-02 00:00:00-04:00,80.18000030517578,80.18000030517578,80.18000030517578,80.18000030517578,0,0.0,0.0
2010-11-03 00:00:00-04:00,76.56999969482422,76.56999969482422,76.56999969482422,76.56999969482422,0,0.0,0.0
2010-11-04 00:00:00-04:00,70.77999877929688,70.77999877929688,70.77999877929688,70.77999877929688,0,0.0,0.0
2010-11-05 00:00:00-04:00,74.0199966430664,74.0199966430664,74.0199966430664,74.0199966430664,0,0.0,0.0
2010-11-08 00:00:00-05:00,73.66999816894531,73.66999816894531,73.66999816894531,73.66999816894531,0,0.0,0.0
2010-11-09 00:00:00-05:00,76.48999786376953,76.48999786376953,76.48999786376953,76.48999786376953,0,0.0,0.0
2010-11-10 00:00:00-05:00,83.06999969482422,83.06999969482422,83.06999969482422,83.06999969482422,0,0.0,0.0
2010-11-12 00:00:00-05:00,88.18000030517578,88.18000030517578,88.18000030517578,88.18000030517578,0,0.0,0.0
2010-11-15 00:00:00-05:00,88.12999725341797,88.12999725341797,88.12999725341797,88.12999725341797,0,0.0,0.0
2010-11-16 00:00:00-05:00,93.6500015258789,93.6500015258789,93.6500015258789,93.6500015258789,0,0.0,0.0
2010-11-17 00:00:00-05:00,89.25,89.25,89.25,89.25,0,0.0,0.0
2010-11-18 00:00:00-05:00,83.91999816894531,83.91999816894531,83.91999816894531,83.91999816894531,0,0.0,0.0
2010-11-19 00:00:00-05:00,84.7300033569336,84.7300033569336,84.7300033569336,84.7300033569336,0,0.0,0.0
2010-11-22 00:00:00-05:00,78.38999938964844,78.38999938964844,78.38999938964844,78.38999938964844,0,0.0,0.0
2010-11-23 00:00:00-05:00,87.44000244140625,87.44000244140625,87.44000244140625,87.44000244140625,0,0.0,0.0
2010-11-24 00:00:00-05:00,81.55000305175781,81.55000305175781,81.55000305175781,81.55000305175781,0,0.0,0.0
2010-11-26 00:00:00-05:00,90.55000305175781,90.55000305175781,90.55000305175781,90.55000305175781,0,0.0,0.0
2010-11-29 00:00:00-05:00,89.01000213623047,89.01000213623047,89.01000213623047,89.01000213623047,0,0.0,0.0
2010-11-30 00:00:00-05:00,95.7300033569336,95.7300033569336,95.7300033569336,95.7300033569336,0,0.0,0.0
2010-12-01 00:00:00-05:00,92.02999877929688,92.02999877929688,92.02999877929688,92.02999877929688,0,0.0,0.0
2010-12-02 00:00:00-05:00,87.73999786376953,87.73999786376953,87.73999786376953,87.73999786376953,0,0.0,0.0
2010-12-03 00:00:00-05:00,84.27999877929688,84.27999877929688,84.27999877929688,84.27999877929688,0,0.0,0.0
2010-12-06 00:00:00-05:00,82.5999984741211,82.5999984741211,82.5999984741211,82.5999984741211,0,0.0,0.0
2010-12-07 00:00:00-05:00,82.66000366210938,82.66000366210938,82.66000366210938,82.66000366210938,0,0.0,0.0
2010-12-08 00:00:00-05:00,81.80000305175781,81.80000305175781,81.80000305175781,81.80000305175781,0,0.0,0.0
2010-12-09 00:00:00-05:00,79.80000305175781,79.80000305175781,79.80000305175781,79.80000305175781,0,0.0,0.0
2010-12-10 00:00:00-05:00,79.36000061035156,79.36000061035156,79.36000061035156,79.36000061035156,0,0.0,0.0
2010-12-13 00:00:00-05:00,81.66999816894531,81.66999816894531,81.66999816894531,81.66999816894531,0,0.0,0.0
2010-12-14 00:00:00-05:00,81.66999816894531,81.66999816894531,81.66999816894531,81.66999816894531,0,0.0,0.0
2010-12-15 00:00:00-05:00,83.41999816894531,83.41999816894531,83.41999816894531,83.41999816894531,0,0.0,0.0
2010-12-16 00:00:00-05:00,81.31999969482422,81.31999969482422,81.31999969482422,81.31999969482422,0,0.0,0.0
2010-12-17 00:00:00-05:00,86.62000274658203,86.62000274658203,86.62000274658203,86.62000274658203,0,0.0,0.0
2010-12-20 00:00:00-05:00,84.08999633789062,84.08999633789062,84.08999633789062,84.08999633789062,0,0.0,0.0
2010-12-21 00:00:00-05:00,84.37999725341797,84.37999725341797,84.37999725341797,84.37999725341797,0,0.0,0.0
2010-12-22 00:00:00-05:00,86.02999877929688,86.02999877929688,86.02999877929688,86.02999877929688,0,0.0,0.0
2010-12-23 00:00:00-05:00,86.73999786376953,86.73999786376953,86.73999786376953,86.73999786376953,0,0.0,0.0
2010-12-27 00:00:00-05:00,87.44000244140625,87.44000244140625,87.44000244140625,87.44000244140625,0,0.0,0.0
2010-12-28 00:00:00-05:00,86.33999633789062,86.33999633789062,86.33999633789062,86.33999633789062,0,0.0,0.0
2010-12-29 00:00:00-05:00,85.70999908447266,85.70999908447266,85.70999908447266,85.70999908447266,0,0.0,0.0
2010-12-30 00:00:00-05:00,86.5199966430664,86.5199966430664,86.5199966430664,86.5199966430664,0,0.0,0.0
2010-12-31 00:00:00-05:00,86.36000061035156,86.36000061035156,86.36000061035156,86.36000061035156,0,0.0,0.0
2011-01-03 00:00:00-05:00,84.80000305175781,84.80000305175781,84.80000305175781,84.80000305175781,0,0.0,0.0
2011-01-04 00:00:00-05:00,85.25,85.25,85.25,85.25,0,0.0,0.0
2011-01-05 00:00:00-05:00,84.69999694824219,84.69999694824219,84.69999694824219,84.69999694824219,0,0.0,0.0
2011-01-06 00:00:00-05:00,84.5999984741211,84.5999984741211,84.5999984741211,84.5999984741211,0,0.0,0.0
2011-01-07 00:00:00-05:00,83.7300033569336,83.7300033569336,83.7300033569336,83.7300033569336,0,0.0,0.0
2011-01-10 00:00:00-05:00,81.6500015258789,81.6500015258789,81.6500015258789,81.6500015258789,0,0.0,0.0
2011-01-11 00:00:00-05:00,79.81999969482422,79.81999969482422,79.81999969482422,79.81999969482422,0,0.0,0.0
2011-01-12 00:00:00-05:00,77.94000244140625,77.94000244140625,77.94000244140625,77.94000244140625,0,0.0,0.0
2011-01-13 00:00:00-05:00,78.63999938964844,78.63999938964844,78.63999938964844,78.63999938964844,0,0.0,0.0
2011-01-14 00:00:00-05:00,75.94000244140625,75.94000244140625,75.94000244140625,75.94000244140625,0,0.0,0.0
2011-01-18 00:00:00-05:00,79.7699966430664,79.7699966430664,79.7699966430664,79.7699966430664,0,0.0,0.0
2011-01-19 00:00:00-05:00,83.69999694824219,83.69999694824219,83.69999694824219,83.69999694824219,0,0.0,0.0
2011-01-20 00:00:00-05:00,82.69000244140625,82.69000244140625,82.69000244140625,82.69000244140625,0,0.0,0.0
2011-01-21 00:00:00-05:00,85.41000366210938,85.41000366210938,85.41000366210938,85.41000366210938,0,0.0,0.0
2011-01-24 00:00:00-05:00,82.97000122070312,82.97000122070312,82.97000122070312,82.97000122070312,0,0.0,0.0
2011-01-25 00:00:00-05:00,82.66999816894531,82.66999816894531,82.66999816894531,82.66999816894531,0,0.0,0.0
2011-01-26 00:00:00-05:00,79.43000030517578,79.43000030517578,79.43000030517578,79.43000030517578,0,0.0,0.0
2011-01-27 00:00:00-05:00,77.04000091552734,77.04000091552734,77.04000091552734,77.04000091552734,0,0.0,0.0
2011-01-28 00:00:00-05:00,91.5199966430664,91.5199966430664,91.5199966430664,91.5199966430664,0,0.0,0.0
2011-01-31 00:00:00-05:00,86.08000183105469,86.08000183105469,86.08000183105469,86.08000183105469,0,0.0,0.0
2011-02-01 00:00:00-05:00,84.4800033569336,84.4800033569336,84.4800033569336,84.4800033569336,0,0.0,0.0
2011-02-02 00:00:00-05:00,83.16000366210938,83.16000366210938,83.16000366210938,83.16000366210938,0,0.0,0.0
2011-02-03 00:00:00-05:00,81.75,81.75,81.75,81.75,0,0.0,0.0
2011-02-04 00:00:00-05:00,81.11000061035156,81.11000061035156,81.11000061035156,81.11000061035156,0,0.0,0.0
2011-02-07 00:00:00-05:00,80.54000091552734,80.54000091552734,80.54000091552734,80.54000091552734,0,0.0,0.0
2011-02-08 00:00:00-05:00,78.93000030517578,78.93000030517578,78.93000030517578,78.93000030517578,0,0.0,0.0
2011-02-09 00:00:00-05:00,82.11000061035156,82.11000061035156,82.11000061035156,82.11000061035156,0,0.0,0.0
2011-02-10 00:00:00-05:00,83.7300033569336,83.7300033569336,83.7300033569336,83.7300033569336,0,0.0,0.0
2011-02-11 00:00:00-05:00,84.5,84.5,84.5,84.5,0,0.0,0.0
2011-02-14 00:00:00-05:00,82.66999816894531,82.66999816894531,82.66999816894531,82.66999816894531,0,0.0,0.0
2011-02-15 00:00:00-05:00,84.37999725341797,84.37999725341797,84.37999725341797,84.37999725341797,0,0.0,0.0
2011-02-16 00:00:00-05:00,83.05000305175781,83.05000305175781,83.05000305175781,83.05000305175781,0,0.0,0.0
2011-02-17 00:00:00-05:00,83.02999877929688,83.02999877929688,83.02999877929688,83.02999877929688,0,0.0,0.0
2011-02-18 00:00:00-05:00,85.47000122070312,85.47000122070312,85.47000122070312,85.47000122070312,0,0.0,0.0
2011-02-22 00:00:00-05:00,99.18000030517578,99.18000030517578,99.18000030517578,99.18000030517578,0,0.0,0.0
2011-02-23 00:00:00-05:00,99.04000091552734,99.04000091552734,99.04000091552734,99.04000091552734,0,0.0,0.0
2011-02-24 00:00:00-05:00,94.06999969482422,94.06999969482422,94.06999969482422,94.06999969482422,0,0.0,0.0
2011-02-25 00:00:00-05:00,86.16999816894531,86.16999816894531,86.16999816894531,86.16999816894531,0,0.0,0.0
2011-02-28 00:00:00-05:00,81.77999877929688,81.77999877929688,81.77999877929688,81.77999877929688,0,0.0,0.0
2011-03-01 00:00:00-05:00,89.27999877929688,89.27999877929688,89.27999877929688,89.27999877929688,0,0.0,0.0
2011-03-02 00:00:00-05:00,87.55000305175781,87.55000305175781,87.55000305175781,87.55000305175781,0,0.0,0.0
2011-03-03 00:00:00-05:00,82.36000061035156,82.36000061035156,82.36000061035156,82.36000061035156,0,0.0,0.0
2011-03-04 00:00:00-05:00,81.4800033569336,81.4800033569336,81.4800033569336,81.4800033569336,0,0.0,0.0
2011-03-07 00:00:00-05:00,84.31999969482422,84.31999969482422,84.31999969482422,84.31999969482422,0,0.0,0.0
2011-03-08 00:00:00-05:00,80.83999633789062,80.83999633789062,80.83999633789062,80.83999633789062,0,0.0,0.0
2011-03-09 00:00:00-05:00,84.88999938964844,84.88999938964844,84.88999938964844,84.88999938964844,0,0.0,0.0
2011-03-10 00:00:00-05:00,88.16000366210938,88.16000366210938,88.16000366210938,88.16000366210938,0,0.0,0.0
2011-03-11 00:00:00-05:00,83.20999908447266,83.20999908447266,83.20999908447266,83.20999908447266,0,0.0,0.0
2011-03-14 00:00:00-04:00,83.88999938964844,83.88999938964844,83.88999938964844,83.88999938964844,0,0.0,0.0
2011-03-15 00:00:00-04:00,89.68000030517578,89.68000030517578,89.68000030517578,89.68000030517578,0,0.0,0.0
2011-03-16 00:00:00-04:00,112.38999938964844,112.38999938964844,112.38999938964844,112.38999938964844,0,0.0,0.0
2011-03-17 00:00:00-04:00,101.44999694824219,101.44999694824219,101.44999694824219,101.44999694824219,0,0.0,0.0
2011-03-18 00:00:00-04:00,96.27999877929688,96.27999877929688,96.27999877929688,96.27999877929688,0,0.0,0.0
2011-03-21 00:00:00-04:00,89.16999816894531,89.16999816894531,89.16999816894531,89.16999816894531,0,0.0,0.0
2011-03-22 00:00:00-04:00,87.38999938964844,87.38999938964844,87.38999938964844,87.38999938964844,0,0.0,0.0
2011-03-23 00:00:00-04:00,84.7699966430664,84.7699966430664,84.7699966430664,84.7699966430664,0,0.0,0.0
2011-03-24 00:00:00-04:00,84.16999816894531,84.16999816894531,84.16999816894531,84.16999816894531,0,0.0,0.0
2011-03-25 00:00:00-04:00,84.52999877929688,84.52999877929688,84.52999877929688,84.52999877929688,0,0.0,0.0
2011-03-28 00:00:00-04:00,89.94000244140625,89.94000244140625,89.94000244140625,89.94000244140625,0,0.0,0.0
2011-03-29 00:00:00-04:00,84.95999908447266,84.95999908447266,84.95999908447266,84.95999908447266,0,0.0,0.0
2011-03-30 00:00:00-04:00,82.75,82.75,82.75,82.75,0,0.0,0.0
2011-03-31 00:00:00-04:00,82.51000213623047,82.51000213623047,82.51000213623047,82.51000213623047,0,0.0,0.0
2011-04-01 00:00:00-04:00,81.9800033569336,81.9800033569336,81.9800033569336,81.9800033569336,0,0.0,0.0
2011-04-04 00:00:00-04:00,81.83999633789062,81.83999633789062,81.83999633789062,81.83999633789062,0,0.0,0.0
2011-04-05 00:00:00-04:00,81.44000244140625,81.44000244140625,81.44000244140625,81.44000244140625,0,0.0,0.0
2011-04-06 00:00:00-04:00,83.22000122070312,83.22000122070312,83.22000122070312,83.22000122070312,0,0.0,0.0
2011-04-07 00:00:00-04:00,82.38999938964844,82.38999938964844,82.38999938964844,82.38999938964844,0,0.0,0.0
2011-04-08 00:00:00-04:00,83.43000030517578,83.43000030517578,83.43000030517578,83.43000030517578,0,0.0,0.0
2011-04-11 00:00:00-04:00,84.16000366210938,84.16000366210938,84.16000366210938,84.16000366210938,0,0.0,0.0
2011-04-12 00:00:00-04:00,85.36000061035156,85.36000061035156,85.36000061035156,85.36000061035156,0,0.0,0.0
2011-04-13 00:00:00-04:00,86.04000091552734,86.04000091552734,86.04000091552734,86.04000091552734,0,0.0,0.0
2011-04-14 00:00:00-04:00,86.06999969482422,86.06999969482422,86.06999969482422,86.06999969482422,0,0.0,0.0
2011-04-15 00:00:00-04:00,85.72000122070312,85.72000122070312,85.72000122070312,85.72000122070312,0,0.0,0.0
2011-04-18 00:00:00-04:00,89.11000061035156,89.11000061035156,89.11000061035156,89.11000061035156,0,0.0,0.0
2011-04-19 00:00:00-04:00,85.7300033569336,85.7300033569336,85.7300033569336,85.7300033569336,0,0.0,0.0
2011-04-20 00:00:00-04:00,86.20999908447266,86.20999908447266,86.20999908447266,86.20999908447266,0,0.0,0.0
2011-04-21 00:00:00-04:00,87.70999908447266,87.70999908447266,87.70999908447266,87.70999908447266,0,0.0,0.0
2011-04-25 00:00:00-04:00,87.68000030517578,87.68000030517578,87.68000030517578,87.68000030517578,0,0.0,0.0
2011-04-26 00:00:00-04:00,85.72000122070312,85.72000122070312,85.72000122070312,85.72000122070312,0,0.0,0.0
2011-04-27 00:00:00-04:00,83.20999908447266,83.20999908447266,83.20999908447266,83.20999908447266,0,0.0,0.0
2011-04-28 00:00:00-04:00,82.88999938964844,82.88999938964844,82.88999938964844,82.88999938964844,0,0.0,0.0
2011-04-29 00:00:00-04:00,83.9800033569336,83.9800033569336,83.9800033569336,83.9800033569336,0,0.0,0.0
2011-05-02 00:00:00-04:00,88.5,88.5,88.5,88.5,0,0.0,0.0
2011-05-03 00:00:00-04:00,90.62000274658203,90.62000274658203,90.62000274658203,90.62000274658203,0,0.0,0.0
2011-05-04 00:00:00-04:00,91.38999938964844,91.38999938964844,91.38999938964844,91.38999938964844,0,0.0,0.0
2011-05-05 00:00:00-04:00,95.08000183105469,95.08000183105469,95.08000183105469,95.08000183105469,0,0.0,0.0
2011-05-06 00:00:00-04:00,94.43000030517578,94.43000030517578,94.43000030517578,94.43000030517578,0,0.0,0.0
2011-05-09 00:00:00-04:00,90.86000061035156,90.86000061035156,90.86000061035156,90.86000061035156,0,0.0,0.0
2011-05-10 00:00:00-04:00,87.55999755859375,87.55999755859375,87.55999755859375,87.55999755859375,0,0.0,0.0
2011-05-11 00:00:00-04:00,96.25,96.25,96.25,96.25,0,0.0,0.0
2011-05-12 00:00:00-04:00,93.56999969482422,93.56999969482422,93.56999969482422,93.56999969482422,0,0.0,0.0
2011-05-13 00:00:00-04:00,93.86000061035156,93.86000061035156,93.86000061035156,93.86000061035156,0,0.0,0.0
2011-05-16 00:00:00-04:00,94.44000244140625,94.44000244140625,94.44000244140625,94.44000244140625,0,0.0,0.0
2011-05-17 00:00:00-04:00,93.63999938964844,93.63999938964844,93.63999938964844,93.63999938964844,0,0.0,0.0
2011-05-18 00:00:00-04:00,90.69999694824219,90.69999694824219,90.69999694824219,90.69999694824219,0,0.0,0.0
2011-05-19 00:00:00-04:00,87.52999877929688,87.52999877929688,87.52999877929688,87.52999877929688,0,0.0,0.0
2011-05-20 00:00:00-04:00,90.2300033569336,90.2300033569336,90.2300033569336,90.2300033569336,0,0.0,0.0
2011-05-23 00:00:00-04:00,92.08000183105469,92.08000183105469,92.08000183105469,92.08000183105469,0,0.0,0.0
2011-05-24 00:00:00-04:00,88.47000122070312,88.47000122070312,88.47000122070312,88.47000122070312,0,0.0,0.0
2011-05-25 00:00:00-04:00,85.29000091552734,85.29000091552734,85.29000091552734,85.29000091552734,0,0.0,0.0
2011-05-26 00:00:00-04:00,81.4800033569336,81.4800033569336,81.4800033569336,81.4800033569336,0,0.0,0.0
2011-05-27 00:00:00-04:00,81.45999908447266,81.45999908447266,81.45999908447266,81.45999908447266,0,0.0,0.0
2011-05-31 00:00:00-04:00,80.91999816894531,80.91999816894531,80.91999816894531,80.91999816894531,0,0.0,0.0
2011-06-01 00:00:00-04:00,87.58999633789062,87.58999633789062,87.58999633789062,87.58999633789062,0,0.0,0.0
2011-06-02 00:00:00-04:00,85.22000122070312,85.22000122070312,85.22000122070312,85.22000122070312,0,0.0,0.0
2011-06-03 00:00:00-04:00,85.54000091552734,85.54000091552734,85.54000091552734,85.54000091552734,0,0.0,0.0
2011-06-06 00:00:00-04:00,88.1500015258789,88.1500015258789,88.1500015258789,88.1500015258789,0,0.0,0.0
2011-06-07 00:00:00-04:00,83.72000122070312,83.72000122070312,83.72000122070312,83.72000122070312,0,0.0,0.0
2011-06-08 00:00:00-04:00,88.9800033569336,88.9800033569336,88.9800033569336,88.9800033569336,0,0.0,0.0
2011-06-09 00:00:00-04:00,85.6500015258789,85.6500015258789,85.6500015258789,85.6500015258789,0,0.0,0.0
2011-06-10 00:00:00-04:00,93.33999633789062,93.33999633789062,93.33999633789062,93.33999633789062,0,0.0,0.0
2011-06-13 00:00:00-04:00,98.3499984741211,98.3499984741211,98.3499984741211,98.3499984741211,0,0.0,0.0
2011-06-14 00:00:00-04:00,91.73999786376953,91.73999786376953,91.73999786376953,91.73999786376953,0,0.0,0.0
2011-06-15 00:00:00-04:00,105.06999969482422,105.06999969482422,105.06999969482422,105.06999969482422,0,0.0,0.0
2011-06-16 00:00:00-04:00,100.38999938964844,100.38999938964844,100.38999938964844,100.38999938964844,0,0.0,0.0
2011-06-17 00:00:00-04:00,95.30999755859375,95.30999755859375,95.30999755859375,95.30999755859375,0,0.0,0.0
2011-06-20 00:00:00-04:00,90.25,90.25,90.25,90.25,0,0.0,0.0
2011-06-21 00:00:00-04:00,90.55000305175781,90.55000305175781,90.55000305175781,90.55000305175781,0,0.0,0.0
2011-06-22 00:00:00-04:00,91.70999908447266,91.70999908447266,91.70999908447266,91.70999908447266,0,0.0,0.0
2011-06-23 00:00:00-04:00,93.08999633789062,93.08999633789062,93.08999633789062,93.08999633789062,0,0.0,0.0
2011-06-24 00:00:00-04:00,99.13999938964844,99.13999938964844,99.13999938964844,99.13999938964844,0,0.0,0.0
2011-06-27 00:00:00-04:00,94.29000091552734,94.29000091552734,94.29000091552734,94.29000091552734,0,0.0,0.0
2011-06-28 00:00:00-04:00,90.33000183105469,90.33000183105469,90.33000183105469,90.33000183105469,0,0.0,0.0
2011-06-29 00:00:00-04:00,85.9000015258789,85.9000015258789,85.9000015258789,85.9000015258789,0,0.0,0.0
2011-06-30 00:00:00-04:00,81.08000183105469,81.08000183105469,81.08000183105469,81.08000183105469,0,0.0,0.0
2011-07-01 00:00:00-04:00,78.63999938964844,78.63999938964844,78.63999938964844,78.63999938964844,0,0.0,0.0
2011-07-05 00:00:00-04:00,81.33999633789062,81.33999633789062,81.33999633789062,81.33999633789062,0,0.0,0.0
2011-07-06 00:00:00-04:00,82.69000244140625,82.69000244140625,82.69000244140625,82.69000244140625,0,0.0,0.0
2011-07-07 00:00:00-04:00,80.69999694824219,80.69999694824219,80.69999694824219,80.69999694824219,0,0.0,0.0
2011-07-08 00:00:00-04:00,80.81999969482422,80.81999969482422,80.81999969482422,80.81999969482422,0,0.0,0.0
2011-07-11 00:00:00-04:00,90.87000274658203,90.87000274658203,90.87000274658203,90.87000274658203,0,0.0,0.0
2011-07-12 00:00:00-04:00,88.38999938964844,88.38999938964844,88.38999938964844,88.38999938964844,0,0.0,0.0
2011-07-13 00:00:00-04:00,88.91999816894531,88.91999816894531,88.91999816894531,88.91999816894531,0,0.0,0.0
2011-07-14 00:00:00-04:00,95.72000122070312,95.72000122070312,95.72000122070312,95.72000122070312,0,0.0,0.0
2011-07-15 00:00:00-04:00,89.33000183105469,89.33000183105469,89.33000183105469,89.33000183105469,0,0.0,0.0
2011-07-18 00:00:00-04:00,97.80999755859375,97.80999755859375,97.80999755859375,97.80999755859375,0,0.0,0.0
2011-07-19 00:00:00-04:00,91.01000213623047,91.01000213623047,91.01000213623047,91.01000213623047,0,0.0,0.0
2011-07-20 00:00:00-04:00,86.05999755859375,86.05999755859375,86.05999755859375,86.05999755859375,0,0.0,0.0
2011-07-21 00:00:00-04:00,81.68000030517578,81.68000030517578,81.68000030517578,81.68000030517578,0,0.0,0.0
2011-07-22 00:00:00-04:00,82.44999694824219,82.44999694824219,82.44999694824219,82.44999694824219,0,0.0,0.0
2011-07-25 00:00:00-04:00,90.19999694824219,90.19999694824219,90.19999694824219,90.19999694824219,0,0.0,0.0
2011-07-26 00:00:00-04:00,93.3499984741211,93.3499984741211,93.3499984741211,93.3499984741211,0,0.0,0.0
2011-07-27 00:00:00-04:00,102.01000213623047,102.01000213623047,102.01000213623047,102.01000213623047,0,0.0,0.0
2011-07-28 00:00:00-04:00,105.62000274658203,105.62000274658203,105.62000274658203,105.62000274658203,0,0.0,0.0
2011-07-29 00:00:00-04:00,106.56999969482422,106.56999969482422,106.56999969482422,106.56999969482422,0,0.0,0.0
2011-08-01 00:00:00-04:00,95.88999938964844,95.88999938964844,95.88999938964844,95.88999938964844,0,0.0,0.0
2011-08-02 00:00:00-04:00,102.01000213623047,102.01000213623047,102.01000213623047,102.01000213623047,0,0.0,0.0
2011-08-03 00:00:00-04:00,98.58000183105469,98.58000183105469,98.58000183105469,98.58000183105469,0,0.0,0.0
2011-08-04 00:00:00-04:00,121.76000213623047,121.76000213623047,121.76000213623047,121.76000213623047,0,0.0,0.0
2011-08-05 00:00:00-04:00,118.61000061035156,118.61000061035156,118.61000061035156,118.61000061035156,0,0.0,0.0
2011-08-08 00:00:00-04:00,134.6300048828125,134.6300048828125,134.6300048828125,134.6300048828125,0,0.0,0.0
2011-08-09 00:00:00-04:00,112.80000305175781,112.80000305175781,112.80000305175781,112.80000305175781,0,0.0,0.0
2011-08-10 00:00:00-04:00,132.86000061035156,132.86000061035156,132.86000061035156,132.86000061035156,0,0.0,0.0
2011-08-11 00:00:00-04:00,128.75999450683594,128.75999450683594,128.75999450683594,128.75999450683594,0,0.0,0.0
2011-08-12 00:00:00-04:00,120.19000244140625,120.19000244140625,120.19000244140625,120.19000244140625,0,0.0,0.0
2011-08-15 00:00:00-04:00,109.0,109.0,109.0,109.0,0,0.0,0.0
2011-08-16 00:00:00-04:00,104.66000366210938,104.66000366210938,104.66000366210938,104.66000366210938,0,0.0,0.0
2011-08-17 00:00:00-04:00,104.62000274658203,104.62000274658203,104.62000274658203,104.62000274658203,0,0.0,0.0
2011-08-18 00:00:00-04:00,106.66000366210938,106.66000366210938,106.66000366210938,106.66000366210938,0,0.0,0.0
2011-08-19 00:00:00-04:00,111.58000183105469,111.58000183105469,111.58000183105469,111.58000183105469,0,0.0,0.0
2011-08-22 00:00:00-04:00,111.25,111.25,111.25,111.25,0,0.0,0.0
2011-08-23 00:00:00-04:00,103.43000030517578,103.43000030517578,103.43000030517578,103.43000030517578,0,0.0,0.0
2011-08-24 00:00:00-04:00,104.54000091552734,104.54000091552734,104.54000091552734,104.54000091552734,0,0.0,0.0
2011-08-25 00:00:00-04:00,112.4000015258789,112.4000015258789,112.4000015258789,112.4000015258789,0,0.0,0.0
2011-08-26 00:00:00-04:00,104.72000122070312,104.72000122070312,104.72000122070312,104.72000122070312,0,0.0,0.0
2011-08-29 00:00:00-04:00,96.51000213623047,96.51000213623047,96.51000213623047,96.51000213623047,0,0.0,0.0
2011-08-30 00:00:00-04:00,96.16000366210938,96.16000366210938,96.16000366210938,96.16000366210938,0,0.0,0.0
2011-08-31 00:00:00-04:00,94.16000366210938,94.16000366210938,94.16000366210938,94.16000366210938,0,0.0,0.0
2011-09-01 00:00:00-04:00,92.30999755859375,92.30999755859375,92.30999755859375,92.30999755859375,0,0.0,0.0
2011-09-02 00:00:00-04:00,91.0,91.0,91.0,91.0,0,0.0,0.0
2011-09-06 00:00:00-04:00,97.01000213623047,97.01000213623047,97.01000213623047,97.01000213623047,0,0.0,0.0
2011-09-07 00:00:00-04:00,93.30000305175781,93.30000305175781,93.30000305175781,93.30000305175781,0,0.0,0.0
2011-09-08 00:00:00-04:00,93.44999694824219,93.44999694824219,93.44999694824219,93.44999694824219,0,0.0,0.0
2011-09-09 00:00:00-04:00,99.06999969482422,99.06999969482422,99.06999969482422,99.06999969482422,0,0.0,0.0
2011-09-12 00:00:00-04:00,97.06999969482422,97.06999969482422,97.06999969482422,97.06999969482422,0,0.0,0.0
2011-09-13 00:00:00-04:00,96.13999938964844,96.13999938964844,96.13999938964844,96.13999938964844,0,0.0,0.0
2011-09-14 00:00:00-04:00,100.22000122070312,100.22000122070312,100.22000122070312,100.22000122070312,0,0.0,0.0
2011-09-15 00:00:00-04:00,96.69000244140625,96.69000244140625,96.69000244140625,96.69000244140625,0,0.0,0.0
2011-09-16 00:00:00-04:00,93.66999816894531,93.66999816894531,93.66999816894531,93.66999816894531,0,0.0,0.0
2011-09-19 00:00:00-04:00,95.94999694824219,95.94999694824219,95.94999694824219,95.94999694824219,0,0.0,0.0
2011-09-20 00:00:00-04:00,92.9000015258789,92.9000015258789,92.9000015258789,92.9000015258789,0,0.0,0.0
2011-09-21 00:00:00-04:00,98.58000183105469,98.58000183105469,98.58000183105469,98.58000183105469,0,0.0,0.0
2011-09-22 00:00:00-04:00,103.91000366210938,103.91000366210938,103.91000366210938,103.91000366210938,0,0.0,0.0
2011-09-23 00:00:00-04:00,104.7699966430664,104.7699966430664,104.7699966430664,104.7699966430664,0,0.0,0.0
2011-09-26 00:00:00-04:00,102.88999938964844,102.88999938964844,102.88999938964844,102.88999938964844,0,0.0,0.0
2011-09-27 00:00:00-04:00,100.30999755859375,100.30999755859375,100.30999755859375,100.30999755859375,0,0.0,0.0
2011-09-28 00:00:00-04:00,104.30000305175781,104.30000305175781,104.30000305175781,104.30000305175781,0,0.0,0.0
2011-09-29 00:00:00-04:00,101.05000305175781,101.05000305175781,101.05000305175781,101.05000305175781,0,0.0,0.0
2011-09-30 00:00:00-04:00,101.08000183105469,101.08000183105469,101.08000183105469,101.08000183105469,0,0.0,0.0
2011-10-03 00:00:00-04:00,103.88999938964844,103.88999938964844,103.88999938964844,103.88999938964844,0,0.0,0.0
2011-10-04 00:00:00-04:00,99.30999755859375,99.30999755859375,99.30999755859375,99.30999755859375,0,0.0,0.0
2011-10-05 00:00:00-04:00,94.66000366210938,94.66000366210938,94.66000366210938,94.66000366210938,0,0.0,0.0
2011-10-06 00:00:00-04:00,93.5199966430664,93.5199966430664,93.5199966430664,93.5199966430664,0,0.0,0.0
2011-10-07 00:00:00-04:00,92.56999969482422,92.56999969482422,92.56999969482422,92.56999969482422,0,0.0,0.0
2011-10-10 00:00:00-04:00,89.38999938964844,89.38999938964844,89.38999938964844,89.38999938964844,0,0.0,0.0
2011-10-11 00:00:00-04:00,90.9800033569336,90.9800033569336,90.9800033569336,90.9800033569336,0,0.0,0.0
2011-10-12 00:00:00-04:00,91.33999633789062,91.33999633789062,91.33999633789062,91.33999633789062,0,0.0,0.0
2011-10-13 00:00:00-04:00,95.0999984741211,95.0999984741211,95.0999984741211,95.0999984741211,0,0.0,0.0
2011-10-14 00:00:00-04:00,94.69000244140625,94.69000244140625,94.69000244140625,94.69000244140625,0,0.0,0.0
2011-10-17 00:00:00-04:00,103.55000305175781,103.55000305175781,103.55000305175781,103.55000305175781,0,0.0,0.0
2011-10-18 00:00:00-04:00,100.20999908447266,100.20999908447266,100.20999908447266,100.20999908447266,0,0.0,0.0
2011-10-19 00:00:00-04:00,103.29000091552734,103.29000091552734,103.29000091552734,103.29000091552734,0,0.0,0.0
2011-10-20 00:00:00-04:00,102.97000122070312,102.97000122070312,102.97000122070312,102.97000122070312,0,0.0,0.0
2011-10-21 00:00:00-04:00,98.05000305175781,98.05000305175781,98.05000305175781,98.05000305175781,0,0.0,0.0
2011-10-24 00:00:00-04:00,97.12999725341797,97.12999725341797,97.12999725341797,97.12999725341797,0,0.0,0.0
2011-10-25 00:00:00-04:00,97.75,97.75,97.75,97.75,0,0.0,0.0
2011-10-26 00:00:00-04:00,97.73999786376953,97.73999786376953,97.73999786376953,97.73999786376953,0,0.0,0.0
2011-10-27 00:00:00-04:00,94.44000244140625,94.44000244140625,94.44000244140625,94.44000244140625,0,0.0,0.0
2011-10-28 00:00:00-04:00,94.19000244140625,94.19000244140625,94.19000244140625,94.19000244140625,0,0.0,0.0
2011-10-31 00:00:00-04:00,104.83999633789062,104.83999633789062,104.83999633789062,104.83999633789062,0,0.0,0.0
2011-11-01 00:00:00-04:00,113.1500015258789,113.1500015258789,113.1500015258789,113.1500015258789,0,0.0,0.0
2011-11-02 00:00:00-04:00,107.4000015258789,107.4000015258789,107.4000015258789,107.4000015258789,0,0.0,0.0
2011-11-03 00:00:00-04:00,104.27999877929688,104.27999877929688,104.27999877929688,104.27999877929688,0,0.0,0.0
2011-11-04 00:00:00-04:00,103.33999633789062,103.33999633789062,103.33999633789062,103.33999633789062,0,0.0,0.0
2011-11-07 00:00:00-05:00,103.3499984741211,103.3499984741211,103.3499984741211,103.3499984741211,0,0.0,0.0
2011-11-08 00:00:00-05:00,98.05000305175781,98.05000305175781,98.05000305175781,98.05000305175781,0,0.0,0.0
2011-11-09 00:00:00-05:00,122.7300033569336,122.7300033569336,122.7300033569336,122.7300033569336,0,0.0,0.0
2011-11-10 00:00:00-05:00,113.54000091552734,113.54000091552734,113.54000091552734,113.54000091552734,0,0.0,0.0
2011-11-11 00:00:00-05:00,112.0999984741211,112.0999984741211,112.0999984741211,112.0999984741211,0,0.0,0.0
2011-11-14 00:00:00-05:00,112.3499984741211,112.3499984741211,112.3499984741211,112.3499984741211,0,0.0,0.0
2011-11-15 00:00:00-05:00,107.55000305175781,107.55000305175781,107.55000305175781,107.55000305175781,0,0.0,0.0
2011-11-16 00:00:00-05:00,111.18000030517578,111.18000030517578,111.18000030517578,111.18000030517578,0,0.0,0.0
2011-11-17 00:00:00-05:00,111.86000061035156,111.86000061035156,111.86000061035156,111.86000061035156,0,0.0,0.0
2011-11-18 00:00:00-05:00,101.91999816894531,101.91999816894531,101.91999816894531,101.91999816894531,0,0.0,0.0
2011-11-21 00:00:00-05:00,99.5999984741211,99.5999984741211,99.5999984741211,99.5999984741211,0,0.0,0.0
2011-11-22 00:00:00-05:00,98.52999877929688,98.52999877929688,98.52999877929688,98.52999877929688,0,0.0,0.0
2011-11-23 00:00:00-05:00,101.45999908447266,101.45999908447266,101.45999908447266,101.45999908447266,0,0.0,0.0
2011-11-25 00:00:00-05:00,98.9800033569336,98.9800033569336,98.9800033569336,98.9800033569336,0,0.0,0.0
2011-11-28 00:00:00-05:00,96.2300033569336,96.2300033569336,96.2300033569336,96.2300033569336,0,0.0,0.0
2011-11-29 00:00:00-05:00,95.47000122070312,95.47000122070312,95.47000122070312,95.47000122070312,0,0.0,0.0
2011-11-30 00:00:00-05:00,92.22000122070312,92.22000122070312,92.22000122070312,92.22000122070312,0,0.0,0.0
2011-12-01 00:00:00-05:00,90.87999725341797,90.87999725341797,90.87999725341797,90.87999725341797,0,0.0,0.0
2011-12-02 00:00:00-05:00,92.45999908447266,92.45999908447266,92.45999908447266,92.45999908447266,0,0.0,0.0
2011-12-05 00:00:00-05:00,92.97000122070312,92.97000122070312,92.97000122070312,92.97000122070312,0,0.0,0.0
2011-12-06 00:00:00-05:00,92.20999908447266,92.20999908447266,92.20999908447266,92.20999908447266,0,0.0,0.0
2011-12-07 00:00:00-05:00,92.83999633789062,92.83999633789062,92.83999633789062,92.83999633789062,0,0.0,0.0
2011-12-08 00:00:00-05:00,94.97000122070312,94.97000122070312,94.97000122070312,94.97000122070312,0,0.0,0.0
2011-12-09 00:00:00-05:00,90.91999816894531,90.91999816894531,90.91999816894531,90.91999816894531,0,0.0,0.0
2011-12-12 00:00:00-05:00,93.20999908447266,93.20999908447266,93.20999908447266,93.20999908447266,0,0.0,0.0
2011-12-13 00:00:00-05:00,94.55000305175781,94.55000305175781,94.55000305175781,94.55000305175781,0,0.0,0.0
2011-12-14 00:00:00-05:00,99.62999725341797,99.62999725341797,99.62999725341797,99.62999725341797,0,0.0,0.0
2011-12-15 00:00:00-05:00,97.70999908447266,97.70999908447266,97.70999908447266,97.70999908447266,0,0.0,0.0
2011-12-16 00:00:00-05:00,94.27999877929688,94.27999877929688,94.27999877929688,94.27999877929688,0,0.0,0.0
2011-12-19 00:00:00-05:00,90.2699966430664,90.2699966430664,90.2699966430664,90.2699966430664,0,0.0,0.0
2011-12-20 00:00:00-05:00,88.63999938964844,88.63999938964844,88.63999938964844,88.63999938964844,0,0.0,0.0
2011-12-21 00:00:00-05:00,85.54000091552734,85.54000091552734,85.54000091552734,85.54000091552734,0,0.0,0.0
2011-12-22 00:00:00-05:00,86.18000030517578,86.18000030517578,86.18000030517578,86.18000030517578,0,0.0,0.0
2011-12-23 00:00:00-05:00,86.54000091552734,86.54000091552734,86.54000091552734,86.54000091552734,0,0.0,0.0
2011-12-27 00:00:00-05:00,88.12999725341797,88.12999725341797,88.12999725341797,88.12999725341797,0,0.0,0.0
2011-12-28 00:00:00-05:00,94.08000183105469,94.08000183105469,94.08000183105469,94.08000183105469,0,0.0,0.0
2011-12-29 00:00:00-05:00,91.80000305175781,91.80000305175781,91.80000305175781,91.80000305175781,0,0.0,0.0
2011-12-30 00:00:00-05:00,91.69999694824219,91.69999694824219,91.69999694824219,91.69999694824219,0,0.0,0.0
2012-01-03 00:00:00-05:00,91.38999938964844,91.38999938964844,91.38999938964844,91.38999938964844,0,0.0,0.0
2012-01-04 00:00:00-05:00,88.88999938964844,88.88999938964844,88.88999938964844,88.88999938964844,0,0.0,0.0
2012-01-05 00:00:00-05:00,87.69000244140625,87.69000244140625,87.69000244140625,87.69000244140625,0,0.0,0.0
2012-01-06 00:00:00-05:00,86.94999694824219,86.94999694824219,86.94999694824219,86.94999694824219,0,0.0,0.0
2012-01-09 00:00:00-05:00,87.80000305175781,87.80000305175781,87.80000305175781,87.80000305175781,0,0.0,0.0
2012-01-10 00:00:00-05:00,88.81999969482422,88.81999969482422,88.81999969482422,88.81999969482422,0,0.0,0.0
2012-01-11 00:00:00-05:00,93.16999816894531,93.16999816894531,93.16999816894531,93.16999816894531,0,0.0,0.0
2012-01-12 00:00:00-05:00,90.51000213623047,90.51000213623047,90.51000213623047,90.51000213623047,0,0.0,0.0
2012-01-13 00:00:00-05:00,93.55000305175781,93.55000305175781,93.55000305175781,93.55000305175781,0,0.0,0.0
2012-01-17 00:00:00-05:00,93.66000366210938,93.66000366210938,93.66000366210938,93.66000366210938,0,0.0,0.0
2012-01-18 00:00:00-05:00,90.08999633789062,90.08999633789062,90.08999633789062,90.08999633789062,0,0.0,0.0
2012-01-19 00:00:00-05:00,88.7300033569336,88.7300033569336,88.7300033569336,88.7300033569336,0,0.0,0.0
2012-01-20 00:00:00-05:00,89.23999786376953,89.23999786376953,89.23999786376953,89.23999786376953,0,0.0,0.0
2012-01-23 00:00:00-05:00,89.58999633789062,89.58999633789062,89.58999633789062,89.58999633789062,0,0.0,0.0
2012-01-24 00:00:00-05:00,89.01000213623047,89.01000213623047,89.01000213623047,89.01000213623047,0,0.0,0.0
2012-01-25 00:00:00-05:00,86.01000213623047,86.01000213623047,86.01000213623047,86.01000213623047,0,0.0,0.0
2012-01-26 00:00:00-05:00,88.91999816894531,88.91999816894531,88.91999816894531,88.91999816894531,0,0.0,0.0
2012-01-27 00:00:00-05:00,87.44000244140625,87.44000244140625,87.44000244140625,87.44000244140625,0,0.0,0.0
2012-01-30 00:00:00-05:00,89.86000061035156,89.86000061035156,89.86000061035156,89.86000061035156,0,0.0,0.0
2012-01-31 00:00:00-05:00,88.51000213623047,88.51000213623047,88.51000213623047,88.51000213623047,0,0.0,0.0
2012-02-01 00:00:00-05:00,85.77999877929688,85.77999877929688,85.77999877929688,85.77999877929688,0,0.0,0.0
2012-02-02 00:00:00-05:00,84.0999984741211,84.0999984741211,84.0999984741211,84.0999984741211,0,0.0,0.0
2012-02-03 00:00:00-05:00,84.04000091552734,84.04000091552734,84.04000091552734,84.04000091552734,0,0.0,0.0
2012-02-06 00:00:00-05:00,85.37999725341797,85.37999725341797,85.37999725341797,85.37999725341797,0,0.0,0.0
2012-02-07 00:00:00-05:00,83.79000091552734,83.79000091552734,83.79000091552734,83.79000091552734,0,0.0,0.0
2012-02-08 00:00:00-05:00,97.01000213623047,97.01000213623047,97.01000213623047,97.01000213623047,0,0.0,0.0
2012-02-09 00:00:00-05:00,100.76000213623047,100.76000213623047,100.76000213623047,100.76000213623047,0,0.0,0.0
2012-02-10 00:00:00-05:00,104.1500015258789,104.1500015258789,104.1500015258789,104.1500015258789,0,0.0,0.0
2012-02-13 00:00:00-05:00,102.44999694824219,102.44999694824219,102.44999694824219,102.44999694824219,0,0.0,0.0
2012-02-14 00:00:00-05:00,107.81999969482422,107.81999969482422,107.81999969482422,107.81999969482422,0,0.0,0.0
2012-02-15 00:00:00-05:00,114.6500015258789,114.6500015258789,114.6500015258789,114.6500015258789,0,0.0,0.0
2012-02-16 00:00:00-05:00,110.41000366210938,110.41000366210938,110.41000366210938,110.41000366210938,0,0.0,0.0
2012-02-17 00:00:00-05:00,108.55999755859375,108.55999755859375,108.55999755859375,108.55999755859375,0,0.0,0.0
2012-02-21 00:00:00-05:00,107.70999908447266,107.70999908447266,107.70999908447266,107.70999908447266,0,0.0,0.0
2012-02-22 00:00:00-05:00,100.80999755859375,100.80999755859375,100.80999755859375,100.80999755859375,0,0.0,0.0
2012-02-23 00:00:00-05:00,94.44000244140625,94.44000244140625,94.44000244140625,94.44000244140625,0,0.0,0.0
2012-02-24 00:00:00-05:00,99.43000030517578,99.43000030517578,99.43000030517578,99.43000030517578,0,0.0,0.0
2012-02-27 00:00:00-05:00,101.68000030517578,101.68000030517578,101.68000030517578,101.68000030517578,0,0.0,0.0
2012-02-28 00:00:00-05:00,99.12999725341797,99.12999725341797,99.12999725341797,99.12999725341797,0,0.0,0.0
2012-02-29 00:00:00-05:00,101.5999984741211,101.5999984741211,101.5999984741211,101.5999984741211,0,0.0,0.0
2012-03-01 00:00:00-05:00,97.43000030517578,97.43000030517578,97.43000030517578,97.43000030517578,0,0.0,0.0
2012-03-02 00:00:00-05:00,96.94000244140625,96.94000244140625,96.94000244140625,96.94000244140625,0,0.0,0.0
2012-03-05 00:00:00-05:00,98.18000030517578,98.18000030517578,98.18000030517578,98.18000030517578,0,0.0,0.0
2012-03-06 00:00:00-05:00,105.11000061035156,105.11000061035156,105.11000061035156,105.11000061035156,0,0.0,0.0
2012-03-07 00:00:00-05:00,100.45999908447266,100.45999908447266,100.45999908447266,100.45999908447266,0,0.0,0.0
2012-03-08 00:00:00-05:00,97.19000244140625,97.19000244140625,97.19000244140625,97.19000244140625,0,0.0,0.0
2012-03-09 00:00:00-05:00,97.9800033569336,97.9800033569336,97.9800033569336,97.9800033569336,0,0.0,0.0
2012-03-12 00:00:00-04:00,98.61000061035156,98.61000061035156,98.61000061035156,98.61000061035156,0,0.0,0.0
2012-03-13 00:00:00-04:00,98.47000122070312,98.47000122070312,98.47000122070312,98.47000122070312,0,0.0,0.0
2012-03-14 00:00:00-04:00,106.62999725341797,106.62999725341797,106.62999725341797,106.62999725341797,0,0.0,0.0
2012-03-15 00:00:00-04:00,108.41999816894531,108.41999816894531,108.41999816894531,108.41999816894531,0,0.0,0.0
2012-03-16 00:00:00-04:00,105.77999877929688,105.77999877929688,105.77999877929688,105.77999877929688,0,0.0,0.0
2012-03-19 00:00:00-04:00,106.48999786376953,106.48999786376953,106.48999786376953,106.48999786376953,0,0.0,0.0
2012-03-20 00:00:00-04:00,109.37999725341797,109.37999725341797,109.37999725341797,109.37999725341797,0,0.0,0.0
2012-03-21 00:00:00-04:00,104.6500015258789,104.6500015258789,104.6500015258789,104.6500015258789,0,0.0,0.0
2012-03-22 00:00:00-04:00,102.52999877929688,102.52999877929688,102.52999877929688,102.52999877929688,0,0.0,0.0
2012-03-23 00:00:00-04:00,98.5999984741211,98.5999984741211,98.5999984741211,98.5999984741211,0,0.0,0.0
2012-03-26 00:00:00-04:00,96.08000183105469,96.08000183105469,96.08000183105469,96.08000183105469,0,0.0,0.0
2012-03-27 00:00:00-04:00,101.1500015258789,101.1500015258789,101.1500015258789,101.1500015258789,0,0.0,0.0
2012-03-28 00:00:00-04:00,102.73999786376953,102.73999786376953,102.73999786376953,102.73999786376953,0,0.0,0.0
2012-03-29 00:00:00-04:00,101.94000244140625,101.94000244140625,101.94000244140625,101.94000244140625,0,0.0,0.0
2012-03-30 00:00:00-04:00,100.27999877929688,100.27999877929688,100.27999877929688,100.27999877929688,0,0.0,0.0
2012-04-02 00:00:00-04:00,100.37999725341797,100.37999725341797,100.37999725341797,100.37999725341797,0,0.0,0.0
2012-04-03 00:00:00-04:00,98.37000274658203,98.37000274658203,98.37000274658203,98.37000274658203,0,0.0,0.0
2012-04-04 00:00:00-04:00,99.7300033569336,99.7300033569336,99.7300033569336,99.7300033569336,0,0.0,0.0
2012-04-05 00:00:00-04:00,99.47000122070312,99.47000122070312,99.47000122070312,99.47000122070312,0,0.0,0.0
2012-04-09 00:00:00-04:00,104.58999633789062,104.58999633789062,104.58999633789062,104.58999633789062,0,0.0,0.0
2012-04-10 00:00:00-04:00,109.12999725341797,109.12999725341797,109.12999725341797,109.12999725341797,0,0.0,0.0
2012-04-11 00:00:00-04:00,111.19000244140625,111.19000244140625,111.19000244140625,111.19000244140625,0,0.0,0.0
2012-04-12 00:00:00-04:00,104.2699966430664,104.2699966430664,104.2699966430664,104.2699966430664,0,0.0,0.0
2012-04-13 00:00:00-04:00,110.76000213623047,110.76000213623047,110.76000213623047,110.76000213623047,0,0.0,0.0
2012-04-16 00:00:00-04:00,110.97000122070312,110.97000122070312,110.97000122070312,110.97000122070312,0,0.0,0.0
2012-04-17 00:00:00-04:00,107.01000213623047,107.01000213623047,107.01000213623047,107.01000213623047,0,0.0,0.0
2012-04-18 00:00:00-04:00,106.05999755859375,106.05999755859375,106.05999755859375,106.05999755859375,0,0.0,0.0
2012-04-19 00:00:00-04:00,103.95999908447266,103.95999908447266,103.95999908447266,103.95999908447266,0,0.0,0.0
2012-04-20 00:00:00-04:00,101.08000183105469,101.08000183105469,101.08000183105469,101.08000183105469,0,0.0,0.0
2012-04-23 00:00:00-04:00,104.01000213623047,104.01000213623047,104.01000213623047,104.01000213623047,0,0.0,0.0
2012-04-24 00:00:00-04:00,99.83999633789062,99.83999633789062,99.83999633789062,99.83999633789062,0,0.0,0.0
2012-04-25 00:00:00-04:00,93.27999877929688,93.27999877929688,93.27999877929688,93.27999877929688,0,0.0,0.0
2012-04-26 00:00:00-04:00,89.6500015258789,89.6500015258789,89.6500015258789,89.6500015258789,0,0.0,0.0
2012-04-27 00:00:00-04:00,88.62000274658203,88.62000274658203,88.62000274658203,88.62000274658203,0,0.0,0.0
2012-04-30 00:00:00-04:00,89.31999969482422,89.31999969482422,89.31999969482422,89.31999969482422,0,0.0,0.0
2012-05-01 00:00:00-04:00,87.05999755859375,87.05999755859375,87.05999755859375,87.05999755859375,0,0.0,0.0
2012-05-02 00:00:00-04:00,86.29000091552734,86.29000091552734,86.29000091552734,86.29000091552734,0,0.0,0.0
2012-05-03 00:00:00-04:00,88.3499984741211,88.3499984741211,88.3499984741211,88.3499984741211,0,0.0,0.0
2012-05-04 00:00:00-04:00,91.30999755859375,91.30999755859375,91.30999755859375,91.30999755859375,0,0.0,0.0
2012-05-07 00:00:00-04:00,90.91000366210938,90.91000366210938,90.91000366210938,90.91000366210938,0,0.0,0.0
2012-05-08 00:00:00-04:00,91.33000183105469,91.33000183105469,91.33000183105469,91.33000183105469,0,0.0,0.0
2012-05-09 00:00:00-04:00,102.06999969482422,102.06999969482422,102.06999969482422,102.06999969482422,0,0.0,0.0
2012-05-10 00:00:00-04:00,98.6500015258789,98.6500015258789,98.6500015258789,98.6500015258789,0,0.0,0.0
2012-05-11 00:00:00-04:00,100.12000274658203,100.12000274658203,100.12000274658203,100.12000274658203,0,0.0,0.0
2012-05-14 00:00:00-04:00,105.8499984741211,105.8499984741211,105.8499984741211,105.8499984741211,0,0.0,0.0
2012-05-15 00:00:00-04:00,109.61000061035156,109.61000061035156,109.61000061035156,109.61000061035156,0,0.0,0.0
2012-05-16 00:00:00-04:00,109.22000122070312,109.22000122070312,109.22000122070312,109.22000122070312,0,0.0,0.0
2012-05-17 00:00:00-04:00,112.83999633789062,112.83999633789062,112.83999633789062,112.83999633789062,0,0.0,0.0
2012-05-18 00:00:00-04:00,117.44000244140625,117.44000244140625,117.44000244140625,117.44000244140625,0,0.0,0.0
2012-05-21 00:00:00-04:00,108.5,108.5,108.5,108.5,0,0.0,0.0
2012-05-22 00:00:00-04:00,110.4800033569336,110.4800033569336,110.4800033569336,110.4800033569336,0,0.0,0.0
2012-05-23 00:00:00-04:00,107.4800033569336,107.4800033569336,107.4800033569336,107.4800033569336,0,0.0,0.0
2012-05-24 00:00:00-04:00,104.5199966430664,104.5199966430664,104.5199966430664,104.5199966430664,0,0.0,0.0
2012-05-25 00:00:00-04:00,103.0999984741211,103.0999984741211,103.0999984741211,103.0999984741211,0,0.0,0.0
2012-05-29 00:00:00-04:00,100.9800033569336,100.9800033569336,100.9800033569336,100.9800033569336,0,0.0,0.0
2012-05-30 00:00:00-04:00,109.7300033569336,109.7300033569336,109.7300033569336,109.7300033569336,0,0.0,0.0
2012-05-31 00:00:00-04:00,108.75,108.75,108.75,108.75,0,0.0,0.0
2012-06-01 00:00:00-04:00,111.41000366210938,111.41000366210938,111.41000366210938,111.41000366210938,0,0.0,0.0
2012-06-04 00:00:00-04:00,107.04000091552734,107.04000091552734,107.04000091552734,107.04000091552734,0,0.0,0.0
2012-06-05 00:00:00-04:00,102.77999877929688,102.77999877929688,102.77999877929688,102.77999877929688,0,0.0,0.0
2012-06-06 00:00:00-04:00,97.70999908447266,97.70999908447266,97.70999908447266,97.70999908447266,0,0.0,0.0
2012-06-07 00:00:00-04:00,98.36000061035156,98.36000061035156,98.36000061035156,98.36000061035156,0,0.0,0.0
2012-06-08 00:00:00-04:00,96.5999984741211,96.5999984741211,96.5999984741211,96.5999984741211,0,0.0,0.0
2012-06-11 00:00:00-04:00,105.51000213623047,105.51000213623047,105.51000213623047,105.51000213623047,0,0.0,0.0
2012-06-12 00:00:00-04:00,103.22000122070312,103.22000122070312,103.22000122070312,103.22000122070312,0,0.0,0.0
2012-06-13 00:00:00-04:00,110.5999984741211,110.5999984741211,110.5999984741211,110.5999984741211,0,0.0,0.0
2012-06-14 00:00:00-04:00,107.77999877929688,107.77999877929688,107.77999877929688,107.77999877929688,0,0.0,0.0
2012-06-15 00:00:00-04:00,108.2300033569336,108.2300033569336,108.2300033569336,108.2300033569336,0,0.0,0.0
2012-06-18 00:00:00-04:00,99.30000305175781,99.30000305175781,99.30000305175781,99.30000305175781,0,0.0,0.0
2012-06-19 00:00:00-04:00,98.12999725341797,98.12999725341797,98.12999725341797,98.12999725341797,0,0.0,0.0
2012-06-20 00:00:00-04:00,96.41000366210938,96.41000366210938,96.41000366210938,96.41000366210938,0,0.0,0.0
2012-06-21 00:00:00-04:00,105.47000122070312,105.47000122070312,105.47000122070312,105.47000122070312,0,0.0,0.0
2012-06-22 00:00:00-04:00,104.12999725341797,104.12999725341797,104.12999725341797,104.12999725341797,0,0.0,0.0
2012-06-25 00:00:00-04:00,104.45999908447266,104.45999908447266,104.45999908447266,104.45999908447266,0,0.0,0.0
2012-06-26 00:00:00-04:00,100.66000366210938,100.66000366210938,100.66000366210938,100.66000366210938,0,0.0,0.0
2012-06-27 00:00:00-04:00,98.11000061035156,98.11000061035156,98.11000061035156,98.11000061035156,0,0.0,0.0
2012-06-28 00:00:00-04:00,97.20999908447266,97.20999908447266,97.20999908447266,97.20999908447266,0,0.0,0.0
2012-06-29 00:00:00-04:00,89.58999633789062,89.58999633789062,89.58999633789062,89.58999633789062,0,0.0,0.0
2012-07-02 00:00:00-04:00,85.61000061035156,85.61000061035156,85.61000061035156,85.61000061035156,0,0.0,0.0
2012-07-03 00:00:00-04:00,84.58999633789062,84.58999633789062,84.58999633789062,84.58999633789062,0,0.0,0.0
2012-07-05 00:00:00-04:00,89.43000030517578,89.43000030517578,89.43000030517578,89.43000030517578,0,0.0,0.0
2012-07-06 00:00:00-04:00,90.0999984741211,90.0999984741211,90.0999984741211,90.0999984741211,0,0.0,0.0
2012-07-09 00:00:00-04:00,92.8499984741211,92.8499984741211,92.8499984741211,92.8499984741211,0,0.0,0.0
2012-07-10 00:00:00-04:00,94.91000366210938,94.91000366210938,94.91000366210938,94.91000366210938,0,0.0,0.0
2012-07-11 00:00:00-04:00,96.25,96.25,96.25,96.25,0,0.0,0.0
2012-07-12 00:00:00-04:00,95.22000122070312,95.22000122070312,95.22000122070312,95.22000122070312,0,0.0,0.0
2012-07-13 00:00:00-04:00,91.0999984741211,91.0999984741211,91.0999984741211,91.0999984741211,0,0.0,0.0
2012-07-16 00:00:00-04:00,94.20999908447266,94.20999908447266,94.20999908447266,94.20999908447266,0,0.0,0.0
2012-07-17 00:00:00-04:00,93.48999786376953,93.48999786376953,93.48999786376953,93.48999786376953,0,0.0,0.0
2012-07-18 00:00:00-04:00,94.02999877929688,94.02999877929688,94.02999877929688,94.02999877929688,0,0.0,0.0
2012-07-19 00:00:00-04:00,93.7300033569336,93.7300033569336,93.7300033569336,93.7300033569336,0,0.0,0.0
2012-07-20 00:00:00-04:00,100.61000061035156,100.61000061035156,100.61000061035156,100.61000061035156,0,0.0,0.0
2012-07-23 00:00:00-04:00,107.31999969482422,107.31999969482422,107.31999969482422,107.31999969482422,0,0.0,0.0
2012-07-24 00:00:00-04:00,111.6500015258789,111.6500015258789,111.6500015258789,111.6500015258789,0,0.0,0.0
2012-07-25 00:00:00-04:00,106.52999877929688,106.52999877929688,106.52999877929688,106.52999877929688,0,0.0,0.0
2012-07-26 00:00:00-04:00,98.58999633789062,98.58999633789062,98.58999633789062,98.58999633789062,0,0.0,0.0
2012-07-27 00:00:00-04:00,93.08000183105469,93.08000183105469,93.08000183105469,93.08000183105469,0,0.0,0.0
2012-07-30 00:00:00-04:00,94.73999786376953,94.73999786376953,94.73999786376953,94.73999786376953,0,0.0,0.0
2012-07-31 00:00:00-04:00,96.11000061035156,96.11000061035156,96.11000061035156,96.11000061035156,0,0.0,0.0
2012-08-01 00:00:00-04:00,94.2300033569336,94.2300033569336,94.2300033569336,94.2300033569336,0,0.0,0.0
2012-08-02 00:00:00-04:00,89.62999725341797,89.62999725341797,89.62999725341797,89.62999725341797,0,0.0,0.0
2012-08-03 00:00:00-04:00,84.5,84.5,84.5,84.5,0,0.0,0.0
2012-08-06 00:00:00-04:00,84.47000122070312,84.47000122070312,84.47000122070312,84.47000122070312,0,0.0,0.0
2012-08-07 00:00:00-04:00,86.87000274658203,86.87000274658203,86.87000274658203,86.87000274658203,0,0.0,0.0
2012-08-08 00:00:00-04:00,85.18000030517578,85.18000030517578,85.18000030517578,85.18000030517578,0,0.0,0.0
2012-08-09 00:00:00-04:00,83.91000366210938,83.91000366210938,83.91000366210938,83.91000366210938,0,0.0,0.0
2012-08-10 00:00:00-04:00,84.83000183105469,84.83000183105469,84.83000183105469,84.83000183105469,0,0.0,0.0
2012-08-13 00:00:00-04:00,89.58000183105469,89.58000183105469,89.58000183105469,89.58000183105469,0,0.0,0.0
2012-08-14 00:00:00-04:00,94.33000183105469,94.33000183105469,94.33000183105469,94.33000183105469,0,0.0,0.0
2012-08-15 00:00:00-04:00,97.94999694824219,97.94999694824219,97.94999694824219,97.94999694824219,0,0.0,0.0
2012-08-16 00:00:00-04:00,95.6500015258789,95.6500015258789,95.6500015258789,95.6500015258789,0,0.0,0.0
2012-08-17 00:00:00-04:00,95.0199966430664,95.0199966430664,95.0199966430664,95.0199966430664,0,0.0,0.0
2012-08-20 00:00:00-04:00,96.63999938964844,96.63999938964844,96.63999938964844,96.63999938964844,0,0.0,0.0
2012-08-21 00:00:00-04:00,97.41000366210938,97.41000366210938,97.41000366210938,97.41000366210938,0,0.0,0.0
2012-08-22 00:00:00-04:00,99.13999938964844,99.13999938964844,99.13999938964844,99.13999938964844,0,0.0,0.0
2012-08-23 00:00:00-04:00,98.4000015258789,98.4000015258789,98.4000015258789,98.4000015258789,0,0.0,0.0
2012-08-24 00:00:00-04:00,94.98999786376953,94.98999786376953,94.98999786376953,94.98999786376953,0,0.0,0.0
2012-08-27 00:00:00-04:00,94.88999938964844,94.88999938964844,94.88999938964844,94.88999938964844,0,0.0,0.0
2012-08-28 00:00:00-04:00,94.43000030517578,94.43000030517578,94.43000030517578,94.43000030517578,0,0.0,0.0
2012-08-29 00:00:00-04:00,94.70999908447266,94.70999908447266,94.70999908447266,94.70999908447266,0,0.0,0.0
2012-08-30 00:00:00-04:00,96.33000183105469,96.33000183105469,96.33000183105469,96.33000183105469,0,0.0,0.0
2012-08-31 00:00:00-04:00,93.30000305175781,93.30000305175781,93.30000305175781,93.30000305175781,0,0.0,0.0
2012-09-04 00:00:00-04:00,93.70999908447266,93.70999908447266,93.70999908447266,93.70999908447266,0,0.0,0.0
2012-09-05 00:00:00-04:00,90.1500015258789,90.1500015258789,90.1500015258789,90.1500015258789,0,0.0,0.0
2012-09-06 00:00:00-04:00,83.6500015258789,83.6500015258789,83.6500015258789,83.6500015258789,0,0.0,0.0
2012-09-07 00:00:00-04:00,82.23999786376953,82.23999786376953,82.23999786376953,82.23999786376953,0,0.0,0.0
2012-09-10 00:00:00-04:00,92.7699966430664,92.7699966430664,92.7699966430664,92.7699966430664,0,0.0,0.0
2012-09-11 00:00:00-04:00,92.38999938964844,92.38999938964844,92.38999938964844,92.38999938964844,0,0.0,0.0
2012-09-12 00:00:00-04:00,93.94000244140625,93.94000244140625,93.94000244140625,93.94000244140625,0,0.0,0.0
2012-09-13 00:00:00-04:00,87.80999755859375,87.80999755859375,87.80999755859375,87.80999755859375,0,0.0,0.0
2012-09-14 00:00:00-04:00,93.04000091552734,93.04000091552734,93.04000091552734,93.04000091552734,0,0.0,0.0
2012-09-17 00:00:00-04:00,92.94999694824219,92.94999694824219,92.94999694824219,92.94999694824219,0,0.0,0.0
2012-09-18 00:00:00-04:00,90.12999725341797,90.12999725341797,90.12999725341797,90.12999725341797,0,0.0,0.0
2012-09-19 00:00:00-04:00,88.61000061035156,88.61000061035156,88.61000061035156,88.61000061035156,0,0.0,0.0
2012-09-20 00:00:00-04:00,88.72000122070312,88.72000122070312,88.72000122070312,88.72000122070312,0,0.0,0.0
2012-09-21 00:00:00-04:00,87.9000015258789,87.9000015258789,87.9000015258789,87.9000015258789,0,0.0,0.0
2012-09-24 00:00:00-04:00,85.87999725341797,85.87999725341797,85.87999725341797,85.87999725341797,0,0.0,0.0
2012-09-25 00:00:00-04:00,92.79000091552734,92.79000091552734,92.79000091552734,92.79000091552734,0,0.0,0.0
2012-09-26 00:00:00-04:00,95.05000305175781,95.05000305175781,95.05000305175781,95.05000305175781,0,0.0,0.0
2012-09-27 00:00:00-04:00,88.23999786376953,88.23999786376953,88.23999786376953,88.23999786376953,0,0.0,0.0
2012-09-28 00:00:00-04:00,90.48999786376953,90.48999786376953,90.48999786376953,90.48999786376953,0,0.0,0.0
2012-10-01 00:00:00-04:00,92.51000213623047,92.51000213623047,92.51000213623047,92.51000213623047,0,0.0,0.0
2012-10-02 00:00:00-04:00,90.25,90.25,90.25,90.25,0,0.0,0.0
2012-10-03 00:00:00-04:00,87.55999755859375,87.55999755859375,87.55999755859375,87.55999755859375,0,0.0,0.0
2012-10-04 00:00:00-04:00,83.51000213623047,83.51000213623047,83.51000213623047,83.51000213623047,0,0.0,0.0
2012-10-05 00:00:00-04:00,83.0999984741211,83.0999984741211,83.0999984741211,83.0999984741211,0,0.0,0.0
2012-10-08 00:00:00-04:00,85.8499984741211,85.8499984741211,85.8499984741211,85.8499984741211,0,0.0,0.0
2012-10-09 00:00:00-04:00,88.52999877929688,88.52999877929688,88.52999877929688,88.52999877929688,0,0.0,0.0
2012-10-10 00:00:00-04:00,94.36000061035156,94.36000061035156,94.36000061035156,94.36000061035156,0,0.0,0.0
2012-10-11 00:00:00-04:00,90.73999786376953,90.73999786376953,90.73999786376953,90.73999786376953,0,0.0,0.0
2012-10-12 00:00:00-04:00,91.87000274658203,91.87000274658203,91.87000274658203,91.87000274658203,0,0.0,0.0
2012-10-15 00:00:00-04:00,92.91999816894531,92.91999816894531,92.91999816894531,92.91999816894531,0,0.0,0.0
2012-10-16 00:00:00-04:00,90.30999755859375,90.30999755859375,90.30999755859375,90.30999755859375,0,0.0,0.0
2012-10-17 00:00:00-04:00,85.5999984741211,85.5999984741211,85.5999984741211,85.5999984741211,0,0.0,0.0
2012-10-18 00:00:00-04:00,86.51000213623047,86.51000213623047,86.51000213623047,86.51000213623047,0,0.0,0.0
2012-10-19 00:00:00-04:00,92.62999725341797,92.62999725341797,92.62999725341797,92.62999725341797,0,0.0,0.0
2012-10-22 00:00:00-04:00,92.4800033569336,92.4800033569336,92.4800033569336,92.4800033569336,0,0.0,0.0
2012-10-23 00:00:00-04:00,99.66000366210938,99.66000366210938,99.66000366210938,99.66000366210938,0,0.0,0.0
2012-10-24 00:00:00-04:00,96.38999938964844,96.38999938964844,96.38999938964844,96.38999938964844,0,0.0,0.0
2012-10-25 00:00:00-04:00,91.86000061035156,91.86000061035156,91.86000061035156,91.86000061035156,0,0.0,0.0
2012-10-26 00:00:00-04:00,89.43000030517578,89.43000030517578,89.43000030517578,89.43000030517578,0,0.0,0.0
2012-10-31 00:00:00-04:00,90.2300033569336,90.2300033569336,90.2300033569336,90.2300033569336,0,0.0,0.0
2012-11-01 00:00:00-04:00,81.69999694824219,81.69999694824219,81.69999694824219,81.69999694824219,0,0.0,0.0
2012-11-02 00:00:00-04:00,87.83999633789062,87.83999633789062,87.83999633789062,87.83999633789062,0,0.0,0.0
2012-11-05 00:00:00-05:00,90.75,90.75,90.75,90.75,0,0.0,0.0
2012-11-06 00:00:00-05:00,87.55999755859375,87.55999755859375,87.55999755859375,87.55999755859375,0,0.0,0.0
2012-11-07 00:00:00-05:00,94.75,94.75,94.75,94.75,0,0.0,0.0
2012-11-08 00:00:00-05:00,93.38999938964844,93.38999938964844,93.38999938964844,93.38999938964844,0,0.0,0.0
2012-11-09 00:00:00-05:00,94.0199966430664,94.0199966430664,94.0199966430664,94.0199966430664,0,0.0,0.0
2012-11-12 00:00:00-05:00,90.54000091552734,90.54000091552734,90.54000091552734,90.54000091552734,0,0.0,0.0
2012-11-13 00:00:00-05:00,87.83999633789062,87.83999633789062,87.83999633789062,87.83999633789062,0,0.0,0.0
2012-11-14 00:00:00-05:00,94.66000366210938,94.66000366210938,94.66000366210938,94.66000366210938,0,0.0,0.0
2012-11-15 00:00:00-05:00,94.54000091552734,94.54000091552734,94.54000091552734,94.54000091552734,0,0.0,0.0
2012-11-16 00:00:00-05:00,90.2699966430664,90.2699966430664,90.2699966430664,90.2699966430664,0,0.0,0.0
2012-11-19 00:00:00-05:00,88.43000030517578,88.43000030517578,88.43000030517578,88.43000030517578,0,0.0,0.0
2012-11-20 00:00:00-05:00,85.93000030517578,85.93000030517578,85.93000030517578,85.93000030517578,0,0.0,0.0
2012-11-21 00:00:00-05:00,85.8499984741211,85.8499984741211,85.8499984741211,85.8499984741211,0,0.0,0.0
2012-11-23 00:00:00-05:00,82.86000061035156,82.86000061035156,82.86000061035156,82.86000061035156,0,0.0,0.0
2012-11-26 00:00:00-05:00,82.44999694824219,82.44999694824219,82.44999694824219,82.44999694824219,0,0.0,0.0
2012-11-27 00:00:00-05:00,84.16999816894531,84.16999816894531,84.16999816894531,84.16999816894531,0,0.0,0.0
2012-11-28 00:00:00-05:00,80.38999938964844,80.38999938964844,80.38999938964844,80.38999938964844,0,0.0,0.0
2012-11-29 00:00:00-05:00,78.41999816894531,78.41999816894531,78.41999816894531,78.41999816894531,0,0.0,0.0
2012-11-30 00:00:00-05:00,78.58999633789062,78.58999633789062,78.58999633789062,78.58999633789062,0,0.0,0.0
2012-12-03 00:00:00-05:00,84.06999969482422,84.06999969482422,84.06999969482422,84.06999969482422,0,0.0,0.0
2012-12-04 00:00:00-05:00,86.18000030517578,86.18000030517578,86.18000030517578,86.18000030517578,0,0.0,0.0
2012-12-05 00:00:00-05:00,82.9800033569336,82.9800033569336,82.9800033569336,82.9800033569336,0,0.0,0.0
2012-12-06 00:00:00-05:00,84.1500015258789,84.1500015258789,84.1500015258789,84.1500015258789,0,0.0,0.0
2012-12-07 00:00:00-05:00,80.73999786376953,80.73999786376953,80.73999786376953,80.73999786376953,0,0.0,0.0
2012-12-10 00:00:00-05:00,81.55999755859375,81.55999755859375,81.55999755859375,81.55999755859375,0,0.0,0.0
2012-12-11 00:00:00-05:00,78.69999694824219,78.69999694824219,78.69999694824219,78.69999694824219,0,0.0,0.0
2012-12-12 00:00:00-05:00,83.0199966430664,83.0199966430664,83.0199966430664,83.0199966430664,0,0.0,0.0
2012-12-13 00:00:00-05:00,86.73999786376953,86.73999786376953,86.73999786376953,86.73999786376953,0,0.0,0.0
2012-12-14 00:00:00-05:00,86.38999938964844,86.38999938964844,86.38999938964844,86.38999938964844,0,0.0,0.0
2012-12-17 00:00:00-05:00,82.0999984741211,82.0999984741211,82.0999984741211,82.0999984741211,0,0.0,0.0
2012-12-18 00:00:00-05:00,79.36000061035156,79.36000061035156,79.36000061035156,79.36000061035156,0,0.0,0.0
2012-12-19 00:00:00-05:00,83.33000183105469,83.33000183105469,83.33000183105469,83.33000183105469,0,0.0,0.0
2012-12-20 00:00:00-05:00,83.05999755859375,83.05999755859375,83.05999755859375,83.05999755859375,0,0.0,0.0
2012-12-21 00:00:00-05:00,87.69999694824219,87.69999694824219,87.69999694824219,87.69999694824219,0,0.0,0.0
2012-12-24 00:00:00-05:00,89.2699966430664,89.2699966430664,89.2699966430664,89.2699966430664,0,0.0,0.0
2012-12-26 00:00:00-05:00,92.16999816894531,92.16999816894531,92.16999816894531,92.16999816894531,0,0.0,0.0
2012-12-27 00:00:00-05:00,90.88999938964844,90.88999938964844,90.88999938964844,90.88999938964844,0,0.0,0.0
2012-12-28 00:00:00-05:00,104.72000122070312,104.72000122070312,104.72000122070312,104.72000122070312,0,0.0,0.0
2012-12-31 00:00:00-05:00,92.5,92.5,92.5,92.5,0,0.0,0.0
2013-01-02 00:00:00-05:00,78.7699966430664,78.7699966430664,78.7699966430664,78.7699966430664,0,0.0,0.0
2013-01-03 00:00:00-05:00,77.0199966430664,77.0199966430664,77.0199966430664,77.0199966430664,0,0.0,0.0
2013-01-04 00:00:00-05:00,75.18000030517578,75.18000030517578,75.18000030517578,75.18000030517578,0,0.0,0.0
2013-01-07 00:00:00-05:00,76.7699966430664,76.7699966430664,76.7699966430664,76.7699966430664,0,0.0,0.0
2013-01-08 00:00:00-05:00,78.37000274658203,78.37000274658203,78.37000274658203,78.37000274658203,0,0.0,0.0
2013-01-09 00:00:00-05:00,78.51000213623047,78.51000213623047,78.51000213623047,78.51000213623047,0,0.0,0.0
2013-01-10 00:00:00-05:00,77.48999786376953,77.48999786376953,77.48999786376953,77.48999786376953,0,0.0,0.0
2013-01-11 00:00:00-05:00,78.5199966430664,78.5199966430664,78.5199966430664,78.5199966430664,0,0.0,0.0
2013-01-14 00:00:00-05:00,78.27999877929688,78.27999877929688,78.27999877929688,78.27999877929688,0,0.0,0.0
2013-01-15 00:00:00-05:00,77.83999633789062,77.83999633789062,77.83999633789062,77.83999633789062,0,0.0,0.0
2013-01-16 00:00:00-05:00,77.26000213623047,77.26000213623047,77.26000213623047,77.26000213623047,0,0.0,0.0
2013-01-17 00:00:00-05:00,78.7699966430664,78.7699966430664,78.7699966430664,78.7699966430664,0,0.0,0.0
2013-01-18 00:00:00-05:00,73.43000030517578,73.43000030517578,73.43000030517578,73.43000030517578,0,0.0,0.0
2013-01-22 00:00:00-05:00,73.87000274658203,73.87000274658203,73.87000274658203,73.87000274658203,0,0.0,0.0
2013-01-23 00:00:00-05:00,71.86000061035156,71.86000061035156,71.86000061035156,71.86000061035156,0,0.0,0.0
2013-01-24 00:00:00-05:00,76.16999816894531,76.16999816894531,76.16999816894531,76.16999816894531,0,0.0,0.0
2013-01-25 00:00:00-05:00,76.91999816894531,76.91999816894531,76.91999816894531,76.91999816894531,0,0.0,0.0
2013-01-28 00:00:00-05:00,78.16000366210938,78.16000366210938,78.16000366210938,78.16000366210938,0,0.0,0.0
2013-01-29 00:00:00-05:00,73.61000061035156,73.61000061035156,73.61000061035156,73.61000061035156,0,0.0,0.0
2013-01-30 00:00:00-05:00,77.33999633789062,77.33999633789062,77.33999633789062,77.33999633789062,0,0.0,0.0
2013-01-31 00:00:00-05:00,76.72000122070312,76.72000122070312,76.72000122070312,76.72000122070312,0,0.0,0.0
2013-02-01 00:00:00-05:00,73.29000091552734,73.29000091552734,73.29000091552734,73.29000091552734,0,0.0,0.0
2013-02-04 00:00:00-05:00,77.79000091552734,77.79000091552734,77.79000091552734,77.79000091552734,0,0.0,0.0
2013-02-05 00:00:00-05:00,75.06999969482422,75.06999969482422,75.06999969482422,75.06999969482422,0,0.0,0.0
2013-02-06 00:00:00-05:00,77.23999786376953,77.23999786376953,77.23999786376953,77.23999786376953,0,0.0,0.0
2013-02-07 00:00:00-05:00,76.86000061035156,76.86000061035156,76.86000061035156,76.86000061035156,0,0.0,0.0
2013-02-08 00:00:00-05:00,74.41999816894531,74.41999816894531,74.41999816894531,74.41999816894531,0,0.0,0.0
2013-02-11 00:00:00-05:00,76.0999984741211,76.0999984741211,76.0999984741211,76.0999984741211,0,0.0,0.0
2013-02-12 00:00:00-05:00,73.83000183105469,73.83000183105469,73.83000183105469,73.83000183105469,0,0.0,0.0
2013-02-13 00:00:00-05:00,73.25,73.25,73.25,73.25,0,0.0,0.0
2013-02-14 00:00:00-05:00,72.98999786376953,72.98999786376953,72.98999786376953,72.98999786376953,0,0.0,0.0
2013-02-15 00:00:00-05:00,72.55000305175781,72.55000305175781,72.55000305175781,72.55000305175781,0,0.0,0.0
2013-02-19 00:00:00-05:00,70.44999694824219,70.44999694824219,70.44999694824219,70.44999694824219,0,0.0,0.0
2013-02-20 00:00:00-05:00,79.6500015258789,79.6500015258789,79.6500015258789,79.6500015258789,0,0.0,0.0
2013-02-21 00:00:00-05:00,80.83000183105469,80.83000183105469,80.83000183105469,80.83000183105469,0,0.0,0.0
2013-02-22 00:00:00-05:00,78.66000366210938,78.66000366210938,78.66000366210938,78.66000366210938,0,0.0,0.0
2013-02-25 00:00:00-05:00,94.33999633789062,94.33999633789062,94.33999633789062,94.33999633789062,0,0.0,0.0
2013-02-26 00:00:00-05:00,90.2300033569336,90.2300033569336,90.2300033569336,90.2300033569336,0,0.0,0.0
2013-02-27 00:00:00-05:00,82.29000091552734,82.29000091552734,82.29000091552734,82.29000091552734,0,0.0,0.0
2013-02-28 00:00:00-05:00,86.56999969482422,86.56999969482422,86.56999969482422,86.56999969482422,0,0.0,0.0
2013-03-01 00:00:00-05:00,87.83000183105469,87.83000183105469,87.83000183105469,87.83000183105469,0,0.0,0.0
2013-03-04 00:00:00-05:00,82.2699966430664,82.2699966430664,82.2699966430664,82.2699966430664,0,0.0,0.0
2013-03-05 00:00:00-05:00,79.31999969482422,79.31999969482422,79.31999969482422,79.31999969482422,0,0.0,0.0
2013-03-06 00:00:00-05:00,78.77999877929688,78.77999877929688,78.77999877929688,78.77999877929688,0,0.0,0.0
2013-03-07 00:00:00-05:00,77.16000366210938,77.16000366210938,77.16000366210938,77.16000366210938,0,0.0,0.0
2013-03-08 00:00:00-05:00,76.6500015258789,76.6500015258789,76.6500015258789,76.6500015258789,0,0.0,0.0
2013-03-11 00:00:00-04:00,77.31999969482422,77.31999969482422,77.31999969482422,77.31999969482422,0,0.0,0.0
2013-03-12 00:00:00-04:00,79.98999786376953,79.98999786376953,79.98999786376953,79.98999786376953,0,0.0,0.0
2013-03-13 00:00:00-04:00,84.36000061035156,84.36000061035156,84.36000061035156,84.36000061035156,0,0.0,0.0
2013-03-14 00:00:00-04:00,83.5,83.5,83.5,83.5,0,0.0,0.0
2013-03-15 00:00:00-04:00,85.72000122070312,85.72000122070312,85.72000122070312,85.72000122070312,0,0.0,0.0
2013-03-18 00:00:00-04:00,93.06999969482422,93.06999969482422,93.06999969482422,93.06999969482422,0,0.0,0.0
2013-03-19 00:00:00-04:00,94.38999938964844,94.38999938964844,94.38999938964844,94.38999938964844,0,0.0,0.0
2013-03-20 00:00:00-04:00,89.44999694824219,89.44999694824219,89.44999694824219,89.44999694824219,0,0.0,0.0
2013-03-21 00:00:00-04:00,93.9800033569336,93.9800033569336,93.9800033569336,93.9800033569336,0,0.0,0.0
2013-03-22 00:00:00-04:00,91.77999877929688,91.77999877929688,91.77999877929688,91.77999877929688,0,0.0,0.0
2013-03-25 00:00:00-04:00,88.86000061035156,88.86000061035156,88.86000061035156,88.86000061035156,0,0.0,0.0
2013-03-26 00:00:00-04:00,85.13999938964844,85.13999938964844,85.13999938964844,85.13999938964844,0,0.0,0.0
2013-03-27 00:00:00-04:00,85.31999969482422,85.31999969482422,85.31999969482422,85.31999969482422,0,0.0,0.0
2013-03-28 00:00:00-04:00,83.19999694824219,83.19999694824219,83.19999694824219,83.19999694824219,0,0.0,0.0
2013-04-01 00:00:00-04:00,84.2300033569336,84.2300033569336,84.2300033569336,84.2300033569336,0,0.0,0.0
2013-04-02 00:00:00-04:00,80.48999786376953,80.48999786376953,80.48999786376953,80.48999786376953,0,0.0,0.0
2013-04-03 00:00:00-04:00,85.2300033569336,85.2300033569336,85.2300033569336,85.2300033569336,0,0.0,0.0
2013-04-04 00:00:00-04:00,83.12000274658203,83.12000274658203,83.12000274658203,83.12000274658203,0,0.0,0.0
2013-04-05 00:00:00-04:00,84.48999786376953,84.48999786376953,84.48999786376953,84.48999786376953,0,0.0,0.0
2013-04-08 00:00:00-04:00,82.12000274658203,82.12000274658203,82.12000274658203,82.12000274658203,0,0.0,0.0
2013-04-09 00:00:00-04:00,82.04000091552734,82.04000091552734,82.04000091552734,82.04000091552734,0,0.0,0.0
2013-04-10 00:00:00-04:00,82.75,82.75,82.75,82.75,0,0.0,0.0
2013-04-11 00:00:00-04:00,83.37000274658203,83.37000274658203,83.37000274658203,83.37000274658203,0,0.0,0.0
2013-04-12 00:00:00-04:00,82.38999938964844,82.38999938964844,82.38999938964844,82.38999938964844,0,0.0,0.0
2013-04-15 00:00:00-04:00,104.62000274658203,104.62000274658203,104.62000274658203,104.62000274658203,0,0.0,0.0
2013-04-16 00:00:00-04:00,88.19000244140625,88.19000244140625,88.19000244140625,88.19000244140625,0,0.0,0.0
2013-04-17 00:00:00-04:00,105.26000213623047,105.26000213623047,105.26000213623047,105.26000213623047,0,0.0,0.0
2013-04-18 00:00:00-04:00,107.6500015258789,107.6500015258789,107.6500015258789,107.6500015258789,0,0.0,0.0
2013-04-19 00:00:00-04:00,95.5199966430664,95.5199966430664,95.5199966430664,95.5199966430664,0,0.0,0.0
2013-04-22 00:00:00-04:00,90.91000366210938,90.91000366210938,90.91000366210938,90.91000366210938,0,0.0,0.0
2013-04-23 00:00:00-04:00,85.16000366210938,85.16000366210938,85.16000366210938,85.16000366210938,0,0.0,0.0
2013-04-24 00:00:00-04:00,84.98999786376953,84.98999786376953,84.98999786376953,84.98999786376953,0,0.0,0.0
2013-04-25 00:00:00-04:00,85.88999938964844,85.88999938964844,85.88999938964844,85.88999938964844,0,0.0,0.0
2013-04-26 00:00:00-04:00,85.08999633789062,85.08999633789062,85.08999633789062,85.08999633789062,0,0.0,0.0
2013-04-29 00:00:00-04:00,84.41999816894531,84.41999816894531,84.41999816894531,84.41999816894531,0,0.0,0.0
2013-04-30 00:00:00-04:00,83.45999908447266,83.45999908447266,83.45999908447266,83.45999908447266,0,0.0,0.0
2013-05-01 00:00:00-04:00,88.11000061035156,88.11000061035156,88.11000061035156,88.11000061035156,0,0.0,0.0
2013-05-02 00:00:00-04:00,83.81999969482422,83.81999969482422,83.81999969482422,83.81999969482422,0,0.0,0.0
2013-05-03 00:00:00-04:00,80.91000366210938,80.91000366210938,80.91000366210938,80.91000366210938,0,0.0,0.0
2013-05-06 00:00:00-04:00,79.77999877929688,79.77999877929688,79.77999877929688,79.77999877929688,0,0.0,0.0
2013-05-07 00:00:00-04:00,78.86000061035156,78.86000061035156,78.86000061035156,78.86000061035156,0,0.0,0.0
2013-05-08 00:00:00-04:00,79.80999755859375,79.80999755859375,79.80999755859375,79.80999755859375,0,0.0,0.0
2013-05-09 00:00:00-04:00,81.13999938964844,81.13999938964844,81.13999938964844,81.13999938964844,0,0.0,0.0
2013-05-10 00:00:00-04:00,80.44999694824219,80.44999694824219,80.44999694824219,80.44999694824219,0,0.0,0.0
2013-05-13 00:00:00-04:00,80.44999694824219,80.44999694824219,80.44999694824219,80.44999694824219,0,0.0,0.0
2013-05-14 00:00:00-04:00,80.44999694824219,80.44999694824219,80.44999694824219,80.44999694824219,0,0.0,0.0
2013-05-15 00:00:00-04:00,83.1500015258789,83.1500015258789,83.1500015258789,83.1500015258789,0,0.0,0.0
2013-05-16 00:00:00-04:00,84.5,84.5,84.5,84.5,0,0.0,0.0
2013-05-17 00:00:00-04:00,84.0,84.0,84.0,84.0,0,0.0,0.0
2013-05-20 00:00:00-04:00,85.01000213623047,85.01000213623047,85.01000213623047,85.01000213623047,0,0.0,0.0
2013-05-21 00:00:00-04:00,88.04000091552734,88.04000091552734,88.04000091552734,88.04000091552734,0,0.0,0.0
2013-05-22 00:00:00-04:00,88.2300033569336,88.2300033569336,88.2300033569336,88.2300033569336,0,0.0,0.0
2013-05-23 00:00:00-04:00,87.4000015258789,87.4000015258789,87.4000015258789,87.4000015258789,0,0.0,0.0
2013-05-24 00:00:00-04:00,83.87999725341797,83.87999725341797,83.87999725341797,83.87999725341797,0,0.0,0.0
2013-05-28 00:00:00-04:00,82.6500015258789,82.6500015258789,82.6500015258789,82.6500015258789,0,0.0,0.0
2013-05-29 00:00:00-04:00,81.72000122070312,81.72000122070312,81.72000122070312,81.72000122070312,0,0.0,0.0
2013-05-30 00:00:00-04:00,80.22000122070312,80.22000122070312,80.22000122070312,80.22000122070312,0,0.0,0.0
2013-05-31 00:00:00-04:00,84.87000274658203,84.87000274658203,84.87000274658203,84.87000274658203,0,0.0,0.0
2013-06-03 00:00:00-04:00,86.98999786376953,86.98999786376953,86.98999786376953,86.98999786376953,0,0.0,0.0
2013-06-04 00:00:00-04:00,87.38999938964844,87.38999938964844,87.38999938964844,87.38999938964844,0,0.0,0.0
2013-06-05 00:00:00-04:00,93.18000030517578,93.18000030517578,93.18000030517578,93.18000030517578,0,0.0,0.0
2013-06-06 00:00:00-04:00,91.91000366210938,91.91000366210938,91.91000366210938,91.91000366210938,0,0.0,0.0
2013-06-07 00:00:00-04:00,84.19000244140625,84.19000244140625,84.19000244140625,84.19000244140625,0,0.0,0.0
2013-06-10 00:00:00-04:00,82.94000244140625,82.94000244140625,82.94000244140625,82.94000244140625,0,0.0,0.0
2013-06-11 00:00:00-04:00,92.31999969482422,92.31999969482422,92.31999969482422,92.31999969482422,0,0.0,0.0
2013-06-12 00:00:00-04:00,101.7699966430664,101.7699966430664,101.7699966430664,101.7699966430664,0,0.0,0.0
2013-06-13 00:00:00-04:00,95.08000183105469,95.08000183105469,95.08000183105469,95.08000183105469,0,0.0,0.0
2013-06-14 00:00:00-04:00,93.87000274658203,93.87000274658203,93.87000274658203,93.87000274658203,0,0.0,0.0
2013-06-17 00:00:00-04:00,90.44999694824219,90.44999694824219,90.44999694824219,90.44999694824219,0,0.0,0.0
2013-06-18 00:00:00-04:00,89.98999786376953,89.98999786376953,89.98999786376953,89.98999786376953,0,0.0,0.0
2013-06-19 00:00:00-04:00,88.58999633789062,88.58999633789062,88.58999633789062,88.58999633789062,0,0.0,0.0
2013-06-20 00:00:00-04:00,100.9800033569336,100.9800033569336,100.9800033569336,100.9800033569336,0,0.0,0.0
2013-06-21 00:00:00-04:00,96.0999984741211,96.0999984741211,96.0999984741211,96.0999984741211,0,0.0,0.0
2013-06-24 00:00:00-04:00,100.93000030517578,100.93000030517578,100.93000030517578,100.93000030517578,0,0.0,0.0
2013-06-25 00:00:00-04:00,94.83000183105469,94.83000183105469,94.83000183105469,94.83000183105469,0,0.0,0.0
2013-06-26 00:00:00-04:00,90.76000213623047,90.76000213623047,90.76000213623047,90.76000213623047,0,0.0,0.0
2013-06-27 00:00:00-04:00,86.05000305175781,86.05000305175781,86.05000305175781,86.05000305175781,0,0.0,0.0
2013-06-28 00:00:00-04:00,86.54000091552734,86.54000091552734,86.54000091552734,86.54000091552734,0,0.0,0.0
2013-07-01 00:00:00-04:00,84.88999938964844,84.88999938964844,84.88999938964844,84.88999938964844,0,0.0,0.0
2013-07-02 00:00:00-04:00,83.69999694824219,83.69999694824219,83.69999694824219,83.69999694824219,0,0.0,0.0
2013-07-03 00:00:00-04:00,82.72000122070312,82.72000122070312,82.72000122070312,82.72000122070312,0,0.0,0.0
2013-07-05 00:00:00-04:00,77.41000366210938,77.41000366210938,77.41000366210938,77.41000366210938,0,0.0,0.0
2013-07-08 00:00:00-04:00,75.48999786376953,75.48999786376953,75.48999786376953,75.48999786376953,0,0.0,0.0
2013-07-09 00:00:00-04:00,75.91999816894531,75.91999816894531,75.91999816894531,75.91999816894531,0,0.0,0.0
2013-07-10 00:00:00-04:00,79.54000091552734,79.54000091552734,79.54000091552734,79.54000091552734,0,0.0,0.0
2013-07-11 00:00:00-04:00,77.16000366210938,77.16000366210938,77.16000366210938,77.16000366210938,0,0.0,0.0
2013-07-12 00:00:00-04:00,76.13999938964844,76.13999938964844,76.13999938964844,76.13999938964844,0,0.0,0.0
2013-07-15 00:00:00-04:00,76.22000122070312,76.22000122070312,76.22000122070312,76.22000122070312,0,0.0,0.0
2013-07-16 00:00:00-04:00,80.83999633789062,80.83999633789062,80.83999633789062,80.83999633789062,0,0.0,0.0
2013-07-17 00:00:00-04:00,77.05999755859375,77.05999755859375,77.05999755859375,77.05999755859375,0,0.0,0.0
2013-07-18 00:00:00-04:00,74.68000030517578,74.68000030517578,74.68000030517578,74.68000030517578,0,0.0,0.0
2013-07-19 00:00:00-04:00,73.63999938964844,73.63999938964844,73.63999938964844,73.63999938964844,0,0.0,0.0
2013-07-22 00:00:00-04:00,72.48999786376953,72.48999786376953,72.48999786376953,72.48999786376953,0,0.0,0.0
2013-07-23 00:00:00-04:00,75.05000305175781,75.05000305175781,75.05000305175781,75.05000305175781,0,0.0,0.0
2013-07-24 00:00:00-04:00,76.80000305175781,76.80000305175781,76.80000305175781,76.80000305175781,0,0.0,0.0
2013-07-25 00:00:00-04:00,76.73999786376953,76.73999786376953,76.73999786376953,76.73999786376953,0,0.0,0.0
2013-07-26 00:00:00-04:00,76.54000091552734,76.54000091552734,76.54000091552734,76.54000091552734,0,0.0,0.0
2013-07-29 00:00:00-04:00,76.6500015258789,76.6500015258789,76.6500015258789,76.6500015258789,0,0.0,0.0
2013-07-30 00:00:00-04:00,74.3499984741211,74.3499984741211,74.3499984741211,74.3499984741211,0,0.0,0.0
2013-07-31 00:00:00-04:00,73.08000183105469,73.08000183105469,73.08000183105469,73.08000183105469,0,0.0,0.0
2013-08-01 00:00:00-04:00,71.0999984741211,71.0999984741211,71.0999984741211,71.0999984741211,0,0.0,0.0
2013-08-02 00:00:00-04:00,70.36000061035156,70.36000061035156,70.36000061035156,70.36000061035156,0,0.0,0.0
2013-08-05 00:00:00-04:00,69.73999786376953,69.73999786376953,69.73999786376953,69.73999786376953,0,0.0,0.0
2013-08-06 00:00:00-04:00,75.52999877929688,75.52999877929688,75.52999877929688,75.52999877929688,0,0.0,0.0
2013-08-07 00:00:00-04:00,76.56999969482422,76.56999969482422,76.56999969482422,76.56999969482422,0,0.0,0.0
2013-08-08 00:00:00-04:00,75.41000366210938,75.41000366210938,75.41000366210938,75.41000366210938,0,0.0,0.0
2013-08-09 00:00:00-04:00,77.33000183105469,77.33000183105469,77.33000183105469,77.33000183105469,0,0.0,0.0
2013-08-12 00:00:00-04:00,78.7699966430664,78.7699966430664,78.7699966430664,78.7699966430664,0,0.0,0.0
2013-08-13 00:00:00-04:00,78.94000244140625,78.94000244140625,78.94000244140625,78.94000244140625,0,0.0,0.0
2013-08-14 00:00:00-04:00,80.22000122070312,80.22000122070312,80.22000122070312,80.22000122070312,0,0.0,0.0
2013-08-15 00:00:00-04:00,86.20999908447266,86.20999908447266,86.20999908447266,86.20999908447266,0,0.0,0.0
2013-08-16 00:00:00-04:00,84.08999633789062,84.08999633789062,84.08999633789062,84.08999633789062,0,0.0,0.0
2013-08-19 00:00:00-04:00,86.91000366210938,86.91000366210938,86.91000366210938,86.91000366210938,0,0.0,0.0
2013-08-20 00:00:00-04:00,89.08000183105469,89.08000183105469,89.08000183105469,89.08000183105469,0,0.0,0.0
2013-08-21 00:00:00-04:00,90.37999725341797,90.37999725341797,90.37999725341797,90.37999725341797,0,0.0,0.0
2013-08-22 00:00:00-04:00,84.5199966430664,84.5199966430664,84.5199966430664,84.5199966430664,0,0.0,0.0
2013-08-23 00:00:00-04:00,80.0199966430664,80.0199966430664,80.0199966430664,80.0199966430664,0,0.0,0.0
2013-08-26 00:00:00-04:00,83.05999755859375,83.05999755859375,83.05999755859375,83.05999755859375,0,0.0,0.0
2013-08-27 00:00:00-04:00,92.36000061035156,92.36000061035156,92.36000061035156,92.36000061035156,0,0.0,0.0
2013-08-28 00:00:00-04:00,91.45999908447266,91.45999908447266,91.45999908447266,91.45999908447266,0,0.0,0.0
2013-08-29 00:00:00-04:00,91.48999786376953,91.48999786376953,91.48999786376953,91.48999786376953,0,0.0,0.0
2013-08-30 00:00:00-04:00,92.5999984741211,92.5999984741211,92.5999984741211,92.5999984741211,0,0.0,0.0
2013-09-03 00:00:00-04:00,90.66000366210938,90.66000366210938,90.66000366210938,90.66000366210938,0,0.0,0.0
2013-09-04 00:00:00-04:00,88.27999877929688,88.27999877929688,88.27999877929688,88.27999877929688,0,0.0,0.0
2013-09-05 00:00:00-04:00,85.80000305175781,85.80000305175781,85.80000305175781,85.80000305175781,0,0.0,0.0
2013-09-06 00:00:00-04:00,86.51000213623047,86.51000213623047,86.51000213623047,86.51000213623047,0,0.0,0.0
2013-09-09 00:00:00-04:00,83.45999908447266,83.45999908447266,83.45999908447266,83.45999908447266,0,0.0,0.0
2013-09-10 00:00:00-04:00,79.25,79.25,79.25,79.25,0,0.0,0.0
2013-09-11 00:00:00-04:00,78.4000015258789,78.4000015258789,78.4000015258789,78.4000015258789,0,0.0,0.0
2013-09-12 00:00:00-04:00,80.97000122070312,80.97000122070312,80.97000122070312,80.97000122070312,0,0.0,0.0
2013-09-13 00:00:00-04:00,79.7300033569336,79.7300033569336,79.7300033569336,79.7300033569336,0,0.0,0.0
2013-09-16 00:00:00-04:00,80.08999633789062,80.08999633789062,80.08999633789062,80.08999633789062,0,0.0,0.0
2013-09-17 00:00:00-04:00,79.48999786376953,79.48999786376953,79.48999786376953,79.48999786376953,0,0.0,0.0
2013-09-18 00:00:00-04:00,74.6500015258789,74.6500015258789,74.6500015258789,74.6500015258789,0,0.0,0.0
2013-09-19 00:00:00-04:00,73.22000122070312,73.22000122070312,73.22000122070312,73.22000122070312,0,0.0,0.0
2013-09-20 00:00:00-04:00,76.88999938964844,76.88999938964844,76.88999938964844,76.88999938964844,0,0.0,0.0
2013-09-23 00:00:00-04:00,77.55999755859375,77.55999755859375,77.55999755859375,77.55999755859375,0,0.0,0.0
2013-09-24 00:00:00-04:00,74.77999877929688,74.77999877929688,74.77999877929688,74.77999877929688,0,0.0,0.0
2013-09-25 00:00:00-04:00,73.08000183105469,73.08000183105469,73.08000183105469,73.08000183105469,0,0.0,0.0
2013-09-26 00:00:00-04:00,69.95999908447266,69.95999908447266,69.95999908447266,69.95999908447266,0,0.0,0.0
2013-09-27 00:00:00-04:00,74.93000030517578,74.93000030517578,74.93000030517578,74.93000030517578,0,0.0,0.0
2013-09-30 00:00:00-04:00,81.66999816894531,81.66999816894531,81.66999816894531,81.66999816894531,0,0.0,0.0
2013-10-01 00:00:00-04:00,76.43000030517578,76.43000030517578,76.43000030517578,76.43000030517578,0,0.0,0.0
2013-10-02 00:00:00-04:00,85.7300033569336,85.7300033569336,85.7300033569336,85.7300033569336,0,0.0,0.0
2013-10-03 00:00:00-04:00,93.79000091552734,93.79000091552734,93.79000091552734,93.79000091552734,0,0.0,0.0
2013-10-04 00:00:00-04:00,88.70999908447266,88.70999908447266,88.70999908447266,88.70999908447266,0,0.0,0.0
2013-10-07 00:00:00-04:00,103.08000183105469,103.08000183105469,103.08000183105469,103.08000183105469,0,0.0,0.0
2013-10-08 00:00:00-04:00,106.55000305175781,106.55000305175781,106.55000305175781,106.55000305175781,0,0.0,0.0
2013-10-09 00:00:00-04:00,111.43000030517578,111.43000030517578,111.43000030517578,111.43000030517578,0,0.0,0.0
2013-10-10 00:00:00-04:00,95.30999755859375,95.30999755859375,95.30999755859375,95.30999755859375,0,0.0,0.0
2013-10-11 00:00:00-04:00,90.8499984741211,90.8499984741211,90.8499984741211,90.8499984741211,0,0.0,0.0
2013-10-14 00:00:00-04:00,91.80000305175781,91.80000305175781,91.80000305175781,91.80000305175781,0,0.0,0.0
2013-10-15 00:00:00-04:00,103.37000274658203,103.37000274658203,103.37000274658203,103.37000274658203,0,0.0,0.0
2013-10-16 00:00:00-04:00,85.69999694824219,85.69999694824219,85.69999694824219,85.69999694824219,0,0.0,0.0
2013-10-17 00:00:00-04:00,72.69999694824219,72.69999694824219,72.69999694824219,72.69999694824219,0,0.0,0.0
2013-10-18 00:00:00-04:00,73.41999816894531,73.41999816894531,73.41999816894531,73.41999816894531,0,0.0,0.0
2013-10-21 00:00:00-04:00,75.0199966430664,75.0199966430664,75.0199966430664,75.0199966430664,0,0.0,0.0
2013-10-22 00:00:00-04:00,74.12999725341797,74.12999725341797,74.12999725341797,74.12999725341797,0,0.0,0.0
2013-10-23 00:00:00-04:00,72.43000030517578,72.43000030517578,72.43000030517578,72.43000030517578,0,0.0,0.0
2013-10-24 00:00:00-04:00,70.83999633789062,70.83999633789062,70.83999633789062,70.83999633789062,0,0.0,0.0
2013-10-25 00:00:00-04:00,70.02999877929688,70.02999877929688,70.02999877929688,70.02999877929688,0,0.0,0.0
2013-10-28 00:00:00-04:00,70.16000366210938,70.16000366210938,70.16000366210938,70.16000366210938,0,0.0,0.0
2013-10-29 00:00:00-04:00,68.5199966430664,68.5199966430664,68.5199966430664,68.5199966430664,0,0.0,0.0
2013-10-30 00:00:00-04:00,69.55999755859375,69.55999755859375,69.55999755859375,69.55999755859375,0,0.0,0.0
2013-10-31 00:00:00-04:00,69.44000244140625,69.44000244140625,69.44000244140625,69.44000244140625,0,0.0,0.0
2013-11-01 00:00:00-04:00,68.94000244140625,68.94000244140625,68.94000244140625,68.94000244140625,0,0.0,0.0
2013-11-04 00:00:00-05:00,67.08999633789062,67.08999633789062,67.08999633789062,67.08999633789062,0,0.0,0.0
2013-11-05 00:00:00-05:00,67.41000366210938,67.41000366210938,67.41000366210938,67.41000366210938,0,0.0,0.0
2013-11-06 00:00:00-05:00,67.41000366210938,67.41000366210938,67.41000366210938,67.41000366210938,0,0.0,0.0
2013-11-07 00:00:00-05:00,71.73999786376953,71.73999786376953,71.73999786376953,71.73999786376953,0,0.0,0.0
2013-11-08 00:00:00-05:00,69.38999938964844,69.38999938964844,69.38999938964844,69.38999938964844,0,0.0,0.0
2013-11-11 00:00:00-05:00,69.38999938964844,69.38999938964844,69.38999938964844,69.38999938964844,0,0.0,0.0
2013-11-12 00:00:00-05:00,69.38999938964844,69.38999938964844,69.38999938964844,69.38999938964844,0,0.0,0.0
2013-11-13 00:00:00-05:00,71.37000274658203,71.37000274658203,71.37000274658203,71.37000274658203,0,0.0,0.0
2013-11-14 00:00:00-05:00,71.91000366210938,71.91000366210938,71.91000366210938,71.91000366210938,0,0.0,0.0
2013-11-15 00:00:00-05:00,73.58000183105469,73.58000183105469,73.58000183105469,73.58000183105469,0,0.0,0.0
2013-11-18 00:00:00-05:00,75.05999755859375,75.05999755859375,75.05999755859375,75.05999755859375,0,0.0,0.0
2013-11-19 00:00:00-05:00,74.44999694824219,74.44999694824219,74.44999694824219,74.44999694824219,0,0.0,0.0
2013-11-20 00:00:00-05:00,69.05000305175781,69.05000305175781,69.05000305175781,69.05000305175781,0,0.0,0.0
2013-11-21 00:00:00-05:00,64.94999694824219,64.94999694824219,64.94999694824219,64.94999694824219,0,0.0,0.0
2013-11-22 00:00:00-05:00,63.77000045776367,63.77000045776367,63.77000045776367,63.77000045776367,0,0.0,0.0
2013-11-25 00:00:00-05:00,64.87999725341797,64.87999725341797,64.87999725341797,64.87999725341797,0,0.0,0.0
2013-11-26 00:00:00-05:00,65.13999938964844,65.13999938964844,65.13999938964844,65.13999938964844,0,0.0,0.0
2013-11-27 00:00:00-05:00,64.80999755859375,64.80999755859375,64.80999755859375,64.80999755859375,0,0.0,0.0
2013-11-29 00:00:00-05:00,64.80999755859375,64.80999755859375,64.80999755859375,64.80999755859375,0,0.0,0.0
2013-12-02 00:00:00-05:00,69.58999633789062,69.58999633789062,69.58999633789062,69.58999633789062,0,0.0,0.0
2013-12-03 00:00:00-05:00,73.20999908447266,73.20999908447266,73.20999908447266,73.20999908447266,0,0.0,0.0
2013-12-04 00:00:00-05:00,72.7300033569336,72.7300033569336,72.7300033569336,72.7300033569336,0,0.0,0.0
2013-12-05 00:00:00-05:00,75.80000305175781,75.80000305175781,75.80000305175781,75.80000305175781,0,0.0,0.0
2013-12-06 00:00:00-05:00,70.44999694824219,70.44999694824219,70.44999694824219,70.44999694824219,0,0.0,0.0
2013-12-09 00:00:00-05:00,70.44999694824219,70.44999694824219,70.44999694824219,70.44999694824219,0,0.0,0.0
2013-12-10 00:00:00-05:00,70.44999694824219,70.44999694824219,70.44999694824219,70.44999694824219,0,0.0,0.0
2013-12-11 00:00:00-05:00,80.55000305175781,80.55000305175781,80.55000305175781,80.55000305175781,0,0.0,0.0
2013-12-12 00:00:00-05:00,83.37999725341797,83.37999725341797,83.37999725341797,83.37999725341797,0,0.0,0.0
2013-12-13 00:00:00-05:00,85.38999938964844,85.38999938964844,85.38999938964844,85.38999938964844,0,0.0,0.0
2013-12-16 00:00:00-05:00,83.19999694824219,83.19999694824219,83.19999694824219,83.19999694824219,0,0.0,0.0
2013-12-17 00:00:00-05:00,82.2300033569336,82.2300033569336,82.2300033569336,82.2300033569336,0,0.0,0.0
2013-12-18 00:00:00-05:00,67.16999816894531,67.16999816894531,67.16999816894531,67.16999816894531,0,0.0,0.0
2013-12-19 00:00:00-05:00,67.02999877929688,67.02999877929688,67.02999877929688,67.02999877929688,0,0.0,0.0
2013-12-20 00:00:00-05:00,68.0,68.0,68.0,68.0,0,0.0,0.0
2013-12-23 00:00:00-05:00,63.4900016784668,63.4900016784668,63.4900016784668,63.4900016784668,0,0.0,0.0
2013-12-24 00:00:00-05:00,63.4900016784668,63.4900016784668,63.4900016784668,63.4900016784668,0,0.0,0.0
2013-12-26 00:00:00-05:00,62.709999084472656,62.709999084472656,62.709999084472656,62.709999084472656,0,0.0,0.0
2013-12-27 00:00:00-05:00,66.66999816894531,66.66999816894531,66.66999816894531,66.66999816894531,0,0.0,0.0
2013-12-30 00:00:00-05:00,69.70999908447266,69.70999908447266,69.70999908447266,69.70999908447266,0,0.0,0.0
2013-12-31 00:00:00-05:00,70.83000183105469,70.83000183105469,70.83000183105469,70.83000183105469,0,0.0,0.0
2014-01-02 00:00:00-05:00,73.13999938964844,73.13999938964844,73.13999938964844,73.13999938964844,0,0.0,0.0
2014-01-03 00:00:00-05:00,70.02999877929688,70.02999877929688,70.02999877929688,70.02999877929688,0,0.0,0.0
2014-01-06 00:00:00-05:00,68.33000183105469,68.33000183105469,68.33000183105469,68.33000183105469,0,0.0,0.0
2014-01-07 00:00:00-05:00,68.33000183105469,68.33000183105469,68.33000183105469,68.33000183105469,0,0.0,0.0
2014-01-08 00:00:00-05:00,68.33000183105469,68.33000183105469,68.33000183105469,68.33000183105469,0,0.0,0.0
2014-01-09 00:00:00-05:00,68.33000183105469,68.33000183105469,68.33000183105469,68.33000183105469,0,0.0,0.0
2014-01-10 00:00:00-05:00,67.73999786376953,67.73999786376953,67.73999786376953,67.73999786376953,0,0.0,0.0
2014-01-13 00:00:00-05:00,75.70999908447266,75.70999908447266,75.70999908447266,75.70999908447266,0,0.0,0.0
2014-01-14 00:00:00-05:00,69.30999755859375,69.30999755859375,69.30999755859375,69.30999755859375,0,0.0,0.0
2014-01-15 00:00:00-05:00,69.55999755859375,69.55999755859375,69.55999755859375,69.55999755859375,0,0.0,0.0
2014-01-16 00:00:00-05:00,73.9800033569336,73.9800033569336,73.9800033569336,73.9800033569336,0,0.0,0.0
2014-01-17 00:00:00-05:00,75.72000122070312,75.72000122070312,75.72000122070312,75.72000122070312,0,0.0,0.0
2014-01-21 00:00:00-05:00,77.77999877929688,77.77999877929688,77.77999877929688,77.77999877929688,0,0.0,0.0
2014-01-22 00:00:00-05:00,74.45999908447266,74.45999908447266,74.45999908447266,74.45999908447266,0,0.0,0.0
2014-01-23 00:00:00-05:00,78.25,78.25,78.25,78.25,0,0.0,0.0
2014-01-24 00:00:00-05:00,97.70999908447266,97.70999908447266,97.70999908447266,97.70999908447266,0,0.0,0.0
2014-01-27 00:00:00-05:00,93.5,93.5,93.5,93.5,0,0.0,0.0
2014-01-28 00:00:00-05:00,83.95999908447266,83.95999908447266,83.95999908447266,83.95999908447266,0,0.0,0.0
2014-01-29 00:00:00-05:00,92.47000122070312,92.47000122070312,92.47000122070312,92.47000122070312,0,0.0,0.0
2014-01-30 00:00:00-05:00,92.3499984741211,92.3499984741211,92.3499984741211,92.3499984741211,0,0.0,0.0
2014-01-31 00:00:00-05:00,99.66000366210938,99.66000366210938,99.66000366210938,99.66000366210938,0,0.0,0.0
2014-02-03 00:00:00-05:00,106.77999877929688,106.77999877929688,106.77999877929688,106.77999877929688,0,0.0,0.0
2014-02-04 00:00:00-05:00,100.4000015258789,100.4000015258789,100.4000015258789,100.4000015258789,0,0.0,0.0
2014-02-05 00:00:00-05:00,102.87000274658203,102.87000274658203,102.87000274658203,102.87000274658203,0,0.0,0.0
2014-02-06 00:00:00-05:00,92.58000183105469,92.58000183105469,92.58000183105469,92.58000183105469,0,0.0,0.0
2014-02-07 00:00:00-05:00,83.16999816894531,83.16999816894531,83.16999816894531,83.16999816894531,0,0.0,0.0
2014-02-10 00:00:00-05:00,79.88999938964844,79.88999938964844,79.88999938964844,79.88999938964844,0,0.0,0.0
2014-02-11 00:00:00-05:00,78.63999938964844,78.63999938964844,78.63999938964844,78.63999938964844,0,0.0,0.0
2014-02-12 00:00:00-05:00,79.55999755859375,79.55999755859375,79.55999755859375,79.55999755859375,0,0.0,0.0
2014-02-13 00:00:00-05:00,78.41000366210938,78.41000366210938,78.41000366210938,78.41000366210938,0,0.0,0.0
2014-02-14 00:00:00-05:00,77.48999786376953,77.48999786376953,77.48999786376953,77.48999786376953,0,0.0,0.0
2014-02-18 00:00:00-05:00,75.81999969482422,75.81999969482422,75.81999969482422,75.81999969482422,0,0.0,0.0
2014-02-19 00:00:00-05:00,86.2300033569336,86.2300033569336,86.2300033569336,86.2300033569336,0,0.0,0.0
2014-02-20 00:00:00-05:00,79.83000183105469,79.83000183105469,79.83000183105469,79.83000183105469,0,0.0,0.0
2014-02-21 00:00:00-05:00,78.95999908447266,78.95999908447266,78.95999908447266,78.95999908447266,0,0.0,0.0
2014-02-24 00:00:00-05:00,77.83999633789062,77.83999633789062,77.83999633789062,77.83999633789062,0,0.0,0.0
2014-02-25 00:00:00-05:00,76.45999908447266,76.45999908447266,76.45999908447266,76.45999908447266,0,0.0,0.0
2014-02-26 00:00:00-05:00,79.41999816894531,79.41999816894531,79.41999816894531,79.41999816894531,0,0.0,0.0
2014-02-27 00:00:00-05:00,78.94000244140625,78.94000244140625,78.94000244140625,78.94000244140625,0,0.0,0.0
2014-02-28 00:00:00-05:00,81.44999694824219,81.44999694824219,81.44999694824219,81.44999694824219,0,0.0,0.0
2014-03-03 00:00:00-05:00,92.83999633789062,92.83999633789062,92.83999633789062,92.83999633789062,0,0.0,0.0
2014-03-04 00:00:00-05:00,82.13999938964844,82.13999938964844,82.13999938964844,82.13999938964844,0,0.0,0.0
2014-03-05 00:00:00-05:00,80.5199966430664,80.5199966430664,80.5199966430664,80.5199966430664,0,0.0,0.0
2014-03-06 00:00:00-05:00,79.55000305175781,79.55000305175781,79.55000305175781,79.55000305175781,0,0.0,0.0
2014-03-07 00:00:00-05:00,83.06999969482422,83.06999969482422,83.06999969482422,83.06999969482422,0,0.0,0.0
2014-03-10 00:00:00-04:00,82.3499984741211,82.3499984741211,82.3499984741211,82.3499984741211,0,0.0,0.0
2014-03-11 00:00:00-04:00,85.12000274658203,85.12000274658203,85.12000274658203,85.12000274658203,0,0.0,0.0
2014-03-12 00:00:00-04:00,83.44999694824219,83.44999694824219,83.44999694824219,83.44999694824219,0,0.0,0.0
2014-03-13 00:00:00-04:00,92.13999938964844,92.13999938964844,92.13999938964844,92.13999938964844,0,0.0,0.0
2014-03-14 00:00:00-04:00,97.11000061035156,97.11000061035156,97.11000061035156,97.11000061035156,0,0.0,0.0
2014-03-17 00:00:00-04:00,87.79000091552734,87.79000091552734,87.79000091552734,87.79000091552734,0,0.0,0.0
2014-03-18 00:00:00-04:00,81.88999938964844,81.88999938964844,81.88999938964844,81.88999938964844,0,0.0,0.0
2014-03-19 00:00:00-04:00,81.3499984741211,81.3499984741211,81.3499984741211,81.3499984741211,0,0.0,0.0
2014-03-20 00:00:00-04:00,77.02999877929688,77.02999877929688,77.02999877929688,77.02999877929688,0,0.0,0.0
2014-03-21 00:00:00-04:00,78.63999938964844,78.63999938964844,78.63999938964844,78.63999938964844,0,0.0,0.0
2014-03-24 00:00:00-04:00,77.29000091552734,77.29000091552734,77.29000091552734,77.29000091552734,0,0.0,0.0
2014-03-25 00:00:00-04:00,74.7699966430664,74.7699966430664,74.7699966430664,74.7699966430664,0,0.0,0.0
2014-03-26 00:00:00-04:00,76.2699966430664,76.2699966430664,76.2699966430664,76.2699966430664,0,0.0,0.0
2014-03-27 00:00:00-04:00,74.70999908447266,74.70999908447266,74.70999908447266,74.70999908447266,0,0.0,0.0
2014-03-28 00:00:00-04:00,74.86000061035156,74.86000061035156,74.86000061035156,74.86000061035156,0,0.0,0.0
2014-03-31 00:00:00-04:00,72.19999694824219,72.19999694824219,72.19999694824219,72.19999694824219,0,0.0,0.0
2014-04-01 00:00:00-04:00,67.51000213623047,67.51000213623047,67.51000213623047,67.51000213623047,0,0.0,0.0
2014-04-02 00:00:00-04:00,67.33000183105469,67.33000183105469,67.33000183105469,67.33000183105469,0,0.0,0.0
2014-04-03 00:00:00-04:00,67.7300033569336,67.7300033569336,67.7300033569336,67.7300033569336,0,0.0,0.0
2014-04-04 00:00:00-04:00,69.52999877929688,69.52999877929688,69.52999877929688,69.52999877929688,0,0.0,0.0
2014-04-07 00:00:00-04:00,74.51000213623047,74.51000213623047,74.51000213623047,74.51000213623047,0,0.0,0.0
2014-04-08 00:00:00-04:00,71.43000030517578,71.43000030517578,71.43000030517578,71.43000030517578,0,0.0,0.0
2014-04-09 00:00:00-04:00,69.19000244140625,69.19000244140625,69.19000244140625,69.19000244140625,0,0.0,0.0
2014-04-10 00:00:00-04:00,78.55999755859375,78.55999755859375,78.55999755859375,78.55999755859375,0,0.0,0.0
2014-04-11 00:00:00-04:00,83.94000244140625,83.94000244140625,83.94000244140625,83.94000244140625,0,0.0,0.0
2014-04-14 00:00:00-04:00,82.19999694824219,82.19999694824219,82.19999694824219,82.19999694824219,0,0.0,0.0
2014-04-15 00:00:00-04:00,80.66999816894531,80.66999816894531,80.66999816894531,80.66999816894531,0,0.0,0.0
2014-04-16 00:00:00-04:00,72.08000183105469,72.08000183105469,72.08000183105469,72.08000183105469,0,0.0,0.0
2014-04-17 00:00:00-04:00,70.08000183105469,70.08000183105469,70.08000183105469,70.08000183105469,0,0.0,0.0
2014-04-21 00:00:00-04:00,68.62000274658203,68.62000274658203,68.62000274658203,68.62000274658203,0,0.0,0.0
2014-04-22 00:00:00-04:00,66.73999786376953,66.73999786376953,66.73999786376953,66.73999786376953,0,0.0,0.0
2014-04-23 00:00:00-04:00,66.22000122070312,66.22000122070312,66.22000122070312,66.22000122070312,0,0.0,0.0
2014-04-24 00:00:00-04:00,68.75,68.75,68.75,68.75,0,0.0,0.0
2014-04-25 00:00:00-04:00,70.48999786376953,70.48999786376953,70.48999786376953,70.48999786376953,0,0.0,0.0
2014-04-28 00:00:00-04:00,67.62999725341797,67.62999725341797,67.62999725341797,67.62999725341797,0,0.0,0.0
2014-04-29 00:00:00-04:00,65.47000122070312,65.47000122070312,65.47000122070312,65.47000122070312,0,0.0,0.0
2014-04-30 00:00:00-04:00,64.48999786376953,64.48999786376953,64.48999786376953,64.48999786376953,0,0.0,0.0
2014-05-01 00:00:00-04:00,64.5,64.5,64.5,64.5,0,0.0,0.0
2014-05-02 00:00:00-04:00,64.54000091552734,64.54000091552734,64.54000091552734,64.54000091552734,0,0.0,0.0
2014-05-05 00:00:00-04:00,64.4000015258789,64.4000015258789,64.4000015258789,64.4000015258789,0,0.0,0.0
2014-05-06 00:00:00-04:00,64.93000030517578,64.93000030517578,64.93000030517578,64.93000030517578,0,0.0,0.0
2014-05-07 00:00:00-04:00,62.63999938964844,62.63999938964844,62.63999938964844,62.63999938964844,0,0.0,0.0
2014-05-08 00:00:00-04:00,62.15999984741211,62.15999984741211,62.15999984741211,62.15999984741211,0,0.0,0.0
2014-05-09 00:00:00-04:00,61.7599983215332,61.7599983215332,61.7599983215332,61.7599983215332,0,0.0,0.0
2014-05-12 00:00:00-04:00,61.7599983215332,61.7599983215332,61.7599983215332,61.7599983215332,0,0.0,0.0
2014-05-13 00:00:00-04:00,61.7599983215332,61.7599983215332,61.7599983215332,61.7599983215332,0,0.0,0.0
2014-05-14 00:00:00-04:00,69.02999877929688,69.02999877929688,69.02999877929688,69.02999877929688,0,0.0,0.0
2014-05-15 00:00:00-04:00,71.5999984741211,71.5999984741211,71.5999984741211,71.5999984741211,0,0.0,0.0
2014-05-16 00:00:00-04:00,68.72000122070312,68.72000122070312,68.72000122070312,68.72000122070312,0,0.0,0.0
2014-05-19 00:00:00-04:00,67.58000183105469,67.58000183105469,67.58000183105469,67.58000183105469,0,0.0,0.0
2014-05-20 00:00:00-04:00,68.7699966430664,68.7699966430664,68.7699966430664,68.7699966430664,0,0.0,0.0
2014-05-21 00:00:00-04:00,66.55999755859375,66.55999755859375,66.55999755859375,66.55999755859375,0,0.0,0.0
2014-05-22 00:00:00-04:00,68.05999755859375,68.05999755859375,68.05999755859375,68.05999755859375,0,0.0,0.0
2014-05-23 00:00:00-04:00,66.86000061035156,66.86000061035156,66.86000061035156,66.86000061035156,0,0.0,0.0
2014-05-27 00:00:00-04:00,64.94999694824219,64.94999694824219,64.94999694824219,64.94999694824219,0,0.0,0.0
2014-05-28 00:00:00-04:00,67.37000274658203,67.37000274658203,67.37000274658203,67.37000274658203,0,0.0,0.0
2014-05-29 00:00:00-04:00,66.93000030517578,66.93000030517578,66.93000030517578,66.93000030517578,0,0.0,0.0
2014-05-30 00:00:00-04:00,67.94999694824219,67.94999694824219,67.94999694824219,67.94999694824219,0,0.0,0.0
2014-06-02 00:00:00-04:00,68.76000213623047,68.76000213623047,68.76000213623047,68.76000213623047,0,0.0,0.0
2014-06-03 00:00:00-04:00,68.19000244140625,68.19000244140625,68.19000244140625,68.19000244140625,0,0.0,0.0
2014-06-04 00:00:00-04:00,67.66999816894531,67.66999816894531,67.66999816894531,67.66999816894531,0,0.0,0.0
2014-06-05 00:00:00-04:00,65.47000122070312,65.47000122070312,65.47000122070312,65.47000122070312,0,0.0,0.0
2014-06-06 00:00:00-04:00,67.08000183105469,67.08000183105469,67.08000183105469,67.08000183105469,0,0.0,0.0
2014-06-09 00:00:00-04:00,70.87999725341797,70.87999725341797,70.87999725341797,70.87999725341797,0,0.0,0.0
2014-06-10 00:00:00-04:00,70.5,70.5,70.5,70.5,0,0.0,0.0
2014-06-11 00:00:00-04:00,74.20999908447266,74.20999908447266,74.20999908447266,74.20999908447266,0,0.0,0.0
2014-06-12 00:00:00-04:00,79.97000122070312,79.97000122070312,79.97000122070312,79.97000122070312,0,0.0,0.0
2014-06-13 00:00:00-04:00,79.80999755859375,79.80999755859375,79.80999755859375,79.80999755859375,0,0.0,0.0
2014-06-16 00:00:00-04:00,81.5,81.5,81.5,81.5,0,0.0,0.0
2014-06-17 00:00:00-04:00,78.41000366210938,78.41000366210938,78.41000366210938,78.41000366210938,0,0.0,0.0
2014-06-18 00:00:00-04:00,71.76000213623047,71.76000213623047,71.76000213623047,71.76000213623047,0,0.0,0.0
2014-06-19 00:00:00-04:00,73.41000366210938,73.41000366210938,73.41000366210938,73.41000366210938,0,0.0,0.0
2014-06-20 00:00:00-04:00,73.33000183105469,73.33000183105469,73.33000183105469,73.33000183105469,0,0.0,0.0
2014-06-23 00:00:00-04:00,72.58000183105469,72.58000183105469,72.58000183105469,72.58000183105469,0,0.0,0.0
2014-06-24 00:00:00-04:00,75.23999786376953,75.23999786376953,75.23999786376953,75.23999786376953,0,0.0,0.0
2014-06-25 00:00:00-04:00,72.30999755859375,72.30999755859375,72.30999755859375,72.30999755859375,0,0.0,0.0
2014-06-26 00:00:00-04:00,72.86000061035156,72.86000061035156,72.86000061035156,72.86000061035156,0,0.0,0.0
2014-06-27 00:00:00-04:00,72.72000122070312,72.72000122070312,72.72000122070312,72.72000122070312,0,0.0,0.0
2014-06-30 00:00:00-04:00,71.55999755859375,71.55999755859375,71.55999755859375,71.55999755859375,0,0.0,0.0
2014-07-01 00:00:00-04:00,69.27999877929688,69.27999877929688,69.27999877929688,69.27999877929688,0,0.0,0.0
2014-07-02 00:00:00-04:00,68.1500015258789,68.1500015258789,68.1500015258789,68.1500015258789,0,0.0,0.0
2014-07-03 00:00:00-04:00,68.3499984741211,68.3499984741211,68.3499984741211,68.3499984741211,0,0.0,0.0
2014-07-07 00:00:00-04:00,71.66000366210938,71.66000366210938,71.66000366210938,71.66000366210938,0,0.0,0.0
2014-07-08 00:00:00-04:00,73.20999908447266,73.20999908447266,73.20999908447266,73.20999908447266,0,0.0,0.0
2014-07-09 00:00:00-04:00,76.27999877929688,76.27999877929688,76.27999877929688,76.27999877929688,0,0.0,0.0
2014-07-10 00:00:00-04:00,82.13999938964844,82.13999938964844,82.13999938964844,82.13999938964844,0,0.0,0.0
2014-07-11 00:00:00-04:00,79.91000366210938,79.91000366210938,79.91000366210938,79.91000366210938,0,0.0,0.0
2014-07-14 00:00:00-04:00,77.29000091552734,77.29000091552734,77.29000091552734,77.29000091552734,0,0.0,0.0
2014-07-15 00:00:00-04:00,78.91999816894531,78.91999816894531,78.91999816894531,78.91999816894531,0,0.0,0.0
2014-07-16 00:00:00-04:00,75.80999755859375,75.80999755859375,75.80999755859375,75.80999755859375,0,0.0,0.0
2014-07-17 00:00:00-04:00,89.95999908447266,89.95999908447266,89.95999908447266,89.95999908447266,0,0.0,0.0
2014-07-18 00:00:00-04:00,80.37000274658203,80.37000274658203,80.37000274658203,80.37000274658203,0,0.0,0.0
2014-07-21 00:00:00-04:00,81.41000366210938,81.41000366210938,81.41000366210938,81.41000366210938,0,0.0,0.0
2014-07-22 00:00:00-04:00,75.22000122070312,75.22000122070312,75.22000122070312,75.22000122070312,0,0.0,0.0
2014-07-23 00:00:00-04:00,76.63999938964844,76.63999938964844,76.63999938964844,76.63999938964844,0,0.0,0.0
2014-07-24 00:00:00-04:00,77.66000366210938,77.66000366210938,77.66000366210938,77.66000366210938,0,0.0,0.0
2014-07-25 00:00:00-04:00,81.08000183105469,81.08000183105469,81.08000183105469,81.08000183105469,0,0.0,0.0
2014-07-28 00:00:00-04:00,81.20999908447266,81.20999908447266,81.20999908447266,81.20999908447266,0,0.0,0.0
2014-07-29 00:00:00-04:00,81.72000122070312,81.72000122070312,81.72000122070312,81.72000122070312,0,0.0,0.0
2014-07-30 00:00:00-04:00,83.58000183105469,83.58000183105469,83.58000183105469,83.58000183105469,0,0.0,0.0
2014-07-31 00:00:00-04:00,97.41999816894531,97.41999816894531,97.41999816894531,97.41999816894531,0,0.0,0.0
2014-08-01 00:00:00-04:00,101.11000061035156,101.11000061035156,101.11000061035156,101.11000061035156,0,0.0,0.0
2014-08-04 00:00:00-04:00,93.12000274658203,93.12000274658203,93.12000274658203,93.12000274658203,0,0.0,0.0
2014-08-05 00:00:00-04:00,98.31999969482422,98.31999969482422,98.31999969482422,98.31999969482422,0,0.0,0.0
2014-08-06 00:00:00-04:00,96.37999725341797,96.37999725341797,96.37999725341797,96.37999725341797,0,0.0,0.0
2014-08-07 00:00:00-04:00,97.4000015258789,97.4000015258789,97.4000015258789,97.4000015258789,0,0.0,0.0
2014-08-08 00:00:00-04:00,91.83999633789062,91.83999633789062,91.83999633789062,91.83999633789062,0,0.0,0.0
2014-08-11 00:00:00-04:00,87.54000091552734,87.54000091552734,87.54000091552734,87.54000091552734,0,0.0,0.0
2014-08-12 00:00:00-04:00,85.9800033569336,85.9800033569336,85.9800033569336,85.9800033569336,0,0.0,0.0
2014-08-13 00:00:00-04:00,81.2699966430664,81.2699966430664,81.2699966430664,81.2699966430664,0,0.0,0.0
2014-08-14 00:00:00-04:00,78.4800033569336,78.4800033569336,78.4800033569336,78.4800033569336,0,0.0,0.0
2014-08-15 00:00:00-04:00,82.19999694824219,82.19999694824219,82.19999694824219,82.19999694824219,0,0.0,0.0
2014-08-18 00:00:00-04:00,81.0199966430664,81.0199966430664,81.0199966430664,81.0199966430664,0,0.0,0.0
2014-08-19 00:00:00-04:00,80.83999633789062,80.83999633789062,80.83999633789062,80.83999633789062,0,0.0,0.0
2014-08-20 00:00:00-04:00,79.9000015258789,79.9000015258789,79.9000015258789,79.9000015258789,0,0.0,0.0
2014-08-21 00:00:00-04:00,79.61000061035156,79.61000061035156,79.61000061035156,79.61000061035156,0,0.0,0.0
2014-08-22 00:00:00-04:00,79.58000183105469,79.58000183105469,79.58000183105469,79.58000183105469,0,0.0,0.0
2014-08-25 00:00:00-04:00,79.33000183105469,79.33000183105469,79.33000183105469,79.33000183105469,0,0.0,0.0
2014-08-26 00:00:00-04:00,79.38999938964844,79.38999938964844,79.38999938964844,79.38999938964844,0,0.0,0.0
2014-08-27 00:00:00-04:00,78.8499984741211,78.8499984741211,78.8499984741211,78.8499984741211,0,0.0,0.0
2014-08-28 00:00:00-04:00,80.52999877929688,80.52999877929688,80.52999877929688,80.52999877929688,0,0.0,0.0
2014-08-29 00:00:00-04:00,81.11000061035156,81.11000061035156,81.11000061035156,81.11000061035156,0,0.0,0.0
2014-09-02 00:00:00-04:00,82.41000366210938,82.41000366210938,82.41000366210938,82.41000366210938,0,0.0,0.0
2014-09-03 00:00:00-04:00,80.7699966430664,80.7699966430664,80.7699966430664,80.7699966430664,0,0.0,0.0
2014-09-04 00:00:00-04:00,79.98999786376953,79.98999786376953,79.98999786376953,79.98999786376953,0,0.0,0.0
2014-09-05 00:00:00-04:00,77.33000183105469,77.33000183105469,77.33000183105469,77.33000183105469,0,0.0,0.0
2014-09-08 00:00:00-04:00,77.83999633789062,77.83999633789062,77.83999633789062,77.83999633789062,0,0.0,0.0
2014-09-09 00:00:00-04:00,79.30000305175781,79.30000305175781,79.30000305175781,79.30000305175781,0,0.0,0.0
2014-09-10 00:00:00-04:00,82.12000274658203,82.12000274658203,82.12000274658203,82.12000274658203,0,0.0,0.0
2014-09-11 00:00:00-04:00,83.0999984741211,83.0999984741211,83.0999984741211,83.0999984741211,0,0.0,0.0
2014-09-12 00:00:00-04:00,89.25,89.25,89.25,89.25,0,0.0,0.0
2014-09-15 00:00:00-04:00,91.58000183105469,91.58000183105469,91.58000183105469,91.58000183105469,0,0.0,0.0
2014-09-16 00:00:00-04:00,84.5199966430664,84.5199966430664,84.5199966430664,84.5199966430664,0,0.0,0.0
2014-09-17 00:00:00-04:00,81.5199966430664,81.5199966430664,81.5199966430664,81.5199966430664,0,0.0,0.0
2014-09-18 00:00:00-04:00,77.47000122070312,77.47000122070312,77.47000122070312,77.47000122070312,0,0.0,0.0
2014-09-19 00:00:00-04:00,77.69999694824219,77.69999694824219,77.69999694824219,77.69999694824219,0,0.0,0.0
2014-09-22 00:00:00-04:00,87.41000366210938,87.41000366210938,87.41000366210938,87.41000366210938,0,0.0,0.0
2014-09-23 00:00:00-04:00,91.9000015258789,91.9000015258789,91.9000015258789,91.9000015258789,0,0.0,0.0
2014-09-24 00:00:00-04:00,86.20999908447266,86.20999908447266,86.20999908447266,86.20999908447266,0,0.0,0.0
2014-09-25 00:00:00-04:00,96.72000122070312,96.72000122070312,96.72000122070312,96.72000122070312,0,0.0,0.0
2014-09-26 00:00:00-04:00,90.62999725341797,90.62999725341797,90.62999725341797,90.62999725341797,0,0.0,0.0
2014-09-29 00:00:00-04:00,95.0199966430664,95.0199966430664,95.0199966430664,95.0199966430664,0,0.0,0.0
2014-09-30 00:00:00-04:00,92.47000122070312,92.47000122070312,92.47000122070312,92.47000122070312,0,0.0,0.0
2014-10-01 00:00:00-04:00,98.12000274658203,98.12000274658203,98.12000274658203,98.12000274658203,0,0.0,0.0
2014-10-02 00:00:00-04:00,93.75,93.75,93.75,93.75,0,0.0,0.0
2014-10-03 00:00:00-04:00,87.7699966430664,87.7699966430664,87.7699966430664,87.7699966430664,0,0.0,0.0
2014-10-06 00:00:00-04:00,88.7300033569336,88.7300033569336,88.7300033569336,88.7300033569336,0,0.0,0.0
2014-10-07 00:00:00-04:00,99.19999694824219,99.19999694824219,99.19999694824219,99.19999694824219,0,0.0,0.0
2014-10-08 00:00:00-04:00,89.08000183105469,89.08000183105469,89.08000183105469,89.08000183105469,0,0.0,0.0
2014-10-09 00:00:00-04:00,102.12999725341797,102.12999725341797,102.12999725341797,102.12999725341797,0,0.0,0.0
2014-10-10 00:00:00-04:00,113.37999725341797,113.37999725341797,113.37999725341797,113.37999725341797,0,0.0,0.0
2014-10-13 00:00:00-04:00,131.57000732421875,131.57000732421875,131.57000732421875,131.57000732421875,0,0.0,0.0
2014-10-14 00:00:00-04:00,120.61000061035156,120.61000061035156,120.61000061035156,120.61000061035156,0,0.0,0.0
2014-10-15 00:00:00-04:00,129.00999450683594,129.00999450683594,129.00999450683594,129.00999450683594,0,0.0,0.0
2014-10-16 00:00:00-04:00,121.94000244140625,121.94000244140625,121.94000244140625,121.94000244140625,0,0.0,0.0
2014-10-17 00:00:00-04:00,118.83999633789062,118.83999633789062,118.83999633789062,118.83999633789062,0,0.0,0.0
2014-10-20 00:00:00-04:00,108.83000183105469,108.83000183105469,108.83000183105469,108.83000183105469,0,0.0,0.0
2014-10-21 00:00:00-04:00,104.08999633789062,104.08999633789062,104.08999633789062,104.08999633789062,0,0.0,0.0
2014-10-22 00:00:00-04:00,108.81999969482422,108.81999969482422,108.81999969482422,108.81999969482422,0,0.0,0.0
2014-10-23 00:00:00-04:00,102.05000305175781,102.05000305175781,102.05000305175781,102.05000305175781,0,0.0,0.0
2014-10-24 00:00:00-04:00,104.37999725341797,104.37999725341797,104.37999725341797,104.37999725341797,0,0.0,0.0
2014-10-27 00:00:00-04:00,100.75,100.75,100.75,100.75,0,0.0,0.0
2014-10-28 00:00:00-04:00,95.88999938964844,95.88999938964844,95.88999938964844,95.88999938964844,0,0.0,0.0
2014-10-29 00:00:00-04:00,99.33999633789062,99.33999633789062,99.33999633789062,99.33999633789062,0,0.0,0.0
2014-10-30 00:00:00-04:00,98.5199966430664,98.5199966430664,98.5199966430664,98.5199966430664,0,0.0,0.0
2014-10-31 00:00:00-04:00,94.0999984741211,94.0999984741211,94.0999984741211,94.0999984741211,0,0.0,0.0
2014-11-03 00:00:00-05:00,93.19000244140625,93.19000244140625,93.19000244140625,93.19000244140625,0,0.0,0.0
2014-11-04 00:00:00-05:00,92.44000244140625,92.44000244140625,92.44000244140625,92.44000244140625,0,0.0,0.0
2014-11-05 00:00:00-05:00,87.08000183105469,87.08000183105469,87.08000183105469,87.08000183105469,0,0.0,0.0
2014-11-06 00:00:00-05:00,83.41999816894531,83.41999816894531,83.41999816894531,83.41999816894531,0,0.0,0.0
2014-11-07 00:00:00-05:00,80.44000244140625,80.44000244140625,80.44000244140625,80.44000244140625,0,0.0,0.0
2014-11-10 00:00:00-05:00,79.69999694824219,79.69999694824219,79.69999694824219,79.69999694824219,0,0.0,0.0
2014-11-11 00:00:00-05:00,79.79000091552734,79.79000091552734,79.79000091552734,79.79000091552734,0,0.0,0.0
2014-11-12 00:00:00-05:00,83.0999984741211,83.0999984741211,83.0999984741211,83.0999984741211,0,0.0,0.0
2014-11-13 00:00:00-05:00,86.29000091552734,86.29000091552734,86.29000091552734,86.29000091552734,0,0.0,0.0
2014-11-14 00:00:00-05:00,85.58000183105469,85.58000183105469,85.58000183105469,85.58000183105469,0,0.0,0.0
2014-11-17 00:00:00-05:00,84.79000091552734,84.79000091552734,84.79000091552734,84.79000091552734,0,0.0,0.0
2014-11-18 00:00:00-05:00,82.5999984741211,82.5999984741211,82.5999984741211,82.5999984741211,0,0.0,0.0
2014-11-19 00:00:00-05:00,81.05999755859375,81.05999755859375,81.05999755859375,81.05999755859375,0,0.0,0.0
2014-11-20 00:00:00-05:00,79.13999938964844,79.13999938964844,79.13999938964844,79.13999938964844,0,0.0,0.0
2014-11-21 00:00:00-05:00,79.33999633789062,79.33999633789062,79.33999633789062,79.33999633789062,0,0.0,0.0
2014-11-24 00:00:00-05:00,79.25,79.25,79.25,79.25,0,0.0,0.0
2014-11-25 00:00:00-05:00,77.93000030517578,77.93000030517578,77.93000030517578,77.93000030517578,0,0.0,0.0
2014-11-26 00:00:00-05:00,77.04000091552734,77.04000091552734,77.04000091552734,77.04000091552734,0,0.0,0.0
2014-11-28 00:00:00-05:00,79.83999633789062,79.83999633789062,79.83999633789062,79.83999633789062,0,0.0,0.0
2014-12-01 00:00:00-05:00,86.83999633789062,86.83999633789062,86.83999633789062,86.83999633789062,0,0.0,0.0
2014-12-02 00:00:00-05:00,83.47000122070312,83.47000122070312,83.47000122070312,83.47000122070312,0,0.0,0.0
2014-12-03 00:00:00-05:00,86.44999694824219,86.44999694824219,86.44999694824219,86.44999694824219,0,0.0,0.0
2014-12-04 00:00:00-05:00,85.16999816894531,85.16999816894531,85.16999816894531,85.16999816894531,0,0.0,0.0
2014-12-05 00:00:00-05:00,85.41000366210938,85.41000366210938,85.41000366210938,85.41000366210938,0,0.0,0.0
2014-12-08 00:00:00-05:00,94.44999694824219,94.44999694824219,94.44999694824219,94.44999694824219,0,0.0,0.0
2014-12-09 00:00:00-05:00,97.12999725341797,97.12999725341797,97.12999725341797,97.12999725341797,0,0.0,0.0
2014-12-10 00:00:00-05:00,117.31999969482422,117.31999969482422,117.31999969482422,117.31999969482422,0,0.0,0.0
2014-12-11 00:00:00-05:00,132.39999389648438,132.39999389648438,132.39999389648438,132.39999389648438,0,0.0,0.0
2014-12-12 00:00:00-05:00,138.60000610351562,138.60000610351562,138.60000610351562,138.60000610351562,0,0.0,0.0
2014-12-15 00:00:00-05:00,128.22000122070312,128.22000122070312,128.22000122070312,128.22000122070312,0,0.0,0.0
2014-12-16 00:00:00-05:00,132.94000244140625,132.94000244140625,132.94000244140625,132.94000244140625,0,0.0,0.0
2014-12-17 00:00:00-05:00,114.37000274658203,114.37000274658203,114.37000274658203,114.37000274658203,0,0.0,0.0
2014-12-18 00:00:00-05:00,107.23999786376953,107.23999786376953,107.23999786376953,107.23999786376953,0,0.0,0.0
2014-12-19 00:00:00-05:00,99.16999816894531,99.16999816894531,99.16999816894531,99.16999816894531,0,0.0,0.0
2014-12-22 00:00:00-05:00,99.69000244140625,99.69000244140625,99.69000244140625,99.69000244140625,0,0.0,0.0
2014-12-23 00:00:00-05:00,94.7300033569336,94.7300033569336,94.7300033569336,94.7300033569336,0,0.0,0.0
2014-12-24 00:00:00-05:00,95.29000091552734,95.29000091552734,95.29000091552734,95.29000091552734,0,0.0,0.0
2014-12-26 00:00:00-05:00,92.27999877929688,92.27999877929688,92.27999877929688,92.27999877929688,0,0.0,0.0
2014-12-29 00:00:00-05:00,94.86000061035156,94.86000061035156,94.86000061035156,94.86000061035156,0,0.0,0.0
2014-12-30 00:00:00-05:00,97.83999633789062,97.83999633789062,97.83999633789062,97.83999633789062,0,0.0,0.0
2014-12-31 00:00:00-05:00,113.08000183105469,113.08000183105469,113.08000183105469,113.08000183105469,0,0.0,0.0
2015-01-02 00:00:00-05:00,109.55999755859375,119.81999969482422,107.04000091552734,112.55000305175781,0,0.0,0.0
2015-01-05 00:00:00-05:00,115.4800033569336,125.12000274658203,115.3499984741211,121.87000274658203,0,0.0,0.0
2015-01-06 00:00:00-05:00,120.69000244140625,125.68000030517578,114.0999984741211,118.44999694824219,0,0.0,0.0
2015-01-07 00:00:00-05:00,113.30999755859375,113.33000183105469,107.45999908447266,107.69000244140625,0,0.0,0.0
2015-01-08 00:00:00-05:00,103.80000305175781,103.80000305175781,98.18000030517578,98.44000244140625,0,0.0,0.0
2015-01-09 00:00:00-05:00,97.91999816894531,103.8499984741211,97.91999816894531,103.7699966430664,0,0.0,0.0
2015-01-12 00:00:00-05:00,105.55000305175781,111.44999694824219,105.55000305175781,109.04000091552734,0,0.0,0.0
2015-01-13 00:00:00-05:00,105.79000091552734,111.91000366210938,102.66999816894531,109.22000122070312,0,0.0,0.0
2015-01-14 00:00:00-05:00,118.22000122070312,119.55000305175781,113.41000366210938,113.5,0,0.0,0.0
2015-01-15 00:00:00-05:00,113.26000213623047,117.55000305175781,111.58000183105469,117.06999969482422,0,0.0,0.0
2015-01-16 00:00:00-05:00,116.01000213623047,117.3499984741211,111.31999969482422,111.31999969482422,0,0.0,0.0
2015-01-20 00:00:00-05:00,111.04000091552734,113.55000305175781,107.55000305175781,108.4000015258789,0,0.0,0.0
2015-01-21 00:00:00-05:00,109.58999633789062,110.20999908447266,98.56999969482422,98.62000274658203,0,0.0,0.0
2015-01-22 00:00:00-05:00,96.88999938964844,99.02999877929688,92.91999816894531,93.25,0,0.0,0.0
2015-01-23 00:00:00-05:00,94.55999755859375,98.55000305175781,93.54000091552734,96.33000183105469,0,0.0,0.0
2015-01-26 00:00:00-05:00,96.69999694824219,97.73999786376953,91.8499984741211,91.94000244140625,0,0.0,0.0
2015-01-27 00:00:00-05:00,97.80999755859375,100.11000061035156,96.0199966430664,96.11000061035156,0,0.0,0.0
2015-01-28 00:00:00-05:00,96.0199966430664,109.11000061035156,95.1500015258789,108.68000030517578,0,0.0,0.0
2015-01-29 00:00:00-05:00,106.55000305175781,109.98999786376953,100.69999694824219,100.69999694824219,0,0.0,0.0
2015-01-30 00:00:00-05:00,104.66000366210938,111.5199966430664,102.69000244140625,108.98999786376953,0,0.0,0.0
2015-02-02 00:00:00-05:00,108.23999786376953,113.56999969482422,106.47000122070312,106.73999786376953,0,0.0,0.0
2015-02-03 00:00:00-05:00,105.22000122070312,105.37999725341797,100.91999816894531,101.02999877929688,0,0.0,0.0
2015-02-04 00:00:00-05:00,102.91999816894531,103.80000305175781,98.6500015258789,103.73999786376953,0,0.0,0.0
2015-02-05 00:00:00-05:00,101.44000244140625,101.44000244140625,97.66999816894531,98.55999755859375,0,0.0,0.0
2015-02-06 00:00:00-05:00,96.91000366210938,104.79000091552734,94.91000366210938,101.69000244140625,0,0.0,0.0
2015-02-09 00:00:00-05:00,107.20999908447266,107.5,104.19000244140625,104.19000244140625,0,0.0,0.0
2015-02-10 00:00:00-05:00,102.31999969482422,103.0999984741211,96.87000274658203,97.33000183105469,0,0.0,0.0
2015-02-11 00:00:00-05:00,102.1500015258789,102.30999755859375,98.7300033569336,98.7300033569336,0,0.0,0.0
2015-02-12 00:00:00-05:00,97.69999694824219,98.20999908447266,92.30999755859375,93.23999786376953,0,0.0,0.0
2015-02-13 00:00:00-05:00,93.22000122070312,95.08999633789062,91.9000015258789,92.73999786376953,0,0.0,0.0
2015-02-17 00:00:00-05:00,95.20999908447266,95.36000061035156,92.26000213623047,92.94999694824219,0,0.0,0.0
2015-02-18 00:00:00-05:00,94.20999908447266,95.05999755859375,88.68000030517578,89.37999725341797,0,0.0,0.0
2015-02-19 00:00:00-05:00,90.19999694824219,90.43000030517578,86.63999938964844,87.5999984741211,0,0.0,0.0
2015-02-20 00:00:00-05:00,88.86000061035156,89.6500015258789,85.36000061035156,85.77999877929688,0,0.0,0.0
2015-02-23 00:00:00-05:00,87.87000274658203,88.5,85.25,86.12999725341797,0,0.0,0.0
2015-02-24 00:00:00-05:00,85.43000030517578,85.62000274658203,80.87999725341797,82.6500015258789,0,0.0,0.0
2015-02-25 00:00:00-05:00,83.2699966430664,88.22000122070312,81.7300033569336,86.56999969482422,0,0.0,0.0
2015-02-26 00:00:00-05:00,85.97000122070312,89.62000274658203,84.66000366210938,86.93000030517578,0,0.0,0.0
2015-02-27 00:00:00-05:00,87.37000274658203,87.66999816894531,84.47000122070312,85.2300033569336,0,0.0,0.0
2015-03-02 00:00:00-05:00,87.47000122070312,87.5199966430664,81.83000183105469,81.83999633789062,0,0.0,0.0
2015-03-03 00:00:00-05:00,82.62999725341797,86.62000274658203,82.06999969482422,85.05000305175781,0,0.0,0.0
2015-03-04 00:00:00-05:00,86.5199966430664,89.5,84.02999877929688,84.0999984741211,0,0.0,0.0
2015-03-05 00:00:00-05:00,84.30000305175781,84.41000366210938,81.05999755859375,81.26000213623047,0,0.0,0.0
2015-03-06 00:00:00-05:00,82.7300033569336,88.31999969482422,81.20999908447266,86.87999725341797,0,0.0,0.0
2015-03-09 00:00:00-04:00,88.75,88.91999816894531,85.08000183105469,85.55000305175781,0,0.0,0.0
2015-03-10 00:00:00-04:00,89.45999908447266,92.4000015258789,88.7300033569336,91.88999938964844,0,0.0,0.0
2015-03-11 00:00:00-04:00,93.9800033569336,97.61000061035156,93.88999938964844,97.27999877929688,0,0.0,0.0
2015-03-12 00:00:00-04:00,94.62999725341797,95.0,88.77999877929688,89.4800033569336,0,0.0,0.0
2015-03-13 00:00:00-04:00,89.45999908447266,96.0199966430664,88.5,93.12000274658203,0,0.0,0.0
2015-03-16 00:00:00-04:00,92.23999786376953,93.04000091552734,89.63999938964844,90.54000091552734,0,0.0,0.0
2015-03-17 00:00:00-04:00,91.0999984741211,91.25,86.81999969482422,88.25,0,0.0,0.0
2015-03-18 00:00:00-04:00,88.63999938964844,89.6500015258789,80.2300033569336,81.22000122070312,0,0.0,0.0
2015-03-19 00:00:00-04:00,82.55000305175781,83.43000030517578,80.33000183105469,81.61000061035156,0,0.0,0.0
2015-03-20 00:00:00-04:00,79.48999786376953,80.86000061035156,77.70999908447266,80.48999786376953,0,0.0,0.0
2015-03-23 00:00:00-04:00,81.05000305175781,81.41000366210938,78.37000274658203,79.9800033569336,0,0.0,0.0
2015-03-24 00:00:00-04:00,78.80999755859375,80.68000030517578,77.02999877929688,80.04000091552734,0,0.0,0.0
2015-03-25 00:00:00-04:00,78.76000213623047,84.43000030517578,78.75,83.5199966430664,0,0.0,0.0
2015-03-26 00:00:00-04:00,87.11000061035156,88.6500015258789,82.86000061035156,87.02999877929688,0,0.0,0.0
2015-03-27 00:00:00-04:00,86.87999725341797,88.05000305175781,86.22000122070312,86.5,0,0.0,0.0
2015-03-30 00:00:00-04:00,85.72000122070312,85.77999877929688,81.80999755859375,82.16000366210938,0,0.0,0.0
2015-03-31 00:00:00-04:00,82.66999816894531,84.37999725341797,81.5,84.01000213623047,0,0.0,0.0
2015-04-01 00:00:00-04:00,84.18000030517578,87.79000091552734,82.76000213623047,82.81999969482422,0,0.0,0.0
2015-04-02 00:00:00-04:00,82.38999938964844,83.08000183105469,80.02999877929688,80.20999908447266,0,0.0,0.0
2015-04-06 00:00:00-04:00,83.87000274658203,83.94999694824219,79.9000015258789,80.30000305175781,0,0.0,0.0
2015-04-07 00:00:00-04:00,80.33000183105469,80.33000183105469,78.98999786376953,79.69999694824219,0,0.0,0.0
2015-04-08 00:00:00-04:00,85.7300033569336,86.48999786376953,83.69999694824219,84.76000213623047,0,0.0,0.0
2015-04-09 00:00:00-04:00,84.19999694824219,86.0,80.5999984741211,80.70999908447266,0,0.0,0.0
2015-04-10 00:00:00-04:00,80.13999938964844,80.66000366210938,78.26000213623047,78.91000366210938,0,0.0,0.0
2015-04-13 00:00:00-04:00,79.18000030517578,85.77999877929688,78.94000244140625,83.80000305175781,0,0.0,0.0
2015-04-14 00:00:00-04:00,83.47000122070312,85.1500015258789,81.23999786376953,81.91000366210938,0,0.0,0.0
2015-04-15 00:00:00-04:00,81.68000030517578,82.0999984741211,79.4800033569336,79.83000183105469,0,0.0,0.0
2015-04-16 00:00:00-04:00,80.2300033569336,81.19000244140625,78.70999908447266,79.77999877929688,0,0.0,0.0
2015-04-17 00:00:00-04:00,82.8499984741211,89.0,82.2699966430664,85.97000122070312,0,0.0,0.0
2015-04-20 00:00:00-04:00,84.44000244140625,84.44000244140625,79.66999816894531,81.4800033569336,0,0.0,0.0
2015-04-21 00:00:00-04:00,80.66999816894531,82.83000183105469,79.80999755859375,81.29000091552734,0,0.0,0.0
2015-04-22 00:00:00-04:00,81.25,83.04000091552734,79.55999755859375,79.69999694824219,0,0.0,0.0
2015-04-23 00:00:00-04:00,80.55999755859375,80.5999984741211,77.61000061035156,78.16999816894531,0,0.0,0.0
2015-04-24 00:00:00-04:00,78.0,78.93000030517578,76.19999694824219,76.43000030517578,0,0.0,0.0
2015-04-27 00:00:00-04:00,76.51000213623047,82.26000213623047,76.4800033569336,81.22000122070312,0,0.0,0.0
2015-04-28 00:00:00-04:00,82.06999969482422,85.41999816894531,77.62999725341797,77.68000030517578,0,0.0,0.0
2015-04-29 00:00:00-04:00,80.30000305175781,84.80999755859375,79.44000244140625,82.2699966430664,0,0.0,0.0
2015-04-30 00:00:00-04:00,83.08000183105469,88.55000305175781,82.19999694824219,87.08000183105469,0,0.0,0.0
2015-05-01 00:00:00-04:00,84.54000091552734,85.04000091552734,79.56999969482422,79.63999938964844,0,0.0,0.0
2015-05-04 00:00:00-04:00,80.79000091552734,81.18000030517578,78.55999755859375,78.55999755859375,0,0.0,0.0
2015-05-05 00:00:00-04:00,80.36000061035156,84.75,80.06999969482422,84.44999694824219,0,0.0,0.0
2015-05-06 00:00:00-04:00,82.19999694824219,95.72000122070312,82.19999694824219,90.80000305175781,0,0.0,0.0
2015-05-07 00:00:00-04:00,90.44999694824219,93.69999694824219,89.18000030517578,89.20999908447266,0,0.0,0.0
2015-05-08 00:00:00-04:00,83.91999816894531,84.36000061035156,78.62000274658203,79.44000244140625,0,0.0,0.0
2015-05-11 00:00:00-04:00,80.94000244140625,83.11000061035156,78.23999786376953,83.11000061035156,0,0.0,0.0
2015-05-12 00:00:00-04:00,84.37000274658203,85.80999755859375,82.47000122070312,84.63999938964844,0,0.0,0.0
2015-05-13 00:00:00-04:00,86.5199966430664,87.55999755859375,84.08999633789062,84.44999694824219,0,0.0,0.0
2015-05-14 00:00:00-04:00,83.38999938964844,83.86000061035156,80.16999816894531,82.33999633789062,0,0.0,0.0
2015-05-15 00:00:00-04:00,81.37000274658203,83.27999877929688,80.83000183105469,80.93000030517578,0,0.0,0.0
2015-05-18 00:00:00-04:00,82.29000091552734,82.36000061035156,80.58999633789062,82.05999755859375,0,0.0,0.0
2015-05-19 00:00:00-04:00,81.44999694824219,82.91000366210938,77.11000061035156,77.52999877929688,0,0.0,0.0
2015-05-20 00:00:00-04:00,77.83000183105469,79.83000183105469,75.3499984741211,77.02999877929688,0,0.0,0.0
2015-05-21 00:00:00-04:00,77.72000122070312,77.94000244140625,72.62000274658203,73.18000030517578,0,0.0,0.0
2015-05-22 00:00:00-04:00,73.06999969482422,76.41000366210938,72.19999694824219,75.9800033569336,0,0.0,0.0
2015-05-26 00:00:00-04:00,78.31999969482422,84.13999938964844,77.76000213623047,81.94000244140625,0,0.0,0.0
2015-05-27 00:00:00-04:00,80.86000061035156,81.58000183105469,76.88999938964844,77.79000091552734,0,0.0,0.0
2015-05-28 00:00:00-04:00,78.83000183105469,80.20999908447266,77.3499984741211,77.3499984741211,0,0.0,0.0
2015-05-29 00:00:00-04:00,78.94000244140625,80.62000274658203,77.37999725341797,79.06999969482422,0,0.0,0.0
2015-06-01 00:00:00-04:00,79.01000213623047,80.79000091552734,78.12000274658203,78.88999938964844,0,0.0,0.0
2015-06-02 00:00:00-04:00,80.47000122070312,81.72000122070312,78.45999908447266,80.61000061035156,0,0.0,0.0
2015-06-03 00:00:00-04:00,79.41999816894531,80.51000213623047,78.36000061035156,79.2699966430664,0,0.0,0.0
2015-06-04 00:00:00-04:00,80.66000366210938,89.61000061035156,80.58000183105469,87.98999786376953,0,0.0,0.0
2015-06-05 00:00:00-04:00,87.8499984741211,89.12999725341797,83.55999755859375,84.0999984741211,0,0.0,0.0
2015-06-08 00:00:00-04:00,85.66999816894531,87.33000183105469,85.29000091552734,86.5,0,0.0,0.0
2015-06-09 00:00:00-04:00,86.23999786376953,87.23999786376953,83.55000305175781,84.33999633789062,0,0.0,0.0
2015-06-10 00:00:00-04:00,88.33000183105469,88.41000366210938,81.0999984741211,81.5999984741211,0,0.0,0.0
2015-06-11 00:00:00-04:00,81.04000091552734,81.37000274658203,77.81999969482422,79.52999877929688,0,0.0,0.0
2015-06-12 00:00:00-04:00,80.52999877929688,88.08000183105469,80.02999877929688,85.55000305175781,0,0.0,0.0
2015-06-15 00:00:00-04:00,90.31999969482422,97.69999694824219,90.31999969482422,96.12000274658203,0,0.0,0.0
2015-06-16 00:00:00-04:00,95.6500015258789,97.41999816894531,94.12000274658203,95.95999908447266,0,0.0,0.0
2015-06-17 00:00:00-04:00,94.66999816894531,96.63999938964844,91.12999725341797,93.19000244140625,0,0.0,0.0
2015-06-18 00:00:00-04:00,91.44000244140625,91.80999755859375,88.11000061035156,89.19999694824219,0,0.0,0.0
2015-06-19 00:00:00-04:00,89.83000183105469,92.9800033569336,88.69999694824219,92.16000366210938,0,0.0,0.0
2015-06-22 00:00:00-04:00,89.2699966430664,89.2699966430664,83.22000122070312,83.87000274658203,0,0.0,0.0
2015-06-23 00:00:00-04:00,82.56999969482422,84.58000183105469,78.83999633789062,78.8499984741211,0,0.0,0.0
2015-06-24 00:00:00-04:00,80.37000274658203,83.26000213623047,78.45999908447266,82.52999877929688,0,0.0,0.0
2015-06-25 00:00:00-04:00,80.73999786376953,83.94999694824219,79.05999755859375,83.51000213623047,0,0.0,0.0
2015-06-26 00:00:00-04:00,81.51000213623047,85.5999984741211,81.51000213623047,83.08999633789062,0,0.0,0.0
2015-06-29 00:00:00-04:00,92.38999938964844,117.5999984741211,91.20999908447266,117.0,0,0.0,0.0
2015-06-30 00:00:00-04:00,108.5999984741211,117.83999633789062,107.87000274658203,110.16999816894531,0,0.0,0.0
2015-07-01 00:00:00-04:00,101.0999984741211,105.29000091552734,97.13999938964844,97.5999984741211,0,0.0,0.0
2015-07-02 00:00:00-04:00,97.33000183105469,111.79000091552734,97.16999816894531,105.13999938964844,0,0.0,0.0
2015-07-06 00:00:00-04:00,110.62000274658203,112.41999816894531,104.56999969482422,105.97000122070312,0,0.0,0.0
2015-07-07 00:00:00-04:00,106.8499984741211,114.01000213623047,99.06999969482422,99.3499984741211,0,0.0,0.0
2015-07-08 00:00:00-04:00,104.86000061035156,112.26000213623047,104.0199966430664,111.66999816894531,0,0.0,0.0
2015-07-09 00:00:00-04:00,106.30999755859375,115.36000061035156,104.66999816894531,115.36000061035156,0,0.0,0.0
2015-07-10 00:00:00-04:00,106.8499984741211,109.83000183105469,100.68000030517578,101.19000244140625,0,0.0,0.0
2015-07-13 00:00:00-04:00,96.02999877929688,96.11000061035156,85.88999938964844,85.94999694824219,0,0.0,0.0
2015-07-14 00:00:00-04:00,86.19999694824219,87.44999694824219,83.91000366210938,87.3499984741211,0,0.0,0.0
2015-07-15 00:00:00-04:00,90.12999725341797,93.29000091552734,88.62000274658203,90.80999755859375,0,0.0,0.0
2015-07-16 00:00:00-04:00,87.4800033569336,88.25,84.6500015258789,87.12000274658203,0,0.0,0.0
2015-07-17 00:00:00-04:00,86.4800033569336,87.43000030517578,84.91000366210938,85.31999969482422,0,0.0,0.0
2015-07-20 00:00:00-04:00,85.73999786376953,86.06999969482422,83.58999633789062,84.37999725341797,0,0.0,0.0
2015-07-21 00:00:00-04:00,84.93000030517578,85.70999908447266,82.43000030517578,82.55999755859375,0,0.0,0.0
2015-07-22 00:00:00-04:00,84.61000061035156,84.6500015258789,78.22000122070312,78.88999938964844,0,0.0,0.0
2015-07-23 00:00:00-04:00,79.23999786376953,84.18000030517578,78.5199966430664,81.63999938964844,0,0.0,0.0
2015-07-24 00:00:00-04:00,82.02999877929688,91.86000061035156,82.02999877929688,88.36000061035156,0,0.0,0.0
2015-07-27 00:00:00-04:00,94.44000244140625,100.12000274658203,93.77999877929688,97.31999969482422,0,0.0,0.0
2015-07-28 00:00:00-04:00,92.3499984741211,95.37000274658203,83.5199966430664,84.7699966430664,0,0.0,0.0
2015-07-29 00:00:00-04:00,84.41999816894531,84.68000030517578,82.51000213623047,82.94000244140625,0,0.0,0.0
2015-07-30 00:00:00-04:00,83.93000030517578,87.0199966430664,80.51000213623047,80.6500015258789,0,0.0,0.0
2015-07-31 00:00:00-04:00,81.70999908447266,82.8499984741211,80.12000274658203,81.7699966430664,0,0.0,0.0
2015-08-03 00:00:00-04:00,83.66999816894531,84.56999969482422,78.9800033569336,79.43000030517578,0,0.0,0.0
2015-08-04 00:00:00-04:00,80.05000305175781,81.77999877929688,78.94000244140625,80.81999969482422,0,0.0,0.0
2015-08-05 00:00:00-04:00,79.01000213623047,80.38999938964844,77.16000366210938,80.0999984741211,0,0.0,0.0
2015-08-06 00:00:00-04:00,79.38999938964844,87.27999877929688,79.20999908447266,84.36000061035156,0,0.0,0.0
2015-08-07 00:00:00-04:00,83.9800033569336,86.77999877929688,82.36000061035156,82.56999969482422,0,0.0,0.0
2015-08-10 00:00:00-04:00,81.80999755859375,81.9000015258789,79.51000213623047,80.20999908447266,0,0.0,0.0
2015-08-11 00:00:00-04:00,85.6500015258789,86.87000274658203,83.13999938964844,85.22000122070312,0,0.0,0.0
2015-08-12 00:00:00-04:00,94.05999755859375,100.68000030517578,87.88999938964844,88.12999725341797,0,0.0,0.0
2015-08-13 00:00:00-04:00,87.36000061035156,89.0,85.22000122070312,88.36000061035156,0,0.0,0.0
2015-08-14 00:00:00-04:00,89.33999633789062,90.68000030517578,87.75,89.37999725341797,0,0.0,0.0
2015-08-17 00:00:00-04:00,91.38999938964844,93.04000091552734,87.06999969482422,87.3499984741211,0,0.0,0.0
2015-08-18 00:00:00-04:00,87.5199966430664,89.23999786376953,85.72000122070312,88.83999633789062,0,0.0,0.0
2015-08-19 00:00:00-04:00,89.8499984741211,95.12999725341797,85.87999725341797,91.83999633789062,0,0.0,0.0
2015-08-20 00:00:00-04:00,96.12999725341797,108.83999633789062,94.27999877929688,108.75,0,0.0,0.0
2015-08-21 00:00:00-04:00,113.2699966430664,138.9499969482422,111.68000030517578,138.57000732421875,0,0.0,0.0
2015-08-24 00:00:00-04:00,212.22000122070312,212.22000122070312,148.67999267578125,168.75,0,0.0,0.0
2015-08-25 00:00:00-04:00,146.75999450683594,157.47999572753906,141.69000244140625,152.4199981689453,0,0.0,0.0
2015-08-26 00:00:00-04:00,142.97999572753906,147.8800048828125,131.0800018310547,134.30999755859375,0,0.0,0.0
2015-08-27 00:00:00-04:00,128.69000244140625,134.72999572753906,121.7699966430664,128.58999633789062,0,0.0,0.0
2015-08-28 00:00:00-04:00,130.69000244140625,131.92999267578125,125.62999725341797,127.18000030517578,0,0.0,0.0
2015-08-31 00:00:00-04:00,128.27000427246094,128.27000427246094,122.19999694824219,127.27999877929688,0,0.0,0.0
2015-09-01 00:00:00-04:00,135.1699981689453,135.3000030517578,128.4600067138672,128.94000244140625,0,0.0,0.0
2015-09-02 00:00:00-04:00,125.62000274658203,125.62000274658203,113.95999908447266,114.43000030517578,0,0.0,0.0
2015-09-03 00:00:00-04:00,113.19999694824219,118.62999725341797,112.44000244140625,118.16000366210938,0,0.0,0.0
2015-09-04 00:00:00-04:00,121.1500015258789,125.80999755859375,120.30999755859375,123.1500015258789,0,0.0,0.0
2015-09-08 00:00:00-04:00,120.51000213623047,120.7300033569336,117.54000091552734,117.62000274658203,0,0.0,0.0
2015-09-09 00:00:00-04:00,128.74000549316406,131.6300048828125,127.77999877929688,131.3000030517578,0,0.0,0.0
2015-09-10 00:00:00-04:00,132.27999877929688,132.89999389648438,126.87999725341797,127.05999755859375,0,0.0,0.0
2015-09-11 00:00:00-04:00,126.29000091552734,126.66000366210938,118.98999786376953,119.08999633789062,0,0.0,0.0
2015-09-14 00:00:00-04:00,120.0199966430664,120.19000244140625,117.25,118.01000213623047,0,0.0,0.0
2015-09-15 00:00:00-04:00,116.69000244140625,117.20999908447266,109.33999633789062,109.33999633789062,0,0.0,0.0
2015-09-16 00:00:00-04:00,108.51000213623047,112.7699966430664,106.4800033569336,107.0199966430664,0,0.0,0.0
2015-09-17 00:00:00-04:00,108.44999694824219,118.47000122070312,93.9000015258789,118.08999633789062,0,0.0,0.0
2015-09-18 00:00:00-04:00,120.79000091552734,120.83000183105469,113.33000183105469,116.26000213623047,0,0.0,0.0
2015-09-21 00:00:00-04:00,115.0199966430664,115.18000030517578,103.4000015258789,103.4000015258789,0,0.0,0.0
2015-09-22 00:00:00-04:00,111.91000366210938,116.66999816894531,110.04000091552734,111.36000061035156,0,0.0,0.0
2015-09-23 00:00:00-04:00,110.47000122070312,112.33999633789062,104.62999725341797,105.86000061035156,0,0.0,0.0
2015-09-24 00:00:00-04:00,110.5199966430664,116.29000091552734,108.31999969482422,110.12000274658203,0,0.0,0.0
2015-09-25 00:00:00-04:00,105.87999725341797,113.23999786376953,104.9800033569336,110.54000091552734,0,0.0,0.0
2015-09-28 00:00:00-04:00,113.4000015258789,117.5999984741211,112.38999938964844,115.30999755859375,0,0.0,0.0
2015-09-29 00:00:00-04:00,113.94000244140625,115.75,110.62999725341797,110.98999786376953,0,0.0,0.0
2015-09-30 00:00:00-04:00,107.0999984741211,107.16999816894531,102.37000274658203,103.27999877929688,0,0.0,0.0
2015-10-01 00:00:00-04:00,102.62999725341797,103.30000305175781,98.2699966430664,98.2699966430664,0,0.0,0.0
2015-10-02 00:00:00-04:00,102.13999938964844,102.62000274658203,95.06999969482422,95.06999969482422,0,0.0,0.0
2015-10-05 00:00:00-04:00,94.83999633789062,94.83999633789062,90.86000061035156,92.29000091552734,0,0.0,0.0
2015-10-06 00:00:00-04:00,92.5,93.83000183105469,90.7300033569336,92.45999908447266,0,0.0,0.0
2015-10-07 00:00:00-04:00,91.02999877929688,94.04000091552734,89.33000183105469,89.43000030517578,0,0.0,0.0
2015-10-08 00:00:00-04:00,90.56999969482422,90.81999969482422,85.5999984741211,88.41999816894531,0,0.0,0.0
2015-10-09 00:00:00-04:00,88.13999938964844,91.1500015258789,87.3499984741211,89.08000183105469,0,0.0,0.0
2015-10-12 00:00:00-04:00,91.56999969482422,92.37000274658203,88.2300033569336,88.2699966430664,0,0.0,0.0
2015-10-13 00:00:00-04:00,92.19000244140625,98.47000122070312,90.51000213623047,98.3499984741211,0,0.0,0.0
2015-10-14 00:00:00-04:00,101.48999786376953,103.75,99.55000305175781,102.29000091552734,0,0.0,0.0
2015-10-15 00:00:00-04:00,100.94999694824219,101.81999969482422,96.55999755859375,96.61000061035156,0,0.0,0.0
2015-10-16 00:00:00-04:00,97.19000244140625,100.88999938964844,96.98999786376953,97.58000183105469,0,0.0,0.0
2015-10-19 00:00:00-04:00,99.16999816894531,100.05999755859375,94.0,94.37999725341797,0,0.0,0.0
2015-10-20 00:00:00-04:00,94.69000244140625,97.73999786376953,93.37000274658203,97.11000061035156,0,0.0,0.0
2015-10-21 00:00:00-04:00,94.97000122070312,106.58999633789062,91.69999694824219,106.0199966430664,0,0.0,0.0
2015-10-22 00:00:00-04:00,100.51000213623047,101.43000030517578,96.69000244140625,97.06999969482422,0,0.0,0.0
2015-10-23 00:00:00-04:00,95.69000244140625,101.29000091552734,94.87000274658203,97.20999908447266,0,0.0,0.0
2015-10-26 00:00:00-04:00,99.3499984741211,99.55999755859375,96.02999877929688,98.0999984741211,0,0.0,0.0
2015-10-27 00:00:00-04:00,98.08000183105469,99.66999816894531,94.69999694824219,95.20999908447266,0,0.0,0.0
2015-10-28 00:00:00-04:00,94.62999725341797,96.08000183105469,87.98999786376953,88.27999877929688,0,0.0,0.0
2015-10-29 00:00:00-04:00,89.95999908447266,92.02999877929688,88.26000213623047,88.5999984741211,0,0.0,0.0
2015-10-30 00:00:00-04:00,88.70999908447266,90.27999877929688,86.43000030517578,90.2699966430664,0,0.0,0.0
2015-11-02 00:00:00-05:00,93.31999969482422,93.44999694824219,85.45999908447266,86.75,0,0.0,0.0
2015-11-03 00:00:00-05:00,86.70999908447266,87.75,85.47000122070312,87.33999633789062,0,0.0,0.0
2015-11-04 00:00:00-05:00,86.80000305175781,89.77999877929688,86.27999877929688,89.45999908447266,0,0.0,0.0
2015-11-05 00:00:00-05:00,88.72000122070312,91.20999908447266,87.68000030517578,87.68000030517578,0,0.0,0.0
2015-11-06 00:00:00-05:00,88.08000183105469,90.06999969482422,85.02999877929688,85.02999877929688,0,0.0,0.0
2015-11-09 00:00:00-05:00,88.20999908447266,93.86000061035156,87.36000061035156,92.97000122070312,0,0.0,0.0
2015-11-10 00:00:00-05:00,92.48999786376953,92.91999816894531,86.2699966430664,86.95999908447266,0,0.0,0.0
2015-11-11 00:00:00-05:00,89.0,91.63999938964844,88.4800033569336,91.25,0,0.0,0.0
2015-11-12 00:00:00-05:00,93.54000091552734,98.98999786376953,92.25,98.19000244140625,0,0.0,0.0
2015-11-13 00:00:00-05:00,98.73999786376953,107.62999725341797,98.0,106.05999755859375,0,0.0,0.0
2015-11-16 00:00:00-05:00,106.0,106.54000091552734,96.70999908447266,96.70999908447266,0,0.0,0.0
2015-11-17 00:00:00-05:00,96.83999633789062,103.55999755859375,95.02999877929688,100.37000274658203,0,0.0,0.0
2015-11-18 00:00:00-05:00,99.58999633789062,100.1500015258789,92.37999725341797,93.47000122070312,0,0.0,0.0
2015-11-19 00:00:00-05:00,93.83999633789062,97.2300033569336,93.13999938964844,96.18000030517578,0,0.0,0.0
2015-11-20 00:00:00-05:00,93.7699966430664,93.88999938964844,90.56999969482422,90.79000091552734,0,0.0,0.0
2015-11-23 00:00:00-05:00,92.52999877929688,92.83999633789062,88.2699966430664,88.55000305175781,0,0.0,0.0
2015-11-24 00:00:00-05:00,92.62999725341797,93.2699966430664,88.52999877929688,89.63999938964844,0,0.0,0.0
2015-11-25 00:00:00-05:00,89.23999786376953,89.61000061035156,86.13999938964844,86.13999938964844,0,0.0,0.0
2015-11-27 00:00:00-05:00,88.08000183105469,89.41999816894531,87.6500015258789,88.3499984741211,0,0.0,0.0
2015-11-30 00:00:00-05:00,89.37000274658203,91.8499984741211,89.2699966430664,90.83999633789062,0,0.0,0.0
2015-12-01 00:00:00-05:00,89.7300033569336,90.33000183105469,87.25,87.31999969482422,0,0.0,0.0
2015-12-02 00:00:00-05:00,87.80999755859375,94.77999877929688,86.30000305175781,92.94000244140625,0,0.0,0.0
2015-12-03 00:00:00-05:00,93.04000091552734,106.91000366210938,92.66999816894531,101.80000305175781,0,0.0,0.0
2015-12-04 00:00:00-05:00,99.16999816894531,99.91999816894531,88.69000244140625,89.19000244140625,0,0.0,0.0
2015-12-07 00:00:00-05:00,91.79000091552734,98.3499984741211,91.6500015258789,94.30000305175781,0,0.0,0.0
2015-12-08 00:00:00-05:00,99.72000122070312,100.91000366210938,97.26000213623047,99.16000366210938,0,0.0,0.0
2015-12-09 00:00:00-05:00,107.41000366210938,116.47000122070312,105.33000183105469,113.83000183105469,0,0.0,0.0
2015-12-10 00:00:00-05:00,113.06999969482422,115.16000366210938,110.04000091552734,113.80000305175781,0,0.0,0.0
2015-12-11 00:00:00-05:00,116.8499984741211,131.86000061035156,116.5,131.08999633789062,0,0.0,0.0
2015-12-14 00:00:00-05:00,128.86000061035156,135.3699951171875,120.69000244140625,122.22000122070312,0,0.0,0.0
2015-12-15 00:00:00-05:00,116.97000122070312,117.69999694824219,112.97000122070312,114.37000274658203,0,0.0,0.0
2015-12-16 00:00:00-05:00,110.94999694824219,115.87999725341797,104.5999984741211,108.93000030517578,0,0.0,0.0
2015-12-17 00:00:00-05:00,108.41999816894531,114.88999938964844,107.70999908447266,113.5199966430664,0,0.0,0.0
2015-12-18 00:00:00-05:00,115.12000274658203,120.08999633789062,114.08999633789062,118.31999969482422,0,0.0,0.0
2015-12-21 00:00:00-05:00,113.62999725341797,115.02999877929688,109.22000122070312,109.44000244140625,0,0.0,0.0
2015-12-22 00:00:00-05:00,107.20999908447266,108.81999969482422,100.88999938964844,100.91000366210938,0,0.0,0.0
2015-12-23 00:00:00-05:00,100.20999908447266,102.77999877929688,98.51000213623047,99.61000061035156,0,0.0,0.0
2015-12-24 00:00:00-05:00,100.05999755859375,100.5199966430664,98.30000305175781,99.87999725341797,0,0.0,0.0
2015-12-28 00:00:00-05:00,102.62000274658203,103.87999725341797,99.23999786376953,99.23999786376953,0,0.0,0.0
2015-12-29 00:00:00-05:00,97.58000183105469,97.75,94.8499984741211,95.12999725341797,0,0.0,0.0
2015-12-30 00:00:00-05:00,96.75,100.81999969482422,96.75,100.81999969482422,0,0.0,0.0
2015-12-31 00:00:00-05:00,101.0999984741211,102.44000244140625,98.4800033569336,100.19999694824219,0,0.0,0.0
2016-01-04 00:00:00-05:00,110.08000183105469,115.05999755859375,107.69000244140625,107.69000244140625,0,0.0,0.0
2016-01-05 00:00:00-05:00,106.54000091552734,107.33999633789062,101.04000091552734,101.83999633789062,0,0.0,0.0
2016-01-06 00:00:00-05:00,108.47000122070312,108.68000030517578,102.5199966430664,103.05999755859375,0,0.0,0.0
2016-01-07 00:00:00-05:00,110.97000122070312,116.97000122070312,106.55000305175781,116.55000305175781,0,0.0,0.0
2016-01-08 00:00:00-05:00,110.73999786376953,116.62000274658203,108.20999908447266,116.45999908447266,0,0.0,0.0
2016-01-11 00:00:00-05:00,114.2699966430664,115.86000061035156,108.30000305175781,109.62999725341797,0,0.0,0.0
2016-01-12 00:00:00-05:00,105.73999786376953,109.4800033569336,103.7699966430664,104.5199966430664,0,0.0,0.0
2016-01-13 00:00:00-05:00,106.12000274658203,117.41999816894531,104.62999725341797,117.13999938964844,0,0.0,0.0
2016-01-14 00:00:00-05:00,114.94000244140625,118.0199966430664,109.0,110.06999969482422,0,0.0,0.0
2016-01-15 00:00:00-05:00,119.38999938964844,121.11000061035156,115.1500015258789,116.41000366210938,0,0.0,0.0
2016-01-19 00:00:00-05:00,114.01000213623047,117.30999755859375,113.69999694824219,113.76000213623047,0,0.0,0.0
2016-01-20 00:00:00-05:00,118.51000213623047,121.1500015258789,111.61000061035156,112.87999725341797,0,0.0,0.0
2016-01-21 00:00:00-05:00,113.51000213623047,114.69000244140625,105.58000183105469,108.37999725341797,0,0.0,0.0
2016-01-22 00:00:00-05:00,105.68000030517578,105.68000030517578,98.22000122070312,98.91999816894531,0,0.0,0.0
2016-01-25 00:00:00-05:00,100.16999816894531,103.25,99.70999908447266,102.87999725341797,0,0.0,0.0
2016-01-26 00:00:00-05:00,101.62999725341797,102.95999908447266,98.02999877929688,98.4000015258789,0,0.0,0.0
2016-01-27 00:00:00-05:00,98.5999984741211,101.1500015258789,96.01000213623047,100.04000091552734,0,0.0,0.0
2016-01-28 00:00:00-05:00,97.81999969482422,100.04000091552734,95.4000015258789,96.55999755859375,0,0.0,0.0
2016-01-29 00:00:00-05:00,95.47000122070312,95.47000122070312,89.62999725341797,89.94999694824219,0,0.0,0.0
2016-02-01 00:00:00-05:00,92.58000183105469,92.58000183105469,89.31999969482422,89.6500015258789,0,0.0,0.0
2016-02-02 00:00:00-05:00,92.0999984741211,98.7300033569336,92.0999984741211,97.5999984741211,0,0.0,0.0
2016-02-03 00:00:00-05:00,97.26000213623047,102.58000183105469,97.08999633789062,97.31999969482422,0,0.0,0.0
2016-02-04 00:00:00-05:00,98.0999984741211,99.04000091552734,94.72000122070312,95.22000122070312,0,0.0,0.0
2016-02-05 00:00:00-05:00,95.36000061035156,101.94999694824219,94.31999969482422,100.55000305175781,0,0.0,0.0
2016-02-08 00:00:00-05:00,106.12999725341797,109.79000091552734,104.30000305175781,104.52999877929688,0,0.0,0.0
2016-02-09 00:00:00-05:00,107.58999633789062,108.29000091552734,102.81999969482422,103.05999755859375,0,0.0,0.0
2016-02-10 00:00:00-05:00,106.52999877929688,107.0199966430664,103.75,106.19000244140625,0,0.0,0.0
2016-02-11 00:00:00-05:00,114.19000244140625,114.19000244140625,106.12999725341797,107.20999908447266,0,0.0,0.0
2016-02-12 00:00:00-05:00,105.79000091552734,106.75,102.1500015258789,103.25,0,0.0,0.0
2016-02-16 00:00:00-05:00,101.69000244140625,101.83000183105469,93.20999908447266,94.19999694824219,0,0.0,0.0
2016-02-17 00:00:00-05:00,92.7699966430664,93.41999816894531,88.4800033569336,88.95999908447266,0,0.0,0.0
2016-02-18 00:00:00-05:00,88.1500015258789,88.70999908447266,84.58000183105469,87.52999877929688,0,0.0,0.0
2016-02-19 00:00:00-05:00,88.38999938964844,89.3499984741211,85.48999786376953,86.25,0,0.0,0.0
2016-02-22 00:00:00-05:00,86.1500015258789,86.9000015258789,85.12999725341797,86.19000244140625,0,0.0,0.0
2016-02-23 00:00:00-05:00,87.0199966430664,89.91999816894531,86.31999969482422,89.66999816894531,0,0.0,0.0
2016-02-24 00:00:00-05:00,92.0999984741211,93.16000366210938,86.41000366210938,86.73999786376953,0,0.0,0.0
2016-02-25 00:00:00-05:00,86.12000274658203,87.4800033569336,83.41999816894531,83.51000213623047,0,0.0,0.0
2016-02-26 00:00:00-05:00,83.27999877929688,83.91999816894531,81.76000213623047,83.72000122070312,0,0.0,0.0
2016-02-29 00:00:00-05:00,85.80000305175781,85.86000061035156,81.72000122070312,85.05999755859375,0,0.0,0.0
2016-03-01 00:00:00-05:00,84.05000305175781,84.4000015258789,79.38999938964844,79.44999694824219,0,0.0,0.0
2016-03-02 00:00:00-05:00,81.01000213623047,82.18000030517578,78.51000213623047,78.83999633789062,0,0.0,0.0
2016-03-03 00:00:00-05:00,79.2699966430664,79.68000030517578,77.29000091552734,79.41000366210938,0,0.0,0.0
2016-03-04 00:00:00-05:00,78.94999694824219,82.04000091552734,78.38999938964844,81.97000122070312,0,0.0,0.0
2016-03-07 00:00:00-05:00,84.41000366210938,84.54000091552734,81.69999694824219,82.30000305175781,0,0.0,0.0
2016-03-08 00:00:00-05:00,83.87000274658203,87.86000061035156,83.62999725341797,87.45999908447266,0,0.0,0.0
2016-03-09 00:00:00-05:00,94.2300033569336,95.76000213623047,92.05999755859375,92.86000061035156,0,0.0,0.0
2016-03-10 00:00:00-05:00,92.33000183105469,99.80999755859375,89.73999786376953,94.7699966430664,0,0.0,0.0
2016-03-11 00:00:00-05:00,92.80000305175781,93.7300033569336,90.36000061035156,92.3499984741211,0,0.0,0.0
2016-03-14 00:00:00-04:00,92.80000305175781,93.76000213623047,88.37000274658203,89.73999786376953,0,0.0,0.0
2016-03-15 00:00:00-04:00,91.91000366210938,91.91000366210938,88.29000091552734,90.33999633789062,0,0.0,0.0
2016-03-16 00:00:00-04:00,90.75,91.20999908447266,84.08000183105469,84.37000274658203,0,0.0,0.0
2016-03-17 00:00:00-04:00,85.41000366210938,85.41000366210938,81.62999725341797,84.70999908447266,0,0.0,0.0
2016-03-18 00:00:00-04:00,83.44000244140625,86.19999694824219,81.44999694824219,86.19999694824219,0,0.0,0.0
2016-03-21 00:00:00-04:00,86.79000091552734,90.27999877929688,85.58999633789062,87.77999877929688,0,0.0,0.0
2016-03-22 00:00:00-04:00,87.88999938964844,88.77999877929688,84.43000030517578,85.04000091552734,0,0.0,0.0
2016-03-23 00:00:00-04:00,86.3499984741211,86.87999725341797,83.94999694824219,86.05999755859375,0,0.0,0.0
2016-03-24 00:00:00-04:00,88.37999725341797,89.19000244140625,83.69999694824219,84.19999694824219,0,0.0,0.0
2016-03-28 00:00:00-04:00,86.72000122070312,88.12999725341797,82.16999816894531,83.29000091552734,0,0.0,0.0
2016-03-29 00:00:00-04:00,84.08999633789062,84.37999725341797,80.61000061035156,81.38999938964844,0,0.0,0.0
2016-03-30 00:00:00-04:00,80.45999908447266,82.08000183105469,78.93000030517578,80.33000183105469,0,0.0,0.0
2016-03-31 00:00:00-04:00,81.33000183105469,84.68000030517578,80.45999908447266,82.94000244140625,0,0.0,0.0
2016-04-01 00:00:00-04:00,85.08999633789062,86.16999816894531,81.23999786376953,81.56999969482422,0,0.0,0.0
2016-04-04 00:00:00-04:00,83.83999633789062,85.26000213623047,82.79000091552734,84.43000030517578,0,0.0,0.0
2016-04-05 00:00:00-04:00,87.5,89.58999633789062,86.95999908447266,89.11000061035156,0,0.0,0.0
2016-04-06 00:00:00-04:00,88.58999633789062,89.41000366210938,85.37999725341797,85.58999633789062,0,0.0,0.0
2016-04-07 00:00:00-04:00,87.19999694824219,94.97000122070312,86.4800033569336,92.73999786376953,0,0.0,0.0
2016-04-08 00:00:00-04:00,90.05999755859375,90.54000091552734,87.8499984741211,89.7300033569336,0,0.0,0.0
2016-04-11 00:00:00-04:00,89.94999694824219,93.08000183105469,88.54000091552734,92.80999755859375,0,0.0,0.0
2016-04-12 00:00:00-04:00,91.76000213623047,93.80999755859375,89.56999969482422,89.77999877929688,0,0.0,0.0
2016-04-13 00:00:00-04:00,91.05000305175781,91.5,87.81999969482422,87.88999938964844,0,0.0,0.0
2016-04-14 00:00:00-04:00,87.9000015258789,89.16000366210938,86.29000091552734,87.91999816894531,0,0.0,0.0
2016-04-15 00:00:00-04:00,88.69999694824219,92.25,87.7699966430664,90.2699966430664,0,0.0,0.0
2016-04-18 00:00:00-04:00,92.2300033569336,92.2300033569336,86.29000091552734,86.56999969482422,0,0.0,0.0
2016-04-19 00:00:00-04:00,86.69000244140625,88.68000030517578,84.87999725341797,86.9800033569336,0,0.0,0.0
2016-04-20 00:00:00-04:00,85.1500015258789,88.44999694824219,84.0999984741211,87.97000122070312,0,0.0,0.0
2016-04-21 00:00:00-04:00,88.30999755859375,88.98999786376953,86.20999908447266,87.06999969482422,0,0.0,0.0
2016-04-22 00:00:00-04:00,87.76000213623047,87.76000213623047,83.69000244140625,84.0999984741211,0,0.0,0.0
2016-04-25 00:00:00-04:00,86.5999984741211,87.51000213623047,85.62000274658203,85.7699966430664,0,0.0,0.0
2016-04-26 00:00:00-04:00,85.38999938964844,86.12000274658203,84.0199966430664,84.51000213623047,0,0.0,0.0
2016-04-27 00:00:00-04:00,85.55999755859375,87.47000122070312,83.08000183105469,83.0999984741211,0,0.0,0.0
2016-04-28 00:00:00-04:00,84.91000366210938,88.23999786376953,81.41999816894531,87.36000061035156,0,0.0,0.0
2016-04-29 00:00:00-04:00,87.70999908447266,95.72000122070312,86.93000030517578,91.68000030517578,0,0.0,0.0
2016-05-02 00:00:00-04:00,92.25,92.5,88.19999694824219,89.48999786376953,0,0.0,0.0
2016-05-03 00:00:00-04:00,91.7300033569336,94.2699966430664,91.22000122070312,91.66000366210938,0,0.0,0.0
2016-05-04 00:00:00-04:00,92.5,94.44000244140625,91.79000091552734,91.86000061035156,0,0.0,0.0
2016-05-05 00:00:00-04:00,91.52999877929688,93.69999694824219,90.48999786376953,91.58000183105469,0,0.0,0.0
2016-05-06 00:00:00-04:00,92.31999969482422,92.31999969482422,88.55000305175781,88.86000061035156,0,0.0,0.0
2016-05-09 00:00:00-04:00,90.72000122070312,90.94000244140625,86.08000183105469,86.41999816894531,0,0.0,0.0
2016-05-10 00:00:00-04:00,85.73999786376953,86.47000122070312,84.4800033569336,85.91999816894531,0,0.0,0.0
2016-05-11 00:00:00-04:00,88.55000305175781,91.52999877929688,88.19999694824219,91.52999877929688,0,0.0,0.0
2016-05-12 00:00:00-04:00,90.51000213623047,93.88999938964844,89.75,91.25,0,0.0,0.0
2016-05-13 00:00:00-04:00,90.95999908447266,94.12999725341797,88.94999694824219,94.0,0,0.0,0.0
2016-05-16 00:00:00-04:00,94.01000213623047,94.48999786376953,90.0199966430664,90.61000061035156,0,0.0,0.0
2016-05-17 00:00:00-04:00,91.04000091552734,93.2300033569336,89.68000030517578,91.76000213623047,0,0.0,0.0
2016-05-18 00:00:00-04:00,91.80999755859375,92.05000305175781,85.37999725341797,89.98999786376953,0,0.0,0.0
2016-05-19 00:00:00-04:00,90.7699966430664,94.69999694824219,89.13999938964844,90.45999908447266,0,0.0,0.0
2016-05-20 00:00:00-04:00,89.79000091552734,89.79000091552734,84.5199966430664,85.45999908447266,0,0.0,0.0
2016-05-23 00:00:00-04:00,86.94999694824219,87.0,83.5199966430664,84.12000274658203,0,0.0,0.0
2016-05-24 00:00:00-04:00,83.9800033569336,84.08000183105469,79.23999786376953,79.4800033569336,0,0.0,0.0
2016-05-25 00:00:00-04:00,78.69999694824219,79.56999969482422,77.2300033569336,78.54000091552734,0,0.0,0.0
2016-05-26 00:00:00-04:00,78.58000183105469,78.86000061035156,77.30000305175781,77.4800033569336,0,0.0,0.0
2016-05-27 00:00:00-04:00,77.95999908447266,78.87000274658203,76.16999816894531,76.16999816894531,0,0.0,0.0
2016-05-31 00:00:00-04:00,79.81999969482422,82.41000366210938,79.30000305175781,79.43000030517578,0,0.0,0.0
2016-06-01 00:00:00-04:00,79.9800033569336,81.47000122070312,78.70999908447266,78.93000030517578,0,0.0,0.0
2016-06-02 00:00:00-04:00,80.23999786376953,80.83999633789062,78.81999969482422,79.54000091552734,0,0.0,0.0
2016-06-03 00:00:00-04:00,80.62000274658203,82.20999908447266,78.3499984741211,79.08000183105469,0,0.0,0.0
2016-06-06 00:00:00-04:00,81.26000213623047,82.18000030517578,80.3499984741211,80.70999908447266,0,0.0,0.0
2016-06-07 00:00:00-04:00,80.54000091552734,82.81999969482422,79.41000366210938,82.30000305175781,0,0.0,0.0
2016-06-08 00:00:00-04:00,86.0999984741211,88.80000305175781,85.08999633789062,86.61000061035156,0,0.0,0.0
2016-06-09 00:00:00-04:00,87.37999725341797,91.33000183105469,87.29000091552734,89.9800033569336,0,0.0,0.0
2016-06-10 00:00:00-04:00,93.12000274658203,103.87999725341797,92.04000091552734,103.77999877929688,0,0.0,0.0
2016-06-13 00:00:00-04:00,104.80000305175781,125.33999633789062,104.80000305175781,124.55999755859375,0,0.0,0.0
2016-06-14 00:00:00-04:00,123.95999908447266,125.26000213623047,114.97000122070312,116.44000244140625,0,0.0,0.0
2016-06-15 00:00:00-04:00,114.69000244140625,116.16000366210938,111.2300033569336,114.2300033569336,0,0.0,0.0
2016-06-16 00:00:00-04:00,116.4000015258789,123.23999786376953,114.76000213623047,115.47000122070312,0,0.0,0.0
2016-06-17 00:00:00-04:00,115.62999725341797,116.56999969482422,111.69000244140625,115.72000122070312,0,0.0,0.0
2016-06-20 00:00:00-04:00,109.70999908447266,112.87999725341797,105.61000061035156,112.4000015258789,0,0.0,0.0
2016-06-21 00:00:00-04:00,110.2699966430664,116.22000122070312,109.95999908447266,113.45999908447266,0,0.0,0.0
2016-06-22 00:00:00-04:00,112.83000183105469,130.4499969482422,111.73999786376953,122.94000244140625,0,0.0,0.0
2016-06-23 00:00:00-04:00,114.80000305175781,115.0999984741211,104.70999908447266,104.70999908447266,0,0.0,0.0
2016-06-24 00:00:00-04:00,131.9499969482422,132.4199981689453,114.79000091552734,125.12999725341797,0,0.0,0.0
2016-06-27 00:00:00-04:00,124.73999786376953,124.80000305175781,113.30999755859375,115.5999984741211,0,0.0,0.0
2016-06-28 00:00:00-04:00,108.66000366210938,110.73999786376953,106.22000122070312,108.0,0,0.0,0.0
2016-06-29 00:00:00-04:00,104.95999908447266,104.95999908447266,98.12999725341797,98.5999984741211,0,0.0,0.0
2016-06-30 00:00:00-04:00,99.0199966430664,99.66000366210938,94.05999755859375,94.2300033569336,0,0.0,0.0
2016-07-01 00:00:00-04:00,95.19999694824219,95.33000183105469,89.48999786376953,91.69999694824219,0,0.0,0.0
2016-07-05 00:00:00-04:00,94.51000213623047,96.16000366210938,91.3499984741211,91.8499984741211,0,0.0,0.0
2016-07-06 00:00:00-04:00,94.22000122070312,94.62000274658203,89.2300033569336,89.23999786376953,0,0.0,0.0
2016-07-07 00:00:00-04:00,89.08000183105469,93.30999755859375,86.86000061035156,89.5,0,0.0,0.0
2016-07-08 00:00:00-04:00,86.94999694824219,87.69999694824219,84.08999633789062,84.72000122070312,0,0.0,0.0
2016-07-11 00:00:00-04:00,84.86000061035156,85.37000274658203,83.41999816894531,84.77999877929688,0,0.0,0.0
2016-07-12 00:00:00-04:00,83.08000183105469,87.08000183105469,82.62000274658203,84.9800033569336,0,0.0,0.0
2016-07-13 00:00:00-04:00,86.83000183105469,88.48999786376953,83.62000274658203,84.18000030517578,0,0.0,0.0
2016-07-14 00:00:00-04:00,82.80000305175781,86.93000030517578,81.44999694824219,86.02999877929688,0,0.0,0.0
2016-07-15 00:00:00-04:00,86.05000305175781,91.01000213623047,84.73999786376953,89.04000091552734,0,0.0,0.0
2016-07-18 00:00:00-04:00,89.87999725341797,90.5,86.43000030517578,87.19999694824219,0,0.0,0.0
2016-07-19 00:00:00-04:00,87.0999984741211,91.79000091552734,86.12000274658203,89.02999877929688,0,0.0,0.0
2016-07-20 00:00:00-04:00,87.91000366210938,89.36000061035156,87.05000305175781,87.08999633789062,0,0.0,0.0
2016-07-21 00:00:00-04:00,88.19999694824219,96.0,87.38999938964844,92.83999633789062,0,0.0,0.0
2016-07-22 00:00:00-04:00,91.72000122070312,92.06999969482422,87.66000366210938,89.51000213623047,0,0.0,0.0
2016-07-25 00:00:00-04:00,90.61000061035156,95.30000305175781,90.12999725341797,91.94999694824219,0,0.0,0.0
2016-07-26 00:00:00-04:00,91.63999938964844,93.52999877929688,90.44999694824219,91.44000244140625,0,0.0,0.0
2016-07-27 00:00:00-04:00,90.37000274658203,94.61000061035156,89.41000366210938,91.2300033569336,0,0.0,0.0
2016-07-28 00:00:00-04:00,90.87000274658203,92.19000244140625,89.33000183105469,89.80999755859375,0,0.0,0.0
2016-07-29 00:00:00-04:00,90.2699966430664,91.63999938964844,88.1500015258789,90.83999633789062,0,0.0,0.0
2016-08-01 00:00:00-04:00,92.38999938964844,93.70999908447266,89.58999633789062,90.68000030517578,0,0.0,0.0
2016-08-02 00:00:00-04:00,91.91000366210938,96.75,91.5999984741211,93.88999938964844,0,0.0,0.0
2016-08-03 00:00:00-04:00,93.81999969482422,94.69999694824219,88.44999694824219,88.58999633789062,0,0.0,0.0
2016-08-04 00:00:00-04:00,88.91000366210938,89.23999786376953,87.58000183105469,88.13999938964844,0,0.0,0.0
2016-08-05 00:00:00-04:00,86.4800033569336,86.5999984741211,83.91999816894531,85.2300033569336,0,0.0,0.0
2016-08-08 00:00:00-04:00,87.47000122070312,87.47000122070312,84.23999786376953,84.5,0,0.0,0.0
2016-08-09 00:00:00-04:00,82.9000015258789,88.04000091552734,82.41000366210938,86.6500015258789,0,0.0,0.0
2016-08-10 00:00:00-04:00,87.02999877929688,91.33999633789062,86.08000183105469,89.4000015258789,0,0.0,0.0
2016-08-11 00:00:00-04:00,93.69999694824219,97.36000061035156,91.87999725341797,97.36000061035156,0,0.0,0.0
2016-08-12 00:00:00-04:00,96.44000244140625,97.9800033569336,93.75,94.48999786376953,0,0.0,0.0
2016-08-15 00:00:00-04:00,94.3499984741211,94.63999938964844,90.83000183105469,91.66999816894531,0,0.0,0.0
2016-08-16 00:00:00-04:00,93.30000305175781,95.2699966430664,90.72000122070312,91.86000061035156,0,0.0,0.0
2016-08-17 00:00:00-04:00,90.7300033569336,92.94999694824219,84.27999877929688,84.83999633789062,0,0.0,0.0
2016-08-18 00:00:00-04:00,85.66999816894531,86.77999877929688,81.7300033569336,82.83000183105469,0,0.0,0.0
2016-08-19 00:00:00-04:00,84.02999877929688,84.80000305175781,80.91000366210938,82.44000244140625,0,0.0,0.0
2016-08-22 00:00:00-04:00,85.38999938964844,86.43000030517578,82.23999786376953,83.12999725341797,0,0.0,0.0
2016-08-23 00:00:00-04:00,82.44999694824219,83.58999633789062,80.30000305175781,83.44999694824219,0,0.0,0.0
2016-08-24 00:00:00-04:00,83.37000274658203,86.25,81.83000183105469,85.37000274658203,0,0.0,0.0
2016-08-25 00:00:00-04:00,87.23999786376953,87.23999786376953,83.87000274658203,85.43000030517578,0,0.0,0.0
2016-08-26 00:00:00-04:00,85.7699966430664,92.45999908447266,80.5999984741211,88.62000274658203,0,0.0,0.0
2016-08-29 00:00:00-04:00,90.31999969482422,90.33999633789062,85.62999725341797,85.83000183105469,0,0.0,0.0
2016-08-30 00:00:00-04:00,86.2300033569336,86.63999938964844,84.22000122070312,84.44000244140625,0,0.0,0.0
2016-08-31 00:00:00-04:00,85.19999694824219,89.2699966430664,84.2300033569336,84.87000274658203,0,0.0,0.0
2016-09-01 00:00:00-04:00,84.7300033569336,88.61000061035156,83.95999908447266,84.9000015258789,0,0.0,0.0
2016-09-02 00:00:00-04:00,82.9000015258789,82.9000015258789,80.22000122070312,81.3499984741211,0,0.0,0.0
2016-09-06 00:00:00-04:00,84.33000183105469,84.58999633789062,81.97000122070312,82.13999938964844,0,0.0,0.0
2016-09-07 00:00:00-04:00,82.5199966430664,84.23999786376953,81.5999984741211,83.08000183105469,0,0.0,0.0
2016-09-08 00:00:00-04:00,84.22000122070312,86.83999633789062,83.80999755859375,85.56999969482422,0,0.0,0.0
2016-09-09 00:00:00-04:00,89.66999816894531,110.66999816894531,89.66999816894531,110.0199966430664,0,0.0,0.0
2016-09-12 00:00:00-04:00,110.18000030517578,110.75,98.37000274658203,99.52999877929688,0,0.0,0.0
2016-09-13 00:00:00-04:00,103.83999633789062,116.01000213623047,102.48999786376953,110.0199966430664,0,0.0,0.0
2016-09-14 00:00:00-04:00,112.33999633789062,113.66000366210938,105.95999908447266,113.1500015258789,0,0.0,0.0
2016-09-15 00:00:00-04:00,111.05000305175781,111.4800033569336,105.72000122070312,109.2699966430664,0,0.0,0.0
2016-09-16 00:00:00-04:00,109.4800033569336,111.13999938964844,102.08000183105469,102.58999633789062,0,0.0,0.0
2016-09-19 00:00:00-04:00,100.19000244140625,103.2699966430664,97.44000244140625,101.58000183105469,0,0.0,0.0
2016-09-20 00:00:00-04:00,99.77999877929688,102.51000213623047,99.77999877929688,101.9800033569336,0,0.0,0.0
2016-09-21 00:00:00-04:00,99.31999969482422,101.2300033569336,90.83999633789062,92.58999633789062,0,0.0,0.0
2016-09-22 00:00:00-04:00,88.41000366210938,91.0199966430664,87.54000091552734,89.22000122070312,0,0.0,0.0
2016-09-23 00:00:00-04:00,89.37999725341797,90.7300033569336,87.11000061035156,90.4000015258789,0,0.0,0.0
2016-09-26 00:00:00-04:00,94.83999633789062,97.77999877929688,94.72000122070312,96.23999786376953,0,0.0,0.0
2016-09-27 00:00:00-04:00,96.56999969482422,96.6500015258789,88.16000366210938,88.94000244140625,0,0.0,0.0
2016-09-28 00:00:00-04:00,88.0199966430664,90.26000213623047,87.08999633789062,87.55000305175781,0,0.0,0.0
2016-09-29 00:00:00-04:00,88.27999877929688,100.5,87.0999984741211,93.77999877929688,0,0.0,0.0
2016-09-30 00:00:00-04:00,92.77999877929688,94.27999877929688,90.69999694824219,91.41999816894531,0,0.0,0.0
2016-10-03 00:00:00-04:00,94.80999755859375,95.55999755859375,91.1500015258789,91.51000213623047,0,0.0,0.0
2016-10-04 00:00:00-04:00,91.3499984741211,93.77999877929688,89.87999725341797,89.94000244140625,0,0.0,0.0
2016-10-05 00:00:00-04:00,89.66999816894531,90.7699966430664,88.29000091552734,89.87999725341797,0,0.0,0.0
2016-10-06 00:00:00-04:00,90.9000015258789,91.6500015258789,89.8499984741211,89.86000061035156,0,0.0,0.0
2016-10-07 00:00:00-04:00,89.75,92.45999908447266,89.56999969482422,90.86000061035156,0,0.0,0.0
2016-10-10 00:00:00-04:00,92.4000015258789,92.69999694824219,89.18000030517578,90.66000366210938,0,0.0,0.0
2016-10-11 00:00:00-04:00,91.94000244140625,98.55000305175781,91.8499984741211,95.43000030517578,0,0.0,0.0
2016-10-12 00:00:00-04:00,101.41000366210938,103.52999877929688,99.41000366210938,102.0199966430664,0,0.0,0.0
2016-10-13 00:00:00-04:00,104.9800033569336,108.30999755859375,102.0199966430664,103.4000015258789,0,0.0,0.0
2016-10-14 00:00:00-04:00,100.88999938964844,101.73999786376953,98.13999938964844,101.01000213623047,0,0.0,0.0
2016-10-17 00:00:00-04:00,99.45999908447266,101.11000061035156,98.98999786376953,99.33999633789062,0,0.0,0.0
2016-10-18 00:00:00-04:00,97.19999694824219,97.94999694824219,95.75,96.87000274658203,0,0.0,0.0
2016-10-19 00:00:00-04:00,94.86000061035156,95.61000061035156,93.05000305175781,93.9000015258789,0,0.0,0.0
2016-10-20 00:00:00-04:00,94.12000274658203,94.55000305175781,89.61000061035156,89.72000122070312,0,0.0,0.0
2016-10-21 00:00:00-04:00,90.87000274658203,92.47000122070312,87.11000061035156,87.33999633789062,0,0.0,0.0
2016-10-24 00:00:00-04:00,86.47000122070312,87.69999694824219,85.36000061035156,85.80999755859375,0,0.0,0.0
2016-10-25 00:00:00-04:00,85.38999938964844,87.25,84.79000091552734,86.2300033569336,0,0.0,0.0
2016-10-26 00:00:00-04:00,88.2300033569336,88.27999877929688,85.11000061035156,86.9000015258789,0,0.0,0.0
2016-10-27 00:00:00-04:00,87.06999969482422,91.41000366210938,86.93000030517578,91.20999908447266,0,0.0,0.0
2016-10-28 00:00:00-04:00,90.52999877929688,106.66000366210938,87.8499984741211,99.44000244140625,0,0.0,0.0
2016-10-31 00:00:00-04:00,99.69000244140625,103.63999938964844,98.4000015258789,102.81999969482422,0,0.0,0.0
2016-11-01 00:00:00-04:00,102.41000366210938,113.56999969482422,102.30000305175781,108.26000213623047,0,0.0,0.0
2016-11-02 00:00:00-04:00,107.66000366210938,112.38999938964844,107.62000274658203,112.38999938964844,0,0.0,0.0
2016-11-03 00:00:00-04:00,110.55999755859375,120.38999938964844,110.12999725341797,120.23999786376953,0,0.0,0.0
2016-11-04 00:00:00-04:00,115.87999725341797,120.91999816894531,114.75,120.2300033569336,0,0.0,0.0
2016-11-07 00:00:00-05:00,110.08000183105469,113.31999969482422,106.5999984741211,107.83999633789062,0,0.0,0.0
2016-11-08 00:00:00-05:00,112.0,114.55999755859375,108.12999725341797,108.66999816894531,0,0.0,0.0
2016-11-09 00:00:00-05:00,113.41999816894531,113.41999816894531,95.66999816894531,96.13999938964844,0,0.0,0.0
2016-11-10 00:00:00-05:00,95.63999938964844,107.23999786376953,92.62000274658203,102.66999816894531,0,0.0,0.0
2016-11-11 00:00:00-05:00,105.4000015258789,106.04000091552734,97.22000122070312,97.22000122070312,0,0.0,0.0
2016-11-14 00:00:00-05:00,99.98999786376953,101.29000091552734,95.7300033569336,98.22000122070312,0,0.0,0.0
2016-11-15 00:00:00-05:00,98.20999908447266,100.2699966430664,91.37999725341797,91.7699966430664,0,0.0,0.0
2016-11-16 00:00:00-05:00,93.47000122070312,94.13999938964844,90.13999938964844,92.44999694824219,0,0.0,0.0
2016-11-17 00:00:00-05:00,91.9800033569336,91.9800033569336,86.8499984741211,87.58000183105469,0,0.0,0.0
2016-11-18 00:00:00-05:00,88.1500015258789,88.1500015258789,84.94000244140625,86.4000015258789,0,0.0,0.0
2016-11-21 00:00:00-05:00,86.0,86.0,79.77999877929688,80.75,0,0.0,0.0
2016-11-22 00:00:00-05:00,81.30999755859375,84.83000183105469,80.30000305175781,83.4000015258789,0,0.0,0.0
2016-11-23 00:00:00-05:00,83.08999633789062,85.4800033569336,82.08000183105469,82.44999694824219,0,0.0,0.0
2016-11-25 00:00:00-05:00,83.5199966430664,84.26000213623047,82.44999694824219,82.6500015258789,0,0.0,0.0
2016-11-28 00:00:00-05:00,85.29000091552734,87.63999938964844,84.8499984741211,86.16999816894531,0,0.0,0.0
2016-11-29 00:00:00-05:00,86.86000061035156,87.7300033569336,85.12000274658203,86.27999877929688,0,0.0,0.0
2016-11-30 00:00:00-05:00,85.37999725341797,89.04000091552734,84.98999786376953,88.98999786376953,0,0.0,0.0
2016-12-01 00:00:00-05:00,88.05999755859375,99.38999938964844,87.75,97.79000091552734,0,0.0,0.0
2016-12-02 00:00:00-05:00,99.05999755859375,99.38999938964844,94.94000244140625,98.06999969482422,0,0.0,0.0
2016-12-05 00:00:00-05:00,95.05000305175781,95.66999816894531,88.8499984741211,88.87999725341797,0,0.0,0.0
2016-12-06 00:00:00-05:00,87.93000030517578,88.95999908447266,87.11000061035156,88.12000274658203,0,0.0,0.0
2016-12-07 00:00:00-05:00,88.16999816894531,89.11000061035156,86.69999694824219,89.11000061035156,0,0.0,0.0
2016-12-08 00:00:00-05:00,89.5199966430664,94.62000274658203,88.93000030517578,91.2699966430664,0,0.0,0.0
2016-12-09 00:00:00-05:00,91.25,91.5199966430664,88.86000061035156,89.4000015258789,0,0.0,0.0
2016-12-12 00:00:00-05:00,91.52999877929688,92.16999816894531,90.77999877929688,91.87000274658203,0,0.0,0.0
2016-12-13 00:00:00-05:00,91.55000305175781,93.87000274658203,91.2300033569336,93.31999969482422,0,0.0,0.0
2016-12-14 00:00:00-05:00,95.5999984741211,98.04000091552734,93.5,96.81999969482422,0,0.0,0.0
2016-12-15 00:00:00-05:00,94.79000091552734,95.9800033569336,92.80000305175781,93.08000183105469,0,0.0,0.0
2016-12-16 00:00:00-05:00,92.69000244140625,94.73999786376953,92.2699966430664,93.79000091552734,0,0.0,0.0
2016-12-19 00:00:00-05:00,93.33000183105469,93.83999633789062,90.44000244140625,90.51000213623047,0,0.0,0.0
2016-12-20 00:00:00-05:00,89.43000030517578,89.95999908447266,87.62000274658203,88.26000213623047,0,0.0,0.0
2016-12-21 00:00:00-05:00,87.73999786376953,88.97000122070312,86.5,87.97000122070312,0,0.0,0.0
2016-12-22 00:00:00-05:00,88.16000366210938,91.0,87.55999755859375,89.72000122070312,0,0.0,0.0
2016-12-23 00:00:00-05:00,90.0,90.0,87.08999633789062,87.63999938964844,0,0.0,0.0
2016-12-27 00:00:00-05:00,90.20999908447266,90.23999786376953,86.20999908447266,86.37000274658203,0,0.0,0.0
2016-12-28 00:00:00-05:00,85.55999755859375,89.4000015258789,85.22000122070312,89.16999816894531,0,0.0,0.0
2016-12-29 00:00:00-05:00,89.11000061035156,90.95999908447266,87.75,88.87000274658203,0,0.0,0.0
2016-12-30 00:00:00-05:00,88.06999969482422,92.51000213623047,87.70999908447266,91.5999984741211,0,0.0,0.0
2017-01-03 00:00:00-05:00,90.16000366210938,90.3499984741211,85.12000274658203,85.37000274658203,0,0.0,0.0
2017-01-04 00:00:00-05:00,85.05000305175781,85.05000305175781,81.12000274658203,82.2699966430664,0,0.0,0.0
2017-01-05 00:00:00-05:00,83.06999969482422,83.7699966430664,81.26000213623047,81.33000183105469,0,0.0,0.0
2017-01-06 00:00:00-05:00,80.33000183105469,81.36000061035156,78.72000122070312,80.58999633789062,0,0.0,0.0
2017-01-09 00:00:00-05:00,83.70999908447266,84.33999633789062,82.16000366210938,83.47000122070312,0,0.0,0.0
2017-01-10 00:00:00-05:00,83.25,86.70999908447266,83.25,86.36000061035156,0,0.0,0.0
2017-01-11 00:00:00-05:00,89.4800033569336,92.58000183105469,86.51000213623047,86.72000122070312,0,0.0,0.0
2017-01-12 00:00:00-05:00,87.94000244140625,94.45999908447266,87.54000091552734,90.44000244140625,0,0.0,0.0
2017-01-13 00:00:00-05:00,89.58999633789062,94.19999694824219,89.12999725341797,92.9000015258789,0,0.0,0.0
2017-01-17 00:00:00-05:00,96.08999633789062,96.56999969482422,92.13999938964844,92.38999938964844,0,0.0,0.0
2017-01-18 00:00:00-05:00,92.0,93.08999633789062,85.62000274658203,87.05999755859375,0,0.0,0.0
2017-01-19 00:00:00-05:00,85.81999969482422,88.41999816894531,84.91999816894531,86.83999633789062,0,0.0,0.0
2017-01-20 00:00:00-05:00,86.80000305175781,87.41999816894531,83.3499984741211,83.62999725341797,0,0.0,0.0
2017-01-23 00:00:00-05:00,85.68000030517578,87.9000015258789,84.51000213623047,84.51000213623047,0,0.0,0.0
2017-01-24 00:00:00-05:00,83.76000213623047,84.27999877929688,78.47000122070312,79.05000305175781,0,0.0,0.0
2017-01-25 00:00:00-05:00,79.05000305175781,79.27999877929688,77.61000061035156,78.66000366210938,0,0.0,0.0
2017-01-26 00:00:00-05:00,79.56999969482422,80.8499984741211,79.08000183105469,79.6500015258789,0,0.0,0.0
2017-01-27 00:00:00-05:00,81.26000213623047,84.37999725341797,80.29000091552734,83.62999725341797,0,0.0,0.0
2017-01-30 00:00:00-05:00,86.83999633789062,95.91999816894531,86.83999633789062,92.04000091552734,0,0.0,0.0
2017-01-31 00:00:00-05:00,92.93000030517578,94.94000244140625,89.79000091552734,89.83000183105469,0,0.0,0.0
2017-02-01 00:00:00-05:00,87.83999633789062,89.26000213623047,86.38999938964844,87.75,0,0.0,0.0
2017-02-02 00:00:00-05:00,89.06999969482422,90.01000213623047,87.5199966430664,89.7300033569336,0,0.0,0.0
2017-02-03 00:00:00-05:00,88.43000030517578,89.41999816894531,87.56999969482422,88.97000122070312,0,0.0,0.0
2017-02-06 00:00:00-05:00,92.05999755859375,92.33000183105469,89.61000061035156,90.0199966430664,0,0.0,0.0
2017-02-07 00:00:00-05:00,89.80000305175781,90.47000122070312,89.31999969482422,89.61000061035156,0,0.0,0.0
2017-02-08 00:00:00-05:00,97.52999877929688,99.4000015258789,93.05000305175781,94.58000183105469,0,0.0,0.0
2017-02-09 00:00:00-05:00,93.66000366210938,93.66000366210938,88.3499984741211,89.58999633789062,0,0.0,0.0
2017-02-10 00:00:00-05:00,88.43000030517578,88.75,83.66999816894531,85.7699966430664,0,0.0,0.0
2017-02-13 00:00:00-05:00,85.91999816894531,85.91999816894531,80.11000061035156,80.83999633789062,0,0.0,0.0
2017-02-14 00:00:00-05:00,82.0999984741211,82.54000091552734,77.91999816894531,78.3499984741211,0,0.0,0.0
2017-02-15 00:00:00-05:00,79.4000015258789,82.97000122070312,77.7699966430664,81.12000274658203,0,0.0,0.0
2017-02-16 00:00:00-05:00,80.94000244140625,88.19000244140625,78.23999786376953,79.66000366210938,0,0.0,0.0
2017-02-17 00:00:00-05:00,82.0,83.62999725341797,79.1500015258789,81.25,0,0.0,0.0
2017-02-21 00:00:00-05:00,82.69999694824219,83.13999938964844,80.25,82.44999694824219,0,0.0,0.0
2017-02-22 00:00:00-05:00,83.58000183105469,84.80000305175781,81.26000213623047,81.52999877929688,0,0.0,0.0
2017-02-23 00:00:00-05:00,83.01000213623047,86.66999816894531,81.47000122070312,82.19999694824219,0,0.0,0.0
2017-02-24 00:00:00-05:00,87.70999908447266,89.08999633789062,82.18000030517578,83.30999755859375,0,0.0,0.0
2017-02-27 00:00:00-05:00,87.08999633789062,87.91000366210938,83.80000305175781,85.69000244140625,0,0.0,0.0
2017-02-28 00:00:00-05:00,86.02999877929688,88.66999816894531,85.97000122070312,88.08000183105469,0,0.0,0.0
2017-03-01 00:00:00-05:00,84.91000366210938,85.0199966430664,81.52999877929688,84.02999877929688,0,0.0,0.0
2017-03-02 00:00:00-05:00,84.75,85.01000213623047,81.4800033569336,83.61000061035156,0,0.0,0.0
2017-03-03 00:00:00-05:00,82.73999786376953,82.93000030517578,80.62000274658203,81.19000244140625,0,0.0,0.0
2017-03-06 00:00:00-05:00,84.06999969482422,84.1500015258789,80.69000244140625,81.44000244140625,0,0.0,0.0
2017-03-07 00:00:00-05:00,81.91999816894531,82.3499984741211,80.2699966430664,81.43000030517578,0,0.0,0.0
2017-03-08 00:00:00-05:00,81.33999633789062,82.81999969482422,80.12999725341797,82.5,0,0.0,0.0
2017-03-09 00:00:00-05:00,82.19999694824219,84.0999984741211,81.72000122070312,83.63999938964844,0,0.0,0.0
2017-03-10 00:00:00-05:00,82.11000061035156,82.94000244140625,80.06999969482422,80.2699966430664,0,0.0,0.0
2017-03-13 00:00:00-04:00,82.77999877929688,82.91000366210938,80.66999816894531,81.56999969482422,0,0.0,0.0
2017-03-14 00:00:00-04:00,82.81999969482422,87.66999816894531,82.20999908447266,85.87999725341797,0,0.0,0.0
2017-03-15 00:00:00-04:00,85.69000244140625,85.83000183105469,78.4800033569336,80.76000213623047,0,0.0,0.0
2017-03-16 00:00:00-04:00,80.05999755859375,80.58000183105469,75.61000061035156,75.95999908447266,0,0.0,0.0
2017-03-17 00:00:00-04:00,76.47000122070312,78.66000366210938,71.75,78.66000366210938,0,0.0,0.0
2017-03-20 00:00:00-04:00,79.87000274658203,80.12999725341797,75.77999877929688,77.16000366210938,0,0.0,0.0
2017-03-21 00:00:00-04:00,77.47000122070312,84.68000030517578,75.29000091552734,83.0199966430664,0,0.0,0.0
2017-03-22 00:00:00-04:00,85.29000091552734,87.06999969482422,82.5,83.80000305175781,0,0.0,0.0
2017-03-23 00:00:00-04:00,84.55000305175781,88.93000030517578,80.87000274658203,88.93000030517578,0,0.0,0.0
2017-03-24 00:00:00-04:00,87.06999969482422,96.69999694824219,83.19999694824219,89.73999786376953,0,0.0,0.0
2017-03-27 00:00:00-04:00,96.75,97.77999877929688,84.31999969482422,84.86000061035156,0,0.0,0.0
2017-03-28 00:00:00-04:00,84.80000305175781,84.91999816894531,78.48999786376953,79.2699966430664,0,0.0,0.0
2017-03-29 00:00:00-04:00,78.58999633789062,79.45999908447266,76.70999908447266,78.26000213623047,0,0.0,0.0
2017-03-30 00:00:00-04:00,79.01000213623047,79.73999786376953,77.22000122070312,77.87000274658203,0,0.0,0.0
2017-03-31 00:00:00-04:00,79.69000244140625,79.69000244140625,77.52999877929688,78.30999755859375,0,0.0,0.0
2017-04-03 00:00:00-04:00,81.45999908447266,87.4000015258789,81.02999877929688,82.95999908447266,0,0.0,0.0
2017-04-04 00:00:00-04:00,84.79000091552734,84.83999633789062,79.16000366210938,79.66999816894531,0,0.0,0.0
2017-04-05 00:00:00-04:00,78.77999877929688,87.2699966430664,76.98999786376953,86.58999633789062,0,0.0,0.0
2017-04-06 00:00:00-04:00,85.08999633789062,85.97000122070312,81.06999969482422,83.91000366210938,0,0.0,0.0
2017-04-07 00:00:00-04:00,86.27999877929688,89.88999938964844,84.94000244140625,89.38999938964844,0,0.0,0.0
2017-04-10 00:00:00-04:00,92.20999908447266,97.9000015258789,91.02999877929688,97.9000015258789,0,0.0,0.0
2017-04-11 00:00:00-04:00,99.9800033569336,109.9800033569336,99.47000122070312,103.73999786376953,0,0.0,0.0
2017-04-12 00:00:00-04:00,109.29000091552734,114.62000274658203,109.29000091552734,111.52999877929688,0,0.0,0.0
2017-04-13 00:00:00-04:00,112.05000305175781,115.69000244140625,109.79000091552734,115.54000091552734,0,0.0,0.0
2017-04-17 00:00:00-04:00,111.58000183105469,111.83000183105469,101.48999786376953,101.48999786376953,0,0.0,0.0
2017-04-18 00:00:00-04:00,102.58999633789062,104.20999908447266,99.27999877929688,99.5199966430664,0,0.0,0.0
2017-04-19 00:00:00-04:00,97.4000015258789,98.9800033569336,92.83000183105469,97.88999938964844,0,0.0,0.0
2017-04-20 00:00:00-04:00,96.5,100.27999877929688,92.63999938964844,94.52999877929688,0,0.0,0.0
2017-04-21 00:00:00-04:00,95.16999816894531,100.55000305175781,94.27999877929688,95.41000366210938,0,0.0,0.0
2017-04-24 00:00:00-04:00,85.33000183105469,85.95999908447266,77.58999633789062,78.16999816894531,0,0.0,0.0
2017-04-25 00:00:00-04:00,75.08999633789062,77.33999633789062,74.33999633789062,75.63999938964844,0,0.0,0.0
2017-04-26 00:00:00-04:00,76.44000244140625,79.26000213623047,75.69999694824219,76.63999938964844,0,0.0,0.0
2017-04-27 00:00:00-04:00,76.62999725341797,77.83999633789062,75.91999816894531,76.66000366210938,0,0.0,0.0
2017-04-28 00:00:00-04:00,76.95999908447266,78.62000274658203,76.5,77.08999633789062,0,0.0,0.0
2017-05-01 00:00:00-04:00,78.0199966430664,78.63999938964844,76.41999816894531,78.33000183105469,0,0.0,0.0
2017-05-02 00:00:00-04:00,78.33999633789062,80.04000091552734,77.94999694824219,79.33000183105469,0,0.0,0.0
2017-05-03 00:00:00-04:00,79.86000061035156,81.38999938964844,77.98999786376953,78.7699966430664,0,0.0,0.0
2017-05-04 00:00:00-04:00,78.19999694824219,80.63999938964844,77.37000274658203,78.0,0,0.0,0.0
2017-05-05 00:00:00-04:00,78.38999938964844,81.2300033569336,78.06999969482422,80.6500015258789,0,0.0,0.0
2017-05-08 00:00:00-04:00,81.66999816894531,82.05000305175781,79.6500015258789,81.37999725341797,0,0.0,0.0
2017-05-09 00:00:00-04:00,82.81999969482422,83.91999816894531,82.51000213623047,83.62999725341797,0,0.0,0.0
2017-05-10 00:00:00-04:00,87.83000183105469,88.98999786376953,85.97000122070312,87.48999786376953,0,0.0,0.0
2017-05-11 00:00:00-04:00,89.05000305175781,92.4000015258789,84.86000061035156,86.51000213623047,0,0.0,0.0
2017-05-12 00:00:00-04:00,87.05000305175781,87.23999786376953,80.9000015258789,82.5,0,0.0,0.0
2017-05-15 00:00:00-04:00,83.63999938964844,83.9800033569336,78.7300033569336,79.52999877929688,0,0.0,0.0
2017-05-16 00:00:00-04:00,79.41000366210938,80.20999908447266,76.05999755859375,76.76000213623047,0,0.0,0.0
2017-05-17 00:00:00-04:00,89.38999938964844,112.56999969482422,85.66999816894531,111.4800033569336,0,0.0,0.0
2017-05-18 00:00:00-04:00,113.30999755859375,115.44000244140625,99.8499984741211,104.12000274658203,0,0.0,0.0
2017-05-19 00:00:00-04:00,97.47000122070312,97.66000366210938,84.86000061035156,87.20999908447266,0,0.0,0.0
2017-05-22 00:00:00-04:00,87.44000244140625,87.44000244140625,82.94999694824219,83.47000122070312,0,0.0,0.0
2017-05-23 00:00:00-04:00,83.6500015258789,84.19999694824219,81.88999938964844,84.19000244140625,0,0.0,0.0
2017-05-24 00:00:00-04:00,82.55000305175781,84.16999816894531,81.02999877929688,81.91000366210938,0,0.0,0.0
2017-05-25 00:00:00-04:00,81.95999908447266,83.47000122070312,81.19999694824219,82.19999694824219,0,0.0,0.0
2017-05-26 00:00:00-04:00,82.48999786376953,82.9000015258789,80.83999633789062,81.80999755859375,0,0.0,0.0
2017-05-30 00:00:00-04:00,85.1500015258789,85.7699966430664,83.36000061035156,84.30000305175781,0,0.0,0.0
2017-05-31 00:00:00-04:00,83.44000244140625,88.30000305175781,83.19999694824219,84.5199966430664,0,0.0,0.0
2017-06-01 00:00:00-04:00,84.29000091552734,85.06999969482422,83.19999694824219,83.83000183105469,0,0.0,0.0
2017-06-02 00:00:00-04:00,84.44000244140625,84.93000030517578,82.6500015258789,83.62000274658203,0,0.0,0.0
2017-06-05 00:00:00-04:00,85.76000213623047,86.18000030517578,82.79000091552734,86.08000183105469,0,0.0,0.0
2017-06-06 00:00:00-04:00,87.54000091552734,89.98999786376953,86.76000213623047,89.1500015258789,0,0.0,0.0
2017-06-07 00:00:00-04:00,87.62000274658203,91.30000305175781,87.25,88.22000122070312,0,0.0,0.0
2017-06-08 00:00:00-04:00,87.41999816894531,87.5199966430664,83.0199966430664,83.27999877929688,0,0.0,0.0
2017-06-09 00:00:00-04:00,83.33000183105469,91.61000061035156,81.5999984741211,87.41000366210938,0,0.0,0.0
2017-06-12 00:00:00-04:00,90.12000274658203,94.20999908447266,89.44000244140625,91.20999908447266,0,0.0,0.0
2017-06-13 00:00:00-04:00,89.70999908447266,89.75,86.27999877929688,86.66000366210938,0,0.0,0.0
2017-06-14 00:00:00-04:00,87.4000015258789,91.3499984741211,87.30000305175781,89.97000122070312,0,0.0,0.0
2017-06-15 00:00:00-04:00,93.80000305175781,94.19000244140625,88.61000061035156,89.94999694824219,0,0.0,0.0
2017-06-16 00:00:00-04:00,90.1500015258789,91.06999969482422,86.83999633789062,87.0,0,0.0,0.0
2017-06-19 00:00:00-04:00,88.33999633789062,88.41999816894531,83.91000366210938,85.2699966430664,0,0.0,0.0
2017-06-20 00:00:00-04:00,87.61000061035156,90.08000183105469,86.19999694824219,89.19000244140625,0,0.0,0.0
2017-06-21 00:00:00-04:00,89.3499984741211,90.1500015258789,86.5199966430664,88.06999969482422,0,0.0,0.0
2017-06-22 00:00:00-04:00,87.33000183105469,88.4000015258789,84.41000366210938,86.37999725341797,0,0.0,0.0
2017-06-23 00:00:00-04:00,86.12999725341797,86.87000274658203,83.4800033569336,84.5199966430664,0,0.0,0.0
2017-06-26 00:00:00-04:00,84.54000091552734,85.08999633789062,81.93000030517578,81.94000244140625,0,0.0,0.0
2017-06-27 00:00:00-04:00,83.52999877929688,88.06999969482422,82.22000122070312,87.30000305175781,0,0.0,0.0
2017-06-28 00:00:00-04:00,85.68000030517578,87.44999694824219,83.58999633789062,84.23999786376953,0,0.0,0.0
2017-06-29 00:00:00-04:00,84.44999694824219,105.27999877929688,84.37000274658203,93.77999877929688,0,0.0,0.0
2017-06-30 00:00:00-04:00,92.13999938964844,94.16000366210938,88.76000213623047,90.43000030517578,0,0.0,0.0
2017-07-03 00:00:00-04:00,89.88999938964844,93.30999755859375,88.55999755859375,93.30999755859375,0,0.0,0.0
2017-07-05 00:00:00-04:00,90.45999908447266,95.66999816894531,90.31999969482422,91.9800033569336,0,0.0,0.0
2017-07-06 00:00:00-04:00,93.95999908447266,101.38999938964844,93.93000030517578,100.20999908447266,0,0.0,0.0
2017-07-07 00:00:00-04:00,97.22000122070312,97.83000183105469,92.12999725341797,92.5,0,0.0,0.0
2017-07-10 00:00:00-04:00,94.69999694824219,94.83000183105469,88.2699966430664,89.69000244140625,0,0.0,0.0
2017-07-11 00:00:00-04:00,89.45999908447266,93.97000122070312,87.7300033569336,88.2300033569336,0,0.0,0.0
2017-07-12 00:00:00-04:00,89.95999908447266,89.95999908447266,87.38999938964844,88.19000244140625,0,0.0,0.0
2017-07-13 00:00:00-04:00,87.79000091552734,88.68000030517578,84.91000366210938,85.68000030517578,0,0.0,0.0
2017-07-14 00:00:00-04:00,85.87999725341797,85.87999725341797,80.75,82.19999694824219,0,0.0,0.0
2017-07-17 00:00:00-04:00,81.77999877929688,82.26000213623047,80.0,80.2699966430664,0,0.0,0.0
2017-07-18 00:00:00-04:00,82.23999786376953,83.55999755859375,78.4000015258789,79.13999938964844,0,0.0,0.0
2017-07-19 00:00:00-04:00,78.45999908447266,78.58999633789062,75.55999755859375,77.95999908447266,0,0.0,0.0
2017-07-20 00:00:00-04:00,77.52999877929688,78.2699966430664,75.58000183105469,76.26000213623047,0,0.0,0.0
2017-07-21 00:00:00-04:00,76.93000030517578,78.62000274658203,76.3499984741211,77.86000061035156,0,0.0,0.0
2017-07-24 00:00:00-04:00,78.80000305175781,79.91999816894531,77.1500015258789,78.23999786376953,0,0.0,0.0
2017-07-25 00:00:00-04:00,77.45999908447266,79.87000274658203,76.80999755859375,79.16999816894531,0,0.0,0.0
2017-07-26 00:00:00-04:00,79.38999938964844,82.52999877929688,79.12000274658203,82.33999633789062,0,0.0,0.0
2017-07-27 00:00:00-04:00,80.76000213623047,92.80999755859375,80.52999877929688,86.87000274658203,0,0.0,0.0
2017-07-28 00:00:00-04:00,89.0999984741211,91.98999786376953,87.0999984741211,87.19999694824219,0,0.0,0.0
2017-07-31 00:00:00-04:00,89.08000183105469,90.19999694824219,86.56999969482422,86.76000213623047,0,0.0,0.0
2017-08-01 00:00:00-04:00,87.30999755859375,87.56999969482422,84.2300033569336,84.55000305175781,0,0.0,0.0
2017-08-02 00:00:00-04:00,84.11000061035156,88.66000366210938,83.38999938964844,86.88999938964844,0,0.0,0.0
2017-08-03 00:00:00-04:00,86.55000305175781,88.33000183105469,86.08000183105469,87.66000366210938,0,0.0,0.0
2017-08-04 00:00:00-04:00,86.51000213623047,87.48999786376953,85.70999908447266,87.38999938964844,0,0.0,0.0
2017-08-07 00:00:00-04:00,89.55999755859375,91.19999694824219,88.61000061035156,90.01000213623047,0,0.0,0.0
2017-08-08 00:00:00-04:00,89.7300033569336,99.48999786376953,87.62999725341797,98.68000030517578,0,0.0,0.0
2017-08-09 00:00:00-04:00,109.30999755859375,113.44000244140625,103.19999694824219,106.7699966430664,0,0.0,0.0
2017-08-10 00:00:00-04:00,113.91999816894531,135.32000732421875,113.61000061035156,135.32000732421875,0,0.0,0.0
2017-08-11 00:00:00-04:00,134.97999572753906,135.27000427246094,117.29000091552734,127.43000030517578,0,0.0,0.0
2017-08-14 00:00:00-04:00,115.58000183105469,115.58000183105469,99.80999755859375,100.5999984741211,0,0.0,0.0
2017-08-15 00:00:00-04:00,97.80999755859375,101.2699966430664,95.62999725341797,96.70999908447266,0,0.0,0.0
2017-08-16 00:00:00-04:00,97.54000091552734,97.54000091552734,93.69000244140625,94.81999969482422,0,0.0,0.0
2017-08-17 00:00:00-04:00,98.38999938964844,120.76000213623047,96.47000122070312,117.7699966430664,0,0.0,0.0
2017-08-18 00:00:00-04:00,114.7699966430664,121.68000030517578,107.33999633789062,114.38999938964844,0,0.0,0.0
2017-08-21 00:00:00-04:00,112.91999816894531,113.87000274658203,101.23999786376953,101.38999938964844,0,0.0,0.0
2017-08-22 00:00:00-04:00,96.9800033569336,97.27999877929688,92.0999984741211,92.69999694824219,0,0.0,0.0
2017-08-23 00:00:00-04:00,97.48999786376953,99.83000183105469,94.69000244140625,98.95999908447266,0,0.0,0.0
2017-08-24 00:00:00-04:00,98.0,103.98999786376953,97.31999969482422,100.26000213623047,0,0.0,0.0
2017-08-25 00:00:00-04:00,99.19000244140625,99.27999877929688,95.30000305175781,95.52999877929688,0,0.0,0.0
2017-08-28 00:00:00-04:00,97.8499984741211,99.4800033569336,96.12000274658203,96.41999816894531,0,0.0,0.0
2017-08-29 00:00:00-04:00,109.27999877929688,109.27999877929688,98.79000091552734,98.79000091552734,0,0.0,0.0
2017-08-30 00:00:00-04:00,99.77999877929688,100.62000274658203,97.04000091552734,98.9000015258789,0,0.0,0.0
2017-08-31 00:00:00-04:00,97.66000366210938,97.66999816894531,94.19000244140625,94.86000061035156,0,0.0,0.0
2017-09-01 00:00:00-04:00,93.94000244140625,94.4800033569336,92.81999969482422,93.5999984741211,0,0.0,0.0
2017-09-05 00:00:00-04:00,100.47000122070312,110.1500015258789,99.79000091552734,102.66000366210938,0,0.0,0.0
2017-09-06 00:00:00-04:00,102.26000213623047,103.8499984741211,98.7300033569336,99.61000061035156,0,0.0,0.0
2017-09-07 00:00:00-04:00,99.52999877929688,100.44999694824219,96.0999984741211,96.29000091552734,0,0.0,0.0
2017-09-08 00:00:00-04:00,97.94999694824219,100.88999938964844,97.77999877929688,100.12000274658203,0,0.0,0.0
2017-09-11 00:00:00-04:00,98.30999755859375,98.48999786376953,93.12999725341797,93.66000366210938,0,0.0,0.0
2017-09-12 00:00:00-04:00,93.04000091552734,93.86000061035156,91.7699966430664,92.38999938964844,0,0.0,0.0
2017-09-13 00:00:00-04:00,94.3499984741211,94.3499984741211,89.94000244140625,90.88999938964844,0,0.0,0.0
2017-09-14 00:00:00-04:00,91.61000061035156,92.58999633789062,90.26000213623047,92.08999633789062,0,0.0,0.0
2017-09-15 00:00:00-04:00,91.87999725341797,92.41000366210938,90.04000091552734,90.62999725341797,0,0.0,0.0
2017-09-18 00:00:00-04:00,90.37000274658203,90.86000061035156,88.8499984741211,90.45999908447266,0,0.0,0.0
2017-09-19 00:00:00-04:00,90.31999969482422,92.27999877929688,89.63999938964844,91.22000122070312,0,0.0,0.0
2017-09-20 00:00:00-04:00,90.77999877929688,94.55000305175781,89.16999816894531,90.91000366210938,0,0.0,0.0
2017-09-21 00:00:00-04:00,91.29000091552734,92.79000091552734,90.5999984741211,92.31999969482422,0,0.0,0.0
2017-09-22 00:00:00-04:00,93.11000061035156,93.77999877929688,92.18000030517578,93.29000091552734,0,0.0,0.0
2017-09-25 00:00:00-04:00,95.48999786376953,100.88999938964844,95.16000366210938,96.4000015258789,0,0.0,0.0
2017-09-26 00:00:00-04:00,96.31999969482422,96.43000030517578,94.02999877929688,94.80999755859375,0,0.0,0.0
2017-09-27 00:00:00-04:00,94.87000274658203,96.5199966430664,94.2699966430664,95.36000061035156,0,0.0,0.0
2017-09-28 00:00:00-04:00,95.5999984741211,96.41999816894531,93.69999694824219,94.0999984741211,0,0.0,0.0
2017-09-29 00:00:00-04:00,94.12000274658203,94.66000366210938,91.69000244140625,93.13999938964844,0,0.0,0.0
2017-10-02 00:00:00-04:00,94.87000274658203,94.98999786376953,92.41000366210938,92.4800033569336,0,0.0,0.0
2017-10-03 00:00:00-04:00,92.05000305175781,93.97000122070312,91.37999725341797,91.58999633789062,0,0.0,0.0
2017-10-04 00:00:00-04:00,92.0,93.0199966430664,91.4000015258789,92.12000274658203,0,0.0,0.0
2017-10-05 00:00:00-04:00,91.5999984741211,92.66999816894531,91.05999755859375,91.79000091552734,0,0.0,0.0
2017-10-06 00:00:00-04:00,92.43000030517578,98.37000274658203,91.72000122070312,97.08999633789062,0,0.0,0.0
2017-10-09 00:00:00-04:00,97.97000122070312,102.72000122070312,97.47000122070312,101.83000183105469,0,0.0,0.0
2017-10-10 00:00:00-04:00,100.31999969482422,102.06999969482422,97.29000091552734,97.33000183105469,0,0.0,0.0
2017-10-11 00:00:00-04:00,100.13999938964844,100.93000030517578,98.05999755859375,99.22000122070312,0,0.0,0.0
2017-10-12 00:00:00-04:00,99.70999908447266,100.98999786376953,96.06999969482422,97.7699966430664,0,0.0,0.0
2017-10-13 00:00:00-04:00,97.04000091552734,98.94000244140625,95.83999633789062,97.80000305175781,0,0.0,0.0
2017-10-16 00:00:00-04:00,98.30999755859375,99.62000274658203,97.30999755859375,97.6500015258789,0,0.0,0.0
2017-10-17 00:00:00-04:00,98.44999694824219,99.2699966430664,97.19999694824219,98.73999786376953,0,0.0,0.0
2017-10-18 00:00:00-04:00,98.16999816894531,98.16999816894531,94.33999633789062,94.33999633789062,0,0.0,0.0
2017-10-19 00:00:00-04:00,100.61000061035156,101.66999816894531,93.33000183105469,93.33000183105469,0,0.0,0.0
2017-10-20 00:00:00-04:00,92.27999877929688,93.08999633789062,89.66000366210938,90.52999877929688,0,0.0,0.0
2017-10-23 00:00:00-04:00,92.4800033569336,97.11000061035156,91.45999908447266,97.08999633789062,0,0.0,0.0
2017-10-24 00:00:00-04:00,94.45999908447266,98.43000030517578,94.30999755859375,98.43000030517578,0,0.0,0.0
2017-10-25 00:00:00-04:00,99.62000274658203,113.45999908447266,98.95999908447266,100.16000366210938,0,0.0,0.0
2017-10-26 00:00:00-04:00,100.16999816894531,101.22000122070312,96.25,97.7300033569336,0,0.0,0.0
2017-10-27 00:00:00-04:00,96.44000244140625,97.31999969482422,92.19999694824219,92.77999877929688,0,0.0,0.0
2017-10-30 00:00:00-04:00,96.97000122070312,97.63999938964844,92.7699966430664,95.19000244140625,0,0.0,0.0
2017-10-31 00:00:00-04:00,94.18000030517578,94.41999816894531,91.76000213623047,92.01000213623047,0,0.0,0.0
2017-11-01 00:00:00-04:00,91.91000366210938,92.80000305175781,90.61000061035156,92.0,0,0.0,0.0
2017-11-02 00:00:00-04:00,92.01000213623047,94.7699966430664,90.72000122070312,91.4800033569336,0,0.0,0.0
2017-11-03 00:00:00-04:00,90.54000091552734,91.6500015258789,89.02999877929688,89.68000030517578,0,0.0,0.0
2017-11-06 00:00:00-05:00,92.41999816894531,92.41999816894531,90.56999969482422,91.25,0,0.0,0.0
2017-11-07 00:00:00-05:00,91.51000213623047,95.19999694824219,90.30000305175781,93.44999694824219,0,0.0,0.0
2017-11-08 00:00:00-05:00,99.7699966430664,100.68000030517578,96.1500015258789,97.73999786376953,0,0.0,0.0
2017-11-09 00:00:00-05:00,101.80999755859375,109.55000305175781,97.31999969482422,98.81999969482422,0,0.0,0.0
2017-11-10 00:00:00-05:00,100.0199966430664,106.56999969482422,98.9800033569336,104.76000213623047,0,0.0,0.0
2017-11-13 00:00:00-05:00,108.2699966430664,108.56999969482422,103.62000274658203,106.30000305175781,0,0.0,0.0
2017-11-14 00:00:00-05:00,107.02999877929688,107.68000030517578,102.01000213623047,103.18000030517578,0,0.0,0.0
2017-11-15 00:00:00-05:00,107.16000366210938,113.77999877929688,104.66999816894531,106.2699966430664,0,0.0,0.0
2017-11-16 00:00:00-05:00,102.7300033569336,102.75,98.6500015258789,100.1500015258789,0,0.0,0.0
2017-11-17 00:00:00-05:00,100.37999725341797,100.37999725341797,95.97000122070312,97.12000274658203,0,0.0,0.0
2017-11-20 00:00:00-05:00,97.56999969482422,97.72000122070312,92.44000244140625,93.76000213623047,0,0.0,0.0
2017-11-21 00:00:00-05:00,91.54000091552734,91.54000091552734,88.20999908447266,89.2699966430664,0,0.0,0.0
2017-11-22 00:00:00-05:00,88.16999816894531,88.38999938964844,85.83000183105469,86.41999816894531,0,0.0,0.0
2017-11-24 00:00:00-05:00,86.4000015258789,86.79000091552734,85.7699966430664,86.31999969482422,0,0.0,0.0
2017-11-27 00:00:00-05:00,88.58000183105469,88.62000274658203,85.75,86.58000183105469,0,0.0,0.0
2017-11-28 00:00:00-05:00,86.30999755859375,87.20999908447266,84.58000183105469,85.7300033569336,0,0.0,0.0
2017-11-29 00:00:00-05:00,85.91999816894531,92.47000122070312,85.56999969482422,89.56999969482422,0,0.0,0.0
2017-11-30 00:00:00-05:00,87.3499984741211,90.9800033569336,87.18000030517578,89.94000244140625,0,0.0,0.0
2017-12-01 00:00:00-05:00,90.55999755859375,111.4800033569336,89.88999938964844,95.02999877929688,0,0.0,0.0
2017-12-04 00:00:00-05:00,91.19000244140625,97.80999755859375,90.0199966430664,97.56999969482422,0,0.0,0.0
2017-12-05 00:00:00-05:00,96.16000366210938,98.04000091552734,92.58000183105469,97.94999694824219,0,0.0,0.0
2017-12-06 00:00:00-05:00,98.05999755859375,100.12000274658203,96.56999969482422,98.16999816894531,0,0.0,0.0
2017-12-07 00:00:00-05:00,97.54000091552734,98.0999984741211,95.06999969482422,95.83000183105469,0,0.0,0.0
2017-12-08 00:00:00-05:00,93.51000213623047,94.02999877929688,91.33000183105469,91.88999938964844,0,0.0,0.0
2017-12-11 00:00:00-05:00,93.7699966430664,93.94000244140625,91.5,92.05999755859375,0,0.0,0.0
2017-12-12 00:00:00-05:00,91.47000122070312,93.68000030517578,91.38999938964844,93.2699966430664,0,0.0,0.0
2017-12-13 00:00:00-05:00,94.55000305175781,96.26000213623047,93.58000183105469,95.55999755859375,0,0.0,0.0
2017-12-14 00:00:00-05:00,94.77999877929688,98.31999969482422,93.76000213623047,96.06999969482422,0,0.0,0.0
2017-12-15 00:00:00-05:00,94.30000305175781,94.55999755859375,91.08000183105469,92.19999694824219,0,0.0,0.0
2017-12-18 00:00:00-05:00,92.94999694824219,93.13999938964844,90.23999786376953,90.63999938964844,0,0.0,0.0
2017-12-19 00:00:00-05:00,91.48999786376953,93.81999969482422,90.41000366210938,93.58000183105469,0,0.0,0.0
2017-12-20 00:00:00-05:00,91.06999969482422,93.52999877929688,90.12999725341797,92.86000061035156,0,0.0,0.0
2017-12-21 00:00:00-05:00,92.86000061035156,93.88999938964844,91.55000305175781,92.20999908447266,0,0.0,0.0
2017-12-22 00:00:00-05:00,92.4800033569336,95.55999755859375,91.58000183105469,94.9000015258789,0,0.0,0.0
2017-12-26 00:00:00-05:00,98.88999938964844,98.97000122070312,96.0,97.55999755859375,0,0.0,0.0
2017-12-27 00:00:00-05:00,97.08000183105469,98.27999877929688,95.7699966430664,97.08000183105469,0,0.0,0.0
2017-12-28 00:00:00-05:00,97.12000274658203,97.6500015258789,96.26000213623047,97.25,0,0.0,0.0
2017-12-29 00:00:00-05:00,96.79000091552734,101.25,96.41999816894531,100.76000213623047,0,0.0,0.0
2018-01-02 00:00:00-05:00,103.06999969482422,103.06999969482422,97.12000274658203,97.36000061035156,0,0.0,0.0
2018-01-03 00:00:00-05:00,96.19000244140625,96.19000244140625,93.97000122070312,94.4000015258789,0,0.0,0.0
2018-01-04 00:00:00-05:00,94.12999725341797,94.94000244140625,93.44999694824219,94.20999908447266,0,0.0,0.0
2018-01-05 00:00:00-05:00,94.3499984741211,94.87000274658203,92.80999755859375,93.0999984741211,0,0.0,0.0
2018-01-08 00:00:00-05:00,97.5999984741211,97.5999984741211,93.23999786376953,93.97000122070312,0,0.0,0.0
2018-01-09 00:00:00-05:00,94.4000015258789,96.30000305175781,93.41999816894531,94.73999786376953,0,0.0,0.0
2018-01-10 00:00:00-05:00,98.70999908447266,100.72000122070312,93.62999725341797,93.69999694824219,0,0.0,0.0
2018-01-11 00:00:00-05:00,92.70999908447266,95.87999725341797,90.7300033569336,92.23999786376953,0,0.0,0.0
2018-01-12 00:00:00-05:00,91.19999694824219,93.87999725341797,90.88999938964844,92.22000122070312,0,0.0,0.0
2018-01-16 00:00:00-05:00,96.38999938964844,108.5999984741211,96.08000183105469,106.48999786376953,0,0.0,0.0
2018-01-17 00:00:00-05:00,105.4800033569336,108.36000061035156,97.9800033569336,102.62999725341797,0,0.0,0.0
2018-01-18 00:00:00-05:00,103.4800033569336,107.11000061035156,101.6500015258789,103.68000030517578,0,0.0,0.0
2018-01-19 00:00:00-05:00,102.66999816894531,104.33999633789062,101.01000213623047,101.58999633789062,0,0.0,0.0
2018-01-22 00:00:00-05:00,103.69999694824219,103.7300033569336,98.58999633789062,99.68000030517578,0,0.0,0.0
2018-01-23 00:00:00-05:00,100.23999786376953,101.18000030517578,97.06999969482422,98.58999633789062,0,0.0,0.0
2018-01-24 00:00:00-05:00,98.19000244140625,104.94000244140625,97.8499984741211,99.7699966430664,0,0.0,0.0
2018-01-25 00:00:00-05:00,99.5999984741211,103.4000015258789,99.5199966430664,101.77999877929688,0,0.0,0.0
2018-01-26 00:00:00-05:00,100.76000213623047,101.62999725341797,98.29000091552734,98.6500015258789,0,0.0,0.0
2018-01-29 00:00:00-05:00,102.3499984741211,110.01000213623047,101.69000244140625,110.01000213623047,0,0.0,0.0
2018-01-30 00:00:00-05:00,113.25,119.95999908447266,112.04000091552734,113.4800033569336,0,0.0,0.0
2018-01-31 00:00:00-05:00,110.02999877929688,111.93000030517578,106.80999755859375,108.41000366210938,0,0.0,0.0
2018-02-01 00:00:00-05:00,110.2699966430664,110.2699966430664,99.83000183105469,105.7699966430664,0,0.0,0.0
2018-02-02 00:00:00-05:00,109.91999816894531,128.41000366210938,109.87999725341797,125.51000213623047,0,0.0,0.0
2018-02-05 00:00:00-05:00,130.4499969482422,203.72999572753906,121.01000213623047,177.33999633789062,0,0.0,0.0
2018-02-06 00:00:00-05:00,152.66000366210938,181.58999633789062,140.66000366210938,161.1199951171875,0,0.0,0.0
2018-02-07 00:00:00-05:00,159.07000732421875,163.7899932861328,142.97000122070312,159.02999877929688,0,0.0,0.0
2018-02-08 00:00:00-05:00,155.8000030517578,182.4499969482422,154.24000549316406,180.61000061035156,0,0.0,0.0
2018-02-09 00:00:00-05:00,176.72000122070312,182.5500030517578,165.35000610351562,167.27999877929688,0,0.0,0.0
2018-02-12 00:00:00-05:00,163.32000732421875,164.41000366210938,137.7899932861328,140.8000030517578,0,0.0,0.0
2018-02-13 00:00:00-05:00,144.3000030517578,144.80999755859375,136.2899932861328,136.5800018310547,0,0.0,0.0
2018-02-14 00:00:00-05:00,135.3699951171875,135.8000030517578,118.16999816894531,124.48999786376953,0,0.0,0.0
2018-02-15 00:00:00-05:00,120.81999969482422,125.47000122070312,120.81999969482422,122.76000213623047,0,0.0,0.0
2018-02-16 00:00:00-05:00,122.88999938964844,124.30999755859375,115.06999969482422,121.19999694824219,0,0.0,0.0
2018-02-20 00:00:00-05:00,123.1500015258789,125.19000244140625,119.33000183105469,122.58000183105469,0,0.0,0.0
2018-02-21 00:00:00-05:00,121.4800033569336,126.51000213623047,112.91999816894531,125.7300033569336,0,0.0,0.0
2018-02-22 00:00:00-05:00,121.25,121.98999786376953,116.11000061035156,116.9800033569336,0,0.0,0.0
2018-02-23 00:00:00-05:00,115.2699966430664,117.31999969482422,109.48999786376953,110.19000244140625,0,0.0,0.0
2018-02-26 00:00:00-05:00,109.41999816894531,111.19000244140625,106.4000015258789,107.68000030517578,0,0.0,0.0
2018-02-27 00:00:00-05:00,109.9000015258789,121.5,107.8499984741211,119.5,0,0.0,0.0
2018-02-28 00:00:00-05:00,116.75,124.44999694824219,115.0999984741211,121.69999694824219,0,0.0,0.0
2018-03-01 00:00:00-05:00,121.98999786376953,139.35000610351562,121.02999877929688,128.13999938964844,0,0.0,0.0
2018-03-02 00:00:00-05:00,135.02999877929688,139.7899932861328,114.58000183105469,114.77999877929688,0,0.0,0.0
2018-03-05 00:00:00-05:00,119.06999969482422,119.06999969482422,108.87999725341797,109.66000366210938,0,0.0,0.0
2018-03-06 00:00:00-05:00,107.95999908447266,109.98999786376953,104.08000183105469,104.61000061035156,0,0.0,0.0
2018-03-07 00:00:00-05:00,107.88999938964844,107.88999938964844,98.70999908447266,99.48999786376953,0,0.0,0.0
2018-03-08 00:00:00-05:00,97.88999938964844,100.04000091552734,96.76000213623047,96.91999816894531,0,0.0,0.0
2018-03-09 00:00:00-05:00,96.11000061035156,99.80999755859375,94.88999938964844,99.70999908447266,0,0.0,0.0
2018-03-12 00:00:00-04:00,101.44999694824219,106.91999816894531,100.73999786376953,104.94000244140625,0,0.0,0.0
2018-03-13 00:00:00-04:00,103.38999938964844,108.93000030517578,102.88999938964844,107.04000091552734,0,0.0,0.0
2018-03-14 00:00:00-04:00,107.4000015258789,112.29000091552734,106.37999725341797,110.29000091552734,0,0.0,0.0
2018-03-15 00:00:00-04:00,108.97000122070312,111.06999969482422,105.94999694824219,109.27999877929688,0,0.0,0.0
2018-03-16 00:00:00-04:00,107.56999969482422,107.5999984741211,103.33000183105469,106.48999786376953,0,0.0,0.0
2018-03-19 00:00:00-04:00,109.73999786376953,120.30000305175781,107.08999633789062,112.91999816894531,0,0.0,0.0
2018-03-20 00:00:00-04:00,113.5199966430664,113.52999877929688,107.02999877929688,107.12999725341797,0,0.0,0.0
2018-03-21 00:00:00-04:00,106.87999725341797,107.61000061035156,102.3499984741211,106.5999984741211,0,0.0,0.0
2018-03-22 00:00:00-04:00,115.30999755859375,126.43000030517578,111.5199966430664,125.12000274658203,0,0.0,0.0
2018-03-23 00:00:00-04:00,122.62999725341797,133.3699951171875,116.0,129.82000732421875,0,0.0,0.0
2018-03-26 00:00:00-04:00,123.54000091552734,123.54000091552734,112.70999908447266,113.08000183105469,0,0.0,0.0
2018-03-27 00:00:00-04:00,112.94999694824219,123.13999938964844,110.6500015258789,118.61000061035156,0,0.0,0.0
2018-03-28 00:00:00-04:00,118.2300033569336,120.6500015258789,113.30000305175781,114.0199966430664,0,0.0,0.0
2018-03-29 00:00:00-04:00,110.8499984741211,111.83999633789062,101.80000305175781,103.31999969482422,0,0.0,0.0
2018-04-02 00:00:00-04:00,108.43000030517578,118.19999694824219,107.11000061035156,111.66999816894531,0,0.0,0.0
2018-04-03 00:00:00-04:00,109.04000091552734,109.41000366210938,102.05999755859375,102.05999755859375,0,0.0,0.0
2018-04-04 00:00:00-04:00,109.80999755859375,109.80999755859375,94.93000030517578,95.44000244140625,0,0.0,0.0
2018-04-05 00:00:00-04:00,95.12999725341797,96.05000305175781,91.63999938964844,92.20999908447266,0,0.0,0.0
2018-04-06 00:00:00-04:00,95.44999694824219,103.23999786376953,93.0,98.5999984741211,0,0.0,0.0
2018-04-09 00:00:00-04:00,98.79000091552734,100.33999633789062,96.79000091552734,100.23999786376953,0,0.0,0.0
2018-04-10 00:00:00-04:00,97.61000061035156,100.23999786376953,97.3499984741211,98.20999908447266,0,0.0,0.0
2018-04-11 00:00:00-04:00,102.5199966430664,102.54000091552734,98.87999725341797,100.0199966430664,0,0.0,0.0
2018-04-12 00:00:00-04:00,98.19000244140625,100.27999877929688,97.16000366210938,98.08000183105469,0,0.0,0.0
2018-04-13 00:00:00-04:00,96.7699966430664,97.33000183105469,92.9800033569336,93.94000244140625,0,0.0,0.0
2018-04-16 00:00:00-04:00,92.83000183105469,93.33999633789062,91.3499984741211,93.22000122070312,0,0.0,0.0
2018-04-17 00:00:00-04:00,91.51000213623047,91.62000274658203,87.5999984741211,89.58999633789062,0,0.0,0.0
2018-04-18 00:00:00-04:00,90.94999694824219,96.08999633789062,89.31999969482422,92.41000366210938,0,0.0,0.0
2018-04-19 00:00:00-04:00,93.16000366210938,97.77999877929688,93.02999877929688,95.37999725341797,0,0.0,0.0
2018-04-20 00:00:00-04:00,94.05000305175781,100.3499984741211,93.7699966430664,99.20999908447266,0,0.0,0.0
2018-04-23 00:00:00-04:00,98.75,99.86000061035156,96.33999633789062,96.87000274658203,0,0.0,0.0
2018-04-24 00:00:00-04:00,94.52999877929688,109.69999694824219,93.55000305175781,100.80999755859375,0,0.0,0.0
2018-04-25 00:00:00-04:00,100.91999816894531,104.63999938964844,97.47000122070312,97.80000305175781,0,0.0,0.0
2018-04-26 00:00:00-04:00,96.25,96.97000122070312,89.83000183105469,90.70999908447266,0,0.0,0.0
2018-04-27 00:00:00-04:00,89.33000183105469,95.48999786376953,89.33000183105469,92.1500015258789,0,0.0,0.0
2018-04-30 00:00:00-04:00,92.4000015258789,94.9000015258789,90.3499984741211,94.30000305175781,0,0.0,0.0
2018-05-01 00:00:00-04:00,94.80000305175781,96.0199966430664,89.97000122070312,89.97000122070312,0,0.0,0.0
2018-05-02 00:00:00-04:00,90.55000305175781,93.79000091552734,87.68000030517578,93.79000091552734,0,0.0,0.0
2018-05-03 00:00:00-04:00,93.58000183105469,98.47000122070312,91.0199966430664,91.06999969482422,0,0.0,0.0
2018-05-04 00:00:00-04:00,94.0999984741211,94.19000244140625,87.6500015258789,88.12000274658203,0,0.0,0.0
2018-05-07 00:00:00-04:00,90.87999725341797,90.87999725341797,88.7699966430664,90.70999908447266,0,0.0,0.0
2018-05-08 00:00:00-04:00,90.97000122070312,92.13999938964844,89.25,89.5,0,0.0,0.0
2018-05-09 00:00:00-04:00,96.2300033569336,96.91000366210938,92.86000061035156,93.88999938964844,0,0.0,0.0
2018-05-10 00:00:00-04:00,94.12999725341797,95.0,91.76000213623047,93.0199966430664,0,0.0,0.0
2018-05-11 00:00:00-04:00,92.73999786376953,94.11000061035156,90.0199966430664,90.02999877929688,0,0.0,0.0
2018-05-14 00:00:00-04:00,91.29000091552734,93.0999984741211,88.62000274658203,92.62000274658203,0,0.0,0.0
2018-05-15 00:00:00-04:00,96.30999755859375,100.27999877929688,96.30999755859375,99.18000030517578,0,0.0,0.0
2018-05-16 00:00:00-04:00,96.70999908447266,97.26000213623047,94.62999725341797,94.79000091552734,0,0.0,0.0
2018-05-17 00:00:00-04:00,95.19000244140625,96.77999877929688,93.05000305175781,93.4800033569336,0,0.0,0.0
2018-05-18 00:00:00-04:00,94.05999755859375,96.79000091552734,93.01000213623047,94.76000213623047,0,0.0,0.0
2018-05-21 00:00:00-04:00,92.19999694824219,92.86000061035156,89.30999755859375,91.04000091552734,0,0.0,0.0
2018-05-22 00:00:00-04:00,89.69000244140625,91.5,89.22000122070312,90.47000122070312,0,0.0,0.0
2018-05-23 00:00:00-04:00,93.87000274658203,95.68000030517578,89.51000213623047,89.80000305175781,0,0.0,0.0
2018-05-24 00:00:00-04:00,90.63999938964844,95.5999984741211,89.36000061035156,90.63999938964844,0,0.0,0.0
2018-05-25 00:00:00-04:00,91.48999786376953,94.29000091552734,90.81999969482422,93.77999877929688,0,0.0,0.0
2018-05-29 00:00:00-04:00,98.97000122070312,113.43000030517578,97.97000122070312,108.66999816894531,0,0.0,0.0
2018-05-30 00:00:00-04:00,105.55000305175781,105.62999725341797,97.58999633789062,99.08000183105469,0,0.0,0.0
2018-05-31 00:00:00-04:00,99.3499984741211,101.80999755859375,98.23999786376953,100.62999725341797,0,0.0,0.0
2018-06-01 00:00:00-04:00,96.55999755859375,97.01000213623047,93.1500015258789,93.30000305175781,0,0.0,0.0
2018-06-04 00:00:00-04:00,93.93000030517578,94.30000305175781,90.6500015258789,90.83000183105469,0,0.0,0.0
2018-06-05 00:00:00-04:00,91.02999877929688,92.69000244140625,89.4800033569336,89.83999633789062,0,0.0,0.0
2018-06-06 00:00:00-04:00,89.23999786376953,90.36000061035156,87.48999786376953,88.12000274658203,0,0.0,0.0
2018-06-07 00:00:00-04:00,88.25,94.69000244140625,88.12000274658203,91.27999877929688,0,0.0,0.0
2018-06-08 00:00:00-04:00,92.86000061035156,94.8499984741211,91.54000091552734,93.48999786376953,0,0.0,0.0
2018-06-11 00:00:00-04:00,95.41000366210938,95.69000244140625,93.01000213623047,94.54000091552734,0,0.0,0.0
2018-06-12 00:00:00-04:00,93.86000061035156,96.66999816894531,93.5,95.70999908447266,0,0.0,0.0
2018-06-13 00:00:00-04:00,97.11000061035156,100.01000213623047,96.66999816894531,100.01000213623047,0,0.0,0.0
2018-06-14 00:00:00-04:00,97.0199966430664,99.66000366210938,95.73999786376953,98.20999908447266,0,0.0,0.0
2018-06-15 00:00:00-04:00,100.81999969482422,103.22000122070312,100.2300033569336,101.66000366210938,0,0.0,0.0
2018-06-18 00:00:00-04:00,105.6500015258789,107.41000366210938,98.36000061035156,99.87000274658203,0,0.0,0.0
2018-06-19 00:00:00-04:00,106.66000366210938,108.2300033569336,102.44000244140625,104.12999725341797,0,0.0,0.0
2018-06-20 00:00:00-04:00,102.16000366210938,102.16000366210938,98.04000091552734,98.51000213623047,0,0.0,0.0
2018-06-21 00:00:00-04:00,98.87999725341797,107.55999755859375,97.47000122070312,107.44999694824219,0,0.0,0.0
2018-06-22 00:00:00-04:00,103.11000061035156,104.80999755859375,101.54000091552734,102.48999786376953,0,0.0,0.0
2018-06-25 00:00:00-04:00,108.73999786376953,126.06999969482422,108.66999816894531,114.31999969482422,0,0.0,0.0
2018-06-26 00:00:00-04:00,110.45999908447266,113.41000366210938,104.86000061035156,107.5199966430664,0,0.0,0.0
2018-06-27 00:00:00-04:00,106.75,116.0999984741211,103.23999786376953,112.75,0,0.0,0.0
2018-06-28 00:00:00-04:00,113.4000015258789,116.73999786376953,108.37000274658203,108.87999725341797,0,0.0,0.0
2018-06-29 00:00:00-04:00,105.43000030517578,106.1500015258789,102.48999786376953,105.97000122070312,0,0.0,0.0
2018-07-02 00:00:00-04:00,111.38999938964844,112.37999725341797,104.69000244140625,104.80000305175781,0,0.0,0.0
2018-07-03 00:00:00-04:00,103.23999786376953,108.5,102.7300033569336,108.5,0,0.0,0.0
2018-07-05 00:00:00-04:00,103.44000244140625,108.58000183105469,103.11000061035156,103.22000122070312,0,0.0,0.0
2018-07-06 00:00:00-04:00,102.8499984741211,102.93000030517578,95.33999633789062,95.73999786376953,0,0.0,0.0
2018-07-09 00:00:00-04:00,96.43000030517578,96.43000030517578,92.37999725341797,94.16000366210938,0,0.0,0.0
2018-07-10 00:00:00-04:00,93.0,94.61000061035156,91.5199966430664,91.95999908447266,0,0.0,0.0
2018-07-11 00:00:00-04:00,103.5199966430664,106.33000183105469,100.30999755859375,104.5,0,0.0,0.0
2018-07-12 00:00:00-04:00,101.58999633789062,102.98999786376953,100.33999633789062,100.81999969482422,0,0.0,0.0
2018-07-13 00:00:00-04:00,100.80999755859375,101.97000122070312,98.8499984741211,99.80999755859375,0,0.0,0.0
2018-07-16 00:00:00-04:00,100.38999938964844,102.08000183105469,98.70999908447266,100.94999694824219,0,0.0,0.0
2018-07-17 00:00:00-04:00,101.72000122070312,102.06999969482422,96.29000091552734,98.55999755859375,0,0.0,0.0
2018-07-18 00:00:00-04:00,97.33000183105469,101.41000366210938,96.87999725341797,98.08000183105469,0,0.0,0.0
2018-07-19 00:00:00-04:00,100.08999633789062,102.76000213623047,98.69000244140625,100.58000183105469,0,0.0,0.0
2018-07-20 00:00:00-04:00,101.76000213623047,103.47000122070312,99.5999984741211,102.76000213623047,0,0.0,0.0
2018-07-23 00:00:00-04:00,102.86000061035156,105.45999908447266,101.79000091552734,102.04000091552734,0,0.0,0.0
2018-07-24 00:00:00-04:00,98.62999725341797,102.0,97.4000015258789,98.68000030517578,0,0.0,0.0
2018-07-25 00:00:00-04:00,98.44000244140625,98.69000244140625,92.98999786376953,94.19999694824219,0,0.0,0.0
2018-07-26 00:00:00-04:00,92.80999755859375,93.75,90.91000366210938,91.66000366210938,0,0.0,0.0
2018-07-27 00:00:00-04:00,91.30999755859375,101.0999984741211,91.05999755859375,97.1500015258789,0,0.0,0.0
2018-07-30 00:00:00-04:00,97.55000305175781,102.86000061035156,97.51000213623047,101.41000366210938,0,0.0,0.0
2018-07-31 00:00:00-04:00,97.66000366210938,98.97000122070312,94.05999755859375,94.12999725341797,0,0.0,0.0
2018-08-01 00:00:00-04:00,93.72000122070312,96.16000366210938,92.66000366210938,95.27999877929688,0,0.0,0.0
2018-08-02 00:00:00-04:00,98.68000030517578,98.95999908447266,91.12999725341797,91.66000366210938,0,0.0,0.0
2018-08-03 00:00:00-04:00,91.80999755859375,91.94999694824219,86.30000305175781,86.5999984741211,0,0.0,0.0
2018-08-06 00:00:00-04:00,88.6500015258789,88.93000030517578,84.43000030517578,84.66000366210938,0,0.0,0.0
2018-08-07 00:00:00-04:00,83.87999725341797,85.0,82.5999984741211,83.20999908447266,0,0.0,0.0
2018-08-08 00:00:00-04:00,83.69999694824219,85.5199966430664,82.80000305175781,84.41999816894531,0,0.0,0.0
2018-08-09 00:00:00-04:00,84.52999877929688,88.69000244140625,84.16999816894531,88.69000244140625,0,0.0,0.0
2018-08-10 00:00:00-04:00,94.68000030517578,100.66000366210938,93.20999908447266,99.06999969482422,0,0.0,0.0
2018-08-13 00:00:00-04:00,101.11000061035156,107.77999877929688,97.4000015258789,107.77999877929688,0,0.0,0.0
2018-08-14 00:00:00-04:00,105.08000183105469,105.43000030517578,99.93000030517578,100.33999633789062,0,0.0,0.0
2018-08-15 00:00:00-04:00,108.30000305175781,120.0,107.95999908447266,111.12999725341797,0,0.0,0.0
2018-08-16 00:00:00-04:00,108.19999694824219,108.19999694824219,98.94999694824219,103.48999786376953,0,0.0,0.0
2018-08-17 00:00:00-04:00,104.56999969482422,106.48999786376953,101.26000213623047,101.80999755859375,0,0.0,0.0
2018-08-20 00:00:00-04:00,100.45999908447266,102.04000091552734,99.62000274658203,100.7699966430664,0,0.0,0.0
2018-08-21 00:00:00-04:00,99.94000244140625,101.69000244140625,97.48999786376953,101.55999755859375,0,0.0,0.0
2018-08-22 00:00:00-04:00,100.55000305175781,100.63999938964844,95.47000122070312,95.72000122070312,0,0.0,0.0
2018-08-23 00:00:00-04:00,95.02999877929688,97.2300033569336,93.26000213623047,95.91999816894531,0,0.0,0.0
2018-08-24 00:00:00-04:00,94.5,94.5,92.2300033569336,93.94999694824219,0,0.0,0.0
2018-08-27 00:00:00-04:00,94.54000091552734,94.72000122070312,92.44999694824219,93.38999938964844,0,0.0,0.0
2018-08-28 00:00:00-04:00,92.76000213623047,93.47000122070312,91.63999938964844,92.30999755859375,0,0.0,0.0
2018-08-29 00:00:00-04:00,91.9800033569336,93.16000366210938,90.04000091552734,91.0999984741211,0,0.0,0.0
2018-08-30 00:00:00-04:00,91.98999786376953,95.36000061035156,90.2300033569336,95.11000061035156,0,0.0,0.0
2018-08-31 00:00:00-04:00,95.37000274658203,96.12000274658203,92.12999725341797,92.7300033569336,0,0.0,0.0
2018-09-04 00:00:00-04:00,96.54000091552734,99.19000244140625,95.18000030517578,95.2300033569336,0,0.0,0.0
2018-09-05 00:00:00-04:00,97.4000015258789,99.91000366210938,96.18000030517578,97.94000244140625,0,0.0,0.0
2018-09-06 00:00:00-04:00,96.91999816894531,102.69999694824219,96.31999969482422,101.36000061035156,0,0.0,0.0
2018-09-07 00:00:00-04:00,102.83000183105469,103.2699966430664,99.04000091552734,102.37999725341797,0,0.0,0.0
2018-09-10 00:00:00-04:00,101.51000213623047,101.66000366210938,99.56999969482422,100.37999725341797,0,0.0,0.0
2018-09-11 00:00:00-04:00,101.13999938964844,101.91999816894531,95.81999969482422,96.44000244140625,0,0.0,0.0
2018-09-12 00:00:00-04:00,99.94000244140625,100.56999969482422,96.45999908447266,97.23999786376953,0,0.0,0.0
2018-09-13 00:00:00-04:00,95.19999694824219,95.26000213623047,90.76000213623047,91.05999755859375,0,0.0,0.0
2018-09-14 00:00:00-04:00,91.08000183105469,91.52999877929688,87.9000015258789,88.06999969482422,0,0.0,0.0
2018-09-17 00:00:00-04:00,90.77999877929688,96.33999633789062,89.61000061035156,96.33999633789062,0,0.0,0.0
2018-09-18 00:00:00-04:00,94.0999984741211,94.27999877929688,89.62000274658203,92.48999786376953,0,0.0,0.0
2018-09-19 00:00:00-04:00,90.30000305175781,91.22000122070312,87.27999877929688,88.18000030517578,0,0.0,0.0
2018-09-20 00:00:00-04:00,86.73999786376953,88.0199966430664,86.0199966430664,87.30999755859375,0,0.0,0.0
2018-09-21 00:00:00-04:00,86.88999938964844,90.19999694824219,86.55999755859375,90.19999694824219,0,0.0,0.0
2018-09-24 00:00:00-04:00,92.7300033569336,94.41000366210938,91.41000366210938,91.51000213623047,0,0.0,0.0
2018-09-25 00:00:00-04:00,90.76000213623047,92.0199966430664,89.61000061035156,91.06999969482422,0,0.0,0.0
2018-09-26 00:00:00-04:00,90.16000366210938,92.47000122070312,86.76000213623047,91.55999755859375,0,0.0,0.0
2018-09-27 00:00:00-04:00,90.02999877929688,90.12000274658203,87.13999938964844,87.66000366210938,0,0.0,0.0
2018-09-28 00:00:00-04:00,88.5199966430664,91.30000305175781,86.9000015258789,87.30999755859375,0,0.0,0.0
2018-10-01 00:00:00-04:00,87.45999908447266,88.38999938964844,85.41999816894531,86.97000122070312,0,0.0,0.0
2018-10-02 00:00:00-04:00,87.12999725341797,88.56999969482422,85.55999755859375,88.12000274658203,0,0.0,0.0
2018-10-03 00:00:00-04:00,86.20999908447266,87.12999725341797,85.30000305175781,85.80000305175781,0,0.0,0.0
2018-10-04 00:00:00-04:00,88.73999786376953,105.43000030517578,88.73999786376953,99.44000244140625,0,0.0,0.0
2018-10-05 00:00:00-04:00,98.5199966430664,114.58999633789062,96.02999877929688,102.62999725341797,0,0.0,0.0
2018-10-08 00:00:00-04:00,108.30999755859375,112.8499984741211,102.30999755859375,102.73999786376953,0,0.0,0.0
2018-10-09 00:00:00-04:00,105.62000274658203,107.27999877929688,100.79000091552734,103.91999816894531,0,0.0,0.0
2018-10-10 00:00:00-04:00,113.43000030517578,136.42999267578125,113.43000030517578,135.61000061035156,0,0.0,0.0
2018-10-11 00:00:00-04:00,131.5800018310547,147.3800048828125,124.69999694824219,129.3000030517578,0,0.0,0.0
2018-10-12 00:00:00-04:00,123.56999969482422,133.22000122070312,122.79000091552734,124.80999755859375,0,0.0,0.0
2018-10-15 00:00:00-04:00,125.79000091552734,127.86000061035156,114.83999633789062,118.77999877929688,0,0.0,0.0
2018-10-16 00:00:00-04:00,115.56999969482422,115.7699966430664,111.19000244140625,111.77999877929688,0,0.0,0.0
2018-10-17 00:00:00-04:00,111.16999816894531,117.33999633789062,109.27999877929688,109.27999877929688,0,0.0,0.0
2018-10-18 00:00:00-04:00,111.48999786376953,123.98999786376953,109.83999633789062,116.81999969482422,0,0.0,0.0
2018-10-19 00:00:00-04:00,115.87000274658203,118.19999694824219,112.12000274658203,114.94999694824219,0,0.0,0.0
2018-10-22 00:00:00-04:00,114.22000122070312,117.27999877929688,111.29000091552734,112.1500015258789,0,0.0,0.0
2018-10-23 00:00:00-04:00,120.76000213623047,121.12000274658203,108.70999908447266,108.70999908447266,0,0.0,0.0
2018-10-24 00:00:00-04:00,110.0999984741211,119.55999755859375,109.25,118.58000183105469,0,0.0,0.0
2018-10-25 00:00:00-04:00,118.48999786376953,120.25,110.36000061035156,113.91000366210938,0,0.0,0.0
2018-10-26 00:00:00-04:00,116.44999694824219,120.45999908447266,110.0999984741211,110.48999786376953,0,0.0,0.0
2018-10-29 00:00:00-04:00,110.31999969482422,114.27999877929688,108.66000366210938,110.38999938964844,0,0.0,0.0
2018-10-30 00:00:00-04:00,111.55999755859375,111.62000274658203,105.70999908447266,106.08000183105469,0,0.0,0.0
2018-10-31 00:00:00-04:00,104.97000122070312,105.06999969482422,100.6500015258789,102.9000015258789,0,0.0,0.0
2018-11-01 00:00:00-04:00,102.30999755859375,102.70999908447266,98.9000015258789,99.56999969482422,0,0.0,0.0
2018-11-02 00:00:00-04:00,98.61000061035156,105.70999908447266,97.7699966430664,102.37999725341797,0,0.0,0.0
2018-11-05 00:00:00-05:00,104.44999694824219,104.45999908447266,101.7300033569336,101.83000183105469,0,0.0,0.0
2018-11-06 00:00:00-05:00,102.13999938964844,103.66999816894531,101.04000091552734,102.4800033569336,0,0.0,0.0
2018-11-07 00:00:00-05:00,98.36000061035156,98.79000091552734,93.30000305175781,95.75,0,0.0,0.0
2018-11-08 00:00:00-05:00,95.91999816894531,97.13999938964844,92.7699966430664,95.4000015258789,0,0.0,0.0
2018-11-09 00:00:00-05:00,96.55999755859375,101.47000122070312,95.95999908447266,100.55000305175781,0,0.0,0.0
2018-11-12 00:00:00-05:00,102.16999816894531,108.45999908447266,102.02999877929688,107.7699966430664,0,0.0,0.0
2018-11-13 00:00:00-05:00,107.87000274658203,108.43000030517578,102.98999786376953,105.31999969482422,0,0.0,0.0
2018-11-14 00:00:00-05:00,108.25,114.5,107.41999816894531,111.41999816894531,0,0.0,0.0
2018-11-15 00:00:00-05:00,113.05999755859375,115.5199966430664,107.37999725341797,107.37999725341797,0,0.0,0.0
2018-11-16 00:00:00-05:00,109.27999877929688,109.93000030517578,101.61000061035156,101.93000030517578,0,0.0,0.0
2018-11-19 00:00:00-05:00,103.62000274658203,108.23999786376953,103.18000030517578,107.12999725341797,0,0.0,0.0
2018-11-20 00:00:00-05:00,112.55999755859375,112.73999786376953,107.55999755859375,107.61000061035156,0,0.0,0.0
2018-11-21 00:00:00-05:00,106.45999908447266,106.54000091552734,99.08999633789062,100.2699966430664,0,0.0,0.0
2018-11-23 00:00:00-05:00,102.0,102.0199966430664,98.70999908447266,99.29000091552734,0,0.0,0.0
2018-11-26 00:00:00-05:00,97.94000244140625,98.2699966430664,91.4000015258789,92.16999816894531,0,0.0,0.0
2018-11-27 00:00:00-05:00,93.12000274658203,94.61000061035156,90.75,91.54000091552734,0,0.0,0.0
2018-11-28 00:00:00-05:00,90.58000183105469,94.02999877929688,90.31999969482422,93.55000305175781,0,0.0,0.0
2018-11-29 00:00:00-05:00,93.68000030517578,95.33000183105469,92.47000122070312,93.36000061035156,0,0.0,0.0
2018-11-30 00:00:00-05:00,94.33000183105469,94.9800033569336,93.22000122070312,93.58999633789062,0,0.0,0.0
2018-12-03 00:00:00-05:00,86.75,89.2300033569336,85.55999755859375,85.87000274658203,0,0.0,0.0
2018-12-04 00:00:00-05:00,86.6500015258789,97.83999633789062,85.29000091552734,96.56999969482422,0,0.0,0.0
2018-12-06 00:00:00-05:00,102.55000305175781,104.9800033569336,93.45999908447266,93.8499984741211,0,0.0,0.0
2018-12-07 00:00:00-05:00,94.52999877929688,98.52999877929688,93.04000091552734,96.48999786376953,0,0.0,0.0
2018-12-10 00:00:00-05:00,98.20999908447266,99.5199966430664,91.48999786376953,91.77999877929688,0,0.0,0.0
2018-12-11 00:00:00-05:00,90.36000061035156,93.61000061035156,89.58000183105469,89.7699966430664,0,0.0,0.0
2018-12-12 00:00:00-05:00,91.36000061035156,93.18000030517578,90.04000091552734,91.41000366210938,0,0.0,0.0
2018-12-13 00:00:00-05:00,91.7300033569336,94.63999938964844,91.18000030517578,93.0,0,0.0,0.0
2018-12-14 00:00:00-05:00,94.26000213623047,97.7300033569336,93.27999877929688,96.44999694824219,0,0.0,0.0
2018-12-17 00:00:00-05:00,98.19000244140625,104.01000213623047,96.19999694824219,101.55000305175781,0,0.0,0.0
2018-12-18 00:00:00-05:00,101.5999984741211,104.6500015258789,99.5,103.63999938964844,0,0.0,0.0
2018-12-19 00:00:00-05:00,103.80000305175781,106.63999938964844,101.16999816894531,105.05000305175781,0,0.0,0.0
2018-12-20 00:00:00-05:00,104.69999694824219,111.88999938964844,103.11000061035156,109.6500015258789,0,0.0,0.0
2018-12-21 00:00:00-05:00,109.37999725341797,109.37999725341797,104.16999816894531,106.61000061035156,0,0.0,0.0
2018-12-24 00:00:00-05:00,107.56999969482422,112.0199966430664,107.01000213623047,111.87999725341797,0,0.0,0.0
2018-12-26 00:00:00-05:00,108.94999694824219,109.16999816894531,94.56999969482422,97.31999969482422,0,0.0,0.0
2018-12-27 00:00:00-05:00,97.97000122070312,99.27999877929688,95.69999694824219,95.88999938964844,0,0.0,0.0
2018-12-28 00:00:00-05:00,95.95999908447266,96.79000091552734,90.70999908447266,91.23999786376953,0,0.0,0.0
2018-12-31 00:00:00-05:00,90.93000030517578,91.30999755859375,86.81999969482422,87.11000061035156,0,0.0,0.0
2019-01-02 00:00:00-05:00,89.38999938964844,89.44999694824219,81.5,81.66000366210938,0,0.0,0.0
2019-01-03 00:00:00-05:00,82.58999633789062,85.83999633789062,82.31999969482422,83.80000305175781,0,0.0,0.0
2019-01-04 00:00:00-05:00,82.06999969482422,84.56999969482422,80.30999755859375,84.44000244140625,0,0.0,0.0
2019-01-07 00:00:00-05:00,84.86000061035156,85.98999786376953,82.47000122070312,82.73999786376953,0,0.0,0.0
2019-01-08 00:00:00-05:00,83.0,85.44999694824219,82.06999969482422,82.41000366210938,0,0.0,0.0
2019-01-09 00:00:00-05:00,84.3499984741211,87.08999633789062,84.0999984741211,86.62000274658203,0,0.0,0.0
2019-01-10 00:00:00-05:00,87.69999694824219,89.58999633789062,86.22000122070312,86.3499984741211,0,0.0,0.0
2019-01-11 00:00:00-05:00,87.33999633789062,87.91000366210938,83.55000305175781,83.8499984741211,0,0.0,0.0
2019-01-14 00:00:00-05:00,86.33000183105469,86.41000366210938,81.62000274658203,83.01000213623047,0,0.0,0.0
2019-01-15 00:00:00-05:00,82.56999969482422,82.95999908447266,80.0999984741211,81.38999938964844,0,0.0,0.0
2019-01-16 00:00:00-05:00,80.87000274658203,83.33999633789062,80.0199966430664,83.33999633789062,0,0.0,0.0
2019-01-17 00:00:00-05:00,82.20999908447266,83.2300033569336,81.4800033569336,82.79000091552734,0,0.0,0.0
2019-01-18 00:00:00-05:00,81.06999969482422,82.87999725341797,78.04000091552734,82.48999786376953,0,0.0,0.0
2019-01-22 00:00:00-05:00,84.20999908447266,96.19999694824219,84.06999969482422,93.80999755859375,0,0.0,0.0
2019-01-23 00:00:00-05:00,92.88999938964844,95.38999938964844,88.33999633789062,88.44999694824219,0,0.0,0.0
2019-01-24 00:00:00-05:00,89.2699966430664,89.94999694824219,83.9000015258789,84.88999938964844,0,0.0,0.0
2019-01-25 00:00:00-05:00,83.02999877929688,84.23999786376953,82.7699966430664,83.37999725341797,0,0.0,0.0
2019-01-28 00:00:00-05:00,86.68000030517578,90.77999877929688,86.13999938964844,86.44000244140625,0,0.0,0.0
2019-01-29 00:00:00-05:00,85.55999755859375,87.94999694824219,85.4800033569336,86.83999633789062,0,0.0,0.0
2019-01-30 00:00:00-05:00,86.05000305175781,86.2300033569336,81.87000274658203,82.38999938964844,0,0.0,0.0
2019-01-31 00:00:00-05:00,81.79000091552734,82.20999908447266,79.11000061035156,79.23999786376953,0,0.0,0.0
2019-02-01 00:00:00-05:00,78.98999786376953,81.27999877929688,78.69999694824219,80.0,0,0.0,0.0
2019-02-04 00:00:00-05:00,81.73999786376953,82.01000213623047,76.55000305175781,77.36000061035156,0,0.0,0.0
2019-02-05 00:00:00-05:00,76.8499984741211,81.04000091552734,76.06999969482422,80.62000274658203,0,0.0,0.0
2019-02-06 00:00:00-05:00,85.75,86.30999755859375,84.04000091552734,84.98999786376953,0,0.0,0.0
2019-02-07 00:00:00-05:00,86.55000305175781,88.95999908447266,83.62999725341797,85.01000213623047,0,0.0,0.0
2019-02-08 00:00:00-05:00,86.05000305175781,88.87999725341797,82.55999755859375,82.69999694824219,0,0.0,0.0
2019-02-11 00:00:00-05:00,82.33999633789062,84.43000030517578,82.06999969482422,82.7699966430664,0,0.0,0.0
2019-02-12 00:00:00-05:00,80.95999908447266,82.62999725341797,80.08999633789062,81.62999725341797,0,0.0,0.0
2019-02-13 00:00:00-05:00,81.06999969482422,83.54000091552734,79.88999938964844,80.2699966430664,0,0.0,0.0
2019-02-14 00:00:00-05:00,82.51000213623047,84.77999877929688,80.13999938964844,81.63999938964844,0,0.0,0.0
2019-02-15 00:00:00-05:00,80.25,82.4000015258789,78.9800033569336,80.44999694824219,0,0.0,0.0
2019-02-19 00:00:00-05:00,83.81999969482422,84.22000122070312,76.87000274658203,78.63999938964844,0,0.0,0.0
2019-02-20 00:00:00-05:00,78.36000061035156,78.6500015258789,74.41999816894531,75.58999633789062,0,0.0,0.0
2019-02-21 00:00:00-05:00,75.58000183105469,78.94000244140625,75.1500015258789,76.63999938964844,0,0.0,0.0
2019-02-22 00:00:00-05:00,75.80000305175781,75.94999694824219,74.36000061035156,74.9800033569336,0,0.0,0.0
2019-02-25 00:00:00-05:00,75.61000061035156,79.3499984741211,74.37999725341797,79.3499984741211,0,0.0,0.0
2019-02-26 00:00:00-05:00,80.37000274658203,81.18000030517578,78.79000091552734,80.52999877929688,0,0.0,0.0
2019-02-27 00:00:00-05:00,81.26000213623047,85.58000183105469,80.13999938964844,80.37000274658203,0,0.0,0.0
2019-02-28 00:00:00-05:00,80.54000091552734,80.9000015258789,78.5199966430664,80.0,0,0.0,0.0
2019-03-01 00:00:00-05:00,78.41999816894531,80.58999633789062,77.29000091552734,79.2699966430664,0,0.0,0.0
2019-03-04 00:00:00-05:00,79.72000122070312,90.29000091552734,78.16999816894531,82.33999633789062,0,0.0,0.0
2019-03-05 00:00:00-05:00,82.0199966430664,84.70999908447266,81.05000305175781,82.45999908447266,0,0.0,0.0
2019-03-06 00:00:00-05:00,81.98999786376953,87.27999877929688,81.98999786376953,86.0999984741211,0,0.0,0.0
2019-03-07 00:00:00-05:00,87.7699966430664,92.7300033569336,86.88999938964844,88.69999694824219,0,0.0,0.0
2019-03-08 00:00:00-05:00,91.69000244140625,93.41000366210938,87.22000122070312,87.23999786376953,0,0.0,0.0
2019-03-11 00:00:00-04:00,87.69999694824219,87.69999694824219,81.12000274658203,81.2300033569336,0,0.0,0.0
2019-03-12 00:00:00-04:00,83.88999938964844,84.12000274658203,81.37999725341797,83.05999755859375,0,0.0,0.0
2019-03-13 00:00:00-04:00,81.72000122070312,84.33999633789062,79.94999694824219,82.76000213623047,0,0.0,0.0
2019-03-14 00:00:00-04:00,82.93000030517578,83.80000305175781,81.81999969482422,82.55999755859375,0,0.0,0.0
2019-03-15 00:00:00-04:00,82.18000030517578,83.93000030517578,80.51000213623047,82.94000244140625,0,0.0,0.0
2019-03-18 00:00:00-04:00,84.94000244140625,86.3499984741211,83.19000244140625,85.5199966430664,0,0.0,0.0
2019-03-19 00:00:00-04:00,83.73999786376953,87.91999816894531,83.73999786376953,87.36000061035156,0,0.0,0.0
2019-03-20 00:00:00-04:00,87.4800033569336,89.6500015258789,84.08000183105469,86.62999725341797,0,0.0,0.0
2019-03-21 00:00:00-04:00,86.68000030517578,86.68000030517578,82.33999633789062,83.88999938964844,0,0.0,0.0
2019-03-22 00:00:00-04:00,85.43000030517578,103.94000244140625,84.7300033569336,98.5,0,0.0,0.0
2019-03-25 00:00:00-04:00,99.6500015258789,102.41999816894531,96.76000213623047,97.19999694824219,0,0.0,0.0
2019-03-26 00:00:00-04:00,93.2300033569336,93.2300033569336,89.51000213623047,89.8499984741211,0,0.0,0.0
2019-03-27 00:00:00-04:00,89.8499984741211,96.37999725341797,89.08999633789062,91.33999633789062,0,0.0,0.0
2019-03-28 00:00:00-04:00,89.73999786376953,90.11000061035156,86.73999786376953,87.94999694824219,0,0.0,0.0
2019-03-29 00:00:00-04:00,87.13999938964844,87.41000366210938,85.4000015258789,85.81999969482422,0,0.0,0.0
2019-04-01 00:00:00-04:00,86.77999877929688,87.2699966430664,84.37000274658203,84.93000030517578,0,0.0,0.0
2019-04-02 00:00:00-04:00,85.20999908447266,85.61000061035156,81.97000122070312,83.27999877929688,0,0.0,0.0
2019-04-03 00:00:00-04:00,81.72000122070312,85.66999816894531,81.55999755859375,84.2300033569336,0,0.0,0.0
2019-04-04 00:00:00-04:00,83.83999633789062,84.11000061035156,81.31999969482422,82.1500015258789,0,0.0,0.0
2019-04-05 00:00:00-04:00,81.01000213623047,81.55000305175781,78.44999694824219,79.0999984741211,0,0.0,0.0
2019-04-08 00:00:00-04:00,80.98999786376953,82.37000274658203,80.22000122070312,81.86000061035156,0,0.0,0.0
2019-04-09 00:00:00-04:00,83.87999725341797,88.22000122070312,83.87000274658203,88.13999938964844,0,0.0,0.0
2019-04-10 00:00:00-04:00,90.81999969482422,93.08000183105469,88.73999786376953,89.48999786376953,0,0.0,0.0
2019-04-11 00:00:00-04:00,87.69000244140625,90.02999877929688,86.61000061035156,88.05999755859375,0,0.0,0.0
2019-04-12 00:00:00-04:00,85.83999633789062,86.52999877929688,83.56999969482422,84.9800033569336,0,0.0,0.0
2019-04-15 00:00:00-04:00,85.0199966430664,88.63999938964844,83.47000122070312,84.16999816894531,0,0.0,0.0
2019-04-16 00:00:00-04:00,83.30000305175781,84.02999877929688,81.33999633789062,83.58000183105469,0,0.0,0.0
2019-04-17 00:00:00-04:00,82.41000366210938,86.29000091552734,81.94999694824219,85.55000305175781,0,0.0,0.0
2019-04-18 00:00:00-04:00,85.80000305175781,85.97000122070312,83.12000274658203,84.41000366210938,0,0.0,0.0
2019-04-22 00:00:00-04:00,87.54000091552734,88.30000305175781,82.93000030517578,83.2699966430664,0,0.0,0.0
2019-04-23 00:00:00-04:00,83.30000305175781,83.30999755859375,80.6500015258789,81.43000030517578,0,0.0,0.0
2019-04-24 00:00:00-04:00,81.55999755859375,85.94000244140625,81.12999725341797,85.16999816894531,0,0.0,0.0
2019-04-25 00:00:00-04:00,85.19000244140625,88.87000274658203,85.19000244140625,86.94000244140625,0,0.0,0.0
2019-04-26 00:00:00-04:00,86.27999877929688,87.2300033569336,82.94000244140625,84.08999633789062,0,0.0,0.0
2019-04-29 00:00:00-04:00,85.91000366210938,86.4000015258789,83.52999877929688,86.08000183105469,0,0.0,0.0
2019-04-30 00:00:00-04:00,86.44000244140625,89.25,85.30999755859375,88.55999755859375,0,0.0,0.0
2019-05-01 00:00:00-04:00,87.30999755859375,96.61000061035156,85.81999969482422,95.75,0,0.0,0.0
2019-05-02 00:00:00-04:00,93.6500015258789,100.27999877929688,92.19000244140625,93.0199966430664,0,0.0,0.0
2019-05-03 00:00:00-04:00,89.43000030517578,89.43000030517578,85.86000061035156,86.2300033569336,0,0.0,0.0
2019-05-06 00:00:00-04:00,99.79000091552734,99.79000091552734,93.01000213623047,94.8499984741211,0,0.0,0.0
2019-05-07 00:00:00-04:00,98.88999938964844,117.62999725341797,98.54000091552734,111.54000091552734,0,0.0,0.0
2019-05-08 00:00:00-04:00,112.12999725341797,113.26000213623047,104.58000183105469,106.4800033569336,0,0.0,0.0
2019-05-09 00:00:00-04:00,111.80999755859375,114.80000305175781,102.29000091552734,102.91999816894531,0,0.0,0.0
2019-05-10 00:00:00-04:00,103.62000274658203,105.44000244140625,93.43000030517578,96.01000213623047,0,0.0,0.0
2019-05-13 00:00:00-04:00,106.05999755859375,107.5999984741211,102.16999816894531,105.5999984741211,0,0.0,0.0
2019-05-14 00:00:00-04:00,105.2699966430664,105.2699966430664,95.5199966430664,97.26000213623047,0,0.0,0.0
2019-05-15 00:00:00-04:00,101.73999786376953,102.3499984741211,94.12000274658203,94.52999877929688,0,0.0,0.0
2019-05-16 00:00:00-04:00,94.54000091552734,94.54000091552734,89.80000305175781,94.2300033569336,0,0.0,0.0
2019-05-17 00:00:00-04:00,97.0999984741211,99.3499984741211,93.6500015258789,99.12000274658203,0,0.0,0.0
2019-05-20 00:00:00-04:00,101.7300033569336,102.93000030517578,96.16999816894531,96.83000183105469,0,0.0,0.0
2019-05-21 00:00:00-04:00,94.19000244140625,94.58999633789062,90.29000091552734,92.37999725341797,0,0.0,0.0
2019-05-22 00:00:00-04:00,92.9000015258789,94.41999816894531,88.43000030517578,89.30000305175781,0,0.0,0.0
2019-05-23 00:00:00-04:00,93.87000274658203,97.04000091552734,91.91000366210938,94.9800033569336,0,0.0,0.0
2019-05-24 00:00:00-04:00,92.0199966430664,93.55000305175781,89.93000030517578,90.19000244140625,0,0.0,0.0
2019-05-28 00:00:00-04:00,90.02999877929688,95.66999816894531,90.02999877929688,95.08000183105469,0,0.0,0.0
2019-05-29 00:00:00-04:00,97.95999908447266,98.58000183105469,93.2699966430664,93.83000183105469,0,0.0,0.0
2019-05-30 00:00:00-04:00,92.12000274658203,94.20999908447266,90.38999938964844,92.77999877929688,0,0.0,0.0
2019-05-31 00:00:00-04:00,98.7699966430664,99.70999908447266,93.76000213623047,96.72000122070312,0,0.0,0.0
2019-06-03 00:00:00-04:00,98.22000122070312,98.62999725341797,94.05999755859375,96.02999877929688,0,0.0,0.0
2019-06-04 00:00:00-04:00,93.63999938964844,94.37999725341797,88.77999877929688,88.93000030517578,0,0.0,0.0
2019-06-05 00:00:00-04:00,88.20999908447266,90.4800033569336,86.69000244140625,86.72000122070312,0,0.0,0.0
2019-06-06 00:00:00-04:00,87.02999877929688,87.4800033569336,85.88999938964844,86.11000061035156,0,0.0,0.0
2019-06-07 00:00:00-04:00,85.19999694824219,86.30999755859375,84.2300033569336,86.0,0,0.0,0.0
2019-06-10 00:00:00-04:00,86.95999908447266,86.95999908447266,82.88999938964844,83.86000061035156,0,0.0,0.0
2019-06-11 00:00:00-04:00,83.45999908447266,86.58000183105469,82.91999816894531,84.94999694824219,0,0.0,0.0
2019-06-12 00:00:00-04:00,88.93000030517578,89.37999725341797,85.5199966430664,86.19999694824219,0,0.0,0.0
2019-06-13 00:00:00-04:00,84.7699966430664,85.66999816894531,83.55000305175781,84.7300033569336,0,0.0,0.0
2019-06-14 00:00:00-04:00,85.69999694824219,86.18000030517578,82.29000091552734,82.56999969482422,0,0.0,0.0
2019-06-17 00:00:00-04:00,83.80999755859375,84.41000366210938,81.79000091552734,83.4800033569336,0,0.0,0.0
2019-06-18 00:00:00-04:00,83.30000305175781,87.86000061035156,82.52999877929688,87.37000274658203,0,0.0,0.0
2019-06-19 00:00:00-04:00,86.68000030517578,87.72000122070312,81.70999908447266,84.58000183105469,0,0.0,0.0
2019-06-20 00:00:00-04:00,83.2300033569336,87.0,80.93000030517578,81.20999908447266,0,0.0,0.0
2019-06-21 00:00:00-04:00,82.55000305175781,83.37000274658203,79.33000183105469,83.13999938964844,0,0.0,0.0
2019-06-24 00:00:00-04:00,83.75,83.87999725341797,81.48999786376953,82.58999633789062,0,0.0,0.0
2019-06-25 00:00:00-04:00,82.97000122070312,85.33999633789062,82.54000091552734,85.16000366210938,0,0.0,0.0
2019-06-26 00:00:00-04:00,85.18000030517578,85.87000274658203,83.12999725341797,85.36000061035156,0,0.0,0.0
2019-06-27 00:00:00-04:00,85.30000305175781,87.62000274658203,84.19999694824219,86.5199966430664,0,0.0,0.0
2019-06-28 00:00:00-04:00,86.62999725341797,87.81999969482422,85.69000244140625,85.77999877929688,0,0.0,0.0
2019-07-01 00:00:00-04:00,80.55999755859375,81.41999816894531,77.7699966430664,79.58000183105469,0,0.0,0.0
2019-07-02 00:00:00-04:00,78.76000213623047,79.22000122070312,75.37000274658203,78.22000122070312,0,0.0,0.0
2019-07-03 00:00:00-04:00,79.01000213623047,80.0999984741211,78.68000030517578,80.04000091552734,0,0.0,0.0
2019-07-08 00:00:00-04:00,83.94999694824219,84.37999725341797,81.66999816894531,83.66000366210938,0,0.0,0.0
2019-07-09 00:00:00-04:00,85.56999969482422,85.68000030517578,81.62999725341797,82.30999755859375,0,0.0,0.0
2019-07-10 00:00:00-04:00,82.26000213623047,86.0,82.26000213623047,85.97000122070312,0,0.0,0.0
2019-07-11 00:00:00-04:00,85.18000030517578,89.62999725341797,84.7699966430664,88.19999694824219,0,0.0,0.0
2019-07-12 00:00:00-04:00,86.37000274658203,88.54000091552734,85.87999725341797,86.13999938964844,0,0.0,0.0
2019-07-15 00:00:00-04:00,86.86000061035156,87.9800033569336,85.41999816894531,86.19999694824219,0,0.0,0.0
2019-07-16 00:00:00-04:00,85.7699966430664,89.11000061035156,84.66000366210938,88.25,0,0.0,0.0
2019-07-17 00:00:00-04:00,87.0999984741211,90.3499984741211,85.98999786376953,90.3499984741211,0,0.0,0.0
2019-07-18 00:00:00-04:00,90.3499984741211,90.3499984741211,83.80000305175781,84.04000091552734,0,0.0,0.0
2019-07-19 00:00:00-04:00,84.04000091552734,86.9800033569336,82.94999694824219,86.7699966430664,0,0.0,0.0
2019-07-22 00:00:00-04:00,86.7699966430664,87.2300033569336,81.08999633789062,81.22000122070312,0,0.0,0.0
2019-07-23 00:00:00-04:00,80.36000061035156,82.12999725341797,78.72000122070312,78.98999786376953,0,0.0,0.0
2019-07-24 00:00:00-04:00,80.19999694824219,84.13999938964844,77.05000305175781,83.88999938964844,0,0.0,0.0
2019-07-25 00:00:00-04:00,84.55000305175781,89.72000122070312,83.44999694824219,84.30000305175781,0,0.0,0.0
2019-07-26 00:00:00-04:00,82.75,83.73999786376953,79.70999908447266,83.11000061035156,0,0.0,0.0
2019-07-29 00:00:00-04:00,85.30000305175781,88.16999816894531,84.38999938964844,88.16000366210938,0,0.0,0.0
2019-07-30 00:00:00-04:00,90.69999694824219,91.8499984741211,87.70999908447266,91.58000183105469,0,0.0,0.0
2019-07-31 00:00:00-04:00,91.8499984741211,98.68000030517578,86.95999908447266,96.27999877929688,0,0.0,0.0
2019-08-01 00:00:00-04:00,95.48999786376953,111.33000183105469,90.47000122070312,105.47000122070312,0,0.0,0.0
2019-08-02 00:00:00-04:00,103.7300033569336,111.95999908447266,102.55000305175781,102.69000244140625,0,0.0,0.0
2019-08-05 00:00:00-04:00,110.37000274658203,114.95999908447266,109.2300033569336,114.4000015258789,0,0.0,0.0
2019-08-06 00:00:00-04:00,106.33999633789062,111.02999877929688,104.9000015258789,107.44999694824219,0,0.0,0.0
2019-08-07 00:00:00-04:00,110.86000061035156,113.3499984741211,103.31999969482422,104.2699966430664,0,0.0,0.0
2019-08-08 00:00:00-04:00,102.01000213623047,102.30999755859375,98.11000061035156,98.66000366210938,0,0.0,0.0
2019-08-09 00:00:00-04:00,98.66000366210938,104.77999877929688,98.36000061035156,101.5199966430664,0,0.0,0.0
2019-08-12 00:00:00-04:00,103.5199966430664,105.36000061035156,103.06999969482422,105.30999755859375,0,0.0,0.0
2019-08-13 00:00:00-04:00,109.47000122070312,109.47000122070312,99.86000061035156,102.20999908447266,0,0.0,0.0
2019-08-14 00:00:00-04:00,102.36000061035156,116.36000061035156,102.36000061035156,113.98999786376953,0,0.0,0.0
2019-08-15 00:00:00-04:00,112.75,117.3499984741211,111.4800033569336,112.26000213623047,0,0.0,0.0
2019-08-16 00:00:00-04:00,112.26000213623047,112.41999816894531,107.62999725341797,110.31999969482422,0,0.0,0.0
2019-08-19 00:00:00-04:00,106.33000183105469,106.41000366210938,100.26000213623047,101.22000122070312,0,0.0,0.0
2019-08-20 00:00:00-04:00,102.30000305175781,105.0999984741211,100.04000091552734,104.7699966430664,0,0.0,0.0
2019-08-21 00:00:00-04:00,100.7699966430664,101.05999755859375,97.62000274658203,98.02999877929688,0,0.0,0.0
2019-08-22 00:00:00-04:00,97.83000183105469,102.5999984741211,97.69999694824219,100.94000244140625,0,0.0,0.0
2019-08-23 00:00:00-04:00,104.02999877929688,115.2699966430664,99.0999984741211,111.37000274658203,0,0.0,0.0
2019-08-26 00:00:00-04:00,109.97000122070312,112.37000274658203,105.97000122070312,106.2699966430664,0,0.0,0.0
2019-08-27 00:00:00-04:00,106.70999908447266,107.94999694824219,103.13999938964844,106.48999786376953,0,0.0,0.0
2019-08-28 00:00:00-04:00,107.27999877929688,108.44999694824219,103.36000061035156,103.94999694824219,0,0.0,0.0
2019-08-29 00:00:00-04:00,101.41000366210938,102.83999633789062,99.30999755859375,99.80000305175781,0,0.0,0.0
2019-08-30 00:00:00-04:00,99.80000305175781,102.94999694824219,98.27999877929688,102.66000366210938,0,0.0,0.0
2019-09-03 00:00:00-04:00,102.4800033569336,106.13999938964844,102.02999877929688,102.19000244140625,0,0.0,0.0
2019-09-04 00:00:00-04:00,99.51000213623047,99.80000305175781,96.68000030517578,97.30000305175781,0,0.0,0.0
2019-09-05 00:00:00-04:00,97.3499984741211,97.3499984741211,94.11000061035156,95.51000213623047,0,0.0,0.0
2019-09-06 00:00:00-04:00,94.9000015258789,98.05000305175781,94.26000213623047,94.4000015258789,0,0.0,0.0
2019-09-09 00:00:00-04:00,94.4800033569336,96.41000366210938,92.13999938964844,94.5,0,0.0,0.0
2019-09-10 00:00:00-04:00,95.6500015258789,97.0,93.63999938964844,93.8499984741211,0,0.0,0.0
2019-09-11 00:00:00-04:00,98.9800033569336,98.9800033569336,95.61000061035156,97.79000091552734,0,0.0,0.0
2019-09-12 00:00:00-04:00,96.4800033569336,97.51000213623047,93.83000183105469,95.94000244140625,0,0.0,0.0
2019-09-13 00:00:00-04:00,94.86000061035156,100.52999877929688,93.91000366210938,98.93000030517578,0,0.0,0.0
2019-09-16 00:00:00-04:00,99.51000213623047,102.22000122070312,98.94000244140625,101.7300033569336,0,0.0,0.0
2019-09-17 00:00:00-04:00,101.86000061035156,102.6500015258789,100.51000213623047,101.66999816894531,0,0.0,0.0
2019-09-18 00:00:00-04:00,102.22000122070312,105.68000030517578,98.76000213623047,99.08999633789062,0,0.0,0.0
2019-09-19 00:00:00-04:00,99.1500015258789,99.1500015258789,96.19000244140625,97.30000305175781,0,0.0,0.0
2019-09-20 00:00:00-04:00,96.62000274658203,102.30000305175781,95.43000030517578,101.02999877929688,0,0.0,0.0
2019-09-23 00:00:00-04:00,101.04000091552734,101.04000091552734,97.55999755859375,97.5999984741211,0,0.0,0.0
2019-09-24 00:00:00-04:00,96.30999755859375,108.37999725341797,95.9000015258789,104.95999908447266,0,0.0,0.0
2019-09-25 00:00:00-04:00,104.77999877929688,107.16999816894531,99.33000183105469,99.68000030517578,0,0.0,0.0
2019-09-26 00:00:00-04:00,100.37000274658203,102.25,98.69999694824219,100.30999755859375,0,0.0,0.0
2019-09-27 00:00:00-04:00,100.04000091552734,106.01000213623047,97.58000183105469,103.19999694824219,0,0.0,0.0
2019-09-30 00:00:00-04:00,103.44999694824219,103.44999694824219,97.62000274658203,97.62000274658203,0,0.0,0.0
2019-10-01 00:00:00-04:00,97.75,102.73999786376953,95.56999969482422,102.73999786376953,0,0.0,0.0
2019-10-02 00:00:00-04:00,104.52999877929688,105.44999694824219,101.12000274658203,103.80999755859375,0,0.0,0.0
2019-10-03 00:00:00-04:00,103.69000244140625,104.81999969482422,97.79000091552734,98.19999694824219,0,0.0,0.0
2019-10-04 00:00:00-04:00,97.86000061035156,97.86000061035156,93.8499984741211,95.19000244140625,0,0.0,0.0
2019-10-07 00:00:00-04:00,95.1500015258789,98.41999816894531,95.1500015258789,97.04000091552734,0,0.0,0.0
2019-10-08 00:00:00-04:00,97.29000091552734,102.3499984741211,97.29000091552734,102.2699966430664,0,0.0,0.0
2019-10-09 00:00:00-04:00,102.2699966430664,106.7300033569336,99.48999786376953,101.25,0,0.0,0.0
2019-10-10 00:00:00-04:00,101.33999633789062,102.4800033569336,99.02999877929688,99.66000366210938,0,0.0,0.0
2019-10-11 00:00:00-04:00,99.81999969482422,99.81999969482422,94.31999969482422,97.69999694824219,0,0.0,0.0
2019-10-14 00:00:00-04:00,97.81999969482422,98.62999725341797,94.25,94.43000030517578,0,0.0,0.0
2019-10-15 00:00:00-04:00,94.43000030517578,94.52999877929688,92.05000305175781,93.9800033569336,0,0.0,0.0
2019-10-16 00:00:00-04:00,94.51000213623047,95.94000244140625,92.98999786376953,93.16000366210938,0,0.0,0.0
2019-10-17 00:00:00-04:00,93.16000366210938,93.30000305175781,89.51000213623047,90.2699966430664,0,0.0,0.0
2019-10-18 00:00:00-04:00,90.23999786376953,92.19999694824219,89.69999694824219,91.19999694824219,0,0.0,0.0
2019-10-21 00:00:00-04:00,91.20999908447266,91.3499984741211,87.87999725341797,88.0999984741211,0,0.0,0.0
2019-10-22 00:00:00-04:00,87.2699966430664,89.75,85.73999786376953,89.31999969482422,0,0.0,0.0
2019-10-23 00:00:00-04:00,89.2300033569336,89.75,87.29000091552734,87.58999633789062,0,0.0,0.0
2019-10-24 00:00:00-04:00,87.16999816894531,88.36000061035156,85.23999786376953,86.55000305175781,0,0.0,0.0
2019-10-25 00:00:00-04:00,86.70999908447266,86.97000122070312,83.37999725341797,83.81999969482422,0,0.0,0.0
2019-10-28 00:00:00-04:00,83.88999938964844,86.91000366210938,83.88999938964844,86.4800033569336,0,0.0,0.0
2019-10-29 00:00:00-04:00,86.58999633789062,88.16000366210938,86.16999816894531,87.75,0,0.0,0.0
2019-10-30 00:00:00-04:00,87.66000366210938,89.33999633789062,86.38999938964844,86.47000122070312,0,0.0,0.0
2019-10-31 00:00:00-04:00,86.47000122070312,90.31999969482422,86.47000122070312,88.91999816894531,0,0.0,0.0
2019-11-01 00:00:00-04:00,88.86000061035156,88.86000061035156,84.83999633789062,85.69000244140625,0,0.0,0.0
2019-11-04 00:00:00-05:00,85.76000213623047,88.75,85.76000213623047,88.75,0,0.0,0.0
2019-11-05 00:00:00-05:00,88.73999786376953,91.08000183105469,88.69999694824219,90.9800033569336,0,0.0,0.0
2019-11-06 00:00:00-05:00,90.83000183105469,91.79000091552734,89.58999633789062,89.58999633789062,0,0.0,0.0
2019-11-07 00:00:00-05:00,89.77999877929688,90.76000213623047,88.81999969482422,90.1500015258789,0,0.0,0.0
2019-11-08 00:00:00-05:00,90.27999877929688,91.0999984741211,88.22000122070312,89.05999755859375,0,0.0,0.0
2019-11-11 00:00:00-05:00,89.05999755859375,93.5999984741211,89.05999755859375,89.55999755859375,0,0.0,0.0
2019-11-12 00:00:00-05:00,89.73999786376953,90.87000274658203,88.83999633789062,90.3499984741211,0,0.0,0.0
2019-11-13 00:00:00-05:00,90.44000244140625,95.12999725341797,90.44000244140625,93.5,0,0.0,0.0
2019-11-14 00:00:00-05:00,93.62999725341797,95.91000366210938,92.31999969482422,93.44999694824219,0,0.0,0.0
2019-11-15 00:00:00-05:00,93.44999694824219,93.56999969482422,91.36000061035156,93.3499984741211,0,0.0,0.0
2019-11-18 00:00:00-05:00,93.3499984741211,94.93000030517578,93.31999969482422,93.98999786376953,0,0.0,0.0
2019-11-19 00:00:00-05:00,93.8499984741211,96.2699966430664,93.58999633789062,95.94999694824219,0,0.0,0.0
2019-11-20 00:00:00-05:00,95.69999694824219,99.08999633789062,94.05999755859375,95.36000061035156,0,0.0,0.0
2019-11-21 00:00:00-05:00,95.36000061035156,97.12000274658203,95.36000061035156,96.08999633789062,0,0.0,0.0
2019-11-22 00:00:00-05:00,95.83999633789062,95.83999633789062,93.33000183105469,94.4000015258789,0,0.0,0.0
2019-11-25 00:00:00-05:00,94.31999969482422,94.31999969482422,89.83999633789062,90.23999786376953,0,0.0,0.0
2019-11-26 00:00:00-05:00,90.22000122070312,90.47000122070312,88.5,89.87999725341797,0,0.0,0.0
2019-11-27 00:00:00-05:00,89.12000274658203,90.45999908447266,88.81999969482422,90.19999694824219,0,0.0,0.0
2019-11-29 00:00:00-05:00,91.0,91.41999816894531,89.87000274658203,91.05000305175781,0,0.0,0.0
2019-12-02 00:00:00-05:00,90.95999908447266,99.16000366210938,90.95999908447266,98.91000366210938,0,0.0,0.0
2019-12-03 00:00:00-05:00,98.91000366210938,105.44000244140625,98.91000366210938,102.6500015258789,0,0.0,0.0
2019-12-04 00:00:00-05:00,102.81999969482422,102.81999969482422,95.52999877929688,98.72000122070312,0,0.0,0.0
2019-12-05 00:00:00-05:00,98.69000244140625,99.98999786376953,97.45999908447266,98.12000274658203,0,0.0,0.0
2019-12-06 00:00:00-05:00,98.13999938964844,98.13999938964844,94.16000366210938,96.5199966430664,0,0.0,0.0
2019-12-09 00:00:00-05:00,97.93000030517578,102.54000091552734,96.36000061035156,101.88999938964844,0,0.0,0.0
2019-12-10 00:00:00-05:00,100.48999786376953,102.31999969482422,99.69999694824219,101.02999877929688,0,0.0,0.0
2019-12-11 00:00:00-05:00,104.87999725341797,105.72000122070312,103.98999786376953,104.81999969482422,0,0.0,0.0
2019-12-12 00:00:00-05:00,105.2300033569336,105.93000030517578,99.7300033569336,101.30000305175781,0,0.0,0.0
2019-12-13 00:00:00-05:00,101.69000244140625,103.20999908447266,96.61000061035156,96.61000061035156,0,0.0,0.0
2019-12-16 00:00:00-05:00,95.33000183105469,95.37000274658203,93.23999786376953,94.20999908447266,0,0.0,0.0
2019-12-17 00:00:00-05:00,93.95999908447266,98.95999908447266,92.43000030517578,98.55999755859375,0,0.0,0.0
2019-12-18 00:00:00-05:00,96.80999755859375,100.44999694824219,96.55999755859375,99.19999694824219,0,0.0,0.0
2019-12-19 00:00:00-05:00,99.63999938964844,100.04000091552734,97.0199966430664,97.25,0,0.0,0.0
2019-12-20 00:00:00-05:00,96.80999755859375,100.0199966430664,96.5999984741211,99.29000091552734,0,0.0,0.0
2019-12-23 00:00:00-05:00,99.73999786376953,100.19000244140625,98.54000091552734,99.81999969482422,0,0.0,0.0
2019-12-24 00:00:00-05:00,99.45999908447266,100.18000030517578,98.52999877929688,98.83000183105469,0,0.0,0.0
2019-12-26 00:00:00-05:00,98.13999938964844,98.4800033569336,97.13999938964844,97.45999908447266,0,0.0,0.0
2019-12-27 00:00:00-05:00,96.95999908447266,99.83000183105469,96.95999908447266,99.62999725341797,0,0.0,0.0
2019-12-30 00:00:00-05:00,99.7699966430664,102.68000030517578,98.94000244140625,100.0199966430664,0,0.0,0.0
2019-12-31 00:00:00-05:00,100.11000061035156,100.19000244140625,94.08000183105469,94.0999984741211,0,0.0,0.0
2020-01-02 00:00:00-05:00,92.66000366210938,93.6500015258789,88.93000030517578,89.66999816894531,0,0.0,0.0
2020-01-03 00:00:00-05:00,99.91999816894531,99.91999816894531,90.68000030517578,93.79000091552734,0,0.0,0.0
2020-01-06 00:00:00-05:00,96.37000274658203,96.41000366210938,92.1500015258789,92.66000366210938,0,0.0,0.0
2020-01-07 00:00:00-05:00,92.80000305175781,93.44000244140625,89.66000366210938,91.06999969482422,0,0.0,0.0
2020-01-08 00:00:00-05:00,90.33000183105469,91.56999969482422,86.70999908447266,90.20999908447266,0,0.0,0.0
2020-01-09 00:00:00-05:00,88.8499984741211,90.58999633789062,87.7300033569336,87.80999755859375,0,0.0,0.0
2020-01-10 00:00:00-05:00,88.38999938964844,88.93000030517578,86.72000122070312,88.33000183105469,0,0.0,0.0
2020-01-13 00:00:00-05:00,89.37999725341797,90.30999755859375,87.94000244140625,88.4800033569336,0,0.0,0.0
2020-01-14 00:00:00-05:00,88.54000091552734,88.54000091552734,85.30999755859375,86.87000274658203,0,0.0,0.0
2020-01-15 00:00:00-05:00,90.62000274658203,91.68000030517578,88.9000015258789,91.1500015258789,0,0.0,0.0
2020-01-16 00:00:00-05:00,89.75,90.97000122070312,88.7699966430664,90.37999725341797,0,0.0,0.0
2020-01-17 00:00:00-05:00,90.01000213623047,93.36000061035156,89.73999786376953,91.75,0,0.0,0.0
2020-01-21 00:00:00-05:00,93.5999984741211,93.5999984741211,90.69000244140625,92.9800033569336,0,0.0,0.0
2020-01-22 00:00:00-05:00,90.87999725341797,92.4800033569336,90.04000091552734,91.11000061035156,0,0.0,0.0
2020-01-23 00:00:00-05:00,90.86000061035156,94.69000244140625,90.86000061035156,92.54000091552734,0,0.0,0.0
2020-01-24 00:00:00-05:00,91.80000305175781,100.58999633789062,91.56999969482422,98.43000030517578,0,0.0,0.0
2020-01-27 00:00:00-05:00,98.23999786376953,107.56999969482422,98.23999786376953,107.38999938964844,0,0.0,0.0
2020-01-28 00:00:00-05:00,105.12999725341797,105.30999755859375,99.94000244140625,102.11000061035156,0,0.0,0.0
2020-01-29 00:00:00-05:00,99.55000305175781,101.52999877929688,96.73999786376953,99.06999969482422,0,0.0,0.0
2020-01-30 00:00:00-05:00,101.94999694824219,104.04000091552734,96.38999938964844,96.48999786376953,0,0.0,0.0
2020-01-31 00:00:00-05:00,99.30999755859375,112.0199966430664,99.0199966430664,105.5999984741211,0,0.0,0.0
2020-02-03 00:00:00-05:00,104.08000183105469,104.0999984741211,99.3499984741211,102.94999694824219,0,0.0,0.0
2020-02-04 00:00:00-05:00,97.45999908447266,98.08000183105469,94.61000061035156,96.18000030517578,0,0.0,0.0
2020-02-05 00:00:00-05:00,92.6500015258789,94.22000122070312,92.12999725341797,92.81999969482422,0,0.0,0.0
2020-02-06 00:00:00-05:00,91.19999694824219,93.83999633789062,91.0,93.61000061035156,0,0.0,0.0
2020-02-07 00:00:00-05:00,96.16000366210938,98.22000122070312,94.73999786376953,96.01000213623047,0,0.0,0.0
2020-02-10 00:00:00-05:00,99.45999908447266,99.45999908447266,95.2699966430664,96.80999755859375,0,0.0,0.0
2020-02-11 00:00:00-05:00,96.0199966430664,97.30999755859375,94.26000213623047,96.95999908447266,0,0.0,0.0
2020-02-12 00:00:00-05:00,99.62999725341797,99.66999816894531,96.6500015258789,96.6500015258789,0,0.0,0.0
2020-02-13 00:00:00-05:00,100.02999877929688,100.02999877929688,97.94000244140625,99.16999816894531,0,0.0,0.0
2020-02-14 00:00:00-05:00,97.48999786376953,99.2699966430664,97.30000305175781,98.16999816894531,0,0.0,0.0
2020-02-18 00:00:00-05:00,98.68000030517578,101.94999694824219,97.55999755859375,101.0199966430664,0,0.0,0.0
2020-02-19 00:00:00-05:00,97.86000061035156,98.75,95.76000213623047,95.91999816894531,0,0.0,0.0
2020-02-20 00:00:00-05:00,95.88999938964844,102.0199966430664,95.06999969482422,99.4800033569336,0,0.0,0.0
2020-02-21 00:00:00-05:00,101.33999633789062,106.86000061035156,100.98999786376953,104.86000061035156,0,0.0,0.0
2020-02-24 00:00:00-05:00,118.12999725341797,118.12999725341797,110.44999694824219,112.72000122070312,0,0.0,0.0
2020-02-25 00:00:00-05:00,110.9000015258789,126.0999984741211,110.9000015258789,121.01000213623047,0,0.0,0.0
2020-02-26 00:00:00-05:00,119.08999633789062,119.08999633789062,111.44000244140625,113.44000244140625,0,0.0,0.0
2020-02-27 00:00:00-05:00,117.68000030517578,120.73999786376953,109.41999816894531,118.0,0,0.0,0.0
2020-02-28 00:00:00-05:00,120.13999938964844,133.0500030517578,116.61000061035156,125.7300033569336,0,0.0,0.0
2020-03-02 00:00:00-05:00,124.94000244140625,125.83999633789062,113.76000213623047,114.69000244140625,0,0.0,0.0
2020-03-03 00:00:00-05:00,113.69999694824219,118.12000274658203,108.58999633789062,116.72000122070312,0,0.0,0.0
2020-03-04 00:00:00-05:00,111.5,114.91999816894531,111.26000213623047,113.97000122070312,0,0.0,0.0
2020-03-05 00:00:00-05:00,114.5999984741211,122.55000305175781,113.44000244140625,119.66000366210938,0,0.0,0.0
2020-03-06 00:00:00-05:00,127.81999969482422,132.75,123.6500015258789,127.16000366210938,0,0.0,0.0
2020-03-09 00:00:00-04:00,130.47000122070312,160.5399932861328,127.62000274658203,137.19000244140625,0,0.0,0.0
2020-03-10 00:00:00-04:00,138.72000122070312,143.38999938964844,134.64999389648438,138.82000732421875,0,0.0,0.0
2020-03-11 00:00:00-04:00,149.22000122070312,149.41000366210938,144.44000244140625,146.92999267578125,0,0.0,0.0
2020-03-12 00:00:00-04:00,153.64999389648438,157.8800048828125,151.24000549316406,155.0500030517578,0,0.0,0.0
2020-03-13 00:00:00-04:00,151.7899932861328,181.74000549316406,151.3000030517578,171.27999877929688,0,0.0,0.0
2020-03-16 00:00:00-04:00,171.27999877929688,209.75999450683594,171.27999877929688,207.58999633789062,0,0.0,0.0
2020-03-17 00:00:00-04:00,203.02999877929688,205.2899932861328,187.27000427246094,194.42999267578125,0,0.0,0.0
2020-03-18 00:00:00-04:00,193.24000549316406,199.63999938964844,155.19000244140625,181.3300018310547,0,0.0,0.0
2020-03-19 00:00:00-04:00,181.64999389648438,184.17999267578125,167.3800048828125,181.75999450683594,0,0.0,0.0
2020-03-20 00:00:00-04:00,181.1999969482422,192.1699981689453,174.35000610351562,187.17999267578125,0,0.0,0.0
2020-03-23 00:00:00-04:00,186.08999633789062,187.47000122070312,161.9600067138672,167.92999267578125,0,0.0,0.0
2020-03-24 00:00:00-04:00,160.32000732421875,174.83999633789062,152.2100067138672,171.91000366210938,0,0.0,0.0
2020-03-25 00:00:00-04:00,173.13999938964844,177.25999450683594,164.57000732421875,171.88999938964844,0,0.0,0.0
2020-03-26 00:00:00-04:00,167.9199981689453,170.52999877929688,165.57000732421875,169.5800018310547,0,0.0,0.0
2020-03-27 00:00:00-04:00,173.3800048828125,176.05999755859375,166.42999267578125,168.7100067138672,0,0.0,0.0
2020-03-30 00:00:00-04:00,168.25,168.4199981689453,156.64999389648438,157.66000366210938,0,0.0,0.0
2020-03-31 00:00:00-04:00,157.25999450683594,157.39999389648438,152.6699981689453,152.9199981689453,0,0.0,0.0
2020-04-01 00:00:00-04:00,156.4600067138672,158.16000366210938,152.00999450683594,156.99000549316406,0,0.0,0.0
2020-04-02 00:00:00-04:00,155.57000732421875,155.85000610351562,147.25,147.3300018310547,0,0.0,0.0
2020-04-03 00:00:00-04:00,146.58999633789062,146.58999633789062,143.3300018310547,143.52000427246094,0,0.0,0.0
2020-04-06 00:00:00-04:00,142.3800048828125,146.6199951171875,141.58999633789062,143.3000030517578,0,0.0,0.0
2020-04-07 00:00:00-04:00,141.77999877929688,142.02000427246094,132.6300048828125,134.4499969482422,0,0.0,0.0
2020-04-08 00:00:00-04:00,146.17999267578125,146.17999267578125,138.38999938964844,141.3699951171875,0,0.0,0.0
2020-04-09 00:00:00-04:00,141.19000244140625,141.86000061035156,137.36000061035156,137.75,0,0.0,0.0
2020-04-13 00:00:00-04:00,138.64999389648438,139.8800048828125,137.77000427246094,138.67999267578125,0,0.0,0.0
2020-04-14 00:00:00-04:00,138.67999267578125,138.67999267578125,131.47000122070312,131.77999877929688,0,0.0,0.0
2020-04-15 00:00:00-04:00,137.64999389648438,140.89999389648438,135.44000244140625,135.92999267578125,0,0.0,0.0
2020-04-16 00:00:00-04:00,134.8300018310547,134.92999267578125,129.47999572753906,129.5500030517578,0,0.0,0.0
2020-04-17 00:00:00-04:00,127.05999755859375,129.74000549316406,125.97000122070312,127.1500015258789,0,0.0,0.0
2020-04-20 00:00:00-04:00,126.9800033569336,132.5,124.3499984741211,132.0399932861328,0,0.0,0.0
2020-04-21 00:00:00-04:00,135.22999572753906,136.60000610351562,130.8800048828125,132.22000122070312,0,0.0,0.0
2020-04-22 00:00:00-04:00,130.22000122070312,130.52999877929688,123.91999816894531,124.0999984741211,0,0.0,0.0
2020-04-23 00:00:00-04:00,122.55999755859375,122.95999908447266,116.4800033569336,121.86000061035156,0,0.0,0.0
2020-04-24 00:00:00-04:00,119.83999633789062,120.25,115.77999877929688,119.87999725341797,0,0.0,0.0
2020-04-27 00:00:00-04:00,120.81999969482422,122.05999755859375,117.73999786376953,120.55999755859375,0,0.0,0.0
2020-04-28 00:00:00-04:00,120.56999969482422,120.56999969482422,117.38999938964844,117.79000091552734,0,0.0,0.0
2020-04-29 00:00:00-04:00,114.0999984741211,116.36000061035156,113.9800033569336,115.9800033569336,0,0.0,0.0
2020-04-30 00:00:00-04:00,118.70999908447266,119.91999816894531,117.19000244140625,118.52999877929688,0,0.0,0.0
2020-05-01 00:00:00-04:00,123.37999725341797,123.37999725341797,120.08000183105469,122.1500015258789,0,0.0,0.0
2020-05-04 00:00:00-04:00,124.91999816894531,125.25,120.55000305175781,121.25,0,0.0,0.0
2020-05-05 00:00:00-04:00,119.79000091552734,119.88999938964844,116.94000244140625,118.87000274658203,0,0.0,0.0
2020-05-06 00:00:00-04:00,117.62000274658203,120.18000030517578,117.19999694824219,119.16000366210938,0,0.0,0.0
2020-05-07 00:00:00-04:00,116.75,117.11000061035156,115.02999877929688,115.83000183105469,0,0.0,0.0
2020-05-08 00:00:00-04:00,114.81999969482422,116.5,114.08000183105469,115.6500015258789,0,0.0,0.0
2020-05-11 00:00:00-04:00,120.58000183105469,120.66999816894531,117.5999984741211,118.70999908447266,0,0.0,0.0
2020-05-12 00:00:00-04:00,118.05999755859375,130.75,117.80999755859375,130.75,0,0.0,0.0
2020-05-13 00:00:00-04:00,133.97999572753906,146.27000427246094,133.97999572753906,142.75,0,0.0,0.0
2020-05-14 00:00:00-04:00,145.17999267578125,149.02000427246094,136.77999877929688,137.0500030517578,0,0.0,0.0
2020-05-15 00:00:00-04:00,140.77000427246094,141.30999755859375,130.9499969482422,133.02000427246094,0,0.0,0.0
2020-05-18 00:00:00-04:00,128.22000122070312,128.3800048828125,124.05999755859375,125.9000015258789,0,0.0,0.0
2020-05-19 00:00:00-04:00,125.88999938964844,126.26000213623047,122.08999633789062,125.5999984741211,0,0.0,0.0
2020-05-20 00:00:00-04:00,121.52999877929688,122.66000366210938,119.6500015258789,120.04000091552734,0,0.0,0.0
2020-05-21 00:00:00-04:00,119.97000122070312,123.62999725341797,118.79000091552734,122.08000183105469,0,0.0,0.0
2020-05-22 00:00:00-04:00,120.87999725341797,121.66999816894531,117.87999725341797,118.37999725341797,0,0.0,0.0
2020-05-26 00:00:00-04:00,118.37999725341797,118.37999725341797,113.58999633789062,113.58999633789062,0,0.0,0.0
2020-05-27 00:00:00-04:00,112.73999786376953,115.31999969482422,109.38999938964844,109.81999969482422,0,0.0,0.0
2020-05-28 00:00:00-04:00,110.41000366210938,111.05999755859375,106.44000244140625,108.98999786376953,0,0.0,0.0
2020-05-29 00:00:00-04:00,109.48999786376953,109.87999725341797,105.5999984741211,105.5999984741211,0,0.0,0.0
2020-06-01 00:00:00-04:00,109.66000366210938,109.66000366210938,105.7699966430664,106.47000122070312,0,0.0,0.0
2020-06-02 00:00:00-04:00,106.05000305175781,106.6500015258789,104.16999816894531,104.83000183105469,0,0.0,0.0
2020-06-03 00:00:00-04:00,104.33999633789062,106.94999694824219,103.7300033569336,106.8499984741211,0,0.0,0.0
2020-06-04 00:00:00-04:00,106.66000366210938,110.7300033569336,105.08999633789062,109.87999725341797,0,0.0,0.0
2020-06-05 00:00:00-04:00,106.19000244140625,107.9000015258789,105.79000091552734,107.58999633789062,0,0.0,0.0
2020-06-08 00:00:00-04:00,109.38999938964844,110.05000305175781,108.4000015258789,110.05000305175781,0,0.0,0.0
2020-06-09 00:00:00-04:00,111.73999786376953,112.08000183105469,110.19999694824219,111.0,0,0.0,0.0
2020-06-10 00:00:00-04:00,110.9000015258789,120.48999786376953,110.9000015258789,116.52999877929688,0,0.0,0.0
2020-06-12 00:00:00-04:00,147.33999633789062,172.2100067138672,133.0399932861328,151.60000610351562,0,0.0,0.0
2020-06-15 00:00:00-04:00,155.47999572753906,158.9199981689453,140.14999389648438,141.8300018310547,0,0.0,0.0
2020-06-16 00:00:00-04:00,138.07000732421875,150.3800048828125,135.5800018310547,143.24000549316406,0,0.0,0.0
2020-06-17 00:00:00-04:00,143.47999572753906,143.86000061035156,134.4199981689453,139.94000244140625,0,0.0,0.0
2020-06-18 00:00:00-04:00,140.3000030517578,140.83999633789062,135.49000549316406,135.8300018310547,0,0.0,0.0
2020-06-19 00:00:00-04:00,132.0800018310547,139.02999877929688,129.05999755859375,138.35000610351562,0,0.0,0.0
2020-06-22 00:00:00-04:00,135.4600067138672,136.52000427246094,130.55999755859375,133.97999572753906,0,0.0,0.0
2020-06-23 00:00:00-04:00,130.4199981689453,130.91000366210938,127.9000015258789,130.72999572753906,0,0.0,0.0
2020-06-24 00:00:00-04:00,132.1999969482422,142.8000030517578,130.39999389648438,136.88999938964844,0,0.0,0.0
2020-06-25 00:00:00-04:00,137.1699981689453,139.33999633789062,126.79000091552734,127.19999694824219,0,0.0,0.0
2020-06-26 00:00:00-04:00,126.9800033569336,133.82000732421875,126.9800033569336,128.6300048828125,0,0.0,0.0
2020-06-29 00:00:00-04:00,128.0,129.97000122070312,120.9800033569336,121.31999969482422,0,0.0,0.0
2020-06-30 00:00:00-04:00,122.58999633789062,122.7699966430664,118.52999877929688,120.76000213623047,0,0.0,0.0
2020-07-01 00:00:00-04:00,120.05999755859375,121.55999755859375,119.55999755859375,120.83000183105469,0,0.0,0.0
2020-07-02 00:00:00-04:00,116.55000305175781,121.30999755859375,115.47000122070312,115.47000122070312,0,0.0,0.0
2020-07-06 00:00:00-04:00,115.0,118.19000244140625,114.2699966430664,116.56999969482422,0,0.0,0.0
2020-07-07 00:00:00-04:00,117.3499984741211,118.33000183105469,112.75,118.12000274658203,0,0.0,0.0
2020-07-08 00:00:00-04:00,116.5,118.41000366210938,112.76000213623047,113.33999633789062,0,0.0,0.0
2020-07-09 00:00:00-04:00,112.4800033569336,119.5,112.4800033569336,115.11000061035156,0,0.0,0.0
2020-07-10 00:00:00-04:00,115.11000061035156,116.22000122070312,109.0999984741211,109.70999908447266,0,0.0,0.0
2020-07-13 00:00:00-04:00,111.83999633789062,124.23999786376953,111.54000091552734,123.30000305175781,0,0.0,0.0
2020-07-14 00:00:00-04:00,122.6500015258789,124.63999938964844,112.33000183105469,112.75,0,0.0,0.0
2020-07-15 00:00:00-04:00,112.72000122070312,117.33000183105469,112.72000122070312,113.70999908447266,0,0.0,0.0
2020-07-16 00:00:00-04:00,115.2699966430664,116.20999908447266,113.66999816894531,115.62000274658203,0,0.0,0.0
2020-07-17 00:00:00-04:00,113.69000244140625,118.43000030517578,113.37999725341797,117.97000122070312,0,0.0,0.0
2020-07-20 00:00:00-04:00,118.05999755859375,118.83000183105469,112.12000274658203,112.51000213623047,0,0.0,0.0
2020-07-21 00:00:00-04:00,110.4000015258789,116.4800033569336,109.76000213623047,115.45999908447266,0,0.0,0.0
2020-07-22 00:00:00-04:00,116.08000183105469,116.12999725341797,112.83999633789062,112.83999633789062,0,0.0,0.0
2020-07-23 00:00:00-04:00,112.11000061035156,118.55000305175781,111.12999725341797,116.69999694824219,0,0.0,0.0
2020-07-24 00:00:00-04:00,119.73999786376953,121.31999969482422,116.79000091552734,117.22000122070312,0,0.0,0.0
2020-07-27 00:00:00-04:00,117.0,117.38999938964844,112.33000183105469,112.70999908447266,0,0.0,0.0
2020-07-28 00:00:00-04:00,113.06999969482422,114.25,110.30000305175781,113.87999725341797,0,0.0,0.0
2020-07-29 00:00:00-04:00,112.70999908447266,112.94000244140625,110.66999816894531,110.94999694824219,0,0.0,0.0
2020-07-30 00:00:00-04:00,115.91999816894531,121.33000183105469,112.0199966430664,112.16000366210938,0,0.0,0.0
2020-07-31 00:00:00-04:00,110.62000274658203,116.83000183105469,110.44000244140625,112.04000091552734,0,0.0,0.0
2020-08-03 00:00:00-04:00,113.4000015258789,113.94000244140625,110.69999694824219,111.0199966430664,0,0.0,0.0
2020-08-04 00:00:00-04:00,111.19000244140625,111.4000015258789,108.44999694824219,109.0,0,0.0,0.0
2020-08-05 00:00:00-04:00,107.77999877929688,108.11000061035156,105.04000091552734,105.66999816894531,0,0.0,0.0
2020-08-06 00:00:00-04:00,106.05999755859375,106.83000183105469,105.16999816894531,105.83999633789062,0,0.0,0.0
2020-08-07 00:00:00-04:00,107.62000274658203,110.0,105.1500015258789,108.18000030517578,0,0.0,0.0
2020-08-10 00:00:00-04:00,110.44999694824219,113.27999877929688,109.12999725341797,111.12999725341797,0,0.0,0.0
2020-08-11 00:00:00-04:00,107.08999633789062,121.58999633789062,107.08999633789062,118.33999633789062,0,0.0,0.0
2020-08-12 00:00:00-04:00,117.56999969482422,119.29000091552734,114.66999816894531,115.7300033569336,0,0.0,0.0
2020-08-13 00:00:00-04:00,115.13999938964844,117.12999725341797,112.05999755859375,115.18000030517578,0,0.0,0.0
2020-08-14 00:00:00-04:00,115.55999755859375,116.48999786376953,113.81999969482422,114.3499984741211,0,0.0,0.0
2020-08-17 00:00:00-04:00,111.81999969482422,112.30000305175781,109.44999694824219,110.3499984741211,0,0.0,0.0
2020-08-18 00:00:00-04:00,109.3499984741211,113.52999877929688,108.47000122070312,112.58999633789062,0,0.0,0.0
2020-08-19 00:00:00-04:00,111.27999877929688,115.26000213623047,110.45999908447266,114.72000122070312,0,0.0,0.0
2020-08-20 00:00:00-04:00,117.69999694824219,117.69999694824219,112.6500015258789,112.98999786376953,0,0.0,0.0
2020-08-21 00:00:00-04:00,114.5,115.44000244140625,110.63999938964844,111.25,0,0.0,0.0
2020-08-24 00:00:00-04:00,108.76000213623047,111.0999984741211,107.44000244140625,108.25,0,0.0,0.0
2020-08-25 00:00:00-04:00,108.30999755859375,110.27999877929688,103.5999984741211,103.87999725341797,0,0.0,0.0
2020-08-26 00:00:00-04:00,103.68000030517578,106.62000274658203,100.48999786376953,105.80000305175781,0,0.0,0.0
2020-08-27 00:00:00-04:00,104.20999908447266,122.88999938964844,102.70999908447266,114.73999786376953,0,0.0,0.0
2020-08-28 00:00:00-04:00,115.3499984741211,124.81999969482422,109.22000122070312,111.55999755859375,0,0.0,0.0
2020-08-31 00:00:00-04:00,115.0199966430664,119.66000366210938,111.02999877929688,119.01000213623047,0,0.0,0.0
2020-09-01 00:00:00-04:00,118.66999816894531,120.5,116.94999694824219,120.0999984741211,0,0.0,0.0
2020-09-02 00:00:00-04:00,119.77999877929688,122.08999633789062,117.95999908447266,122.01000213623047,0,0.0,0.0
2020-09-03 00:00:00-04:00,121.30999755859375,137.49000549316406,117.87000274658203,132.91000366210938,0,0.0,0.0
2020-09-04 00:00:00-04:00,129.30999755859375,135.0399932861328,121.05000305175781,122.13999938964844,0,0.0,0.0
2020-09-08 00:00:00-04:00,130.91000366210938,130.91000366210938,120.55999755859375,123.55999755859375,0,0.0,0.0
2020-09-09 00:00:00-04:00,127.12999725341797,127.61000061035156,116.69999694824219,121.54000091552734,0,0.0,0.0
2020-09-10 00:00:00-04:00,120.55999755859375,122.83000183105469,117.97000122070312,120.58000183105469,0,0.0,0.0
2020-09-11 00:00:00-04:00,116.5,121.16000366210938,112.2300033569336,113.94999694824219,0,0.0,0.0
2020-09-14 00:00:00-04:00,114.51000213623047,114.75,109.02999877929688,111.2699966430664,0,0.0,0.0
2020-09-15 00:00:00-04:00,108.91000366210938,110.61000061035156,107.9800033569336,108.97000122070312,0,0.0,0.0
2020-09-16 00:00:00-04:00,109.7699966430664,110.16999816894531,101.88999938964844,103.4800033569336,0,0.0,0.0
2020-09-17 00:00:00-04:00,109.51000213623047,109.51000213623047,100.18000030517578,100.37000274658203,0,0.0,0.0
2020-09-18 00:00:00-04:00,100.05000305175781,106.37999725341797,98.0199966430664,101.19000244140625,0,0.0,0.0
2020-09-21 00:00:00-04:00,109.2699966430664,117.36000061035156,107.68000030517578,108.73999786376953,0,0.0,0.0
2020-09-22 00:00:00-04:00,108.3499984741211,108.95999908447266,103.12000274658203,104.69000244140625,0,0.0,0.0
2020-09-23 00:00:00-04:00,103.4000015258789,109.81999969482422,102.58999633789062,107.3499984741211,0,0.0,0.0
2020-09-24 00:00:00-04:00,108.33000183105469,109.86000061035156,100.66000366210938,102.26000213623047,0,0.0,0.0
2020-09-25 00:00:00-04:00,102.45999908447266,104.2300033569336,98.68000030517578,99.63999938964844,0,0.0,0.0
2020-09-28 00:00:00-04:00,102.7300033569336,103.4800033569336,101.55999755859375,101.8499984741211,0,0.0,0.0
2020-09-29 00:00:00-04:00,102.4800033569336,102.4800033569336,96.68000030517578,96.93000030517578,0,0.0,0.0
2020-09-30 00:00:00-04:00,97.80000305175781,101.95999908447266,96.19000244140625,101.58000183105469,0,0.0,0.0
2020-10-01 00:00:00-04:00,100.62999725341797,102.20999908447266,99.29000091552734,101.0,0,0.0,0.0
2020-10-02 00:00:00-04:00,108.73999786376953,110.19999694824219,102.72000122070312,102.72000122070312,0,0.0,0.0
2020-10-05 00:00:00-04:00,105.80000305175781,105.98999786376953,102.54000091552734,103.22000122070312,0,0.0,0.0
2020-10-06 00:00:00-04:00,103.0,107.93000030517578,102.61000061035156,106.13999938964844,0,0.0,0.0
2020-10-07 00:00:00-04:00,105.66999816894531,106.41999816894531,103.80000305175781,104.19000244140625,0,0.0,0.0
2020-10-08 00:00:00-04:00,104.12999725341797,105.37999725341797,103.37999725341797,104.80000305175781,0,0.0,0.0
2020-10-09 00:00:00-04:00,104.2699966430664,109.4000015258789,104.26000213623047,109.22000122070312,0,0.0,0.0
2020-10-12 00:00:00-04:00,112.5999984741211,112.79000091552734,109.31999969482422,109.68000030517578,0,0.0,0.0
2020-10-13 00:00:00-04:00,110.33999633789062,112.27999877929688,109.77999877929688,110.97000122070312,0,0.0,0.0
2020-10-14 00:00:00-04:00,116.68000030517578,118.20999908447266,115.25,116.93000030517578,0,0.0,0.0
2020-10-15 00:00:00-04:00,119.91999816894531,121.33999633789062,117.22000122070312,117.58999633789062,0,0.0,0.0
2020-10-16 00:00:00-04:00,116.70999908447266,117.4000015258789,114.9000015258789,115.91999816894531,0,0.0,0.0
2020-10-19 00:00:00-04:00,117.33000183105469,119.87000274658203,116.12000274658203,119.76000213623047,0,0.0,0.0
2020-10-20 00:00:00-04:00,119.61000061035156,120.0199966430664,116.19000244140625,119.58999633789062,0,0.0,0.0
2020-10-21 00:00:00-04:00,119.16999816894531,119.41999816894531,117.11000061035156,117.47000122070312,0,0.0,0.0
2020-10-22 00:00:00-04:00,117.2699966430664,118.5999984741211,114.30000305175781,118.5999984741211,0,0.0,0.0
2020-10-23 00:00:00-04:00,117.58000183105469,119.80999755859375,116.9000015258789,118.94000244140625,0,0.0,0.0
2020-10-26 00:00:00-04:00,121.58999633789062,135.22000122070312,121.30000305175781,133.0800018310547,0,0.0,0.0
2020-10-27 00:00:00-04:00,131.9600067138672,137.52000427246094,131.92999267578125,135.32000732421875,0,0.0,0.0
2020-10-28 00:00:00-04:00,144.11000061035156,154.99000549316406,143.4600067138672,152.00999450683594,0,0.0,0.0
2020-10-29 00:00:00-04:00,149.60000610351562,151.6699981689453,140.7899932861328,147.83999633789062,0,0.0,0.0
2020-10-30 00:00:00-04:00,146.8699951171875,150.9600067138672,144.5500030517578,145.24000549316406,0,0.0,0.0
2020-11-02 00:00:00-05:00,142.67999267578125,143.64999389648438,140.44000244140625,142.64999389648438,0,0.0,0.0
2020-11-03 00:00:00-05:00,138.50999450683594,139.1699981689453,134.94000244140625,136.27999877929688,0,0.0,0.0
2020-11-04 00:00:00-05:00,127.95999908447266,127.95999908447266,117.27999877929688,122.12000274658203,0,0.0,0.0
2020-11-05 00:00:00-05:00,119.19000244140625,119.93000030517578,116.87000274658203,117.68000030517578,0,0.0,0.0
2020-11-06 00:00:00-05:00,116.29000091552734,116.33999633789062,112.52999877929688,113.12999725341797,0,0.0,0.0
2020-11-09 00:00:00-05:00,108.23999786376953,117.66000366210938,103.75,116.77999877929688,0,0.0,0.0
2020-11-10 00:00:00-05:00,115.83999633789062,116.73999786376953,113.77999877929688,116.05000305175781,0,0.0,0.0
2020-11-11 00:00:00-05:00,119.47000122070312,121.62000274658203,115.93000030517578,118.31999969482422,0,0.0,0.0
2020-11-12 00:00:00-05:00,118.6500015258789,126.41999816894531,115.81999969482422,121.56999969482422,0,0.0,0.0
2020-11-13 00:00:00-05:00,118.44999694824219,118.44999694824219,113.9000015258789,114.38999938964844,0,0.0,0.0
2020-11-16 00:00:00-05:00,114.20999908447266,116.48999786376953,112.36000061035156,115.0,0,0.0,0.0
2020-11-17 00:00:00-05:00,117.01000213623047,117.13999938964844,113.5999984741211,116.25,0,0.0,0.0
2020-11-18 00:00:00-05:00,114.36000061035156,118.25,112.05000305175781,117.9000015258789,0,0.0,0.0
2020-11-19 00:00:00-05:00,116.58999633789062,117.45999908447266,112.37999725341797,114.1500015258789,0,0.0,0.0
2020-11-20 00:00:00-05:00,113.33000183105469,113.98999786376953,110.19999694824219,113.98999786376953,0,0.0,0.0
2020-11-23 00:00:00-05:00,114.02999877929688,114.08999633789062,108.97000122070312,109.8499984741211,0,0.0,0.0
2020-11-24 00:00:00-05:00,107.58999633789062,109.30000305175781,104.41999816894531,104.55999755859375,0,0.0,0.0
2020-11-25 00:00:00-05:00,104.58000183105469,105.5,102.0,103.45999908447266,0,0.0,0.0
2020-11-27 00:00:00-05:00,102.66999816894531,106.66000366210938,102.36000061035156,106.12000274658203,0,0.0,0.0
2020-11-30 00:00:00-05:00,108.93000030517578,111.4000015258789,105.93000030517578,106.12000274658203,0,0.0,0.0
2020-12-01 00:00:00-05:00,105.11000061035156,109.2300033569336,103.87999725341797,108.43000030517578,0,0.0,0.0
2020-12-02 00:00:00-05:00,109.02999877929688,109.33999633789062,106.66000366210938,107.5199966430664,0,0.0,0.0
2020-12-03 00:00:00-05:00,106.41999816894531,109.2699966430664,105.18000030517578,107.88999938964844,0,0.0,0.0
2020-12-04 00:00:00-05:00,106.5999984741211,106.66000366210938,102.43000030517578,103.72000122070312,0,0.0,0.0
2020-12-07 00:00:00-05:00,106.77999877929688,106.88999938964844,104.12000274658203,104.41999816894531,0,0.0,0.0
2020-12-08 00:00:00-05:00,104.66000366210938,104.86000061035156,100.52999877929688,102.81999969482422,0,0.0,0.0
2020-12-09 00:00:00-05:00,108.41000366210938,117.13999938964844,107.43000030517578,113.93000030517578,0,0.0,0.0
2020-12-10 00:00:00-05:00,114.9000015258789,116.47000122070312,110.25,114.66000366210938,0,0.0,0.0
2020-12-11 00:00:00-05:00,115.79000091552734,121.80000305175781,113.55000305175781,120.7699966430664,0,0.0,0.0
2020-12-14 00:00:00-05:00,117.01000213623047,127.68000030517578,114.41999816894531,127.68000030517578,0,0.0,0.0
2020-12-15 00:00:00-05:00,122.05999755859375,122.27999877929688,117.48999786376953,119.11000061035156,0,0.0,0.0
2020-12-16 00:00:00-05:00,118.4000015258789,119.31999969482422,109.86000061035156,111.8499984741211,0,0.0,0.0
2020-12-17 00:00:00-05:00,110.41999816894531,110.76000213623047,108.22000122070312,110.20999908447266,0,0.0,0.0
2020-12-18 00:00:00-05:00,110.05999755859375,115.0999984741211,110.05999755859375,110.30000305175781,0,0.0,0.0
2020-12-21 00:00:00-05:00,124.33000183105469,127.79000091552734,119.27999877929688,121.61000061035156,0,0.0,0.0
2020-12-22 00:00:00-05:00,120.38999938964844,120.98999786376953,117.22000122070312,120.56999969482422,0,0.0,0.0
2020-12-23 00:00:00-05:00,116.94999694824219,118.81999969482422,115.16999816894531,118.30999755859375,0,0.0,0.0
2020-12-24 00:00:00-05:00,116.29000091552734,117.08999633789062,115.08000183105469,115.26000213623047,0,0.0,0.0
2020-12-28 00:00:00-05:00,115.02999877929688,115.26000213623047,113.4800033569336,114.4000015258789,0,0.0,0.0
2020-12-29 00:00:00-05:00,113.06999969482422,117.58000183105469,113.06999969482422,116.2699966430664,0,0.0,0.0
2020-12-30 00:00:00-05:00,114.95999908447266,116.06999969482422,111.73999786376953,112.04000091552734,0,0.0,0.0
2020-12-31 00:00:00-05:00,110.9800033569336,113.08999633789062,109.33000183105469,111.86000061035156,0,0.0,0.0
2021-01-04 00:00:00-05:00,114.30000305175781,131.38999938964844,113.9000015258789,124.6500015258789,0,0.0,0.0
2021-01-05 00:00:00-05:00,125.91999816894531,125.91999816894531,118.43000030517578,120.06999969482422,0,0.0,0.0
2021-01-06 00:00:00-05:00,116.61000061035156,123.9000015258789,111.30999755859375,119.9000015258789,0,0.0,0.0
2021-01-07 00:00:00-05:00,114.86000061035156,114.86000061035156,109.37999725341797,109.37999725341797,0,0.0,0.0
2021-01-08 00:00:00-05:00,109.0,114.61000061035156,107.75,111.0,0,0.0,0.0
2021-01-11 00:00:00-05:00,118.3499984741211,120.73999786376953,115.87999725341797,118.80000305175781,0,0.0,0.0
2021-01-12 00:00:00-05:00,117.5,119.9800033569336,114.88999938964844,115.79000091552734,0,0.0,0.0
2021-01-13 00:00:00-05:00,119.33999633789062,120.11000061035156,116.79000091552734,117.76000213623047,0,0.0,0.0
2021-01-14 00:00:00-05:00,117.19000244140625,123.37999725341797,116.08000183105469,122.77999877929688,0,0.0,0.0
2021-01-15 00:00:00-05:00,123.58999633789062,127.61000061035156,119.5999984741211,124.25,0,0.0,0.0
2021-01-19 00:00:00-05:00,118.73999786376953,121.2699966430664,118.16999816894531,120.70999908447266,0,0.0,0.0
2021-01-20 00:00:00-05:00,118.04000091552734,118.33999633789062,112.52999877929688,114.16999816894531,0,0.0,0.0
2021-01-21 00:00:00-05:00,113.56999969482422,115.12000274658203,111.66000366210938,112.58999633789062,0,0.0,0.0
2021-01-25 00:00:00-05:00,114.86000061035156,128.52000427246094,114.19999694824219,116.62999725341797,0,0.0,0.0
2021-01-26 00:00:00-05:00,114.55000305175781,117.11000061035156,113.5,115.30999755859375,0,0.0,0.0
2021-01-27 00:00:00-05:00,123.87000274658203,168.77999877929688,121.2300033569336,157.69000244140625,0,0.0,0.0
2021-01-28 00:00:00-05:00,136.92999267578125,136.92999267578125,128.27000427246094,133.22000122070312,0,0.0,0.0
2021-01-29 00:00:00-05:00,136.0800018310547,148.89999389648438,130.3699951171875,137.3300018310547,0,0.0,0.0
2021-02-01 00:00:00-05:00,134.85000610351562,140.8000030517578,129.17999267578125,129.44000244140625,0,0.0,0.0
2021-02-02 00:00:00-05:00,123.4000015258789,123.72000122070312,115.51000213623047,119.0999984741211,0,0.0,0.0
2021-02-03 00:00:00-05:00,116.41000366210938,116.80999755859375,110.77999877929688,111.02999877929688,0,0.0,0.0
2021-02-04 00:00:00-05:00,109.94000244140625,109.94000244140625,107.12999725341797,108.47000122070312,0,0.0,0.0
2021-02-05 00:00:00-05:00,108.0199966430664,110.29000091552734,107.0,107.63999938964844,0,0.0,0.0
2021-02-08 00:00:00-05:00,110.27999877929688,110.56999969482422,106.61000061035156,106.61000061035156,0,0.0,0.0
2021-02-09 00:00:00-05:00,108.38999938964844,110.43000030517578,106.45999908447266,108.13999938964844,0,0.0,0.0
2021-02-10 00:00:00-05:00,112.11000061035156,119.06999969482422,111.44000244140625,114.93000030517578,0,0.0,0.0
2021-02-11 00:00:00-05:00,113.19000244140625,118.41000366210938,112.7300033569336,116.22000122070312,0,0.0,0.0
2021-02-12 00:00:00-05:00,115.66000366210938,121.5,115.44999694824219,118.58999633789062,0,0.0,0.0
2021-02-16 00:00:00-05:00,119.80999755859375,126.83000183105469,118.75,124.66000366210938,0,0.0,0.0
2021-02-18 00:00:00-05:00,124.69000244140625,124.94000244140625,120.2300033569336,121.05000305175781,0,0.0,0.0
2021-02-19 00:00:00-05:00,120.05999755859375,120.75,115.44000244140625,117.44999694824219,0,0.0,0.0
2021-02-22 00:00:00-05:00,120.70999908447266,121.02999877929688,114.70999908447266,117.05999755859375,0,0.0,0.0
2021-02-23 00:00:00-05:00,118.66000366210938,122.18000030517578,111.93000030517578,112.77999877929688,0,0.0,0.0
2021-02-24 00:00:00-05:00,114.0199966430664,115.33999633789062,109.23999786376953,109.5999984741211,0,0.0,0.0
2021-02-25 00:00:00-05:00,111.33999633789062,131.47999572753906,109.69000244140625,127.83000183105469,0,0.0,0.0
2021-02-26 00:00:00-05:00,124.3499984741211,135.39999389648438,121.69000244140625,124.95999908447266,0,0.0,0.0
2021-03-01 00:00:00-05:00,118.72000122070312,118.72000122070312,112.83999633789062,114.94000244140625,0,0.0,0.0
2021-03-02 00:00:00-05:00,115.5999984741211,115.5999984741211,111.62000274658203,114.91999816894531,0,0.0,0.0
2021-03-03 00:00:00-05:00,114.25,122.05999755859375,113.4000015258789,121.2300033569336,0,0.0,0.0
2021-03-04 00:00:00-05:00,120.30000305175781,127.70999908447266,117.61000061035156,124.62000274658203,0,0.0,0.0
2021-03-05 00:00:00-05:00,121.68000030517578,127.61000061035156,115.75,116.20999908447266,0,0.0,0.0
2021-03-08 00:00:00-05:00,118.47000122070312,119.45999908447266,111.54000091552734,114.62000274658203,0,0.0,0.0
2021-03-09 00:00:00-05:00,112.19000244140625,112.20999908447266,105.16999816894531,108.70999908447266,0,0.0,0.0
2021-03-10 00:00:00-05:00,115.16000366210938,115.91000366210938,113.37000274658203,114.68000030517578,0,0.0,0.0
2021-03-11 00:00:00-05:00,113.16000366210938,113.44000244140625,110.91999816894531,112.87000274658203,0,0.0,0.0
2021-03-12 00:00:00-05:00,114.38999938964844,114.61000061035156,110.83000183105469,111.7300033569336,0,0.0,0.0
2021-03-15 00:00:00-04:00,112.76000213623047,112.9800033569336,108.04000091552734,110.48999786376953,0,0.0,0.0
2021-03-16 00:00:00-04:00,109.30999755859375,114.37999725341797,108.25,113.7300033569336,0,0.0,0.0
2021-03-17 00:00:00-04:00,115.29000091552734,115.87000274658203,108.87000274658203,109.9000015258789,0,0.0,0.0
2021-03-18 00:00:00-04:00,110.4800033569336,119.7300033569336,109.73999786376953,117.80000305175781,0,0.0,0.0
2021-03-19 00:00:00-04:00,116.62000274658203,122.87999725341797,113.58000183105469,115.94999694824219,0,0.0,0.0
2021-03-22 00:00:00-04:00,113.56999969482422,114.29000091552734,108.06999969482422,108.62999725341797,0,0.0,0.0
2021-03-23 00:00:00-04:00,109.80000305175781,114.5,108.87999725341797,111.69000244140625,0,0.0,0.0
2021-03-24 00:00:00-04:00,109.45999908447266,112.2699966430664,107.55000305175781,110.66999816894531,0,0.0,0.0
2021-03-25 00:00:00-04:00,112.0999984741211,113.22000122070312,104.19000244140625,104.75,0,0.0,0.0
2021-03-26 00:00:00-04:00,103.80999755859375,110.29000091552734,100.05000305175781,103.26000213623047,0,0.0,0.0
2021-03-29 00:00:00-04:00,107.44999694824219,112.29000091552734,105.83999633789062,105.83999633789062,0,0.0,0.0
2021-03-30 00:00:00-04:00,105.6500015258789,107.29000091552734,101.7300033569336,101.9000015258789,0,0.0,0.0
2021-03-31 00:00:00-04:00,100.31999969482422,102.19000244140625,97.61000061035156,100.04000091552734,0,0.0,0.0
2021-04-01 00:00:00-04:00,98.29000091552734,99.30000305175781,96.3499984741211,98.97000122070312,0,0.0,0.0
2021-04-05 00:00:00-04:00,99.12999725341797,100.75,98.25,99.23999786376953,0,0.0,0.0
2021-04-06 00:00:00-04:00,99.31999969482422,99.66000366210938,96.43000030517578,99.05999755859375,0,0.0,0.0
2021-04-07 00:00:00-04:00,98.36000061035156,98.36000061035156,95.91999816894531,97.08999633789062,0,0.0,0.0
2021-04-08 00:00:00-04:00,96.08999633789062,101.16999816894531,95.93000030517578,100.72000122070312,0,0.0,0.0
2021-04-09 00:00:00-04:00,101.2699966430664,102.44000244140625,100.31999969482422,102.05999755859375,0,0.0,0.0
2021-04-12 00:00:00-04:00,105.5199966430664,105.56999969482422,101.93000030517578,102.08000183105469,0,0.0,0.0
2021-04-13 00:00:00-04:00,103.41999816894531,103.41999816894531,99.87000274658203,100.44000244140625,0,0.0,0.0
2021-04-14 00:00:00-04:00,104.13999938964844,110.16000366210938,103.44999694824219,107.47000122070312,0,0.0,0.0
2021-04-15 00:00:00-04:00,105.36000061035156,109.62000274658203,104.87999725341797,108.66000366210938,0,0.0,0.0
2021-04-16 00:00:00-04:00,108.91000366210938,110.79000091552734,107.54000091552734,107.80000305175781,0,0.0,0.0
2021-04-19 00:00:00-04:00,108.9000015258789,113.30999755859375,108.31999969482422,111.9000015258789,0,0.0,0.0
2021-04-20 00:00:00-04:00,114.05999755859375,121.98999786376953,113.31999969482422,116.37000274658203,0,0.0,0.0
2021-04-21 00:00:00-04:00,116.04000091552734,117.43000030517578,110.2699966430664,112.9000015258789,0,0.0,0.0
2021-04-22 00:00:00-04:00,112.11000061035156,119.56999969482422,109.80999755859375,116.05000305175781,0,0.0,0.0
2021-04-23 00:00:00-04:00,114.26000213623047,114.33999633789062,106.4800033569336,108.36000061035156,0,0.0,0.0
2021-04-26 00:00:00-04:00,109.41999816894531,109.51000213623047,103.95999908447266,104.01000213623047,0,0.0,0.0
2021-04-27 00:00:00-04:00,104.29000091552734,105.9800033569336,103.19000244140625,103.38999938964844,0,0.0,0.0
2021-04-28 00:00:00-04:00,103.12999725341797,106.55000305175781,102.58000183105469,104.77999877929688,0,0.0,0.0
2021-04-29 00:00:00-04:00,102.94999694824219,109.30000305175781,102.93000030517578,105.45999908447266,0,0.0,0.0
2021-04-30 00:00:00-04:00,107.0,109.86000061035156,105.76000213623047,109.22000122070312,0,0.0,0.0
2021-05-03 00:00:00-04:00,109.47000122070312,110.05999755859375,107.05000305175781,108.31999969482422,0,0.0,0.0
2021-05-04 00:00:00-04:00,110.5,118.27999877929688,109.80000305175781,111.22000122070312,0,0.0,0.0
2021-05-06 00:00:00-04:00,109.70999908447266,114.19000244140625,108.08000183105469,108.38999938964844,0,0.0,0.0
2021-05-07 00:00:00-04:00,108.26000213623047,108.61000061035156,105.37999725341797,107.02999877929688,0,0.0,0.0
2021-05-10 00:00:00-04:00,109.69000244140625,114.95999908447266,108.7699966430664,114.0999984741211,0,0.0,0.0
2021-05-12 00:00:00-04:00,129.0,151.5,128.83999633789062,146.27999877929688,0,0.0,0.0
2021-05-13 00:00:00-04:00,138.6999969482422,138.6999969482422,126.76000213623047,130.00999450683594,0,0.0,0.0
2021-05-14 00:00:00-04:00,123.5199966430664,123.5199966430664,116.88999938964844,117.55999755859375,0,0.0,0.0
2021-05-17 00:00:00-04:00,121.06999969482422,126.93000030517578,120.30999755859375,120.69999694824219,0,0.0,0.0
2021-05-18 00:00:00-04:00,120.31999969482422,124.13999938964844,117.80000305175781,123.93000030517578,0,0.0,0.0
2021-05-19 00:00:00-04:00,132.14999389648438,142.99000549316406,128.39999389648438,130.1699981689453,0,0.0,0.0
2021-05-21 00:00:00-04:00,124.05000305175781,124.8499984741211,121.69000244140625,124.22000122070312,0,0.0,0.0
2021-05-24 00:00:00-04:00,121.93000030517578,122.0999984741211,114.47000122070312,116.12000274658203,0,0.0,0.0
2021-05-26 00:00:00-04:00,111.75,112.98999786376953,106.29000091552734,106.29000091552734,0,0.0,0.0
2021-05-27 00:00:00-04:00,105.44000244140625,105.80999755859375,102.51000213623047,103.87999725341797,0,0.0,0.0
2021-05-28 00:00:00-04:00,103.63999938964844,105.94999694824219,103.08000183105469,105.41000366210938,0,0.0,0.0
2021-06-01 00:00:00-04:00,104.93000030517578,114.06999969482422,104.55000305175781,113.04000091552734,0,0.0,0.0
2021-06-02 00:00:00-04:00,112.8499984741211,113.3499984741211,109.05999755859375,112.56999969482422,0,0.0,0.0
2021-06-03 00:00:00-04:00,114.02999877929688,117.11000061035156,111.36000061035156,114.30999755859375,0,0.0,0.0
2021-06-04 00:00:00-04:00,110.37000274658203,110.37999725341797,106.80000305175781,108.16000366210938,0,0.0,0.0
2021-06-07 00:00:00-04:00,111.04000091552734,111.37999725341797,107.70999908447266,108.02999877929688,0,0.0,0.0
2021-06-08 00:00:00-04:00,107.6500015258789,111.36000061035156,107.45999908447266,109.62000274658203,0,0.0,0.0
2021-06-09 00:00:00-04:00,118.5,121.77999877929688,118.30999755859375,120.97000122070312,0,0.0,0.0
2021-06-10 00:00:00-04:00,117.6500015258789,118.66999816894531,115.29000091552734,116.76000213623047,0,0.0,0.0
2021-06-11 00:00:00-04:00,114.68000030517578,116.95999908447266,113.68000030517578,116.12000274658203,0,0.0,0.0
2021-06-14 00:00:00-04:00,117.63999938964844,120.41999816894531,115.83999633789062,119.80000305175781,0,0.0,0.0
2021-06-15 00:00:00-04:00,120.55999755859375,123.87000274658203,119.36000061035156,122.9000015258789,0,0.0,0.0
2021-06-16 00:00:00-04:00,121.12999725341797,131.9199981689453,118.8499984741211,121.56999969482422,0,0.0,0.0
2021-06-17 00:00:00-04:00,122.8499984741211,124.62999725341797,117.5,120.62999725341797,0,0.0,0.0
2021-06-18 00:00:00-04:00,124.97000122070312,131.19000244140625,122.06999969482422,128.8300018310547,0,0.0,0.0
2021-06-21 00:00:00-04:00,127.2699966430664,129.80999755859375,120.0999984741211,121.25,0,0.0,0.0
2021-06-22 00:00:00-04:00,121.0,121.08000183105469,113.31999969482422,114.01000213623047,0,0.0,0.0
2021-06-23 00:00:00-04:00,113.69999694824219,114.02999877929688,109.43000030517578,110.4800033569336,0,0.0,0.0
2021-06-24 00:00:00-04:00,107.5199966430664,107.91000366210938,105.98999786376953,107.87000274658203,0,0.0,0.0
2021-06-25 00:00:00-04:00,106.80000305175781,108.55000305175781,104.5199966430664,105.91000366210938,0,0.0,0.0
2021-06-28 00:00:00-04:00,106.83000183105469,108.0999984741211,106.0999984741211,106.31999969482422,0,0.0,0.0
2021-06-29 00:00:00-04:00,106.27999877929688,108.0199966430664,106.01000213623047,107.01000213623047,0,0.0,0.0
2021-06-30 00:00:00-04:00,108.41999816894531,109.58000183105469,105.55999755859375,106.7300033569336,0,0.0,0.0
2021-07-01 00:00:00-04:00,106.37000274658203,109.47000122070312,106.36000061035156,108.72000122070312,0,0.0,0.0
2021-07-02 00:00:00-04:00,106.06999969482422,107.36000061035156,104.33999633789062,106.11000061035156,0,0.0,0.0
2021-07-06 00:00:00-04:00,109.16000366210938,117.66999816894531,108.94999694824219,112.23999786376953,0,0.0,0.0
2021-07-07 00:00:00-04:00,111.55999755859375,116.83999633789062,111.30999755859375,112.69999694824219,0,0.0,0.0
2021-07-08 00:00:00-04:00,122.36000061035156,124.51000213623047,117.20999908447266,120.02999877929688,0,0.0,0.0
2021-07-09 00:00:00-04:00,116.16999816894531,116.16999816894531,109.3499984741211,112.62000274658203,0,0.0,0.0
2021-07-12 00:00:00-04:00,114.81999969482422,115.30000305175781,110.87000274658203,111.58999633789062,0,0.0,0.0
2021-07-13 00:00:00-04:00,112.76000213623047,116.5999984741211,110.44999694824219,116.4000015258789,0,0.0,0.0
2021-07-14 00:00:00-04:00,117.48999786376953,122.66999816894531,116.66000366210938,117.66000366210938,0,0.0,0.0
2021-07-15 00:00:00-04:00,119.95999908447266,124.69999694824219,119.01000213623047,121.02999877929688,0,0.0,0.0
2021-07-16 00:00:00-04:00,118.05999755859375,128.99000549316406,117.62000274658203,128.88999938964844,0,0.0,0.0
2021-07-19 00:00:00-04:00,135.89999389648438,149.60000610351562,133.82000732421875,139.5399932861328,0,0.0,0.0
2021-07-20 00:00:00-04:00,138.4199981689453,138.5500030517578,128.74000549316406,131.3000030517578,0,0.0,0.0
2021-07-21 00:00:00-04:00,128.8300018310547,128.8300018310547,119.08000183105469,122.52999877929688,0,0.0,0.0
2021-07-22 00:00:00-04:00,122.30000305175781,123.20999908447266,97.44000244140625,118.81999969482422,0,0.0,0.0
2021-07-23 00:00:00-04:00,116.62999725341797,117.16999816894531,113.5999984741211,114.91999816894531,0,0.0,0.0
2021-07-26 00:00:00-04:00,118.63999938964844,118.63999938964844,114.70999908447266,114.86000061035156,0,0.0,0.0
2021-07-27 00:00:00-04:00,118.43000030517578,128.3699951171875,110.83999633789062,121.11000061035156,0,0.0,0.0
2021-07-28 00:00:00-04:00,118.0199966430664,121.7699966430664,114.44999694824219,117.08000183105469,0,0.0,0.0
2021-07-29 00:00:00-04:00,113.9800033569336,114.30999755859375,112.66000366210938,114.04000091552734,0,0.0,0.0
2021-07-30 00:00:00-04:00,117.20999908447266,117.20999908447266,112.97000122070312,116.18000030517578,0,0.0,0.0
2021-08-02 00:00:00-04:00,117.33000183105469,124.23999786376953,116.1500015258789,122.8499984741211,0,0.0,0.0
2021-08-03 00:00:00-04:00,121.61000061035156,124.83000183105469,116.43000030517578,117.55000305175781,0,0.0,0.0
2021-08-04 00:00:00-04:00,118.58000183105469,118.73999786376953,115.23999786376953,116.20999908447266,0,0.0,0.0
2021-08-05 00:00:00-04:00,115.51000213623047,115.54000091552734,112.54000091552734,113.3499984741211,0,0.0,0.0
2021-08-06 00:00:00-04:00,111.98999786376953,112.73999786376953,110.81999969482422,112.0,0,0.0,0.0
2021-08-09 00:00:00-04:00,115.51000213623047,117.41999816894531,114.3499984741211,115.08999633789062,0,0.0,0.0
2021-08-10 00:00:00-04:00,114.72000122070312,115.58000183105469,112.54000091552734,114.1500015258789,0,0.0,0.0
2021-08-11 00:00:00-04:00,117.55999755859375,118.9000015258789,116.30999755859375,118.05999755859375,0,0.0,0.0
2021-08-12 00:00:00-04:00,118.0999984741211,119.06999969482422,114.19000244140625,117.72000122070312,0,0.0,0.0
2021-08-13 00:00:00-04:00,116.66000366210938,119.44000244140625,115.68000030517578,117.80999755859375,0,0.0,0.0
2021-08-16 00:00:00-04:00,122.68000030517578,124.44000244140625,117.26000213623047,117.69000244140625,0,0.0,0.0
2021-08-17 00:00:00-04:00,120.6500015258789,127.51000213623047,117.83999633789062,120.52999877929688,0,0.0,0.0
2021-08-18 00:00:00-04:00,121.08000183105469,128.9600067138672,116.94999694824219,128.41000366210938,0,0.0,0.0
2021-08-19 00:00:00-04:00,133.5,135.50999450683594,127.08999633789062,130.41000366210938,0,0.0,0.0
2021-08-20 00:00:00-04:00,126.68000030517578,126.86000061035156,117.37999725341797,120.51000213623047,0,0.0,0.0
2021-08-23 00:00:00-04:00,118.69000244140625,118.69000244140625,112.16999816894531,113.33000183105469,0,0.0,0.0
2021-08-24 00:00:00-04:00,113.31999969482422,114.12999725341797,110.36000061035156,111.08999633789062,0,0.0,0.0
2021-08-25 00:00:00-04:00,111.18000030517578,111.37000274658203,108.04000091552734,108.83999633789062,0,0.0,0.0
2021-08-26 00:00:00-04:00,110.91999816894531,120.37000274658203,109.5999984741211,116.5999984741211,0,0.0,0.0
2021-08-27 00:00:00-04:00,113.0,113.27999877929688,107.41000366210938,109.62000274658203,0,0.0,0.0
2021-08-30 00:00:00-04:00,110.37999725341797,111.8499984741211,106.69999694824219,107.9000015258789,0,0.0,0.0
2021-08-31 00:00:00-04:00,109.0,109.61000061035156,105.72000122070312,105.80999755859375,0,0.0,0.0
2021-09-01 00:00:00-04:00,105.75,106.87000274658203,103.20999908447266,105.19999694824219,0,0.0,0.0
2021-09-02 00:00:00-04:00,104.87999725341797,106.88999938964844,104.5,105.69999694824219,0,0.0,0.0
2021-09-03 00:00:00-04:00,106.45999908447266,108.19999694824219,104.4800033569336,105.4800033569336,0,0.0,0.0
2021-09-07 00:00:00-04:00,108.95999908447266,112.3499984741211,108.48999786376953,111.01000213623047,0,0.0,0.0
2021-09-08 00:00:00-04:00,118.86000061035156,121.13999938964844,114.5199966430664,115.05999755859375,0,0.0,0.0
2021-09-09 00:00:00-04:00,115.13999938964844,118.55999755859375,110.43000030517578,117.02999877929688,0,0.0,0.0
2021-09-10 00:00:00-04:00,113.16000366210938,125.83999633789062,111.5,124.9800033569336,0,0.0,0.0
2021-09-13 00:00:00-04:00,119.54000091552734,126.16000366210938,117.2300033569336,118.01000213623047,0,0.0,0.0
2021-09-14 00:00:00-04:00,114.87999725341797,123.08999633789062,114.37000274658203,120.37000274658203,0,0.0,0.0
2021-09-15 00:00:00-04:00,119.8499984741211,121.91000366210938,111.41999816894531,112.4800033569336,0,0.0,0.0
2021-09-16 00:00:00-04:00,113.4000015258789,116.73999786376953,110.12999725341797,112.11000061035156,0,0.0,0.0
2021-09-17 00:00:00-04:00,112.79000091552734,120.58999633789062,111.23999786376953,118.9000015258789,0,0.0,0.0
2021-09-20 00:00:00-04:00,130.5500030517578,146.30999755859375,125.31999969482422,138.92999267578125,0,0.0,0.0
2021-09-21 00:00:00-04:00,133.1999969482422,135.38999938964844,126.43000030517578,130.75999450683594,0,0.0,0.0
2021-09-22 00:00:00-04:00,126.0999984741211,127.8499984741211,116.58000183105469,117.62000274658203,0,0.0,0.0
2021-09-23 00:00:00-04:00,114.22000122070312,114.8499984741211,107.2300033569336,108.30999755859375,0,0.0,0.0
2021-09-24 00:00:00-04:00,112.66000366210938,112.66000366210938,102.52999877929688,103.06999969482422,0,0.0,0.0
2021-09-27 00:00:00-04:00,107.08000183105469,109.36000061035156,105.02999877929688,107.7300033569336,0,0.0,0.0
2021-09-28 00:00:00-04:00,112.87000274658203,125.83999633789062,112.87000274658203,121.05999755859375,0,0.0,0.0
2021-09-29 00:00:00-04:00,119.01000213623047,121.18000030517578,115.0,119.04000091552734,0,0.0,0.0
2021-09-30 00:00:00-04:00,115.16999816894531,122.75,112.33000183105469,118.01000213623047,0,0.0,0.0
2021-10-01 00:00:00-04:00,115.5199966430664,121.0199966430664,112.0199966430664,112.61000061035156,0,0.0,0.0
2021-10-04 00:00:00-04:00,116.55999755859375,122.16999816894531,115.5999984741211,117.16999816894531,0,0.0,0.0
2021-10-05 00:00:00-04:00,116.44999694824219,116.45999908447266,108.45999908447266,110.75,0,0.0,0.0
2021-10-06 00:00:00-04:00,115.01000213623047,120.0999984741211,110.25,110.91999816894531,0,0.0,0.0
2021-10-07 00:00:00-04:00,108.5999984741211,108.6500015258789,105.5999984741211,107.43000030517578,0,0.0,0.0
2021-10-08 00:00:00-04:00,106.94000244140625,108.63999938964844,105.33000183105469,107.2699966430664,0,0.0,0.0
2021-10-11 00:00:00-04:00,111.12999725341797,111.38999938964844,106.7300033569336,110.29000091552734,0,0.0,0.0
2021-10-12 00:00:00-04:00,109.58000183105469,111.16000366210938,107.62000274658203,109.12000274658203,0,0.0,0.0
2021-10-13 00:00:00-04:00,111.4000015258789,114.55999755859375,108.72000122070312,108.72000122070312,0,0.0,0.0
2021-10-14 00:00:00-04:00,105.25,107.97000122070312,105.05999755859375,107.97000122070312,0,0.0,0.0
2021-10-15 00:00:00-04:00,107.02999877929688,108.19000244140625,104.61000061035156,106.76000213623047,0,0.0,0.0
2021-10-18 00:00:00-04:00,111.16000366210938,111.30000305175781,104.37000274658203,104.37000274658203,0,0.0,0.0
2021-10-19 00:00:00-04:00,106.2699966430664,106.2699966430664,101.33999633789062,103.05999755859375,0,0.0,0.0
2021-10-20 00:00:00-04:00,102.62000274658203,103.38999938964844,100.69000244140625,101.83999633789062,0,0.0,0.0
2021-10-21 00:00:00-04:00,102.93000030517578,103.79000091552734,100.05999755859375,102.13999938964844,0,0.0,0.0
2021-10-22 00:00:00-04:00,102.3499984741211,111.16999816894531,101.1500015258789,106.08000183105469,0,0.0,0.0
2021-10-25 00:00:00-04:00,106.33000183105469,107.52999877929688,101.13999938964844,102.36000061035156,0,0.0,0.0
2021-10-26 00:00:00-04:00,101.58999633789062,106.55000305175781,101.38999938964844,103.25,0,0.0,0.0
2021-10-27 00:00:00-04:00,103.33000183105469,110.20999908447266,101.68000030517578,109.61000061035156,0,0.0,0.0
2021-10-28 00:00:00-04:00,106.51000213623047,107.51000213623047,104.41000366210938,106.27999877929688,0,0.0,0.0
2021-10-29 00:00:00-04:00,109.44000244140625,109.44000244140625,104.44999694824219,105.16999816894531,0,0.0,0.0
2021-11-01 00:00:00-04:00,106.87000274658203,110.36000061035156,105.12999725341797,106.66000366210938,0,0.0,0.0
2021-11-02 00:00:00-04:00,105.94000244140625,106.52999877929688,104.86000061035156,105.44000244140625,0,0.0,0.0
2021-11-03 00:00:00-04:00,105.38999938964844,106.26000213623047,99.66000366210938,102.25,0,0.0,0.0
2021-11-04 00:00:00-04:00,100.44999694824219,105.56999969482422,100.37000274658203,104.45999908447266,0,0.0,0.0
2021-11-05 00:00:00-04:00,103.5199966430664,110.5199966430664,102.81999969482422,110.20999908447266,0,0.0,0.0
2021-11-08 00:00:00-05:00,110.91999816894531,113.19000244140625,110.36000061035156,111.48999786376953,0,0.0,0.0
2021-11-09 00:00:00-05:00,111.54000091552734,115.0199966430664,110.2300033569336,110.55000305175781,0,0.0,0.0
2021-11-10 00:00:00-05:00,118.98999786376953,120.33999633789062,113.91999816894531,117.19000244140625,0,0.0,0.0
2021-11-11 00:00:00-05:00,115.12000274658203,116.16999816894531,111.83000183105469,114.66000366210938,0,0.0,0.0
2021-11-12 00:00:00-05:00,112.51000213623047,112.97000122070312,109.31999969482422,112.11000061035156,0,0.0,0.0
2021-11-15 00:00:00-05:00,112.87000274658203,115.12000274658203,110.5999984741211,110.66000366210938,0,0.0,0.0
2021-11-16 00:00:00-05:00,111.20999908447266,111.4800033569336,107.44000244140625,109.58000183105469,0,0.0,0.0
2021-11-17 00:00:00-05:00,109.87999725341797,111.76000213623047,107.19999694824219,111.52999877929688,0,0.0,0.0
2021-11-18 00:00:00-05:00,110.37999725341797,114.7699966430664,109.0,112.1500015258789,0,0.0,0.0
2021-11-19 00:00:00-05:00,114.66000366210938,116.63999938964844,111.55000305175781,113.73999786376953,0,0.0,0.0
2021-11-22 00:00:00-05:00,114.1500015258789,120.48999786376953,112.7300033569336,118.62000274658203,0,0.0,0.0
2021-11-23 00:00:00-05:00,118.56999969482422,122.56999969482422,114.33999633789062,115.02999877929688,0,0.0,0.0
2021-11-24 00:00:00-05:00,117.91999816894531,119.56999969482422,109.87000274658203,110.4800033569336,0,0.0,0.0
2021-11-26 00:00:00-05:00,123.83000183105469,153.3800048828125,122.81999969482422,149.74000549316406,0,0.0,0.0
2021-11-29 00:00:00-05:00,132.63999938964844,135.4600067138672,123.16000366210938,131.24000549316406,0,0.0,0.0
2021-11-30 00:00:00-05:00,141.7899932861328,145.6300048828125,131.33999633789062,142.5500030517578,0,0.0,0.0
2021-12-01 00:00:00-05:00,134.2100067138672,161.52999877929688,128.14999389648438,155.02000427246094,0,0.0,0.0
2021-12-02 00:00:00-05:00,151.35000610351562,155.22999572753906,144.19000244140625,147.30999755859375,0,0.0,0.0
2021-12-03 00:00:00-05:00,143.10000610351562,168.3699951171875,141.5800018310547,156.10000610351562,0,0.0,0.0
2021-12-06 00:00:00-05:00,149.7899932861328,152.8300018310547,138.8800048828125,138.8800048828125,0,0.0,0.0
2021-12-07 00:00:00-05:00,130.9600067138672,131.10000610351562,117.41000366210938,117.91999816894531,0,0.0,0.0
2021-12-08 00:00:00-05:00,119.83999633789062,120.5,113.51000213623047,114.29000091552734,0,0.0,0.0
2021-12-09 00:00:00-05:00,115.16000366210938,125.72000122070312,112.91000366210938,121.79000091552734,0,0.0,0.0
2021-12-10 00:00:00-05:00,114.88999938964844,119.94999694824219,112.98999786376953,113.8499984741211,0,0.0,0.0
2021-12-13 00:00:00-05:00,118.73999786376953,122.56999969482422,118.08000183105469,121.06999969482422,0,0.0,0.0
2021-12-14 00:00:00-05:00,126.87999725341797,131.6300048828125,123.79000091552734,126.56999969482422,0,0.0,0.0
2021-12-15 00:00:00-05:00,129.10000610351562,135.9199981689453,117.80999755859375,118.61000061035156,0,0.0,0.0
2021-12-16 00:00:00-05:00,117.51000213623047,133.02000427246094,116.94000244140625,128.97000122070312,0,0.0,0.0
2021-12-17 00:00:00-05:00,132.86000061035156,136.5800018310547,128.13999938964844,136.05999755859375,0,0.0,0.0
2021-12-20 00:00:00-05:00,150.3699951171875,153.92999267578125,137.91000366210938,138.6699981689453,0,0.0,0.0
2021-12-21 00:00:00-05:00,134.1699981689453,136.1199951171875,130.39999389648438,131.41000366210938,0,0.0,0.0
2021-12-22 00:00:00-05:00,130.8300018310547,130.8300018310547,121.68000030517578,122.69999694824219,0,0.0,0.0
2021-12-23 00:00:00-05:00,121.91000366210938,122.13999938964844,119.19000244140625,120.45999908447266,0,0.0,0.0
2021-12-27 00:00:00-05:00,120.58999633789062,121.2300033569336,115.73999786376953,115.91999816894531,0,0.0,0.0
2021-12-28 00:00:00-05:00,117.26000213623047,118.45999908447266,114.76000213623047,114.83000183105469,0,0.0,0.0
2021-12-29 00:00:00-05:00,114.55000305175781,115.1500015258789,109.01000213623047,109.5,0,0.0,0.0
2021-12-30 00:00:00-05:00,109.69999694824219,112.08000183105469,107.11000061035156,110.83999633789062,0,0.0,0.0
2021-12-31 00:00:00-05:00,111.58000183105469,112.69999694824219,108.73999786376953,109.66999816894531,0,0.0,0.0
2022-01-03 00:00:00-05:00,110.19999694824219,111.94000244140625,107.54000091552734,108.44999694824219,0,0.0,0.0
2022-01-04 00:00:00-05:00,107.97000122070312,113.33999633789062,107.30000305175781,109.30999755859375,0,0.0,0.0
2022-01-05 00:00:00-05:00,109.58000183105469,121.44999694824219,106.83000183105469,119.30999755859375,0,0.0,0.0
2022-01-06 00:00:00-05:00,119.94999694824219,122.2699966430664,115.47000122070312,117.81999969482422,0,0.0,0.0
2022-01-07 00:00:00-05:00,117.16000366210938,120.30000305175781,112.62000274658203,113.86000061035156,0,0.0,0.0
2022-01-10 00:00:00-05:00,120.3499984741211,127.88999938964844,112.4800033569336,113.0199966430664,0,0.0,0.0
2022-01-11 00:00:00-05:00,115.8499984741211,118.58999633789062,110.13999938964844,111.61000061035156,0,0.0,0.0
2022-01-12 00:00:00-05:00,113.7300033569336,118.19000244140625,112.70999908447266,113.94000244140625,0,0.0,0.0
2022-01-13 00:00:00-05:00,114.33999633789062,124.18000030517578,112.58000183105469,123.44000244140625,0,0.0,0.0
2022-01-14 00:00:00-05:00,128.6699981689453,129.47000122070312,116.30999755859375,117.56999969482422,0,0.0,0.0
2022-01-18 00:00:00-05:00,122.93000030517578,128.82000732421875,122.93000030517578,127.94999694824219,0,0.0,0.0
2022-01-19 00:00:00-05:00,127.0,130.58999633789062,123.9000015258789,129.85000610351562,0,0.0,0.0
2022-01-20 00:00:00-05:00,126.44000244140625,136.13999938964844,122.25,135.60000610351562,0,0.0,0.0
2022-01-21 00:00:00-05:00,138.35000610351562,151.8000030517578,136.8000030517578,149.5,0,0.0,0.0
2022-01-24 00:00:00-05:00,161.08999633789062,172.82000732421875,153.25999450683594,154.3800048828125,0,0.0,0.0
2022-01-25 00:00:00-05:00,159.1999969482422,164.0,146.80999755859375,150.8000030517578,0,0.0,0.0
2022-01-26 00:00:00-05:00,145.50999450683594,155.97999572753906,138.8800048828125,148.5500030517578,0,0.0,0.0
2022-01-27 00:00:00-05:00,141.94000244140625,145.89999389648438,137.86000061035156,141.13999938964844,0,0.0,0.0
2022-01-28 00:00:00-05:00,141.07000732421875,144.9600067138672,131.11000061035156,132.44000244140625,0,0.0,0.0
2022-01-31 00:00:00-05:00,133.8699951171875,134.7100067138672,124.83999633789062,125.05999755859375,0,0.0,0.0
2022-02-01 00:00:00-05:00,123.41000366210938,127.26000213623047,117.9000015258789,117.98999786376953,0,0.0,0.0
2022-02-02 00:00:00-05:00,117.69999694824219,120.16999816894531,114.22000122070312,119.61000061035156,0,0.0,0.0
2022-02-03 00:00:00-05:00,124.41000366210938,127.66999816894531,118.94999694824219,125.11000061035156,0,0.0,0.0
2022-02-04 00:00:00-05:00,125.11000061035156,129.97999572753906,121.58000183105469,124.88999938964844,0,0.0,0.0
2022-02-07 00:00:00-05:00,126.70999908447266,126.9000015258789,122.20999908447266,124.12999725341797,0,0.0,0.0
2022-02-08 00:00:00-05:00,122.48999786376953,125.0999984741211,117.68000030517578,118.86000061035156,0,0.0,0.0
2022-02-09 00:00:00-05:00,119.30999755859375,121.1500015258789,118.44000244140625,119.31999969482422,0,0.0,0.0
2022-02-10 00:00:00-05:00,124.48999786376953,132.33999633789062,118.2699966430664,129.10000610351562,0,0.0,0.0
2022-02-11 00:00:00-05:00,128.10000610351562,147.38999938964844,126.72000122070312,141.1699981689453,0,0.0,0.0
2022-02-14 00:00:00-05:00,142.38999938964844,147.3699951171875,139.60000610351562,140.58999633789062,0,0.0,0.0
2022-02-15 00:00:00-05:00,133.67999267578125,135.22000122070312,128.3800048828125,129.0500030517578,0,0.0,0.0
2022-02-16 00:00:00-05:00,130.39999389648438,130.39999389648438,120.33999633789062,122.58000183105469,0,0.0,0.0
2022-02-17 00:00:00-05:00,128.05999755859375,134.8800048828125,126.83999633789062,134.49000549316406,0,0.0,0.0
2022-02-18 00:00:00-05:00,132.88999938964844,138.8300018310547,132.17999267578125,133.63999938964844,0,0.0,0.0
2022-02-22 00:00:00-05:00,134.77000427246094,136.5500030517578,130.38999938964844,130.69000244140625,0,0.0,0.0
2022-02-23 00:00:00-05:00,128.55999755859375,131.77999877929688,125.3499984741211,131.24000549316406,0,0.0,0.0
2022-02-24 00:00:00-05:00,145.6300048828125,145.88999938964844,125.06999969482422,128.5,0,0.0,0.0
2022-02-25 00:00:00-05:00,125.05999755859375,125.4000015258789,117.01000213623047,117.76000213623047,0,0.0,0.0
2022-02-28 00:00:00-05:00,124.81999969482422,128.42999267578125,120.7699966430664,123.63999938964844,0,0.0,0.0
2022-03-01 00:00:00-05:00,124.5199966430664,136.27000427246094,123.43000030517578,132.8000030517578,0,0.0,0.0
2022-03-02 00:00:00-05:00,131.77999877929688,132.4199981689453,123.45999908447266,124.91999816894531,0,0.0,0.0
2022-03-03 00:00:00-05:00,122.61000061035156,127.18000030517578,120.37000274658203,122.36000061035156,0,0.0,0.0
2022-03-04 00:00:00-05:00,127.19000244140625,130.52000427246094,125.94000244140625,127.8499984741211,0,0.0,0.0
2022-03-07 00:00:00-05:00,130.44000244140625,134.63999938964844,129.97999572753906,133.66000366210938,0,0.0,0.0
2022-03-08 00:00:00-05:00,144.0800018310547,147.08999633789062,135.69000244140625,139.7100067138672,0,0.0,0.0
2022-03-09 00:00:00-05:00,133.27000427246094,133.89999389648438,125.70999908447266,130.86000061035156,0,0.0,0.0
2022-03-10 00:00:00-05:00,131.5800018310547,131.5800018310547,124.77999877929688,125.47000122070312,0,0.0,0.0
2022-03-11 00:00:00-05:00,123.81999969482422,127.22000122070312,122.0999984741211,125.58000183105469,0,0.0,0.0
2022-03-14 00:00:00-04:00,125.94000244140625,129.02999877929688,118.83000183105469,126.26000213623047,0,0.0,0.0
2022-03-15 00:00:00-04:00,126.41000366210938,126.41000366210938,120.04000091552734,122.18000030517578,0,0.0,0.0
2022-03-16 00:00:00-04:00,119.6500015258789,122.9000015258789,114.4800033569336,115.0999984741211,0,0.0,0.0
2022-03-17 00:00:00-04:00,115.80000305175781,116.06999969482422,107.23999786376953,109.25,0,0.0,0.0
2022-03-18 00:00:00-04:00,111.56999969482422,112.12999725341797,105.4800033569336,106.73999786376953,0,0.0,0.0
2022-03-21 00:00:00-04:00,108.37999725341797,112.55999755859375,105.88999938964844,108.95999908447266,0,0.0,0.0
2022-03-22 00:00:00-04:00,106.52999877929688,109.91999816894531,105.41999816894531,108.22000122070312,0,0.0,0.0
2022-03-23 00:00:00-04:00,110.93000030517578,110.94000244140625,106.30999755859375,108.7699966430664,0,0.0,0.0
2022-03-24 00:00:00-04:00,109.22000122070312,110.62999725341797,105.0999984741211,106.05000305175781,0,0.0,0.0
2022-03-25 00:00:00-04:00,106.0199966430664,111.4000015258789,104.12999725341797,109.20999908447266,0,0.0,0.0
2022-03-28 00:00:00-04:00,113.27999877929688,117.19999694824219,107.73999786376953,108.29000091552734,0,0.0,0.0
2022-03-29 00:00:00-04:00,105.19999694824219,107.55999755859375,103.41999816894531,104.3499984741211,0,0.0,0.0
2022-03-30 00:00:00-04:00,106.29000091552734,111.4800033569336,104.7300033569336,107.41000366210938,0,0.0,0.0
2022-03-31 00:00:00-04:00,109.05000305175781,114.20999908447266,107.62999725341797,111.44999694824219,0,0.0,0.0
2022-04-01 00:00:00-04:00,109.97000122070312,112.5999984741211,108.05000305175781,112.22000122070312,0,0.0,0.0
2022-04-04 00:00:00-04:00,112.88999938964844,113.4800033569336,106.72000122070312,107.11000061035156,0,0.0,0.0
2022-04-05 00:00:00-04:00,108.87000274658203,117.79000091552734,108.7699966430664,116.2699966430664,0,0.0,0.0
2022-04-06 00:00:00-04:00,120.95999908447266,124.62000274658203,113.22000122070312,114.83999633789062,0,0.0,0.0
2022-04-07 00:00:00-04:00,115.7300033569336,117.91000366210938,111.5999984741211,113.33000183105469,0,0.0,0.0
2022-04-08 00:00:00-04:00,113.2699966430664,114.97000122070312,109.19999694824219,112.13999938964844,0,0.0,0.0
2022-04-11 00:00:00-04:00,116.5,118.12000274658203,114.98999786376953,117.3499984741211,0,0.0,0.0
2022-04-12 00:00:00-04:00,116.12999725341797,119.58999633789062,113.41999816894531,117.26000213623047,0,0.0,0.0
2022-04-13 00:00:00-04:00,122.33000183105469,122.33000183105469,112.47000122070312,113.76000213623047,0,0.0,0.0
2022-04-14 00:00:00-04:00,112.52999877929688,116.02999877929688,111.30000305175781,114.75,0,0.0,0.0
2022-04-18 00:00:00-04:00,115.83999633789062,115.83999633789062,110.51000213623047,110.9000015258789,0,0.0,0.0
2022-04-19 00:00:00-04:00,110.76000213623047,111.2699966430664,101.76000213623047,106.05999755859375,0,0.0,0.0
2022-04-20 00:00:00-04:00,102.58999633789062,105.55999755859375,100.94000244140625,103.02999877929688,0,0.0,0.0
2022-04-21 00:00:00-04:00,101.2699966430664,112.58999633789062,100.66000366210938,110.93000030517578,0,0.0,0.0
2022-04-22 00:00:00-04:00,111.41999816894531,122.81999969482422,111.0999984741211,122.37000274658203,0,0.0,0.0
2022-04-25 00:00:00-04:00,123.77999877929688,124.94000244140625,116.02999877929688,116.9800033569336,0,0.0,0.0
2022-04-26 00:00:00-04:00,118.87999725341797,127.70999908447266,118.87999725341797,127.5,0,0.0,0.0
2022-04-27 00:00:00-04:00,125.69999694824219,125.69999694824219,120.08999633789062,123.70999908447266,0,0.0,0.0
2022-04-28 00:00:00-04:00,118.95999908447266,121.29000091552734,114.80999755859375,119.75,0,0.0,0.0
2022-04-29 00:00:00-04:00,120.5999984741211,124.0199966430664,117.16999816894531,121.9800033569336,0,0.0,0.0
2022-05-02 00:00:00-04:00,125.41999816894531,130.75999450683594,123.51000213623047,124.4800033569336,0,0.0,0.0
2022-05-03 00:00:00-04:00,123.11000061035156,123.19000244140625,117.0999984741211,117.55000305175781,0,0.0,0.0
2022-05-04 00:00:00-04:00,116.3499984741211,116.80000305175781,104.83000183105469,106.62000274658203,0,0.0,0.0
2022-05-05 00:00:00-04:00,107.4000015258789,121.45999908447266,106.93000030517578,119.18000030517578,0,0.0,0.0
2022-05-06 00:00:00-04:00,120.36000061035156,125.5199966430664,116.16999816894531,116.77999877929688,0,0.0,0.0
2022-05-09 00:00:00-04:00,122.79000091552734,126.33000183105469,122.2300033569336,125.93000030517578,0,0.0,0.0
2022-05-10 00:00:00-04:00,122.12000274658203,125.54000091552734,120.47000122070312,120.9800033569336,0,0.0,0.0
2022-05-11 00:00:00-04:00,126.0999984741211,127.91999816894531,122.66999816894531,125.88999938964844,0,0.0,0.0
2022-05-12 00:00:00-04:00,127.94999694824219,129.69000244140625,121.4800033569336,122.11000061035156,0,0.0,0.0
2022-05-13 00:00:00-04:00,118.70999908447266,119.55000305175781,113.5199966430664,113.88999938964844,0,0.0,0.0
2022-05-16 00:00:00-04:00,114.4000015258789,114.88999938964844,108.26000213623047,108.26000213623047,0,0.0,0.0
2022-05-17 00:00:00-04:00,104.6500015258789,105.26000213623047,99.30999755859375,101.19999694824219,0,0.0,0.0
2022-05-18 00:00:00-04:00,103.83999633789062,115.6500015258789,103.19999694824219,114.95999908447266,0,0.0,0.0
2022-05-19 00:00:00-04:00,115.20999908447266,115.51000213623047,104.88999938964844,104.88999938964844,0,0.0,0.0
2022-05-20 00:00:00-04:00,104.16000366210938,114.11000061035156,102.77999877929688,107.80000305175781,0,0.0,0.0
2022-05-23 00:00:00-04:00,106.44999694824219,108.97000122070312,102.47000122070312,102.68000030517578,0,0.0,0.0
2022-05-24 00:00:00-04:00,103.8499984741211,106.30999755859375,101.7300033569336,104.29000091552734,0,0.0,0.0
2022-05-25 00:00:00-04:00,104.62999725341797,105.30999755859375,98.23999786376953,98.79000091552734,0,0.0,0.0
2022-05-26 00:00:00-04:00,97.7699966430664,98.18000030517578,94.62999725341797,96.25,0,0.0,0.0
2022-05-27 00:00:00-04:00,94.86000061035156,94.86000061035156,92.70999908447266,93.66000366210938,0,0.0,0.0
2022-05-31 00:00:00-04:00,97.16999816894531,97.44999694824219,92.05999755859375,93.0999984741211,0,0.0,0.0
2022-06-01 00:00:00-04:00,92.5199966430664,95.43000030517578,90.54000091552734,91.38999938964844,0,0.0,0.0
2022-06-02 00:00:00-04:00,92.2699966430664,92.69999694824219,88.33999633789062,91.08000183105469,0,0.0,0.0
2022-06-03 00:00:00-04:00,92.55000305175781,93.54000091552734,90.36000061035156,90.5,0,0.0,0.0
2022-06-06 00:00:00-04:00,91.08999633789062,92.0199966430664,88.93000030517578,89.52999877929688,0,0.0,0.0
2022-06-07 00:00:00-04:00,91.30999755859375,91.58999633789062,87.33000183105469,87.81999969482422,0,0.0,0.0
2022-06-08 00:00:00-04:00,93.95999908447266,94.4800033569336,91.33999633789062,92.68000030517578,0,0.0,0.0
2022-06-09 00:00:00-04:00,94.55000305175781,99.01000213623047,93.75,98.81999969482422,0,0.0,0.0
2022-06-10 00:00:00-04:00,99.48999786376953,103.81999969482422,97.33000183105469,99.75,0,0.0,0.0
2022-06-13 00:00:00-04:00,104.63999938964844,114.9000015258789,103.2699966430664,113.72000122070312,0,0.0,0.0
2022-06-14 00:00:00-04:00,112.73999786376953,113.31999969482422,108.36000061035156,111.01000213623047,0,0.0,0.0
2022-06-15 00:00:00-04:00,110.33000183105469,110.66000366210938,103.97000122070312,105.37000274658203,0,0.0,0.0
2022-06-16 00:00:00-04:00,110.3499984741211,116.63999938964844,109.6500015258789,114.36000061035156,0,0.0,0.0
2022-06-17 00:00:00-04:00,113.29000091552734,113.58999633789062,107.27999877929688,110.05999755859375,0,0.0,0.0
2022-06-21 00:00:00-04:00,106.48999786376953,106.48999786376953,102.48999786376953,104.37000274658203,0,0.0,0.0
2022-06-22 00:00:00-04:00,106.08999633789062,106.08999633789062,99.0999984741211,99.66000366210938,0,0.0,0.0
2022-06-23 00:00:00-04:00,98.8499984741211,100.0999984741211,98.05999755859375,98.30999755859375,0,0.0,0.0
2022-06-24 00:00:00-04:00,96.3499984741211,96.66999816894531,90.81999969482422,91.33999633789062,0,0.0,0.0
2022-06-27 00:00:00-04:00,91.86000061035156,93.48999786376953,87.52999877929688,87.58000183105469,0,0.0,0.0
2022-06-28 00:00:00-04:00,86.97000122070312,90.62000274658203,85.36000061035156,90.62000274658203,0,0.0,0.0
2022-06-29 00:00:00-04:00,90.5,92.16000366210938,88.61000061035156,88.91999816894531,0,0.0,0.0
2022-06-30 00:00:00-04:00,91.37999725341797,94.62999725341797,87.83999633789062,89.38999938964844,0,0.0,0.0
2022-07-01 00:00:00-04:00,90.0999984741211,90.69999694824219,85.13999938964844,85.51000213623047,0,0.0,0.0
2022-07-05 00:00:00-04:00,90.94000244140625,91.93000030517578,86.98999786376953,87.30000305175781,0,0.0,0.0
2022-07-06 00:00:00-04:00,87.69999694824219,88.3499984741211,84.68000030517578,85.87999725341797,0,0.0,0.0
2022-07-07 00:00:00-04:00,85.62999725341797,85.87999725341797,83.9800033569336,85.87999725341797,0,0.0,0.0
2022-07-08 00:00:00-04:00,85.80000305175781,86.06999969482422,83.05000305175781,84.73999786376953,0,0.0,0.0
2022-07-11 00:00:00-04:00,88.77999877929688,89.31999969482422,86.9000015258789,88.05000305175781,0,0.0,0.0
2022-07-12 00:00:00-04:00,88.69000244140625,90.51000213623047,86.97000122070312,90.05999755859375,0,0.0,0.0
2022-07-13 00:00:00-04:00,95.37999725341797,95.41000366210938,88.33000183105469,90.48999786376953,0,0.0,0.0
2022-07-14 00:00:00-04:00,92.61000061035156,94.13999938964844,90.08000183105469,90.7300033569336,0,0.0,0.0
2022-07-15 00:00:00-04:00,89.04000091552734,90.80999755859375,88.0999984741211,89.37000274658203,0,0.0,0.0
2022-07-18 00:00:00-04:00,90.68000030517578,92.79000091552734,89.94000244140625,91.86000061035156,0,0.0,0.0
2022-07-19 00:00:00-04:00,89.44000244140625,89.87000274658203,87.33999633789062,88.61000061035156,0,0.0,0.0
2022-07-20 00:00:00-04:00,87.76000213623047,87.87999725341797,84.97000122070312,86.75,0,0.0,0.0
2022-07-21 00:00:00-04:00,86.3499984741211,87.0999984741211,83.86000061035156,85.04000091552734,0,0.0,0.0
2022-07-22 00:00:00-04:00,84.41999816894531,86.33000183105469,83.4000015258789,84.52999877929688,0,0.0,0.0
2022-07-25 00:00:00-04:00,84.86000061035156,85.69000244140625,83.20999908447266,83.81999969482422,0,0.0,0.0
2022-07-26 00:00:00-04:00,84.62000274658203,87.37999725341797,83.9000015258789,84.83000183105469,0,0.0,0.0
2022-07-27 00:00:00-04:00,82.83999633789062,83.81999969482422,80.44999694824219,81.7699966430664,0,0.0,0.0
2022-07-28 00:00:00-04:00,80.1500015258789,82.05999755859375,79.43000030517578,80.87999725341797,0,0.0,0.0
2022-07-29 00:00:00-04:00,79.13999938964844,81.22000122070312,78.7300033569336,80.29000091552734,0,0.0,0.0
2022-08-01 00:00:00-04:00,83.63999938964844,86.43000030517578,82.80000305175781,86.33999633789062,0,0.0,0.0
2022-08-02 00:00:00-04:00,87.54000091552734,90.37999725341797,84.4000015258789,88.47000122070312,0,0.0,0.0
2022-08-03 00:00:00-04:00,85.94999694824219,86.19000244140625,82.69999694824219,84.5999984741211,0,0.0,0.0
2022-08-04 00:00:00-04:00,85.04000091552734,86.4800033569336,83.69000244140625,83.69000244140625,0,0.0,0.0
2022-08-05 00:00:00-04:00,86.37999725341797,86.37999725341797,82.93000030517578,84.12999725341797,0,0.0,0.0
2022-08-08 00:00:00-04:00,86.48999786376953,89.0,84.16999816894531,86.94999694824219,0,0.0,0.0
2022-08-09 00:00:00-04:00,88.23999786376953,88.94000244140625,87.11000061035156,87.48999786376953,0,0.0,0.0
2022-08-10 00:00:00-04:00,88.87000274658203,90.30000305175781,87.36000061035156,90.04000091552734,0,0.0,0.0
2022-08-11 00:00:00-04:00,88.19000244140625,92.80000305175781,87.87999725341797,90.83999633789062,0,0.0,0.0
2022-08-12 00:00:00-04:00,91.25,91.87999725341797,89.33999633789062,91.01000213623047,0,0.0,0.0
2022-08-15 00:00:00-04:00,92.2300033569336,92.30999755859375,87.02999877929688,88.7300033569336,0,0.0,0.0
2022-08-16 00:00:00-04:00,88.19000244140625,89.5199966430664,86.2699966430664,88.05000305175781,0,0.0,0.0
2022-08-17 00:00:00-04:00,87.94999694824219,89.47000122070312,84.97000122070312,87.47000122070312,0,0.0,0.0
2022-08-18 00:00:00-04:00,87.23999786376953,89.0199966430664,84.25,86.45999908447266,0,0.0,0.0
2022-08-19 00:00:00-04:00,88.25,92.83000183105469,87.81999969482422,89.7699966430664,0,0.0,0.0
2022-08-22 00:00:00-04:00,95.19999694824219,95.97000122070312,92.51000213623047,94.75,0,0.0,0.0
2022-08-23 00:00:00-04:00,94.87999725341797,95.0999984741211,91.22000122070312,93.33999633789062,0,0.0,0.0
2022-08-24 00:00:00-04:00,92.3499984741211,92.3499984741211,86.44999694824219,86.44999694824219,0,0.0,0.0
2022-08-25 00:00:00-04:00,86.58999633789062,87.06999969482422,83.0199966430664,83.31999969482422,0,0.0,0.0
2022-08-26 00:00:00-04:00,85.12000274658203,92.47000122070312,84.01000213623047,91.66000366210938,0,0.0,0.0
2022-08-29 00:00:00-04:00,94.11000061035156,94.27999877929688,89.5,91.56999969482422,0,0.0,0.0
2022-08-30 00:00:00-04:00,90.55999755859375,93.81999969482422,89.70999908447266,91.11000061035156,0,0.0,0.0
2022-08-31 00:00:00-04:00,90.30999755859375,90.63999938964844,86.91999816894531,88.4000015258789,0,0.0,0.0
2022-09-01 00:00:00-04:00,89.43000030517578,91.83000183105469,87.16999816894531,87.73999786376953,0,0.0,0.0
2022-09-02 00:00:00-04:00,85.33999633789062,90.37999725341797,83.11000061035156,89.19000244140625,0,0.0,0.0
2022-09-06 00:00:00-04:00,88.48999786376953,94.08000183105469,88.41999816894531,94.08000183105469,0,0.0,0.0
2022-09-07 00:00:00-04:00,94.13999938964844,94.19000244140625,87.68000030517578,88.26000213623047,0,0.0,0.0
2022-09-08 00:00:00-04:00,89.66999816894531,89.80000305175781,85.43000030517578,85.56999969482422,0,0.0,0.0
2022-09-09 00:00:00-04:00,84.77999877929688,84.98999786376953,83.76000213623047,84.08999633789062,0,0.0,0.0
2022-09-12 00:00:00-04:00,85.45999908447266,86.20999908447266,84.47000122070312,84.52999877929688,0,0.0,0.0
2022-09-13 00:00:00-04:00,87.01000213623047,95.66000366210938,85.83999633789062,93.88999938964844,0,0.0,0.0
2022-09-14 00:00:00-04:00,96.9800033569336,96.9800033569336,92.91999816894531,93.58000183105469,0,0.0,0.0
2022-09-15 00:00:00-04:00,93.69000244140625,93.83000183105469,90.13999938964844,92.61000061035156,0,0.0,0.0
2022-09-16 00:00:00-04:00,94.94999694824219,96.77999877929688,92.05000305175781,92.41999816894531,0,0.0,0.0
2022-09-19 00:00:00-04:00,94.45999908447266,94.72000122070312,88.33999633789062,88.98999786376953,0,0.0,0.0
2022-09-20 00:00:00-04:00,90.87000274658203,91.58999633789062,87.70999908447266,91.12000274658203,0,0.0,0.0
2022-09-21 00:00:00-04:00,90.62000274658203,92.0999984741211,86.77999877929688,92.05000305175781,0,0.0,0.0
2022-09-22 00:00:00-04:00,89.98999786376953,91.94000244140625,88.55000305175781,89.18000030517578,0,0.0,0.0
2022-09-23 00:00:00-04:00,91.83000183105469,105.51000213623047,91.7300033569336,101.55000305175781,0,0.0,0.0
2022-09-26 00:00:00-04:00,103.13999938964844,111.0,100.08000183105469,109.08999633789062,0,0.0,0.0
2022-09-27 00:00:00-04:00,106.61000061035156,117.06999969482422,105.13999938964844,113.76000213623047,0,0.0,0.0
2022-09-28 00:00:00-04:00,116.06999969482422,117.30000305175781,105.61000061035156,105.83000183105469,0,0.0,0.0
2022-09-29 00:00:00-04:00,108.93000030517578,114.97000122070312,107.7300033569336,108.30999755859375,0,0.0,0.0
2022-09-30 00:00:00-04:00,107.94000244140625,108.93000030517578,102.72000122070312,106.19000244140625,0,0.0,0.0
2022-10-03 00:00:00-04:00,106.47000122070312,107.75,102.31999969482422,103.02999877929688,0,0.0,0.0
2022-10-04 00:00:00-04:00,98.52999877929688,99.70999908447266,96.04000091552734,96.83000183105469,0,0.0,0.0
2022-10-05 00:00:00-04:00,98.61000061035156,99.9000015258789,92.56999969482422,92.79000091552734,0,0.0,0.0
2022-10-06 00:00:00-04:00,94.2300033569336,97.7300033569336,93.9000015258789,97.7300033569336,0,0.0,0.0
2022-10-07 00:00:00-04:00,97.9800033569336,104.76000213623047,97.91000366210938,103.37000274658203,0,0.0,0.0
2022-10-10 00:00:00-04:00,104.18000030517578,109.88999938964844,104.18000030517578,107.11000061035156,0,0.0,0.0
2022-10-11 00:00:00-04:00,107.98999786376953,108.7699966430664,103.94999694824219,105.26000213623047,0,0.0,0.0
2022-10-12 00:00:00-04:00,109.01000213623047,109.83000183105469,107.69000244140625,109.19000244140625,0,0.0,0.0
2022-10-13 00:00:00-04:00,109.8499984741211,109.91000366210938,99.16000366210938,101.26000213623047,0,0.0,0.0
2022-10-14 00:00:00-04:00,100.30999755859375,104.41000366210938,99.51000213623047,101.94000244140625,0,0.0,0.0
2022-10-17 00:00:00-04:00,99.52999877929688,99.77999877929688,96.87999725341797,97.31999969482422,0,0.0,0.0
2022-10-18 00:00:00-04:00,93.98999786376953,95.13999938964844,92.23999786376953,92.30000305175781,0,0.0,0.0
2022-10-19 00:00:00-04:00,94.27999877929688,94.44000244140625,89.94999694824219,90.69000244140625,0,0.0,0.0
2022-10-20 00:00:00-04:00,90.6500015258789,90.79000091552734,85.54000091552734,88.3499984741211,0,0.0,0.0
2022-10-21 00:00:00-04:00,87.0999984741211,88.1500015258789,84.87999725341797,87.31999969482422,0,0.0,0.0
2022-10-24 00:00:00-04:00,88.97000122070312,90.12000274658203,85.58999633789062,86.05999755859375,0,0.0,0.0
2022-10-25 00:00:00-04:00,85.54000091552734,85.94999694824219,81.4800033569336,82.20999908447266,0,0.0,0.0
2022-10-26 00:00:00-04:00,82.2300033569336,82.58999633789062,79.16999816894531,80.41999816894531,0,0.0,0.0
2022-10-27 00:00:00-04:00,80.30000305175781,83.12999725341797,79.48999786376953,82.51000213623047,0,0.0,0.0
2022-10-28 00:00:00-04:00,80.79000091552734,80.8499984741211,77.41000366210938,78.12000274658203,0,0.0,0.0
2022-10-31 00:00:00-04:00,80.19000244140625,80.19000244140625,77.95999908447266,78.86000061035156,0,0.0,0.0
2022-11-01 00:00:00-04:00,77.38999938964844,80.62999725341797,77.20999908447266,80.23999786376953,0,0.0,0.0
2022-11-02 00:00:00-04:00,79.87999725341797,81.91999816894531,79.12999725341797,80.93000030517578,0,0.0,0.0
2022-11-03 00:00:00-04:00,83.44000244140625,83.45999908447266,77.9800033569336,79.16999816894531,0,0.0,0.0
2022-11-04 00:00:00-04:00,77.31999969482422,81.30000305175781,76.91000366210938,79.23999786376953,0,0.0,0.0
2022-11-07 00:00:00-05:00,79.70999908447266,81.19999694824219,79.19999694824219,79.94999694824219,0,0.0,0.0
2022-11-08 00:00:00-05:00,80.55000305175781,85.8499984741211,80.36000061035156,84.5999984741211,0,0.0,0.0
2022-11-09 00:00:00-05:00,87.66999816894531,92.23999786376953,86.4800033569336,90.11000061035156,0,0.0,0.0
2022-11-10 00:00:00-05:00,85.08000183105469,87.08000183105469,82.05999755859375,85.77999877929688,0,0.0,0.0
2022-11-11 00:00:00-05:00,85.86000061035156,86.87000274658203,83.37000274658203,85.88999938964844,0,0.0,0.0
2022-11-14 00:00:00-05:00,86.41999816894531,86.48999786376953,80.54000091552734,84.56999969482422,0,0.0,0.0
2022-11-15 00:00:00-05:00,84.22000122070312,89.8499984741211,79.80999755859375,88.30999755859375,0,0.0,0.0
2022-11-16 00:00:00-05:00,87.5,87.62999725341797,80.3499984741211,81.37999725341797,0,0.0,0.0
2022-11-17 00:00:00-05:00,85.02999877929688,85.04000091552734,80.31999969482422,81.16000366210938,0,0.0,0.0
2022-11-18 00:00:00-05:00,79.02999877929688,79.2300033569336,77.33000183105469,77.68000030517578,0,0.0,0.0
2022-11-21 00:00:00-05:00,79.7300033569336,80.37000274658203,76.19000244140625,77.11000061035156,0,0.0,0.0
2022-11-22 00:00:00-05:00,76.4800033569336,77.93000030517578,76.12999725341797,77.80999755859375,0,0.0,0.0
2022-11-23 00:00:00-05:00,78.7300033569336,82.87000274658203,78.23999786376953,81.72000122070312,0,0.0,0.0
2022-11-25 00:00:00-05:00,82.44000244140625,84.38999938964844,82.33999633789062,82.5,0,0.0,0.0
2022-11-28 00:00:00-05:00,85.5999984741211,88.51000213623047,85.01000213623047,87.33000183105469,0,0.0,0.0
2022-11-29 00:00:00-05:00,87.62000274658203,87.66999816894531,84.19000244140625,85.43000030517578,0,0.0,0.0
2022-11-30 00:00:00-05:00,84.75,86.04000091552734,80.41000366210938,81.79000091552734,0,0.0,0.0
2022-12-01 00:00:00-05:00,82.05999755859375,82.30000305175781,80.88999938964844,82.19000244140625,0,0.0,0.0
2022-12-02 00:00:00-05:00,85.54000091552734,85.54000091552734,80.12000274658203,81.56999969482422,0,0.0,0.0
2022-12-05 00:00:00-05:00,84.0199966430664,86.68000030517578,83.30000305175781,84.70999908447266,0,0.0,0.0
2022-12-06 00:00:00-05:00,84.63999938964844,87.18000030517578,84.44000244140625,86.58999633789062,0,0.0,0.0
2022-12-07 00:00:00-05:00,86.76000213623047,87.66999816894531,86.31999969482422,87.18000030517578,0,0.0,0.0
2022-12-08 00:00:00-05:00,86.83999633789062,87.18000030517578,84.19000244140625,84.9000015258789,0,0.0,0.0
2022-12-09 00:00:00-05:00,83.93000030517578,87.26000213623047,83.69000244140625,87.26000213623047,0,0.0,0.0
2022-12-12 00:00:00-05:00,88.94999694824219,92.75,88.80999755859375,91.7300033569336,0,0.0,0.0
2022-12-13 00:00:00-05:00,85.86000061035156,91.62999725341797,85.30000305175781,88.73999786376953,0,0.0,0.0
2022-12-14 00:00:00-05:00,89.81999969482422,92.0,88.05000305175781,88.3499984741211,0,0.0,0.0
2022-12-15 00:00:00-05:00,89.83999633789062,93.58999633789062,89.33000183105469,92.26000213623047,0,0.0,0.0
2022-12-16 00:00:00-05:00,92.19000244140625,93.54000091552734,89.1500015258789,89.1500015258789,0,0.0,0.0
2022-12-19 00:00:00-05:00,94.33000183105469,94.33000183105469,86.91000366210938,87.54000091552734,0,0.0,0.0
2022-12-20 00:00:00-05:00,87.91000366210938,88.44000244140625,81.66999816894531,83.0,0,0.0,0.0
2022-12-21 00:00:00-05:00,81.4000015258789,81.62999725341797,77.63999938964844,77.63999938964844,0,0.0,0.0
2022-12-22 00:00:00-05:00,78.20999908447266,88.26000213623047,78.20999908447266,81.94000244140625,0,0.0,0.0
2022-12-23 00:00:00-05:00,81.11000061035156,82.16000366210938,77.94999694824219,78.83999633789062,0,0.0,0.0
2022-12-27 00:00:00-05:00,81.04000091552734,81.7699966430664,78.44999694824219,78.6500015258789,0,0.0,0.0
2022-12-28 00:00:00-05:00,79.25,80.05000305175781,77.1500015258789,79.9000015258789,0,0.0,0.0
2022-12-29 00:00:00-05:00,78.79000091552734,78.98999786376953,76.8499984741211,77.27999877929688,0,0.0,0.0
2022-12-30 00:00:00-05:00,78.44000244140625,78.55999755859375,77.01000213623047,77.05000305175781,0,0.0,0.0
2023-01-03 00:00:00-05:00,78.8499984741211,82.83000183105469,78.41000366210938,80.33999633789062,0,0.0,0.0
2023-01-04 00:00:00-05:00,79.44999694824219,80.0999984741211,76.5999984741211,76.6500015258789,0,0.0,0.0
2023-01-05 00:00:00-05:00,77.66000366210938,78.61000061035156,75.62000274658203,75.95999908447266,0,0.0,0.0
2023-01-06 00:00:00-05:00,74.43000030517578,75.30999755859375,72.2699966430664,73.87999725341797,0,0.0,0.0
2023-01-09 00:00:00-05:00,75.87000274658203,77.47000122070312,74.52999877929688,77.2699966430664,0,0.0,0.0
2023-01-10 00:00:00-05:00,77.87000274658203,77.88999938964844,75.70999908447266,76.0199966430664,0,0.0,0.0
2023-01-11 00:00:00-05:00,77.20999908447266,78.97000122070312,76.95999908447266,78.94000244140625,0,0.0,0.0
2023-01-12 00:00:00-05:00,78.54000091552734,79.80000305175781,75.9800033569336,78.79000091552734,0,0.0,0.0
2023-01-13 00:00:00-05:00,79.55000305175781,81.16999816894531,78.12000274658203,80.88999938964844,0,0.0,0.0
2023-01-17 00:00:00-05:00,83.08999633789062,84.02999877929688,81.0999984741211,83.44000244140625,0,0.0,0.0
2023-01-18 00:00:00-05:00,83.16999816894531,86.3499984741211,82.91000366210938,85.33000183105469,0,0.0,0.0
2023-01-19 00:00:00-05:00,87.37999725341797,87.94000244140625,84.0,85.13999938964844,0,0.0,0.0
2023-01-20 00:00:00-05:00,85.3499984741211,85.81999969482422,80.56999969482422,81.02999877929688,0,0.0,0.0
2023-01-23 00:00:00-05:00,82.33000183105469,82.51000213623047,77.87999725341797,78.33999633789062,0,0.0,0.0
2023-01-24 00:00:00-05:00,79.2699966430664,79.94999694824219,77.20999908447266,79.37000274658203,0,0.0,0.0
2023-01-25 00:00:00-05:00,81.56999969482422,84.69999694824219,80.58000183105469,80.73999786376953,0,0.0,0.0
2023-01-26 00:00:00-05:00,81.51000213623047,83.7300033569336,80.1500015258789,81.5999984741211,0,0.0,0.0
2023-01-27 00:00:00-05:00,82.94999694824219,83.5999984741211,80.01000213623047,83.30999755859375,0,0.0,0.0
2023-01-30 00:00:00-05:00,86.22000122070312,86.3499984741211,84.54000091552734,86.12999725341797,0,0.0,0.0
2023-01-31 00:00:00-05:00,86.33999633789062,87.73999786376953,83.9000015258789,83.9000015258789,0,0.0,0.0
2023-02-01 00:00:00-05:00,83.9000015258789,86.31999969482422,79.54000091552734,81.19999694824219,0,0.0,0.0
2023-02-02 00:00:00-05:00,79.16999816894531,86.77999877929688,77.62999725341797,84.97000122070312,0,0.0,0.0
2023-02-03 00:00:00-05:00,86.0,86.0,81.37000274658203,83.48999786376953,0,0.0,0.0
2023-02-06 00:00:00-05:00,86.52999877929688,86.52999877929688,83.8499984741211,85.0999984741211,0,0.0,0.0
2023-02-07 00:00:00-05:00,86.12000274658203,87.51000213623047,83.25,84.54000091552734,0,0.0,0.0
2023-02-08 00:00:00-05:00,90.8499984741211,95.7699966430664,89.72000122070312,94.83000183105469,0,0.0,0.0
2023-02-09 00:00:00-05:00,92.52999877929688,100.52999877929688,91.94999694824219,97.95999908447266,0,0.0,0.0
2023-02-10 00:00:00-05:00,97.80000305175781,100.20999908447266,94.75,95.62999725341797,0,0.0,0.0
2023-02-13 00:00:00-05:00,95.9000015258789,96.81999969482422,91.87999725341797,93.94999694824219,0,0.0,0.0
2023-02-14 00:00:00-05:00,93.87999725341797,94.4800033569336,86.48999786376953,89.19999694824219,0,0.0,0.0
2023-02-15 00:00:00-05:00,89.58999633789062,89.62999725341797,82.94000244140625,84.80999755859375,0,0.0,0.0
2023-02-16 00:00:00-05:00,88.62000274658203,91.70999908447266,84.19000244140625,88.25,0,0.0,0.0
2023-02-17 00:00:00-05:00,89.97000122070312,90.80999755859375,87.19000244140625,87.97000122070312,0,0.0,0.0
2023-02-21 00:00:00-05:00,93.0199966430664,96.9000015258789,91.27999877929688,95.98999786376953,0,0.0,0.0
2023-02-22 00:00:00-05:00,95.66000366210938,95.66000366210938,90.12999725341797,91.23999786376953,0,0.0,0.0
2023-02-23 00:00:00-05:00,89.43000030517578,90.47000122070312,85.06999969482422,85.16000366210938,0,0.0,0.0
2023-02-24 00:00:00-05:00,87.87000274658203,90.33999633789062,84.86000061035156,85.26000213623047,0,0.0,0.0
2023-02-27 00:00:00-05:00,84.55999755859375,85.2300033569336,82.30999755859375,83.20999908447266,0,0.0,0.0
2023-02-28 00:00:00-05:00,82.97000122070312,83.0,79.22000122070312,80.76000213623047,0,0.0,0.0
2023-03-01 00:00:00-05:00,81.31999969482422,82.11000061035156,79.4000015258789,80.55000305175781,0,0.0,0.0
2023-03-02 00:00:00-05:00,81.87000274658203,82.08999633789062,77.04000091552734,77.33999633789062,0,0.0,0.0
2023-03-03 00:00:00-05:00,76.62999725341797,76.98999786376953,75.08000183105469,75.93000030517578,0,0.0,0.0
2023-03-06 00:00:00-05:00,78.47000122070312,78.4800033569336,75.88999938964844,76.41000366210938,0,0.0,0.0
2023-03-07 00:00:00-05:00,77.36000061035156,78.94999694824219,75.31999969482422,78.54000091552734,0,0.0,0.0
2023-03-08 00:00:00-05:00,78.79000091552734,78.86000061035156,73.69999694824219,74.66999816894531,0,0.0,0.0
2023-03-09 00:00:00-05:00,74.55999755859375,92.26000213623047,73.5999984741211,92.04000091552734,0,0.0,0.0
2023-03-10 00:00:00-05:00,91.91000366210938,126.7699966430664,91.0199966430664,108.62000274658203,0,0.0,0.0
2023-03-13 00:00:00-04:00,127.7300033569336,128.33999633789062,105.83000183105469,114.54000091552734,0,0.0,0.0
2023-03-14 00:00:00-04:00,100.5,109.9800033569336,93.30999755859375,104.9000015258789,0,0.0,0.0
2023-03-15 00:00:00-04:00,123.08999633789062,137.64999389648438,119.63999938964844,122.75,0,0.0,0.0
2023-03-16 00:00:00-04:00,123.66000366210938,124.73999786376953,107.93000030517578,110.7699966430664,0,0.0,0.0
2023-03-17 00:00:00-04:00,114.58000183105469,126.05000305175781,113.37999725341797,124.75,0,0.0,0.0
2023-03-20 00:00:00-04:00,125.41999816894531,126.0,109.87999725341797,110.16000366210938,0,0.0,0.0
2023-03-21 00:00:00-04:00,100.56999969482422,104.02999877929688,98.9800033569336,101.19000244140625,0,0.0,0.0
2023-03-22 00:00:00-04:00,100.5999984741211,103.0999984741211,95.83999633789062,102.63999938964844,0,0.0,0.0
2023-03-23 00:00:00-04:00,100.2300033569336,109.70999908447266,94.36000061035156,102.91999816894531,0,0.0,0.0
2023-03-24 00:00:00-04:00,108.69000244140625,112.38999938964844,99.43000030517578,99.72000122070312,0,0.0,0.0
2023-03-27 00:00:00-04:00,97.2300033569336,98.5999984741211,94.7300033569336,95.06999969482422,0,0.0,0.0
2023-03-28 00:00:00-04:00,94.7699966430664,96.83000183105469,91.38999938964844,91.41000366210938,0,0.0,0.0
2023-03-29 00:00:00-04:00,88.62000274658203,90.01000213623047,87.37000274658203,87.77999877929688,0,0.0,0.0
2023-03-30 00:00:00-04:00,87.30999755859375,89.97000122070312,85.12000274658203,85.33999633789062,0,0.0,0.0
2023-03-31 00:00:00-04:00,85.38999938964844,87.52999877929688,82.95999908447266,87.52999877929688,0,0.0,0.0
2023-04-03 00:00:00-04:00,86.08999633789062,87.16999816894531,83.70999908447266,84.06999969482422,0,0.0,0.0
2023-04-04 00:00:00-04:00,84.91999816894531,89.48999786376953,84.18000030517578,84.72000122070312,0,0.0,0.0
2023-04-05 00:00:00-04:00,87.5199966430664,88.81999969482422,85.8499984741211,85.91999816894531,0,0.0,0.0
2023-04-06 00:00:00-04:00,87.27999877929688,88.36000061035156,82.93000030517578,84.63999938964844,0,0.0,0.0
2023-04-10 00:00:00-04:00,88.77999877929688,88.77999877929688,85.44999694824219,85.94000244140625,0,0.0,0.0
2023-04-11 00:00:00-04:00,85.79000091552734,86.52999877929688,83.80999755859375,85.91999816894531,0,0.0,0.0
2023-04-12 00:00:00-04:00,88.51000213623047,90.01000213623047,84.36000061035156,87.05999755859375,0,0.0,0.0
2023-04-13 00:00:00-04:00,84.41000366210938,85.44000244140625,82.62999725341797,84.7300033569336,0,0.0,0.0
2023-04-14 00:00:00-04:00,85.48999786376953,87.62000274658203,83.97000122070312,84.01000213623047,0,0.0,0.0
2023-04-17 00:00:00-04:00,81.8499984741211,84.58000183105469,81.18000030517578,83.1500015258789,0,0.0,0.0
2023-04-18 00:00:00-04:00,82.62000274658203,88.16000366210938,81.69000244140625,88.01000213623047,0,0.0,0.0
2023-04-19 00:00:00-04:00,88.56999969482422,95.08000183105469,87.16999816894531,95.04000091552734,0,0.0,0.0
2023-04-20 00:00:00-04:00,98.37000274658203,99.80999755859375,95.19999694824219,98.45999908447266,0,0.0,0.0
2023-04-21 00:00:00-04:00,98.51000213623047,100.0,95.63999938964844,96.94000244140625,0,0.0,0.0
2023-04-24 00:00:00-04:00,97.80999755859375,98.08999633789062,93.80999755859375,93.95999908447266,0,0.0,0.0
2023-04-25 00:00:00-04:00,96.3499984741211,100.38999938964844,94.01000213623047,94.3499984741211,0,0.0,0.0
2023-04-26 00:00:00-04:00,94.54000091552734,94.54000091552734,89.12000274658203,90.6500015258789,0,0.0,0.0
2023-04-27 00:00:00-04:00,89.41000366210938,89.81999969482422,85.13999938964844,85.79000091552734,0,0.0,0.0
2023-04-28 00:00:00-04:00,85.80999755859375,86.9000015258789,83.56999969482422,86.9000015258789,0,0.0,0.0
2023-05-01 00:00:00-04:00,88.2300033569336,89.30000305175781,87.0199966430664,88.20999908447266,0,0.0,0.0
2023-05-02 00:00:00-04:00,90.18000030517578,101.05999755859375,89.70999908447266,91.45999908447266,0,0.0,0.0
2023-05-03 00:00:00-04:00,91.83999633789062,94.9000015258789,88.87999725341797,91.54000091552734,0,0.0,0.0
2023-05-04 00:00:00-04:00,94.88999938964844,108.11000061035156,94.45999908447266,98.73999786376953,0,0.0,0.0
2023-05-05 00:00:00-04:00,93.79000091552734,93.79000091552734,90.48999786376953,91.80000305175781,0,0.0,0.0
2023-05-08 00:00:00-04:00,94.36000061035156,94.8499984741211,91.43000030517578,91.9800033569336,0,0.0,0.0
2023-05-09 00:00:00-04:00,93.5199966430664,93.87000274658203,91.94999694824219,92.44999694824219,0,0.0,0.0
2023-05-10 00:00:00-04:00,96.69000244140625,101.52999877929688,94.9800033569336,97.52999877929688,0,0.0,0.0
2023-05-11 00:00:00-04:00,99.45999908447266,101.5999984741211,96.25,97.31999969482422,0,0.0,0.0
2023-05-12 00:00:00-04:00,95.62000274658203,101.95999908447266,95.43000030517578,100.54000091552734,0,0.0,0.0
2023-05-15 00:00:00-04:00,99.38999938964844,100.05000305175781,94.12999725341797,94.6500015258789,0,0.0,0.0
2023-05-16 00:00:00-04:00,96.0199966430664,98.16000366210938,94.37000274658203,97.62999725341797,0,0.0,0.0
2023-05-17 00:00:00-04:00,95.4000015258789,95.75,92.41999816894531,92.76000213623047,0,0.0,0.0
2023-05-18 00:00:00-04:00,92.7300033569336,92.94000244140625,88.9000015258789,89.05999755859375,0,0.0,0.0
2023-05-19 00:00:00-04:00,88.37000274658203,99.0199966430664,88.1500015258789,94.7699966430664,0,0.0,0.0
2023-05-22 00:00:00-04:00,95.08999633789062,98.66000366210938,92.83000183105469,97.63999938964844,0,0.0,0.0
2023-05-23 00:00:00-04:00,100.26000213623047,104.79000091552734,98.43000030517578,101.91000366210938,0,0.0,0.0
2023-05-24 00:00:00-04:00,105.2699966430664,111.47000122070312,104.4000015258789,106.5199966430664,0,0.0,0.0
2023-05-25 00:00:00-04:00,102.94000244140625,105.62000274658203,101.06999969482422,103.87999725341797,0,0.0,0.0
2023-05-26 00:00:00-04:00,101.5199966430664,101.76000213623047,93.81999969482422,97.56999969482422,0,0.0,0.0
2023-05-30 00:00:00-04:00,93.98999786376953,96.91999816894531,91.33999633789062,91.91000366210938,0,0.0,0.0
2023-05-31 00:00:00-04:00,93.73999786376953,95.70999908447266,90.30000305175781,91.38999938964844,0,0.0,0.0
2023-06-01 00:00:00-04:00,89.44000244140625,89.95999908447266,84.06999969482422,85.06999969482422,0,0.0,0.0
2023-06-02 00:00:00-04:00,83.48999786376953,86.18000030517578,82.36000061035156,86.16000366210938,0,0.0,0.0
2023-06-05 00:00:00-04:00,88.31999969482422,88.5999984741211,85.23999786376953,85.7699966430664,0,0.0,0.0
2023-06-06 00:00:00-04:00,85.77999877929688,86.77999877929688,83.61000061035156,85.73999786376953,0,0.0,0.0
2023-06-07 00:00:00-04:00,85.04000091552734,85.47000122070312,83.25,84.0,0,0.0,0.0
2023-06-08 00:00:00-04:00,84.4000015258789,88.12000274658203,84.1500015258789,87.62999725341797,0,0.0,0.0
2023-06-09 00:00:00-04:00,87.7699966430664,93.25,87.76000213623047,89.69999694824219,0,0.0,0.0
2023-06-12 00:00:00-04:00,91.80999755859375,93.08000183105469,90.80000305175781,92.83000183105469,0,0.0,0.0
2023-06-13 00:00:00-04:00,88.44000244140625,92.33999633789062,88.33000183105469,92.0999984741211,0,0.0,0.0
2023-06-14 00:00:00-04:00,93.8499984741211,95.83000183105469,91.86000061035156,91.91000366210938,0,0.0,0.0
2023-06-15 00:00:00-04:00,94.0999984741211,95.88999938964844,92.0999984741211,93.94999694824219,0,0.0,0.0
2023-06-16 00:00:00-04:00,93.5999984741211,94.0999984741211,89.44000244140625,90.69000244140625,0,0.0,0.0
2023-06-20 00:00:00-04:00,94.33999633789062,98.88999938964844,94.33999633789062,96.26000213623047,0,0.0,0.0
2023-06-21 00:00:00-04:00,97.55000305175781,97.62000274658203,91.4800033569336,92.7300033569336,0,0.0,0.0
2023-06-22 00:00:00-04:00,95.94999694824219,96.0999984741211,90.08999633789062,90.63999938964844,0,0.0,0.0
2023-06-23 00:00:00-04:00,93.83000183105469,93.83000183105469,88.56999969482422,92.33999633789062,0,0.0,0.0
2023-06-26 00:00:00-04:00,96.05000305175781,96.97000122070312,93.66000366210938,95.41999816894531,0,0.0,0.0
2023-06-27 00:00:00-04:00,93.7699966430664,94.2699966430664,90.16000366210938,91.33000183105469,0,0.0,0.0
2023-06-28 00:00:00-04:00,91.27999877929688,91.27999877929688,85.56999969482422,85.79000091552734,0,0.0,0.0
2023-06-29 00:00:00-04:00,86.19999694824219,87.12999725341797,84.83999633789062,85.26000213623047,0,0.0,0.0
2023-06-30 00:00:00-04:00,85.1500015258789,85.26000213623047,82.33000183105469,83.11000061035156,0,0.0,0.0
2023-07-03 00:00:00-04:00,85.70999908447266,85.73999786376953,83.70999908447266,84.16999816894531,0,0.0,0.0
2023-07-05 00:00:00-04:00,88.30999755859375,88.83999633789062,86.94000244140625,87.76000213623047,0,0.0,0.0
2023-07-06 00:00:00-04:00,93.75,104.75,93.73999786376953,95.30000305175781,0,0.0,0.0
2023-07-07 00:00:00-04:00,97.83000183105469,97.83000183105469,92.2300033569336,94.48999786376953,0,0.0,0.0
2023-07-10 00:00:00-04:00,95.5999984741211,97.30000305175781,94.73999786376953,95.33000183105469,0,0.0,0.0
2023-07-11 00:00:00-04:00,94.97000122070312,95.87999725341797,93.95999908447266,95.20999908447266,0,0.0,0.0
2023-07-12 00:00:00-04:00,94.66000366210938,97.33000183105469,91.33000183105469,95.8499984741211,0,0.0,0.0
2023-07-13 00:00:00-04:00,94.8499984741211,97.69999694824219,94.2300033569336,96.43000030517578,0,0.0,0.0
2023-07-14 00:00:00-04:00,96.22000122070312,98.05000305175781,94.80000305175781,94.88999938964844,0,0.0,0.0
2023-07-17 00:00:00-04:00,96.56999969482422,96.5999984741211,93.62999725341797,95.9800033569336,0,0.0,0.0
2023-07-18 00:00:00-04:00,96.06999969482422,97.08000183105469,92.29000091552734,92.98999786376953,0,0.0,0.0
2023-07-19 00:00:00-04:00,91.86000061035156,93.58000183105469,91.43000030517578,93.56999969482422,0,0.0,0.0
2023-07-20 00:00:00-04:00,92.88999938964844,94.37999725341797,90.44999694824219,94.05999755859375,0,0.0,0.0
2023-07-21 00:00:00-04:00,93.16999816894531,94.05000305175781,92.2300033569336,93.36000061035156,0,0.0,0.0
2023-07-24 00:00:00-04:00,94.55000305175781,95.0,91.61000061035156,91.73999786376953,0,0.0,0.0
2023-07-25 00:00:00-04:00,92.37000274658203,92.62000274658203,89.31999969482422,90.0,0,0.0,0.0
2023-07-26 00:00:00-04:00,90.5,90.5199966430664,85.25,85.37999725341797,0,0.0,0.0
2023-07-27 00:00:00-04:00,82.80999755859375,97.29000091552734,82.80999755859375,94.05000305175781,0,0.0,0.0
2023-07-28 00:00:00-04:00,88.2699966430664,88.66000366210938,85.43000030517578,87.37999725341797,0,0.0,0.0
2023-07-31 00:00:00-04:00,88.66999816894531,88.66999816894531,86.52999877929688,86.68000030517578,0,0.0,0.0
2023-08-01 00:00:00-04:00,89.11000061035156,89.19000244140625,86.86000061035156,87.48999786376953,0,0.0,0.0
2023-08-02 00:00:00-04:00,92.91999816894531,101.5,92.91999816894531,96.19999694824219,0,0.0,0.0
2023-08-03 00:00:00-04:00,100.58000183105469,102.23999786376953,93.98999786376953,94.04000091552734,0,0.0,0.0
2023-08-04 00:00:00-04:00,91.37000274658203,102.0,89.12000274658203,99.62999725341797,0,0.0,0.0
2023-08-07 00:00:00-04:00,99.68000030517578,100.0199966430664,92.83999633789062,92.98999786376953,0,0.0,0.0
2023-08-08 00:00:00-04:00,97.7300033569336,105.12999725341797,94.91000366210938,94.91000366210938,0,0.0,0.0
2023-08-09 00:00:00-04:00,100.05000305175781,106.5199966430664,96.4800033569336,97.43000030517578,0,0.0,0.0
2023-08-10 00:00:00-04:00,93.13999938964844,104.72000122070312,90.01000213623047,99.77999877929688,0,0.0,0.0
2023-08-11 00:00:00-04:00,101.56999969482422,103.56999969482422,96.5199966430664,96.68000030517578,0,0.0,0.0
2023-08-14 00:00:00-04:00,100.43000030517578,101.20999908447266,93.56999969482422,95.33000183105469,0,0.0,0.0
2023-08-15 00:00:00-04:00,98.4000015258789,103.41000366210938,98.05000305175781,103.27999877929688,0,0.0,0.0
2023-08-16 00:00:00-04:00,102.58000183105469,104.98999786376953,100.0199966430664,104.54000091552734,0,0.0,0.0
2023-08-17 00:00:00-04:00,103.52999877929688,109.4000015258789,102.19000244140625,106.73999786376953,0,0.0,0.0
2023-08-18 00:00:00-04:00,109.38999938964844,109.47000122070312,96.66999816894531,97.27999877929688,0,0.0,0.0
2023-08-21 00:00:00-04:00,98.75,98.91000366210938,94.55000305175781,95.23999786376953,0,0.0,0.0
2023-08-22 00:00:00-04:00,93.66000366210938,96.13999938964844,92.02999877929688,92.62000274658203,0,0.0,0.0
2023-08-23 00:00:00-04:00,91.79000091552734,92.2300033569336,88.6500015258789,88.98999786376953,0,0.0,0.0
2023-08-24 00:00:00-04:00,88.55999755859375,92.5,88.0199966430664,92.16999816894531,0,0.0,0.0
2023-08-25 00:00:00-04:00,90.54000091552734,93.0999984741211,83.05000305175781,84.31999969482422,0,0.0,0.0
2023-08-28 00:00:00-04:00,85.36000061035156,85.36000061035156,82.2300033569336,82.2300033569336,0,0.0,0.0
2023-08-29 00:00:00-04:00,81.98999786376953,82.16999816894531,78.5199966430664,79.05000305175781,0,0.0,0.0
2023-08-30 00:00:00-04:00,78.83000183105469,79.97000122070312,77.94999694824219,78.62999725341797,0,0.0,0.0
2023-08-31 00:00:00-04:00,78.98999786376953,81.70999908447266,78.25,80.80000305175781,0,0.0,0.0
2023-09-01 00:00:00-04:00,81.9800033569336,82.70999908447266,80.95999908447266,82.6500015258789,0,0.0,0.0
2023-09-05 00:00:00-04:00,87.69999694824219,88.48999786376953,85.45999908447266,86.43000030517578,0,0.0,0.0
2023-09-06 00:00:00-04:00,87.08000183105469,89.94999694824219,86.68000030517578,87.8499984741211,0,0.0,0.0
2023-09-07 00:00:00-04:00,91.19000244140625,92.95999908447266,87.08000183105469,87.6500015258789,0,0.0,0.0
2023-09-08 00:00:00-04:00,87.30000305175781,87.30000305175781,84.41000366210938,85.2699966430664,0,0.0,0.0
2023-09-11 00:00:00-04:00,86.37999725341797,88.04000091552734,84.9000015258789,85.19000244140625,0,0.0,0.0
2023-09-12 00:00:00-04:00,85.8499984741211,86.94000244140625,84.5199966430664,85.62999725341797,0,0.0,0.0
2023-09-13 00:00:00-04:00,86.55999755859375,86.55999755859375,84.83000183105469,84.97000122070312,0,0.0,0.0
2023-09-14 00:00:00-04:00,83.51000213623047,84.6500015258789,82.4800033569336,82.4800033569336,0,0.0,0.0
2023-09-15 00:00:00-04:00,82.48999786376953,85.83000183105469,82.38999938964844,84.83999633789062,0,0.0,0.0
2023-09-18 00:00:00-04:00,88.29000091552734,89.12999725341797,83.81999969482422,84.7699966430664,0,0.0,0.0
2023-09-19 00:00:00-04:00,85.26000213623047,86.47000122070312,81.73999786376953,83.54000091552734,0,0.0,0.0
2023-09-20 00:00:00-04:00,83.41999816894531,88.56999969482422,82.62000274658203,88.05000305175781,0,0.0,0.0
2023-09-21 00:00:00-04:00,90.66999816894531,94.55000305175781,88.81999969482422,94.44000244140625,0,0.0,0.0
2023-09-22 00:00:00-04:00,93.77999877929688,93.77999877929688,88.05000305175781,90.54000091552734,0,0.0,0.0
2023-09-25 00:00:00-04:00,94.30000305175781,95.08999633789062,91.2300033569336,91.73999786376953,0,0.0,0.0
2023-09-26 00:00:00-04:00,94.06999969482422,105.4000015258789,93.12000274658203,103.04000091552734,0,0.0,0.0
2023-09-27 00:00:00-04:00,100.51000213623047,104.51000213623047,96.55999755859375,97.08999633789062,0,0.0,0.0
2023-09-28 00:00:00-04:00,97.55000305175781,98.06999969482422,93.26000213623047,93.72000122070312,0,0.0,0.0
2023-09-29 00:00:00-04:00,91.3499984741211,96.66999816894531,88.0199966430664,94.0999984741211,0,0.0,0.0
2023-10-02 00:00:00-04:00,96.18000030517578,98.48999786376953,92.33999633789062,95.38999938964844,0,0.0,0.0
2023-10-03 00:00:00-04:00,98.58999633789062,106.79000091552734,96.44999694824219,104.38999938964844,0,0.0,0.0
2023-10-04 00:00:00-04:00,103.18000030517578,103.68000030517578,94.88999938964844,95.58000183105469,0,0.0,0.0
2023-10-05 00:00:00-04:00,96.77999877929688,101.37999725341797,94.7300033569336,95.58999633789062,0,0.0,0.0
2023-10-06 00:00:00-04:00,99.68000030517578,101.5999984741211,90.04000091552734,91.16000366210938,0,0.0,0.0
2023-10-09 00:00:00-04:00,96.63999938964844,96.63999938964844,91.26000213623047,92.02999877929688,0,0.0,0.0
2023-10-10 00:00:00-04:00,91.30000305175781,91.81999969482422,88.9800033569336,90.0999984741211,0,0.0,0.0
2023-10-11 00:00:00-04:00,92.1500015258789,97.8499984741211,90.38999938964844,90.56999969482422,0,0.0,0.0
2023-10-12 00:00:00-04:00,90.47000122070312,97.44000244140625,88.8499984741211,91.87000274658203,0,0.0,0.0
2023-10-13 00:00:00-04:00,92.54000091552734,114.66000366210938,92.31999969482422,108.0999984741211,0,0.0,0.0
2023-10-16 00:00:00-04:00,102.75,102.75,95.08999633789062,95.69000244140625,0,0.0,0.0
2023-10-17 00:00:00-04:00,97.81999969482422,99.68000030517578,91.9800033569336,95.80000305175781,0,0.0,0.0
2023-10-18 00:00:00-04:00,96.54000091552734,109.4000015258789,96.44000244140625,105.88999938964844,0,0.0,0.0
2023-10-19 00:00:00-04:00,104.97000122070312,116.47000122070312,102.19000244140625,116.47000122070312,0,0.0,0.0
2023-10-20 00:00:00-04:00,114.9000015258789,117.55000305175781,112.1500015258789,115.43000030517578,0,0.0,0.0
2023-10-23 00:00:00-04:00,117.69999694824219,118.79000091552734,105.26000213623047,109.0,0,0.0,0.0
2023-10-24 00:00:00-04:00,107.83999633789062,108.01000213623047,97.73999786376953,98.54000091552734,0,0.0,0.0
2023-10-25 00:00:00-04:00,98.88999938964844,107.91999816894531,98.88999938964844,102.91999816894531,0,0.0,0.0
2023-10-26 00:00:00-04:00,104.01000213623047,106.44000244140625,99.86000061035156,101.97000122070312,0,0.0,0.0
2023-10-27 00:00:00-04:00,100.08999633789062,104.0,97.16000366210938,102.04000091552734,0,0.0,0.0
2023-10-30 00:00:00-04:00,100.30999755859375,100.30999755859375,93.98999786376953,95.2300033569336,0,0.0,0.0
2023-10-31 00:00:00-04:00,94.56999969482422,95.4800033569336,87.41999816894531,87.94000244140625,0,0.0,0.0
2023-11-01 00:00:00-04:00,87.08999633789062,87.70999908447266,84.68000030517578,85.08000183105469,0,0.0,0.0
2023-11-02 00:00:00-04:00,83.91000366210938,85.16000366210938,82.81999969482422,83.23999786376953,0,0.0,0.0
2023-11-03 00:00:00-04:00,83.02999877929688,83.1500015258789,81.73999786376953,82.83000183105469,0,0.0,0.0
2023-11-06 00:00:00-05:00,83.88999938964844,86.41999816894531,83.58000183105469,84.33000183105469,0,0.0,0.0
2023-11-07 00:00:00-05:00,85.4800033569336,86.13999938964844,82.94000244140625,83.43000030517578,0,0.0,0.0
2023-11-08 00:00:00-05:00,88.36000061035156,89.5999984741211,84.0,85.04000091552734,0,0.0,0.0
2023-11-09 00:00:00-05:00,83.98999786376953,90.37000274658203,83.93000030517578,88.73999786376953,0,0.0,0.0
2023-11-10 00:00:00-05:00,87.88999938964844,87.98999786376953,84.98999786376953,85.66000366210938,0,0.0,0.0
2023-11-13 00:00:00-05:00,88.4000015258789,88.58000183105469,81.44999694824219,85.51000213623047,0,0.0,0.0
2023-11-14 00:00:00-05:00,82.80999755859375,85.43000030517578,82.4800033569336,83.7699966430664,0,0.0,0.0
2023-11-15 00:00:00-05:00,81.79000091552734,85.20999908447266,81.20999908447266,84.91000366210938,0,0.0,0.0
2023-11-16 00:00:00-05:00,84.58000183105469,85.44999694824219,82.76000213623047,83.2300033569336,0,0.0,0.0
2023-11-17 00:00:00-05:00,82.95999908447266,84.68000030517578,81.3499984741211,81.83000183105469,0,0.0,0.0
2023-11-20 00:00:00-05:00,83.66999816894531,83.66999816894531,80.80000305175781,81.80999755859375,0,0.0,0.0
2023-11-21 00:00:00-05:00,82.33999633789062,82.72000122070312,79.37000274658203,81.7699966430664,0,0.0,0.0
2023-11-22 00:00:00-05:00,80.2300033569336,83.97000122070312,79.9000015258789,83.37999725341797,0,0.0,0.0
2023-11-24 00:00:00-05:00,84.2699966430664,84.7699966430664,81.63999938964844,83.0,0,0.0,0.0
2023-11-27 00:00:00-05:00,84.91999816894531,85.97000122070312,84.7300033569336,85.1500015258789,0,0.0,0.0
2023-11-28 00:00:00-05:00,86.04000091552734,86.69999694824219,84.7699966430664,85.13999938964844,0,0.0,0.0
2023-11-29 00:00:00-05:00,84.44999694824219,88.19999694824219,84.41999816894531,87.79000091552734,0,0.0,0.0
2023-11-30 00:00:00-05:00,87.61000061035156,90.41999816894531,86.5,86.70999908447266,0,0.0,0.0
2023-12-01 00:00:00-05:00,86.30999755859375,86.76000213623047,83.94999694824219,85.9000015258789,0,0.0,0.0
2023-12-04 00:00:00-05:00,90.41999816894531,92.16000366210938,87.54000091552734,87.76000213623047,0,0.0,0.0
2023-12-05 00:00:00-05:00,88.13999938964844,88.41999816894531,85.66999816894531,85.76000213623047,0,0.0,0.0
2023-12-06 00:00:00-05:00,84.31999969482422,87.12999725341797,83.81999969482422,86.8499984741211,0,0.0,0.0
2023-12-07 00:00:00-05:00,87.2300033569336,87.80000305175781,85.68000030517578,86.0,0,0.0,0.0
2023-12-08 00:00:00-05:00,85.30999755859375,85.30999755859375,80.9800033569336,81.11000061035156,0,0.0,0.0
2023-12-11 00:00:00-05:00,83.93000030517578,84.02999877929688,81.91999816894531,82.3499984741211,0,0.0,0.0
2023-12-12 00:00:00-05:00,82.13999938964844,83.56999969482422,80.7300033569336,83.54000091552734,0,0.0,0.0
2023-12-13 00:00:00-05:00,84.75,111.8499984741211,80.12000274658203,80.83000183105469,0,0.0,0.0
2023-12-14 00:00:00-05:00,80.83999633789062,83.56999969482422,80.62999725341797,80.83000183105469,0,0.0,0.0
2023-12-15 00:00:00-05:00,81.70999908447266,88.33999633789062,78.22000122070312,88.04000091552734,0,0.0,0.0
2023-12-18 00:00:00-05:00,89.87000274658203,89.87000274658203,87.55999755859375,88.66999816894531,0,0.0,0.0
2023-12-19 00:00:00-05:00,89.48999786376953,89.5199966430664,88.43000030517578,88.7699966430664,0,0.0,0.0
2023-12-20 00:00:00-05:00,89.0199966430664,94.2300033569336,85.25,92.18000030517578,0,0.0,0.0
2023-12-21 00:00:00-05:00,90.38999938964844,94.44000244140625,89.08000183105469,89.8499984741211,0,0.0,0.0
2023-12-22 00:00:00-05:00,89.41999816894531,90.69999694824219,87.55999755859375,88.62000274658203,0,0.0,0.0
2023-12-26 00:00:00-05:00,91.91999816894531,91.98999786376953,88.87000274658203,88.87000274658203,0,0.0,0.0
2023-12-27 00:00:00-05:00,88.5,88.5,86.06999969482422,86.22000122070312,0,0.0,0.0
2023-12-28 00:00:00-05:00,85.98999786376953,87.66999816894531,85.98999786376953,86.69000244140625,0,0.0,0.0
2023-12-29 00:00:00-05:00,86.80000305175781,89.01000213623047,86.0199966430664,86.95999908447266,0,0.0,0.0
2024-01-02 00:00:00-05:00,91.86000061035156,92.81999969482422,87.58999633789062,88.08999633789062,0,0.0,0.0
2024-01-03 00:00:00-05:00,89.26000213623047,92.30999755859375,86.2300033569336,89.6500015258789,0,0.0,0.0
2024-01-04 00:00:00-05:00,89.91999816894531,90.41000366210938,86.68000030517578,87.58999633789062,0,0.0,0.0
2024-01-05 00:00:00-05:00,86.45999908447266,86.4800033569336,82.55000305175781,82.87000274658203,0,0.0,0.0
2024-01-08 00:00:00-05:00,85.62000274658203,85.62000274658203,80.2300033569336,81.26000213623047,0,0.0,0.0
2024-01-09 00:00:00-05:00,82.37000274658203,82.55999755859375,78.31999969482422,78.58999633789062,0,0.0,0.0
2024-01-10 00:00:00-05:00,79.72000122070312,79.9800033569336,76.45999908447266,77.08999633789062,0,0.0,0.0
2024-01-11 00:00:00-05:00,76.13999938964844,79.80999755859375,75.45999908447266,75.54000091552734,0,0.0,0.0
2024-01-12 00:00:00-05:00,75.62999725341797,86.06999969482422,75.13999938964844,86.06999969482422,0,0.0,0.0
2024-01-16 00:00:00-05:00,90.31999969482422,93.66000366210938,88.3499984741211,89.58999633789062,0,0.0,0.0
2024-01-17 00:00:00-05:00,95.97000122070312,96.19000244140625,88.81999969482422,91.36000061035156,0,0.0,0.0
2024-01-18 00:00:00-05:00,88.62000274658203,90.0999984741211,86.06999969482422,86.33999633789062,0,0.0,0.0
2024-01-19 00:00:00-05:00,84.93000030517578,85.7300033569336,81.56999969482422,81.94999694824219,0,0.0,0.0
2024-01-22 00:00:00-05:00,83.41999816894531,83.44999694824219,78.62999725341797,79.16999816894531,0,0.0,0.0
2024-01-23 00:00:00-05:00,78.19000244140625,78.77999877929688,76.08000183105469,76.66999816894531,0,0.0,0.0
2024-01-24 00:00:00-05:00,75.61000061035156,81.16000366210938,74.6500015258789,80.94000244140625,0,0.0,0.0
2024-01-25 00:00:00-05:00,80.56999969482422,81.80999755859375,79.75,81.38999938964844,0,0.0,0.0
2024-01-26 00:00:00-05:00,81.41999816894531,82.19999694824219,79.87000274658203,82.19999694824219,0,0.0,0.0
2024-01-29 00:00:00-05:00,83.91999816894531,84.91999816894531,83.01000213623047,83.4000015258789,0,0.0,0.0
2024-01-30 00:00:00-05:00,83.69000244140625,83.94000244140625,81.80000305175781,82.23999786376953,0,0.0,0.0
2024-01-31 00:00:00-05:00,82.12000274658203,89.4000015258789,81.98999786376953,87.55999755859375,0,0.0,0.0
2024-02-01 00:00:00-05:00,85.94999694824219,89.66000366210938,83.01000213623047,84.83000183105469,0,0.0,0.0
2024-02-02 00:00:00-05:00,85.98999786376953,86.51000213623047,82.55999755859375,83.30999755859375,0,0.0,0.0
2024-02-05 00:00:00-05:00,84.69000244140625,86.81999969482422,78.80999755859375,79.58000183105469,0,0.0,0.0
2024-02-06 00:00:00-05:00,78.5999984741211,80.30000305175781,76.68000030517578,76.97000122070312,0,0.0,0.0
2024-02-07 00:00:00-05:00,79.83000183105469,82.26000213623047,79.5999984741211,80.54000091552734,0,0.0,0.0
2024-02-08 00:00:00-05:00,85.25,86.7699966430664,82.80000305175781,83.06999969482422,0,0.0,0.0
2024-02-09 00:00:00-05:00,82.45999908447266,84.8499984741211,81.52999877929688,81.94000244140625,0,0.0,0.0
2024-02-12 00:00:00-05:00,82.94999694824219,85.37000274658203,82.80000305175781,84.62999725341797,0,0.0,0.0
2024-02-13 00:00:00-05:00,88.01000213623047,101.45999908447266,85.0999984741211,93.19000244140625,0,0.0,0.0
2024-02-14 00:00:00-05:00,88.58999633789062,89.04000091552734,81.44000244140625,83.16999816894531,0,0.0,0.0
2024-02-15 00:00:00-05:00,82.52999877929688,85.33000183105469,81.94000244140625,82.4000015258789,0,0.0,0.0
2024-02-16 00:00:00-05:00,82.87999725341797,85.01000213623047,80.02999877929688,82.62999725341797,0,0.0,0.0
2024-02-20 00:00:00-05:00,88.79000091552734,90.61000061035156,85.55999755859375,86.0999984741211,0,0.0,0.0
2024-02-21 00:00:00-05:00,86.83000183105469,87.70999908447266,84.3499984741211,84.66000366210938,0,0.0,0.0
2024-02-22 00:00:00-05:00,80.87999725341797,81.01000213623047,77.98999786376953,80.87999725341797,0,0.0,0.0
2024-02-23 00:00:00-05:00,79.88999938964844,80.31999969482422,78.16999816894531,78.86000061035156,0,0.0,0.0
2024-02-26 00:00:00-05:00,79.98999786376953,81.04000091552734,79.58999633789062,80.5,0,0.0,0.0
2024-02-27 00:00:00-05:00,79.44999694824219,79.62000274658203,77.98999786376953,78.54000091552734,0,0.0,0.0
2024-02-28 00:00:00-05:00,80.3499984741211,81.55999755859375,79.5999984741211,80.36000061035156,0,0.0,0.0
2024-02-29 00:00:00-05:00,78.94999694824219,80.68000030517578,77.02999877929688,77.44999694824219,0,0.0,0.0
2024-03-01 00:00:00-05:00,76.69000244140625,80.97000122070312,76.33999633789062,77.68000030517578,0,0.0,0.0
2024-03-04 00:00:00-05:00,79.87000274658203,80.41000366210938,78.97000122070312,79.41000366210938,0,0.0,0.0
2024-03-05 00:00:00-05:00,80.36000061035156,86.13999938964844,80.36000061035156,83.91000366210938,0,0.0,0.0
2024-03-06 00:00:00-05:00,81.47000122070312,83.80999755859375,81.43000030517578,83.11000061035156,0,0.0,0.0
2024-03-07 00:00:00-05:00,81.93000030517578,83.06999969482422,81.93000030517578,82.12999725341797,0,0.0,0.0
2024-03-08 00:00:00-05:00,80.77999877929688,91.31999969482422,80.41999816894531,86.55999755859375,0,0.0,0.0
2024-03-11 00:00:00-04:00,90.61000061035156,92.13999938964844,88.12999725341797,88.97000122070312,0,0.0,0.0
2024-03-12 00:00:00-04:00,87.38999938964844,88.45999908447266,83.66000366210938,83.76000213623047,0,0.0,0.0
2024-03-13 00:00:00-04:00,86.44000244140625,87.31999969482422,85.8499984741211,86.2699966430664,0,0.0,0.0
2024-03-14 00:00:00-04:00,85.44999694824219,92.61000061035156,85.33999633789062,88.75,0,0.0,0.0
2024-03-15 00:00:00-04:00,90.2300033569336,96.2300033569336,89.81999969482422,92.16999816894531,0,0.0,0.0
2024-03-18 00:00:00-04:00,92.0,92.05999755859375,86.62999725341797,86.77999877929688,0,0.0,0.0
2024-03-19 00:00:00-04:00,86.86000061035156,87.13999938964844,83.6500015258789,83.9000015258789,0,0.0,0.0
2024-03-20 00:00:00-04:00,83.94999694824219,84.26000213623047,78.63999938964844,78.87000274658203,0,0.0,0.0
2024-03-21 00:00:00-04:00,79.62999725341797,81.0999984741211,77.13999938964844,77.30000305175781,0,0.0,0.0
2024-03-22 00:00:00-04:00,77.19999694824219,77.79000091552734,74.87999725341797,76.48999786376953,0,0.0,0.0
2024-03-25 00:00:00-04:00,78.8499984741211,78.87000274658203,76.19000244140625,76.5999984741211,0,0.0,0.0
2024-03-26 00:00:00-04:00,76.41999816894531,79.27999877929688,75.0199966430664,76.7699966430664,0,0.0,0.0
2024-03-27 00:00:00-04:00,76.19000244140625,78.08000183105469,75.19999694824219,76.0,0,0.0,0.0
2024-03-28 00:00:00-04:00,76.5,78.0999984741211,75.79000091552734,76.56999969482422,0,0.0,0.0
2024-04-01 00:00:00-04:00,79.80999755859375,82.95999908447266,78.27999877929688,78.44999694824219,0,0.0,0.0
2024-04-02 00:00:00-04:00,82.13999938964844,86.63999938964844,82.13999938964844,82.76000213623047,0,0.0,0.0
2024-04-03 00:00:00-04:00,84.29000091552734,85.33999633789062,80.52999877929688,81.08000183105469,0,0.0,0.0
2024-04-04 00:00:00-04:00,79.61000061035156,91.06999969482422,77.80999755859375,90.04000091552734,0,0.0,0.0
2024-04-05 00:00:00-04:00,90.75,91.66000366210938,88.43000030517578,90.58000183105469,0,0.0,0.0
2024-04-08 00:00:00-04:00,90.4800033569336,90.87999725341797,85.76000213623047,86.26000213623047,0,0.0,0.0
2024-04-09 00:00:00-04:00,85.8499984741211,90.01000213623047,84.26000213623047,84.44999694824219,0,0.0,0.0
2024-04-10 00:00:00-04:00,93.63999938964844,95.61000061035156,90.66999816894531,91.76000213623047,0,0.0,0.0
2024-04-11 00:00:00-04:00,92.56999969482422,96.33000183105469,88.7300033569336,89.4000015258789,0,0.0,0.0
2024-04-12 00:00:00-04:00,94.58999633789062,112.86000061035156,94.41999816894531,102.72000122070312,0,0.0,0.0
2024-04-15 00:00:00-04:00,98.44999694824219,111.58000183105469,93.94999694824219,109.63999938964844,0,0.0,0.0
2024-04-16 00:00:00-04:00,107.12999725341797,107.52999877929688,97.81999969482422,99.25,0,0.0,0.0
2024-04-17 00:00:00-04:00,99.33999633789062,102.81999969482422,94.79000091552734,98.76000213623047,0,0.0,0.0
2024-04-18 00:00:00-04:00,96.80000305175781,98.88999938964844,92.95999908447266,95.98999786376953,0,0.0,0.0
2024-04-19 00:00:00-04:00,99.41000366210938,102.87000274658203,96.75,99.08999633789062,0,0.0,0.0
2024-04-22 00:00:00-04:00,95.5999984741211,96.22000122070312,89.26000213623047,89.54000091552734,0,0.0,0.0
2024-04-23 00:00:00-04:00,87.37999725341797,87.58999633789062,82.0199966430664,82.36000061035156,0,0.0,0.0
2024-04-24 00:00:00-04:00,82.69999694824219,85.0199966430664,81.7300033569336,83.61000061035156,0,0.0,0.0
2024-04-25 00:00:00-04:00,90.37999725341797,91.0199966430664,82.37000274658203,82.54000091552734,0,0.0,0.0
2024-04-26 00:00:00-04:00,82.58000183105469,83.08999633789062,79.55999755859375,79.55999755859375,0,0.0,0.0
2024-04-29 00:00:00-04:00,80.05999755859375,80.6500015258789,77.38999938964844,78.22000122070312,0,0.0,0.0
2024-04-30 00:00:00-04:00,79.44000244140625,81.95999908447266,77.22000122070312,81.81999969482422,0,0.0,0.0
2024-05-01 00:00:00-04:00,83.56999969482422,123.55000305175781,76.7300033569336,81.93000030517578,0,0.0,0.0
2024-05-02 00:00:00-04:00,80.30000305175781,83.80999755859375,78.37000274658203,78.58999633789062,0,0.0,0.0
2024-05-03 00:00:00-04:00,75.43000030517578,76.79000091552734,74.36000061035156,74.56999969482422,0,0.0,0.0
2024-05-06 00:00:00-04:00,75.2699966430664,75.2699966430664,73.30000305175781,73.45999908447266,0,0.0,0.0
2024-05-07 00:00:00-04:00,73.38999938964844,75.31999969482422,73.16999816894531,74.54000091552734,0,0.0,0.0
2024-05-08 00:00:00-04:00,74.25,75.5,74.0199966430664,74.5,0,0.0,0.0
2024-05-09 00:00:00-04:00,74.5999984741211,75.27999877929688,73.6500015258789,73.7699966430664,0,0.0,0.0
2024-05-10 00:00:00-04:00,73.95999908447266,74.79000091552734,72.87999725341797,73.26000213623047,0,0.0,0.0
2024-05-13 00:00:00-04:00,76.38999938964844,77.94000244140625,74.66000366210938,77.55000305175781,0,0.0,0.0
2024-05-14 00:00:00-04:00,77.75,79.13999938964844,77.58999633789062,77.6500015258789,0,0.0,0.0
2024-05-15 00:00:00-04:00,76.58000183105469,77.2300033569336,74.86000061035156,76.30999755859375,0,0.0,0.0
2024-05-16 00:00:00-04:00,76.7300033569336,78.12000274658203,75.18000030517578,77.73999786376953,0,0.0,0.0
2024-05-17 00:00:00-04:00,77.22000122070312,79.33000183105469,77.16000366210938,78.43000030517578,0,0.0,0.0
2024-05-20 00:00:00-04:00,80.37000274658203,80.56999969482422,79.06999969482422,79.44999694824219,0,0.0,0.0
2024-05-21 00:00:00-04:00,80.05999755859375,80.6500015258789,77.02999877929688,77.62000274658203,0,0.0,0.0
2024-05-22 00:00:00-04:00,78.37000274658203,85.97000122070312,76.2300033569336,79.95999908447266,0,0.0,0.0
2024-05-23 00:00:00-04:00,78.38999938964844,89.62999725341797,77.81999969482422,84.62000274658203,0,0.0,0.0
2024-05-24 00:00:00-04:00,84.38999938964844,84.4000015258789,78.19999694824219,79.08999633789062,0,0.0,0.0
2024-05-28 00:00:00-04:00,82.13999938964844,84.33000183105469,81.25,81.63999938964844,0,0.0,0.0
2024-05-29 00:00:00-04:00,85.37000274658203,85.93000030517578,81.97000122070312,83.79000091552734,0,0.0,0.0
2024-05-30 00:00:00-04:00,83.91000366210938,84.33999633789062,79.94999694824219,83.44000244140625,0,0.0,0.0
2024-05-31 00:00:00-04:00,81.3499984741211,85.16000366210938,78.26000213623047,78.2699966430664,0,0.0,0.0
2024-06-03 00:00:00-04:00,80.05000305175781,82.8499984741211,78.41000366210938,78.79000091552734,0,0.0,0.0
2024-06-04 00:00:00-04:00,81.0,81.7300033569336,77.6500015258789,77.6500015258789,0,0.0,0.0
2024-06-05 00:00:00-04:00,77.29000091552734,78.12999725341797,74.81999969482422,75.23999786376953,0,0.0,0.0
2024-06-06 00:00:00-04:00,75.62000274658203,79.5,75.30999755859375,77.91000366210938,0,0.0,0.0
2024-06-07 00:00:00-04:00,78.38999938964844,78.7699966430664,75.5199966430664,76.6500015258789,0,0.0,0.0
2024-06-10 00:00:00-04:00,80.54000091552734,80.62999725341797,78.7699966430664,78.97000122070312,0,0.0,0.0
2024-06-11 00:00:00-04:00,82.51000213623047,84.02999877929688,79.62000274658203,79.94999694824219,0,0.0,0.0
2024-06-12 00:00:00-04:00,78.5199966430664,78.83000183105469,68.08999633789062,77.5999984741211,0,0.0,0.0
2024-06-13 00:00:00-04:00,77.68000030517578,80.27999877929688,76.73999786376953,78.19999694824219,0,0.0,0.0
2024-06-14 00:00:00-04:00,82.94999694824219,84.48999786376953,80.73999786376953,83.72000122070312,0,0.0,0.0
2024-06-17 00:00:00-04:00,85.19999694824219,85.41999816894531,82.25,83.33999633789062,0,0.0,0.0
2024-06-18 00:00:00-04:00,84.06999969482422,84.06999969482422,80.45999908447266,80.62999725341797,0,0.0,0.0
2024-06-20 00:00:00-04:00,79.88999938964844,86.58999633789062,79.76000213623047,85.72000122070312,0,0.0,0.0
2024-06-21 00:00:00-04:00,86.08999633789062,87.30999755859375,81.69000244140625,83.30999755859375,0,0.0,0.0
2024-06-24 00:00:00-04:00,86.04000091552734,86.2300033569336,83.20999908447266,84.80000305175781,0,0.0,0.0
2024-06-25 00:00:00-04:00,84.45999908447266,85.1500015258789,80.37999725341797,82.87000274658203,0,0.0,0.0
2024-06-26 00:00:00-04:00,83.29000091552734,83.55000305175781,80.54000091552734,81.44999694824219,0,0.0,0.0
2024-06-27 00:00:00-04:00,82.37999725341797,82.54000091552734,79.22000122070312,79.5,0,0.0,0.0
2024-06-28 00:00:00-04:00,80.12999725341797,80.12999725341797,76.6500015258789,79.4800033569336,0,0.0,0.0
2024-07-01 00:00:00-04:00,80.87000274658203,80.95999908447266,75.81999969482422,76.05000305175781,0,0.0,0.0
2024-07-02 00:00:00-04:00,76.86000061035156,78.91999816894531,75.30000305175781,77.05999755859375,0,0.0,0.0
2024-07-03 00:00:00-04:00,76.55000305175781,79.51000213623047,76.47000122070312,78.06999969482422,0,0.0,0.0
2024-07-05 00:00:00-04:00,77.69000244140625,79.06999969482422,77.5999984741211,78.80000305175781,0,0.0,0.0
2024-07-08 00:00:00-04:00,79.93000030517578,80.11000061035156,78.19000244140625,78.58999633789062,0,0.0,0.0
2024-07-09 00:00:00-04:00,78.36000061035156,79.23999786376953,77.55999755859375,78.58000183105469,0,0.0,0.0
2024-07-10 00:00:00-04:00,82.52999877929688,83.83000183105469,81.37000274658203,83.41000366210938,0,0.0,0.0
2024-07-11 00:00:00-04:00,82.47000122070312,86.95999908447266,82.38999938964844,84.47000122070312,0,0.0,0.0
2024-07-12 00:00:00-04:00,82.31999969482422,82.31999969482422,72.06999969482422,81.61000061035156,0,0.0,0.0
2024-07-15 00:00:00-04:00,82.5,84.25,80.9000015258789,83.86000061035156,0,0.0,0.0
2024-07-16 00:00:00-04:00,83.47000122070312,83.83000183105469,80.52999877929688,82.4000015258789,0,0.0,0.0
2024-07-17 00:00:00-04:00,85.37999725341797,89.08000183105469,84.0199966430664,88.27999877929688,0,0.0,0.0
2024-07-18 00:00:00-04:00,85.98999786376953,95.55000305175781,83.83999633789062,94.70999908447266,0,0.0,0.0
2024-07-19 00:00:00-04:00,94.87999725341797,101.70999908447266,93.63999938964844,97.93000030517578,0,0.0,0.0
2024-07-22 00:00:00-04:00,97.5199966430664,97.5199966430664,90.5999984741211,93.66000366210938,0,0.0,0.0
2024-07-23 00:00:00-04:00,93.54000091552734,94.25,87.94000244140625,88.51000213623047,0,0.0,0.0
2024-07-24 00:00:00-04:00,93.05999755859375,106.97000122070312,89.72000122070312,106.12000274658203,0,0.0,0.0
2024-07-25 00:00:00-04:00,104.22000122070312,109.66000366210938,95.54000091552734,104.37999725341797,0,0.0,0.0
2024-07-26 00:00:00-04:00,101.0999984741211,101.52999877929688,93.87000274658203,94.61000061035156,0,0.0,0.0
2024-07-29 00:00:00-04:00,96.3499984741211,97.70999908447266,92.75,93.51000213623047,0,0.0,0.0
2024-07-30 00:00:00-04:00,92.54000091552734,101.8499984741211,92.43000030517578,99.97000122070312,0,0.0,0.0
2024-07-31 00:00:00-04:00,93.7699966430664,95.47000122070312,87.9800033569336,94.25,0,0.0,0.0
2024-08-01 00:00:00-04:00,94.0,117.23999786376953,93.30999755859375,111.18000030517578,0,0.0,0.0
2024-08-02 00:00:00-04:00,119.83999633789062,162.67999267578125,119.02999877929688,136.80999755859375,0,0.0,0.0
2024-08-05 00:00:00-04:00,136.80999755859375,192.49000549316406,136.80999755859375,173.32000732421875,0,0.0,0.0
2024-08-06 00:00:00-04:00,169.67999267578125,170.4199981689453,137.0500030517578,150.08999633789062,0,0.0,0.0
2024-08-07 00:00:00-04:00,136.42999267578125,154.7899932861328,129.4600067138672,151.24000549316406,0,0.0,0.0
2024-08-08 00:00:00-04:00,144.8300018310547,146.38999938964844,134.16000366210938,134.33999633789062,0,0.0,0.0
2024-08-09 00:00:00-04:00,134.5399932861328,135.63999938964844,114.12000274658203,114.62999725341797,0,0.0,0.0
2024-08-12 00:00:00-04:00,114.9000015258789,124.4800033569336,107.36000061035156,121.94000244140625,0,0.0,0.0
2024-08-13 00:00:00-04:00,118.37000274658203,118.73999786376953,113.77999877929688,113.88999938964844,0,0.0,0.0
2024-08-14 00:00:00-04:00,118.31999969482422,118.45999908447266,107.45999908447266,107.80999755859375,0,0.0,0.0
2024-08-15 00:00:00-04:00,103.58999633789062,106.20999908447266,100.16000366210938,105.41999816894531,0,0.0,0.0
2024-08-16 00:00:00-04:00,108.83000183105469,108.83000183105469,101.58999633789062,103.41999816894531,0,0.0,0.0
2024-08-19 00:00:00-04:00,104.29000091552734,104.7300033569336,97.18000030517578,98.81999969482422,0,0.0,0.0
2024-08-20 00:00:00-04:00,100.58000183105469,105.01000213623047,99.4800033569336,101.73999786376953,0,0.0,0.0
2024-08-21 00:00:00-04:00,101.51000213623047,109.11000061035156,101.51000213623047,106.72000122070312,0,0.0,0.0
2024-08-22 00:00:00-04:00,105.94999694824219,116.0199966430664,105.33000183105469,112.52999877929688,0,0.0,0.0
2024-08-23 00:00:00-04:00,109.41000366210938,117.94999694824219,99.08999633789062,99.22000122070312,0,0.0,0.0
2024-08-26 00:00:00-04:00,101.08000183105469,103.44000244140625,98.9000015258789,100.68000030517578,0,0.0,0.0
2024-08-27 00:00:00-04:00,102.33999633789062,103.08000183105469,93.3499984741211,93.44999694824219,0,0.0,0.0
2024-08-28 00:00:00-04:00,95.77999877929688,109.77999877929688,95.1500015258789,106.31999969482422,0,0.0,0.0
2024-08-29 00:00:00-04:00,99.36000061035156,100.27999877929688,93.70999908447266,97.08000183105469,0,0.0,0.0
2024-08-30 00:00:00-04:00,95.43000030517578,98.88999938964844,91.45999908447266,93.7300033569336,0,0.0,0.0
2024-09-03 00:00:00-04:00,100.27999877929688,137.63999938964844,100.2699966430664,129.7899932861328,0,0.0,0.0
2024-09-04 00:00:00-04:00,134.77999877929688,135.69000244140625,114.3499984741211,123.47000122070312,0,0.0,0.0
2024-09-05 00:00:00-04:00,120.52999877929688,123.37999725341797,113.61000061035156,115.01000213623047,0,0.0,0.0
2024-09-06 00:00:00-04:00,110.72000122070312,129.27999877929688,106.87000274658203,119.33000183105469,0,0.0,0.0
2024-09-09 00:00:00-04:00,117.86000061035156,118.6500015258789,110.04000091552734,110.8499984741211,0,0.0,0.0
2024-09-10 00:00:00-04:00,111.0,116.6500015258789,106.76000213623047,107.19999694824219,0,0.0,0.0
2024-09-11 00:00:00-04:00,109.69999694824219,120.01000213623047,101.69000244140625,102.9000015258789,0,0.0,0.0
2024-09-12 00:00:00-04:00,103.5999984741211,107.20999908447266,101.4000015258789,103.94000244140625,0,0.0,0.0
2024-09-13 00:00:00-04:00,104.88999938964844,105.6500015258789,99.2300033569336,101.87999725341797,0,0.0,0.0
2024-09-16 00:00:00-04:00,106.0,110.9800033569336,105.9800033569336,106.66999816894531,0,0.0,0.0
2024-09-17 00:00:00-04:00,106.7699966430664,109.04000091552734,103.55999755859375,107.19000244140625,0,0.0,0.0
2024-09-18 00:00:00-04:00,107.87000274658203,123.77999877929688,101.44999694824219,105.43000030517578,0,0.0,0.0
2024-09-19 00:00:00-04:00,100.76000213623047,102.05999755859375,97.20999908447266,97.45999908447266,0,0.0,0.0
2024-09-20 00:00:00-04:00,99.13999938964844,99.55999755859375,93.6500015258789,94.2699966430664,0,0.0,0.0
2024-09-23 00:00:00-04:00,96.22000122070312,97.44999694824219,93.4800033569336,94.41000366210938,0,0.0,0.0
2024-09-24 00:00:00-04:00,94.94999694824219,97.33999633789062,90.41999816894531,90.93000030517578,0,0.0,0.0
2024-09-25 00:00:00-04:00,92.08999633789062,93.52999877929688,90.33999633789062,90.4800033569336,0,0.0,0.0
2024-09-26 00:00:00-04:00,91.79000091552734,92.41999816894531,89.81999969482422,89.86000061035156,0,0.0,0.0
2024-09-27 00:00:00-04:00,90.55000305175781,101.75,90.41000366210938,101.33999633789062,0,0.0,0.0
2024-09-30 00:00:00-04:00,103.56999969482422,105.43000030517578,98.91999816894531,99.33999633789062,0,0.0,0.0
2024-10-01 00:00:00-04:00,100.41000366210938,117.68000030517578,100.41000366210938,110.13999938964844,0,0.0,0.0
2024-10-02 00:00:00-04:00,112.5199966430664,115.62999725341797,106.58000183105469,107.97000122070312,0,0.0,0.0
2024-10-03 00:00:00-04:00,110.8499984741211,115.97000122070312,108.30999755859375,115.63999938964844,0,0.0,0.0
2024-10-04 00:00:00-04:00,112.94999694824219,113.91999816894531,109.05999755859375,110.62999725341797,0,0.0,0.0
2024-10-07 00:00:00-04:00,115.29000091552734,123.37000274658203,112.80999755859375,122.58000183105469,0,0.0,0.0
2024-10-08 00:00:00-04:00,117.69999694824219,117.86000061035156,113.31999969482422,114.81999969482422,0,0.0,0.0
2024-10-09 00:00:00-04:00,124.2300033569336,124.48999786376953,118.66999816894531,119.36000061035156,0,0.0,0.0
2024-10-10 00:00:00-04:00,119.22000122070312,120.51000213623047,117.31999969482422,117.43000030517578,0,0.0,0.0
2024-10-11 00:00:00-04:00,117.44000244140625,118.29000091552734,112.97000122070312,113.98999786376953,0,0.0,0.0
2024-10-14 00:00:00-04:00,113.93000030517578,114.0999984741211,107.22000122070312,107.22000122070312,0,0.0,0.0
2024-10-15 00:00:00-04:00,105.76000213623047,113.62000274658203,105.4000015258789,112.9000015258789,0,0.0,0.0
2024-10-16 00:00:00-04:00,112.66000366210938,115.62000274658203,110.9800033569336,111.62000274658203,0,0.0,0.0
2024-10-17 00:00:00-04:00,109.44000244140625,110.41000366210938,105.30000305175781,105.88999938964844,0,0.0,0.0
2024-10-18 00:00:00-04:00,104.94000244140625,105.0999984741211,100.08999633789062,100.94999694824219,0,0.0,0.0
2024-10-21 00:00:00-04:00,104.41000366210938,106.56999969482422,102.79000091552734,102.95999908447266,0,0.0,0.0
2024-10-22 00:00:00-04:00,105.27999877929688,105.45999908447266,99.8499984741211,100.5,0,0.0,0.0
2024-10-23 00:00:00-04:00,101.3499984741211,112.51000213623047,101.33999633789062,108.11000061035156,0,0.0,0.0
2024-10-24 00:00:00-04:00,107.52999877929688,112.9800033569336,107.52999877929688,109.83999633789062,0,0.0,0.0
2024-10-25 00:00:00-04:00,107.93000030517578,117.68000030517578,107.08000183105469,117.5,0,0.0,0.0
2024-10-28 00:00:00-04:00,114.51000213623047,114.55000305175781,111.87000274658203,112.2300033569336,0,0.0,0.0
2024-10-29 00:00:00-04:00,113.41000366210938,114.41999816894531,108.68000030517578,108.69999694824219,0,0.0,0.0
2024-10-30 00:00:00-04:00,110.31999969482422,112.80000305175781,109.5,112.7699966430664,0,0.0,0.0
2024-10-31 00:00:00-04:00,117.43000030517578,124.94999694824219,117.43000030517578,121.88999938964844,0,0.0,0.0
2024-11-01 00:00:00-04:00,120.30000305175781,121.51000213623047,116.06999969482422,119.12000274658203,0,0.0,0.0
2024-11-04 00:00:00-05:00,121.08000183105469,123.43000030517578,119.27999877929688,121.80000305175781,0,0.0,0.0
2024-11-05 00:00:00-05:00,121.70999908447266,121.73999786376953,113.2699966430664,114.31999969482422,0,0.0,0.0
2024-11-06 00:00:00-05:00,91.73999786376953,99.16000366210938,89.41999816894531,97.23999786376953,0,0.0,0.0
2024-11-07 00:00:00-05:00,93.83000183105469,161.75999450683594,88.16999816894531,88.5999984741211,0,0.0,0.0
2024-11-08 00:00:00-05:00,88.45999908447266,89.62000274658203,86.75,87.76000213623047,0,0.0,0.0
2024-11-11 00:00:00-05:00,89.05000305175781,90.80000305175781,88.52999877929688,90.7300033569336,0,0.0,0.0
2024-11-12 00:00:00-05:00,90.16999816894531,92.58000183105469,88.33000183105469,89.44999694824219,0,0.0,0.0
2024-11-13 00:00:00-05:00,92.25,93.0999984741211,89.4800033569336,91.76000213623047,0,0.0,0.0
2024-11-14 00:00:00-05:00,91.80000305175781,93.61000061035156,89.47000122070312,90.43000030517578,0,0.0,0.0
2024-11-15 00:00:00-05:00,93.30000305175781,110.16999816894531,92.0999984741211,98.93000030517578,0,0.0,0.0
2024-11-18 00:00:00-05:00,99.5199966430664,100.12000274658203,92.37999725341797,93.80999755859375,0,0.0,0.0
2024-11-19 00:00:00-05:00,105.01000213623047,105.01000213623047,94.5,97.37000274658203,0,0.0,0.0
2024-11-20 00:00:00-05:00,99.69999694824219,109.13999938964844,98.87999725341797,102.19999694824219,0,0.0,0.0
2024-11-21 00:00:00-05:00,98.5,106.05999755859375,97.0999984741211,101.30000305175781,0,0.0,0.0
2024-11-22 00:00:00-05:00,99.87000274658203,100.2699966430664,94.9800033569336,95.12999725341797,0,0.0,0.0
2024-11-25 00:00:00-05:00,92.16000366210938,96.01000213623047,88.7699966430664,88.79000091552734,0,0.0,0.0
2024-11-26 00:00:00-05:00,89.12000274658203,89.38999938964844,85.45999908447266,87.70999908447266,0,0.0,0.0
2024-11-27 00:00:00-05:00,89.5,94.19999694824219,87.86000061035156,88.36000061035156,0,0.0,0.0
2024-11-29 00:00:00-05:00,87.87999725341797,87.87999725341797,86.0999984741211,86.31999969482422,0,0.0,0.0
2024-12-02 00:00:00-05:00,89.62999725341797,90.31999969482422,86.61000061035156,87.11000061035156,0,0.0,0.0
2024-12-03 00:00:00-05:00,88.0199966430664,89.66999816894531,85.66999816894531,86.43000030517578,0,0.0,0.0
2024-12-04 00:00:00-05:00,86.8499984741211,87.94000244140625,85.58000183105469,86.4800033569336,0,0.0,0.0
2024-12-05 00:00:00-05:00,88.20999908447266,88.80999755859375,86.05000305175781,86.94999694824219,0,0.0,0.0
2024-12-06 00:00:00-05:00,84.94999694824219,89.05000305175781,83.55999755859375,87.37999725341797,0,0.0,0.0
2024-12-09 00:00:00-05:00,91.01000213623047,94.76000213623047,90.05000305175781,93.83999633789062,0,0.0,0.0
2024-12-10 00:00:00-05:00,93.29000091552734,95.94000244140625,92.31999969482422,94.3499984741211,0,0.0,0.0
2024-12-11 00:00:00-05:00,95.27999877929688,99.38999938964844,94.75,98.12000274658203,0,0.0,0.0
2024-12-12 00:00:00-05:00,98.93000030517578,100.81999969482422,96.91000366210938,99.43000030517578,0,0.0,0.0
2024-12-13 00:00:00-05:00,96.77999877929688,101.45999908447266,95.95999908447266,96.5,0,0.0,0.0
2024-12-16 00:00:00-05:00,96.94000244140625,98.54000091552734,95.88999938964844,98.3499984741211,0,0.0,0.0
2024-12-17 00:00:00-05:00,100.04000091552734,101.19000244140625,95.77999877929688,100.7300033569336,0,0.0,0.0
2024-12-18 00:00:00-05:00,101.08999633789062,131.72999572753906,97.75,129.7899932861328,0,0.0,0.0
2024-12-19 00:00:00-05:00,59.310001373291016,136.4199981689453,59.310001373291016,136.2899932861328,0,0.0,0.0
2024-12-20 00:00:00-05:00,137.69000244140625,137.69000244140625,110.93000030517578,114.01000213623047,0,0.0,0.0
2024-12-23 00:00:00-05:00,112.37999725341797,117.94999694824219,102.27999877929688,102.33999633789062,0,0.0,0.0
2024-12-24 00:00:00-05:00,101.48999786376953,101.48999786376953,90.6500015258789,91.05000305175781,0,0.0,0.0
2024-12-26 00:00:00-05:00,95.05999755859375,102.47000122070312,91.97000122070312,92.7699966430664,0,0.0,0.0
2024-12-27 00:00:00-05:00,96.63999938964844,114.08999633789062,95.95999908447266,98.80999755859375,0,0.0,0.0
2024-12-30 00:00:00-05:00,108.73999786376953,112.80000305175781,97.0999984741211,103.05000305175781,0,0.0,0.0
2024-12-31 00:00:00-05:00,100.73999786376953,107.12000274658203,97.66999816894531,104.33000183105469,0,0.0,0.0
2025-01-02 00:00:00-05:00,103.66999816894531,113.73999786376953,101.54000091552734,106.58999633789062,0,0.0,0.0
2025-01-03 00:00:00-05:00,104.62999725341797,104.75,93.73999786376953,94.36000061035156,0,0.0,0.0
2025-01-06 00:00:00-05:00,95.68000030517578,98.9000015258789,92.98999786376953,95.88999938964844,0,0.0,0.0
2025-01-07 00:00:00-05:00,94.8499984741211,110.98999786376953,94.69000244140625,106.37000274658203,0,0.0,0.0
2025-01-08 00:00:00-05:00,109.5199966430664,114.91000366210938,102.9800033569336,103.93000030517578,0,0.0,0.0
2025-01-10 00:00:00-05:00,109.62000274658203,119.31999969482422,107.19999694824219,115.48999786376953,0,0.0,0.0
2025-01-13 00:00:00-05:00,122.22000122070312,122.44999694824219,110.25,110.94000244140625,0,0.0,0.0
2025-01-14 00:00:00-05:00,109.12000274658203,112.97000122070312,104.88999938964844,107.93000030517578,0,0.0,0.0
2025-01-15 00:00:00-05:00,103.26000213623047,103.76000213623047,97.55000305175781,97.79000091552734,0,0.0,0.0
2025-01-16 00:00:00-05:00,97.20999908447266,99.83999633789062,96.37000274658203,99.83999633789062,0,0.0,0.0
2025-01-17 00:00:00-05:00,96.93000030517578,101.61000061035156,96.45999908447266,101.61000061035156,0,0.0,0.0
2025-01-21 00:00:00-05:00,100.93000030517578,101.52999877929688,97.76000213623047,98.26000213623047,0,0.0,0.0
2025-01-22 00:00:00-05:00,98.54000091552734,101.76000213623047,97.5,100.55999755859375,0,0.0,0.0
2025-01-23 00:00:00-05:00,100.33999633789062,100.47000122070312,98.55000305175781,99.5199966430664,0,0.0,0.0
2025-01-24 00:00:00-05:00,98.62999725341797,101.16000366210938,98.16000366210938,100.41000366210938,0,0.0,0.0
2025-01-27 00:00:00-05:00,117.47000122070312,117.47000122070312,109.0,110.30999755859375,0,0.0,0.0
2025-01-28 00:00:00-05:00,108.3499984741211,111.4800033569336,101.91000366210938,103.73999786376953,0,0.0,0.0
2025-01-29 00:00:00-05:00,102.80999755859375,108.02999877929688,100.33000183105469,101.68000030517578,0,0.0,0.0
2025-01-30 00:00:00-05:00,98.87999725341797,100.5,96.56999969482422,98.31999969482422,0,0.0,0.0
2025-01-31 00:00:00-05:00,96.44999694824219,104.3499984741211,95.9800033569336,101.5,0,0.0,0.0
2025-02-03 00:00:00-05:00,111.9800033569336,115.25,100.93000030517578,109.01000213623047,0,0.0,0.0
2025-02-04 00:00:00-05:00,106.5,107.97000122070312,98.9000015258789,100.87999725341797,0,0.0,0.0
2025-02-05 00:00:00-05:00,100.8499984741211,102.37000274658203,96.94000244140625,97.29000091552734,0,0.0,0.0
2025-02-06 00:00:00-05:00,96.9000015258789,98.93000030517578,95.58000183105469,96.7699966430664,0,0.0,0.0
2025-02-07 00:00:00-05:00,95.37999725341797,102.06999969482422,95.37000274658203,101.48999786376953,0,0.0,0.0
2025-02-10 00:00:00-05:00,101.55000305175781,102.47000122070312,98.80000305175781,99.1500015258789,0,0.0,0.0
2025-02-11 00:00:00-05:00,100.33999633789062,101.16999816894531,98.16000366210938,99.81999969482422,0,0.0,0.0
2025-02-12 00:00:00-05:00,106.33999633789062,106.5199966430664,98.72000122070312,98.73999786376953,0,0.0,0.0
2025-02-13 00:00:00-05:00,98.61000061035156,100.04000091552734,94.91000366210938,95.4800033569336,0,0.0,0.0
2025-02-14 00:00:00-05:00,95.55999755859375,98.94999694824219,95.16999816894531,96.9000015258789,0,0.0,0.0
2025-02-18 00:00:00-05:00,97.3499984741211,100.66000366210938,97.13999938964844,98.5,0,0.0,0.0
2025-02-19 00:00:00-05:00,101.25,101.25,94.9800033569336,95.55000305175781,0,0.0,0.0
2025-02-20 00:00:00-05:00,95.66999816894531,100.08999633789062,94.36000061035156,94.98999786376953,0,0.0,0.0
2025-02-21 00:00:00-05:00,95.77999877929688,107.66000366210938,95.61000061035156,105.70999908447266,0,0.0,0.0
2025-02-24 00:00:00-05:00,105.51000213623047,114.1500015258789,101.12000274658203,106.80000305175781,0,0.0,0.0
2025-02-25 00:00:00-05:00,108.70999908447266,114.79000091552734,104.31999969482422,108.47000122070312,0,0.0,0.0
2025-02-26 00:00:00-05:00,108.80000305175781,111.19000244140625,103.06999969482422,106.05000305175781,0,0.0,0.0
2025-02-27 00:00:00-05:00,102.12999725341797,115.5999984741211,102.12999725341797,114.79000091552734,0,0.0,0.0
2025-02-28 00:00:00-05:00,115.12000274658203,117.43000030517578,107.87000274658203,108.98999786376953,0,0.0,0.0
2025-03-03 00:00:00-05:00,106.43000030517578,124.18000030517578,105.66000366210938,118.73999786376953,0,0.0,0.0
2025-03-04 00:00:00-05:00,125.55000305175781,131.6199951171875,111.23999786376953,118.55999755859375,0,0.0,0.0
2025-03-05 00:00:00-05:00,118.3499984741211,120.91999816894531,108.41999816894531,109.62999725341797,0,0.0,0.0
2025-03-06 00:00:00-05:00,118.08999633789062,124.31999969482422,112.9000015258789,120.81999969482422,0,0.0,0.0
2025-03-07 00:00:00-05:00,119.56999969482422,123.70999908447266,114.1500015258789,115.7300033569336,0,0.0,0.0
2025-03-10 00:00:00-04:00,124.86000061035156,131.49000549316406,121.63999938964844,128.4600067138672,0,0.0,0.0
2025-03-11 00:00:00-04:00,134.89999389648438,139.49000549316406,127.12000274658203,129.50999450683594,0,0.0,0.0
2025-03-12 00:00:00-04:00,122.68000030517578,124.13999938964844,114.05999755859375,115.88999938964844,0,0.0,0.0
2025-03-13 00:00:00-04:00,115.25,118.91999816894531,112.19000244140625,112.88999938964844,0,0.0,0.0
2025-03-14 00:00:00-04:00,109.66999816894531,109.66999816894531,96.8499984741211,98.2300033569336,0,0.0,0.0
2025-03-17 00:00:00-04:00,97.58000183105469,97.7699966430664,93.73999786376953,95.93000030517578,0,0.0,0.0
2025-03-18 00:00:00-04:00,96.66000366210938,103.16999816894531,96.62999725341797,99.68000030517578,0,0.0,0.0
2025-03-19 00:00:00-04:00,97.93000030517578,98.62000274658203,91.19000244140625,93.2300033569336,0,0.0,0.0
2025-03-20 00:00:00-04:00,97.08999633789062,97.08999633789062,89.94999694824219,89.94999694824219,0,0.0,0.0
2025-03-21 00:00:00-04:00,93.20999908447266,94.73999786376953,87.97000122070312,87.98999786376953,0,0.0,0.0
2025-03-24 00:00:00-04:00,85.30999755859375,85.81999969482422,81.7300033569336,81.88999938964844,0,0.0,0.0
2025-03-25 00:00:00-04:00,83.19000244140625,89.4000015258789,83.19000244140625,87.45999908447266,0,0.0,0.0
2025-03-26 00:00:00-04:00,88.0,94.80999755859375,88.0,90.23999786376953,0,0.0,0.0
2025-03-27 00:00:00-04:00,92.83999633789062,95.79000091552734,86.94999694824219,89.51000213623047,0,0.0,0.0
2025-03-28 00:00:00-04:00,91.30000305175781,102.62000274658203,89.93000030517578,102.44000244140625,0,0.0,0.0
2025-03-31 00:00:00-04:00,109.87000274658203,112.13999938964844,98.08000183105469,99.12000274658203,0,0.0,0.0
2025-04-01 00:00:00-04:00,101.75,103.44999694824219,96.27999877929688,97.55000305175781,0,0.0,0.0
2025-04-02 00:00:00-04:00,103.44999694824219,118.37000274658203,94.79000091552734,118.37000274658203,0,0.0,0.0
2025-04-03 00:00:00-04:00,114.13999938964844,120.20999908447266,110.31999969482422,119.4800033569336,0,0.0,0.0
2025-04-04 00:00:00-04:00,126.61000061035156,148.64999389648438,126.61000061035156,147.16000366210938,0,0.0,0.0
2025-04-07 00:00:00-04:00,157.77000427246094,168.1199951171875,141.67999267578125,152.6300048828125,0,0.0,0.0
2025-04-08 00:00:00-04:00,142.11000061035156,177.5,137.41000366210938,170.9199981689453,0,0.0,0.0
2025-04-09 00:00:00-04:00,186.3300018310547,189.02999877929688,134.22999572753906,142.5,0,0.0,0.0
2025-04-10 00:00:00-04:00,145.3000030517578,177.47000122070312,142.42999267578125,157.24000549316406,0,0.0,0.0
2025-04-11 00:00:00-04:00,161.3300018310547,170.32000732421875,146.50999450683594,147.35000610351562,0,0.0,0.0
2025-04-14 00:00:00-04:00,132.07000732421875,136.7899932861328,120.58999633789062,122.31999969482422,0,0.0,0.0
2025-04-15 00:00:00-04:00,121.58999633789062,122.91000366210938,114.88999938964844,115.88999938964844,0,0.0,0.0
2025-04-16 00:00:00-04:00,122.95999908447266,127.58999633789062,114.4800033569336,122.91000366210938,0,0.0,0.0
2025-04-17 00:00:00-04:00,120.5999984741211,122.30000305175781,116.0999984741211,116.26000213623047,0,0.0,0.0
2025-04-21 00:00:00-04:00,122.73999786376953,129.22000122070312,122.73999786376953,124.11000061035156,0,0.0,0.0
2025-04-22 00:00:00-04:00,119.58999633789062,119.58999633789062,112.62999725341797,112.95999908447266,0,0.0,0.0
2025-04-23 00:00:00-04:00,106.79000091552734,111.48999786376953,103.87999725341797,109.0199966430664,0,0.0,0.0
2025-04-24 00:00:00-04:00,108.19000244140625,108.23999786376953,102.58000183105469,102.9800033569336,0,0.0,0.0
2025-04-25 00:00:00-04:00,104.62999725341797,107.3499984741211,98.94999694824219,98.94999694824219,0,0.0,0.0
2025-04-28 00:00:00-04:00,99.58000183105469,107.80999755859375,99.44000244140625,103.38999938964844,0,0.0,0.0
2025-04-29 00:00:00-04:00,104.2300033569336,113.12999725341797,101.0999984741211,101.30999755859375,0,0.0,0.0
2025-04-30 00:00:00-04:00,107.0199966430664,113.01000213623047,101.3499984741211,102.29000091552734,0,0.0,0.0
2025-05-01 00:00:00-04:00,99.62000274658203,122.22000122070312,98.80999755859375,102.30999755859375,0,0.0,0.0
2025-05-02 00:00:00-04:00,99.11000061035156,99.7699966430664,96.7699966430664,97.26000213623047,0,0.0,0.0
2025-05-05 00:00:00-04:00,102.5,104.76000213623047,99.30999755859375,101.16999816894531,0,0.0,0.0
2025-05-06 00:00:00-04:00,104.91000366210938,106.0999984741211,101.8499984741211,104.31999969482422,0,0.0,0.0
2025-05-07 00:00:00-04:00,103.44000244140625,134.91000366210938,99.44999694824219,99.81999969482422,0,0.0,0.0
2025-05-08 00:00:00-04:00,97.61000061035156,99.83999633789062,95.01000213623047,96.29000091552734,0,0.0,0.0
2025-05-09 00:00:00-04:00,95.68000030517578,98.29000091552734,95.55000305175781,96.3499984741211,0,0.0,0.0
2025-05-12 00:00:00-04:00,91.47000122070312,91.47000122070312,87.06999969482422,87.93000030517578,0,0.0,0.0
2025-05-13 00:00:00-04:00,85.69999694824219,91.58999633789062,85.16000366210938,91.58999633789062,0,0.0,0.0
2025-05-14 00:00:00-04:00,93.33999633789062,97.69000244140625,93.30000305175781,97.16000366210938,0,0.0,0.0
2025-05-15 00:00:00-04:00,98.2699966430664,99.0199966430664,94.08000183105469,94.11000061035156,0,0.0,0.0
2025-05-16 00:00:00-04:00,93.56999969482422,98.36000061035156,93.44000244140625,94.94000244140625,0,0.0,0.0
2025-05-19 00:00:00-04:00,101.79000091552734,101.88999938964844,96.77999877929688,96.88999938964844,0,0.0,0.0
2025-05-20 00:00:00-04:00,96.19000244140625,99.25,96.02999877929688,96.62000274658203,0,0.0,0.0
2025-05-21 00:00:00-04:00,99.61000061035156,107.12999725341797,96.87000274658203,106.30000305175781,0,0.0,0.0
2025-05-22 00:00:00-04:00,106.45999908447266,106.94000244140625,103.2300033569336,104.0999984741211,0,0.0,0.0
2025-05-23 00:00:00-04:00,112.37999725341797,112.37999725341797,106.13999938964844,109.76000213623047,0,0.0,0.0
2025-05-27 00:00:00-04:00,104.05000305175781,104.98999786376953,95.94000244140625,96.48999786376953,0,0.0,0.0
2025-05-28 00:00:00-04:00,97.37999725341797,97.97000122070312,96.04000091552734,97.1500015258789,0,0.0,0.0
2025-05-29 00:00:00-04:00,95.55999755859375,97.93000030517578,94.66999816894531,95.31999969482422,0,0.0,0.0
2025-05-30 00:00:00-04:00,96.83000183105469,100.45999908447266,94.88999938964844,95.1500015258789,0,0.0,0.0
2025-06-02 00:00:00-04:00,98.91000366210938,99.31999969482422,91.83000183105469,91.83999633789062,0,0.0,0.0
2025-06-03 00:00:00-04:00,91.58000183105469,94.37999725341797,90.05999755859375,90.88999938964844,0,0.0,0.0
2025-06-04 00:00:00-04:00,91.16000366210938,94.55999755859375,90.41999816894531,90.79000091552734,0,0.0,0.0
2025-06-05 00:00:00-04:00,90.26000213623047,94.52999877929688,88.91999816894531,93.19999694824219,0,0.0,0.0
2025-06-06 00:00:00-04:00,91.19999694824219,91.19999694824219,88.31999969482422,89.44999694824219,0,0.0,0.0
2025-06-09 00:00:00-04:00,91.58000183105469,91.83999633789062,88.58999633789062,88.97000122070312,0,0.0,0.0
2025-06-10 00:00:00-04:00,88.8499984741211,92.12999725341797,88.83999633789062,92.05999755859375,0,0.0,0.0
2025-06-11 00:00:00-04:00,92.83000183105469,100.66999816894531,88.33999633789062,99.0199966430664,0,0.0,0.0
2025-06-12 00:00:00-04:00,101.37000274658203,108.91999816894531,99.08999633789062,103.04000091552734,0,0.0,0.0
2025-06-13 00:00:00-04:00,110.69999694824219,116.05999755859375,105.93000030517578,113.37000274658203,0,0.0,0.0
2025-06-16 00:00:00-04:00,107.33999633789062,107.9000015258789,102.58999633789062,106.19000244140625,0,0.0,0.0
2025-06-17 00:00:00-04:00,109.11000061035156,116.69000244140625,107.76000213623047,115.5,0,0.0,0.0
2025-06-18 00:00:00-04:00,114.98999786376953,116.05000305175781,106.01000213623047,106.19999694824219,0,0.0,0.0
2025-06-20 00:00:00-04:00,104.87000274658203,112.37999725341797,104.38999938964844,108.86000061035156,0,0.0,0.0
2025-06-23 00:00:00-04:00,111.2300033569336,111.8499984741211,104.31999969482422,104.31999969482422,0,0.0,0.0
2025-06-24 00:00:00-04:00,98.12000274658203,98.30999755859375,92.02999877929688,92.29000091552734,0,0.0,0.0
2025-06-25 00:00:00-04:00,91.30000305175781,93.19000244140625,89.12999725341797,89.6500015258789,0,0.0,0.0
2025-06-26 00:00:00-04:00,89.29000091552734,90.05000305175781,87.86000061035156,89.5999984741211,0,0.0,0.0
2025-06-27 00:00:00-04:00,88.05000305175781,93.86000061035156,87.83999633789062,91.83999633789062,0,0.0,0.0
2025-06-30 00:00:00-04:00,91.4800033569336,92.95999908447266,89.26000213623047,89.73999786376953,0,0.0,0.0
2025-07-01 00:00:00-04:00,90.43000030517578,90.5,87.9800033569336,89.54000091552734,0,0.0,0.0
2025-07-02 00:00:00-04:00,90.0199966430664,90.18000030517578,88.48999786376953,89.80000305175781,0,0.0,0.0
2025-07-03 00:00:00-04:00,88.2300033569336,91.04000091552734,87.8499984741211,90.5999984741211,0,0.0,0.0
2025-07-07 00:00:00-04:00,95.38999938964844,99.04000091552734,94.72000122070312,96.30000305175781,0,0.0,0.0
2025-07-08 00:00:00-04:00,93.7300033569336,93.83000183105469,91.0,91.30999755859375,0,0.0,0.0
2025-07-09 00:00:00-04:00,93.91999816894531,96.73999786376953,91.69999694824219,91.76000213623047,0,0.0,0.0
2025-07-10 00:00:00-04:00,90.61000061035156,92.55000305175781,90.19000244140625,90.94000244140625,0,0.0,0.0
2025-07-11 00:00:00-04:00,93.62000274658203,95.12000274658203,92.0199966430664,93.52999877929688,0,0.0,0.0
2025-07-14 00:00:00-04:00,96.29000091552734,96.29000091552734,94.30999755859375,95.75,0,0.0,0.0
2025-07-15 00:00:00-04:00,92.94000244140625,95.31999969482422,92.80999755859375,94.66000366210938,0,0.0,0.0
2025-07-16 00:00:00-04:00,94.4800033569336,103.29000091552734,92.6500015258789,95.55999755859375,0,0.0,0.0
2025-07-17 00:00:00-04:00,95.19000244140625,95.23999786376953,92.88999938964844,92.9000015258789,0,0.0,0.0
2025-07-18 00:00:00-04:00,92.37999725341797,95.11000061035156,91.94000244140625,93.1500015258789,0,0.0,0.0
2025-07-21 00:00:00-04:00,94.30999755859375,94.31999969482422,90.72000122070312,92.26000213623047,0,0.0,0.0
2025-07-22 00:00:00-04:00,92.83000183105469,95.0,90.52999877929688,90.58000183105469,0,0.0,0.0
2025-07-23 00:00:00-04:00,89.05999755859375,89.91999816894531,86.9000015258789,88.04000091552734,0,0.0,0.0
2025-07-24 00:00:00-04:00,88.05000305175781,89.93000030517578,86.81999969482422,89.75,0,0.0,0.0
2025-07-25 00:00:00-04:00,90.18000030517578,90.73999786376953,88.8499984741211,90.58999633789062,0,0.0,0.0
2025-07-28 00:00:00-04:00,89.87000274658203,91.37000274658203,88.43000030517578,88.58999633789062,0,0.0,0.0
2025-07-29 00:00:00-04:00,87.76000213623047,96.05999755859375,87.76000213623047,95.13999938964844,0,0.0,0.0
2025-07-30 00:00:00-04:00,95.62999725341797,100.55000305175781,94.0999984741211,94.33000183105469,0,0.0,0.0
2025-07-31 00:00:00-04:00,93.77999877929688,98.6500015258789,92.27999877929688,98.37000274658203,0,0.0,0.0
2025-08-01 00:00:00-04:00,106.19000244140625,112.95999908447266,104.33000183105469,109.79000091552734,0,0.0,0.0
2025-08-04 00:00:00-04:00,105.80999755859375,105.98999786376953,95.76000213623047,95.8499984741211,0,0.0,0.0
2025-08-05 00:00:00-04:00,96.12000274658203,100.19999694824219,95.37000274658203,97.6500015258789,0,0.0,0.0
2025-08-06 00:00:00-04:00,96.83000183105469,97.80999755859375,95.33000183105469,97.80999755859375,0,0.0,0.0
2025-08-07 00:00:00-04:00,94.44000244140625,98.83999633789062,94.05999755859375,97.37000274658203,0,0.0,0.0
2025-08-08 00:00:00-04:00,96.75,96.75,93.13999938964844,93.13999938964844,0,0.0,0.0
2025-08-11 00:00:00-04:00,95.62999725341797,97.63999938964844,94.70999908447266,97.08999633789062,0,0.0,0.0
2025-08-12 00:00:00-04:00,94.83000183105469,94.86000061035156,92.0199966430664,92.86000061035156,0,0.0,0.0
2025-08-13 00:00:00-04:00,94.13999938964844,98.16999816894531,94.13999938964844,98.16999816894531,0,0.0,0.0
2025-08-14 00:00:00-04:00,100.12000274658203,100.16000366210938,96.45999908447266,98.04000091552734,0,0.0,0.0
2025-08-15 00:00:00-04:00,96.2300033569336,98.27999877929688,96.2300033569336,97.8499984741211,0,0.0,0.0
2025-08-18 00:00:00-04:00,98.83999633789062,99.12000274658203,96.62000274658203,96.62999725341797,0,0.0,0.0
2025-08-19 00:00:00-04:00,95.37999725341797,102.62000274658203,95.37999725341797,102.08999633789062,0,0.0,0.0
2025-08-20 00:00:00-04:00,103.05000305175781,106.6500015258789,98.44000244140625,98.5999984741211,0,0.0,0.0
2025-08-21 00:00:00-04:00,100.55999755859375,103.01000213623047,98.9000015258789,99.98999786376953,0,0.0,0.0
2025-08-22 00:00:00-04:00,99.45999908447266,128.75999450683594,87.62999725341797,89.77999877929688,0,0.0,0.0
2025-08-25 00:00:00-04:00,93.45999908447266,94.06999969482422,91.0,92.30000305175781,0,0.0,0.0
2025-08-26 00:00:00-04:00,94.22000122070312,94.22000122070312,91.56999969482422,91.6500015258789,0,0.0,0.0
2025-08-27 00:00:00-04:00,92.95999908447266,96.33000183105469,92.94000244140625,94.93000030517578,0,0.0,0.0
2025-08-28 00:00:00-04:00,92.43000030517578,93.9000015258789,91.56999969482422,92.02999877929688,0,0.0,0.0
2025-08-29 00:00:00-04:00,91.91000366210938,98.41999816894531,91.70999908447266,97.16999816894531,0,0.0,0.0
2025-09-02 00:00:00-04:00,107.80000305175781,110.01000213623047,103.52999877929688,103.87999725341797,0,0.0,0.0
2025-09-03 00:00:00-04:00,103.5199966430664,103.56999969482422,99.48999786376953,99.62000274658203,0,0.0,0.0
2025-09-04 00:00:00-04:00,99.37000274658203,99.41999816894531,93.51000213623047,95.27999877929688,0,0.0,0.0
2025-09-05 00:00:00-04:00,90.72000122070312,99.76000213623047,90.13999938964844,93.05999755859375,0,0.0,0.0
2025-09-08 00:00:00-04:00,93.55999755859375,93.80000305175781,92.13999938964844,92.29000091552734,0,0.0,0.0
2025-09-09 00:00:00-04:00,92.8499984741211,94.8499984741211,92.58000183105469,93.16000366210938,0,0.0,0.0
2025-09-10 00:00:00-04:00,99.01000213623047,101.69999694824219,98.55000305175781,100.52999877929688,0,0.0,0.0
2025-09-11 00:00:00-04:00,97.9000015258789,98.12000274658203,96.11000061035156,96.31999969482422,0,0.0,0.0
2025-09-12 00:00:00-04:00,95.55999755859375,99.56999969482422,94.86000061035156,96.77999877929688,0,0.0,0.0
2025-09-15 00:00:00-04:00,96.5999984741211,100.30000305175781,96.18000030517578,99.55000305175781,0,0.0,0.0
2025-09-16 00:00:00-04:00,99.66999816894531,104.55999755859375,99.62000274658203,104.0999984741211,0,0.0,0.0
2025-09-17 00:00:00-04:00,103.47000122070312,147.13999938964844,95.5,96.16999816894531,0,0.0,0.0
2025-09-18 00:00:00-04:00,94.29000091552734,98.02999877929688,92.16999816894531,97.27999877929688,0,0.0,0.0
2025-09-19 00:00:00-04:00,95.91999816894531,98.33000183105469,95.51000213623047,96.9000015258789,0,0.0,0.0
2025-09-22 00:00:00-04:00,99.8499984741211,99.87000274658203,98.1500015258789,99.75,0,0.0,0.0
2025-09-23 00:00:00-04:00,99.13999938964844,103.19999694824219,99.13999938964844,101.2300033569336,0,0.0,0.0
2025-09-24 00:00:00-04:00,100.4800033569336,103.7699966430664,99.9800033569336,99.98999786376953,0,0.0,0.0
2025-09-25 00:00:00-04:00,103.5,104.83000183105469,98.44999694824219,100.33999633789062,0,0.0,0.0
2025-09-26 00:00:00-04:00,99.22000122070312,100.38999938964844,93.29000091552734,93.4000015258789,0,0.0,0.0
2025-09-29 00:00:00-04:00,94.94999694824219,97.69000244140625,94.54000091552734,96.73999786376953,0,0.0,0.0
2025-09-30 00:00:00-04:00,97.58999633789062,98.29000091552734,94.77999877929688,95.88999938964844,0,0.0,0.0
2025-10-01 00:00:00-04:00,96.5999984741211,96.5999984741211,92.36000061035156,93.22000122070312,0,0.0,0.0
2025-10-02 00:00:00-04:00,92.41999816894531,94.31999969482422,91.95999908447266,94.0999984741211,0,0.0,0.0
2025-10-03 00:00:00-04:00,93.81999969482422,95.86000061035156,93.44999694824219,94.79000091552734,0,0.0,0.0
2025-10-06 00:00:00-04:00,96.91999816894531,98.48999786376953,95.3499984741211,95.37999725341797,0,0.0,0.0
2025-10-07 00:00:00-04:00,95.54000091552734,99.83000183105469,94.97000122070312,98.69999694824219,0,0.0,0.0
2025-10-08 00:00:00-04:00,98.52999877929688,99.48999786376953,96.22000122070312,96.22000122070312,0,0.0,0.0
2025-10-09 00:00:00-04:00,96.76000213623047,99.69999694824219,96.3499984741211,97.25,0,0.0,0.0
2025-10-10 00:00:00-04:00,97.91000366210938,118.3499984741211,96.54000091552734,116.25,0,0.0,0.0
2025-10-13 00:00:00-04:00,110.43000030517578,111.04000091552734,106.11000061035156,106.44999694824219,0,0.0,0.0
2025-10-14 00:00:00-04:00,114.08999633789062,118.22000122070312,109.2699966430664,113.19000244140625,0,0.0,0.0
2025-10-15 00:00:00-04:00,113.18000030517578,120.3499984741211,110.0,117.30000305175781,0,0.0,0.0
2025-10-16 00:00:00-04:00,115.95999908447266,134.75,115.58999633789062,134.25,0,0.0,0.0
2025-10-17 00:00:00-04:00,134.02000427246094,137.24000549316406,115.51000213623047,115.62999725341797,0,0.0,0.0
2025-10-20 00:00:00-04:00,113.77999877929688,113.77999877929688,103.18000030517578,103.18000030517578,0,0.0,0.0
2025-10-21 00:00:00-04:00,105.08000183105469,105.30999755859375,99.7699966430664,103.36000061035156,0,0.0,0.0
2025-10-22 00:00:00-04:00,104.94999694824219,111.41999816894531,102.16999816894531,104.87000274658203,0,0.0,0.0
2025-10-23 00:00:00-04:00,106.44999694824219,106.80000305175781,98.31999969482422,98.5999984741211,0,0.0,0.0
2025-10-24 00:00:00-04:00,95.2699966430664,98.43000030517578,94.73999786376953,98.02999877929688,0,0.0,0.0
2025-10-27 00:00:00-04:00,96.05999755859375,98.25,95.5999984741211,97.4000015258789,0,0.0,0.0
2025-10-28 00:00:00-04:00,96.62000274658203,102.56999969482422,96.62000274658203,101.51000213623047,0,0.0,0.0
2025-10-29 00:00:00-04:00,101.62000274658203,104.37000274658203,100.18000030517578,103.56999969482422,0,0.0,0.0
2025-10-30 00:00:00-04:00,102.0999984741211,104.70999908447266,99.55999755859375,102.83999633789062,0,0.0,0.0
2025-10-31 00:00:00-04:00,101.2300033569336,107.08000183105469,101.18000030517578,104.45999908447266,0,0.0,0.0
2025-11-03 00:00:00-05:00,104.87000274658203,108.0,101.16000366210938,101.43000030517578,0,0.0,0.0
2025-11-04 00:00:00-05:00,107.69999694824219,109.0999984741211,103.33999633789062,104.44000244140625,0,0.0,0.0
2025-11-05 00:00:00-05:00,104.58999633789062,104.62000274658203,98.80999755859375,100.7699966430664,0,0.0,0.0
2025-11-06 00:00:00-05:00,101.76000213623047,108.97000122070312,101.41999816894531,105.70999908447266,0,0.0,0.0
2025-11-07 00:00:00-05:00,111.19000244140625,114.58999633789062,103.5999984741211,103.5999984741211,0,0.0,0.0
2025-11-10 00:00:00-05:00,101.0,102.33000183105469,98.44000244140625,98.91000366210938,0,0.0,0.0
2025-11-11 00:00:00-05:00,99.26000213623047,99.63999938964844,98.25,99.5999984741211,0,0.0,0.0
2025-11-12 00:00:00-05:00,102.80999755859375,104.9000015258789,102.80999755859375,103.47000122070312,0,0.0,0.0
2025-11-13 00:00:00-05:00,104.25,115.22000122070312,104.18000030517578,111.25,0,0.0,0.0
2025-11-14 00:00:00-05:00,115.97000122070312,116.98999786376953,106.4800033569336,107.94999694824219,0,0.0,0.0
2025-11-17 00:00:00-05:00,110.83999633789062,118.83000183105469,107.58999633789062,117.86000061035156,0,0.0,0.0
2025-11-18 00:00:00-05:00,121.68000030517578,126.54000091552734,119.16000366210938,124.31999969482422,0,0.0,0.0
2025-11-19 00:00:00-05:00,123.22000122070312,125.61000061035156,118.30000305175781,119.56999969482422,0,0.0,0.0
2025-11-20 00:00:00-05:00,108.55999755859375,132.72000122070312,104.80000305175781,128.64999389648438,0,0.0,0.0
2025-11-21 00:00:00-05:00,125.44000244140625,132.60000610351562,117.05999755859375,118.33999633789062,0,0.0,0.0
2025-11-24 00:00:00-05:00,116.55000305175781,116.55000305175781,103.95999908447266,103.95999908447266,0,0.0,0.0
2025-11-25 00:00:00-05:00,104.19000244140625,108.41000366210938,96.8499984741211,96.8499984741211,0,0.0,0.0
2025-11-26 00:00:00-05:00,95.30999755859375,98.62999725341797,91.5999984741211,92.16999816894531,0,0.0,0.0
2025-11-28 00:00:00-05:00,93.62999725341797,93.69999694824219,90.26000213623047,90.33999633789062,0,0.0,0.0
2025-12-01 00:00:00-05:00,96.16000366210938,96.26000213623047,91.80000305175781,93.76000213623047,0,0.0,0.0
2025-12-02 00:00:00-05:00,93.1500015258789,94.02999877929688,91.55000305175781,91.70999908447266,0,0.0,0.0
2025-12-03 00:00:00-05:00,93.94000244140625,94.3499984741211,90.73999786376953,92.38999938964844,0,0.0,0.0
2025-12-04 00:00:00-05:00,91.5999984741211,93.94000244140625,91.2699966430664,91.27999877929688,0,0.0,0.0
2025-12-05 00:00:00-05:00,91.01000213623047,92.58999633789062,89.9000015258789,90.6500015258789,0,0.0,0.0
2025-12-08 00:00:00-05:00,92.81999969482422,97.88999938964844,92.81999969482422,97.3499984741211,0,0.0,0.0
2025-12-09 00:00:00-05:00,97.94000244140625,98.1500015258789,95.83999633789062,98.13999938964844,0,0.0,0.0
2025-12-10 00:00:00-05:00,103.5199966430664,105.69000244140625,97.94999694824219,99.11000061035156,0,0.0,0.0
2025-12-11 00:00:00-05:00,100.36000061035156,102.9800033569336,95.37000274658203,95.41000366210938,0,0.0,0.0
2025-12-12 00:00:00-05:00,95.83999633789062,105.9800033569336,94.62000274658203,97.33000183105469,0,0.0,0.0
2025-12-15 00:00:00-05:00,97.81999969482422,102.06999969482422,97.1500015258789,100.37000274658203,0,0.0,0.0
2025-12-16 00:00:00-05:00,101.0999984741211,102.98999786376953,98.1500015258789,98.36000061035156,0,0.0,0.0
2025-12-17 00:00:00-05:00,98.04000091552734,101.7699966430664,96.26000213623047,99.88999938964844,0,0.0,0.0
2025-12-18 00:00:00-05:00,96.58000183105469,98.2300033569336,92.45999908447266,92.61000061035156,0,0.0,0.0
2025-12-19 00:00:00-05:00,90.80999755859375,90.80999755859375,83.81999969482422,83.87000274658203,0,0.0,0.0
2025-12-22 00:00:00-05:00,84.05999755859375,84.54000091552734,81.72000122070312,81.97000122070312,0,0.0,0.0
2025-12-23 00:00:00-05:00,83.4000015258789,85.16999816894531,82.72000122070312,85.13999938964844,0,0.0,0.0
2025-12-24 00:00:00-05:00,84.69000244140625,85.58000183105469,84.37000274658203,85.23999786376953,0,0.0,0.0
2025-12-26 00:00:00-05:00,85.9800033569336,87.58999633789062,83.94000244140625,84.23999786376953,0,0.0,0.0
2025-12-29 00:00:00-05:00,87.94000244140625,88.69999694824219,85.58000183105469,85.87999725341797,0,0.0,0.0
2025-12-30 00:00:00-05:00,86.16000366210938,87.16000366210938,84.55999755859375,87.12999725341797,0,0.0,0.0
2025-12-31 00:00:00-05:00,87.3499984741211,93.25,87.3499984741211,92.66999816894531,0,0.0,0.0
2026-01-02 00:00:00-05:00,91.02999877929688,94.5,90.01000213623047,90.0999984741211,0,0.0,0.0
2026-01-05 00:00:00-05:00,92.75,93.94000244140625,90.4800033569336,90.51000213623047,0,0.0,0.0
2026-01-06 00:00:00-05:00,90.43000030517578,90.43000030517578,88.38999938964844,89.01000213623047,0,0.0,0.0
2026-01-07 00:00:00-05:00,89.80999755859375,92.11000061035156,89.7300033569336,91.86000061035156,0,0.0,0.0
2026-01-08 00:00:00-05:00,92.55000305175781,92.7300033569336,89.44999694824219,89.8499984741211,0,0.0,0.0
2026-01-09 00:00:00-05:00,90.27999877929688,91.08000183105469,86.69999694824219,88.19000244140625,0,0.0,0.0
2026-01-12 00:00:00-05:00,93.83000183105469,94.52999877929688,93.0199966430664,93.12999725341797,0,0.0,0.0
2026-01-13 00:00:00-05:00,93.81999969482422,102.05999755859375,93.41000366210938,101.06999969482422,0,0.0,0.0
2026-01-14 00:00:00-05:00,107.66000366210938,111.80000305175781,103.69000244140625,104.8499984741211,0,0.0,0.0
2026-01-15 00:00:00-05:00,99.3499984741211,101.44999694824219,97.93000030517578,100.9000015258789,0,0.0,0.0
2026-01-16 00:00:00-05:00,100.55999755859375,102.37999725341797,99.62999725341797,102.05000305175781,0,0.0,0.0
2026-01-20 00:00:00-05:00,118.2699966430664,120.20999908447266,110.27999877929688,117.05000305175781,0,0.0,0.0
2026-01-21 00:00:00-05:00,112.72000122070312,113.45999908447266,101.47000122070312,102.56999969482422,0,0.0,0.0
2026-01-22 00:00:00-05:00,100.0999984741211,101.95999908447266,95.93000030517578,96.12000274658203,0,0.0,0.0
2026-01-23 00:00:00-05:00,99.02999877929688,101.91000366210938,96.2300033569336,101.83000183105469,0,0.0,0.0
2026-01-26 00:00:00-05:00,102.62000274658203,102.62000274658203,99.01000213623047,99.75,0,0.0,0.0
2026-01-27 00:00:00-05:00,99.91000366210938,101.26000213623047,97.9800033569336,101.26000213623047,0,0.0,0.0
2026-01-28 00:00:00-05:00,101.48999786376953,107.83999633789062,99.0,100.45999908447266,0,0.0,0.0
2026-01-29 00:00:00-05:00,102.91999816894531,111.91999816894531,101.68000030517578,101.76000213623047,0,0.0,0.0
2026-01-30 00:00:00-05:00,103.19000244140625,109.75,101.45999908447266,108.18000030517578,0,0.0,0.0
2026-02-02 00:00:00-05:00,108.2300033569336,108.48999786376953,98.62000274658203,98.7699966430664,0,0.0,0.0
2026-02-03 00:00:00-05:00,99.05000305175781,113.72000122070312,98.81999969482422,103.81999969482422,0,0.0,0.0
2026-02-04 00:00:00-05:00,103.0199966430664,113.8499984741211,101.51000213623047,106.16000366210938,0,0.0,0.0
2026-02-05 00:00:00-05:00,113.97000122070312,119.5999984741211,109.0199966430664,117.06999969482422,0,0.0,0.0
2026-02-06 00:00:00-05:00,110.33999633789062,110.43000030517578,100.27999877929688,100.98999786376953,0,0.0,0.0
2026-02-09 00:00:00-05:00,104.87999725341797,104.91000366210938,98.23999786376953,98.5999984741211,0,0.0,0.0
2026-02-10 00:00:00-05:00,99.08000183105469,100.83999633789062,98.27999877929688,100.80999755859375,0,0.0,0.0
2026-02-11 00:00:00-05:00,101.52999877929688,105.77999877929688,100.58000183105469,102.1500015258789,0,0.0,0.0
2026-02-12 00:00:00-05:00,100.38999938964844,113.4800033569336,100.33999633789062,112.30000305175781,0,0.0,0.0
2026-02-13 00:00:00-05:00,113.45999908447266,117.45999908447266,107.19000244140625,115.5199966430664,0,0.0,0.0
2026-02-17 00:00:00-05:00,116.77999877929688,118.33000183105469,106.33999633789062,107.08999633789062,0,0.0,0.0
2026-02-18 00:00:00-05:00,108.66000366210938,110.83999633789062,104.38999938964844,108.69000244140625,0,0.0,0.0
2026-02-19 00:00:00-05:00,112.31999969482422,115.37999725341797,111.47000122070312,111.66999816894531,0,0.0,0.0
2026-02-20 00:00:00-05:00,114.38999938964844,114.44000244140625,108.26000213623047,108.70999908447266,0,0.0,0.0
2026-02-23 00:00:00-05:00,110.58000183105469,116.22000122070312,109.66999816894531,115.66000366210938,0,0.0,0.0
2026-02-24 00:00:00-05:00,115.69999694824219,116.55999755859375,108.61000061035156,108.61000061035156,0,0.0,0.0
2026-02-25 00:00:00-05:00,106.43000030517578,106.55999755859375,103.76000213623047,103.9800033569336,0,0.0,0.0
2026-02-26 00:00:00-05:00,103.87000274658203,111.68000030517578,103.55999755859375,104.1500015258789,0,0.0,0.0
2026-02-27 00:00:00-05:00,110.95999908447266,112.19999694824219,107.43000030517578,110.88999938964844,0,0.0,0.0
2026-03-02 00:00:00-05:00,118.76000213623047,118.76000213623047,109.91999816894531,113.44000244140625,0,0.0,0.0
2026-03-03 00:00:00-05:00,120.6500015258789,129.58999633789062,110.20999908447266,116.0199966430664,0,0.0,0.0
2026-03-04 00:00:00-05:00,114.0,115.2699966430664,105.55000305175781,106.94000244140625,0,0.0,0.0
2026-03-05 00:00:00-05:00,110.91999816894531,120.87999725341797,109.77999877929688,115.93000030517578,0,0.0,0.0
2026-03-06 00:00:00-05:00,127.81999969482422,140.99000549316406,120.0,140.44000244140625,0,0.0,0.0
2026-03-09 00:00:00-04:00,137.07000732421875,138.94000244140625,118.08000183105469,122.5999984741211,0,0.0,0.0
2026-03-10 00:00:00-04:00,120.80000305175781,126.16999816894531,115.7300033569336,125.36000061035156,0,0.0,0.0
2026-03-11 00:00:00-04:00,128.3699951171875,129.64999389648438,122.18000030517578,122.48999786376953,0,0.0,0.0
2026-03-12 00:00:00-04:00,129.19000244140625,131.17999267578125,125.01000213623047,130.17999267578125,0,0.0,0.0
2026-03-13 00:00:00-04:00,127.52999877929688,133.0,124.8499984741211,131.0500030517578,0,0.0,0.0
2026-03-16 00:00:00-04:00,125.41999816894531,125.80000305175781,116.70999908447266,116.77999877929688,0,0.0,0.0
2026-03-17 00:00:00-04:00,115.02999877929688,115.02999877929688,108.33000183105469,110.55000305175781,0,0.0,0.0
2026-03-18 00:00:00-04:00,114.81999969482422,126.55000305175781,113.95999908447266,126.5,0,0.0,0.0
2026-03-19 00:00:00-04:00,134.0,134.25999450683594,116.62999725341797,118.08999633789062,0,0.0,0.0
2026-03-20 00:00:00-04:00,119.0199966430664,131.92999267578125,118.87999725341797,126.27999877929688,0,0.0,0.0
2026-03-23 00:00:00-04:00,121.1500015258789,123.30000305175781,116.93000030517578,122.81999969482422,0,0.0,0.0
2026-03-24 00:00:00-04:00,125.58999633789062,126.70999908447266,122.33999633789062,124.13999938964844,0,0.0,0.0
2026-03-25 00:00:00-04:00,120.62999725341797,122.2300033569336,119.04000091552734,119.37000274658203,0,0.0,0.0
2026-03-26 00:00:00-04:00,121.62000274658203,127.26000213623047,119.93000030517578,124.43000030517578,0,0.0,0.0
2026-03-27 00:00:00-04:00,129.39999389648438,133.99000549316406,127.36000061035156,133.17999267578125,0,0.0,0.0
2026-03-30 00:00:00-04:00,130.38999938964844,132.0,127.68000030517578,127.83999633789062,0,0.0,0.0
2026-03-31 00:00:00-04:00,123.27999877929688,123.31999969482422,115.31999969482422,116.05000305175781,0,0.0,0.0
2026-04-01 00:00:00-04:00,116.0199966430664,117.69999694824219,112.86000061035156,114.83000183105469,0,0.0,0.0
2026-04-02 00:00:00-04:00,122.37999725341797,122.37999725341797,114.41999816894531,115.33000183105469,0,0.0,0.0
2026-04-06 00:00:00-04:00,117.16000366210938,117.18000030517578,113.22000122070312,113.52999877929688,0,0.0,0.0
2026-04-07 00:00:00-04:00,115.91999816894531,120.0,115.81999969482422,117.30000305175781,0,0.0,0.0
2026-04-08 00:00:00-04:00,111.73999786376953,117.68000030517578,108.68000030517578,111.06999969482422,0,0.0,0.0
2026-04-09 00:00:00-04:00,110.88999938964844,111.58999633789062,104.70999908447266,105.37000274658203,0,0.0,0.0
2026-04-10 00:00:00-04:00,105.3499984741211,110.19000244140625,95.95999908447266,107.30000305175781,0,0.0,0.0
2026-04-13 00:00:00-04:00,110.45999908447266,110.55000305175781,102.55999755859375,102.62999725341797,0,0.0,0.0
2026-04-14 00:00:00-04:00,100.12999725341797,100.72000122070312,94.95999908447266,95.4000015258789,0,0.0,0.0
2026-04-15 00:00:00-04:00,95.22000122070312,100.5,94.43000030517578,97.6500015258789,0,0.0,0.0
2026-04-16 00:00:00-04:00,97.62000274658203,100.75,95.87999725341797,96.80000305175781,0,0.0,0.0
2026-04-17 00:00:00-04:00,93.76000213623047,95.30999755859375,93.4000015258789,95.12999725341797,0,0.0,0.0
2026-04-20 00:00:00-04:00,98.19000244140625,100.25,98.12999725341797,98.1500015258789,0,0.0,0.0
2026-04-21 00:00:00-04:00,98.31999969482422,103.69000244140625,98.31999969482422,101.88999938964844,0,0.0,0.0
2026-04-22 00:00:00-04:00,99.41999816894531,101.75,98.47000122070312,98.7300033569336,0,0.0,0.0
2026-04-23 00:00:00-04:00,99.62999725341797,104.4000015258789,97.45999908447266,98.56999969482422,0,0.0,0.0
2026-04-24 00:00:00-04:00,97.79000091552734,98.12000274658203,95.4000015258789,97.18000030517578,0,0.0,0.0
2026-04-27 00:00:00-04:00,98.45999908447266,98.51000213623047,93.86000061035156,93.86000061035156,0,0.0,0.0
2026-04-28 00:00:00-04:00,96.08000183105469,96.08000183105469,90.8499984741211,91.02999877929688,0,0.0,0.0
2026-04-29 00:00:00-04:00,92.2699966430664,96.62999725341797,91.77999877929688,96.0199966430664,0,0.0,0.0
2026-04-30 00:00:00-04:00,94.38999938964844,96.1500015258789,93.58999633789062,93.69999694824219,0,0.0,0.0
2026-05-01 00:00:00-04:00,94.66000366210938,95.16999816894531,93.08999633789062,95.16999816894531,0,0.0,0.0
2026-05-04 00:00:00-04:00,97.16000366210938,100.43000030517578,95.13999938964844,98.29000091552734,0,0.0,0.0
2026-05-05 00:00:00-04:00,96.30000305175781,96.30000305175781,94.87000274658203,95.26000213623047,0,0.0,0.0
2026-05-06 00:00:00-04:00,92.62999725341797,93.8499984741211,91.94999694824219,93.69999694824219,0,0.0,0.0
2026-05-07 00:00:00-04:00,92.29000091552734,94.54000091552734,92.26000213623047,93.61000061035156,0,0.0,0.0
2026-05-08 00:00:00-04:00,94.0999984741211,97.25,93.79000091552734,96.77999877929688,0,0.0,0.0
2026-05-11 00:00:00-04:00,99.4000015258789,99.73999786376953,97.55999755859375,98.05999755859375,0,0.0,0.0
2026-05-12 00:00:00-04:00,102.58999633789062,103.23999786376953,98.41000366210938,98.55000305175781,0,0.0,0.0
2026-05-13 00:00:00-04:00,98.91000366210938,99.47000122070312,97.5999984741211,98.36000061035156,0,0.0,0.0
2026-05-14 00:00:00-04:00,97.22000122070312,98.30999755859375,92.94000244140625,94.26000213623047,0,0.0,0.0
2026-05-15 00:00:00-04:00,97.66000366210938,98.86000061035156,92.30999755859375,92.94000244140625,0,0.0,0.0
2026-05-18 00:00:00-04:00,93.29000091552734,94.31999969482422,90.54000091552734,91.18000030517578,0,0.0,0.0
2026-05-19 00:00:00-04:00,93.05999755859375,96.79000091552734,92.45999908447266,94.61000061035156,0,0.0,0.0
2026-05-20 00:00:00-04:00,93.55999755859375,97.52999877929688,93.2699966430664,96.44999694824219,0,0.0,0.0
2026-05-21 00:00:00-04:00,97.12000274658203,97.26000213623047,91.4800033569336,91.87999725341797,0,0.0,0.0
2026-05-22 00:00:00-04:00,92.20999908447266,92.83000183105469,90.05999755859375,91.16000366210938,0,0.0,0.0
2026-05-26 00:00:00-04:00,89.73999786376953,90.12000274658203,88.87000274658203,89.55000305175781,0,0.0,0.0
2026-05-27 00:00:00-04:00,89.62999725341797,90.51000213623047,87.52999877929688,87.52999877929688,0,0.0,0.0
2026-05-28 00:00:00-04:00,88.30999755859375,88.31999969482422,85.0199966430664,86.02999877929688,0,0.0,0.0
2026-05-29 00:00:00-04:00,85.27999877929688,86.79000091552734,84.9800033569336,86.05999755859375,0,0.0,0.0
2026-06-01 00:00:00-04:00,90.06999969482422,91.62999725341797,88.23999786376953,91.5999984741211,0,0.0,0.0
2026-06-02 00:00:00-04:00,90.06999969482422,91.73999786376953,90.05000305175781,90.52999877929688,0,0.0,0.0
2026-06-03 00:00:00-04:00,91.36000061035156,91.5999984741211,88.97000122070312,89.80000305175781,0,0.0,0.0
2026-06-04 00:00:00-04:00,91.44000244140625,91.5,85.38999938964844,85.75,0,0.0,0.0
2026-06-05 00:00:00-04:00,87.72000122070312,102.08999633789062,87.02999877929688,102.04000091552734,0,0.0,0.0
2026-06-08 00:00:00-04:00,96.75,99.31999969482422,92.31999969482422,92.4000015258789,0,0.0,0.0
2026-06-09 00:00:00-04:00,91.61000061035156,102.98999786376953,89.95999908447266,95.80999755859375,0,0.0,0.0
2026-06-10 00:00:00-04:00,103.80000305175781,109.22000122070312,101.88999938964844,108.16000366210938,0,0.0,0.0
2026-06-11 00:00:00-04:00,106.13999938964844,110.58000183105469,100.3499984741211,100.62999725341797,0,0.0,0.0
2026-06-12 00:00:00-04:00,98.12999725341797,99.9000015258789,93.79000091552734,93.81999969482422,0,0.0,0.0
2026-06-15 00:00:00-04:00,90.68000030517578,91.68000030517578,87.43000030517578,87.58000183105469,0,0.0,0.0
2026-06-16 00:00:00-04:00,88.33999633789062,91.4800033569336,85.83999633789062,87.69000244140625,0,0.0,0.0
2026-06-17 00:00:00-04:00,88.2699966430664,95.5199966430664,87.08999633789062,94.52999877929688,0,0.0,0.0
2026-06-18 00:00:00-04:00,90.25,91.04000091552734,87.91000366210938,88.43000030517578,0,0.0,0.0
2026-06-22 00:00:00-04:00,89.33999633789062,92.88999938964844,88.0999984741211,91.72000122070312,0,0.0,0.0
2026-06-23 00:00:00-04:00,101.41000366210938,101.6500015258789,98.38999938964844,99.5,0,0.0,0.0
2026-06-24 00:00:00-04:00,98.33000183105469,98.77999877929688,93.5,95.58000183105469,0,0.0,0.0
2026-06-25 00:00:00-04:00,92.33000183105469,96.41999816894531,91.02999877929688,91.19000244140625,0,0.0,0.0
2026-06-26 00:00:00-04:00,97.19999694824219,97.44000244140625,88.69000244140625,89.0199966430664,0,0.0,0.0
2026-06-29 00:00:00-04:00,90.69999694824219,91.63999938964844,87.9800033569336,88.70999908447266,0,0.0,0.0
2026-06-30 00:00:00-04:00,89.29000091552734,89.38999938964844,86.08999633789062,86.87000274658203,0,0.0,0.0
2026-07-01 00:00:00-04:00,88.43000030517578,89.87000274658203,87.36000061035156,89.04000091552734,0,0.0,0.0
2026-07-02 00:00:00-04:00,88.02999877929688,91.37000274658203,86.31999969482422,88.80000305175781,0,0.0,0.0
2026-07-06 00:00:00-04:00,91.55000305175781,91.70999908447266,87.08999633789062,87.08999633789062,0,0.0,0.0
2026-07-07 00:00:00-04:00,87.41000366210938,90.44999694824219,86.41999816894531,87.9000015258789,0,0.0,0.0
2026-07-08 00:00:00-04:00,91.83000183105469,96.01000213623047,90.54000091552734,91.37999725341797,0,0.0,0.0
2026-07-09 00:00:00-04:00,91.29000091552734,91.56999969482422,88.69999694824219,88.77999877929688,0,0.0,0.0
2026-07-10 00:00:00-04:00,87.87999725341797,91.0199966430664,85.83000183105469,87.27999877929688,0,0.0,0.0
2026-07-13 00:00:00-04:00,91.66999816894531,95.61000061035156,90.61000061035156,95.27999877929688,0,0.0,0.0
2026-07-14 00:00:00-04:00,94.5,94.7300033569336,92.51000213623047,93.52999877929688,0,0.0,0.0
2026-07-15 00:00:00-04:00,93.76000213623047,96.04000091552734,91.47000122070312,91.8499984741211,0,0.0,0.0
2026-07-16 00:00:00-04:00,92.58000183105469,98.56999969482422,92.58000183105469,97.30999755859375,0,0.0,0.0
2026-07-17 00:00:00-04:00,105.11000061035156,107.70999908447266,102.54000091552734,104.87000274658203,0,0.0,0.0
2026-07-20 00:00:00-04:00,99.91999816894531,103.30000305175781,98.75,102.81999969482422,0,0.0,0.0
2026-07-21 00:00:00-04:00,100.06999969482422,101.4000015258789,95.38999938964844,96.33999633789062,0,0.0,0.0
2026-07-22 00:00:00-04:00,96.94000244140625,98.5,95.55000305175781,95.55000305175781,0,0.0,0.0
2026-07-23 00:00:00-04:00,105.04000091552734,106.6500015258789,102.11000061035156,102.16999816894531,0,0.0,0.0
2026-07-24 00:00:00-04:00,101.48999786376953,104.16000366210938,96.72000122070312,100.7300033569336,0,0.0,0.0
2026-07-27 00:00:00-04:00,98.2300033569336,104.12999725341797,98.12999725341797,100.91000366210938,0,0.0,0.0
2026-07-28 00:00:00-04:00,100.51000213623047,102.29000091552734,97.30000305175781,98.51000213623047,0,0.0,0.0
2026-07-29 00:00:00-04:00,100.62000274658203,110.45999908447266,98.04000091552734,109.47000122070312,0,0.0,0.0
2026-07-30 00:00:00-04:00,102.61000061035156,102.9800033569336,94.47000122070312,94.66000366210938,0,0.0,0.0
2026-07-31 00:00:00-04:00,93.88999938964844,97.77999877929688,90.73999786376953,91.63999938964844,0,0.0,0.0
2026-08-03 00:00:00-04:00,91.97000122070312,92.87000274658203,89.80000305175781,90.80999755859375,0,0.0,0.0
2026-08-04 00:00:00-04:00,89.29000091552734,92.6500015258789,88.6500015258789,92.56999969482422,0,0.0,0.0
2026-08-05 00:00:00-04:00,93.83000183105469,94.5,88.9000015258789,90.43000030517578,0,0.0,0.0
2026-08-06 00:00:00-04:00,90.58000183105469,90.88999938964844,88.38999938964844,88.72000122070312,0,0.0,0.0
2026-08-07 00:00:00-04:00,89.16000366210938,90.9800033569336,89.16000366210938,90.41999816894531,0,0.0,0.0
2026-08-10 00:00:00-04:00,92.12999725341797,92.94999694824219,91.45999908447266,92.51000213623047,0,0.0,0.0
2026-08-11 00:00:00-04:00,93.44999694824219,93.83999633789062,90.9000015258789,90.9000015258789,0,0.0,0.0
2026-08-12 00:00:00-04:00,92.0199966430664,92.27999877929688,87.69000244140625,88.5,0,0.0,0.0
2026-08-13 00:00:00-04:00,88.06999969482422,90.52999877929688,87.95999908447266,89.41999816894531,0,0.0,0.0
2026-08-14 00:00:00-04:00,88.73999786376953,92.05000305175781,87.19999694824219,87.4800033569336,0,0.0,0.0
2026-08-17 00:00:00-04:00,90.70999908447266,95.80000305175781,90.44000244140625,94.80999755859375,0,0.0,0.0
